bldg_id,timestamp,electricity.total,electrictiy.heating,electricity.secondary_heating,electricity.cooling,natural_gas.total,natural_gas.heating
27853,2025-01-01T00:00:00.000000000,1.27,0.8,0.0,0.0,0.34875457350494443,0.0
27853,2025-01-01T01:00:00.000000000,1.28,0.7849999999999999,0.0,0.0,1.1019472238475556,0.0
27853,2025-01-01T02:00:00.000000000,1.096,0.8019999999999999,0.0,0.0,0.34875457350494443,0.0
27853,2025-01-01T03:00:00.000000000,1.7510000000000001,1.462,0.0,0.0,0.0,0.0
27853,2025-01-01T04:00:00.000000000,1.863,1.5710000000000002,0.0,0.0,0.0,0.0
27853,2025-01-01T05:00:00.000000000,1.8729999999999998,1.5730000000000002,0.0,0.0,0.3235504614701334,0.0
27853,2025-01-01T06:00:00.000000000,1.661,1.37,0.0,0.0,0.0,0.0
27853,2025-01-01T07:00:00.000000000,1.5539999999999998,1.268,0.0,0.0,0.3235504614701334,0.0
27853,2025-01-01T08:00:00.000000000,1.5170000000000001,1.232,0.0,0.0,0.1474147482966278,0.0
27853,2025-01-01T09:00:00.000000000,1.602,1.188,0.0,0.0,0.17613571317350554,0.0
27853,2025-01-01T10:00:00.000000000,1.901,0.972,0.0,0.0,0.3232573903999611,0.0
27853,2025-01-01T11:00:00.000000000,2.311,0.19,0.0,0.0,0.0,0.0
27853,2025-01-01T12:00:00.000000000,1.02,0.7310000000000001,0.0,0.0,0.3235504614701334,0.0
27853,2025-01-01T13:00:00.000000000,1.0339999999999998,0.748,0.0,0.0,0.8276327021663555,0.0
27853,2025-01-01T14:00:00.000000000,0.919,0.633,0.0,0.0,0.7883611787632778,0.0
27853,2025-01-01T15:00:00.000000000,1.049,0.504,0.0,0.0,3.898138304360728,0.0
27853,2025-01-01T16:00:00.000000000,0.8659999999999999,0.32,0.0,0.0,2.783589024495767,0.0
27853,2025-01-01T17:00:00.000000000,0.599,0.055,0.0,0.005,1.240862911109189,0.0
27853,2025-01-01T18:00:00.000000000,2.15,0.0,0.0,0.203,0.34875457350494443,0.0
27853,2025-01-01T19:00:00.000000000,0.8259999999999998,0.0,0.0,0.137,0.34875457350494443,0.0
27853,2025-01-01T20:00:00.000000000,0.7429999999999999,0.0,0.0,0.083,0.34875457350494443,0.0
27853,2025-01-01T21:00:00.000000000,0.748,0.015,0.0,0.018,0.3235504614701334,0.0
27853,2025-01-01T22:00:00.000000000,0.9550000000000001,0.239,0.0,0.0,0.0,0.0
27853,2025-01-01T23:00:00.000000000,1.0670000000000002,0.663,0.0,0.0,0.7019052130624723,0.0
27853,2025-01-02T00:00:00.000000000,1.9090000000000003,1.584,0.0,0.0,1.1057571477597945,0.0
27853,2025-01-02T01:00:00.000000000,1.78,1.4729999999999999,0.0,0.0,0.6723050349750779,0.0
27853,2025-01-02T02:00:00.000000000,1.84,1.546,0.0,0.0,0.0,0.0
27853,2025-01-02T03:00:00.000000000,2.068,1.777,0.0,0.0,0.3235504614701334,0.0
27853,2025-01-02T04:00:00.000000000,2.1710000000000003,1.882,0.0,0.0,0.0,0.0
27853,2025-01-02T05:00:00.000000000,2.495,2.1959999999999997,0.0,0.0,0.3235504614701334,0.0
27853,2025-01-02T06:00:00.000000000,2.391,2.1,0.0,0.0,0.0,0.0
27853,2025-01-02T07:00:00.000000000,2.3449999999999998,2.058,0.0,0.0,0.3232573903999611,0.0
27853,2025-01-02T08:00:00.000000000,2.4459999999999997,2.088,0.0,0.0,1.6306474344382444,0.0
27853,2025-01-02T09:00:00.000000000,2.365,1.9269999999999998,0.0,0.0,1.1930923266711166,0.0
27853,2025-01-02T10:00:00.000000000,2.144,1.6949999999999998,0.0,0.0,0.0,0.0
27853,2025-01-02T11:00:00.000000000,2.114,1.6380000000000001,0.0,0.0,1.565292585789839,0.0
27853,2025-01-02T12:00:00.000000000,1.9080000000000001,1.433,0.0,0.0,0.8349594789206611,0.0
27853,2025-01-02T13:00:00.000000000,1.634,1.224,0.0,0.0,0.34875457350494443,0.0
27853,2025-01-02T14:00:00.000000000,1.3900000000000001,0.8520000000000001,0.0,0.0,0.7224201879745278,0.0
27853,2025-01-02T15:00:00.000000000,0.975,0.56,0.0,0.0,0.0,0.0
27853,2025-01-02T16:00:00.000000000,1.048,0.7590000000000001,0.0,0.0,1.1766803467414721,0.0
27853,2025-01-02T17:00:00.000000000,0.963,0.675,0.0,0.0,0.3235504614701334,0.0
27853,2025-01-02T18:00:00.000000000,0.8009999999999999,0.513,0.0,0.0,0.7024913552028167,0.0
27853,2025-01-02T19:00:00.000000000,0.6910000000000001,0.401,0.0,0.0,0.3235504614701334,0.0
27853,2025-01-02T20:00:00.000000000,0.9790000000000001,0.494,0.0,0.0,0.0,0.0
27853,2025-01-02T21:00:00.000000000,1.42,0.706,0.0,0.0,0.3232573903999611,0.0
27853,2025-01-02T22:00:00.000000000,1.667,0.951,0.0,0.0,0.0,0.0
27853,2025-01-02T23:00:00.000000000,1.78,1.286,0.0,0.0,0.3235504614701334,0.0
27853,2025-01-03T00:00:00.000000000,2.602,2.277,0.0,0.0,0.34875457350494443,0.0
27853,2025-01-03T01:00:00.000000000,2.368,2.061,0.0,0.0,0.7016121419923,0.0
27853,2025-01-03T02:00:00.000000000,2.289,1.995,0.0,0.0,0.34875457350494443,0.0
27853,2025-01-03T03:00:00.000000000,2.3890000000000002,2.0970000000000004,0.0,0.0,0.3235504614701334,0.0
27853,2025-01-03T04:00:00.000000000,2.4530000000000003,2.1630000000000003,0.0,0.0,0.0,0.0
27853,2025-01-03T05:00:00.000000000,2.8249999999999997,2.5250000000000004,0.0,0.0,0.3232573903999611,0.0
27853,2025-01-03T06:00:00.000000000,2.799,2.508,0.0,0.0,0.0,0.0
27853,2025-01-03T07:00:00.000000000,2.779,2.493,0.0,0.0,0.3235504614701334,0.0
27853,2025-01-03T08:00:00.000000000,2.6940000000000004,2.407,0.0,0.0,0.0,0.0
27853,2025-01-03T09:00:00.000000000,2.959,2.545,0.0,0.0,2.24463132644905,0.0
27853,2025-01-03T10:00:00.000000000,3.0470000000000006,2.54,0.0,0.0,1.5987026877894723,0.0
27853,2025-01-03T11:00:00.000000000,2.879,2.531,0.0,0.0,0.0,0.0
27853,2025-01-03T12:00:00.000000000,2.553,2.263,0.0,0.0,0.3232573903999611,0.0
27853,2025-01-03T13:00:00.000000000,1.92,1.631,0.0,0.0,0.7021982841326444,0.0
27853,2025-01-03T14:00:00.000000000,1.2879999999999998,1.0010000000000001,0.0,0.0,3.3500954031386723,0.0
27853,2025-01-03T15:00:00.000000000,0.5449999999999999,0.257,0.0,0.0,0.0,0.0
27853,2025-01-03T16:00:00.000000000,0.33899999999999997,0.0,0.0,0.051000000000000004,0.3235504614701334,0.0
27853,2025-01-03T17:00:00.000000000,0.438,0.0,0.0,0.15000000000000002,0.0,0.0
27853,2025-01-03T18:00:00.000000000,0.488,0.0,0.0,0.2,0.32355046147013333,0.0
27853,2025-01-03T19:00:00.000000000,0.43999999999999995,0.0,0.0,0.15,0.0,0.0
27853,2025-01-03T20:00:00.000000000,0.342,0.0,0.0,0.046000000000000006,0.3232573903999611,0.0
27853,2025-01-03T21:00:00.000000000,0.76,0.139,0.0,0.0,0.0,0.0
27853,2025-01-03T22:00:00.000000000,1.208,0.492,0.0,0.0,0.3235504614701334,0.0
27853,2025-01-03T23:00:00.000000000,1.534,0.859,0.0,0.0,0.0,0.0
27853,2025-01-04T00:00:00.000000000,2.4250000000000003,1.8559999999999999,0.0,0.0,0.3235504614701334,0.0
27853,2025-01-04T01:00:00.000000000,2.16,1.853,0.0,0.0,0.7411767364655499,0.0
27853,2025-01-04T02:00:00.000000000,2.208,1.913,0.0,0.0,0.0,0.0
27853,2025-01-04T03:00:00.000000000,2.432,2.1420000000000003,0.0,0.0,0.6720119639049056,0.0
27853,2025-01-04T04:00:00.000000000,2.57,2.281,0.0,0.0,0.32355046147013333,0.0
27853,2025-01-04T05:00:00.000000000,2.966,2.666,0.0,0.0,0.0,0.0
27853,2025-01-04T06:00:00.000000000,2.843,2.552,0.0,0.0,0.3232573903999611,0.0
27853,2025-01-04T07:00:00.000000000,2.816,2.532,0.0,0.0,0.0,0.0
27853,2025-01-04T08:00:00.000000000,2.9,2.615,0.0,0.0,0.3235504614701334,0.0
27853,2025-01-04T09:00:00.000000000,3.064,2.649,0.0,0.0,0.7599332849565722,0.0
27853,2025-01-04T10:00:00.000000000,3.023,2.692,0.0,0.0,0.0,0.0
27853,2025-01-04T11:00:00.000000000,2.923,2.633,0.0,0.0,0.3232573903999611,0.0
27853,2025-01-04T12:00:00.000000000,2.5180000000000002,2.228,0.0,0.0,0.0,0.0
27853,2025-01-04T13:00:00.000000000,1.887,1.5999999999999999,0.0,0.0,1.6628852521571889,0.0
27853,2025-01-04T14:00:00.000000000,1.032,0.746,0.0,0.0,0.0,0.0
27853,2025-01-04T15:00:00.000000000,0.462,0.173,0.0,0.001,0.3232573903999611,0.0
27853,2025-01-04T16:00:00.000000000,0.357,0.0,0.0,0.069,0.0,0.0
27853,2025-01-04T17:00:00.000000000,0.421,0.0,0.0,0.132,0.3235504614701334,0.0
27853,2025-01-04T18:00:00.000000000,0.437,0.0,0.0,0.151,0.0,0.0
27853,2025-01-04T19:00:00.000000000,0.40900000000000003,0.0,0.0,0.118,0.3235504614701334,0.0
27853,2025-01-04T20:00:00.000000000,2.157,0.0,0.0,0.184,0.0,0.0
27853,2025-01-04T21:00:00.000000000,0.9059999999999999,0.069,0.0,0.025,2.3076416065360776,0.0
27853,2025-01-04T22:00:00.000000000,1.097,0.383,0.0,0.0,0.7986186662193056,0.0
27853,2025-01-04T23:00:00.000000000,1.4300000000000002,0.754,0.0,0.0,0.0,0.0
27853,2025-01-05T00:00:00.000000000,2.378,1.733,0.0,0.0,1.9040827429089278,0.0
27853,2025-01-05T01:00:00.000000000,2.125,1.56,0.0,0.0,1.261964028161589,0.0
27853,2025-01-05T02:00:00.000000000,1.967,1.5030000000000001,0.0,0.0,0.34875457350494443,0.0
27853,2025-01-05T03:00:00.000000000,2.07,1.715,0.0,0.0,0.7019052130624723,0.0
27853,2025-01-05T04:00:00.000000000,2.1610000000000005,1.871,0.0,0.0,0.32355046147013333,0.0
27853,2025-01-05T05:00:00.000000000,2.5570000000000004,2.259,0.0,0.0,0.0,0.0
27853,2025-01-05T06:00:00.000000000,2.5,2.208,0.0,0.0,0.3232573903999611,0.0
27853,2025-01-05T07:00:00.000000000,2.439,2.154,0.0,0.0,0.0,0.0
27853,2025-01-05T08:00:00.000000000,2.489,2.18,0.0,0.0,0.715972624430739,0.0
27853,2025-01-05T09:00:00.000000000,2.648,2.21,0.0,0.0,0.8417001135346222,0.0
27853,2025-01-05T10:00:00.000000000,2.92,2.413,0.0,0.0,2.939502833827389,0.0
27853,2025-01-05T11:00:00.000000000,2.81,2.276,0.0,0.0,1.03659237519915,0.0
27853,2025-01-05T12:00:00.000000000,2.373,1.961,0.0,0.0,0.34875457350494443,0.0
27853,2025-01-05T13:00:00.000000000,1.665,1.3769999999999998,0.0,0.0,0.6720119639049056,0.0
27853,2025-01-05T14:00:00.000000000,0.898,0.612,0.0,0.0,0.0,0.0
27853,2025-01-05T15:00:00.000000000,0.927,0.10900000000000001,0.0,0.044,0.3232573903999611,0.0
27853,2025-01-05T16:00:00.000000000,0.7570000000000001,0.0,0.0,0.14700000000000002,0.0,0.0
27853,2025-01-05T17:00:00.000000000,0.7849999999999999,0.0,0.0,0.244,0.3235504614701334,0.0
27853,2025-01-05T18:00:00.000000000,0.8140000000000001,0.0,0.0,0.26,0.0,0.0
27853,2025-01-05T19:00:00.000000000,0.51,0.0,0.0,0.153,0.3235504614701334,0.0
27853,2025-01-05T20:00:00.000000000,0.645,0.0,0.0,0.064,1.40586192361615,0.0
27853,2025-01-05T21:00:00.000000000,0.711,0.1,0.0,0.003,0.7021982841326444,0.0
27853,2025-01-05T22:00:00.000000000,1.4609999999999999,0.244,0.0,0.015,0.7274023961674556,0.0
27853,2025-01-05T23:00:00.000000000,1.2389999999999999,0.5630000000000001,0.0,0.0,0.3235504614701334,0.0
27853,2025-01-06T00:00:00.000000000,2.028,1.458,0.0,0.0,1.5726193625441445,0.0
27853,2025-01-06T01:00:00.000000000,1.6680000000000001,1.3599999999999999,0.0,0.0,0.0,0.0
27853,2025-01-06T02:00:00.000000000,1.6569999999999998,1.3610000000000002,0.0,0.0,0.34875457350494443,0.0
27853,2025-01-06T03:00:00.000000000,1.7630000000000001,1.472,0.0,0.0,0.3235504614701334,0.0
27853,2025-01-06T04:00:00.000000000,1.839,1.5490000000000002,0.0,0.0,0.0,0.0
27853,2025-01-06T05:00:00.000000000,2.0610000000000004,1.7630000000000001,0.0,0.0,0.3232573903999611,0.0
27853,2025-01-06T06:00:00.000000000,1.883,1.592,0.0,0.0,0.0,0.0
27853,2025-01-06T07:00:00.000000000,1.786,1.5,0.0,0.0,0.3235504614701334,0.0
27853,2025-01-06T08:00:00.000000000,1.765,1.48,0.0,0.0,0.0,0.0
27853,2025-01-06T09:00:00.000000000,1.7530000000000001,1.466,0.0,0.0,0.3235504614701334,0.0
27853,2025-01-06T10:00:00.000000000,1.778,1.4900000000000002,0.0,0.0,0.3232573903999611,0.0
27853,2025-01-06T11:00:00.000000000,1.7489999999999999,1.46,0.0,0.0,0.0,0.0
27853,2025-01-06T12:00:00.000000000,1.591,1.301,0.0,0.0,0.3235504614701334,0.0
27853,2025-01-06T13:00:00.000000000,1.287,0.999,0.0,0.0,0.0,0.0
27853,2025-01-06T14:00:00.000000000,1.163,0.6880000000000001,0.0,0.0,0.3235504614701334,0.0
27853,2025-01-06T15:00:00.000000000,1.037,0.492,0.0,0.0,0.0,0.0
27853,2025-01-06T16:00:00.000000000,0.8440000000000001,0.299,0.0,0.0,0.3232573903999611,0.0
27853,2025-01-06T17:00:00.000000000,0.605,0.063,0.0,0.001,0.0,0.0
27853,2025-01-06T18:00:00.000000000,0.588,0.012,0.0,0.018000000000000002,1.0972580867248,0.0
27853,2025-01-06T19:00:00.000000000,0.577,0.038,0.0,0.026,0.3792339648028556,0.0
27853,2025-01-06T20:00:00.000000000,2.126,0.039,0.0,0.11300000000000002,1.0465567915850056,0.0
27853,2025-01-06T21:00:00.000000000,0.872,0.05,0.0,0.01,0.3232573903999611,0.0
27853,2025-01-06T22:00:00.000000000,0.924,0.314,0.0,0.0,0.34875457350494443,0.0
27853,2025-01-06T23:00:00.000000000,1.093,0.418,0.0,0.0,0.0,0.0
27853,2025-01-07T00:00:00.000000000,1.675,1.031,0.0,0.0,0.3232573903999611,0.0
27853,2025-01-07T01:00:00.000000000,1.5779999999999998,1.0150000000000001,0.0,0.0,2.0512044201353836,0.0
27853,2025-01-07T02:00:00.000000000,1.439,1.145,0.0,0.0,0.9290352924459444,0.0
27853,2025-01-07T03:00:00.000000000,1.442,1.1529999999999998,0.0,0.0,0.3232573903999611,0.0
27853,2025-01-07T04:00:00.000000000,1.475,1.186,0.0,0.0,0.34875457350494443,0.0
27853,2025-01-07T05:00:00.000000000,1.707,1.408,0.0,0.0,0.3235504614701334,0.0
27853,2025-01-07T06:00:00.000000000,1.572,1.283,0.0,0.0,0.0,0.0
27853,2025-01-07T07:00:00.000000000,1.445,1.1589999999999998,0.0,0.0,0.3232573903999611,0.0
27853,2025-01-07T08:00:00.000000000,1.404,1.118,0.0,0.0,0.0,0.0
27853,2025-01-07T09:00:00.000000000,1.413,1.125,0.0,0.0,0.3235504614701334,0.0
27853,2025-01-07T10:00:00.000000000,1.411,1.1219999999999999,0.0,0.0,0.0,0.0
27853,2025-01-07T11:00:00.000000000,1.381,1.0910000000000002,0.0,0.0,0.3235504614701334,0.0
27853,2025-01-07T12:00:00.000000000,2.251,0.383,0.0,0.0,0.0,0.0
27853,2025-01-07T13:00:00.000000000,2.526,0.0,0.0,0.049,0.3232573903999611,0.0
27853,2025-01-07T14:00:00.000000000,0.875,0.176,0.0,0.0,0.0,0.0
27853,2025-01-07T15:00:00.000000000,0.589,0.037,0.0,0.008,0.3235504614701334,0.0
27853,2025-01-07T16:00:00.000000000,0.587,0.0,0.0,0.039,0.34904764457511667,0.0
27853,2025-01-07T17:00:00.000000000,0.619,0.023,0.0,0.055,2.297091048009878,0.0
27853,2025-01-07T18:00:00.000000000,0.4109999999999999,0.0,0.0,0.061,1.3249743082486167,0.0
27853,2025-01-07T19:00:00.000000000,0.504,0.0,0.0,0.06,1.0811391778653279,0.0
27853,2025-01-07T20:00:00.000000000,0.364,0.055,0.0,0.012,0.7581748585355389,0.0
27853,2025-01-07T21:00:00.000000000,0.498,0.198,0.0,0.0,0.3235504614701334,0.0
27853,2025-01-07T22:00:00.000000000,0.6910000000000001,0.39099999999999996,0.0,0.0,0.09817880850769445,0.0
27853,2025-01-07T23:00:00.000000000,0.869,0.5680000000000001,0.0,0.0,0.5738331553972111,0.0
27853,2025-01-08T00:00:00.000000000,1.502,0.858,0.0,0.0,0.0,0.0
27853,2025-01-08T01:00:00.000000000,1.2229999999999999,0.659,0.0,0.0,0.3235504614701334,0.0
27853,2025-01-08T02:00:00.000000000,1.0790000000000002,0.615,0.0,0.0,0.0,0.0
27853,2025-01-08T03:00:00.000000000,1.089,0.679,0.0,0.0,0.3232573903999611,0.0
27853,2025-01-08T04:00:00.000000000,1.086,0.7070000000000001,0.0,0.0,0.0,0.0
27853,2025-01-08T05:00:00.000000000,1.249,0.875,0.0,0.0,0.3235504614701334,0.0
27853,2025-01-08T06:00:00.000000000,1.129,0.8210000000000002,0.0,0.0,0.34904764457511667,0.0
27853,2025-01-08T07:00:00.000000000,1.08,0.7769999999999999,0.0,0.0,0.3235504614701334,0.0
27853,2025-01-08T08:00:00.000000000,1.1949999999999998,0.862,0.0,0.0,0.9448611302352445,0.0
27853,2025-01-08T09:00:00.000000000,1.3319999999999999,0.8940000000000001,0.0,0.0,2.8161199132848838,0.0
27853,2025-01-08T10:00:00.000000000,1.194,0.863,0.0,0.0,0.21335573908537778,0.0
27853,2025-01-08T11:00:00.000000000,1.17,0.8799999999999999,0.0,0.0,0.7584679296057112,0.0
27853,2025-01-08T12:00:00.000000000,1.13,0.841,0.0,0.0,1.2083320223200724,0.0
27853,2025-01-08T13:00:00.000000000,0.927,0.639,0.0,0.0,1.1371157522682223,0.0
27853,2025-01-08T14:00:00.000000000,0.613,0.327,0.0,0.0,0.3232573903999611,0.0
27853,2025-01-08T15:00:00.000000000,0.38100000000000006,0.09400000000000001,0.0,0.0,0.0,0.0
27853,2025-01-08T16:00:00.000000000,0.31,0.0,0.0,0.022,0.3235504614701334,0.0
27853,2025-01-08T17:00:00.000000000,0.39699999999999996,0.0,0.0,0.10900000000000001,0.0,0.0
27853,2025-01-08T18:00:00.000000000,0.533,0.0,0.0,0.245,0.3235504614701334,0.0
27853,2025-01-08T19:00:00.000000000,0.824,0.0,0.0,0.302,0.3232573903999611,0.0
27853,2025-01-08T20:00:00.000000000,0.903,0.0,0.0,0.246,0.0,0.0
27853,2025-01-08T21:00:00.000000000,0.843,0.0,0.0,0.128,2.135315817274811,0.0
27853,2025-01-08T22:00:00.000000000,0.484,0.048,0.0,0.028,0.3235504614701334,0.0
27853,2025-01-08T23:00:00.000000000,0.702,0.4,0.0,0.0,1.6124770280875667,0.0
27853,2025-01-09T00:00:00.000000000,1.472,0.903,0.0,0.0,0.0,0.0
27853,2025-01-09T01:00:00.000000000,1.266,0.958,0.0,0.0,0.7024913552028167,0.0
27853,2025-01-09T02:00:00.000000000,1.248,0.953,0.0,0.0,0.3235504614701334,0.0
27853,2025-01-09T03:00:00.000000000,1.354,1.0630000000000002,0.0,0.0,0.0,0.0
27853,2025-01-09T04:00:00.000000000,1.4549999999999998,1.164,0.0,0.0,0.3235504614701334,0.0
27853,2025-01-09T05:00:00.000000000,1.712,1.4129999999999998,0.0,0.0,0.0,0.0
27853,2025-01-09T06:00:00.000000000,1.6099999999999999,1.319,0.0,0.0,0.3232573903999611,0.0
27853,2025-01-09T07:00:00.000000000,1.52,1.233,0.0,0.0,0.0,0.0
27853,2025-01-09T08:00:00.000000000,1.4649999999999999,1.178,0.0,0.0,0.3235504614701334,0.0
27853,2025-01-09T09:00:00.000000000,1.638,1.222,0.0,0.0,1.713293476226811,0.0
27853,2025-01-09T10:00:00.000000000,1.511,1.1219999999999999,0.0,0.0,0.3232573903999611,0.0
27853,2025-01-09T11:00:00.000000000,1.43,1.141,0.0,0.0,0.0,0.0
27853,2025-01-09T12:00:00.000000000,1.3470000000000002,1.056,0.0,0.0,0.3235504614701334,0.0
27853,2025-01-09T13:00:00.000000000,1.252,0.964,0.0,0.0,0.6978022180800612,0.0
27853,2025-01-09T14:00:00.000000000,1.11,0.8240000000000001,0.0,0.0,0.67259810604525,0.0
27853,2025-01-09T15:00:00.000000000,1.0990000000000002,0.8109999999999999,0.0,0.0,0.0,0.0
27853,2025-01-09T16:00:00.000000000,1.1070000000000002,0.819,0.0,0.0,0.3235504614701334,0.0
27853,2025-01-09T17:00:00.000000000,1.052,0.7630000000000001,0.0,0.0,0.0,0.0
27853,2025-01-09T18:00:00.000000000,0.893,0.606,0.0,0.0,0.32355046147013333,0.0
27853,2025-01-09T19:00:00.000000000,0.6940000000000001,0.403,0.0,0.0,0.0,0.0
27853,2025-01-09T20:00:00.000000000,0.673,0.378,0.0,0.0,0.3232573903999611,0.0
27853,2025-01-09T21:00:00.000000000,0.7430000000000001,0.443,0.0,0.0,0.0,0.0
27853,2025-01-09T22:00:00.000000000,0.9490000000000001,0.34,0.0,0.0,0.3235504614701334,0.0
27853,2025-01-09T23:00:00.000000000,1.004,0.32799999999999996,0.0,0.0,0.0,0.0
27853,2025-01-10T00:00:00.000000000,1.474,0.828,0.0,0.0,0.3235504614701334,0.0
27853,2025-01-10T01:00:00.000000000,1.135,0.7510000000000001,0.0,0.0,0.0,0.0
27853,2025-01-10T02:00:00.000000000,1.076,0.782,0.0,0.0,0.34904764457511667,0.0
27853,2025-01-10T03:00:00.000000000,1.1280000000000001,0.838,0.0,0.0,0.67259810604525,0.0
27853,2025-01-10T04:00:00.000000000,1.162,0.87,0.0,0.0,0.34904764457511667,0.0
27853,2025-01-10T05:00:00.000000000,1.3519999999999999,1.052,0.0,0.0,0.0,0.0
27853,2025-01-10T06:00:00.000000000,1.268,0.976,0.0,0.0,0.3232573903999611,0.0
27853,2025-01-10T07:00:00.000000000,1.232,0.946,0.0,0.0,0.0,0.0
27853,2025-01-10T08:00:00.000000000,1.3290000000000002,0.971,0.0,0.0,1.4041034971951167,0.0
27853,2025-01-10T09:00:00.000000000,1.3290000000000002,0.891,0.0,0.0,0.3235504614701334,0.0
27853,2025-01-10T10:00:00.000000000,1.646,0.7170000000000001,0.0,0.0,0.0,0.0
27853,2025-01-10T11:00:00.000000000,1.556,0.625,0.0,0.0,0.3235504614701334,0.0
27853,2025-01-10T12:00:00.000000000,1.133,0.8439999999999999,0.0,0.0,0.7282816093779723,0.0
27853,2025-01-10T13:00:00.000000000,0.8939999999999999,0.606,0.0,0.0,0.702784426272989,0.0
27853,2025-01-10T14:00:00.000000000,0.61,0.32399999999999995,0.0,0.0,1.28980577982795,0.0
27853,2025-01-10T15:00:00.000000000,0.541,0.026,0.0,0.032,0.0,0.0
27853,2025-01-10T16:00:00.000000000,1.314,0.0,0.0,0.128,1.0058199128310665,0.0
27853,2025-01-10T17:00:00.000000000,0.8440000000000001,0.0,0.0,0.14400000000000002,0.3622358427328667,0.0
27853,2025-01-10T18:00:00.000000000,0.45,0.0,0.0,0.162,0.3232573903999611,0.0
27853,2025-01-10T19:00:00.000000000,0.434,0.0,0.0,0.14400000000000002,1.1599752957416556,0.0
27853,2025-01-10T20:00:00.000000000,0.40800000000000003,0.0,0.0,0.11199999999999999,0.67259810604525,0.0
27853,2025-01-10T21:00:00.000000000,0.35800000000000004,0.0,0.0,0.057,0.0,0.0
27853,2025-01-10T22:00:00.000000000,0.346,0.043,0.0,0.003,0.3232573903999611,0.0
27853,2025-01-10T23:00:00.000000000,0.578,0.09599999999999999,0.0,0.0,0.0,0.0
27853,2025-01-11T00:00:00.000000000,0.9760000000000001,0.5609999999999999,0.0,0.0,0.3235504614701334,0.0
27853,2025-01-11T01:00:00.000000000,0.808,0.5,0.0,0.0,0.0,0.0
27853,2025-01-11T02:00:00.000000000,0.776,0.481,0.0,0.0,0.3235504614701334,0.0
27853,2025-01-11T03:00:00.000000000,0.851,0.558,0.0,0.0,0.0,0.0
27853,2025-01-11T04:00:00.000000000,0.919,0.631,0.0,0.0,0.3235504614701333,0.0
27853,2025-01-11T05:00:00.000000000,1.113,0.814,0.0,0.0,0.0,0.0
27853,2025-01-11T06:00:00.000000000,1.021,0.7290000000000001,0.0,0.0,0.3235504614701334,0.0
27853,2025-01-11T07:00:00.000000000,1.014,0.728,0.0,0.0,0.0,0.0
27853,2025-01-11T08:00:00.000000000,1.191,0.833,0.0,0.0,1.9225462203297776,0.0
27853,2025-01-11T09:00:00.000000000,1.2109999999999999,0.7729999999999999,0.0,0.0,0.7836720416405222,0.0
27853,2025-01-11T10:00:00.000000000,1.2,0.7509999999999999,0.0,0.0,0.11283236201630556,0.0
27853,2025-01-11T11:00:00.000000000,1.1669999999999998,0.878,0.0,0.0,0.3232573903999611,0.0
27853,2025-01-11T12:00:00.000000000,1.173,0.8839999999999999,0.0,0.0,0.8299772707277333,0.0
27853,2025-01-11T13:00:00.000000000,0.981,0.6940000000000001,0.0,0.0,0.8296841996575611,0.0
27853,2025-01-11T14:00:00.000000000,0.586,0.30000000000000004,0.0,0.0,0.34904764457511667,0.0
27853,2025-01-11T15:00:00.000000000,0.34299999999999997,0.016,0.0,0.037000000000000005,0.3232573903999611,0.0
27853,2025-01-11T16:00:00.000000000,0.45899999999999996,0.0,0.0,0.171,0.0,0.0
27853,2025-01-11T17:00:00.000000000,0.5850000000000001,0.0,0.0,0.29700000000000004,0.3235504614701334,0.0
27853,2025-01-11T18:00:00.000000000,0.6759999999999999,0.0,0.0,0.388,0.0,0.0
27853,2025-01-11T19:00:00.000000000,0.643,0.0,0.0,0.35300000000000004,1.1517693057768335,0.0
27853,2025-01-11T20:00:00.000000000,0.948,0.0,0.0,0.289,0.9436888459545556,0.0
27853,2025-01-11T21:00:00.000000000,0.901,0.0,0.0,0.18600000000000003,1.0401092280412167,0.0
27853,2025-01-11T22:00:00.000000000,0.8069999999999999,0.0,0.0,0.091,0.0,0.0
27853,2025-01-11T23:00:00.000000000,0.801,0.126,0.0,0.0,1.6283028658768668,0.0
27853,2025-01-12T00:00:00.000000000,1.496,0.851,0.0,0.0,1.9735405865397446,0.0
27853,2025-01-12T01:00:00.000000000,1.186,0.802,0.0,0.0,0.36077048738200557,0.0
27853,2025-01-12T02:00:00.000000000,1.176,0.88,0.0,0.0,0.3235504614701334,0.0
27853,2025-01-12T03:00:00.000000000,1.351,1.0590000000000002,0.0,0.0,0.3232573903999611,0.0
27853,2025-01-12T04:00:00.000000000,1.435,1.145,0.0,0.0,0.0,0.0
27853,2025-01-12T05:00:00.000000000,1.649,1.3489999999999998,0.0,0.0,0.3235504614701334,0.0
27853,2025-01-12T06:00:00.000000000,1.488,1.1959999999999997,0.0,0.0,0.0,0.0
27853,2025-01-12T07:00:00.000000000,1.387,1.1,0.0,0.0,0.3235504614701334,0.0
27853,2025-01-12T08:00:00.000000000,1.348,1.062,0.0,0.0,0.0,0.0
27853,2025-01-12T09:00:00.000000000,1.5379999999999998,1.124,0.0,0.0,2.499896228569056,0.0
27853,2025-01-12T10:00:00.000000000,1.499,0.992,0.0,0.0,0.8299772707277333,0.0
27853,2025-01-12T11:00:00.000000000,1.404,0.931,0.0,0.0,0.3232573903999611,0.0
27853,2025-01-12T12:00:00.000000000,1.2570000000000001,0.969,0.0,0.0,0.0,0.0
27853,2025-01-12T13:00:00.000000000,1.1470000000000002,0.859,0.0,0.0,1.0521251419182778,0.0
27853,2025-01-12T14:00:00.000000000,0.9969999999999999,0.7110000000000001,0.0,0.0,1.2056943826885222,0.0
27853,2025-01-12T15:00:00.000000000,0.7210000000000001,0.43299999999999994,0.0,0.0,0.34904764457511667,0.0
27853,2025-01-12T16:00:00.000000000,0.539,0.251,0.0,0.0,0.3235504614701334,0.0
27853,2025-01-12T17:00:00.000000000,0.46499999999999997,0.17700000000000002,0.0,0.0,0.0,0.0
27853,2025-01-12T18:00:00.000000000,0.425,0.138,0.0,0.0,0.3235504614701334,0.0
27853,2025-01-12T19:00:00.000000000,0.5710000000000001,0.029,0.0,0.020999999999999998,0.3232573903999611,0.0
27853,2025-01-12T20:00:00.000000000,0.6990000000000001,0.0,0.0,0.042,0.0,0.0
27853,2025-01-12T21:00:00.000000000,2.8200000000000003,0.0,0.0,0.225,0.3235504614701334,0.0
27853,2025-01-12T22:00:00.000000000,0.8900000000000001,0.0,0.0,0.045,0.0,0.0
27853,2025-01-12T23:00:00.000000000,0.828,0.151,0.0,0.001,2.2534234585542166,0.0
27853,2025-01-13T00:00:00.000000000,1.3039999999999998,0.658,0.0,0.0,1.1913339002500833,0.0
27853,2025-01-13T01:00:00.000000000,1.065,0.681,0.0,0.0,1.4855772547029944,0.0
27853,2025-01-13T02:00:00.000000000,0.984,0.6890000000000001,0.0,0.0,0.0,0.0
27853,2025-01-13T03:00:00.000000000,1.069,0.778,0.0,0.0,0.3232573903999611,0.0
27853,2025-01-13T04:00:00.000000000,1.0990000000000002,0.81,0.0,0.0,0.0,0.0
27853,2025-01-13T05:00:00.000000000,1.299,1.0,0.0,0.0,0.3235504614701334,0.0
27853,2025-01-13T06:00:00.000000000,1.214,0.9239999999999999,0.0,0.0,0.0,0.0
27853,2025-01-13T07:00:00.000000000,1.166,0.88,0.0,0.0,0.32355046147013333,0.0
27853,2025-01-13T08:00:00.000000000,1.188,0.902,0.0,0.0,0.0,0.0
27853,2025-01-13T09:00:00.000000000,1.204,0.916,0.0,0.0,0.3232573903999611,0.0
27853,2025-01-13T10:00:00.000000000,1.2269999999999999,0.9380000000000001,0.0,0.0,0.0,0.0
27853,2025-01-13T11:00:00.000000000,1.296,0.944,0.0,0.0,1.1705258542678556,0.0
27853,2025-01-13T12:00:00.000000000,1.87,0.323,0.0,0.005,0.0,0.0
27853,2025-01-13T13:00:00.000000000,0.965,0.43199999999999994,0.0,0.0,0.3235504614701334,0.0
27853,2025-01-13T14:00:00.000000000,0.7660000000000001,0.228,0.0,0.0,0.0,0.0
27853,2025-01-13T15:00:00.000000000,0.44199999999999995,0.09000000000000001,0.0,0.0,0.3232573903999611,0.0
27853,2025-01-13T16:00:00.000000000,0.379,0.011,0.0,0.015,0.0,0.0
27853,2025-01-13T17:00:00.000000000,0.631,0.0,0.0,0.09000000000000001,0.3232573903999611,0.0
27853,2025-01-13T18:00:00.000000000,0.683,0.0,0.0,0.128,1.2657739520738278,0.0
27853,2025-01-13T19:00:00.000000000,0.7529999999999999,0.0,0.0,0.163,0.32325739039996115,0.0
27853,2025-01-13T20:00:00.000000000,0.776,0.0,0.0,0.11800000000000001,0.34904764457511667,0.0
27853,2025-01-13T21:00:00.000000000,0.754,0.0,0.0,0.039999999999999994,0.7312123200796945,0.0
27853,2025-01-13T22:00:00.000000000,0.842,0.127,0.0,0.0,0.7282816093779723,0.0
27853,2025-01-13T23:00:00.000000000,1.018,0.343,0.0,0.0,1.6974676384375114,0.0
27853,2025-01-14T00:00:00.000000000,1.488,0.844,0.0,0.0,0.6980952891502333,0.0
27853,2025-01-14T01:00:00.000000000,1.23,0.665,0.0,0.0,0.3235504614701334,0.0
27853,2025-01-14T02:00:00.000000000,1.167,0.705,0.0,0.0,1.0532974261989667,0.0
27853,2025-01-14T03:00:00.000000000,1.25,0.9219999999999999,0.0,0.0,2.1748804117480613,0.0
27853,2025-01-14T04:00:00.000000000,1.2289999999999999,0.939,0.0,0.0,0.7555372189039888,0.0
27853,2025-01-14T05:00:00.000000000,1.46,1.16,0.0,0.0,0.0,0.0
27853,2025-01-14T06:00:00.000000000,1.3719999999999999,1.081,0.0,0.0,0.3235504614701334,0.0
27853,2025-01-14T07:00:00.000000000,1.331,1.045,0.0,0.0,0.0,0.0
27853,2025-01-14T08:00:00.000000000,1.362,1.074,0.0,0.0,0.3235504614701334,0.0
27853,2025-01-14T09:00:00.000000000,1.404,1.117,0.0,0.0,0.1280720576652611,0.0
27853,2025-01-14T10:00:00.000000000,1.428,1.138,0.0,0.0,0.19547840380487225,0.0
27853,2025-01-14T11:00:00.000000000,1.4429999999999998,1.153,0.0,0.0,0.3232573903999611,0.0
27853,2025-01-14T12:00:00.000000000,1.4059999999999997,1.116,0.0,0.0,0.0,0.0
27853,2025-01-14T13:00:00.000000000,1.286,0.998,0.0,0.0,0.3235504614701334,0.0
27853,2025-01-14T14:00:00.000000000,1.0819999999999999,0.7320000000000001,0.0,0.0,0.0,0.0
27853,2025-01-14T15:00:00.000000000,0.8499999999999999,0.305,0.0,0.0,0.3235504614701334,0.0
27853,2025-01-14T16:00:00.000000000,0.584,0.032,0.0,0.006,0.0,0.0
27853,2025-01-14T17:00:00.000000000,0.575,0.0,0.0,0.034,0.3232573903999611,0.0
27853,2025-01-14T18:00:00.000000000,0.595,0.0,0.0,0.04,0.0,0.0
27853,2025-01-14T19:00:00.000000000,2.6630000000000003,0.0,0.0,0.194,2.6575684643217112,0.0
27853,2025-01-14T20:00:00.000000000,0.8379999999999999,0.0,0.0,0.05,0.34904764457511667,0.0
27853,2025-01-14T21:00:00.000000000,0.7689999999999999,0.052000000000000005,0.0,0.001,0.702784426272989,0.0
27853,2025-01-14T22:00:00.000000000,0.931,0.21699999999999997,0.0,0.0,1.04714293372535,0.0
27853,2025-01-14T23:00:00.000000000,1.025,0.351,0.0,0.0,0.34904764457511667,0.0
27853,2025-01-15T00:00:00.000000000,1.536,0.892,0.0,0.0,0.3232573903999611,0.0
27853,2025-01-15T01:00:00.000000000,1.277,0.7140000000000001,0.0,0.0,0.0,0.0
27853,2025-01-15T02:00:00.000000000,1.137,0.6759999999999999,0.0,0.0,0.3235504614701334,0.0
27853,2025-01-15T03:00:00.000000000,1.174,0.764,0.0,0.0,0.3727864012590667,0.0
27853,2025-01-15T04:00:00.000000000,1.155,0.817,0.0,0.0,0.3235504614701334,0.0
27853,2025-01-15T05:00:00.000000000,1.347,1.0470000000000002,0.0,0.0,0.0,0.0
27853,2025-01-15T06:00:00.000000000,1.246,0.954,0.0,0.0,0.3232573903999611,0.0
27853,2025-01-15T07:00:00.000000000,1.198,0.911,0.0,0.0,0.0,0.0
27853,2025-01-15T08:00:00.000000000,1.3359999999999999,1.0270000000000001,0.0,0.0,2.156123863257039,0.0
27853,2025-01-15T09:00:00.000000000,1.448,1.01,0.0,0.0,2.7592641256714723,0.0
27853,2025-01-15T10:00:00.000000000,1.379,0.871,0.0,0.0,0.4006281529254278,0.0
27853,2025-01-15T11:00:00.000000000,1.368,0.8320000000000001,0.0,0.0,1.5225042095446946,0.0
27853,2025-01-15T12:00:00.000000000,1.08,0.7910000000000001,0.0,0.0,0.36663190878545,0.0
27853,2025-01-15T13:00:00.000000000,0.828,0.54,0.0,0.0,1.0808461067951556,0.0
27853,2025-01-15T14:00:00.000000000,0.58,0.293,0.0,0.0,1.7423075121738612,0.0
27853,2025-01-15T15:00:00.000000000,0.474,0.015,0.0,0.040999999999999995,0.3232573903999611,0.0
27853,2025-01-15T16:00:00.000000000,0.7,0.0,0.0,0.15200000000000002,0.0,0.0
27853,2025-01-15T17:00:00.000000000,0.833,0.0,0.0,0.29300000000000004,0.3235504614701334,0.0
27853,2025-01-15T18:00:00.000000000,0.965,0.0,0.0,0.407,0.0,0.0
27853,2025-01-15T19:00:00.000000000,0.978,0.0,0.0,0.388,0.3235504614701334,0.0
27853,2025-01-15T20:00:00.000000000,0.9249999999999999,0.0,0.0,0.266,1.107808645251,0.0
27853,2025-01-15T21:00:00.000000000,0.88,0.0,0.0,0.166,0.6980952891502333,0.0
27853,2025-01-15T22:00:00.000000000,0.7749999999999999,0.0,0.0,0.05999999999999999,0.0,0.0
27853,2025-01-15T23:00:00.000000000,0.7959999999999999,0.12,0.0,0.0,0.6471009229402668,0.0
27853,2025-01-16T00:00:00.000000000,1.167,0.751,0.0,0.0,0.0,0.0
27853,2025-01-16T01:00:00.000000000,0.98,0.672,0.0,0.0,0.3232573903999611,0.0
27853,2025-01-16T02:00:00.000000000,0.916,0.621,0.0,0.0,0.0,0.0
27853,2025-01-16T03:00:00.000000000,0.941,0.651,0.0,0.0,0.3235504614701334,0.0
27853,2025-01-16T04:00:00.000000000,0.965,0.6759999999999999,0.0,0.0,0.0,0.0
27853,2025-01-16T05:00:00.000000000,1.165,0.865,0.0,0.0,0.3235504614701334,0.0
27853,2025-01-16T06:00:00.000000000,1.07,0.778,0.0,0.0,0.0,0.0
27853,2025-01-16T07:00:00.000000000,1.02,0.7349999999999999,0.0,0.0,0.3232573903999611,0.0
27853,2025-01-16T08:00:00.000000000,1.066,0.7799999999999999,0.0,0.0,0.8405278292539333,0.0
27853,2025-01-16T09:00:00.000000000,1.094,0.783,0.0,0.0,0.3235504614701334,0.0
27853,2025-01-16T10:00:00.000000000,1.109,0.819,0.0,0.0,0.0,0.0
27853,2025-01-16T11:00:00.000000000,1.102,0.813,0.0,0.0,0.3232573903999611,0.0
27853,2025-01-16T12:00:00.000000000,1.0710000000000002,0.782,0.0,0.0,0.34904764457511667,0.0
27853,2025-01-16T13:00:00.000000000,0.9319999999999999,0.647,0.0,0.0,0.0,0.0
27853,2025-01-16T14:00:00.000000000,0.6990000000000001,0.411,0.0,0.0,0.3232573903999611,0.0
27853,2025-01-16T15:00:00.000000000,0.521,0.23299999999999998,0.0,0.0,0.0,0.0
27853,2025-01-16T16:00:00.000000000,0.395,0.107,0.0,0.0,0.3235504614701334,0.0
27853,2025-01-16T17:00:00.000000000,0.296,0.005,0.0,0.002,0.0,0.0
27853,2025-01-16T18:00:00.000000000,0.45399999999999996,0.0,0.0,0.03,0.3235504614701334,0.0
27853,2025-01-16T19:00:00.000000000,0.65,0.046,0.0,0.012,2.542977675884372,0.0
27853,2025-01-16T20:00:00.000000000,0.7280000000000001,0.07100000000000001,0.0,0.0,1.7200341108407722,0.0
27853,2025-01-16T21:00:00.000000000,1.3699999999999999,0.0,0.0,0.016,0.6775803142381778,0.0
27853,2025-01-16T22:00:00.000000000,1.244,0.11499999999999999,0.0,0.0,2.404061988622739,0.0
27853,2025-01-16T23:00:00.000000000,0.908,0.23199999999999998,0.0,0.0,1.0632618425848224,0.0
27853,2025-01-17T00:00:00.000000000,1.599,0.9550000000000001,0.0,0.0,2.6575684643217112,0.0
27853,2025-01-17T01:00:00.000000000,1.411,0.9079999999999999,0.0,0.0,1.0304378827255334,0.0
27853,2025-01-17T02:00:00.000000000,1.274,0.98,0.0,0.0,0.7030774973431612,0.0
27853,2025-01-17T03:00:00.000000000,1.35,1.057,0.0,0.0,1.5899105556843054,0.0
27853,2025-01-17T04:00:00.000000000,1.29,1.001,0.0,0.0,0.0,0.0
27853,2025-01-17T05:00:00.000000000,1.473,1.1729999999999998,0.0,0.0,0.3235504614701334,0.0
27853,2025-01-17T06:00:00.000000000,1.3900000000000001,1.087,0.0,0.0,0.8756963576746,0.0
27853,2025-01-17T07:00:00.000000000,1.3070000000000002,1.004,0.0,0.0,1.0365923751991502,0.0
27853,2025-01-17T08:00:00.000000000,1.258,0.972,0.0,0.0,0.0,0.0
27853,2025-01-17T09:00:00.000000000,1.689,0.854,0.0,0.0,1.7329292379283499,0.0
27853,2025-01-17T10:00:00.000000000,1.711,0.796,0.0,0.0,2.2742315045364445,0.0
27853,2025-01-17T11:00:00.000000000,1.328,0.9149999999999999,0.0,0.0,0.1474147482966278,0.0
27853,2025-01-17T12:00:00.000000000,1.184,0.8959999999999999,0.0,0.0,0.3232573903999611,0.0
27853,2025-01-17T13:00:00.000000000,1.029,0.7410000000000001,0.0,0.0,0.3235504614701334,0.0
27853,2025-01-17T14:00:00.000000000,0.8089999999999999,0.521,0.0,0.0,0.0,0.0
27853,2025-01-17T15:00:00.000000000,0.583,0.295,0.0,0.0,0.67259810604525,0.0
27853,2025-01-17T16:00:00.000000000,0.33599999999999997,0.01,0.0,0.038,0.0,0.0
27853,2025-01-17T17:00:00.000000000,0.481,0.0,0.0,0.193,0.3235504614701334,0.0
27853,2025-01-17T18:00:00.000000000,0.702,0.0,0.0,0.277,1.2772037238105445,0.0
27853,2025-01-17T19:00:00.000000000,0.875,0.0,0.0,0.28400000000000003,0.3235504614701334,0.0
27853,2025-01-17T20:00:00.000000000,0.848,0.0,0.0,0.19,0.0,0.0
27853,2025-01-17T21:00:00.000000000,0.817,0.0,0.0,0.102,0.3232573903999611,0.0
27853,2025-01-17T22:00:00.000000000,0.7609999999999999,0.033,0.0,0.012,1.1799041285133667,0.0
27853,2025-01-17T23:00:00.000000000,0.867,0.191,0.0,0.0,1.2669462363545168,0.0
27853,2025-01-18T00:00:00.000000000,1.187,0.773,0.0,0.0,0.3235504614701334,0.0
27853,2025-01-18T01:00:00.000000000,1.02,0.7130000000000001,0.0,0.0,0.34904764457511667,0.0
27853,2025-01-18T02:00:00.000000000,0.991,0.6969999999999998,0.0,0.0,0.34904764457511667,0.0
27853,2025-01-18T03:00:00.000000000,1.064,0.774,0.0,0.0,0.32325739039996115,0.0
27853,2025-01-18T04:00:00.000000000,1.121,0.833,0.0,0.0,0.0,0.0
27853,2025-01-18T05:00:00.000000000,1.3439999999999999,1.044,0.0,0.0,0.3232573903999611,0.0
27853,2025-01-18T06:00:00.000000000,1.2439999999999998,0.953,0.0,0.0,0.0,0.0
27853,2025-01-18T07:00:00.000000000,1.211,0.925,0.0,0.0,0.3235504614701334,0.0
27853,2025-01-18T08:00:00.000000000,1.25,0.939,0.0,0.0,0.0,0.0
27853,2025-01-18T09:00:00.000000000,1.313,0.872,0.0,0.0,0.3235504614701334,0.0
27853,2025-01-18T10:00:00.000000000,1.274,0.986,0.0,0.0,0.0,0.0
27853,2025-01-18T11:00:00.000000000,1.2710000000000001,0.982,0.0,0.0,0.3232573903999611,0.0
27853,2025-01-18T12:00:00.000000000,1.161,0.8720000000000001,0.0,0.0,0.0,0.0
27853,2025-01-18T13:00:00.000000000,0.985,0.6970000000000001,0.0,0.0,0.6723050349750778,0.0
27853,2025-01-18T14:00:00.000000000,0.794,0.508,0.0,0.0,0.0,0.0
27853,2025-01-18T15:00:00.000000000,0.611,0.322,0.0,0.0,0.3235504614701334,0.0
27853,2025-01-18T16:00:00.000000000,0.47,0.107,0.0,0.009,0.0,0.0
27853,2025-01-18T17:00:00.000000000,0.623,0.0,0.0,0.083,0.3235504614701334,0.0
27853,2025-01-18T18:00:00.000000000,0.7169999999999999,0.0,0.0,0.162,1.0606242029532722,0.0
27853,2025-01-18T19:00:00.000000000,0.81,0.0,0.0,0.22,0.2426628461026,0.0
27853,2025-01-18T20:00:00.000000000,0.844,0.0,0.0,0.18500000000000003,0.3232573903999611,0.0
27853,2025-01-18T21:00:00.000000000,0.842,0.0,0.0,0.127,0.6723050349750777,0.0
27853,2025-01-18T22:00:00.000000000,0.7730000000000001,0.008,0.0,0.048999999999999995,1.805317792260889,0.0
27853,2025-01-18T23:00:00.000000000,0.7210000000000001,0.032,0.0,0.013000000000000001,1.2414490532495335,0.0
27853,2025-01-19T00:00:00.000000000,1.0899999999999999,0.44500000000000006,0.0,0.0,0.34904764457511667,0.0
27853,2025-01-19T01:00:00.000000000,0.8619999999999999,0.477,0.0,0.0,0.34904764457511667,0.0
27853,2025-01-19T02:00:00.000000000,0.905,0.611,0.0,0.0,0.34904764457511667,0.0
27853,2025-01-19T03:00:00.000000000,1.041,0.75,0.0,0.0,0.3235504614701334,0.0
27853,2025-01-19T04:00:00.000000000,1.1260000000000001,0.838,0.0,0.0,0.0,0.0
27853,2025-01-19T05:00:00.000000000,1.331,1.032,0.0,0.0,0.3232573903999611,0.0
27853,2025-01-19T06:00:00.000000000,1.2149999999999999,0.9249999999999999,0.0,0.0,0.0,0.0
27853,2025-01-19T07:00:00.000000000,1.187,0.9,0.0,0.0,0.3235504614701334,0.0
27853,2025-01-19T08:00:00.000000000,1.275,0.9889999999999999,0.0,0.0,1.0213526795501944,0.0
27853,2025-01-19T09:00:00.000000000,1.3510000000000002,0.956,0.0,0.0,1.0298517405851888,0.0
27853,2025-01-19T10:00:00.000000000,1.302,1.014,0.0,0.0,0.0,0.0
27853,2025-01-19T11:00:00.000000000,1.291,1.002,0.0,0.0,0.3235504614701334,0.0
27853,2025-01-19T12:00:00.000000000,1.092,0.803,0.0,0.0,0.0,0.0
27853,2025-01-19T13:00:00.000000000,0.673,0.384,0.0,0.0,0.34904764457511667,0.0
27853,2025-01-19T14:00:00.000000000,0.33299999999999996,0.019,0.0,0.026000000000000002,0.3235504614701334,0.0
27853,2025-01-19T15:00:00.000000000,0.442,0.0,0.0,0.154,0.0,0.0
27853,2025-01-19T16:00:00.000000000,0.5780000000000001,0.0,0.0,0.29000000000000004,0.3235504614701334,0.0
27853,2025-01-19T17:00:00.000000000,0.896,0.0,0.0,0.421,0.0,0.0
27853,2025-01-19T18:00:00.000000000,1.5539999999999998,0.0,0.0,0.513,0.3232573903999611,0.0
27853,2025-01-19T19:00:00.000000000,0.981,0.0,0.0,0.389,0.0,0.0
27853,2025-01-19T20:00:00.000000000,0.9269999999999999,0.0,0.0,0.268,0.3235504614701334,0.0
27853,2025-01-19T21:00:00.000000000,0.841,0.0,0.0,0.127,2.298849474430911,0.0
27853,2025-01-19T22:00:00.000000000,0.7509999999999999,0.0,0.0,0.035,1.1083947873913444,0.0
27853,2025-01-19T23:00:00.000000000,0.9109999999999999,0.237,0.0,0.0,1.285702784845539,0.0
27853,2025-01-20T00:00:00.000000000,1.587,0.9420000000000002,0.0,0.0,0.7593471428162278,0.0
27853,2025-01-20T01:00:00.000000000,1.444,0.94,0.0,0.0,0.8311495550084221,0.0
27853,2025-01-20T02:00:00.000000000,1.3439999999999999,1.049,0.0,0.0,0.0,0.0
27853,2025-01-20T03:00:00.000000000,1.521,1.23,0.0,0.0,0.3235504614701334,0.0
27853,2025-01-20T04:00:00.000000000,1.6480000000000001,1.359,0.0,0.0,0.050115152999450005,0.0
27853,2025-01-20T05:00:00.000000000,1.919,1.621,0.0,0.0,0.27314223740051113,0.0
27853,2025-01-20T06:00:00.000000000,1.787,1.496,0.0,0.0,0.3232573903999611,0.0
27853,2025-01-20T07:00:00.000000000,1.7109999999999999,1.424,0.0,0.0,0.0,0.0
27853,2025-01-20T08:00:00.000000000,1.678,1.391,0.0,0.0,0.3235504614701334,0.0
27853,2025-01-20T09:00:00.000000000,1.634,1.346,0.0,0.0,0.0,0.0
27853,2025-01-20T10:00:00.000000000,1.5979999999999999,1.307,0.0,0.0,0.3235504614701334,0.0
27853,2025-01-20T11:00:00.000000000,1.533,1.242,0.0,0.0,0.0,0.0
27853,2025-01-20T12:00:00.000000000,1.358,1.068,0.0,0.0,0.3232573903999611,0.0
27853,2025-01-20T13:00:00.000000000,0.973,0.684,0.0,0.0,0.0,0.0
27853,2025-01-20T14:00:00.000000000,2.572,0.0,0.0,0.157,0.3235504614701334,0.0
27853,2025-01-20T15:00:00.000000000,0.8089999999999999,0.0,0.0,0.135,0.0,0.0
27853,2025-01-20T16:00:00.000000000,0.8049999999999999,0.0,0.0,0.259,0.3235504614701334,0.0
27853,2025-01-20T17:00:00.000000000,0.9269999999999999,0.0,0.0,0.388,0.0,0.0
27853,2025-01-20T18:00:00.000000000,1.0070000000000001,0.0,0.0,0.45,1.0823114621460166,0.0
27853,2025-01-20T19:00:00.000000000,0.999,0.0,0.0,0.40900000000000003,0.0,0.0
27853,2025-01-20T20:00:00.000000000,0.9349999999999999,0.0,0.0,0.276,0.6468078518700945,0.0
27853,2025-01-20T21:00:00.000000000,0.874,0.0,0.0,0.158,0.34904764457511667,0.0
27853,2025-01-20T22:00:00.000000000,0.794,0.046,0.0,0.033,1.8243674118220834,0.0
27853,2025-01-20T23:00:00.000000000,0.899,0.224,0.0,0.0,0.1717396471209222,0.0
27853,2025-01-21T00:00:00.000000000,1.645,1.002,0.0,0.0,0.3232573903999611,0.0
27853,2025-01-21T01:00:00.000000000,1.494,0.9299999999999999,0.0,0.0,0.34582386280322225,0.0
27853,2025-01-21T02:00:00.000000000,1.464,1.001,0.0,0.0,0.34904764457511667,0.0
27853,2025-01-21T03:00:00.000000000,1.455,1.0430000000000001,0.0,0.0,0.07004398577116111,0.0
27853,2025-01-21T04:00:00.000000000,1.4649999999999999,1.1280000000000001,0.0,0.0,1.6321127897891055,0.0
27853,2025-01-21T05:00:00.000000000,1.516,1.216,0.0,0.0,0.0,0.0
27853,2025-01-21T06:00:00.000000000,1.432,1.1400000000000001,0.0,0.0,0.3232573903999611,0.0
27853,2025-01-21T07:00:00.000000000,1.532,1.245,0.0,0.0,0.34904764457511667,0.0
27853,2025-01-21T08:00:00.000000000,1.642,1.3559999999999999,0.0,0.0,0.3232573903999611,0.0
27853,2025-01-21T09:00:00.000000000,1.772,1.4849999999999999,0.0,0.0,0.0,0.0
27853,2025-01-21T10:00:00.000000000,1.9249999999999998,1.637,0.0,0.0,0.3235504614701334,0.0
27853,2025-01-21T11:00:00.000000000,1.9649999999999999,1.677,0.0,0.0,0.0,0.0
27853,2025-01-21T12:00:00.000000000,1.7680000000000002,1.293,0.0,0.0,0.3235504614701334,0.0
27853,2025-01-21T13:00:00.000000000,1.143,0.608,0.0,0.0,0.0,0.0
27853,2025-01-21T14:00:00.000000000,0.602,0.043000000000000003,0.0,0.024,0.3232573903999611,0.0
27853,2025-01-21T15:00:00.000000000,0.714,0.0,0.0,0.17099999999999999,0.0,0.0
27853,2025-01-21T16:00:00.000000000,0.888,0.0,0.0,0.34099999999999997,0.3493407156452889,0.0
27853,2025-01-21T17:00:00.000000000,1.02,0.0,0.0,0.48,0.3232573903999611,0.0
27853,2025-01-21T18:00:00.000000000,1.096,0.0,0.0,0.542,0.0,0.0
27853,2025-01-21T19:00:00.000000000,1.073,0.0,0.0,0.483,0.3235504614701334,0.0
27853,2025-01-21T20:00:00.000000000,0.998,0.0,0.0,0.341,0.0,0.0
27853,2025-01-21T21:00:00.000000000,0.9179999999999999,0.0,0.0,0.203,0.7590540717460555,0.0
27853,2025-01-21T22:00:00.000000000,0.8109999999999999,0.0,0.0,0.095,0.3235504614701334,0.0
27853,2025-01-21T23:00:00.000000000,0.7659999999999999,0.083,0.0,0.008,0.67259810604525,0.0
27853,2025-01-22T00:00:00.000000000,1.5470000000000002,0.9020000000000001,0.0,0.0,0.34904764457511667,0.0
27853,2025-01-22T01:00:00.000000000,1.4709999999999999,0.968,0.0,0.0,1.077622325023261,0.0
27853,2025-01-22T02:00:00.000000000,1.459,1.1640000000000001,0.0,0.0,0.3235504614701334,0.0
27853,2025-01-22T03:00:00.000000000,1.708,1.419,0.0,0.0,0.0,0.0
27853,2025-01-22T04:00:00.000000000,1.939,1.6489999999999998,0.0,0.0,0.3235504614701334,0.0
27853,2025-01-22T05:00:00.000000000,2.396,2.096,0.0,0.0,0.0,0.0
27853,2025-01-22T06:00:00.000000000,2.368,2.077,0.0,0.0,0.3232573903999611,0.0
27853,2025-01-22T07:00:00.000000000,2.377,2.092,0.0,0.0,0.0,0.0
27853,2025-01-22T08:00:00.000000000,2.601,2.2430000000000003,0.0,0.0,1.6409049218942724,0.0
27853,2025-01-22T09:00:00.000000000,2.602,2.3179999999999996,0.0,0.0,0.0,0.0
27853,2025-01-22T10:00:00.000000000,2.617,2.3289999999999997,0.0,0.0,0.3232573903999611,0.0
27853,2025-01-22T11:00:00.000000000,2.531,2.243,0.0,0.0,0.0,0.0
27853,2025-01-22T12:00:00.000000000,2.2110000000000003,1.9210000000000003,0.0,0.0,1.590789768894822,0.0
27853,2025-01-22T13:00:00.000000000,1.381,1.094,0.0,0.0,0.0,0.0
27853,2025-01-22T14:00:00.000000000,0.624,0.33799999999999997,0.0,0.0,0.3235504614701334,0.0
27853,2025-01-22T15:00:00.000000000,0.33999999999999997,0.0,0.0,0.051000000000000004,0.0,0.0
27853,2025-01-22T16:00:00.000000000,0.471,0.0,0.0,0.183,0.3235504614701334,0.0
27853,2025-01-22T17:00:00.000000000,0.5870000000000001,0.0,0.0,0.29900000000000004,0.0,0.0
27853,2025-01-22T18:00:00.000000000,0.654,0.0,0.0,0.366,0.3232573903999611,0.0
27853,2025-01-22T19:00:00.000000000,0.641,0.0,0.0,0.35000000000000003,0.0,0.0
27853,2025-01-22T20:00:00.000000000,0.748,0.0,0.0,0.263,0.3232573903999611,0.0
27853,2025-01-22T21:00:00.000000000,0.42100000000000004,0.0,0.0,0.122,0.0,0.0
27853,2025-01-22T22:00:00.000000000,0.766,0.0,0.0,0.05,0.3235504614701334,0.0
27853,2025-01-22T23:00:00.000000000,0.829,0.15399999999999997,0.0,0.0,0.0,0.0
27853,2025-01-23T00:00:00.000000000,1.733,1.088,0.0,0.0,1.8911876158213499,0.0
27853,2025-01-23T01:00:00.000000000,1.4700000000000002,1.085,0.0,0.0,0.0,0.0
27853,2025-01-23T02:00:00.000000000,1.506,1.211,0.0,0.0,0.7596402138864,0.0
27853,2025-01-23T03:00:00.000000000,1.633,1.3410000000000002,0.0,0.0,0.0,0.0
27853,2025-01-23T04:00:00.000000000,1.815,1.5260000000000002,0.0,0.0,0.6728911771154222,0.0
27853,2025-01-23T05:00:00.000000000,2.1999999999999997,1.899,0.0,0.0,0.0,0.0
27853,2025-01-23T06:00:00.000000000,2.12,1.83,0.0,0.0,0.3232573903999611,0.0
27853,2025-01-23T07:00:00.000000000,2.154,1.8689999999999998,0.0,0.0,0.0,0.0
27853,2025-01-23T08:00:00.000000000,2.248,1.963,0.0,0.0,0.3235504614701334,0.0
27853,2025-01-23T09:00:00.000000000,2.421,2.005,0.0,0.0,0.8252881336049778,0.0
27853,2025-01-23T10:00:00.000000000,2.4259999999999997,1.9779999999999998,0.0,0.0,0.0,0.0
27853,2025-01-23T11:00:00.000000000,2.3129999999999997,2.024,0.0,0.0,0.3235504614701334,0.0
27853,2025-01-23T12:00:00.000000000,2.053,1.765,0.0,0.0,0.0,0.0
27853,2025-01-23T13:00:00.000000000,1.581,1.2930000000000001,0.0,0.0,1.0521251419182778,0.0
27853,2025-01-23T14:00:00.000000000,0.853,0.565,0.0,0.0,0.34904764457511667,0.0
27853,2025-01-23T15:00:00.000000000,0.36700000000000005,0.062,0.0,0.018,0.3232573903999611,0.0
27853,2025-01-23T16:00:00.000000000,0.39799999999999996,0.0,0.0,0.11,0.0,0.0
27853,2025-01-23T17:00:00.000000000,0.458,0.0,0.0,0.16999999999999998,0.3235504614701334,0.0
27853,2025-01-23T18:00:00.000000000,0.454,0.0,0.0,0.166,0.0,0.0
27853,2025-01-23T19:00:00.000000000,0.41200000000000003,0.0,0.0,0.122,0.3235504614701334,0.0
27853,2025-01-23T20:00:00.000000000,0.35900000000000004,0.0,0.0,0.06399999999999999,0.0,0.0
27853,2025-01-23T21:00:00.000000000,0.353,0.046,0.0,0.007,0.3232573903999611,0.0
27853,2025-01-23T22:00:00.000000000,0.756,0.04,0.0,0.0,0.0,0.0
27853,2025-01-23T23:00:00.000000000,0.853,0.17700000000000002,0.0,0.0,0.3235504614701334,0.0
27853,2025-01-24T00:00:00.000000000,1.274,0.8590000000000001,0.0,0.0,0.0,0.0
27853,2025-01-24T01:00:00.000000000,1.1,0.7909999999999999,0.0,0.0,0.67259810604525,0.0
27853,2025-01-24T02:00:00.000000000,1.069,0.775,0.0,0.0,0.6983883602204055,0.0
27853,2025-01-24T03:00:00.000000000,1.1409999999999998,0.85,0.0,0.0,0.3493407156452889,0.0
27853,2025-01-24T04:00:00.000000000,1.1829999999999998,0.894,0.0,0.0,0.0,0.0
27853,2025-01-24T05:00:00.000000000,1.402,1.1019999999999999,0.0,0.0,0.3235504614701334,0.0
27853,2025-01-24T06:00:00.000000000,1.3099999999999998,1.018,0.0,0.0,0.0,0.0
27853,2025-01-24T07:00:00.000000000,1.2690000000000001,0.982,0.0,0.0,0.32325739039996115,0.0
27853,2025-01-24T08:00:00.000000000,1.327,1.0179999999999998,0.0,0.0,0.8613358752361612,0.0
27853,2025-01-24T09:00:00.000000000,1.4429999999999998,1.0030000000000001,0.0,0.0,1.7607709895947112,0.0
27853,2025-01-24T10:00:00.000000000,1.452,1.0030000000000001,0.0,0.0,1.6432494904556498,0.0
27853,2025-01-24T11:00:00.000000000,1.285,0.995,0.0,0.0,0.0,0.0
27853,2025-01-24T12:00:00.000000000,1.135,0.847,0.0,0.0,1.2420351953898778,0.0
27853,2025-01-24T13:00:00.000000000,0.972,0.683,0.0,0.0,3.9503049548513833,0.0
27853,2025-01-24T14:00:00.000000000,0.496,0.209,0.0,0.0,0.5421814798186111,0.0
27853,2025-01-24T15:00:00.000000000,0.32299999999999995,0.003,0.0,0.032,0.3235504614701334,0.0
27853,2025-01-24T16:00:00.000000000,0.408,0.0,0.0,0.12,0.0,0.0
27853,2025-01-24T17:00:00.000000000,0.46,0.0,0.0,0.172,0.3235504614701334,0.0
27853,2025-01-24T18:00:00.000000000,0.442,0.0,0.0,0.154,0.0,0.0
27853,2025-01-24T19:00:00.000000000,2.8249999999999997,0.0,0.0,0.356,0.3232573903999611,0.0
27853,2025-01-24T20:00:00.000000000,2.093,0.0,0.0,0.302,0.0,0.0
27853,2025-01-24T21:00:00.000000000,0.846,0.0,0.0,0.131,0.3235504614701334,0.0
27853,2025-01-24T22:00:00.000000000,0.754,0.004,0.0,0.035,1.1626129353732055,0.0
27853,2025-01-24T23:00:00.000000000,0.7589999999999999,0.354,0.0,0.0,1.5667579411407,0.0
27853,2025-01-25T00:00:00.000000000,1.538,1.213,0.0,0.0,1.2429144086003945,0.0
27853,2025-01-25T01:00:00.000000000,1.4849999999999999,1.177,0.0,0.0,0.3493407156452889,0.0
27853,2025-01-25T02:00:00.000000000,1.4979999999999998,1.204,0.0,0.0,1.05241821298845,0.0
27853,2025-01-25T03:00:00.000000000,1.577,1.285,0.0,0.0,0.0,0.0
27853,2025-01-25T04:00:00.000000000,1.6769999999999998,1.3889999999999998,0.0,0.0,0.3235504614701334,0.0
27853,2025-01-25T05:00:00.000000000,2.027,1.727,0.0,0.0,0.0,0.0
27853,2025-01-25T06:00:00.000000000,1.959,1.669,0.0,0.0,0.3235504614701334,0.0
27853,2025-01-25T07:00:00.000000000,1.988,1.65,0.0,0.0,0.0,0.0
27853,2025-01-25T08:00:00.000000000,2.115,1.813,0.0,0.0,0.3232573903999611,0.0
27853,2025-01-25T09:00:00.000000000,2.264,1.9769999999999999,0.0,0.0,0.0,0.0
27853,2025-01-25T10:00:00.000000000,2.407,2.1180000000000003,0.0,0.0,0.3235504614701334,0.0
27853,2025-01-25T11:00:00.000000000,2.469,2.18,0.0,0.0,0.9193639471302611,0.0
27853,2025-01-25T12:00:00.000000000,2.069,1.779,0.0,0.0,0.6725981060452499,0.0
27853,2025-01-25T13:00:00.000000000,1.348,1.061,0.0,0.0,0.0,0.0
27853,2025-01-25T14:00:00.000000000,0.748,0.462,0.0,0.0,0.3235504614701334,0.0
27853,2025-01-25T15:00:00.000000000,0.388,0.09799999999999999,0.0,0.002,0.0,0.0
27853,2025-01-25T16:00:00.000000000,0.351,0.0,0.0,0.063,0.3235504614701334,0.0
27853,2025-01-25T17:00:00.000000000,0.419,0.0,0.0,0.131,0.0,0.0
27853,2025-01-25T18:00:00.000000000,0.425,0.0,0.0,0.137,0.3232573903999611,0.0
27853,2025-01-25T19:00:00.000000000,0.393,0.0,0.0,0.102,0.0,0.0
27853,2025-01-25T20:00:00.000000000,0.34,0.0,0.0,0.043,0.3235504614701334,0.0
27853,2025-01-25T21:00:00.000000000,0.7410000000000001,0.0,0.0,0.026999999999999996,0.0,0.0
27853,2025-01-25T22:00:00.000000000,0.837,0.121,0.0,0.0,0.3235504614701334,0.0
27853,2025-01-25T23:00:00.000000000,1.064,0.388,0.0,0.0,0.0,0.0
27853,2025-01-26T00:00:00.000000000,1.815,1.171,0.0,0.0,0.6723050349750778,0.0
27853,2025-01-26T01:00:00.000000000,1.6019999999999999,1.038,0.0,0.0,0.7288677515183166,0.0
27853,2025-01-26T02:00:00.000000000,1.48,1.053,0.0,0.0,1.1810764127940556,0.0
27853,2025-01-26T03:00:00.000000000,1.4929999999999999,1.201,0.0,0.0,0.3232573903999611,0.0
27853,2025-01-26T04:00:00.000000000,1.5939999999999999,1.304,0.0,0.0,0.0,0.0
27853,2025-01-26T05:00:00.000000000,1.8920000000000001,1.5939999999999999,0.0,0.0,0.3235504614701334,0.0
27853,2025-01-26T06:00:00.000000000,1.86,1.569,0.0,0.0,1.2678254495650334,0.0
27853,2025-01-26T07:00:00.000000000,1.728,1.4409999999999998,0.0,0.0,0.3232573903999611,0.0
27853,2025-01-26T08:00:00.000000000,1.7069999999999999,1.42,0.0,0.0,0.0,0.0
27853,2025-01-26T09:00:00.000000000,1.8330000000000002,1.418,0.0,0.0,1.325267379318789,0.0
27853,2025-01-26T10:00:00.000000000,1.802,1.2950000000000002,0.0,0.0,0.7180241219219444,0.0
27853,2025-01-26T11:00:00.000000000,1.9109999999999998,1.377,0.0,0.0,3.5951028178026503,0.0
27853,2025-01-26T12:00:00.000000000,1.474,0.999,0.0,0.0,0.3235504614701334,0.0
27853,2025-01-26T13:00:00.000000000,1.05,0.763,0.0,0.0,0.3493407156452889,0.0
27853,2025-01-26T14:00:00.000000000,0.7430000000000001,0.45599999999999996,0.0,0.0,0.6986814312905778,0.0
27853,2025-01-26T15:00:00.000000000,0.495,0.20800000000000002,0.0,0.0,0.3493407156452889,0.0
27853,2025-01-26T16:00:00.000000000,0.36500000000000005,0.075,0.0,0.0,0.3493407156452889,0.0
27853,2025-01-26T17:00:00.000000000,0.314,0.025,0.0,0.0,0.3235504614701334,0.0
27853,2025-01-26T18:00:00.000000000,0.33299999999999996,0.046,0.0,0.0,0.0,0.0
27853,2025-01-26T19:00:00.000000000,0.39,0.09999999999999999,0.0,0.0,0.3232573903999611,0.0
27853,2025-01-26T20:00:00.000000000,0.485,0.189,0.0,0.0,0.0,0.0
27853,2025-01-26T21:00:00.000000000,0.639,0.34,0.0,0.0,0.3235504614701334,0.0
27853,2025-01-26T22:00:00.000000000,0.876,0.472,0.0,0.0,0.0,0.0
27853,2025-01-26T23:00:00.000000000,1.089,0.414,0.0,0.0,0.3235504614701334,0.0
27853,2025-01-27T00:00:00.000000000,1.554,0.91,0.0,0.0,0.3232573903999611,0.0
27853,2025-01-27T01:00:00.000000000,1.355,0.851,0.0,0.0,0.9096926018145778,0.0
27853,2025-01-27T02:00:00.000000000,1.165,0.871,0.0,0.0,0.3493407156452889,0.0
27853,2025-01-27T03:00:00.000000000,1.1929999999999998,0.901,0.0,0.0,0.67259810604525,0.0
27853,2025-01-27T04:00:00.000000000,1.197,0.9079999999999999,0.0,0.0,0.34025551246995,0.0
27853,2025-01-27T05:00:00.000000000,1.398,1.099,0.0,0.0,0.0,0.0
27853,2025-01-27T06:00:00.000000000,1.2919999999999998,1.001,0.0,0.0,0.3232573903999611,0.0
27853,2025-01-27T07:00:00.000000000,1.226,0.938,0.0,0.0,0.0,0.0
27853,2025-01-27T08:00:00.000000000,1.23,0.944,0.0,0.0,0.3235504614701334,0.0
27853,2025-01-27T09:00:00.000000000,1.202,0.9139999999999999,0.0,0.0,0.0369269548417,0.0
27853,2025-01-27T10:00:00.000000000,1.156,0.868,0.0,0.0,0.28662350662843333,0.0
27853,2025-01-27T11:00:00.000000000,1.124,0.835,0.0,0.0,0.3232573903999611,0.0
27853,2025-01-27T12:00:00.000000000,1.024,0.7350000000000001,0.0,0.0,0.0,0.0
27853,2025-01-27T13:00:00.000000000,0.8819999999999999,0.593,0.0,0.0,0.3235504614701334,0.0
27853,2025-01-27T14:00:00.000000000,0.8899999999999999,0.41400000000000003,0.0,0.0,1.8076623608222668,0.0
27853,2025-01-27T15:00:00.000000000,0.646,0.092,0.0,0.009000000000000001,2.348378485290017,0.0
27853,2025-01-27T16:00:00.000000000,2.265,0.0,0.0,0.228,0.3232573903999611,0.0
27853,2025-01-27T17:00:00.000000000,0.6910000000000001,0.0,0.0,0.15200000000000002,0.0,0.0
27853,2025-01-27T18:00:00.000000000,0.7730000000000001,0.0,0.0,0.218,0.3235504614701334,0.0
27853,2025-01-27T19:00:00.000000000,1.3800000000000001,0.0,0.0,0.303,1.2435005507407388,0.0
27853,2025-01-27T20:00:00.000000000,0.893,0.0,0.0,0.235,0.0,0.0
27853,2025-01-27T21:00:00.000000000,0.8480000000000001,0.0,0.0,0.13399999999999998,0.7027844262729889,0.0
27853,2025-01-27T22:00:00.000000000,0.7530000000000001,0.003,0.0,0.033999999999999996,0.3232573903999611,0.0
27853,2025-01-27T23:00:00.000000000,0.9510000000000001,0.278,0.0,0.0,1.678711089946489,0.0
27853,2025-01-28T00:00:00.000000000,1.794,1.15,0.0,0.0,3.307893169033872,0.0
27853,2025-01-28T01:00:00.000000000,1.562,1.117,0.0,0.0,1.1810764127940556,0.0
27853,2025-01-28T02:00:00.000000000,1.55,1.184,0.0,0.0,0.0,0.0
27853,2025-01-28T03:00:00.000000000,1.829,1.419,0.0,0.0,1.3050454754769056,0.0
27853,2025-01-28T04:00:00.000000000,1.8939999999999997,1.577,0.0,0.0,0.0,0.0
27853,2025-01-28T05:00:00.000000000,2.253,1.9529999999999998,0.0,0.0,0.3232573903999611,0.0
27853,2025-01-28T06:00:00.000000000,2.152,1.862,0.0,0.0,0.0,0.0
27853,2025-01-28T07:00:00.000000000,2.1159999999999997,1.831,0.0,0.0,0.3235504614701334,0.0
27853,2025-01-28T08:00:00.000000000,2.103,1.815,0.0,0.0,0.0,0.0
27853,2025-01-28T09:00:00.000000000,2.1,1.813,0.0,0.0,0.3235504614701333,0.0
27853,2025-01-28T10:00:00.000000000,2.092,1.8030000000000002,0.0,0.0,0.0,0.0
27853,2025-01-28T11:00:00.000000000,2.0300000000000002,1.74,0.0,0.0,0.3232573903999611,0.0
27853,2025-01-28T12:00:00.000000000,1.842,1.552,0.0,0.0,0.0,0.0
27853,2025-01-28T13:00:00.000000000,1.5639999999999998,1.091,0.0,0.0,0.3235504614701334,0.0
27853,2025-01-28T14:00:00.000000000,1.1640000000000001,0.626,0.0,0.0,0.0,0.0
27853,2025-01-28T15:00:00.000000000,1.721,0.088,0.0,0.085,0.3235504614701334,0.0
27853,2025-01-28T16:00:00.000000000,0.647,0.0,0.0,0.101,0.0,0.0
27853,2025-01-28T17:00:00.000000000,2.264,0.0,0.0,0.331,0.3232573903999611,0.0
27853,2025-01-28T18:00:00.000000000,2.9699999999999998,0.0,0.0,0.471,2.27100772276455,0.0
27853,2025-01-28T19:00:00.000000000,3.083,0.0,0.0,0.549,1.1804902706537113,0.0
27853,2025-01-28T20:00:00.000000000,1.0470000000000002,0.0,0.0,0.32,3.0740224550364386,0.0
27853,2025-01-28T21:00:00.000000000,0.43600000000000005,0.0,0.0,0.136,1.1810764127940556,0.0
27853,2025-01-28T22:00:00.000000000,0.347,0.02,0.0,0.026000000000000002,0.3232573903999611,0.0
27853,2025-01-28T23:00:00.000000000,0.5960000000000001,0.29500000000000004,0.0,0.0,0.3493407156452889,0.0
27853,2025-01-29T00:00:00.000000000,1.331,1.005,0.0,0.0,0.3232573903999611,0.0
27853,2025-01-29T01:00:00.000000000,1.2759999999999998,0.968,0.0,0.0,0.0,0.0
27853,2025-01-29T02:00:00.000000000,1.314,1.021,0.0,0.0,0.3235504614701334,0.0
27853,2025-01-29T03:00:00.000000000,1.419,1.129,0.0,0.0,0.0,0.0
27853,2025-01-29T04:00:00.000000000,1.464,1.175,0.0,0.0,0.3235504614701334,0.0
27853,2025-01-29T05:00:00.000000000,1.712,1.411,0.0,0.0,0.0,0.0
27853,2025-01-29T06:00:00.000000000,1.604,1.314,0.0,0.0,0.3232573903999611,0.0
27853,2025-01-29T07:00:00.000000000,1.548,1.262,0.0,0.0,0.0,0.0
27853,2025-01-29T08:00:00.000000000,1.76,1.4020000000000001,0.0,0.0,2.5655441482876333,0.0
27853,2025-01-29T09:00:00.000000000,1.692,1.338,0.0,0.0,0.3235504614701334,0.0
27853,2025-01-29T10:00:00.000000000,1.7149999999999999,1.4249999999999998,0.0,0.0,0.0,0.0
27853,2025-01-29T11:00:00.000000000,1.679,1.39,0.0,0.0,0.3235504614701334,0.0
27853,2025-01-29T12:00:00.000000000,1.553,1.265,0.0,0.0,0.3493407156452889,0.0
27853,2025-01-29T13:00:00.000000000,1.268,0.9799999999999999,0.0,0.0,0.7599332849565722,0.0
27853,2025-01-29T14:00:00.000000000,0.97,0.684,0.0,0.0,0.0,0.0
27853,2025-01-29T15:00:00.000000000,0.776,0.488,0.0,0.0,0.3235504614701334,0.0
27853,2025-01-29T16:00:00.000000000,0.517,0.229,0.0,0.0,0.0,0.0
27853,2025-01-29T17:00:00.000000000,0.315,0.014,0.0,0.013,0.3235504614701334,0.0
27853,2025-01-29T18:00:00.000000000,0.41000000000000003,0.0,0.0,0.054000000000000006,2.4213531817629,0.0
27853,2025-01-29T19:00:00.000000000,0.7149999999999999,0.0,0.0,0.123,1.7906642387522778,0.0
27853,2025-01-29T20:00:00.000000000,1.787,0.0,0.0,0.22299999999999998,0.3232573903999611,0.0
27853,2025-01-29T21:00:00.000000000,0.949,0.0,0.0,0.136,0.0,0.0
27853,2025-01-29T22:00:00.000000000,0.776,0.0,0.0,0.061999999999999986,0.6728911771154222,0.0
27853,2025-01-29T23:00:00.000000000,0.6890000000000001,0.003,0.0,0.01,0.0,0.0
27853,2025-01-30T00:00:00.000000000,1.092,0.44700000000000006,0.0,0.0,0.3235504614701334,0.0
27853,2025-01-30T01:00:00.000000000,0.927,0.362,0.0,0.0,0.7033705684133333,0.0
27853,2025-01-30T02:00:00.000000000,0.887,0.532,0.0,0.0,2.1874824677654665,0.0
27853,2025-01-30T03:00:00.000000000,0.848,0.556,0.0,0.0,0.3235504614701334,0.0
27853,2025-01-30T04:00:00.000000000,0.92,0.628,0.0,0.0,0.0,0.0
27853,2025-01-30T05:00:00.000000000,1.136,0.836,0.0,0.0,0.3235504614701334,0.0
27853,2025-01-30T06:00:00.000000000,1.063,0.7729999999999999,0.0,0.0,0.0,0.0
27853,2025-01-30T07:00:00.000000000,1.05,0.7649999999999999,0.0,0.0,0.32325739039996115,0.0
27853,2025-01-30T08:00:00.000000000,1.099,0.815,0.0,0.0,0.0,0.0
27853,2025-01-30T09:00:00.000000000,1.164,0.877,0.0,0.0,0.3232573903999611,0.0
27853,2025-01-30T10:00:00.000000000,1.1769999999999998,0.888,0.0,0.0,0.0,0.0
27853,2025-01-30T11:00:00.000000000,1.214,0.923,0.0,0.0,0.3235504614701334,0.0
27853,2025-01-30T12:00:00.000000000,1.15,0.8600000000000001,0.0,0.0,0.0,0.0
27853,2025-01-30T13:00:00.000000000,0.8599999999999999,0.574,0.0,0.0,0.3235504614701334,0.0
27853,2025-01-30T14:00:00.000000000,0.47600000000000003,0.189,0.0,0.0,0.3232573903999611,0.0
27853,2025-01-30T15:00:00.000000000,0.357,0.0,0.0,0.069,0.0,0.0
27853,2025-01-30T16:00:00.000000000,0.471,0.0,0.0,0.183,0.3235504614701334,0.0
27853,2025-01-30T17:00:00.000000000,0.501,0.0,0.0,0.21200000000000002,0.0,0.0
27853,2025-01-30T18:00:00.000000000,0.45199999999999996,0.0,0.0,0.164,0.3235504614701334,0.0
27853,2025-01-30T19:00:00.000000000,0.6779999999999999,0.0,0.0,0.157,0.0,0.0
27853,2025-01-30T20:00:00.000000000,0.7750000000000001,0.0,0.0,0.11699999999999999,0.3232573903999611,0.0
27853,2025-01-30T21:00:00.000000000,0.7710000000000001,0.0,0.0,0.055,0.0,0.0
27853,2025-01-30T22:00:00.000000000,0.758,0.039999999999999994,0.0,0.003,0.3235504614701334,0.0
27853,2025-01-30T23:00:00.000000000,0.9339999999999999,0.258,0.0,0.0,1.181369483864228,0.0
27853,2025-01-31T00:00:00.000000000,1.379,0.887,0.0,0.0,0.650031633641989,0.0
27853,2025-01-31T01:00:00.000000000,1.2240000000000002,0.9169999999999999,0.0,0.0,0.7001467866414389,0.0
27853,2025-01-31T02:00:00.000000000,1.3479999999999999,1.053,0.0,0.0,2.349257698500533,0.0
27853,2025-01-31T03:00:00.000000000,1.451,1.161,0.0,0.0,0.10286794563045,0.0
27853,2025-01-31T04:00:00.000000000,1.689,1.4000000000000001,0.0,0.0,1.2695838759860667,0.0
27853,2025-01-31T05:00:00.000000000,1.9300000000000002,1.63,0.0,0.0,0.3235504614701334,0.0
27853,2025-01-31T06:00:00.000000000,1.862,1.525,0.0,0.0,0.3232573903999611,0.0
27853,2025-01-31T07:00:00.000000000,1.8379999999999999,1.537,0.0,0.0,0.0,0.0
27853,2025-01-31T08:00:00.000000000,1.868,1.584,0.0,0.0,0.3235504614701334,0.0
27853,2025-01-31T09:00:00.000000000,2.1350000000000002,1.72,0.0,0.0,2.1605199293096224,0.0
27853,2025-01-31T10:00:00.000000000,3.1010000000000004,1.201,0.0,0.0,1.6705050999816666,0.0
27853,2025-01-31T11:00:00.000000000,2.008,1.501,0.0,0.0,0.3232573903999611,0.0
27853,2025-01-31T12:00:00.000000000,1.6800000000000002,1.391,0.0,0.0,0.0,0.0
27853,2025-01-31T13:00:00.000000000,1.311,1.024,0.0,0.0,2.037137008767117,0.0
27853,2025-01-31T14:00:00.000000000,0.7130000000000001,0.425,0.0,0.0,0.0,0.0
27853,2025-01-31T15:00:00.000000000,0.34900000000000003,0.048,0.0,0.013000000000000001,0.3235504614701334,0.0
27853,2025-01-31T16:00:00.000000000,0.40199999999999997,0.0,0.0,0.11300000000000002,0.0,0.0
27853,2025-01-31T17:00:00.000000000,0.52,0.0,0.0,0.231,0.3235504614701334,0.0
27853,2025-01-31T18:00:00.000000000,0.572,0.0,0.0,0.28500000000000003,0.0,0.0
27853,2025-01-31T19:00:00.000000000,0.531,0.0,0.0,0.24,0.3232573903999611,0.0
27853,2025-01-31T20:00:00.000000000,0.761,0.0,0.0,0.17900000000000002,0.0,0.0
27853,2025-01-31T21:00:00.000000000,0.8260000000000001,0.0,0.0,0.111,0.3235504614701334,0.0
27853,2025-01-31T22:00:00.000000000,0.487,0.067,0.0,0.013,0.0,0.0
27853,2025-01-31T23:00:00.000000000,0.6020000000000001,0.29900000000000004,0.0,0.0,0.3235504614701334,0.0
27853,2025-02-01T00:00:00.000000000,1.287,0.9610000000000001,0.0,0.0,1.2689977338457221,0.0
27853,2025-02-01T01:00:00.000000000,1.1019999999999999,0.7949999999999999,0.0,0.0,0.3235504614701334,0.0
27853,2025-02-01T02:00:00.000000000,1.065,0.7710000000000001,0.0,0.0,0.0,0.0
27853,2025-02-01T03:00:00.000000000,1.138,0.848,0.0,0.0,0.3235504614701334,0.0
27853,2025-02-01T04:00:00.000000000,1.2089999999999999,0.92,0.0,0.0,0.3232573903999611,0.0
27853,2025-02-01T05:00:00.000000000,1.4340000000000002,1.1340000000000001,0.0,0.0,0.0,0.0
27853,2025-02-01T06:00:00.000000000,1.3840000000000001,1.093,0.0,0.0,0.3235504614701334,0.0
27853,2025-02-01T07:00:00.000000000,2.225,0.511,0.0,0.0,0.0,0.0
27853,2025-02-01T08:00:00.000000000,2.447,0.218,0.0,0.0,0.3235504614701334,0.0
27853,2025-02-01T09:00:00.000000000,2.383,0.153,0.0,0.0,0.0,0.0
27853,2025-02-01T10:00:00.000000000,1.472,0.504,0.0,0.0,0.3232573903999611,0.0
27853,2025-02-01T11:00:00.000000000,1.04,0.751,0.0,0.0,0.0,0.0
27853,2025-02-01T12:00:00.000000000,0.7260000000000001,0.437,0.0,0.0,0.3235504614701334,0.0
27853,2025-02-01T13:00:00.000000000,0.35300000000000004,0.053,0.0,0.014,0.0,0.0
27853,2025-02-01T14:00:00.000000000,0.413,0.0,0.0,0.125,0.3235504614701334,0.0
27853,2025-02-01T15:00:00.000000000,0.5850000000000001,0.0,0.0,0.29800000000000004,0.0,0.0
27853,2025-02-01T16:00:00.000000000,0.7349999999999999,0.0,0.0,0.447,0.3232573903999611,0.0
27853,2025-02-01T17:00:00.000000000,0.848,0.0,0.0,0.56,0.0,0.0
27853,2025-02-01T18:00:00.000000000,0.894,0.0,0.0,0.606,0.3235504614701334,0.0
27853,2025-02-01T19:00:00.000000000,1.032,0.0,0.0,0.591,0.0,0.0
27853,2025-02-01T20:00:00.000000000,2.636,0.0,0.0,0.5970000000000001,0.3235504614701334,0.0
27853,2025-02-01T21:00:00.000000000,1.699,0.0,0.0,0.419,0.0,0.0
27853,2025-02-01T22:00:00.000000000,0.9309999999999999,0.0,0.0,0.22299999999999998,0.32325739039996115,0.0
27853,2025-02-01T23:00:00.000000000,0.776,0.0,0.0,0.091,1.2780829370210611,0.0
27853,2025-02-02T00:00:00.000000000,1.115,0.44599999999999995,0.0,0.005,1.6792972320868333,0.0
27853,2025-02-02T01:00:00.000000000,1.033,0.445,0.0,0.0,1.109274000601861,0.0
27853,2025-02-02T02:00:00.000000000,1.093,0.622,0.0,0.0,0.3493407156452889,0.0
27853,2025-02-02T03:00:00.000000000,1.251,0.9229999999999999,0.0,0.0,0.0,0.0
27853,2025-02-02T04:00:00.000000000,1.395,1.107,0.0,0.0,0.6728911771154222,0.0
27853,2025-02-02T05:00:00.000000000,1.637,1.337,0.0,0.0,0.0,0.0
27853,2025-02-02T06:00:00.000000000,1.69,1.351,0.0,0.0,2.4708821926220055,0.0
27853,2025-02-02T07:00:00.000000000,1.6349999999999998,1.3330000000000002,0.0,0.0,0.2546787599796611,0.0
27853,2025-02-02T08:00:00.000000000,1.748,1.464,0.0,0.0,0.3232573903999611,0.0
27853,2025-02-02T09:00:00.000000000,1.934,1.605,0.0,0.0,0.0,0.0
27853,2025-02-02T10:00:00.000000000,2.226,1.777,0.0,0.0,2.393511430096539,0.0
27853,2025-02-02T11:00:00.000000000,2.092,1.802,0.0,0.0,0.3232573903999611,0.0
27853,2025-02-02T12:00:00.000000000,1.6630000000000003,1.375,0.0,0.0,0.0,0.0
27853,2025-02-02T13:00:00.000000000,0.9709999999999999,0.6849999999999999,0.0,0.0,0.3493407156452889,0.0
27853,2025-02-02T14:00:00.000000000,0.399,0.10500000000000001,0.0,0.008,0.6465147807999222,0.0
27853,2025-02-02T15:00:00.000000000,0.40399999999999997,0.0,0.0,0.117,0.0,0.0
27853,2025-02-02T16:00:00.000000000,0.5640000000000001,0.0,0.0,0.275,0.3235504614701334,0.0
27853,2025-02-02T17:00:00.000000000,0.7169999999999999,0.0,0.0,0.429,0.0,0.0
27853,2025-02-02T18:00:00.000000000,0.7910000000000001,0.0,0.0,0.503,0.32325739039996104,0.0
27853,2025-02-02T19:00:00.000000000,0.7529999999999999,0.0,0.0,0.46199999999999997,0.0,0.0
27853,2025-02-02T20:00:00.000000000,0.624,0.0,0.0,0.329,0.3232573903999611,0.0
27853,2025-02-02T21:00:00.000000000,0.486,0.0,0.0,0.18600000000000003,0.0,0.0
27853,2025-02-02T22:00:00.000000000,0.381,0.0,0.0,0.081,0.3235504614701334,0.0
27853,2025-02-02T23:00:00.000000000,1.042,0.0,0.0,0.042,0.3434792942418444,0.0
27853,2025-02-03T00:00:00.000000000,1.862,0.544,0.0,0.002,0.6787525985188667,0.0
27853,2025-02-03T01:00:00.000000000,1.125,0.7510000000000001,0.0,0.0,0.0,0.0
27853,2025-02-03T02:00:00.000000000,1.246,0.9530000000000001,0.0,0.0,0.3235504614701334,0.0
27853,2025-02-03T03:00:00.000000000,1.499,1.208,0.0,0.0,0.0,0.0
27853,2025-02-03T04:00:00.000000000,1.6800000000000002,1.39,0.0,0.0,0.3235504614701334,0.0
27853,2025-02-03T05:00:00.000000000,2.1020000000000003,1.801,0.0,0.0,0.0,0.0
27853,2025-02-03T06:00:00.000000000,2.1109999999999998,1.8210000000000002,0.0,0.0,0.3232573903999611,0.0
27853,2025-02-03T07:00:00.000000000,2.1860000000000004,1.8980000000000001,0.0,0.0,0.0,0.0
27853,2025-02-03T08:00:00.000000000,2.291,2.004,0.0,0.0,0.3235504614701334,0.0
27853,2025-02-03T09:00:00.000000000,2.4010000000000002,2.113,0.0,0.0,0.0,0.0
27853,2025-02-03T10:00:00.000000000,2.508,2.16,0.0,0.0,0.3235504614701334,0.0
27853,2025-02-03T11:00:00.000000000,2.482,1.946,0.0,0.0,0.3232573903999611,0.0
27853,2025-02-03T12:00:00.000000000,1.969,1.433,0.0,0.0,0.0,0.0
27853,2025-02-03T13:00:00.000000000,1.1420000000000001,0.608,0.0,0.0,0.3235504614701334,0.0
27853,2025-02-03T14:00:00.000000000,0.5940000000000001,0.023,0.0,0.032,0.0,0.0
27853,2025-02-03T15:00:00.000000000,0.7049999999999998,0.0,0.0,0.16,1.2440866928810834,0.0
27853,2025-02-03T16:00:00.000000000,0.861,0.0,0.0,0.31300000000000006,0.3493407156452889,0.0
27853,2025-02-03T17:00:00.000000000,1.506,0.0,0.0,0.479,0.3235504614701334,0.0
27853,2025-02-03T18:00:00.000000000,1.052,0.0,0.0,0.497,0.0,0.0
27853,2025-02-03T19:00:00.000000000,1.046,0.0,0.0,0.46099999999999997,0.3235504614701334,0.0
27853,2025-02-03T20:00:00.000000000,0.997,0.0,0.0,0.35000000000000003,0.703077497343161,0.0
27853,2025-02-03T21:00:00.000000000,0.9199999999999999,0.0,0.0,0.22399999999999998,0.0,0.0
27853,2025-02-03T22:00:00.000000000,1.865,0.0,0.0,0.186,0.7570025742548501,0.0
27853,2025-02-03T23:00:00.000000000,0.7150000000000001,0.01,0.0,0.020999999999999998,1.1192384169877165,0.0
27853,2025-02-04T00:00:00.000000000,1.437,0.7729999999999999,0.0,0.0,0.4548463009072889,0.0
27853,2025-02-04T01:00:00.000000000,1.358,0.77,0.0,0.0,0.5937619881689222,0.0
27853,2025-02-04T02:00:00.000000000,1.389,0.9550000000000001,0.0,0.0,0.7033705684133333,0.0
27853,2025-02-04T03:00:00.000000000,1.551,1.259,0.0,0.0,0.0,0.0
27853,2025-02-04T04:00:00.000000000,1.769,1.4809999999999999,0.0,0.0,0.3235504614701334,0.0
27853,2025-02-04T05:00:00.000000000,2.1639999999999997,1.8639999999999999,0.0,0.0,0.0,0.0
27853,2025-02-04T06:00:00.000000000,2.1399999999999997,1.8479999999999999,0.0,0.0,0.3235504614701334,0.0
27853,2025-02-04T07:00:00.000000000,2.1790000000000003,1.8929999999999998,0.0,0.0,0.0,0.0
27853,2025-02-04T08:00:00.000000000,2.264,1.9769999999999999,0.0,0.0,0.3232573903999611,0.0
27853,2025-02-04T09:00:00.000000000,2.336,2.048,0.0,0.0,0.0,0.0
27853,2025-02-04T10:00:00.000000000,2.415,2.1260000000000003,0.0,0.0,0.3235504614701334,0.0
27853,2025-02-04T11:00:00.000000000,2.351,2.0629999999999997,0.0,0.0,0.0,0.0
27853,2025-02-04T12:00:00.000000000,2.085,1.608,0.0,0.0,2.344568561377778,0.0
27853,2025-02-04T13:00:00.000000000,1.232,0.697,0.0,0.0,0.0,0.0
27853,2025-02-04T14:00:00.000000000,0.652,0.178,0.0,0.0,2.1570030764675554,0.0
27853,2025-02-04T15:00:00.000000000,2.088,0.0,0.0,0.21200000000000002,0.3235504614701334,0.0
27853,2025-02-04T16:00:00.000000000,1.441,0.0,0.0,0.311,1.1415118183208057,0.0
27853,2025-02-04T17:00:00.000000000,0.836,0.0,0.0,0.29700000000000004,3.726691728309978,0.0
27853,2025-02-04T18:00:00.000000000,0.903,0.0,0.0,0.347,1.6092532463156721,0.0
27853,2025-02-04T19:00:00.000000000,0.914,0.0,0.0,0.32799999999999996,3.3650420277174558,0.0
27853,2025-02-04T20:00:00.000000000,0.945,0.0,0.0,0.299,1.6280097948066945,0.0
27853,2025-02-04T21:00:00.000000000,0.897,0.0,0.0,0.198,1.8214367011203612,0.0
27853,2025-02-04T22:00:00.000000000,0.835,0.0,0.0,0.128,0.3493407156452889,0.0
27853,2025-02-04T23:00:00.000000000,1.186,0.0,0.0,0.081,0.0,0.0
27853,2025-02-05T00:00:00.000000000,1.6929999999999998,0.43600000000000005,0.0,0.042,0.6652713292909443,0.0
27853,2025-02-05T01:00:00.000000000,1.131,0.5429999999999999,0.0,0.0,2.9365721231256665,0.0
27853,2025-02-05T02:00:00.000000000,1.079,0.6090000000000001,0.0,0.0,1.2446728350214278,0.0
27853,2025-02-05T03:00:00.000000000,1.195,0.904,0.0,0.0,1.2437936218109111,0.0
27853,2025-02-05T04:00:00.000000000,1.289,1.0,0.0,0.0,0.0,0.0
27853,2025-02-05T05:00:00.000000000,1.5979999999999999,1.298,0.0,0.0,0.3235504614701334,0.0
27853,2025-02-05T06:00:00.000000000,1.5310000000000001,1.24,0.0,0.0,0.0,0.0
27853,2025-02-05T07:00:00.000000000,1.5420000000000003,1.2550000000000001,0.0,0.0,0.3235504614701334,0.0
27853,2025-02-05T08:00:00.000000000,1.6130000000000002,1.328,0.0,0.0,0.0,0.0
27853,2025-02-05T09:00:00.000000000,2.325,1.045,0.0,0.0,0.3232573903999611,0.0
27853,2025-02-05T10:00:00.000000000,2.344,0.987,0.0,0.0,0.0,0.0
27853,2025-02-05T11:00:00.000000000,1.754,1.464,0.0,0.0,0.3235504614701334,0.0
27853,2025-02-05T12:00:00.000000000,1.496,1.2069999999999999,0.0,0.0,0.0,0.0
27853,2025-02-05T13:00:00.000000000,0.8850000000000001,0.596,0.0,0.0,0.3235504614701334,0.0
27853,2025-02-05T14:00:00.000000000,0.36400000000000005,0.06,0.0,0.017,0.0,0.0
27853,2025-02-05T15:00:00.000000000,0.437,0.0,0.0,0.148,0.3232573903999611,0.0
27853,2025-02-05T16:00:00.000000000,0.5830000000000001,0.0,0.0,0.29500000000000004,0.0,0.0
27853,2025-02-05T17:00:00.000000000,0.817,0.0,0.0,0.40299999999999997,0.3235504614701334,0.0
27853,2025-02-05T18:00:00.000000000,0.984,0.0,0.0,0.43,0.0,0.0
27853,2025-02-05T19:00:00.000000000,0.959,0.0,0.0,0.374,0.3235504614701334,0.0
27853,2025-02-05T20:00:00.000000000,0.9289999999999999,0.0,0.0,0.28500000000000003,0.18023870815591667,0.0
27853,2025-02-05T21:00:00.000000000,0.89,0.0,0.0,0.191,0.14301868224404443,0.0
27853,2025-02-05T22:00:00.000000000,0.69,0.0,0.0,0.083,1.0486082890762112,0.0
27853,2025-02-05T23:00:00.000000000,0.7020000000000001,0.0,0.0,0.016,0.7458658735883055,0.0
27853,2025-02-06T00:00:00.000000000,1.149,0.48500000000000004,0.0,0.0,1.04714293372535,0.0
27853,2025-02-06T01:00:00.000000000,0.948,0.5589999999999999,0.0,0.0,1.462717711229561,0.0
27853,2025-02-06T02:00:00.000000000,0.87,0.5760000000000001,0.0,0.0,0.3232573903999611,0.0
27853,2025-02-06T03:00:00.000000000,1.025,0.7349999999999999,0.0,0.0,0.0,0.0
27853,2025-02-06T04:00:00.000000000,1.2129999999999999,0.9249999999999999,0.0,0.0,0.3235504614701334,0.0
27853,2025-02-06T05:00:00.000000000,1.642,1.342,0.0,0.0,0.0,0.0
27853,2025-02-06T06:00:00.000000000,1.718,1.4260000000000002,0.0,0.0,0.3235504614701334,0.0
27853,2025-02-06T07:00:00.000000000,1.976,1.635,0.0,0.0,2.0509113490652107,0.0
27853,2025-02-06T08:00:00.000000000,2.119,1.7409999999999999,0.0,0.0,0.8683695809202945,0.0
27853,2025-02-06T09:00:00.000000000,2.318,1.8769999999999998,0.0,0.0,1.963576170153889,0.0
27853,2025-02-06T10:00:00.000000000,2.402,1.893,0.0,0.0,0.8771617130254611,0.0
27853,2025-02-06T11:00:00.000000000,2.303,2.012,0.0,0.0,1.488801036474889,0.0
27853,2025-02-06T12:00:00.000000000,1.8410000000000002,1.552,0.0,0.0,0.7602263560267444,0.0
27853,2025-02-06T13:00:00.000000000,1.062,0.773,0.0,0.0,0.3493407156452889,0.0
27853,2025-02-06T14:00:00.000000000,0.448,0.161,0.0,0.0,0.3232573903999611,0.0
27853,2025-02-06T15:00:00.000000000,0.364,0.0,0.0,0.076,0.0,0.0
27853,2025-02-06T16:00:00.000000000,0.494,0.0,0.0,0.206,0.3235504614701334,0.0
27853,2025-02-06T17:00:00.000000000,0.617,0.0,0.0,0.32899999999999996,0.0,0.0
27853,2025-02-06T18:00:00.000000000,0.664,0.0,0.0,0.376,0.3235504614701334,0.0
27853,2025-02-06T19:00:00.000000000,0.877,0.0,0.0,0.36,0.0,0.0
27853,2025-02-06T20:00:00.000000000,0.72,0.0,0.0,0.258,0.3232573903999611,0.0
27853,2025-02-06T21:00:00.000000000,2.273,0.0,0.0,0.272,0.0,0.0
27853,2025-02-06T22:00:00.000000000,0.9450000000000001,0.0,0.0,0.13999999999999999,0.3235504614701334,0.0
27853,2025-02-06T23:00:00.000000000,1.053,0.0,0.0,0.054,0.8323218392891111,0.0
27853,2025-02-07T00:00:00.000000000,1.4560000000000002,0.48,0.0,0.0,2.0972165781524224,0.0
27853,2025-02-07T01:00:00.000000000,0.795,0.42100000000000004,0.0,0.0,0.32325739039996115,0.0
27853,2025-02-07T02:00:00.000000000,0.808,0.514,0.0,0.0,0.7027844262729889,0.0
27853,2025-02-07T03:00:00.000000000,0.869,0.5770000000000001,0.0,0.0,0.0,0.0
27853,2025-02-07T04:00:00.000000000,0.953,0.663,0.0,0.0,0.3235504614701334,0.0
27853,2025-02-07T05:00:00.000000000,1.2000000000000002,0.902,0.0,0.0,0.0,0.0
27853,2025-02-07T06:00:00.000000000,1.1390000000000002,0.851,0.0,0.0,0.3235504614701334,0.0
27853,2025-02-07T07:00:00.000000000,1.137,0.853,0.0,0.0,0.0,0.0
27853,2025-02-07T08:00:00.000000000,1.308,0.948,0.0,0.0,1.2200548651269612,0.0
27853,2025-02-07T09:00:00.000000000,1.649,0.721,0.0,0.0,0.0,0.0
27853,2025-02-07T10:00:00.000000000,1.4169999999999998,0.907,0.0,0.0,0.3235504614701334,0.0
27853,2025-02-07T11:00:00.000000000,1.396,0.861,0.0,0.0,0.0,0.0
27853,2025-02-07T12:00:00.000000000,1.146,0.607,0.0,0.0,0.3235504614701334,0.0
27853,2025-02-07T13:00:00.000000000,0.8919999999999999,0.35800000000000004,0.0,0.0,0.0,0.0
27853,2025-02-07T14:00:00.000000000,0.657,0.11900000000000001,0.0,0.0,0.6728911771154222,0.0
27853,2025-02-07T15:00:00.000000000,0.577,0.0,0.0,0.031,1.1816625549344,0.0
27853,2025-02-07T16:00:00.000000000,0.645,0.0,0.0,0.097,0.0,0.0
27853,2025-02-07T17:00:00.000000000,0.536,0.0,0.0,0.182,0.8323218392891111,0.0
27853,2025-02-07T18:00:00.000000000,0.7979999999999999,0.0,0.0,0.30600000000000005,1.5919620531755112,0.0
27853,2025-02-07T19:00:00.000000000,0.9349999999999999,0.0,0.0,0.351,0.3493407156452889,0.0
27853,2025-02-07T20:00:00.000000000,0.9149999999999999,0.0,0.0,0.27,1.30563161761725,0.0
27853,2025-02-07T21:00:00.000000000,0.75,0.0,0.0,0.155,0.3235504614701334,0.0
27853,2025-02-07T22:00:00.000000000,0.7669999999999999,0.0,0.0,0.05899999999999999,0.3493407156452889,0.0
27853,2025-02-07T23:00:00.000000000,0.638,0.233,0.0,0.0,0.3235504614701334,0.0
27853,2025-02-08T00:00:00.000000000,1.35,1.025,0.0,0.0,0.0,0.0
27853,2025-02-08T01:00:00.000000000,1.25,0.942,0.0,0.0,0.3232573903999611,0.0
27853,2025-02-08T02:00:00.000000000,1.266,0.97,0.0,0.0,0.0,0.0
27853,2025-02-08T03:00:00.000000000,1.3900000000000001,1.099,0.0,0.0,0.3235504614701334,0.0
27853,2025-02-08T04:00:00.000000000,1.474,1.184,0.0,0.0,0.0,0.0
27853,2025-02-08T05:00:00.000000000,1.7600000000000002,1.4609999999999999,0.0,0.0,0.3235504614701334,0.0
27853,2025-02-08T06:00:00.000000000,1.6550000000000002,1.3630000000000002,0.0,0.0,0.0,0.0
27853,2025-02-08T07:00:00.000000000,1.5910000000000002,1.305,0.0,0.0,0.3232573903999611,0.0
27853,2025-02-08T08:00:00.000000000,1.7469999999999999,1.388,0.0,0.0,1.7206202529811168,0.0
27853,2025-02-08T09:00:00.000000000,1.861,1.42,0.0,0.0,2.3551191199039776,0.0
27853,2025-02-08T10:00:00.000000000,1.8490000000000002,1.34,0.0,0.0,1.270170018126411,0.0
27853,2025-02-08T11:00:00.000000000,1.63,1.342,0.0,0.0,0.0,0.0
27853,2025-02-08T12:00:00.000000000,1.405,1.116,0.0,0.0,1.1397533918997722,0.0
27853,2025-02-08T13:00:00.000000000,0.8859999999999999,0.598,0.0,0.0,0.6728911771154222,0.0
27853,2025-02-08T14:00:00.000000000,0.505,0.219,0.0,0.0,0.0,0.0
27853,2025-02-08T15:00:00.000000000,0.32,0.024,0.0,0.008,0.3235504614701334,0.0
27853,2025-02-08T16:00:00.000000000,0.34199999999999997,0.0,0.0,0.05399999999999999,0.0,0.0
27853,2025-02-08T17:00:00.000000000,0.377,0.0,0.0,0.089,0.3235504614701334,0.0
27853,2025-02-08T18:00:00.000000000,0.393,0.0,0.0,0.106,0.0,0.0
27853,2025-02-08T19:00:00.000000000,0.6719999999999999,0.0,0.0,0.155,1.2672393074246888,0.0
27853,2025-02-08T20:00:00.000000000,1.2810000000000001,0.0,0.0,0.21400000000000002,0.7684323459915666,0.0
27853,2025-02-08T21:00:00.000000000,0.9259999999999999,0.0,0.0,0.163,0.0,0.0
27853,2025-02-08T22:00:00.000000000,0.8029999999999999,0.0,0.0,0.09599999999999999,0.3235504614701334,0.0
27853,2025-02-08T23:00:00.000000000,0.714,0.01,0.0,0.018000000000000002,0.8323218392891111,0.0
27853,2025-02-09T00:00:00.000000000,1.381,0.716,0.0,0.0,2.3770994501668943,0.0
27853,2025-02-09T01:00:00.000000000,1.1019999999999999,0.646,0.0,0.0,0.8897637690428667,0.0
27853,2025-02-09T02:00:00.000000000,0.987,0.692,0.0,0.0,0.3493407156452889,0.0
27853,2025-02-09T03:00:00.000000000,1.119,0.826,0.0,0.0,0.3232573903999611,0.0
27853,2025-02-09T04:00:00.000000000,1.226,0.938,0.0,0.0,0.0,0.0
27853,2025-02-09T05:00:00.000000000,1.491,1.1909999999999998,0.0,0.0,0.3235504614701334,0.0
27853,2025-02-09T06:00:00.000000000,1.4060000000000001,1.1139999999999999,0.0,0.0,0.0,0.0
27853,2025-02-09T07:00:00.000000000,1.4089999999999998,1.125,0.0,0.0,0.3235504614701334,0.0
27853,2025-02-09T08:00:00.000000000,1.536,1.25,0.0,0.0,1.1637852196538945,0.0
27853,2025-02-09T09:00:00.000000000,1.717,1.277,0.0,0.0,1.3217505264767224,0.0
27853,2025-02-09T10:00:00.000000000,1.7859999999999998,1.277,0.0,0.0,0.8557675249028889,0.0
27853,2025-02-09T11:00:00.000000000,1.774,1.238,0.0,0.0,1.6042710381227445,0.0
27853,2025-02-09T12:00:00.000000000,1.383,0.845,0.0,0.0,0.7130419137290167,0.0
27853,2025-02-09T13:00:00.000000000,0.678,0.391,0.0,0.0,0.0,0.0
27853,2025-02-09T14:00:00.000000000,0.313,0.02,0.0,0.005,2.517480492779389,0.0
27853,2025-02-09T15:00:00.000000000,0.444,0.0,0.0,0.15600000000000003,1.2918572773191555,0.0
27853,2025-02-09T16:00:00.000000000,0.5790000000000001,0.0,0.0,0.29100000000000004,1.7021567755602667,0.0
27853,2025-02-09T17:00:00.000000000,0.72,0.0,0.0,0.432,0.0,0.0
27853,2025-02-09T18:00:00.000000000,0.7829999999999999,0.0,0.0,0.496,0.3235504614701334,0.0
27853,2025-02-09T19:00:00.000000000,0.7609999999999999,0.0,0.0,0.47,0.0,0.0
27853,2025-02-09T20:00:00.000000000,1.2109999999999999,0.0,0.0,0.402,0.3235504614701334,0.0
27853,2025-02-09T21:00:00.000000000,1.5830000000000002,0.0,0.0,0.333,0.0,0.0
27853,2025-02-09T22:00:00.000000000,0.88,0.0,0.0,0.171,0.7218340458341833,0.0
27853,2025-02-09T23:00:00.000000000,0.722,0.0,0.0,0.035,1.800042512997789,0.0
27853,2025-02-10T00:00:00.000000000,1.181,0.762,0.0,0.0,1.16319907751355,0.0
27853,2025-02-10T01:00:00.000000000,1.0819999999999999,0.775,0.0,0.0,0.9079341753935445,0.0
27853,2025-02-10T02:00:00.000000000,1.184,0.89,0.0,0.0,1.2728076577579612,0.0
27853,2025-02-10T03:00:00.000000000,1.33,1.0390000000000001,0.0,0.0,0.6471009229402668,0.0
27853,2025-02-10T04:00:00.000000000,1.4629999999999999,1.1749999999999998,0.0,0.0,0.0,0.0
27853,2025-02-10T05:00:00.000000000,1.8359999999999999,1.5370000000000001,0.0,0.0,0.3232573903999611,0.0
27853,2025-02-10T06:00:00.000000000,1.854,1.563,0.0,0.0,0.0,0.0
27853,2025-02-10T07:00:00.000000000,1.8699999999999999,1.585,0.0,0.0,0.3235504614701334,0.0
27853,2025-02-10T08:00:00.000000000,1.9019999999999997,1.6170000000000002,0.0,0.0,0.0,0.0
27853,2025-02-10T09:00:00.000000000,1.957,1.6689999999999998,0.0,0.0,0.3235504614701334,0.0
27853,2025-02-10T10:00:00.000000000,2.0789999999999997,1.789,0.0,0.0,0.0,0.0
27853,2025-02-10T11:00:00.000000000,2.051,1.761,0.0,0.0,0.3232573903999611,0.0
27853,2025-02-10T12:00:00.000000000,1.5790000000000002,1.2890000000000001,0.0,0.0,0.0,0.0
27853,2025-02-10T13:00:00.000000000,0.8959999999999999,0.608,0.0,0.0,0.3235504614701334,0.0
27853,2025-02-10T14:00:00.000000000,0.356,0.049,0.0,0.020999999999999998,0.0,0.0
27853,2025-02-10T15:00:00.000000000,0.457,0.0,0.0,0.16899999999999998,0.3235504614701334,0.0
27853,2025-02-10T16:00:00.000000000,0.633,0.0,0.0,0.34500000000000003,0.3232573903999611,0.0
27853,2025-02-10T17:00:00.000000000,0.992,0.0,0.0,0.515,0.0,0.0
27853,2025-02-10T18:00:00.000000000,1.177,0.0,0.0,0.622,0.3235504614701334,0.0
27853,2025-02-10T19:00:00.000000000,1.198,0.0,0.0,0.614,0.0,0.0
27853,2025-02-10T20:00:00.000000000,1.134,0.0,0.0,0.488,0.3235504614701334,0.0
27853,2025-02-10T21:00:00.000000000,1.0110000000000001,0.0,0.0,0.312,1.6564376886134,0.0
27853,2025-02-10T22:00:00.000000000,0.88,0.0,0.0,0.17200000000000001,2.0617549786615834,0.0
27853,2025-02-10T23:00:00.000000000,0.7710000000000001,0.028,0.0,0.057999999999999996,1.7619432738754002,0.0
27853,2025-02-11T00:00:00.000000000,1.25,0.586,0.0,0.0,0.6986814312905778,0.0
27853,2025-02-11T01:00:00.000000000,1.2160000000000002,0.629,0.0,0.0,0.7596402138864,0.0
27853,2025-02-11T02:00:00.000000000,1.208,0.7369999999999999,0.0,0.0,0.3235504614701334,0.0
27853,2025-02-11T03:00:00.000000000,1.3479999999999999,1.021,0.0,0.0,0.0,0.0
27853,2025-02-11T04:00:00.000000000,1.528,1.2389999999999999,0.0,0.0,0.3235504614701334,0.0
27853,2025-02-11T05:00:00.000000000,1.9249999999999998,1.626,0.0,0.0,0.0,0.0
27853,2025-02-11T06:00:00.000000000,1.911,1.621,0.0,0.0,0.3232573903999611,0.0
27853,2025-02-11T07:00:00.000000000,1.8860000000000001,1.601,0.0,0.0,0.0,0.0
27853,2025-02-11T08:00:00.000000000,1.9449999999999998,1.658,0.0,0.0,0.3235504614701334,0.0
27853,2025-02-11T09:00:00.000000000,2.045,1.758,0.0,0.0,0.0,0.0
27853,2025-02-11T10:00:00.000000000,2.135,1.846,0.0,0.0,0.3235504614701334,0.0
27853,2025-02-11T11:00:00.000000000,2.1750000000000003,1.698,0.0,0.0,1.5910828399649946,0.0
27853,2025-02-11T12:00:00.000000000,1.6880000000000002,1.15,0.0,0.0,0.7221271169043555,0.0
27853,2025-02-11T13:00:00.000000000,1.029,0.495,0.0,0.0,1.649697053999439,0.0
27853,2025-02-11T14:00:00.000000000,0.5850000000000001,0.0,0.0,0.048,0.8475615349380666,0.0
27853,2025-02-11T15:00:00.000000000,0.692,0.0,0.0,0.146,5.885160160128394,0.0
27853,2025-02-11T16:00:00.000000000,0.905,0.0,0.0,0.357,0.7526065082022666,0.0
27853,2025-02-11T17:00:00.000000000,0.98,0.0,0.0,0.439,0.7599332849565722,0.0
27853,2025-02-11T18:00:00.000000000,0.94,0.0,0.0,0.454,0.0,0.0
27853,2025-02-11T19:00:00.000000000,1.381,0.0,0.0,0.444,2.112456273801378,0.0
27853,2025-02-11T20:00:00.000000000,3.134,0.0,0.0,0.545,0.0,0.0
27853,2025-02-11T21:00:00.000000000,1.549,0.0,0.0,0.33299999999999996,0.6468078518700945,0.0
27853,2025-02-11T22:00:00.000000000,1.4929999999999999,0.0,0.0,0.23500000000000001,0.0,0.0
27853,2025-02-11T23:00:00.000000000,0.7589999999999999,0.0,0.0,0.07300000000000001,0.3235504614701334,0.0
27853,2025-02-12T00:00:00.000000000,1.28,0.614,0.0,0.003,0.3493407156452889,0.0
27853,2025-02-12T01:00:00.000000000,1.3339999999999999,0.7469999999999999,0.0,0.0,1.4753197672469667,0.0
27853,2025-02-12T02:00:00.000000000,1.4340000000000002,0.9630000000000001,0.0,0.0,2.333431860711233,0.0
27853,2025-02-12T03:00:00.000000000,1.513,1.185,0.0,0.0,0.0,0.0
27853,2025-02-12T04:00:00.000000000,1.746,1.4570000000000003,0.0,0.0,0.42319462532868896,0.0
27853,2025-02-12T05:00:00.000000000,2.101,1.8019999999999998,0.0,0.0,0.23094000329571113,0.0
27853,2025-02-12T06:00:00.000000000,2.1020000000000003,1.812,0.0,0.0,1.502282305702811,0.0
27853,2025-02-12T07:00:00.000000000,2.1109999999999998,1.771,0.0,0.0,0.0,0.0
27853,2025-02-12T08:00:00.000000000,2.216,1.839,0.0,0.0,0.3235504614701334,0.0
27853,2025-02-12T09:00:00.000000000,2.465,2.024,0.0,0.0,2.498137802148022,0.0
27853,2025-02-12T10:00:00.000000000,2.558,2.109,0.0,0.0,2.8307734667934943,0.0
27853,2025-02-12T11:00:00.000000000,2.2969999999999997,2.007,0.0,0.0,0.7335568886410722,0.0
27853,2025-02-12T12:00:00.000000000,1.858,1.567,0.0,0.0,1.9105303064527166,0.0
27853,2025-02-12T13:00:00.000000000,1.016,0.729,0.0,0.0,0.6986814312905778,0.0
27853,2025-02-12T14:00:00.000000000,0.403,0.103,0.0,0.013,0.3493407156452889,0.0
27853,2025-02-12T15:00:00.000000000,0.434,0.0,0.0,0.146,0.3235504614701334,0.0
27853,2025-02-12T16:00:00.000000000,0.5870000000000001,0.0,0.0,0.29900000000000004,0.0,0.0
27853,2025-02-12T17:00:00.000000000,0.685,0.0,0.0,0.397,0.3235504614701334,0.0
27853,2025-02-12T18:00:00.000000000,0.681,0.0,0.0,0.393,0.0,0.0
27853,2025-02-12T19:00:00.000000000,0.629,0.0,0.0,0.338,0.32325739039996115,0.0
27853,2025-02-12T20:00:00.000000000,0.55,0.0,0.0,0.255,0.0,0.0
27853,2025-02-12T21:00:00.000000000,0.43799999999999994,0.0,0.0,0.13699999999999998,0.3235504614701334,0.0
27853,2025-02-12T22:00:00.000000000,0.468,0.0,0.0,0.065,0.0,0.0
27853,2025-02-12T23:00:00.000000000,0.416,0.11199999999999999,0.0,0.0,0.3235504614701334,0.0
27853,2025-02-13T00:00:00.000000000,1.0479999999999998,0.723,0.0,0.0,0.0,0.0
27853,2025-02-13T01:00:00.000000000,0.922,0.614,0.0,0.0,0.3232573903999611,0.0
27853,2025-02-13T02:00:00.000000000,0.911,0.617,0.0,0.0,0.0,0.0
27853,2025-02-13T03:00:00.000000000,0.982,0.6890000000000001,0.0,0.0,0.3232573903999611,0.0
27853,2025-02-13T04:00:00.000000000,1.034,0.746,0.0,0.0,0.0,0.0
27853,2025-02-13T05:00:00.000000000,1.245,0.9460000000000001,0.0,0.0,0.3235504614701334,0.0
27853,2025-02-13T06:00:00.000000000,1.154,0.864,0.0,0.0,0.0,0.0
27853,2025-02-13T07:00:00.000000000,1.1150000000000002,0.827,0.0,0.0,0.3235504614701334,0.0
27853,2025-02-13T08:00:00.000000000,1.13,0.844,0.0,0.0,0.0,0.0
27853,2025-02-13T09:00:00.000000000,1.324,0.995,0.0,0.0,2.5573381583228114,0.0
27853,2025-02-13T10:00:00.000000000,1.3359999999999999,0.871,0.0,0.0,1.2795482923719221,0.0
27853,2025-02-13T11:00:00.000000000,1.161,0.871,0.0,0.0,0.0,0.0
27853,2025-02-13T12:00:00.000000000,1.0350000000000001,0.7460000000000001,0.0,0.0,0.3232573903999611,0.0
27853,2025-02-13T13:00:00.000000000,0.8560000000000001,0.569,0.0,0.0,0.0,0.0
27853,2025-02-13T14:00:00.000000000,0.791,0.505,0.0,0.0,2.098388862433111,0.0
27853,2025-02-13T15:00:00.000000000,0.594,0.305,0.0,0.0,0.0,0.0
27853,2025-02-13T16:00:00.000000000,0.499,0.21099999999999997,0.0,0.0,0.3232573903999611,0.0
27853,2025-02-13T17:00:00.000000000,0.446,0.158,0.0,0.0,0.0,0.0
27853,2025-02-13T18:00:00.000000000,0.439,0.151,0.0,0.0,0.3235504614701334,0.0
27853,2025-02-13T19:00:00.000000000,0.445,0.155,0.0,0.0,0.0,0.0
27853,2025-02-13T20:00:00.000000000,0.444,0.14900000000000002,0.0,0.0,0.3235504614701334,0.0
27853,2025-02-13T21:00:00.000000000,2.2270000000000003,0.001,0.0,0.135,0.0,0.0
27853,2025-02-13T22:00:00.000000000,1.4929999999999999,0.0,0.0,0.048,0.6881308727643778,0.0
27853,2025-02-13T23:00:00.000000000,0.9590000000000001,0.054000000000000006,0.0,0.004,0.3408416546102945,0.0
27853,2025-02-14T00:00:00.000000000,1.209,0.5449999999999999,0.0,0.0,0.67259810604525,0.0
27853,2025-02-14T01:00:00.000000000,1.126,0.539,0.0,0.0,2.230270844010611,0.0
27853,2025-02-14T02:00:00.000000000,0.953,0.593,0.0,0.0,1.6368019269118612,0.0
27853,2025-02-14T03:00:00.000000000,0.9470000000000001,0.6559999999999999,0.0,0.0,0.7033705684133333,0.0
27853,2025-02-14T04:00:00.000000000,0.982,0.6930000000000001,0.0,0.0,0.3235504614701334,0.0
27853,2025-02-14T05:00:00.000000000,1.206,0.9069999999999999,0.0,0.0,0.0,0.0
27853,2025-02-14T06:00:00.000000000,1.1280000000000001,0.8360000000000001,0.0,0.0,0.3232573903999611,0.0
27853,2025-02-14T07:00:00.000000000,1.094,0.806,0.0,0.0,0.0,0.0
27853,2025-02-14T08:00:00.000000000,1.109,0.825,0.0,0.0,0.3235504614701334,0.0
27853,2025-02-14T09:00:00.000000000,1.203,0.8739999999999999,0.0,0.0,0.8862469162008,0.0
27853,2025-02-14T10:00:00.000000000,1.1829999999999998,0.894,0.0,0.0,0.3235504614701334,0.0
27853,2025-02-14T11:00:00.000000000,1.164,0.875,0.0,0.0,0.0,0.0
27853,2025-02-14T12:00:00.000000000,1.092,0.8029999999999999,0.0,0.0,0.3235504614701334,0.0
27853,2025-02-14T13:00:00.000000000,1.024,0.736,0.0,0.0,1.3003563383541499,0.0
27853,2025-02-14T14:00:00.000000000,0.815,0.528,0.0,0.0,0.3235504614701334,0.0
27853,2025-02-14T15:00:00.000000000,0.644,0.35600000000000004,0.0,0.0,0.0,0.0
27853,2025-02-14T16:00:00.000000000,0.486,0.19799999999999998,0.0,0.0,0.3232573903999611,0.0
27853,2025-02-14T17:00:00.000000000,0.332,0.041,0.0,0.002,0.0,0.0
27853,2025-02-14T18:00:00.000000000,0.32499999999999996,0.0,0.0,0.037,0.3235504614701334,0.0
27853,2025-02-14T19:00:00.000000000,0.5489999999999999,0.0,0.0,0.10800000000000001,0.0,0.0
27853,2025-02-14T20:00:00.000000000,0.8,0.0,0.0,0.155,0.3235504614701334,0.0
27853,2025-02-14T21:00:00.000000000,0.828,0.0,0.0,0.13,0.26171246566379447,0.0
27853,2025-02-14T22:00:00.000000000,0.7910000000000001,0.0,0.0,0.082,0.061837995806338884,0.0
27853,2025-02-14T23:00:00.000000000,0.714,0.0,0.0,0.028,0.3235504614701334,0.0
27853,2025-02-15T00:00:00.000000000,1.046,0.627,0.0,0.0,1.977057439381811,0.0
27853,2025-02-15T01:00:00.000000000,0.841,0.533,0.0,0.0,0.6986814312905778,0.0
27853,2025-02-15T02:00:00.000000000,0.8899999999999999,0.5950000000000001,0.0,0.0,1.561189590807428,0.0
27853,2025-02-15T03:00:00.000000000,0.906,0.615,0.0,0.0,0.3235504614701334,0.0
27853,2025-02-15T04:00:00.000000000,0.964,0.674,0.0,0.0,0.0,0.0
27853,2025-02-15T05:00:00.000000000,1.1549999999999998,0.857,0.0,0.0,0.3232573903999611,0.0
27853,2025-02-15T06:00:00.000000000,1.08,0.7889999999999999,0.0,0.0,0.0,0.0
27853,2025-02-15T07:00:00.000000000,1.05,0.7650000000000001,0.0,0.0,0.3235504614701334,0.0
27853,2025-02-15T08:00:00.000000000,1.017,0.7310000000000001,0.0,0.0,0.0,0.0
27853,2025-02-15T09:00:00.000000000,1.052,0.722,0.0,0.0,1.1837140524256056,0.0
27853,2025-02-15T10:00:00.000000000,1.129,0.7970000000000002,0.0,0.0,0.7986186662193056,0.0
27853,2025-02-15T11:00:00.000000000,1.086,0.7969999999999999,0.0,0.0,0.3235504614701334,0.0
27853,2025-02-15T12:00:00.000000000,0.981,0.6920000000000001,0.0,0.0,0.0,0.0
27853,2025-02-15T13:00:00.000000000,0.786,0.499,0.0,0.0,0.6723050349750777,0.0
27853,2025-02-15T14:00:00.000000000,0.531,0.245,0.0,0.0,0.3232573903999611,0.0
27853,2025-02-15T15:00:00.000000000,0.436,0.148,0.0,0.0,0.0,0.0
27853,2025-02-15T16:00:00.000000000,0.441,0.153,0.0,0.0,0.3235504614701334,0.0
27853,2025-02-15T17:00:00.000000000,0.42500000000000004,0.13599999999999998,0.0,0.0,0.0,0.0
27853,2025-02-15T18:00:00.000000000,0.382,0.095,0.0,0.0,0.3235504614701334,0.0
27853,2025-02-15T19:00:00.000000000,0.33,0.039,0.0,0.0,0.10785015382337777,0.0
27853,2025-02-15T20:00:00.000000000,0.312,0.0,0.0,0.016,0.21570030764675555,0.0
27853,2025-02-15T21:00:00.000000000,0.32699999999999996,0.024999999999999998,0.0,0.002,0.3232573903999611,0.0
27853,2025-02-15T22:00:00.000000000,1.18,0.026,0.0,0.064,0.0,0.0
27853,2025-02-15T23:00:00.000000000,0.75,0.065,0.0,0.0,0.3235504614701334,0.0
27853,2025-02-16T00:00:00.000000000,1.1520000000000001,0.488,0.0,0.0,0.0,0.0
27853,2025-02-16T01:00:00.000000000,0.78,0.472,0.0,0.0,0.3235504614701334,0.0
27853,2025-02-16T02:00:00.000000000,0.87,0.575,0.0,0.0,1.8929460422423836,0.0
27853,2025-02-16T03:00:00.000000000,0.881,0.5920000000000001,0.0,0.0,0.7036636394835056,0.0
27853,2025-02-16T04:00:00.000000000,0.957,0.669,0.0,0.0,0.9187778049899166,0.0
27853,2025-02-16T05:00:00.000000000,1.092,0.7929999999999999,0.0,0.0,0.3235504614701334,0.0
27853,2025-02-16T06:00:00.000000000,1.0099999999999998,0.7190000000000001,0.0,0.0,0.0,0.0
27853,2025-02-16T07:00:00.000000000,1.26,0.534,0.0,0.0,0.3232573903999611,0.0
27853,2025-02-16T08:00:00.000000000,1.583,0.334,0.0,0.007,0.33644558855771106,0.0
27853,2025-02-16T09:00:00.000000000,1.603,0.622,0.0,0.0,3.07285017075575,0.0
27853,2025-02-16T10:00:00.000000000,1.0579999999999998,0.704,0.0,0.0,0.2810551562951611,0.0
27853,2025-02-16T11:00:00.000000000,1.042,0.751,0.0,0.0,1.2561026067581447,0.0
27853,2025-02-16T12:00:00.000000000,0.9299999999999999,0.641,0.0,0.0,2.0898898013981166,0.0
27853,2025-02-16T13:00:00.000000000,0.523,0.23600000000000002,0.0,0.0,0.32325739039996115,0.0
27853,2025-02-16T14:00:00.000000000,0.312,0.011,0.0,0.013000000000000001,0.0,0.0
27853,2025-02-16T15:00:00.000000000,0.35,0.0,0.0,0.063,0.3232573903999611,0.0
27853,2025-02-16T16:00:00.000000000,0.379,0.0,0.0,0.091,0.0,0.0
27853,2025-02-16T17:00:00.000000000,0.411,0.0,0.0,0.123,0.3235504614701334,0.0
27853,2025-02-16T18:00:00.000000000,0.461,0.0,0.0,0.173,0.0,0.0
27853,2025-02-16T19:00:00.000000000,0.487,0.0,0.0,0.196,0.3235504614701334,0.0
27853,2025-02-16T20:00:00.000000000,0.7859999999999999,0.0,0.0,0.217,0.3232573903999611,0.0
27853,2025-02-16T21:00:00.000000000,0.901,0.0,0.0,0.202,0.0,0.0
27853,2025-02-16T22:00:00.000000000,0.86,0.0,0.0,0.151,0.3235504614701334,0.0
27853,2025-02-16T23:00:00.000000000,0.7770000000000001,0.0,0.0,0.09100000000000001,0.0,0.0
27853,2025-02-17T00:00:00.000000000,1.1260000000000001,0.456,0.0,0.006,3.9552871630443116,0.0
27853,2025-02-17T01:00:00.000000000,0.72,0.33,0.0,0.0,0.3235504614701334,0.0
27853,2025-02-17T02:00:00.000000000,0.759,0.46399999999999997,0.0,0.0,0.3493407156452889,0.0
27853,2025-02-17T03:00:00.000000000,0.9319999999999999,0.641,0.0,0.0,0.3493407156452889,0.0
27853,2025-02-17T04:00:00.000000000,1.02,0.7310000000000001,0.0,0.0,0.3232573903999611,0.0
27853,2025-02-17T05:00:00.000000000,1.2440000000000002,0.9450000000000001,0.0,0.0,0.0,0.0
27853,2025-02-17T06:00:00.000000000,1.145,0.8540000000000001,0.0,0.0,0.3235504614701334,0.0
27853,2025-02-17T07:00:00.000000000,1.089,0.802,0.0,0.0,0.0,0.0
27853,2025-02-17T08:00:00.000000000,1.102,0.817,0.0,0.0,0.3235504614701334,0.0
27853,2025-02-17T09:00:00.000000000,1.141,0.853,0.0,0.0,0.0,0.0
27853,2025-02-17T10:00:00.000000000,1.184,0.894,0.0,0.0,0.3232573903999611,0.0
27853,2025-02-17T11:00:00.000000000,1.119,0.827,0.0,0.0,0.0,0.0
27853,2025-02-17T12:00:00.000000000,0.7779999999999999,0.48900000000000005,0.0,0.0,0.3235504614701334,0.0
27853,2025-02-17T13:00:00.000000000,0.544,0.05,0.0,0.020999999999999998,0.0,0.0
27853,2025-02-17T14:00:00.000000000,0.644,0.0,0.0,0.106,0.3235504614701334,0.0
27853,2025-02-17T15:00:00.000000000,2.285,0.0,0.0,0.346,0.0,0.0
27853,2025-02-17T16:00:00.000000000,2.624,0.0,0.0,0.488,0.3232573903999611,0.0
27853,2025-02-17T17:00:00.000000000,0.885,0.0,0.0,0.343,0.3493407156452889,0.0
27853,2025-02-17T18:00:00.000000000,0.847,0.0,0.0,0.29200000000000004,0.6986814312905778,0.0
27853,2025-02-17T19:00:00.000000000,0.838,0.0,0.0,0.252,0.0,0.0
27853,2025-02-17T20:00:00.000000000,0.866,0.0,0.0,0.221,0.3235504614701334,0.0
27853,2025-02-17T21:00:00.000000000,0.866,0.0,0.0,0.168,0.7599332849565722,0.0
27853,2025-02-17T22:00:00.000000000,0.8280000000000001,0.0,0.0,0.12,0.6725981060452499,0.0
27853,2025-02-17T23:00:00.000000000,0.748,0.0,0.0,0.064,0.0,0.0
27853,2025-02-18T00:00:00.000000000,0.9700000000000001,0.3,0.0,0.006,0.3235504614701334,0.0
27853,2025-02-18T01:00:00.000000000,0.845,0.258,0.0,0.0,1.2678254495650334,0.0
27853,2025-02-18T02:00:00.000000000,0.6929999999999998,0.222,0.0,0.0,0.3232573903999611,0.0
27853,2025-02-18T03:00:00.000000000,0.704,0.37699999999999995,0.0,0.0,0.0,0.0
27853,2025-02-18T04:00:00.000000000,0.762,0.472,0.0,0.0,0.3235504614701334,0.0
27853,2025-02-18T05:00:00.000000000,0.9580000000000001,0.659,0.0,0.0,0.0,0.0
27853,2025-02-18T06:00:00.000000000,0.8899999999999999,0.599,0.0,0.0,0.3235504614701334,0.0
27853,2025-02-18T07:00:00.000000000,0.884,0.597,0.0,0.0,0.0,0.0
27853,2025-02-18T08:00:00.000000000,0.9169999999999999,0.631,0.0,0.0,0.3232573903999611,0.0
27853,2025-02-18T09:00:00.000000000,0.924,0.637,0.0,0.0,0.0,0.0
27853,2025-02-18T10:00:00.000000000,0.989,0.7010000000000001,0.0,0.0,0.3235504614701334,0.0
27853,2025-02-18T11:00:00.000000000,0.963,0.674,0.0,0.0,0.0,0.0
27853,2025-02-18T12:00:00.000000000,0.963,0.613,0.0,0.0,0.3235504614701334,0.0
27853,2025-02-18T13:00:00.000000000,1.188,0.339,0.0,0.0,0.3414277967506389,0.0
27853,2025-02-18T14:00:00.000000000,1.276,0.087,0.0,0.0,1.0571073501112056,0.0
27853,2025-02-18T15:00:00.000000000,0.744,0.133,0.0,0.0,1.032489380216739,0.0
27853,2025-02-18T16:00:00.000000000,0.622,0.067,0.0,0.007,0.6793387406592111,0.0
27853,2025-02-18T17:00:00.000000000,0.649,0.0,0.0,0.10700000000000001,1.0489013601463832,0.0
27853,2025-02-18T18:00:00.000000000,0.7050000000000001,0.0,0.0,0.213,0.0,0.0
27853,2025-02-18T19:00:00.000000000,0.8009999999999999,0.0,0.0,0.215,1.2643085967229668,0.0
27853,2025-02-18T20:00:00.000000000,0.806,0.0,0.0,0.162,1.5351062655621002,0.0
27853,2025-02-18T21:00:00.000000000,0.7979999999999999,0.0,0.0,0.10200000000000001,1.6543861911221944,0.0
27853,2025-02-18T22:00:00.000000000,1.459,0.0,0.0,0.11099999999999999,1.0339547355676,0.0
27853,2025-02-18T23:00:00.000000000,0.768,0.128,0.0,0.021,1.5392092605445113,0.0
27853,2025-02-19T00:00:00.000000000,1.046,0.477,0.0,0.0,0.3493407156452889,0.0
27853,2025-02-19T01:00:00.000000000,0.9269999999999999,0.34099999999999997,0.0,0.0,0.7599332849565722,0.0
27853,2025-02-19T02:00:00.000000000,0.8039999999999999,0.509,0.0,0.0,0.0,0.0
27853,2025-02-19T03:00:00.000000000,0.876,0.529,0.0,0.0,0.3235504614701334,0.0
27853,2025-02-19T04:00:00.000000000,0.897,0.5790000000000001,0.0,0.0,0.0,0.0
27853,2025-02-19T05:00:00.000000000,1.1,0.7999999999999999,0.0,0.0,0.3235504614701334,0.0
27853,2025-02-19T06:00:00.000000000,1.04,0.748,0.0,0.0,0.3232573903999611,0.0
27853,2025-02-19T07:00:00.000000000,1.025,0.7369999999999999,0.0,0.0,0.0,0.0
27853,2025-02-19T08:00:00.000000000,1.179,0.819,0.0,0.0,1.8850331233477333,0.0
27853,2025-02-19T09:00:00.000000000,1.209,0.768,0.0,0.0,1.1204107012684057,0.0
27853,2025-02-19T10:00:00.000000000,1.209,0.7000000000000001,0.0,0.0,0.795101813377239,0.0
27853,2025-02-19T11:00:00.000000000,1.058,0.524,0.0,0.0,0.3232573903999611,0.0
27853,2025-02-19T12:00:00.000000000,0.754,0.40199999999999997,0.0,0.0,0.8317356971487667,0.0
27853,2025-02-19T13:00:00.000000000,0.487,0.19899999999999998,0.0,0.0,0.0,0.0
27853,2025-02-19T14:00:00.000000000,0.312,0.023,0.0,0.002,0.3235504614701334,0.0
27853,2025-02-19T15:00:00.000000000,0.531,0.0,0.0,0.048,0.6986814312905778,0.0
27853,2025-02-19T16:00:00.000000000,0.648,0.0,0.0,0.10099999999999999,0.0,0.0
27853,2025-02-19T17:00:00.000000000,0.519,0.0,0.0,0.10300000000000001,0.32325739039996115,0.0
27853,2025-02-19T18:00:00.000000000,0.355,0.0,0.0,0.068,0.0,0.0
27853,2025-02-19T19:00:00.000000000,0.34,0.01,0.0,0.039,1.1552861586189,0.0
27853,2025-02-19T20:00:00.000000000,0.687,0.005,0.0,0.038,2.204773660905628,0.0
27853,2025-02-19T21:00:00.000000000,1.0659999999999998,0.0,0.0,0.053,0.3446515785225333,0.0
27853,2025-02-19T22:00:00.000000000,1.399,0.0,0.0,0.039,0.6825625224311055,0.0
27853,2025-02-19T23:00:00.000000000,0.7050000000000001,0.235,0.0,0.001,0.9196570182004333,0.0
27853,2025-02-20T00:00:00.000000000,1.111,0.785,0.0,0.0,0.6468078518700945,0.0
27853,2025-02-20T01:00:00.000000000,0.964,0.657,0.0,0.0,0.0,0.0
27853,2025-02-20T02:00:00.000000000,0.875,0.5800000000000001,0.0,0.0,0.3235504614701334,0.0
27853,2025-02-20T03:00:00.000000000,0.9349999999999999,0.643,0.0,0.0,0.0,0.0
27853,2025-02-20T04:00:00.000000000,0.972,0.683,0.0,0.0,0.3232573903999611,0.0
27853,2025-02-20T05:00:00.000000000,1.145,0.847,0.0,0.0,0.0,0.0
27853,2025-02-20T06:00:00.000000000,1.085,0.7929999999999999,0.0,0.0,0.3235504614701334,0.0
27853,2025-02-20T07:00:00.000000000,1.034,0.746,0.0,0.0,0.0,0.0
27853,2025-02-20T08:00:00.000000000,1.0590000000000002,0.774,0.0,0.0,0.3235504614701334,0.0
27853,2025-02-20T09:00:00.000000000,1.116,0.831,0.0,0.0,0.0,0.0
27853,2025-02-20T10:00:00.000000000,1.132,0.843,0.0,0.0,0.32355046147013333,0.0
27853,2025-02-20T11:00:00.000000000,1.106,0.8160000000000001,0.0,0.0,0.0,0.0
27853,2025-02-20T12:00:00.000000000,1.009,0.721,0.0,0.0,0.3235504614701334,0.0
27853,2025-02-20T13:00:00.000000000,0.87,0.582,0.0,0.0,0.0,0.0
27853,2025-02-20T14:00:00.000000000,0.7180000000000001,0.43199999999999994,0.0,0.0,0.3235504614701334,0.0
27853,2025-02-20T15:00:00.000000000,0.573,0.285,0.0,0.0,0.09876495064803889,0.0
27853,2025-02-20T16:00:00.000000000,0.4159999999999999,0.128,0.0,0.0,0.22478551082209444,0.0
27853,2025-02-20T17:00:00.000000000,0.313,0.024999999999999998,0.0,0.0,0.3232573903999611,0.0
27853,2025-02-20T18:00:00.000000000,0.297,0.004,0.0,0.005,0.0,0.0
27853,2025-02-20T19:00:00.000000000,0.298,0.0,0.0,0.008,0.3235504614701334,0.0
27853,2025-02-20T20:00:00.000000000,0.613,0.0,0.0,0.045,0.0,0.0
27853,2025-02-20T21:00:00.000000000,0.744,0.0,0.0,0.045,0.3235504614701334,0.0
27853,2025-02-20T22:00:00.000000000,1.8089999999999997,0.0,0.0,0.13,0.0,0.0
27853,2025-02-20T23:00:00.000000000,0.704,0.0,0.0,0.018000000000000002,0.3232573903999611,0.0
27853,2025-02-21T00:00:00.000000000,1.065,0.39999999999999997,0.0,0.0,1.726481674384561,0.0
27853,2025-02-21T01:00:00.000000000,0.73,0.341,0.0,0.0,0.32325739039996115,0.0
27853,2025-02-21T02:00:00.000000000,0.838,0.541,0.0,0.0,1.7505135021386835,0.0
27853,2025-02-21T03:00:00.000000000,0.864,0.5740000000000001,0.0,0.0,0.3232573903999611,0.0
27853,2025-02-21T04:00:00.000000000,0.902,0.613,0.0,0.0,0.34904764457511667,0.0
27853,2025-02-21T05:00:00.000000000,1.025,0.7249999999999999,0.0,0.0,0.3232573903999611,0.0
27853,2025-02-21T06:00:00.000000000,0.991,0.7010000000000001,0.0,0.0,0.0,0.0
27853,2025-02-21T07:00:00.000000000,0.981,0.694,0.0,0.0,0.3235504614701334,0.0
27853,2025-02-21T08:00:00.000000000,0.968,0.6839999999999999,0.0,0.0,0.0,0.0
27853,2025-02-21T09:00:00.000000000,1.108,0.6920000000000001,0.0,0.0,1.3085623283189722,0.0
27853,2025-02-21T10:00:00.000000000,1.018,0.5690000000000001,0.0,0.0,0.3232573903999611,0.0
27853,2025-02-21T11:00:00.000000000,0.9219999999999999,0.634,0.0,0.0,0.0,0.0
27853,2025-02-21T12:00:00.000000000,0.8320000000000001,0.5429999999999999,0.0,0.0,0.3235504614701334,0.0
27853,2025-02-21T13:00:00.000000000,0.658,0.37,0.0,0.0,0.34904764457511667,0.0
27853,2025-02-21T14:00:00.000000000,0.343,0.044000000000000004,0.0,0.013,0.3235504614701334,0.0
27853,2025-02-21T15:00:00.000000000,0.39999999999999997,0.0,0.0,0.11200000000000002,0.0,0.0
27853,2025-02-21T16:00:00.000000000,0.472,0.0,0.0,0.183,0.3235504614701334,0.0
27853,2025-02-21T17:00:00.000000000,0.488,0.0,0.0,0.2,0.0,0.0
27853,2025-02-21T18:00:00.000000000,0.526,0.0,0.0,0.16999999999999998,1.4002935732828778,0.0
27853,2025-02-21T19:00:00.000000000,0.782,0.0,0.0,0.196,0.845510037446861,0.0
27853,2025-02-21T20:00:00.000000000,0.7870000000000001,0.0,0.0,0.143,1.5992888299298167,0.0
27853,2025-02-21T21:00:00.000000000,0.7790000000000001,0.0,0.0,0.081,0.0,0.0
27853,2025-02-21T22:00:00.000000000,0.742,0.0,0.0,0.033999999999999996,0.3235504614701334,0.0
27853,2025-02-21T23:00:00.000000000,0.7869999999999999,0.099,0.0,0.003,1.7924226651733113,0.0
27853,2025-02-22T00:00:00.000000000,1.1840000000000002,0.5199999999999999,0.0,0.0,1.2417421243197055,0.0
27853,2025-02-22T01:00:00.000000000,0.8420000000000001,0.45399999999999996,0.0,0.0,0.3232573903999611,0.0
27853,2025-02-22T02:00:00.000000000,0.8099999999999999,0.516,0.0,0.0,0.67259810604525,0.0
27853,2025-02-22T03:00:00.000000000,0.914,0.622,0.0,0.0,0.34904764457511667,0.0
27853,2025-02-22T04:00:00.000000000,1.041,0.7509999999999999,0.0,0.0,0.34904764457511667,0.0
27853,2025-02-22T05:00:00.000000000,1.362,1.063,0.0,0.0,0.3235504614701334,0.0
27853,2025-02-22T06:00:00.000000000,1.3760000000000001,1.084,0.0,0.0,0.0,0.0
27853,2025-02-22T07:00:00.000000000,1.411,1.1260000000000001,0.0,0.0,0.3235504614701334,0.0
27853,2025-02-22T08:00:00.000000000,1.487,1.201,0.0,0.0,0.0,0.0
27853,2025-02-22T09:00:00.000000000,1.711,1.295,0.0,0.0,1.884740052277561,0.0
27853,2025-02-22T10:00:00.000000000,1.756,1.2469999999999999,0.0,0.0,1.5245557070359002,0.0
27853,2025-02-22T11:00:00.000000000,1.5470000000000002,1.1989999999999998,0.0,0.0,0.7092319898167778,0.0
27853,2025-02-22T12:00:00.000000000,1.182,0.893,0.0,0.0,0.3232573903999611,0.0
27853,2025-02-22T13:00:00.000000000,0.7110000000000001,0.42300000000000004,0.0,0.0,0.7593471428162278,0.0
27853,2025-02-22T14:00:00.000000000,0.322,0.009999999999999998,0.0,0.025,2.088424446047256,0.0
27853,2025-02-22T15:00:00.000000000,0.5710000000000001,0.0,0.0,0.28300000000000003,0.11927992556009444,0.0
27853,2025-02-22T16:00:00.000000000,0.7999999999999999,0.0,0.0,0.512,0.3232573903999611,0.0
27853,2025-02-22T17:00:00.000000000,0.952,0.0,0.0,0.6639999999999999,0.0,0.0
27853,2025-02-22T18:00:00.000000000,1.013,0.0,0.0,0.726,0.3235504614701334,0.0
27853,2025-02-22T19:00:00.000000000,0.961,0.0,0.0,0.671,0.0,0.0
27853,2025-02-22T20:00:00.000000000,0.909,0.0,0.0,0.524,0.32355046147013333,0.0
27853,2025-02-22T21:00:00.000000000,0.9650000000000001,0.0,0.0,0.36900000000000005,0.0,0.0
27853,2025-02-22T22:00:00.000000000,0.481,0.0,0.0,0.17900000000000002,0.3232573903999611,0.0
27853,2025-02-22T23:00:00.000000000,0.673,0.0,0.0,0.08900000000000001,0.0,0.0
27853,2025-02-23T00:00:00.000000000,1.07,0.479,0.0,0.009,1.180490270653711,0.0
27853,2025-02-23T01:00:00.000000000,0.8869999999999999,0.579,0.0,0.0,0.7452797314479611,0.0
27853,2025-02-23T02:00:00.000000000,1.033,0.739,0.0,0.0,0.0,0.0
27853,2025-02-23T03:00:00.000000000,1.31,1.021,0.0,0.0,0.67259810604525,0.0
27853,2025-02-23T04:00:00.000000000,1.484,1.195,0.0,0.0,0.3232573903999611,0.0
27853,2025-02-23T05:00:00.000000000,1.859,1.559,0.0,0.0,0.0,0.0
27853,2025-02-23T06:00:00.000000000,1.8059999999999998,1.5150000000000001,0.0,0.0,0.3235504614701334,0.0
27853,2025-02-23T07:00:00.000000000,1.9020000000000001,1.562,0.0,0.0,1.6271305815961776,0.0
27853,2025-02-23T08:00:00.000000000,1.923,1.6190000000000002,0.0,0.0,0.6890100859748945,0.0
27853,2025-02-23T09:00:00.000000000,1.918,1.6340000000000001,0.0,0.0,0.0,0.0
27853,2025-02-23T10:00:00.000000000,1.963,1.674,0.0,0.0,0.3232573903999611,0.0
27853,2025-02-23T11:00:00.000000000,1.855,1.565,0.0,0.0,1.1385811076190833,0.0
27853,2025-02-23T12:00:00.000000000,1.2369999999999999,0.948,0.0,0.0,0.3235504614701334,0.0
27853,2025-02-23T13:00:00.000000000,0.5559999999999999,0.271,0.0,0.0,0.3232573903999611,0.0
27853,2025-02-23T14:00:00.000000000,0.352,0.0,0.0,0.065,0.0,0.0
27853,2025-02-23T15:00:00.000000000,0.501,0.0,0.0,0.214,0.3235504614701334,0.0
27853,2025-02-23T16:00:00.000000000,0.63,0.0,0.0,0.34199999999999997,0.0,0.0
27853,2025-02-23T17:00:00.000000000,0.7189999999999999,0.0,0.0,0.431,0.3235504614701334,0.0
27853,2025-02-23T18:00:00.000000000,0.76,0.0,0.0,0.472,0.0,0.0
27853,2025-02-23T19:00:00.000000000,0.73,0.0,0.0,0.44,0.3232573903999611,0.0
27853,2025-02-23T20:00:00.000000000,0.637,0.0,0.0,0.342,0.0,0.0
27853,2025-02-23T21:00:00.000000000,0.834,0.0,0.0,0.22699999999999998,0.3235504614701334,0.0
27853,2025-02-23T22:00:00.000000000,0.839,0.0,0.0,0.13,0.0,0.0
27853,2025-02-23T23:00:00.000000000,0.7229999999999999,0.0,0.0,0.037000000000000005,0.3235504614701334,0.0
27853,2025-02-24T00:00:00.000000000,1.156,0.491,0.0,0.0,0.0,0.0
27853,2025-02-24T01:00:00.000000000,1.292,0.705,0.0,0.0,5.147207205434738,0.0
27853,2025-02-24T02:00:00.000000000,0.975,0.613,0.0,0.0,1.1547000164785555,0.0
27853,2025-02-24T03:00:00.000000000,1.01,0.7189999999999999,0.0,0.0,0.34904764457511667,0.0
27853,2025-02-24T04:00:00.000000000,1.054,0.764,0.0,0.0,0.0,0.0
27853,2025-02-24T05:00:00.000000000,1.266,0.965,0.0,0.0,0.3235504614701334,0.0
27853,2025-02-24T06:00:00.000000000,1.1760000000000002,0.8849999999999999,0.0,0.0,0.0,0.0
27853,2025-02-24T07:00:00.000000000,1.129,0.843,0.0,0.0,0.3235504614701334,0.0
27853,2025-02-24T08:00:00.000000000,1.1529999999999998,0.866,0.0,0.0,0.0,0.0
27853,2025-02-24T09:00:00.000000000,1.169,0.881,0.0,0.0,0.32325739039996115,0.0
27853,2025-02-24T10:00:00.000000000,1.165,0.876,0.0,0.0,0.0,0.0
27853,2025-02-24T11:00:00.000000000,1.102,0.813,0.0,0.0,0.3235504614701334,0.0
27853,2025-02-24T12:00:00.000000000,0.9309999999999999,0.641,0.0,0.0,0.0,0.0
27853,2025-02-24T13:00:00.000000000,0.679,0.39099999999999996,0.0,0.0,0.3235504614701334,0.0
27853,2025-02-24T14:00:00.000000000,0.5840000000000001,0.108,0.0,0.0,0.09847187957786667,0.0
27853,2025-02-24T15:00:00.000000000,0.5720000000000001,0.0,0.0,0.026000000000000002,0.22507858189226668,0.0
27853,2025-02-24T16:00:00.000000000,0.61,0.0,0.0,0.062,0.3232573903999611,0.0
27853,2025-02-24T17:00:00.000000000,0.646,0.0,0.0,0.104,0.0,0.0
27853,2025-02-24T18:00:00.000000000,0.676,0.0,0.0,0.122,0.8311495550084221,0.0
27853,2025-02-24T19:00:00.000000000,0.7249999999999999,0.0,0.0,0.14,1.1083947873913444,0.0
27853,2025-02-24T20:00:00.000000000,0.7889999999999999,0.0,0.0,0.14400000000000002,1.4571493608962889,0.0
27853,2025-02-24T21:00:00.000000000,1.372,0.0,0.0,0.18699999999999997,0.3235504614701334,0.0
27853,2025-02-24T22:00:00.000000000,0.804,0.0,0.0,0.098,0.34904764457511667,0.0
27853,2025-02-24T23:00:00.000000000,0.732,0.0,0.0,0.048,0.3235504614701334,0.0
27853,2025-02-25T00:00:00.000000000,0.9949999999999999,0.331,0.0,0.0,0.3792339648028556,0.0
27853,2025-02-25T01:00:00.000000000,0.821,0.23399999999999999,0.0,0.0,0.67259810604525,0.0
27853,2025-02-25T02:00:00.000000000,0.732,0.262,0.0,0.0,0.34904764457511667,0.0
27853,2025-02-25T03:00:00.000000000,0.7249999999999999,0.39799999999999996,0.0,0.0,0.0,0.0
27853,2025-02-25T04:00:00.000000000,0.7769999999999999,0.487,0.0,0.0,0.3235504614701334,0.0
27853,2025-02-25T05:00:00.000000000,0.987,0.688,0.0,0.0,0.0,0.0
27853,2025-02-25T06:00:00.000000000,0.957,0.666,0.0,0.0,0.7030774973431612,0.0
27853,2025-02-25T07:00:00.000000000,0.919,0.631,0.0,0.0,0.3235504614701334,0.0
27853,2025-02-25T08:00:00.000000000,0.929,0.642,0.0,0.0,0.0,0.0
27853,2025-02-25T09:00:00.000000000,0.942,0.654,0.0,0.0,0.3232573903999611,0.0
27853,2025-02-25T10:00:00.000000000,0.955,0.665,0.0,0.0,0.0,0.0
27853,2025-02-25T11:00:00.000000000,0.973,0.496,0.0,0.0,0.3235504614701334,0.0
27853,2025-02-25T12:00:00.000000000,0.779,0.24200000000000002,0.0,0.0,0.0,0.0
27853,2025-02-25T13:00:00.000000000,0.5720000000000001,0.013,0.0,0.024,0.3235504614701334,0.0
27853,2025-02-25T14:00:00.000000000,1.081,0.0,0.0,0.121,0.3232573903999611,0.0
27853,2025-02-25T15:00:00.000000000,2.8229999999999995,0.0,0.0,0.33299999999999996,1.6174592362804945,0.0
27853,2025-02-25T16:00:00.000000000,2.909,0.0,0.0,0.417,0.05070129513979444,0.0
27853,2025-02-25T17:00:00.000000000,1.538,0.0,0.0,0.34800000000000003,0.7593471428162278,0.0
27853,2025-02-25T18:00:00.000000000,0.876,0.0,0.0,0.32,0.6980952891502333,0.0
27853,2025-02-25T19:00:00.000000000,2.4589999999999996,0.0,0.0,0.48,0.34904764457511667,0.0
27853,2025-02-25T20:00:00.000000000,1.662,0.0,0.0,0.43499999999999994,0.0,0.0
27853,2025-02-25T21:00:00.000000000,1.504,0.0,0.0,0.321,1.1547000164785555,0.0
27853,2025-02-25T22:00:00.000000000,0.9029999999999999,0.0,0.0,0.194,0.0,0.0
27853,2025-02-25T23:00:00.000000000,0.7890000000000001,0.0,0.0,0.103,0.3232573903999611,0.0
27853,2025-02-26T00:00:00.000000000,1.373,0.199,0.0,0.024,0.34904764457511667,0.0
27853,2025-02-26T01:00:00.000000000,0.755,0.23500000000000001,0.0,0.0,0.34904764457511667,0.0
27853,2025-02-26T02:00:00.000000000,0.6170000000000001,0.324,0.0,0.0,0.3235504614701334,0.0
27853,2025-02-26T03:00:00.000000000,0.7469999999999999,0.456,0.0,0.0,0.0,0.0
27853,2025-02-26T04:00:00.000000000,0.915,0.625,0.0,0.0,1.3334733692836112,0.0
27853,2025-02-26T05:00:00.000000000,1.164,0.866,0.0,0.0,0.32355046147013333,0.0
27853,2025-02-26T06:00:00.000000000,1.211,0.9199999999999999,0.0,0.0,0.0,0.0
27853,2025-02-26T07:00:00.000000000,1.308,1.022,0.0,0.0,0.3232573903999611,0.0
27853,2025-02-26T08:00:00.000000000,1.373,1.0870000000000002,0.0,0.0,0.0,0.0
27853,2025-02-26T09:00:00.000000000,1.4869999999999999,1.0710000000000002,0.0,0.0,1.1596822246714835,0.0
27853,2025-02-26T10:00:00.000000000,1.37,1.0830000000000002,0.0,0.0,0.0,0.0
27853,2025-02-26T11:00:00.000000000,1.2200000000000002,0.931,0.0,0.0,0.3232573903999611,0.0
27853,2025-02-26T12:00:00.000000000,0.811,0.5219999999999999,0.0,0.0,0.0,0.0
27853,2025-02-26T13:00:00.000000000,0.48200000000000004,0.194,0.0,0.0,2.1045433549067276,0.0
27853,2025-02-26T14:00:00.000000000,0.324,0.0,0.0,0.036,0.3235504614701334,0.0
27853,2025-02-26T15:00:00.000000000,0.359,0.0,0.0,0.07200000000000001,0.12924434194595,0.0
27853,2025-02-26T16:00:00.000000000,0.389,0.0,0.0,0.09999999999999999,0.19430611952418333,0.0
27853,2025-02-26T17:00:00.000000000,0.421,0.0,0.0,0.133,0.3232573903999611,0.0
27853,2025-02-26T18:00:00.000000000,0.443,0.0,0.0,0.156,0.0,0.0
27853,2025-02-26T19:00:00.000000000,0.41800000000000004,0.0,0.0,0.128,0.3235504614701334,0.0
27853,2025-02-26T20:00:00.000000000,0.38,0.0,0.0,0.08600000000000001,0.0,0.0
27853,2025-02-26T21:00:00.000000000,0.335,0.0,0.0,0.035,0.3235504614701334,0.0
27853,2025-02-26T22:00:00.000000000,0.75,0.0,0.0,0.043000000000000003,0.0,0.0
27853,2025-02-26T23:00:00.000000000,0.6940000000000001,0.0,0.0,0.008,0.3232573903999611,0.0
27853,2025-02-27T00:00:00.000000000,0.9470000000000001,0.5269999999999999,0.0,0.0,0.0,0.0
27853,2025-02-27T01:00:00.000000000,0.8090000000000002,0.502,0.0,0.0,0.702784426272989,0.0
27853,2025-02-27T02:00:00.000000000,0.756,0.46099999999999997,0.0,0.0,0.3235504614701334,0.0
27853,2025-02-27T03:00:00.000000000,0.887,0.5960000000000001,0.0,0.0,1.2103835198112778,0.0
27853,2025-02-27T04:00:00.000000000,0.877,0.588,0.0,0.0,0.3235504614701334,0.0
27853,2025-02-27T05:00:00.000000000,1.0590000000000002,0.758,0.0,0.0,0.0,0.0
27853,2025-02-27T06:00:00.000000000,0.982,0.6910000000000001,0.0,0.0,0.3232573903999611,0.0
27853,2025-02-27T07:00:00.000000000,0.9380000000000001,0.652,0.0,0.0,0.0,0.0
27853,2025-02-27T08:00:00.000000000,0.972,0.688,0.0,0.0,0.3235504614701334,0.0
27853,2025-02-27T09:00:00.000000000,0.995,0.7089999999999999,0.0,0.0,0.0,0.0
27853,2025-02-27T10:00:00.000000000,1.005,0.716,0.0,0.0,0.3235504614701334,0.0
27853,2025-02-27T11:00:00.000000000,1.017,0.728,0.0,0.0,0.0,0.0
27853,2025-02-27T12:00:00.000000000,0.945,0.657,0.0,0.0,0.32355046147013333,0.0
27853,2025-02-27T13:00:00.000000000,0.851,0.563,0.0,0.0,0.0,0.0
27853,2025-02-27T14:00:00.000000000,0.754,0.46699999999999997,0.0,0.0,0.3232573903999611,0.0
27853,2025-02-27T15:00:00.000000000,0.673,0.385,0.0,0.0,0.0,0.0
27853,2025-02-27T16:00:00.000000000,0.617,0.32699999999999996,0.0,0.0,0.3235504614701334,0.0
27853,2025-02-27T17:00:00.000000000,0.681,0.393,0.0,0.0,0.0,0.0
27853,2025-02-27T18:00:00.000000000,0.825,0.27,0.0,0.0,0.3235504614701334,0.0
27853,2025-02-27T19:00:00.000000000,0.892,0.306,0.0,0.0,0.3232573903999611,0.0
27853,2025-02-27T20:00:00.000000000,0.985,0.34099999999999997,0.0,0.0,0.0,0.0
27853,2025-02-27T21:00:00.000000000,1.494,0.32,0.0,0.0,0.7089389187466055,0.0
27853,2025-02-27T22:00:00.000000000,1.4989999999999999,0.41200000000000003,0.0,0.0,1.9310452813647725,0.0
27853,2025-02-27T23:00:00.000000000,1.254,0.5670000000000001,0.0,0.0,1.5028684478431555,0.0
27853,2025-02-28T00:00:00.000000000,1.6,0.935,0.0,0.0,0.34172086782081107,0.0
27853,2025-02-28T01:00:00.000000000,1.3359999999999999,0.7480000000000001,0.0,0.0,0.8551813827625445,0.0
27853,2025-02-28T02:00:00.000000000,1.0550000000000002,0.76,0.0,0.0,0.34904764457511667,0.0
27853,2025-02-28T03:00:00.000000000,1.1640000000000001,0.875,0.0,0.0,1.671970455332528,0.0
27853,2025-02-28T04:00:00.000000000,1.128,0.839,0.0,0.0,0.0,0.0
27853,2025-02-28T05:00:00.000000000,1.315,1.0150000000000001,0.0,0.0,0.3235504614701334,0.0
27853,2025-02-28T06:00:00.000000000,1.204,0.9119999999999999,0.0,0.0,0.0,0.0
27853,2025-02-28T07:00:00.000000000,1.2429999999999999,0.9009999999999999,0.0,0.0,1.066778695426889,0.0
27853,2025-02-28T08:00:00.000000000,1.3090000000000002,0.9309999999999999,0.0,0.0,1.2956672012313943,0.0
27853,2025-02-28T09:00:00.000000000,1.278,0.837,0.0,0.0,0.3235504614701334,0.0
27853,2025-02-28T10:00:00.000000000,1.276,0.766,0.0,0.0,0.3232573903999611,0.0
27853,2025-02-28T11:00:00.000000000,1.738,0.35,0.0,0.005,1.16319907751355,0.0
27853,2025-02-28T12:00:00.000000000,0.7440000000000001,0.45399999999999996,0.0,0.0,0.25028269392707775,0.0
27853,2025-02-28T13:00:00.000000000,0.47000000000000003,0.182,0.0,0.0,0.8305634128680778,0.0
27853,2025-02-28T14:00:00.000000000,0.31,0.0,0.0,0.022,0.34904764457511667,0.0
27853,2025-02-28T15:00:00.000000000,0.45599999999999996,0.0,0.0,0.10500000000000001,0.3235504614701334,0.0
27853,2025-02-28T16:00:00.000000000,0.497,0.0,0.0,0.209,0.3232573903999611,0.0
27853,2025-02-28T17:00:00.000000000,0.555,0.0,0.0,0.267,0.0,0.0
27853,2025-02-28T18:00:00.000000000,0.913,0.0,0.0,0.358,0.3235504614701334,0.0
27853,2025-02-28T19:00:00.000000000,0.994,0.0,0.0,0.409,0.0,0.0
27853,2025-02-28T20:00:00.000000000,2.081,0.0,0.0,0.46499999999999997,0.3235504614701334,0.0
27853,2025-02-28T21:00:00.000000000,0.971,0.0,0.0,0.273,0.0,0.0
27853,2025-02-28T22:00:00.000000000,0.8200000000000001,0.0,0.0,0.112,1.9465780480839001,0.0
27853,2025-02-28T23:00:00.000000000,0.704,0.09899999999999999,0.0,0.013999999999999999,0.5096505910294944,0.0
27853,2025-03-01T00:00:00.000000000,1.28,0.9549999999999998,0.0,0.0,0.0,0.0
27853,2025-03-01T01:00:00.000000000,1.198,0.8900000000000001,0.0,0.0,0.3235504614701334,0.0
27853,2025-03-01T02:00:00.000000000,1.197,0.904,0.0,0.0,0.0,0.0
27853,2025-03-01T03:00:00.000000000,1.325,1.026,0.0,0.0,0.3232573903999611,0.0
27853,2025-03-01T04:00:00.000000000,1.378,1.078,0.0,0.0,0.0,0.0
27853,2025-03-01T05:00:00.000000000,1.621,1.311,0.0,0.0,0.3235504614701334,0.0
27853,2025-03-01T06:00:00.000000000,1.521,1.2209999999999999,0.0,0.0,0.0,0.0
27853,2025-03-01T07:00:00.000000000,1.472,1.176,0.0,0.0,0.3235504614701334,0.0
27853,2025-03-01T08:00:00.000000000,1.813,1.0879999999999999,0.0,0.0,1.1517693057768335,0.0
27853,2025-03-01T09:00:00.000000000,2.729,0.48100000000000004,0.0,0.0,2.11274934487155,0.0
27853,2025-03-01T10:00:00.000000000,1.329,1.03,0.0,0.0,0.0,0.0
27853,2025-03-01T11:00:00.000000000,1.313,1.012,0.0,0.0,0.3235504614701334,0.0
27853,2025-03-01T12:00:00.000000000,1.1059999999999999,0.8049999999999999,0.0,0.0,0.0,0.0
27853,2025-03-01T13:00:00.000000000,0.762,0.463,0.0,0.0,0.3235504614701334,0.0
27853,2025-03-01T14:00:00.000000000,0.40399999999999997,0.104,0.0,0.0,0.0,0.0
27853,2025-03-01T15:00:00.000000000,0.345,0.0,0.0,0.045,0.32355046147013333,0.0
27853,2025-03-01T16:00:00.000000000,0.413,0.0,0.0,0.111,0.0,0.0
27853,2025-03-01T17:00:00.000000000,0.6190000000000001,0.0,0.0,0.19899999999999998,0.3232573903999611,0.0
27853,2025-03-01T18:00:00.000000000,0.6990000000000001,0.0,0.0,0.22799999999999998,0.7839651127106944,0.0
27853,2025-03-01T19:00:00.000000000,0.696,0.0,0.0,0.201,1.5755500732458665,0.0
27853,2025-03-01T20:00:00.000000000,0.517,0.0,0.0,0.146,0.07678462038512222,0.0
27853,2025-03-01T21:00:00.000000000,0.7130000000000001,0.0,0.0,0.128,0.3235504614701334,0.0
27853,2025-03-01T22:00:00.000000000,0.6839999999999999,0.036000000000000004,0.0,0.046,2.7832959534255943,0.0
27853,2025-03-01T23:00:00.000000000,0.661,0.062,0.0,0.003,2.54004696518265,0.0
27853,2025-03-02T00:00:00.000000000,1.006,0.41400000000000003,0.0,0.0,0.7285746804481444,0.0
27853,2025-03-02T01:00:00.000000000,0.76,0.379,0.0,0.0,1.154113874338211,0.0
27853,2025-03-02T02:00:00.000000000,0.72,0.414,0.0,0.0,0.7030774973431612,0.0
27853,2025-03-02T03:00:00.000000000,0.786,0.483,0.0,0.0,0.34904764457511667,0.0
27853,2025-03-02T04:00:00.000000000,0.833,0.533,0.0,0.0,0.0,0.0
27853,2025-03-02T05:00:00.000000000,1.022,0.712,0.0,0.0,0.3235504614701334,0.0
27853,2025-03-02T06:00:00.000000000,0.943,0.642,0.0,0.0,0.0,0.0
27853,2025-03-02T07:00:00.000000000,0.904,0.608,0.0,0.0,0.3232573903999611,0.0
27853,2025-03-02T08:00:00.000000000,1.002,0.6990000000000001,0.0,0.0,1.7039152019813,0.0
27853,2025-03-02T09:00:00.000000000,1.047,0.6930000000000001,0.0,0.0,1.2684115917053778,0.0
27853,2025-03-02T10:00:00.000000000,0.977,0.677,0.0,0.0,0.3235504614701334,0.0
27853,2025-03-02T11:00:00.000000000,0.889,0.587,0.0,0.0,0.0,0.0
27853,2025-03-02T12:00:00.000000000,0.776,0.476,0.0,0.0,1.0656064111462,0.0
27853,2025-03-02T13:00:00.000000000,0.7150000000000001,0.41600000000000004,0.0,0.0,1.8179198482782946,0.0
27853,2025-03-02T14:00:00.000000000,0.502,0.206,0.0,0.0,0.0,0.0
27853,2025-03-02T15:00:00.000000000,0.382,0.082,0.0,0.0,0.3232573903999611,0.0
27853,2025-03-02T16:00:00.000000000,0.319,0.016,0.0,0.003,0.0,0.0
27853,2025-03-02T17:00:00.000000000,0.33199999999999996,0.0,0.0,0.031,0.3235504614701334,0.0
27853,2025-03-02T18:00:00.000000000,0.372,0.0,0.0,0.07200000000000001,0.0,0.0
27853,2025-03-02T19:00:00.000000000,0.42,0.0,0.0,0.11699999999999999,0.3235504614701334,0.0
27853,2025-03-02T20:00:00.000000000,0.641,0.0,0.0,0.14800000000000002,0.3232573903999611,0.0
27853,2025-03-02T21:00:00.000000000,0.7130000000000001,0.0,0.0,0.127,0.0,0.0
27853,2025-03-02T22:00:00.000000000,0.684,0.0,0.0,0.082,0.3235504614701334,0.0
27853,2025-03-02T23:00:00.000000000,0.632,0.0,0.0,0.037,0.0,0.0
27853,2025-03-03T00:00:00.000000000,1.03,0.435,0.0,0.003,2.0784600296613998,0.0
27853,2025-03-03T01:00:00.000000000,0.731,0.35100000000000003,0.0,0.0,0.0,0.0
27853,2025-03-03T02:00:00.000000000,0.738,0.433,0.0,0.0,0.7584679296057112,0.0
27853,2025-03-03T03:00:00.000000000,0.839,0.537,0.0,0.0,0.0,0.0
27853,2025-03-03T04:00:00.000000000,0.951,0.651,0.0,0.0,0.3232573903999611,0.0
27853,2025-03-03T05:00:00.000000000,1.2300000000000002,0.9199999999999999,0.0,0.0,0.0,0.0
27853,2025-03-03T06:00:00.000000000,1.2,0.8979999999999999,0.0,0.0,0.3235504614701334,0.0
27853,2025-03-03T07:00:00.000000000,1.212,0.91,0.0,0.0,0.0,0.0
27853,2025-03-03T08:00:00.000000000,1.2930000000000001,0.997,0.0,0.0,0.3232573903999611,0.0
27853,2025-03-03T09:00:00.000000000,1.374,1.076,0.0,0.0,0.0,0.0
27853,2025-03-03T10:00:00.000000000,1.3719999999999999,1.072,0.0,0.0,0.3232573903999611,0.0
27853,2025-03-03T11:00:00.000000000,1.27,0.9689999999999999,0.0,0.0,1.2396906268285,0.0
27853,2025-03-03T12:00:00.000000000,2.072,0.164,0.0,0.096,0.0,0.0
27853,2025-03-03T13:00:00.000000000,0.509,0.0,0.0,0.052000000000000005,0.3235504614701334,0.0
27853,2025-03-03T14:00:00.000000000,1.045,0.0,0.0,0.165,0.0,0.0
27853,2025-03-03T15:00:00.000000000,2.083,0.0,0.0,0.325,0.32355046147013333,0.0
27853,2025-03-03T16:00:00.000000000,0.503,0.0,0.0,0.203,0.0,0.0
27853,2025-03-03T17:00:00.000000000,0.469,0.0,0.0,0.168,1.107808645251,0.0
27853,2025-03-03T18:00:00.000000000,0.45,0.0,0.0,0.15,0.0,0.0
27853,2025-03-03T19:00:00.000000000,0.504,0.0,0.0,0.15100000000000002,0.3235504614701334,0.0
27853,2025-03-03T20:00:00.000000000,0.7210000000000001,0.0,0.0,0.17800000000000002,0.0,0.0
27853,2025-03-03T21:00:00.000000000,0.7,0.0,0.0,0.115,0.3235504614701334,0.0
27853,2025-03-03T22:00:00.000000000,1.298,0.0,0.0,0.057,0.6805110249399,0.0
27853,2025-03-03T23:00:00.000000000,0.887,0.103,0.0,0.005,0.6931130809573056,0.0
27853,2025-03-04T00:00:00.000000000,1.3159999999999998,0.723,0.0,0.0,0.6790456695890388,0.0
27853,2025-03-04T01:00:00.000000000,1.22,0.7250000000000001,0.0,0.0,0.6980952891502333,0.0
27853,2025-03-04T02:00:00.000000000,1.245,0.8460000000000001,0.0,0.0,1.2092112355305888,0.0
27853,2025-03-04T03:00:00.000000000,1.271,0.951,0.0,0.0,0.3232573903999611,0.0
27853,2025-03-04T04:00:00.000000000,1.3570000000000002,1.056,0.0,0.0,0.0,0.0
27853,2025-03-04T05:00:00.000000000,1.607,1.296,0.0,0.0,0.3232573903999611,0.0
27853,2025-03-04T06:00:00.000000000,1.514,1.2129999999999999,0.0,0.0,0.0,0.0
27853,2025-03-04T07:00:00.000000000,1.466,1.1689999999999998,0.0,0.0,0.3235504614701334,0.0
27853,2025-03-04T08:00:00.000000000,1.476,1.18,0.0,0.0,0.0,0.0
27853,2025-03-04T09:00:00.000000000,1.483,1.186,0.0,0.0,0.3235504614701334,0.0
27853,2025-03-04T10:00:00.000000000,1.4589999999999999,1.16,0.0,0.0,0.3232573903999611,0.0
27853,2025-03-04T11:00:00.000000000,1.294,0.993,0.0,0.0,0.0,0.0
27853,2025-03-04T12:00:00.000000000,0.8800000000000001,0.578,0.0,0.0,0.3235504614701334,0.0
27853,2025-03-04T13:00:00.000000000,0.386,0.078,0.0,0.008,0.0,0.0
27853,2025-03-04T14:00:00.000000000,0.552,0.029,0.0,0.103,2.6051087427608834,0.0
27853,2025-03-04T15:00:00.000000000,0.7649999999999999,0.0,0.0,0.30000000000000004,0.0,0.0
27853,2025-03-04T16:00:00.000000000,0.837,0.0,0.0,0.37,0.3232573903999611,0.0
27853,2025-03-04T17:00:00.000000000,0.812,0.0,0.0,0.35000000000000003,0.0,0.0
27853,2025-03-04T18:00:00.000000000,0.7830000000000001,0.0,0.0,0.312,1.1324266151454665,0.0
27853,2025-03-04T19:00:00.000000000,0.7530000000000001,0.0,0.0,0.259,1.1508900925663166,0.0
27853,2025-03-04T20:00:00.000000000,0.7430000000000001,0.0,0.0,0.2,0.34025551246995,0.0
27853,2025-03-04T21:00:00.000000000,1.218,0.0,0.0,0.155,0.6931130809573056,0.0
27853,2025-03-04T22:00:00.000000000,1.2020000000000002,0.0,0.0,0.082,2.1467455890115277,0.0
27853,2025-03-04T23:00:00.000000000,0.625,0.017,0.0,0.014,0.8865399872709723,0.0
27853,2025-03-05T00:00:00.000000000,1.119,0.5269999999999999,0.0,0.0,1.2745660841789945,0.0
27853,2025-03-05T01:00:00.000000000,0.9440000000000001,0.44899999999999995,0.0,0.0,1.0242833902519168,0.0
27853,2025-03-05T02:00:00.000000000,1.0,0.601,0.0,0.0,2.84601316244245,0.0
27853,2025-03-05T03:00:00.000000000,1.061,0.708,0.0,0.0,1.1681812857064777,0.0
27853,2025-03-05T04:00:00.000000000,1.151,0.825,0.0,0.0,1.05241821298845,0.0
27853,2025-03-05T05:00:00.000000000,1.452,1.132,0.0,0.0,1.407620350037183,0.0
27853,2025-03-05T06:00:00.000000000,1.4040000000000001,1.101,0.0,0.0,1.0527112840586224,0.0
27853,2025-03-05T07:00:00.000000000,1.47,1.1669999999999998,0.0,0.0,1.2396906268285,0.0
27853,2025-03-05T08:00:00.000000000,1.525,1.2029999999999998,0.0,0.0,0.0,0.0
27853,2025-03-05T09:00:00.000000000,1.6269999999999998,1.25,0.0,0.0,0.3235504614701334,0.0
27853,2025-03-05T10:00:00.000000000,1.656,1.357,0.0,0.0,0.6980952891502333,0.0
27853,2025-03-05T11:00:00.000000000,1.5099999999999998,1.209,0.0,0.0,0.34904764457511667,0.0
27853,2025-03-05T12:00:00.000000000,1.124,0.8240000000000001,0.0,0.0,0.6980952891502333,0.0
27853,2025-03-05T13:00:00.000000000,0.592,0.29100000000000004,0.0,0.0,0.0,0.0
27853,2025-03-05T14:00:00.000000000,0.33199999999999996,0.015,0.0,0.019,0.3235504614701334,0.0
27853,2025-03-05T15:00:00.000000000,0.39899999999999997,0.0,0.0,0.1,0.3232573903999611,0.0
27853,2025-03-05T16:00:00.000000000,0.502,0.0,0.0,0.20099999999999998,0.0,0.0
27853,2025-03-05T17:00:00.000000000,0.618,0.0,0.0,0.31800000000000006,0.3235504614701334,0.0
27853,2025-03-05T18:00:00.000000000,0.718,0.0,0.0,0.417,0.0,0.0
27853,2025-03-05T19:00:00.000000000,0.746,0.0,0.0,0.443,0.3235504614701334,0.0
27853,2025-03-05T20:00:00.000000000,1.202,0.0,0.0,0.41100000000000003,0.0,0.0
27853,2025-03-05T21:00:00.000000000,2.971,0.0,0.0,0.44199999999999995,0.3232573903999611,0.0
27853,2025-03-05T22:00:00.000000000,2.893,0.0,0.0,0.35000000000000003,0.0,0.0
27853,2025-03-05T23:00:00.000000000,1.158,0.0,0.0,0.14,0.3235504614701334,0.0
27853,2025-03-06T00:00:00.000000000,1.1989999999999998,0.601,0.0,0.005,1.1787318442326777,0.0
27853,2025-03-06T01:00:00.000000000,1.085,0.7649999999999999,0.0,0.0,1.1177730616368555,0.0
27853,2025-03-06T02:00:00.000000000,1.21,0.905,0.0,0.0,0.0,0.0
27853,2025-03-06T03:00:00.000000000,1.4829999999999999,1.182,0.0,0.0,0.3232573903999611,0.0
27853,2025-03-06T04:00:00.000000000,1.705,1.404,0.0,0.0,0.0,0.0
27853,2025-03-06T05:00:00.000000000,2.1270000000000002,1.8169999999999997,0.0,0.0,0.3235504614701334,0.0
27853,2025-03-06T06:00:00.000000000,2.114,1.813,0.0,0.0,0.0,0.0
27853,2025-03-06T07:00:00.000000000,2.154,1.858,0.0,0.0,0.32355046147013333,0.0
27853,2025-03-06T08:00:00.000000000,2.2969999999999997,2.003,0.0,0.0,0.0,0.0
27853,2025-03-06T09:00:00.000000000,2.3970000000000002,2.099,0.0,0.0,0.3232573903999611,0.0
27853,2025-03-06T10:00:00.000000000,2.385,2.0860000000000003,0.0,0.0,0.0,0.0
27853,2025-03-06T11:00:00.000000000,2.004,1.702,0.0,0.0,0.3235504614701334,0.0
27853,2025-03-06T12:00:00.000000000,1.2120000000000002,0.911,0.0,0.0,0.0,0.0
27853,2025-03-06T13:00:00.000000000,0.43500000000000005,0.125,0.0,0.011,0.3235504614701334,0.0
27853,2025-03-06T14:00:00.000000000,0.463,0.0,0.0,0.164,0.3232573903999611,0.0
27853,2025-03-06T15:00:00.000000000,0.6559999999999999,0.0,0.0,0.355,0.0,0.0
27853,2025-03-06T16:00:00.000000000,0.776,0.0,0.0,0.476,0.3235504614701334,0.0
27853,2025-03-06T17:00:00.000000000,0.968,0.0,0.0,0.548,0.8226504939734278,0.0
27853,2025-03-06T18:00:00.000000000,1.009,0.0,0.0,0.537,0.0,0.0
27853,2025-03-06T19:00:00.000000000,0.9209999999999999,0.0,0.0,0.42599999999999993,0.3235504614701334,0.0
27853,2025-03-06T20:00:00.000000000,0.8340000000000001,0.0,0.0,0.292,0.9601008258842,0.0
27853,2025-03-06T21:00:00.000000000,0.758,0.0,0.0,0.17300000000000001,2.428386887447033,0.0
27853,2025-03-06T22:00:00.000000000,0.6829999999999999,0.0,0.0,0.083,2.08637294855605,0.0
27853,2025-03-06T23:00:00.000000000,0.613,0.005,0.0,0.011,1.3443169988799835,0.0
27853,2025-03-07T00:00:00.000000000,1.068,0.732,0.0,0.0,0.34904764457511667,0.0
27853,2025-03-07T01:00:00.000000000,1.174,0.853,0.0,0.0,1.658782257174778,0.0
27853,2025-03-07T02:00:00.000000000,1.21,0.904,0.0,0.0,0.3235504614701334,0.0
27853,2025-03-07T03:00:00.000000000,1.413,1.1099999999999999,0.0,0.0,0.0,0.0
27853,2025-03-07T04:00:00.000000000,1.575,1.2750000000000001,0.0,0.0,0.3232573903999611,0.0
27853,2025-03-07T05:00:00.000000000,1.983,1.671,0.0,0.0,0.0,0.0
27853,2025-03-07T06:00:00.000000000,1.9789999999999996,1.679,0.0,0.0,0.3232573903999611,0.0
27853,2025-03-07T07:00:00.000000000,1.984,1.6869999999999998,0.0,0.0,0.0,0.0
27853,2025-03-07T08:00:00.000000000,2.079,1.784,0.0,0.0,0.3235504614701334,0.0
27853,2025-03-07T09:00:00.000000000,2.261,1.89,0.0,0.0,0.8628012305870222,0.0
27853,2025-03-07T10:00:00.000000000,2.215,1.9140000000000001,0.0,0.0,0.3235504614701334,0.0
27853,2025-03-07T11:00:00.000000000,1.97,1.67,0.0,0.0,0.0,0.0
27853,2025-03-07T12:00:00.000000000,1.435,1.1340000000000001,0.0,0.0,0.3235504614701334,0.0
27853,2025-03-07T13:00:00.000000000,0.929,0.6299999999999999,0.0,0.0,1.2646016677931389,0.0
27853,2025-03-07T14:00:00.000000000,0.429,0.13,0.0,0.0,0.3235504614701334,0.0
27853,2025-03-07T15:00:00.000000000,0.323,0.0,0.0,0.022,0.0,0.0
27853,2025-03-07T16:00:00.000000000,0.357,0.0,0.0,0.056999999999999995,0.3235504614701334,0.0
27853,2025-03-07T17:00:00.000000000,0.39,0.0,0.0,0.088,0.0,0.0
27853,2025-03-07T18:00:00.000000000,0.401,0.0,0.0,0.101,0.32355046147013333,0.0
27853,2025-03-07T19:00:00.000000000,0.385,0.0,0.0,0.082,0.0,0.0
27853,2025-03-07T20:00:00.000000000,1.0659999999999998,0.0,0.0,0.121,0.3232573903999611,0.0
27853,2025-03-07T21:00:00.000000000,0.659,0.0,0.0,0.073,0.0,0.0
27853,2025-03-07T22:00:00.000000000,0.631,0.0,0.0,0.030999999999999996,0.3235504614701334,0.0
27853,2025-03-07T23:00:00.000000000,0.615,0.016,0.0,0.002,0.0,0.0
27853,2025-03-08T00:00:00.000000000,1.076,0.483,0.0,0.0,1.4260838274580332,0.0
27853,2025-03-08T01:00:00.000000000,0.92,0.42400000000000004,0.0,0.0,2.0922343699594945,0.0
27853,2025-03-08T02:00:00.000000000,0.72,0.37699999999999995,0.0,0.0,0.34904764457511667,0.0
27853,2025-03-08T03:00:00.000000000,0.807,0.505,0.0,0.0,0.8290980575172168,0.0
27853,2025-03-08T04:00:00.000000000,0.876,0.5750000000000001,0.0,0.0,0.3232573903999611,0.0
27853,2025-03-08T05:00:00.000000000,1.1600000000000001,0.85,0.0,0.0,0.0,0.0
27853,2025-03-08T06:00:00.000000000,1.095,0.794,0.0,0.0,0.3235504614701334,0.0
27853,2025-03-08T07:00:00.000000000,1.074,0.7709999999999999,0.0,0.0,0.0,0.0
27853,2025-03-08T08:00:00.000000000,1.136,0.84,0.0,0.0,0.3235504614701334,0.0
27853,2025-03-08T09:00:00.000000000,1.1469999999999998,0.851,0.0,0.0,0.0,0.0
27853,2025-03-08T10:00:00.000000000,1.129,0.8300000000000001,0.0,0.0,0.3232573903999611,0.0
27853,2025-03-08T11:00:00.000000000,1.125,0.8250000000000001,0.0,0.0,1.6936577145252723,0.0
27853,2025-03-08T12:00:00.000000000,0.8539999999999999,0.554,0.0,0.0,0.3232573903999611,0.0
27853,2025-03-08T13:00:00.000000000,0.601,0.303,0.0,0.0,0.0,0.0
27853,2025-03-08T14:00:00.000000000,0.42500000000000004,0.126,0.0,0.0,0.3235504614701334,0.0
27853,2025-03-08T15:00:00.000000000,0.372,0.072,0.0,0.0,0.0,0.0
27853,2025-03-08T16:00:00.000000000,0.365,0.063,0.0,0.0,0.3235504614701334,0.0
27853,2025-03-08T17:00:00.000000000,0.399,0.097,0.0,0.0,0.3232573903999611,0.0
27853,2025-03-08T18:00:00.000000000,0.387,0.08600000000000001,0.0,0.0,0.0,0.0
27853,2025-03-08T19:00:00.000000000,0.42,0.11699999999999999,0.0,0.0,0.3235504614701334,0.0
27853,2025-03-08T20:00:00.000000000,0.523,0.15200000000000002,0.0,0.0,0.0,0.0
27853,2025-03-08T21:00:00.000000000,2.625,0.0,0.0,0.161,1.2921503483893277,0.0
27853,2025-03-08T22:00:00.000000000,1.1900000000000002,0.064,0.0,0.039,2.2660255145716226,0.0
27853,2025-03-08T23:00:00.000000000,0.7370000000000001,0.14100000000000001,0.0,0.0,1.4679929904926612,0.0
27853,2025-03-09T00:00:00.000000000,0.972,0.565,0.0,0.0,2.2015498791337333,0.0
27853,2025-03-09T01:00:00.000000000,0.8579999999999999,0.539,0.0,0.0,0.6978022180800612,0.0
27853,2025-03-09T02:00:00.000000000,0.79,0.484,0.0,0.0,0.7423490207462389,0.0
27853,2025-03-09T03:00:00.000000000,0.8069999999999999,0.504,0.0,0.0,0.0,0.0
27853,2025-03-09T04:00:00.000000000,0.842,0.542,0.0,0.0,0.3232573903999611,0.0
27853,2025-03-09T05:00:00.000000000,0.908,0.5970000000000001,0.0,0.0,0.0,0.0
27853,2025-03-09T06:00:00.000000000,1.904,0.15,0.0,0.06,0.3235504614701334,0.0
27853,2025-03-09T07:00:00.000000000,0.648,0.35000000000000003,0.0,0.0,1.2200548651269612,0.0
27853,2025-03-09T08:00:00.000000000,0.7040000000000001,0.38200000000000006,0.0,0.0,0.895332119376139,0.0
27853,2025-03-09T09:00:00.000000000,0.673,0.374,0.0,0.0,0.3232573903999611,0.0
27853,2025-03-09T10:00:00.000000000,0.768,0.46799999999999997,0.0,0.0,1.4630107822997334,0.0
27853,2025-03-09T11:00:00.000000000,0.734,0.434,0.0,0.0,0.7024913552028167,0.0
27853,2025-03-09T12:00:00.000000000,0.646,0.34400000000000003,0.0,0.0,0.7578817874653666,0.0
27853,2025-03-09T13:00:00.000000000,0.492,0.194,0.0,0.0,0.0,0.0
27853,2025-03-09T14:00:00.000000000,0.37500000000000006,0.07600000000000001,0.0,0.0,0.3235504614701334,0.0
27853,2025-03-09T15:00:00.000000000,0.312,0.0,0.0,0.012,0.0,0.0
27853,2025-03-09T16:00:00.000000000,0.333,0.0,0.0,0.033,0.3235504614701334,0.0
27853,2025-03-09T17:00:00.000000000,0.356,0.0,0.0,0.056,0.3232573903999611,0.0
27853,2025-03-09T18:00:00.000000000,0.37,0.0,0.0,0.069,0.0,0.0
27853,2025-03-09T19:00:00.000000000,0.36,0.0,0.0,0.056999999999999995,0.3235504614701334,0.0
27853,2025-03-09T20:00:00.000000000,1.707,0.0,0.0,0.22500000000000003,0.0,0.0
27853,2025-03-09T21:00:00.000000000,0.689,0.0,0.0,0.104,0.3235504614701334,0.0
27853,2025-03-09T22:00:00.000000000,0.649,0.0,0.0,0.049,0.0,0.0
27853,2025-03-09T23:00:00.000000000,0.629,0.027999999999999997,0.0,0.004,0.3232573903999611,0.0
27853,2025-03-10T00:00:00.000000000,1.051,0.458,0.0,0.0,0.9149678810776778,0.0
27853,2025-03-10T01:00:00.000000000,0.784,0.46399999999999997,0.0,0.0,0.67259810604525,0.0
27853,2025-03-10T02:00:00.000000000,0.7899999999999999,0.484,0.0,0.0,1.1775595599519888,0.0
27853,2025-03-10T03:00:00.000000000,0.7690000000000001,0.46699999999999997,0.0,0.0,0.0,0.0
27853,2025-03-10T04:00:00.000000000,0.738,0.438,0.0,0.0,0.3235504614701334,0.0
27853,2025-03-10T05:00:00.000000000,0.7969999999999999,0.486,0.0,0.0,0.0,0.0
27853,2025-03-10T06:00:00.000000000,0.7249999999999999,0.42400000000000004,0.0,0.0,0.3235504614701334,0.0
27853,2025-03-10T07:00:00.000000000,0.684,0.387,0.0,0.0,0.0,0.0
27853,2025-03-10T08:00:00.000000000,0.678,0.382,0.0,0.0,0.3232573903999611,0.0
27853,2025-03-10T09:00:00.000000000,0.643,0.34400000000000003,0.0,0.0,0.0,0.0
27853,2025-03-10T10:00:00.000000000,0.6970000000000001,0.35800000000000004,0.0,0.0,1.4014658575635666,0.0
27853,2025-03-10T11:00:00.000000000,0.863,0.40399999999999997,0.0,0.0,3.1818726088598166,0.0
27853,2025-03-10T12:00:00.000000000,0.66,0.2,0.0,0.0,0.3235504614701334,0.0
27853,2025-03-10T13:00:00.000000000,0.624,0.167,0.0,0.0,0.0,0.0
27853,2025-03-10T14:00:00.000000000,0.6930000000000001,0.23399999999999999,0.0,0.0,2.8457200913722778,0.0
27853,2025-03-10T15:00:00.000000000,0.515,0.049,0.0,0.0,1.3982420757916723,0.0
27853,2025-03-10T16:00:00.000000000,0.492,0.0,0.0,0.024,0.3235504614701334,0.0
27853,2025-03-10T17:00:00.000000000,0.489,0.004,0.0,0.024,0.7024913552028167,0.0
27853,2025-03-10T18:00:00.000000000,0.515,0.0,0.0,0.043000000000000003,0.0,0.0
27853,2025-03-10T19:00:00.000000000,0.556,0.0,0.0,0.061,0.34875457350494443,0.0
27853,2025-03-10T20:00:00.000000000,0.606,0.0,0.0,0.065,0.3235504614701334,0.0
27853,2025-03-10T21:00:00.000000000,0.629,0.0,0.0,0.044000000000000004,0.0,0.0
27853,2025-03-10T22:00:00.000000000,1.278,0.0,0.0,0.039,1.032489380216739,0.0
27853,2025-03-10T23:00:00.000000000,1.053,0.08700000000000001,0.0,0.012,1.6807625874376946,0.0
27853,2025-03-11T00:00:00.000000000,1.011,0.41900000000000004,0.0,0.0,0.0,0.0
27853,2025-03-11T01:00:00.000000000,0.881,0.387,0.0,0.0,1.0632618425848221,0.0
27853,2025-03-11T02:00:00.000000000,0.7609999999999999,0.362,0.0,0.0,0.0,0.0
27853,2025-03-11T03:00:00.000000000,0.839,0.485,0.0,0.0,0.8038939454824056,0.0
27853,2025-03-11T04:00:00.000000000,0.844,0.528,0.0,0.0,0.3235504614701334,0.0
27853,2025-03-11T05:00:00.000000000,1.017,0.7070000000000001,0.0,0.0,0.0,0.0
27853,2025-03-11T06:00:00.000000000,0.957,0.656,0.0,0.0,0.3235504614701334,0.0
27853,2025-03-11T07:00:00.000000000,0.932,0.636,0.0,0.0,0.0,0.0
27853,2025-03-11T08:00:00.000000000,0.945,0.649,0.0,0.0,0.3232573903999611,0.0
27853,2025-03-11T09:00:00.000000000,0.947,0.648,0.0,0.0,0.0,0.0
27853,2025-03-11T10:00:00.000000000,0.9099999999999999,0.609,0.0,0.0,0.3235504614701334,0.0
27853,2025-03-11T11:00:00.000000000,0.837,0.533,0.0,0.0,0.0,0.0
27853,2025-03-11T12:00:00.000000000,1.866,0.128,0.0,0.064,0.67259810604525,0.0
27853,2025-03-11T13:00:00.000000000,1.1219999999999999,0.004,0.0,0.009000000000000001,0.6863724463433444,0.0
27853,2025-03-11T14:00:00.000000000,0.571,0.07200000000000001,0.0,0.007,1.694829998805961,0.0
27853,2025-03-11T15:00:00.000000000,1.443,0.012,0.0,0.14100000000000001,0.0,0.0
27853,2025-03-11T16:00:00.000000000,0.645,0.0,0.0,0.14500000000000002,0.3232573903999611,0.0
27853,2025-03-11T17:00:00.000000000,0.627,0.0,0.0,0.166,0.0,0.0
27853,2025-03-11T18:00:00.000000000,0.658,0.0,0.0,0.186,0.3235504614701334,0.0
27853,2025-03-11T19:00:00.000000000,0.708,0.0,0.0,0.21400000000000002,0.7892403919737945,0.0
27853,2025-03-11T20:00:00.000000000,0.758,0.0,0.0,0.21600000000000003,0.27079766883913337,0.0
27853,2025-03-11T21:00:00.000000000,1.2389999999999999,0.0,0.0,0.17600000000000002,1.101068010637039,0.0
27853,2025-03-11T22:00:00.000000000,1.234,0.0,0.0,0.113,0.7215409747640111,0.0
27853,2025-03-11T23:00:00.000000000,0.645,0.032,0.0,0.017,0.7019052130624722,0.0
27853,2025-03-12T00:00:00.000000000,1.129,0.536,0.0,0.0,0.6975091470098889,0.0
27853,2025-03-12T01:00:00.000000000,0.946,0.45099999999999996,0.0,0.0,0.3235504614701334,0.0
27853,2025-03-12T02:00:00.000000000,0.9570000000000001,0.594,0.0,0.0,1.3958975072302944,0.0
27853,2025-03-12T03:00:00.000000000,0.992,0.6910000000000001,0.0,0.0,0.3235504614701334,0.0
27853,2025-03-12T04:00:00.000000000,1.2710000000000001,0.9600000000000001,0.0,0.0,0.0,0.0
27853,2025-03-12T05:00:00.000000000,1.2169999999999999,0.9149999999999999,0.0,0.0,0.3235504614701334,0.0
27853,2025-03-12T06:00:00.000000000,1.214,0.918,0.0,0.0,0.0,0.0
27853,2025-03-12T07:00:00.000000000,1.2630000000000001,0.968,0.0,0.0,0.3232573903999611,0.0
27853,2025-03-12T08:00:00.000000000,1.468,1.0979999999999999,0.0,0.0,2.0544282019072777,0.0
27853,2025-03-12T09:00:00.000000000,2.269,0.514,0.0,0.0,0.0,0.0
27853,2025-03-12T10:00:00.000000000,2.4219999999999997,0.177,0.0,0.0,0.3235504614701334,0.0
27853,2025-03-12T11:00:00.000000000,2.274,0.013999999999999999,0.0,0.015,0.0,0.0
27853,2025-03-12T12:00:00.000000000,1.7799999999999998,0.106,0.0,0.047,1.1394603208296,0.0
27853,2025-03-12T13:00:00.000000000,0.486,0.186,0.0,0.0,0.3232573903999611,0.0
27853,2025-03-12T14:00:00.000000000,0.324,0.008,0.0,0.015,0.0,0.0
27853,2025-03-12T15:00:00.000000000,0.365,0.0,0.0,0.062,0.3235504614701334,0.0
27853,2025-03-12T16:00:00.000000000,0.409,0.0,0.0,0.108,0.0,0.0
27853,2025-03-12T17:00:00.000000000,0.416,0.0,0.0,0.115,0.3235504614701334,0.0
27853,2025-03-12T18:00:00.000000000,0.40700000000000003,0.0,0.0,0.10300000000000001,0.3232573903999611,0.0
27853,2025-03-12T19:00:00.000000000,0.388,0.0,0.0,0.079,0.0,0.0
27853,2025-03-12T20:00:00.000000000,0.6060000000000001,0.0,0.0,0.081,0.3235504614701334,0.0
27853,2025-03-12T21:00:00.000000000,0.663,0.0,0.0,0.063,0.0,0.0
27853,2025-03-12T22:00:00.000000000,0.613,0.003,0.0,0.016,0.3235504614701334,0.0
27853,2025-03-12T23:00:00.000000000,0.907,0.501,0.0,0.0,0.0,0.0
27853,2025-03-13T00:00:00.000000000,0.815,0.496,0.0,0.0,1.0670717664970613,0.0
27853,2025-03-13T01:00:00.000000000,0.8119999999999999,0.507,0.0,0.0,0.6975091470098889,0.0
27853,2025-03-13T02:00:00.000000000,0.9169999999999999,0.616,0.0,0.0,0.3783547515923389,0.0
27853,2025-03-13T03:00:00.000000000,0.953,0.653,0.0,0.0,0.3232573903999611,0.0
27853,2025-03-13T04:00:00.000000000,1.154,0.844,0.0,0.0,0.0,0.0
27853,2025-03-13T05:00:00.000000000,1.085,0.7830000000000001,0.0,0.0,0.3235504614701334,0.0
27853,2025-03-13T06:00:00.000000000,1.062,0.766,0.0,0.0,0.0,0.0
27853,2025-03-13T07:00:00.000000000,1.078,0.782,0.0,0.0,0.3235504614701334,0.0
27853,2025-03-13T08:00:00.000000000,1.2610000000000001,0.915,0.0,0.0,2.3266912260972723,0.0
27853,2025-03-13T09:00:00.000000000,1.161,0.862,0.0,0.0,0.3124137608035889,0.0
27853,2025-03-13T10:00:00.000000000,1.124,0.823,0.0,0.0,0.3232573903999611,0.0
27853,2025-03-13T11:00:00.000000000,1.033,0.7329999999999999,0.0,0.0,0.0,0.0
27853,2025-03-13T12:00:00.000000000,0.967,0.667,0.0,0.0,1.4926109603871278,0.0
27853,2025-03-13T13:00:00.000000000,0.7420000000000001,0.44399999999999995,0.0,0.0,0.0,0.0
27853,2025-03-13T14:00:00.000000000,0.583,0.282,0.0,0.0,0.3235504614701334,0.0
27853,2025-03-13T15:00:00.000000000,0.42899999999999994,0.128,0.0,0.0,0.0,0.0
27853,2025-03-13T16:00:00.000000000,0.314,0.013999999999999999,0.0,0.0,0.3235504614701334,0.0
27853,2025-03-13T17:00:00.000000000,0.306,0.0,0.0,0.006,0.0,0.0
27853,2025-03-13T18:00:00.000000000,0.321,0.0,0.0,0.018000000000000002,0.32355046147013333,0.0
27853,2025-03-13T19:00:00.000000000,0.325,0.0,0.0,0.015,0.0,0.0
27853,2025-03-13T20:00:00.000000000,0.476,0.0,0.0,0.022,0.3232573903999611,0.0
27853,2025-03-13T21:00:00.000000000,0.484,0.095,0.0,0.006,0.0,0.0
27853,2025-03-13T22:00:00.000000000,0.612,0.159,0.0,0.0,0.3235504614701334,0.0
27853,2025-03-13T23:00:00.000000000,0.901,0.495,0.0,0.0,0.0,0.0
27853,2025-03-14T00:00:00.000000000,0.841,0.522,0.0,0.0,1.7666324109981557,0.0
27853,2025-03-14T01:00:00.000000000,0.7729999999999999,0.46799999999999997,0.0,0.0,0.5336824187836167,0.0
27853,2025-03-14T02:00:00.000000000,0.834,0.531,0.0,0.0,0.6904754413257554,0.0
27853,2025-03-14T03:00:00.000000000,0.842,0.542,0.0,0.0,0.0,0.0
27853,2025-03-14T04:00:00.000000000,0.991,0.681,0.0,0.0,0.3232573903999611,0.0
27853,2025-03-14T05:00:00.000000000,0.9229999999999999,0.621,0.0,0.0,0.0,0.0
27853,2025-03-14T06:00:00.000000000,0.891,0.594,0.0,0.0,0.3235504614701334,0.0
27853,2025-03-14T07:00:00.000000000,0.892,0.596,0.0,0.0,0.0,0.0
27853,2025-03-14T08:00:00.000000000,0.9369999999999999,0.616,0.0,0.0,0.7616917113776055,0.0
27853,2025-03-14T09:00:00.000000000,1.0669999999999997,0.63,0.0,0.0,2.209169726958211,0.0
27853,2025-03-14T10:00:00.000000000,0.8939999999999999,0.556,0.0,0.0,0.0,0.0
27853,2025-03-14T11:00:00.000000000,0.8029999999999999,0.502,0.0,0.0,0.3232573903999611,0.0
27853,2025-03-14T12:00:00.000000000,0.724,0.423,0.0,0.0,1.1359434679875333,0.0
27853,2025-03-14T13:00:00.000000000,0.492,0.193,0.0,0.0,0.0,0.0
27853,2025-03-14T14:00:00.000000000,0.331,0.027,0.0,0.005,0.32325739039996115,0.0
27853,2025-03-14T15:00:00.000000000,0.334,0.0,0.0,0.033,0.0,0.0
27853,2025-03-14T16:00:00.000000000,0.363,0.0,0.0,0.061,0.3232573903999611,0.0
27853,2025-03-14T17:00:00.000000000,0.383,0.0,0.0,0.084,0.0,0.0
27853,2025-03-14T18:00:00.000000000,0.382,0.0,0.0,0.079,0.3235504614701334,0.0
27853,2025-03-14T19:00:00.000000000,0.37,0.0,0.0,0.062,0.0,0.0
27853,2025-03-14T20:00:00.000000000,0.343,0.0,0.0,0.030999999999999996,0.32355046147013333,0.0
27853,2025-03-14T21:00:00.000000000,2.217,0.0,0.0,0.222,0.0,0.0
27853,2025-03-14T22:00:00.000000000,0.624,0.007,0.0,0.020999999999999998,0.3232573903999611,0.0
27853,2025-03-14T23:00:00.000000000,1.014,0.605,0.0,0.0,0.0,0.0
27853,2025-03-15T00:00:00.000000000,0.963,0.643,0.0,0.0,0.3235504614701334,0.0
27853,2025-03-15T01:00:00.000000000,1.2,0.893,0.0,0.0,2.004313048907828,0.0
27853,2025-03-15T02:00:00.000000000,1.3599999999999999,1.0590000000000002,0.0,0.0,0.34875457350494443,0.0
27853,2025-03-15T03:00:00.000000000,1.508,1.208,0.0,0.0,0.0,0.0
27853,2025-03-15T04:00:00.000000000,1.8559999999999999,1.545,0.0,0.0,0.3235504614701334,0.0
27853,2025-03-15T05:00:00.000000000,1.811,1.5099999999999998,0.0,0.0,0.0,0.0
27853,2025-03-15T06:00:00.000000000,1.867,1.571,0.0,0.0,1.2405698400390168,0.0
27853,2025-03-15T07:00:00.000000000,2.033,1.712,0.0,0.0,2.285075134132817,0.0
27853,2025-03-15T08:00:00.000000000,2.032,1.653,0.0,0.0,0.7804482598686278,0.0
27853,2025-03-15T09:00:00.000000000,1.996,1.697,0.0,0.0,0.0,0.0
27853,2025-03-15T10:00:00.000000000,1.935,1.634,0.0,0.0,0.6720119639049056,0.0
27853,2025-03-15T11:00:00.000000000,1.607,1.306,0.0,0.0,0.8276327021663555,0.0
27853,2025-03-15T12:00:00.000000000,0.9530000000000001,0.654,0.0,0.0,0.6975091470098889,0.0
27853,2025-03-15T13:00:00.000000000,0.41500000000000004,0.10700000000000001,0.0,0.008,0.0,0.0
27853,2025-03-15T14:00:00.000000000,0.597,0.0,0.0,0.172,0.3232573903999611,0.0
27853,2025-03-15T15:00:00.000000000,0.798,0.0,0.0,0.372,0.0,0.0
27853,2025-03-15T16:00:00.000000000,0.82,0.0,0.0,0.519,0.3235504614701334,0.0
27853,2025-03-15T17:00:00.000000000,0.959,0.0,0.0,0.659,0.0,0.0
27853,2025-03-15T18:00:00.000000000,1.03,0.0,0.0,0.726,1.0805530357249835,0.0
27853,2025-03-15T19:00:00.000000000,1.063,0.0,0.0,0.6920000000000001,1.7241371058231834,0.0
27853,2025-03-15T20:00:00.000000000,1.1800000000000002,0.0,0.0,0.595,0.3235504614701334,0.0
27853,2025-03-15T21:00:00.000000000,1.005,0.0,0.0,0.40399999999999997,0.0,0.0
27853,2025-03-15T22:00:00.000000000,1.365,0.0,0.0,0.271,0.6852001620626555,0.0
27853,2025-03-15T23:00:00.000000000,0.7229999999999999,0.07500000000000001,0.0,0.055,2.0734778214684724,0.0
27853,2025-03-16T00:00:00.000000000,0.573,0.103,0.0,0.013,1.2364668450566056,0.0
27853,2025-03-16T01:00:00.000000000,0.577,0.271,0.0,0.0,1.4671137772821445,0.0
27853,2025-03-16T02:00:00.000000000,0.752,0.449,0.0,0.0,0.36458041129424446,0.0
27853,2025-03-16T03:00:00.000000000,0.9349999999999999,0.635,0.0,0.0,0.0,0.0
27853,2025-03-16T04:00:00.000000000,1.2959999999999998,0.984,0.0,0.0,0.3235504614701334,0.0
27853,2025-03-16T05:00:00.000000000,1.319,1.0179999999999998,0.0,0.0,0.0,0.0
27853,2025-03-16T06:00:00.000000000,1.388,1.092,0.0,0.0,0.3235504614701334,0.0
27853,2025-03-16T07:00:00.000000000,1.506,1.21,0.0,0.0,0.0,0.0
27853,2025-03-16T08:00:00.000000000,1.757,1.387,0.0,0.0,2.0898898013981166,0.0
27853,2025-03-16T09:00:00.000000000,1.9029999999999998,1.465,0.0,0.0,2.1042502838365555,0.0
27853,2025-03-16T10:00:00.000000000,1.9649999999999999,1.507,0.0,0.0,3.408123475032772,0.0
27853,2025-03-16T11:00:00.000000000,1.453,1.153,0.0,0.0,0.3232573903999611,0.0
27853,2025-03-16T12:00:00.000000000,0.9010000000000001,0.602,0.0,0.0,1.1731634938994056,0.0
27853,2025-03-16T13:00:00.000000000,0.393,0.09099999999999998,0.0,0.004,1.813230711155539,0.0
27853,2025-03-16T14:00:00.000000000,0.461,0.0,0.0,0.162,0.871593362692189,0.0
27853,2025-03-16T15:00:00.000000000,0.698,0.0,0.0,0.39699999999999996,0.0,0.0
27853,2025-03-16T16:00:00.000000000,0.902,0.0,0.0,0.6010000000000001,0.3232573903999611,0.0
27853,2025-03-16T17:00:00.000000000,1.017,0.0,0.0,0.716,0.0,0.0
27853,2025-03-16T18:00:00.000000000,1.026,0.0,0.0,0.7229999999999999,0.3232573903999611,0.0
27853,2025-03-16T19:00:00.000000000,1.021,0.0,0.0,0.7109999999999999,0.0,0.0
27853,2025-03-16T20:00:00.000000000,0.9289999999999999,0.0,0.0,0.615,0.3232573903999611,0.0
27853,2025-03-16T21:00:00.000000000,0.7030000000000001,0.0,0.0,0.39099999999999996,0.3232573903999611,0.0
27853,2025-03-16T22:00:00.000000000,0.522,0.0,0.0,0.207,0.0,0.0
27853,2025-03-16T23:00:00.000000000,0.443,0.072,0.0,0.035,0.3235504614701334,0.0
27853,2025-03-17T00:00:00.000000000,0.44599999999999995,0.125,0.0,0.001,0.0,0.0
27853,2025-03-17T01:00:00.000000000,0.587,0.263,0.0,0.0,0.3235504614701334,0.0
27853,2025-03-17T02:00:00.000000000,0.772,0.451,0.0,0.0,0.0,0.0
27853,2025-03-17T03:00:00.000000000,0.9450000000000001,0.6439999999999999,0.0,0.0,0.32325739039996115,0.0
27853,2025-03-17T04:00:00.000000000,1.2919999999999998,0.9820000000000001,0.0,0.0,0.0,0.0
27853,2025-03-17T05:00:00.000000000,1.308,1.0070000000000001,0.0,0.0,0.3232573903999611,0.0
27853,2025-03-17T06:00:00.000000000,1.447,1.145,0.0,0.0,2.0854937353455334,0.0
27853,2025-03-17T07:00:00.000000000,1.7879999999999998,1.045,0.0,0.0,1.2842374294946777,0.0
27853,2025-03-17T08:00:00.000000000,1.5020000000000002,1.0910000000000002,0.0,0.0,0.0,0.0
27853,2025-03-17T09:00:00.000000000,1.5420000000000003,1.105,0.0,0.0,0.3232573903999611,0.0
27853,2025-03-17T10:00:00.000000000,2.371,0.518,0.0,0.0,0.0,0.0
27853,2025-03-17T11:00:00.000000000,1.563,0.616,0.0,0.0,1.1333058283559834,0.0
27853,2025-03-17T12:00:00.000000000,1.0310000000000001,0.5740000000000001,0.0,0.0,1.7994563708574445,0.0
27853,2025-03-17T13:00:00.000000000,0.615,0.155,0.0,0.002,0.34875457350494443,0.0
27853,2025-03-17T14:00:00.000000000,0.53,0.007,0.0,0.057,0.8270465600260112,0.0
27853,2025-03-17T15:00:00.000000000,0.643,0.0,0.0,0.17600000000000002,0.3235504614701334,0.0
27853,2025-03-17T16:00:00.000000000,0.7510000000000001,0.0,0.0,0.29000000000000004,0.0,0.0
27853,2025-03-17T17:00:00.000000000,0.868,0.0,0.0,0.39599999999999996,0.3235504614701334,0.0
27853,2025-03-17T18:00:00.000000000,0.953,0.0,0.0,0.45899999999999996,0.7271093250972833,0.0
27853,2025-03-17T19:00:00.000000000,1.432,0.0,0.0,0.46900000000000003,0.3232573903999611,0.0
27853,2025-03-17T20:00:00.000000000,3.041,0.0,0.0,0.511,1.0963788735142832,0.0
27853,2025-03-17T21:00:00.000000000,2.988,0.0,0.0,0.44399999999999995,0.1383295451212889,0.0
27853,2025-03-17T22:00:00.000000000,1.781,0.0,0.0,0.27899999999999997,0.3232573903999611,0.0
27853,2025-03-17T23:00:00.000000000,0.726,0.098,0.0,0.035,0.34172086782081107,0.0
27853,2025-03-18T00:00:00.000000000,0.608,0.11099999999999999,0.0,0.002,0.0,0.0
27853,2025-03-18T01:00:00.000000000,0.637,0.237,0.0,0.0,0.3232573903999611,0.0
27853,2025-03-18T02:00:00.000000000,0.785,0.433,0.0,0.0,0.34875457350494443,0.0
27853,2025-03-18T03:00:00.000000000,0.886,0.5750000000000001,0.0,0.0,0.3232573903999611,0.0
27853,2025-03-18T04:00:00.000000000,1.135,0.824,0.0,0.0,0.0,0.0
27853,2025-03-18T05:00:00.000000000,1.0910000000000002,0.79,0.0,0.0,0.3235504614701334,0.0
27853,2025-03-18T06:00:00.000000000,1.0670000000000002,0.7710000000000001,0.0,0.0,0.0,0.0
27853,2025-03-18T07:00:00.000000000,1.08,0.784,0.0,0.0,0.3235504614701334,0.0
27853,2025-03-18T08:00:00.000000000,1.065,0.768,0.0,0.0,0.0,0.0
27853,2025-03-18T09:00:00.000000000,1.048,0.7469999999999999,0.0,0.0,0.3232573903999611,0.0
27853,2025-03-18T10:00:00.000000000,1.03,0.688,0.0,0.0,0.0,0.0
27853,2025-03-18T11:00:00.000000000,0.974,0.514,0.0,0.0,0.3235504614701334,0.0
27853,2025-03-18T12:00:00.000000000,1.1660000000000001,0.263,0.0,0.024,0.0,0.0
27853,2025-03-18T13:00:00.000000000,1.528,0.0,0.0,0.098,0.3235504614701334,0.0
27853,2025-03-18T14:00:00.000000000,0.517,0.0,0.0,0.051,0.0,0.0
27853,2025-03-18T15:00:00.000000000,0.497,0.0,0.0,0.071,1.101361081707211,0.0
27853,2025-03-18T16:00:00.000000000,0.40499999999999997,0.0,0.0,0.102,0.0,0.0
27853,2025-03-18T17:00:00.000000000,0.5489999999999999,0.0,0.0,0.16,1.0462637205148333,0.0
27853,2025-03-18T18:00:00.000000000,2.276,0.0,0.0,0.389,0.0,0.0
27853,2025-03-18T19:00:00.000000000,2.433,0.0,0.0,0.46599999999999997,0.34875457350494443,0.0
27853,2025-03-18T20:00:00.000000000,0.91,0.0,0.0,0.324,0.3235504614701334,0.0
27853,2025-03-18T21:00:00.000000000,0.8420000000000001,0.0,0.0,0.24,0.0,0.0
27853,2025-03-18T22:00:00.000000000,0.7409999999999999,0.0,0.0,0.146,0.6972160759397167,0.0
27853,2025-03-18T23:00:00.000000000,0.863,0.259,0.0,0.012,2.5740432093226278,0.0
27853,2025-03-19T00:00:00.000000000,0.758,0.263,0.0,0.0,1.3613151209499723,0.0
27853,2025-03-19T01:00:00.000000000,0.7830000000000001,0.439,0.0,0.0,0.8290980575172168,0.0
27853,2025-03-19T02:00:00.000000000,0.9530000000000001,0.651,0.0,0.0,0.6465147807999222,0.0
27853,2025-03-19T03:00:00.000000000,1.1099999999999999,0.8099999999999999,0.0,0.0,0.0,0.0
27853,2025-03-19T04:00:00.000000000,1.4249999999999998,1.116,0.0,0.0,0.3235504614701334,0.0
27853,2025-03-19T05:00:00.000000000,1.395,1.093,0.0,0.0,0.0,0.0
27853,2025-03-19T06:00:00.000000000,1.41,1.115,0.0,0.0,0.3235504614701334,0.0
27853,2025-03-19T07:00:00.000000000,1.4809999999999999,1.185,0.0,0.0,0.3628219848732111,0.0
27853,2025-03-19T08:00:00.000000000,1.709,1.331,0.0,0.0,3.0057368956863115,0.0
27853,2025-03-19T09:00:00.000000000,1.661,1.224,0.0,0.0,0.7209548326236667,0.0
27853,2025-03-19T10:00:00.000000000,1.625,1.166,0.0,0.0,1.5828768500001722,0.0
27853,2025-03-19T11:00:00.000000000,1.436,0.976,0.0,0.0,1.2719284445474444,0.0
27853,2025-03-19T12:00:00.000000000,0.883,0.544,0.0,0.0,0.7013190709221278,0.0
27853,2025-03-19T13:00:00.000000000,0.517,0.219,0.0,0.0,0.34846150243477225,0.0
27853,2025-03-19T14:00:00.000000000,0.32899999999999996,0.008,0.0,0.021,0.3235504614701334,0.0
27853,2025-03-19T15:00:00.000000000,0.394,0.0,0.0,0.093,0.8264604178856666,0.0
27853,2025-03-19T16:00:00.000000000,0.477,0.0,0.0,0.175,0.3235504614701334,0.0
27853,2025-03-19T17:00:00.000000000,0.507,0.0,0.0,0.207,0.0,0.0
27853,2025-03-19T18:00:00.000000000,0.669,0.0,0.0,0.218,0.7171449087114278,0.0
27853,2025-03-19T19:00:00.000000000,1.419,0.0,0.0,0.237,0.6872516595538611,0.0
27853,2025-03-19T20:00:00.000000000,0.948,0.0,0.0,0.17700000000000002,1.0339547355676,0.0
27853,2025-03-19T21:00:00.000000000,1.382,0.0,0.0,0.14,1.0661925532865444,0.0
27853,2025-03-19T22:00:00.000000000,1.019,0.0,0.0,0.065,0.8264604178856666,0.0
27853,2025-03-19T23:00:00.000000000,0.9770000000000001,0.378,0.0,0.006,1.1497178082856276,0.0
27853,2025-03-20T00:00:00.000000000,0.884,0.426,0.0,0.0,2.7410937193207943,0.0
27853,2025-03-20T01:00:00.000000000,0.7350000000000001,0.42999999999999994,0.0,0.0,1.2338292054250555,0.0
27853,2025-03-20T02:00:00.000000000,0.801,0.5,0.0,0.0,0.3235504614701334,0.0
27853,2025-03-20T03:00:00.000000000,0.853,0.553,0.0,0.0,0.3235504614701334,0.0
27853,2025-03-20T04:00:00.000000000,1.0590000000000002,0.7490000000000001,0.0,0.0,0.34846150243477225,0.0
27853,2025-03-20T05:00:00.000000000,0.974,0.673,0.0,0.0,0.3235504614701334,0.0
27853,2025-03-20T06:00:00.000000000,0.942,0.646,0.0,0.0,0.0,0.0
27853,2025-03-20T07:00:00.000000000,0.95,0.654,0.0,0.0,0.32355046147013333,0.0
27853,2025-03-20T08:00:00.000000000,1.149,0.779,0.0,0.0,2.8630112845124387,0.0
27853,2025-03-20T09:00:00.000000000,1.1920000000000002,0.794,0.0,0.0,2.5643718640069446,0.0
27853,2025-03-20T10:00:00.000000000,1.002,0.6989999999999998,0.0,0.0,0.3232573903999611,0.0
27853,2025-03-20T11:00:00.000000000,0.953,0.652,0.0,0.0,0.0,0.0
27853,2025-03-20T12:00:00.000000000,0.8500000000000001,0.55,0.0,0.0,0.6717188928347333,0.0
27853,2025-03-20T13:00:00.000000000,0.7140000000000001,0.416,0.0,0.0,0.3777686094519944,0.0
27853,2025-03-20T14:00:00.000000000,0.488,0.187,0.0,0.0,0.3235504614701334,0.0
27853,2025-03-20T15:00:00.000000000,0.478,0.13,0.0,0.006,2.331966505360372,0.0
27853,2025-03-20T16:00:00.000000000,0.37,0.0,0.0,0.030000000000000002,0.2584886838919,0.0
27853,2025-03-20T17:00:00.000000000,0.5900000000000001,0.0,0.0,0.118,0.3232573903999611,0.0
27853,2025-03-20T18:00:00.000000000,0.661,0.0,0.0,0.16699999999999998,0.0,0.0
27853,2025-03-20T19:00:00.000000000,0.7130000000000001,0.0,0.0,0.172,0.3235504614701334,0.0
27853,2025-03-20T20:00:00.000000000,0.7109999999999999,0.0,0.0,0.125,0.9316729320774944,0.0
27853,2025-03-20T21:00:00.000000000,0.661,0.011,0.0,0.049,2.249613534641978,0.0
27853,2025-03-20T22:00:00.000000000,0.742,0.13999999999999999,0.0,0.007,2.282730565571439,0.0
27853,2025-03-20T23:00:00.000000000,1.5580000000000003,0.966,0.0,0.0,4.071929448972856,0.0
27853,2025-03-21T00:00:00.000000000,1.185,0.8029999999999999,0.0,0.0,0.7567095031846778,0.0
27853,2025-03-21T01:00:00.000000000,1.166,0.861,0.0,0.0,0.0,0.0
27853,2025-03-21T02:00:00.000000000,1.334,1.0310000000000001,0.0,0.0,0.34846150243477225,0.0
27853,2025-03-21T03:00:00.000000000,1.4289999999999998,1.129,0.0,0.0,0.3235504614701334,0.0
27853,2025-03-21T04:00:00.000000000,1.7329999999999999,1.4220000000000002,0.0,0.0,0.3232573903999611,0.0
27853,2025-03-21T05:00:00.000000000,1.6520000000000001,1.35,0.0,0.0,0.0,0.0
27853,2025-03-21T06:00:00.000000000,1.632,1.3350000000000002,0.0,0.0,0.3235504614701334,0.0
27853,2025-03-21T07:00:00.000000000,1.666,1.371,0.0,0.0,0.0,0.0
27853,2025-03-21T08:00:00.000000000,1.699,1.402,0.0,0.0,0.3235504614701334,0.0
27853,2025-03-21T09:00:00.000000000,1.76,1.423,0.0,0.0,0.7048359237641945,0.0
27853,2025-03-21T10:00:00.000000000,1.735,1.276,0.0,0.0,0.0,0.0
27853,2025-03-21T11:00:00.000000000,1.403,1.101,0.0,0.0,0.3235504614701334,0.0
27853,2025-03-21T12:00:00.000000000,0.88,0.58,0.0,0.0,0.0,0.0
27853,2025-03-21T13:00:00.000000000,0.42400000000000004,0.113,0.0,0.013,0.34846150243477225,0.0
27853,2025-03-21T14:00:00.000000000,0.42000000000000004,0.0,0.0,0.11900000000000001,2.063806476152789,0.0
27853,2025-03-21T15:00:00.000000000,0.61,0.0,0.0,0.22499999999999998,1.2692908049158944,0.0
27853,2025-03-21T16:00:00.000000000,0.6920000000000001,0.0,0.0,0.31000000000000005,0.8118068643770555,0.0
27853,2025-03-21T17:00:00.000000000,0.635,0.0,0.0,0.335,0.3232573903999611,0.0
27853,2025-03-21T18:00:00.000000000,0.63,0.0,0.0,0.327,0.0,0.0
27853,2025-03-21T19:00:00.000000000,0.601,0.0,0.0,0.291,0.45543244304763336,0.0
27853,2025-03-21T20:00:00.000000000,0.76,0.0,0.0,0.236,0.6312750851509666,0.0
27853,2025-03-21T21:00:00.000000000,0.42799999999999994,0.0,0.0,0.113,0.3232573903999611,0.0
27853,2025-03-21T22:00:00.000000000,0.40599999999999997,0.08,0.0,0.011,0.0,0.0
27853,2025-03-21T23:00:00.000000000,1.236,0.8979999999999999,0.0,0.0,0.3232573903999611,0.0
27853,2025-03-22T00:00:00.000000000,1.23,0.9100000000000001,0.0,0.0,1.074984685391711,0.0
27853,2025-03-22T01:00:00.000000000,1.229,0.923,0.0,0.0,0.3232573903999611,0.0
27853,2025-03-22T02:00:00.000000000,1.351,1.05,0.0,0.0,0.0,0.0
27853,2025-03-22T03:00:00.000000000,1.4149999999999998,1.115,0.0,0.0,0.3235504614701334,0.0
27853,2025-03-22T04:00:00.000000000,1.607,1.298,0.0,0.0,0.0,0.0
27853,2025-03-22T05:00:00.000000000,1.48,1.1800000000000002,0.0,0.0,0.3235504614701334,0.0
27853,2025-03-22T06:00:00.000000000,1.381,1.084,0.0,0.0,0.0,0.0
27853,2025-03-22T07:00:00.000000000,1.33,1.0350000000000001,0.0,0.0,0.3232573903999611,0.0
27853,2025-03-22T08:00:00.000000000,1.28,0.981,0.0,0.0,0.0,0.0
27853,2025-03-22T09:00:00.000000000,1.271,0.971,0.0,0.0,0.3235504614701334,0.0
27853,2025-03-22T10:00:00.000000000,1.243,0.943,0.0,0.0,0.0,0.0
27853,2025-03-22T11:00:00.000000000,1.265,0.885,0.0,0.0,1.579653068228278,0.0
27853,2025-03-22T12:00:00.000000000,1.12,0.8200000000000001,0.0,0.0,0.0,0.0
27853,2025-03-22T13:00:00.000000000,0.951,0.653,0.0,0.0,0.3235504614701334,0.0
27853,2025-03-22T14:00:00.000000000,0.806,0.505,0.0,0.0,0.0,0.0
27853,2025-03-22T15:00:00.000000000,0.759,0.458,0.0,0.0,2.058531196889689,0.0
27853,2025-03-22T16:00:00.000000000,0.583,0.28,0.0,0.0,0.0,0.0
27853,2025-03-22T17:00:00.000000000,0.54,0.239,0.0,0.0,0.3235504614701334,0.0
27853,2025-03-22T18:00:00.000000000,0.555,0.10300000000000001,0.0,0.0,0.0,0.0
27853,2025-03-22T19:00:00.000000000,0.643,0.1,0.0,0.0,0.3235504614701334,0.0
27853,2025-03-22T20:00:00.000000000,0.7410000000000001,0.15600000000000003,0.0,0.0,0.0,0.0
27853,2025-03-22T21:00:00.000000000,0.869,0.268,0.0,0.0,0.3232573903999611,0.0
27853,2025-03-22T22:00:00.000000000,1.091,0.5640000000000001,0.0,0.0,2.0274656634514336,0.0
27853,2025-03-22T23:00:00.000000000,1.637,1.299,0.0,0.0,1.2578610331791777,0.0
27853,2025-03-23T00:00:00.000000000,1.4340000000000002,1.116,0.0,0.0,0.6465147807999222,0.0
27853,2025-03-23T01:00:00.000000000,1.411,1.1059999999999999,0.0,0.0,0.33585944641736665,0.0
27853,2025-03-23T02:00:00.000000000,1.5300000000000002,1.228,0.0,0.0,0.0,0.0
27853,2025-03-23T03:00:00.000000000,1.646,1.3450000000000002,0.0,0.0,0.3232573903999611,0.0
27853,2025-03-23T04:00:00.000000000,1.9809999999999999,1.67,0.0,0.0,0.0,0.0
27853,2025-03-23T05:00:00.000000000,1.9170000000000003,1.617,0.0,0.0,0.3235504614701334,0.0
27853,2025-03-23T06:00:00.000000000,2.0389999999999997,1.7409999999999999,0.0,0.0,1.6406118508241,0.0
27853,2025-03-23T07:00:00.000000000,2.128,1.83,0.0,0.0,1.2851166427051945,0.0
27853,2025-03-23T08:00:00.000000000,2.169,1.87,0.0,0.0,0.7965671687281,0.0
27853,2025-03-23T09:00:00.000000000,2.255,1.818,0.0,0.0,1.2288469972321279,0.0
27853,2025-03-23T10:00:00.000000000,2.235,1.776,0.0,0.0,2.058531196889689,0.0
27853,2025-03-23T11:00:00.000000000,1.915,1.4549999999999998,0.0,0.0,1.9940555614518,0.0
27853,2025-03-23T12:00:00.000000000,1.564,1.107,0.0,0.0,1.261964028161589,0.0
27853,2025-03-23T13:00:00.000000000,1.1360000000000001,0.798,0.0,0.0,0.6969230048695445,0.0
27853,2025-03-23T14:00:00.000000000,0.5579999999999999,0.257,0.0,0.0,0.3235504614701334,0.0
27853,2025-03-23T15:00:00.000000000,0.33999999999999997,0.0,0.0,0.038,0.0,0.0
27853,2025-03-23T16:00:00.000000000,0.327,0.0,0.0,0.025,0.6969230048695445,0.0
27853,2025-03-23T17:00:00.000000000,0.49,0.009,0.0,0.049,0.3232573903999611,0.0
27853,2025-03-23T18:00:00.000000000,1.145,0.0,0.0,0.17300000000000001,0.34435850745236113,0.0
27853,2025-03-23T19:00:00.000000000,1.25,0.0,0.0,0.187,3.770945459905983,0.0
27853,2025-03-23T20:00:00.000000000,0.7409999999999999,0.0,0.0,0.155,1.6206830180523888,0.0
27853,2025-03-23T21:00:00.000000000,0.68,0.0,0.0,0.08,0.3235504614701334,0.0
27853,2025-03-23T22:00:00.000000000,0.7929999999999999,0.196,0.0,0.0,0.7013190709221278,0.0
27853,2025-03-23T23:00:00.000000000,1.621,1.029,0.0,0.0,0.3777686094519944,0.0
27853,2025-03-24T00:00:00.000000000,1.417,1.036,0.0,0.0,0.3235504614701334,0.0
27853,2025-03-24T01:00:00.000000000,1.4829999999999999,1.1769999999999998,0.0,0.0,0.34846150243477225,0.0
27853,2025-03-24T02:00:00.000000000,1.672,1.3699999999999999,0.0,0.0,0.3235504614701334,0.0
27853,2025-03-24T03:00:00.000000000,1.8410000000000002,1.541,0.0,0.0,0.34846150243477225,0.0
27853,2025-03-24T04:00:00.000000000,2.213,1.903,0.0,0.0,0.0,0.0
27853,2025-03-24T05:00:00.000000000,2.166,1.866,0.0,0.0,0.3232573903999611,0.0
27853,2025-03-24T06:00:00.000000000,2.198,1.902,0.0,0.0,0.0,0.0
27853,2025-03-24T07:00:00.000000000,2.308,2.012,0.0,0.0,0.3235504614701334,0.0
27853,2025-03-24T08:00:00.000000000,2.415,2.117,0.0,0.0,0.0,0.0
27853,2025-03-24T09:00:00.000000000,2.484,2.184,0.0,0.0,0.3235504614701334,0.0
27853,2025-03-24T10:00:00.000000000,2.375,2.074,0.0,0.0,0.3232573903999611,0.0
27853,2025-03-24T11:00:00.000000000,1.777,1.4749999999999999,0.0,0.0,0.0,0.0
27853,2025-03-24T12:00:00.000000000,0.9009999999999999,0.6,0.0,0.0,0.3235504614701334,0.0
27853,2025-03-24T13:00:00.000000000,0.41900000000000004,0.109,0.0,0.011,0.0,0.0
27853,2025-03-24T14:00:00.000000000,1.025,0.0,0.0,0.178,0.3235504614701334,0.0
27853,2025-03-24T15:00:00.000000000,1.861,0.0,0.0,0.42199999999999993,0.0,0.0
27853,2025-03-24T16:00:00.000000000,0.78,0.0,0.0,0.439,0.3232573903999611,0.0
27853,2025-03-24T17:00:00.000000000,0.8450000000000001,0.0,0.0,0.501,0.0,0.0
27853,2025-03-24T18:00:00.000000000,1.028,0.0,0.0,0.534,1.0796738225144666,0.0
27853,2025-03-24T19:00:00.000000000,1.0430000000000001,0.0,0.0,0.502,1.7974048733662389,0.0
27853,2025-03-24T20:00:00.000000000,1.009,0.0,0.0,0.42400000000000004,0.0,0.0
27853,2025-03-24T21:00:00.000000000,0.8680000000000001,0.0,0.0,0.269,1.148545524004939,0.0
27853,2025-03-24T22:00:00.000000000,0.726,0.0,0.0,0.131,0.37747553838182224,0.0
27853,2025-03-24T23:00:00.000000000,0.974,0.365,0.0,0.017,0.6471009229402668,0.0
27853,2025-03-25T00:00:00.000000000,0.917,0.42400000000000004,0.0,0.0,0.34846150243477225,0.0
27853,2025-03-25T01:00:00.000000000,1.041,0.6419999999999999,0.0,0.0,1.3800716694409945,0.0
27853,2025-03-25T02:00:00.000000000,1.201,0.846,0.0,0.0,0.0,0.0
27853,2025-03-25T03:00:00.000000000,1.3900000000000001,1.063,0.0,0.0,0.3232573903999611,0.0
27853,2025-03-25T04:00:00.000000000,1.778,1.456,0.0,0.0,0.0,0.0
27853,2025-03-25T05:00:00.000000000,1.772,1.4689999999999999,0.0,0.0,0.3235504614701334,0.0
27853,2025-03-25T06:00:00.000000000,1.9089999999999998,1.613,0.0,0.0,1.256688748898489,0.0
27853,2025-03-25T07:00:00.000000000,1.952,1.656,0.0,0.0,0.3235504614701334,0.0
27853,2025-03-25T08:00:00.000000000,2.135,1.8359999999999999,0.0,0.0,1.6986399227182,0.0
27853,2025-03-25T09:00:00.000000000,2.191,1.891,0.0,0.0,0.3777686094519944,0.0
27853,2025-03-25T10:00:00.000000000,2.0850000000000004,1.785,0.0,0.0,0.3235504614701334,0.0
27853,2025-03-25T11:00:00.000000000,1.745,1.326,0.0,0.0,0.3232573903999611,0.0
27853,2025-03-25T12:00:00.000000000,1.094,0.637,0.0,0.0,0.0,0.0
27853,2025-03-25T13:00:00.000000000,0.588,0.125,0.0,0.004,1.909944164312372,0.0
27853,2025-03-25T14:00:00.000000000,0.6060000000000001,0.0,0.0,0.141,0.09231738710425,0.0
27853,2025-03-25T15:00:00.000000000,0.7919999999999999,0.0,0.0,0.325,0.34846150243477225,0.0
27853,2025-03-25T16:00:00.000000000,0.934,0.0,0.0,0.47300000000000003,1.3235089528977555,0.0
27853,2025-03-25T17:00:00.000000000,1.084,0.0,0.0,0.613,0.0,0.0
27853,2025-03-25T18:00:00.000000000,0.967,0.0,0.0,0.62,0.3232573903999611,0.0
27853,2025-03-25T19:00:00.000000000,0.843,0.0,0.0,0.533,0.34846150243477225,0.0
27853,2025-03-25T20:00:00.000000000,0.715,0.0,0.0,0.402,1.46388999551025,0.0
27853,2025-03-25T21:00:00.000000000,0.646,0.0,0.0,0.261,0.4173332039252444,0.0
27853,2025-03-25T22:00:00.000000000,0.7509999999999999,0.0,0.0,0.157,0.3235504614701334,0.0
27853,2025-03-25T23:00:00.000000000,0.886,0.39499999999999996,0.0,0.023,0.0,0.0
27853,2025-03-26T00:00:00.000000000,0.9339999999999999,0.576,0.0,0.0,1.6329920029996223,0.0
27853,2025-03-26T01:00:00.000000000,1.04,0.735,0.0,0.0,0.7555372189039888,0.0
27853,2025-03-26T02:00:00.000000000,1.3359999999999999,1.035,0.0,0.0,0.0,0.0
27853,2025-03-26T03:00:00.000000000,1.59,1.29,0.0,0.0,0.3235504614701334,0.0
27853,2025-03-26T04:00:00.000000000,2.035,1.7249999999999999,0.0,0.0,0.0,0.0
27853,2025-03-26T05:00:00.000000000,2.0420000000000003,1.7409999999999999,0.0,0.0,0.3235504614701334,0.0
27853,2025-03-26T06:00:00.000000000,2.099,1.803,0.0,0.0,0.3232573903999611,0.0
27853,2025-03-26T07:00:00.000000000,2.2090000000000005,1.913,0.0,0.0,0.0,0.0
27853,2025-03-26T08:00:00.000000000,2.4290000000000003,2.108,0.0,0.0,1.6699189578413223,0.0
27853,2025-03-26T09:00:00.000000000,2.379,2.08,0.0,0.0,0.0,0.0
27853,2025-03-26T10:00:00.000000000,2.214,1.912,0.0,0.0,0.3235504614701334,0.0
27853,2025-03-26T11:00:00.000000000,1.5959999999999999,1.295,0.0,0.0,0.0,0.0
27853,2025-03-26T12:00:00.000000000,0.734,0.434,0.0,0.0,0.6720119639049056,0.0
27853,2025-03-26T13:00:00.000000000,0.372,0.0,0.0,0.07400000000000001,0.0,0.0
27853,2025-03-26T14:00:00.000000000,0.555,0.0,0.0,0.254,0.3235504614701334,0.0
27853,2025-03-26T15:00:00.000000000,0.7029999999999998,0.0,0.0,0.40099999999999997,0.0,0.0
27853,2025-03-26T16:00:00.000000000,0.7979999999999999,0.0,0.0,0.497,0.3232573903999611,0.0
27853,2025-03-26T17:00:00.000000000,0.868,0.0,0.0,0.5680000000000001,0.0,0.0
27853,2025-03-26T18:00:00.000000000,0.912,0.0,0.0,0.609,0.3232573903999611,0.0
27853,2025-03-26T19:00:00.000000000,0.891,0.0,0.0,0.582,0.0,0.0
27853,2025-03-26T20:00:00.000000000,1.0910000000000002,0.0,0.0,0.507,0.3235504614701334,0.0
27853,2025-03-26T21:00:00.000000000,0.966,0.0,0.0,0.36600000000000005,0.0,0.0
27853,2025-03-26T22:00:00.000000000,0.8140000000000001,0.0,0.0,0.21799999999999997,0.32355046147013333,0.0
27853,2025-03-26T23:00:00.000000000,0.763,0.127,0.0,0.043,1.477078193668,0.0
27853,2025-03-27T00:00:00.000000000,0.649,0.268,0.0,0.0,1.1426841026014944,0.0
27853,2025-03-27T01:00:00.000000000,0.7869999999999999,0.481,0.0,0.0,0.6969230048695445,0.0
27853,2025-03-27T02:00:00.000000000,1.11,0.8079999999999999,0.0,0.0,0.6969230048695445,0.0
27853,2025-03-27T03:00:00.000000000,1.3940000000000001,1.094,0.0,0.0,0.34846150243477225,0.0
27853,2025-03-27T04:00:00.000000000,1.849,1.538,0.0,0.0,0.3235504614701334,0.0
27853,2025-03-27T05:00:00.000000000,1.854,1.5519999999999998,0.0,0.0,0.0,0.0
27853,2025-03-27T06:00:00.000000000,1.899,1.602,0.0,0.0,0.3232573903999611,0.0
27853,2025-03-27T07:00:00.000000000,2.004,1.708,0.0,0.0,0.0,0.0
27853,2025-03-27T08:00:00.000000000,2.1350000000000002,1.812,0.0,0.0,0.7016121419923,0.0
27853,2025-03-27T09:00:00.000000000,2.209,1.8479999999999999,0.0,0.0,0.3232573903999611,0.0
27853,2025-03-27T10:00:00.000000000,2.0540000000000003,1.754,0.0,0.0,0.0,0.0
27853,2025-03-27T11:00:00.000000000,1.48,1.179,0.0,0.0,0.3235504614701334,0.0
27853,2025-03-27T12:00:00.000000000,0.755,0.45599999999999996,0.0,0.0,0.7013190709221278,0.0
27853,2025-03-27T13:00:00.000000000,0.38,0.04,0.0,0.041999999999999996,0.37747553838182224,0.0
27853,2025-03-27T14:00:00.000000000,0.502,0.0,0.0,0.201,0.3232573903999611,0.0
27853,2025-03-27T15:00:00.000000000,0.675,0.0,0.0,0.374,0.0,0.0
27853,2025-03-27T16:00:00.000000000,0.8049999999999999,0.0,0.0,0.503,0.3235504614701334,0.0
27853,2025-03-27T17:00:00.000000000,0.901,0.0,0.0,0.601,0.0,0.0
27853,2025-03-27T18:00:00.000000000,1.0559999999999998,0.0,0.0,0.653,0.3235504614701334,0.0
27853,2025-03-27T19:00:00.000000000,1.1729999999999998,0.0,0.0,0.631,0.3232573903999611,0.0
27853,2025-03-27T20:00:00.000000000,1.119,0.0,0.0,0.533,0.0,0.0
27853,2025-03-27T21:00:00.000000000,0.972,0.0,0.0,0.37100000000000005,0.3235504614701334,0.0
27853,2025-03-27T22:00:00.000000000,0.802,0.0,0.0,0.206,0.0,0.0
27853,2025-03-27T23:00:00.000000000,0.643,0.203,0.0,0.032,0.8241158493242888,0.0
27853,2025-03-28T00:00:00.000000000,0.675,0.355,0.0,0.0,1.5207457831236608,0.0
27853,2025-03-28T01:00:00.000000000,0.7959999999999999,0.49,0.0,0.0,0.34846150243477225,0.0
27853,2025-03-28T02:00:00.000000000,1.064,0.7619999999999999,0.0,0.0,0.34846150243477225,0.0
27853,2025-03-28T03:00:00.000000000,1.276,0.976,0.0,0.0,0.3235504614701334,0.0
27853,2025-03-28T04:00:00.000000000,1.6159999999999999,1.305,0.0,0.0,0.0,0.0
27853,2025-03-28T05:00:00.000000000,1.604,1.3039999999999998,0.0,0.0,0.3232573903999611,0.0
27853,2025-03-28T06:00:00.000000000,1.635,1.339,0.0,0.0,0.0,0.0
27853,2025-03-28T07:00:00.000000000,1.778,1.475,0.0,0.0,1.086414457128428,0.0
27853,2025-03-28T08:00:00.000000000,1.956,1.577,0.0,0.0,1.2903919219682944,0.0
27853,2025-03-28T09:00:00.000000000,1.9979999999999998,1.5619999999999998,0.0,0.0,0.7968602397982721,0.0
27853,2025-03-28T10:00:00.000000000,1.759,1.4589999999999999,0.0,0.0,0.3235504614701334,0.0
27853,2025-03-28T11:00:00.000000000,1.2449999999999999,0.9450000000000001,0.0,0.0,0.7868958234124166,0.0
27853,2025-03-28T12:00:00.000000000,0.5519999999999999,0.251,0.0,0.0,1.3997074311425335,0.0
27853,2025-03-28T13:00:00.000000000,0.377,0.0,0.0,0.07699999999999999,1.1719912096187166,0.0
27853,2025-03-28T14:00:00.000000000,0.545,0.0,0.0,0.245,0.3232573903999611,0.0
27853,2025-03-28T15:00:00.000000000,0.681,0.0,0.0,0.38,0.0,0.0
27853,2025-03-28T16:00:00.000000000,0.776,0.0,0.0,0.474,0.3235504614701334,0.0
27853,2025-03-28T17:00:00.000000000,0.859,0.0,0.0,0.559,0.0,0.0
27853,2025-03-28T18:00:00.000000000,0.923,0.0,0.0,0.62,0.3235504614701334,0.0
27853,2025-03-28T19:00:00.000000000,0.923,0.0,0.0,0.613,0.0,0.0
27853,2025-03-28T20:00:00.000000000,0.87,0.0,0.0,0.5549999999999999,0.3232573903999611,0.0
27853,2025-03-28T21:00:00.000000000,0.72,0.0,0.0,0.40499999999999997,0.0,0.0
27853,2025-03-28T22:00:00.000000000,0.567,0.0,0.0,0.253,0.3235504614701334,0.0
27853,2025-03-28T23:00:00.000000000,0.44599999999999995,0.0,0.0,0.109,0.0,0.0
27853,2025-03-29T00:00:00.000000000,0.374,0.0,0.0,0.054,0.3235504614701334,0.0
27853,2025-03-29T01:00:00.000000000,0.33999999999999997,0.026000000000000002,0.0,0.008,0.0,0.0
27853,2025-03-29T02:00:00.000000000,0.51,0.20600000000000002,0.0,0.0,0.3232573903999611,0.0
27853,2025-03-29T03:00:00.000000000,0.71,0.409,0.0,0.0,0.0,0.0
27853,2025-03-29T04:00:00.000000000,1.063,0.752,0.0,0.0,0.3235504614701334,0.0
27853,2025-03-29T05:00:00.000000000,1.1340000000000001,0.8330000000000001,0.0,0.0,0.0,0.0
27853,2025-03-29T06:00:00.000000000,1.23,0.934,0.0,0.0,0.3235504614701334,0.0
27853,2025-03-29T07:00:00.000000000,1.375,1.072,0.0,0.0,0.16411979929644446,0.0
27853,2025-03-29T08:00:00.000000000,1.544,1.247,0.0,0.0,0.1591375911035167,0.0
27853,2025-03-29T09:00:00.000000000,1.655,1.355,0.0,0.0,0.3232573903999611,0.0
27853,2025-03-29T10:00:00.000000000,1.593,1.2899999999999998,0.0,0.0,0.0,0.0
27853,2025-03-29T11:00:00.000000000,1.165,0.865,0.0,0.0,0.34816843136459996,0.0
27853,2025-03-29T12:00:00.000000000,0.5239999999999999,0.223,0.0,0.0,0.3232573903999611,0.0
27853,2025-03-29T13:00:00.000000000,0.359,0.0,0.0,0.061,0.0,0.0
27853,2025-03-29T14:00:00.000000000,0.589,0.0,0.0,0.20500000000000002,0.3235504614701334,0.0
27853,2025-03-29T15:00:00.000000000,0.638,0.0,0.0,0.33599999999999997,0.0,0.0
27853,2025-03-29T16:00:00.000000000,0.7509999999999999,0.0,0.0,0.45,0.3235504614701334,0.0
27853,2025-03-29T17:00:00.000000000,0.856,0.0,0.0,0.556,0.0,0.0
27853,2025-03-29T18:00:00.000000000,1.145,0.0,0.0,0.65,0.6570653393261223,0.0
27853,2025-03-29T19:00:00.000000000,1.196,0.0,0.0,0.654,0.0,0.0
27853,2025-03-29T20:00:00.000000000,1.152,0.0,0.0,0.5680000000000001,0.3232573903999611,0.0
27853,2025-03-29T21:00:00.000000000,0.999,0.0,0.0,0.397,0.0,0.0
27853,2025-03-29T22:00:00.000000000,0.829,0.0,0.0,0.23199999999999998,1.7528580707000612,0.0
27853,2025-03-29T23:00:00.000000000,0.46799999999999997,0.0,0.0,0.06,1.8724310673303277,0.0
27853,2025-03-30T00:00:00.000000000,0.35500000000000004,0.016,0.0,0.020999999999999998,0.0,0.0
27853,2025-03-30T01:00:00.000000000,0.53,0.224,0.0,0.0,1.5101952245974612,0.0
27853,2025-03-30T02:00:00.000000000,0.7230000000000001,0.422,0.0,0.0,0.0,0.0
27853,2025-03-30T03:00:00.000000000,0.952,0.6519999999999999,0.0,0.0,0.3235504614701334,0.0
27853,2025-03-30T04:00:00.000000000,1.3439999999999999,1.034,0.0,0.0,0.0,0.0
27853,2025-03-30T05:00:00.000000000,1.381,1.08,0.0,0.0,0.3235504614701334,0.0
27853,2025-03-30T06:00:00.000000000,1.454,1.152,0.0,0.0,0.0,0.0
27853,2025-03-30T07:00:00.000000000,1.612,1.316,0.0,0.0,0.3232573903999611,0.0
27853,2025-03-30T08:00:00.000000000,1.7109999999999999,1.4140000000000001,0.0,0.0,0.0,0.0
27853,2025-03-30T09:00:00.000000000,1.78,1.481,0.0,0.0,0.3232573903999611,0.0
27853,2025-03-30T10:00:00.000000000,1.783,1.4829999999999999,0.0,0.0,2.0737708925386444,0.0
27853,2025-03-30T11:00:00.000000000,1.2349999999999999,0.8540000000000001,0.0,0.0,0.3232573903999611,0.0
27853,2025-03-30T12:00:00.000000000,0.613,0.31400000000000006,0.0,0.0,0.0,0.0
27853,2025-03-30T13:00:00.000000000,0.347,0.002,0.0,0.048,0.3235504614701334,0.0
27853,2025-03-30T14:00:00.000000000,0.482,0.0,0.0,0.18200000000000002,0.0,0.0
27853,2025-03-30T15:00:00.000000000,0.6130000000000001,0.0,0.0,0.31300000000000006,0.7115765583781555,0.0
27853,2025-03-30T16:00:00.000000000,0.76,0.0,0.0,0.45899999999999996,0.0,0.0
27853,2025-03-30T17:00:00.000000000,0.859,0.0,0.0,0.559,0.3232573903999611,0.0
27853,2025-03-30T18:00:00.000000000,0.862,0.0,0.0,0.5589999999999999,0.0,0.0
27853,2025-03-30T19:00:00.000000000,0.792,0.0,0.0,0.482,0.3235504614701334,0.0
27853,2025-03-30T20:00:00.000000000,0.7189999999999999,0.0,0.0,0.405,0.0,0.0
27853,2025-03-30T21:00:00.000000000,0.596,0.0,0.0,0.282,0.3235504614701334,0.0
27853,2025-03-30T22:00:00.000000000,0.45999999999999996,0.0,0.0,0.145,0.3232573903999611,0.0
27853,2025-03-30T23:00:00.000000000,0.594,0.11,0.0,0.021,0.0,0.0
27853,2025-03-31T00:00:00.000000000,0.522,0.202,0.0,0.0,0.3235504614701334,0.0
27853,2025-03-31T01:00:00.000000000,0.6699999999999999,0.36500000000000005,0.0,0.0,0.0,0.0
27853,2025-03-31T02:00:00.000000000,0.9319999999999999,0.6300000000000001,0.0,0.0,0.3235504614701334,0.0
27853,2025-03-31T03:00:00.000000000,1.156,0.856,0.0,0.0,0.0,0.0
27853,2025-03-31T04:00:00.000000000,1.566,1.2570000000000001,0.0,0.0,0.3232573903999611,0.0
27853,2025-03-31T05:00:00.000000000,1.5970000000000002,1.2950000000000002,0.0,0.0,0.0,0.0
27853,2025-03-31T06:00:00.000000000,1.679,1.383,0.0,0.0,0.3235504614701334,0.0
27853,2025-03-31T07:00:00.000000000,1.812,1.516,0.0,0.0,0.0,0.0
27853,2025-03-31T08:00:00.000000000,1.931,1.633,0.0,0.0,0.3235504614701334,0.0
27853,2025-03-31T09:00:00.000000000,2.024,1.722,0.0,0.0,0.0,0.0
27853,2025-03-31T10:00:00.000000000,1.9089999999999998,1.608,0.0,0.0,0.3232573903999611,0.0
27853,2025-03-31T11:00:00.000000000,1.3239999999999998,1.024,0.0,0.0,0.0,0.0
27853,2025-03-31T12:00:00.000000000,2.039,0.13,0.0,0.09799999999999999,0.3235504614701334,0.0
27853,2025-03-31T13:00:00.000000000,0.6060000000000001,0.0,0.0,0.149,0.0,0.0
27853,2025-03-31T14:00:00.000000000,0.8029999999999999,0.0,0.0,0.338,0.3235504614701334,0.0
27853,2025-03-31T15:00:00.000000000,0.918,0.0,0.0,0.452,2.5368231834107555,0.0
27853,2025-03-31T16:00:00.000000000,0.945,0.0,0.0,0.562,1.6977607095076834,0.0
27853,2025-03-31T17:00:00.000000000,0.908,0.0,0.0,0.608,0.3235504614701334,0.0
27853,2025-03-31T18:00:00.000000000,0.855,0.0,0.0,0.55,1.6013403274210223,0.0
27853,2025-03-31T19:00:00.000000000,0.772,0.0,0.0,0.46299999999999997,0.7549510767636445,0.0
27853,2025-03-31T20:00:00.000000000,0.898,0.0,0.0,0.373,0.779275975587939,0.0
27853,2025-03-31T21:00:00.000000000,0.891,0.0,0.0,0.29000000000000004,0.0,0.0
27853,2025-03-31T22:00:00.000000000,0.786,0.0,0.0,0.19000000000000003,0.3232573903999611,0.0
27853,2025-03-31T23:00:00.000000000,0.654,0.021,0.0,0.041,0.0,0.0
27853,2025-04-01T00:00:00.000000000,0.6880000000000001,0.19499999999999998,0.0,0.0,3.3920045661733,0.0
27853,2025-04-01T01:00:00.000000000,0.652,0.252,0.0,0.0,0.8475615349380666,0.0
27853,2025-04-01T02:00:00.000000000,0.7449999999999999,0.414,0.0,0.0,0.3232573903999611,0.0
27853,2025-04-01T03:00:00.000000000,0.866,0.5660000000000001,0.0,0.0,0.0,0.0
27853,2025-04-01T04:00:00.000000000,1.097,0.7859999999999999,0.0,0.0,0.3235504614701334,0.0
27853,2025-04-01T05:00:00.000000000,1.073,0.772,0.0,0.0,0.0,0.0
27853,2025-04-01T06:00:00.000000000,1.101,0.8049999999999999,0.0,0.0,0.32355046147013333,0.0
27853,2025-04-01T07:00:00.000000000,1.148,0.852,0.0,0.0,0.0,0.0
27853,2025-04-01T08:00:00.000000000,1.12,0.821,0.0,0.0,0.3232573903999611,0.0
27853,2025-04-01T09:00:00.000000000,1.01,0.71,0.0,0.0,0.0,0.0
27853,2025-04-01T10:00:00.000000000,0.857,0.554,0.0,0.0,0.3235504614701334,0.0
27853,2025-04-01T11:00:00.000000000,0.539,0.156,0.0,0.006,0.0,0.0
27853,2025-04-01T12:00:00.000000000,0.551,0.0,0.0,0.101,0.3235504614701334,0.0
27853,2025-04-01T13:00:00.000000000,0.7499999999999999,0.0,0.0,0.29900000000000004,0.3232573903999611,0.0
27853,2025-04-01T14:00:00.000000000,0.997,0.0,0.0,0.539,0.0,0.0
27853,2025-04-01T15:00:00.000000000,1.1849999999999998,0.0,0.0,0.7249999999999999,0.34816843136459996,0.0
27853,2025-04-01T16:00:00.000000000,1.309,0.0,0.0,0.854,0.3235504614701334,0.0
27853,2025-04-01T17:00:00.000000000,1.356,0.0,0.0,0.892,0.0,0.0
27853,2025-04-01T18:00:00.000000000,1.3780000000000001,0.0,0.0,0.896,0.3232573903999611,0.0
27853,2025-04-01T19:00:00.000000000,1.417,0.0,0.0,0.896,0.0,0.0
27853,2025-04-01T20:00:00.000000000,1.415,0.0,0.0,0.867,2.312037672588661,0.0
27853,2025-04-01T21:00:00.000000000,1.264,0.0,0.0,0.7120000000000001,0.34816843136459996,0.0
27853,2025-04-01T22:00:00.000000000,0.992,0.0,0.0,0.43399999999999994,1.4257907563878611,0.0
27853,2025-04-01T23:00:00.000000000,0.845,0.0,0.0,0.258,0.0,0.0
27853,2025-04-02T00:00:00.000000000,0.656,0.0,0.0,0.15,0.34816843136459996,0.0
27853,2025-04-02T01:00:00.000000000,0.472,0.0,0.0,0.07100000000000001,0.38069932015371666,0.0
27853,2025-04-02T02:00:00.000000000,0.377,0.051,0.0,0.004,0.2702115266987889,0.0
27853,2025-04-02T03:00:00.000000000,0.542,0.241,0.0,0.0,0.3232573903999611,0.0
27853,2025-04-02T04:00:00.000000000,0.866,0.555,0.0,0.0,0.0,0.0
27853,2025-04-02T05:00:00.000000000,0.948,0.647,0.0,0.0,0.3235504614701334,0.0
27853,2025-04-02T06:00:00.000000000,1.0270000000000001,0.7310000000000001,0.0,0.0,0.0,0.0
27853,2025-04-02T07:00:00.000000000,1.1440000000000001,0.8400000000000001,0.0,0.0,1.277789865950889,0.0
27853,2025-04-02T08:00:00.000000000,1.4010000000000002,1.026,0.0,0.0,3.4060719775415667,0.0
27853,2025-04-02T09:00:00.000000000,1.4349999999999998,1.0390000000000001,0.0,0.0,1.2470174035828054,0.0
27853,2025-04-02T10:00:00.000000000,1.149,0.847,0.0,0.0,0.3235504614701334,0.0
27853,2025-04-02T11:00:00.000000000,0.771,0.47,0.0,0.0,2.2068251583968337,0.0
27853,2025-04-02T12:00:00.000000000,0.375,0.025,0.0,0.051,0.7696046302722555,0.0
27853,2025-04-02T13:00:00.000000000,0.5800000000000001,0.0,0.0,0.281,0.34816843136459996,0.0
27853,2025-04-02T14:00:00.000000000,0.87,0.0,0.0,0.5690000000000001,0.3235504614701334,0.0
27853,2025-04-02T15:00:00.000000000,1.093,0.0,0.0,0.7929999999999999,0.0,0.0
27853,2025-04-02T16:00:00.000000000,1.164,0.0,0.0,0.862,0.3232573903999611,0.0
27853,2025-04-02T17:00:00.000000000,1.178,0.0,0.0,0.878,0.0,0.0
27853,2025-04-02T18:00:00.000000000,1.175,0.0,0.0,0.871,0.3232573903999611,0.0
27853,2025-04-02T19:00:00.000000000,1.15,0.0,0.0,0.841,0.0,0.0
27853,2025-04-02T20:00:00.000000000,2.645,0.0,0.0,0.7910000000000001,0.3232573903999611,0.0
27853,2025-04-02T21:00:00.000000000,1.2770000000000001,0.0,0.0,0.724,0.0,0.0
27853,2025-04-02T22:00:00.000000000,1.069,0.0,0.0,0.51,0.3235504614701334,0.0
27853,2025-04-02T23:00:00.000000000,0.851,0.0,0.0,0.26399999999999996,1.7513927153492002,0.0
27853,2025-04-03T00:00:00.000000000,0.662,0.0,0.0,0.156,0.8220643518330834,0.0
27853,2025-04-03T01:00:00.000000000,0.478,0.0,0.0,0.07500000000000001,0.6717188928347333,0.0
27853,2025-04-03T02:00:00.000000000,0.39499999999999996,0.092,0.0,0.002,0.0,0.0
27853,2025-04-03T03:00:00.000000000,0.655,0.355,0.0,0.0,1.2273816418812669,0.0
27853,2025-04-03T04:00:00.000000000,0.951,0.64,0.0,0.0,0.0,0.0
27853,2025-04-03T05:00:00.000000000,1.076,0.7749999999999999,0.0,0.0,0.3235504614701334,0.0
27853,2025-04-03T06:00:00.000000000,1.233,0.937,0.0,0.0,0.0,0.0
27853,2025-04-03T07:00:00.000000000,1.383,1.088,0.0,0.0,0.3232573903999611,0.0
27853,2025-04-03T08:00:00.000000000,1.5510000000000002,1.252,0.0,0.0,0.0,0.0
27853,2025-04-03T09:00:00.000000000,1.678,1.3789999999999998,0.0,0.0,0.3235504614701334,0.0
27853,2025-04-03T10:00:00.000000000,1.533,1.233,0.0,0.0,0.0,0.0
27853,2025-04-03T11:00:00.000000000,0.96,0.6579999999999999,0.0,0.0,0.3235504614701334,0.0
27853,2025-04-03T12:00:00.000000000,0.371,0.045,0.0,0.027,0.3232573903999611,0.0
27853,2025-04-03T13:00:00.000000000,0.516,0.0,0.0,0.21800000000000003,0.0,0.0
27853,2025-04-03T14:00:00.000000000,0.7449999999999999,0.0,0.0,0.442,0.3235504614701334,0.0
27853,2025-04-03T15:00:00.000000000,0.898,0.0,0.0,0.5970000000000001,0.0,0.0
27853,2025-04-03T16:00:00.000000000,0.943,0.0,0.0,0.642,0.3235504614701334,0.0
27853,2025-04-03T17:00:00.000000000,0.926,0.0,0.0,0.626,0.0,0.0
27853,2025-04-03T18:00:00.000000000,0.922,0.0,0.0,0.619,0.3232573903999611,0.0
27853,2025-04-03T19:00:00.000000000,0.867,0.0,0.0,0.5569999999999999,0.0,0.0
27853,2025-04-03T20:00:00.000000000,0.9390000000000001,0.0,0.0,0.445,3.0886760085450495,0.0
27853,2025-04-03T21:00:00.000000000,0.8849999999999999,0.0,0.0,0.332,1.723550963682839,0.0
27853,2025-04-03T22:00:00.000000000,0.7729999999999999,0.0,0.0,0.21499999999999997,0.32355046147013333,0.0
27853,2025-04-03T23:00:00.000000000,0.5369999999999999,0.021,0.0,0.053,0.0,0.0
27853,2025-04-04T00:00:00.000000000,0.389,0.064,0.0,0.008,1.0445052940938,0.0
27853,2025-04-04T01:00:00.000000000,0.424,0.11699999999999999,0.0,0.0,1.1022402949177277,0.0
27853,2025-04-04T02:00:00.000000000,0.497,0.194,0.0,0.0,0.0,0.0
27853,2025-04-04T03:00:00.000000000,0.608,0.30800000000000005,0.0,0.0,0.34816843136459996,0.0
27853,2025-04-04T04:00:00.000000000,0.841,0.532,0.0,0.0,0.3235504614701334,0.0
27853,2025-04-04T05:00:00.000000000,0.815,0.514,0.0,0.0,0.0,0.0
27853,2025-04-04T06:00:00.000000000,0.808,0.511,0.0,0.0,0.3235504614701334,0.0
27853,2025-04-04T07:00:00.000000000,0.832,0.536,0.0,0.0,0.3232573903999611,0.0
27853,2025-04-04T08:00:00.000000000,1.0190000000000001,0.6519999999999999,0.0,0.0,2.1464525179413556,0.0
27853,2025-04-04T09:00:00.000000000,0.982,0.55,0.0,0.0,0.8619220173765055,0.0
27853,2025-04-04T10:00:00.000000000,0.865,0.526,0.0,0.0,0.3235504614701334,0.0
27853,2025-04-04T11:00:00.000000000,0.746,0.44399999999999995,0.0,0.0,0.0,0.0
27853,2025-04-04T12:00:00.000000000,0.57,0.27,0.0,0.0,0.7004398577116111,0.0
27853,2025-04-04T13:00:00.000000000,0.34600000000000003,0.037000000000000005,0.0,0.01,0.42612533603041114,0.0
27853,2025-04-04T14:00:00.000000000,0.40199999999999997,0.0,0.0,0.1,0.24500741466397777,0.0
27853,2025-04-04T15:00:00.000000000,0.6020000000000001,0.0,0.0,0.30100000000000005,0.3232573903999611,0.0
27853,2025-04-04T16:00:00.000000000,0.779,0.0,0.0,0.479,0.0,0.0
27853,2025-04-04T17:00:00.000000000,1.064,0.0,0.0,0.6,0.3235504614701334,0.0
27853,2025-04-04T18:00:00.000000000,1.116,0.0,0.0,0.633,0.0,0.0
27853,2025-04-04T19:00:00.000000000,1.1280000000000001,0.0,0.0,0.608,0.3235504614701334,0.0
27853,2025-04-04T20:00:00.000000000,1.564,0.0,0.0,0.563,0.0,0.0
27853,2025-04-04T21:00:00.000000000,0.942,0.0,0.0,0.389,1.0439191519534554,0.0
27853,2025-04-04T22:00:00.000000000,0.7930000000000001,0.0,0.0,0.235,0.0,0.0
27853,2025-04-04T23:00:00.000000000,0.654,0.093,0.0,0.037,0.34816843136459996,0.0
27853,2025-04-05T00:00:00.000000000,0.52,0.201,0.0,0.0,0.3235504614701334,0.0
27853,2025-04-05T01:00:00.000000000,0.688,0.38299999999999995,0.0,0.0,0.0,0.0
27853,2025-04-05T02:00:00.000000000,0.953,0.65,0.0,0.0,0.6714258217645611,0.0
27853,2025-04-05T03:00:00.000000000,1.177,0.876,0.0,0.0,0.3235504614701334,0.0
27853,2025-04-05T04:00:00.000000000,1.608,1.298,0.0,0.0,0.0,0.0
27853,2025-04-05T05:00:00.000000000,1.589,1.288,0.0,0.0,0.3235504614701334,0.0
27853,2025-04-05T06:00:00.000000000,1.4889999999999999,1.193,0.0,0.0,0.0,0.0
27853,2025-04-05T07:00:00.000000000,1.4339999999999997,1.1389999999999998,0.0,0.0,0.3232573903999611,0.0
27853,2025-04-05T08:00:00.000000000,1.423,1.057,0.0,0.0,0.0,0.0
27853,2025-04-05T09:00:00.000000000,1.6640000000000001,0.8099999999999999,0.0,0.0,0.3235504614701334,0.0
27853,2025-04-05T10:00:00.000000000,1.72,0.365,0.0,0.0,0.0,0.0
27853,2025-04-05T11:00:00.000000000,0.938,0.635,0.0,0.0,0.3235504614701334,0.0
27853,2025-04-05T12:00:00.000000000,0.7830000000000001,0.483,0.0,0.0,0.7250578276060777,0.0
27853,2025-04-05T13:00:00.000000000,0.496,0.197,0.0,0.0,0.6471009229402668,0.0
27853,2025-04-05T14:00:00.000000000,0.48,0.008,0.0,0.053,0.3478753602944278,0.0
27853,2025-04-05T15:00:00.000000000,0.5710000000000001,0.0,0.0,0.22999999999999998,0.0,0.0
27853,2025-04-05T16:00:00.000000000,0.7229999999999999,0.0,0.0,0.423,0.3235504614701334,0.0
27853,2025-04-05T17:00:00.000000000,0.849,0.0,0.0,0.548,0.06535484864840556,0.0
27853,2025-04-05T18:00:00.000000000,1.046,0.0,0.0,0.604,1.0254556745326056,0.0
27853,2025-04-05T19:00:00.000000000,1.113,0.0,0.0,0.593,0.0,0.0
27853,2025-04-05T20:00:00.000000000,1.045,0.0,0.0,0.497,0.32355046147013333,0.0
27853,2025-04-05T21:00:00.000000000,1.228,0.0,0.0,0.36300000000000004,0.33996244139977777,0.0
27853,2025-04-05T22:00:00.000000000,1.435,0.0,0.0,0.22499999999999998,1.1230483408999556,0.0
27853,2025-04-05T23:00:00.000000000,0.688,0.13,0.0,0.034,0.3232573903999611,0.0
27853,2025-04-06T00:00:00.000000000,0.548,0.22899999999999998,0.0,0.0,1.122462198759611,0.0
27853,2025-04-06T01:00:00.000000000,0.5900000000000001,0.28500000000000003,0.0,0.0,0.0,0.0
27853,2025-04-06T02:00:00.000000000,0.7309999999999999,0.429,0.0,0.0,0.3235504614701334,0.0
27853,2025-04-06T03:00:00.000000000,0.873,0.5720000000000001,0.0,0.0,0.3478753602944278,0.0
27853,2025-04-06T04:00:00.000000000,1.1280000000000001,0.817,0.0,0.0,0.0,0.0
27853,2025-04-06T05:00:00.000000000,1.069,0.768,0.0,0.0,0.3232573903999611,0.0
27853,2025-04-06T06:00:00.000000000,1.057,0.7609999999999999,0.0,0.0,0.0,0.0
27853,2025-04-06T07:00:00.000000000,1.094,0.7990000000000002,0.0,0.0,0.3235504614701334,0.0
27853,2025-04-06T08:00:00.000000000,1.196,0.875,0.0,0.0,0.6890100859748944,0.0
27853,2025-04-06T09:00:00.000000000,1.218,0.918,0.0,0.0,0.0,0.0
27853,2025-04-06T10:00:00.000000000,1.201,0.901,0.0,0.0,0.3235504614701334,0.0
27853,2025-04-06T11:00:00.000000000,1.054,0.754,0.0,0.0,0.0,0.0
27853,2025-04-06T12:00:00.000000000,0.802,0.502,0.0,0.0,0.3235504614701334,0.0
27853,2025-04-06T13:00:00.000000000,0.403,0.097,0.0,0.007,0.0,0.0
27853,2025-04-06T14:00:00.000000000,0.451,0.0,0.0,0.15,0.3232573903999611,0.0
27853,2025-04-06T15:00:00.000000000,0.667,0.0,0.0,0.366,0.0,0.0
27853,2025-04-06T16:00:00.000000000,0.829,0.0,0.0,0.527,0.3235504614701334,0.0
27853,2025-04-06T17:00:00.000000000,1.056,0.0,0.0,0.63,0.0,0.0
27853,2025-04-06T18:00:00.000000000,1.131,0.0,0.0,0.649,0.3235504614701334,0.0
27853,2025-04-06T19:00:00.000000000,1.134,0.0,0.0,0.614,0.0,0.0
27853,2025-04-06T20:00:00.000000000,1.5630000000000002,0.0,0.0,0.538,0.6597029789576722,0.0
27853,2025-04-06T21:00:00.000000000,1.252,0.0,0.0,0.37400000000000005,2.202722163414422,0.0
27853,2025-04-06T22:00:00.000000000,0.776,0.0,0.0,0.21799999999999997,1.1227552698297834,0.0
27853,2025-04-06T23:00:00.000000000,0.7369999999999999,0.114,0.0,0.037,1.1215829855490946,0.0
27853,2025-04-07T00:00:00.000000000,0.617,0.23600000000000002,0.0,0.0,1.227674712951439,0.0
27853,2025-04-07T01:00:00.000000000,0.738,0.431,0.0,0.0,0.3478753602944278,0.0
27853,2025-04-07T02:00:00.000000000,1.033,0.732,0.0,0.0,0.3235504614701334,0.0
27853,2025-04-07T03:00:00.000000000,1.302,1.001,0.0,0.0,0.0,0.0
27853,2025-04-07T04:00:00.000000000,1.754,1.444,0.0,0.0,0.3232573903999611,0.0
27853,2025-04-07T05:00:00.000000000,1.7249999999999999,1.421,0.0,0.0,0.0,0.0
27853,2025-04-07T06:00:00.000000000,1.606,1.31,0.0,0.0,0.3235504614701334,0.0
27853,2025-04-07T07:00:00.000000000,1.5500000000000003,1.254,0.0,0.0,0.0,0.0
27853,2025-04-07T08:00:00.000000000,1.492,1.195,0.0,0.0,0.3235504614701334,0.0
27853,2025-04-07T09:00:00.000000000,1.4509999999999998,1.151,0.0,0.0,0.0,0.0
27853,2025-04-07T10:00:00.000000000,1.3239999999999998,1.022,0.0,0.0,0.3232573903999611,0.0
27853,2025-04-07T11:00:00.000000000,1.097,0.682,0.0,0.0,0.0,0.0
27853,2025-04-07T12:00:00.000000000,0.7030000000000001,0.253,0.0,0.0,0.3235504614701334,0.0
27853,2025-04-07T13:00:00.000000000,0.46099999999999997,0.0,0.0,0.048,0.0,0.0
27853,2025-04-07T14:00:00.000000000,0.541,0.0,0.0,0.241,0.3235504614701334,0.0
27853,2025-04-07T15:00:00.000000000,0.76,0.0,0.0,0.46,1.5087298692466,0.0
27853,2025-04-07T16:00:00.000000000,0.955,0.0,0.0,0.655,0.0,0.0
27853,2025-04-07T17:00:00.000000000,1.8599999999999999,0.0,0.0,0.7570000000000001,1.0269210298834666,0.0
27853,2025-04-07T18:00:00.000000000,1.525,0.0,0.0,0.762,0.7086458476764333,0.0
27853,2025-04-07T19:00:00.000000000,1.016,0.0,0.0,0.708,0.0,0.0
27853,2025-04-07T20:00:00.000000000,0.9179999999999999,0.0,0.0,0.603,0.4100064271709389,0.0
27853,2025-04-07T21:00:00.000000000,0.762,0.0,0.0,0.389,1.7933018783838277,0.0
27853,2025-04-07T22:00:00.000000000,0.782,0.0,0.0,0.22399999999999998,1.3478338517220498,0.0
27853,2025-04-07T23:00:00.000000000,0.6930000000000001,0.063,0.0,0.043,0.3232573903999611,0.0
27853,2025-04-08T00:00:00.000000000,0.627,0.121,0.0,0.0,0.6992675734309223,0.0
27853,2025-04-08T01:00:00.000000000,0.762,0.379,0.0,0.0,2.8533399391967555,0.0
27853,2025-04-08T02:00:00.000000000,0.736,0.435,0.0,0.0,0.009378274245511112,0.0
27853,2025-04-08T03:00:00.000000000,0.849,0.548,0.0,0.0,0.3235504614701334,0.0
27853,2025-04-08T04:00:00.000000000,1.1159999999999999,0.8059999999999999,0.0,0.0,0.0,0.0
27853,2025-04-08T05:00:00.000000000,1.076,0.7750000000000001,0.0,0.0,0.3235504614701334,0.0
27853,2025-04-08T06:00:00.000000000,1.0670000000000002,0.7710000000000001,0.0,0.0,0.0,0.0
27853,2025-04-08T07:00:00.000000000,1.118,0.822,0.0,0.0,0.32355046147013333,0.0
27853,2025-04-08T08:00:00.000000000,1.1380000000000001,0.841,0.0,0.0,0.0,0.0
27853,2025-04-08T09:00:00.000000000,1.16,0.86,0.0,0.0,0.3232573903999611,0.0
27853,2025-04-08T10:00:00.000000000,1.113,0.81,0.0,0.0,0.0,0.0
27853,2025-04-08T11:00:00.000000000,0.965,0.664,0.0,0.0,0.3235504614701334,0.0
27853,2025-04-08T12:00:00.000000000,0.682,0.382,0.0,0.0,0.0,0.0
27853,2025-04-08T13:00:00.000000000,0.347,0.030000000000000002,0.0,0.018,0.3235504614701334,0.0
27853,2025-04-08T14:00:00.000000000,0.5940000000000001,0.0,0.0,0.174,0.0,0.0
27853,2025-04-08T15:00:00.000000000,0.845,0.0,0.0,0.38499999999999995,0.3232573903999611,0.0
27853,2025-04-08T16:00:00.000000000,0.984,0.0,0.0,0.529,0.0,0.0
27853,2025-04-08T17:00:00.000000000,1.0710000000000002,0.0,0.0,0.607,0.3235504614701334,0.0
27853,2025-04-08T18:00:00.000000000,1.11,0.0,0.0,0.627,0.3478753602944278,0.0
27853,2025-04-08T19:00:00.000000000,0.873,0.0,0.0,0.563,0.3232573903999611,0.0
27853,2025-04-08T20:00:00.000000000,0.7670000000000001,0.0,0.0,0.45299999999999996,1.6241998708944556,0.0
27853,2025-04-08T21:00:00.000000000,0.627,0.0,0.0,0.314,1.5157635749307334,0.0
27853,2025-04-08T22:00:00.000000000,0.482,0.0,0.0,0.167,0.6714258217645612,0.0
27853,2025-04-08T23:00:00.000000000,0.55,0.189,0.0,0.025,0.0,0.0
27853,2025-04-09T00:00:00.000000000,0.593,0.274,0.0,0.0,0.3235504614701334,0.0
27853,2025-04-09T01:00:00.000000000,0.724,0.419,0.0,0.0,0.0,0.0
27853,2025-04-09T02:00:00.000000000,1.049,0.747,0.0,0.0,1.2097973776709332,0.0
27853,2025-04-09T03:00:00.000000000,1.23,0.908,0.0,0.0,0.0,0.0
27853,2025-04-09T04:00:00.000000000,1.597,1.2880000000000003,0.0,0.0,0.3232573903999611,0.0
27853,2025-04-09T05:00:00.000000000,1.58,1.277,0.0,0.0,0.0,0.0
27853,2025-04-09T06:00:00.000000000,1.659,1.362,0.0,0.0,0.3235504614701334,0.0
27853,2025-04-09T07:00:00.000000000,1.9280000000000002,1.625,0.0,0.0,1.7537372839105778,0.0
27853,2025-04-09T08:00:00.000000000,2.1050000000000004,1.7289999999999999,0.0,0.0,1.5655856568600113,0.0
27853,2025-04-09T09:00:00.000000000,2.019,1.696,0.0,0.0,0.0,0.0
27853,2025-04-09T10:00:00.000000000,1.7359999999999998,1.436,0.0,0.0,0.3235504614701334,0.0
27853,2025-04-09T11:00:00.000000000,1.2650000000000001,0.9630000000000001,0.0,0.0,2.4872941725516498,0.0
27853,2025-04-09T12:00:00.000000000,0.5369999999999999,0.237,0.0,0.0,1.5175220013517667,0.0
27853,2025-04-09T13:00:00.000000000,0.431,0.0,0.0,0.133,0.0,0.0
27853,2025-04-09T14:00:00.000000000,0.6519999999999999,0.0,0.0,0.35200000000000004,0.3232573903999611,0.0
27853,2025-04-09T15:00:00.000000000,0.832,0.0,0.0,0.53,0.0,0.0
27853,2025-04-09T16:00:00.000000000,0.935,0.0,0.0,0.635,0.3232573903999611,0.0
27853,2025-04-09T17:00:00.000000000,0.986,0.0,0.0,0.6859999999999999,0.0,0.0
27853,2025-04-09T18:00:00.000000000,1.0,0.0,0.0,0.6969999999999998,0.3232573903999611,0.0
27853,2025-04-09T19:00:00.000000000,0.988,0.0,0.0,0.678,0.0,0.0
27853,2025-04-09T20:00:00.000000000,1.0270000000000001,0.0,0.0,0.594,0.3235504614701334,0.0
27853,2025-04-09T21:00:00.000000000,1.014,0.0,0.0,0.46199999999999997,0.0,0.0
27853,2025-04-09T22:00:00.000000000,0.821,0.0,0.0,0.263,3.09922656707125,0.0
27853,2025-04-09T23:00:00.000000000,0.615,0.0,0.0,0.09100000000000001,0.0,0.0
27853,2025-04-10T00:00:00.000000000,0.362,0.020999999999999998,0.0,0.021,0.3478753602944278,0.0
27853,2025-04-10T01:00:00.000000000,0.5960000000000001,0.29000000000000004,0.0,0.0,1.5635341593688055,0.0
27853,2025-04-10T02:00:00.000000000,0.864,0.562,0.0,0.0,0.0,0.0
27853,2025-04-10T03:00:00.000000000,1.155,0.854,0.0,0.0,0.3478753602944278,0.0
27853,2025-04-10T04:00:00.000000000,1.564,1.254,0.0,0.0,0.3232573903999611,0.0
27853,2025-04-10T05:00:00.000000000,1.625,1.323,0.0,0.0,0.0,0.0
27853,2025-04-10T06:00:00.000000000,1.724,1.428,0.0,0.0,0.3235504614701334,0.0
27853,2025-04-10T07:00:00.000000000,1.8849999999999998,1.5899999999999999,0.0,0.0,0.0,0.0
27853,2025-04-10T08:00:00.000000000,2.154,1.789,0.0,0.0,2.5799046307260722,0.0
27853,2025-04-10T09:00:00.000000000,2.64,1.299,0.0,0.0,1.2420351953898776,0.0
27853,2025-04-10T10:00:00.000000000,1.691,1.391,0.0,0.0,0.0,0.0
27853,2025-04-10T11:00:00.000000000,1.119,0.8180000000000001,0.0,0.0,0.3235504614701334,0.0
27853,2025-04-10T12:00:00.000000000,0.5499999999999999,0.244,0.0,0.005,2.367428104851211,0.0
27853,2025-04-10T13:00:00.000000000,0.437,0.0,0.0,0.13899999999999998,1.1007749395668667,0.0
27853,2025-04-10T14:00:00.000000000,0.663,0.0,0.0,0.364,0.0,0.0
27853,2025-04-10T15:00:00.000000000,0.858,0.0,0.0,0.557,0.3235504614701334,0.0
27853,2025-04-10T16:00:00.000000000,0.975,0.0,0.0,0.675,0.0,0.0
27853,2025-04-10T17:00:00.000000000,1.042,0.0,0.0,0.742,0.3235504614701334,0.0
27853,2025-04-10T18:00:00.000000000,1.038,0.0,0.0,0.734,0.0,0.0
27853,2025-04-10T19:00:00.000000000,1.031,0.0,0.0,0.666,0.3232573903999611,0.0
27853,2025-04-10T20:00:00.000000000,1.084,0.0,0.0,0.536,0.0,0.0
27853,2025-04-10T21:00:00.000000000,0.9339999999999999,0.0,0.0,0.38200000000000006,0.3235504614701334,0.0
27853,2025-04-10T22:00:00.000000000,0.796,0.0,0.0,0.237,0.0,0.0
27853,2025-04-10T23:00:00.000000000,0.652,0.01,0.0,0.054000000000000006,0.6471009229402668,0.0
27853,2025-04-11T00:00:00.000000000,0.44900000000000007,0.057999999999999996,0.0,0.008,0.0,0.0
27853,2025-04-11T01:00:00.000000000,0.5990000000000001,0.29400000000000004,0.0,0.0,0.8194267122015333,0.0
27853,2025-04-11T02:00:00.000000000,0.8240000000000001,0.523,0.0,0.0,0.8191336411313611,0.0
27853,2025-04-11T03:00:00.000000000,0.948,0.6479999999999999,0.0,0.0,0.3235504614701334,0.0
27853,2025-04-11T04:00:00.000000000,1.212,0.9029999999999999,0.0,0.0,0.25438568890948887,0.0
27853,2025-04-11T05:00:00.000000000,1.133,0.829,0.0,0.0,0.06887170149047223,0.0
27853,2025-04-11T06:00:00.000000000,1.09,0.7929999999999999,0.0,0.0,0.3235504614701334,0.0
27853,2025-04-11T07:00:00.000000000,1.1030000000000002,0.808,0.0,0.0,0.0,0.0
27853,2025-04-11T08:00:00.000000000,1.207,0.839,0.0,0.0,0.7880681076931055,0.0
27853,2025-04-11T09:00:00.000000000,1.184,0.885,0.0,0.0,0.3232573903999611,0.0
27853,2025-04-11T10:00:00.000000000,1.112,0.81,0.0,0.0,0.0,0.0
27853,2025-04-11T11:00:00.000000000,0.826,0.525,0.0,0.0,0.3235504614701334,0.0
27853,2025-04-11T12:00:00.000000000,0.423,0.12,0.0,0.004,0.6471009229402668,0.0
27853,2025-04-11T13:00:00.000000000,0.39899999999999997,0.0,0.0,0.10200000000000001,0.0,0.0
27853,2025-04-11T14:00:00.000000000,0.5720000000000001,0.0,0.0,0.271,0.3235504614701334,0.0
27853,2025-04-11T15:00:00.000000000,0.7030000000000001,0.0,0.0,0.40199999999999997,0.0,0.0
27853,2025-04-11T16:00:00.000000000,0.856,0.0,0.0,0.556,0.3232573903999611,0.0
27853,2025-04-11T17:00:00.000000000,0.991,0.0,0.0,0.6910000000000001,0.0,0.0
27853,2025-04-11T18:00:00.000000000,1.042,0.0,0.0,0.738,0.3232573903999611,0.0
27853,2025-04-11T19:00:00.000000000,1.194,0.0,0.0,0.7210000000000001,0.0,0.0
27853,2025-04-11T20:00:00.000000000,1.187,0.0,0.0,0.64,0.3235504614701334,0.0
27853,2025-04-11T21:00:00.000000000,1.07,0.0,0.0,0.518,0.0,0.0
27853,2025-04-11T22:00:00.000000000,0.9139999999999999,0.0,0.0,0.35500000000000004,0.32355046147013333,0.0
27853,2025-04-11T23:00:00.000000000,0.734,0.0,0.0,0.148,3.140256516895361,0.0
27853,2025-04-12T00:00:00.000000000,0.485,0.0,0.0,0.10300000000000001,0.5823322164322056,0.0
27853,2025-04-12T01:00:00.000000000,0.365,0.023,0.0,0.036000000000000004,1.1426841026014944,0.0
27853,2025-04-12T02:00:00.000000000,0.387,0.08499999999999999,0.0,0.0,0.3232573903999611,0.0
27853,2025-04-12T03:00:00.000000000,0.543,0.243,0.0,0.0,0.0,0.0
27853,2025-04-12T04:00:00.000000000,0.873,0.5640000000000001,0.0,0.0,0.3235504614701334,0.0
27853,2025-04-12T05:00:00.000000000,0.952,0.649,0.0,0.0,0.0,0.0
27853,2025-04-12T06:00:00.000000000,0.943,0.647,0.0,0.0,0.3235504614701334,0.0
27853,2025-04-12T07:00:00.000000000,0.932,0.629,0.0,0.0,0.0,0.0
27853,2025-04-12T08:00:00.000000000,0.977,0.601,0.0,0.0,0.3232573903999611,0.0
27853,2025-04-12T09:00:00.000000000,0.956,0.633,0.0,0.0,0.7974463819386167,0.0
27853,2025-04-12T10:00:00.000000000,1.263,0.37,0.0,0.0,0.3396693703296056,0.0
27853,2025-04-12T11:00:00.000000000,0.855,0.22899999999999998,0.0,0.0,1.6060294645437778,0.0
27853,2025-04-12T12:00:00.000000000,0.34299999999999997,0.0,0.0,0.043,0.7232994011850444,0.0
27853,2025-04-12T13:00:00.000000000,0.534,0.0,0.0,0.235,0.3235504614701334,0.0
27853,2025-04-12T14:00:00.000000000,0.7170000000000001,0.0,0.0,0.418,0.37601018303096106,0.0
27853,2025-04-12T15:00:00.000000000,0.705,0.0,0.0,0.405,0.3235504614701334,0.0
27853,2025-04-12T16:00:00.000000000,0.605,0.0,0.0,0.303,0.0,0.0
27853,2025-04-12T17:00:00.000000000,0.612,0.0,0.0,0.271,0.3235504614701334,0.0
27853,2025-04-12T18:00:00.000000000,0.636,0.0,0.0,0.245,0.3232573903999611,0.0
27853,2025-04-12T19:00:00.000000000,0.505,0.0,0.0,0.195,0.0,0.0
27853,2025-04-12T20:00:00.000000000,0.495,0.0,0.0,0.181,0.3235504614701334,0.0
27853,2025-04-12T21:00:00.000000000,0.45099999999999996,0.0,0.0,0.13699999999999998,1.7783552538050444,0.0
27853,2025-04-12T22:00:00.000000000,0.812,0.0,0.0,0.122,0.3877330258378501,0.0
27853,2025-04-12T23:00:00.000000000,1.304,0.0,0.0,0.067,0.6822694513609333,0.0
27853,2025-04-13T00:00:00.000000000,0.505,0.056,0.0,0.025,0.84140704246445,0.0
27853,2025-04-13T01:00:00.000000000,0.34199999999999997,0.036000000000000004,0.0,0.0,0.3232573903999611,0.0
27853,2025-04-13T02:00:00.000000000,0.44,0.11699999999999999,0.0,0.0,0.0,0.0
27853,2025-04-13T03:00:00.000000000,0.509,0.209,0.0,0.0,0.3235504614701334,0.0
27853,2025-04-13T04:00:00.000000000,0.7190000000000001,0.409,0.0,0.0,0.0,0.0
27853,2025-04-13T05:00:00.000000000,0.664,0.36300000000000004,0.0,0.0,0.3235504614701334,0.0
27853,2025-04-13T06:00:00.000000000,0.664,0.367,0.0,0.0,0.0,0.0
27853,2025-04-13T07:00:00.000000000,0.678,0.382,0.0,0.0,0.3232573903999611,0.0
27853,2025-04-13T08:00:00.000000000,0.802,0.435,0.0,0.0,1.1755080624607834,0.0
27853,2025-04-13T09:00:00.000000000,0.8069999999999999,0.375,0.0,0.0,0.3235504614701334,0.0
27853,2025-04-13T10:00:00.000000000,0.7400000000000001,0.32599999999999996,0.0,0.0,0.0,0.0
27853,2025-04-13T11:00:00.000000000,0.489,0.187,0.0,0.0,0.3232573903999611,0.0
27853,2025-04-13T12:00:00.000000000,0.33999999999999997,0.014,0.0,0.025,0.6737703903259389,0.0
27853,2025-04-13T13:00:00.000000000,0.372,0.0,0.0,0.073,0.37601018303096106,0.0
27853,2025-04-13T14:00:00.000000000,0.408,0.0,0.0,0.107,0.3235504614701334,0.0
27853,2025-04-13T15:00:00.000000000,0.493,0.0,0.0,0.19199999999999998,0.0,0.0
27853,2025-04-13T16:00:00.000000000,0.5690000000000001,0.0,0.0,0.269,0.3232573903999611,0.0
27853,2025-04-13T17:00:00.000000000,0.661,0.0,0.0,0.361,0.0,0.0
27853,2025-04-13T18:00:00.000000000,1.939,0.0,0.0,0.549,0.3235504614701334,0.0
27853,2025-04-13T19:00:00.000000000,1.032,0.0,0.0,0.512,0.0,0.0
27853,2025-04-13T20:00:00.000000000,1.0230000000000001,0.0,0.0,0.475,0.3235504614701334,0.0
27853,2025-04-13T21:00:00.000000000,0.9289999999999999,0.0,0.0,0.37500000000000006,0.3232573903999611,0.0
27853,2025-04-13T22:00:00.000000000,0.8030000000000002,0.0,0.0,0.244,0.3285326696630611,0.0
27853,2025-04-13T23:00:00.000000000,0.487,0.034,0.0,0.055,1.04714293372535,0.0
27853,2025-04-14T00:00:00.000000000,0.373,0.036,0.0,0.017,0.34758228922425555,0.0
27853,2025-04-14T01:00:00.000000000,0.45399999999999996,0.149,0.0,0.0,1.2839443584245056,0.0
27853,2025-04-14T02:00:00.000000000,0.526,0.22399999999999998,0.0,0.0,0.5673855918534223,0.0
27853,2025-04-14T03:00:00.000000000,0.597,0.29700000000000004,0.0,0.0,0.09642038208666112,0.0
27853,2025-04-14T04:00:00.000000000,0.8069999999999999,0.497,0.0,0.0,0.3232573903999611,0.0
27853,2025-04-14T05:00:00.000000000,0.7630000000000001,0.46099999999999997,0.0,0.0,0.0,0.0
27853,2025-04-14T06:00:00.000000000,0.752,0.455,0.0,0.0,0.3235504614701334,0.0
27853,2025-04-14T07:00:00.000000000,0.7730000000000001,0.477,0.0,0.0,0.0,0.0
27853,2025-04-14T08:00:00.000000000,0.8109999999999999,0.514,0.0,0.0,0.32355046147013333,0.0
27853,2025-04-14T09:00:00.000000000,0.817,0.517,0.0,0.0,0.0,0.0
27853,2025-04-14T10:00:00.000000000,0.6950000000000001,0.392,0.0,0.0,0.3232573903999611,0.0
27853,2025-04-14T11:00:00.000000000,0.435,0.135,0.0,0.0,0.0,0.0
27853,2025-04-14T12:00:00.000000000,0.45,0.0,0.0,0.038,0.3235504614701334,0.0
27853,2025-04-14T13:00:00.000000000,0.523,0.0,0.0,0.07200000000000001,1.2203479361971332,0.0
27853,2025-04-14T14:00:00.000000000,0.562,0.0,0.0,0.104,0.7657947063600166,0.0
27853,2025-04-14T15:00:00.000000000,1.5779999999999998,0.0,0.0,0.251,0.0,0.0
27853,2025-04-14T16:00:00.000000000,1.33,0.0,0.0,0.42200000000000004,0.6465147807999222,0.0
27853,2025-04-14T17:00:00.000000000,1.041,0.0,0.0,0.5780000000000001,0.0,0.0
27853,2025-04-14T18:00:00.000000000,1.1729999999999998,0.0,0.0,0.69,0.34758228922425555,0.0
27853,2025-04-14T19:00:00.000000000,1.204,0.0,0.0,0.684,0.34758228922425555,0.0
27853,2025-04-14T20:00:00.000000000,1.1789999999999998,0.0,0.0,0.632,0.6485662782911277,0.0
27853,2025-04-14T21:00:00.000000000,1.021,0.0,0.0,0.46799999999999997,0.6711327506943889,0.0
27853,2025-04-14T22:00:00.000000000,0.857,0.0,0.0,0.299,0.3408416546102944,0.0
27853,2025-04-14T23:00:00.000000000,0.672,0.0,0.0,0.08499999999999999,0.3071384815404889,0.0
27853,2025-04-15T00:00:00.000000000,0.44300000000000006,0.046,0.0,0.016,0.34758228922425555,0.0
27853,2025-04-15T01:00:00.000000000,0.56,0.255,0.0,0.0,0.3235504614701334,0.0
27853,2025-04-15T02:00:00.000000000,0.9,0.597,0.0,0.0,1.3264396635994777,0.0
27853,2025-04-15T03:00:00.000000000,1.0390000000000001,0.738,0.0,0.0,0.0,0.0
27853,2025-04-15T04:00:00.000000000,1.3609999999999998,1.05,0.0,0.0,0.3232573903999611,0.0
27853,2025-04-15T05:00:00.000000000,1.3359999999999999,1.036,0.0,0.0,0.0,0.0
27853,2025-04-15T06:00:00.000000000,1.334,1.038,0.0,0.0,0.3235504614701334,0.0
27853,2025-04-15T07:00:00.000000000,1.302,1.0070000000000001,0.0,0.0,0.0,0.0
27853,2025-04-15T08:00:00.000000000,1.237,0.939,0.0,0.0,0.3235504614701334,0.0
27853,2025-04-15T09:00:00.000000000,1.1669999999999998,0.866,0.0,0.0,0.0,0.0
27853,2025-04-15T10:00:00.000000000,1.004,0.7030000000000001,0.0,0.0,0.3232573903999611,0.0
27853,2025-04-15T11:00:00.000000000,0.7020000000000001,0.39899999999999997,0.0,0.0,0.0,0.0
27853,2025-04-15T12:00:00.000000000,0.963,0.038,0.0,0.057999999999999996,0.3235504614701334,0.0
27853,2025-04-15T13:00:00.000000000,1.02,0.0,0.0,0.11499999999999999,0.0,0.0
27853,2025-04-15T14:00:00.000000000,0.586,0.0,0.0,0.128,0.3235504614701334,0.0
27853,2025-04-15T15:00:00.000000000,0.63,0.0,0.0,0.16999999999999998,0.3232573903999611,0.0
27853,2025-04-15T16:00:00.000000000,0.681,0.0,0.0,0.22599999999999998,0.32765345645254446,0.0
27853,2025-04-15T17:00:00.000000000,0.7289999999999999,0.0,0.0,0.266,0.34758228922425555,0.0
27853,2025-04-15T18:00:00.000000000,0.535,0.0,0.0,0.23199999999999998,0.0,0.0
27853,2025-04-15T19:00:00.000000000,0.515,0.0,0.0,0.205,0.6951645784485111,0.0
27853,2025-04-15T20:00:00.000000000,2.199,0.0,0.0,0.345,0.6951645784485111,0.0
27853,2025-04-15T21:00:00.000000000,0.796,0.0,0.0,0.244,0.3235504614701334,0.0
27853,2025-04-15T22:00:00.000000000,0.716,0.0,0.0,0.159,0.0,0.0
27853,2025-04-15T23:00:00.000000000,0.667,0.052000000000000005,0.0,0.029,0.3232573903999611,0.0
27853,2025-04-16T00:00:00.000000000,0.614,0.096,0.0,0.012,0.8965044036568278,0.0
27853,2025-04-16T01:00:00.000000000,0.5690000000000001,0.167,0.0,0.0,1.0996026552861777,0.0
27853,2025-04-16T02:00:00.000000000,0.605,0.28500000000000003,0.0,0.0,0.0,0.0
27853,2025-04-16T03:00:00.000000000,0.687,0.386,0.0,0.0,0.3232573903999611,0.0
27853,2025-04-16T04:00:00.000000000,0.878,0.5690000000000001,0.0,0.0,0.0,0.0
27853,2025-04-16T05:00:00.000000000,0.841,0.539,0.0,0.0,0.3232573903999611,0.0
27853,2025-04-16T06:00:00.000000000,0.834,0.538,0.0,0.0,0.0,0.0
27853,2025-04-16T07:00:00.000000000,0.85,0.554,0.0,0.0,0.3235504614701334,0.0
27853,2025-04-16T08:00:00.000000000,0.92,0.552,0.0,0.0,0.0,0.0
27853,2025-04-16T09:00:00.000000000,0.945,0.645,0.0,0.0,0.3235504614701334,0.0
27853,2025-04-16T10:00:00.000000000,0.9299999999999999,0.63,0.0,0.0,0.0,0.0
27853,2025-04-16T11:00:00.000000000,0.8160000000000001,0.516,0.0,0.0,0.3232573903999611,0.0
27853,2025-04-16T12:00:00.000000000,0.681,0.38000000000000006,0.0,0.0,0.34758228922425555,0.0
27853,2025-04-16T13:00:00.000000000,0.583,0.28300000000000003,0.0,0.0,0.0,0.0
27853,2025-04-16T14:00:00.000000000,0.503,0.20199999999999999,0.0,0.0,0.3235504614701334,0.0
27853,2025-04-16T15:00:00.000000000,0.40800000000000003,0.106,0.0,0.0,0.3232573903999611,0.0
27853,2025-04-16T16:00:00.000000000,0.364,0.06199999999999999,0.0,0.0,0.0,0.0
27853,2025-04-16T17:00:00.000000000,0.388,0.044,0.0,0.002,0.3235504614701334,0.0
27853,2025-04-16T18:00:00.000000000,0.645,0.007,0.0,0.002,0.0,0.0
27853,2025-04-16T19:00:00.000000000,1.172,0.0,0.0,0.001,1.0216457506203667,0.0
27853,2025-04-16T20:00:00.000000000,1.074,0.048,0.0,0.0,0.3376178728384,0.0
27853,2025-04-16T21:00:00.000000000,1.181,0.14,0.0,0.0,1.9029104586282388,0.0
27853,2025-04-16T22:00:00.000000000,0.872,0.314,0.0,0.0,2.8612528580914054,0.0
27853,2025-04-16T23:00:00.000000000,1.491,0.552,0.0,0.024,0.8170821436401555,0.0
27853,2025-04-17T00:00:00.000000000,0.9109999999999999,0.591,0.0,0.0,1.5403815448252,0.0
27853,2025-04-17T01:00:00.000000000,0.848,0.541,0.0,0.0,0.9140886678671611,0.0
27853,2025-04-17T02:00:00.000000000,0.846,0.543,0.0,0.0,0.17877335280505555,0.0
27853,2025-04-17T03:00:00.000000000,0.862,0.562,0.0,0.0,0.3232573903999611,0.0
27853,2025-04-17T04:00:00.000000000,1.016,0.706,0.0,0.0,0.0,0.0
27853,2025-04-17T05:00:00.000000000,0.9259999999999999,0.625,0.0,0.0,0.3235504614701334,0.0
27853,2025-04-17T06:00:00.000000000,0.894,0.598,0.0,0.0,0.0,0.0
27853,2025-04-17T07:00:00.000000000,0.948,0.654,0.0,0.0,0.3235504614701334,0.0
27853,2025-04-17T08:00:00.000000000,1.006,0.685,0.0,0.0,0.0,0.0
27853,2025-04-17T09:00:00.000000000,1.0710000000000002,0.638,0.0,0.0,0.3232573903999611,0.0
27853,2025-04-17T10:00:00.000000000,0.9179999999999999,0.616,0.0,0.0,0.0,0.0
27853,2025-04-17T11:00:00.000000000,0.6900000000000001,0.38699999999999996,0.0,0.0,0.3235504614701334,0.0
27853,2025-04-17T12:00:00.000000000,0.503,0.204,0.0,0.0,0.69897450236075,0.0
27853,2025-04-17T13:00:00.000000000,0.515,0.216,0.0,0.0,0.34758228922425555,0.0
27853,2025-04-17T14:00:00.000000000,0.453,0.15,0.0,0.003,0.3232573903999611,0.0
27853,2025-04-17T15:00:00.000000000,0.431,0.0,0.0,0.131,0.0,0.0
27853,2025-04-17T16:00:00.000000000,0.622,0.0,0.0,0.32200000000000006,0.3235504614701334,0.0
27853,2025-04-17T17:00:00.000000000,0.752,0.0,0.0,0.451,0.0,0.0
27853,2025-04-17T18:00:00.000000000,0.859,0.0,0.0,0.556,0.3235504614701334,0.0
27853,2025-04-17T19:00:00.000000000,0.9500000000000001,0.0,0.0,0.585,0.3232573903999611,0.0
27853,2025-04-17T20:00:00.000000000,1.4089999999999998,0.0,0.0,0.56,0.0,0.0
27853,2025-04-17T21:00:00.000000000,2.0050000000000003,0.0,0.0,0.514,0.3235504614701334,0.0
27853,2025-04-17T22:00:00.000000000,0.8360000000000001,0.0,0.0,0.278,0.0,0.0
27853,2025-04-17T23:00:00.000000000,0.738,0.101,0.0,0.051000000000000004,2.084028379994672,0.0
27853,2025-04-18T00:00:00.000000000,0.644,0.128,0.0,0.008,1.1910408291799113,0.0
27853,2025-04-18T01:00:00.000000000,0.779,0.377,0.0,0.0,1.2080389512499,0.0
27853,2025-04-18T02:00:00.000000000,1.0070000000000001,0.704,0.0,0.0,1.1640782907240668,0.0
27853,2025-04-18T03:00:00.000000000,1.306,1.006,0.0,0.0,1.4005866443530501,0.0
27853,2025-04-18T04:00:00.000000000,1.6929999999999998,1.3820000000000001,0.0,0.0,0.6708396796242168,0.0
27853,2025-04-18T05:00:00.000000000,1.686,1.384,0.0,0.0,0.0,0.0
27853,2025-04-18T06:00:00.000000000,1.753,1.4569999999999999,0.0,0.0,0.3232573903999611,0.0
27853,2025-04-18T07:00:00.000000000,1.7570000000000001,1.461,0.0,0.0,0.0,0.0
27853,2025-04-18T08:00:00.000000000,2.292,1.018,0.0,0.0,0.3235504614701334,0.0
27853,2025-04-18T09:00:00.000000000,1.739,1.307,0.0,0.0,0.0,0.0
27853,2025-04-18T10:00:00.000000000,1.498,1.0819999999999999,0.0,0.0,0.3235504614701334,0.0
27853,2025-04-18T11:00:00.000000000,0.873,0.57,0.0,0.0,0.0,0.0
27853,2025-04-18T12:00:00.000000000,0.367,0.036,0.0,0.031,0.3232573903999611,0.0
27853,2025-04-18T13:00:00.000000000,0.473,0.0,0.0,0.174,0.8164960014998112,0.0
27853,2025-04-18T14:00:00.000000000,0.676,0.0,0.0,0.335,0.0,0.0
27853,2025-04-18T15:00:00.000000000,0.77,0.0,0.0,0.47,0.3235504614701334,0.0
27853,2025-04-18T16:00:00.000000000,0.841,0.0,0.0,0.541,0.0,0.0
27853,2025-04-18T17:00:00.000000000,1.516,0.0,0.0,0.631,0.3235504614701334,0.0
27853,2025-04-18T18:00:00.000000000,1.657,0.0,0.0,0.688,0.69897450236075,0.0
27853,2025-04-18T19:00:00.000000000,1.168,0.0,0.0,0.647,1.6549723332625388,0.0
27853,2025-04-18T20:00:00.000000000,1.102,0.0,0.0,0.554,0.7555372189039888,0.0
27853,2025-04-18T21:00:00.000000000,1.453,0.0,0.0,0.44599999999999995,1.61159781487705,0.0
27853,2025-04-18T22:00:00.000000000,0.839,0.0,0.0,0.28,0.34728921815408337,0.0
27853,2025-04-18T23:00:00.000000000,0.675,0.0,0.0,0.088,0.0,0.0
27853,2025-04-19T00:00:00.000000000,0.5680000000000001,0.028,0.0,0.033,0.3235504614701334,0.0
27853,2025-04-19T01:00:00.000000000,0.541,0.194,0.0,0.0,0.34758228922425555,0.0
27853,2025-04-19T02:00:00.000000000,0.832,0.531,0.0,0.0,0.3232573903999611,0.0
27853,2025-04-19T03:00:00.000000000,1.149,0.849,0.0,0.0,0.37513096982044447,0.0
27853,2025-04-19T04:00:00.000000000,1.5870000000000002,1.278,0.0,0.0,0.34728921815408337,0.0
27853,2025-04-19T05:00:00.000000000,1.613,1.3110000000000002,0.0,0.0,0.3235504614701334,0.0
27853,2025-04-19T06:00:00.000000000,1.7289999999999999,1.432,0.0,0.0,0.3232573903999611,0.0
27853,2025-04-19T07:00:00.000000000,1.9020000000000001,1.6059999999999999,0.0,0.0,0.0,0.0
27853,2025-04-19T08:00:00.000000000,2.128,1.809,0.0,0.0,1.2646016677931387,0.0
27853,2025-04-19T09:00:00.000000000,2.109,1.677,0.0,0.0,0.0,0.0
27853,2025-04-19T10:00:00.000000000,1.6949999999999998,1.243,0.0,0.0,0.3232573903999611,0.0
27853,2025-04-19T11:00:00.000000000,0.9480000000000001,0.608,0.0,0.0,0.0,0.0
27853,2025-04-19T12:00:00.000000000,0.38,0.07300000000000001,0.0,0.008,0.3235504614701334,0.0
27853,2025-04-19T13:00:00.000000000,0.448,0.0,0.0,0.149,0.3235504614701334,0.0
27853,2025-04-19T14:00:00.000000000,0.617,0.0,0.0,0.318,0.816202930429639,0.0
27853,2025-04-19T15:00:00.000000000,0.7939999999999999,0.0,0.0,0.493,0.3232573903999611,0.0
27853,2025-04-19T16:00:00.000000000,0.903,0.0,0.0,0.603,0.0,0.0
27853,2025-04-19T17:00:00.000000000,1.3980000000000001,0.0,0.0,0.636,0.3232573903999611,0.0
27853,2025-04-19T18:00:00.000000000,3.097,0.0,0.0,0.671,0.0,0.0
27853,2025-04-19T19:00:00.000000000,3.123,0.0,0.0,0.658,0.3232573903999611,0.0
27853,2025-04-19T20:00:00.000000000,1.362,0.0,0.0,0.556,0.0,0.0
27853,2025-04-19T21:00:00.000000000,0.9279999999999999,0.0,0.0,0.37500000000000006,1.2417421243197055,0.0
27853,2025-04-19T22:00:00.000000000,0.81,0.0,0.0,0.252,1.0981372999353167,0.0
27853,2025-04-19T23:00:00.000000000,0.798,0.16399999999999998,0.0,0.047,5.789032849111905,0.0
27853,2025-04-20T00:00:00.000000000,0.49500000000000005,0.022,0.0,0.007,1.4128956293002835,0.0
27853,2025-04-20T01:00:00.000000000,0.516,0.21000000000000002,0.0,0.0,0.6945784363081667,0.0
27853,2025-04-20T02:00:00.000000000,0.7379999999999999,0.437,0.0,0.0,0.0,0.0
27853,2025-04-20T03:00:00.000000000,0.899,0.599,0.0,0.0,0.3235504614701334,0.0
27853,2025-04-20T04:00:00.000000000,1.129,0.818,0.0,0.0,0.0,0.0
27853,2025-04-20T05:00:00.000000000,1.06,0.758,0.0,0.0,0.3235504614701334,0.0
27853,2025-04-20T06:00:00.000000000,1.052,0.7549999999999999,0.0,0.0,0.3232573903999611,0.0
27853,2025-04-20T07:00:00.000000000,1.078,0.7830000000000001,0.0,0.0,0.0,0.0
27853,2025-04-20T08:00:00.000000000,1.7229999999999999,0.47200000000000003,0.0,0.0,0.3235504614701334,0.0
27853,2025-04-20T09:00:00.000000000,1.095,0.7350000000000001,0.0,0.0,0.0,0.0
27853,2025-04-20T10:00:00.000000000,0.9430000000000001,0.643,0.0,0.0,0.3235504614701334,0.0
27853,2025-04-20T11:00:00.000000000,0.47200000000000003,0.16799999999999998,0.0,0.001,0.0,0.0
27853,2025-04-20T12:00:00.000000000,0.374,0.0,0.0,0.07300000000000001,1.9917109928904224,0.0
27853,2025-04-20T13:00:00.000000000,0.6140000000000001,0.0,0.0,0.318,0.0,0.0
27853,2025-04-20T14:00:00.000000000,0.846,0.0,0.0,0.545,0.3235504614701334,0.0
27853,2025-04-20T15:00:00.000000000,1.006,0.0,0.0,0.704,0.0,0.0
27853,2025-04-20T16:00:00.000000000,1.034,0.0,0.0,0.732,0.3232573903999611,0.0
27853,2025-04-20T17:00:00.000000000,1.63,0.0,0.0,0.746,0.0,0.0
27853,2025-04-20T18:00:00.000000000,2.632,0.0,0.0,0.7550000000000001,0.3229643193297889,0.0
27853,2025-04-20T19:00:00.000000000,1.2670000000000001,0.0,0.0,0.7469999999999999,0.0,0.0
27853,2025-04-20T20:00:00.000000000,1.2730000000000001,0.0,0.0,0.726,0.7499688685707168,0.0
27853,2025-04-20T21:00:00.000000000,1.2329999999999999,0.0,0.0,0.68,0.33732480176822777,0.0
27853,2025-04-20T22:00:00.000000000,1.078,0.0,0.0,0.52,2.032154800574189,0.0
27853,2025-04-20T23:00:00.000000000,0.7839999999999999,0.0,0.0,0.26,0.0,0.0
27853,2025-04-21T00:00:00.000000000,0.44399999999999995,0.0,0.0,0.125,1.21595187014455,0.0
27853,2025-04-21T01:00:00.000000000,0.35000000000000003,0.021,0.0,0.023,1.6318197187189332,0.0
27853,2025-04-21T02:00:00.000000000,0.532,0.23000000000000004,0.0,0.0,0.0,0.0
27853,2025-04-21T03:00:00.000000000,0.8069999999999999,0.506,0.0,0.0,0.3235504614701334,0.0
27853,2025-04-21T04:00:00.000000000,1.2309999999999999,0.921,0.0,0.0,0.0,0.0
27853,2025-04-21T05:00:00.000000000,1.33,1.028,0.0,0.0,0.3235504614701334,0.0
27853,2025-04-21T06:00:00.000000000,1.4369999999999998,1.139,0.0,0.0,0.0,0.0
27853,2025-04-21T07:00:00.000000000,1.544,1.248,0.0,0.0,0.3232573903999611,0.0
27853,2025-04-21T08:00:00.000000000,1.644,1.347,0.0,0.0,0.0,0.0
27853,2025-04-21T09:00:00.000000000,1.6589999999999998,1.3599999999999999,0.0,0.0,0.3235504614701334,0.0
27853,2025-04-21T10:00:00.000000000,1.3559999999999999,1.0550000000000002,0.0,0.0,0.34728921815408337,0.0
27853,2025-04-21T11:00:00.000000000,0.718,0.304,0.0,0.0,0.3232573903999611,0.0
27853,2025-04-21T12:00:00.000000000,0.417,0.0,0.0,0.07999999999999999,0.0,0.0
27853,2025-04-21T13:00:00.000000000,0.5820000000000001,0.0,0.0,0.28300000000000003,0.3235504614701334,0.0
27853,2025-04-21T14:00:00.000000000,0.7819999999999999,0.0,0.0,0.48,0.0,0.0
27853,2025-04-21T15:00:00.000000000,0.907,0.0,0.0,0.605,1.7258955322442167,0.0
27853,2025-04-21T16:00:00.000000000,1.022,0.0,0.0,0.7190000000000001,0.3235504614701334,0.0
27853,2025-04-21T17:00:00.000000000,1.178,0.0,0.0,0.752,0.0,0.0
27853,2025-04-21T18:00:00.000000000,1.238,0.0,0.0,0.754,0.3232573903999611,0.0
27853,2025-04-21T19:00:00.000000000,1.262,0.0,0.0,0.742,0.0,0.0
27853,2025-04-21T20:00:00.000000000,1.2489999999999999,0.0,0.0,0.701,0.3232573903999611,0.0
27853,2025-04-21T21:00:00.000000000,1.138,0.0,0.0,0.5860000000000001,1.5866867739124113,0.0
27853,2025-04-21T22:00:00.000000000,1.262,0.0,0.0,0.39000000000000007,0.7209548326236667,0.0
27853,2025-04-21T23:00:00.000000000,1.284,0.0,0.0,0.209,1.0497805733569,0.0
27853,2025-04-22T00:00:00.000000000,0.635,0.0,0.0,0.129,1.04714293372535,0.0
27853,2025-04-22T01:00:00.000000000,0.45799999999999996,0.0,0.0,0.057,0.6752357456768,0.0
27853,2025-04-22T02:00:00.000000000,0.44499999999999995,0.092,0.0,0.001,1.6083740331051555,0.0
27853,2025-04-22T03:00:00.000000000,0.6279999999999999,0.308,0.0,0.0,2.0553074151177944,0.0
27853,2025-04-22T04:00:00.000000000,0.9279999999999999,0.619,0.0,0.0,0.8921083376042445,0.0
27853,2025-04-22T05:00:00.000000000,0.9289999999999999,0.628,0.0,0.0,0.34728921815408337,0.0
27853,2025-04-22T06:00:00.000000000,0.942,0.646,0.0,0.0,0.3235504614701334,0.0
27853,2025-04-22T07:00:00.000000000,1.241,0.517,0.0,0.0,0.0,0.0
27853,2025-04-22T08:00:00.000000000,1.892,0.092,0.0,0.032,0.3235504614701334,0.0
27853,2025-04-22T09:00:00.000000000,0.823,0.389,0.0,0.0,0.0,0.0
27853,2025-04-22T10:00:00.000000000,0.7030000000000001,0.25,0.0,0.0,0.3232573903999611,0.0
27853,2025-04-22T11:00:00.000000000,0.488,0.027,0.0,0.007,0.7505550107110611,0.0
27853,2025-04-22T12:00:00.000000000,0.536,0.0,0.0,0.087,0.34728921815408337,0.0
27853,2025-04-22T13:00:00.000000000,0.702,0.0,0.0,0.248,0.0,0.0
27853,2025-04-22T14:00:00.000000000,0.872,0.0,0.0,0.414,0.32325739039996115,0.0
27853,2025-04-22T15:00:00.000000000,0.986,0.0,0.0,0.526,0.0,0.0
27853,2025-04-22T16:00:00.000000000,1.057,0.0,0.0,0.603,0.3232573903999611,0.0
27853,2025-04-22T17:00:00.000000000,1.1300000000000001,0.0,0.0,0.666,0.34728921815408337,0.0
27853,2025-04-22T18:00:00.000000000,1.1649999999999998,0.0,0.0,0.682,0.0,0.0
27853,2025-04-22T19:00:00.000000000,1.184,0.0,0.0,0.665,0.3232573903999611,0.0
27853,2025-04-22T20:00:00.000000000,1.125,0.0,0.0,0.577,0.3232573903999611,0.0
27853,2025-04-22T21:00:00.000000000,0.971,0.0,0.0,0.4179999999999999,0.78337897057035,0.0
27853,2025-04-22T22:00:00.000000000,0.806,0.0,0.0,0.248,2.0605826943808943,0.0
27853,2025-04-22T23:00:00.000000000,0.66,0.0,0.0,0.074,0.0,0.0
27853,2025-04-23T00:00:00.000000000,0.641,0.122,0.0,0.012,2.6411564843920665,0.0
27853,2025-04-23T01:00:00.000000000,0.722,0.32099999999999995,0.0,0.0,1.2379322004074667,0.0
27853,2025-04-23T02:00:00.000000000,0.833,0.48000000000000004,0.0,0.0,0.3235504614701334,0.0
27853,2025-04-23T03:00:00.000000000,1.002,0.6779999999999999,0.0,0.0,0.0,0.0
27853,2025-04-23T04:00:00.000000000,1.384,1.068,0.0,0.0,0.3232573903999611,0.0
27853,2025-04-23T05:00:00.000000000,1.428,1.127,0.0,0.0,0.0,0.0
27853,2025-04-23T06:00:00.000000000,1.488,1.192,0.0,0.0,0.3235504614701334,0.0
27853,2025-04-23T07:00:00.000000000,1.828,1.51,0.0,0.0,3.335148778559889,0.0
27853,2025-04-23T08:00:00.000000000,2.037,1.663,0.0,0.0,3.303790174051461,0.0
27853,2025-04-23T09:00:00.000000000,1.9769999999999999,1.543,0.0,0.0,1.5893244135439613,0.0
27853,2025-04-23T10:00:00.000000000,1.522,1.068,0.0,0.0,0.0,0.0
27853,2025-04-23T11:00:00.000000000,0.8610000000000001,0.5609999999999999,0.0,0.0,0.6942853652379944,0.0
27853,2025-04-23T12:00:00.000000000,0.49300000000000005,0.187,0.0,0.007,2.965879230142889,0.0
27853,2025-04-23T13:00:00.000000000,0.43,0.0,0.0,0.133,0.34728921815408337,0.0
27853,2025-04-23T14:00:00.000000000,0.6060000000000001,0.0,0.0,0.30700000000000005,0.0,0.0
27853,2025-04-23T15:00:00.000000000,0.7449999999999999,0.0,0.0,0.444,0.3235504614701334,0.0
27853,2025-04-23T16:00:00.000000000,0.858,0.0,0.0,0.556,0.3232573903999611,0.0
27853,2025-04-23T17:00:00.000000000,0.951,0.0,0.0,0.65,0.0,0.0
27853,2025-04-23T18:00:00.000000000,0.979,0.0,0.0,0.676,0.3235504614701334,0.0
27853,2025-04-23T19:00:00.000000000,0.9989999999999999,0.0,0.0,0.635,0.0,0.0
27853,2025-04-23T20:00:00.000000000,1.104,0.0,0.0,0.5549999999999999,0.3235504614701334,0.0
27853,2025-04-23T21:00:00.000000000,0.966,0.0,0.0,0.4139999999999999,0.0,0.0
27853,2025-04-23T22:00:00.000000000,0.8140000000000001,0.0,0.0,0.256,0.3232573903999611,0.0
27853,2025-04-23T23:00:00.000000000,0.668,0.0,0.0,0.08,0.34728921815408337,0.0
27853,2025-04-24T00:00:00.000000000,0.49100000000000005,0.0,0.0,0.026000000000000002,0.34728921815408337,0.0
27853,2025-04-24T01:00:00.000000000,0.517,0.21000000000000002,0.0,0.0,0.8144445040086056,0.0
27853,2025-04-24T02:00:00.000000000,0.7499999999999999,0.448,0.0,0.0,0.32325739039996115,0.0
27853,2025-04-24T03:00:00.000000000,0.959,0.659,0.0,0.0,0.0,0.0
27853,2025-04-24T04:00:00.000000000,1.4090000000000003,1.1,0.0,0.0,1.2180033676357556,0.0
27853,2025-04-24T05:00:00.000000000,1.4060000000000001,1.1059999999999999,0.0,0.0,0.0,0.0
27853,2025-04-24T06:00:00.000000000,1.512,1.216,0.0,0.0,0.3232573903999611,0.0
27853,2025-04-24T07:00:00.000000000,1.673,1.3770000000000002,0.0,0.0,0.0,0.0
27853,2025-04-24T08:00:00.000000000,1.935,1.567,0.0,0.0,1.6030987538420556,0.0
27853,2025-04-24T09:00:00.000000000,1.971,1.539,0.0,0.0,1.2950810590910502,0.0
27853,2025-04-24T10:00:00.000000000,1.619,1.203,0.0,0.0,1.2467243325126331,0.0
27853,2025-04-24T11:00:00.000000000,0.781,0.4809999999999999,0.0,0.0,0.3235504614701334,0.0
27853,2025-04-24T12:00:00.000000000,0.379,0.047,0.0,0.033,1.5163497170710778,0.0
27853,2025-04-24T13:00:00.000000000,0.502,0.0,0.0,0.20400000000000001,1.3926737254584003,0.0
27853,2025-04-24T14:00:00.000000000,0.716,0.0,0.0,0.416,1.9946417035921444,0.0
27853,2025-04-24T15:00:00.000000000,0.912,0.0,0.0,0.611,0.0,0.0
27853,2025-04-24T16:00:00.000000000,1.0,0.0,0.0,0.7,0.3235504614701334,0.0
27853,2025-04-24T17:00:00.000000000,1.022,0.0,0.0,0.722,0.0,0.0
27853,2025-04-24T18:00:00.000000000,1.174,0.0,0.0,0.732,1.0972580867247999,0.0
27853,2025-04-24T19:00:00.000000000,1.13,0.0,0.0,0.72,0.3232573903999611,0.0
27853,2025-04-24T20:00:00.000000000,0.989,0.0,0.0,0.675,0.0,0.0
27853,2025-04-24T21:00:00.000000000,0.817,0.0,0.0,0.503,0.3235504614701334,0.0
27853,2025-04-24T22:00:00.000000000,0.8019999999999999,0.0,0.0,0.302,2.0866660196262226,0.0
27853,2025-04-24T23:00:00.000000000,0.7270000000000001,0.0,0.0,0.13999999999999999,0.3235504614701334,0.0
27853,2025-04-25T00:00:00.000000000,0.491,0.0,0.0,0.06799999999999999,0.0,0.0
27853,2025-04-25T01:00:00.000000000,0.393,0.083,0.0,0.005,0.3235504614701334,0.0
27853,2025-04-25T02:00:00.000000000,0.694,0.391,0.0,0.0,0.3748378987502722,0.0
27853,2025-04-25T03:00:00.000000000,0.946,0.6460000000000001,0.0,0.0,0.3232573903999611,0.0
27853,2025-04-25T04:00:00.000000000,1.3970000000000002,1.086,0.0,0.0,0.0,0.0
27853,2025-04-25T05:00:00.000000000,1.475,1.174,0.0,0.0,0.3235504614701334,0.0
27853,2025-04-25T06:00:00.000000000,1.557,1.26,0.0,0.0,0.0,0.0
27853,2025-04-25T07:00:00.000000000,1.701,1.399,0.0,0.0,1.0609172740234445,0.0
27853,2025-04-25T08:00:00.000000000,1.903,1.605,0.0,0.0,1.7584264210333336,0.0
27853,2025-04-25T09:00:00.000000000,1.814,1.5150000000000001,0.0,0.0,0.0,0.0
27853,2025-04-25T10:00:00.000000000,1.456,1.1560000000000001,0.0,0.0,0.3232573903999611,0.0
27853,2025-04-25T11:00:00.000000000,0.744,0.443,0.0,0.0,0.0,0.0
27853,2025-04-25T12:00:00.000000000,0.365,0.007,0.0,0.059,0.3235504614701334,0.0
27853,2025-04-25T13:00:00.000000000,0.5670000000000001,0.0,0.0,0.268,0.0,0.0
27853,2025-04-25T14:00:00.000000000,0.7809999999999999,0.0,0.0,0.481,0.3235504614701334,0.0
27853,2025-04-25T15:00:00.000000000,0.885,0.0,0.0,0.584,0.0,0.0
27853,2025-04-25T16:00:00.000000000,0.938,0.0,0.0,0.638,0.3232573903999611,0.0
27853,2025-04-25T17:00:00.000000000,1.014,0.0,0.0,0.7149999999999999,0.0,0.0
27853,2025-04-25T18:00:00.000000000,1.0270000000000001,0.0,0.0,0.724,0.3232573903999611,0.0
27853,2025-04-25T19:00:00.000000000,1.238,0.0,0.0,0.718,0.0,0.0
27853,2025-04-25T20:00:00.000000000,1.235,0.0,0.0,0.687,0.3232573903999611,0.0
27853,2025-04-25T21:00:00.000000000,1.102,0.0,0.0,0.5489999999999999,0.24500741466397777,0.0
27853,2025-04-25T22:00:00.000000000,0.9139999999999999,0.0,0.0,0.35600000000000004,0.9683068158490222,0.0
27853,2025-04-25T23:00:00.000000000,0.752,0.0,0.0,0.165,1.0450914362341444,0.0
27853,2025-04-26T00:00:00.000000000,0.61,0.0,0.0,0.10400000000000001,0.3469961470839111,0.0
27853,2025-04-26T01:00:00.000000000,0.346,0.02,0.0,0.021,0.0,0.0
27853,2025-04-26T02:00:00.000000000,0.5840000000000001,0.28300000000000003,0.0,0.0,0.3469961470839111,0.0
27853,2025-04-26T03:00:00.000000000,0.904,0.604,0.0,0.0,1.5556212404741554,0.0
27853,2025-04-26T04:00:00.000000000,1.284,0.9730000000000001,0.0,0.0,0.0,0.0
27853,2025-04-26T05:00:00.000000000,1.356,1.055,0.0,0.0,0.3235504614701334,0.0
27853,2025-04-26T06:00:00.000000000,1.428,1.132,0.0,0.0,0.0,0.0
27853,2025-04-26T07:00:00.000000000,1.5379999999999998,1.243,0.0,0.0,0.3235504614701334,0.0
27853,2025-04-26T08:00:00.000000000,2.215,0.9400000000000001,0.0,0.0,0.0,0.0
27853,2025-04-26T09:00:00.000000000,2.055,0.747,0.0,0.0,0.3232573903999611,0.0
27853,2025-04-26T10:00:00.000000000,1.6440000000000001,0.329,0.0,0.0,0.0,0.0
27853,2025-04-26T11:00:00.000000000,0.458,0.153,0.0,0.005,0.3232573903999611,0.0
27853,2025-04-26T12:00:00.000000000,0.388,0.0,0.0,0.08800000000000001,1.860708224523439,0.0
27853,2025-04-26T13:00:00.000000000,0.599,0.0,0.0,0.301,1.2446728350214278,0.0
27853,2025-04-26T14:00:00.000000000,0.873,0.0,0.0,0.5730000000000001,0.6617544764488777,0.0
27853,2025-04-26T15:00:00.000000000,1.0750000000000002,0.0,0.0,0.7730000000000001,0.0,0.0
27853,2025-04-26T16:00:00.000000000,1.1239999999999999,0.0,0.0,0.824,0.3232573903999611,0.0
27853,2025-04-26T17:00:00.000000000,1.14,0.0,0.0,0.839,0.0,0.0
27853,2025-04-26T18:00:00.000000000,1.143,0.0,0.0,0.84,0.3229643193297889,0.0
27853,2025-04-26T19:00:00.000000000,1.142,0.0,0.0,0.833,0.0,0.0
27853,2025-04-26T20:00:00.000000000,1.222,0.0,0.0,0.7889999999999999,0.3229643193297889,0.0
27853,2025-04-26T21:00:00.000000000,1.258,0.0,0.0,0.7060000000000001,0.35402985276804444,0.0
27853,2025-04-26T22:00:00.000000000,1.1,0.0,0.0,0.542,2.1092324920294834,0.0
27853,2025-04-26T23:00:00.000000000,0.8559999999999999,0.0,0.0,0.26899999999999996,1.2010052455657667,0.0
27853,2025-04-27T00:00:00.000000000,0.522,0.0,0.0,0.14100000000000001,1.6872101509814834,0.0
27853,2025-04-27T01:00:00.000000000,0.35900000000000004,0.0,0.0,0.054,0.3469961470839111,0.0
27853,2025-04-27T02:00:00.000000000,0.485,0.182,0.0,0.0,0.3235504614701334,0.0
27853,2025-04-27T03:00:00.000000000,0.7969999999999999,0.497,0.0,0.0,0.3469961470839111,0.0
27853,2025-04-27T04:00:00.000000000,1.2530000000000001,0.9410000000000001,0.0,0.0,0.0,0.0
27853,2025-04-27T05:00:00.000000000,1.604,1.3010000000000002,0.0,0.0,4.811347759017372,0.0
27853,2025-04-27T06:00:00.000000000,1.472,1.177,0.0,0.0,0.3235504614701334,0.0
27853,2025-04-27T07:00:00.000000000,1.5870000000000002,1.2910000000000001,0.0,0.0,0.0,0.0
27853,2025-04-27T08:00:00.000000000,1.652,1.3550000000000002,0.0,0.0,0.3235504614701334,0.0
27853,2025-04-27T09:00:00.000000000,1.8860000000000001,1.4780000000000002,0.0,0.0,3.3559568245421163,0.0
27853,2025-04-27T10:00:00.000000000,1.458,1.004,0.0,0.0,1.1758011335309555,0.0
27853,2025-04-27T11:00:00.000000000,0.8460000000000001,0.469,0.0,0.0,0.0,0.0
27853,2025-04-27T12:00:00.000000000,0.407,0.106,0.0,0.002,0.3235504614701334,0.0
27853,2025-04-27T13:00:00.000000000,0.358,0.0,0.0,0.058,0.3469961470839111,0.0
27853,2025-04-27T14:00:00.000000000,0.475,0.0,0.0,0.17400000000000002,0.0,0.0
27853,2025-04-27T15:00:00.000000000,0.614,0.0,0.0,0.31400000000000006,0.3232573903999611,0.0
27853,2025-04-27T16:00:00.000000000,0.704,0.0,0.0,0.40399999999999997,0.0,0.0
27853,2025-04-27T17:00:00.000000000,0.76,0.0,0.0,0.459,0.3235504614701334,0.0
27853,2025-04-27T18:00:00.000000000,0.955,0.0,0.0,0.472,0.8724725759027055,0.0
27853,2025-04-27T19:00:00.000000000,0.988,0.0,0.0,0.46699999999999997,1.2311915657935055,0.0
27853,2025-04-27T20:00:00.000000000,0.991,0.0,0.0,0.442,0.6177938159230445,0.0
27853,2025-04-27T21:00:00.000000000,0.8899999999999999,0.0,0.0,0.338,1.2153657280042056,0.0
27853,2025-04-27T22:00:00.000000000,0.6569999999999999,0.0,0.0,0.159,2.8172921975655725,0.0
27853,2025-04-27T23:00:00.000000000,0.5900000000000001,0.237,0.0,0.017,0.9407581352528331,0.0
27853,2025-04-28T00:00:00.000000000,0.6990000000000001,0.379,0.0,0.0,1.1239275541104723,0.0
27853,2025-04-28T01:00:00.000000000,0.891,0.5850000000000001,0.0,0.0,1.6523346936309888,0.0
27853,2025-04-28T02:00:00.000000000,1.077,0.7739999999999999,0.0,0.0,0.3232573903999611,0.0
27853,2025-04-28T03:00:00.000000000,1.228,0.9279999999999999,0.0,0.0,0.0,0.0
27853,2025-04-28T04:00:00.000000000,1.551,1.2409999999999999,0.0,0.0,0.3235504614701334,0.0
27853,2025-04-28T05:00:00.000000000,1.511,1.21,0.0,0.0,0.0,0.0
27853,2025-04-28T06:00:00.000000000,1.528,1.231,0.0,0.0,0.3235504614701334,0.0
27853,2025-04-28T07:00:00.000000000,1.616,1.32,0.0,0.0,0.0,0.0
27853,2025-04-28T08:00:00.000000000,1.714,1.416,0.0,0.0,0.3232573903999611,0.0
27853,2025-04-28T09:00:00.000000000,1.728,1.426,0.0,0.0,0.0,0.0
27853,2025-04-28T10:00:00.000000000,1.395,1.092,0.0,0.0,0.3235504614701334,0.0
27853,2025-04-28T11:00:00.000000000,0.8380000000000001,0.5379999999999999,0.0,0.0,0.0,0.0
27853,2025-04-28T12:00:00.000000000,0.486,0.055,0.0,0.017,0.3235504614701334,0.0
27853,2025-04-28T13:00:00.000000000,0.5890000000000001,0.0,0.0,0.138,0.0,0.0
27853,2025-04-28T14:00:00.000000000,0.75,0.0,0.0,0.29200000000000004,0.3232573903999611,0.0
27853,2025-04-28T15:00:00.000000000,0.871,0.0,0.0,0.411,0.0,0.0
27853,2025-04-28T16:00:00.000000000,0.942,0.0,0.0,0.488,0.6594099078875,0.0
27853,2025-04-28T17:00:00.000000000,1.014,0.0,0.0,0.55,0.3469961470839111,0.0
27853,2025-04-28T18:00:00.000000000,1.056,0.0,0.0,0.5720000000000001,1.1362365390577056,0.0
27853,2025-04-28T19:00:00.000000000,0.8929999999999999,0.0,0.0,0.537,0.7212479036938388,0.0
27853,2025-04-28T20:00:00.000000000,0.7809999999999999,0.0,0.0,0.46599999999999997,0.7490896553602,0.0
27853,2025-04-28T21:00:00.000000000,0.663,0.0,0.0,0.34900000000000003,0.3469961470839111,0.0
27853,2025-04-28T22:00:00.000000000,0.499,0.0,0.0,0.187,0.8129791486577445,0.0
27853,2025-04-28T23:00:00.000000000,0.437,0.068,0.0,0.033,0.0,0.0
27853,2025-04-29T00:00:00.000000000,0.485,0.12400000000000001,0.0,0.0,0.3235504614701334,0.0
27853,2025-04-29T01:00:00.000000000,0.659,0.257,0.0,0.0,0.3232573903999611,0.0
27853,2025-04-29T02:00:00.000000000,0.882,0.529,0.0,0.0,0.0,0.0
27853,2025-04-29T03:00:00.000000000,1.113,0.8019999999999999,0.0,0.0,0.3235504614701334,0.0
27853,2025-04-29T04:00:00.000000000,1.4849999999999999,1.1760000000000002,0.0,0.0,0.0,0.0
27853,2025-04-29T05:00:00.000000000,1.4849999999999999,1.185,0.0,0.0,0.3235504614701334,0.0
27853,2025-04-29T06:00:00.000000000,1.557,1.2610000000000001,0.0,0.0,0.3469961470839111,0.0
27853,2025-04-29T07:00:00.000000000,1.722,1.426,0.0,0.0,0.0,0.0
27853,2025-04-29T08:00:00.000000000,1.875,1.577,0.0,0.0,0.3232573903999611,0.0
27853,2025-04-29T09:00:00.000000000,1.915,1.6150000000000002,0.0,0.0,0.0,0.0
27853,2025-04-29T10:00:00.000000000,1.5050000000000001,1.2039999999999997,0.0,0.0,0.3235504614701334,0.0
27853,2025-04-29T11:00:00.000000000,0.787,0.48599999999999993,0.0,0.0,0.0,0.0
27853,2025-04-29T12:00:00.000000000,0.359,0.01,0.0,0.049,0.3235504614701334,0.0
27853,2025-04-29T13:00:00.000000000,0.544,0.0,0.0,0.245,0.0,0.0
27853,2025-04-29T14:00:00.000000000,0.89,0.0,0.0,0.47,1.1582168693206223,0.0
27853,2025-04-29T15:00:00.000000000,1.144,0.0,0.0,0.6839999999999999,0.0,0.0
27853,2025-04-29T16:00:00.000000000,1.182,0.0,0.0,0.728,0.3232573903999611,0.0
27853,2025-04-29T17:00:00.000000000,1.192,0.0,0.0,0.728,0.0,0.0
27853,2025-04-29T18:00:00.000000000,1.214,0.0,0.0,0.7310000000000001,0.3232573903999611,0.0
27853,2025-04-29T19:00:00.000000000,1.244,0.0,0.0,0.724,0.6465147807999222,0.0
27853,2025-04-29T20:00:00.000000000,1.244,0.0,0.0,0.6960000000000001,0.0,0.0
27853,2025-04-29T21:00:00.000000000,1.1219999999999999,0.0,0.0,0.569,2.1775180513796113,0.0
27853,2025-04-29T22:00:00.000000000,0.9139999999999999,0.0,0.0,0.35600000000000004,0.33234259357530005,0.0
27853,2025-04-29T23:00:00.000000000,0.718,0.0,0.0,0.13199999999999998,1.9826257897150834,0.0
27853,2025-04-30T00:00:00.000000000,0.585,0.0,0.0,0.079,0.0,0.0
27853,2025-04-30T01:00:00.000000000,0.41700000000000004,0.06,0.0,0.009,0.3235504614701334,0.0
27853,2025-04-30T02:00:00.000000000,0.651,0.34900000000000003,0.0,0.0,0.0,0.0
27853,2025-04-30T03:00:00.000000000,0.932,0.6320000000000001,0.0,0.0,0.3235504614701334,0.0
27853,2025-04-30T04:00:00.000000000,1.403,1.093,0.0,0.0,0.0,0.0
27853,2025-04-30T05:00:00.000000000,1.4969999999999999,1.196,0.0,0.0,0.3232573903999611,0.0
27853,2025-04-30T06:00:00.000000000,1.581,1.285,0.0,0.0,0.0,0.0
27853,2025-04-30T07:00:00.000000000,1.8820000000000001,1.5630000000000002,0.0,0.0,2.575801635743661,0.0
27853,2025-04-30T08:00:00.000000000,2.008,1.633,0.0,0.0,2.7235094551104613,0.0
27853,2025-04-30T09:00:00.000000000,1.979,1.545,0.0,0.0,0.9278630081652555,0.0
27853,2025-04-30T10:00:00.000000000,1.58,1.1280000000000001,0.0,0.0,1.1406326051102889,0.0
27853,2025-04-30T11:00:00.000000000,0.919,0.465,0.0,0.0,2.5555797319017777,0.0
27853,2025-04-30T12:00:00.000000000,0.506,0.014,0.0,0.079,1.3378694353361946,0.0
27853,2025-04-30T13:00:00.000000000,0.5880000000000001,0.0,0.0,0.28900000000000003,1.4556840055454279,0.0
27853,2025-04-30T14:00:00.000000000,0.847,0.0,0.0,0.548,0.5483359722922277,0.0
27853,2025-04-30T15:00:00.000000000,1.0030000000000001,0.0,0.0,0.7010000000000001,0.4958762507314,0.0
27853,2025-04-30T16:00:00.000000000,1.056,0.0,0.0,0.756,0.7485035132198555,0.0
27853,2025-04-30T17:00:00.000000000,1.056,0.0,0.0,0.756,0.0,0.0
27853,2025-04-30T18:00:00.000000000,1.052,0.0,0.0,0.748,0.3232573903999611,0.0
27853,2025-04-30T19:00:00.000000000,1.038,0.0,0.0,0.728,0.0,0.0
27853,2025-04-30T20:00:00.000000000,0.986,0.0,0.0,0.672,0.3232573903999611,0.0
27853,2025-04-30T21:00:00.000000000,1.8849999999999998,0.0,0.0,0.544,0.0,0.0
27853,2025-04-30T22:00:00.000000000,0.8979999999999999,0.0,0.0,0.34,0.3235504614701334,0.0
27853,2025-04-30T23:00:00.000000000,0.723,0.0,0.0,0.136,0.0,0.0
27853,2025-05-01T00:00:00.000000000,0.525,0.0,0.0,0.060000000000000005,0.6840278777819667,0.0
27853,2025-05-01T01:00:00.000000000,0.414,0.106,0.0,0.003,0.0,0.0
27853,2025-05-01T02:00:00.000000000,0.6859999999999999,0.38299999999999995,0.0,0.0,0.3235504614701334,0.0
27853,2025-05-01T03:00:00.000000000,0.9229999999999999,0.623,0.0,0.0,0.3232573903999611,0.0
27853,2025-05-01T04:00:00.000000000,1.2340000000000002,0.925,0.0,0.0,0.0,0.0
27853,2025-05-01T05:00:00.000000000,1.1630000000000003,0.862,0.0,0.0,0.3235504614701334,0.0
27853,2025-05-01T06:00:00.000000000,1.117,0.821,0.0,0.0,0.0,0.0
27853,2025-05-01T07:00:00.000000000,1.134,0.838,0.0,0.0,0.3235504614701334,0.0
27853,2025-05-01T08:00:00.000000000,1.1409999999999998,0.845,0.0,0.0,0.0,0.0
27853,2025-05-01T09:00:00.000000000,1.186,0.778,0.0,0.0,0.3232573903999611,0.0
27853,2025-05-01T10:00:00.000000000,1.093,0.642,0.0,0.0,0.8018424479912001,0.0
27853,2025-05-01T11:00:00.000000000,0.7170000000000001,0.266,0.0,0.0,1.156458442899589,0.0
27853,2025-05-01T12:00:00.000000000,0.399,0.0,0.0,0.062,0.3235504614701334,0.0
27853,2025-05-01T13:00:00.000000000,0.546,0.0,0.0,0.247,1.0676579086374056,0.0
27853,2025-05-01T14:00:00.000000000,0.8019999999999999,0.0,0.0,0.501,0.7353153150621057,0.0
27853,2025-05-01T15:00:00.000000000,0.994,0.0,0.0,0.6930000000000001,1.7889058123312445,0.0
27853,2025-05-01T16:00:00.000000000,1.105,0.0,0.0,0.805,0.3232573903999611,0.0
27853,2025-05-01T17:00:00.000000000,1.123,0.0,0.0,0.823,0.0,0.0
27853,2025-05-01T18:00:00.000000000,1.1,0.0,0.0,0.7969999999999999,0.3232573903999611,0.0
27853,2025-05-01T19:00:00.000000000,1.102,0.0,0.0,0.792,0.0,0.0
27853,2025-05-01T20:00:00.000000000,1.242,0.0,0.0,0.756,0.3229643193297889,0.0
27853,2025-05-01T21:00:00.000000000,1.2429999999999999,0.0,0.0,0.702,0.0,0.0
27853,2025-05-01T22:00:00.000000000,1.072,0.0,0.0,0.529,0.3235504614701334,0.0
27853,2025-05-01T23:00:00.000000000,0.855,0.0,0.0,0.28200000000000003,1.2320707790040222,0.0
27853,2025-05-02T00:00:00.000000000,0.475,0.0,0.0,0.157,1.1854724788466389,0.0
27853,2025-05-02T01:00:00.000000000,0.37500000000000006,0.0,0.0,0.06999999999999999,0.3467030760137389,0.0
27853,2025-05-02T02:00:00.000000000,0.363,0.058,0.0,0.004,0.3235504614701334,0.0
27853,2025-05-02T03:00:00.000000000,0.5820000000000001,0.281,0.0,0.0,0.1227967784021611,0.0
27853,2025-05-02T04:00:00.000000000,0.946,0.637,0.0,0.0,0.20046061199780002,0.0
27853,2025-05-02T05:00:00.000000000,1.124,0.823,0.0,0.0,1.496713955369539,0.0
27853,2025-05-02T06:00:00.000000000,1.156,0.86,0.0,0.0,0.3235504614701334,0.0
27853,2025-05-02T07:00:00.000000000,1.274,0.978,0.0,0.0,0.0,0.0
27853,2025-05-02T08:00:00.000000000,1.4330000000000003,1.113,0.0,0.0,0.7740006963248389,0.0
27853,2025-05-02T09:00:00.000000000,2.311,0.5589999999999999,0.0,0.0,0.7209548326236667,0.0
27853,2025-05-02T10:00:00.000000000,0.8580000000000001,0.5569999999999999,0.0,0.0,0.3235504614701334,0.0
27853,2025-05-02T11:00:00.000000000,0.369,0.043000000000000003,0.0,0.024,0.0,0.0
27853,2025-05-02T12:00:00.000000000,0.514,0.0,0.0,0.21300000000000002,0.6702535374838723,0.0
27853,2025-05-02T13:00:00.000000000,0.822,0.0,0.0,0.523,0.3235504614701334,0.0
27853,2025-05-02T14:00:00.000000000,1.1219999999999999,0.0,0.0,0.823,0.0,0.0
27853,2025-05-02T15:00:00.000000000,1.214,0.0,0.0,0.914,0.3232573903999611,0.0
27853,2025-05-02T16:00:00.000000000,1.246,0.0,0.0,0.945,0.0,0.0
27853,2025-05-02T17:00:00.000000000,1.24,0.0,0.0,0.939,0.3229643193297889,0.0
27853,2025-05-02T18:00:00.000000000,1.244,0.0,0.0,0.94,0.0,0.0
27853,2025-05-02T19:00:00.000000000,1.2389999999999999,0.0,0.0,0.9289999999999999,0.3226712482596167,0.0
27853,2025-05-02T20:00:00.000000000,1.7600000000000002,0.0,0.0,0.879,0.0,0.0
27853,2025-05-02T21:00:00.000000000,1.341,0.0,0.0,0.8,0.3229643193297889,0.0
27853,2025-05-02T22:00:00.000000000,1.2730000000000001,0.0,0.0,0.73,0.7168518376412556,0.0
27853,2025-05-02T23:00:00.000000000,1.1880000000000002,0.0,0.0,0.616,0.905882677902339,0.0
27853,2025-05-03T00:00:00.000000000,0.7480000000000001,0.0,0.0,0.37000000000000005,2.213565793010795,0.0
27853,2025-05-03T01:00:00.000000000,0.521,0.0,0.0,0.21500000000000002,1.2323638500741945,0.0
27853,2025-05-03T02:00:00.000000000,0.41300000000000003,0.0,0.0,0.11,0.0,0.0
27853,2025-05-03T03:00:00.000000000,0.331,0.008,0.0,0.023,0.3235504614701334,0.0
27853,2025-05-03T04:00:00.000000000,0.618,0.309,0.0,0.0,0.0,0.0
27853,2025-05-03T05:00:00.000000000,0.706,0.405,0.0,0.0,0.3232573903999611,0.0
27853,2025-05-03T06:00:00.000000000,0.831,0.534,0.0,0.0,0.0,0.0
27853,2025-05-03T07:00:00.000000000,0.995,0.6990000000000001,0.0,0.0,0.3235504614701334,0.0
27853,2025-05-03T08:00:00.000000000,1.269,0.9029999999999999,0.0,0.0,1.1807833417238833,0.0
27853,2025-05-03T09:00:00.000000000,1.384,0.953,0.0,0.0,2.0852006642753613,0.0
27853,2025-05-03T10:00:00.000000000,1.005,0.5539999999999999,0.0,0.0,1.0837768174968778,0.0
27853,2025-05-03T11:00:00.000000000,0.581,0.112,0.0,0.019,2.7185272469175334,0.0
27853,2025-05-03T12:00:00.000000000,0.6200000000000001,0.0,0.0,0.174,1.599288829929817,0.0
27853,2025-05-03T13:00:00.000000000,0.891,0.0,0.0,0.442,2.98844570254615,0.0
27853,2025-05-03T14:00:00.000000000,1.234,0.0,0.0,0.7799999999999999,0.3713210459082055,0.0
27853,2025-05-03T15:00:00.000000000,1.215,0.0,0.0,0.876,0.0,0.0
27853,2025-05-03T16:00:00.000000000,1.2169999999999999,0.0,0.0,0.916,1.6145285255787722,0.0
27853,2025-05-03T17:00:00.000000000,1.2109999999999999,0.0,0.0,0.91,1.6262513683856612,0.0
27853,2025-05-03T18:00:00.000000000,1.2049999999999998,0.0,0.0,0.902,0.6555999839752612,0.0
27853,2025-05-03T19:00:00.000000000,2.2039999999999997,0.0,0.0,0.882,0.0,0.0
27853,2025-05-03T20:00:00.000000000,1.845,0.0,0.0,0.819,0.0,0.0
27853,2025-05-03T21:00:00.000000000,1.296,0.0,0.0,0.7570000000000001,0.3226712482596167,0.0
27853,2025-05-03T22:00:00.000000000,1.239,0.0,0.0,0.697,0.0,0.0
27853,2025-05-03T23:00:00.000000000,0.847,0.0,0.0,0.511,0.3232573903999611,0.0
27853,2025-05-04T00:00:00.000000000,0.615,0.0,0.0,0.296,0.0,0.0
27853,2025-05-04T01:00:00.000000000,0.46799999999999997,0.0,0.0,0.161,0.6468078518700945,0.0
27853,2025-05-04T02:00:00.000000000,0.338,0.0,0.0,0.036000000000000004,0.7203686904833222,0.0
27853,2025-05-04T03:00:00.000000000,0.451,0.15,0.0,0.0,0.3235504614701334,0.0
27853,2025-05-04T04:00:00.000000000,0.866,0.5549999999999999,0.0,0.0,0.0,0.0
27853,2025-05-04T05:00:00.000000000,0.996,0.6950000000000001,0.0,0.0,0.3235504614701334,0.0
27853,2025-05-04T06:00:00.000000000,1.1360000000000001,0.84,0.0,0.0,0.0,0.0
27853,2025-05-04T07:00:00.000000000,1.298,1.002,0.0,0.0,0.3232573903999611,0.0
27853,2025-05-04T08:00:00.000000000,1.488,1.144,0.0,0.0,0.7593471428162278,0.0
27853,2025-05-04T09:00:00.000000000,1.4,1.101,0.0,0.0,0.0,0.0
27853,2025-05-04T10:00:00.000000000,0.9970000000000001,0.6970000000000001,0.0,0.0,0.3232573903999611,0.0
27853,2025-05-04T11:00:00.000000000,0.41600000000000004,0.103,0.0,0.012,0.0,0.0
27853,2025-05-04T12:00:00.000000000,0.449,0.0,0.0,0.15,1.156751513969761,0.0
27853,2025-05-04T13:00:00.000000000,0.7209999999999999,0.0,0.0,0.422,0.3235504614701334,0.0
27853,2025-05-04T14:00:00.000000000,0.978,0.0,0.0,0.677,0.0,0.0
27853,2025-05-04T15:00:00.000000000,1.119,0.0,0.0,0.819,0.3232573903999611,0.0
27853,2025-05-04T16:00:00.000000000,1.138,0.0,0.0,0.836,0.0,0.0
27853,2025-05-04T17:00:00.000000000,1.135,0.0,0.0,0.838,0.32325739039996115,0.0
27853,2025-05-04T18:00:00.000000000,1.121,0.0,0.0,0.819,0.0,0.0
27853,2025-05-04T19:00:00.000000000,1.159,0.0,0.0,0.796,2.362738967728456,0.0
27853,2025-05-04T20:00:00.000000000,1.293,0.0,0.0,0.7530000000000001,0.21863101834847778,0.0
27853,2025-05-04T21:00:00.000000000,1.23,0.0,0.0,0.6890000000000001,0.0,0.0
27853,2025-05-04T22:00:00.000000000,1.013,0.0,0.0,0.471,2.7950187962324833,0.0
27853,2025-05-04T23:00:00.000000000,0.806,0.0,0.0,0.233,1.2045220984078333,0.0
27853,2025-05-05T00:00:00.000000000,0.505,0.0,0.0,0.127,0.8103415090261945,0.0
27853,2025-05-05T01:00:00.000000000,0.364,0.025,0.0,0.033999999999999996,0.7203686904833222,0.0
27853,2025-05-05T02:00:00.000000000,0.504,0.202,0.0,0.0,0.43931353418816116,0.0
27853,2025-05-05T03:00:00.000000000,0.762,0.46199999999999997,0.0,0.0,0.2151141655064111,0.0
27853,2025-05-05T04:00:00.000000000,1.212,0.901,0.0,0.0,0.3232573903999611,0.0
27853,2025-05-05T05:00:00.000000000,1.3059999999999998,1.004,0.0,0.0,0.0,0.0
27853,2025-05-05T06:00:00.000000000,1.3900000000000001,1.094,0.0,0.0,0.3235504614701334,0.0
27853,2025-05-05T07:00:00.000000000,1.5030000000000001,1.2069999999999999,0.0,0.0,0.0,0.0
27853,2025-05-05T08:00:00.000000000,1.5990000000000002,1.303,0.0,0.0,0.3235504614701334,0.0
27853,2025-05-05T09:00:00.000000000,1.528,1.228,0.0,0.0,0.0,0.0
27853,2025-05-05T10:00:00.000000000,1.171,0.756,0.0,0.0,0.3232573903999611,0.0
27853,2025-05-05T11:00:00.000000000,0.572,0.112,0.0,0.011,0.0,0.0
27853,2025-05-05T12:00:00.000000000,0.5900000000000001,0.0,0.0,0.143,0.3235504614701334,0.0
27853,2025-05-05T13:00:00.000000000,0.637,0.0,0.0,0.338,0.0,0.0
27853,2025-05-05T14:00:00.000000000,0.842,0.0,0.0,0.541,0.3235504614701334,0.0
27853,2025-05-05T15:00:00.000000000,0.959,0.0,0.0,0.6579999999999999,1.1456148133032167,0.0
27853,2025-05-05T16:00:00.000000000,1.0110000000000001,0.0,0.0,0.7089999999999999,2.3404655663953666,0.0
27853,2025-05-05T17:00:00.000000000,1.008,0.0,0.0,0.708,0.0,0.0
27853,2025-05-05T18:00:00.000000000,1.087,0.0,0.0,0.6930000000000001,0.3232573903999611,0.0
27853,2025-05-05T19:00:00.000000000,1.2049999999999998,0.0,0.0,0.69,0.0,0.0
27853,2025-05-05T20:00:00.000000000,1.202,0.0,0.0,0.662,0.3232573903999611,0.0
27853,2025-05-05T21:00:00.000000000,1.0470000000000002,0.0,0.0,0.508,0.0,0.0
27853,2025-05-05T22:00:00.000000000,0.866,0.0,0.0,0.323,1.1204107012684055,0.0
27853,2025-05-05T23:00:00.000000000,0.712,0.0,0.0,0.141,0.3235504614701334,0.0
27853,2025-05-06T00:00:00.000000000,0.58,0.0,0.0,0.08,0.3467030760137389,0.0
27853,2025-05-06T01:00:00.000000000,0.42700000000000005,0.004,0.0,0.023,0.0,0.0
27853,2025-05-06T02:00:00.000000000,0.495,0.143,0.0,0.0,0.3232573903999611,0.0
27853,2025-05-06T03:00:00.000000000,0.6639999999999999,0.342,0.0,0.0,0.0,0.0
27853,2025-05-06T04:00:00.000000000,1.044,0.733,0.0,0.0,0.6969230048695445,0.0
27853,2025-05-06T05:00:00.000000000,1.084,0.784,0.0,0.0,0.3235504614701334,0.0
27853,2025-05-06T06:00:00.000000000,1.177,0.881,0.0,0.0,0.0,0.0
27853,2025-05-06T07:00:00.000000000,1.2530000000000001,0.958,0.0,0.0,0.3235504614701334,0.0
27853,2025-05-06T08:00:00.000000000,1.244,0.946,0.0,0.0,0.0,0.0
27853,2025-05-06T09:00:00.000000000,1.182,0.881,0.0,0.0,0.3232573903999611,0.0
27853,2025-05-06T10:00:00.000000000,0.9139999999999999,0.613,0.0,0.0,0.0,0.0
27853,2025-05-06T11:00:00.000000000,0.598,0.185,0.0,0.002,2.069374826486061,0.0
27853,2025-05-06T12:00:00.000000000,0.5830000000000001,0.0,0.0,0.13799999999999998,0.3235504614701334,0.0
27853,2025-05-06T13:00:00.000000000,0.7919999999999999,0.0,0.0,0.34400000000000003,0.0,0.0
27853,2025-05-06T14:00:00.000000000,0.979,0.0,0.0,0.524,0.3235504614701334,0.0
27853,2025-05-06T15:00:00.000000000,1.086,0.0,0.0,0.63,0.6893031570450666,0.0
27853,2025-05-06T16:00:00.000000000,1.142,0.0,0.0,0.6910000000000001,0.007619847824477778,0.0
27853,2025-05-06T17:00:00.000000000,1.154,0.0,0.0,0.694,0.3232573903999611,0.0
27853,2025-05-06T18:00:00.000000000,1.1749999999999998,0.0,0.0,0.696,0.3258950300315111,0.0
27853,2025-05-06T19:00:00.000000000,1.1869999999999998,0.0,0.0,0.672,0.34641000494356666,0.0
27853,2025-05-06T20:00:00.000000000,1.133,0.0,0.0,0.5920000000000001,1.8064900765415777,0.0
27853,2025-05-06T21:00:00.000000000,0.99,0.0,0.0,0.44899999999999995,0.3232573903999611,0.0
27853,2025-05-06T22:00:00.000000000,0.8260000000000001,0.0,0.0,0.28500000000000003,0.8097553668858499,0.0
27853,2025-05-06T23:00:00.000000000,0.6880000000000001,0.0,0.0,0.116,0.3235504614701334,0.0
27853,2025-05-07T00:00:00.000000000,0.5660000000000001,0.03,0.0,0.035,1.7798206091559057,0.0
27853,2025-05-07T01:00:00.000000000,0.48,0.075,0.0,0.003,1.1711119964082002,0.0
27853,2025-05-07T02:00:00.000000000,0.485,0.155,0.0,0.0,0.0,0.0
27853,2025-05-07T03:00:00.000000000,0.528,0.22799999999999998,0.0,0.0,0.3232573903999611,0.0
27853,2025-05-07T04:00:00.000000000,0.6930000000000001,0.38299999999999995,0.0,0.0,0.0,0.0
27853,2025-05-07T05:00:00.000000000,0.65,0.35000000000000003,0.0,0.0,0.3235504614701334,0.0
27853,2025-05-07T06:00:00.000000000,0.64,0.344,0.0,0.0,0.0,0.0
27853,2025-05-07T07:00:00.000000000,1.009,0.271,0.0,0.014,0.3235504614701334,0.0
27853,2025-05-07T08:00:00.000000000,0.684,0.279,0.0,0.0,0.3232573903999611,0.0
27853,2025-05-07T09:00:00.000000000,1.899,0.072,0.0,0.074,0.0,0.0
27853,2025-05-07T10:00:00.000000000,2.407,0.0,0.0,0.16100000000000003,0.3235504614701334,0.0
27853,2025-05-07T11:00:00.000000000,0.7539999999999999,0.0,0.0,0.06399999999999999,1.1825417681449166,0.0
27853,2025-05-07T12:00:00.000000000,0.352,0.0,0.0,0.051000000000000004,0.34641000494356666,0.0
27853,2025-05-07T13:00:00.000000000,0.38,0.0,0.0,0.08100000000000002,0.3235504614701334,0.0
27853,2025-05-07T14:00:00.000000000,0.426,0.0,0.0,0.124,0.0,0.0
27853,2025-05-07T15:00:00.000000000,0.507,0.0,0.0,0.206,0.3235504614701334,0.0
27853,2025-05-07T16:00:00.000000000,0.6859999999999999,0.0,0.0,0.38499999999999995,0.0,0.0
27853,2025-05-07T17:00:00.000000000,0.867,0.0,0.0,0.5670000000000001,0.3232573903999611,0.0
27853,2025-05-07T18:00:00.000000000,0.956,0.0,0.0,0.652,0.0,0.0
27853,2025-05-07T19:00:00.000000000,0.985,0.0,0.0,0.622,0.3235504614701334,0.0
27853,2025-05-07T20:00:00.000000000,1.049,0.0,0.0,0.507,0.0,0.0
27853,2025-05-07T21:00:00.000000000,1.241,0.0,0.0,0.385,0.3235504614701334,0.0
27853,2025-05-07T22:00:00.000000000,1.452,0.0,0.0,0.28,1.9480434034347611,0.0
27853,2025-05-07T23:00:00.000000000,0.6950000000000001,0.0,0.0,0.12199999999999998,0.0,0.0
27853,2025-05-08T00:00:00.000000000,0.55,0.0,0.0,0.047,1.7818721066471113,0.0
27853,2025-05-08T01:00:00.000000000,0.435,0.08000000000000002,0.0,0.007,0.34641000494356666,0.0
27853,2025-05-08T02:00:00.000000000,0.6030000000000001,0.30100000000000005,0.0,0.0,0.0,0.0
27853,2025-05-08T03:00:00.000000000,0.819,0.518,0.0,0.0,0.3235504614701334,0.0
27853,2025-05-08T04:00:00.000000000,1.182,0.873,0.0,0.0,0.0,0.0
27853,2025-05-08T05:00:00.000000000,1.1099999999999999,0.8089999999999999,0.0,0.0,0.3232573903999611,0.0
27853,2025-05-08T06:00:00.000000000,1.025,0.7290000000000001,0.0,0.0,0.0,0.0
27853,2025-05-08T07:00:00.000000000,1.0270000000000001,0.7310000000000001,0.0,0.0,0.3235504614701334,0.0
27853,2025-05-08T08:00:00.000000000,1.025,0.728,0.0,0.0,0.0,0.0
27853,2025-05-08T09:00:00.000000000,0.954,0.655,0.0,0.0,0.3235504614701334,0.0
27853,2025-05-08T10:00:00.000000000,0.749,0.448,0.0,0.0,0.0,0.0
27853,2025-05-08T11:00:00.000000000,0.388,0.078,0.0,0.008,0.3232573903999611,0.0
27853,2025-05-08T12:00:00.000000000,0.484,0.0,0.0,0.148,0.0,0.0
27853,2025-05-08T13:00:00.000000000,0.636,0.0,0.0,0.336,0.3235504614701334,0.0
27853,2025-05-08T14:00:00.000000000,0.696,0.0,0.0,0.396,0.0,0.0
27853,2025-05-08T15:00:00.000000000,0.7290000000000001,0.0,0.0,0.428,0.3235504614701334,0.0
27853,2025-05-08T16:00:00.000000000,2.465,0.0,0.0,0.66,0.1781872106647111,0.0
27853,2025-05-08T17:00:00.000000000,1.181,0.0,0.0,0.72,0.14507017973525,0.0
27853,2025-05-08T18:00:00.000000000,1.195,0.0,0.0,0.716,0.3232573903999611,0.0
27853,2025-05-08T19:00:00.000000000,1.224,0.0,0.0,0.71,0.0,0.0
27853,2025-05-08T20:00:00.000000000,1.1929999999999998,0.0,0.0,0.654,0.7467450867988222,0.0
27853,2025-05-08T21:00:00.000000000,1.0350000000000001,0.0,0.0,0.496,1.077329253953089,0.0
27853,2025-05-08T22:00:00.000000000,0.873,0.0,0.0,0.332,1.065899482216372,0.0
27853,2025-05-08T23:00:00.000000000,0.7470000000000001,0.0,0.0,0.174,0.0,0.0
27853,2025-05-09T00:00:00.000000000,0.578,0.0,0.0,0.077,2.1822071885023666,0.0
27853,2025-05-09T01:00:00.000000000,0.335,0.0,0.0,0.03,0.3235504614701334,0.0
27853,2025-05-09T02:00:00.000000000,0.426,0.124,0.0,0.0,0.4929455400296778,0.0
27853,2025-05-09T03:00:00.000000000,0.5710000000000001,0.271,0.0,0.0,0.20397746483986665,0.0
27853,2025-05-09T04:00:00.000000000,0.87,0.558,0.0,0.0,0.34641000494356666,0.0
27853,2025-05-09T05:00:00.000000000,0.952,0.6499999999999999,0.0,0.0,0.3235504614701334,0.0
27853,2025-05-09T06:00:00.000000000,1.116,0.82,0.0,0.0,0.0,0.0
27853,2025-05-09T07:00:00.000000000,1.282,0.986,0.0,0.0,0.3235504614701334,0.0
27853,2025-05-09T08:00:00.000000000,1.572,1.206,0.0,0.0,1.6241998708944556,0.0
27853,2025-05-09T09:00:00.000000000,1.572,1.142,0.0,0.0,1.57994613929845,0.0
27853,2025-05-09T10:00:00.000000000,1.052,0.716,0.0,0.0,0.3235504614701334,0.0
27853,2025-05-09T11:00:00.000000000,0.42600000000000005,0.11699999999999999,0.0,0.009,0.0,0.0
27853,2025-05-09T12:00:00.000000000,0.433,0.0,0.0,0.13499999999999998,1.1195314880578888,0.0
27853,2025-05-09T13:00:00.000000000,0.635,0.0,0.0,0.33599999999999997,2.4946209493059555,0.0
27853,2025-05-09T14:00:00.000000000,0.882,0.0,0.0,0.5820000000000001,0.32325739039996115,0.0
27853,2025-05-09T15:00:00.000000000,1.045,0.0,0.0,0.744,0.0,0.0
27853,2025-05-09T16:00:00.000000000,1.0910000000000002,0.0,0.0,0.79,0.3232573903999611,0.0
27853,2025-05-09T17:00:00.000000000,1.08,0.0,0.0,0.78,0.0,0.0
27853,2025-05-09T18:00:00.000000000,1.082,0.0,0.0,0.778,0.3232573903999611,0.0
27853,2025-05-09T19:00:00.000000000,1.089,0.0,0.0,0.78,0.0,0.0
27853,2025-05-09T20:00:00.000000000,1.069,0.0,0.0,0.754,0.3232573903999611,0.0
27853,2025-05-09T21:00:00.000000000,1.195,0.0,0.0,0.654,0.0,0.0
27853,2025-05-09T22:00:00.000000000,0.97,0.0,0.0,0.42899999999999994,0.3235504614701334,0.0
27853,2025-05-09T23:00:00.000000000,0.742,0.0,0.0,0.228,0.0,0.0
27853,2025-05-10T00:00:00.000000000,0.441,0.0,0.0,0.121,0.3235504614701334,0.0
27853,2025-05-10T01:00:00.000000000,0.369,0.023,0.0,0.04,0.9454472723755889,0.0
27853,2025-05-10T02:00:00.000000000,0.377,0.074,0.0,0.0,1.2115558040919667,0.0
27853,2025-05-10T03:00:00.000000000,0.513,0.21300000000000002,0.0,0.0,0.0,0.0
27853,2025-05-10T04:00:00.000000000,0.8049999999999999,0.495,0.0,0.0,0.3232573903999611,0.0
27853,2025-05-10T05:00:00.000000000,0.8410000000000001,0.54,0.0,0.0,0.0,0.0
27853,2025-05-10T06:00:00.000000000,0.883,0.5860000000000001,0.0,0.0,0.3235504614701334,0.0
27853,2025-05-10T07:00:00.000000000,0.96,0.664,0.0,0.0,0.01963576170153889,0.0
27853,2025-05-10T08:00:00.000000000,1.094,0.729,0.0,0.0,1.6001680431403333,0.0
27853,2025-05-10T09:00:00.000000000,1.08,0.65,0.0,0.0,1.5175220013517667,0.0
27853,2025-05-10T10:00:00.000000000,0.751,0.339,0.0,0.0,0.0,0.0
27853,2025-05-10T11:00:00.000000000,0.375,0.07,0.0,0.003,0.3235504614701334,0.0
27853,2025-05-10T12:00:00.000000000,0.399,0.058,0.0,0.04,2.5503044526386778,0.0
27853,2025-05-10T13:00:00.000000000,0.493,0.0,0.0,0.193,0.7150934112202223,0.0
27853,2025-05-10T14:00:00.000000000,0.681,0.0,0.0,0.38,0.0,0.0
27853,2025-05-10T15:00:00.000000000,0.858,0.0,0.0,0.556,0.3232573903999611,0.0
27853,2025-05-10T16:00:00.000000000,1.002,0.0,0.0,0.702,0.0,0.0
27853,2025-05-10T17:00:00.000000000,1.0590000000000002,0.0,0.0,0.7590000000000001,0.3232573903999611,0.0
27853,2025-05-10T18:00:00.000000000,1.139,0.0,0.0,0.746,0.7016121419923,0.0
27853,2025-05-10T19:00:00.000000000,1.244,0.0,0.0,0.728,1.2083320223200722,0.0
27853,2025-05-10T20:00:00.000000000,1.242,0.0,0.0,0.7029999999999998,1.6977607095076834,0.0
27853,2025-05-10T21:00:00.000000000,1.101,0.0,0.0,0.56,1.4800089043697224,0.0
27853,2025-05-10T22:00:00.000000000,0.9059999999999999,0.0,0.0,0.36500000000000005,0.3235504614701334,0.0
27853,2025-05-10T23:00:00.000000000,0.736,0.0,0.0,0.164,1.5808253525089666,0.0
27853,2025-05-11T00:00:00.000000000,0.58,0.0,0.0,0.077,2.0816838114332943,0.0
27853,2025-05-11T01:00:00.000000000,0.44899999999999995,0.082,0.0,0.003,2.6367604183394833,0.0
27853,2025-05-11T02:00:00.000000000,0.508,0.20600000000000002,0.0,0.0,0.8079969404648167,0.0
27853,2025-05-11T03:00:00.000000000,0.675,0.375,0.0,0.0,1.4383928124052667,0.0
27853,2025-05-11T04:00:00.000000000,0.9259999999999999,0.6160000000000001,0.0,0.0,0.0,0.0
27853,2025-05-11T05:00:00.000000000,0.968,0.665,0.0,0.0,0.3235504614701334,0.0
27853,2025-05-11T06:00:00.000000000,1.064,0.768,0.0,0.0,0.0,0.0
27853,2025-05-11T07:00:00.000000000,1.148,0.852,0.0,0.0,0.3235504614701334,0.0
27853,2025-05-11T08:00:00.000000000,1.208,0.911,0.0,0.0,0.0,0.0
27853,2025-05-11T09:00:00.000000000,1.16,0.861,0.0,0.0,0.32325739039996115,0.0
27853,2025-05-11T10:00:00.000000000,0.911,0.496,0.0,0.0,0.0,0.0
27853,2025-05-11T11:00:00.000000000,0.43800000000000006,0.09699999999999999,0.0,0.003,0.3232573903999611,0.0
27853,2025-05-11T12:00:00.000000000,0.386,0.0,0.0,0.085,0.0,0.0
27853,2025-05-11T13:00:00.000000000,0.558,0.0,0.0,0.259,0.3235504614701334,0.0
27853,2025-05-11T14:00:00.000000000,0.7389999999999999,0.0,0.0,0.438,1.2267954997409223,0.0
27853,2025-05-11T15:00:00.000000000,0.902,0.0,0.0,0.6010000000000001,0.3232573903999611,0.0
27853,2025-05-11T16:00:00.000000000,0.99,0.0,0.0,0.6890000000000001,0.0,0.0
27853,2025-05-11T17:00:00.000000000,1.066,0.0,0.0,0.7249999999999999,0.3235504614701334,0.0
27853,2025-05-11T18:00:00.000000000,1.021,0.0,0.0,0.718,0.0,0.0
27853,2025-05-11T19:00:00.000000000,1.1139999999999999,0.0,0.0,0.6970000000000001,0.3235504614701334,0.0
27853,2025-05-11T20:00:00.000000000,1.157,0.0,0.0,0.616,0.0,0.0
27853,2025-05-11T21:00:00.000000000,1.01,0.0,0.0,0.469,0.3232573903999611,0.0
27853,2025-05-11T22:00:00.000000000,0.8560000000000001,0.0,0.0,0.313,0.0,0.0
27853,2025-05-11T23:00:00.000000000,0.7200000000000001,0.0,0.0,0.149,1.0392300148307,0.0
27853,2025-05-12T00:00:00.000000000,0.583,0.0,0.0,0.081,0.7822066862896612,0.0
27853,2025-05-12T01:00:00.000000000,0.389,0.02,0.0,0.023,0.6699604664137,0.0
27853,2025-05-12T02:00:00.000000000,0.466,0.162,0.0,0.0,0.34641000494356666,0.0
27853,2025-05-12T03:00:00.000000000,0.641,0.33999999999999997,0.0,0.0,0.3317564514349556,0.0
27853,2025-05-12T04:00:00.000000000,0.9440000000000001,0.633,0.0,0.0,0.0,0.0
27853,2025-05-12T05:00:00.000000000,1.02,0.718,0.0,0.0,0.3232573903999611,0.0
27853,2025-05-12T06:00:00.000000000,1.162,0.865,0.0,0.0,0.0,0.0
27853,2025-05-12T07:00:00.000000000,1.326,1.03,0.0,0.0,0.3235504614701334,0.0
27853,2025-05-12T08:00:00.000000000,1.456,1.158,0.0,0.0,0.0,0.0
27853,2025-05-12T09:00:00.000000000,1.4,1.101,0.0,0.0,0.3235504614701334,0.0
27853,2025-05-12T10:00:00.000000000,0.9749999999999999,0.673,0.0,0.0,0.3232573903999611,0.0
27853,2025-05-12T11:00:00.000000000,0.402,0.084,0.0,0.017,0.0,0.0
27853,2025-05-12T12:00:00.000000000,0.585,0.0,0.0,0.177,0.3235504614701334,0.0
27853,2025-05-12T13:00:00.000000000,0.878,0.0,0.0,0.431,0.0,0.0
27853,2025-05-12T14:00:00.000000000,1.122,0.0,0.0,0.6679999999999999,0.3235504614701334,0.0
27853,2025-05-12T15:00:00.000000000,2.628,0.0,0.0,0.778,0.0,0.0
27853,2025-05-12T16:00:00.000000000,1.2409999999999999,0.0,0.0,0.79,0.3461169338733945,0.0
27853,2025-05-12T17:00:00.000000000,1.252,0.0,0.0,0.792,0.3232573903999611,0.0
27853,2025-05-12T18:00:00.000000000,1.2690000000000001,0.0,0.0,0.7910000000000001,1.6570238307537444,0.0
27853,2025-05-12T19:00:00.000000000,1.314,0.0,0.0,0.8,0.7180241219219444,0.0
27853,2025-05-12T20:00:00.000000000,1.3110000000000002,0.0,0.0,0.772,0.3229643193297889,0.0
27853,2025-05-12T21:00:00.000000000,2.15,0.0,0.0,0.704,1.1391672497594278,0.0
27853,2025-05-12T22:00:00.000000000,1.095,0.0,0.0,0.553,1.198660677004389,0.0
27853,2025-05-12T23:00:00.000000000,0.859,0.0,0.0,0.289,0.7089389187466056,0.0
27853,2025-05-13T00:00:00.000000000,0.683,0.0,0.0,0.18400000000000002,0.0,0.0
27853,2025-05-13T01:00:00.000000000,0.458,0.0,0.0,0.07400000000000001,0.7402975232550333,0.0
27853,2025-05-13T02:00:00.000000000,0.46099999999999997,0.158,0.0,0.002,1.204229027337661,0.0
27853,2025-05-13T03:00:00.000000000,0.6799999999999999,0.38,0.0,0.0,0.16411979929644446,0.0
27853,2025-05-13T04:00:00.000000000,1.103,0.7929999999999999,0.0,0.0,0.3232573903999611,0.0
27853,2025-05-13T05:00:00.000000000,1.168,0.867,0.0,0.0,0.0,0.0
27853,2025-05-13T06:00:00.000000000,1.307,1.0110000000000001,0.0,0.0,0.3235504614701334,0.0
27853,2025-05-13T07:00:00.000000000,1.47,1.174,0.0,0.0,0.0,0.0
27853,2025-05-13T08:00:00.000000000,1.5890000000000002,1.29,0.0,0.0,0.3235504614701334,0.0
27853,2025-05-13T09:00:00.000000000,1.52,1.22,0.0,0.0,0.0,0.0
27853,2025-05-13T10:00:00.000000000,1.115,0.7,0.0,0.0,0.3232573903999611,0.0
27853,2025-05-13T11:00:00.000000000,0.54,0.067,0.0,0.022,0.0,0.0
27853,2025-05-13T12:00:00.000000000,0.625,0.0,0.0,0.178,0.3235504614701334,0.0
27853,2025-05-13T13:00:00.000000000,0.857,0.0,0.0,0.41,0.0,0.0
27853,2025-05-13T14:00:00.000000000,1.098,0.0,0.0,0.6439999999999999,0.3235504614701334,0.0
27853,2025-05-13T15:00:00.000000000,1.228,0.0,0.0,0.772,1.1848863367062945,0.0
27853,2025-05-13T16:00:00.000000000,1.248,0.0,0.0,0.798,0.17701492638402222,0.0
27853,2025-05-13T17:00:00.000000000,1.2630000000000001,0.0,0.0,0.804,0.3461169338733945,0.0
27853,2025-05-13T18:00:00.000000000,1.273,0.0,0.0,0.794,0.3232573903999611,0.0
27853,2025-05-13T19:00:00.000000000,1.288,0.0,0.0,0.774,0.0,0.0
27853,2025-05-13T20:00:00.000000000,1.6909999999999998,0.0,0.0,0.73,0.3458238628032222,0.0
27853,2025-05-13T21:00:00.000000000,1.252,0.0,0.0,0.679,0.3232573903999611,0.0
27853,2025-05-13T22:00:00.000000000,1.006,0.0,0.0,0.46699999999999997,0.6723050349750778,0.0
27853,2025-05-13T23:00:00.000000000,0.7930000000000001,0.0,0.0,0.222,0.3235504614701334,0.0
27853,2025-05-14T00:00:00.000000000,0.625,0.0,0.0,0.124,1.1192384169877168,0.0
27853,2025-05-14T01:00:00.000000000,0.44599999999999995,0.0,0.0,0.045,0.32355046147013333,0.0
27853,2025-05-14T02:00:00.000000000,0.52,0.198,0.0,0.0,0.3461169338733945,0.0
27853,2025-05-14T03:00:00.000000000,0.735,0.434,0.0,0.0,0.0,0.0
27853,2025-05-14T04:00:00.000000000,1.129,0.818,0.0,0.0,0.3235504614701334,0.0
27853,2025-05-14T05:00:00.000000000,1.211,0.9099999999999999,0.0,0.0,0.0,0.0
27853,2025-05-14T06:00:00.000000000,1.296,1.0,0.0,0.0,0.3235504614701334,0.0
27853,2025-05-14T07:00:00.000000000,1.4329999999999998,1.138,0.0,0.0,0.3232573903999611,0.0
27853,2025-05-14T08:00:00.000000000,1.5020000000000002,1.204,0.0,0.0,0.0,0.0
27853,2025-05-14T09:00:00.000000000,1.433,1.133,0.0,0.0,0.3235504614701334,0.0
27853,2025-05-14T10:00:00.000000000,1.072,0.734,0.0,0.0,1.2352945607759167,0.0
27853,2025-05-14T11:00:00.000000000,0.5680000000000001,0.092,0.0,0.026999999999999996,0.7948087423070667,0.0
27853,2025-05-14T12:00:00.000000000,0.561,0.0,0.0,0.152,2.43454137992065,0.0
27853,2025-05-14T13:00:00.000000000,0.7110000000000001,0.0,0.0,0.411,0.0,0.0
27853,2025-05-14T14:00:00.000000000,0.903,0.0,0.0,0.6010000000000001,1.2010052455657667,0.0
27853,2025-05-14T15:00:00.000000000,1.0230000000000001,0.0,0.0,0.7230000000000001,1.1300820465840888,0.0
27853,2025-05-14T16:00:00.000000000,1.102,0.0,0.0,0.8010000000000002,0.8780409262359777,0.0
27853,2025-05-14T17:00:00.000000000,1.1150000000000002,0.0,0.0,0.8140000000000001,0.3232573903999611,0.0
27853,2025-05-14T18:00:00.000000000,1.1030000000000002,0.0,0.0,0.8,0.0,0.0
27853,2025-05-14T19:00:00.000000000,1.183,0.0,0.0,0.7750000000000001,0.3232573903999611,0.0
27853,2025-05-14T20:00:00.000000000,1.159,0.0,0.0,0.728,0.0,0.0
27853,2025-05-14T21:00:00.000000000,1.15,0.0,0.0,0.608,0.3232573903999611,0.0
27853,2025-05-14T22:00:00.000000000,0.757,0.0,0.0,0.387,0.0,0.0
27853,2025-05-14T23:00:00.000000000,0.512,0.0,0.0,0.175,0.3461169338733945,0.0
27853,2025-05-15T00:00:00.000000000,0.404,0.0,0.0,0.08399999999999999,1.2405698400390168,0.0
27853,2025-05-15T01:00:00.000000000,0.33399999999999996,0.012,0.0,0.016,0.6696673953435279,0.0
27853,2025-05-15T02:00:00.000000000,0.48100000000000004,0.179,0.0,0.0,0.0,0.0
27853,2025-05-15T03:00:00.000000000,0.6559999999999999,0.356,0.0,0.0,0.3235504614701334,0.0
27853,2025-05-15T04:00:00.000000000,0.9620000000000001,0.652,0.0,0.0,0.0,0.0
27853,2025-05-15T05:00:00.000000000,1.023,0.72,0.0,0.0,0.3232573903999611,0.0
27853,2025-05-15T06:00:00.000000000,1.108,0.8119999999999999,0.0,0.0,0.0,0.0
27853,2025-05-15T07:00:00.000000000,1.204,0.909,0.0,0.0,0.3235504614701334,0.0
27853,2025-05-15T08:00:00.000000000,1.584,0.842,0.0,0.0,0.0,0.0
27853,2025-05-15T09:00:00.000000000,1.4289999999999998,0.966,0.0,0.0,2.0978027202927665,0.0
27853,2025-05-15T10:00:00.000000000,1.082,0.6699999999999999,0.0,0.0,2.0002100539254166,0.0
27853,2025-05-15T11:00:00.000000000,0.403,0.09,0.0,0.012,0.0,0.0
27853,2025-05-15T12:00:00.000000000,0.464,0.0,0.0,0.164,0.6696673953435279,0.0
27853,2025-05-15T13:00:00.000000000,0.693,0.0,0.0,0.394,2.08637294855605,0.0
27853,2025-05-15T14:00:00.000000000,0.991,0.0,0.0,0.69,1.4471849445104332,0.0
27853,2025-05-15T15:00:00.000000000,1.137,0.0,0.0,0.836,0.0,0.0
27853,2025-05-15T16:00:00.000000000,1.183,0.0,0.0,0.881,0.3232573903999611,0.0
27853,2025-05-15T17:00:00.000000000,1.178,0.0,0.0,0.878,0.0,0.0
27853,2025-05-15T18:00:00.000000000,1.17,0.0,0.0,0.867,0.3232573903999611,0.0
27853,2025-05-15T19:00:00.000000000,1.362,0.0,0.0,0.847,0.7716561277634612,0.0
27853,2025-05-15T20:00:00.000000000,1.35,0.0,0.0,0.81,0.0,0.0
27853,2025-05-15T21:00:00.000000000,1.302,0.0,0.0,0.764,0.3232573903999611,0.0
27853,2025-05-15T22:00:00.000000000,0.99,0.0,0.0,0.5640000000000001,1.7188618265600835,0.0
27853,2025-05-15T23:00:00.000000000,0.6920000000000001,0.0,0.0,0.35500000000000004,0.6693743242733556,0.0
27853,2025-05-16T00:00:00.000000000,0.541,0.0,0.0,0.22099999999999997,0.7616917113776056,0.0
27853,2025-05-16T01:00:00.000000000,0.43899999999999995,0.0,0.0,0.133,0.8062385140437833,0.0
27853,2025-05-16T02:00:00.000000000,0.385,0.0,0.0,0.084,0.0,0.0
27853,2025-05-16T03:00:00.000000000,0.329,0.0,0.0,0.028,0.3232573903999611,0.0
27853,2025-05-16T04:00:00.000000000,0.512,0.203,0.0,0.0,0.0,0.0
27853,2025-05-16T05:00:00.000000000,0.642,0.34199999999999997,0.0,0.0,0.3232573903999611,0.0
27853,2025-05-16T06:00:00.000000000,0.7909999999999999,0.494,0.0,0.0,0.0,0.0
27853,2025-05-16T07:00:00.000000000,0.9550000000000001,0.659,0.0,0.0,0.3235504614701334,0.0
27853,2025-05-16T08:00:00.000000000,1.129,0.8079999999999999,0.0,0.0,0.0,0.0
27853,2025-05-16T09:00:00.000000000,1.133,0.833,0.0,0.0,0.3235504614701334,0.0
27853,2025-05-16T10:00:00.000000000,0.756,0.455,0.0,0.0,0.3232573903999611,0.0
27853,2025-05-16T11:00:00.000000000,0.355,0.021,0.0,0.033,0.0,0.0
27853,2025-05-16T12:00:00.000000000,0.477,0.0,0.0,0.177,1.2232786468988555,0.0
27853,2025-05-16T13:00:00.000000000,0.6950000000000001,0.0,0.0,0.39799999999999996,0.3235504614701334,0.0
27853,2025-05-16T14:00:00.000000000,0.885,0.0,0.0,0.5840000000000001,0.0,0.0
27853,2025-05-16T15:00:00.000000000,1.034,0.0,0.0,0.7329999999999999,0.3232573903999611,0.0
27853,2025-05-16T16:00:00.000000000,1.108,0.0,0.0,0.808,0.0,0.0
27853,2025-05-16T17:00:00.000000000,1.117,0.0,0.0,0.818,0.3232573903999611,0.0
27853,2025-05-16T18:00:00.000000000,1.134,0.0,0.0,0.831,0.0,0.0
27853,2025-05-16T19:00:00.000000000,1.286,0.0,0.0,0.8160000000000001,0.3232573903999611,0.0
27853,2025-05-16T20:00:00.000000000,1.6380000000000001,0.0,0.0,0.782,0.34172086782081107,0.0
27853,2025-05-16T21:00:00.000000000,1.412,0.0,0.0,0.719,1.0491944312165555,0.0
27853,2025-05-16T22:00:00.000000000,1.0430000000000001,0.0,0.0,0.502,0.6904754413257554,0.0
27853,2025-05-16T23:00:00.000000000,0.8029999999999999,0.0,0.0,0.23,4.263011786725144,0.0
27853,2025-05-17T00:00:00.000000000,0.542,0.0,0.0,0.164,0.5503874697834334,0.0
27853,2025-05-17T01:00:00.000000000,0.37300000000000005,0.0,0.0,0.067,0.37220025911872223,0.0
27853,2025-05-17T02:00:00.000000000,0.394,0.09,0.0,0.002,0.6696673953435279,0.0
27853,2025-05-17T03:00:00.000000000,0.617,0.317,0.0,0.0,0.0,0.0
27853,2025-05-17T04:00:00.000000000,1.001,0.692,0.0,0.0,0.3235504614701334,0.0
27853,2025-05-17T05:00:00.000000000,1.0779999999999998,0.776,0.0,0.0,0.0,0.0
27853,2025-05-17T06:00:00.000000000,1.189,0.887,0.0,0.0,0.3232573903999611,0.0
27853,2025-05-17T07:00:00.000000000,1.332,1.014,0.0,0.0,0.0,0.0
27853,2025-05-17T08:00:00.000000000,1.4509999999999998,1.077,0.0,0.0,0.3235504614701334,0.0
27853,2025-05-17T09:00:00.000000000,1.399,1.1,0.0,0.0,0.0,0.0
27853,2025-05-17T10:00:00.000000000,0.9890000000000001,0.687,0.0,0.0,0.3461169338733945,0.0
27853,2025-05-17T11:00:00.000000000,0.426,0.12,0.0,0.005,1.0380577305500112,0.0
27853,2025-05-17T12:00:00.000000000,0.432,0.0,0.0,0.13199999999999998,0.0,0.0
27853,2025-05-17T13:00:00.000000000,1.703,0.0,0.0,0.42300000000000004,0.3235504614701334,0.0
27853,2025-05-17T14:00:00.000000000,3.1010000000000004,0.0,0.0,0.7030000000000001,0.0,0.0
27853,2025-05-17T15:00:00.000000000,3.0,0.0,0.0,0.73,0.3232573903999611,0.0
27853,2025-05-17T16:00:00.000000000,1.17,0.0,0.0,0.72,0.0,0.0
27853,2025-05-17T17:00:00.000000000,1.184,0.0,0.0,0.7230000000000001,0.3232573903999611,0.0
27853,2025-05-17T18:00:00.000000000,1.1949999999999998,0.0,0.0,0.716,0.0,0.0
27853,2025-05-17T19:00:00.000000000,1.206,0.0,0.0,0.69,0.3232573903999611,0.0
27853,2025-05-17T20:00:00.000000000,1.5,0.0,0.0,0.645,1.6546792621923667,0.0
27853,2025-05-17T21:00:00.000000000,1.4660000000000002,0.0,0.0,0.46499999999999997,1.6690397446308056,0.0
27853,2025-05-17T22:00:00.000000000,0.6,0.0,0.0,0.28500000000000003,0.3461169338733945,0.0
27853,2025-05-17T23:00:00.000000000,0.46199999999999997,0.0,0.0,0.123,0.3461169338733945,0.0
27853,2025-05-18T00:00:00.000000000,0.401,0.0,0.0,0.082,0.3461169338733945,0.0
27853,2025-05-18T01:00:00.000000000,0.335,0.0,0.0,0.028999999999999998,0.3235504614701334,0.0
27853,2025-05-18T02:00:00.000000000,0.39099999999999996,0.089,0.0,0.0,0.0,0.0
27853,2025-05-18T03:00:00.000000000,0.5930000000000001,0.29300000000000004,0.0,0.0,0.3235504614701334,0.0
27853,2025-05-18T04:00:00.000000000,0.935,0.625,0.0,0.0,0.0,0.0
27853,2025-05-18T05:00:00.000000000,1.026,0.7250000000000001,0.0,0.0,0.32355046147013333,0.0
27853,2025-05-18T06:00:00.000000000,1.157,0.861,0.0,0.0,0.0,0.0
27853,2025-05-18T07:00:00.000000000,1.2830000000000001,0.988,0.0,0.0,0.3232573903999611,0.0
27853,2025-05-18T08:00:00.000000000,1.348,1.0510000000000002,0.0,0.0,0.0,0.0
27853,2025-05-18T09:00:00.000000000,1.298,0.998,0.0,0.0,0.3235504614701334,0.0
27853,2025-05-18T10:00:00.000000000,0.8710000000000001,0.57,0.0,0.0,0.0,0.0
27853,2025-05-18T11:00:00.000000000,0.371,0.053,0.0,0.017,0.3235504614701334,0.0
27853,2025-05-18T12:00:00.000000000,0.445,0.0,0.0,0.145,0.0,0.0
27853,2025-05-18T13:00:00.000000000,0.6360000000000001,0.0,0.0,0.337,0.3232573903999611,0.0
27853,2025-05-18T14:00:00.000000000,0.843,0.0,0.0,0.541,0.0,0.0
27853,2025-05-18T15:00:00.000000000,0.984,0.0,0.0,0.6839999999999999,0.3235504614701334,0.0
27853,2025-05-18T16:00:00.000000000,1.021,0.0,0.0,0.72,0.0,0.0
27853,2025-05-18T17:00:00.000000000,1.008,0.0,0.0,0.7089999999999999,0.3232573903999611,0.0
27853,2025-05-18T18:00:00.000000000,1.1039999999999999,0.0,0.0,0.712,0.0,0.0
27853,2025-05-18T19:00:00.000000000,1.225,0.0,0.0,0.7090000000000001,0.3232573903999611,0.0
27853,2025-05-18T20:00:00.000000000,1.718,0.0,0.0,0.7010000000000001,0.6403602883263055,0.0
27853,2025-05-18T21:00:00.000000000,1.584,0.0,0.0,0.5760000000000001,0.4050242189780111,0.0
27853,2025-05-18T22:00:00.000000000,0.9309999999999999,0.0,0.0,0.39,0.3235504614701334,0.0
27853,2025-05-18T23:00:00.000000000,0.713,0.0,0.0,0.19999999999999998,0.6919407966766167,0.0
27853,2025-05-19T00:00:00.000000000,0.401,0.0,0.0,0.08199999999999999,2.7264401658121833,0.0
27853,2025-05-19T01:00:00.000000000,0.32,0.009000000000000001,0.0,0.006,2.2153242194318277,0.0
27853,2025-05-19T02:00:00.000000000,0.472,0.171,0.0,0.0,0.0,0.0
27853,2025-05-19T03:00:00.000000000,0.712,0.411,0.0,0.0,0.3232573903999611,0.0
27853,2025-05-19T04:00:00.000000000,1.086,0.777,0.0,0.0,0.0,0.0
27853,2025-05-19T05:00:00.000000000,1.172,0.87,0.0,0.0,0.3235504614701334,0.0
27853,2025-05-19T06:00:00.000000000,1.272,0.976,0.0,0.0,0.0,0.0
27853,2025-05-19T07:00:00.000000000,1.403,1.107,0.0,0.0,0.3235504614701334,0.0
27853,2025-05-19T08:00:00.000000000,1.4969999999999999,1.2,0.0,0.0,0.0,0.0
27853,2025-05-19T09:00:00.000000000,1.411,1.111,0.0,0.0,0.3232573903999611,0.0
27853,2025-05-19T10:00:00.000000000,0.938,0.635,0.0,0.0,0.0,0.0
27853,2025-05-19T11:00:00.000000000,0.38,0.057999999999999996,0.0,0.02,0.3235504614701334,0.0
27853,2025-05-19T12:00:00.000000000,0.482,0.0,0.0,0.181,0.0,0.0
27853,2025-05-19T13:00:00.000000000,0.7969999999999999,0.0,0.0,0.385,2.6185900119888057,0.0
27853,2025-05-19T14:00:00.000000000,1.098,0.0,0.0,0.6439999999999999,1.154113874338211,0.0
27853,2025-05-19T15:00:00.000000000,1.233,0.0,0.0,0.776,1.169939712127511,0.0
27853,2025-05-19T16:00:00.000000000,1.23,0.0,0.0,0.78,0.0,0.0
27853,2025-05-19T17:00:00.000000000,1.24,0.0,0.0,0.78,1.4401512388263,0.0
27853,2025-05-19T18:00:00.000000000,1.26,0.0,0.0,0.7809999999999999,3.698263834503272,0.0
27853,2025-05-19T19:00:00.000000000,1.185,0.0,0.0,0.7769999999999999,0.874231002323739,0.0
27853,2025-05-19T20:00:00.000000000,1.054,0.0,0.0,0.74,0.6690812532031833,0.0
27853,2025-05-19T21:00:00.000000000,0.955,0.0,0.0,0.642,0.0,0.0
27853,2025-05-19T22:00:00.000000000,0.7040000000000001,0.0,0.0,0.391,0.7259370408165944,0.0
27853,2025-05-19T23:00:00.000000000,0.502,0.0,0.0,0.165,0.6690812532031833,0.0
27853,2025-05-20T00:00:00.000000000,0.398,0.0,0.0,0.079,0.0,0.0
27853,2025-05-20T01:00:00.000000000,0.38,0.069,0.0,0.007,0.3235504614701334,0.0
27853,2025-05-20T02:00:00.000000000,0.6380000000000001,0.30400000000000005,0.0,0.0,0.0,0.0
27853,2025-05-20T03:00:00.000000000,0.863,0.537,0.0,0.0,0.3235504614701334,0.0
27853,2025-05-20T04:00:00.000000000,1.614,0.827,0.0,0.0,0.6802179538697277,0.0
27853,2025-05-20T05:00:00.000000000,1.271,0.966,0.0,0.0,0.6960437916590279,0.0
27853,2025-05-20T06:00:00.000000000,1.3690000000000002,1.072,0.0,0.0,0.0,0.0
27853,2025-05-20T07:00:00.000000000,1.508,1.212,0.0,0.0,0.32355046147013333,0.0
27853,2025-05-20T08:00:00.000000000,1.5590000000000002,1.2610000000000001,0.0,0.0,0.3458238628032222,0.0
27853,2025-05-20T09:00:00.000000000,1.401,1.1,0.0,0.0,0.0,0.0
27853,2025-05-20T10:00:00.000000000,0.992,0.6900000000000001,0.0,0.0,0.3235504614701334,0.0
27853,2025-05-20T11:00:00.000000000,0.494,0.14700000000000002,0.0,0.007,0.0,0.0
27853,2025-05-20T12:00:00.000000000,0.5920000000000001,0.0,0.0,0.146,0.3235504614701334,0.0
27853,2025-05-20T13:00:00.000000000,0.82,0.0,0.0,0.373,0.0,0.0
27853,2025-05-20T14:00:00.000000000,0.997,0.0,0.0,0.542,0.32355046147013333,0.0
27853,2025-05-20T15:00:00.000000000,1.094,0.0,0.0,0.637,0.3458238628032222,0.0
27853,2025-05-20T16:00:00.000000000,1.1689999999999998,0.0,0.0,0.718,0.3232573903999611,0.0
27853,2025-05-20T17:00:00.000000000,1.193,0.0,0.0,0.734,1.1945576820219777,0.0
27853,2025-05-20T18:00:00.000000000,2.6109999999999998,0.0,0.0,0.7390000000000001,0.0,0.0
27853,2025-05-20T19:00:00.000000000,1.692,0.0,0.0,0.724,0.3229643193297889,0.0
27853,2025-05-20T20:00:00.000000000,1.229,0.0,0.0,0.6900000000000001,0.0,0.0
27853,2025-05-20T21:00:00.000000000,1.185,0.0,0.0,0.645,0.3232573903999611,0.0
27853,2025-05-20T22:00:00.000000000,0.991,0.0,0.0,0.45099999999999996,0.3458238628032222,0.0
27853,2025-05-20T23:00:00.000000000,0.7790000000000001,0.0,0.0,0.20600000000000002,1.4879218232643723,0.0
27853,2025-05-21T00:00:00.000000000,0.615,0.0,0.0,0.115,1.453046365913878,0.0
27853,2025-05-21T01:00:00.000000000,0.417,0.0,0.0,0.033,0.6192591712739055,0.0
27853,2025-05-21T02:00:00.000000000,0.488,0.186,0.0,0.0,0.3235504614701334,0.0
27853,2025-05-21T03:00:00.000000000,0.7769999999999999,0.477,0.0,0.0,0.3232573903999611,0.0
27853,2025-05-21T04:00:00.000000000,1.203,0.894,0.0,0.0,0.0,0.0
27853,2025-05-21T05:00:00.000000000,1.257,0.955,0.0,0.0,0.3235504614701334,0.0
27853,2025-05-21T06:00:00.000000000,1.589,0.865,0.0,0.0,0.7353153150621055,0.0
27853,2025-05-21T07:00:00.000000000,2.3659999999999997,0.118,0.0,0.0,0.0,0.0
27853,2025-05-21T08:00:00.000000000,2.153,0.001,0.0,0.009000000000000001,0.3232573903999611,0.0
27853,2025-05-21T09:00:00.000000000,0.8029999999999999,0.503,0.0,0.0,0.0,0.0
27853,2025-05-21T10:00:00.000000000,0.696,0.394,0.0,0.0,0.6532554154138834,0.0
27853,2025-05-21T11:00:00.000000000,0.407,0.106,0.0,0.0,0.0,0.0
27853,2025-05-21T12:00:00.000000000,0.33599999999999997,0.0,0.0,0.037,0.3232573903999611,0.0
27853,2025-05-21T13:00:00.000000000,0.418,0.0,0.0,0.12,0.0,0.0
27853,2025-05-21T14:00:00.000000000,0.5820000000000001,0.0,0.0,0.281,0.3235504614701334,0.0
27853,2025-05-21T15:00:00.000000000,0.7929999999999999,0.0,0.0,0.492,0.0,0.0
27853,2025-05-21T16:00:00.000000000,0.962,0.0,0.0,0.661,0.3235504614701334,0.0
27853,2025-05-21T17:00:00.000000000,1.0390000000000001,0.0,0.0,0.7390000000000001,0.0,0.0
27853,2025-05-21T18:00:00.000000000,1.049,0.0,0.0,0.746,0.3232573903999611,0.0
27853,2025-05-21T19:00:00.000000000,1.655,0.0,0.0,0.732,0.0,0.0
27853,2025-05-21T20:00:00.000000000,1.1960000000000002,0.0,0.0,0.7089999999999999,1.660247612525639,0.0
27853,2025-05-21T21:00:00.000000000,1.161,0.0,0.0,0.621,0.3232573903999611,0.0
27853,2025-05-21T22:00:00.000000000,0.957,0.0,0.0,0.4159999999999999,0.0,0.0
27853,2025-05-21T23:00:00.000000000,0.7809999999999999,0.0,0.0,0.209,0.3458238628032222,0.0
27853,2025-05-22T00:00:00.000000000,0.477,0.0,0.0,0.09899999999999999,1.919029367487711,0.0
27853,2025-05-22T01:00:00.000000000,0.346,0.016,0.0,0.025,0.0,0.0
27853,2025-05-22T02:00:00.000000000,0.6180000000000001,0.316,0.0,0.0,1.5447776108777833,0.0
27853,2025-05-22T03:00:00.000000000,0.7909999999999999,0.491,0.0,0.0,0.0,0.0
27853,2025-05-22T04:00:00.000000000,1.171,0.861,0.0,0.0,0.3235504614701334,0.0
27853,2025-05-22T05:00:00.000000000,1.244,0.943,0.0,0.0,0.3232573903999611,0.0
27853,2025-05-22T06:00:00.000000000,1.3410000000000002,1.044,0.0,0.0,0.0,0.0
27853,2025-05-22T07:00:00.000000000,1.4579999999999997,1.1540000000000001,0.0,0.0,0.3235504614701334,0.0
27853,2025-05-22T08:00:00.000000000,1.524,1.2269999999999999,0.0,0.0,0.0,0.0
27853,2025-05-22T09:00:00.000000000,1.3880000000000001,1.089,0.0,0.0,0.3235504614701334,0.0
27853,2025-05-22T10:00:00.000000000,1.08,0.779,0.0,0.0,0.0,0.0
27853,2025-05-22T11:00:00.000000000,0.791,0.49,0.0,0.0,2.456521710183567,0.0
27853,2025-05-22T12:00:00.000000000,0.342,0.028999999999999998,0.0,0.014,0.09964416385855557,0.0
27853,2025-05-22T13:00:00.000000000,0.44699999999999995,0.0,0.0,0.11000000000000001,0.3232573903999611,0.0
27853,2025-05-22T14:00:00.000000000,0.5640000000000001,0.0,0.0,0.263,0.0,0.0
27853,2025-05-22T15:00:00.000000000,0.7629999999999999,0.0,0.0,0.463,0.3235504614701334,0.0
27853,2025-05-22T16:00:00.000000000,0.889,0.0,0.0,0.5890000000000001,0.0,0.0
27853,2025-05-22T17:00:00.000000000,0.9550000000000001,0.0,0.0,0.655,0.7191964062026333,0.0
27853,2025-05-22T18:00:00.000000000,1.009,0.0,0.0,0.706,0.0,0.0
27853,2025-05-22T19:00:00.000000000,1.0150000000000001,0.0,0.0,0.7050000000000001,0.3232573903999611,0.0
27853,2025-05-22T20:00:00.000000000,0.959,0.0,0.0,0.645,0.0,0.0
27853,2025-05-22T21:00:00.000000000,0.821,0.0,0.0,0.505,0.3235504614701334,0.0
27853,2025-05-22T22:00:00.000000000,0.656,0.0,0.0,0.342,0.0,0.0
27853,2025-05-22T23:00:00.000000000,0.7429999999999999,0.0,0.0,0.169,0.3235504614701334,0.0
27853,2025-05-23T00:00:00.000000000,0.602,0.0,0.0,0.101,0.0,0.0
27853,2025-05-23T01:00:00.000000000,0.44099999999999995,0.012,0.0,0.027,0.3232573903999611,0.0
27853,2025-05-23T02:00:00.000000000,0.5820000000000001,0.22799999999999998,0.0,0.0,0.0,0.0
27853,2025-05-23T03:00:00.000000000,0.7659999999999999,0.44,0.0,0.0,0.3235504614701334,0.0
27853,2025-05-23T04:00:00.000000000,1.129,0.819,0.0,0.0,0.6734773192557666,0.0
27853,2025-05-23T05:00:00.000000000,1.2069999999999999,0.9069999999999999,0.0,0.0,0.3458238628032222,0.0
27853,2025-05-23T06:00:00.000000000,1.295,0.999,0.0,0.0,0.0,0.0
27853,2025-05-23T07:00:00.000000000,1.5859999999999999,1.269,0.0,0.0,2.4896387411130276,0.0
27853,2025-05-23T08:00:00.000000000,1.708,1.335,0.0,0.0,1.7663393399279832,0.0
27853,2025-05-23T09:00:00.000000000,1.537,1.107,0.0,0.0,1.0691232639882668,0.0
27853,2025-05-23T10:00:00.000000000,0.9670000000000001,0.665,0.0,0.0,0.0,0.0
27853,2025-05-23T11:00:00.000000000,0.40800000000000003,0.101,0.0,0.007,0.6916477256064444,0.0
27853,2025-05-23T12:00:00.000000000,0.436,0.0,0.0,0.13799999999999998,1.1960230373728389,0.0
27853,2025-05-23T13:00:00.000000000,0.6639999999999999,0.0,0.0,0.365,0.3713210459082055,0.0
27853,2025-05-23T14:00:00.000000000,0.871,0.0,0.0,0.5720000000000001,0.32355046147013333,0.0
27853,2025-05-23T15:00:00.000000000,1.012,0.0,0.0,0.7110000000000001,0.0,0.0
27853,2025-05-23T16:00:00.000000000,1.052,0.0,0.0,0.748,0.3232573903999611,0.0
27853,2025-05-23T17:00:00.000000000,1.1320000000000001,0.0,0.0,0.7509999999999999,0.0,0.0
27853,2025-05-23T18:00:00.000000000,1.092,0.0,0.0,0.748,0.3232573903999611,0.0
27853,2025-05-23T19:00:00.000000000,1.046,0.0,0.0,0.736,0.0,0.0
27853,2025-05-23T20:00:00.000000000,1.098,0.0,0.0,0.7270000000000001,0.3232573903999611,0.0
27853,2025-05-23T21:00:00.000000000,1.2229999999999999,0.0,0.0,0.682,1.5327616970007223,0.0
27853,2025-05-23T22:00:00.000000000,1.004,0.0,0.0,0.46299999999999997,2.561734224375394,0.0
27853,2025-05-23T23:00:00.000000000,0.772,0.0,0.0,0.259,0.0,0.0
27853,2025-05-24T00:00:00.000000000,0.45699999999999996,0.0,0.0,0.137,0.7391252389743445,0.0
27853,2025-05-24T01:00:00.000000000,0.36100000000000004,0.0,0.0,0.055,0.3458238628032222,0.0
27853,2025-05-24T02:00:00.000000000,0.463,0.162,0.0,0.0,0.7432282339567555,0.0
27853,2025-05-24T03:00:00.000000000,0.7289999999999999,0.429,0.0,0.0,0.3220851061192722,0.0
27853,2025-05-24T04:00:00.000000000,1.1480000000000001,0.839,0.0,0.0,0.001172284280688889,0.0
27853,2025-05-24T05:00:00.000000000,1.251,0.949,0.0,0.0,0.3235504614701334,0.0
27853,2025-05-24T06:00:00.000000000,1.347,1.0510000000000002,0.0,0.0,0.0,0.0
27853,2025-05-24T07:00:00.000000000,1.431,1.136,0.0,0.0,0.3235504614701334,0.0
27853,2025-05-24T08:00:00.000000000,1.524,1.204,0.0,0.0,0.8164960014998112,0.0
27853,2025-05-24T09:00:00.000000000,1.448,1.016,0.0,0.0,0.7065943501852278,0.0
27853,2025-05-24T10:00:00.000000000,0.9089999999999999,0.573,0.0,0.0,0.0,0.0
27853,2025-05-24T11:00:00.000000000,0.563,0.138,0.0,0.013000000000000001,2.989324915756667,0.0
27853,2025-05-24T12:00:00.000000000,0.473,0.0,0.0,0.137,1.108980929531689,0.0
27853,2025-05-24T13:00:00.000000000,0.637,0.0,0.0,0.339,0.8871261294113166,0.0
27853,2025-05-24T14:00:00.000000000,0.851,0.0,0.0,0.55,0.19782297236625002,0.0
27853,2025-05-24T15:00:00.000000000,0.987,0.0,0.0,0.687,0.6951645784485112,0.0
27853,2025-05-24T16:00:00.000000000,1.04,0.0,0.0,0.74,0.0,0.0
27853,2025-05-24T17:00:00.000000000,1.119,0.0,0.0,0.7390000000000001,0.3232573903999611,0.0
27853,2025-05-24T18:00:00.000000000,1.2069999999999999,0.0,0.0,0.7289999999999999,0.0,0.0
27853,2025-05-24T19:00:00.000000000,1.213,0.0,0.0,0.698,0.3232573903999611,0.0
27853,2025-05-24T20:00:00.000000000,1.198,0.0,0.0,0.659,0.0,0.0
27853,2025-05-24T21:00:00.000000000,1.052,0.0,0.0,0.511,0.6690812532031833,0.0
27853,2025-05-24T22:00:00.000000000,0.876,0.0,0.0,0.335,1.5667579411407002,0.0
27853,2025-05-24T23:00:00.000000000,0.528,0.0,0.0,0.135,0.0,0.0
27853,2025-05-25T00:00:00.000000000,0.388,0.0,0.0,0.07,0.34553079173305,0.0
27853,2025-05-25T01:00:00.000000000,0.328,0.0,0.0,0.022000000000000002,0.3235504614701334,0.0
27853,2025-05-25T02:00:00.000000000,0.37,0.067,0.0,0.0,0.03839231019256111,0.0
27853,2025-05-25T03:00:00.000000000,0.479,0.17800000000000002,0.0,0.0,0.2848650802074,0.0
27853,2025-05-25T04:00:00.000000000,0.716,0.40599999999999997,0.0,0.0,0.3232573903999611,0.0
27853,2025-05-25T05:00:00.000000000,0.681,0.38,0.0,0.0,0.0,0.0
27853,2025-05-25T06:00:00.000000000,0.683,0.387,0.0,0.0,0.3235504614701334,0.0
27853,2025-05-25T07:00:00.000000000,0.7709999999999999,0.46699999999999997,0.0,0.0,0.8669042255694334,0.0
27853,2025-05-25T08:00:00.000000000,0.849,0.504,0.0,0.0,1.102240294917728,0.0
27853,2025-05-25T09:00:00.000000000,0.7630000000000001,0.44,0.0,0.0,0.0,0.0
27853,2025-05-25T10:00:00.000000000,0.641,0.339,0.0,0.0,0.3232573903999611,0.0
27853,2025-05-25T11:00:00.000000000,0.43899999999999995,0.138,0.0,0.0,0.0,0.0
27853,2025-05-25T12:00:00.000000000,0.315,0.0,0.0,0.015,0.6910615834661,0.0
27853,2025-05-25T13:00:00.000000000,0.39699999999999996,0.0,0.0,0.097,0.3235504614701334,0.0
27853,2025-05-25T14:00:00.000000000,0.552,0.0,0.0,0.25,0.0,0.0
27853,2025-05-25T15:00:00.000000000,0.7919999999999999,0.0,0.0,0.49,0.3235504614701334,0.0
27853,2025-05-25T16:00:00.000000000,1.028,0.0,0.0,0.6890000000000001,0.0,0.0
27853,2025-05-25T17:00:00.000000000,1.0270000000000001,0.0,0.0,0.728,0.3232573903999611,0.0
27853,2025-05-25T18:00:00.000000000,1.021,0.0,0.0,0.7189999999999999,0.0,0.0
27853,2025-05-25T19:00:00.000000000,1.486,0.0,0.0,0.702,0.3232573903999611,0.0
27853,2025-05-25T20:00:00.000000000,2.657,0.0,0.0,0.691,0.37102797483803335,0.0
27853,2025-05-25T21:00:00.000000000,1.15,0.0,0.0,0.609,0.3232573903999611,0.0
27853,2025-05-25T22:00:00.000000000,0.961,0.0,0.0,0.41999999999999993,0.0,0.0
27853,2025-05-25T23:00:00.000000000,0.7829999999999999,0.0,0.0,0.21000000000000002,0.6468078518700945,0.0
27853,2025-05-26T00:00:00.000000000,0.632,0.0,0.0,0.131,0.3458238628032222,0.0
27853,2025-05-26T01:00:00.000000000,0.39599999999999996,0.0,0.0,0.049,1.0398161569710445,0.0
27853,2025-05-26T02:00:00.000000000,0.32699999999999996,0.024,0.0,0.002,0.6060709731161555,0.0
27853,2025-05-26T03:00:00.000000000,0.394,0.093,0.0,0.0,0.06037264045547777,0.0
27853,2025-05-26T04:00:00.000000000,0.5880000000000001,0.279,0.0,0.0,0.3235504614701334,0.0
27853,2025-05-26T05:00:00.000000000,0.555,0.254,0.0,0.0,0.0,0.0
27853,2025-05-26T06:00:00.000000000,0.5830000000000001,0.28700000000000003,0.0,0.0,0.3235504614701334,0.0
27853,2025-05-26T07:00:00.000000000,0.641,0.345,0.0,0.0,0.0,0.0
27853,2025-05-26T08:00:00.000000000,0.673,0.376,0.0,0.0,0.32325739039996115,0.0
27853,2025-05-26T09:00:00.000000000,0.659,0.35900000000000004,0.0,0.0,0.0,0.0
27853,2025-05-26T10:00:00.000000000,0.5609999999999999,0.26,0.0,0.0,0.3232573903999611,0.0
27853,2025-05-26T11:00:00.000000000,0.36900000000000005,0.065,0.0,0.002,0.0,0.0
27853,2025-05-26T12:00:00.000000000,0.468,0.0,0.0,0.059000000000000004,0.3235504614701334,0.0
27853,2025-05-26T13:00:00.000000000,0.6240000000000001,0.0,0.0,0.177,0.0,0.0
27853,2025-05-26T14:00:00.000000000,0.847,0.0,0.0,0.39199999999999996,0.3235504614701334,0.0
27853,2025-05-26T15:00:00.000000000,1.061,0.0,0.0,0.6040000000000001,0.0,0.0
27853,2025-05-26T16:00:00.000000000,1.148,0.0,0.0,0.6970000000000001,2.0805115271526056,0.0
27853,2025-05-26T17:00:00.000000000,1.1709999999999998,0.0,0.0,0.71,0.0,0.0
27853,2025-05-26T18:00:00.000000000,1.1829999999999998,0.0,0.0,0.704,0.7713630566932889,0.0
27853,2025-05-26T19:00:00.000000000,1.1560000000000001,0.0,0.0,0.694,1.154993087548728,0.0
27853,2025-05-26T20:00:00.000000000,0.938,0.0,0.0,0.623,0.34553079173305,0.0
27853,2025-05-26T21:00:00.000000000,0.7710000000000001,0.0,0.0,0.45699999999999996,1.6142354545086,0.0
27853,2025-05-26T22:00:00.000000000,1.775,0.0,0.0,0.38199999999999995,1.248775830003839,0.0
27853,2025-05-26T23:00:00.000000000,2.2889999999999997,0.0,0.0,0.292,0.742642091816411,0.0
27853,2025-05-27T00:00:00.000000000,0.586,0.0,0.0,0.126,0.0,0.0
27853,2025-05-27T01:00:00.000000000,0.35100000000000003,0.0,0.0,0.045,0.3235504614701334,0.0
27853,2025-05-27T02:00:00.000000000,0.32799999999999996,0.024,0.0,0.002,0.34553079173305,0.0
27853,2025-05-27T03:00:00.000000000,0.386,0.08600000000000001,0.0,0.0,0.3232573903999611,0.0
27853,2025-05-27T04:00:00.000000000,0.5900000000000001,0.278,0.0,0.0,0.0,0.0
27853,2025-05-27T05:00:00.000000000,0.575,0.273,0.0,0.0,0.3235504614701334,0.0
27853,2025-05-27T06:00:00.000000000,0.5770000000000001,0.281,0.0,0.0,0.0,0.0
27853,2025-05-27T07:00:00.000000000,0.622,0.326,0.0,0.0,0.3235504614701334,0.0
27853,2025-05-27T08:00:00.000000000,0.664,0.366,0.0,0.0,0.0,0.0
27853,2025-05-27T09:00:00.000000000,0.668,0.36800000000000005,0.0,0.0,0.3232573903999611,0.0
27853,2025-05-27T10:00:00.000000000,0.5640000000000001,0.262,0.0,0.0,0.0,0.0
27853,2025-05-27T11:00:00.000000000,0.356,0.038,0.0,0.017,0.3235504614701334,0.0
27853,2025-05-27T12:00:00.000000000,0.44,0.0,0.0,0.141,0.0,0.0
27853,2025-05-27T13:00:00.000000000,0.7839999999999999,0.0,0.0,0.373,0.3235504614701334,0.0
27853,2025-05-27T14:00:00.000000000,1.036,0.0,0.0,0.5810000000000001,0.0,0.0
27853,2025-05-27T15:00:00.000000000,1.196,0.0,0.0,0.7390000000000001,0.3232573903999611,0.0
27853,2025-05-27T16:00:00.000000000,1.238,0.0,0.0,0.786,0.0,0.0
27853,2025-05-27T17:00:00.000000000,1.224,0.0,0.0,0.7650000000000001,0.3232573903999611,0.0
27853,2025-05-27T18:00:00.000000000,1.2129999999999999,0.0,0.0,0.734,0.0,0.0
27853,2025-05-27T19:00:00.000000000,1.165,0.0,0.0,0.649,0.3232573903999611,0.0
27853,2025-05-27T20:00:00.000000000,1.0350000000000001,0.0,0.0,0.496,0.34553079173305,0.0
27853,2025-05-27T21:00:00.000000000,0.8919999999999999,0.0,0.0,0.35300000000000004,1.990245637539561,0.0
27853,2025-05-27T22:00:00.000000000,0.796,0.0,0.0,0.256,2.0998542177839723,0.0
27853,2025-05-27T23:00:00.000000000,0.72,0.0,0.0,0.14800000000000002,1.2159518701445502,0.0
27853,2025-05-28T00:00:00.000000000,0.625,0.0,0.0,0.125,0.34553079173305,0.0
27853,2025-05-28T01:00:00.000000000,0.43199999999999994,0.0,0.0,0.08600000000000001,0.3235504614701334,0.0
27853,2025-05-28T02:00:00.000000000,0.343,0.0,0.0,0.041,0.0,0.0
27853,2025-05-28T03:00:00.000000000,0.308,0.0,0.0,0.007,0.3235504614701334,0.0
27853,2025-05-28T04:00:00.000000000,0.457,0.146,0.0,0.0,0.0,0.0
27853,2025-05-28T05:00:00.000000000,0.449,0.14700000000000002,0.0,0.0,0.3232573903999611,0.0
27853,2025-05-28T06:00:00.000000000,0.479,0.183,0.0,0.0,0.0,0.0
27853,2025-05-28T07:00:00.000000000,0.538,0.243,0.0,0.0,0.3235504614701334,0.0
27853,2025-05-28T08:00:00.000000000,0.562,0.264,0.0,0.0,0.0,0.0
27853,2025-05-28T09:00:00.000000000,0.53,0.23099999999999998,0.0,0.0,0.3235504614701334,0.0
27853,2025-05-28T10:00:00.000000000,0.545,0.131,0.0,0.0,1.1664228592854444,0.0
27853,2025-05-28T11:00:00.000000000,0.496,0.022,0.0,0.025,2.765418618145089,0.0
27853,2025-05-28T12:00:00.000000000,0.451,0.0,0.0,0.115,0.42231541211817225,0.0
27853,2025-05-28T13:00:00.000000000,0.6260000000000001,0.0,0.0,0.327,0.3232573903999611,0.0
27853,2025-05-28T14:00:00.000000000,0.841,0.0,0.0,0.541,1.2150726569340335,0.0
27853,2025-05-28T15:00:00.000000000,0.967,0.0,0.0,0.667,1.0620895583041334,0.0
27853,2025-05-28T16:00:00.000000000,1.068,0.0,0.0,0.768,0.3235504614701334,0.0
27853,2025-05-28T17:00:00.000000000,1.07,0.0,0.0,0.77,0.0,0.0
27853,2025-05-28T18:00:00.000000000,1.065,0.0,0.0,0.762,0.3232573903999611,0.0
27853,2025-05-28T19:00:00.000000000,1.06,0.0,0.0,0.75,0.0,0.0
27853,2025-05-28T20:00:00.000000000,1.217,0.0,0.0,0.728,0.3232573903999611,0.0
27853,2025-05-28T21:00:00.000000000,1.226,0.0,0.0,0.686,0.0,0.0
27853,2025-05-28T22:00:00.000000000,1.041,0.0,0.0,0.498,0.3235504614701334,0.0
27853,2025-05-28T23:00:00.000000000,0.8480000000000001,0.0,0.0,0.27599999999999997,0.24324898824294444,0.0
27853,2025-05-29T00:00:00.000000000,0.615,0.0,0.0,0.154,0.8085830826051612,0.0
27853,2025-05-29T01:00:00.000000000,0.385,0.0,0.0,0.079,0.3235504614701334,0.0
27853,2025-05-29T02:00:00.000000000,0.323,0.007,0.0,0.013999999999999999,0.34553079173305,0.0
27853,2025-05-29T03:00:00.000000000,0.413,0.11300000000000002,0.0,0.0,0.3235504614701334,0.0
27853,2025-05-29T04:00:00.000000000,0.671,0.36,0.0,0.0,0.0,0.0
27853,2025-05-29T05:00:00.000000000,0.736,0.435,0.0,0.0,0.3232573903999611,0.0
27853,2025-05-29T06:00:00.000000000,0.825,0.527,0.0,0.0,0.7021982841326444,0.0
27853,2025-05-29T07:00:00.000000000,1.012,0.6920000000000001,0.0,0.0,1.1503039504259722,0.0
27853,2025-05-29T08:00:00.000000000,1.147,0.773,0.0,0.0,1.6863309377709665,0.0
27853,2025-05-29T09:00:00.000000000,1.452,0.41500000000000004,0.0,0.0,0.8777478551658056,0.0
27853,2025-05-29T10:00:00.000000000,1.191,0.09,0.0,0.0,1.4914386761064389,0.0
27853,2025-05-29T11:00:00.000000000,0.668,0.0,0.0,0.078,0.7385390968339999,0.0
27853,2025-05-29T12:00:00.000000000,0.688,0.0,0.0,0.242,0.0,0.0
27853,2025-05-29T13:00:00.000000000,0.743,0.0,0.0,0.443,0.3235504614701334,0.0
27853,2025-05-29T14:00:00.000000000,0.97,0.0,0.0,0.6699999999999999,0.0,0.0
27853,2025-05-29T15:00:00.000000000,1.088,0.0,0.0,0.7869999999999999,2.143521807239633,0.0
27853,2025-05-29T16:00:00.000000000,1.1070000000000002,0.0,0.0,0.806,0.3452377206628778,0.0
27853,2025-05-29T17:00:00.000000000,1.124,0.0,0.0,0.823,0.3232573903999611,0.0
27853,2025-05-29T18:00:00.000000000,1.125,0.0,0.0,0.822,0.0,0.0
27853,2025-05-29T19:00:00.000000000,2.7319999999999998,0.0,0.0,0.825,0.3226712482596166,0.0
27853,2025-05-29T20:00:00.000000000,1.371,0.0,0.0,0.832,0.0,0.0
27853,2025-05-29T21:00:00.000000000,1.3439999999999999,0.0,0.0,0.804,0.3229643193297889,0.0
27853,2025-05-29T22:00:00.000000000,1.282,0.0,0.0,0.7390000000000001,0.0,0.0
27853,2025-05-29T23:00:00.000000000,1.146,0.0,0.0,0.573,2.4934486650252667,0.0
27853,2025-05-30T00:00:00.000000000,0.7020000000000001,0.0,0.0,0.324,2.8240328321795336,0.0
27853,2025-05-30T01:00:00.000000000,0.506,0.0,0.0,0.19999999999999998,0.0,0.0
27853,2025-05-30T02:00:00.000000000,0.385,0.0,0.0,0.082,0.3232573903999611,0.0
27853,2025-05-30T03:00:00.000000000,0.345,0.036,0.0,0.009000000000000001,0.0,0.0
27853,2025-05-30T04:00:00.000000000,0.706,0.395,0.0,0.0,0.3235504614701334,0.0
27853,2025-05-30T05:00:00.000000000,0.8280000000000001,0.527,0.0,0.0,0.0,0.0
27853,2025-05-30T06:00:00.000000000,1.266,0.547,0.0,0.0,0.3235504614701334,0.0
27853,2025-05-30T07:00:00.000000000,2.2929999999999997,0.062,0.0,0.0,0.0,0.0
27853,2025-05-30T08:00:00.000000000,1.155,0.858,0.0,0.0,0.3232573903999611,0.0
27853,2025-05-30T09:00:00.000000000,1.1429999999999998,0.8440000000000001,0.0,0.0,0.0,0.0
27853,2025-05-30T10:00:00.000000000,0.7170000000000001,0.41500000000000004,0.0,0.0,0.6942853652379946,0.0
27853,2025-05-30T11:00:00.000000000,0.399,0.051,0.0,0.047,1.2141934437235167,0.0
27853,2025-05-30T12:00:00.000000000,0.557,0.0,0.0,0.257,0.32355046147013333,0.0
27853,2025-05-30T13:00:00.000000000,0.827,0.0,0.0,0.528,0.0,0.0
27853,2025-05-30T14:00:00.000000000,1.074,0.0,0.0,0.7729999999999999,0.3232573903999611,0.0
27853,2025-05-30T15:00:00.000000000,1.1549999999999998,0.0,0.0,0.854,0.0,0.0
27853,2025-05-30T16:00:00.000000000,1.186,0.0,0.0,0.886,0.3232573903999611,0.0
27853,2025-05-30T17:00:00.000000000,1.192,0.0,0.0,0.892,0.0,0.0
27853,2025-05-30T18:00:00.000000000,1.2009999999999998,0.0,0.0,0.898,0.3229643193297889,0.0
27853,2025-05-30T19:00:00.000000000,1.22,0.0,0.0,0.91,0.0,0.0
27853,2025-05-30T20:00:00.000000000,1.359,0.0,0.0,0.873,0.0,0.0
27853,2025-05-30T21:00:00.000000000,1.336,0.0,0.0,0.796,0.3226712482596167,0.0
27853,2025-05-30T22:00:00.000000000,1.267,0.0,0.0,0.724,1.1192384169877165,0.0
27853,2025-05-30T23:00:00.000000000,0.979,0.0,0.0,0.5840000000000001,0.0,0.0
27853,2025-05-31T00:00:00.000000000,0.669,0.0,0.0,0.35100000000000003,1.1456148133032167,0.0
27853,2025-05-31T01:00:00.000000000,0.52,0.0,0.0,0.214,0.0,0.0
27853,2025-05-31T02:00:00.000000000,0.397,0.0,0.0,0.095,0.3235504614701334,0.0
27853,2025-05-31T03:00:00.000000000,0.33199999999999996,0.021,0.0,0.01,0.0,0.0
27853,2025-05-31T04:00:00.000000000,0.644,0.33499999999999996,0.0,0.0,0.3232573903999611,0.0
27853,2025-05-31T05:00:00.000000000,0.764,0.463,0.0,0.0,0.0,0.0
27853,2025-05-31T06:00:00.000000000,0.914,0.6180000000000001,0.0,0.0,0.3235504614701334,0.0
27853,2025-05-31T07:00:00.000000000,1.092,0.7969999999999999,0.0,0.0,0.0,0.0
27853,2025-05-31T08:00:00.000000000,1.349,1.03,0.0,0.0,2.5933858999539945,0.0
27853,2025-05-31T09:00:00.000000000,1.181,0.8200000000000001,0.0,0.0,0.09905802171821113,0.0
27853,2025-05-31T10:00:00.000000000,0.672,0.37,0.0,0.0,0.3235504614701334,0.0
27853,2025-05-31T11:00:00.000000000,0.347,0.0,0.0,0.047,0.0,0.0
27853,2025-05-31T12:00:00.000000000,0.512,0.0,0.0,0.21100000000000002,1.019594253129161,0.0
27853,2025-05-31T13:00:00.000000000,0.7999999999999999,0.0,0.0,0.5,0.0832321839289111,0.0
27853,2025-05-31T14:00:00.000000000,1.092,0.0,0.0,0.7919999999999999,0.3232573903999611,0.0
27853,2025-05-31T15:00:00.000000000,1.1949999999999998,0.0,0.0,0.893,0.0,0.0
27853,2025-05-31T16:00:00.000000000,1.223,0.0,0.0,0.921,0.3232573903999611,0.0
27853,2025-05-31T17:00:00.000000000,1.234,0.0,0.0,0.934,0.0,0.0
27853,2025-05-31T18:00:00.000000000,1.345,0.0,0.0,0.953,0.0,0.0
27853,2025-05-31T19:00:00.000000000,1.4380000000000002,0.0,0.0,0.9229999999999999,0.3226712482596167,0.0
27853,2025-05-31T20:00:00.000000000,1.856,0.0,0.0,0.861,0.0,0.0
27853,2025-05-31T21:00:00.000000000,1.3519999999999999,0.0,0.0,0.812,0.3226712482596167,0.0
27853,2025-05-31T22:00:00.000000000,1.283,0.0,0.0,0.74,0.37014876162751664,0.0
27853,2025-05-31T23:00:00.000000000,1.21,0.0,0.0,0.639,1.0641410557953388,0.0
27853,2025-06-01T00:00:00.000000000,0.776,0.0,0.0,0.397,0.6942853652379946,0.0
27853,2025-06-01T01:00:00.000000000,0.532,0.0,0.0,0.22699999999999998,0.6942853652379946,0.0
27853,2025-06-01T02:00:00.000000000,0.41700000000000004,0.0,0.0,0.115,0.6468078518700945,0.0
27853,2025-06-01T03:00:00.000000000,0.33,0.003,0.0,0.027,0.0,0.0
27853,2025-06-01T04:00:00.000000000,0.6040000000000001,0.293,0.0,0.0,0.3235504614701334,0.0
27853,2025-06-01T05:00:00.000000000,0.732,0.431,0.0,0.0,0.0,0.0
27853,2025-06-01T06:00:00.000000000,0.972,0.6839999999999999,0.0,0.0,1.2077458801797278,0.0
27853,2025-06-01T07:00:00.000000000,1.143,0.866,0.0,0.0,0.7754660516756999,0.0
27853,2025-06-01T08:00:00.000000000,1.3409999999999997,1.013,0.0,0.0,1.6581961150344333,0.0
27853,2025-06-01T09:00:00.000000000,1.302,0.925,0.0,0.0,2.268956225273344,0.0
27853,2025-06-01T10:00:00.000000000,0.7869999999999999,0.392,0.0,0.0,0.8598705198853,0.0
27853,2025-06-01T11:00:00.000000000,0.376,0.0,0.0,0.052000000000000005,0.3452377206628778,0.0
27853,2025-06-01T12:00:00.000000000,0.5670000000000001,0.0,0.0,0.266,0.3452377206628778,0.0
27853,2025-06-01T13:00:00.000000000,0.881,0.0,0.0,0.581,0.3235504614701334,0.0
27853,2025-06-01T14:00:00.000000000,1.135,0.0,0.0,0.835,0.0,0.0
27853,2025-06-01T15:00:00.000000000,1.204,0.0,0.0,0.904,0.3232573903999611,0.0
27853,2025-06-01T16:00:00.000000000,1.24,0.0,0.0,0.938,0.0,0.0
27853,2025-06-01T17:00:00.000000000,1.26,0.0,0.0,0.96,0.3229643193297889,0.0
27853,2025-06-01T18:00:00.000000000,1.278,0.0,0.0,0.945,0.7933433869562055,0.0
27853,2025-06-01T19:00:00.000000000,1.759,0.0,0.0,0.926,0.0,0.0
27853,2025-06-01T20:00:00.000000000,3.32,0.0,0.0,0.908,0.0,0.0
27853,2025-06-01T21:00:00.000000000,1.7240000000000002,0.0,0.0,0.867,0.3226712482596167,0.0
27853,2025-06-01T22:00:00.000000000,1.2930000000000001,0.0,0.0,0.825,1.2728076577579612,0.0
27853,2025-06-01T23:00:00.000000000,1.25,0.0,0.0,0.794,1.5591380933162222,0.0
27853,2025-06-02T00:00:00.000000000,0.985,0.0,0.0,0.665,0.3235504614701334,0.0
27853,2025-06-02T01:00:00.000000000,0.7060000000000001,0.0,0.0,0.39999999999999997,0.7414698075357222,0.0
27853,2025-06-02T02:00:00.000000000,0.536,0.0,0.0,0.235,0.3235504614701334,0.0
27853,2025-06-02T03:00:00.000000000,0.43000000000000005,0.0,0.0,0.13,0.0,0.0
27853,2025-06-02T04:00:00.000000000,0.362,0.031,0.0,0.021,0.3235504614701334,0.0
27853,2025-06-02T05:00:00.000000000,0.429,0.127,0.0,0.0,0.3232573903999611,0.0
27853,2025-06-02T06:00:00.000000000,0.5740000000000001,0.278,0.0,0.0,0.0,0.0
27853,2025-06-02T07:00:00.000000000,0.7519999999999999,0.456,0.0,0.0,0.3235504614701334,0.0
27853,2025-06-02T08:00:00.000000000,0.908,0.613,0.0,0.0,0.0,0.0
27853,2025-06-02T09:00:00.000000000,0.8779999999999999,0.578,0.0,0.0,0.3235504614701334,0.0
27853,2025-06-02T10:00:00.000000000,0.49100000000000005,0.188,0.0,0.001,0.0,0.0
27853,2025-06-02T11:00:00.000000000,0.968,0.0,0.0,0.14400000000000002,0.3232573903999611,0.0
27853,2025-06-02T12:00:00.000000000,0.719,0.0,0.0,0.33,0.0,0.0
27853,2025-06-02T13:00:00.000000000,0.977,0.0,0.0,0.5870000000000001,0.3235504614701334,0.0
27853,2025-06-02T14:00:00.000000000,1.2009999999999998,0.0,0.0,0.8049999999999999,0.0,0.0
27853,2025-06-02T15:00:00.000000000,1.2670000000000001,0.0,0.0,0.869,1.2118488751621388,0.0
27853,2025-06-02T16:00:00.000000000,1.2910000000000001,0.0,0.0,0.898,0.3449446495927056,0.0
27853,2025-06-02T17:00:00.000000000,1.228,0.0,0.0,0.906,0.7400044521848611,0.0
27853,2025-06-02T18:00:00.000000000,1.185,0.0,0.0,0.882,0.0,0.0
27853,2025-06-02T19:00:00.000000000,1.142,0.0,0.0,0.8320000000000001,1.0445052940938,0.0
27853,2025-06-02T20:00:00.000000000,1.247,0.0,0.0,0.778,0.33849708604891665,0.0
27853,2025-06-02T21:00:00.000000000,1.193,0.0,0.0,0.724,0.0,0.0
27853,2025-06-02T22:00:00.000000000,1.096,0.0,0.0,0.629,0.3235504614701334,0.0
27853,2025-06-02T23:00:00.000000000,0.867,0.0,0.0,0.367,0.0,0.0
27853,2025-06-03T00:00:00.000000000,0.613,0.0,0.0,0.199,2.5722847829015945,0.0
27853,2025-06-03T01:00:00.000000000,0.43399999999999994,0.0,0.0,0.128,0.0,0.0
27853,2025-06-03T02:00:00.000000000,0.34400000000000003,0.0,0.0,0.043,0.3235504614701334,0.0
27853,2025-06-03T03:00:00.000000000,0.40499999999999997,0.10500000000000001,0.0,0.0,0.3452377206628778,0.0
27853,2025-06-03T04:00:00.000000000,0.7889999999999999,0.478,0.0,0.0,0.0,0.0
27853,2025-06-03T05:00:00.000000000,0.88,0.5780000000000001,0.0,0.0,0.3235504614701334,0.0
27853,2025-06-03T06:00:00.000000000,0.931,0.635,0.0,0.0,0.0,0.0
27853,2025-06-03T07:00:00.000000000,0.944,0.648,0.0,0.0,0.3232573903999611,0.0
27853,2025-06-03T08:00:00.000000000,0.9299999999999999,0.633,0.0,0.0,0.0,0.0
27853,2025-06-03T09:00:00.000000000,0.8220000000000001,0.523,0.0,0.0,0.3235504614701334,0.0
27853,2025-06-03T10:00:00.000000000,0.595,0.223,0.0,0.0,0.0,0.0
27853,2025-06-03T11:00:00.000000000,0.424,0.005,0.0,0.027999999999999997,0.3235504614701334,0.0
27853,2025-06-03T12:00:00.000000000,1.046,0.0,0.0,0.204,0.2605401813831056,0.0
27853,2025-06-03T13:00:00.000000000,0.782,0.0,0.0,0.39299999999999996,0.06301028008702778,0.0
27853,2025-06-03T14:00:00.000000000,1.009,0.0,0.0,0.613,0.3235504614701334,0.0
27853,2025-06-03T15:00:00.000000000,1.153,0.0,0.0,0.7570000000000001,1.2361737739864334,0.0
27853,2025-06-03T16:00:00.000000000,1.2,0.0,0.0,0.806,0.7353153150621056,0.0
27853,2025-06-03T17:00:00.000000000,1.209,0.0,0.0,0.81,1.2695838759860667,0.0
27853,2025-06-03T18:00:00.000000000,1.1760000000000002,0.0,0.0,0.79,0.3232573903999611,0.0
27853,2025-06-03T19:00:00.000000000,1.088,0.0,0.0,0.778,0.0,0.0
27853,2025-06-03T20:00:00.000000000,2.5780000000000003,0.0,0.0,0.7530000000000001,1.1881101184781888,0.0
27853,2025-06-03T21:00:00.000000000,3.1310000000000002,0.0,0.0,0.72,1.475612838317139,0.0
27853,2025-06-03T22:00:00.000000000,1.904,0.0,0.0,0.659,0.0,0.0
27853,2025-06-03T23:00:00.000000000,0.8859999999999999,0.0,0.0,0.386,0.3232573903999611,0.0
27853,2025-06-04T00:00:00.000000000,0.669,0.0,0.0,0.22799999999999998,0.37014876162751664,0.0
27853,2025-06-04T01:00:00.000000000,0.46299999999999997,0.0,0.0,0.12300000000000001,0.3235504614701334,0.0
27853,2025-06-04T02:00:00.000000000,0.33799999999999997,0.012,0.0,0.024,0.0,0.0
27853,2025-06-04T03:00:00.000000000,0.501,0.201,0.0,0.0,0.3232573903999611,0.0
27853,2025-06-04T04:00:00.000000000,0.884,0.5740000000000001,0.0,0.0,0.0,0.0
27853,2025-06-04T05:00:00.000000000,1.0030000000000001,0.7030000000000001,0.0,0.0,0.3235504614701334,0.0
27853,2025-06-04T06:00:00.000000000,1.129,0.834,0.0,0.0,0.0,0.0
27853,2025-06-04T07:00:00.000000000,1.837,0.643,0.0,0.0,0.3235504614701334,0.0
27853,2025-06-04T08:00:00.000000000,1.3930000000000002,1.065,0.0,0.0,1.647059414367889,0.0
27853,2025-06-04T09:00:00.000000000,1.292,0.9359999999999999,0.0,0.0,0.0,0.0
27853,2025-06-04T10:00:00.000000000,0.9159999999999999,0.614,0.0,0.0,0.3232573903999611,0.0
27853,2025-06-04T11:00:00.000000000,0.427,0.124,0.0,0.001,1.16847435677665,0.0
27853,2025-06-04T12:00:00.000000000,0.434,0.0,0.0,0.134,1.1113254980930667,0.0
27853,2025-06-04T13:00:00.000000000,0.6970000000000001,0.0,0.0,0.39699999999999996,0.7153864822903944,0.0
27853,2025-06-04T14:00:00.000000000,0.957,0.0,0.0,0.6559999999999999,0.3232573903999611,0.0
27853,2025-06-04T15:00:00.000000000,1.0910000000000002,0.0,0.0,0.79,0.0,0.0
27853,2025-06-04T16:00:00.000000000,1.093,0.0,0.0,0.792,0.3232573903999611,0.0
27853,2025-06-04T17:00:00.000000000,1.089,0.0,0.0,0.788,0.0,0.0
27853,2025-06-04T18:00:00.000000000,1.2020000000000002,0.0,0.0,0.812,0.3232573903999611,0.0
27853,2025-06-04T19:00:00.000000000,1.259,0.0,0.0,0.812,0.0,0.0
27853,2025-06-04T20:00:00.000000000,1.573,0.0,0.0,0.7910000000000001,0.3232573903999611,0.0
27853,2025-06-04T21:00:00.000000000,1.7990000000000002,0.0,0.0,0.7329999999999999,1.0286794563044999,0.0
27853,2025-06-04T22:00:00.000000000,0.9869999999999999,0.0,0.0,0.5569999999999999,2.9295384174415333,0.0
27853,2025-06-04T23:00:00.000000000,0.643,0.0,0.0,0.306,0.3235504614701334,0.0
27853,2025-06-05T00:00:00.000000000,0.492,0.0,0.0,0.17300000000000001,0.7493827264303722,0.0
27853,2025-06-05T01:00:00.000000000,0.392,0.0,0.0,0.087,0.29805327836515,0.0
27853,2025-06-05T02:00:00.000000000,0.361,0.054000000000000006,0.0,0.005,0.3232573903999611,0.0
27853,2025-06-05T03:00:00.000000000,0.5740000000000001,0.273,0.0,0.0,0.0,0.0
27853,2025-06-05T04:00:00.000000000,0.9550000000000001,0.643,0.0,0.0,0.3235504614701334,0.0
27853,2025-06-05T05:00:00.000000000,1.044,0.7429999999999999,0.0,0.0,0.0,0.0
27853,2025-06-05T06:00:00.000000000,1.2189999999999999,0.9229999999999999,0.0,0.0,0.3235504614701334,0.0
27853,2025-06-05T07:00:00.000000000,1.3980000000000001,1.105,0.0,0.0,0.0,0.0
27853,2025-06-05T08:00:00.000000000,1.491,1.195,0.0,0.0,0.3232573903999611,0.0
27853,2025-06-05T09:00:00.000000000,1.344,1.0450000000000002,0.0,0.0,0.0,0.0
27853,2025-06-05T10:00:00.000000000,0.8210000000000001,0.427,0.0,0.0,0.3235504614701334,0.0
27853,2025-06-05T11:00:00.000000000,0.42700000000000005,0.0,0.0,0.056999999999999995,0.0,0.0
27853,2025-06-05T12:00:00.000000000,0.551,0.0,0.0,0.252,0.3235504614701334,0.0
27853,2025-06-05T13:00:00.000000000,0.865,0.0,0.0,0.5660000000000001,0.0,0.0
27853,2025-06-05T14:00:00.000000000,1.171,0.0,0.0,0.869,0.3232573903999611,0.0
27853,2025-06-05T15:00:00.000000000,1.231,0.0,0.0,0.93,0.3452377206628778,0.0
27853,2025-06-05T16:00:00.000000000,1.244,0.0,0.0,0.943,0.0,0.0
27853,2025-06-05T17:00:00.000000000,1.245,0.0,0.0,0.944,1.1927992556009446,0.0
27853,2025-06-05T18:00:00.000000000,1.3679999999999999,0.0,0.0,0.953,1.950681043066311,0.0
27853,2025-06-05T19:00:00.000000000,1.387,0.0,0.0,0.94,2.2692492963435167,0.0
27853,2025-06-05T20:00:00.000000000,1.3940000000000001,0.0,0.0,0.9269999999999999,1.653506977911678,0.0
27853,2025-06-05T21:00:00.000000000,1.339,0.0,0.0,0.87,0.8639735148677111,0.0
27853,2025-06-05T22:00:00.000000000,1.1520000000000001,0.0,0.0,0.7989999999999999,1.0814322489355,0.0
27853,2025-06-05T23:00:00.000000000,1.032,0.0,0.0,0.6960000000000001,0.7230063301148723,0.0
27853,2025-06-06T00:00:00.000000000,0.7650000000000001,0.0,0.0,0.44699999999999995,1.6359227137013446,0.0
27853,2025-06-06T01:00:00.000000000,0.614,0.0,0.0,0.294,1.1749219203204389,0.0
27853,2025-06-06T02:00:00.000000000,0.498,0.0,0.0,0.189,1.2130211594428277,0.0
27853,2025-06-06T03:00:00.000000000,0.41500000000000004,0.0,0.0,0.13,0.3235504614701334,0.0
27853,2025-06-06T04:00:00.000000000,0.373,0.0,0.0,0.063,0.0,0.0
27853,2025-06-06T05:00:00.000000000,0.335,0.0,0.0,0.034999999999999996,0.3235504614701334,0.0
27853,2025-06-06T06:00:00.000000000,0.311,0.003,0.0,0.012,0.0,0.0
27853,2025-06-06T07:00:00.000000000,0.39899999999999997,0.10300000000000001,0.0,0.0,0.32355046147013333,0.0
27853,2025-06-06T08:00:00.000000000,0.524,0.228,0.0,0.0,0.0,0.0
27853,2025-06-06T09:00:00.000000000,0.477,0.177,0.0,0.0,0.3232573903999611,0.0
27853,2025-06-06T10:00:00.000000000,0.35,0.005,0.0,0.041999999999999996,0.0,0.0
27853,2025-06-06T11:00:00.000000000,0.488,0.0,0.0,0.165,0.3235504614701334,0.0
27853,2025-06-06T12:00:00.000000000,0.6559999999999999,0.0,0.0,0.35600000000000004,0.0,0.0
27853,2025-06-06T13:00:00.000000000,0.882,0.0,0.0,0.5830000000000001,0.3235504614701334,0.0
27853,2025-06-06T14:00:00.000000000,1.052,0.0,0.0,0.752,0.0,0.0
27853,2025-06-06T15:00:00.000000000,1.159,0.0,0.0,0.857,1.1886962606185334,0.0
27853,2025-06-06T16:00:00.000000000,1.188,0.0,0.0,0.888,0.0,0.0
27853,2025-06-06T17:00:00.000000000,1.188,0.0,0.0,0.888,0.3232573903999611,0.0
27853,2025-06-06T18:00:00.000000000,1.1849999999999998,0.0,0.0,0.882,0.0,0.0
27853,2025-06-06T19:00:00.000000000,1.175,0.0,0.0,0.864,0.3232573903999611,0.0
27853,2025-06-06T20:00:00.000000000,2.6550000000000002,0.0,0.0,0.829,0.0,0.0
27853,2025-06-06T21:00:00.000000000,1.663,0.0,0.0,0.774,0.3232573903999611,0.0
27853,2025-06-06T22:00:00.000000000,1.1509999999999998,0.0,0.0,0.684,0.0,0.0
27853,2025-06-06T23:00:00.000000000,0.94,0.0,0.0,0.43899999999999995,0.3235504614701334,0.0
27853,2025-06-07T00:00:00.000000000,0.658,0.0,0.0,0.217,3.962907010868789,0.0
27853,2025-06-07T01:00:00.000000000,0.491,0.0,0.0,0.159,0.6934061520274779,0.0
27853,2025-06-07T02:00:00.000000000,0.37700000000000006,0.0,0.0,0.07600000000000001,0.7402975232550333,0.0
27853,2025-06-07T03:00:00.000000000,0.32,0.005,0.0,0.015,0.0,0.0
27853,2025-06-07T04:00:00.000000000,0.55,0.241,0.0,0.0,0.3232573903999611,0.0
27853,2025-06-07T05:00:00.000000000,0.622,0.32,0.0,0.0,0.0,0.0
27853,2025-06-07T06:00:00.000000000,0.716,0.42,0.0,0.0,0.3232573903999611,0.0
27853,2025-06-07T07:00:00.000000000,0.832,0.537,0.0,0.0,0.0,0.0
27853,2025-06-07T08:00:00.000000000,0.982,0.6519999999999999,0.0,0.0,1.3627804763008333,0.0
27853,2025-06-07T09:00:00.000000000,0.9369999999999999,0.5569999999999999,0.0,0.0,0.8633873727273667,0.0
27853,2025-06-07T10:00:00.000000000,0.695,0.32499999999999996,0.0,0.0,1.182834839215089,0.0
27853,2025-06-07T11:00:00.000000000,0.34199999999999997,0.016,0.0,0.026,0.0,0.0
27853,2025-06-07T12:00:00.000000000,0.444,0.0,0.0,0.144,0.7971533108684445,0.0
27853,2025-06-07T13:00:00.000000000,0.6499999999999999,0.0,0.0,0.35000000000000003,0.6682020399926667,0.0
27853,2025-06-07T14:00:00.000000000,0.831,0.0,0.0,0.531,0.7974463819386167,0.0
27853,2025-06-07T15:00:00.000000000,0.982,0.0,0.0,0.681,0.3235504614701334,0.0
27853,2025-06-07T16:00:00.000000000,1.0310000000000001,0.0,0.0,0.7289999999999999,0.0,0.0
27853,2025-06-07T17:00:00.000000000,1.0190000000000001,0.0,0.0,0.718,0.3235504614701334,0.0
27853,2025-06-07T18:00:00.000000000,1.0070000000000001,0.0,0.0,0.704,0.0,0.0
27853,2025-06-07T19:00:00.000000000,0.966,0.0,0.0,0.656,0.3232573903999611,0.0
27853,2025-06-07T20:00:00.000000000,1.513,0.0,0.0,0.626,0.0,0.0
27853,2025-06-07T21:00:00.000000000,0.954,0.0,0.0,0.484,0.3235504614701334,0.0
27853,2025-06-07T22:00:00.000000000,0.8180000000000001,0.0,0.0,0.34900000000000003,0.0,0.0
27853,2025-06-07T23:00:00.000000000,0.552,0.0,0.0,0.177,0.3235504614701334,0.0
27853,2025-06-08T00:00:00.000000000,0.41700000000000004,0.0,0.0,0.097,0.3261881011016833,0.0
27853,2025-06-08T01:00:00.000000000,0.332,0.0,0.0,0.026000000000000002,0.7150934112202223,0.0
27853,2025-06-08T02:00:00.000000000,0.376,0.071,0.0,0.003,0.7218340458341833,0.0
27853,2025-06-08T03:00:00.000000000,0.52,0.219,0.0,0.0,0.0,0.0
27853,2025-06-08T04:00:00.000000000,0.7899999999999999,0.479,0.0,0.0,0.3232573903999611,0.0
27853,2025-06-08T05:00:00.000000000,0.848,0.547,0.0,0.0,0.0,0.0
27853,2025-06-08T06:00:00.000000000,0.927,0.631,0.0,0.0,0.3235504614701334,0.0
27853,2025-06-08T07:00:00.000000000,1.0230000000000001,0.7269999999999999,0.0,0.0,0.0,0.0
27853,2025-06-08T08:00:00.000000000,1.0510000000000002,0.7550000000000001,0.0,0.0,0.32325739039996115,0.0
27853,2025-06-08T09:00:00.000000000,0.967,0.645,0.0,0.0,0.0,0.0
27853,2025-06-08T10:00:00.000000000,0.6900000000000001,0.366,0.0,0.0,0.3232573903999611,0.0
27853,2025-06-08T11:00:00.000000000,0.35000000000000003,0.036,0.0,0.012,0.0,0.0
27853,2025-06-08T12:00:00.000000000,0.417,0.0,0.0,0.116,0.3235504614701334,0.0
27853,2025-06-08T13:00:00.000000000,0.5760000000000001,0.0,0.0,0.278,0.7968602397982721,0.0
27853,2025-06-08T14:00:00.000000000,0.777,0.0,0.0,0.477,0.21570030764675555,0.0
27853,2025-06-08T15:00:00.000000000,0.938,0.0,0.0,0.637,0.10755708275320555,0.0
27853,2025-06-08T16:00:00.000000000,2.492,0.0,0.0,0.73,0.3232573903999611,0.0
27853,2025-06-08T17:00:00.000000000,1.5599999999999998,0.0,0.0,0.74,0.0,0.0
27853,2025-06-08T18:00:00.000000000,1.082,0.0,0.0,0.667,0.3235504614701334,0.0
27853,2025-06-08T19:00:00.000000000,1.02,0.0,0.0,0.573,0.0,0.0
27853,2025-06-08T20:00:00.000000000,0.965,0.0,0.0,0.497,0.3235504614701334,0.0
27853,2025-06-08T21:00:00.000000000,0.875,0.0,0.0,0.40800000000000003,0.7432282339567555,0.0
27853,2025-06-08T22:00:00.000000000,0.78,0.0,0.0,0.311,1.0380577305500112,0.0
27853,2025-06-08T23:00:00.000000000,0.6729999999999999,0.0,0.0,0.17300000000000001,1.7464105071562723,0.0
27853,2025-06-09T00:00:00.000000000,0.555,0.0,0.0,0.11299999999999999,1.5937204795965443,0.0
27853,2025-06-09T01:00:00.000000000,0.42999999999999994,0.0,0.0,0.076,0.6898892991854112,0.0
27853,2025-06-09T02:00:00.000000000,0.335,0.0,0.0,0.027000000000000003,0.3235504614701334,0.0
27853,2025-06-09T03:00:00.000000000,0.346,0.045,0.0,0.0,0.0,0.0
27853,2025-06-09T04:00:00.000000000,0.6020000000000001,0.29300000000000004,0.0,0.0,0.32355046147013333,0.0
27853,2025-06-09T05:00:00.000000000,0.722,0.42100000000000004,0.0,0.0,0.7807413309388,0.0
27853,2025-06-09T06:00:00.000000000,0.847,0.561,0.0,0.0,0.0,0.0
27853,2025-06-09T07:00:00.000000000,1.06,0.7649999999999999,0.0,0.0,0.3235504614701334,0.0
27853,2025-06-09T08:00:00.000000000,1.214,0.915,0.0,0.0,0.0,0.0
27853,2025-06-09T09:00:00.000000000,1.1219999999999999,0.8220000000000001,0.0,0.0,0.3235504614701334,0.0
27853,2025-06-09T10:00:00.000000000,0.679,0.378,0.0,0.0,0.0,0.0
27853,2025-06-09T11:00:00.000000000,0.348,0.007,0.0,0.04,0.3232573903999611,0.0
27853,2025-06-09T12:00:00.000000000,0.496,0.0,0.0,0.196,0.0,0.0
27853,2025-06-09T13:00:00.000000000,0.7979999999999999,0.0,0.0,0.431,0.3235504614701334,0.0
27853,2025-06-09T14:00:00.000000000,1.0270000000000001,0.0,0.0,0.631,0.0,0.0
27853,2025-06-09T15:00:00.000000000,1.143,0.0,0.0,0.746,0.3235504614701334,0.0
27853,2025-06-09T16:00:00.000000000,1.162,0.0,0.0,0.77,0.0,0.0
27853,2025-06-09T17:00:00.000000000,1.1729999999999998,0.0,0.0,0.7750000000000001,0.3232573903999611,0.0
27853,2025-06-09T18:00:00.000000000,1.202,0.0,0.0,0.786,1.0345408777079446,0.0
27853,2025-06-09T19:00:00.000000000,1.219,0.0,0.0,0.7729999999999999,0.3232573903999611,0.0
27853,2025-06-09T20:00:00.000000000,1.2,0.0,0.0,0.732,0.0,0.0
27853,2025-06-09T21:00:00.000000000,1.054,0.0,0.0,0.664,0.3232573903999611,0.0
27853,2025-06-09T22:00:00.000000000,0.7490000000000001,0.0,0.0,0.43499999999999994,0.8630943016571944,0.0
27853,2025-06-09T23:00:00.000000000,0.596,0.0,0.0,0.21800000000000003,0.7083527766062612,0.0
27853,2025-06-10T00:00:00.000000000,0.5720000000000001,0.0,0.0,0.131,1.5755500732458667,0.0
27853,2025-06-10T01:00:00.000000000,0.395,0.0,0.0,0.064,0.3232573903999611,0.0
27853,2025-06-10T02:00:00.000000000,0.39399999999999996,0.09,0.0,0.002,0.0,0.0
27853,2025-06-10T03:00:00.000000000,0.6440000000000001,0.34400000000000003,0.0,0.0,0.3235504614701334,0.0
27853,2025-06-10T04:00:00.000000000,1.048,0.738,0.0,0.0,0.3449446495927056,0.0
27853,2025-06-10T05:00:00.000000000,1.112,0.8099999999999999,0.0,0.0,0.3235504614701334,0.0
27853,2025-06-10T06:00:00.000000000,1.2009999999999998,0.905,0.0,0.0,0.0,0.0
27853,2025-06-10T07:00:00.000000000,1.322,1.0270000000000001,0.0,0.0,0.3232573903999611,0.0
27853,2025-06-10T08:00:00.000000000,1.346,1.049,0.0,0.0,0.0,0.0
27853,2025-06-10T09:00:00.000000000,1.1520000000000001,0.8519999999999999,0.0,0.0,0.3235504614701334,0.0
27853,2025-06-10T10:00:00.000000000,0.668,0.342,0.0,0.0,0.0,0.0
27853,2025-06-10T11:00:00.000000000,0.451,0.0,0.0,0.059,0.3235504614701334,0.0
27853,2025-06-10T12:00:00.000000000,0.621,0.0,0.0,0.23199999999999998,0.0,0.0
27853,2025-06-10T13:00:00.000000000,0.758,0.0,0.0,0.438,0.3232573903999611,0.0
27853,2025-06-10T14:00:00.000000000,0.9289999999999999,0.0,0.0,0.627,0.0,0.0
27853,2025-06-10T15:00:00.000000000,1.0390000000000001,0.0,0.0,0.7370000000000001,0.3232573903999611,0.0
27853,2025-06-10T16:00:00.000000000,1.057,0.0,0.0,0.756,0.3232573903999611,0.0
27853,2025-06-10T17:00:00.000000000,1.0670000000000002,0.0,0.0,0.766,0.0,0.0
27853,2025-06-10T18:00:00.000000000,1.109,0.0,0.0,0.7770000000000001,0.3232573903999611,0.0
27853,2025-06-10T19:00:00.000000000,1.227,0.0,0.0,0.78,1.1804902706537113,0.0
27853,2025-06-10T20:00:00.000000000,1.228,0.0,0.0,0.76,1.1174799905666832,0.0
27853,2025-06-10T21:00:00.000000000,1.1789999999999998,0.0,0.0,0.712,0.7101112030272945,0.0
27853,2025-06-10T22:00:00.000000000,0.999,0.0,0.0,0.531,2.0186735313462667,0.0
27853,2025-06-10T23:00:00.000000000,0.7510000000000001,0.0,0.0,0.292,1.1661297882152724,0.0
27853,2025-06-11T00:00:00.000000000,0.5720000000000001,0.0,0.0,0.17400000000000002,1.1089809295316888,0.0
27853,2025-06-11T01:00:00.000000000,0.45099999999999996,0.0,0.0,0.097,0.0,0.0
27853,2025-06-11T02:00:00.000000000,0.43599999999999994,0.11499999999999999,0.0,0.012,1.6092532463156723,0.0
27853,2025-06-11T03:00:00.000000000,0.593,0.29200000000000004,0.0,0.0,0.0,0.0
27853,2025-06-11T04:00:00.000000000,1.029,0.719,0.0,0.0,0.3232573903999611,0.0
27853,2025-06-11T05:00:00.000000000,1.152,0.851,0.0,0.0,0.0,0.0
27853,2025-06-11T06:00:00.000000000,1.29,0.994,0.0,0.0,0.3235504614701334,0.0
27853,2025-06-11T07:00:00.000000000,1.471,1.176,0.0,0.0,0.0,0.0
27853,2025-06-11T08:00:00.000000000,1.6430000000000002,1.314,0.0,0.0,0.7883611787632778,0.0
27853,2025-06-11T09:00:00.000000000,1.4900000000000002,1.111,0.0,0.0,0.3235504614701334,0.0
27853,2025-06-11T10:00:00.000000000,0.9530000000000001,0.652,0.0,0.0,0.0,0.0
27853,2025-06-11T11:00:00.000000000,0.385,0.068,0.0,0.015,0.3235504614701334,0.0
27853,2025-06-11T12:00:00.000000000,0.46,0.0,0.0,0.159,0.3449446495927056,0.0
27853,2025-06-11T13:00:00.000000000,0.673,0.0,0.0,0.373,1.552104387632089,0.0
27853,2025-06-11T14:00:00.000000000,0.922,0.0,0.0,0.6200000000000001,0.0,0.0
27853,2025-06-11T15:00:00.000000000,1.085,0.0,0.0,0.784,0.3232573903999611,0.0
27853,2025-06-11T16:00:00.000000000,1.112,0.0,0.0,0.81,0.0,0.0
27853,2025-06-11T17:00:00.000000000,1.127,0.0,0.0,0.826,0.3232573903999611,0.0
27853,2025-06-11T18:00:00.000000000,2.63,0.0,0.0,0.847,0.0,0.0
27853,2025-06-11T19:00:00.000000000,1.713,0.0,0.0,0.844,0.3229643193297889,0.0
27853,2025-06-11T20:00:00.000000000,1.242,0.0,0.0,0.813,0.0,0.0
27853,2025-06-11T21:00:00.000000000,1.115,0.0,0.0,0.762,0.3229643193297889,0.0
27853,2025-06-11T22:00:00.000000000,1.1560000000000001,0.0,0.0,0.689,0.7139211269395334,0.0
27853,2025-06-11T23:00:00.000000000,0.9289999999999999,0.0,0.0,0.43,0.6898892991854112,0.0
27853,2025-06-12T00:00:00.000000000,0.7000000000000001,0.0,0.0,0.26,0.7429351628865833,0.0
27853,2025-06-12T01:00:00.000000000,0.44999999999999996,0.0,0.0,0.144,0.0,0.0
27853,2025-06-12T02:00:00.000000000,0.334,0.0,0.0,0.033,0.7165587665710833,0.0
27853,2025-06-12T03:00:00.000000000,0.453,0.153,0.0,0.0,0.0,0.0
27853,2025-06-12T04:00:00.000000000,0.861,0.551,0.0,0.0,0.3232573903999611,0.0
27853,2025-06-12T05:00:00.000000000,0.944,0.642,0.0,0.0,0.0,0.0
27853,2025-06-12T06:00:00.000000000,1.056,0.76,0.0,0.0,0.3235504614701334,0.0
27853,2025-06-12T07:00:00.000000000,1.293,1.0,0.0,0.0,1.1989537480745611,0.0
27853,2025-06-12T08:00:00.000000000,1.649,0.901,0.0,0.0,0.0,0.0
27853,2025-06-12T09:00:00.000000000,2.4469999999999996,0.125,0.0,0.0,1.1822486970747446,0.0
27853,2025-06-12T10:00:00.000000000,1.3509999999999998,0.083,0.0,0.031,1.5743777889651778,0.0
27853,2025-06-12T11:00:00.000000000,0.394,0.021,0.0,0.049,1.6933646434551002,0.0
27853,2025-06-12T12:00:00.000000000,0.5670000000000001,0.0,0.0,0.266,0.3235504614701334,0.0
27853,2025-06-12T13:00:00.000000000,0.852,0.0,0.0,0.553,0.3449446495927056,0.0
27853,2025-06-12T14:00:00.000000000,1.085,0.0,0.0,0.7839999999999999,0.3235504614701334,0.0
27853,2025-06-12T15:00:00.000000000,1.148,0.0,0.0,0.846,0.0,0.0
27853,2025-06-12T16:00:00.000000000,1.172,0.0,0.0,0.871,0.32296431932978886,0.0
27853,2025-06-12T17:00:00.000000000,1.178,0.0,0.0,0.878,0.0,0.0
27853,2025-06-12T18:00:00.000000000,2.217,0.0,0.0,0.895,0.3226712482596167,0.0
27853,2025-06-12T19:00:00.000000000,1.357,0.0,0.0,0.91,0.0,0.0
27853,2025-06-12T20:00:00.000000000,1.3699999999999999,0.0,0.0,0.902,0.0,0.0
27853,2025-06-12T21:00:00.000000000,1.3150000000000002,0.0,0.0,0.848,0.3226712482596167,0.0
27853,2025-06-12T22:00:00.000000000,1.25,0.0,0.0,0.78,1.5055060874747055,0.0
27853,2025-06-12T23:00:00.000000000,1.211,0.0,0.0,0.709,0.7400044521848612,0.0
27853,2025-06-13T00:00:00.000000000,0.802,0.0,0.0,0.483,0.0,0.0
27853,2025-06-13T01:00:00.000000000,0.608,0.0,0.0,0.302,0.3232573903999611,0.0
27853,2025-06-13T02:00:00.000000000,0.483,0.0,0.0,0.18100000000000002,0.3449446495927056,0.0
27853,2025-06-13T03:00:00.000000000,0.39,0.0,0.0,0.09,0.0,0.0
27853,2025-06-13T04:00:00.000000000,0.451,0.132,0.0,0.009,0.3235504614701334,0.0
27853,2025-06-13T05:00:00.000000000,0.5820000000000001,0.281,0.0,0.0,0.0,0.0
27853,2025-06-13T06:00:00.000000000,0.7579999999999999,0.462,0.0,0.0,0.3235504614701334,0.0
27853,2025-06-13T07:00:00.000000000,1.015,0.731,0.0,0.0,1.2306054236531612,0.0
27853,2025-06-13T08:00:00.000000000,1.2489999999999999,0.931,0.0,0.0,2.0975096492225944,0.0
27853,2025-06-13T09:00:00.000000000,1.1059999999999999,0.8049999999999999,0.0,0.0,0.0,0.0
27853,2025-06-13T10:00:00.000000000,0.647,0.34500000000000003,0.0,0.0,0.3235504614701334,0.0
27853,2025-06-13T11:00:00.000000000,0.373,0.002,0.0,0.024,2.5274449091652444,0.0
27853,2025-06-13T12:00:00.000000000,0.544,0.0,0.0,0.24599999999999997,0.681683309220589,0.0
27853,2025-06-13T13:00:00.000000000,0.837,0.0,0.0,0.537,0.3235504614701334,0.0
27853,2025-06-13T14:00:00.000000000,1.133,0.0,0.0,0.832,0.0,0.0
27853,2025-06-13T15:00:00.000000000,1.238,0.0,0.0,0.9359999999999999,0.3232573903999611,0.0
27853,2025-06-13T16:00:00.000000000,1.262,0.0,0.0,0.961,0.0,0.0
27853,2025-06-13T17:00:00.000000000,1.2550000000000001,0.0,0.0,0.955,0.3229643193297889,0.0
27853,2025-06-13T18:00:00.000000000,1.29,0.0,0.0,0.9279999999999999,0.0,0.0
27853,2025-06-13T19:00:00.000000000,1.986,0.0,0.0,0.898,0.6764080299574889,0.0
27853,2025-06-13T20:00:00.000000000,2.063,0.0,0.0,0.87,0.3226712482596167,0.0
27853,2025-06-13T21:00:00.000000000,1.2890000000000001,0.0,0.0,0.8220000000000001,0.0,0.0
27853,2025-06-13T22:00:00.000000000,1.251,0.0,0.0,0.7810000000000001,0.7382460257638278,0.0
27853,2025-06-13T23:00:00.000000000,1.2269999999999999,0.0,0.0,0.726,1.6564376886134,0.0
27853,2025-06-14T00:00:00.000000000,0.9719999999999999,0.0,0.0,0.532,0.7575887163951944,0.0
27853,2025-06-14T01:00:00.000000000,0.6990000000000001,0.0,0.0,0.34600000000000003,0.0,0.0
27853,2025-06-14T02:00:00.000000000,0.529,0.0,0.0,0.22099999999999997,0.3232573903999611,0.0
27853,2025-06-14T03:00:00.000000000,0.41400000000000003,0.0,0.0,0.131,0.3235504614701334,0.0
27853,2025-06-14T04:00:00.000000000,0.347,0.020999999999999998,0.0,0.021,0.0,0.0
27853,2025-06-14T05:00:00.000000000,0.369,0.068,0.0,0.0,0.3235504614701334,0.0
27853,2025-06-14T06:00:00.000000000,0.46799999999999997,0.17200000000000001,0.0,0.0,0.3232573903999611,0.0
27853,2025-06-14T07:00:00.000000000,0.646,0.35,0.0,0.0,0.7136280558693611,0.0
27853,2025-06-14T08:00:00.000000000,0.7150000000000001,0.40700000000000003,0.0,0.0,0.0,0.0
27853,2025-06-14T09:00:00.000000000,0.645,0.26699999999999996,0.0,0.0,0.3235504614701334,0.0
27853,2025-06-14T10:00:00.000000000,0.365,0.047,0.0,0.016,0.0,0.0
27853,2025-06-14T11:00:00.000000000,0.431,0.0,0.0,0.13,0.3235504614701334,0.0
27853,2025-06-14T12:00:00.000000000,0.655,0.0,0.0,0.35600000000000004,0.0,0.0
27853,2025-06-14T13:00:00.000000000,0.9420000000000001,0.0,0.0,0.644,2.0893036592577725,0.0
27853,2025-06-14T14:00:00.000000000,1.2029999999999998,0.0,0.0,0.902,0.0,0.0
27853,2025-06-14T15:00:00.000000000,1.247,0.0,0.0,0.9460000000000001,0.3232573903999611,0.0
27853,2025-06-14T16:00:00.000000000,1.292,0.0,0.0,0.991,0.0,0.0
27853,2025-06-14T17:00:00.000000000,1.3030000000000002,0.0,0.0,1.002,0.3226712482596167,0.0
27853,2025-06-14T18:00:00.000000000,1.313,0.0,0.0,1.01,0.0,0.0
27853,2025-06-14T19:00:00.000000000,1.3,0.0,0.0,0.99,0.0,0.0
27853,2025-06-14T20:00:00.000000000,1.3010000000000002,0.0,0.0,0.948,0.3226712482596167,0.0
27853,2025-06-14T21:00:00.000000000,2.117,0.0,0.0,0.88,0.3499268577856333,0.0
27853,2025-06-14T22:00:00.000000000,1.882,0.0,0.0,0.817,1.0365923751991502,0.0
27853,2025-06-14T23:00:00.000000000,1.262,0.0,0.0,0.762,1.040695370181561,0.0
27853,2025-06-15T00:00:00.000000000,1.018,0.0,0.0,0.7000000000000001,1.6552654043327113,0.0
27853,2025-06-15T01:00:00.000000000,0.7630000000000001,0.0,0.0,0.457,1.0374715884096666,0.0
27853,2025-06-15T02:00:00.000000000,0.554,0.0,0.0,0.252,1.477371264738172,0.0
27853,2025-06-15T03:00:00.000000000,0.43699999999999994,0.0,0.0,0.13699999999999998,0.3232573903999611,0.0
27853,2025-06-15T04:00:00.000000000,0.39399999999999996,0.068,0.0,0.016,0.0,0.0
27853,2025-06-15T05:00:00.000000000,0.47200000000000003,0.17099999999999999,0.0,0.0,0.3232573903999611,0.0
27853,2025-06-15T06:00:00.000000000,0.665,0.369,0.0,0.0,0.0,0.0
27853,2025-06-15T07:00:00.000000000,0.887,0.5910000000000001,0.0,0.0,0.3235504614701334,0.0
27853,2025-06-15T08:00:00.000000000,1.022,0.726,0.0,0.0,0.0,0.0
27853,2025-06-15T09:00:00.000000000,0.9329999999999999,0.634,0.0,0.0,0.3235504614701334,0.0
27853,2025-06-15T10:00:00.000000000,0.5019999999999999,0.199,0.0,0.002,0.0,0.0
27853,2025-06-15T11:00:00.000000000,0.411,0.0,0.0,0.11,0.3232573903999611,0.0
27853,2025-06-15T12:00:00.000000000,0.687,0.0,0.0,0.389,0.0,0.0
27853,2025-06-15T13:00:00.000000000,1.053,0.0,0.0,0.755,0.3235504614701334,0.0
27853,2025-06-15T14:00:00.000000000,1.2189999999999999,0.0,0.0,0.918,0.0,0.0
27853,2025-06-15T15:00:00.000000000,1.282,0.0,0.0,0.981,0.3232573903999611,0.0
27853,2025-06-15T16:00:00.000000000,1.312,0.0,0.0,1.012,0.0,0.0
27853,2025-06-15T17:00:00.000000000,1.306,0.0,0.0,1.005,0.3226712482596167,0.0
27853,2025-06-15T18:00:00.000000000,1.305,0.0,0.0,1.0,0.0,0.0
27853,2025-06-15T19:00:00.000000000,1.3170000000000002,0.0,0.0,1.008,0.3226712482596167,0.0
27853,2025-06-15T20:00:00.000000000,2.776,0.0,0.0,0.979,0.0,0.0
27853,2025-06-15T21:00:00.000000000,2.778,0.0,0.0,0.9169999999999999,0.0,0.0
27853,2025-06-15T22:00:00.000000000,1.2990000000000002,0.0,0.0,0.831,0.3226712482596167,0.0
27853,2025-06-15T23:00:00.000000000,1.264,0.0,0.0,0.7630000000000001,0.34435850745236113,0.0
27853,2025-06-16T00:00:00.000000000,1.161,0.0,0.0,0.7209999999999999,3.133808953351572,0.0
27853,2025-06-16T01:00:00.000000000,0.8859999999999999,0.0,0.0,0.532,1.1834209813554335,0.0
27853,2025-06-16T02:00:00.000000000,0.62,0.0,0.0,0.312,0.9480849120071388,0.0
27853,2025-06-16T03:00:00.000000000,0.475,0.0,0.0,0.17500000000000002,0.4703790676264167,0.0
27853,2025-06-16T04:00:00.000000000,0.366,0.020999999999999998,0.0,0.036,0.36897647734682776,0.0
27853,2025-06-16T05:00:00.000000000,0.374,0.072,0.0,0.0,0.3235504614701334,0.0
27853,2025-06-16T06:00:00.000000000,0.524,0.22799999999999998,0.0,0.0,0.0,0.0
27853,2025-06-16T07:00:00.000000000,0.706,0.41,0.0,0.0,0.3235504614701334,0.0
27853,2025-06-16T08:00:00.000000000,0.91,0.6,0.0,0.0,0.8543021695520278,0.0
27853,2025-06-16T09:00:00.000000000,1.076,0.6970000000000001,0.0,0.0,3.612394010942811,0.0
27853,2025-06-16T10:00:00.000000000,0.496,0.17400000000000002,0.0,0.0,0.25819561282172776,0.0
27853,2025-06-16T11:00:00.000000000,0.39899999999999997,0.0,0.0,0.097,0.3232573903999611,0.0
27853,2025-06-16T12:00:00.000000000,0.633,0.0,0.0,0.333,0.0,0.0
27853,2025-06-16T13:00:00.000000000,0.901,0.0,0.0,0.603,0.7139211269395334,0.0
27853,2025-06-16T14:00:00.000000000,1.189,0.0,0.0,0.816,0.3235504614701334,0.0
27853,2025-06-16T15:00:00.000000000,1.2429999999999999,0.0,0.0,0.846,0.0,0.0
27853,2025-06-16T16:00:00.000000000,1.214,0.0,0.0,0.821,0.3232573903999611,0.0
27853,2025-06-16T17:00:00.000000000,1.197,0.0,0.0,0.7990000000000002,0.0,0.0
27853,2025-06-16T18:00:00.000000000,1.206,0.0,0.0,0.79,0.3229643193297889,0.0
27853,2025-06-16T19:00:00.000000000,1.214,0.0,0.0,0.7669999999999999,0.7936364580263778,0.0
27853,2025-06-16T20:00:00.000000000,1.077,0.0,0.0,0.728,1.67490116603425,0.0
27853,2025-06-16T21:00:00.000000000,0.993,0.0,0.0,0.678,0.0,0.0
27853,2025-06-16T22:00:00.000000000,1.0010000000000001,0.0,0.0,0.533,1.2045220984078333,0.0
27853,2025-06-16T23:00:00.000000000,0.7890000000000001,0.0,0.0,0.288,0.3446515785225333,0.0
27853,2025-06-17T00:00:00.000000000,0.611,0.0,0.0,0.198,0.3235504614701334,0.0
27853,2025-06-17T01:00:00.000000000,0.43100000000000005,0.0,0.0,0.126,0.0,0.0
27853,2025-06-17T02:00:00.000000000,0.35800000000000004,0.0,0.0,0.055,0.7203686904833223,0.0
27853,2025-06-17T03:00:00.000000000,0.325,0.0,0.0,0.025,0.3235504614701334,0.0
27853,2025-06-17T04:00:00.000000000,0.41,0.099,0.0,0.002,0.0,0.0
27853,2025-06-17T05:00:00.000000000,0.376,0.074,0.0,0.0,0.3235504614701334,0.0
27853,2025-06-17T06:00:00.000000000,0.381,0.085,0.0,0.0,0.17408421568229998,0.0
27853,2025-06-17T07:00:00.000000000,0.421,0.125,0.0,0.0,0.14917317471766112,0.0
27853,2025-06-17T08:00:00.000000000,0.46699999999999997,0.16999999999999998,0.0,0.0,0.3232573903999611,0.0
27853,2025-06-17T09:00:00.000000000,0.474,0.175,0.0,0.0,0.0,0.0
27853,2025-06-17T10:00:00.000000000,0.441,0.138,0.0,0.0,0.3235504614701334,0.0
27853,2025-06-17T11:00:00.000000000,0.895,0.019,0.0,0.054,0.0,0.0
27853,2025-06-17T12:00:00.000000000,0.437,0.0,0.0,0.047999999999999994,0.3235504614701334,0.0
27853,2025-06-17T13:00:00.000000000,0.475,0.0,0.0,0.087,0.0,0.0
27853,2025-06-17T14:00:00.000000000,0.534,0.0,0.0,0.139,0.3232573903999611,0.0
27853,2025-06-17T15:00:00.000000000,0.597,0.0,0.0,0.20099999999999998,0.3446515785225333,0.0
27853,2025-06-17T16:00:00.000000000,0.6639999999999999,0.0,0.0,0.271,0.0,0.0
27853,2025-06-17T17:00:00.000000000,0.714,0.0,0.0,0.313,0.738539096834,0.0
27853,2025-06-17T18:00:00.000000000,0.7450000000000001,0.0,0.0,0.329,0.3235504614701334,0.0
27853,2025-06-17T19:00:00.000000000,1.101,0.0,0.0,0.33999999999999997,0.33556637534719447,0.0
27853,2025-06-17T20:00:00.000000000,0.95,0.0,0.0,0.341,1.4559770766156002,0.0
27853,2025-06-17T21:00:00.000000000,0.7850000000000001,0.0,0.0,0.318,1.9158055857158167,0.0
27853,2025-06-17T22:00:00.000000000,0.7509999999999999,0.0,0.0,0.28300000000000003,1.0105090499538223,0.0
27853,2025-06-17T23:00:00.000000000,0.653,0.0,0.0,0.153,1.1948507530921502,0.0
27853,2025-06-18T00:00:00.000000000,0.567,0.0,0.0,0.127,0.6837348067117944,0.0
27853,2025-06-18T01:00:00.000000000,0.43999999999999995,0.0,0.0,0.08700000000000001,0.0,0.0
27853,2025-06-18T02:00:00.000000000,0.34900000000000003,0.0,0.0,0.041,0.3235504614701334,0.0
27853,2025-06-18T03:00:00.000000000,0.314,0.0,0.0,0.013000000000000001,0.0,0.0
27853,2025-06-18T04:00:00.000000000,0.432,0.123,0.0,0.0,0.3235504614701334,0.0
27853,2025-06-18T05:00:00.000000000,0.431,0.129,0.0,0.0,0.0,0.0
27853,2025-06-18T06:00:00.000000000,0.496,0.201,0.0,0.0,1.0620895583041334,0.0
27853,2025-06-18T07:00:00.000000000,0.504,0.208,0.0,0.0,0.0,0.0
27853,2025-06-18T08:00:00.000000000,1.869,0.057,0.0,0.08700000000000001,0.8103415090261945,0.0
27853,2025-06-18T09:00:00.000000000,1.3499999999999999,0.03,0.0,0.08,0.3235504614701334,0.0
27853,2025-06-18T10:00:00.000000000,0.35200000000000004,0.049999999999999996,0.0,0.0,0.0,0.0
27853,2025-06-18T11:00:00.000000000,0.318,0.0,0.0,0.017,0.32355046147013333,0.0
27853,2025-06-18T12:00:00.000000000,0.335,0.0,0.0,0.034999999999999996,1.6505762672099555,0.0
27853,2025-06-18T13:00:00.000000000,0.449,0.0,0.0,0.15,1.2590333174598667,0.0
27853,2025-06-18T14:00:00.000000000,0.6950000000000001,0.0,0.0,0.39299999999999996,0.0,0.0
27853,2025-06-18T15:00:00.000000000,0.913,0.0,0.0,0.6110000000000001,0.3235504614701334,0.0
27853,2025-06-18T16:00:00.000000000,1.0150000000000001,0.0,0.0,0.7149999999999999,0.0,0.0
27853,2025-06-18T17:00:00.000000000,1.0270000000000001,0.0,0.0,0.726,0.3232573903999611,0.0
27853,2025-06-18T18:00:00.000000000,1.029,0.0,0.0,0.7250000000000001,0.0,0.0
27853,2025-06-18T19:00:00.000000000,1.056,0.0,0.0,0.71,1.1365296101278777,0.0
27853,2025-06-18T20:00:00.000000000,1.047,0.0,0.0,0.6940000000000001,0.7194894772728055,0.0
27853,2025-06-18T21:00:00.000000000,1.057,0.0,0.0,0.589,0.0,0.0
27853,2025-06-18T22:00:00.000000000,0.8899999999999999,0.0,0.0,0.41999999999999993,1.1787318442326777,0.0
27853,2025-06-18T23:00:00.000000000,0.621,0.0,0.0,0.245,0.3235504614701334,0.0
27853,2025-06-19T00:00:00.000000000,0.481,0.0,0.0,0.162,0.6893031570450666,0.0
27853,2025-06-19T01:00:00.000000000,0.41000000000000003,0.0,0.0,0.10500000000000001,0.6919407966766167,0.0
27853,2025-06-19T02:00:00.000000000,0.364,0.0,0.0,0.062,0.0,0.0
27853,2025-06-19T03:00:00.000000000,0.326,0.0,0.0,0.027,0.3235504614701334,0.0
27853,2025-06-19T04:00:00.000000000,0.412,0.099,0.0,0.003,0.0052752792631,0.0
27853,2025-06-19T05:00:00.000000000,0.398,0.096,0.0,0.0,0.3182751822070334,0.0
27853,2025-06-19T06:00:00.000000000,0.431,0.135,0.0,0.0,0.3232573903999611,0.0
27853,2025-06-19T07:00:00.000000000,0.478,0.182,0.0,0.0,0.0,0.0
27853,2025-06-19T08:00:00.000000000,0.511,0.214,0.0,0.0,0.3235504614701334,0.0
27853,2025-06-19T09:00:00.000000000,0.556,0.234,0.0,0.0,0.8375971185522112,0.0
27853,2025-06-19T10:00:00.000000000,0.515,0.12100000000000001,0.0,0.0,0.8235297071839445,0.0
27853,2025-06-19T11:00:00.000000000,0.401,0.04,0.0,0.012,0.8323218392891111,0.0
27853,2025-06-19T12:00:00.000000000,0.375,0.0,0.0,0.075,0.3235504614701334,0.0
27853,2025-06-19T13:00:00.000000000,0.5690000000000001,0.0,0.0,0.27,0.7936364580263778,0.0
27853,2025-06-19T14:00:00.000000000,0.8099999999999999,0.0,0.0,0.509,0.7136280558693611,0.0
27853,2025-06-19T15:00:00.000000000,0.97,0.0,0.0,0.6679999999999999,0.32355046147013333,0.0
27853,2025-06-19T16:00:00.000000000,1.071,0.0,0.0,0.7490000000000001,0.0,0.0
27853,2025-06-19T17:00:00.000000000,1.167,0.0,0.0,0.7669999999999999,0.3232573903999611,0.0
27853,2025-06-19T18:00:00.000000000,1.196,0.0,0.0,0.78,0.0,0.0
27853,2025-06-19T19:00:00.000000000,1.2189999999999999,0.0,0.0,0.772,0.3232573903999611,0.0
27853,2025-06-19T20:00:00.000000000,1.212,0.0,0.0,0.7429999999999999,0.0,0.0
27853,2025-06-19T21:00:00.000000000,1.1360000000000001,0.0,0.0,0.67,0.7933433869562055,0.0
27853,2025-06-19T22:00:00.000000000,0.9269999999999999,0.0,0.0,0.45899999999999996,1.507264513895739,0.0
27853,2025-06-19T23:00:00.000000000,0.647,0.0,0.0,0.23,0.8584051645344388,0.0
27853,2025-06-20T00:00:00.000000000,0.486,0.0,0.0,0.11399999999999999,2.0204319577673,0.0
27853,2025-06-20T01:00:00.000000000,0.36500000000000005,0.0,0.0,0.059000000000000004,0.3232573903999611,0.0
27853,2025-06-20T02:00:00.000000000,0.377,0.07200000000000001,0.0,0.002,0.0,0.0
27853,2025-06-20T03:00:00.000000000,0.532,0.231,0.0,0.0,0.3235504614701334,0.0
27853,2025-06-20T04:00:00.000000000,0.742,0.432,0.0,0.0,0.0,0.0
27853,2025-06-20T05:00:00.000000000,0.7020000000000001,0.402,0.0,0.0,0.3235504614701334,0.0
27853,2025-06-20T06:00:00.000000000,0.6969999999999998,0.401,0.0,0.0,0.0,0.0
27853,2025-06-20T07:00:00.000000000,0.755,0.46,0.0,0.0,0.7027844262729889,0.0
27853,2025-06-20T08:00:00.000000000,0.784,0.45899999999999996,0.0,0.0,0.7206617615534945,0.0
27853,2025-06-20T09:00:00.000000000,0.848,0.47000000000000003,0.0,0.0,2.0711332529070945,0.0
27853,2025-06-20T10:00:00.000000000,0.523,0.17099999999999999,0.0,0.004,0.760812498167089,0.0
27853,2025-06-20T11:00:00.000000000,0.36800000000000005,0.0,0.0,0.044000000000000004,0.8581120934642666,0.0
27853,2025-06-20T12:00:00.000000000,0.465,0.0,0.0,0.166,1.5869798449825834,0.0
27853,2025-06-20T13:00:00.000000000,0.665,0.0,0.0,0.366,1.2024706009166277,0.0
27853,2025-06-20T14:00:00.000000000,0.9109999999999999,0.0,0.0,0.6080000000000001,0.3235504614701334,0.0
27853,2025-06-20T15:00:00.000000000,1.073,0.0,0.0,0.7729999999999999,0.0,0.0
27853,2025-06-20T16:00:00.000000000,1.084,0.0,0.0,0.784,0.3232573903999611,0.0
27853,2025-06-20T17:00:00.000000000,1.084,0.0,0.0,0.784,0.0,0.0
27853,2025-06-20T18:00:00.000000000,1.089,0.0,0.0,0.7850000000000001,0.3232573903999611,0.0
27853,2025-06-20T19:00:00.000000000,1.1280000000000001,0.0,0.0,0.7810000000000001,0.0,0.0
27853,2025-06-20T20:00:00.000000000,1.23,0.0,0.0,0.762,0.3232573903999611,0.0
27853,2025-06-20T21:00:00.000000000,1.191,0.0,0.0,0.724,0.0,0.0
27853,2025-06-20T22:00:00.000000000,0.993,0.0,0.0,0.524,1.5658787279301836,0.0
27853,2025-06-20T23:00:00.000000000,0.728,0.0,0.0,0.311,0.3446515785225333,0.0
27853,2025-06-21T00:00:00.000000000,0.503,0.0,0.0,0.18300000000000002,0.6893031570450666,0.0
27853,2025-06-21T01:00:00.000000000,0.406,0.0,0.0,0.10099999999999999,0.0,0.0
27853,2025-06-21T02:00:00.000000000,0.353,0.031,0.0,0.02,0.6919407966766167,0.0
27853,2025-06-21T03:00:00.000000000,0.476,0.175,0.0,0.0,0.0,0.0
27853,2025-06-21T04:00:00.000000000,0.87,0.558,0.0,0.0,0.3235504614701334,0.0
27853,2025-06-21T05:00:00.000000000,0.987,0.687,0.0,0.0,0.0,0.0
27853,2025-06-21T06:00:00.000000000,1.121,0.825,0.0,0.0,0.3235504614701334,0.0
27853,2025-06-21T07:00:00.000000000,1.362,1.076,0.0,0.0,1.6148215966489445,0.0
27853,2025-06-21T08:00:00.000000000,1.4109999999999998,1.0950000000000002,0.0,0.0,0.3566674923995945,0.0
27853,2025-06-21T09:00:00.000000000,1.286,0.987,0.0,0.0,0.3235504614701334,0.0
27853,2025-06-21T10:00:00.000000000,0.8490000000000001,0.5469999999999999,0.0,0.0,0.0,0.0
27853,2025-06-21T11:00:00.000000000,0.36400000000000005,0.056999999999999995,0.0,0.005,1.256981819968661,0.0
27853,2025-06-21T12:00:00.000000000,0.548,0.0,0.0,0.183,1.1168938484263389,0.0
27853,2025-06-21T13:00:00.000000000,0.762,0.0,0.0,0.441,0.0,0.0
27853,2025-06-21T14:00:00.000000000,0.991,0.0,0.0,0.69,0.3232573903999611,0.0
27853,2025-06-21T15:00:00.000000000,1.142,0.0,0.0,0.84,0.0,0.0
27853,2025-06-21T16:00:00.000000000,1.162,0.0,0.0,0.862,1.1371157522682223,0.0
27853,2025-06-21T17:00:00.000000000,1.172,0.0,0.0,0.871,0.0,0.0
27853,2025-06-21T18:00:00.000000000,1.163,0.0,0.0,0.86,0.3229643193297889,0.0
27853,2025-06-21T19:00:00.000000000,1.137,0.0,0.0,0.828,0.0,0.0
27853,2025-06-21T20:00:00.000000000,1.224,0.0,0.0,0.792,2.055600486187967,0.0
27853,2025-06-21T21:00:00.000000000,1.214,0.0,0.0,0.7469999999999999,1.0928620206722166,0.0
27853,2025-06-21T22:00:00.000000000,1.092,0.0,0.0,0.624,0.3232573903999611,0.0
27853,2025-06-21T23:00:00.000000000,0.863,0.0,0.0,0.36300000000000004,0.8566467381134055,0.0
27853,2025-06-22T00:00:00.000000000,0.5449999999999999,0.0,0.0,0.22599999999999998,0.32355046147013333,0.0
27853,2025-06-22T01:00:00.000000000,0.41700000000000004,0.0,0.0,0.11099999999999999,1.2018844587762834,0.0
27853,2025-06-22T02:00:00.000000000,0.339,0.0,0.0,0.036000000000000004,0.0,0.0
27853,2025-06-22T03:00:00.000000000,0.441,0.13999999999999999,0.0,0.0,0.3446515785225333,0.0
27853,2025-06-22T04:00:00.000000000,0.8089999999999999,0.5,0.0,0.0,0.3232573903999611,0.0
27853,2025-06-22T05:00:00.000000000,0.9349999999999999,0.633,0.0,0.0,0.0,0.0
27853,2025-06-22T06:00:00.000000000,1.071,0.774,0.0,0.0,0.3235504614701334,0.0
27853,2025-06-22T07:00:00.000000000,1.3399999999999999,1.052,0.0,0.0,1.6760734503149388,0.0
27853,2025-06-22T08:00:00.000000000,1.393,1.097,0.0,0.0,0.3232573903999611,0.0
27853,2025-06-22T09:00:00.000000000,1.285,0.986,0.0,0.0,0.0,0.0
27853,2025-06-22T10:00:00.000000000,0.817,0.514,0.0,0.0,0.3235504614701334,0.0
27853,2025-06-22T11:00:00.000000000,0.433,0.076,0.0,0.032,0.8566467381134055,0.0
27853,2025-06-22T12:00:00.000000000,0.553,0.0,0.0,0.20800000000000002,0.2916057148213611,0.0
27853,2025-06-22T13:00:00.000000000,0.7299999999999999,0.0,0.0,0.43,0.03194474664877222,0.0
27853,2025-06-22T14:00:00.000000000,0.97,0.0,0.0,0.669,0.3235504614701334,0.0
27853,2025-06-22T15:00:00.000000000,1.106,0.0,0.0,0.804,0.3686834062766556,0.0
27853,2025-06-22T16:00:00.000000000,1.126,0.0,0.0,0.824,0.3232573903999611,0.0
27853,2025-06-22T17:00:00.000000000,1.2329999999999999,0.0,0.0,0.834,0.0,0.0
27853,2025-06-22T18:00:00.000000000,1.244,0.0,0.0,0.828,0.3229643193297889,0.0
27853,2025-06-22T19:00:00.000000000,1.2510000000000001,0.0,0.0,0.804,0.0,0.0
27853,2025-06-22T20:00:00.000000000,1.2329999999999999,0.0,0.0,0.7629999999999999,1.6620060389466724,0.0
27853,2025-06-22T21:00:00.000000000,1.185,0.0,0.0,0.7170000000000001,1.5330547680708944,0.0
27853,2025-06-22T22:00:00.000000000,1.045,0.0,0.0,0.5770000000000001,1.180197199583539,0.0
27853,2025-06-22T23:00:00.000000000,0.785,0.0,0.0,0.326,0.3446515785225333,0.0
27853,2025-06-23T00:00:00.000000000,0.514,0.0,0.0,0.196,0.3446515785225333,0.0
27853,2025-06-23T01:00:00.000000000,0.41300000000000003,0.0,0.0,0.107,0.0,0.0
27853,2025-06-23T02:00:00.000000000,0.33399999999999996,0.013,0.0,0.018000000000000002,0.3235504614701334,0.0
27853,2025-06-23T03:00:00.000000000,0.502,0.202,0.0,0.0,0.3232573903999611,0.0
27853,2025-06-23T04:00:00.000000000,0.894,0.583,0.0,0.0,0.0,0.0
27853,2025-06-23T05:00:00.000000000,1.0230000000000001,0.722,0.0,0.0,0.3235504614701334,0.0
27853,2025-06-23T06:00:00.000000000,1.153,0.857,0.0,0.0,0.0,0.0
27853,2025-06-23T07:00:00.000000000,1.301,1.005,0.0,0.0,0.3235504614701334,0.0
27853,2025-06-23T08:00:00.000000000,1.34,1.0430000000000001,0.0,0.0,0.0,0.0
27853,2025-06-23T09:00:00.000000000,1.182,0.8819999999999999,0.0,0.0,0.3232573903999611,0.0
27853,2025-06-23T10:00:00.000000000,0.799,0.497,0.0,0.0,0.0,0.0
27853,2025-06-23T11:00:00.000000000,0.432,0.037,0.0,0.027000000000000003,0.3235504614701334,0.0
27853,2025-06-23T12:00:00.000000000,0.5660000000000001,0.0,0.0,0.177,0.0,0.0
27853,2025-06-23T13:00:00.000000000,0.782,0.0,0.0,0.39199999999999996,0.3235504614701334,0.0
27853,2025-06-23T14:00:00.000000000,0.982,0.0,0.0,0.6110000000000001,0.0,0.0
27853,2025-06-23T15:00:00.000000000,1.0310000000000001,0.0,0.0,0.7309999999999999,2.355705262044322,0.0
27853,2025-06-23T16:00:00.000000000,1.0950000000000002,0.0,0.0,0.794,0.34435850745236113,0.0
27853,2025-06-23T17:00:00.000000000,1.1740000000000002,0.0,0.0,0.823,0.0,0.0
27853,2025-06-23T18:00:00.000000000,1.2329999999999999,0.0,0.0,0.817,0.3232573903999611,0.0
27853,2025-06-23T19:00:00.000000000,1.2269999999999999,0.0,0.0,0.78,0.0,0.0
27853,2025-06-23T20:00:00.000000000,1.198,0.0,0.0,0.73,0.3232573903999611,0.0
27853,2025-06-23T21:00:00.000000000,1.12,0.0,0.0,0.651,0.7130419137290167,0.0
27853,2025-06-23T22:00:00.000000000,0.9199999999999999,0.0,0.0,0.45199999999999996,0.3232573903999611,0.0
27853,2025-06-23T23:00:00.000000000,0.7410000000000001,0.0,0.0,0.241,0.0,0.0
27853,2025-06-24T00:00:00.000000000,0.602,0.0,0.0,0.162,0.3235504614701334,0.0
27853,2025-06-24T01:00:00.000000000,0.43599999999999994,0.0,0.0,0.089,0.0,0.0
27853,2025-06-24T02:00:00.000000000,0.349,0.036,0.0,0.011,0.3235504614701334,0.0
27853,2025-06-24T03:00:00.000000000,0.529,0.22899999999999998,0.0,0.0,0.3235504614701334,0.0
27853,2025-06-24T04:00:00.000000000,0.908,0.599,0.0,0.0,0.0,0.0
27853,2025-06-24T05:00:00.000000000,0.988,0.688,0.0,0.0,0.3232573903999611,0.0
27853,2025-06-24T06:00:00.000000000,1.062,0.766,0.0,0.0,0.0,0.0
27853,2025-06-24T07:00:00.000000000,1.1360000000000001,0.84,0.0,0.0,0.3235504614701334,0.0
27853,2025-06-24T08:00:00.000000000,1.176,0.877,0.0,0.0,0.0,0.0
27853,2025-06-24T09:00:00.000000000,1.057,0.7580000000000001,0.0,0.0,0.3235504614701334,0.0
27853,2025-06-24T10:00:00.000000000,0.7300000000000001,0.429,0.0,0.0,0.3232573903999611,0.0
27853,2025-06-24T11:00:00.000000000,0.365,0.049,0.0,0.013999999999999999,0.0,0.0
27853,2025-06-24T12:00:00.000000000,0.464,0.0,0.0,0.163,0.3235504614701334,0.0
27853,2025-06-24T13:00:00.000000000,0.712,0.0,0.0,0.413,0.0,0.0
27853,2025-06-24T14:00:00.000000000,0.95,0.0,0.0,0.6499999999999999,0.3235504614701334,0.0
27853,2025-06-24T15:00:00.000000000,1.0870000000000002,0.0,0.0,0.7850000000000001,0.0,0.0
27853,2025-06-24T16:00:00.000000000,1.155,0.0,0.0,0.831,0.3232573903999611,0.0
27853,2025-06-24T17:00:00.000000000,1.239,0.0,0.0,0.865,0.0,0.0
27853,2025-06-24T18:00:00.000000000,1.27,0.0,0.0,0.879,0.3229643193297889,0.0
27853,2025-06-24T19:00:00.000000000,2.215,0.0,0.0,0.861,0.0,0.0
27853,2025-06-24T20:00:00.000000000,2.205,0.0,0.0,0.829,0.72007561941315,0.0
27853,2025-06-24T21:00:00.000000000,1.247,0.0,0.0,0.78,0.7153864822903944,0.0
27853,2025-06-24T22:00:00.000000000,1.187,0.0,0.0,0.7190000000000001,1.1998329612850778,0.0
27853,2025-06-24T23:00:00.000000000,1.002,0.0,0.0,0.503,0.5641618100815278,0.0
27853,2025-06-25T00:00:00.000000000,0.757,0.0,0.0,0.317,0.4270045492409278,0.0
27853,2025-06-25T01:00:00.000000000,0.53,0.0,0.0,0.18400000000000002,0.34435850745236113,0.0
27853,2025-06-25T02:00:00.000000000,0.389,0.0,0.0,0.086,0.0,0.0
27853,2025-06-25T03:00:00.000000000,0.33199999999999996,0.021,0.0,0.011,0.3235504614701334,0.0
27853,2025-06-25T04:00:00.000000000,0.6739999999999999,0.363,0.0,0.0,0.0,0.0
27853,2025-06-25T05:00:00.000000000,0.7949999999999999,0.493,0.0,0.0,0.3232573903999611,0.0
27853,2025-06-25T06:00:00.000000000,0.9580000000000001,0.6619999999999999,0.0,0.0,0.0,0.0
27853,2025-06-25T07:00:00.000000000,1.136,0.848,0.0,0.0,0.6802179538697279,0.0
27853,2025-06-25T08:00:00.000000000,1.249,0.923,0.0,0.0,0.0,0.0
27853,2025-06-25T09:00:00.000000000,1.189,0.877,0.0,0.0,0.3235504614701334,0.0
27853,2025-06-25T10:00:00.000000000,0.737,0.435,0.0,0.0,0.0,0.0
27853,2025-06-25T11:00:00.000000000,0.341,0.011,0.0,0.028999999999999998,1.2543441803371111,0.0
27853,2025-06-25T12:00:00.000000000,0.542,0.0,0.0,0.242,0.692233867746789,0.0
27853,2025-06-25T13:00:00.000000000,0.85,0.0,0.0,0.552,0.0,0.0
27853,2025-06-25T14:00:00.000000000,1.1520000000000001,0.0,0.0,0.851,0.32325739039996115,0.0
27853,2025-06-25T15:00:00.000000000,1.2630000000000001,0.0,0.0,0.961,0.0,0.0
27853,2025-06-25T16:00:00.000000000,1.29,0.0,0.0,0.988,0.3232573903999611,0.0
27853,2025-06-25T17:00:00.000000000,1.286,0.0,0.0,0.985,0.0,0.0
27853,2025-06-25T18:00:00.000000000,1.283,0.0,0.0,0.98,0.3229643193297889,0.0
27853,2025-06-25T19:00:00.000000000,2.7760000000000002,0.0,0.0,0.965,0.0,0.0
27853,2025-06-25T20:00:00.000000000,1.819,0.0,0.0,0.9299999999999999,0.3226712482596167,0.0
27853,2025-06-25T21:00:00.000000000,1.355,0.0,0.0,0.886,0.0,0.0
27853,2025-06-25T22:00:00.000000000,1.2990000000000002,0.0,0.0,0.8300000000000001,0.0,0.0
27853,2025-06-25T23:00:00.000000000,1.2690000000000001,0.0,0.0,0.768,0.66732282678215,0.0
27853,2025-06-26T00:00:00.000000000,1.0170000000000001,0.0,0.0,0.5760000000000001,1.1359434679875333,0.0
27853,2025-06-26T01:00:00.000000000,0.7270000000000001,0.0,0.0,0.37900000000000006,0.7133349847991889,0.0
27853,2025-06-26T02:00:00.000000000,0.5489999999999999,0.0,0.0,0.247,0.7121627005185,0.0
27853,2025-06-26T03:00:00.000000000,0.46799999999999997,0.0,0.0,0.168,0.3235504614701334,0.0
27853,2025-06-26T04:00:00.000000000,0.382,0.0,0.0,0.072,0.3680972641363111,0.0
27853,2025-06-26T05:00:00.000000000,0.317,0.0,0.0,0.015,0.3235504614701334,0.0
27853,2025-06-26T06:00:00.000000000,0.415,0.11800000000000001,0.0,0.0,0.0,0.0
27853,2025-06-26T07:00:00.000000000,0.646,0.359,0.0,0.0,1.0937412338827333,0.0
27853,2025-06-26T08:00:00.000000000,0.785,0.45699999999999996,0.0,0.0,1.0940343049529058,0.0
27853,2025-06-26T09:00:00.000000000,0.716,0.33699999999999997,0.0,0.0,1.5626549461582888,0.0
27853,2025-06-26T10:00:00.000000000,0.373,0.027999999999999997,0.0,0.020999999999999998,0.3232573903999611,0.0
27853,2025-06-26T11:00:00.000000000,0.429,0.0,0.0,0.129,1.0738124011110222,0.0
27853,2025-06-26T12:00:00.000000000,0.6499999999999999,0.0,0.0,0.35000000000000003,0.34435850745236113,0.0
27853,2025-06-26T13:00:00.000000000,0.887,0.0,0.0,0.5890000000000001,0.6916477256064444,0.0
27853,2025-06-26T14:00:00.000000000,1.119,0.0,0.0,0.818,0.0,0.0
27853,2025-06-26T15:00:00.000000000,1.22,0.0,0.0,0.92,0.3235504614701334,0.0
27853,2025-06-26T16:00:00.000000000,1.231,0.0,0.0,0.93,0.0,0.0
27853,2025-06-26T17:00:00.000000000,1.248,0.0,0.0,0.948,0.3232573903999611,0.0
27853,2025-06-26T18:00:00.000000000,1.237,0.0,0.0,0.9339999999999999,0.0,0.0
27853,2025-06-26T19:00:00.000000000,1.203,0.0,0.0,0.894,0.3229643193297889,0.0
27853,2025-06-26T20:00:00.000000000,1.21,0.0,0.0,0.856,0.0,0.0
27853,2025-06-26T21:00:00.000000000,1.281,0.0,0.0,0.813,0.3232573903999611,0.0
27853,2025-06-26T22:00:00.000000000,1.215,0.0,0.0,0.745,0.0,0.0
27853,2025-06-26T23:00:00.000000000,1.0390000000000001,0.0,0.0,0.538,0.3235504614701334,0.0
27853,2025-06-27T00:00:00.000000000,0.7110000000000001,0.0,0.0,0.35200000000000004,0.34435850745236113,0.0
27853,2025-06-27T01:00:00.000000000,0.512,0.0,0.0,0.20600000000000002,1.1599752957416556,0.0
27853,2025-06-27T02:00:00.000000000,0.42800000000000005,0.0,0.0,0.124,0.3235504614701334,0.0
27853,2025-06-27T03:00:00.000000000,0.35700000000000004,0.0,0.0,0.056,0.0,0.0
27853,2025-06-27T04:00:00.000000000,0.44,0.126,0.0,0.004,0.3232573903999611,0.0
27853,2025-06-27T05:00:00.000000000,0.524,0.224,0.0,0.0,0.0,0.0
27853,2025-06-27T06:00:00.000000000,0.6950000000000001,0.39899999999999997,0.0,0.0,0.3235504614701334,0.0
27853,2025-06-27T07:00:00.000000000,0.893,0.605,0.0,0.0,0.0,0.0
27853,2025-06-27T08:00:00.000000000,1.0670000000000002,0.7710000000000001,0.0,0.0,0.3235504614701334,0.0
27853,2025-06-27T09:00:00.000000000,1.0010000000000001,0.7000000000000001,0.0,0.0,0.0,0.0
27853,2025-06-27T10:00:00.000000000,0.566,0.266,0.0,0.0,0.32325739039996115,0.0
27853,2025-06-27T11:00:00.000000000,0.373,0.0,0.0,0.07200000000000001,0.0,0.0
27853,2025-06-27T12:00:00.000000000,0.5860000000000001,0.0,0.0,0.28600000000000003,0.3232573903999611,0.0
27853,2025-06-27T13:00:00.000000000,0.877,0.0,0.0,0.5770000000000001,0.0,0.0
27853,2025-06-27T14:00:00.000000000,1.1239999999999999,0.0,0.0,0.821,0.3235504614701334,0.0
27853,2025-06-27T15:00:00.000000000,1.2,0.0,0.0,0.896,0.0,0.0
27853,2025-06-27T16:00:00.000000000,1.22,0.0,0.0,0.918,0.3232573903999611,0.0
27853,2025-06-27T17:00:00.000000000,1.226,0.0,0.0,0.926,0.0,0.0
27853,2025-06-27T18:00:00.000000000,2.686,0.0,0.0,0.936,0.3229643193297889,0.0
27853,2025-06-27T19:00:00.000000000,1.363,0.0,0.0,0.9159999999999999,0.0,0.0
27853,2025-06-27T20:00:00.000000000,1.471,0.0,0.0,0.852,0.3229643193297889,0.0
27853,2025-06-27T21:00:00.000000000,1.9060000000000001,0.0,0.0,0.788,0.6975091470098889,0.0
27853,2025-06-27T22:00:00.000000000,1.2999999999999998,0.0,0.0,0.722,1.0585727054620666,0.0
27853,2025-06-27T23:00:00.000000000,1.0290000000000001,0.0,0.0,0.527,1.9776435815221556,0.0
27853,2025-06-28T00:00:00.000000000,0.67,0.0,0.0,0.308,1.567930225421389,0.0
27853,2025-06-28T01:00:00.000000000,0.481,0.0,0.0,0.17600000000000002,1.0362993041289779,0.0
27853,2025-06-28T02:00:00.000000000,0.37800000000000006,0.0,0.0,0.077,0.0,0.0
27853,2025-06-28T03:00:00.000000000,0.344,0.039,0.0,0.005,0.3235504614701334,0.0
27853,2025-06-28T04:00:00.000000000,0.6829999999999999,0.373,0.0,0.0,0.0,0.0
27853,2025-06-28T05:00:00.000000000,0.826,0.523,0.0,0.0,0.3232573903999611,0.0
27853,2025-06-28T06:00:00.000000000,1.037,0.741,0.0,0.0,0.8768686419552889,0.0
27853,2025-06-28T07:00:00.000000000,1.4459999999999997,0.747,0.0,0.0,0.6819763802907612,0.0
27853,2025-06-28T08:00:00.000000000,2.4010000000000002,0.132,0.0,0.0,0.7883611787632778,0.0
27853,2025-06-28T09:00:00.000000000,1.2890000000000001,0.523,0.0,0.0,1.5248487781060722,0.0
27853,2025-06-28T10:00:00.000000000,0.659,0.35800000000000004,0.0,0.0,0.8545952406221999,0.0
27853,2025-06-28T11:00:00.000000000,0.356,0.016,0.0,0.04,0.7912918894650001,0.0
27853,2025-06-28T12:00:00.000000000,0.505,0.0,0.0,0.20500000000000002,1.1593891536013112,0.0
27853,2025-06-28T13:00:00.000000000,0.755,0.0,0.0,0.456,0.34435850745236113,0.0
27853,2025-06-28T14:00:00.000000000,0.967,0.0,0.0,0.665,0.3235504614701334,0.0
27853,2025-06-28T15:00:00.000000000,1.066,0.0,0.0,0.7650000000000001,0.0,0.0
27853,2025-06-28T16:00:00.000000000,1.069,0.0,0.0,0.768,0.3232573903999611,0.0
27853,2025-06-28T17:00:00.000000000,1.054,0.0,0.0,0.7529999999999999,0.0,0.0
27853,2025-06-28T18:00:00.000000000,1.037,0.0,0.0,0.7330000000000001,0.3232573903999611,0.0
27853,2025-06-28T19:00:00.000000000,1.164,0.0,0.0,0.7169999999999999,0.0,0.0
27853,2025-06-28T20:00:00.000000000,1.163,0.0,0.0,0.695,0.3232573903999611,0.0
27853,2025-06-28T21:00:00.000000000,1.093,0.0,0.0,0.624,0.0,0.0
27853,2025-06-28T22:00:00.000000000,1.0459999999999998,0.0,0.0,0.427,2.0793392428719164,0.0
27853,2025-06-28T23:00:00.000000000,1.4179999999999997,0.0,0.0,0.267,1.0406953701815613,0.0
27853,2025-06-29T00:00:00.000000000,0.725,0.0,0.0,0.17400000000000002,0.34435850745236113,0.0
27853,2025-06-29T01:00:00.000000000,0.42499999999999993,0.0,0.0,0.093,0.3232573903999611,0.0
27853,2025-06-29T02:00:00.000000000,0.337,0.0,0.0,0.034999999999999996,0.3232573903999611,0.0
27853,2025-06-29T03:00:00.000000000,0.306,0.0,0.0,0.006,0.0,0.0
27853,2025-06-29T04:00:00.000000000,0.40599999999999997,0.097,0.0,0.0,0.3235504614701334,0.0
27853,2025-06-29T05:00:00.000000000,0.386,0.085,0.0,0.0,0.0,0.0
27853,2025-06-29T06:00:00.000000000,0.39,0.094,0.0,0.0,0.3235504614701334,0.0
27853,2025-06-29T07:00:00.000000000,0.571,0.28,0.0,0.0,2.522755772042489,0.0
27853,2025-06-29T08:00:00.000000000,0.521,0.194,0.0,0.0,0.0,0.0
27853,2025-06-29T09:00:00.000000000,0.523,0.21200000000000002,0.0,0.0,0.3235504614701334,0.0
27853,2025-06-29T10:00:00.000000000,0.43899999999999995,0.13699999999999998,0.0,0.0,0.0,0.0
27853,2025-06-29T11:00:00.000000000,0.325,0.015,0.0,0.01,0.3232573903999611,0.0
27853,2025-06-29T12:00:00.000000000,0.322,0.0,0.0,0.020999999999999998,1.9770574393818112,0.0
27853,2025-06-29T13:00:00.000000000,0.408,0.0,0.0,0.108,0.0,0.0
27853,2025-06-29T14:00:00.000000000,0.478,0.0,0.0,0.178,0.32355046147013333,0.0
27853,2025-06-29T15:00:00.000000000,0.5780000000000001,0.0,0.0,0.276,0.0,0.0
27853,2025-06-29T16:00:00.000000000,0.7849999999999999,0.0,0.0,0.439,0.3232573903999611,0.0
27853,2025-06-29T17:00:00.000000000,0.937,0.0,0.0,0.539,0.0,0.0
27853,2025-06-29T18:00:00.000000000,0.997,0.0,0.0,0.5810000000000001,0.3235504614701334,0.0
27853,2025-06-29T19:00:00.000000000,1.048,0.0,0.0,0.601,0.06506177757823334,0.0
27853,2025-06-29T20:00:00.000000000,1.5139999999999998,0.0,0.0,0.593,1.4568562898261166,0.0
27853,2025-06-29T21:00:00.000000000,0.958,0.0,0.0,0.49,0.7127488426588444,0.0
27853,2025-06-29T22:00:00.000000000,0.8340000000000001,0.0,0.0,0.36400000000000005,1.3683488266341055,0.0
27853,2025-06-29T23:00:00.000000000,0.7080000000000001,0.0,0.0,0.20800000000000002,0.34435850745236113,0.0
27853,2025-06-30T00:00:00.000000000,0.582,0.0,0.0,0.139,0.0,0.0
27853,2025-06-30T01:00:00.000000000,0.397,0.0,0.0,0.043,1.1939715398816335,0.0
27853,2025-06-30T02:00:00.000000000,0.383,0.07100000000000001,0.0,0.001,0.3235504614701334,0.0
27853,2025-06-30T03:00:00.000000000,0.53,0.229,0.0,0.0,0.0,0.0
27853,2025-06-30T04:00:00.000000000,0.708,0.39699999999999996,0.0,0.0,0.3232573903999611,0.0
27853,2025-06-30T05:00:00.000000000,0.63,0.33,0.0,0.0,0.0,0.0
27853,2025-06-30T06:00:00.000000000,0.591,0.294,0.0,0.0,0.3235504614701334,0.0
27853,2025-06-30T07:00:00.000000000,0.595,0.299,0.0,0.0,0.0,0.0
27853,2025-06-30T08:00:00.000000000,0.602,0.305,0.0,0.0,0.3235504614701334,0.0
27853,2025-06-30T09:00:00.000000000,0.576,0.277,0.0,0.0,0.0,0.0
27853,2025-06-30T10:00:00.000000000,0.93,0.151,0.0,0.033,0.3232573903999611,0.0
27853,2025-06-30T11:00:00.000000000,2.4749999999999996,0.0,0.0,0.204,0.0,0.0
27853,2025-06-30T12:00:00.000000000,0.482,0.0,0.0,0.093,0.3235504614701334,0.0
27853,2025-06-30T13:00:00.000000000,0.525,0.0,0.0,0.134,0.0,0.0
27853,2025-06-30T14:00:00.000000000,0.5680000000000001,0.0,0.0,0.172,1.0626757004444778,0.0
27853,2025-06-30T15:00:00.000000000,0.639,0.0,0.0,0.242,0.3235504614701334,0.0
27853,2025-06-30T16:00:00.000000000,0.6930000000000001,0.0,0.0,0.30000000000000004,2.0306894452233277,0.0
27853,2025-06-30T17:00:00.000000000,0.818,0.0,0.0,0.496,0.0,0.0
27853,2025-06-30T18:00:00.000000000,0.94,0.0,0.0,0.637,0.7364875993427944,0.0
27853,2025-06-30T19:00:00.000000000,0.971,0.0,0.0,0.661,1.4691652747733501,0.0
27853,2025-06-30T20:00:00.000000000,1.1110000000000002,0.0,0.0,0.643,0.4662760726440055,0.0
27853,2025-06-30T21:00:00.000000000,0.9610000000000001,0.0,0.0,0.532,0.0,0.0
27853,2025-06-30T22:00:00.000000000,0.764,0.0,0.0,0.37200000000000005,0.3235504614701334,0.0
27853,2025-06-30T23:00:00.000000000,0.6890000000000001,0.0,0.0,0.189,0.0,0.0
27853,2025-07-01T00:00:00.000000000,0.5609999999999999,0.0,0.0,0.119,0.3235504614701334,0.0
27853,2025-07-01T01:00:00.000000000,0.404,0.0,0.0,0.051000000000000004,0.0,0.0
27853,2025-07-01T02:00:00.000000000,0.34299999999999997,0.032,0.0,0.003,0.3232573903999611,0.0
27853,2025-07-01T03:00:00.000000000,0.418,0.124,0.0,0.0,0.3232573903999611,0.0
27853,2025-07-01T04:00:00.000000000,0.6970000000000001,0.388,0.0,0.0,0.0,0.0
27853,2025-07-01T05:00:00.000000000,0.8820000000000001,0.5800000000000001,0.0,0.0,1.7426005832440334,0.0
27853,2025-07-01T06:00:00.000000000,0.922,0.626,0.0,0.0,0.8534229563415111,0.0
27853,2025-07-01T07:00:00.000000000,0.906,0.61,0.0,0.0,0.3232573903999611,0.0
27853,2025-07-01T08:00:00.000000000,0.908,0.611,0.0,0.0,0.0,0.0
27853,2025-07-01T09:00:00.000000000,0.868,0.567,0.0,0.0,0.3235504614701334,0.0
27853,2025-07-01T10:00:00.000000000,0.682,0.37999999999999995,0.0,0.0,0.0,0.0
27853,2025-07-01T11:00:00.000000000,0.39,0.048,0.0,0.018,0.3235504614701334,0.0
27853,2025-07-01T12:00:00.000000000,0.547,0.0,0.0,0.162,0.3232573903999611,0.0
27853,2025-07-01T13:00:00.000000000,0.7789999999999999,0.0,0.0,0.39299999999999996,0.0,0.0
27853,2025-07-01T14:00:00.000000000,1.02,0.0,0.0,0.629,0.3235504614701334,0.0
27853,2025-07-01T15:00:00.000000000,1.185,0.0,0.0,0.792,0.8534229563415111,0.0
27853,2025-07-01T16:00:00.000000000,1.212,0.0,0.0,0.824,1.1039987213387612,0.0
27853,2025-07-01T17:00:00.000000000,1.221,0.0,0.0,0.824,0.0,0.0
27853,2025-07-01T18:00:00.000000000,1.224,0.0,0.0,0.812,0.3232573903999611,0.0
27853,2025-07-01T19:00:00.000000000,1.226,0.0,0.0,0.782,0.0,0.0
27853,2025-07-01T20:00:00.000000000,1.219,0.0,0.0,0.7550000000000001,0.73590145720245,0.0
27853,2025-07-01T21:00:00.000000000,1.1729999999999998,0.0,0.0,0.71,0.3232573903999611,0.0
27853,2025-07-01T22:00:00.000000000,0.972,0.0,0.0,0.505,1.2728076577579612,0.0
27853,2025-07-01T23:00:00.000000000,0.764,0.0,0.0,0.26799999999999996,0.7904126762544834,0.0
27853,2025-07-02T00:00:00.000000000,0.604,0.0,0.0,0.166,0.34435850745236113,0.0
27853,2025-07-02T01:00:00.000000000,0.405,0.0,0.0,0.07300000000000001,0.3235504614701334,0.0
27853,2025-07-02T02:00:00.000000000,0.379,0.076,0.0,0.003,0.0,0.0
27853,2025-07-02T03:00:00.000000000,0.5980000000000001,0.29800000000000004,0.0,0.0,0.3232573903999611,0.0
27853,2025-07-02T04:00:00.000000000,0.987,0.677,0.0,0.0,0.0,0.0
27853,2025-07-02T05:00:00.000000000,1.0339999999999998,0.7310000000000001,0.0,0.0,0.3235504614701334,0.0
27853,2025-07-02T06:00:00.000000000,1.072,0.802,0.0,0.0,1.0650202690058557,0.0
27853,2025-07-02T07:00:00.000000000,1.057,0.7689999999999999,0.0,0.0,0.0,0.0
27853,2025-07-02T08:00:00.000000000,1.054,0.756,0.0,0.0,0.3235504614701334,0.0
27853,2025-07-02T09:00:00.000000000,0.967,0.667,0.0,0.0,0.0,0.0
27853,2025-07-02T10:00:00.000000000,2.294,0.0,0.0,0.088,0.6881308727643778,0.0
27853,2025-07-02T11:00:00.000000000,0.32499999999999996,0.004,0.0,0.02,0.0,0.0
27853,2025-07-02T12:00:00.000000000,0.439,0.0,0.0,0.13799999999999998,0.3235504614701334,0.0
27853,2025-07-02T13:00:00.000000000,0.633,0.0,0.0,0.334,0.0,0.0
27853,2025-07-02T14:00:00.000000000,0.828,0.0,0.0,0.527,0.3235504614701334,0.0
27853,2025-07-02T15:00:00.000000000,0.971,0.0,0.0,0.6699999999999999,0.0,0.0
27853,2025-07-02T16:00:00.000000000,1.0430000000000001,0.0,0.0,0.7390000000000001,0.3232573903999611,0.0
27853,2025-07-02T17:00:00.000000000,1.1280000000000001,0.0,0.0,0.7530000000000001,0.0,0.0
27853,2025-07-02T18:00:00.000000000,1.161,0.0,0.0,0.7470000000000001,0.3232573903999611,0.0
27853,2025-07-02T19:00:00.000000000,1.1669999999999998,0.0,0.0,0.724,0.0,0.0
27853,2025-07-02T20:00:00.000000000,1.1400000000000001,0.0,0.0,0.677,2.1860171124146057,0.0
27853,2025-07-02T21:00:00.000000000,1.47,0.0,0.0,0.552,0.0,0.0
27853,2025-07-02T22:00:00.000000000,0.8160000000000001,0.0,0.0,0.35000000000000003,0.3232573903999611,0.0
27853,2025-07-02T23:00:00.000000000,0.64,0.0,0.0,0.142,0.66732282678215,0.0
27853,2025-07-03T00:00:00.000000000,0.503,0.0,0.0,0.064,1.1760942046011278,0.0
27853,2025-07-03T01:00:00.000000000,0.43400000000000005,0.082,0.0,0.007,1.1344781126366723,0.0
27853,2025-07-03T02:00:00.000000000,0.647,0.346,0.0,0.0,1.1969022505833555,0.0
27853,2025-07-03T03:00:00.000000000,0.86,0.56,0.0,0.0,0.3405485835401222,0.0
27853,2025-07-03T04:00:00.000000000,1.2590000000000001,0.9480000000000001,0.0,0.0,0.0,0.0
27853,2025-07-03T05:00:00.000000000,1.307,1.006,0.0,0.0,0.3235504614701334,0.0
27853,2025-07-03T06:00:00.000000000,1.3889999999999998,1.092,0.0,0.0,0.0,0.0
27853,2025-07-03T07:00:00.000000000,1.508,1.212,0.0,0.0,0.3235504614701334,0.0
27853,2025-07-03T08:00:00.000000000,1.578,1.28,0.0,0.0,0.0,0.0
27853,2025-07-03T09:00:00.000000000,1.563,1.197,0.0,0.0,0.7827928284300055,0.0
27853,2025-07-03T10:00:00.000000000,1.099,0.7080000000000001,0.0,0.0,0.3232573903999611,0.0
27853,2025-07-03T11:00:00.000000000,0.5329999999999999,0.14,0.0,0.004,0.0,0.0
27853,2025-07-03T12:00:00.000000000,0.388,0.0,0.0,0.089,0.3235504614701334,0.0
27853,2025-07-03T13:00:00.000000000,0.559,0.0,0.0,0.259,0.3440654363821889,0.0
27853,2025-07-03T14:00:00.000000000,0.769,0.0,0.0,0.468,0.7118696294483278,0.0
27853,2025-07-03T15:00:00.000000000,0.976,0.0,0.0,0.673,0.7118696294483278,0.0
27853,2025-07-03T16:00:00.000000000,1.066,0.0,0.0,0.766,0.3235504614701334,0.0
27853,2025-07-03T17:00:00.000000000,1.085,0.0,0.0,0.784,0.0,0.0
27853,2025-07-03T18:00:00.000000000,1.108,0.0,0.0,0.804,0.3232573903999611,0.0
27853,2025-07-03T19:00:00.000000000,1.247,0.0,0.0,0.8030000000000002,0.0,0.0
27853,2025-07-03T20:00:00.000000000,1.228,0.0,0.0,0.764,0.3232573903999611,0.0
27853,2025-07-03T21:00:00.000000000,1.067,0.0,0.0,0.716,0.0,0.0
27853,2025-07-03T22:00:00.000000000,0.866,0.0,0.0,0.513,1.1796110574431944,0.0
27853,2025-07-03T23:00:00.000000000,0.752,0.0,0.0,0.254,3.5860176146273113,0.0
27853,2025-07-04T00:00:00.000000000,0.45999999999999996,0.0,0.0,0.14100000000000001,1.5855144896317224,0.0
27853,2025-07-04T01:00:00.000000000,0.37900000000000006,0.0,0.0,0.074,0.3235504614701334,0.0
27853,2025-07-04T02:00:00.000000000,0.368,0.062,0.0,0.004,0.3232573903999611,0.0
27853,2025-07-04T03:00:00.000000000,0.607,0.307,0.0,0.0,0.0,0.0
27853,2025-07-04T04:00:00.000000000,1.056,0.763,0.0,0.0,0.3235504614701334,0.0
27853,2025-07-04T05:00:00.000000000,1.175,0.874,0.0,0.0,0.0,0.0
27853,2025-07-04T06:00:00.000000000,1.314,1.018,0.0,0.0,0.3235504614701334,0.0
27853,2025-07-04T07:00:00.000000000,1.4500000000000002,1.154,0.0,0.0,0.0,0.0
27853,2025-07-04T08:00:00.000000000,1.549,1.252,0.0,0.0,0.3440654363821889,0.0
27853,2025-07-04T09:00:00.000000000,1.432,1.133,0.0,0.0,0.3235504614701334,0.0
27853,2025-07-04T10:00:00.000000000,1.113,0.766,0.0,0.0,1.2285539261619556,0.0
27853,2025-07-04T11:00:00.000000000,0.42700000000000005,0.11699999999999999,0.0,0.009,0.3232573903999611,0.0
27853,2025-07-04T12:00:00.000000000,0.453,0.0,0.0,0.153,0.0,0.0
27853,2025-07-04T13:00:00.000000000,0.6779999999999999,0.0,0.0,0.37899999999999995,0.3235504614701334,0.0
27853,2025-07-04T14:00:00.000000000,0.893,0.0,0.0,0.5930000000000001,0.3235504614701334,0.0
27853,2025-07-04T15:00:00.000000000,1.041,0.0,0.0,0.74,0.0,0.0
27853,2025-07-04T16:00:00.000000000,1.088,0.0,0.0,0.786,0.32355046147013333,0.0
27853,2025-07-04T17:00:00.000000000,1.197,0.0,0.0,0.8,0.0,0.0
27853,2025-07-04T18:00:00.000000000,1.11,0.0,0.0,0.8069999999999999,0.3232573903999611,0.0
27853,2025-07-04T19:00:00.000000000,1.09,0.0,0.0,0.78,0.0,0.0
27853,2025-07-04T20:00:00.000000000,1.061,0.0,0.0,0.746,0.47418899153865557,0.0
27853,2025-07-04T21:00:00.000000000,0.979,0.0,0.0,0.666,2.1567100053973833,0.0
27853,2025-07-04T22:00:00.000000000,0.7929999999999999,0.0,0.0,0.479,0.0,0.0
27853,2025-07-04T23:00:00.000000000,0.599,0.0,0.0,0.262,0.3235504614701334,0.0
27853,2025-07-05T00:00:00.000000000,0.487,0.0,0.0,0.168,0.0,0.0
27853,2025-07-05T01:00:00.000000000,0.395,0.0,0.0,0.089,0.3232573903999611,0.0
27853,2025-07-05T02:00:00.000000000,0.32699999999999996,0.012,0.0,0.013,0.0,0.0
27853,2025-07-05T03:00:00.000000000,0.473,0.173,0.0,0.0,0.3235504614701334,0.0
27853,2025-07-05T04:00:00.000000000,0.818,0.508,0.0,0.0,0.0,0.0
27853,2025-07-05T05:00:00.000000000,0.9019999999999999,0.602,0.0,0.0,0.3235504614701334,0.0
27853,2025-07-05T06:00:00.000000000,0.928,0.632,0.0,0.0,0.0,0.0
27853,2025-07-05T07:00:00.000000000,0.977,0.6819999999999999,0.0,0.0,0.32355046147013333,0.0
27853,2025-07-05T08:00:00.000000000,0.995,0.667,0.0,0.0,0.0,0.0
27853,2025-07-05T09:00:00.000000000,0.9039999999999999,0.592,0.0,0.0,0.3232573903999611,0.0
27853,2025-07-05T10:00:00.000000000,0.655,0.353,0.0,0.0,0.0,0.0
27853,2025-07-05T11:00:00.000000000,0.348,0.028,0.0,0.019,0.3235504614701334,0.0
27853,2025-07-05T12:00:00.000000000,0.437,0.0,0.0,0.13799999999999998,1.5251418491762445,0.0
27853,2025-07-05T13:00:00.000000000,0.665,0.0,0.0,0.366,0.3235504614701334,0.0
27853,2025-07-05T14:00:00.000000000,0.849,0.0,0.0,0.548,0.0,0.0
27853,2025-07-05T15:00:00.000000000,0.981,0.0,0.0,0.681,0.3235504614701334,0.0
27853,2025-07-05T16:00:00.000000000,1.038,0.0,0.0,0.738,0.0,0.0
27853,2025-07-05T17:00:00.000000000,1.052,0.0,0.0,0.752,0.3232573903999611,0.0
27853,2025-07-05T18:00:00.000000000,1.0550000000000002,0.0,0.0,0.752,0.0,0.0
27853,2025-07-05T19:00:00.000000000,1.052,0.0,0.0,0.742,0.3232573903999611,0.0
27853,2025-07-05T20:00:00.000000000,1.1440000000000001,0.0,0.0,0.7190000000000001,0.8261673468154944,0.0
27853,2025-07-05T21:00:00.000000000,1.1139999999999999,0.0,0.0,0.65,0.0,0.0
27853,2025-07-05T22:00:00.000000000,0.948,0.0,0.0,0.483,0.3232573903999611,0.0
27853,2025-07-05T23:00:00.000000000,0.722,0.0,0.0,0.265,0.3440654363821889,0.0
27853,2025-07-06T00:00:00.000000000,0.46799999999999997,0.0,0.0,0.149,1.0556419947603444,0.0
27853,2025-07-06T01:00:00.000000000,0.378,0.0,0.0,0.074,0.33058416715426664,0.0
27853,2025-07-06T02:00:00.000000000,0.356,0.049,0.0,0.005,0.0,0.0
27853,2025-07-06T03:00:00.000000000,0.559,0.259,0.0,0.0,0.3232573903999611,0.0
27853,2025-07-06T04:00:00.000000000,0.9279999999999999,0.617,0.0,0.0,0.0,0.0
27853,2025-07-06T05:00:00.000000000,1.016,0.714,0.0,0.0,0.3235504614701334,0.0
27853,2025-07-06T06:00:00.000000000,1.1380000000000001,0.842,0.0,0.0,0.0,0.0
27853,2025-07-06T07:00:00.000000000,1.301,1.005,0.0,0.0,0.3235504614701334,0.0
27853,2025-07-06T08:00:00.000000000,1.443,1.145,0.0,0.0,0.3232573903999611,0.0
27853,2025-07-06T09:00:00.000000000,1.414,1.1139999999999999,0.0,0.0,0.0,0.0
27853,2025-07-06T10:00:00.000000000,0.99,0.6880000000000001,0.0,0.0,0.3235504614701334,0.0
27853,2025-07-06T11:00:00.000000000,0.429,0.121,0.0,0.006,0.0,0.0
27853,2025-07-06T12:00:00.000000000,0.418,0.0,0.0,0.11800000000000001,0.3235504614701334,0.0
27853,2025-07-06T13:00:00.000000000,0.6020000000000001,0.0,0.0,0.30200000000000005,0.0,0.0
27853,2025-07-06T14:00:00.000000000,0.7969999999999999,0.0,0.0,0.494,0.3232573903999611,0.0
27853,2025-07-06T15:00:00.000000000,0.959,0.0,0.0,0.657,0.0,0.0
27853,2025-07-06T16:00:00.000000000,1.014,0.0,0.0,0.712,0.3235504614701334,0.0
27853,2025-07-06T17:00:00.000000000,0.98,0.0,0.0,0.68,0.0,0.0
27853,2025-07-06T18:00:00.000000000,0.9139999999999999,0.0,0.0,0.61,0.3235504614701334,0.0
27853,2025-07-06T19:00:00.000000000,1.4649999999999999,0.0,0.0,0.5960000000000001,0.0,0.0
27853,2025-07-06T20:00:00.000000000,1.313,0.0,0.0,0.533,0.3232573903999611,0.0
27853,2025-07-06T21:00:00.000000000,1.5070000000000001,0.0,0.0,0.46799999999999997,1.0483152180060389,0.0
27853,2025-07-06T22:00:00.000000000,0.823,0.0,0.0,0.35800000000000004,0.3235504614701334,0.0
27853,2025-07-06T23:00:00.000000000,0.6890000000000001,0.0,0.0,0.191,0.68842394383455,0.0
27853,2025-07-07T00:00:00.000000000,0.501,0.0,0.0,0.11699999999999999,0.6960437916590279,0.0
27853,2025-07-07T01:00:00.000000000,0.34400000000000003,0.0,0.0,0.038000000000000006,0.6881308727643778,0.0
27853,2025-07-07T02:00:00.000000000,0.408,0.107,0.0,0.0,0.3440654363821889,0.0
27853,2025-07-07T03:00:00.000000000,0.6100000000000001,0.31100000000000005,0.0,0.0,0.3232573903999611,0.0
27853,2025-07-07T04:00:00.000000000,0.9600000000000001,0.65,0.0,0.0,0.0,0.0
27853,2025-07-07T05:00:00.000000000,0.956,0.655,0.0,0.0,0.3232573903999611,0.0
27853,2025-07-07T06:00:00.000000000,0.902,0.606,0.0,0.0,0.0,0.0
27853,2025-07-07T07:00:00.000000000,0.899,0.603,0.0,0.0,0.3235504614701334,0.0
27853,2025-07-07T08:00:00.000000000,0.907,0.608,0.0,0.0,0.0,0.0
27853,2025-07-07T09:00:00.000000000,0.864,0.563,0.0,0.0,0.3235504614701334,0.0
27853,2025-07-07T10:00:00.000000000,0.666,0.365,0.0,0.0,0.0,0.0
27853,2025-07-07T11:00:00.000000000,0.35200000000000004,0.036000000000000004,0.0,0.013999999999999999,0.3232573903999611,0.0
27853,2025-07-07T12:00:00.000000000,0.39799999999999996,0.0,0.0,0.098,0.0,0.0
27853,2025-07-07T13:00:00.000000000,0.649,0.0,0.0,0.28400000000000003,0.3235504614701334,0.0
27853,2025-07-07T14:00:00.000000000,0.889,0.0,0.0,0.498,0.0,0.0
27853,2025-07-07T15:00:00.000000000,1.068,0.0,0.0,0.6759999999999999,0.3235504614701334,0.0
27853,2025-07-07T16:00:00.000000000,1.129,0.0,0.0,0.74,0.3232573903999611,0.0
27853,2025-07-07T17:00:00.000000000,1.1369999999999998,0.0,0.0,0.742,0.3323425935753,0.0
27853,2025-07-07T18:00:00.000000000,1.125,0.0,0.0,0.74,1.0846560307073942,0.0
27853,2025-07-07T19:00:00.000000000,1.029,0.0,0.0,0.72,1.1942646109518056,0.0
27853,2025-07-07T20:00:00.000000000,1.043,0.0,0.0,0.6900000000000001,1.0345408777079443,0.0
27853,2025-07-07T21:00:00.000000000,1.581,0.0,0.0,0.664,0.3232573903999611,0.0
27853,2025-07-07T22:00:00.000000000,0.964,0.0,0.0,0.5,0.0,0.0
27853,2025-07-07T23:00:00.000000000,0.774,0.0,0.0,0.27799999999999997,0.3232573903999611,0.0
27853,2025-07-08T00:00:00.000000000,0.614,0.0,0.0,0.17600000000000002,0.0,0.0
27853,2025-07-08T01:00:00.000000000,0.43999999999999995,0.0,0.0,0.08800000000000001,0.3235504614701334,0.0
27853,2025-07-08T02:00:00.000000000,0.326,0.0,0.0,0.019,0.3235504614701334,0.0
27853,2025-07-08T03:00:00.000000000,0.39499999999999996,0.095,0.0,0.0,0.6913546545362723,0.0
27853,2025-07-08T04:00:00.000000000,0.5690000000000001,0.26,0.0,0.0,0.0,0.0
27853,2025-07-08T05:00:00.000000000,0.541,0.24,0.0,0.0,0.3232573903999611,0.0
27853,2025-07-08T06:00:00.000000000,0.542,0.246,0.0,0.0,0.0,0.0
27853,2025-07-08T07:00:00.000000000,0.588,0.29200000000000004,0.0,0.0,0.3235504614701334,0.0
27853,2025-07-08T08:00:00.000000000,0.63,0.322,0.0,0.0,0.0,0.0
27853,2025-07-08T09:00:00.000000000,0.659,0.304,0.0,0.0,0.3235504614701334,0.0
27853,2025-07-08T10:00:00.000000000,0.59,0.28800000000000003,0.0,0.0,0.0,0.0
27853,2025-07-08T11:00:00.000000000,0.44299999999999995,0.14200000000000002,0.0,0.0,0.3232573903999611,0.0
27853,2025-07-08T12:00:00.000000000,0.316,0.001,0.0,0.015,0.3440654363821889,0.0
27853,2025-07-08T13:00:00.000000000,0.424,0.0,0.0,0.125,0.3235504614701334,0.0
27853,2025-07-08T14:00:00.000000000,0.7579999999999999,0.0,0.0,0.366,0.3232573903999611,0.0
27853,2025-07-08T15:00:00.000000000,0.9359999999999999,0.0,0.0,0.5880000000000001,0.0,0.0
27853,2025-07-08T16:00:00.000000000,1.04,0.0,0.0,0.74,0.3235504614701334,0.0
27853,2025-07-08T17:00:00.000000000,1.115,0.0,0.0,0.7650000000000001,0.8510783877801333,0.0
27853,2025-07-08T18:00:00.000000000,1.184,0.0,0.0,0.77,0.0,0.0
27853,2025-07-08T19:00:00.000000000,1.197,0.0,0.0,0.754,0.3232573903999611,0.0
27853,2025-07-08T20:00:00.000000000,1.147,0.0,0.0,0.722,0.0,0.0
27853,2025-07-08T21:00:00.000000000,0.94,0.0,0.0,0.626,0.6468078518700945,0.0
27853,2025-07-08T22:00:00.000000000,0.7270000000000001,0.0,0.0,0.414,0.3440654363821889,0.0
27853,2025-07-08T23:00:00.000000000,0.526,0.0,0.0,0.191,0.3235504614701334,0.0
27853,2025-07-09T00:00:00.000000000,0.41300000000000003,0.0,0.0,0.096,1.1567515139697613,0.0
27853,2025-07-09T01:00:00.000000000,0.338,0.003,0.0,0.030000000000000002,0.0,0.0
27853,2025-07-09T02:00:00.000000000,0.476,0.175,0.0,0.0,0.3235504614701334,0.0
27853,2025-07-09T03:00:00.000000000,0.712,0.412,0.0,0.0,0.0,0.0
27853,2025-07-09T04:00:00.000000000,1.0979999999999999,0.789,0.0,0.0,0.3235504614701334,0.0
27853,2025-07-09T05:00:00.000000000,1.163,0.862,0.0,0.0,0.19166847989263333,0.0
27853,2025-07-09T06:00:00.000000000,1.2289999999999999,0.932,0.0,0.0,0.1315889105073278,0.0
27853,2025-07-09T07:00:00.000000000,1.31,1.014,0.0,0.0,0.3232573903999611,0.0
27853,2025-07-09T08:00:00.000000000,1.258,0.96,0.0,0.0,0.0,0.0
27853,2025-07-09T09:00:00.000000000,1.091,0.791,0.0,0.0,0.3235504614701334,0.0
27853,2025-07-09T10:00:00.000000000,0.698,0.373,0.0,0.0,0.3727864012590667,0.0
27853,2025-07-09T11:00:00.000000000,0.45,0.02,0.0,0.040999999999999995,1.1974883927237001,0.0
27853,2025-07-09T12:00:00.000000000,0.51,0.0,0.0,0.21000000000000002,0.3235504614701334,0.0
27853,2025-07-09T13:00:00.000000000,0.7459999999999999,0.0,0.0,0.447,0.0,0.0
27853,2025-07-09T14:00:00.000000000,1.001,0.0,0.0,0.7,0.6907685123959277,0.0
27853,2025-07-09T15:00:00.000000000,1.1239999999999999,0.0,0.0,0.824,0.66732282678215,0.0
27853,2025-07-09T16:00:00.000000000,1.14,0.0,0.0,0.84,0.0,0.0
27853,2025-07-09T17:00:00.000000000,1.133,0.0,0.0,0.833,0.3232573903999611,0.0
27853,2025-07-09T18:00:00.000000000,1.11,0.0,0.0,0.806,0.0,0.0
27853,2025-07-09T19:00:00.000000000,1.2189999999999999,0.0,0.0,0.776,1.689554719542861,0.0
27853,2025-07-09T20:00:00.000000000,1.21,0.0,0.0,0.744,1.2033498141271446,0.0
27853,2025-07-09T21:00:00.000000000,1.602,0.0,0.0,0.694,0.6632198317997389,0.0
27853,2025-07-09T22:00:00.000000000,0.981,0.0,0.0,0.515,1.067071766497061,0.0
27853,2025-07-09T23:00:00.000000000,0.7390000000000001,0.0,0.0,0.241,1.1948507530921502,0.0
27853,2025-07-10T00:00:00.000000000,0.582,0.0,0.0,0.143,1.1086878584615167,0.0
27853,2025-07-10T01:00:00.000000000,0.395,0.0,0.0,0.063,0.8507853167099612,0.0
27853,2025-07-10T02:00:00.000000000,0.319,0.008,0.0,0.009000000000000001,0.3235504614701334,0.0
27853,2025-07-10T03:00:00.000000000,0.417,0.11699999999999999,0.0,0.0,0.0,0.0
27853,2025-07-10T04:00:00.000000000,0.677,0.367,0.0,0.0,0.3235504614701334,0.0
27853,2025-07-10T05:00:00.000000000,0.672,0.371,0.0,0.0,0.29834634943532223,0.0
27853,2025-07-10T06:00:00.000000000,0.6969999999999998,0.39999999999999997,0.0,0.0,0.024911040964638892,0.0
27853,2025-07-10T07:00:00.000000000,0.76,0.46399999999999997,0.0,0.0,0.3235504614701334,0.0
27853,2025-07-10T08:00:00.000000000,2.348,0.125,0.0,0.058,0.34728921815408337,0.0
27853,2025-07-10T09:00:00.000000000,0.88,0.32,0.0,0.0,1.020473466339678,0.0
27853,2025-07-10T10:00:00.000000000,0.541,0.23900000000000002,0.0,0.0,0.0,0.0
27853,2025-07-10T11:00:00.000000000,0.33599999999999997,0.016,0.0,0.017,0.3235504614701334,0.0
27853,2025-07-10T12:00:00.000000000,0.461,0.0,0.0,0.161,0.3235504614701334,0.0
27853,2025-07-10T13:00:00.000000000,0.702,0.0,0.0,0.40499999999999997,0.0,0.0
27853,2025-07-10T14:00:00.000000000,0.977,0.0,0.0,0.631,0.3232573903999611,0.0
27853,2025-07-10T15:00:00.000000000,1.087,0.0,0.0,0.76,0.0,0.0
27853,2025-07-10T16:00:00.000000000,1.076,0.0,0.0,0.774,0.3232573903999611,0.0
27853,2025-07-10T17:00:00.000000000,1.504,0.0,0.0,0.758,0.0,0.0
27853,2025-07-10T18:00:00.000000000,1.6449999999999998,0.0,0.0,0.7470000000000001,0.3229643193297889,0.0
27853,2025-07-10T19:00:00.000000000,1.1669999999999998,0.0,0.0,0.724,0.0,0.0
27853,2025-07-10T20:00:00.000000000,1.156,0.0,0.0,0.6910000000000001,0.3232573903999611,0.0
27853,2025-07-10T21:00:00.000000000,1.092,0.0,0.0,0.628,0.0,0.0
27853,2025-07-10T22:00:00.000000000,0.883,0.0,0.0,0.417,1.4999377371414333,0.0
27853,2025-07-10T23:00:00.000000000,0.5700000000000001,0.0,0.0,0.195,0.3440654363821889,0.0
27853,2025-07-11T00:00:00.000000000,0.437,0.0,0.0,0.11699999999999999,0.3232573903999611,0.0
27853,2025-07-11T01:00:00.000000000,0.35600000000000004,0.0,0.0,0.05,0.7177310508517722,0.0
27853,2025-07-11T02:00:00.000000000,0.319,0.009,0.0,0.007,0.0,0.0
27853,2025-07-11T03:00:00.000000000,0.40499999999999997,0.10500000000000001,0.0,0.0,0.3235504614701334,0.0
27853,2025-07-11T04:00:00.000000000,0.637,0.326,0.0,0.0,0.0,0.0
27853,2025-07-11T05:00:00.000000000,0.617,0.317,0.0,0.0,0.3232573903999611,0.0
27853,2025-07-11T06:00:00.000000000,0.633,0.33599999999999997,0.0,0.0,0.0,0.0
27853,2025-07-11T07:00:00.000000000,0.688,0.396,0.0,0.0,0.3235504614701334,0.0
27853,2025-07-11T08:00:00.000000000,0.7510000000000001,0.44699999999999995,0.0,0.0,0.0,0.0
27853,2025-07-11T09:00:00.000000000,0.766,0.46699999999999997,0.0,0.0,0.3235504614701334,0.0
27853,2025-07-11T10:00:00.000000000,0.668,0.36600000000000005,0.0,0.0,0.0,0.0
27853,2025-07-11T11:00:00.000000000,0.474,0.172,0.0,0.0,1.0266279588132945,0.0
27853,2025-07-11T12:00:00.000000000,0.373,0.024,0.0,0.049,0.7514342239215778,0.0
27853,2025-07-11T13:00:00.000000000,0.542,0.0,0.0,0.242,0.0,0.0
27853,2025-07-11T14:00:00.000000000,0.7609999999999999,0.0,0.0,0.459,0.3235504614701334,0.0
27853,2025-07-11T15:00:00.000000000,0.9289999999999999,0.0,0.0,0.627,0.0,0.0
27853,2025-07-11T16:00:00.000000000,1.0390000000000001,0.0,0.0,0.7370000000000001,0.3235504614701334,0.0
27853,2025-07-11T17:00:00.000000000,1.06,0.0,0.0,0.76,0.0,0.0
27853,2025-07-11T18:00:00.000000000,1.06,0.0,0.0,0.756,0.3232573903999611,0.0
27853,2025-07-11T19:00:00.000000000,1.1219999999999999,0.0,0.0,0.742,0.0,0.0
27853,2025-07-11T20:00:00.000000000,1.16,0.0,0.0,0.6960000000000001,0.3232573903999611,0.0
27853,2025-07-11T21:00:00.000000000,1.036,0.0,0.0,0.573,0.0,0.0
27853,2025-07-11T22:00:00.000000000,0.861,0.0,0.0,0.395,0.3235504614701334,0.0
27853,2025-07-11T23:00:00.000000000,0.687,0.0,0.0,0.19,0.3440654363821889,0.0
27853,2025-07-12T00:00:00.000000000,0.47,0.0,0.0,0.11099999999999999,0.7115765583781556,0.0
27853,2025-07-12T01:00:00.000000000,0.35400000000000004,0.0,0.0,0.049,0.7115765583781556,0.0
27853,2025-07-12T02:00:00.000000000,0.331,0.026,0.0,0.003,1.1737496360397501,0.0
27853,2025-07-12T03:00:00.000000000,0.365,0.065,0.0,0.0,0.0,0.0
27853,2025-07-12T04:00:00.000000000,0.5740000000000001,0.262,0.0,0.0,0.3235504614701334,0.0
27853,2025-07-12T05:00:00.000000000,0.555,0.254,0.0,0.0,0.0,0.0
27853,2025-07-12T06:00:00.000000000,0.559,0.28800000000000003,0.0,0.0,0.3235504614701334,0.0
27853,2025-07-12T07:00:00.000000000,0.977,0.23399999999999999,0.0,0.014,0.0,0.0
27853,2025-07-12T08:00:00.000000000,0.6659999999999999,0.34199999999999997,0.0,0.0,0.3232573903999611,0.0
27853,2025-07-12T09:00:00.000000000,0.716,0.362,0.0,0.0,0.0,0.0
27853,2025-07-12T10:00:00.000000000,0.678,0.378,0.0,0.0,0.6907685123959277,0.0
27853,2025-07-12T11:00:00.000000000,0.518,0.217,0.0,0.0,0.6714258217645611,0.0
27853,2025-07-12T12:00:00.000000000,0.401,0.097,0.0,0.005,1.6139423834384279,0.0
27853,2025-07-12T13:00:00.000000000,0.355,0.0,0.0,0.057,0.3232573903999611,0.0
27853,2025-07-12T14:00:00.000000000,0.493,0.0,0.0,0.192,0.0,0.0
27853,2025-07-12T15:00:00.000000000,0.7130000000000001,0.0,0.0,0.411,0.3235504614701334,0.0
27853,2025-07-12T16:00:00.000000000,0.899,0.0,0.0,0.5970000000000001,0.0,0.0
27853,2025-07-12T17:00:00.000000000,0.995,0.0,0.0,0.694,0.3235504614701334,0.0
27853,2025-07-12T18:00:00.000000000,1.0150000000000001,0.0,0.0,0.712,0.0,0.0
27853,2025-07-12T19:00:00.000000000,1.54,0.0,0.0,0.7029999999999998,1.4975931685800556,0.0
27853,2025-07-12T20:00:00.000000000,1.643,0.0,0.0,0.6930000000000001,0.0,0.0
27853,2025-07-12T21:00:00.000000000,1.0659999999999998,0.0,0.0,0.603,0.3232573903999611,0.0
27853,2025-07-12T22:00:00.000000000,0.9029999999999999,0.0,0.0,0.43799999999999994,0.3232573903999611,0.0
27853,2025-07-12T23:00:00.000000000,0.7080000000000001,0.0,0.0,0.21100000000000002,2.458866278744944,0.0
27853,2025-07-13T00:00:00.000000000,0.499,0.0,0.0,0.138,0.0,0.0
27853,2025-07-13T01:00:00.000000000,0.36300000000000004,0.0,0.0,0.058,0.3235504614701334,0.0
27853,2025-07-13T02:00:00.000000000,0.44700000000000006,0.14400000000000002,0.0,0.002,1.1608545089521722,0.0
27853,2025-07-13T03:00:00.000000000,0.5650000000000001,0.265,0.0,0.0,0.3232573903999611,0.0
27853,2025-07-13T04:00:00.000000000,0.878,0.5670000000000001,0.0,0.0,0.0,0.0
27853,2025-07-13T05:00:00.000000000,0.9359999999999999,0.635,0.0,0.0,0.3235504614701334,0.0
27853,2025-07-13T06:00:00.000000000,0.982,0.685,0.0,0.0,0.010843629596372221,0.0
27853,2025-07-13T07:00:00.000000000,0.985,0.6890000000000001,0.0,0.0,0.3127068318737611,0.0
27853,2025-07-13T08:00:00.000000000,1.064,0.735,0.0,0.0,1.9216670071192612,0.0
27853,2025-07-13T09:00:00.000000000,0.91,0.535,0.0,0.0,0.0,0.0
27853,2025-07-13T10:00:00.000000000,0.7490000000000001,0.35700000000000004,0.0,0.0,0.3235504614701334,0.0
27853,2025-07-13T11:00:00.000000000,0.527,0.18100000000000002,0.0,0.0,0.0,0.0
27853,2025-07-13T12:00:00.000000000,0.342,0.034999999999999996,0.0,0.006,0.3317564514349556,0.0
27853,2025-07-13T13:00:00.000000000,0.355,0.0,0.0,0.056999999999999995,1.0345408777079446,0.0
27853,2025-07-13T14:00:00.000000000,0.505,0.0,0.0,0.202,0.7350222439919334,0.0
27853,2025-07-13T15:00:00.000000000,0.7899999999999999,0.0,0.0,0.489,0.0,0.0
27853,2025-07-13T16:00:00.000000000,1.034,0.0,0.0,0.734,0.3235504614701334,0.0
27853,2025-07-13T17:00:00.000000000,1.068,0.0,0.0,0.768,0.0,0.0
27853,2025-07-13T18:00:00.000000000,1.074,0.0,0.0,0.7710000000000001,0.3232573903999611,0.0
27853,2025-07-13T19:00:00.000000000,1.0670000000000002,0.0,0.0,0.7569999999999999,0.0,0.0
27853,2025-07-13T20:00:00.000000000,1.501,0.0,0.0,0.728,0.3232573903999611,0.0
27853,2025-07-13T21:00:00.000000000,2.114,0.0,0.0,0.71,0.0,0.0
27853,2025-07-13T22:00:00.000000000,1.068,0.0,0.0,0.603,0.3232573903999611,0.0
27853,2025-07-13T23:00:00.000000000,0.781,0.0,0.0,0.324,0.0,0.0
27853,2025-07-14T00:00:00.000000000,0.497,0.0,0.0,0.17800000000000002,0.6875447306240333,0.0
27853,2025-07-14T01:00:00.000000000,0.38600000000000007,0.0,0.0,0.08000000000000002,0.5785222925199667,0.0
27853,2025-07-14T02:00:00.000000000,0.33699999999999997,0.03,0.0,0.006,0.10257487456027778,0.0
27853,2025-07-14T03:00:00.000000000,0.454,0.15400000000000003,0.0,0.0,0.3232573903999611,0.0
27853,2025-07-14T04:00:00.000000000,0.671,0.362,0.0,0.0,0.0,0.0
27853,2025-07-14T05:00:00.000000000,0.657,0.356,0.0,0.0,0.3235504614701334,0.0
27853,2025-07-14T06:00:00.000000000,0.6719999999999999,0.377,0.0,0.0,0.0,0.0
27853,2025-07-14T07:00:00.000000000,0.718,0.422,0.0,0.0,0.32355046147013333,0.0
27853,2025-07-14T08:00:00.000000000,0.904,0.5740000000000001,0.0,0.0,1.9181501542771944,0.0
27853,2025-07-14T09:00:00.000000000,0.8,0.42300000000000004,0.0,0.0,0.07766383359563889,0.0
27853,2025-07-14T10:00:00.000000000,0.657,0.26599999999999996,0.0,0.0,0.3235504614701334,0.0
27853,2025-07-14T11:00:00.000000000,0.378,0.025,0.0,0.008,0.0,0.0
27853,2025-07-14T12:00:00.000000000,0.409,0.0,0.0,0.10900000000000001,1.5418469001760613,0.0
27853,2025-07-14T13:00:00.000000000,0.7579999999999999,0.0,0.0,0.372,0.9076411043233722,0.0
27853,2025-07-14T14:00:00.000000000,0.9450000000000001,0.0,0.0,0.621,0.3232573903999611,0.0
27853,2025-07-14T15:00:00.000000000,1.094,0.0,0.0,0.792,0.0,0.0
27853,2025-07-14T16:00:00.000000000,1.1969999999999998,0.0,0.0,0.832,1.1081017163211722,0.0
27853,2025-07-14T17:00:00.000000000,1.2510000000000001,0.0,0.0,0.854,0.0,0.0
27853,2025-07-14T18:00:00.000000000,1.2830000000000001,0.0,0.0,0.87,0.3229643193297889,0.0
27853,2025-07-14T19:00:00.000000000,1.222,0.0,0.0,0.849,0.0,0.0
27853,2025-07-14T20:00:00.000000000,1.104,0.0,0.0,0.79,0.7104042740974666,0.0
27853,2025-07-14T21:00:00.000000000,1.04,0.0,0.0,0.726,1.9805742922238778,0.0
27853,2025-07-14T22:00:00.000000000,0.8839999999999999,0.0,0.0,0.5710000000000001,0.0,0.0
27853,2025-07-14T23:00:00.000000000,0.62,0.0,0.0,0.285,0.6910615834661,0.0
27853,2025-07-15T00:00:00.000000000,0.488,0.0,0.0,0.169,0.0,0.0
27853,2025-07-15T01:00:00.000000000,0.385,0.0,0.0,0.079,0.3235504614701334,0.0
27853,2025-07-15T02:00:00.000000000,0.359,0.053,0.0,0.004,0.0,0.0
27853,2025-07-15T03:00:00.000000000,0.517,0.217,0.0,0.0,0.3232573903999611,0.0
27853,2025-07-15T04:00:00.000000000,0.7409999999999999,0.43,0.0,0.0,0.0,0.0
27853,2025-07-15T05:00:00.000000000,0.677,0.396,0.0,0.0,0.3235504614701334,0.0
27853,2025-07-15T06:00:00.000000000,0.6659999999999999,0.38,0.0,0.0,0.0,0.0
27853,2025-07-15T07:00:00.000000000,0.7070000000000001,0.411,0.0,0.0,0.3235504614701334,0.0
27853,2025-07-15T08:00:00.000000000,0.7370000000000001,0.439,0.0,0.0,0.0,0.0
27853,2025-07-15T09:00:00.000000000,0.712,0.41000000000000003,0.0,0.0,0.6465147807999223,0.0
27853,2025-07-15T10:00:00.000000000,0.482,0.18,0.0,0.0,0.0,0.0
27853,2025-07-15T11:00:00.000000000,0.327,0.008,0.0,0.018000000000000002,0.3235504614701334,0.0
27853,2025-07-15T12:00:00.000000000,0.45999999999999996,0.0,0.0,0.13999999999999999,0.0,0.0
27853,2025-07-15T13:00:00.000000000,0.739,0.0,0.0,0.35300000000000004,0.8036008744122334,0.0
27853,2025-07-15T14:00:00.000000000,0.953,0.0,0.0,0.561,1.5491736769303666,0.0
27853,2025-07-15T15:00:00.000000000,1.106,0.0,0.0,0.7589999999999999,0.3232573903999611,0.0
27853,2025-07-15T16:00:00.000000000,1.1440000000000001,0.0,0.0,0.844,0.0,0.0
27853,2025-07-15T17:00:00.000000000,1.234,0.0,0.0,0.839,0.3232573903999611,0.0
27853,2025-07-15T18:00:00.000000000,1.1669999999999998,0.0,0.0,0.754,0.3669249798556222,0.0
27853,2025-07-15T19:00:00.000000000,1.154,0.0,0.0,0.7110000000000001,0.3232573903999611,0.0
27853,2025-07-15T20:00:00.000000000,1.053,0.0,0.0,0.587,0.34377236531201666,0.0
27853,2025-07-15T21:00:00.000000000,0.9029999999999999,0.0,0.0,0.43799999999999994,0.6740634613961111,0.0
27853,2025-07-15T22:00:00.000000000,0.7849999999999999,0.0,0.0,0.321,0.3235504614701334,0.0
27853,2025-07-15T23:00:00.000000000,0.649,0.0,0.0,0.152,0.0,0.0
27853,2025-07-16T00:00:00.000000000,0.527,0.0,0.0,0.09,0.6910615834661,0.0
27853,2025-07-16T01:00:00.000000000,0.39,0.0,0.0,0.038000000000000006,0.3235504614701334,0.0
27853,2025-07-16T02:00:00.000000000,0.381,0.07500000000000001,0.0,0.0,0.0,0.0
27853,2025-07-16T03:00:00.000000000,0.896,0.139,0.0,0.022,0.5518528251342945,0.0
27853,2025-07-16T04:00:00.000000000,0.692,0.40599999999999997,0.0,0.0,0.10814322489355,0.0
27853,2025-07-16T05:00:00.000000000,0.676,0.375,0.0,0.0,0.3232573903999611,0.0
27853,2025-07-16T06:00:00.000000000,0.6759999999999999,0.38,0.0,0.0,0.0,0.0
27853,2025-07-16T07:00:00.000000000,0.7270000000000001,0.431,0.0,0.0,0.3235504614701334,0.0
27853,2025-07-16T08:00:00.000000000,0.8200000000000001,0.502,0.0,0.0,0.7089389187466055,0.0
27853,2025-07-16T09:00:00.000000000,0.7709999999999999,0.47,0.0,0.0,0.0,0.0
27853,2025-07-16T10:00:00.000000000,0.611,0.308,0.0,0.0,0.32355046147013333,0.0
27853,2025-07-16T11:00:00.000000000,0.481,0.18000000000000002,0.0,0.0,0.0,0.0
27853,2025-07-16T12:00:00.000000000,0.397,0.09499999999999999,0.0,0.002,0.7109904162378111,0.0
27853,2025-07-16T13:00:00.000000000,0.353,0.0,0.0,0.054,0.3235504614701334,0.0
27853,2025-07-16T14:00:00.000000000,0.46799999999999997,0.0,0.0,0.168,0.0,0.0
27853,2025-07-16T15:00:00.000000000,0.6070000000000001,0.0,0.0,0.30500000000000005,0.3232573903999611,0.0
27853,2025-07-16T16:00:00.000000000,0.7399999999999999,0.0,0.0,0.415,0.0,0.0
27853,2025-07-16T17:00:00.000000000,0.873,0.0,0.0,0.478,0.3235504614701334,0.0
27853,2025-07-16T18:00:00.000000000,0.981,0.0,0.0,0.5690000000000001,0.0,0.0
27853,2025-07-16T19:00:00.000000000,1.0670000000000002,0.0,0.0,0.624,0.3235504614701334,0.0
27853,2025-07-16T20:00:00.000000000,0.866,0.0,0.0,0.5509999999999999,0.6910615834661,0.0
27853,2025-07-16T21:00:00.000000000,0.7709999999999999,0.0,0.0,0.45799999999999996,0.7109904162378111,0.0
27853,2025-07-16T22:00:00.000000000,0.653,0.0,0.0,0.341,1.0254556745326056,0.0
27853,2025-07-16T23:00:00.000000000,0.491,0.0,0.0,0.154,0.34377236531201666,0.0
27853,2025-07-17T00:00:00.000000000,0.41200000000000003,0.0,0.0,0.093,0.0,0.0
27853,2025-07-17T01:00:00.000000000,0.329,0.0,0.0,0.023999999999999997,0.3235504614701334,0.0
27853,2025-07-17T02:00:00.000000000,0.407,0.10500000000000001,0.0,0.0,0.0,0.0
27853,2025-07-17T03:00:00.000000000,0.511,0.211,0.0,0.0,0.3232573903999611,0.0
27853,2025-07-17T04:00:00.000000000,0.7070000000000001,0.39699999999999996,0.0,0.0,0.0,0.0
27853,2025-07-17T05:00:00.000000000,0.654,0.35100000000000003,0.0,0.0,0.3235504614701334,0.0
27853,2025-07-17T06:00:00.000000000,0.636,0.33999999999999997,0.0,0.0,0.0,0.0
27853,2025-07-17T07:00:00.000000000,0.793,0.508,0.0,0.0,2.0556004861879664,0.0
27853,2025-07-17T08:00:00.000000000,0.7789999999999999,0.45399999999999996,0.0,0.0,0.8255812046751501,0.0
27853,2025-07-17T09:00:00.000000000,0.7939999999999999,0.41800000000000004,0.0,0.0,1.0521251419182778,0.0
27853,2025-07-17T10:00:00.000000000,0.668,0.27599999999999997,0.0,0.0,0.3235504614701334,0.0
27853,2025-07-17T11:00:00.000000000,0.489,0.14300000000000002,0.0,0.0,0.0,0.0
27853,2025-07-17T12:00:00.000000000,0.45199999999999996,0.096,0.0,0.013999999999999999,1.3337664403537832,0.0
27853,2025-07-17T13:00:00.000000000,0.455,0.0,0.0,0.07,0.0,0.0
27853,2025-07-17T14:00:00.000000000,0.999,0.0,0.0,0.17600000000000002,1.13154740193495,0.0
27853,2025-07-17T15:00:00.000000000,0.555,0.0,0.0,0.253,0.0,0.0
27853,2025-07-17T16:00:00.000000000,0.7859999999999999,0.0,0.0,0.484,0.3235504614701334,0.0
27853,2025-07-17T17:00:00.000000000,1.0,0.0,0.0,0.6990000000000001,1.1927992556009444,0.0
27853,2025-07-17T18:00:00.000000000,2.022,0.0,0.0,0.7550000000000001,0.0,0.0
27853,2025-07-17T19:00:00.000000000,3.037,0.0,0.0,0.78,0.3229643193297889,0.0
27853,2025-07-17T20:00:00.000000000,1.234,0.0,0.0,0.768,0.0,0.0
27853,2025-07-17T21:00:00.000000000,1.207,0.0,0.0,0.744,0.3229643193297889,0.0
27853,2025-07-17T22:00:00.000000000,0.98,0.0,0.0,0.667,0.0,0.0
27853,2025-07-17T23:00:00.000000000,0.727,0.0,0.0,0.39099999999999996,0.6875447306240333,0.0
27853,2025-07-18T00:00:00.000000000,0.541,0.0,0.0,0.22099999999999997,0.8487338192187556,0.0
27853,2025-07-18T01:00:00.000000000,0.42999999999999994,0.0,0.0,0.125,0.3235504614701334,0.0
27853,2025-07-18T02:00:00.000000000,0.33999999999999997,0.018,0.0,0.019,0.0,0.0
27853,2025-07-18T03:00:00.000000000,0.539,0.238,0.0,0.0,0.3235504614701334,0.0
27853,2025-07-18T04:00:00.000000000,0.935,0.624,0.0,0.0,0.0,0.0
27853,2025-07-18T05:00:00.000000000,1.05,0.75,0.0,0.0,0.3232573903999611,0.0
27853,2025-07-18T06:00:00.000000000,1.1520000000000001,0.856,0.0,0.0,0.0,0.0
27853,2025-07-18T07:00:00.000000000,1.198,0.902,0.0,0.0,0.3235504614701334,0.0
27853,2025-07-18T08:00:00.000000000,1.18,0.884,0.0,0.0,0.0,0.0
27853,2025-07-18T09:00:00.000000000,1.04,0.739,0.0,0.0,0.3235504614701334,0.0
27853,2025-07-18T10:00:00.000000000,0.805,0.436,0.0,0.0,2.0072437596095503,0.0
27853,2025-07-18T11:00:00.000000000,0.437,0.0,0.0,0.048,0.7883611787632778,0.0
27853,2025-07-18T12:00:00.000000000,0.6320000000000001,0.0,0.0,0.248,1.1971953216535278,0.0
27853,2025-07-18T13:00:00.000000000,0.849,0.0,0.0,0.506,0.8619220173765055,0.0
27853,2025-07-18T14:00:00.000000000,1.0390000000000001,0.0,0.0,0.7390000000000001,0.7106973451676388,0.0
27853,2025-07-18T15:00:00.000000000,1.135,0.0,0.0,0.832,1.1719912096187166,0.0
27853,2025-07-18T16:00:00.000000000,1.156,0.0,0.0,0.856,0.3232573903999611,0.0
27853,2025-07-18T17:00:00.000000000,1.1789999999999998,0.0,0.0,0.878,0.3343940910665056,0.0
27853,2025-07-18T18:00:00.000000000,1.196,0.0,0.0,0.892,0.0,0.0
27853,2025-07-18T19:00:00.000000000,1.267,0.0,0.0,0.886,0.3229643193297889,0.0
27853,2025-07-18T20:00:00.000000000,1.322,0.0,0.0,0.858,0.0,0.0
27853,2025-07-18T21:00:00.000000000,1.2590000000000001,0.0,0.0,0.796,1.177852631022161,0.0
27853,2025-07-18T22:00:00.000000000,1.178,0.0,0.0,0.7129999999999999,0.0,0.0
27853,2025-07-18T23:00:00.000000000,0.946,0.0,0.0,0.49,1.0298517405851888,0.0
27853,2025-07-19T00:00:00.000000000,0.613,0.0,0.0,0.295,0.0,0.0
27853,2025-07-19T01:00:00.000000000,0.44299999999999995,0.0,0.0,0.138,2.0520836333459,0.0
27853,2025-07-19T02:00:00.000000000,0.35000000000000003,0.0,0.0,0.048,0.34377236531201666,0.0
27853,2025-07-19T03:00:00.000000000,0.428,0.127,0.0,0.0,0.06828555935012778,0.0
27853,2025-07-19T04:00:00.000000000,0.818,0.508,0.0,0.0,0.2552649021200056,0.0
27853,2025-07-19T05:00:00.000000000,0.957,0.655,0.0,0.0,0.3232573903999611,0.0
27853,2025-07-19T06:00:00.000000000,1.117,0.821,0.0,0.0,0.0,0.0
27853,2025-07-19T07:00:00.000000000,1.404,1.112,0.0,0.0,1.6543861911221944,0.0
27853,2025-07-19T08:00:00.000000000,1.513,1.187,0.0,0.0,0.8352525499908333,0.0
27853,2025-07-19T09:00:00.000000000,1.496,1.121,0.0,0.0,1.660247612525639,0.0
27853,2025-07-19T10:00:00.000000000,1.07,0.7020000000000001,0.0,0.0,2.04417071445125,0.0
27853,2025-07-19T11:00:00.000000000,0.395,0.084,0.0,0.01,0.34377236531201666,0.0
27853,2025-07-19T12:00:00.000000000,0.484,0.0,0.0,0.185,0.34377236531201666,0.0
27853,2025-07-19T13:00:00.000000000,0.765,0.0,0.0,0.46599999999999997,0.6904754413257554,0.0
27853,2025-07-19T14:00:00.000000000,1.042,0.0,0.0,0.741,0.33058416715426664,0.0
27853,2025-07-19T15:00:00.000000000,1.175,0.0,0.0,0.873,0.0,0.0
27853,2025-07-19T16:00:00.000000000,1.19,0.0,0.0,0.888,0.3232573903999611,0.0
27853,2025-07-19T17:00:00.000000000,1.4,0.0,0.0,0.898,0.0,0.0
27853,2025-07-19T18:00:00.000000000,1.905,0.0,0.0,0.906,0.6723050349750777,0.0
27853,2025-07-19T19:00:00.000000000,1.3,0.0,0.0,0.857,0.3229643193297889,0.0
27853,2025-07-19T20:00:00.000000000,1.25,0.0,0.0,0.786,0.0,0.0
27853,2025-07-19T21:00:00.000000000,1.2,0.0,0.0,0.7349999999999999,1.6074948198946386,0.0
27853,2025-07-19T22:00:00.000000000,1.1139999999999999,0.0,0.0,0.647,1.5808253525089668,0.0
27853,2025-07-19T23:00:00.000000000,0.889,0.0,0.0,0.39099999999999996,0.3235504614701334,0.0
27853,2025-07-20T00:00:00.000000000,0.588,0.0,0.0,0.22899999999999998,0.66732282678215,0.0
27853,2025-07-20T01:00:00.000000000,0.42299999999999993,0.0,0.0,0.117,0.34377236531201666,0.0
27853,2025-07-20T02:00:00.000000000,0.33599999999999997,0.012,0.0,0.022,0.32355046147013333,0.0
27853,2025-07-20T03:00:00.000000000,0.492,0.192,0.0,0.0,0.0,0.0
27853,2025-07-20T04:00:00.000000000,0.861,0.55,0.0,0.0,0.3232573903999611,0.0
27853,2025-07-20T05:00:00.000000000,0.979,0.675,0.0,0.0,0.0,0.0
27853,2025-07-20T06:00:00.000000000,1.094,0.7979999999999999,0.0,0.0,0.3235504614701334,0.0
27853,2025-07-20T07:00:00.000000000,1.1609999999999998,0.866,0.0,0.0,0.0,0.0
27853,2025-07-20T08:00:00.000000000,1.391,0.617,0.0,0.0,0.3235504614701334,0.0
27853,2025-07-20T09:00:00.000000000,0.994,0.662,0.0,0.0,0.0,0.0
27853,2025-07-20T10:00:00.000000000,0.774,0.47300000000000003,0.0,0.0,0.3232573903999611,0.0
27853,2025-07-20T11:00:00.000000000,0.394,0.09,0.0,0.004,0.0,0.0
27853,2025-07-20T12:00:00.000000000,0.38599999999999995,0.0,0.0,0.087,1.1719912096187168,0.0
27853,2025-07-20T13:00:00.000000000,0.5700000000000001,0.0,0.0,0.272,1.1716981385485445,0.0
27853,2025-07-20T14:00:00.000000000,0.822,0.0,0.0,0.522,0.0,0.0
27853,2025-07-20T15:00:00.000000000,1.051,0.0,0.0,0.7499999999999999,0.3235504614701334,0.0
27853,2025-07-20T16:00:00.000000000,1.144,0.0,0.0,0.84,0.0,0.0
27853,2025-07-20T17:00:00.000000000,1.15,0.0,0.0,0.849,0.3232573903999611,0.0
27853,2025-07-20T18:00:00.000000000,1.143,0.0,0.0,0.84,0.0,0.0
27853,2025-07-20T19:00:00.000000000,1.094,0.0,0.0,0.784,0.32325739039996115,0.0
27853,2025-07-20T20:00:00.000000000,2.1029999999999998,0.0,0.0,0.732,0.0,0.0
27853,2025-07-20T21:00:00.000000000,1.0150000000000001,0.0,0.0,0.5529999999999999,0.3232573903999611,0.0
27853,2025-07-20T22:00:00.000000000,0.8220000000000001,0.0,0.0,0.35700000000000004,0.8367179053416944,0.0
27853,2025-07-20T23:00:00.000000000,0.642,0.0,0.0,0.14400000000000002,2.245217468589394,0.0
27853,2025-07-21T00:00:00.000000000,0.368,0.0,0.0,0.049,1.5714470782634558,0.0
27853,2025-07-21T01:00:00.000000000,0.359,0.047,0.0,0.007,0.3235504614701334,0.0
27853,2025-07-21T02:00:00.000000000,0.488,0.187,0.0,0.0,0.3235504614701334,0.0
27853,2025-07-21T03:00:00.000000000,0.5970000000000001,0.29600000000000004,0.0,0.0,0.3232573903999611,0.0
27853,2025-07-21T04:00:00.000000000,0.7869999999999999,0.477,0.0,0.0,0.0,0.0
27853,2025-07-21T05:00:00.000000000,0.7240000000000001,0.42100000000000004,0.0,0.0,0.3235504614701334,0.0
27853,2025-07-21T06:00:00.000000000,0.712,0.416,0.0,0.0,0.0,0.0
27853,2025-07-21T07:00:00.000000000,0.764,0.46799999999999997,0.0,0.0,0.3235504614701334,0.0
27853,2025-07-21T08:00:00.000000000,0.801,0.503,0.0,0.0,0.0,0.0
27853,2025-07-21T09:00:00.000000000,0.85,0.549,0.0,0.0,0.3232573903999611,0.0
27853,2025-07-21T10:00:00.000000000,1.238,0.43499999999999994,0.0,0.013,1.2320707790040222,0.0
27853,2025-07-21T11:00:00.000000000,0.954,0.05,0.0,0.028999999999999998,0.3232573903999611,0.0
27853,2025-07-21T12:00:00.000000000,0.46799999999999997,0.0,0.0,0.08299999999999999,0.0,0.0
27853,2025-07-21T13:00:00.000000000,0.7010000000000001,0.0,0.0,0.314,0.3235504614701334,0.0
27853,2025-07-21T14:00:00.000000000,0.9550000000000001,0.0,0.0,0.5630000000000001,1.5069714428255665,0.0
27853,2025-07-21T15:00:00.000000000,2.55,0.0,0.0,0.7959999999999999,0.6465147807999222,0.0
27853,2025-07-21T16:00:00.000000000,1.243,0.0,0.0,0.856,0.3434792942418444,0.0
27853,2025-07-21T17:00:00.000000000,1.2510000000000001,0.0,0.0,0.856,0.0,0.0
27853,2025-07-21T18:00:00.000000000,1.262,0.0,0.0,0.85,0.34318622317167224,0.0
27853,2025-07-21T19:00:00.000000000,1.268,0.0,0.0,0.8240000000000001,0.3229643193297889,0.0
27853,2025-07-21T20:00:00.000000000,1.257,0.0,0.0,0.7929999999999999,0.32648117217185557,0.0
27853,2025-07-21T21:00:00.000000000,1.228,0.0,0.0,0.764,0.84668232172755,0.0
27853,2025-07-21T22:00:00.000000000,1.167,0.0,0.0,0.703,0.34377236531201666,0.0
27853,2025-07-21T23:00:00.000000000,0.959,0.0,0.0,0.46299999999999997,0.3232573903999611,0.0
27853,2025-07-22T00:00:00.000000000,0.73,0.0,0.0,0.292,0.34377236531201666,0.0
27853,2025-07-22T01:00:00.000000000,0.513,0.0,0.0,0.163,0.3669249798556222,0.0
27853,2025-07-22T02:00:00.000000000,0.37000000000000005,0.0,0.0,0.06099999999999999,0.3235504614701334,0.0
27853,2025-07-22T03:00:00.000000000,0.38799999999999996,0.088,0.0,0.0,0.0,0.0
27853,2025-07-22T04:00:00.000000000,0.753,0.44399999999999995,0.0,0.0,0.3232573903999611,0.0
27853,2025-07-22T05:00:00.000000000,0.862,0.561,0.0,0.0,0.0,0.0
27853,2025-07-22T06:00:00.000000000,0.998,0.7010000000000001,0.0,0.0,0.3235504614701334,0.0
27853,2025-07-22T07:00:00.000000000,1.116,0.82,0.0,0.0,0.0,0.0
27853,2025-07-22T08:00:00.000000000,1.109,0.812,0.0,0.0,0.3235504614701334,0.0
27853,2025-07-22T09:00:00.000000000,1.0110000000000001,0.7120000000000001,0.0,0.0,0.0,0.0
27853,2025-07-22T10:00:00.000000000,0.776,0.474,0.0,0.0,0.3232573903999611,0.0
27853,2025-07-22T11:00:00.000000000,0.40700000000000003,0.1,0.0,0.007,0.0,0.0
27853,2025-07-22T12:00:00.000000000,1.4899999999999998,0.0,0.0,0.195,0.6752357456768001,0.0
27853,2025-07-22T13:00:00.000000000,1.2189999999999999,0.0,0.0,0.42,1.0275071720238111,0.0
27853,2025-07-22T14:00:00.000000000,1.527,0.0,0.0,0.681,0.6714258217645611,0.0
27853,2025-07-22T15:00:00.000000000,1.201,0.0,0.0,0.807,0.0,0.0
27853,2025-07-22T16:00:00.000000000,1.252,0.0,0.0,0.862,1.190747758109739,0.0
27853,2025-07-22T17:00:00.000000000,1.296,0.0,0.0,0.9,0.7698977013424277,0.0
27853,2025-07-22T18:00:00.000000000,1.322,0.0,0.0,0.908,0.24002520647105,0.0
27853,2025-07-22T19:00:00.000000000,1.332,0.0,0.0,0.889,0.34318622317167224,0.0
27853,2025-07-22T20:00:00.000000000,1.326,0.0,0.0,0.862,0.4466403109424667,0.0
27853,2025-07-22T21:00:00.000000000,1.203,0.0,0.0,0.8140000000000001,0.2520411203481111,0.0
27853,2025-07-22T22:00:00.000000000,1.1469999999999998,0.0,0.0,0.758,0.0,0.0
27853,2025-07-22T23:00:00.000000000,0.9269999999999999,0.0,0.0,0.591,1.0286794563045,0.0
27853,2025-07-23T00:00:00.000000000,0.672,0.0,0.0,0.35200000000000004,0.34377236531201666,0.0
27853,2025-07-23T01:00:00.000000000,0.8500000000000001,0.0,0.0,0.22399999999999998,0.33673865962788335,0.0
27853,2025-07-23T02:00:00.000000000,1.024,0.0,0.0,0.141,0.33703173069805553,0.0
27853,2025-07-23T03:00:00.000000000,0.331,0.0,0.0,0.031000000000000003,0.3235504614701334,0.0
27853,2025-07-23T04:00:00.000000000,0.5920000000000001,0.28099999999999997,0.0,0.0,0.3232573903999611,0.0
27853,2025-07-23T05:00:00.000000000,0.726,0.426,0.0,0.0,0.0,0.0
27853,2025-07-23T06:00:00.000000000,0.896,0.5990000000000001,0.0,0.0,0.3235504614701334,0.0
27853,2025-07-23T07:00:00.000000000,1.083,0.788,0.0,0.0,0.0,0.0
27853,2025-07-23T08:00:00.000000000,1.346,1.017,0.0,0.0,1.5884452003334444,0.0
27853,2025-07-23T09:00:00.000000000,1.291,0.957,0.0,0.0,0.0,0.0
27853,2025-07-23T10:00:00.000000000,0.929,0.629,0.0,0.0,0.3235504614701334,0.0
27853,2025-07-23T11:00:00.000000000,0.389,0.068,0.0,0.019,0.0,0.0
27853,2025-07-23T12:00:00.000000000,0.479,0.0,0.0,0.178,0.7106973451676388,0.0
27853,2025-07-23T13:00:00.000000000,0.7799999999999999,0.0,0.0,0.48,0.3235504614701334,0.0
27853,2025-07-23T14:00:00.000000000,1.073,0.0,0.0,0.7709999999999999,0.0,0.0
27853,2025-07-23T15:00:00.000000000,1.1929999999999998,0.0,0.0,0.892,0.3232573903999611,0.0
27853,2025-07-23T16:00:00.000000000,1.218,0.0,0.0,0.917,0.0,0.0
27853,2025-07-23T17:00:00.000000000,1.2429999999999999,0.0,0.0,0.942,0.3232573903999611,0.0
27853,2025-07-23T18:00:00.000000000,2.226,0.0,0.0,0.96,0.0,0.0
27853,2025-07-23T19:00:00.000000000,1.397,0.0,0.0,0.954,0.3226712482596167,0.0
27853,2025-07-23T20:00:00.000000000,1.372,0.0,0.0,0.9079999999999999,0.0,0.0
27853,2025-07-23T21:00:00.000000000,1.276,0.0,0.0,0.812,0.3229643193297889,0.0
27853,2025-07-23T22:00:00.000000000,1.185,0.0,0.0,0.7190000000000001,0.3232573903999611,0.0
27853,2025-07-23T23:00:00.000000000,1.0390000000000001,0.0,0.0,0.542,3.4992685778563333,0.0
27853,2025-07-24T00:00:00.000000000,0.7280000000000001,0.0,0.0,0.342,0.8938667640252778,0.0
27853,2025-07-24T01:00:00.000000000,0.504,0.0,0.0,0.19999999999999998,0.5855559982041,0.0
27853,2025-07-24T02:00:00.000000000,0.38000000000000006,0.0,0.0,0.077,0.7871888944825889,0.0
27853,2025-07-24T03:00:00.000000000,0.347,0.040999999999999995,0.0,0.006,0.0,0.0
27853,2025-07-24T04:00:00.000000000,0.703,0.393,0.0,0.0,0.3235504614701334,0.0
27853,2025-07-24T05:00:00.000000000,0.807,0.506,0.0,0.0,0.0,0.0
27853,2025-07-24T06:00:00.000000000,0.948,0.6519999999999999,0.0,0.0,0.3232573903999611,0.0
27853,2025-07-24T07:00:00.000000000,1.093,0.797,0.0,0.0,0.0,0.0
27853,2025-07-24T08:00:00.000000000,1.304,0.975,0.0,0.0,1.6649367496483944,0.0
27853,2025-07-24T09:00:00.000000000,1.176,0.867,0.0,0.0,0.3235504614701334,0.0
27853,2025-07-24T10:00:00.000000000,0.84,0.49400000000000005,0.0,0.0,0.0,0.0
27853,2025-07-24T11:00:00.000000000,0.368,0.041,0.0,0.026,0.3235504614701334,0.0
27853,2025-07-24T12:00:00.000000000,0.509,0.0,0.0,0.21000000000000002,0.6901823702555834,0.0
27853,2025-07-24T13:00:00.000000000,0.83,0.0,0.0,0.531,0.16851586534902777,0.0
27853,2025-07-24T14:00:00.000000000,1.115,0.0,0.0,0.813,0.9050034646918221,0.0
27853,2025-07-24T15:00:00.000000000,1.22,0.0,0.0,0.918,0.0,0.0
27853,2025-07-24T16:00:00.000000000,1.236,0.0,0.0,0.935,0.3232573903999611,0.0
27853,2025-07-24T17:00:00.000000000,1.246,0.0,0.0,0.946,0.0,0.0
27853,2025-07-24T18:00:00.000000000,1.247,0.0,0.0,0.943,0.0,0.0
27853,2025-07-24T19:00:00.000000000,1.3270000000000002,0.0,0.0,0.885,0.3229643193297889,0.0
27853,2025-07-24T20:00:00.000000000,1.201,0.0,0.0,0.813,0.0,0.0
27853,2025-07-24T21:00:00.000000000,1.0630000000000002,0.0,0.0,0.7489999999999999,0.3229643193297889,0.0
27853,2025-07-24T22:00:00.000000000,1.0959999999999999,0.0,0.0,0.668,0.3669249798556222,0.0
27853,2025-07-24T23:00:00.000000000,0.881,0.0,0.0,0.383,2.9685168697744393,0.0
27853,2025-07-25T00:00:00.000000000,0.607,0.0,0.0,0.247,0.6901823702555834,0.0
27853,2025-07-25T01:00:00.000000000,0.45399999999999996,0.0,0.0,0.149,0.0,0.0
27853,2025-07-25T02:00:00.000000000,0.35600000000000004,0.0,0.0,0.054,0.3235504614701334,0.0
27853,2025-07-25T03:00:00.000000000,0.401,0.1,0.0,0.002,0.3669249798556222,0.0
27853,2025-07-25T04:00:00.000000000,0.749,0.44000000000000006,0.0,0.0,0.3235504614701334,0.0
27853,2025-07-25T05:00:00.000000000,0.838,0.536,0.0,0.0,0.0,0.0
27853,2025-07-25T06:00:00.000000000,0.865,0.57,0.0,0.0,0.3235504614701334,0.0
27853,2025-07-25T07:00:00.000000000,0.9069999999999999,0.615,0.0,0.0,0.7684323459915666,0.0
27853,2025-07-25T08:00:00.000000000,1.004,0.678,0.0,0.0,1.2622570992317612,0.0
27853,2025-07-25T09:00:00.000000000,0.949,0.648,0.0,0.0,0.7444005182374445,0.0
27853,2025-07-25T10:00:00.000000000,0.618,0.316,0.0,0.0,0.3235504614701334,0.0
27853,2025-07-25T11:00:00.000000000,0.34299999999999997,0.006,0.0,0.037,0.34377236531201666,0.0
27853,2025-07-25T12:00:00.000000000,0.495,0.0,0.0,0.196,1.077329253953089,0.0
27853,2025-07-25T13:00:00.000000000,0.771,0.0,0.0,0.471,0.3235504614701334,0.0
27853,2025-07-25T14:00:00.000000000,1.038,0.0,0.0,0.7389999999999999,0.0,0.0
27853,2025-07-25T15:00:00.000000000,1.189,0.0,0.0,0.888,0.3232573903999611,0.0
27853,2025-07-25T16:00:00.000000000,1.2429999999999999,0.0,0.0,0.942,0.0,0.0
27853,2025-07-25T17:00:00.000000000,1.268,0.0,0.0,0.967,0.3232573903999611,0.0
27853,2025-07-25T18:00:00.000000000,1.2870000000000001,0.0,0.0,0.984,0.0,0.0
27853,2025-07-25T19:00:00.000000000,1.391,0.0,0.0,0.976,0.3229643193297889,0.0
27853,2025-07-25T20:00:00.000000000,1.41,0.0,0.0,0.946,0.0,0.0
27853,2025-07-25T21:00:00.000000000,1.348,0.0,0.0,0.884,0.3229643193297889,0.0
27853,2025-07-25T22:00:00.000000000,1.265,0.0,0.0,0.8,0.0,0.0
27853,2025-07-25T23:00:00.000000000,1.2209999999999999,0.0,0.0,0.723,0.6872516595538611,0.0
27853,2025-07-26T00:00:00.000000000,0.8840000000000001,0.0,0.0,0.498,0.3669249798556222,0.0
27853,2025-07-26T01:00:00.000000000,0.596,0.0,0.0,0.291,0.3232573903999611,0.0
27853,2025-07-26T02:00:00.000000000,0.474,0.0,0.0,0.17200000000000001,0.3232573903999611,0.0
27853,2025-07-26T03:00:00.000000000,0.379,0.0,0.0,0.079,0.0,0.0
27853,2025-07-26T04:00:00.000000000,0.446,0.128,0.0,0.007,0.3235504614701334,0.0
27853,2025-07-26T05:00:00.000000000,0.554,0.254,0.0,0.0,0.0,0.0
27853,2025-07-26T06:00:00.000000000,0.7909999999999999,0.503,0.0,0.0,1.543312255526922,0.0
27853,2025-07-26T07:00:00.000000000,0.9189999999999999,0.6320000000000001,0.0,0.0,0.3232573903999611,0.0
27853,2025-07-26T08:00:00.000000000,1.032,0.734,0.0,0.0,0.0,0.0
27853,2025-07-26T09:00:00.000000000,0.99,0.6910000000000001,0.0,0.0,0.3235504614701334,0.0
27853,2025-07-26T10:00:00.000000000,0.6910000000000001,0.38899999999999996,0.0,0.0,0.0,0.0
27853,2025-07-26T11:00:00.000000000,0.353,0.02,0.0,0.031,0.3235504614701334,0.0
27853,2025-07-26T12:00:00.000000000,0.499,0.0,0.0,0.199,0.0,0.0
27853,2025-07-26T13:00:00.000000000,0.7659999999999999,0.0,0.0,0.46599999999999997,0.3232573903999611,0.0
27853,2025-07-26T14:00:00.000000000,1.04,0.0,0.0,0.7379999999999999,0.0,0.0
27853,2025-07-26T15:00:00.000000000,1.167,0.0,0.0,0.866,0.3232573903999611,0.0
27853,2025-07-26T16:00:00.000000000,1.184,0.0,0.0,0.882,0.0,0.0
27853,2025-07-26T17:00:00.000000000,1.184,0.0,0.0,0.884,0.3232573903999611,0.0
27853,2025-07-26T18:00:00.000000000,1.181,0.0,0.0,0.878,0.0,0.0
27853,2025-07-26T19:00:00.000000000,1.174,0.0,0.0,0.864,0.3229643193297889,0.0
27853,2025-07-26T20:00:00.000000000,1.2389999999999999,0.0,0.0,0.849,0.0,0.0
27853,2025-07-26T21:00:00.000000000,2.646,0.0,0.0,0.788,0.3229643193297889,0.0
27853,2025-07-26T22:00:00.000000000,2.052,0.0,0.0,0.7110000000000001,0.0,0.0
27853,2025-07-26T23:00:00.000000000,1.029,0.0,0.0,0.531,0.3232573903999611,0.0
27853,2025-07-27T00:00:00.000000000,0.602,0.0,0.0,0.284,2.1329712487134334,0.0
27853,2025-07-27T01:00:00.000000000,0.474,0.0,0.0,0.169,0.7866027523422445,0.0
27853,2025-07-27T02:00:00.000000000,0.376,0.0,0.0,0.073,0.3235504614701334,0.0
27853,2025-07-27T03:00:00.000000000,0.383,0.078,0.0,0.005,0.3669249798556222,0.0
27853,2025-07-27T04:00:00.000000000,0.821,0.5369999999999999,0.0,0.0,1.5890313424737887,0.0
27853,2025-07-27T05:00:00.000000000,0.888,0.6150000000000001,0.0,0.0,0.0,0.0
27853,2025-07-27T06:00:00.000000000,1.036,0.7390000000000001,0.0,0.0,0.3235504614701334,0.0
27853,2025-07-27T07:00:00.000000000,1.242,0.9500000000000001,0.0,0.0,1.1866447631273278,0.0
27853,2025-07-27T08:00:00.000000000,1.44,1.1150000000000002,0.0,0.0,1.3167683182837944,0.0
27853,2025-07-27T09:00:00.000000000,1.3900000000000001,1.091,0.0,0.0,0.34377236531201666,0.0
27853,2025-07-27T10:00:00.000000000,1.004,0.7020000000000001,0.0,0.0,0.3232573903999611,0.0
27853,2025-07-27T11:00:00.000000000,0.441,0.14,0.0,0.0,0.7104042740974666,0.0
27853,2025-07-27T12:00:00.000000000,0.424,0.0,0.0,0.12300000000000001,0.34377236531201666,0.0
27853,2025-07-27T13:00:00.000000000,0.651,0.0,0.0,0.35200000000000004,0.0,0.0
27853,2025-07-27T14:00:00.000000000,0.91,0.0,0.0,0.609,0.3235504614701334,0.0
27853,2025-07-27T15:00:00.000000000,1.1239999999999999,0.0,0.0,0.822,0.0,0.0
27853,2025-07-27T16:00:00.000000000,1.162,0.0,0.0,0.86,0.3232573903999611,0.0
27853,2025-07-27T17:00:00.000000000,1.1709999999999998,0.0,0.0,0.87,0.0,0.0
27853,2025-07-27T18:00:00.000000000,1.237,0.0,0.0,0.878,0.3232573903999611,0.0
27853,2025-07-27T19:00:00.000000000,1.294,0.0,0.0,0.851,0.0,0.0
27853,2025-07-27T20:00:00.000000000,1.274,0.0,0.0,0.81,0.3229643193297889,0.0
27853,2025-07-27T21:00:00.000000000,1.2309999999999999,0.0,0.0,0.7669999999999999,0.0,0.0
27853,2025-07-27T22:00:00.000000000,1.053,0.0,0.0,0.664,1.2417421243197055,0.0
27853,2025-07-27T23:00:00.000000000,0.758,0.0,0.0,0.42199999999999993,0.7866027523422445,0.0
27853,2025-07-28T00:00:00.000000000,0.594,0.0,0.0,0.274,0.3235504614701334,0.0
27853,2025-07-28T01:00:00.000000000,0.45799999999999996,0.0,0.0,0.152,0.34377236531201666,0.0
27853,2025-07-28T02:00:00.000000000,0.35200000000000004,0.0,0.0,0.051000000000000004,0.8642665859378833,0.0
27853,2025-07-28T03:00:00.000000000,0.346,0.042,0.0,0.004,0.3235504614701334,0.0
27853,2025-07-28T04:00:00.000000000,0.688,0.378,0.0,0.0,0.3232573903999611,0.0
27853,2025-07-28T05:00:00.000000000,1.46,0.253,0.0,0.02,0.0,0.0
27853,2025-07-28T06:00:00.000000000,1.7859999999999998,0.103,0.0,0.036,0.3235504614701334,0.0
27853,2025-07-28T07:00:00.000000000,0.847,0.551,0.0,0.0,0.0,0.0
27853,2025-07-28T08:00:00.000000000,1.0030000000000001,0.7050000000000001,0.0,0.0,0.3235504614701334,0.0
27853,2025-07-28T09:00:00.000000000,1.0939999999999999,0.794,0.0,0.0,0.7104042740974666,0.0
27853,2025-07-28T10:00:00.000000000,0.7569999999999999,0.456,0.0,0.0,0.0,0.0
27853,2025-07-28T11:00:00.000000000,0.428,0.027,0.0,0.034,0.3235504614701334,0.0
27853,2025-07-28T12:00:00.000000000,0.5770000000000001,0.0,0.0,0.192,0.0,0.0
27853,2025-07-28T13:00:00.000000000,0.826,0.0,0.0,0.439,0.3235504614701334,0.0
27853,2025-07-28T14:00:00.000000000,2.073,0.0,0.0,0.7739999999999999,0.0,0.0
27853,2025-07-28T15:00:00.000000000,1.2249999999999999,0.0,0.0,0.878,0.3232573903999611,0.0
27853,2025-07-28T16:00:00.000000000,1.226,0.0,0.0,0.926,0.0,0.0
27853,2025-07-28T17:00:00.000000000,1.259,0.0,0.0,0.957,0.3229643193297889,0.0
27853,2025-07-28T18:00:00.000000000,1.2550000000000001,0.0,0.0,0.951,1.6030987538420554,0.0
27853,2025-07-28T19:00:00.000000000,2.739,0.0,0.0,0.93,0.0,0.0
27853,2025-07-28T20:00:00.000000000,2.237,0.0,0.0,0.899,0.3226712482596167,0.0
27853,2025-07-28T21:00:00.000000000,1.3,0.0,0.0,0.8360000000000001,0.0,0.0
27853,2025-07-28T22:00:00.000000000,1.1190000000000002,0.0,0.0,0.7690000000000001,0.0,0.0
27853,2025-07-28T23:00:00.000000000,1.1429999999999998,0.0,0.0,0.648,1.4524602237735333,0.0
27853,2025-07-29T00:00:00.000000000,0.849,0.0,0.0,0.4119999999999999,1.1640782907240665,0.0
27853,2025-07-29T01:00:00.000000000,0.546,0.0,0.0,0.241,0.3232573903999611,0.0
27853,2025-07-29T02:00:00.000000000,0.42500000000000004,0.0,0.0,0.124,0.0,0.0
27853,2025-07-29T03:00:00.000000000,0.333,0.0,0.0,0.032,0.3235504614701334,0.0
27853,2025-07-29T04:00:00.000000000,0.575,0.264,0.0,0.0,0.0,0.0
27853,2025-07-29T05:00:00.000000000,0.7010000000000001,0.401,0.0,0.0,0.3235504614701334,0.0
27853,2025-07-29T06:00:00.000000000,0.829,0.533,0.0,0.0,0.0,0.0
27853,2025-07-29T07:00:00.000000000,0.976,0.681,0.0,0.0,0.3232573903999611,0.0
27853,2025-07-29T08:00:00.000000000,1.072,0.774,0.0,0.0,0.0,0.0
27853,2025-07-29T09:00:00.000000000,1.078,0.776,0.0,0.0,0.3235504614701334,0.0
27853,2025-07-29T10:00:00.000000000,0.758,0.456,0.0,0.0,0.0,0.0
27853,2025-07-29T11:00:00.000000000,0.379,0.026,0.0,0.031,0.3235504614701334,0.0
27853,2025-07-29T12:00:00.000000000,0.484,0.0,0.0,0.184,0.0,0.0
27853,2025-07-29T13:00:00.000000000,0.7679999999999999,0.0,0.0,0.402,2.0409469326793555,0.0
27853,2025-07-29T14:00:00.000000000,1.085,0.0,0.0,0.695,1.4483572287911224,0.0
27853,2025-07-29T15:00:00.000000000,1.28,0.0,0.0,0.885,0.3584259188206278,0.0
27853,2025-07-29T16:00:00.000000000,1.285,0.0,0.0,0.897,1.5749639311055224,0.0
27853,2025-07-29T17:00:00.000000000,1.3170000000000002,0.0,0.0,0.922,1.2616709570914166,0.0
27853,2025-07-29T18:00:00.000000000,1.7879999999999998,0.0,0.0,0.922,1.1514762347066612,0.0
27853,2025-07-29T19:00:00.000000000,1.324,0.0,0.0,0.881,0.7848443259212111,0.0
27853,2025-07-29T20:00:00.000000000,1.279,0.0,0.0,0.815,0.34318622317167224,0.0
27853,2025-07-29T21:00:00.000000000,1.1949999999999998,0.0,0.0,0.7309999999999999,0.0,0.0
27853,2025-07-29T22:00:00.000000000,1.1239999999999999,0.0,0.0,0.658,1.5840491342808611,0.0
27853,2025-07-29T23:00:00.000000000,0.877,0.0,0.0,0.38,0.7335568886410722,0.0
27853,2025-07-30T00:00:00.000000000,0.678,0.0,0.0,0.241,0.3232573903999611,0.0
27853,2025-07-30T01:00:00.000000000,0.483,0.0,0.0,0.12999999999999998,0.0,0.0
27853,2025-07-30T02:00:00.000000000,0.339,0.003,0.0,0.028,0.3235504614701334,0.0
27853,2025-07-30T03:00:00.000000000,0.46,0.178,0.0,0.0,0.0,0.0
27853,2025-07-30T04:00:00.000000000,0.839,0.56,0.0,0.0,0.3235504614701334,0.0
27853,2025-07-30T05:00:00.000000000,1.202,0.486,0.0,0.0,0.3232573903999611,0.0
27853,2025-07-30T06:00:00.000000000,1.012,0.7350000000000001,0.0,0.0,0.0,0.0
27853,2025-07-30T07:00:00.000000000,1.149,0.872,0.0,0.0,0.3235504614701334,0.0
27853,2025-07-30T08:00:00.000000000,1.443,1.1179999999999999,0.0,0.0,2.767177044566122,0.0
27853,2025-07-30T09:00:00.000000000,1.2970000000000002,0.9209999999999999,0.0,0.0,0.36047741631183333,0.0
27853,2025-07-30T10:00:00.000000000,1.012,0.6209999999999999,0.0,0.0,1.4577355030366335,0.0
27853,2025-07-30T11:00:00.000000000,0.462,0.041,0.0,0.031,0.3235504614701334,0.0
27853,2025-07-30T12:00:00.000000000,0.6060000000000001,0.0,0.0,0.22000000000000003,0.0,0.0
27853,2025-07-30T13:00:00.000000000,0.9,0.0,0.0,0.513,0.3434792942418444,0.0
27853,2025-07-30T14:00:00.000000000,2.568,0.0,0.0,0.815,0.3235504614701334,0.0
27853,2025-07-30T15:00:00.000000000,1.28,0.0,0.0,0.886,1.1520623768470055,0.0
27853,2025-07-30T16:00:00.000000000,1.312,0.0,0.0,0.922,0.0,0.0
27853,2025-07-30T17:00:00.000000000,1.3330000000000002,0.0,0.0,0.9380000000000001,0.34318622317167224,0.0
27853,2025-07-30T18:00:00.000000000,1.3610000000000002,0.0,0.0,0.948,0.3229643193297889,0.0
27853,2025-07-30T19:00:00.000000000,1.389,0.0,0.0,0.946,0.0,0.0
27853,2025-07-30T20:00:00.000000000,1.352,0.0,0.0,0.887,1.1678882146363057,0.0
27853,2025-07-30T21:00:00.000000000,1.278,0.0,0.0,0.815,0.34318622317167224,0.0
27853,2025-07-30T22:00:00.000000000,1.2149999999999999,0.0,0.0,0.7489999999999999,0.0,0.0
27853,2025-07-30T23:00:00.000000000,1.0030000000000001,0.0,0.0,0.587,1.5447776108777833,0.0
27853,2025-07-31T00:00:00.000000000,0.6950000000000001,0.0,0.0,0.377,0.0,0.0
27853,2025-07-31T01:00:00.000000000,0.54,0.0,0.0,0.235,0.3235504614701334,0.0
27853,2025-07-31T02:00:00.000000000,0.43399999999999994,0.0,0.0,0.132,0.0,0.0
27853,2025-07-31T03:00:00.000000000,0.34400000000000003,0.0,0.0,0.043,0.3235504614701334,0.0
27853,2025-07-31T04:00:00.000000000,0.491,0.182,0.0,0.0,0.0,0.0
27853,2025-07-31T05:00:00.000000000,0.5710000000000001,0.271,0.0,0.0,0.3232573903999611,0.0
27853,2025-07-31T06:00:00.000000000,1.019,0.278,0.0,0.008,0.0,0.0
27853,2025-07-31T07:00:00.000000000,0.833,0.557,0.0,0.0,0.3235504614701334,0.0
27853,2025-07-31T08:00:00.000000000,1.058,0.76,0.0,0.0,0.0,0.0
27853,2025-07-31T09:00:00.000000000,1.0910000000000002,0.792,0.0,0.0,0.3235504614701334,0.0
27853,2025-07-31T10:00:00.000000000,0.9089999999999999,0.607,0.0,0.0,1.7660462688578114,0.0
27853,2025-07-31T11:00:00.000000000,0.44300000000000006,0.12,0.0,0.022,1.5808253525089668,0.0
27853,2025-07-31T12:00:00.000000000,0.529,0.0,0.0,0.229,0.3232573903999611,0.0
27853,2025-07-31T13:00:00.000000000,0.87,0.0,0.0,0.5700000000000001,0.0,0.0
27853,2025-07-31T14:00:00.000000000,1.189,0.0,0.0,0.888,0.3235504614701334,0.0
27853,2025-07-31T15:00:00.000000000,1.287,0.0,0.0,0.986,0.0,0.0
27853,2025-07-31T16:00:00.000000000,1.354,0.0,0.0,1.053,0.3232573903999611,0.0
27853,2025-07-31T17:00:00.000000000,1.396,0.0,0.0,1.0950000000000002,0.0,0.0
27853,2025-07-31T18:00:00.000000000,1.425,0.0,0.0,1.0910000000000002,0.3226712482596167,0.0
27853,2025-07-31T19:00:00.000000000,1.344,0.0,0.0,1.034,0.0,0.0
27853,2025-07-31T20:00:00.000000000,1.257,0.0,0.0,0.944,0.3226712482596167,0.0
27853,2025-07-31T21:00:00.000000000,1.1509999999999998,0.0,0.0,0.8380000000000001,0.0,0.0
27853,2025-07-31T22:00:00.000000000,1.199,0.0,0.0,0.77,0.09935109278838335,0.0
27853,2025-07-31T23:00:00.000000000,1.093,0.0,0.0,0.718,0.22361322654140556,0.0
27853,2025-08-01T00:00:00.000000000,0.8719999999999999,0.0,0.0,0.554,0.27167688204965,0.0
27853,2025-08-01T01:00:00.000000000,0.655,0.0,0.0,0.35000000000000003,0.05187357942048333,0.0
27853,2025-08-01T02:00:00.000000000,0.52,0.0,0.0,0.21699999999999997,0.34377236531201666,0.0
27853,2025-08-01T03:00:00.000000000,0.435,0.0,0.0,0.135,0.3235504614701334,0.0
27853,2025-08-01T04:00:00.000000000,0.368,0.0,0.0,0.057,0.0,0.0
27853,2025-08-01T05:00:00.000000000,0.326,0.0,0.0,0.024,0.3232573903999611,0.0
27853,2025-08-01T06:00:00.000000000,0.32299999999999995,0.025,0.0,0.002,0.0,0.0
27853,2025-08-01T07:00:00.000000000,0.492,0.19999999999999998,0.0,0.0,0.8182544279208444,0.0
27853,2025-08-01T08:00:00.000000000,1.4140000000000001,0.133,0.0,0.048,0.3235504614701334,0.0
27853,2025-08-01T09:00:00.000000000,0.989,0.13899999999999998,0.0,0.031,0.0,0.0
27853,2025-08-01T10:00:00.000000000,0.387,0.08199999999999999,0.0,0.003,0.3232573903999611,0.0
27853,2025-08-01T11:00:00.000000000,0.355,0.019,0.0,0.033,2.445385009517022,0.0
27853,2025-08-01T12:00:00.000000000,0.464,0.0,0.0,0.164,1.2437936218109111,0.0
27853,2025-08-01T13:00:00.000000000,0.731,0.0,0.0,0.41,0.34377236531201666,0.0
27853,2025-08-01T14:00:00.000000000,0.987,0.0,0.0,0.6399999999999999,0.3235504614701334,0.0
27853,2025-08-01T15:00:00.000000000,1.046,0.0,0.0,0.7449999999999999,0.0,0.0
27853,2025-08-01T16:00:00.000000000,1.093,0.0,0.0,0.79,0.3232573903999611,0.0
27853,2025-08-01T17:00:00.000000000,1.12,0.0,0.0,0.82,0.0,0.0
27853,2025-08-01T18:00:00.000000000,1.127,0.0,0.0,0.8220000000000001,0.3232573903999611,0.0
27853,2025-08-01T19:00:00.000000000,2.14,0.0,0.0,0.7870000000000001,0.0,0.0
27853,2025-08-01T20:00:00.000000000,1.214,0.0,0.0,0.746,0.3232573903999611,0.0
27853,2025-08-01T21:00:00.000000000,1.186,0.0,0.0,0.714,0.0,0.0
27853,2025-08-01T22:00:00.000000000,1.018,0.0,0.0,0.542,0.3232573903999611,0.0
27853,2025-08-01T23:00:00.000000000,0.792,0.0,0.0,0.326,0.6895962281152388,0.0
27853,2025-08-02T00:00:00.000000000,0.538,0.0,0.0,0.21800000000000003,0.34377236531201666,0.0
27853,2025-08-02T01:00:00.000000000,0.45099999999999996,0.0,0.0,0.14600000000000002,0.34377236531201666,0.0
27853,2025-08-02T02:00:00.000000000,0.393,0.0,0.0,0.09100000000000001,0.3235504614701334,0.0
27853,2025-08-02T03:00:00.000000000,0.34400000000000003,0.0,0.0,0.044,0.0,0.0
27853,2025-08-02T04:00:00.000000000,0.39899999999999997,0.085,0.0,0.004,0.3235504614701334,0.0
27853,2025-08-02T05:00:00.000000000,0.38,0.079,0.0,0.0,0.0,0.0
27853,2025-08-02T06:00:00.000000000,0.393,0.09599999999999999,0.0,0.0,0.32355046147013333,0.0
27853,2025-08-02T07:00:00.000000000,0.422,0.126,0.0,0.0,0.0,0.0
27853,2025-08-02T08:00:00.000000000,0.5680000000000001,0.24,0.0,0.0,1.8460546710148278,0.0
27853,2025-08-02T09:00:00.000000000,0.5589999999999999,0.18299999999999997,0.0,0.0,0.9457403434457611,0.0
27853,2025-08-02T10:00:00.000000000,0.5389999999999999,0.146,0.0,0.002,2.488173385762167,0.0
27853,2025-08-02T11:00:00.000000000,0.439,0.0,0.0,0.047,0.7397113811146889,0.0
27853,2025-08-02T12:00:00.000000000,0.52,0.0,0.0,0.133,2.4758644008149333,0.0
27853,2025-08-02T13:00:00.000000000,0.614,0.0,0.0,0.29300000000000004,1.1280305490928833,0.0
27853,2025-08-02T14:00:00.000000000,0.7389999999999999,0.0,0.0,0.439,2.4799673957973445,0.0
27853,2025-08-02T15:00:00.000000000,0.945,0.0,0.0,0.643,0.7165587665710833,0.0
27853,2025-08-02T16:00:00.000000000,1.087,0.0,0.0,0.762,0.3235504614701334,0.0
27853,2025-08-02T17:00:00.000000000,1.082,0.0,0.0,0.782,0.0,0.0
27853,2025-08-02T18:00:00.000000000,1.093,0.0,0.0,0.7889999999999999,0.3232573903999611,0.0
27853,2025-08-02T19:00:00.000000000,1.124,0.0,0.0,0.7789999999999999,0.0,0.0
27853,2025-08-02T20:00:00.000000000,1.227,0.0,0.0,0.758,0.3232573903999611,0.0
27853,2025-08-02T21:00:00.000000000,1.186,0.0,0.0,0.714,0.0,0.0
27853,2025-08-02T22:00:00.000000000,1.037,0.0,0.0,0.5589999999999999,0.3232573903999611,0.0
27853,2025-08-02T23:00:00.000000000,0.7989999999999999,0.0,0.0,0.333,0.0,0.0
27853,2025-08-03T00:00:00.000000000,0.631,0.0,0.0,0.186,2.8559775788283055,0.0
27853,2025-08-03T01:00:00.000000000,0.475,0.0,0.0,0.129,0.4196777724866222,0.0
27853,2025-08-03T02:00:00.000000000,0.365,0.0,0.0,0.062,0.3232573903999611,0.0
27853,2025-08-03T03:00:00.000000000,0.319,0.0,0.0,0.018000000000000002,0.0,0.0
27853,2025-08-03T04:00:00.000000000,0.408,0.098,0.0,0.0,0.3235504614701334,0.0
27853,2025-08-03T05:00:00.000000000,0.38,0.077,0.0,0.0,0.0,0.0
27853,2025-08-03T06:00:00.000000000,0.369,0.07300000000000001,0.0,0.0,0.3235504614701334,0.0
27853,2025-08-03T07:00:00.000000000,0.386,0.09,0.0,0.0,0.0,0.0
27853,2025-08-03T08:00:00.000000000,0.429,0.101,0.0,0.0,0.3232573903999611,0.0
27853,2025-08-03T09:00:00.000000000,0.454,0.14400000000000002,0.0,0.0,0.0,0.0
27853,2025-08-03T10:00:00.000000000,0.392,0.09,0.0,0.0,0.3235504614701334,0.0
27853,2025-08-03T11:00:00.000000000,0.32399999999999995,0.0,0.0,0.024,0.0,0.0
27853,2025-08-03T12:00:00.000000000,0.392,0.0,0.0,0.092,0.3235504614701334,0.0
27853,2025-08-03T13:00:00.000000000,0.5780000000000001,0.0,0.0,0.278,0.0,0.0
27853,2025-08-03T14:00:00.000000000,0.866,0.0,0.0,0.5640000000000001,0.3232573903999611,0.0
27853,2025-08-03T15:00:00.000000000,1.068,0.0,0.0,0.766,0.0,0.0
27853,2025-08-03T16:00:00.000000000,1.1150000000000002,0.0,0.0,0.813,0.3232573903999611,0.0
27853,2025-08-03T17:00:00.000000000,2.11,0.0,0.0,0.827,0.0,0.0
27853,2025-08-03T18:00:00.000000000,1.2389999999999999,0.0,0.0,0.824,0.3229643193297889,0.0
27853,2025-08-03T19:00:00.000000000,1.2670000000000001,0.0,0.0,0.821,0.0,0.0
27853,2025-08-03T20:00:00.000000000,1.2670000000000001,0.0,0.0,0.7989999999999999,0.3229643193297889,0.0
27853,2025-08-03T21:00:00.000000000,1.226,0.0,0.0,0.7530000000000001,2.6100909509538113,0.0
27853,2025-08-03T22:00:00.000000000,1.171,0.0,0.0,0.695,1.3871053751251279,0.0
27853,2025-08-03T23:00:00.000000000,0.786,0.0,0.0,0.44899999999999995,0.0,0.0
27853,2025-08-04T00:00:00.000000000,0.6,0.0,0.0,0.28200000000000003,0.3235504614701334,0.0
27853,2025-08-04T01:00:00.000000000,0.44699999999999995,0.0,0.0,0.141,1.9653345965749223,0.0
27853,2025-08-04T02:00:00.000000000,0.375,0.0,0.0,0.073,0.0,0.0
27853,2025-08-04T03:00:00.000000000,0.316,0.003,0.0,0.013000000000000001,0.3235504614701334,0.0
27853,2025-08-04T04:00:00.000000000,0.467,0.157,0.0,0.0,0.0,0.0
27853,2025-08-04T05:00:00.000000000,0.438,0.135,0.0,0.0,0.3232573903999611,0.0
27853,2025-08-04T06:00:00.000000000,0.438,0.14200000000000002,0.0,0.0,0.0,0.0
27853,2025-08-04T07:00:00.000000000,0.477,0.181,0.0,0.0,0.3235504614701334,0.0
27853,2025-08-04T08:00:00.000000000,0.517,0.219,0.0,0.0,0.0,0.0
27853,2025-08-04T09:00:00.000000000,0.509,0.21,0.0,0.0,0.3235504614701334,0.0
27853,2025-08-04T10:00:00.000000000,0.35300000000000004,0.04,0.0,0.012,0.0,0.0
27853,2025-08-04T11:00:00.000000000,0.40399999999999997,0.0,0.0,0.101,0.3232573903999611,0.0
27853,2025-08-04T12:00:00.000000000,0.662,0.0,0.0,0.29700000000000004,0.0,0.0
27853,2025-08-04T13:00:00.000000000,0.9199999999999999,0.0,0.0,0.533,0.3235504614701334,0.0
27853,2025-08-04T14:00:00.000000000,1.135,0.0,0.0,0.742,0.0,0.0
27853,2025-08-04T15:00:00.000000000,1.177,0.0,0.0,0.804,0.3232573903999611,0.0
27853,2025-08-04T16:00:00.000000000,1.1300000000000001,0.0,0.0,0.8069999999999999,1.0767431118127444,0.0
27853,2025-08-04T17:00:00.000000000,1.201,0.0,0.0,0.804,0.3232573903999611,0.0
27853,2025-08-04T18:00:00.000000000,1.209,0.0,0.0,0.7949999999999999,0.7153864822903945,0.0
27853,2025-08-04T19:00:00.000000000,1.23,0.0,0.0,0.784,0.3232573903999611,0.0
27853,2025-08-04T20:00:00.000000000,1.073,0.0,0.0,0.76,0.0,0.0
27853,2025-08-04T21:00:00.000000000,1.0310000000000001,0.0,0.0,0.678,2.3847192979913725,0.0
27853,2025-08-04T22:00:00.000000000,0.962,0.0,0.0,0.486,1.12099684340875,0.0
27853,2025-08-04T23:00:00.000000000,0.786,0.0,0.0,0.27599999999999997,1.167009001425789,0.0
27853,2025-08-05T00:00:00.000000000,0.577,0.0,0.0,0.18800000000000003,0.0,0.0
27853,2025-08-05T01:00:00.000000000,0.40700000000000003,0.0,0.0,0.102,0.3235504614701334,0.0
27853,2025-08-05T02:00:00.000000000,0.331,0.0,0.0,0.028999999999999998,0.0,0.0
27853,2025-08-05T03:00:00.000000000,0.358,0.057999999999999996,0.0,0.0,0.3235504614701334,0.0
27853,2025-08-05T04:00:00.000000000,0.621,0.311,0.0,0.0,0.0,0.0
27853,2025-08-05T05:00:00.000000000,0.663,0.36100000000000004,0.0,0.0,0.32325739039996115,0.0
27853,2025-08-05T06:00:00.000000000,0.645,0.348,0.0,0.0,0.0,0.0
27853,2025-08-05T07:00:00.000000000,0.632,0.336,0.0,0.0,0.3232573903999611,0.0
27853,2025-08-05T08:00:00.000000000,0.617,0.32,0.0,0.0,0.0,0.0
27853,2025-08-05T09:00:00.000000000,0.552,0.253,0.0,0.0,0.3235504614701334,0.0
27853,2025-08-05T10:00:00.000000000,0.382,0.079,0.0,0.002,0.0,0.0
27853,2025-08-05T11:00:00.000000000,0.428,0.024,0.0,0.036,2.0517905622757278,0.0
27853,2025-08-05T12:00:00.000000000,0.548,0.0,0.0,0.16,1.05769349225155,0.0
27853,2025-08-05T13:00:00.000000000,0.671,0.0,0.0,0.28300000000000003,1.6230275866137667,0.0
27853,2025-08-05T14:00:00.000000000,0.807,0.0,0.0,0.41500000000000004,0.8270465600260112,0.0
27853,2025-08-05T15:00:00.000000000,0.882,0.0,0.0,0.486,2.0570658415388277,0.0
27853,2025-08-05T16:00:00.000000000,0.989,0.0,0.0,0.6000000000000001,1.7024498466304387,0.0
27853,2025-08-05T17:00:00.000000000,1.129,0.0,0.0,0.732,1.4978862396502277,0.0
27853,2025-08-05T18:00:00.000000000,1.1079999999999999,0.0,0.0,0.722,1.1640782907240665,0.0
27853,2025-08-05T19:00:00.000000000,1.1649999999999998,0.0,0.0,0.7209999999999999,0.34377236531201666,0.0
27853,2025-08-05T20:00:00.000000000,1.001,0.0,0.0,0.652,1.6930715723849277,0.0
27853,2025-08-05T21:00:00.000000000,0.987,0.0,0.0,0.5549999999999999,0.7669669906407056,0.0
27853,2025-08-05T22:00:00.000000000,0.8979999999999999,0.0,0.0,0.42199999999999993,0.0,0.0
27853,2025-08-05T23:00:00.000000000,0.764,0.0,0.0,0.254,0.5943481303092666,0.0
27853,2025-08-06T00:00:00.000000000,0.621,0.0,0.0,0.17800000000000002,0.06828555935012778,0.0
27853,2025-08-06T01:00:00.000000000,0.43199999999999994,0.0,0.0,0.09899999999999999,0.34377236531201666,0.0
27853,2025-08-06T02:00:00.000000000,0.327,0.0,0.0,0.024999999999999998,0.3235504614701334,0.0
27853,2025-08-06T03:00:00.000000000,0.38899999999999996,0.089,0.0,0.0,0.0,0.0
27853,2025-08-06T04:00:00.000000000,0.6990000000000001,0.39,0.0,0.0,0.3232573903999611,0.0
27853,2025-08-06T05:00:00.000000000,0.8,0.497,0.0,0.0,0.0,0.0
27853,2025-08-06T06:00:00.000000000,0.911,0.615,0.0,0.0,0.3235504614701334,0.0
27853,2025-08-06T07:00:00.000000000,1.009,0.714,0.0,0.0,0.0,0.0
27853,2025-08-06T08:00:00.000000000,1.053,0.7549999999999999,0.0,0.0,0.3235504614701334,0.0
27853,2025-08-06T09:00:00.000000000,1.013,0.713,0.0,0.0,0.0,0.0
27853,2025-08-06T10:00:00.000000000,0.859,0.49000000000000005,0.0,0.0,1.5474152505093333,0.0
27853,2025-08-06T11:00:00.000000000,0.45599999999999996,0.04,0.0,0.026000000000000002,0.7112834873079834,0.0
27853,2025-08-06T12:00:00.000000000,0.5730000000000001,0.0,0.0,0.186,1.1705258542678556,0.0
27853,2025-08-06T13:00:00.000000000,0.844,0.0,0.0,0.456,0.0,0.0
27853,2025-08-06T14:00:00.000000000,0.992,0.0,0.0,0.6699999999999999,0.6872516595538611,0.0
27853,2025-08-06T15:00:00.000000000,1.1030000000000002,0.0,0.0,0.802,0.6898892991854111,0.0
27853,2025-08-06T16:00:00.000000000,1.101,0.0,0.0,0.8,0.3434792942418444,0.0
27853,2025-08-06T17:00:00.000000000,1.137,0.0,0.0,0.7870000000000001,1.6725565974728722,0.0
27853,2025-08-06T18:00:00.000000000,1.203,0.0,0.0,0.788,0.0,0.0
27853,2025-08-06T19:00:00.000000000,1.159,0.0,0.0,0.784,0.3232573903999611,0.0
27853,2025-08-06T20:00:00.000000000,1.081,0.0,0.0,0.766,0.0,0.0
27853,2025-08-06T21:00:00.000000000,1.022,0.0,0.0,0.7080000000000001,0.33996244139977777,0.0
27853,2025-08-06T22:00:00.000000000,0.984,0.0,0.0,0.506,1.0491944312165555,0.0
27853,2025-08-06T23:00:00.000000000,0.685,0.0,0.0,0.308,0.6878378016942057,0.0
27853,2025-08-07T00:00:00.000000000,0.521,0.0,0.0,0.203,0.0,0.0
27853,2025-08-07T01:00:00.000000000,0.42800000000000005,0.0,0.0,0.123,0.3235504614701334,0.0
27853,2025-08-07T02:00:00.000000000,0.343,0.0,0.0,0.039,0.0,0.0
27853,2025-08-07T03:00:00.000000000,0.39999999999999997,0.10099999999999999,0.0,0.0,0.32325739039996115,0.0
27853,2025-08-07T04:00:00.000000000,0.706,0.397,0.0,0.0,0.0,0.0
27853,2025-08-07T05:00:00.000000000,0.774,0.473,0.0,0.0,0.3232573903999611,0.0
27853,2025-08-07T06:00:00.000000000,0.876,0.5800000000000001,0.0,0.0,0.0,0.0
27853,2025-08-07T07:00:00.000000000,1.009,0.7129999999999999,0.0,0.0,0.3235504614701334,0.0
27853,2025-08-07T08:00:00.000000000,1.097,0.8,0.0,0.0,0.0,0.0
27853,2025-08-07T09:00:00.000000000,1.153,0.788,0.0,0.0,0.3235504614701334,0.0
27853,2025-08-07T10:00:00.000000000,0.905,0.514,0.0,0.0,0.7118696294483278,0.0
27853,2025-08-07T11:00:00.000000000,0.381,0.06,0.0,0.02,0.0,0.0
27853,2025-08-07T12:00:00.000000000,0.479,0.0,0.0,0.179,0.3235504614701334,0.0
27853,2025-08-07T13:00:00.000000000,0.712,0.0,0.0,0.413,0.66732282678215,0.0
27853,2025-08-07T14:00:00.000000000,0.965,0.0,0.0,0.663,0.3235504614701334,0.0
27853,2025-08-07T15:00:00.000000000,1.1,0.0,0.0,0.8,0.0,0.0
27853,2025-08-07T16:00:00.000000000,1.097,0.0,0.0,0.7949999999999999,0.3232573903999611,0.0
27853,2025-08-07T17:00:00.000000000,1.0790000000000002,0.0,0.0,0.7790000000000001,0.0,0.0
27853,2025-08-07T18:00:00.000000000,1.1540000000000001,0.0,0.0,0.766,0.3232573903999611,0.0
27853,2025-08-07T19:00:00.000000000,1.208,0.0,0.0,0.7629999999999999,0.0,0.0
27853,2025-08-07T20:00:00.000000000,1.216,0.0,0.0,0.748,0.3232573903999611,0.0
27853,2025-08-07T21:00:00.000000000,1.172,0.0,0.0,0.701,0.0,0.0
27853,2025-08-07T22:00:00.000000000,0.974,0.0,0.0,0.497,0.6901823702555834,0.0
27853,2025-08-07T23:00:00.000000000,0.7989999999999999,0.0,0.0,0.289,1.1081017163211722,0.0
27853,2025-08-08T00:00:00.000000000,0.528,0.0,0.0,0.165,1.7724938324016,0.0
27853,2025-08-08T01:00:00.000000000,0.41100000000000003,0.0,0.0,0.107,0.3235504614701334,0.0
27853,2025-08-08T02:00:00.000000000,0.331,0.0,0.0,0.027999999999999997,0.3235504614701334,0.0
27853,2025-08-08T03:00:00.000000000,0.369,0.069,0.0,0.0,0.0,0.0
27853,2025-08-08T04:00:00.000000000,0.6719999999999999,0.363,0.0,0.0,0.3232573903999611,0.0
27853,2025-08-08T05:00:00.000000000,0.776,0.475,0.0,0.0,0.0,0.0
27853,2025-08-08T06:00:00.000000000,0.915,0.6190000000000001,0.0,0.0,0.3235504614701334,0.0
27853,2025-08-08T07:00:00.000000000,1.064,0.768,0.0,0.0,0.0,0.0
27853,2025-08-08T08:00:00.000000000,1.129,0.832,0.0,0.0,0.3235504614701334,0.0
27853,2025-08-08T09:00:00.000000000,2.2489999999999997,0.067,0.0,0.003,0.17906642387522778,0.0
27853,2025-08-08T10:00:00.000000000,0.652,0.352,0.0,0.0,0.14419096652473334,0.0
27853,2025-08-08T11:00:00.000000000,0.351,0.015,0.0,0.035,0.3232573903999611,0.0
27853,2025-08-08T12:00:00.000000000,0.498,0.0,0.0,0.198,0.7417628786058945,0.0
27853,2025-08-08T13:00:00.000000000,0.7549999999999999,0.0,0.0,0.456,0.03663388377152778,0.0
27853,2025-08-08T14:00:00.000000000,1.004,0.0,0.0,0.704,0.3235504614701334,0.0
27853,2025-08-08T15:00:00.000000000,1.139,0.0,0.0,0.837,0.0,0.0
27853,2025-08-08T16:00:00.000000000,1.1509999999999998,0.0,0.0,0.85,0.3232573903999611,0.0
27853,2025-08-08T17:00:00.000000000,1.164,0.0,0.0,0.864,0.0,0.0
27853,2025-08-08T18:00:00.000000000,1.168,0.0,0.0,0.864,0.3229643193297889,0.0
27853,2025-08-08T19:00:00.000000000,1.162,0.0,0.0,0.852,0.0,0.0
27853,2025-08-08T20:00:00.000000000,2.665,0.0,0.0,0.84,0.0,0.0
27853,2025-08-08T21:00:00.000000000,1.278,0.0,0.0,0.8069999999999999,0.3229643193297889,0.0
27853,2025-08-08T22:00:00.000000000,1.2109999999999999,0.0,0.0,0.734,0.0,0.0
27853,2025-08-08T23:00:00.000000000,0.995,0.0,0.0,0.485,0.3235504614701334,0.0
27853,2025-08-09T00:00:00.000000000,0.676,0.0,0.0,0.28600000000000003,1.0541766394094834,0.0
27853,2025-08-09T01:00:00.000000000,0.474,0.0,0.0,0.168,0.7165587665710833,0.0
27853,2025-08-09T02:00:00.000000000,0.399,0.0,0.0,0.09799999999999999,0.3235504614701334,0.0
27853,2025-08-09T03:00:00.000000000,0.32,0.0,0.0,0.02,0.66732282678215,0.0
27853,2025-08-09T04:00:00.000000000,0.544,0.23399999999999999,0.0,0.0,0.0,0.0
27853,2025-08-09T05:00:00.000000000,0.669,0.368,0.0,0.0,0.3235504614701334,0.0
27853,2025-08-09T06:00:00.000000000,0.8059999999999999,0.509,0.0,0.0,0.0,0.0
27853,2025-08-09T07:00:00.000000000,0.9510000000000001,0.657,0.0,0.0,0.3232573903999611,0.0
27853,2025-08-09T08:00:00.000000000,1.957,0.257,0.0,0.0,0.0,0.0
27853,2025-08-09T09:00:00.000000000,1.5370000000000001,0.298,0.0,0.0,0.3235504614701334,0.0
27853,2025-08-09T10:00:00.000000000,0.6900000000000001,0.38899999999999996,0.0,0.0,0.0,0.0
27853,2025-08-09T11:00:00.000000000,0.354,0.018,0.0,0.033,0.3235504614701334,0.0
27853,2025-08-09T12:00:00.000000000,0.455,0.0,0.0,0.156,1.5567935247548448,0.0
27853,2025-08-09T13:00:00.000000000,0.721,0.0,0.0,0.422,0.3235504614701334,0.0
27853,2025-08-09T14:00:00.000000000,0.972,0.0,0.0,0.6699999999999999,0.3232573903999611,0.0
27853,2025-08-09T15:00:00.000000000,1.135,0.0,0.0,0.834,0.0,0.0
27853,2025-08-09T16:00:00.000000000,1.166,0.0,0.0,0.864,0.3232573903999611,0.0
27853,2025-08-09T17:00:00.000000000,1.156,0.0,0.0,0.856,0.0,0.0
27853,2025-08-09T18:00:00.000000000,1.238,0.0,0.0,0.85,0.14536325080542223,0.0
27853,2025-08-09T19:00:00.000000000,1.292,0.0,0.0,0.847,0.17760106852436666,0.0
27853,2025-08-09T20:00:00.000000000,1.296,0.0,0.0,0.827,0.0,0.0
27853,2025-08-09T21:00:00.000000000,1.252,0.0,0.0,0.78,0.3229643193297889,0.0
27853,2025-08-09T22:00:00.000000000,1.135,0.0,0.0,0.657,1.6605406835958112,0.0
27853,2025-08-09T23:00:00.000000000,0.878,0.0,0.0,0.412,0.36663190878545,0.0
27853,2025-08-10T00:00:00.000000000,0.5710000000000001,0.0,0.0,0.253,1.1702327831976833,0.0
27853,2025-08-10T01:00:00.000000000,0.45399999999999996,0.0,0.0,0.148,1.1529415900575222,0.0
27853,2025-08-10T02:00:00.000000000,0.35800000000000004,0.0,0.0,0.056,0.8463892506573778,0.0
27853,2025-08-10T03:00:00.000000000,0.33599999999999997,0.035,0.0,0.001,0.6901823702555834,0.0
27853,2025-08-10T04:00:00.000000000,0.633,0.324,0.0,0.0,0.0,0.0
27853,2025-08-10T05:00:00.000000000,0.7289999999999999,0.459,0.0,0.0,0.3235504614701334,0.0
27853,2025-08-10T06:00:00.000000000,0.888,0.5930000000000001,0.0,0.0,0.0,0.0
27853,2025-08-10T07:00:00.000000000,1.09,0.7959999999999999,0.0,0.0,1.1901616159693944,0.0
27853,2025-08-10T08:00:00.000000000,1.295,0.969,0.0,0.0,1.5433122555269223,0.0
27853,2025-08-10T09:00:00.000000000,1.3789999999999998,1.002,0.0,0.0,1.734394593279211,0.0
27853,2025-08-10T10:00:00.000000000,1.064,0.719,0.0,0.0,1.2180033676357556,0.0
27853,2025-08-10T11:00:00.000000000,0.42400000000000004,0.12,0.0,0.004,0.3235504614701334,0.0
27853,2025-08-10T12:00:00.000000000,0.436,0.0,0.0,0.136,0.9272768660249111,0.0
27853,2025-08-10T13:00:00.000000000,0.716,0.0,0.0,0.417,0.4469333820126389,0.0
27853,2025-08-10T14:00:00.000000000,1.017,0.0,0.0,0.716,0.3434792942418444,0.0
27853,2025-08-10T15:00:00.000000000,1.146,0.0,0.0,0.843,0.32355046147013333,0.0
27853,2025-08-10T16:00:00.000000000,1.184,0.0,0.0,0.882,0.0,0.0
27853,2025-08-10T17:00:00.000000000,1.206,0.0,0.0,0.906,0.3232573903999611,0.0
27853,2025-08-10T18:00:00.000000000,1.2189999999999999,0.0,0.0,0.916,0.0,0.0
27853,2025-08-10T19:00:00.000000000,1.22,0.0,0.0,0.911,0.3229643193297889,0.0
27853,2025-08-10T20:00:00.000000000,1.3270000000000002,0.0,0.0,0.899,0.8100484379560222,0.0
27853,2025-08-10T21:00:00.000000000,1.336,0.0,0.0,0.864,0.0,0.0
27853,2025-08-10T22:00:00.000000000,1.264,0.0,0.0,0.7870000000000001,0.3232573903999611,0.0
27853,2025-08-10T23:00:00.000000000,0.9989999999999999,0.0,0.0,0.621,0.34377236531201666,0.0
27853,2025-08-11T00:00:00.000000000,0.7240000000000001,0.0,0.0,0.4059999999999999,0.0,0.0
27853,2025-08-11T01:00:00.000000000,0.575,0.0,0.0,0.27,0.3232573903999611,0.0
27853,2025-08-11T02:00:00.000000000,0.477,0.0,0.0,0.17500000000000002,0.0,0.0
27853,2025-08-11T03:00:00.000000000,0.395,0.0,0.0,0.09499999999999999,0.3235504614701334,0.0
27853,2025-08-11T04:00:00.000000000,0.384,0.064,0.0,0.011,0.0,0.0
27853,2025-08-11T05:00:00.000000000,0.46,0.15900000000000003,0.0,0.0,0.3235504614701334,0.0
27853,2025-08-11T06:00:00.000000000,0.637,0.341,0.0,0.0,0.0,0.0
27853,2025-08-11T07:00:00.000000000,0.815,0.519,0.0,0.0,0.3232573903999611,0.0
27853,2025-08-11T08:00:00.000000000,0.962,0.665,0.0,0.0,0.0,0.0
27853,2025-08-11T09:00:00.000000000,1.036,0.7370000000000001,0.0,0.0,0.3235504614701334,0.0
27853,2025-08-11T10:00:00.000000000,0.79,0.48700000000000004,0.0,0.0,0.0,0.0
27853,2025-08-11T11:00:00.000000000,1.9660000000000002,0.037,0.0,0.169,0.3235504614701334,0.0
27853,2025-08-11T12:00:00.000000000,0.6260000000000001,0.0,0.0,0.241,0.3232573903999611,0.0
27853,2025-08-11T13:00:00.000000000,0.912,0.0,0.0,0.524,0.0,0.0
27853,2025-08-11T14:00:00.000000000,1.221,0.0,0.0,0.828,0.3235504614701334,0.0
27853,2025-08-11T15:00:00.000000000,1.303,0.0,0.0,0.91,0.715972624430739,0.0
27853,2025-08-11T16:00:00.000000000,1.3190000000000002,0.0,0.0,0.93,0.3434792942418444,0.0
27853,2025-08-11T17:00:00.000000000,1.3510000000000002,0.0,0.0,0.954,0.0,0.0
27853,2025-08-11T18:00:00.000000000,1.375,0.0,0.0,0.963,0.3229643193297889,0.0
27853,2025-08-11T19:00:00.000000000,1.384,0.0,0.0,0.94,0.34318622317167224,0.0
27853,2025-08-11T20:00:00.000000000,1.276,0.0,0.0,0.887,0.3405485835401222,0.0
27853,2025-08-11T21:00:00.000000000,1.1480000000000001,0.0,0.0,0.8340000000000001,1.605150251333261,0.0
27853,2025-08-11T22:00:00.000000000,1.105,0.0,0.0,0.75,0.3232573903999611,0.0
27853,2025-08-11T23:00:00.000000000,1.052,0.0,0.0,0.542,0.3232573903999611,0.0
27853,2025-08-12T00:00:00.000000000,0.7749999999999999,0.0,0.0,0.331,1.691899288104239,0.0
27853,2025-08-12T01:00:00.000000000,0.578,0.0,0.0,0.23199999999999998,0.0,0.0
27853,2025-08-12T02:00:00.000000000,0.44599999999999995,0.0,0.0,0.145,0.3235504614701334,0.0
27853,2025-08-12T03:00:00.000000000,0.35900000000000004,0.0,0.0,0.058,0.0,0.0
27853,2025-08-12T04:00:00.000000000,0.46399999999999997,0.152,0.0,0.003,0.3232573903999611,0.0
27853,2025-08-12T05:00:00.000000000,0.561,0.26,0.0,0.0,0.0,0.0
27853,2025-08-12T06:00:00.000000000,0.7170000000000001,0.421,0.0,0.0,0.3235504614701334,0.0
27853,2025-08-12T07:00:00.000000000,0.92,0.6240000000000001,0.0,0.0,0.0,0.0
27853,2025-08-12T08:00:00.000000000,1.098,0.7999999999999999,0.0,0.0,0.3235504614701334,0.0
27853,2025-08-12T09:00:00.000000000,1.18,0.879,0.0,0.0,0.3232573903999611,0.0
27853,2025-08-12T10:00:00.000000000,0.88,0.579,0.0,0.0,0.0,0.0
27853,2025-08-12T11:00:00.000000000,0.49099999999999994,0.10800000000000001,0.0,0.017,1.3343525824941278,0.0
27853,2025-08-12T12:00:00.000000000,0.5640000000000001,0.0,0.0,0.178,0.8841954187095946,0.0
27853,2025-08-12T13:00:00.000000000,0.846,0.0,0.0,0.45899999999999996,0.0,0.0
27853,2025-08-12T14:00:00.000000000,1.1340000000000001,0.0,0.0,0.7399999999999999,0.3232573903999611,0.0
27853,2025-08-12T15:00:00.000000000,1.257,0.0,0.0,0.862,0.716265695500911,0.0
27853,2025-08-12T16:00:00.000000000,1.276,0.0,0.0,0.886,0.0,0.0
27853,2025-08-12T17:00:00.000000000,1.256,0.0,0.0,0.907,0.3232573903999611,0.0
27853,2025-08-12T18:00:00.000000000,1.3390000000000002,0.0,0.0,0.925,1.1681812857064777,0.0
27853,2025-08-12T19:00:00.000000000,1.3679999999999999,0.0,0.0,0.922,0.0,0.0
27853,2025-08-12T20:00:00.000000000,1.32,0.0,0.0,0.892,2.0438776433810775,0.0
27853,2025-08-12T21:00:00.000000000,1.1320000000000001,0.0,0.0,0.817,0.0,0.0
27853,2025-08-12T22:00:00.000000000,1.665,0.0,0.0,0.7349999999999999,0.3232573903999611,0.0
27853,2025-08-12T23:00:00.000000000,1.0030000000000001,0.0,0.0,0.494,0.44341652917057217,0.0
27853,2025-08-13T00:00:00.000000000,0.7590000000000001,0.0,0.0,0.316,0.22859543473433333,0.0
27853,2025-08-13T01:00:00.000000000,0.543,0.0,0.0,0.191,0.3232573903999611,0.0
27853,2025-08-13T02:00:00.000000000,0.398,0.0,0.0,0.092,0.0,0.0
27853,2025-08-13T03:00:00.000000000,0.336,0.043,0.0,0.011,1.1303751176542611,0.0
27853,2025-08-13T04:00:00.000000000,0.612,0.307,0.0,0.0,0.0,0.0
27853,2025-08-13T05:00:00.000000000,0.7490000000000001,0.449,0.0,0.0,0.3235504614701334,0.0
27853,2025-08-13T06:00:00.000000000,0.909,0.6130000000000001,0.0,0.0,0.3235504614701334,0.0
27853,2025-08-13T07:00:00.000000000,1.14,0.844,0.0,0.0,0.7646224220793278,0.0
27853,2025-08-13T08:00:00.000000000,1.2189999999999999,0.921,0.0,0.0,0.3235504614701334,0.0
27853,2025-08-13T09:00:00.000000000,1.3410000000000002,0.998,0.0,0.0,0.8036008744122334,0.0
27853,2025-08-13T10:00:00.000000000,1.179,0.787,0.0,0.0,2.0418261458898725,0.0
27853,2025-08-13T11:00:00.000000000,0.565,0.214,0.0,0.005,1.3123722522312111,0.0
27853,2025-08-13T12:00:00.000000000,0.428,0.0,0.0,0.127,0.0,0.0
27853,2025-08-13T13:00:00.000000000,0.671,0.0,0.0,0.373,0.7227132590447001,0.0
27853,2025-08-13T14:00:00.000000000,0.9580000000000001,0.0,0.0,0.656,0.3232573903999611,0.0
27853,2025-08-13T15:00:00.000000000,1.148,0.0,0.0,0.847,0.0,0.0
27853,2025-08-13T16:00:00.000000000,1.1849999999999998,0.0,0.0,0.884,0.3232573903999611,0.0
27853,2025-08-13T17:00:00.000000000,1.196,0.0,0.0,0.895,0.0,0.0
27853,2025-08-13T18:00:00.000000000,1.215,0.0,0.0,0.912,0.3229643193297889,0.0
27853,2025-08-13T19:00:00.000000000,1.212,0.0,0.0,0.903,0.0,0.0
27853,2025-08-13T20:00:00.000000000,1.182,0.0,0.0,0.869,0.3229643193297889,0.0
27853,2025-08-13T21:00:00.000000000,1.238,0.0,0.0,0.8049999999999999,0.0,0.0
27853,2025-08-13T22:00:00.000000000,1.484,0.0,0.0,0.6920000000000001,0.3232573903999611,0.0
27853,2025-08-13T23:00:00.000000000,1.5220000000000002,0.0,0.0,0.428,1.0108021210239946,0.0
27853,2025-08-14T00:00:00.000000000,0.605,0.0,0.0,0.242,0.0,0.0
27853,2025-08-14T01:00:00.000000000,0.43499999999999994,0.0,0.0,0.12999999999999998,0.3232573903999611,0.0
27853,2025-08-14T02:00:00.000000000,0.34600000000000003,0.0,0.0,0.045,0.3232573903999611,0.0
27853,2025-08-14T03:00:00.000000000,0.32099999999999995,0.019,0.0,0.002,0.0,0.0
27853,2025-08-14T04:00:00.000000000,0.501,0.189,0.0,0.0,0.3235504614701334,0.0
27853,2025-08-14T05:00:00.000000000,0.45999999999999996,0.16999999999999998,0.0,0.0,0.0,0.0
27853,2025-08-14T06:00:00.000000000,0.487,0.191,0.0,0.0,0.3235504614701334,0.0
27853,2025-08-14T07:00:00.000000000,0.5,0.205,0.0,0.0,0.0,0.0
27853,2025-08-14T08:00:00.000000000,0.521,0.212,0.0,0.0,0.3232573903999611,0.0
27853,2025-08-14T09:00:00.000000000,0.551,0.195,0.0,0.0,0.0,0.0
27853,2025-08-14T10:00:00.000000000,0.488,0.188,0.0,0.0,0.3235504614701334,0.0
27853,2025-08-14T11:00:00.000000000,0.34500000000000003,0.034,0.0,0.01,0.0,0.0
27853,2025-08-14T12:00:00.000000000,0.387,0.0,0.0,0.089,0.66732282678215,0.0
27853,2025-08-14T13:00:00.000000000,0.5940000000000001,0.0,0.0,0.29500000000000004,0.3235504614701334,0.0
27853,2025-08-14T14:00:00.000000000,0.883,0.0,0.0,0.536,0.3628219848732111,0.0
27853,2025-08-14T15:00:00.000000000,1.03,0.0,0.0,0.7289999999999999,0.3235504614701334,0.0
27853,2025-08-14T16:00:00.000000000,1.1070000000000002,0.0,0.0,0.806,0.0,0.0
27853,2025-08-14T17:00:00.000000000,1.13,0.0,0.0,0.83,0.3232573903999611,0.0
27853,2025-08-14T18:00:00.000000000,1.226,0.0,0.0,0.838,0.0,0.0
27853,2025-08-14T19:00:00.000000000,1.2590000000000001,0.0,0.0,0.812,0.3229643193297889,0.0
27853,2025-08-14T20:00:00.000000000,1.235,0.0,0.0,0.768,0.8290980575172168,0.0
27853,2025-08-14T21:00:00.000000000,1.192,0.0,0.0,0.72,0.0,0.0
27853,2025-08-14T22:00:00.000000000,1.028,0.0,0.0,0.55,1.5649995147196667,0.0
27853,2025-08-14T23:00:00.000000000,0.746,0.0,0.0,0.324,1.4501156552121555,0.0
27853,2025-08-15T00:00:00.000000000,0.531,0.0,0.0,0.21200000000000002,0.3235504614701334,0.0
27853,2025-08-15T01:00:00.000000000,0.43799999999999994,0.0,0.0,0.133,0.3235504614701334,0.0
27853,2025-08-15T02:00:00.000000000,0.35800000000000004,0.0,0.0,0.056,0.3235504614701334,0.0
27853,2025-08-15T03:00:00.000000000,0.369,0.066,0.0,0.003,0.0,0.0
27853,2025-08-15T04:00:00.000000000,0.736,0.42600000000000005,0.0,0.0,0.3235504614701334,0.0
27853,2025-08-15T05:00:00.000000000,0.84,0.54,0.0,0.0,0.2649362474356889,0.0
27853,2025-08-15T06:00:00.000000000,0.9490000000000001,0.6519999999999999,0.0,0.0,0.058614214034444445,0.0
27853,2025-08-15T07:00:00.000000000,1.144,0.859,0.0,0.0,0.8082900115349889,0.0
27853,2025-08-15T08:00:00.000000000,1.2570000000000001,0.9430000000000001,0.0,0.0,0.3232573903999611,0.0
27853,2025-08-15T09:00:00.000000000,1.352,1.0510000000000002,0.0,0.0,0.0,0.0
27853,2025-08-15T10:00:00.000000000,1.064,0.7629999999999999,0.0,0.0,0.3235504614701334,0.0
27853,2025-08-15T11:00:00.000000000,0.5049999999999999,0.202,0.0,0.001,0.7165587665710833,0.0
27853,2025-08-15T12:00:00.000000000,0.434,0.0,0.0,0.134,0.6471009229402668,0.0
27853,2025-08-15T13:00:00.000000000,0.6950000000000001,0.0,0.0,0.39599999999999996,0.0,0.0
27853,2025-08-15T14:00:00.000000000,0.952,0.0,0.0,0.651,0.32355046147013333,0.0
27853,2025-08-15T15:00:00.000000000,1.145,0.0,0.0,0.844,0.0,0.0
27853,2025-08-15T16:00:00.000000000,1.188,0.0,0.0,0.886,0.3232573903999611,0.0
27853,2025-08-15T17:00:00.000000000,1.202,0.0,0.0,0.902,0.0,0.0
27853,2025-08-15T18:00:00.000000000,1.2209999999999999,0.0,0.0,0.917,0.9914594303926278,0.0
27853,2025-08-15T19:00:00.000000000,1.367,0.0,0.0,0.921,0.1960645459452167,0.0
27853,2025-08-15T20:00:00.000000000,1.35,0.0,0.0,0.882,0.3229643193297889,0.0
27853,2025-08-15T21:00:00.000000000,1.2710000000000001,0.0,0.0,0.798,0.0,0.0
27853,2025-08-15T22:00:00.000000000,1.141,0.0,0.0,0.7060000000000001,0.3232573903999611,0.0
27853,2025-08-15T23:00:00.000000000,0.79,0.0,0.0,0.45299999999999996,0.3434792942418444,0.0
27853,2025-08-16T00:00:00.000000000,0.594,0.0,0.0,0.276,0.9838395825681501,0.0
27853,2025-08-16T01:00:00.000000000,0.474,0.0,0.0,0.168,0.06418256436771667,0.0
27853,2025-08-16T02:00:00.000000000,0.377,0.0,0.0,0.075,0.3235504614701334,0.0
27853,2025-08-16T03:00:00.000000000,0.33699999999999997,0.028,0.0,0.008,0.0,0.0
27853,2025-08-16T04:00:00.000000000,0.66,0.349,0.0,0.0,0.3235504614701334,0.0
27853,2025-08-16T05:00:00.000000000,0.7769999999999999,0.47500000000000003,0.0,0.0,0.0,0.0
27853,2025-08-16T06:00:00.000000000,0.917,0.639,0.0,0.0,0.32355046147013333,0.0
27853,2025-08-16T07:00:00.000000000,1.1380000000000001,0.8420000000000001,0.0,0.0,0.8543021695520278,0.0
27853,2025-08-16T08:00:00.000000000,1.348,1.022,0.0,0.0,1.5441914687374387,0.0
27853,2025-08-16T09:00:00.000000000,1.268,0.958,0.0,0.0,0.0,0.0
27853,2025-08-16T10:00:00.000000000,0.9910000000000001,0.6900000000000001,0.0,0.0,0.6468078518700945,0.0
27853,2025-08-16T11:00:00.000000000,0.42800000000000005,0.121,0.0,0.007,0.0,0.0
27853,2025-08-16T12:00:00.000000000,0.452,0.0,0.0,0.152,0.3235504614701334,0.0
27853,2025-08-16T13:00:00.000000000,0.7299999999999999,0.0,0.0,0.431,0.0,0.0
27853,2025-08-16T14:00:00.000000000,1.029,0.0,0.0,0.7289999999999999,0.32325739039996115,0.0
27853,2025-08-16T15:00:00.000000000,1.204,0.0,0.0,0.902,0.0,0.0
27853,2025-08-16T16:00:00.000000000,1.228,0.0,0.0,0.926,0.3232573903999611,0.0
27853,2025-08-16T17:00:00.000000000,1.317,0.0,0.0,0.942,1.7771829695243557,0.0
27853,2025-08-16T18:00:00.000000000,1.3699999999999999,0.0,0.0,0.958,0.17760106852436666,0.0
27853,2025-08-16T19:00:00.000000000,1.387,0.0,0.0,0.941,0.0,0.0
27853,2025-08-16T20:00:00.000000000,1.407,0.0,0.0,0.877,0.3229643193297889,0.0
27853,2025-08-16T21:00:00.000000000,1.2650000000000001,0.0,0.0,0.7929999999999999,1.0617964872339614,0.0
27853,2025-08-16T22:00:00.000000000,1.169,0.0,0.0,0.6920000000000001,1.040695370181561,0.0
27853,2025-08-16T23:00:00.000000000,0.89,0.0,0.0,0.424,0.6875447306240333,0.0
27853,2025-08-17T00:00:00.000000000,0.571,0.0,0.0,0.252,0.33087723822443893,0.0
27853,2025-08-17T01:00:00.000000000,0.45299999999999996,0.0,0.0,0.148,0.34377236531201666,0.0
27853,2025-08-17T02:00:00.000000000,0.35700000000000004,0.0,0.0,0.055,0.0,0.0
27853,2025-08-17T03:00:00.000000000,0.357,0.054000000000000006,0.0,0.002,0.3235504614701334,0.0
27853,2025-08-17T04:00:00.000000000,0.685,0.375,0.0,0.0,0.0,0.0
27853,2025-08-17T05:00:00.000000000,0.7850000000000001,0.485,0.0,0.0,0.3232573903999611,0.0
27853,2025-08-17T06:00:00.000000000,0.909,0.6130000000000001,0.0,0.0,0.0,0.0
27853,2025-08-17T07:00:00.000000000,1.05,0.754,0.0,0.0,0.3235504614701334,0.0
27853,2025-08-17T08:00:00.000000000,1.15,0.853,0.0,0.0,0.0,0.0
27853,2025-08-17T09:00:00.000000000,1.183,0.882,0.0,0.0,0.3235504614701334,0.0
27853,2025-08-17T10:00:00.000000000,0.9159999999999999,0.616,0.0,0.0,0.0,0.0
27853,2025-08-17T11:00:00.000000000,0.41000000000000003,0.094,0.0,0.014,0.3232573903999611,0.0
27853,2025-08-17T12:00:00.000000000,0.456,0.0,0.0,0.156,0.0,0.0
27853,2025-08-17T13:00:00.000000000,0.716,0.0,0.0,0.419,0.3235504614701334,0.0
27853,2025-08-17T14:00:00.000000000,2.0140000000000002,0.0,0.0,0.736,1.2109696619516224,0.0
27853,2025-08-17T15:00:00.000000000,1.7670000000000001,0.0,0.0,0.887,0.3232573903999611,0.0
27853,2025-08-17T16:00:00.000000000,1.255,0.0,0.0,0.888,0.0,0.0
27853,2025-08-17T17:00:00.000000000,1.184,0.0,0.0,0.884,0.3229643193297889,0.0
27853,2025-08-17T18:00:00.000000000,1.1789999999999998,0.0,0.0,0.876,1.16847435677665,0.0
27853,2025-08-17T19:00:00.000000000,1.162,0.0,0.0,0.852,2.0837353089245,0.0
27853,2025-08-17T20:00:00.000000000,1.217,0.0,0.0,0.7889999999999999,0.7315053911498667,0.0
27853,2025-08-17T21:00:00.000000000,1.1139999999999999,0.0,0.0,0.722,0.0,0.0
27853,2025-08-17T22:00:00.000000000,1.024,0.0,0.0,0.548,0.3235504614701334,0.0
27853,2025-08-17T23:00:00.000000000,0.79,0.0,0.0,0.27999999999999997,0.34377236531201666,0.0
27853,2025-08-18T00:00:00.000000000,0.587,0.0,0.0,0.171,0.6904754413257557,0.0
27853,2025-08-18T01:00:00.000000000,0.383,0.0,0.0,0.077,0.34377236531201666,0.0
27853,2025-08-18T02:00:00.000000000,0.322,0.0,0.0,0.020999999999999998,0.0,0.0
27853,2025-08-18T03:00:00.000000000,0.32599999999999996,0.026000000000000002,0.0,0.0,0.3235504614701334,0.0
27853,2025-08-18T04:00:00.000000000,0.513,0.20400000000000001,0.0,0.0,0.0,0.0
27853,2025-08-18T05:00:00.000000000,0.487,0.18600000000000003,0.0,0.0,0.3235504614701334,0.0
27853,2025-08-18T06:00:00.000000000,0.496,0.19999999999999998,0.0,0.0,0.0,0.0
27853,2025-08-18T07:00:00.000000000,0.542,0.246,0.0,0.0,0.3232573903999611,0.0
27853,2025-08-18T08:00:00.000000000,0.58,0.28200000000000003,0.0,0.0,0.0,0.0
27853,2025-08-18T09:00:00.000000000,0.598,0.297,0.0,0.0,0.3235504614701334,0.0
27853,2025-08-18T10:00:00.000000000,0.531,0.22999999999999998,0.0,0.0,0.0,0.0
27853,2025-08-18T11:00:00.000000000,0.423,0.045,0.0,0.009000000000000001,0.3235504614701334,0.0
27853,2025-08-18T12:00:00.000000000,0.471,0.0,0.0,0.08600000000000001,0.0,0.0
27853,2025-08-18T13:00:00.000000000,0.679,0.0,0.0,0.29100000000000004,0.32325739039996115,0.0
27853,2025-08-18T14:00:00.000000000,0.954,0.0,0.0,0.56,0.0,0.0
27853,2025-08-18T15:00:00.000000000,1.169,0.0,0.0,0.7749999999999999,0.3232573903999611,0.0
27853,2025-08-18T16:00:00.000000000,1.221,0.0,0.0,0.831,0.3434792942418444,0.0
27853,2025-08-18T17:00:00.000000000,1.191,0.0,0.0,0.844,0.07824997573598334,0.0
27853,2025-08-18T18:00:00.000000000,1.221,0.0,0.0,0.835,0.5884867089058222,0.0
27853,2025-08-18T19:00:00.000000000,1.228,0.0,0.0,0.782,0.3329287357156444,0.0
27853,2025-08-18T20:00:00.000000000,1.189,0.0,0.0,0.722,1.1259790516016777,0.0
27853,2025-08-18T21:00:00.000000000,1.074,0.0,0.0,0.602,0.3232573903999611,0.0
27853,2025-08-18T22:00:00.000000000,0.8480000000000001,0.0,0.0,0.37200000000000005,0.36663190878545,0.0
27853,2025-08-18T23:00:00.000000000,0.6980000000000001,0.0,0.0,0.188,0.3235504614701334,0.0
27853,2025-08-19T00:00:00.000000000,0.565,0.0,0.0,0.12,0.8469753927977223,0.0
27853,2025-08-19T01:00:00.000000000,0.43399999999999994,0.0,0.0,0.084,0.3235504614701334,0.0
27853,2025-08-19T02:00:00.000000000,0.332,0.0,0.0,0.024,0.34377236531201666,0.0
27853,2025-08-19T03:00:00.000000000,0.33999999999999997,0.04,0.0,0.0,0.0,0.0
27853,2025-08-19T04:00:00.000000000,0.5870000000000001,0.278,0.0,0.0,0.3235504614701334,0.0
27853,2025-08-19T05:00:00.000000000,0.585,0.28200000000000003,0.0,0.0,0.2810551562951611,0.0
27853,2025-08-19T06:00:00.000000000,0.604,0.308,0.0,0.0,0.04249530517497222,0.0
27853,2025-08-19T07:00:00.000000000,0.652,0.357,0.0,0.0,0.3235504614701334,0.0
27853,2025-08-19T08:00:00.000000000,0.6859999999999999,0.389,0.0,0.0,0.0,0.0
27853,2025-08-19T09:00:00.000000000,0.714,0.415,0.0,0.0,0.3235504614701334,0.0
27853,2025-08-19T10:00:00.000000000,0.656,0.35400000000000004,0.0,0.0,0.0,0.0
27853,2025-08-19T11:00:00.000000000,0.658,0.134,0.0,0.005,0.3232573903999611,0.0
27853,2025-08-19T12:00:00.000000000,1.106,0.0,0.0,0.069,0.6813902381504167,0.0
27853,2025-08-19T13:00:00.000000000,0.606,0.0,0.0,0.12,0.3235504614701334,0.0
27853,2025-08-19T14:00:00.000000000,0.633,0.0,0.0,0.24,0.0,0.0
27853,2025-08-19T15:00:00.000000000,0.85,0.0,0.0,0.456,0.7086458476764332,0.0
27853,2025-08-19T16:00:00.000000000,1.092,0.0,0.0,0.702,0.0,0.0
27853,2025-08-19T17:00:00.000000000,1.193,0.0,0.0,0.796,1.7138796183671556,0.0
27853,2025-08-19T18:00:00.000000000,1.1829999999999998,0.0,0.0,0.7689999999999999,0.3434792942418444,0.0
27853,2025-08-19T19:00:00.000000000,1.665,0.0,0.0,0.742,0.7104042740974666,0.0
27853,2025-08-19T20:00:00.000000000,1.573,0.0,0.0,0.682,1.0477290758656945,0.0
27853,2025-08-19T21:00:00.000000000,0.979,0.0,0.0,0.507,0.0,0.0
27853,2025-08-19T22:00:00.000000000,0.8180000000000001,0.0,0.0,0.341,0.34377236531201666,0.0
27853,2025-08-19T23:00:00.000000000,0.681,0.0,0.0,0.17200000000000001,0.7180241219219444,0.0
27853,2025-08-20T00:00:00.000000000,0.529,0.0,0.0,0.08399999999999999,2.1118701316610333,0.0
27853,2025-08-20T01:00:00.000000000,0.389,0.0,0.0,0.038,0.8320287682189389,0.0
27853,2025-08-20T02:00:00.000000000,0.324,0.009999999999999998,0.0,0.005,0.3235504614701334,0.0
27853,2025-08-20T03:00:00.000000000,0.391,0.091,0.0,0.0,0.0,0.0
27853,2025-08-20T04:00:00.000000000,0.5710000000000001,0.26,0.0,0.0,0.3232573903999611,0.0
27853,2025-08-20T05:00:00.000000000,0.531,0.22799999999999998,0.0,0.0,0.0,0.0
27853,2025-08-20T06:00:00.000000000,0.512,0.216,0.0,0.0,0.3235504614701334,0.0
27853,2025-08-20T07:00:00.000000000,1.455,0.21000000000000002,0.0,0.05,1.5570865958250166,0.0
27853,2025-08-20T08:00:00.000000000,0.967,0.151,0.0,0.031,0.0,0.0
27853,2025-08-20T09:00:00.000000000,0.554,0.255,0.0,0.0,0.3232573903999611,0.0
27853,2025-08-20T10:00:00.000000000,0.493,0.19199999999999998,0.0,0.0,0.0,0.0
27853,2025-08-20T11:00:00.000000000,0.36200000000000004,0.049,0.0,0.013,0.6875447306240333,0.0
27853,2025-08-20T12:00:00.000000000,0.40099999999999997,0.0,0.0,0.10300000000000001,0.0,0.0
27853,2025-08-20T13:00:00.000000000,0.6300000000000001,0.0,0.0,0.331,0.3235504614701334,0.0
27853,2025-08-20T14:00:00.000000000,0.9259999999999999,0.0,0.0,0.6240000000000001,0.03428931521015,0.0
27853,2025-08-20T15:00:00.000000000,1.121,0.0,0.0,0.817,0.2889680751898111,0.0
27853,2025-08-20T16:00:00.000000000,1.148,0.0,0.0,0.847,0.3232573903999611,0.0
27853,2025-08-20T17:00:00.000000000,1.1629999999999998,0.0,0.0,0.862,0.0,0.0
27853,2025-08-20T18:00:00.000000000,1.229,0.0,0.0,0.868,0.16734358106833888,0.0
27853,2025-08-20T19:00:00.000000000,1.288,0.0,0.0,0.844,0.15562073826145,0.0
27853,2025-08-20T20:00:00.000000000,1.24,0.0,0.0,0.8109999999999999,0.0,0.0
27853,2025-08-20T21:00:00.000000000,1.12,0.0,0.0,0.7669999999999999,0.3232573903999611,0.0
27853,2025-08-20T22:00:00.000000000,0.9359999999999999,0.0,0.0,0.621,0.6708396796242166,0.0
27853,2025-08-20T23:00:00.000000000,0.6960000000000001,0.0,0.0,0.36000000000000004,0.3669249798556222,0.0
27853,2025-08-21T00:00:00.000000000,0.539,0.0,0.0,0.22200000000000003,0.7106973451676388,0.0
27853,2025-08-21T01:00:00.000000000,0.44899999999999995,0.0,0.0,0.143,0.3235504614701334,0.0
27853,2025-08-21T02:00:00.000000000,0.366,0.0,0.0,0.063,0.0,0.0
27853,2025-08-21T03:00:00.000000000,0.321,0.0,0.0,0.02,0.3235504614701334,0.0
27853,2025-08-21T04:00:00.000000000,0.38799999999999996,0.077,0.0,0.002,0.2388529221903611,0.0
27853,2025-08-21T05:00:00.000000000,0.34,0.038000000000000006,0.0,0.0,0.0844044682096,0.0
27853,2025-08-21T06:00:00.000000000,0.319,0.023,0.0,0.0,0.3232573903999611,0.0
27853,2025-08-21T07:00:00.000000000,0.329,0.033,0.0,0.0,0.0,0.0
27853,2025-08-21T08:00:00.000000000,1.8650000000000002,0.012,0.0,0.132,0.3235504614701334,0.0
27853,2025-08-21T09:00:00.000000000,0.321,0.0,0.0,0.011,0.0,0.0
27853,2025-08-21T10:00:00.000000000,0.315,0.0,0.0,0.014,0.32355046147013333,0.0
27853,2025-08-21T11:00:00.000000000,0.347,0.0,0.0,0.04699999999999999,0.0,0.0
27853,2025-08-21T12:00:00.000000000,0.391,0.0,0.0,0.091,0.3232573903999611,0.0
27853,2025-08-21T13:00:00.000000000,0.511,0.0,0.0,0.21099999999999997,0.0,0.0
27853,2025-08-21T14:00:00.000000000,0.7539999999999999,0.0,0.0,0.453,0.3235504614701334,0.0
27853,2025-08-21T15:00:00.000000000,0.99,0.0,0.0,0.69,0.0,0.0
27853,2025-08-21T16:00:00.000000000,1.09,0.0,0.0,0.7870000000000001,0.3235504614701334,0.0
27853,2025-08-21T17:00:00.000000000,1.1300000000000001,0.0,0.0,0.8049999999999999,0.0,0.0
27853,2025-08-21T18:00:00.000000000,2.611,0.0,0.0,0.8030000000000002,0.3232573903999611,0.0
27853,2025-08-21T19:00:00.000000000,2.6229999999999998,0.0,0.0,0.786,0.0,0.0
27853,2025-08-21T20:00:00.000000000,1.2229999999999999,0.0,0.0,0.754,0.3232573903999611,0.0
27853,2025-08-21T21:00:00.000000000,1.64,0.0,0.0,0.714,0.0,0.0
27853,2025-08-21T22:00:00.000000000,0.962,0.0,0.0,0.485,1.5377439051936501,0.0
27853,2025-08-21T23:00:00.000000000,0.831,0.0,0.0,0.321,1.1007749395668667,0.0
27853,2025-08-22T00:00:00.000000000,0.602,0.0,0.0,0.239,0.6875447306240333,0.0
27853,2025-08-22T01:00:00.000000000,0.477,0.0,0.0,0.17200000000000001,0.3669249798556222,0.0
27853,2025-08-22T02:00:00.000000000,0.429,0.0,0.0,0.126,0.3232573903999611,0.0
27853,2025-08-22T03:00:00.000000000,0.385,0.0,0.0,0.084,0.0,0.0
27853,2025-08-22T04:00:00.000000000,0.34700000000000003,0.0,0.0,0.036,0.3235504614701334,0.0
27853,2025-08-22T05:00:00.000000000,0.326,0.0,0.0,0.023,0.0,0.0
27853,2025-08-22T06:00:00.000000000,0.302,0.0,0.0,0.006,0.3235504614701334,0.0
27853,2025-08-22T07:00:00.000000000,0.43199999999999994,0.145,0.0,0.0,1.1752149913906111,0.0
27853,2025-08-22T08:00:00.000000000,0.444,0.11699999999999999,0.0,0.0,0.0,0.0
27853,2025-08-22T09:00:00.000000000,0.45599999999999996,0.10200000000000001,0.0,0.0,0.3232573903999611,0.0
27853,2025-08-22T10:00:00.000000000,0.34900000000000003,0.041999999999999996,0.0,0.004,0.0,0.0
27853,2025-08-22T11:00:00.000000000,0.355,0.0,0.0,0.05500000000000001,0.6875447306240333,0.0
27853,2025-08-22T12:00:00.000000000,0.41300000000000003,0.0,0.0,0.11199999999999999,1.191040829179911,0.0
27853,2025-08-22T13:00:00.000000000,0.472,0.0,0.0,0.172,0.66732282678215,0.0
27853,2025-08-22T14:00:00.000000000,0.536,0.0,0.0,0.23299999999999998,0.0,0.0
27853,2025-08-22T15:00:00.000000000,0.614,0.0,0.0,0.31300000000000006,0.3235504614701334,0.0
27853,2025-08-22T16:00:00.000000000,0.7409999999999999,0.0,0.0,0.439,0.0,0.0
27853,2025-08-22T17:00:00.000000000,0.955,0.0,0.0,0.6050000000000001,0.3232573903999611,0.0
27853,2025-08-22T18:00:00.000000000,1.1099999999999999,0.0,0.0,0.7209999999999999,2.3838400847808554,0.0
27853,2025-08-22T19:00:00.000000000,1.208,0.0,0.0,0.7629999999999999,0.050115152999450005,0.0
27853,2025-08-22T20:00:00.000000000,1.1320000000000001,0.0,0.0,0.7429999999999999,0.3232573903999611,0.0
27853,2025-08-22T21:00:00.000000000,0.9169999999999999,0.0,0.0,0.602,0.3232573903999611,0.0
27853,2025-08-22T22:00:00.000000000,0.7000000000000001,0.0,0.0,0.38500000000000006,1.634164287280311,0.0
27853,2025-08-22T23:00:00.000000000,0.612,0.0,0.0,0.23099999999999998,0.34377236531201666,0.0
27853,2025-08-23T00:00:00.000000000,0.581,0.0,0.0,0.164,0.3232573903999611,0.0
27853,2025-08-23T01:00:00.000000000,0.384,0.0,0.0,0.079,0.0,0.0
27853,2025-08-23T02:00:00.000000000,0.33299999999999996,0.021,0.0,0.011,0.3235504614701334,0.0
27853,2025-08-23T03:00:00.000000000,0.484,0.184,0.0,0.0,0.0,0.0
27853,2025-08-23T04:00:00.000000000,0.7869999999999999,0.478,0.0,0.0,0.3235504614701334,0.0
27853,2025-08-23T05:00:00.000000000,0.8899999999999999,0.5890000000000001,0.0,0.0,0.0,0.0
27853,2025-08-23T06:00:00.000000000,0.993,0.698,0.0,0.0,0.3232573903999611,0.0
27853,2025-08-23T07:00:00.000000000,1.087,0.793,0.0,0.0,0.0,0.0
27853,2025-08-23T08:00:00.000000000,1.234,0.925,0.0,0.0,1.0576934922515502,0.0
27853,2025-08-23T09:00:00.000000000,1.318,0.942,0.0,0.0,1.1599752957416554,0.0
27853,2025-08-23T10:00:00.000000000,1.028,0.7050000000000001,0.0,0.0,0.6793387406592112,0.0
27853,2025-08-23T11:00:00.000000000,0.458,0.15000000000000002,0.0,0.006,0.0,0.0
27853,2025-08-23T12:00:00.000000000,0.43,0.0,0.0,0.13099999999999998,0.3232573903999611,0.0
27853,2025-08-23T13:00:00.000000000,0.6679999999999999,0.0,0.0,0.368,0.34025551246995,0.0
27853,2025-08-23T14:00:00.000000000,0.955,0.0,0.0,0.654,0.0,0.0
27853,2025-08-23T15:00:00.000000000,1.14,0.0,0.0,0.84,0.3235504614701334,0.0
27853,2025-08-23T16:00:00.000000000,1.2189999999999999,0.0,0.0,0.874,0.3616497005925222,0.0
27853,2025-08-23T17:00:00.000000000,1.297,0.0,0.0,0.899,1.5957719770877499,0.0
27853,2025-08-23T18:00:00.000000000,1.3110000000000002,0.0,0.0,0.898,1.3070969729681112,0.0
27853,2025-08-23T19:00:00.000000000,1.3330000000000002,0.0,0.0,0.888,0.0,0.0
27853,2025-08-23T20:00:00.000000000,1.7890000000000001,0.0,0.0,0.868,1.0790876803741223,0.0
27853,2025-08-23T21:00:00.000000000,1.2950000000000002,0.0,0.0,0.823,1.032782451286911,0.0
27853,2025-08-23T22:00:00.000000000,1.236,0.0,0.0,0.7590000000000001,0.36663190878545,0.0
27853,2025-08-23T23:00:00.000000000,1.7109999999999999,0.0,0.0,0.5630000000000001,1.1875239763378445,0.0
27853,2025-08-24T00:00:00.000000000,1.083,0.0,0.0,0.37800000000000006,0.33263566464547223,0.0
27853,2025-08-24T01:00:00.000000000,0.578,0.0,0.0,0.23199999999999998,0.3232573903999611,0.0
27853,2025-08-24T02:00:00.000000000,0.42800000000000005,0.0,0.0,0.126,0.0,0.0
27853,2025-08-24T03:00:00.000000000,0.34,0.0,0.0,0.03900000000000001,0.3235504614701334,0.0
27853,2025-08-24T04:00:00.000000000,0.487,0.177,0.0,0.0,0.0,0.0
27853,2025-08-24T05:00:00.000000000,0.5940000000000001,0.29300000000000004,0.0,0.0,0.3235504614701334,0.0
27853,2025-08-24T06:00:00.000000000,0.744,0.447,0.0,0.0,0.0,0.0
27853,2025-08-24T07:00:00.000000000,0.89,0.594,0.0,0.0,0.3235504614701333,0.0
27853,2025-08-24T08:00:00.000000000,1.072,0.742,0.0,0.0,1.2127280883726557,0.0
27853,2025-08-24T09:00:00.000000000,1.162,0.786,0.0,0.0,1.2147795858638613,0.0
27853,2025-08-24T10:00:00.000000000,0.856,0.5559999999999999,0.0,0.0,0.0,0.0
27853,2025-08-24T11:00:00.000000000,0.397,0.079,0.0,0.017,0.3235504614701334,0.0
27853,2025-08-24T12:00:00.000000000,0.485,0.0,0.0,0.185,0.6875447306240333,0.0
27853,2025-08-24T13:00:00.000000000,0.831,0.0,0.0,0.532,0.3669249798556222,0.0
27853,2025-08-24T14:00:00.000000000,1.181,0.0,0.0,0.881,0.3235504614701334,0.0
27853,2025-08-24T15:00:00.000000000,1.274,0.0,0.0,0.972,0.0,0.0
27853,2025-08-24T16:00:00.000000000,1.3030000000000002,0.0,0.0,1.001,0.3232573903999611,0.0
27853,2025-08-24T17:00:00.000000000,1.32,0.0,0.0,1.02,0.0,0.0
27853,2025-08-24T18:00:00.000000000,1.395,0.0,0.0,1.006,0.3229643193297889,0.0
27853,2025-08-24T19:00:00.000000000,1.3880000000000001,0.0,0.0,0.978,0.0,0.0
27853,2025-08-24T20:00:00.000000000,1.85,0.0,0.0,0.96,0.3226712482596167,0.0
27853,2025-08-24T21:00:00.000000000,1.87,0.0,0.0,0.9129999999999999,0.0,0.0
27853,2025-08-24T22:00:00.000000000,1.302,0.0,0.0,0.825,2.9075580871786166,0.0
27853,2025-08-24T23:00:00.000000000,1.178,0.0,0.0,0.756,0.34377236531201666,0.0
27853,2025-08-25T00:00:00.000000000,0.867,0.0,0.0,0.548,0.3235504614701334,0.0
27853,2025-08-25T01:00:00.000000000,0.642,0.0,0.0,0.336,0.34377236531201666,0.0
27853,2025-08-25T02:00:00.000000000,0.51,0.0,0.0,0.20799999999999996,0.34377236531201666,0.0
27853,2025-08-25T03:00:00.000000000,0.41300000000000003,0.0,0.0,0.113,0.0,0.0
27853,2025-08-25T04:00:00.000000000,0.349,0.02,0.0,0.019,0.3232573903999611,0.0
27853,2025-08-25T05:00:00.000000000,0.399,0.096,0.0,0.0,0.0,0.0
27853,2025-08-25T06:00:00.000000000,0.538,0.242,0.0,0.0,0.3235504614701334,0.0
27853,2025-08-25T07:00:00.000000000,0.7170000000000001,0.421,0.0,0.0,0.0,0.0
27853,2025-08-25T08:00:00.000000000,0.869,0.5710000000000001,0.0,0.0,0.3235504614701334,0.0
27853,2025-08-25T09:00:00.000000000,0.9259999999999999,0.626,0.0,0.0,0.3232573903999611,0.0
27853,2025-08-25T10:00:00.000000000,0.6920000000000001,0.39199999999999996,0.0,0.0,0.0,0.0
27853,2025-08-25T11:00:00.000000000,0.439,0.023,0.0,0.048,0.3235504614701334,0.0
27853,2025-08-25T12:00:00.000000000,0.6520000000000001,0.0,0.0,0.267,0.0,0.0
27853,2025-08-25T13:00:00.000000000,1.009,0.0,0.0,0.6220000000000001,0.3235504614701334,0.0
27853,2025-08-25T14:00:00.000000000,1.334,0.0,0.0,0.94,0.0,0.0
27853,2025-08-25T15:00:00.000000000,1.404,0.0,0.0,1.01,0.3232573903999611,0.0
27853,2025-08-25T16:00:00.000000000,1.415,0.0,0.0,1.024,0.3434792942418444,0.0
27853,2025-08-25T17:00:00.000000000,1.345,0.0,0.0,1.045,0.6966299337993722,0.0
27853,2025-08-25T18:00:00.000000000,1.385,0.0,0.0,1.052,0.8458031085170333,0.0
27853,2025-08-25T19:00:00.000000000,1.3350000000000002,0.0,0.0,1.025,0.6863724463433445,0.0
27853,2025-08-25T20:00:00.000000000,1.338,0.0,0.0,0.984,0.0,0.0
27853,2025-08-25T21:00:00.000000000,1.3599999999999999,0.0,0.0,0.8889999999999999,0.3229643193297889,0.0
27853,2025-08-25T22:00:00.000000000,1.2550000000000001,0.0,0.0,0.7769999999999999,0.36633883771527775,0.0
27853,2025-08-25T23:00:00.000000000,1.186,0.0,0.0,0.677,0.3232573903999611,0.0
27853,2025-08-26T00:00:00.000000000,0.8899999999999999,0.0,0.0,0.44499999999999995,0.0,0.0
27853,2025-08-26T01:00:00.000000000,0.616,0.0,0.0,0.263,0.7868958234124167,0.0
27853,2025-08-26T02:00:00.000000000,0.46099999999999997,0.0,0.0,0.153,0.3232573903999611,0.0
27853,2025-08-26T03:00:00.000000000,0.34500000000000003,0.0,0.0,0.062,0.3232573903999611,0.0
27853,2025-08-26T04:00:00.000000000,0.9500000000000001,0.018,0.0,0.014,0.6828555935012779,0.0
27853,2025-08-26T05:00:00.000000000,0.494,0.08299999999999999,0.0,0.0,0.3557882791890778,0.0
27853,2025-08-26T06:00:00.000000000,0.46199999999999997,0.166,0.0,0.0,0.3235504614701334,0.0
27853,2025-08-26T07:00:00.000000000,0.5710000000000001,0.275,0.0,0.0,0.0,0.0
27853,2025-08-26T08:00:00.000000000,0.7070000000000001,0.40800000000000003,0.0,0.0,0.7197825483429778,0.0
27853,2025-08-26T09:00:00.000000000,0.684,0.382,0.0,0.0,0.0,0.0
27853,2025-08-26T10:00:00.000000000,0.498,0.197,0.0,0.0,0.3232573903999611,0.0
27853,2025-08-26T11:00:00.000000000,0.346,0.0,0.0,0.045,0.0,0.0
27853,2025-08-26T12:00:00.000000000,0.491,0.0,0.0,0.19,0.3235504614701334,0.0
27853,2025-08-26T13:00:00.000000000,0.727,0.0,0.0,0.427,0.0,0.0
27853,2025-08-26T14:00:00.000000000,1.006,0.0,0.0,0.704,0.3232573903999611,0.0
27853,2025-08-26T15:00:00.000000000,1.184,0.0,0.0,0.882,0.0,0.0
27853,2025-08-26T16:00:00.000000000,1.28,0.0,0.0,0.914,1.6198038048418724,0.0
27853,2025-08-26T17:00:00.000000000,1.306,0.0,0.0,0.908,1.190747758109739,0.0
27853,2025-08-26T18:00:00.000000000,1.3370000000000002,0.0,0.0,0.923,0.0,0.0
27853,2025-08-26T19:00:00.000000000,1.33,0.0,0.0,0.886,0.0,0.0
27853,2025-08-26T20:00:00.000000000,1.289,0.0,0.0,0.8200000000000001,1.5395023316146834,0.0
27853,2025-08-26T21:00:00.000000000,1.233,0.0,0.0,0.762,0.32032667969823886,0.0
27853,2025-08-26T22:00:00.000000000,1.119,0.0,0.0,0.644,0.34377236531201666,0.0
27853,2025-08-26T23:00:00.000000000,0.863,0.0,0.0,0.353,1.5594311643863943,0.0
27853,2025-08-27T00:00:00.000000000,1.175,0.0,0.0,0.255,0.6957507205888556,0.0
27853,2025-08-27T01:00:00.000000000,0.9269999999999999,0.0,0.0,0.158,0.7356083861322777,0.0
27853,2025-08-27T02:00:00.000000000,0.361,0.018,0.0,0.039,0.6904754413257557,0.0
27853,2025-08-27T03:00:00.000000000,0.436,0.136,0.0,0.0,0.3235504614701334,0.0
27853,2025-08-27T04:00:00.000000000,0.7779999999999999,0.46699999999999997,0.0,0.0,0.0,0.0
27853,2025-08-27T05:00:00.000000000,0.8109999999999999,0.511,0.0,0.0,0.3232573903999611,0.0
27853,2025-08-27T06:00:00.000000000,0.7689999999999999,0.473,0.0,0.0,0.0,0.0
27853,2025-08-27T07:00:00.000000000,0.744,0.448,0.0,0.0,0.3235504614701334,0.0
27853,2025-08-27T08:00:00.000000000,0.726,0.427,0.0,0.0,0.0,0.0
27853,2025-08-27T09:00:00.000000000,0.6980000000000001,0.399,0.0,0.0,0.3235504614701334,0.0
27853,2025-08-27T10:00:00.000000000,0.852,0.482,0.0,0.0,2.8067416390393722,0.0
27853,2025-08-27T11:00:00.000000000,0.642,0.253,0.0,0.0,1.7115350498057778,0.0
27853,2025-08-27T12:00:00.000000000,0.37400000000000005,0.017,0.0,0.014,0.3440654363821889,0.0
27853,2025-08-27T13:00:00.000000000,0.418,0.0,0.0,0.11800000000000001,0.32355046147013333,0.0
27853,2025-08-27T14:00:00.000000000,0.663,0.0,0.0,0.36200000000000004,0.32970495394375,0.0
27853,2025-08-27T15:00:00.000000000,0.93,0.0,0.0,0.6280000000000001,0.6904754413257554,0.0
27853,2025-08-27T16:00:00.000000000,1.118,0.0,0.0,0.815,0.0,0.0
27853,2025-08-27T17:00:00.000000000,1.12,0.0,0.0,0.82,0.3232573903999611,0.0
27853,2025-08-27T18:00:00.000000000,1.223,0.0,0.0,0.81,0.0,0.0
27853,2025-08-27T19:00:00.000000000,1.221,0.0,0.0,0.776,0.3232573903999611,0.0
27853,2025-08-27T20:00:00.000000000,1.195,0.0,0.0,0.728,0.0,0.0
27853,2025-08-27T21:00:00.000000000,1.037,0.0,0.0,0.604,0.7344361018515888,0.0
27853,2025-08-27T22:00:00.000000000,0.849,0.0,0.0,0.37100000000000005,1.1377018944085668,0.0
27853,2025-08-27T23:00:00.000000000,0.644,0.0,0.0,0.178,0.35930513203114445,0.0
27853,2025-08-28T00:00:00.000000000,0.427,0.0,0.0,0.10800000000000001,0.32882574073323334,0.0
27853,2025-08-28T01:00:00.000000000,0.35900000000000004,0.014,0.0,0.04000000000000001,1.6370949979820335,0.0
27853,2025-08-28T02:00:00.000000000,0.314,0.004,0.0,0.009000000000000001,0.016411979929644445,0.0
27853,2025-08-28T03:00:00.000000000,0.393,0.093,0.0,0.0,0.3235504614701334,0.0
27853,2025-08-28T04:00:00.000000000,0.6180000000000001,0.308,0.0,0.0,0.0,0.0
27853,2025-08-28T05:00:00.000000000,0.606,0.305,0.0,0.0,0.3235504614701334,0.0
27853,2025-08-28T06:00:00.000000000,0.619,0.32299999999999995,0.0,0.0,0.0,0.0
27853,2025-08-28T07:00:00.000000000,0.6779999999999999,0.382,0.0,0.0,0.32325739039996115,0.0
27853,2025-08-28T08:00:00.000000000,0.7090000000000001,0.411,0.0,0.0,0.0,0.0
27853,2025-08-28T09:00:00.000000000,0.718,0.419,0.0,0.0,0.3232573903999611,0.0
27853,2025-08-28T10:00:00.000000000,0.671,0.37000000000000005,0.0,0.0,0.0,0.0
27853,2025-08-28T11:00:00.000000000,0.535,0.23500000000000001,0.0,0.0,0.3235504614701334,0.0
27853,2025-08-28T12:00:00.000000000,0.34900000000000003,0.045,0.0,0.004,0.0,0.0
27853,2025-08-28T13:00:00.000000000,0.359,0.0,0.0,0.059000000000000004,0.3235504614701334,0.0
27853,2025-08-28T14:00:00.000000000,0.528,0.0,0.0,0.22800000000000004,0.0,0.0
27853,2025-08-28T15:00:00.000000000,0.8069999999999999,0.0,0.0,0.504,0.3232573903999611,0.0
27853,2025-08-28T16:00:00.000000000,1.022,0.0,0.0,0.72,0.0,0.0
27853,2025-08-28T17:00:00.000000000,1.108,0.0,0.0,0.8079999999999999,0.3232573903999611,0.0
27853,2025-08-28T18:00:00.000000000,1.6309999999999998,0.0,0.0,0.817,0.0,0.0
27853,2025-08-28T19:00:00.000000000,1.2309999999999999,0.0,0.0,0.788,0.3232573903999611,0.0
27853,2025-08-28T20:00:00.000000000,1.211,0.0,0.0,0.744,0.0,0.0
27853,2025-08-28T21:00:00.000000000,1.095,0.0,0.0,0.622,0.3232573903999611,0.0
27853,2025-08-28T22:00:00.000000000,0.822,0.0,0.0,0.38800000000000007,0.7877750366229334,0.0
27853,2025-08-28T23:00:00.000000000,0.504,0.0,0.0,0.167,1.1714050674783723,0.0
27853,2025-08-29T00:00:00.000000000,0.401,0.0,0.0,0.083,0.7751729806055278,0.0
27853,2025-08-29T01:00:00.000000000,0.38,0.067,0.0,0.008,1.4378066702649221,0.0
27853,2025-08-29T02:00:00.000000000,0.545,0.243,0.0,0.0,0.0,0.0
27853,2025-08-29T03:00:00.000000000,0.7859999999999999,0.485,0.0,0.0,0.3235504614701334,0.0
27853,2025-08-29T04:00:00.000000000,1.154,0.842,0.0,0.0,0.0,0.0
27853,2025-08-29T05:00:00.000000000,1.19,0.8879999999999999,0.0,0.0,0.3232573903999611,0.0
27853,2025-08-29T06:00:00.000000000,1.2209999999999999,0.924,0.0,0.0,0.0,0.0
27853,2025-08-29T07:00:00.000000000,1.314,1.029,0.0,0.0,1.7097766233847445,0.0
27853,2025-08-29T08:00:00.000000000,1.29,0.997,0.0,0.0,1.1769734178116444,0.0
27853,2025-08-29T09:00:00.000000000,1.239,0.939,0.0,0.0,0.0,0.0
27853,2025-08-29T10:00:00.000000000,1.149,0.847,0.0,0.0,0.32325739039996115,0.0
27853,2025-08-29T11:00:00.000000000,1.057,0.757,0.0,0.0,2.462090060516839,0.0
27853,2025-08-29T12:00:00.000000000,0.495,0.192,0.0,0.002,0.03780616805221667,0.0
27853,2025-08-29T13:00:00.000000000,0.434,0.0,0.0,0.135,0.3235504614701334,0.0
27853,2025-08-29T14:00:00.000000000,0.7010000000000001,0.0,0.0,0.40099999999999997,0.0,0.0
27853,2025-08-29T15:00:00.000000000,0.914,0.0,0.0,0.6140000000000001,0.3235504614701334,0.0
27853,2025-08-29T16:00:00.000000000,1.084,0.0,0.0,0.7599999999999999,0.0,0.0
27853,2025-08-29T17:00:00.000000000,1.24,0.0,0.0,0.843,0.3232573903999611,0.0
27853,2025-08-29T18:00:00.000000000,1.291,0.0,0.0,0.878,0.0,0.0
27853,2025-08-29T19:00:00.000000000,1.3090000000000002,0.0,0.0,0.865,0.3232573903999611,0.0
27853,2025-08-29T20:00:00.000000000,1.2530000000000001,0.0,0.0,0.784,0.0,0.0
27853,2025-08-29T21:00:00.000000000,1.134,0.0,0.0,0.661,1.12627212267185,0.0
27853,2025-08-29T22:00:00.000000000,0.9059999999999999,0.0,0.0,0.42899999999999994,0.0,0.0
27853,2025-08-29T23:00:00.000000000,0.7030000000000001,0.0,0.0,0.193,0.3232573903999611,0.0
27853,2025-08-30T00:00:00.000000000,0.554,0.0,0.0,0.10899999999999999,0.34377236531201666,0.0
27853,2025-08-30T01:00:00.000000000,0.374,0.02,0.0,0.022,0.7109904162378111,0.0
27853,2025-08-30T02:00:00.000000000,0.451,0.14900000000000002,0.0,0.0,0.34377236531201666,0.0
27853,2025-08-30T03:00:00.000000000,0.545,0.245,0.0,0.0,0.3232573903999611,0.0
27853,2025-08-30T04:00:00.000000000,0.7859999999999999,0.47500000000000003,0.0,0.0,0.0,0.0
27853,2025-08-30T05:00:00.000000000,0.76,0.45699999999999996,0.0,0.0,0.3235504614701334,0.0
27853,2025-08-30T06:00:00.000000000,0.853,0.5569999999999999,0.0,0.0,1.623613728754111,0.0
27853,2025-08-30T07:00:00.000000000,0.989,0.712,0.0,0.0,2.182793330642711,0.0
27853,2025-08-30T08:00:00.000000000,0.9420000000000001,0.617,0.0,0.0,1.027214100953639,0.0
27853,2025-08-30T09:00:00.000000000,0.96,0.606,0.0,0.0,0.7054220659045389,0.0
27853,2025-08-30T10:00:00.000000000,0.849,0.548,0.0,0.0,0.0,0.0
27853,2025-08-30T11:00:00.000000000,0.6910000000000001,0.388,0.0,0.0,0.34377236531201666,0.0
27853,2025-08-30T12:00:00.000000000,0.412,0.108,0.0,0.005,0.34377236531201666,0.0
27853,2025-08-30T13:00:00.000000000,0.423,0.0,0.0,0.123,0.3235504614701334,0.0
27853,2025-08-30T14:00:00.000000000,0.6719999999999999,0.0,0.0,0.372,0.0,0.0
27853,2025-08-30T15:00:00.000000000,0.919,0.0,0.0,0.6160000000000001,0.3232573903999611,0.0
27853,2025-08-30T16:00:00.000000000,1.096,0.0,0.0,0.7959999999999999,0.0,0.0
27853,2025-08-30T17:00:00.000000000,1.581,0.0,0.0,0.833,0.3232573903999611,0.0
27853,2025-08-30T18:00:00.000000000,3.1630000000000003,0.0,0.0,0.838,0.0,0.0
27853,2025-08-30T19:00:00.000000000,1.266,0.0,0.0,0.8200000000000001,0.3229643193297889,0.0
27853,2025-08-30T20:00:00.000000000,1.214,0.0,0.0,0.7469999999999999,0.0,0.0
27853,2025-08-30T21:00:00.000000000,1.129,0.0,0.0,0.658,0.3232573903999611,0.0
27853,2025-08-30T22:00:00.000000000,0.9039999999999999,0.0,0.0,0.42599999999999993,0.3235504614701334,0.0
27853,2025-08-30T23:00:00.000000000,0.671,0.0,0.0,0.16099999999999998,1.5248487781060722,0.0
27853,2025-08-31T00:00:00.000000000,0.513,0.0,0.0,0.095,0.34377236531201666,0.0
27853,2025-08-31T01:00:00.000000000,0.328,0.005,0.0,0.018000000000000002,0.34377236531201666,0.0
27853,2025-08-31T02:00:00.000000000,0.415,0.11300000000000002,0.0,0.0,0.3235504614701334,0.0
27853,2025-08-31T03:00:00.000000000,0.539,0.24,0.0,0.0,0.3235504614701334,0.0
27853,2025-08-31T04:00:00.000000000,0.7809999999999999,0.47000000000000003,0.0,0.0,0.0,0.0
27853,2025-08-31T05:00:00.000000000,0.762,0.45999999999999996,0.0,0.0,0.3232573903999611,0.0
27853,2025-08-31T06:00:00.000000000,0.7709999999999999,0.474,0.0,0.0,0.0,0.0
27853,2025-08-31T07:00:00.000000000,0.831,0.535,0.0,0.0,0.3232573903999611,0.0
27853,2025-08-31T08:00:00.000000000,1.512,0.278,0.0,0.01,0.0,0.0
27853,2025-08-31T09:00:00.000000000,0.826,0.527,0.0,0.0,0.3235504614701334,0.0
27853,2025-08-31T10:00:00.000000000,0.776,0.475,0.0,0.0,0.0,0.0
27853,2025-08-31T11:00:00.000000000,0.47300000000000003,0.171,0.0,0.0,0.3235504614701334,0.0
27853,2025-08-31T12:00:00.000000000,0.372,0.0,0.0,0.07300000000000001,0.34377236531201666,0.0
27853,2025-08-31T13:00:00.000000000,0.5770000000000001,0.0,0.0,0.278,0.3235504614701334,0.0
27853,2025-08-31T14:00:00.000000000,0.82,0.0,0.0,0.52,0.0,0.0
27853,2025-08-31T15:00:00.000000000,1.046,0.0,0.0,0.744,0.3232573903999611,0.0
27853,2025-08-31T16:00:00.000000000,1.148,0.0,0.0,0.848,0.0,0.0
27853,2025-08-31T17:00:00.000000000,1.168,0.0,0.0,0.868,0.3232573903999611,0.0
27853,2025-08-31T18:00:00.000000000,1.169,0.0,0.0,0.866,0.0,0.0
27853,2025-08-31T19:00:00.000000000,1.14,0.0,0.0,0.8300000000000001,0.3232573903999611,0.0
27853,2025-08-31T20:00:00.000000000,1.184,0.0,0.0,0.7510000000000001,1.1734565649695778,0.0
27853,2025-08-31T21:00:00.000000000,1.087,0.0,0.0,0.616,0.3232573903999611,0.0
27853,2025-08-31T22:00:00.000000000,0.8210000000000001,0.0,0.0,0.386,0.0,0.0
27853,2025-08-31T23:00:00.000000000,0.494,0.0,0.0,0.158,0.3235504614701334,0.0
27853,2025-09-01T00:00:00.000000000,0.362,0.0,0.0,0.044000000000000004,2.0617549786615834,0.0
27853,2025-09-01T01:00:00.000000000,0.405,0.09,0.0,0.009000000000000001,0.8490268902889277,0.0
27853,2025-09-01T02:00:00.000000000,0.5770000000000001,0.277,0.0,0.0,0.6904754413257557,0.0
27853,2025-09-01T03:00:00.000000000,0.7589999999999999,0.459,0.0,0.0,0.3235504614701334,0.0
27853,2025-09-01T04:00:00.000000000,1.0979999999999999,0.7869999999999999,0.0,0.0,0.0,0.0
27853,2025-09-01T05:00:00.000000000,1.154,0.852,0.0,0.0,0.3235504614701334,0.0
27853,2025-09-01T06:00:00.000000000,1.2329999999999999,0.9380000000000001,0.0,0.0,0.0,0.0
27853,2025-09-01T07:00:00.000000000,1.35,1.054,0.0,0.0,0.3232573903999611,0.0
27853,2025-09-01T08:00:00.000000000,1.442,1.143,0.0,0.0,0.0,0.0
27853,2025-09-01T09:00:00.000000000,1.4739999999999998,1.173,0.0,0.0,0.3235504614701334,0.0
27853,2025-09-01T10:00:00.000000000,1.2389999999999999,0.9359999999999999,0.0,0.0,0.0,0.0
27853,2025-09-01T11:00:00.000000000,1.1,0.314,0.0,0.039,0.3235504614701334,0.0
27853,2025-09-01T12:00:00.000000000,0.541,0.0,0.0,0.116,0.0,0.0
27853,2025-09-01T13:00:00.000000000,0.7619999999999999,0.0,0.0,0.368,0.3232573903999611,0.0
27853,2025-09-01T14:00:00.000000000,1.077,0.0,0.0,0.679,0.0,0.0
27853,2025-09-01T15:00:00.000000000,1.305,0.0,0.0,0.905,0.3235504614701334,0.0
27853,2025-09-01T16:00:00.000000000,1.3450000000000002,0.0,0.0,0.949,0.0,0.0
27853,2025-09-01T17:00:00.000000000,1.325,0.0,0.0,0.9229999999999999,0.3434792942418444,0.0
27853,2025-09-01T18:00:00.000000000,1.2870000000000001,0.0,0.0,0.868,1.1297889755139168,0.0
27853,2025-09-01T19:00:00.000000000,1.2850000000000001,0.0,0.0,0.831,0.7101112030272945,0.0
27853,2025-09-01T20:00:00.000000000,1.1270000000000002,0.0,0.0,0.774,0.3434792942418444,0.0
27853,2025-09-01T21:00:00.000000000,1.0110000000000001,0.0,0.0,0.6960000000000001,0.7874819655527611,0.0
27853,2025-09-01T22:00:00.000000000,0.866,0.0,0.0,0.45399999999999996,2.0101744703112723,0.0
27853,2025-09-01T23:00:00.000000000,0.7669999999999999,0.0,0.0,0.23900000000000002,2.0242418816795387,0.0
27853,2025-09-02T00:00:00.000000000,0.617,0.0,0.0,0.169,0.0,0.0
27853,2025-09-02T01:00:00.000000000,0.43799999999999994,0.0,0.0,0.08399999999999999,0.3232573903999611,0.0
27853,2025-09-02T02:00:00.000000000,0.33499999999999996,0.016,0.0,0.011,0.0,0.0
27853,2025-09-02T03:00:00.000000000,0.535,0.252,0.0,0.0,1.16847435677665,0.0
27853,2025-09-02T04:00:00.000000000,0.842,0.533,0.0,0.0,0.3232573903999611,0.0
27853,2025-09-02T05:00:00.000000000,0.9249999999999999,0.6230000000000001,0.0,0.0,0.0,0.0
27853,2025-09-02T06:00:00.000000000,1.0150000000000001,0.718,0.0,0.0,0.3235504614701334,0.0
27853,2025-09-02T07:00:00.000000000,1.09,0.7939999999999999,0.0,0.0,0.0,0.0
27853,2025-09-02T08:00:00.000000000,1.1469999999999998,0.851,0.0,0.0,0.3235504614701334,0.0
27853,2025-09-02T09:00:00.000000000,1.173,0.873,0.0,0.0,0.0,0.0
27853,2025-09-02T10:00:00.000000000,1.0,0.6990000000000001,0.0,0.0,0.3232573903999611,0.0
27853,2025-09-02T11:00:00.000000000,0.49700000000000005,0.19099999999999998,0.0,0.005,0.0,0.0
27853,2025-09-02T12:00:00.000000000,0.496,0.0,0.0,0.127,0.3235504614701334,0.0
27853,2025-09-02T13:00:00.000000000,0.7909999999999999,0.0,0.0,0.397,0.0,0.0
27853,2025-09-02T14:00:00.000000000,1.1280000000000001,0.0,0.0,0.73,0.3235504614701334,0.0
27853,2025-09-02T15:00:00.000000000,1.278,0.0,0.0,0.876,0.3232573903999611,0.0
27853,2025-09-02T16:00:00.000000000,1.2630000000000001,0.0,0.0,0.867,0.0,0.0
27853,2025-09-02T17:00:00.000000000,1.2690000000000001,0.0,0.0,0.867,0.3232573903999611,0.0
27853,2025-09-02T18:00:00.000000000,1.266,0.0,0.0,0.845,0.0,0.0
27853,2025-09-02T19:00:00.000000000,1.274,0.0,0.0,0.8200000000000001,0.3434792942418444,0.0
27853,2025-09-02T20:00:00.000000000,1.256,0.0,0.0,0.772,0.7104042740974666,0.0
27853,2025-09-02T21:00:00.000000000,1.171,0.0,0.0,0.677,1.1019472238475556,0.0
27853,2025-09-02T22:00:00.000000000,0.957,0.0,0.0,0.45299999999999996,0.0,0.0
27853,2025-09-02T23:00:00.000000000,0.762,0.0,0.0,0.23399999999999999,1.63269893192945,0.0
27853,2025-09-03T00:00:00.000000000,0.526,0.0,0.0,0.159,0.5342685609239611,0.0
27853,2025-09-03T01:00:00.000000000,0.39,0.0,0.0,0.08499999999999999,0.8499061034994444,0.0
27853,2025-09-03T02:00:00.000000000,0.35300000000000004,0.0,0.0,0.052,0.3232573903999611,0.0
27853,2025-09-03T03:00:00.000000000,0.328,0.0,0.0,0.028,0.0,0.0
27853,2025-09-03T04:00:00.000000000,0.346,0.031,0.0,0.004,0.3235504614701334,0.0
27853,2025-09-03T05:00:00.000000000,0.324,0.018,0.0,0.003,0.0,0.0
27853,2025-09-03T06:00:00.000000000,0.314,0.018000000000000002,0.0,0.0,0.3235504614701334,0.0
27853,2025-09-03T07:00:00.000000000,0.393,0.097,0.0,0.0,0.8707141494816723,0.0
27853,2025-09-03T08:00:00.000000000,0.433,0.10500000000000001,0.0,0.0,0.6831486645714501,0.0
27853,2025-09-03T09:00:00.000000000,0.478,0.16599999999999998,0.0,0.0,0.0,0.0
27853,2025-09-03T10:00:00.000000000,0.481,0.17900000000000002,0.0,0.0,0.3235504614701334,0.0
27853,2025-09-03T11:00:00.000000000,0.387,0.086,0.0,0.0,0.3440654363821889,0.0
27853,2025-09-03T12:00:00.000000000,0.381,0.041,0.0,0.03900000000000001,1.6136493123682556,0.0
27853,2025-09-03T13:00:00.000000000,0.402,0.0,0.0,0.103,0.0,0.0
27853,2025-09-03T14:00:00.000000000,0.458,0.0,0.0,0.158,0.3235504614701334,0.0
27853,2025-09-03T15:00:00.000000000,0.698,0.0,0.0,0.39699999999999996,0.0,0.0
27853,2025-09-03T16:00:00.000000000,0.906,0.0,0.0,0.6030000000000001,0.3232573903999611,0.0
27853,2025-09-03T17:00:00.000000000,1.042,0.0,0.0,0.7410000000000001,0.0,0.0
27853,2025-09-03T18:00:00.000000000,1.528,0.0,0.0,0.7729999999999999,0.3232573903999611,0.0
27853,2025-09-03T19:00:00.000000000,1.249,0.0,0.0,0.762,0.0,0.0
27853,2025-09-03T20:00:00.000000000,1.218,0.0,0.0,0.7349999999999999,0.3232573903999611,0.0
27853,2025-09-03T21:00:00.000000000,1.3980000000000001,0.0,0.0,0.588,0.33791094390857224,0.0
27853,2025-09-03T22:00:00.000000000,1.348,0.0,0.0,0.398,1.0638479847251667,0.0
27853,2025-09-03T23:00:00.000000000,0.659,0.0,0.0,0.179,1.773666116682289,0.0
27853,2025-09-04T00:00:00.000000000,0.429,0.0,0.0,0.11099999999999999,0.7347291729217612,0.0
27853,2025-09-04T01:00:00.000000000,0.36000000000000004,0.0,0.0,0.055,0.18258327671729443,0.0
27853,2025-09-04T02:00:00.000000000,0.31799999999999995,0.013000000000000001,0.0,0.003,0.14067411368266666,0.0
27853,2025-09-04T03:00:00.000000000,0.405,0.105,0.0,0.0,0.3440654363821889,0.0
27853,2025-09-04T04:00:00.000000000,0.547,0.23700000000000002,0.0,0.0,0.3235504614701334,0.0
27853,2025-09-04T05:00:00.000000000,0.487,0.18500000000000003,0.0,0.0,0.0,0.0
27853,2025-09-04T06:00:00.000000000,0.471,0.19099999999999998,0.0,0.0,0.3232573903999611,0.0
27853,2025-09-04T07:00:00.000000000,0.503,0.225,0.0,0.0,0.0,0.0
27853,2025-09-04T08:00:00.000000000,0.528,0.199,0.0,0.0,0.3235504614701334,0.0
27853,2025-09-04T09:00:00.000000000,0.554,0.254,0.0,0.0,0.0,0.0
27853,2025-09-04T10:00:00.000000000,0.535,0.23399999999999999,0.0,0.0,0.7350222439919334,0.0
27853,2025-09-04T11:00:00.000000000,0.445,0.145,0.0,0.0,0.8499061034994444,0.0
27853,2025-09-04T12:00:00.000000000,0.33099999999999996,0.008,0.0,0.022,0.6910615834661,0.0
27853,2025-09-04T13:00:00.000000000,0.40199999999999997,0.0,0.0,0.10400000000000001,0.0,0.0
27853,2025-09-04T14:00:00.000000000,0.6110000000000001,0.0,0.0,0.28700000000000003,0.3232573903999611,0.0
27853,2025-09-04T15:00:00.000000000,0.858,0.0,0.0,0.556,0.0,0.0
27853,2025-09-04T16:00:00.000000000,1.074,0.0,0.0,0.7729999999999999,0.3235504614701334,0.0
27853,2025-09-04T17:00:00.000000000,1.1239999999999999,0.0,0.0,0.824,0.3675111219959667,0.0
27853,2025-09-04T18:00:00.000000000,1.1689999999999998,0.0,0.0,0.836,0.3232573903999611,0.0
27853,2025-09-04T19:00:00.000000000,1.25,0.0,0.0,0.796,0.0,0.0
27853,2025-09-04T20:00:00.000000000,1.242,0.0,0.0,0.7589999999999999,0.3232573903999611,0.0
27853,2025-09-04T21:00:00.000000000,1.202,0.0,0.0,0.707,0.0,0.0
27853,2025-09-04T22:00:00.000000000,0.998,0.0,0.0,0.495,0.65677226825595,0.0
27853,2025-09-04T23:00:00.000000000,0.958,0.0,0.0,0.27799999999999997,0.3338079489261611,0.0
27853,2025-09-05T00:00:00.000000000,1.299,0.0,0.0,0.198,1.0937412338827333,0.0
27853,2025-09-05T01:00:00.000000000,0.57,0.0,0.0,0.107,1.0119744053046833,0.0
27853,2025-09-05T02:00:00.000000000,0.337,0.007,0.0,0.020999999999999998,0.6945784363081666,0.0
27853,2025-09-05T03:00:00.000000000,0.47600000000000003,0.175,0.0,0.0,0.0,0.0
27853,2025-09-05T04:00:00.000000000,0.814,0.505,0.0,0.0,0.3232573903999611,0.0
27853,2025-09-05T05:00:00.000000000,0.823,0.522,0.0,0.0,0.0,0.0
27853,2025-09-05T06:00:00.000000000,0.784,0.488,0.0,0.0,0.3235504614701334,0.0
27853,2025-09-05T07:00:00.000000000,1.081,0.361,0.0,0.006,0.0,0.0
27853,2025-09-05T08:00:00.000000000,2.34,0.0,0.0,0.068,1.647059414367889,0.0
27853,2025-09-05T09:00:00.000000000,2.399,0.0,0.0,0.121,0.34553079173305,0.0
27853,2025-09-05T10:00:00.000000000,1.2349999999999999,0.031,0.0,0.061,0.3235504614701334,0.0
27853,2025-09-05T11:00:00.000000000,0.384,0.082,0.0,0.0,1.0606242029532722,0.0
27853,2025-09-05T12:00:00.000000000,0.33699999999999997,0.016,0.0,0.020999999999999998,0.9935109278838333,0.0
27853,2025-09-05T13:00:00.000000000,0.40499999999999997,0.0,0.0,0.107,0.6907685123959277,0.0
27853,2025-09-05T14:00:00.000000000,0.6440000000000001,0.0,0.0,0.34400000000000003,0.0,0.0
27853,2025-09-05T15:00:00.000000000,0.9199999999999999,0.0,0.0,0.6180000000000001,0.3235504614701334,0.0
27853,2025-09-05T16:00:00.000000000,1.068,0.0,0.0,0.7670000000000001,0.0,0.0
27853,2025-09-05T17:00:00.000000000,1.094,0.0,0.0,0.7929999999999999,0.3232573903999611,0.0
27853,2025-09-05T18:00:00.000000000,1.168,0.0,0.0,0.804,0.0,0.0
27853,2025-09-05T19:00:00.000000000,1.097,0.0,0.0,0.788,0.3232573903999611,0.0
27853,2025-09-05T20:00:00.000000000,2.104,0.0,0.0,0.752,0.36663190878545,0.0
27853,2025-09-05T21:00:00.000000000,1.691,0.0,0.0,0.7109999999999999,0.3229643193297889,0.0
27853,2025-09-05T22:00:00.000000000,1.006,0.0,0.0,0.502,0.8501991745696166,0.0
27853,2025-09-05T23:00:00.000000000,0.7970000000000002,0.0,0.0,0.269,0.3232573903999611,0.0
27853,2025-09-06T00:00:00.000000000,0.581,0.0,0.0,0.16,0.3440654363821889,0.0
27853,2025-09-06T01:00:00.000000000,0.37100000000000005,0.0,0.0,0.066,0.3440654363821889,0.0
27853,2025-09-06T02:00:00.000000000,0.359,0.053,0.0,0.003,0.0,0.0
27853,2025-09-06T03:00:00.000000000,0.589,0.28900000000000003,0.0,0.0,1.1740427071099224,0.0
27853,2025-09-06T04:00:00.000000000,0.87,0.56,0.0,0.0,0.3235504614701334,0.0
27853,2025-09-06T05:00:00.000000000,0.9189999999999999,0.619,0.0,0.0,0.3232573903999611,0.0
27853,2025-09-06T06:00:00.000000000,0.896,0.601,0.0,0.0,0.0,0.0
27853,2025-09-06T07:00:00.000000000,0.885,0.59,0.0,0.0,0.3235504614701334,0.0
27853,2025-09-06T08:00:00.000000000,0.868,0.537,0.0,0.0,0.0,0.0
27853,2025-09-06T09:00:00.000000000,0.9229999999999999,0.5660000000000001,0.0,0.0,1.13682268119805,0.0
27853,2025-09-06T10:00:00.000000000,0.7520000000000001,0.45099999999999996,0.0,0.0,0.32355046147013333,0.0
27853,2025-09-06T11:00:00.000000000,0.485,0.18400000000000002,0.0,0.0,0.0,0.0
27853,2025-09-06T12:00:00.000000000,0.346,0.0,0.0,0.046,0.3232573903999611,0.0
27853,2025-09-06T13:00:00.000000000,0.45999999999999996,0.0,0.0,0.162,0.3440654363821889,0.0
27853,2025-09-06T14:00:00.000000000,0.6639999999999999,0.0,0.0,0.363,0.3232573903999611,0.0
27853,2025-09-06T15:00:00.000000000,0.887,0.0,0.0,0.5850000000000001,0.0,0.0
27853,2025-09-06T16:00:00.000000000,1.046,0.0,0.0,0.744,0.3235504614701334,0.0
27853,2025-09-06T17:00:00.000000000,1.174,0.0,0.0,0.77,0.0,0.0
27853,2025-09-06T18:00:00.000000000,1.1769999999999998,0.0,0.0,0.7569999999999999,0.3232573903999611,0.0
27853,2025-09-06T19:00:00.000000000,1.198,0.0,0.0,0.7429999999999999,0.0,0.0
27853,2025-09-06T20:00:00.000000000,1.2009999999999998,0.0,0.0,0.718,0.3232573903999611,0.0
27853,2025-09-06T21:00:00.000000000,1.0739999999999998,0.0,0.0,0.5800000000000001,0.3235504614701334,0.0
27853,2025-09-06T22:00:00.000000000,0.8789999999999999,0.0,0.0,0.37600000000000006,0.3440654363821889,0.0
27853,2025-09-06T23:00:00.000000000,0.666,0.0,0.0,0.186,0.6907685123959277,0.0
27853,2025-09-07T00:00:00.000000000,0.42700000000000005,0.0,0.0,0.10700000000000001,0.3235504614701334,0.0
27853,2025-09-07T01:00:00.000000000,0.382,0.044,0.0,0.032,1.1945576820219779,0.0
27853,2025-09-07T02:00:00.000000000,0.479,0.177,0.0,0.0,0.3232573903999611,0.0
27853,2025-09-07T03:00:00.000000000,0.706,0.40599999999999997,0.0,0.0,0.3232573903999611,0.0
27853,2025-09-07T04:00:00.000000000,1.115,0.8049999999999999,0.0,0.0,0.0,0.0
27853,2025-09-07T05:00:00.000000000,1.199,0.8979999999999999,0.0,0.0,0.3235504614701334,0.0
27853,2025-09-07T06:00:00.000000000,1.291,0.994,0.0,0.0,0.0,0.0
27853,2025-09-07T07:00:00.000000000,1.431,1.135,0.0,0.0,1.1749219203204389,0.0
27853,2025-09-07T08:00:00.000000000,1.5259999999999998,1.198,0.0,0.0,1.5872729160527554,0.0
27853,2025-09-07T09:00:00.000000000,1.506,1.1260000000000001,0.0,0.0,0.9389997088318001,0.0
27853,2025-09-07T10:00:00.000000000,1.439,1.041,0.0,0.0,2.6640160278655,0.0
27853,2025-09-07T11:00:00.000000000,0.8820000000000001,0.508,0.0,0.0,0.7599332849565722,0.0
27853,2025-09-07T12:00:00.000000000,0.382,0.067,0.0,0.014,0.3232573903999611,0.0
27853,2025-09-07T13:00:00.000000000,0.446,0.0,0.0,0.147,0.3352733042770223,0.0
27853,2025-09-07T14:00:00.000000000,0.683,0.0,0.0,0.38299999999999995,0.3232573903999611,0.0
27853,2025-09-07T15:00:00.000000000,0.86,0.0,0.0,0.558,1.2689977338457221,0.0
27853,2025-09-07T16:00:00.000000000,1.074,0.0,0.0,0.7729999999999999,0.3232573903999611,0.0
27853,2025-09-07T17:00:00.000000000,1.133,0.0,0.0,0.832,0.0,0.0
27853,2025-09-07T18:00:00.000000000,1.106,0.0,0.0,0.802,0.3232573903999611,0.0
27853,2025-09-07T19:00:00.000000000,2.6020000000000003,0.0,0.0,0.7849999999999999,0.0,0.0
27853,2025-09-07T20:00:00.000000000,1.244,0.0,0.0,0.76,0.3232573903999611,0.0
27853,2025-09-07T21:00:00.000000000,1.559,0.0,0.0,0.644,0.0,0.0
27853,2025-09-07T22:00:00.000000000,1.983,0.0,0.0,0.508,0.3235504614701334,0.0
27853,2025-09-07T23:00:00.000000000,0.7490000000000001,0.0,0.0,0.22000000000000003,2.1804487620813333,0.0
27853,2025-09-08T00:00:00.000000000,0.45999999999999996,0.0,0.0,0.14,0.6881308727643778,0.0
27853,2025-09-08T01:00:00.000000000,0.36700000000000005,0.0,0.0,0.06099999999999999,0.3232573903999611,0.0
27853,2025-09-08T02:00:00.000000000,0.33399999999999996,0.028999999999999998,0.0,0.004,0.0,0.0
27853,2025-09-08T03:00:00.000000000,0.522,0.222,0.0,0.0,0.7892403919737945,0.0
27853,2025-09-08T04:00:00.000000000,0.7789999999999999,0.469,0.0,0.0,0.3232573903999611,0.0
27853,2025-09-08T05:00:00.000000000,0.841,0.541,0.0,0.0,0.0,0.0
27853,2025-09-08T06:00:00.000000000,0.9420000000000001,0.655,0.0,0.0,0.3235504614701334,0.0
27853,2025-09-08T07:00:00.000000000,1.034,0.756,0.0,0.0,0.0,0.0
27853,2025-09-08T08:00:00.000000000,1.1869999999999998,0.858,0.0,0.0,0.3235504614701334,0.0
27853,2025-09-08T09:00:00.000000000,1.305,0.925,0.0,0.0,0.0,0.0
27853,2025-09-08T10:00:00.000000000,1.3769999999999998,0.9790000000000001,0.0,0.0,3.113587049509689,0.0
27853,2025-09-08T11:00:00.000000000,1.2000000000000002,0.34299999999999997,0.0,0.04,1.1971953216535278,0.0
27853,2025-09-08T12:00:00.000000000,0.521,0.0,0.0,0.095,0.3440654363821889,0.0
27853,2025-09-08T13:00:00.000000000,1.1680000000000001,0.0,0.0,0.352,0.3440654363821889,0.0
27853,2025-09-08T14:00:00.000000000,1.588,0.0,0.0,0.671,0.0,0.0
27853,2025-09-08T15:00:00.000000000,1.2169999999999999,0.0,0.0,0.816,0.3235504614701334,0.0
27853,2025-09-08T16:00:00.000000000,1.24,0.0,0.0,0.844,0.0,0.0
27853,2025-09-08T17:00:00.000000000,1.25,0.0,0.0,0.848,0.3232573903999611,0.0
27853,2025-09-08T18:00:00.000000000,1.258,0.0,0.0,0.836,2.0638064761527892,0.0
27853,2025-09-08T19:00:00.000000000,1.283,0.0,0.0,0.828,2.9160571482136106,0.0
27853,2025-09-08T20:00:00.000000000,1.295,0.0,0.0,0.81,0.6907685123959277,0.0
27853,2025-09-08T21:00:00.000000000,1.234,0.0,0.0,0.739,0.3672180509257944,0.0
27853,2025-09-08T22:00:00.000000000,1.0230000000000001,0.0,0.0,0.521,0.3232573903999611,0.0
27853,2025-09-08T23:00:00.000000000,0.867,0.0,0.0,0.338,0.0,0.0
27853,2025-09-09T00:00:00.000000000,0.68,0.0,0.0,0.22999999999999998,0.3235504614701334,0.0
27853,2025-09-09T01:00:00.000000000,0.479,0.0,0.0,0.146,0.3440654363821889,0.0
27853,2025-09-09T02:00:00.000000000,0.374,0.0,0.0,0.072,0.0,0.0
27853,2025-09-09T03:00:00.000000000,0.316,0.0,0.0,0.015,0.3235504614701334,0.0
27853,2025-09-09T04:00:00.000000000,0.47400000000000003,0.165,0.0,0.0,0.0,0.0
27853,2025-09-09T05:00:00.000000000,0.5690000000000001,0.269,0.0,0.0,0.3235504614701334,0.0
27853,2025-09-09T06:00:00.000000000,0.688,0.416,0.0,0.0,0.0,0.0
27853,2025-09-09T07:00:00.000000000,0.7469999999999999,0.46799999999999997,0.0,0.0,0.3232573903999611,0.0
27853,2025-09-09T08:00:00.000000000,0.7789999999999999,0.45,0.0,0.0,0.0,0.0
27853,2025-09-09T09:00:00.000000000,0.736,0.424,0.0,0.0,0.3235504614701334,0.0
27853,2025-09-09T10:00:00.000000000,0.636,0.334,0.0,0.0,0.3440654363821889,0.0
27853,2025-09-09T11:00:00.000000000,0.423,0.11699999999999999,0.0,0.002,0.6881308727643778,0.0
27853,2025-09-09T12:00:00.000000000,0.357,0.0,0.0,0.057999999999999996,0.0,0.0
27853,2025-09-09T13:00:00.000000000,0.417,0.0,0.0,0.11800000000000001,0.3235504614701334,0.0
27853,2025-09-09T14:00:00.000000000,0.469,0.0,0.0,0.16799999999999998,0.0,0.0
27853,2025-09-09T15:00:00.000000000,0.556,0.0,0.0,0.23099999999999998,0.3232573903999611,0.0
27853,2025-09-09T16:00:00.000000000,0.7069999999999999,0.0,0.0,0.31300000000000006,0.0,0.0
27853,2025-09-09T17:00:00.000000000,0.8049999999999999,0.0,0.0,0.40299999999999997,0.3235504614701334,0.0
27853,2025-09-09T18:00:00.000000000,0.907,0.0,0.0,0.487,0.0,0.0
27853,2025-09-09T19:00:00.000000000,0.993,0.0,0.0,0.538,0.3235504614701334,0.0
27853,2025-09-09T20:00:00.000000000,1.0430000000000001,0.0,0.0,0.56,0.0,0.0
27853,2025-09-09T21:00:00.000000000,1.572,0.0,0.0,0.484,1.46916527477335,0.0
27853,2025-09-09T22:00:00.000000000,0.911,0.0,0.0,0.327,0.6881308727643778,0.0
27853,2025-09-09T23:00:00.000000000,2.406,0.0,0.0,0.298,0.69369922309765,0.0
27853,2025-09-10T00:00:00.000000000,0.6519999999999999,0.0,0.0,0.139,0.6667366846418057,0.0
27853,2025-09-10T01:00:00.000000000,0.36800000000000005,0.0,0.0,0.06199999999999999,0.3235504614701334,0.0
27853,2025-09-10T02:00:00.000000000,0.32599999999999996,0.017,0.0,0.005,0.0,0.0
27853,2025-09-10T03:00:00.000000000,0.447,0.147,0.0,0.0,0.3235504614701334,0.0
27853,2025-09-10T04:00:00.000000000,0.726,0.416,0.0,0.0,0.0,0.0
27853,2025-09-10T05:00:00.000000000,0.808,0.507,0.0,0.0,0.3232573903999611,0.0
27853,2025-09-10T06:00:00.000000000,0.915,0.618,0.0,0.0,0.0,0.0
27853,2025-09-10T07:00:00.000000000,1.052,0.756,0.0,0.0,0.3235504614701334,0.0
27853,2025-09-10T08:00:00.000000000,1.164,0.867,0.0,0.0,0.0,0.0
27853,2025-09-10T09:00:00.000000000,1.315,0.947,0.0,0.0,1.6039779670525722,0.0
27853,2025-09-10T10:00:00.000000000,1.141,0.743,0.0,0.0,1.201298316635939,0.0
27853,2025-09-10T11:00:00.000000000,0.5479999999999999,0.222,0.0,0.0,0.0,0.0
27853,2025-09-10T12:00:00.000000000,0.40099999999999997,0.0,0.0,0.101,0.3235504614701334,0.0
27853,2025-09-10T13:00:00.000000000,0.633,0.0,0.0,0.335,0.3440654363821889,0.0
27853,2025-09-10T14:00:00.000000000,0.9410000000000001,0.0,0.0,0.6400000000000001,0.7121627005185001,0.0
27853,2025-09-10T15:00:00.000000000,1.176,0.0,0.0,0.875,0.3235504614701334,0.0
27853,2025-09-10T16:00:00.000000000,1.216,0.0,0.0,0.914,0.0,0.0
27853,2025-09-10T17:00:00.000000000,1.226,0.0,0.0,0.9259999999999999,0.3232573903999611,0.0
27853,2025-09-10T18:00:00.000000000,1.2129999999999999,0.0,0.0,0.91,0.0,0.0
27853,2025-09-10T19:00:00.000000000,1.338,0.0,0.0,0.914,1.4870426100538556,0.0
27853,2025-09-10T20:00:00.000000000,1.376,0.0,0.0,0.892,0.6966299337993722,0.0
27853,2025-09-10T21:00:00.000000000,1.326,0.0,0.0,0.8320000000000001,0.0,0.0
27853,2025-09-10T22:00:00.000000000,1.246,0.0,0.0,0.7430000000000001,0.3232573903999611,0.0
27853,2025-09-10T23:00:00.000000000,1.022,0.0,0.0,0.494,1.5696886518424222,0.0
27853,2025-09-11T00:00:00.000000000,0.667,0.0,0.0,0.3,0.7356083861322777,0.0
27853,2025-09-11T01:00:00.000000000,0.485,0.0,0.0,0.17900000000000002,0.2995186337160111,0.0
27853,2025-09-11T02:00:00.000000000,0.37500000000000006,0.0,0.0,0.073,0.3232573903999611,0.0
27853,2025-09-11T03:00:00.000000000,0.359,0.055,0.0,0.004,0.3440654363821889,0.0
27853,2025-09-11T04:00:00.000000000,0.655,0.346,0.0,0.0,0.0,0.0
27853,2025-09-11T05:00:00.000000000,0.754,0.453,0.0,0.0,0.3232573903999611,0.0
27853,2025-09-11T06:00:00.000000000,0.867,0.5710000000000001,0.0,0.0,0.0,0.0
27853,2025-09-11T07:00:00.000000000,1.0030000000000001,0.716,0.0,0.0,0.3235504614701334,0.0
27853,2025-09-11T08:00:00.000000000,1.17,0.875,0.0,0.0,0.0,0.0
27853,2025-09-11T09:00:00.000000000,1.2510000000000001,0.951,0.0,0.0,0.3235504614701334,0.0
27853,2025-09-11T10:00:00.000000000,1.064,0.763,0.0,0.0,0.0,0.0
27853,2025-09-11T11:00:00.000000000,0.5229999999999999,0.216,0.0,0.005,0.3440654363821889,0.0
27853,2025-09-11T12:00:00.000000000,0.45799999999999996,0.0,0.0,0.157,0.3235504614701334,0.0
27853,2025-09-11T13:00:00.000000000,0.7869999999999999,0.0,0.0,0.488,0.0,0.0
27853,2025-09-11T14:00:00.000000000,1.178,0.0,0.0,0.878,0.3232573903999611,0.0
27853,2025-09-11T15:00:00.000000000,2.394,0.0,0.0,1.054,0.0,0.0
27853,2025-09-11T16:00:00.000000000,1.4579999999999997,0.0,0.0,1.064,0.3232573903999611,0.0
27853,2025-09-11T17:00:00.000000000,1.4649999999999999,0.0,0.0,1.064,0.0,0.0
27853,2025-09-11T18:00:00.000000000,1.467,0.0,0.0,1.0470000000000002,0.3226712482596167,0.0
27853,2025-09-11T19:00:00.000000000,1.467,0.0,0.0,1.0110000000000001,0.34318622317167224,0.0
27853,2025-09-11T20:00:00.000000000,1.774,0.0,0.0,0.976,0.34553079173305,0.0
27853,2025-09-11T21:00:00.000000000,1.991,0.0,0.0,0.8999999999999999,0.6720119639049056,0.0
27853,2025-09-11T22:00:00.000000000,1.312,0.0,0.0,0.8089999999999999,1.509902153527289,0.0
27853,2025-09-11T23:00:00.000000000,1.266,0.0,0.0,0.738,1.0826045332161889,0.0
27853,2025-09-12T00:00:00.000000000,0.9339999999999999,0.0,0.0,0.484,1.6379742111925502,0.0
27853,2025-09-12T01:00:00.000000000,0.655,0.0,0.0,0.3,0.7895334630439667,0.0
27853,2025-09-12T02:00:00.000000000,0.495,0.0,0.0,0.18700000000000003,0.3235504614701334,0.0
27853,2025-09-12T03:00:00.000000000,0.41000000000000003,0.0,0.0,0.109,0.0,0.0
27853,2025-09-12T04:00:00.000000000,0.34500000000000003,0.0,0.0,0.035,0.3235504614701334,0.0
27853,2025-09-12T05:00:00.000000000,0.314,0.004,0.0,0.009000000000000001,0.0,0.0
27853,2025-09-12T06:00:00.000000000,0.447,0.151,0.0,0.0,0.3232573903999611,0.0
27853,2025-09-12T07:00:00.000000000,0.5980000000000001,0.30300000000000005,0.0,0.0,0.0,0.0
27853,2025-09-12T08:00:00.000000000,0.679,0.382,0.0,0.0,0.3235504614701334,0.0
27853,2025-09-12T09:00:00.000000000,0.7089999999999999,0.41000000000000003,0.0,0.0,0.0,0.0
27853,2025-09-12T10:00:00.000000000,0.586,0.285,0.0,0.0,0.3235504614701334,0.0
27853,2025-09-12T11:00:00.000000000,0.364,0.012,0.0,0.052,0.0,0.0
27853,2025-09-12T12:00:00.000000000,0.5800000000000001,0.0,0.0,0.281,0.3232573903999611,0.0
27853,2025-09-12T13:00:00.000000000,0.9380000000000001,0.0,0.0,0.639,0.0,0.0
27853,2025-09-12T14:00:00.000000000,1.27,0.0,0.0,0.968,0.3235504614701334,0.0
27853,2025-09-12T15:00:00.000000000,1.356,0.0,0.0,1.0550000000000002,0.0,0.0
27853,2025-09-12T16:00:00.000000000,1.398,0.0,0.0,1.098,0.3232573903999611,0.0
27853,2025-09-12T17:00:00.000000000,1.39,0.0,0.0,1.09,0.0,0.0
27853,2025-09-12T18:00:00.000000000,1.361,0.0,0.0,1.058,0.3226712482596167,0.0
27853,2025-09-12T19:00:00.000000000,1.4320000000000002,0.0,0.0,1.046,0.0,0.0
27853,2025-09-12T20:00:00.000000000,1.321,0.0,0.0,1.006,0.3226712482596167,0.0
27853,2025-09-12T21:00:00.000000000,1.227,0.0,0.0,0.9139999999999999,0.0,0.0
27853,2025-09-12T22:00:00.000000000,1.138,0.0,0.0,0.8240000000000001,0.0,0.0
27853,2025-09-12T23:00:00.000000000,1.0710000000000002,0.0,0.0,0.734,1.6411979929644445,0.0
27853,2025-09-13T00:00:00.000000000,0.8010000000000002,0.0,0.0,0.482,0.3235504614701334,0.0
27853,2025-09-13T01:00:00.000000000,0.605,0.0,0.0,0.299,0.0,0.0
27853,2025-09-13T02:00:00.000000000,0.476,0.0,0.0,0.17400000000000002,0.3235504614701334,0.0
27853,2025-09-13T03:00:00.000000000,0.379,0.0,0.0,0.079,0.0,0.0
27853,2025-09-13T04:00:00.000000000,0.39399999999999996,0.076,0.0,0.008,0.3232573903999611,0.0
27853,2025-09-13T05:00:00.000000000,0.478,0.178,0.0,0.0,0.0,0.0
27853,2025-09-13T06:00:00.000000000,0.6319999999999999,0.335,0.0,0.0,0.3235504614701334,0.0
27853,2025-09-13T07:00:00.000000000,1.19,0.44700000000000006,0.0,0.003,1.6992260648585444,0.0
27853,2025-09-13T08:00:00.000000000,0.965,0.6719999999999999,0.0,0.0,0.34553079173305,0.0
27853,2025-09-13T09:00:00.000000000,1.081,0.78,0.0,0.0,0.3232573903999611,0.0
27853,2025-09-13T10:00:00.000000000,0.94,0.639,0.0,0.0,0.0,0.0
27853,2025-09-13T11:00:00.000000000,0.48600000000000004,0.176,0.0,0.008,0.6881308727643778,0.0
27853,2025-09-13T12:00:00.000000000,0.45999999999999996,0.0,0.0,0.16,0.0,0.0
27853,2025-09-13T13:00:00.000000000,0.8079999999999999,0.0,0.0,0.51,0.3235504614701334,0.0
27853,2025-09-13T14:00:00.000000000,1.18,0.0,0.0,0.879,0.3232573903999611,0.0
27853,2025-09-13T15:00:00.000000000,1.326,0.0,0.0,1.025,0.0,0.0
27853,2025-09-13T16:00:00.000000000,1.375,0.0,0.0,1.073,0.3229643193297889,0.0
27853,2025-09-13T17:00:00.000000000,1.392,0.0,0.0,1.092,0.0,0.0
27853,2025-09-13T18:00:00.000000000,1.384,0.0,0.0,1.08,0.0,0.0
27853,2025-09-13T19:00:00.000000000,1.352,0.0,0.0,1.042,0.3226712482596167,0.0
27853,2025-09-13T20:00:00.000000000,1.428,0.0,0.0,0.982,0.0,0.0
27853,2025-09-13T21:00:00.000000000,1.3880000000000001,0.0,0.0,0.8929999999999999,0.3229643193297889,0.0
27853,2025-09-13T22:00:00.000000000,1.297,0.0,0.0,0.792,0.0,0.0
27853,2025-09-13T23:00:00.000000000,1.8579999999999999,0.0,0.0,0.6900000000000001,0.7781036913072501,0.0
27853,2025-09-14T00:00:00.000000000,1.047,0.0,0.0,0.409,2.656396180041022,0.0
27853,2025-09-14T01:00:00.000000000,0.5569999999999999,0.0,0.0,0.252,0.5580073176079111,0.0
27853,2025-09-14T02:00:00.000000000,0.44799999999999995,0.0,0.0,0.146,0.3235504614701334,0.0
27853,2025-09-14T03:00:00.000000000,0.35600000000000004,0.0,0.0,0.055,0.0,0.0
27853,2025-09-14T04:00:00.000000000,0.461,0.148,0.0,0.003,0.3232573903999611,0.0
27853,2025-09-14T05:00:00.000000000,0.5680000000000001,0.266,0.0,0.0,0.0,0.0
27853,2025-09-14T06:00:00.000000000,0.7070000000000001,0.434,0.0,0.0,0.3235504614701334,0.0
27853,2025-09-14T07:00:00.000000000,0.89,0.6110000000000001,0.0,0.0,0.0,0.0
27853,2025-09-14T08:00:00.000000000,1.086,0.7909999999999999,0.0,0.0,0.3235504614701334,0.0
27853,2025-09-14T09:00:00.000000000,1.185,0.885,0.0,0.0,0.0,0.0
27853,2025-09-14T10:00:00.000000000,1.07,0.7690000000000001,0.0,0.0,0.6881308727643778,0.0
27853,2025-09-14T11:00:00.000000000,0.573,0.271,0.0,0.0,0.7121627005185001,0.0
27853,2025-09-14T12:00:00.000000000,0.40299999999999997,0.0,0.0,0.103,0.3235504614701334,0.0
27853,2025-09-14T13:00:00.000000000,0.661,0.0,0.0,0.36200000000000004,0.0,0.0
27853,2025-09-14T14:00:00.000000000,0.94,0.0,0.0,0.6380000000000001,0.3232573903999611,0.0
27853,2025-09-14T15:00:00.000000000,1.172,0.0,0.0,0.871,0.0,0.0
27853,2025-09-14T16:00:00.000000000,1.2049999999999998,0.0,0.0,0.904,0.3232573903999611,0.0
27853,2025-09-14T17:00:00.000000000,1.189,0.0,0.0,0.862,0.0,0.0
27853,2025-09-14T18:00:00.000000000,1.256,0.0,0.0,0.836,0.3232573903999611,0.0
27853,2025-09-14T19:00:00.000000000,1.2289999999999999,0.0,0.0,0.774,0.0,0.0
27853,2025-09-14T20:00:00.000000000,1.191,0.0,0.0,0.7070000000000001,0.3232573903999611,0.0
27853,2025-09-14T21:00:00.000000000,1.053,0.0,0.0,0.558,0.0,0.0
27853,2025-09-14T22:00:00.000000000,0.8560000000000001,0.0,0.0,0.35200000000000004,0.3235504614701334,0.0
27853,2025-09-14T23:00:00.000000000,0.541,0.0,0.0,0.157,0.7904126762544834,0.0
27853,2025-09-15T00:00:00.000000000,0.41200000000000003,0.0,0.0,0.094,0.3440654363821889,0.0
27853,2025-09-15T01:00:00.000000000,0.34600000000000003,0.013,0.0,0.027000000000000003,1.272514586687789,0.0
27853,2025-09-15T02:00:00.000000000,0.33099999999999996,0.026000000000000002,0.0,0.003,0.3232573903999611,0.0
27853,2025-09-15T03:00:00.000000000,0.383,0.082,0.0,0.0,0.3232573903999611,0.0
27853,2025-09-15T04:00:00.000000000,0.542,0.23099999999999998,0.0,0.0,0.0,0.0
27853,2025-09-15T05:00:00.000000000,0.512,0.21099999999999997,0.0,0.0,0.3235504614701334,0.0
27853,2025-09-15T06:00:00.000000000,0.501,0.205,0.0,0.0,0.0,0.0
27853,2025-09-15T07:00:00.000000000,0.528,0.23199999999999998,0.0,0.0,0.3235504614701334,0.0
27853,2025-09-15T08:00:00.000000000,0.56,0.262,0.0,0.0,0.3232573903999611,0.0
27853,2025-09-15T09:00:00.000000000,0.578,0.277,0.0,0.0,0.0,0.0
27853,2025-09-15T10:00:00.000000000,0.547,0.246,0.0,0.0,0.3235504614701334,0.0
27853,2025-09-15T11:00:00.000000000,1.936,0.043,0.0,0.129,0.0,0.0
27853,2025-09-15T12:00:00.000000000,2.605,0.0,0.0,0.271,0.3235504614701334,0.0
27853,2025-09-15T13:00:00.000000000,1.129,0.0,0.0,0.31399999999999995,0.0,0.0
27853,2025-09-15T14:00:00.000000000,0.865,0.0,0.0,0.466,0.3232573903999611,0.0
27853,2025-09-15T15:00:00.000000000,1.024,0.0,0.0,0.623,0.0,0.0
27853,2025-09-15T16:00:00.000000000,1.098,0.0,0.0,0.7030000000000001,0.3440654363821889,0.0
27853,2025-09-15T17:00:00.000000000,1.1219999999999999,0.0,0.0,0.72,0.6910615834661,0.0
27853,2025-09-15T18:00:00.000000000,1.118,0.0,0.0,0.6970000000000001,0.0,0.0
27853,2025-09-15T19:00:00.000000000,1.5839999999999999,0.0,0.0,0.676,1.056228136900689,0.0
27853,2025-09-15T20:00:00.000000000,1.03,0.0,0.0,0.546,0.3235504614701334,0.0
27853,2025-09-15T21:00:00.000000000,0.875,0.0,0.0,0.38000000000000006,0.3235504614701334,0.0
27853,2025-09-15T22:00:00.000000000,0.7349999999999999,0.0,0.0,0.23099999999999998,0.6485662782911279,0.0
27853,2025-09-15T23:00:00.000000000,0.595,0.007,0.0,0.061,0.0,0.0
27853,2025-09-16T00:00:00.000000000,0.514,0.049,0.0,0.015,0.3232573903999611,0.0
27853,2025-09-16T01:00:00.000000000,0.531,0.176,0.0,0.0,0.3235504614701334,0.0
27853,2025-09-16T02:00:00.000000000,0.681,0.372,0.0,0.0,0.0,0.0
27853,2025-09-16T03:00:00.000000000,0.77,0.47,0.0,0.0,0.3235504614701334,0.0
27853,2025-09-16T04:00:00.000000000,0.9319999999999999,0.6220000000000001,0.0,0.0,0.0,0.0
27853,2025-09-16T05:00:00.000000000,0.8500000000000001,0.548,0.0,0.0,0.3232573903999611,0.0
27853,2025-09-16T06:00:00.000000000,0.829,0.532,0.0,0.0,0.0,0.0
27853,2025-09-16T07:00:00.000000000,0.851,0.555,0.0,0.0,0.3235504614701334,0.0
27853,2025-09-16T08:00:00.000000000,0.865,0.5670000000000001,0.0,0.0,0.0,0.0
27853,2025-09-16T09:00:00.000000000,0.868,0.568,0.0,0.0,0.3235504614701334,0.0
27853,2025-09-16T10:00:00.000000000,0.774,0.473,0.0,0.0,0.1989952566469389,0.0
27853,2025-09-16T11:00:00.000000000,0.497,0.126,0.0,0.0,0.8545952406222,0.0
27853,2025-09-16T12:00:00.000000000,0.465,0.0,0.0,0.073,1.4577355030366332,0.0
27853,2025-09-16T13:00:00.000000000,0.6619999999999999,0.0,0.0,0.267,0.0,0.0
27853,2025-09-16T14:00:00.000000000,0.879,0.0,0.0,0.48,0.3232573903999611,0.0
27853,2025-09-16T15:00:00.000000000,1.091,0.0,0.0,0.69,0.0,0.0
27853,2025-09-16T16:00:00.000000000,1.212,0.0,0.0,0.815,0.3232573903999611,0.0
27853,2025-09-16T17:00:00.000000000,1.257,0.0,0.0,0.854,0.3232573903999611,0.0
27853,2025-09-16T18:00:00.000000000,1.2910000000000001,0.0,0.0,0.871,0.7907057473246556,0.0
27853,2025-09-16T19:00:00.000000000,1.7349999999999999,0.0,0.0,0.859,0.0,0.0
27853,2025-09-16T20:00:00.000000000,1.328,0.0,0.0,0.8109999999999999,1.5538628140531223,0.0
27853,2025-09-16T21:00:00.000000000,1.1909999999999998,0.0,0.0,0.6960000000000001,0.34435850745236113,0.0
27853,2025-09-16T22:00:00.000000000,0.962,0.0,0.0,0.45899999999999996,1.0532974261989667,0.0
27853,2025-09-16T23:00:00.000000000,0.843,0.0,0.0,0.315,0.0,0.0
27853,2025-09-17T00:00:00.000000000,0.63,0.0,0.0,0.20899999999999996,0.7054220659045389,0.0
27853,2025-09-17T01:00:00.000000000,0.44299999999999995,0.0,0.0,0.138,0.34435850745236113,0.0
27853,2025-09-17T02:00:00.000000000,0.377,0.0,0.0,0.076,0.0,0.0
27853,2025-09-17T03:00:00.000000000,0.319,0.0,0.0,0.019,0.32325739039996115,0.0
27853,2025-09-17T04:00:00.000000000,0.557,0.247,0.0,0.0,0.0,0.0
27853,2025-09-17T05:00:00.000000000,0.6639999999999999,0.363,0.0,0.0,0.3232573903999611,0.0
27853,2025-09-17T06:00:00.000000000,0.848,0.575,0.0,0.0,0.7731214831143222,0.0
27853,2025-09-17T07:00:00.000000000,1.055,0.77,0.0,0.0,0.0,0.0
27853,2025-09-17T08:00:00.000000000,1.243,0.9470000000000001,0.0,0.0,0.3232573903999611,0.0
27853,2025-09-17T09:00:00.000000000,1.3639999999999999,1.0630000000000002,0.0,0.0,0.0,0.0
27853,2025-09-17T10:00:00.000000000,1.348,1.0470000000000002,0.0,0.0,2.011346754591961,0.0
27853,2025-09-17T11:00:00.000000000,0.71,0.40700000000000003,0.0,0.0,0.0,0.0
27853,2025-09-17T12:00:00.000000000,0.365,0.0,0.0,0.065,0.3235504614701334,0.0
27853,2025-09-17T13:00:00.000000000,0.5860000000000001,0.0,0.0,0.28700000000000003,0.0,0.0
27853,2025-09-17T14:00:00.000000000,0.871,0.0,0.0,0.5700000000000001,0.3232573903999611,0.0
27853,2025-09-17T15:00:00.000000000,1.131,0.0,0.0,0.83,0.0,0.0
27853,2025-09-17T16:00:00.000000000,1.21,0.0,0.0,0.909,0.3232573903999611,0.0
27853,2025-09-17T17:00:00.000000000,1.204,0.0,0.0,0.902,0.0,0.0
27853,2025-09-17T18:00:00.000000000,1.2690000000000001,0.0,0.0,0.876,0.3232573903999611,0.0
27853,2025-09-17T19:00:00.000000000,2.254,0.0,0.0,0.859,0.0,0.0
27853,2025-09-17T20:00:00.000000000,1.299,0.0,0.0,0.8160000000000001,0.32296431932978886,0.0
27853,2025-09-17T21:00:00.000000000,1.2289999999999999,0.0,0.0,0.734,0.0,0.0
27853,2025-09-17T22:00:00.000000000,0.974,0.0,0.0,0.471,1.177852631022161,0.0
27853,2025-09-17T23:00:00.000000000,0.7689999999999999,0.0,0.0,0.24100000000000002,1.567051012210872,0.0
27853,2025-09-18T00:00:00.000000000,0.5439999999999999,0.0,0.0,0.149,0.32325739039996115,0.0
27853,2025-09-18T01:00:00.000000000,0.35600000000000004,0.0,0.0,0.051000000000000004,0.0,0.0
27853,2025-09-18T02:00:00.000000000,0.415,0.11199999999999999,0.0,0.0,0.3235504614701334,0.0
27853,2025-09-18T03:00:00.000000000,0.687,0.38699999999999996,0.0,0.0,0.0,0.0
27853,2025-09-18T04:00:00.000000000,1.0739999999999998,0.764,0.0,0.0,0.3235504614701334,0.0
27853,2025-09-18T05:00:00.000000000,1.166,0.865,0.0,0.0,0.09788573743752223,0.0
27853,2025-09-18T06:00:00.000000000,1.284,0.988,0.0,0.0,0.22537165296243888,0.0
27853,2025-09-18T07:00:00.000000000,1.407,1.111,0.0,0.0,0.3232573903999611,0.0
27853,2025-09-18T08:00:00.000000000,1.6549999999999998,1.3339999999999999,0.0,0.0,1.6265444394558335,0.0
27853,2025-09-18T09:00:00.000000000,1.6689999999999998,1.369,0.0,0.0,0.0,0.0
27853,2025-09-18T10:00:00.000000000,1.514,1.213,0.0,0.0,0.3232573903999611,0.0
27853,2025-09-18T11:00:00.000000000,0.948,0.647,0.0,0.0,0.0,0.0
27853,2025-09-18T12:00:00.000000000,0.391,0.063,0.0,0.027,0.34435850745236113,0.0
27853,2025-09-18T13:00:00.000000000,0.54,0.0,0.0,0.24100000000000002,0.3232573903999611,0.0
27853,2025-09-18T14:00:00.000000000,0.869,0.0,0.0,0.5680000000000001,0.0,0.0
27853,2025-09-18T15:00:00.000000000,1.18,0.0,0.0,0.8800000000000001,0.3235504614701334,0.0
27853,2025-09-18T16:00:00.000000000,1.272,0.0,0.0,0.972,0.0,0.0
27853,2025-09-18T17:00:00.000000000,1.266,0.0,0.0,0.966,0.3232573903999611,0.0
27853,2025-09-18T18:00:00.000000000,1.25,0.0,0.0,0.946,0.0,0.0
27853,2025-09-18T19:00:00.000000000,1.367,0.0,0.0,0.912,0.3232573903999611,0.0
27853,2025-09-18T20:00:00.000000000,2.7399999999999998,0.0,0.0,0.862,0.0,0.0
27853,2025-09-18T21:00:00.000000000,1.248,0.0,0.0,0.753,0.3232573903999611,0.0
27853,2025-09-18T22:00:00.000000000,0.97,0.0,0.0,0.46599999999999997,0.8548883116923722,0.0
27853,2025-09-18T23:00:00.000000000,0.794,0.0,0.0,0.266,1.0362993041289779,0.0
27853,2025-09-19T00:00:00.000000000,0.584,0.0,0.0,0.161,0.34435850745236113,0.0
27853,2025-09-19T01:00:00.000000000,0.36500000000000005,0.0,0.0,0.059,1.0632618425848224,0.0
27853,2025-09-19T02:00:00.000000000,0.378,0.073,0.0,0.004,0.6919407966766167,0.0
27853,2025-09-19T03:00:00.000000000,0.5670000000000001,0.267,0.0,0.0,0.0,0.0
27853,2025-09-19T04:00:00.000000000,0.964,0.653,0.0,0.0,0.3232573903999611,0.0
27853,2025-09-19T05:00:00.000000000,1.0750000000000002,0.7749999999999999,0.0,0.0,0.0,0.0
27853,2025-09-19T06:00:00.000000000,1.184,0.887,0.0,0.0,0.3232573903999611,0.0
27853,2025-09-19T07:00:00.000000000,1.312,1.025,0.0,0.0,0.0,0.0
27853,2025-09-19T08:00:00.000000000,2.557,0.35000000000000003,0.0,0.0,0.3235504614701334,0.0
27853,2025-09-19T09:00:00.000000000,2.4939999999999998,0.216,0.0,0.0,0.0,0.0
27853,2025-09-19T10:00:00.000000000,1.585,0.40900000000000003,0.0,0.0,0.3235504614701334,0.0
27853,2025-09-19T11:00:00.000000000,0.6900000000000001,0.388,0.0,0.0,1.2235717179690278,0.0
27853,2025-09-19T12:00:00.000000000,0.362,0.0,0.0,0.061,0.9457403434457612,0.0
27853,2025-09-19T13:00:00.000000000,0.663,0.0,0.0,0.317,0.13803647405111666,0.0
27853,2025-09-19T14:00:00.000000000,0.904,0.0,0.0,0.6020000000000001,0.3232573903999611,0.0
27853,2025-09-19T15:00:00.000000000,1.2000000000000002,0.0,0.0,0.848,0.7101112030272945,0.0
27853,2025-09-19T16:00:00.000000000,1.2750000000000001,0.0,0.0,0.948,0.0,0.0
27853,2025-09-19T17:00:00.000000000,1.284,0.0,0.0,0.957,1.259619459600211,0.0
27853,2025-09-19T18:00:00.000000000,1.375,0.0,0.0,0.955,0.0,0.0
27853,2025-09-19T19:00:00.000000000,1.8079999999999998,0.0,0.0,0.9319999999999999,1.4471849445104334,0.0
27853,2025-09-19T20:00:00.000000000,1.3730000000000002,0.0,0.0,0.857,0.006154492473616667,0.0
27853,2025-09-19T21:00:00.000000000,1.08,0.0,0.0,0.7230000000000001,0.0,0.0
27853,2025-09-19T22:00:00.000000000,0.829,0.0,0.0,0.46699999999999997,0.6679089689224945,0.0
27853,2025-09-19T23:00:00.000000000,0.8069999999999999,0.0,0.0,0.27899999999999997,0.34435850745236113,0.0
27853,2025-09-20T00:00:00.000000000,0.576,0.0,0.0,0.18200000000000002,0.0,0.0
27853,2025-09-20T01:00:00.000000000,0.39,0.0,0.0,0.08499999999999999,0.3235504614701334,0.0
27853,2025-09-20T02:00:00.000000000,0.32899999999999996,0.015,0.0,0.012,0.0,0.0
27853,2025-09-20T03:00:00.000000000,0.513,0.212,0.0,0.0,0.692233867746789,0.0
27853,2025-09-20T04:00:00.000000000,0.831,0.522,0.0,0.0,0.0,0.0
27853,2025-09-20T05:00:00.000000000,0.9269999999999999,0.625,0.0,0.0,0.3232573903999611,0.0
27853,2025-09-20T06:00:00.000000000,1.037,0.7409999999999999,0.0,0.0,0.0,0.0
27853,2025-09-20T07:00:00.000000000,1.157,0.865,0.0,0.0,0.3235504614701334,0.0
27853,2025-09-20T08:00:00.000000000,1.3439999999999999,1.012,0.0,0.0,0.8173752147103278,0.0
27853,2025-09-20T09:00:00.000000000,1.379,1.08,0.0,0.0,0.3232573903999611,0.0
27853,2025-09-20T10:00:00.000000000,1.2510000000000001,0.95,0.0,0.0,0.0,0.0
27853,2025-09-20T11:00:00.000000000,0.759,0.457,0.0,0.0,0.3235504614701334,0.0
27853,2025-09-20T12:00:00.000000000,0.353,0.008,0.0,0.044,0.7921711026755166,0.0
27853,2025-09-20T13:00:00.000000000,0.6080000000000001,0.0,0.0,0.309,0.0,0.0
27853,2025-09-20T14:00:00.000000000,0.968,0.0,0.0,0.666,0.3235504614701334,0.0
27853,2025-09-20T15:00:00.000000000,1.2770000000000001,0.0,0.0,0.976,0.0,0.0
27853,2025-09-20T16:00:00.000000000,1.35,0.0,0.0,1.05,0.3232573903999611,0.0
27853,2025-09-20T17:00:00.000000000,1.38,0.0,0.0,1.08,0.0,0.0
27853,2025-09-20T18:00:00.000000000,1.3769999999999998,0.0,0.0,1.0710000000000002,0.3229643193297889,0.0
27853,2025-09-20T19:00:00.000000000,1.471,0.0,0.0,1.046,0.8255812046751501,0.0
27853,2025-09-20T20:00:00.000000000,1.438,0.0,0.0,0.955,0.0,0.0
27853,2025-09-20T21:00:00.000000000,1.31,0.0,0.0,0.8160000000000001,0.3229643193297889,0.0
27853,2025-09-20T22:00:00.000000000,1.036,0.0,0.0,0.676,0.0,0.0
27853,2025-09-20T23:00:00.000000000,0.7350000000000001,0.0,0.0,0.39799999999999996,1.0362993041289779,0.0
27853,2025-09-21T00:00:00.000000000,0.5720000000000001,0.0,0.0,0.255,0.3235504614701334,0.0
27853,2025-09-21T01:00:00.000000000,0.45099999999999996,0.0,0.0,0.146,0.6887170149047223,0.0
27853,2025-09-21T02:00:00.000000000,0.36300000000000004,0.0,0.0,0.06199999999999999,0.15386231184041668,0.0
27853,2025-09-21T03:00:00.000000000,0.34099999999999997,0.037000000000000005,0.0,0.004,0.16939507855954444,0.0
27853,2025-09-21T04:00:00.000000000,0.648,0.338,0.0,0.0,0.3232573903999611,0.0
27853,2025-09-21T05:00:00.000000000,0.76,0.459,0.0,0.0,0.0,0.0
27853,2025-09-21T06:00:00.000000000,0.899,0.6030000000000001,0.0,0.0,0.3235504614701334,0.0
27853,2025-09-21T07:00:00.000000000,1.061,0.7649999999999999,0.0,0.0,0.0,0.0
27853,2025-09-21T08:00:00.000000000,1.522,1.1909999999999998,0.0,0.0,4.510949912090845,0.0
27853,2025-09-21T09:00:00.000000000,1.885,0.565,0.0,0.0,0.0,0.0
27853,2025-09-21T10:00:00.000000000,1.1400000000000001,0.7430000000000001,0.0,0.0,0.3235504614701334,0.0
27853,2025-09-21T11:00:00.000000000,0.639,0.338,0.0,0.0,0.0,0.0
27853,2025-09-21T12:00:00.000000000,0.381,0.0,0.0,0.08,0.7215409747640111,0.0
27853,2025-09-21T13:00:00.000000000,0.6900000000000001,0.0,0.0,0.392,0.6887170149047223,0.0
27853,2025-09-21T14:00:00.000000000,1.089,0.0,0.0,0.7889999999999999,0.34435850745236113,0.0
27853,2025-09-21T15:00:00.000000000,2.372,0.0,0.0,1.032,0.3232573903999611,0.0
27853,2025-09-21T16:00:00.000000000,1.4899999999999998,0.0,0.0,1.0950000000000002,0.0,0.0
27853,2025-09-21T17:00:00.000000000,1.523,0.0,0.0,1.12,0.3229643193297889,0.0
27853,2025-09-21T18:00:00.000000000,1.5339999999999998,0.0,0.0,1.114,0.8534229563415111,0.0
27853,2025-09-21T19:00:00.000000000,1.544,0.0,0.0,1.089,0.0,0.0
27853,2025-09-21T20:00:00.000000000,2.445,0.0,0.0,1.024,0.3226712482596167,0.0
27853,2025-09-21T21:00:00.000000000,1.364,0.0,0.0,0.9139999999999999,0.0,0.0
27853,2025-09-21T22:00:00.000000000,1.3250000000000002,0.0,0.0,0.8200000000000001,0.3232573903999611,0.0
27853,2025-09-21T23:00:00.000000000,1.0979999999999999,0.0,0.0,0.7140000000000001,0.7361945282726222,0.0
27853,2025-09-22T00:00:00.000000000,0.7660000000000001,0.0,0.0,0.44699999999999995,0.34435850745236113,0.0
27853,2025-09-22T01:00:00.000000000,0.58,0.0,0.0,0.274,0.34435850745236113,0.0
27853,2025-09-22T02:00:00.000000000,0.479,0.0,0.0,0.17600000000000002,0.3235504614701334,0.0
27853,2025-09-22T03:00:00.000000000,0.401,0.0,0.0,0.09999999999999999,0.0,0.0
27853,2025-09-22T04:00:00.000000000,0.33999999999999997,0.013,0.0,0.018000000000000002,0.32355046147013333,0.0
27853,2025-09-22T05:00:00.000000000,0.378,0.077,0.0,0.0,0.0,0.0
27853,2025-09-22T06:00:00.000000000,0.532,0.236,0.0,0.0,0.3232573903999611,0.0
27853,2025-09-22T07:00:00.000000000,0.698,0.40199999999999997,0.0,0.0,0.0,0.0
27853,2025-09-22T08:00:00.000000000,0.861,0.562,0.0,0.0,0.3235504614701334,0.0
27853,2025-09-22T09:00:00.000000000,0.976,0.675,0.0,0.0,0.0,0.0
27853,2025-09-22T10:00:00.000000000,0.893,0.591,0.0,0.0,0.3235504614701334,0.0
27853,2025-09-22T11:00:00.000000000,0.531,0.14800000000000002,0.0,0.01,0.0,0.0
27853,2025-09-22T12:00:00.000000000,0.524,0.0,0.0,0.156,0.3232573903999611,0.0
27853,2025-09-22T13:00:00.000000000,0.7539999999999999,0.0,0.0,0.45499999999999996,0.0,0.0
27853,2025-09-22T14:00:00.000000000,1.1239999999999999,0.0,0.0,0.824,0.3235504614701334,0.0
27853,2025-09-22T15:00:00.000000000,1.351,0.0,0.0,1.0510000000000002,1.4709237011943834,0.0
27853,2025-09-22T16:00:00.000000000,2.8840000000000003,0.0,0.0,1.121,0.7590540717460555,0.0
27853,2025-09-22T17:00:00.000000000,2.947,0.0,0.0,1.1179999999999999,1.6737288817535614,0.0
27853,2025-09-22T18:00:00.000000000,1.429,0.0,0.0,1.07,0.0,0.0
27853,2025-09-22T19:00:00.000000000,1.325,0.0,0.0,1.016,0.3226712482596167,0.0
27853,2025-09-22T20:00:00.000000000,1.719,0.0,0.0,0.94,0.34377236531201666,0.0
27853,2025-09-22T21:00:00.000000000,1.367,0.0,0.0,0.841,1.9140471592947832,0.0
27853,2025-09-22T22:00:00.000000000,1.271,0.0,0.0,0.7690000000000001,0.0,0.0
27853,2025-09-22T23:00:00.000000000,1.101,0.0,0.0,0.573,0.3232573903999611,0.0
27853,2025-09-23T00:00:00.000000000,0.781,0.0,0.0,0.36000000000000004,0.0,0.0
27853,2025-09-23T01:00:00.000000000,0.525,0.0,0.0,0.21999999999999997,0.3235504614701334,0.0
27853,2025-09-23T02:00:00.000000000,0.43200000000000005,0.0,0.0,0.13,0.0,0.0
27853,2025-09-23T03:00:00.000000000,0.36100000000000004,0.0,0.0,0.061000000000000006,0.3235504614701334,0.0
27853,2025-09-23T04:00:00.000000000,0.39299999999999996,0.07500000000000001,0.0,0.006,0.17613571317350554,0.0
27853,2025-09-23T05:00:00.000000000,0.434,0.132,0.0,0.0,0.1474147482966278,0.0
27853,2025-09-23T06:00:00.000000000,0.517,0.221,0.0,0.0,0.3232573903999611,0.0
27853,2025-09-23T07:00:00.000000000,0.623,0.327,0.0,0.0,0.0,0.0
27853,2025-09-23T08:00:00.000000000,0.844,0.536,0.0,0.0,0.8079969404648167,0.0
27853,2025-09-23T09:00:00.000000000,0.985,0.605,0.0,0.0,0.3235504614701334,0.0
27853,2025-09-23T10:00:00.000000000,0.96,0.563,0.0,0.0,0.0,0.0
27853,2025-09-23T11:00:00.000000000,0.581,0.182,0.0,0.002,0.3235504614701334,0.0
27853,2025-09-23T12:00:00.000000000,0.486,0.0,0.0,0.094,0.0,0.0
27853,2025-09-23T13:00:00.000000000,0.663,0.0,0.0,0.27,1.362194334160489,0.0
27853,2025-09-23T14:00:00.000000000,0.9189999999999999,0.0,0.0,0.52,0.6676158978523222,0.0
27853,2025-09-23T15:00:00.000000000,1.103,0.0,0.0,0.702,0.32355046147013333,0.0
27853,2025-09-23T16:00:00.000000000,1.173,0.0,0.0,0.7770000000000001,0.0,0.0
27853,2025-09-23T17:00:00.000000000,1.185,0.0,0.0,0.7809999999999999,0.3232573903999611,0.0
27853,2025-09-23T18:00:00.000000000,1.191,0.0,0.0,0.7709999999999999,0.7921711026755166,0.0
27853,2025-09-23T19:00:00.000000000,1.195,0.0,0.0,0.74,0.3232573903999611,0.0
27853,2025-09-23T20:00:00.000000000,0.903,0.0,0.0,0.55,0.4823949815034778,0.0
27853,2025-09-23T21:00:00.000000000,0.643,0.0,0.0,0.33,1.0708816904093001,0.0
27853,2025-09-23T22:00:00.000000000,0.507,0.0,0.0,0.194,0.6919407966766167,0.0
27853,2025-09-23T23:00:00.000000000,0.553,0.0,0.0,0.074,0.34435850745236113,0.0
27853,2025-09-24T00:00:00.000000000,0.44399999999999995,0.006,0.0,0.043,0.7194894772728055,0.0
27853,2025-09-24T01:00:00.000000000,0.387,0.0,0.0,0.033,0.0,0.0
27853,2025-09-24T02:00:00.000000000,0.322,0.0,0.0,0.014,0.3232573903999611,0.0
27853,2025-09-24T03:00:00.000000000,0.315,0.013,0.0,0.001,0.0,0.0
27853,2025-09-24T04:00:00.000000000,0.477,0.16499999999999998,0.0,0.0,0.3235504614701334,0.0
27853,2025-09-24T05:00:00.000000000,0.45099999999999996,0.15100000000000002,0.0,0.0,0.0,0.0
27853,2025-09-24T06:00:00.000000000,0.473,0.177,0.0,0.0,0.6468078518700945,0.0
27853,2025-09-24T07:00:00.000000000,0.504,0.208,0.0,0.0,0.0,0.0
27853,2025-09-24T08:00:00.000000000,0.9430000000000001,0.165,0.0,0.024,0.3235504614701334,0.0
27853,2025-09-24T09:00:00.000000000,0.5710000000000001,0.159,0.0,0.0,0.0,0.0
27853,2025-09-24T10:00:00.000000000,0.565,0.263,0.0,0.0,0.3235504614701334,0.0
27853,2025-09-24T11:00:00.000000000,0.47,0.169,0.0,0.0,0.0,0.0
27853,2025-09-24T12:00:00.000000000,0.32899999999999996,0.012,0.0,0.017,0.3232573903999611,0.0
27853,2025-09-24T13:00:00.000000000,0.449,0.0,0.0,0.15,0.5855559982041,0.0
27853,2025-09-24T14:00:00.000000000,0.6759999999999999,0.0,0.0,0.375,0.08205989964822223,0.0
27853,2025-09-24T15:00:00.000000000,0.836,0.0,0.0,0.535,0.3232573903999611,0.0
27853,2025-09-24T16:00:00.000000000,0.938,0.0,0.0,0.638,0.0,0.0
27853,2025-09-24T17:00:00.000000000,1.074,0.0,0.0,0.7189999999999999,0.3235504614701334,0.0
27853,2025-09-24T18:00:00.000000000,1.164,0.0,0.0,0.744,0.0,0.0
27853,2025-09-24T19:00:00.000000000,1.037,0.0,0.0,0.6970000000000001,0.3235504614701334,0.0
27853,2025-09-24T20:00:00.000000000,1.3250000000000002,0.0,0.0,0.547,0.0,0.0
27853,2025-09-24T21:00:00.000000000,1.548,0.0,0.0,0.38100000000000006,0.6863724463433445,0.0
27853,2025-09-24T22:00:00.000000000,0.9890000000000001,0.0,0.0,0.21399999999999997,1.9606454594521667,0.0
27853,2025-09-24T23:00:00.000000000,0.45499999999999996,0.013,0.0,0.057999999999999996,0.0,0.0
27853,2025-09-25T00:00:00.000000000,0.383,0.057,0.0,0.008,0.6676158978523222,0.0
27853,2025-09-25T01:00:00.000000000,0.457,0.151,0.0,0.0,0.2318192165062278,0.0
27853,2025-09-25T02:00:00.000000000,0.616,0.31500000000000006,0.0,0.0,0.09143817389373333,0.0
27853,2025-09-25T03:00:00.000000000,0.6930000000000001,0.392,0.0,0.0,0.3232573903999611,0.0
27853,2025-09-25T04:00:00.000000000,0.815,0.503,0.0,0.0,0.0,0.0
27853,2025-09-25T05:00:00.000000000,0.738,0.43400000000000005,0.0,0.0,0.3235504614701334,0.0
27853,2025-09-25T06:00:00.000000000,0.6910000000000001,0.395,0.0,0.0,0.0,0.0
27853,2025-09-25T07:00:00.000000000,0.6989999999999998,0.404,0.0,0.0,0.32325739039996115,0.0
27853,2025-09-25T08:00:00.000000000,0.764,0.45599999999999996,0.0,0.0,0.8434585399556556,0.0
27853,2025-09-25T09:00:00.000000000,1.524,0.196,0.0,0.040999999999999995,0.0,0.0
27853,2025-09-25T10:00:00.000000000,0.6900000000000001,0.259,0.0,0.0,1.0424537966025946,0.0
27853,2025-09-25T11:00:00.000000000,0.543,0.21799999999999997,0.0,0.0,0.0,0.0
27853,2025-09-25T12:00:00.000000000,0.42700000000000005,0.126,0.0,0.0,1.5960650481579224,0.0
27853,2025-09-25T13:00:00.000000000,0.357,0.015,0.0,0.041999999999999996,1.2018844587762834,0.0
27853,2025-09-25T14:00:00.000000000,0.534,0.0,0.0,0.23399999999999999,0.0,0.0
27853,2025-09-25T15:00:00.000000000,0.762,0.0,0.0,0.461,0.3232573903999611,0.0
27853,2025-09-25T16:00:00.000000000,0.9410000000000001,0.0,0.0,0.641,0.0,0.0
27853,2025-09-25T17:00:00.000000000,1.0430000000000001,0.0,0.0,0.7430000000000001,0.3235504614701334,0.0
27853,2025-09-25T18:00:00.000000000,1.089,0.0,0.0,0.754,0.0,0.0
27853,2025-09-25T19:00:00.000000000,1.16,0.0,0.0,0.7060000000000001,0.3235504614701334,0.0
27853,2025-09-25T20:00:00.000000000,1.0110000000000001,0.0,0.0,0.528,0.0,0.0
27853,2025-09-25T21:00:00.000000000,2.331,0.0,0.0,0.442,0.3232573903999611,0.0
27853,2025-09-25T22:00:00.000000000,2.277,0.0,0.0,0.34800000000000003,0.3446515785225333,0.0
27853,2025-09-25T23:00:00.000000000,0.618,0.0,0.0,0.09000000000000001,0.6893031570450666,0.0
27853,2025-09-26T00:00:00.000000000,0.4129999999999999,0.007,0.0,0.039,0.7133349847991889,0.0
27853,2025-09-26T01:00:00.000000000,0.318,0.0,0.0,0.012,0.3434792942418445,0.0
27853,2025-09-26T02:00:00.000000000,0.354,0.051000000000000004,0.0,0.0,0.0,0.0
27853,2025-09-26T03:00:00.000000000,0.45,0.15000000000000002,0.0,0.0,0.3235504614701334,0.0
27853,2025-09-26T04:00:00.000000000,0.6799999999999999,0.371,0.0,0.0,0.0,0.0
27853,2025-09-26T05:00:00.000000000,0.658,0.35400000000000004,0.0,0.0,0.3235504614701334,0.0
27853,2025-09-26T06:00:00.000000000,0.669,0.373,0.0,0.0,0.12865819980560556,0.0
27853,2025-09-26T07:00:00.000000000,0.8170000000000001,0.53,0.0,0.0,1.8111792136643332,0.0
27853,2025-09-26T08:00:00.000000000,0.9099999999999999,0.5810000000000001,0.0,0.0,1.861001295593611,0.0
27853,2025-09-26T09:00:00.000000000,0.85,0.47,0.0,0.0,0.0,0.0
27853,2025-09-26T10:00:00.000000000,1.204,0.33,0.0,0.0,0.6649782582207723,0.0
27853,2025-09-26T11:00:00.000000000,0.994,0.258,0.0,0.0,0.692526938816961,0.0
27853,2025-09-26T12:00:00.000000000,0.46299999999999997,0.16200000000000003,0.0,0.0,0.36897647734682776,0.0
27853,2025-09-26T13:00:00.000000000,0.323,0.003,0.0,0.020999999999999998,0.6682020399926667,0.0
27853,2025-09-26T14:00:00.000000000,0.454,0.0,0.0,0.153,0.0,0.0
27853,2025-09-26T15:00:00.000000000,0.687,0.0,0.0,0.38599999999999995,0.3235504614701334,0.0
27853,2025-09-26T16:00:00.000000000,0.908,0.0,0.0,0.6060000000000001,0.0,0.0
27853,2025-09-26T17:00:00.000000000,1.044,0.0,0.0,0.7430000000000001,0.3235504614701334,0.0
27853,2025-09-26T18:00:00.000000000,1.095,0.0,0.0,0.762,0.0,0.0
27853,2025-09-26T19:00:00.000000000,2.5909999999999997,0.0,0.0,0.7430000000000001,0.32325739039996115,0.0
27853,2025-09-26T20:00:00.000000000,1.108,0.0,0.0,0.624,0.0,0.0
27853,2025-09-26T21:00:00.000000000,0.8859999999999999,0.0,0.0,0.392,0.3232573903999611,0.0
27853,2025-09-26T22:00:00.000000000,0.7389999999999999,0.0,0.0,0.237,0.0,0.0
27853,2025-09-26T23:00:00.000000000,0.608,0.0,0.0,0.08,0.3235504614701334,0.0
27853,2025-09-27T00:00:00.000000000,0.345,0.0,0.0,0.027000000000000003,0.77282841204415,0.0
27853,2025-09-27T01:00:00.000000000,0.32999999999999996,0.012,0.0,0.012,0.3446515785225333,0.0
27853,2025-09-27T02:00:00.000000000,0.364,0.063,0.0,0.0,0.0,0.0
27853,2025-09-27T03:00:00.000000000,0.46599999999999997,0.16599999999999998,0.0,0.0,0.3446515785225333,0.0
27853,2025-09-27T04:00:00.000000000,0.651,0.341,0.0,0.0,0.3235504614701334,0.0
27853,2025-09-27T05:00:00.000000000,0.627,0.325,0.0,0.0,0.3232573903999611,0.0
27853,2025-09-27T06:00:00.000000000,0.62,0.324,0.0,0.0,0.0,0.0
27853,2025-09-27T07:00:00.000000000,0.653,0.358,0.0,0.0,0.3235504614701334,0.0
27853,2025-09-27T08:00:00.000000000,1.033,0.29100000000000004,0.0,0.012,0.0,0.0
27853,2025-09-27T09:00:00.000000000,0.7389999999999999,0.32699999999999996,0.0,0.0,0.3235504614701334,0.0
27853,2025-09-27T10:00:00.000000000,0.7230000000000001,0.326,0.0,0.0,0.0,0.0
27853,2025-09-27T11:00:00.000000000,0.633,0.331,0.0,0.0,0.3232573903999611,0.0
27853,2025-09-27T12:00:00.000000000,0.46699999999999997,0.16699999999999998,0.0,0.0,0.0,0.0
27853,2025-09-27T13:00:00.000000000,0.336,0.022,0.0,0.013999999999999999,1.1385811076190833,0.0
27853,2025-09-27T14:00:00.000000000,1.038,0.0,0.0,0.23299999999999998,0.0,0.0
27853,2025-09-27T15:00:00.000000000,0.83,0.0,0.0,0.454,0.3232573903999611,0.0
27853,2025-09-27T16:00:00.000000000,0.927,0.0,0.0,0.627,0.0,0.0
27853,2025-09-27T17:00:00.000000000,1.062,0.0,0.0,0.762,0.3235504614701334,0.0
27853,2025-09-27T18:00:00.000000000,3.108,0.0,0.0,0.8090000000000002,0.0,0.0
27853,2025-09-27T19:00:00.000000000,2.672,0.0,0.0,0.8,0.3229643193297889,0.0
27853,2025-09-27T20:00:00.000000000,1.6689999999999998,0.0,0.0,0.752,0.6983883602204055,0.0
27853,2025-09-27T21:00:00.000000000,1.123,0.0,0.0,0.628,0.3232573903999611,0.0
27853,2025-09-27T22:00:00.000000000,0.8919999999999999,0.0,0.0,0.38800000000000007,0.3446515785225333,0.0
27853,2025-09-27T23:00:00.000000000,0.544,0.0,0.0,0.16,0.6922338677467889,0.0
27853,2025-09-28T00:00:00.000000000,0.44099999999999995,0.007,0.0,0.06,2.183672543853228,0.0
27853,2025-09-28T01:00:00.000000000,0.335,0.01,0.0,0.02,0.3446515785225333,0.0
27853,2025-09-28T02:00:00.000000000,0.542,0.24,0.0,0.0,1.1626129353732055,0.0
27853,2025-09-28T03:00:00.000000000,0.6639999999999999,0.364,0.0,0.0,0.3232573903999611,0.0
27853,2025-09-28T04:00:00.000000000,0.862,0.552,0.0,0.0,0.0,0.0
27853,2025-09-28T05:00:00.000000000,0.784,0.482,0.0,0.0,0.3235504614701334,0.0
27853,2025-09-28T06:00:00.000000000,0.734,0.438,0.0,0.0,0.0,0.0
27853,2025-09-28T07:00:00.000000000,0.7210000000000001,0.425,0.0,0.0,0.3235504614701334,0.0
27853,2025-09-28T08:00:00.000000000,0.726,0.428,0.0,0.0,0.3232573903999611,0.0
27853,2025-09-28T09:00:00.000000000,0.7490000000000001,0.448,0.0,0.0,0.0,0.0
27853,2025-09-28T10:00:00.000000000,0.7330000000000001,0.431,0.0,0.0,0.3235504614701334,0.0
27853,2025-09-28T11:00:00.000000000,0.605,0.304,0.0,0.0,0.0,0.0
27853,2025-09-28T12:00:00.000000000,0.381,0.078,0.0,0.002,0.3235504614701334,0.0
27853,2025-09-28T13:00:00.000000000,0.351,0.0,0.0,0.052000000000000005,0.0,0.0
27853,2025-09-28T14:00:00.000000000,0.487,0.0,0.0,0.186,0.3232573903999611,0.0
27853,2025-09-28T15:00:00.000000000,0.696,0.0,0.0,0.39599999999999996,0.0,0.0
27853,2025-09-28T16:00:00.000000000,0.879,0.0,0.0,0.5770000000000001,0.3235504614701334,0.0
27853,2025-09-28T17:00:00.000000000,1.022,0.0,0.0,0.722,0.0,0.0
27853,2025-09-28T18:00:00.000000000,2.045,0.0,0.0,0.7729999999999999,0.3235504614701334,0.0
27853,2025-09-28T19:00:00.000000000,2.649,0.0,0.0,0.768,0.0,0.0
27853,2025-09-28T20:00:00.000000000,1.163,0.0,0.0,0.679,1.1977814637938722,0.0
27853,2025-09-28T21:00:00.000000000,0.938,0.0,0.0,0.44399999999999995,1.3803647405111668,0.0
27853,2025-09-28T22:00:00.000000000,0.603,0.0,0.0,0.245,1.8179198482782946,0.0
27853,2025-09-28T23:00:00.000000000,0.41300000000000003,0.0,0.0,0.077,0.7136280558693611,0.0
27853,2025-09-29T00:00:00.000000000,0.34700000000000003,0.005,0.0,0.024,0.6893031570450666,0.0
27853,2025-09-29T01:00:00.000000000,0.42099999999999993,0.116,0.0,0.0,0.369269548417,0.0
27853,2025-09-29T02:00:00.000000000,0.639,0.337,0.0,0.0,0.3232573903999611,0.0
27853,2025-09-29T03:00:00.000000000,0.885,0.5850000000000001,0.0,0.0,0.0,0.0
27853,2025-09-29T04:00:00.000000000,1.2560000000000002,0.9460000000000001,0.0,0.0,0.3235504614701334,0.0
27853,2025-09-29T05:00:00.000000000,1.2679999999999998,0.967,0.0,0.0,0.0,0.0
27853,2025-09-29T06:00:00.000000000,1.3010000000000002,1.005,0.0,0.0,0.3235504614701334,0.0
27853,2025-09-29T07:00:00.000000000,1.438,1.142,0.0,0.0,0.3232573903999611,0.0
27853,2025-09-29T08:00:00.000000000,1.568,1.27,0.0,0.0,0.0,0.0
27853,2025-09-29T09:00:00.000000000,1.6030000000000002,1.302,0.0,0.0,0.3235504614701334,0.0
27853,2025-09-29T10:00:00.000000000,1.4809999999999999,1.18,0.0,0.0,0.0,0.0
27853,2025-09-29T11:00:00.000000000,1.117,0.77,0.0,0.0,0.7526065082022667,0.0
27853,2025-09-29T12:00:00.000000000,0.507,0.09799999999999999,0.0,0.017,0.0,0.0
27853,2025-09-29T13:00:00.000000000,0.552,0.0,0.0,0.182,0.3232573903999611,0.0
27853,2025-09-29T14:00:00.000000000,0.85,0.0,0.0,0.45,0.0,0.0
27853,2025-09-29T15:00:00.000000000,1.07,0.0,0.0,0.6699999999999999,0.3235504614701334,0.0
27853,2025-09-29T16:00:00.000000000,1.1929999999999998,0.0,0.0,0.7979999999999999,2.4878803146919943,0.0
27853,2025-09-29T17:00:00.000000000,1.249,0.0,0.0,0.846,1.9128748750140945,0.0
27853,2025-09-29T18:00:00.000000000,2.165,0.0,0.0,0.838,0.3232573903999611,0.0
27853,2025-09-29T19:00:00.000000000,1.317,0.0,0.0,0.83,0.3686834062766556,0.0
27853,2025-09-29T20:00:00.000000000,1.266,0.0,0.0,0.784,0.34435850745236113,0.0
27853,2025-09-29T21:00:00.000000000,1.0990000000000002,0.0,0.0,0.605,0.3232573903999611,0.0
27853,2025-09-29T22:00:00.000000000,0.8620000000000001,0.0,0.0,0.35900000000000004,1.5623618750881167,0.0
27853,2025-09-29T23:00:00.000000000,0.45199999999999996,0.0,0.0,0.117,2.50839528960405,0.0
27853,2025-09-30T00:00:00.000000000,0.37800000000000006,0.0,0.0,0.059000000000000004,0.6682020399926667,0.0
27853,2025-09-30T01:00:00.000000000,0.439,0.133,0.0,0.0,0.8592843777449556,0.0
27853,2025-09-30T02:00:00.000000000,0.667,0.366,0.0,0.0,0.3232573903999611,0.0
27853,2025-09-30T03:00:00.000000000,0.866,0.5650000000000001,0.0,0.0,0.0,0.0
27853,2025-09-30T04:00:00.000000000,1.224,0.915,0.0,0.0,0.3235504614701334,0.0
27853,2025-09-30T05:00:00.000000000,1.251,0.949,0.0,0.0,0.0,0.0
27853,2025-09-30T06:00:00.000000000,1.333,1.037,0.0,0.0,0.3235504614701334,0.0
27853,2025-09-30T07:00:00.000000000,1.478,1.182,0.0,0.0,0.0,0.0
27853,2025-09-30T08:00:00.000000000,1.569,1.27,0.0,0.0,0.3232573903999611,0.0
27853,2025-09-30T09:00:00.000000000,1.589,1.289,0.0,0.0,0.0,0.0
27853,2025-09-30T10:00:00.000000000,1.479,1.177,0.0,0.0,0.3235504614701334,0.0
27853,2025-09-30T11:00:00.000000000,1.042,0.672,0.0,0.0,0.0,0.0
27853,2025-09-30T12:00:00.000000000,0.484,0.068,0.0,0.023,0.3235504614701334,0.0
27853,2025-09-30T13:00:00.000000000,0.5830000000000001,0.0,0.0,0.188,0.0,0.0
27853,2025-09-30T14:00:00.000000000,0.833,0.0,0.0,0.433,0.32325739039996115,0.0
27853,2025-09-30T15:00:00.000000000,0.9910000000000001,0.0,0.0,0.6400000000000001,0.369269548417,0.0
27853,2025-09-30T16:00:00.000000000,1.13,0.0,0.0,0.8049999999999999,0.7388321679041722,0.0
27853,2025-09-30T17:00:00.000000000,1.13,0.0,0.0,0.829,1.204229027337661,0.0
27853,2025-09-30T18:00:00.000000000,1.128,0.0,0.0,0.824,0.6679089689224944,0.0
27853,2025-09-30T19:00:00.000000000,1.2209999999999999,0.0,0.0,0.7970000000000002,0.3446515785225333,0.0
27853,2025-09-30T20:00:00.000000000,1.155,0.0,0.0,0.672,0.0,0.0
27853,2025-09-30T21:00:00.000000000,0.9169999999999999,0.0,0.0,0.42199999999999993,0.3235504614701334,0.0
27853,2025-09-30T22:00:00.000000000,0.7550000000000001,0.0,0.0,0.252,0.0,0.0
27853,2025-09-30T23:00:00.000000000,0.605,0.012,0.0,0.06499999999999999,1.077622325023261,0.0
27853,2025-10-01T00:00:00.000000000,0.601,0.13,0.0,0.020999999999999998,2.421646252833072,0.0
27853,2025-10-01T01:00:00.000000000,0.429,0.089,0.0,0.0,0.7089389187466055,0.0
27853,2025-10-01T02:00:00.000000000,0.471,0.17500000000000002,0.0,0.0,0.0,0.0
27853,2025-10-01T03:00:00.000000000,0.548,0.255,0.0,0.0,0.3232573903999611,0.0
27853,2025-10-01T04:00:00.000000000,0.7849999999999999,0.48,0.0,0.0,0.0,0.0
27853,2025-10-01T05:00:00.000000000,0.833,0.539,0.0,0.0,0.3235504614701334,0.0
27853,2025-10-01T06:00:00.000000000,0.921,0.631,0.0,0.0,0.0,0.0
27853,2025-10-01T07:00:00.000000000,1.046,0.736,0.0,0.0,0.3235504614701334,0.0
27853,2025-10-01T08:00:00.000000000,1.187,0.819,0.0,0.0,0.3232573903999611,0.0
27853,2025-10-01T09:00:00.000000000,1.25,0.9349999999999999,0.0,0.0,0.0,0.0
27853,2025-10-01T10:00:00.000000000,1.171,0.8779999999999999,0.0,0.0,0.3235504614701334,0.0
27853,2025-10-01T11:00:00.000000000,0.733,0.439,0.0,0.0,0.3449446495927056,0.0
27853,2025-10-01T12:00:00.000000000,0.347,0.012,0.0,0.043,0.7139211269395334,0.0
27853,2025-10-01T13:00:00.000000000,0.5750000000000001,0.0,0.0,0.28300000000000003,0.0,0.0
27853,2025-10-01T14:00:00.000000000,0.876,0.0,0.0,0.5840000000000001,0.3235504614701334,0.0
27853,2025-10-01T15:00:00.000000000,1.143,0.0,0.0,0.848,0.0,0.0
27853,2025-10-01T16:00:00.000000000,1.192,0.0,0.0,0.9,0.3232573903999611,0.0
27853,2025-10-01T17:00:00.000000000,1.178,0.0,0.0,0.844,0.0,0.0
27853,2025-10-01T18:00:00.000000000,1.27,0.0,0.0,0.792,0.3232573903999611,0.0
27853,2025-10-01T19:00:00.000000000,1.746,0.0,0.0,0.7389999999999999,0.0,0.0
27853,2025-10-01T20:00:00.000000000,1.227,0.0,0.0,0.667,0.3232573903999611,0.0
27853,2025-10-01T21:00:00.000000000,1.024,0.0,0.0,0.44699999999999995,0.3232573903999611,0.0
27853,2025-10-01T22:00:00.000000000,0.853,0.0,0.0,0.274,0.36897647734682776,0.0
27853,2025-10-01T23:00:00.000000000,0.477,0.0,0.0,0.08100000000000002,0.7139211269395334,0.0
27853,2025-10-02T00:00:00.000000000,0.36300000000000004,0.028,0.0,0.023999999999999997,0.6679089689224944,0.0
27853,2025-10-02T01:00:00.000000000,0.391,0.094,0.0,0.0,0.3235504614701334,0.0
27853,2025-10-02T02:00:00.000000000,0.472,0.178,0.0,0.0,0.3235504614701334,0.0
27853,2025-10-02T03:00:00.000000000,0.545,0.251,0.0,0.0,0.0,0.0
27853,2025-10-02T04:00:00.000000000,0.7330000000000001,0.431,0.0,0.0,0.3232573903999611,0.0
27853,2025-10-02T05:00:00.000000000,0.6910000000000001,0.397,0.0,0.0,0.0,0.0
27853,2025-10-02T06:00:00.000000000,0.6930000000000001,0.40499999999999997,0.0,0.0,0.3235504614701334,0.0
27853,2025-10-02T07:00:00.000000000,0.736,0.447,0.0,0.0,0.0,0.0
27853,2025-10-02T08:00:00.000000000,0.77,0.456,0.0,0.0,0.3235504614701334,0.0
27853,2025-10-02T09:00:00.000000000,0.9189999999999999,0.493,0.0,0.0,1.2253301443900613,0.0
27853,2025-10-02T10:00:00.000000000,0.839,0.43199999999999994,0.0,0.0,0.6948715073783389,0.0
27853,2025-10-02T11:00:00.000000000,0.559,0.267,0.0,0.0,0.0,0.0
27853,2025-10-02T12:00:00.000000000,0.323,0.004,0.0,0.027,1.1840071234957776,0.0
27853,2025-10-02T13:00:00.000000000,0.501,0.0,0.0,0.21100000000000002,0.369269548417,0.0
27853,2025-10-02T14:00:00.000000000,0.747,0.0,0.0,0.454,0.6468078518700945,0.0
27853,2025-10-02T15:00:00.000000000,0.969,0.0,0.0,0.675,0.0,0.0
27853,2025-10-02T16:00:00.000000000,1.109,0.0,0.0,0.816,0.3235504614701334,0.0
27853,2025-10-02T17:00:00.000000000,1.1150000000000002,0.0,0.0,0.822,0.0,0.0
27853,2025-10-02T18:00:00.000000000,1.1480000000000001,0.0,0.0,0.806,0.3232573903999611,0.0
27853,2025-10-02T19:00:00.000000000,1.262,0.0,0.0,0.7409999999999999,0.0,0.0
27853,2025-10-02T20:00:00.000000000,1.184,0.0,0.0,0.624,0.3232573903999611,0.0
27853,2025-10-02T21:00:00.000000000,0.974,0.0,0.0,0.397,0.0,0.0
27853,2025-10-02T22:00:00.000000000,0.823,0.0,0.0,0.246,0.3235504614701334,0.0
27853,2025-10-02T23:00:00.000000000,0.6869999999999999,0.058,0.0,0.046,2.1446940915203223,0.0
27853,2025-10-03T00:00:00.000000000,0.47,0.093,0.0,0.005,0.6898892991854112,0.0
27853,2025-10-03T01:00:00.000000000,0.5800000000000001,0.281,0.0,0.0,0.3449446495927056,0.0
27853,2025-10-03T02:00:00.000000000,0.829,0.535,0.0,0.0,0.0,0.0
27853,2025-10-03T03:00:00.000000000,1.044,0.7509999999999999,0.0,0.0,0.3235504614701334,0.0
27853,2025-10-03T04:00:00.000000000,1.371,1.07,0.0,0.0,0.0,0.0
27853,2025-10-03T05:00:00.000000000,1.395,1.1,0.0,0.0,0.3232573903999611,0.0
27853,2025-10-03T06:00:00.000000000,1.392,1.1030000000000002,0.0,0.0,0.0,0.0
27853,2025-10-03T07:00:00.000000000,1.355,1.0670000000000002,0.0,0.0,0.3235504614701334,0.0
27853,2025-10-03T08:00:00.000000000,1.336,0.999,0.0,0.0,0.0,0.0
27853,2025-10-03T09:00:00.000000000,1.291,0.999,0.0,0.0,0.3235504614701334,0.0
27853,2025-10-03T10:00:00.000000000,1.209,0.9149999999999999,0.0,0.0,0.3232573903999611,0.0
27853,2025-10-03T11:00:00.000000000,0.931,0.636,0.0,0.0,0.0,0.0
27853,2025-10-03T12:00:00.000000000,0.466,0.173,0.0,0.0,0.3235504614701334,0.0
27853,2025-10-03T13:00:00.000000000,0.482,0.0,0.0,0.113,0.0,0.0
27853,2025-10-03T14:00:00.000000000,0.5900000000000001,0.0,0.0,0.29800000000000004,0.3235504614701334,0.0
27853,2025-10-03T15:00:00.000000000,0.7809999999999999,0.0,0.0,0.488,0.0,0.0
27853,2025-10-03T16:00:00.000000000,0.893,0.0,0.0,0.598,1.2059874537586945,0.0
27853,2025-10-03T17:00:00.000000000,1.143,0.0,0.0,0.685,1.6573169018239167,0.0
27853,2025-10-03T18:00:00.000000000,1.003,0.0,0.0,0.666,0.0,0.0
27853,2025-10-03T19:00:00.000000000,0.994,0.0,0.0,0.577,0.3235504614701334,0.0
27853,2025-10-03T20:00:00.000000000,1.972,0.0,0.0,0.504,0.7956879555175833,0.0
27853,2025-10-03T21:00:00.000000000,2.961,0.0,0.0,0.43999999999999995,1.0834837464267055,0.0
27853,2025-10-03T22:00:00.000000000,1.384,0.0,0.0,0.256,0.3232573903999611,0.0
27853,2025-10-03T23:00:00.000000000,0.637,0.078,0.0,0.039,1.2736868709684777,0.0
27853,2025-10-04T00:00:00.000000000,0.40700000000000003,0.087,0.0,0.01,0.7391252389743443,0.0
27853,2025-10-04T01:00:00.000000000,0.387,0.089,0.0,0.0,0.04601215801703889,0.0
27853,2025-10-04T02:00:00.000000000,0.487,0.19299999999999998,0.0,0.0,0.27753830345309444,0.0
27853,2025-10-04T03:00:00.000000000,0.5840000000000001,0.29200000000000004,0.0,0.0,0.3232573903999611,0.0
27853,2025-10-04T04:00:00.000000000,0.8069999999999999,0.503,0.0,0.0,0.0,0.0
27853,2025-10-04T05:00:00.000000000,0.7730000000000001,0.477,0.0,0.0,0.3235504614701334,0.0
27853,2025-10-04T06:00:00.000000000,0.7669999999999999,0.478,0.0,0.0,0.0,0.0
27853,2025-10-04T07:00:00.000000000,0.84,0.552,0.0,0.0,0.7912918894650001,0.0
27853,2025-10-04T08:00:00.000000000,0.9189999999999999,0.6220000000000001,0.0,0.0,0.6948715073783389,0.0
27853,2025-10-04T09:00:00.000000000,0.922,0.629,0.0,0.0,0.0,0.0
27853,2025-10-04T10:00:00.000000000,0.906,0.614,0.0,0.0,0.3232573903999611,0.0
27853,2025-10-04T11:00:00.000000000,0.8180000000000001,0.525,0.0,0.0,0.7956879555175833,0.0
27853,2025-10-04T12:00:00.000000000,0.573,0.28099999999999997,0.0,0.0,0.0,0.0
27853,2025-10-04T13:00:00.000000000,0.338,0.039,0.0,0.008,0.3235504614701334,0.0
27853,2025-10-04T14:00:00.000000000,0.438,0.0,0.0,0.10700000000000001,0.0,0.0
27853,2025-10-04T15:00:00.000000000,0.5940000000000001,0.0,0.0,0.30100000000000005,0.3235504614701334,0.0
27853,2025-10-04T16:00:00.000000000,0.82,0.0,0.0,0.528,0.3232573903999611,0.0
27853,2025-10-04T17:00:00.000000000,0.981,0.0,0.0,0.6890000000000001,0.0,0.0
27853,2025-10-04T18:00:00.000000000,1.01,0.0,0.0,0.7149999999999999,0.3235504614701334,0.0
27853,2025-10-04T19:00:00.000000000,1.1889999999999998,0.0,0.0,0.668,0.0,0.0
27853,2025-10-04T20:00:00.000000000,1.089,0.0,0.0,0.527,0.3235504614701334,0.0
27853,2025-10-04T21:00:00.000000000,0.9189999999999999,0.0,0.0,0.342,0.0,0.0
27853,2025-10-04T22:00:00.000000000,0.764,0.0,0.0,0.186,1.6077878909648113,0.0
27853,2025-10-04T23:00:00.000000000,0.7629999999999999,0.14500000000000002,0.0,0.034,1.5386231184041665,0.0
27853,2025-10-05T00:00:00.000000000,0.593,0.10299999999999998,0.0,0.003,0.0,0.0
27853,2025-10-05T01:00:00.000000000,0.726,0.335,0.0,0.0,2.364497394149489,0.0
27853,2025-10-05T02:00:00.000000000,0.6719999999999999,0.378,0.0,0.0,0.0,0.0
27853,2025-10-05T03:00:00.000000000,0.738,0.445,0.0,0.0,0.3235504614701334,0.0
27853,2025-10-05T04:00:00.000000000,0.9630000000000001,0.659,0.0,0.0,0.3449446495927056,0.0
27853,2025-10-05T05:00:00.000000000,0.9029999999999999,0.608,0.0,0.0,0.3235504614701334,0.0
27853,2025-10-05T06:00:00.000000000,0.9229999999999999,0.633,0.0,0.0,0.0,0.0
27853,2025-10-05T07:00:00.000000000,0.967,0.679,0.0,0.0,0.3232573903999611,0.0
27853,2025-10-05T08:00:00.000000000,1.002,0.712,0.0,0.0,0.0,0.0
27853,2025-10-05T09:00:00.000000000,1.0390000000000001,0.746,0.0,0.0,0.3235504614701334,0.0
27853,2025-10-05T10:00:00.000000000,1.0070000000000001,0.7120000000000001,0.0,0.0,0.0,0.0
27853,2025-10-05T11:00:00.000000000,0.798,0.504,0.0,0.0,0.3235504614701334,0.0
27853,2025-10-05T12:00:00.000000000,0.499,0.20700000000000002,0.0,0.0,0.0,0.0
27853,2025-10-05T13:00:00.000000000,0.32599999999999996,0.006,0.0,0.028,0.3232573903999611,0.0
27853,2025-10-05T14:00:00.000000000,0.49,0.0,0.0,0.196,0.0,0.0
27853,2025-10-05T15:00:00.000000000,0.844,0.0,0.0,0.431,0.3235504614701334,0.0
27853,2025-10-05T16:00:00.000000000,0.975,0.0,0.0,0.527,0.0,0.0
27853,2025-10-05T17:00:00.000000000,0.889,0.0,0.0,0.516,0.3235504614701334,0.0
27853,2025-10-05T18:00:00.000000000,0.7529999999999999,0.0,0.0,0.45799999999999996,0.0,0.0
27853,2025-10-05T19:00:00.000000000,0.664,0.0,0.0,0.363,1.6807625874376946,0.0
27853,2025-10-05T20:00:00.000000000,0.577,0.0,0.0,0.272,0.7397113811146889,0.0
27853,2025-10-05T21:00:00.000000000,1.237,0.0,0.0,0.24,0.3449446495927056,0.0
27853,2025-10-05T22:00:00.000000000,0.706,0.0,0.0,0.128,0.0,0.0
27853,2025-10-05T23:00:00.000000000,0.817,0.215,0.0,0.019,0.3235504614701334,0.0
27853,2025-10-06T00:00:00.000000000,0.639,0.267,0.0,0.0,0.0,0.0
27853,2025-10-06T01:00:00.000000000,0.7010000000000001,0.40399999999999997,0.0,0.0,0.6506177757823335,0.0
27853,2025-10-06T02:00:00.000000000,0.7869999999999999,0.493,0.0,0.0,0.0,0.0
27853,2025-10-06T03:00:00.000000000,0.831,0.538,0.0,0.0,0.3232573903999611,0.0
27853,2025-10-06T04:00:00.000000000,1.022,0.718,0.0,0.0,0.0,0.0
27853,2025-10-06T05:00:00.000000000,0.955,0.66,0.0,0.0,0.3235504614701334,0.0
27853,2025-10-06T06:00:00.000000000,0.928,0.64,0.0,0.0,0.0,0.0
27853,2025-10-06T07:00:00.000000000,0.951,0.663,0.0,0.0,0.3235504614701334,0.0
27853,2025-10-06T08:00:00.000000000,0.963,0.672,0.0,0.0,0.0,0.0
27853,2025-10-06T09:00:00.000000000,0.982,0.6890000000000001,0.0,0.0,0.3232573903999611,0.0
27853,2025-10-06T10:00:00.000000000,0.967,0.674,0.0,0.0,0.0,0.0
27853,2025-10-06T11:00:00.000000000,0.8109999999999999,0.516,0.0,0.0,0.3235504614701334,0.0
27853,2025-10-06T12:00:00.000000000,0.47200000000000003,0.17900000000000002,0.0,0.0,0.0,0.0
27853,2025-10-06T13:00:00.000000000,1.045,0.0,0.0,0.15200000000000002,0.3235504614701334,0.0
27853,2025-10-06T14:00:00.000000000,0.7929999999999999,0.0,0.0,0.343,0.0,0.0
27853,2025-10-06T15:00:00.000000000,0.997,0.0,0.0,0.543,0.3232573903999611,0.0
27853,2025-10-06T16:00:00.000000000,1.114,0.0,0.0,0.667,0.0,0.0
27853,2025-10-06T17:00:00.000000000,1.148,0.0,0.0,0.692,1.0345408777079446,0.0
27853,2025-10-06T18:00:00.000000000,0.962,0.0,0.0,0.624,0.7912918894650001,0.0
27853,2025-10-06T19:00:00.000000000,0.8180000000000001,0.0,0.0,0.518,0.0,0.0
27853,2025-10-06T20:00:00.000000000,0.736,0.0,0.0,0.36500000000000005,1.2080389512499,0.0
27853,2025-10-06T21:00:00.000000000,0.829,0.0,0.0,0.252,0.3235504614701334,0.0
27853,2025-10-06T22:00:00.000000000,0.722,0.0,0.0,0.146,0.0,0.0
27853,2025-10-06T23:00:00.000000000,0.75,0.14500000000000002,0.0,0.022,0.3235504614701334,0.0
27853,2025-10-07T00:00:00.000000000,0.6699999999999999,0.181,0.0,0.002,1.6746080949640776,0.0
27853,2025-10-07T01:00:00.000000000,0.597,0.20800000000000002,0.0,0.0,1.227674712951439,0.0
27853,2025-10-07T02:00:00.000000000,0.588,0.275,0.0,0.0,0.3235504614701334,0.0
27853,2025-10-07T03:00:00.000000000,0.6859999999999999,0.394,0.0,0.0,0.7971533108684445,0.0
27853,2025-10-07T04:00:00.000000000,0.876,0.5720000000000001,0.0,0.0,0.0,0.0
27853,2025-10-07T05:00:00.000000000,0.851,0.558,0.0,0.0,0.3449446495927056,0.0
27853,2025-10-07T06:00:00.000000000,0.834,0.544,0.0,0.0,0.3232573903999611,0.0
27853,2025-10-07T07:00:00.000000000,0.871,0.583,0.0,0.0,0.0,0.0
27853,2025-10-07T08:00:00.000000000,0.89,0.598,0.0,0.0,0.3235504614701334,0.0
27853,2025-10-07T09:00:00.000000000,0.902,0.61,0.0,0.0,0.0,0.0
27853,2025-10-07T10:00:00.000000000,0.892,0.598,0.0,0.0,0.3235504614701334,0.0
27853,2025-10-07T11:00:00.000000000,0.7830000000000001,0.49,0.0,0.0,0.0,0.0
27853,2025-10-07T12:00:00.000000000,0.635,0.306,0.0,0.0,0.3232573903999611,0.0
27853,2025-10-07T13:00:00.000000000,0.52,0.076,0.0,0.0,0.0,0.0
27853,2025-10-07T14:00:00.000000000,2.02,0.0,0.0,0.17600000000000002,0.3235504614701334,0.0
27853,2025-10-07T15:00:00.000000000,0.712,0.0,0.0,0.195,0.0,0.0
27853,2025-10-07T16:00:00.000000000,0.832,0.0,0.0,0.38399999999999995,0.3235504614701334,0.0
27853,2025-10-07T17:00:00.000000000,1.672,0.0,0.0,0.5750000000000001,0.8815577790780443,0.0
27853,2025-10-07T18:00:00.000000000,1.266,0.0,0.0,0.615,1.2297262104426445,0.0
27853,2025-10-07T19:00:00.000000000,1.589,0.0,0.0,0.629,0.3449446495927056,0.0
27853,2025-10-07T20:00:00.000000000,1.044,0.0,0.0,0.483,0.6898892991854112,0.0
27853,2025-10-07T21:00:00.000000000,0.8019999999999999,0.0,0.0,0.293,0.3449446495927056,0.0
27853,2025-10-07T22:00:00.000000000,0.752,0.0,0.0,0.17500000000000002,0.0,0.0
27853,2025-10-07T23:00:00.000000000,0.7929999999999999,0.197,0.0,0.014,1.6224414444734223,0.0
27853,2025-10-08T00:00:00.000000000,0.697,0.21,0.0,0.0,1.5603103775969112,0.0
27853,2025-10-08T01:00:00.000000000,0.559,0.168,0.0,0.0,0.0,0.0
27853,2025-10-08T02:00:00.000000000,0.601,0.307,0.0,0.0,0.6931130809573056,0.0
27853,2025-10-08T03:00:00.000000000,0.66,0.367,0.0,0.0,0.0,0.0
27853,2025-10-08T04:00:00.000000000,0.858,0.556,0.0,0.0,0.3235504614701334,0.0
27853,2025-10-08T05:00:00.000000000,0.81,0.514,0.0,0.0,0.3232573903999611,0.0
27853,2025-10-08T06:00:00.000000000,0.792,0.504,0.0,0.0,0.0,0.0
27853,2025-10-08T07:00:00.000000000,0.822,0.533,0.0,0.0,0.3235504614701334,0.0
27853,2025-10-08T08:00:00.000000000,1.008,0.648,0.0,0.0,1.7534442128404057,0.0
27853,2025-10-08T09:00:00.000000000,1.0230000000000001,0.597,0.0,0.0,1.5342270523515835,0.0
27853,2025-10-08T10:00:00.000000000,0.8989999999999999,0.5690000000000001,0.0,0.0,0.0,0.0
27853,2025-10-08T11:00:00.000000000,0.722,0.428,0.0,0.0,0.3232573903999611,0.0
27853,2025-10-08T12:00:00.000000000,0.41500000000000004,0.11800000000000001,0.0,0.004,0.36985569055734446,0.0
27853,2025-10-08T13:00:00.000000000,0.40399999999999997,0.0,0.0,0.11299999999999999,1.0711747614794722,0.0
27853,2025-10-08T14:00:00.000000000,0.6420000000000001,0.0,0.0,0.35000000000000003,0.0,0.0
27853,2025-10-08T15:00:00.000000000,0.835,0.0,0.0,0.543,0.3232573903999611,0.0
27853,2025-10-08T16:00:00.000000000,0.982,0.0,0.0,0.6890000000000001,0.0,0.0
27853,2025-10-08T17:00:00.000000000,1.068,0.0,0.0,0.776,0.3235504614701334,0.0
27853,2025-10-08T18:00:00.000000000,1.058,0.0,0.0,0.7629999999999999,0.0,0.0
27853,2025-10-08T19:00:00.000000000,2.606,0.0,0.0,0.738,0.3232573903999611,0.0
27853,2025-10-08T20:00:00.000000000,2.6050000000000004,0.0,0.0,0.653,0.0,0.0
27853,2025-10-08T21:00:00.000000000,0.894,0.0,0.0,0.383,0.3232573903999611,0.0
27853,2025-10-08T22:00:00.000000000,0.812,0.0,0.0,0.235,0.0,0.0
27853,2025-10-08T23:00:00.000000000,0.645,0.0,0.0,0.061000000000000006,0.6898892991854112,0.0
27853,2025-10-09T00:00:00.000000000,0.597,0.087,0.0,0.022,1.6927785013147556,0.0
27853,2025-10-09T01:00:00.000000000,0.46199999999999997,0.088,0.0,0.0,1.0741054721811945,0.0
27853,2025-10-09T02:00:00.000000000,0.603,0.31,0.0,0.0,2.059703481170378,0.0
27853,2025-10-09T03:00:00.000000000,0.584,0.29200000000000004,0.0,0.0,0.3235504614701334,0.0
27853,2025-10-09T04:00:00.000000000,0.819,0.515,0.0,0.0,1.2097973776709334,0.0
27853,2025-10-09T05:00:00.000000000,0.7290000000000001,0.435,0.0,0.0,0.0,0.0
27853,2025-10-09T06:00:00.000000000,0.684,0.394,0.0,0.0,0.3235504614701334,0.0
27853,2025-10-09T07:00:00.000000000,0.7,0.412,0.0,0.0,0.14946624578783332,0.0
27853,2025-10-09T08:00:00.000000000,0.7149999999999999,0.426,0.0,0.0,0.17379114461212777,0.0
27853,2025-10-09T09:00:00.000000000,0.78,0.41400000000000003,0.0,0.0,0.3232573903999611,0.0
27853,2025-10-09T10:00:00.000000000,0.7610000000000001,0.46799999999999997,0.0,0.0,0.0,0.0
27853,2025-10-09T11:00:00.000000000,0.6920000000000001,0.396,0.0,0.0,0.3235504614701334,0.0
27853,2025-10-09T12:00:00.000000000,0.5389999999999999,0.248,0.0,0.0,0.0,0.0
27853,2025-10-09T13:00:00.000000000,0.43700000000000006,0.137,0.0,0.008,1.6620060389466724,0.0
27853,2025-10-09T14:00:00.000000000,0.39,0.0,0.0,0.096,0.3235504614701334,0.0
27853,2025-10-09T15:00:00.000000000,0.506,0.0,0.0,0.213,0.0,0.0
27853,2025-10-09T16:00:00.000000000,0.632,0.0,0.0,0.33999999999999997,0.32325739039996115,0.0
27853,2025-10-09T17:00:00.000000000,0.7090000000000001,0.0,0.0,0.416,0.0,0.0
27853,2025-10-09T18:00:00.000000000,0.683,0.0,0.0,0.388,0.3232573903999611,0.0
27853,2025-10-09T19:00:00.000000000,0.666,0.0,0.0,0.364,0.0,0.0
27853,2025-10-09T20:00:00.000000000,0.602,0.0,0.0,0.29700000000000004,0.3235504614701334,0.0
27853,2025-10-09T21:00:00.000000000,0.81,0.0,0.0,0.23299999999999998,0.0,0.0
27853,2025-10-09T22:00:00.000000000,1.404,0.0,0.0,0.18600000000000003,0.6846140199223111,0.0
27853,2025-10-09T23:00:00.000000000,1.0010000000000001,0.064,0.0,0.04,2.3120376725886613,0.0
27853,2025-10-10T00:00:00.000000000,0.465,0.038,0.0,0.015,0.3235504614701334,0.0
27853,2025-10-10T01:00:00.000000000,0.542,0.245,0.0,0.0,1.5541558851232944,0.0
27853,2025-10-10T02:00:00.000000000,0.747,0.45199999999999996,0.0,0.0,1.1816625549344,0.0
27853,2025-10-10T03:00:00.000000000,0.842,0.549,0.0,0.0,0.03047939129791111,0.0
27853,2025-10-10T04:00:00.000000000,1.01,0.708,0.0,0.0,0.3235504614701334,0.0
27853,2025-10-10T05:00:00.000000000,0.9369999999999999,0.642,0.0,0.0,0.0,0.0
27853,2025-10-10T06:00:00.000000000,0.929,0.64,0.0,0.0,0.3235504614701334,0.0
27853,2025-10-10T07:00:00.000000000,1.1119999999999999,0.8,0.0,0.0,2.115093913432928,0.0
27853,2025-10-10T08:00:00.000000000,1.052,0.708,0.0,0.0,0.7227132590447,0.0
27853,2025-10-10T09:00:00.000000000,1.017,0.7250000000000001,0.0,0.0,0.0,0.0
27853,2025-10-10T10:00:00.000000000,0.955,0.662,0.0,0.0,0.3232573903999611,0.0
27853,2025-10-10T11:00:00.000000000,0.749,0.454,0.0,0.0,0.6934061520274778,0.0
27853,2025-10-10T12:00:00.000000000,0.405,0.11100000000000002,0.0,0.002,0.7405905943252056,0.0
27853,2025-10-10T13:00:00.000000000,0.362,0.0,0.0,0.06999999999999999,0.0,0.0
27853,2025-10-10T14:00:00.000000000,0.438,0.0,0.0,0.14600000000000002,0.3235504614701334,0.0
27853,2025-10-10T15:00:00.000000000,0.515,0.0,0.0,0.223,0.0,0.0
27853,2025-10-10T16:00:00.000000000,0.534,0.0,0.0,0.241,0.3232573903999611,0.0
27853,2025-10-10T17:00:00.000000000,0.5,0.0,0.0,0.20800000000000002,0.0,0.0
27853,2025-10-10T18:00:00.000000000,1.584,0.0,0.0,0.28800000000000003,0.3235504614701334,0.0
27853,2025-10-10T19:00:00.000000000,2.4179999999999997,0.0,0.0,0.374,0.0,0.0
27853,2025-10-10T20:00:00.000000000,0.738,0.0,0.0,0.17600000000000002,0.3235504614701334,0.0
27853,2025-10-10T21:00:00.000000000,1.163,0.0,0.0,0.107,1.2713423024071,0.0
27853,2025-10-10T22:00:00.000000000,1.031,0.011,0.0,0.034,1.7220856083319778,0.0
27853,2025-10-10T23:00:00.000000000,0.948,0.619,0.0,0.0,0.7376598836234833,0.0
27853,2025-10-11T00:00:00.000000000,1.061,0.75,0.0,0.0,2.0078299017498944,0.0
27853,2025-10-11T01:00:00.000000000,1.092,0.795,0.0,0.0,0.6904754413257556,0.0
27853,2025-10-11T02:00:00.000000000,1.146,0.853,0.0,0.0,0.0,0.0
27853,2025-10-11T03:00:00.000000000,1.218,0.924,0.0,0.0,0.3235504614701334,0.0
27853,2025-10-11T04:00:00.000000000,1.4889999999999999,1.1860000000000002,0.0,0.0,0.0,0.0
27853,2025-10-11T05:00:00.000000000,1.433,1.1380000000000001,0.0,0.0,0.3235504614701334,0.0
27853,2025-10-11T06:00:00.000000000,1.403,1.114,0.0,0.0,0.0,0.0
27853,2025-10-11T07:00:00.000000000,1.416,1.128,0.0,0.0,0.3232573903999611,0.0
27853,2025-10-11T08:00:00.000000000,1.463,1.1019999999999999,0.0,0.0,0.0,0.0
27853,2025-10-11T09:00:00.000000000,1.46,1.145,0.0,0.0,0.3235504614701334,0.0
27853,2025-10-11T10:00:00.000000000,1.4209999999999998,1.126,0.0,0.0,0.0,0.0
27853,2025-10-11T11:00:00.000000000,1.234,0.94,0.0,0.0,0.3235504614701334,0.0
27853,2025-10-11T12:00:00.000000000,0.95,0.658,0.0,0.0,0.3452377206628778,0.0
27853,2025-10-11T13:00:00.000000000,0.5459999999999999,0.254,0.0,0.0,0.3232573903999611,0.0
27853,2025-10-11T14:00:00.000000000,0.32299999999999995,0.008,0.0,0.021,0.0,0.0
27853,2025-10-11T15:00:00.000000000,0.386,0.0,0.0,0.092,0.3235504614701334,0.0
27853,2025-10-11T16:00:00.000000000,0.446,0.0,0.0,0.15200000000000002,0.0,0.0
27853,2025-10-11T17:00:00.000000000,0.53,0.0,0.0,0.238,0.3235504614701334,0.0
27853,2025-10-11T18:00:00.000000000,0.6739999999999999,0.0,0.0,0.379,0.0,0.0
27853,2025-10-11T19:00:00.000000000,2.436,0.0,0.0,0.5690000000000001,0.3232573903999611,0.0
27853,2025-10-11T20:00:00.000000000,1.0490000000000002,0.0,0.0,0.42299999999999993,0.0,0.0
27853,2025-10-11T21:00:00.000000000,0.842,0.0,0.0,0.266,1.6693328157009777,0.0
27853,2025-10-11T22:00:00.000000000,0.768,0.0,0.0,0.19000000000000003,0.3235504614701334,0.0
27853,2025-10-11T23:00:00.000000000,0.639,0.01,0.0,0.046,0.6904754413257556,0.0
27853,2025-10-12T00:00:00.000000000,0.516,0.04,0.0,0.026,0.7156795533605667,0.0
27853,2025-10-12T01:00:00.000000000,0.431,0.132,0.0,0.0,0.6468078518700945,0.0
27853,2025-10-12T02:00:00.000000000,0.7150000000000001,0.42100000000000004,0.0,0.0,0.37014876162751664,0.0
27853,2025-10-12T03:00:00.000000000,0.9540000000000001,0.661,0.0,0.0,0.3235504614701334,0.0
27853,2025-10-12T04:00:00.000000000,1.3290000000000002,1.0250000000000001,0.0,0.0,0.0,0.0
27853,2025-10-12T05:00:00.000000000,1.4000000000000001,1.106,0.0,0.0,0.3232573903999611,0.0
27853,2025-10-12T06:00:00.000000000,1.4889999999999999,1.2,0.0,0.0,0.0,0.0
27853,2025-10-12T07:00:00.000000000,1.663,1.3519999999999999,0.0,0.0,1.1974883927237,0.0
27853,2025-10-12T08:00:00.000000000,1.722,1.355,0.0,0.0,0.68314866457145,0.0
27853,2025-10-12T09:00:00.000000000,1.723,1.298,0.0,0.0,0.0,0.0
27853,2025-10-12T10:00:00.000000000,1.6280000000000001,1.182,0.0,0.0,0.3232573903999611,0.0
27853,2025-10-12T11:00:00.000000000,1.265,0.8190000000000001,0.0,0.0,0.0,0.0
27853,2025-10-12T12:00:00.000000000,0.647,0.19999999999999998,0.0,0.005,0.3235504614701334,0.0
27853,2025-10-12T13:00:00.000000000,0.551,0.0,0.0,0.106,0.8663180834290889,0.0
27853,2025-10-12T14:00:00.000000000,1.308,0.0,0.0,0.372,0.6684951110628389,0.0
27853,2025-10-12T15:00:00.000000000,0.921,0.0,0.0,0.46799999999999997,0.0,0.0
27853,2025-10-12T16:00:00.000000000,0.805,0.0,0.0,0.43499999999999994,0.3235504614701334,0.0
27853,2025-10-12T17:00:00.000000000,0.7909999999999999,0.0,0.0,0.372,0.0,0.0
27853,2025-10-12T18:00:00.000000000,1.823,0.0,0.0,0.438,0.3235504614701334,0.0
27853,2025-10-12T19:00:00.000000000,0.958,0.0,0.0,0.37300000000000005,0.3452377206628778,0.0
27853,2025-10-12T20:00:00.000000000,0.868,0.0,0.0,0.306,0.33029109608409446,0.0
27853,2025-10-12T21:00:00.000000000,0.7950000000000002,0.0,0.0,0.21699999999999997,0.3452377206628778,0.0
27853,2025-10-12T22:00:00.000000000,0.859,0.0,0.0,0.13,1.145907884373389,0.0
27853,2025-10-12T23:00:00.000000000,0.848,0.24600000000000002,0.0,0.02,1.0386438726903555,0.0
27853,2025-10-13T00:00:00.000000000,0.7230000000000001,0.273,0.0,0.0,0.3449446495927056,0.0
27853,2025-10-13T01:00:00.000000000,0.83,0.531,0.0,0.0,1.189282402758878,0.0
27853,2025-10-13T02:00:00.000000000,1.073,0.779,0.0,0.0,0.6687881821330112,0.0
27853,2025-10-13T03:00:00.000000000,1.273,0.978,0.0,0.0,0.0,0.0
27853,2025-10-13T04:00:00.000000000,1.6500000000000001,1.349,0.0,0.0,0.3235504614701334,0.0
27853,2025-10-13T05:00:00.000000000,1.6710000000000003,1.378,0.0,0.0,0.0,0.0
27853,2025-10-13T06:00:00.000000000,1.7329999999999999,1.4449999999999998,0.0,0.0,0.3232573903999611,0.0
27853,2025-10-13T07:00:00.000000000,1.837,1.548,0.0,0.0,0.0,0.0
27853,2025-10-13T08:00:00.000000000,1.9409999999999998,1.581,0.0,0.0,0.3235504614701334,0.0
27853,2025-10-13T09:00:00.000000000,1.9269999999999998,1.538,0.0,0.0,0.0,0.0
27853,2025-10-13T10:00:00.000000000,1.796,1.5030000000000001,0.0,0.0,0.3235504614701334,0.0
27853,2025-10-13T11:00:00.000000000,1.385,1.091,0.0,0.0,0.0,0.0
27853,2025-10-13T12:00:00.000000000,1.001,0.5960000000000001,0.0,0.0,4.559892780809605,0.0
27853,2025-10-13T13:00:00.000000000,0.506,0.012,0.0,0.048,2.187775538835639,0.0
27853,2025-10-13T14:00:00.000000000,0.7369999999999999,0.0,0.0,0.28600000000000003,1.0480221469358668,0.0
27853,2025-10-13T15:00:00.000000000,0.957,0.0,0.0,0.504,1.670798171051839,0.0
27853,2025-10-13T16:00:00.000000000,1.014,0.0,0.0,0.681,0.0,0.0
27853,2025-10-13T17:00:00.000000000,1.042,0.0,0.0,0.75,0.3452377206628778,0.0
27853,2025-10-13T18:00:00.000000000,1.0470000000000002,0.0,0.0,0.752,0.3232573903999611,0.0
27853,2025-10-13T19:00:00.000000000,1.037,0.0,0.0,0.6890000000000001,0.3235504614701334,0.0
27853,2025-10-13T20:00:00.000000000,1.017,0.0,0.0,0.513,0.7977394530087889,0.0
27853,2025-10-13T21:00:00.000000000,0.886,0.0,0.0,0.31,2.5209973456214554,0.0
27853,2025-10-13T22:00:00.000000000,0.79,0.0,0.0,0.21099999999999997,0.0,0.0
27853,2025-10-13T23:00:00.000000000,0.6739999999999999,0.047,0.0,0.045,0.3235504614701334,0.0
27853,2025-10-14T00:00:00.000000000,0.634,0.183,0.0,0.003,0.8669042255694334,0.0
27853,2025-10-14T01:00:00.000000000,0.685,0.388,0.0,0.0,0.3452377206628778,0.0
27853,2025-10-14T02:00:00.000000000,0.955,0.6619999999999999,0.0,0.0,0.3235504614701334,0.0
27853,2025-10-14T03:00:00.000000000,1.1900000000000002,0.898,0.0,0.0,0.0,0.0
27853,2025-10-14T04:00:00.000000000,1.5770000000000002,1.276,0.0,0.0,0.6687881821330112,0.0
27853,2025-10-14T05:00:00.000000000,1.583,1.288,0.0,0.0,0.0,0.0
27853,2025-10-14T06:00:00.000000000,1.619,1.3310000000000002,0.0,0.0,0.32355046147013333,0.0
27853,2025-10-14T07:00:00.000000000,1.6789999999999998,1.3880000000000001,0.0,0.0,0.0,0.0
27853,2025-10-14T08:00:00.000000000,1.764,1.4729999999999999,0.0,0.0,0.3232573903999611,0.0
27853,2025-10-14T09:00:00.000000000,1.82,1.527,0.0,0.0,0.0,0.0
27853,2025-10-14T10:00:00.000000000,1.79,1.4980000000000002,0.0,0.0,0.3235504614701334,0.0
27853,2025-10-14T11:00:00.000000000,1.358,1.064,0.0,0.0,0.0,0.0
27853,2025-10-14T12:00:00.000000000,0.614,0.322,0.0,0.0,0.3235504614701334,0.0
27853,2025-10-14T13:00:00.000000000,1.0519999999999998,0.0,0.0,0.159,0.0,0.0
27853,2025-10-14T14:00:00.000000000,0.7979999999999999,0.0,0.0,0.34600000000000003,0.3232573903999611,0.0
27853,2025-10-14T15:00:00.000000000,1.006,0.0,0.0,0.554,0.0,0.0
27853,2025-10-14T16:00:00.000000000,1.122,0.0,0.0,0.6739999999999999,0.3235504614701334,0.0
27853,2025-10-14T17:00:00.000000000,1.178,0.0,0.0,0.7209999999999999,0.69369922309765,0.0
27853,2025-10-14T18:00:00.000000000,1.149,0.0,0.0,0.671,0.3452377206628778,0.0
27853,2025-10-14T19:00:00.000000000,1.048,0.0,0.0,0.526,0.3452377206628778,0.0
27853,2025-10-14T20:00:00.000000000,0.9229999999999999,0.0,0.0,0.36100000000000004,0.3452377206628778,0.0
27853,2025-10-14T21:00:00.000000000,0.7709999999999999,0.0,0.0,0.194,1.7897850255417613,0.0
27853,2025-10-14T22:00:00.000000000,0.678,0.0,0.0,0.09999999999999999,1.5887382714036167,0.0
27853,2025-10-14T23:00:00.000000000,0.9410000000000001,0.355,0.0,0.003,2.5133774977969776,0.0
27853,2025-10-15T00:00:00.000000000,0.758,0.27099999999999996,0.0,0.0,1.181369483864228,0.0
27853,2025-10-15T01:00:00.000000000,0.642,0.25,0.0,0.0,0.0,0.0
27853,2025-10-15T02:00:00.000000000,0.714,0.369,0.0,0.0,0.3235504614701334,0.0
27853,2025-10-15T03:00:00.000000000,0.7969999999999999,0.48,0.0,0.0,0.3232573903999611,0.0
27853,2025-10-15T04:00:00.000000000,1.03,0.716,0.0,0.0,0.0,0.0
27853,2025-10-15T05:00:00.000000000,0.975,0.677,0.0,0.0,0.3235504614701334,0.0
27853,2025-10-15T06:00:00.000000000,0.954,0.666,0.0,0.0,0.0,0.0
27853,2025-10-15T07:00:00.000000000,0.993,0.704,0.0,0.0,0.3235504614701334,0.0
27853,2025-10-15T08:00:00.000000000,1.1460000000000001,0.8320000000000001,0.0,0.0,1.2933226326700167,0.0
27853,2025-10-15T09:00:00.000000000,1.12,0.829,0.0,0.0,0.0,0.0
27853,2025-10-15T10:00:00.000000000,1.105,0.8109999999999999,0.0,0.0,0.3232573903999611,0.0
27853,2025-10-15T11:00:00.000000000,0.8799999999999999,0.585,0.0,0.0,0.0,0.0
27853,2025-10-15T12:00:00.000000000,0.435,0.14300000000000002,0.0,0.001,0.3235504614701334,0.0
27853,2025-10-15T13:00:00.000000000,0.39199999999999996,0.0,0.0,0.103,0.0,0.0
27853,2025-10-15T14:00:00.000000000,0.5910000000000001,0.0,0.0,0.29800000000000004,0.3235504614701334,0.0
27853,2025-10-15T15:00:00.000000000,0.7719999999999999,0.0,0.0,0.479,0.26405703422517224,0.0
27853,2025-10-15T16:00:00.000000000,0.913,0.0,0.0,0.62,0.059200356174788894,0.0
27853,2025-10-15T17:00:00.000000000,1.01,0.0,0.0,0.7169999999999999,0.3235504614701334,0.0
27853,2025-10-15T18:00:00.000000000,1.016,0.0,0.0,0.7210000000000001,0.0,0.0
27853,2025-10-15T19:00:00.000000000,1.001,0.0,0.0,0.643,0.3235504614701334,0.0
27853,2025-10-15T20:00:00.000000000,1.0590000000000002,0.0,0.0,0.498,0.0,0.0
27853,2025-10-15T21:00:00.000000000,0.8989999999999999,0.0,0.0,0.322,0.32325739039996115,0.0
27853,2025-10-15T22:00:00.000000000,0.778,0.0,0.0,0.19999999999999998,0.0,0.0
27853,2025-10-15T23:00:00.000000000,0.653,0.026,0.0,0.044,0.3232573903999611,0.0
27853,2025-10-16T00:00:00.000000000,0.55,0.176,0.0,0.0,1.4899733207555779,0.0
27853,2025-10-16T01:00:00.000000000,0.7010000000000001,0.403,0.0,0.0,1.1450286711628723,0.0
27853,2025-10-16T02:00:00.000000000,0.992,0.6970000000000001,0.0,0.0,0.8683695809202945,0.0
27853,2025-10-16T03:00:00.000000000,1.2,0.906,0.0,0.0,0.3235504614701334,0.0
27853,2025-10-16T04:00:00.000000000,1.604,1.302,0.0,0.0,0.0,0.0
27853,2025-10-16T05:00:00.000000000,1.6179999999999999,1.323,0.0,0.0,0.3232573903999611,0.0
27853,2025-10-16T06:00:00.000000000,1.677,1.387,0.0,0.0,0.0,0.0
27853,2025-10-16T07:00:00.000000000,1.7910000000000001,1.503,0.0,0.0,0.3235504614701334,0.0
27853,2025-10-16T08:00:00.000000000,1.985,1.672,0.0,0.0,1.2232786468988557,0.0
27853,2025-10-16T09:00:00.000000000,2.052,1.662,0.0,0.0,0.3235504614701334,0.0
27853,2025-10-16T10:00:00.000000000,1.987,1.693,0.0,0.0,0.0,0.0
27853,2025-10-16T11:00:00.000000000,1.541,1.2480000000000002,0.0,0.0,0.3235504614701334,0.0
27853,2025-10-16T12:00:00.000000000,0.751,0.46,0.0,0.0,0.3452377206628778,0.0
27853,2025-10-16T13:00:00.000000000,0.374,0.019,0.0,0.064,0.6705466085540445,0.0
27853,2025-10-16T14:00:00.000000000,0.5800000000000001,0.0,0.0,0.28500000000000003,0.0,0.0
27853,2025-10-16T15:00:00.000000000,0.821,0.0,0.0,0.529,0.3232573903999611,0.0
27853,2025-10-16T16:00:00.000000000,1.15,0.0,0.0,0.742,0.0,0.0
27853,2025-10-16T17:00:00.000000000,1.118,0.0,0.0,0.825,0.3235504614701334,0.0
27853,2025-10-16T18:00:00.000000000,1.121,0.0,0.0,0.8260000000000001,0.0,0.0
27853,2025-10-16T19:00:00.000000000,1.061,0.0,0.0,0.7610000000000001,0.9351897849195612,0.0
27853,2025-10-16T20:00:00.000000000,0.8699999999999999,0.0,0.0,0.5660000000000001,0.4853256922052,0.0
27853,2025-10-16T21:00:00.000000000,0.673,0.0,0.0,0.36800000000000005,0.0,0.0
27853,2025-10-16T22:00:00.000000000,0.6000000000000001,0.0,0.0,0.22699999999999998,0.3235504614701334,0.0
27853,2025-10-16T23:00:00.000000000,0.673,0.0,0.0,0.091,0.0,0.0
27853,2025-10-17T00:00:00.000000000,0.8420000000000001,0.0,0.0,0.039,0.3235504614701334,0.0
27853,2025-10-17T01:00:00.000000000,1.091,0.05399999999999999,0.0,0.006,1.39531136508995,0.0
27853,2025-10-17T02:00:00.000000000,0.7349999999999999,0.38999999999999996,0.0,0.0,0.6810971670802444,0.0
27853,2025-10-17T03:00:00.000000000,0.941,0.6240000000000001,0.0,0.0,1.044212223023628,0.0
27853,2025-10-17T04:00:00.000000000,1.362,1.05,0.0,0.0,0.715972624430739,0.0
27853,2025-10-17T05:00:00.000000000,1.412,1.117,0.0,0.0,0.3235504614701334,0.0
27853,2025-10-17T06:00:00.000000000,1.797,1.085,0.0,0.0,0.34553079173305,0.0
27853,2025-10-17T07:00:00.000000000,2.127,0.778,0.0,0.0,0.3232573903999611,0.0
27853,2025-10-17T08:00:00.000000000,1.591,1.223,0.0,0.0,0.3707349037678611,0.0
27853,2025-10-17T09:00:00.000000000,1.6889999999999998,1.3969999999999998,0.0,0.0,0.3235504614701334,0.0
27853,2025-10-17T10:00:00.000000000,1.706,1.412,0.0,0.0,0.0,0.0
27853,2025-10-17T11:00:00.000000000,1.3800000000000001,1.087,0.0,0.0,0.8003770926403388,0.0
27853,2025-10-17T12:00:00.000000000,0.634,0.342,0.0,0.0,0.3235504614701334,0.0
27853,2025-10-17T13:00:00.000000000,0.37,0.0,0.0,0.079,0.0,0.0
27853,2025-10-17T14:00:00.000000000,0.601,0.0,0.0,0.30800000000000005,0.3235504614701334,0.0
27853,2025-10-17T15:00:00.000000000,0.842,0.0,0.0,0.548,0.0,0.0
27853,2025-10-17T16:00:00.000000000,1.008,0.0,0.0,0.716,0.3232573903999611,0.0
27853,2025-10-17T17:00:00.000000000,1.143,0.0,0.0,0.7670000000000001,0.0,0.0
27853,2025-10-17T18:00:00.000000000,1.209,0.0,0.0,0.7310000000000001,0.3235504614701334,0.0
27853,2025-10-17T19:00:00.000000000,1.615,0.0,0.0,0.671,0.0,0.0
27853,2025-10-17T20:00:00.000000000,3.1700000000000004,0.0,0.0,0.665,0.3235504614701334,0.0
27853,2025-10-17T21:00:00.000000000,1.544,0.0,0.0,0.416,0.7420559496760667,0.0
27853,2025-10-17T22:00:00.000000000,0.804,0.0,0.0,0.22699999999999998,0.7470381578689944,0.0
27853,2025-10-17T23:00:00.000000000,0.583,0.015,0.0,0.048,1.6760734503149388,0.0
27853,2025-10-18T00:00:00.000000000,0.396,0.078,0.0,0.007,0.3417208678208111,0.0
27853,2025-10-18T01:00:00.000000000,0.561,0.263,0.0,0.0,0.34553079173305,0.0
27853,2025-10-18T02:00:00.000000000,0.826,0.531,0.0,0.0,0.34553079173305,0.0
27853,2025-10-18T03:00:00.000000000,1.067,0.775,0.0,0.0,0.3232573903999611,0.0
27853,2025-10-18T04:00:00.000000000,1.44,1.137,0.0,0.0,0.0,0.0
27853,2025-10-18T05:00:00.000000000,1.5230000000000001,1.228,0.0,0.0,0.3235504614701334,0.0
27853,2025-10-18T06:00:00.000000000,1.637,1.342,0.0,0.0,0.0,0.0
27853,2025-10-18T07:00:00.000000000,1.789,1.483,0.0,0.0,0.3235504614701334,0.0
27853,2025-10-18T08:00:00.000000000,1.905,1.614,0.0,0.0,0.0,0.0
27853,2025-10-18T09:00:00.000000000,1.936,1.644,0.0,0.0,0.3232573903999611,0.0
27853,2025-10-18T10:00:00.000000000,1.947,1.654,0.0,0.0,0.6690812532031833,0.0
27853,2025-10-18T11:00:00.000000000,1.651,1.3559999999999999,0.0,0.0,1.7930088073136554,0.0
27853,2025-10-18T12:00:00.000000000,0.78,0.48799999999999993,0.0,0.0,0.0,0.0
27853,2025-10-18T13:00:00.000000000,0.357,0.009,0.0,0.057999999999999996,0.3232573903999611,0.0
27853,2025-10-18T14:00:00.000000000,0.557,0.0,0.0,0.265,0.0,0.0
27853,2025-10-18T15:00:00.000000000,0.7869999999999999,0.0,0.0,0.494,0.3235504614701334,0.0
27853,2025-10-18T16:00:00.000000000,0.97,0.0,0.0,0.677,0.0,0.0
27853,2025-10-18T17:00:00.000000000,1.026,0.0,0.0,0.734,0.3235504614701334,0.0
27853,2025-10-18T18:00:00.000000000,0.977,0.0,0.0,0.682,0.3232573903999611,0.0
27853,2025-10-18T19:00:00.000000000,0.863,0.0,0.0,0.562,0.0,0.0
27853,2025-10-18T20:00:00.000000000,0.848,0.0,0.0,0.41100000000000003,0.3235504614701334,0.0
27853,2025-10-18T21:00:00.000000000,0.8480000000000001,0.0,0.0,0.272,0.7745868384651833,0.0
27853,2025-10-18T22:00:00.000000000,0.752,0.0,0.0,0.17500000000000002,0.0,0.0
27853,2025-10-18T23:00:00.000000000,0.6779999999999999,0.063,0.0,0.032,0.3232573903999611,0.0
27853,2025-10-19T00:00:00.000000000,0.6259999999999999,0.134,0.0,0.004,1.2766175816702,0.0
27853,2025-10-19T01:00:00.000000000,0.46799999999999997,0.132,0.0,0.0,0.0,0.0
27853,2025-10-19T02:00:00.000000000,0.54,0.247,0.0,0.0,0.32325739039996115,0.0
27853,2025-10-19T03:00:00.000000000,0.639,0.347,0.0,0.0,0.34553079173305,0.0
27853,2025-10-19T04:00:00.000000000,0.868,0.562,0.0,0.0,0.0,0.0
27853,2025-10-19T05:00:00.000000000,0.9430000000000001,0.647,0.0,0.0,1.9996239117850725,0.0
27853,2025-10-19T06:00:00.000000000,0.866,0.5770000000000001,0.0,0.0,0.0,0.0
27853,2025-10-19T07:00:00.000000000,0.915,0.626,0.0,0.0,0.3235504614701334,0.0
27853,2025-10-19T08:00:00.000000000,1.592,0.341,0.0,0.007,0.0,0.0
27853,2025-10-19T09:00:00.000000000,2.06,0.106,0.0,0.044,0.4229015542585167,0.0
27853,2025-10-19T10:00:00.000000000,0.842,0.548,0.0,0.0,0.23035386115536668,0.0
27853,2025-10-19T11:00:00.000000000,0.7390000000000001,0.445,0.0,0.0,0.3232573903999611,0.0
27853,2025-10-19T12:00:00.000000000,0.438,0.14600000000000002,0.0,0.0,0.7874819655527612,0.0
27853,2025-10-19T13:00:00.000000000,0.378,0.0,0.0,0.088,0.34553079173305,0.0
27853,2025-10-19T14:00:00.000000000,0.5890000000000001,0.0,0.0,0.29700000000000004,0.3235504614701334,0.0
27853,2025-10-19T15:00:00.000000000,0.7939999999999999,0.0,0.0,0.501,0.0,0.0
27853,2025-10-19T16:00:00.000000000,0.979,0.0,0.0,0.685,0.3235504614701334,0.0
27853,2025-10-19T17:00:00.000000000,1.088,0.0,0.0,0.796,0.2332845718570889,0.0
27853,2025-10-19T18:00:00.000000000,1.1720000000000002,0.0,0.0,0.7830000000000001,0.08997281854287222,0.0
27853,2025-10-19T19:00:00.000000000,2.157,0.0,0.0,0.728,0.3232573903999611,0.0
27853,2025-10-19T20:00:00.000000000,1.6590000000000003,0.0,0.0,0.547,0.0,0.0
27853,2025-10-19T21:00:00.000000000,0.887,0.0,0.0,0.31,0.9199500892706055,0.0
27853,2025-10-19T22:00:00.000000000,0.746,0.0,0.0,0.168,1.4548047923349112,0.0
27853,2025-10-19T23:00:00.000000000,0.8520000000000001,0.243,0.0,0.026,2.594558184234683,0.0
27853,2025-10-20T00:00:00.000000000,0.675,0.18700000000000003,0.0,0.0,0.6975091470098889,0.0
27853,2025-10-20T01:00:00.000000000,0.66,0.28800000000000003,0.0,0.0,0.3235504614701334,0.0
27853,2025-10-20T02:00:00.000000000,0.736,0.441,0.0,0.0,0.0,0.0
27853,2025-10-20T03:00:00.000000000,0.856,0.5630000000000001,0.0,0.0,0.7189033351324612,0.0
27853,2025-10-20T04:00:00.000000000,1.067,0.7659999999999999,0.0,0.0,0.0,0.0
27853,2025-10-20T05:00:00.000000000,1.02,0.7270000000000001,0.0,0.0,0.3232573903999611,0.0
27853,2025-10-20T06:00:00.000000000,1.021,0.732,0.0,0.0,0.0,0.0
27853,2025-10-20T07:00:00.000000000,1.073,0.7849999999999999,0.0,0.0,0.3235504614701334,0.0
27853,2025-10-20T08:00:00.000000000,1.122,0.83,0.0,0.0,0.0,0.0
27853,2025-10-20T09:00:00.000000000,1.1509999999999998,0.858,0.0,0.0,0.3235504614701334,0.0
27853,2025-10-20T10:00:00.000000000,1.1569999999999998,0.863,0.0,0.0,0.0,0.0
27853,2025-10-20T11:00:00.000000000,1.198,0.7909999999999999,0.0,0.0,1.9442334795225222,0.0
27853,2025-10-20T12:00:00.000000000,0.962,0.517,0.0,0.0,0.8273396310961834,0.0
27853,2025-10-20T13:00:00.000000000,0.72,0.273,0.0,0.004,2.406699628254289,0.0
27853,2025-10-20T14:00:00.000000000,0.54,0.0,0.0,0.089,0.7021982841326444,0.0
27853,2025-10-20T15:00:00.000000000,0.653,0.0,0.0,0.201,0.8707141494816723,0.0
27853,2025-10-20T16:00:00.000000000,0.73,0.0,0.0,0.28200000000000003,1.8519160924182723,0.0
27853,2025-10-20T17:00:00.000000000,0.883,0.0,0.0,0.427,0.2579025417515556,0.0
27853,2025-10-20T18:00:00.000000000,0.879,0.0,0.0,0.494,0.8015493769210278,0.0
27853,2025-10-20T19:00:00.000000000,0.7569999999999999,0.0,0.0,0.45599999999999996,0.9650830340771278,0.0
27853,2025-10-20T20:00:00.000000000,0.652,0.0,0.0,0.34700000000000003,0.5940550592390944,0.0
27853,2025-10-20T21:00:00.000000000,0.501,0.0,0.0,0.197,1.1300820465840888,0.0
27853,2025-10-20T22:00:00.000000000,0.622,0.0,0.0,0.11199999999999999,1.1936784688114612,0.0
27853,2025-10-20T23:00:00.000000000,0.749,0.21000000000000002,0.0,0.019,0.0,0.0
27853,2025-10-21T00:00:00.000000000,0.642,0.15399999999999997,0.0,0.0,0.3235504614701334,0.0
27853,2025-10-21T01:00:00.000000000,0.704,0.31300000000000006,0.0,0.0,0.0,0.0
27853,2025-10-21T02:00:00.000000000,0.822,0.478,0.0,0.0,0.3235504614701334,0.0
27853,2025-10-21T03:00:00.000000000,0.971,0.6539999999999999,0.0,0.0,0.0,0.0
27853,2025-10-21T04:00:00.000000000,1.2690000000000001,0.9560000000000001,0.0,0.0,0.32325739039996115,0.0
27853,2025-10-21T05:00:00.000000000,1.214,0.9179999999999999,0.0,0.0,0.0,0.0
27853,2025-10-21T06:00:00.000000000,1.211,0.922,0.0,0.0,0.3232573903999611,0.0
27853,2025-10-21T07:00:00.000000000,1.221,0.9319999999999999,0.0,0.0,0.34553079173305,0.0
27853,2025-10-21T08:00:00.000000000,1.165,0.874,0.0,0.0,0.0,0.0
27853,2025-10-21T09:00:00.000000000,1.216,0.923,0.0,0.0,1.1942646109518056,0.0
27853,2025-10-21T10:00:00.000000000,1.154,0.859,0.0,0.0,0.34553079173305,0.0
27853,2025-10-21T11:00:00.000000000,1.0430000000000001,0.637,0.0,0.0,0.0,0.0
27853,2025-10-21T12:00:00.000000000,0.6930000000000001,0.251,0.0,0.0,0.3235504614701334,0.0
27853,2025-10-21T13:00:00.000000000,0.504,0.0,0.0,0.057999999999999996,0.32237817718944445,0.0
27853,2025-10-21T14:00:00.000000000,0.655,0.0,0.0,0.204,0.001172284280688889,0.0
27853,2025-10-21T15:00:00.000000000,0.825,0.0,0.0,0.373,0.8021355190613723,0.0
27853,2025-10-21T16:00:00.000000000,0.98,0.0,0.0,0.533,0.3235504614701334,0.0
27853,2025-10-21T17:00:00.000000000,1.069,0.0,0.0,0.612,0.0,0.0
27853,2025-10-21T18:00:00.000000000,1.0950000000000002,0.0,0.0,0.617,0.6951645784485112,0.0
27853,2025-10-21T19:00:00.000000000,0.8640000000000001,0.0,0.0,0.516,0.34553079173305,0.0
27853,2025-10-21T20:00:00.000000000,0.645,0.0,0.0,0.342,1.7991632997872724,0.0
27853,2025-10-21T21:00:00.000000000,0.514,0.0,0.0,0.21,0.34553079173305,0.0
27853,2025-10-21T22:00:00.000000000,0.5609999999999999,0.0,0.0,0.119,0.6468078518700945,0.0
27853,2025-10-21T23:00:00.000000000,0.63,0.022,0.0,0.026,0.0,0.0
27853,2025-10-22T00:00:00.000000000,0.524,0.032,0.0,0.004,0.3232573903999611,0.0
27853,2025-10-22T01:00:00.000000000,0.45499999999999996,0.064,0.0,0.0,0.3610635584521778,0.0
27853,2025-10-22T02:00:00.000000000,0.369,0.074,0.0,0.0,0.3232573903999611,0.0
27853,2025-10-22T03:00:00.000000000,0.397,0.104,0.0,0.0,0.0,0.0
27853,2025-10-22T04:00:00.000000000,0.506,0.20299999999999999,0.0,0.0,0.3235504614701334,0.0
27853,2025-10-22T05:00:00.000000000,0.542,0.248,0.0,0.0,0.0,0.0
27853,2025-10-22T06:00:00.000000000,0.576,0.28800000000000003,0.0,0.0,0.3235504614701334,0.0
27853,2025-10-22T07:00:00.000000000,0.558,0.27,0.0,0.0,0.0,0.0
27853,2025-10-22T08:00:00.000000000,0.663,0.349,0.0,0.0,0.3232573903999611,0.0
27853,2025-10-22T09:00:00.000000000,0.9219999999999999,0.497,0.0,0.0,1.2423282664600501,0.0
27853,2025-10-22T10:00:00.000000000,0.9149999999999999,0.583,0.0,0.0,0.7912918894650001,0.0
27853,2025-10-22T11:00:00.000000000,0.7070000000000001,0.414,0.0,0.0,0.3235504614701334,0.0
27853,2025-10-22T12:00:00.000000000,0.416,0.12,0.0,0.004,0.6951645784485112,0.0
27853,2025-10-22T13:00:00.000000000,0.33499999999999996,0.014,0.0,0.031,2.538874680901961,0.0
27853,2025-10-22T14:00:00.000000000,0.46599999999999997,0.0,0.0,0.17300000000000001,0.3235504614701334,0.0
27853,2025-10-22T15:00:00.000000000,0.5710000000000001,0.0,0.0,0.278,0.0,0.0
27853,2025-10-22T16:00:00.000000000,0.6739999999999999,0.0,0.0,0.382,0.3235504614701334,0.0
27853,2025-10-22T17:00:00.000000000,0.7710000000000001,0.0,0.0,0.479,0.0,0.0
27853,2025-10-22T18:00:00.000000000,0.8140000000000001,0.0,0.0,0.519,0.3232573903999611,0.0
27853,2025-10-22T19:00:00.000000000,0.7530000000000001,0.0,0.0,0.45299999999999996,0.0,0.0
27853,2025-10-22T20:00:00.000000000,0.641,0.0,0.0,0.338,0.3235504614701334,0.0
27853,2025-10-22T21:00:00.000000000,2.861,0.0,0.0,0.406,0.0,0.0
27853,2025-10-22T22:00:00.000000000,2.4459999999999997,0.0,0.0,0.34600000000000003,0.3235504614701334,0.0
27853,2025-10-22T23:00:00.000000000,0.6819999999999999,0.0,0.0,0.161,0.22332015547123335,0.0
27853,2025-10-23T00:00:00.000000000,0.399,0.0,0.0,0.08800000000000001,0.4454680266617778,0.0
27853,2025-10-23T01:00:00.000000000,0.32099999999999995,0.0,0.0,0.023,2.554114376550917,0.0
27853,2025-10-23T02:00:00.000000000,0.328,0.0,0.0,0.034,0.0,0.0
27853,2025-10-23T03:00:00.000000000,0.313,0.0,0.0,0.021,0.3458238628032222,0.0
27853,2025-10-23T04:00:00.000000000,0.32899999999999996,0.021,0.0,0.005,0.3232573903999611,0.0
27853,2025-10-23T05:00:00.000000000,0.367,0.074,0.0,0.0,0.0,0.0
27853,2025-10-23T06:00:00.000000000,0.45,0.161,0.0,0.0,0.3235504614701334,0.0
27853,2025-10-23T07:00:00.000000000,0.7109999999999999,0.402,0.0,0.0,1.1110324270228946,0.0
27853,2025-10-23T08:00:00.000000000,0.845,0.547,0.0,0.0,0.3232573903999611,0.0
27853,2025-10-23T09:00:00.000000000,1.059,0.767,0.0,0.0,0.0,0.0
27853,2025-10-23T10:00:00.000000000,1.203,0.911,0.0,0.0,0.3235504614701334,0.0
27853,2025-10-23T11:00:00.000000000,1.0350000000000001,0.7420000000000001,0.0,0.0,0.6755288167469722,0.0
27853,2025-10-23T12:00:00.000000000,0.467,0.17099999999999999,0.0,0.004,0.0,0.0
27853,2025-10-23T13:00:00.000000000,0.383,0.0,0.0,0.092,0.3232573903999611,0.0
27853,2025-10-23T14:00:00.000000000,0.5650000000000001,0.0,0.0,0.274,0.0,0.0
27853,2025-10-23T15:00:00.000000000,0.728,0.0,0.0,0.435,0.3235504614701334,0.0
27853,2025-10-23T16:00:00.000000000,0.858,0.0,0.0,0.5640000000000001,0.0,0.0
27853,2025-10-23T17:00:00.000000000,0.973,0.0,0.0,0.681,0.3235504614701334,0.0
27853,2025-10-23T18:00:00.000000000,1.017,0.0,0.0,0.722,0.0,0.0
27853,2025-10-23T19:00:00.000000000,0.9189999999999999,0.0,0.0,0.618,0.3232573903999611,0.0
27853,2025-10-23T20:00:00.000000000,0.739,0.0,0.0,0.43399999999999994,0.0,0.0
27853,2025-10-23T21:00:00.000000000,0.7959999999999999,0.0,0.0,0.28600000000000003,0.3235504614701334,0.0
27853,2025-10-23T22:00:00.000000000,0.762,0.0,0.0,0.18400000000000002,0.0,0.0
27853,2025-10-23T23:00:00.000000000,0.635,0.0,0.0,0.053,0.3235504614701334,0.0
27853,2025-10-24T00:00:00.000000000,0.42400000000000004,0.048,0.0,0.005,0.0,0.0
27853,2025-10-24T01:00:00.000000000,0.651,0.35400000000000004,0.0,0.0,1.536571620912961,0.0
27853,2025-10-24T02:00:00.000000000,0.9760000000000001,0.6819999999999999,0.0,0.0,1.1834209813554333,0.0
27853,2025-10-24T03:00:00.000000000,1.168,0.875,0.0,0.0,0.3235504614701334,0.0
27853,2025-10-24T04:00:00.000000000,1.569,1.266,0.0,0.0,0.0,0.0
27853,2025-10-24T05:00:00.000000000,1.6,1.304,0.0,0.0,0.3235504614701334,0.0
27853,2025-10-24T06:00:00.000000000,1.69,1.4009999999999998,0.0,0.0,0.3232573903999611,0.0
27853,2025-10-24T07:00:00.000000000,2.084,1.367,0.0,0.0,0.0,0.0
27853,2025-10-24T08:00:00.000000000,2.74,0.849,0.0,0.0,0.3235504614701334,0.0
27853,2025-10-24T09:00:00.000000000,1.8809999999999998,1.454,0.0,0.0,0.0,0.0
27853,2025-10-24T10:00:00.000000000,1.943,1.497,0.0,0.0,0.3235504614701334,0.0
27853,2025-10-24T11:00:00.000000000,1.644,1.198,0.0,0.0,1.2443797639512555,0.0
27853,2025-10-24T12:00:00.000000000,0.8170000000000001,0.376,0.0,0.0,0.3235504614701334,0.0
27853,2025-10-24T13:00:00.000000000,0.51,0.0,0.0,0.066,0.87305871804305,0.0
27853,2025-10-24T14:00:00.000000000,0.7070000000000001,0.0,0.0,0.256,0.5861421403444445,0.0
27853,2025-10-24T15:00:00.000000000,0.9,0.0,0.0,0.448,0.8323218392891112,0.0
27853,2025-10-24T16:00:00.000000000,0.858,0.0,0.0,0.5660000000000001,0.3232573903999611,0.0
27853,2025-10-24T17:00:00.000000000,0.885,0.0,0.0,0.592,0.3458238628032222,0.0
27853,2025-10-24T18:00:00.000000000,1.2999999999999998,0.0,0.0,0.537,0.3235504614701334,0.0
27853,2025-10-24T19:00:00.000000000,1.006,0.0,0.0,0.41899999999999993,0.0,0.0
27853,2025-10-24T20:00:00.000000000,0.853,0.0,0.0,0.29200000000000004,0.3235504614701334,0.0
27853,2025-10-24T21:00:00.000000000,0.7709999999999999,0.0,0.0,0.194,0.0,0.0
27853,2025-10-24T22:00:00.000000000,0.7040000000000001,0.0,0.0,0.126,0.3232573903999611,0.0
27853,2025-10-24T23:00:00.000000000,0.7649999999999999,0.161,0.0,0.022,1.6869170799113111,0.0
27853,2025-10-25T00:00:00.000000000,0.471,0.162,0.0,0.0,1.0612103450936168,0.0
27853,2025-10-25T01:00:00.000000000,0.443,0.14400000000000002,0.0,0.0,0.0,0.0
27853,2025-10-25T02:00:00.000000000,0.489,0.194,0.0,0.0,0.3235504614701334,0.0
27853,2025-10-25T03:00:00.000000000,0.511,0.218,0.0,0.0,0.0,0.0
27853,2025-10-25T04:00:00.000000000,0.6150000000000001,0.31100000000000005,0.0,0.0,0.3232573903999611,0.0
27853,2025-10-25T05:00:00.000000000,0.5670000000000001,0.271,0.0,0.0,0.0,0.0
27853,2025-10-25T06:00:00.000000000,0.562,0.271,0.0,0.0,0.3235504614701334,0.0
27853,2025-10-25T07:00:00.000000000,0.5680000000000001,0.279,0.0,0.0,0.0,0.0
27853,2025-10-25T08:00:00.000000000,0.715,0.355,0.0,0.0,1.6107186016665334,0.0
27853,2025-10-25T09:00:00.000000000,0.6970000000000001,0.271,0.0,0.0,0.0,0.0
27853,2025-10-25T10:00:00.000000000,0.7289999999999999,0.32199999999999995,0.0,0.0,0.3235504614701334,0.0
27853,2025-10-25T11:00:00.000000000,0.756,0.46399999999999997,0.0,0.0,0.3232573903999611,0.0
27853,2025-10-25T12:00:00.000000000,0.8300000000000001,0.537,0.0,0.0,0.3235504614701334,0.0
27853,2025-10-25T13:00:00.000000000,0.8360000000000001,0.544,0.0,0.0,1.2191756519164443,0.0
27853,2025-10-25T14:00:00.000000000,0.7340000000000001,0.44099999999999995,0.0,0.0,1.0723470457601612,0.0
27853,2025-10-25T15:00:00.000000000,0.656,0.364,0.0,0.0,0.0,0.0
27853,2025-10-25T16:00:00.000000000,0.638,0.343,0.0,0.0,0.3232573903999611,0.0
27853,2025-10-25T17:00:00.000000000,0.5630000000000001,0.27,0.0,0.0,0.0,0.0
27853,2025-10-25T18:00:00.000000000,0.563,0.085,0.0,0.0,0.3235504614701334,0.0
27853,2025-10-25T19:00:00.000000000,0.5900000000000001,0.069,0.0,0.0,0.0,0.0
27853,2025-10-25T20:00:00.000000000,0.614,0.184,0.0,0.0,0.7098181319571223,0.0
27853,2025-10-25T21:00:00.000000000,0.7689999999999999,0.19200000000000003,0.0,0.0,1.1781457020923334,0.0
27853,2025-10-25T22:00:00.000000000,0.8310000000000001,0.253,0.0,0.0,1.599581900999989,0.0
27853,2025-10-25T23:00:00.000000000,1.077,0.557,0.0,0.0,1.443961162738539,0.0
27853,2025-10-26T00:00:00.000000000,0.7710000000000001,0.45999999999999996,0.0,0.0,0.6951645784485111,0.0
27853,2025-10-26T01:00:00.000000000,0.675,0.377,0.0,0.0,0.3235504614701334,0.0
27853,2025-10-26T02:00:00.000000000,0.6930000000000001,0.39999999999999997,0.0,0.0,0.0,0.0
27853,2025-10-26T03:00:00.000000000,0.7569999999999999,0.46399999999999997,0.0,0.0,0.3232573903999611,0.0
27853,2025-10-26T04:00:00.000000000,0.9209999999999999,0.6180000000000001,0.0,0.0,0.0,0.0
27853,2025-10-26T05:00:00.000000000,0.851,0.556,0.0,0.0,0.3235504614701334,0.0
27853,2025-10-26T06:00:00.000000000,0.831,0.543,0.0,0.0,0.0,0.0
27853,2025-10-26T07:00:00.000000000,0.9159999999999999,0.6050000000000001,0.0,0.0,1.4128956293002835,0.0
27853,2025-10-26T08:00:00.000000000,1.001,0.632,0.0,0.0,1.584928347491378,0.0
27853,2025-10-26T09:00:00.000000000,1.0099999999999998,0.5840000000000001,0.0,0.0,0.8522506720608222,0.0
27853,2025-10-26T10:00:00.000000000,0.9,0.608,0.0,0.0,0.3232573903999611,0.0
27853,2025-10-26T11:00:00.000000000,0.957,0.662,0.0,0.0,2.1341435329941225,0.0
27853,2025-10-26T12:00:00.000000000,0.7510000000000001,0.45999999999999996,0.0,0.0,0.3235504614701334,0.0
27853,2025-10-26T13:00:00.000000000,0.7409999999999999,0.44899999999999995,0.0,0.0,1.521624996334178,0.0
27853,2025-10-26T14:00:00.000000000,0.672,0.38000000000000006,0.0,0.0,0.0,0.0
27853,2025-10-26T15:00:00.000000000,0.538,0.245,0.0,0.0,0.3232573903999611,0.0
27853,2025-10-26T16:00:00.000000000,0.42600000000000005,0.133,0.0,0.0,0.0,0.0
27853,2025-10-26T17:00:00.000000000,0.328,0.026,0.0,0.009000000000000001,0.3235504614701334,0.0
27853,2025-10-26T18:00:00.000000000,0.352,0.0,0.0,0.056999999999999995,0.0,0.0
27853,2025-10-26T19:00:00.000000000,1.545,0.0,0.0,0.214,0.3235504614701334,0.0
27853,2025-10-26T20:00:00.000000000,0.394,0.0,0.0,0.08900000000000001,0.0,0.0
27853,2025-10-26T21:00:00.000000000,0.335,0.0,0.0,0.030999999999999996,0.3232573903999611,0.0
27853,2025-10-26T22:00:00.000000000,0.6,0.0,0.0,0.020999999999999998,0.0,0.0
27853,2025-10-26T23:00:00.000000000,0.7909999999999999,0.395,0.0,0.0,0.7417628786058945,0.0
27853,2025-10-27T00:00:00.000000000,0.663,0.35200000000000004,0.0,0.0,0.0,0.0
27853,2025-10-27T01:00:00.000000000,0.7739999999999999,0.476,0.0,0.0,0.3235504614701334,0.0
27853,2025-10-27T02:00:00.000000000,1.0270000000000001,0.7330000000000001,0.0,0.0,0.6693743242733556,0.0
27853,2025-10-27T03:00:00.000000000,1.1889999999999998,0.897,0.0,0.0,0.0,0.0
27853,2025-10-27T04:00:00.000000000,1.5310000000000001,1.228,0.0,0.0,0.3232573903999611,0.0
27853,2025-10-27T05:00:00.000000000,1.5310000000000001,1.237,0.0,0.0,0.0,0.0
27853,2025-10-27T06:00:00.000000000,1.602,1.312,0.0,0.0,0.3235504614701334,0.0
27853,2025-10-27T07:00:00.000000000,1.642,1.354,0.0,0.0,0.0,0.0
27853,2025-10-27T08:00:00.000000000,1.608,1.316,0.0,0.0,0.3235504614701334,0.0
27853,2025-10-27T09:00:00.000000000,1.704,1.4100000000000001,0.0,0.0,0.0,0.0
27853,2025-10-27T10:00:00.000000000,2.031,1.2,0.0,0.0,0.3232573903999611,0.0
27853,2025-10-27T11:00:00.000000000,1.899,0.5309999999999999,0.0,0.0,0.0,0.0
27853,2025-10-27T12:00:00.000000000,0.6890000000000001,0.35900000000000004,0.0,0.0,0.3235504614701334,0.0
27853,2025-10-27T13:00:00.000000000,0.537,0.0,0.0,0.093,0.0,0.0
27853,2025-10-27T14:00:00.000000000,0.7699999999999999,0.0,0.0,0.32,0.3235504614701334,0.0
27853,2025-10-27T15:00:00.000000000,0.985,0.0,0.0,0.533,0.3232573903999611,0.0
27853,2025-10-27T16:00:00.000000000,1.112,0.0,0.0,0.665,0.8745240733939111,0.0
27853,2025-10-27T17:00:00.000000000,1.184,0.0,0.0,0.726,0.7438143760971,0.0
27853,2025-10-27T18:00:00.000000000,1.6109999999999998,0.0,0.0,0.712,0.37190718804855,0.0
27853,2025-10-27T19:00:00.000000000,1.163,0.0,0.0,0.576,0.3235504614701334,0.0
27853,2025-10-27T20:00:00.000000000,0.9289999999999999,0.0,0.0,0.36800000000000005,0.3458238628032222,0.0
27853,2025-10-27T21:00:00.000000000,0.766,0.0,0.0,0.19,2.095751222801561,0.0
27853,2025-10-27T22:00:00.000000000,0.6930000000000001,0.0,0.0,0.115,0.3232573903999611,0.0
27853,2025-10-27T23:00:00.000000000,0.84,0.243,0.0,0.016,0.3458238628032222,0.0
27853,2025-10-28T00:00:00.000000000,0.7000000000000001,0.21300000000000002,0.0,0.0,0.3458238628032222,0.0
27853,2025-10-28T01:00:00.000000000,0.7190000000000001,0.32799999999999996,0.0,0.0,0.3458238628032222,0.0
27853,2025-10-28T02:00:00.000000000,0.822,0.509,0.0,0.0,0.3235504614701334,0.0
27853,2025-10-28T03:00:00.000000000,0.972,0.679,0.0,0.0,0.0,0.0
27853,2025-10-28T04:00:00.000000000,1.2810000000000001,0.978,0.0,0.0,0.3235504614701334,0.0
27853,2025-10-28T05:00:00.000000000,1.196,0.8999999999999999,0.0,0.0,0.0,0.0
27853,2025-10-28T06:00:00.000000000,1.121,0.832,0.0,0.0,0.3232573903999611,0.0
27853,2025-10-28T07:00:00.000000000,1.094,0.8050000000000002,0.0,0.0,0.0,0.0
27853,2025-10-28T08:00:00.000000000,1.088,0.798,0.0,0.0,0.3235504614701334,0.0
27853,2025-10-28T09:00:00.000000000,1.06,0.7670000000000001,0.0,0.0,0.0,0.0
27853,2025-10-28T10:00:00.000000000,1.032,0.7369999999999999,0.0,0.0,0.3235504614701334,0.0
27853,2025-10-28T11:00:00.000000000,1.01,0.7169999999999999,0.0,0.0,0.0,0.0
27853,2025-10-28T12:00:00.000000000,1.021,0.615,0.0,0.0,0.3232573903999611,0.0
27853,2025-10-28T13:00:00.000000000,0.9179999999999999,0.473,0.0,0.0,0.0,0.0
27853,2025-10-28T14:00:00.000000000,0.8089999999999999,0.35900000000000004,0.0,0.0,0.3235504614701334,0.0
27853,2025-10-28T15:00:00.000000000,0.75,0.298,0.0,0.0,0.0,0.0
27853,2025-10-28T16:00:00.000000000,0.667,0.29700000000000004,0.0,0.0,0.3235504614701334,0.0
27853,2025-10-28T17:00:00.000000000,0.36800000000000005,0.061,0.0,0.015,0.3461169338733945,0.0
27853,2025-10-28T18:00:00.000000000,0.344,0.0,0.0,0.049,2.0963373649419057,0.0
27853,2025-10-28T19:00:00.000000000,0.33,0.0,0.0,0.028999999999999998,1.1503039504259722,0.0
27853,2025-10-28T20:00:00.000000000,0.39599999999999996,0.092,0.0,0.0,0.0,0.0
27853,2025-10-28T21:00:00.000000000,0.5820000000000001,0.277,0.0,0.0,0.3235504614701334,0.0
27853,2025-10-28T22:00:00.000000000,0.6930000000000001,0.389,0.0,0.0,0.0,0.0
27853,2025-10-28T23:00:00.000000000,1.138,0.81,0.0,0.0,0.3232573903999611,0.0
27853,2025-10-29T00:00:00.000000000,1.0230000000000001,0.7140000000000001,0.0,0.0,0.0,0.0
27853,2025-10-29T01:00:00.000000000,0.996,0.68,0.0,0.0,1.067950979707578,0.0
27853,2025-10-29T02:00:00.000000000,1.0339999999999998,0.6880000000000001,0.0,0.0,0.8680765098501223,0.0
27853,2025-10-29T03:00:00.000000000,1.101,0.7870000000000001,0.0,0.0,1.5541558851232946,0.0
27853,2025-10-29T04:00:00.000000000,1.245,0.941,0.0,0.0,0.0,0.0
27853,2025-10-29T05:00:00.000000000,1.214,0.9199999999999999,0.0,0.0,0.3235504614701334,0.0
27853,2025-10-29T06:00:00.000000000,1.2590000000000001,0.964,0.0,0.0,0.0,0.0
27853,2025-10-29T07:00:00.000000000,1.422,1.116,0.0,0.0,0.3461169338733945,0.0
27853,2025-10-29T08:00:00.000000000,1.492,1.2009999999999998,0.0,0.0,0.3235504614701334,0.0
27853,2025-10-29T09:00:00.000000000,1.4939999999999998,1.201,0.0,0.0,0.0,0.0
27853,2025-10-29T10:00:00.000000000,1.6059999999999999,1.313,0.0,0.0,2.0265864502409165,0.0
27853,2025-10-29T11:00:00.000000000,1.315,1.023,0.0,0.0,0.0,0.0
27853,2025-10-29T12:00:00.000000000,0.9259999999999999,0.634,0.0,0.0,0.3235504614701334,0.0
27853,2025-10-29T13:00:00.000000000,0.52,0.229,0.0,0.0,0.3232573903999611,0.0
27853,2025-10-29T14:00:00.000000000,0.33399999999999996,0.002,0.0,0.039999999999999994,0.0,0.0
27853,2025-10-29T15:00:00.000000000,0.454,0.0,0.0,0.162,0.3235504614701334,0.0
27853,2025-10-29T16:00:00.000000000,0.5640000000000001,0.0,0.0,0.27,0.0,0.0
27853,2025-10-29T17:00:00.000000000,0.6839999999999999,0.0,0.0,0.349,0.3235504614701334,0.0
27853,2025-10-29T18:00:00.000000000,0.794,0.0,0.0,0.36200000000000004,0.0,0.0
27853,2025-10-29T19:00:00.000000000,0.562,0.0,0.0,0.262,0.3232573903999611,0.0
27853,2025-10-29T20:00:00.000000000,0.45999999999999996,0.0,0.0,0.154,0.0,0.0
27853,2025-10-29T21:00:00.000000000,0.371,0.013,0.0,0.05399999999999999,0.7259370408165945,0.0
27853,2025-10-29T22:00:00.000000000,2.043,0.0,0.0,0.142,0.6471009229402668,0.0
27853,2025-10-29T23:00:00.000000000,2.2390000000000003,0.106,0.0,0.09,0.0,0.0
27853,2025-10-30T00:00:00.000000000,0.61,0.3,0.0,0.0,0.3235504614701334,0.0
27853,2025-10-30T01:00:00.000000000,0.649,0.35200000000000004,0.0,0.0,0.0,0.0
27853,2025-10-30T02:00:00.000000000,0.853,0.559,0.0,0.0,0.7271093250972834,0.0
27853,2025-10-30T03:00:00.000000000,0.958,0.665,0.0,0.0,0.0,0.0
27853,2025-10-30T04:00:00.000000000,1.19,0.886,0.0,0.0,0.3232573903999611,0.0
27853,2025-10-30T05:00:00.000000000,1.112,0.819,0.0,0.0,0.0,0.0
27853,2025-10-30T06:00:00.000000000,1.07,0.7769999999999999,0.0,0.0,0.3235504614701334,0.0
27853,2025-10-30T07:00:00.000000000,1.046,0.7569999999999999,0.0,0.0,0.03135860450842778,0.0
27853,2025-10-30T08:00:00.000000000,1.1110000000000002,0.798,0.0,0.0,1.1728704228292335,0.0
27853,2025-10-30T09:00:00.000000000,1.3900000000000001,0.479,0.0,0.0,0.3235504614701334,0.0
27853,2025-10-30T10:00:00.000000000,1.0499999999999998,0.718,0.0,0.0,1.222399433688339,0.0
27853,2025-10-30T11:00:00.000000000,0.829,0.536,0.0,0.0,0.0,0.0
27853,2025-10-30T12:00:00.000000000,0.517,0.225,0.0,0.0,0.3232573903999611,0.0
27853,2025-10-30T13:00:00.000000000,0.326,0.026000000000000002,0.0,0.01,1.2226925047585113,0.0
27853,2025-10-30T14:00:00.000000000,0.413,0.0,0.0,0.12,0.3461169338733945,0.0
27853,2025-10-30T15:00:00.000000000,0.479,0.0,0.0,0.186,0.3235504614701334,0.0
27853,2025-10-30T16:00:00.000000000,0.544,0.0,0.0,0.251,0.0,0.0
27853,2025-10-30T17:00:00.000000000,0.586,0.0,0.0,0.293,0.3235504614701334,0.0
27853,2025-10-30T18:00:00.000000000,0.56,0.0,0.0,0.265,0.0,0.0
27853,2025-10-30T19:00:00.000000000,0.668,0.0,0.0,0.193,2.704752906619439,0.0
27853,2025-10-30T20:00:00.000000000,0.689,0.0,0.0,0.127,2.119489979485511,0.0
27853,2025-10-30T21:00:00.000000000,1.081,0.014,0.0,0.07,2.2504927478524945,0.0
27853,2025-10-30T22:00:00.000000000,0.71,0.05500000000000001,0.0,0.012,0.0,0.0
27853,2025-10-30T23:00:00.000000000,1.4329999999999998,0.8500000000000001,0.0,0.0,2.4670722687097664,0.0
27853,2025-10-31T00:00:00.000000000,1.357,0.869,0.0,0.0,1.4120164160897668,0.0
27853,2025-10-31T01:00:00.000000000,1.412,1.058,0.0,0.0,1.2490689010740113,0.0
27853,2025-10-31T02:00:00.000000000,1.499,1.204,0.0,0.0,0.3232573903999611,0.0
27853,2025-10-31T03:00:00.000000000,1.6420000000000001,1.35,0.0,0.0,0.0,0.0
27853,2025-10-31T04:00:00.000000000,2.041,1.74,0.0,0.0,0.3461169338733945,0.0
27853,2025-10-31T05:00:00.000000000,1.9860000000000002,1.692,0.0,0.0,0.3235504614701334,0.0
27853,2025-10-31T06:00:00.000000000,1.9889999999999999,1.7,0.0,0.0,0.0,0.0
27853,2025-10-31T07:00:00.000000000,2.217,1.9060000000000001,0.0,0.0,2.8811816908631167,0.0
27853,2025-10-31T08:00:00.000000000,2.222,1.8539999999999999,0.0,0.0,0.929621434586289,0.0
27853,2025-10-31T09:00:00.000000000,2.601,1.754,0.0,0.0,1.2221063626181667,0.0
27853,2025-10-31T10:00:00.000000000,2.7380000000000004,1.255,0.0,0.0,0.0,0.0
27853,2025-10-31T11:00:00.000000000,1.785,1.376,0.0,0.0,0.3235504614701334,0.0
27853,2025-10-31T12:00:00.000000000,1.187,0.895,0.0,0.0,0.3461169338733945,0.0
27853,2025-10-31T13:00:00.000000000,0.502,0.211,0.0,0.0,0.32325739039996115,0.0
27853,2025-10-31T14:00:00.000000000,0.387,0.0,0.0,0.094,0.6986814312905778,0.0
27853,2025-10-31T15:00:00.000000000,2.267,0.0,0.0,0.4620000000000001,0.0,0.0
27853,2025-10-31T16:00:00.000000000,2.134,0.0,0.0,0.651,0.3232573903999611,0.0
27853,2025-10-31T17:00:00.000000000,1.1199999999999999,0.0,0.0,0.6639999999999999,0.0,0.0
27853,2025-10-31T18:00:00.000000000,1.16,0.0,0.0,0.682,0.3235504614701334,0.0
27853,2025-10-31T19:00:00.000000000,1.0790000000000002,0.0,0.0,0.5569999999999999,0.0,0.0
27853,2025-10-31T20:00:00.000000000,0.9259999999999999,0.0,0.0,0.36400000000000005,0.805652371903439,0.0
27853,2025-10-31T21:00:00.000000000,0.808,0.0,0.0,0.23099999999999998,0.3235504614701334,0.0
27853,2025-10-31T22:00:00.000000000,0.691,0.0,0.0,0.111,1.0779153960934333,0.0
27853,2025-10-31T23:00:00.000000000,0.876,0.347,0.0,0.009,0.37220025911872223,0.0
27853,2025-11-01T00:00:00.000000000,0.7650000000000001,0.45499999999999996,0.0,0.0,0.6957507205888556,0.0
27853,2025-11-01T01:00:00.000000000,0.8079999999999999,0.51,0.0,0.0,0.3235504614701334,0.0
27853,2025-11-01T02:00:00.000000000,0.966,0.671,0.0,0.0,0.0,0.0
27853,2025-11-01T03:00:00.000000000,1.0750000000000002,0.7830000000000001,0.0,0.0,0.3232573903999611,0.0
27853,2025-11-01T04:00:00.000000000,1.2820000000000003,0.981,0.0,0.0,0.0,0.0
27853,2025-11-01T05:00:00.000000000,1.215,0.9209999999999999,0.0,0.0,0.3235504614701334,0.0
27853,2025-11-01T06:00:00.000000000,1.1949999999999998,0.907,0.0,0.0,0.0,0.0
27853,2025-11-01T07:00:00.000000000,1.214,0.926,0.0,0.0,0.3235504614701334,0.0
27853,2025-11-01T08:00:00.000000000,1.3929999999999998,1.031,0.0,0.0,2.0195527445567834,0.0
27853,2025-11-01T09:00:00.000000000,1.3319999999999999,0.904,0.0,0.0,0.35813284775045556,0.0
27853,2025-11-01T10:00:00.000000000,1.252,0.9199999999999999,0.0,0.0,0.3232573903999611,0.0
27853,2025-11-01T11:00:00.000000000,1.0470000000000002,0.753,0.0,0.0,0.0,0.0
27853,2025-11-01T12:00:00.000000000,0.639,0.34600000000000003,0.0,0.0,2.069374826486061,0.0
27853,2025-11-01T13:00:00.000000000,0.364,0.0,0.0,0.075,0.4381412499074723,0.0
27853,2025-11-01T14:00:00.000000000,0.5660000000000001,0.0,0.0,0.275,0.0,0.0
27853,2025-11-01T15:00:00.000000000,0.7570000000000001,0.0,0.0,0.46499999999999997,0.3235504614701334,0.0
27853,2025-11-01T16:00:00.000000000,0.881,0.0,0.0,0.5880000000000001,0.0,0.0
27853,2025-11-01T17:00:00.000000000,0.963,0.0,0.0,0.671,0.3235504614701334,0.0
27853,2025-11-01T18:00:00.000000000,0.953,0.0,0.0,0.658,0.0,0.0
27853,2025-11-01T19:00:00.000000000,2.226,0.0,0.0,0.625,0.3235504614701334,0.0
27853,2025-11-01T20:00:00.000000000,0.991,0.0,0.0,0.38100000000000006,0.0,0.0
27853,2025-11-01T21:00:00.000000000,0.8320000000000001,0.0,0.0,0.22399999999999998,0.3235504614701334,0.0
27853,2025-11-01T22:00:00.000000000,1.008,0.0,0.0,0.124,0.3499268577856333,0.0
27853,2025-11-01T23:00:00.000000000,1.5819999999999999,0.369,0.0,0.019,2.4574009233940832,0.0
27853,2025-11-02T00:00:00.000000000,1.033,0.494,0.0,0.0,2.191585462747878,0.0
27853,2025-11-02T01:00:00.000000000,1.105,0.732,0.0,0.0,1.7279470297354222,0.0
27853,2025-11-02T02:00:00.000000000,1.246,0.9530000000000001,0.0,0.0,0.6468078518700945,0.0
27853,2025-11-02T03:00:00.000000000,1.448,1.156,0.0,0.0,0.0,0.0
27853,2025-11-02T04:00:00.000000000,1.85,1.548,0.0,0.0,0.3235504614701334,0.0
27853,2025-11-02T05:00:00.000000000,1.852,1.559,0.0,0.0,0.0,0.0
27853,2025-11-02T06:00:00.000000000,1.883,1.593,0.0,0.0,0.3235504614701334,0.0
27853,2025-11-02T07:00:00.000000000,2.787,1.084,0.0,0.0,0.0,0.0
27853,2025-11-02T08:00:00.000000000,2.0140000000000002,1.498,0.0,0.0,0.3232573903999611,0.0
27853,2025-11-02T09:00:00.000000000,2.117,1.7879999999999998,0.0,0.0,0.7200756194131499,0.0
27853,2025-11-02T10:00:00.000000000,2.173,1.764,0.0,0.0,0.7555372189039888,0.0
27853,2025-11-02T11:00:00.000000000,1.899,1.606,0.0,0.0,1.0688301929180946,0.0
27853,2025-11-02T12:00:00.000000000,1.171,0.8789999999999999,0.0,0.0,0.0,0.0
27853,2025-11-02T13:00:00.000000000,0.462,0.17099999999999999,0.0,0.002,0.3232573903999611,0.0
27853,2025-11-02T14:00:00.000000000,0.413,0.0,0.0,0.121,0.6468078518700945,0.0
27853,2025-11-02T15:00:00.000000000,0.5940000000000001,0.0,0.0,0.30200000000000005,0.0,0.0
27853,2025-11-02T16:00:00.000000000,0.762,0.0,0.0,0.46799999999999997,0.3235504614701334,0.0
27853,2025-11-02T17:00:00.000000000,0.872,0.0,0.0,0.5800000000000001,0.0,0.0
27853,2025-11-02T18:00:00.000000000,0.893,0.0,0.0,0.598,0.3235504614701334,0.0
27853,2025-11-02T19:00:00.000000000,1.016,0.0,0.0,0.507,0.0,0.0
27853,2025-11-02T20:00:00.000000000,1.4220000000000002,0.0,0.0,0.388,0.3232573903999611,0.0
27853,2025-11-02T21:00:00.000000000,2.1180000000000003,0.0,0.0,0.344,0.0,0.0
27853,2025-11-02T22:00:00.000000000,0.7330000000000001,0.0,0.0,0.164,0.3235504614701334,0.0
27853,2025-11-02T23:00:00.000000000,0.687,0.112,0.0,0.031,1.170818925338028,0.0
27853,2025-11-03T00:00:00.000000000,0.57,0.171,0.0,0.0,1.6848655824201055,0.0
27853,2025-11-03T01:00:00.000000000,0.571,0.273,0.0,0.0,0.87833399730615,0.0
27853,2025-11-03T02:00:00.000000000,0.6719999999999999,0.377,0.0,0.0,0.3235504614701334,0.0
27853,2025-11-03T03:00:00.000000000,0.795,0.503,0.0,0.0,0.0,0.0
27853,2025-11-03T04:00:00.000000000,1.029,0.726,0.0,0.0,0.3232573903999611,0.0
27853,2025-11-03T05:00:00.000000000,0.943,0.649,0.0,0.0,0.0,0.0
27853,2025-11-03T06:00:00.000000000,0.904,0.614,0.0,0.0,0.3232573903999611,0.0
27853,2025-11-03T07:00:00.000000000,0.911,0.622,0.0,0.0,0.0,0.0
27853,2025-11-03T08:00:00.000000000,0.92,0.63,0.0,0.0,0.3235504614701334,0.0
27853,2025-11-03T09:00:00.000000000,0.953,0.659,0.0,0.0,0.0,0.0
27853,2025-11-03T10:00:00.000000000,1.005,0.7130000000000001,0.0,0.0,0.3235504614701334,0.0
27853,2025-11-03T11:00:00.000000000,1.5299999999999998,0.518,0.0,0.0,0.6866655174135167,0.0
27853,2025-11-03T12:00:00.000000000,1.0619999999999998,0.38,0.0,0.0,0.3446515785225333,0.0
27853,2025-11-03T13:00:00.000000000,0.7070000000000001,0.336,0.0,0.0,1.2473104746529777,0.0
27853,2025-11-03T14:00:00.000000000,0.554,0.098,0.0,0.0,0.3232573903999611,0.0
27853,2025-11-03T15:00:00.000000000,1.161,0.0,0.0,0.065,0.6784595274486944,0.0
27853,2025-11-03T16:00:00.000000000,0.919,0.0,0.0,0.075,0.6922338677467889,0.0
27853,2025-11-03T17:00:00.000000000,0.489,0.009,0.0,0.013,1.0357131619886333,0.0
27853,2025-11-03T18:00:00.000000000,0.77,0.269,0.0,0.0,3.0699194600540283,0.0
27853,2025-11-03T19:00:00.000000000,2.084,0.059,0.0,0.069,1.4378066702649224,0.0
27853,2025-11-03T20:00:00.000000000,1.058,0.248,0.0,0.004,1.5740847178950055,0.0
27853,2025-11-03T21:00:00.000000000,0.986,0.377,0.0,0.0,0.3461169338733945,0.0
27853,2025-11-03T22:00:00.000000000,1.096,0.591,0.0,0.0,0.8077038693946443,0.0
27853,2025-11-03T23:00:00.000000000,1.466,1.139,0.0,0.0,1.2030567430569723,0.0
27853,2025-11-04T00:00:00.000000000,1.1920000000000002,0.883,0.0,0.0,0.3461169338733945,0.0
27853,2025-11-04T01:00:00.000000000,1.096,0.7989999999999999,0.0,0.0,0.0,0.0
27853,2025-11-04T02:00:00.000000000,1.1529999999999998,0.859,0.0,0.0,0.3235504614701334,0.0
27853,2025-11-04T03:00:00.000000000,1.1969999999999998,0.905,0.0,0.0,0.3232573903999611,0.0
27853,2025-11-04T04:00:00.000000000,1.4129999999999998,1.1099999999999999,0.0,0.0,0.0,0.0
27853,2025-11-04T05:00:00.000000000,1.2630000000000001,0.97,0.0,0.0,0.3235504614701334,0.0
27853,2025-11-04T06:00:00.000000000,1.264,0.975,0.0,0.0,0.0,0.0
27853,2025-11-04T07:00:00.000000000,1.32,1.032,0.0,0.0,0.3235504614701334,0.0
27853,2025-11-04T08:00:00.000000000,1.303,1.013,0.0,0.0,0.0,0.0
27853,2025-11-04T09:00:00.000000000,1.412,1.009,0.0,0.0,1.212141946232311,0.0
27853,2025-11-04T10:00:00.000000000,1.438,1.029,0.0,0.0,1.2250370733198888,0.0
27853,2025-11-04T11:00:00.000000000,1.326,0.9930000000000001,0.0,0.0,1.2218132915479945,0.0
27853,2025-11-04T12:00:00.000000000,1.174,0.8050000000000002,0.0,0.0,1.27397994203865,0.0
27853,2025-11-04T13:00:00.000000000,0.9249999999999999,0.633,0.0,0.0,0.3235504614701334,0.0
27853,2025-11-04T14:00:00.000000000,0.756,0.463,0.0,0.0,1.1359434679875333,0.0
27853,2025-11-04T15:00:00.000000000,0.504,0.21199999999999997,0.0,0.0,1.6872101509814832,0.0
27853,2025-11-04T16:00:00.000000000,0.33,0.025,0.0,0.013,0.34641000494356666,0.0
27853,2025-11-04T17:00:00.000000000,0.384,0.0,0.0,0.092,0.3232573903999611,0.0
27853,2025-11-04T18:00:00.000000000,0.457,0.0,0.0,0.16299999999999998,0.0,0.0
27853,2025-11-04T19:00:00.000000000,0.444,0.0,0.0,0.143,0.3235504614701334,0.0
27853,2025-11-04T20:00:00.000000000,0.732,0.0,0.0,0.121,0.0,0.0
27853,2025-11-04T21:00:00.000000000,0.656,0.0,0.0,0.048,0.32325739039996115,0.0
27853,2025-11-04T22:00:00.000000000,0.6479999999999999,0.08,0.0,0.0,0.0,0.0
27853,2025-11-04T23:00:00.000000000,1.311,0.767,0.0,0.0,0.3232573903999611,0.0
27853,2025-11-05T00:00:00.000000000,1.2770000000000001,0.802,0.0,0.0,0.0,0.0
27853,2025-11-05T01:00:00.000000000,1.3499999999999999,0.9600000000000001,0.0,0.0,0.6928200098871333,0.0
27853,2025-11-05T02:00:00.000000000,1.479,1.167,0.0,0.0,0.0,0.0
27853,2025-11-05T03:00:00.000000000,1.701,1.409,0.0,0.0,1.6511624093503001,0.0
27853,2025-11-05T04:00:00.000000000,1.995,1.693,0.0,0.0,0.17115350498057777,0.0
27853,2025-11-05T05:00:00.000000000,1.943,1.6500000000000001,0.0,0.0,0.3232573903999611,0.0
27853,2025-11-05T06:00:00.000000000,1.9580000000000002,1.668,0.0,0.0,0.0,0.0
27853,2025-11-05T07:00:00.000000000,2.3680000000000003,1.5470000000000002,0.0,0.0,0.3235504614701334,0.0
27853,2025-11-05T08:00:00.000000000,2.215,1.847,0.0,0.0,2.052669775486245,0.0
27853,2025-11-05T09:00:00.000000000,2.181,1.8649999999999998,0.0,0.0,0.0,0.0
27853,2025-11-05T10:00:00.000000000,2.208,1.915,0.0,0.0,0.3235504614701334,0.0
27853,2025-11-05T11:00:00.000000000,1.968,1.6720000000000002,0.0,0.0,0.34641000494356666,0.0
27853,2025-11-05T12:00:00.000000000,1.462,1.171,0.0,0.0,2.061168836521239,0.0
27853,2025-11-05T13:00:00.000000000,0.616,0.324,0.0,0.0,0.3235504614701334,0.0
27853,2025-11-05T14:00:00.000000000,0.359,0.0,0.0,0.067,0.0,0.0
27853,2025-11-05T15:00:00.000000000,0.515,0.0,0.0,0.223,0.3232573903999611,0.0
27853,2025-11-05T16:00:00.000000000,0.671,0.0,0.0,0.379,0.0,0.0
27853,2025-11-05T17:00:00.000000000,0.7889999999999999,0.0,0.0,0.497,0.3235504614701334,0.0
27853,2025-11-05T18:00:00.000000000,0.8,0.0,0.0,0.506,0.0,0.0
27853,2025-11-05T19:00:00.000000000,2.5060000000000002,0.0,0.0,0.549,0.3235504614701334,0.0
27853,2025-11-05T20:00:00.000000000,3.035,0.0,0.0,0.48,0.0,0.0
27853,2025-11-05T21:00:00.000000000,3.585,0.0,0.0,0.394,1.0005446335679666,0.0
27853,2025-11-05T22:00:00.000000000,1.137,0.0,0.0,0.14400000000000002,0.35344371062769997,0.0
27853,2025-11-05T23:00:00.000000000,1.202,0.652,0.0,0.005,2.4204739685523835,0.0
27853,2025-11-06T00:00:00.000000000,1.242,0.766,0.0,0.0,2.895249102231383,0.0
27853,2025-11-06T01:00:00.000000000,1.2730000000000001,0.9380000000000001,0.0,0.0,1.656730759683572,0.0
27853,2025-11-06T02:00:00.000000000,1.45,1.155,0.0,0.0,0.3235504614701334,0.0
27853,2025-11-06T03:00:00.000000000,1.67,1.3770000000000002,0.0,0.0,0.0,0.0
27853,2025-11-06T04:00:00.000000000,1.76,1.467,0.0,0.0,0.3235504614701334,0.0
27853,2025-11-06T05:00:00.000000000,1.8969999999999998,1.5939999999999999,0.0,0.0,0.0,0.0
27853,2025-11-06T06:00:00.000000000,1.69,1.397,0.0,0.0,0.3232573903999611,0.0
27853,2025-11-06T07:00:00.000000000,1.584,1.294,0.0,0.0,0.0,0.0
27853,2025-11-06T08:00:00.000000000,1.596,1.308,0.0,0.0,0.3235504614701334,0.0
27853,2025-11-06T09:00:00.000000000,1.6889999999999998,1.399,0.0,0.0,0.0,0.0
27853,2025-11-06T10:00:00.000000000,1.726,1.435,0.0,0.0,0.3235504614701334,0.0
27853,2025-11-06T11:00:00.000000000,1.588,1.296,0.0,0.0,0.3232573903999611,0.0
27853,2025-11-06T12:00:00.000000000,1.072,0.7789999999999999,0.0,0.0,0.0,0.0
27853,2025-11-06T13:00:00.000000000,0.464,0.16999999999999998,0.0,0.003,0.3235504614701334,0.0
27853,2025-11-06T14:00:00.000000000,0.39199999999999996,0.0,0.0,0.1,0.0,0.0
27853,2025-11-06T15:00:00.000000000,0.534,0.0,0.0,0.242,0.3235504614701334,0.0
27853,2025-11-06T16:00:00.000000000,0.657,0.0,0.0,0.364,0.0,0.0
27853,2025-11-06T17:00:00.000000000,0.7270000000000001,0.0,0.0,0.435,0.3232573903999611,0.0
27853,2025-11-06T18:00:00.000000000,0.7060000000000001,0.0,0.0,0.41400000000000003,0.0,0.0
27853,2025-11-06T19:00:00.000000000,0.598,0.0,0.0,0.305,0.3235504614701334,0.0
27853,2025-11-06T20:00:00.000000000,0.45299999999999996,0.0,0.0,0.154,0.0,0.0
27853,2025-11-06T21:00:00.000000000,2.4189999999999996,0.0,0.0,0.22,0.3235504614701334,0.0
27853,2025-11-06T22:00:00.000000000,0.645,0.008,0.0,0.028,0.0,0.0
27853,2025-11-06T23:00:00.000000000,0.736,0.166,0.0,0.0,0.32325739039996115,0.0
27853,2025-11-07T00:00:00.000000000,1.202,0.759,0.0,0.0,0.0,0.0
27853,2025-11-07T01:00:00.000000000,1.118,0.806,0.0,0.0,2.507223005323361,0.0
27853,2025-11-07T02:00:00.000000000,1.045,0.7469999999999999,0.0,0.0,1.065899482216372,0.0
27853,2025-11-07T03:00:00.000000000,1.173,0.88,0.0,0.0,1.6359227137013446,0.0
27853,2025-11-07T04:00:00.000000000,1.143,0.851,0.0,0.0,0.3232573903999611,0.0
27853,2025-11-07T05:00:00.000000000,1.3679999999999999,1.065,0.0,0.0,0.0,0.0
27853,2025-11-07T06:00:00.000000000,1.265,0.971,0.0,0.0,0.3235504614701334,0.0
27853,2025-11-07T07:00:00.000000000,1.231,0.942,0.0,0.0,0.0,0.0
27853,2025-11-07T08:00:00.000000000,1.2469999999999999,0.959,0.0,0.0,0.3235504614701334,0.0
27853,2025-11-07T09:00:00.000000000,1.4050000000000002,1.045,0.0,0.0,1.6705050999816669,0.0
27853,2025-11-07T10:00:00.000000000,1.411,0.982,0.0,0.0,1.2288469972321279,0.0
27853,2025-11-07T11:00:00.000000000,1.316,0.867,0.0,0.0,0.7980325240789611,0.0
27853,2025-11-07T12:00:00.000000000,1.2479999999999998,0.7989999999999999,0.0,0.0,2.035964724486428,0.0
27853,2025-11-07T13:00:00.000000000,1.1840000000000002,0.738,0.0,0.0,3.068747175773339,0.0
27853,2025-11-07T14:00:00.000000000,0.8620000000000001,0.493,0.0,0.0,1.5096090824571167,0.0
27853,2025-11-07T15:00:00.000000000,0.557,0.26399999999999996,0.0,0.0,0.3408416546102945,0.0
27853,2025-11-07T16:00:00.000000000,0.377,0.08399999999999999,0.0,0.0,0.7197825483429778,0.0
27853,2025-11-07T17:00:00.000000000,0.319,0.0,0.0,0.026,0.3232573903999611,0.0
27853,2025-11-07T18:00:00.000000000,0.374,0.0,0.0,0.081,0.0,0.0
27853,2025-11-07T19:00:00.000000000,0.402,0.0,0.0,0.10700000000000001,0.3235504614701334,0.0
27853,2025-11-07T20:00:00.000000000,0.568,0.0,0.0,0.057999999999999996,2.8319457510741834,0.0
27853,2025-11-07T21:00:00.000000000,0.841,0.0,0.0,0.076,0.02901403594705,0.0
27853,2025-11-07T22:00:00.000000000,1.317,0.0,0.0,0.056999999999999995,1.0427468676727667,0.0
27853,2025-11-07T23:00:00.000000000,2.721,0.0,0.0,0.185,0.21306266801520554,0.0
27853,2025-11-08T00:00:00.000000000,1.579,0.378,0.0,0.006,1.7974048733662389,0.0
27853,2025-11-08T01:00:00.000000000,1.237,0.535,0.0,0.0,4.153696277550906,0.0
27853,2025-11-08T02:00:00.000000000,0.893,0.595,0.0,0.0,1.4126025582301112,0.0
27853,2025-11-08T03:00:00.000000000,1.045,0.749,0.0,0.0,0.6928200098871333,0.0
27853,2025-11-08T04:00:00.000000000,1.188,0.896,0.0,0.0,0.0,0.0
27853,2025-11-08T05:00:00.000000000,1.443,1.14,0.0,0.0,0.3235504614701334,0.0
27853,2025-11-08T06:00:00.000000000,1.325,1.03,0.0,0.0,0.0,0.0
27853,2025-11-08T07:00:00.000000000,1.239,0.949,0.0,0.0,0.3235504614701334,0.0
27853,2025-11-08T08:00:00.000000000,1.219,0.931,0.0,0.0,0.0,0.0
27853,2025-11-08T09:00:00.000000000,1.2590000000000001,0.946,0.0,0.0,1.0913966653213556,0.0
27853,2025-11-08T10:00:00.000000000,1.275,0.8859999999999999,0.0,0.0,0.8337871946399723,0.0
27853,2025-11-08T11:00:00.000000000,1.1139999999999999,0.8220000000000001,0.0,0.0,0.0,0.0
27853,2025-11-08T12:00:00.000000000,0.9089999999999999,0.617,0.0,0.0,0.3235504614701334,0.0
27853,2025-11-08T13:00:00.000000000,0.7669999999999999,0.475,0.0,0.0,0.7470381578689944,0.0
27853,2025-11-08T14:00:00.000000000,0.577,0.286,0.0,0.0,0.3232573903999611,0.0
27853,2025-11-08T15:00:00.000000000,0.398,0.106,0.0,0.0,0.0,0.0
27853,2025-11-08T16:00:00.000000000,0.332,0.039,0.0,0.0,0.3235504614701334,0.0
27853,2025-11-08T17:00:00.000000000,0.441,0.006,0.0,0.024,0.0,0.0
27853,2025-11-08T18:00:00.000000000,0.508,0.0,0.0,0.040999999999999995,0.3235504614701334,0.0
27853,2025-11-08T19:00:00.000000000,0.543,0.0,0.0,0.041,0.0,0.0
27853,2025-11-08T20:00:00.000000000,0.5860000000000001,0.0,0.0,0.023,0.32325739039996115,0.0
27853,2025-11-08T21:00:00.000000000,0.632,0.019,0.0,0.0,0.0,0.0
27853,2025-11-08T22:00:00.000000000,0.791,0.182,0.0,0.0,1.6186315205611834,0.0
27853,2025-11-08T23:00:00.000000000,0.8989999999999999,0.32899999999999996,0.0,0.0,2.2015498791337333,0.0
27853,2025-11-09T00:00:00.000000000,1.399,0.854,0.0,0.0,3.6074118027498834,0.0
27853,2025-11-09T01:00:00.000000000,0.988,0.5489999999999999,0.0,0.0,0.04689137122755556,0.0
27853,2025-11-09T02:00:00.000000000,0.9199999999999999,0.622,0.0,0.0,1.574963931105522,0.0
27853,2025-11-09T03:00:00.000000000,0.884,0.59,0.0,0.0,0.0,0.0
27853,2025-11-09T04:00:00.000000000,0.892,0.599,0.0,0.0,0.3235504614701334,0.0
27853,2025-11-09T05:00:00.000000000,1.0430000000000001,0.7409999999999999,0.0,0.0,0.0,0.0
27853,2025-11-09T06:00:00.000000000,0.945,0.651,0.0,0.0,0.3232573903999611,0.0
27853,2025-11-09T07:00:00.000000000,0.915,0.626,0.0,0.0,0.0,0.0
27853,2025-11-09T08:00:00.000000000,0.927,0.639,0.0,0.0,0.3235504614701334,0.0
27853,2025-11-09T09:00:00.000000000,1.07,0.7090000000000001,0.0,0.0,1.5828768500001722,0.0
27853,2025-11-09T10:00:00.000000000,1.1340000000000001,0.7070000000000001,0.0,0.0,1.6593683993151223,0.0
27853,2025-11-09T11:00:00.000000000,1.012,0.5650000000000001,0.0,0.0,0.7297469647288334,0.0
27853,2025-11-09T12:00:00.000000000,0.7630000000000001,0.42999999999999994,0.0,0.0,0.0,0.0
27853,2025-11-09T13:00:00.000000000,0.655,0.363,0.0,0.0,1.1558723007592444,0.0
27853,2025-11-09T14:00:00.000000000,0.488,0.196,0.0,0.0,0.34641000494356666,0.0
27853,2025-11-09T15:00:00.000000000,0.366,0.066,0.0,0.009000000000000001,1.2294331393724722,0.0
27853,2025-11-09T16:00:00.000000000,0.39799999999999996,0.0,0.0,0.10500000000000001,0.3235504614701334,0.0
27853,2025-11-09T17:00:00.000000000,0.496,0.0,0.0,0.204,0.0,0.0
27853,2025-11-09T18:00:00.000000000,0.495,0.0,0.0,0.203,0.3232573903999611,0.0
27853,2025-11-09T19:00:00.000000000,0.449,0.0,0.0,0.154,0.0,0.0
27853,2025-11-09T20:00:00.000000000,0.395,0.0,0.0,0.09500000000000001,0.3235504614701334,0.0
27853,2025-11-09T21:00:00.000000000,0.43,0.0,0.0,0.046,0.0,0.0
27853,2025-11-09T22:00:00.000000000,0.652,0.0,0.0,0.043000000000000003,0.3235504614701334,0.0
27853,2025-11-09T23:00:00.000000000,0.5389999999999999,0.022,0.0,0.012,0.0,0.0
27853,2025-11-10T00:00:00.000000000,0.836,0.507,0.0,0.0,0.3232573903999611,0.0
27853,2025-11-10T01:00:00.000000000,0.772,0.46,0.0,0.0,0.7470381578689944,0.0
27853,2025-11-10T02:00:00.000000000,0.8909999999999999,0.594,0.0,0.0,2.09164822781915,0.0
27853,2025-11-10T03:00:00.000000000,0.85,0.557,0.0,0.0,0.0,0.0
27853,2025-11-10T04:00:00.000000000,0.868,0.5760000000000001,0.0,0.0,0.3235504614701334,0.0
27853,2025-11-10T05:00:00.000000000,1.0710000000000002,0.7679999999999999,0.0,0.0,0.0,0.0
27853,2025-11-10T06:00:00.000000000,0.973,0.679,0.0,0.0,0.3232573903999611,0.0
27853,2025-11-10T07:00:00.000000000,0.939,0.646,0.0,0.0,0.0,0.0
27853,2025-11-10T08:00:00.000000000,0.959,0.645,0.0,0.0,0.3235504614701334,0.0
27853,2025-11-10T09:00:00.000000000,1.001,0.63,0.0,0.0,0.0,0.0
27853,2025-11-10T10:00:00.000000000,0.929,0.637,0.0,0.0,0.3235504614701334,0.0
27853,2025-11-10T11:00:00.000000000,0.975,0.6819999999999999,0.0,0.0,1.183127910285261,0.0
27853,2025-11-10T12:00:00.000000000,0.833,0.539,0.0,0.0,0.6471009229402668,0.0
27853,2025-11-10T13:00:00.000000000,0.755,0.46299999999999997,0.0,0.0,1.319992100055689,0.0
27853,2025-11-10T14:00:00.000000000,0.75,0.33799999999999997,0.0,0.0,2.525393411674039,0.0
27853,2025-11-10T15:00:00.000000000,1.65,0.064,0.0,0.095,1.161733722162689,0.0
27853,2025-11-10T16:00:00.000000000,1.629,0.007,0.0,0.127,0.3235504614701334,0.0
27853,2025-11-10T17:00:00.000000000,0.487,0.0,0.0,0.035,0.0,0.0
27853,2025-11-10T18:00:00.000000000,0.35100000000000003,0.0,0.0,0.02,0.34641000494356666,0.0
27853,2025-11-10T19:00:00.000000000,0.311,0.0,0.0,0.017,0.3232573903999611,0.0
27853,2025-11-10T20:00:00.000000000,0.383,0.08199999999999999,0.0,0.0,0.5266487130994834,0.0
27853,2025-11-10T21:00:00.000000000,0.525,0.22199999999999998,0.0,0.0,0.5641618100815278,0.0
27853,2025-11-10T22:00:00.000000000,0.6950000000000001,0.241,0.0,0.0,0.3232573903999611,0.0
27853,2025-11-10T23:00:00.000000000,0.6930000000000001,0.389,0.0,0.0,0.0,0.0
27853,2025-11-11T00:00:00.000000000,1.122,0.744,0.0,0.0,0.3235504614701334,0.0
27853,2025-11-11T01:00:00.000000000,0.958,0.483,0.0,0.0,0.0,0.0
27853,2025-11-11T02:00:00.000000000,0.814,0.479,0.0,0.0,0.3235504614701334,0.0
27853,2025-11-11T03:00:00.000000000,0.847,0.553,0.0,0.0,0.0,0.0
27853,2025-11-11T04:00:00.000000000,0.852,0.559,0.0,0.0,0.3232573903999611,0.0
27853,2025-11-11T05:00:00.000000000,0.994,0.69,0.0,0.0,0.0,0.0
27853,2025-11-11T06:00:00.000000000,0.943,0.65,0.0,0.0,0.3235504614701334,0.0
27853,2025-11-11T07:00:00.000000000,0.849,0.561,0.0,0.0,0.0,0.0
27853,2025-11-11T08:00:00.000000000,0.84,0.549,0.0,0.0,0.3235504614701334,0.0
27853,2025-11-11T09:00:00.000000000,0.85,0.559,0.0,0.0,0.3232573903999611,0.0
27853,2025-11-11T10:00:00.000000000,0.855,0.563,0.0,0.0,0.0,0.0
27853,2025-11-11T11:00:00.000000000,0.7990000000000002,0.504,0.0,0.0,0.3235504614701334,0.0
27853,2025-11-11T12:00:00.000000000,0.7110000000000001,0.41800000000000004,0.0,0.0,0.0,0.0
27853,2025-11-11T13:00:00.000000000,0.7570000000000001,0.347,0.0,0.0,1.2508273274950445,0.0
27853,2025-11-11T14:00:00.000000000,0.6,0.153,0.0,0.0,0.3232573903999611,0.0
27853,2025-11-11T15:00:00.000000000,0.574,0.118,0.0,0.0,0.0,0.0
27853,2025-11-11T16:00:00.000000000,0.494,0.035,0.0,0.003,0.3235504614701334,0.0
27853,2025-11-11T17:00:00.000000000,0.479,0.003,0.0,0.023,0.697509147009889,0.0
27853,2025-11-11T18:00:00.000000000,0.496,0.0,0.0,0.029,0.3467030760137389,0.0
27853,2025-11-11T19:00:00.000000000,0.515,0.061000000000000006,0.0,0.007,1.3601428366692832,0.0
27853,2025-11-11T20:00:00.000000000,0.583,0.14400000000000002,0.0,0.0,1.1564584428995888,0.0
27853,2025-11-11T21:00:00.000000000,0.7250000000000001,0.11299999999999999,0.0,0.0,0.3232573903999611,0.0
27853,2025-11-11T22:00:00.000000000,0.804,0.196,0.0,0.0,0.3467030760137389,0.0
27853,2025-11-11T23:00:00.000000000,0.8140000000000001,0.244,0.0,0.0,0.3467030760137389,0.0
27853,2025-11-12T00:00:00.000000000,1.171,0.678,0.0,0.0,0.0,0.0
27853,2025-11-12T01:00:00.000000000,1.0230000000000001,0.547,0.0,0.0,0.6661505425014611,0.0
27853,2025-11-12T02:00:00.000000000,0.974,0.5840000000000001,0.0,0.0,0.8059454429736111,0.0
27853,2025-11-12T03:00:00.000000000,1.021,0.7269999999999999,0.0,0.0,0.0,0.0
27853,2025-11-12T04:00:00.000000000,1.183,0.89,0.0,0.0,0.3235504614701334,0.0
27853,2025-11-12T05:00:00.000000000,1.558,1.2550000000000001,0.0,0.0,0.0,0.0
27853,2025-11-12T06:00:00.000000000,1.565,1.271,0.0,0.0,0.3235504614701334,0.0
27853,2025-11-12T07:00:00.000000000,1.5650000000000002,1.271,0.0,0.0,0.7068874212554,0.0
27853,2025-11-12T08:00:00.000000000,2.1270000000000002,0.778,0.0,0.0,0.0,0.0
27853,2025-11-12T09:00:00.000000000,1.5810000000000002,1.212,0.0,0.0,0.3235504614701334,0.0
27853,2025-11-12T10:00:00.000000000,1.695,1.266,0.0,0.0,1.055348923690172,0.0
27853,2025-11-12T11:00:00.000000000,1.482,1.1880000000000002,0.0,0.0,0.697509147009889,0.0
27853,2025-11-12T12:00:00.000000000,1.039,0.747,0.0,0.0,0.3467030760137389,0.0
27853,2025-11-12T13:00:00.000000000,0.455,0.16,0.0,0.003,0.0,0.0
27853,2025-11-12T14:00:00.000000000,0.411,0.0,0.0,0.12,1.2074528091095555,0.0
27853,2025-11-12T15:00:00.000000000,0.6579999999999999,0.0,0.0,0.366,0.0,0.0
27853,2025-11-12T16:00:00.000000000,0.842,0.0,0.0,0.548,0.3235504614701334,0.0
27853,2025-11-12T17:00:00.000000000,1.048,0.0,0.0,0.596,0.3232573903999611,0.0
27853,2025-11-12T18:00:00.000000000,2.104,0.0,0.0,0.6,0.0,0.0
27853,2025-11-12T19:00:00.000000000,0.882,0.0,0.0,0.38000000000000006,0.3235504614701334,0.0
27853,2025-11-12T20:00:00.000000000,0.8220000000000001,0.0,0.0,0.26,0.3467030760137389,0.0
27853,2025-11-12T21:00:00.000000000,0.7569999999999999,0.0,0.0,0.146,1.1031195081282446,0.0
27853,2025-11-12T22:00:00.000000000,0.681,0.0,0.0,0.072,0.0,0.0
27853,2025-11-12T23:00:00.000000000,0.5800000000000001,0.0,0.0,0.012,0.3232573903999611,0.0
27853,2025-11-13T00:00:00.000000000,0.956,0.41100000000000003,0.0,0.0,0.7769314070265612,0.0
27853,2025-11-13T01:00:00.000000000,0.724,0.413,0.0,0.0,0.7479173710795112,0.0
27853,2025-11-13T02:00:00.000000000,0.661,0.363,0.0,0.0,0.0,0.0
27853,2025-11-13T03:00:00.000000000,0.7270000000000001,0.434,0.0,0.0,0.3235504614701334,0.0
27853,2025-11-13T04:00:00.000000000,0.8089999999999999,0.516,0.0,0.0,0.0,0.0
27853,2025-11-13T05:00:00.000000000,1.046,0.7439999999999999,0.0,0.0,0.3235504614701334,0.0
27853,2025-11-13T06:00:00.000000000,1.02,0.7269999999999999,0.0,0.0,0.0,0.0
27853,2025-11-13T07:00:00.000000000,1.005,0.7169999999999999,0.0,0.0,0.32355046147013333,0.0
27853,2025-11-13T08:00:00.000000000,1.266,0.956,0.0,0.0,2.214738077291483,0.0
27853,2025-11-13T09:00:00.000000000,2.2190000000000003,0.483,0.0,0.0,0.11576307271802778,0.0
27853,2025-11-13T10:00:00.000000000,1.41,0.924,0.0,0.0,0.3232573903999611,0.0
27853,2025-11-13T11:00:00.000000000,1.225,0.9309999999999999,0.0,0.0,0.0,0.0
27853,2025-11-13T12:00:00.000000000,0.819,0.5269999999999999,0.0,0.0,0.7224201879745278,0.0
27853,2025-11-13T13:00:00.000000000,0.347,0.036000000000000004,0.0,0.02,0.3235504614701334,0.0
27853,2025-11-13T14:00:00.000000000,0.439,0.0,0.0,0.147,0.3053800551194556,0.0
27853,2025-11-13T15:00:00.000000000,0.5910000000000001,0.0,0.0,0.30000000000000004,0.017877335280505554,0.0
27853,2025-11-13T16:00:00.000000000,0.734,0.0,0.0,0.441,0.3235504614701334,0.0
27853,2025-11-13T17:00:00.000000000,0.849,0.0,0.0,0.557,0.0,0.0
27853,2025-11-13T18:00:00.000000000,0.894,0.0,0.0,0.602,0.3235504614701334,0.0
27853,2025-11-13T19:00:00.000000000,0.8320000000000001,0.0,0.0,0.537,0.0,0.0
27853,2025-11-13T20:00:00.000000000,0.666,0.0,0.0,0.36600000000000005,0.32355046147013333,0.0
27853,2025-11-13T21:00:00.000000000,0.513,0.0,0.0,0.208,0.0,0.0
27853,2025-11-13T22:00:00.000000000,0.6499999999999999,0.0,0.0,0.121,0.3232573903999611,0.0
27853,2025-11-13T23:00:00.000000000,0.7589999999999999,0.0,0.0,0.038,0.0,0.0
27853,2025-11-14T00:00:00.000000000,1.5879999999999999,0.44100000000000006,0.0,0.002,1.0503667154972445,0.0
27853,2025-11-14T01:00:00.000000000,1.069,0.531,0.0,0.0,0.3235504614701334,0.0
27853,2025-11-14T02:00:00.000000000,1.149,0.852,0.0,0.0,2.088131374977084,0.0
27853,2025-11-14T03:00:00.000000000,1.3330000000000002,1.039,0.0,0.0,1.5819976367896555,0.0
27853,2025-11-14T04:00:00.000000000,1.382,1.09,0.0,0.0,0.2215617290502,0.0
27853,2025-11-14T05:00:00.000000000,1.615,1.3130000000000002,0.0,0.0,0.3232573903999611,0.0
27853,2025-11-14T06:00:00.000000000,1.535,1.2409999999999999,0.0,0.0,0.0,0.0
27853,2025-11-14T07:00:00.000000000,1.567,1.278,0.0,0.0,0.3235504614701334,0.0
27853,2025-11-14T08:00:00.000000000,1.8159999999999998,1.505,0.0,0.0,1.7563749235421278,0.0
27853,2025-11-14T09:00:00.000000000,2.128,1.338,0.0,0.0,0.3478753602944278,0.0
27853,2025-11-14T10:00:00.000000000,2.152,1.146,0.0,0.0,0.3235504614701334,0.0
27853,2025-11-14T11:00:00.000000000,1.585,1.2930000000000001,0.0,0.0,0.0,0.0
27853,2025-11-14T12:00:00.000000000,1.2570000000000001,0.965,0.0,0.0,1.6335781451399667,0.0
27853,2025-11-14T13:00:00.000000000,0.751,0.4589999999999999,0.0,0.0,1.4073272789670113,0.0
27853,2025-11-14T14:00:00.000000000,0.344,0.016,0.0,0.037,0.3235504614701334,0.0
27853,2025-11-14T15:00:00.000000000,0.486,0.0,0.0,0.194,0.0,0.0
27853,2025-11-14T16:00:00.000000000,0.6759999999999999,0.0,0.0,0.38299999999999995,0.3235504614701334,0.0
27853,2025-11-14T17:00:00.000000000,0.7789999999999999,0.0,0.0,0.486,0.3232573903999611,0.0
27853,2025-11-14T18:00:00.000000000,0.742,0.0,0.0,0.44999999999999996,0.0,0.0
27853,2025-11-14T19:00:00.000000000,0.634,0.0,0.0,0.34,0.3235504614701334,0.0
27853,2025-11-14T20:00:00.000000000,0.819,0.0,0.0,0.257,0.0,0.0
27853,2025-11-14T21:00:00.000000000,0.776,0.0,0.0,0.164,0.3235504614701334,0.0
27853,2025-11-14T22:00:00.000000000,0.687,0.0,0.0,0.078,0.0,0.0
27853,2025-11-14T23:00:00.000000000,0.7120000000000001,0.136,0.0,0.006,1.9890733532588722,0.0
27853,2025-11-15T00:00:00.000000000,1.376,0.9319999999999999,0.0,0.0,3.6115147977322946,0.0
27853,2025-11-15T01:00:00.000000000,1.085,0.774,0.0,0.0,0.5826252875023777,0.0
27853,2025-11-15T02:00:00.000000000,1.029,0.7310000000000001,0.0,0.0,0.0,0.0
27853,2025-11-15T03:00:00.000000000,1.119,0.825,0.0,0.0,0.3235504614701334,0.0
27853,2025-11-15T04:00:00.000000000,1.203,0.91,0.0,0.0,0.0,0.0
27853,2025-11-15T05:00:00.000000000,1.484,1.1809999999999998,0.0,0.0,0.3235504614701334,0.0
27853,2025-11-15T06:00:00.000000000,1.403,1.1099999999999999,0.0,0.0,0.0,0.0
27853,2025-11-15T07:00:00.000000000,1.402,1.113,0.0,0.0,0.3232573903999611,0.0
27853,2025-11-15T08:00:00.000000000,1.4969999999999999,1.2089999999999999,0.0,0.0,0.0,0.0
27853,2025-11-15T09:00:00.000000000,1.54,1.227,0.0,0.0,0.3235504614701334,0.0
27853,2025-11-15T10:00:00.000000000,1.557,1.242,0.0,0.0,0.0,0.0
27853,2025-11-15T11:00:00.000000000,1.4860000000000002,1.192,0.0,0.0,0.3235504614701334,0.0
27853,2025-11-15T12:00:00.000000000,1.264,0.971,0.0,0.0,0.0,0.0
27853,2025-11-15T13:00:00.000000000,0.8410000000000001,0.5479999999999999,0.0,0.0,0.6699604664137,0.0
27853,2025-11-15T14:00:00.000000000,0.369,0.055999999999999994,0.0,0.022,0.0,0.0
27853,2025-11-15T15:00:00.000000000,0.466,0.0,0.0,0.174,0.3235504614701334,0.0
27853,2025-11-15T16:00:00.000000000,0.602,0.0,0.0,0.31000000000000005,0.0,0.0
27853,2025-11-15T17:00:00.000000000,0.677,0.0,0.0,0.383,0.3235504614701333,0.0
27853,2025-11-15T18:00:00.000000000,0.746,0.0,0.0,0.409,0.0,0.0
27853,2025-11-15T19:00:00.000000000,0.878,0.0,0.0,0.376,0.3232573903999611,0.0
27853,2025-11-15T20:00:00.000000000,1.411,0.0,0.0,0.328,0.0,0.0
27853,2025-11-15T21:00:00.000000000,0.8050000000000002,0.0,0.0,0.193,0.3235504614701334,0.0
27853,2025-11-15T22:00:00.000000000,0.7,0.0,0.0,0.09100000000000001,1.520745783123661,0.0
27853,2025-11-15T23:00:00.000000000,0.718,0.146,0.0,0.002,4.2952496044440895,0.0
27853,2025-11-16T00:00:00.000000000,1.081,0.6900000000000001,0.0,0.0,1.2616709570914166,0.0
27853,2025-11-16T01:00:00.000000000,0.959,0.65,0.0,0.0,0.8118068643770555,0.0
27853,2025-11-16T02:00:00.000000000,0.9410000000000001,0.644,0.0,0.0,0.3467030760137389,0.0
27853,2025-11-16T03:00:00.000000000,1.061,0.766,0.0,0.0,0.3235504614701334,0.0
27853,2025-11-16T04:00:00.000000000,1.1689999999999998,0.876,0.0,0.0,0.0,0.0
27853,2025-11-16T05:00:00.000000000,1.44,1.138,0.0,0.0,0.3235504614701334,0.0
27853,2025-11-16T06:00:00.000000000,1.371,1.076,0.0,0.0,0.0,0.0
27853,2025-11-16T07:00:00.000000000,1.3559999999999999,1.068,0.0,0.0,0.3232573903999611,0.0
27853,2025-11-16T08:00:00.000000000,1.395,1.106,0.0,0.0,0.0,0.0
27853,2025-11-16T09:00:00.000000000,1.521,1.1589999999999998,0.0,0.0,1.4943693868081613,0.0
27853,2025-11-16T10:00:00.000000000,1.433,1.1179999999999999,0.0,0.0,0.3235504614701334,0.0
27853,2025-11-16T11:00:00.000000000,1.253,0.959,0.0,0.0,0.0,0.0
27853,2025-11-16T12:00:00.000000000,0.877,0.582,0.0,0.0,0.3232573903999611,0.0
27853,2025-11-16T13:00:00.000000000,0.619,0.326,0.0,0.0,1.9659207387152666,0.0
27853,2025-11-16T14:00:00.000000000,0.324,0.014,0.0,0.018000000000000002,0.06975091470098889,0.0
27853,2025-11-16T15:00:00.000000000,0.411,0.0,0.0,0.119,0.3235504614701334,0.0
27853,2025-11-16T16:00:00.000000000,0.51,0.0,0.0,0.218,0.0,0.0
27853,2025-11-16T17:00:00.000000000,0.56,0.0,0.0,0.267,0.3235504614701334,0.0
27853,2025-11-16T18:00:00.000000000,0.581,0.0,0.0,0.289,0.0,0.0
27853,2025-11-16T19:00:00.000000000,0.563,0.0,0.0,0.269,0.3232573903999611,0.0
27853,2025-11-16T20:00:00.000000000,0.643,0.0,0.0,0.202,0.0,0.0
27853,2025-11-16T21:00:00.000000000,0.7669999999999999,0.0,0.0,0.154,0.3232573903999611,0.0
27853,2025-11-16T22:00:00.000000000,0.6960000000000001,0.0,0.0,0.08700000000000001,0.0,0.0
27853,2025-11-16T23:00:00.000000000,0.593,0.007,0.0,0.016,0.3235504614701334,0.0
27853,2025-11-17T00:00:00.000000000,1.181,0.637,0.0,0.0,1.6080809620349832,0.0
27853,2025-11-17T01:00:00.000000000,1.0379999999999998,0.677,0.0,0.0,1.1227552698297834,0.0
27853,2025-11-17T02:00:00.000000000,1.025,0.726,0.0,0.0,0.3235504614701334,0.0
27853,2025-11-17T03:00:00.000000000,1.128,0.834,0.0,0.0,0.3420139388909833,0.0
27853,2025-11-17T04:00:00.000000000,1.2149999999999999,0.922,0.0,0.0,0.3469961470839111,0.0
27853,2025-11-17T05:00:00.000000000,1.495,1.193,0.0,0.0,0.0,0.0
27853,2025-11-17T06:00:00.000000000,1.4659999999999997,1.172,0.0,0.0,0.3235504614701334,0.0
27853,2025-11-17T07:00:00.000000000,1.5019999999999998,1.208,0.0,0.0,0.0,0.0
27853,2025-11-17T08:00:00.000000000,1.619,1.314,0.0,0.0,0.3235504614701334,0.0
27853,2025-11-17T09:00:00.000000000,1.7089999999999999,1.418,0.0,0.0,0.3232573903999611,0.0
27853,2025-11-17T10:00:00.000000000,1.7109999999999999,1.4189999999999998,0.0,0.0,0.0,0.0
27853,2025-11-17T11:00:00.000000000,1.613,1.3179999999999998,0.0,0.0,0.3235504614701334,0.0
27853,2025-11-17T12:00:00.000000000,1.178,0.886,0.0,0.0,0.3232573903999611,0.0
27853,2025-11-17T13:00:00.000000000,0.5299999999999999,0.23800000000000002,0.0,0.0,0.0,0.0
27853,2025-11-17T14:00:00.000000000,2.032,0.0,0.0,0.23,0.3235504614701334,0.0
27853,2025-11-17T15:00:00.000000000,1.543,0.0,0.0,0.376,0.0,0.0
27853,2025-11-17T16:00:00.000000000,0.915,0.0,0.0,0.459,0.3235504614701334,0.0
27853,2025-11-17T17:00:00.000000000,1.022,0.0,0.0,0.5700000000000001,0.0,0.0
27853,2025-11-17T18:00:00.000000000,1.042,0.0,0.0,0.576,1.0957927313739388,0.0
27853,2025-11-17T19:00:00.000000000,1.009,0.0,0.0,0.507,0.0,0.0
27853,2025-11-17T20:00:00.000000000,0.905,0.0,0.0,0.341,1.5336409102112387,0.0
27853,2025-11-17T21:00:00.000000000,0.8300000000000001,0.0,0.0,0.21999999999999997,0.6939922941678222,0.0
27853,2025-11-17T22:00:00.000000000,0.73,0.0,0.0,0.121,0.0,0.0
27853,2025-11-17T23:00:00.000000000,0.602,0.002,0.0,0.031000000000000003,0.3235504614701334,0.0
27853,2025-11-18T00:00:00.000000000,1.141,0.596,0.0,0.0,0.3232573903999611,0.0
27853,2025-11-18T01:00:00.000000000,1.056,0.5800000000000001,0.0,0.0,0.0,0.0
27853,2025-11-18T02:00:00.000000000,1.008,0.6190000000000001,0.0,0.0,0.3469961470839111,0.0
27853,2025-11-18T03:00:00.000000000,1.0870000000000002,0.7749999999999999,0.0,0.0,0.3469961470839111,0.0
27853,2025-11-18T04:00:00.000000000,1.1869999999999998,0.894,0.0,0.0,0.3235504614701334,0.0
27853,2025-11-18T05:00:00.000000000,1.48,1.178,0.0,0.0,0.0,0.0
27853,2025-11-18T06:00:00.000000000,1.4329999999999998,1.139,0.0,0.0,0.3232573903999611,0.0
27853,2025-11-18T07:00:00.000000000,1.442,1.153,0.0,0.0,0.0,0.0
27853,2025-11-18T08:00:00.000000000,1.483,1.1949999999999998,0.0,0.0,0.3235504614701334,0.0
27853,2025-11-18T09:00:00.000000000,1.524,1.232,0.0,0.0,0.0,0.0
27853,2025-11-18T10:00:00.000000000,1.5270000000000001,1.2349999999999999,0.0,0.0,0.3235504614701334,0.0
27853,2025-11-18T11:00:00.000000000,1.477,1.1829999999999998,0.0,0.0,0.3232573903999611,0.0
27853,2025-11-18T12:00:00.000000000,1.2440000000000002,0.951,0.0,0.0,0.0,0.0
27853,2025-11-18T13:00:00.000000000,0.8530000000000001,0.5609999999999999,0.0,0.0,0.3235504614701334,0.0
27853,2025-11-18T14:00:00.000000000,0.51,0.05,0.0,0.011,0.0,0.0
27853,2025-11-18T15:00:00.000000000,0.5800000000000001,0.0,0.0,0.12499999999999999,0.3235504614701334,0.0
27853,2025-11-18T16:00:00.000000000,0.7329999999999999,0.0,0.0,0.276,0.0,0.0
27853,2025-11-18T17:00:00.000000000,0.833,0.0,0.0,0.381,0.3232573903999611,0.0
27853,2025-11-18T18:00:00.000000000,0.88,0.0,0.0,0.414,0.3235504614701334,0.0
27853,2025-11-18T19:00:00.000000000,0.7949999999999999,0.0,0.0,0.34700000000000003,0.3469961470839111,0.0
27853,2025-11-18T20:00:00.000000000,1.2469999999999999,0.0,0.0,0.263,0.7493827264303722,0.0
27853,2025-11-18T21:00:00.000000000,1.4280000000000002,0.0,0.0,0.202,0.4838603368543388,0.0
27853,2025-11-18T22:00:00.000000000,0.706,0.043,0.0,0.05499999999999999,1.6001680431403333,0.0
27853,2025-11-18T23:00:00.000000000,0.6219999999999999,0.05,0.0,0.004,0.4864979764858889,0.0
27853,2025-11-19T00:00:00.000000000,1.104,0.5609999999999999,0.0,0.0,0.0,0.0
27853,2025-11-19T01:00:00.000000000,0.907,0.43200000000000005,0.0,0.0,0.3235504614701334,0.0
27853,2025-11-19T02:00:00.000000000,1.924,0.097,0.0,0.045,0.0,0.0
27853,2025-11-19T03:00:00.000000000,1.303,0.22599999999999998,0.0,0.02,0.3469961470839111,0.0
27853,2025-11-19T04:00:00.000000000,0.872,0.557,0.0,0.0,0.32355046147013333,0.0
27853,2025-11-19T05:00:00.000000000,1.177,0.869,0.0,0.0,0.0,0.0
27853,2025-11-19T06:00:00.000000000,1.134,0.84,0.0,0.0,0.3235504614701334,0.0
27853,2025-11-19T07:00:00.000000000,1.2069999999999999,0.9139999999999999,0.0,0.0,0.8226504939734278,0.0
27853,2025-11-19T08:00:00.000000000,1.3439999999999999,1.039,0.0,0.0,1.57467086003535,0.0
27853,2025-11-19T09:00:00.000000000,1.349,1.06,0.0,0.0,0.0,0.0
27853,2025-11-19T10:00:00.000000000,1.382,1.089,0.0,0.0,0.3235504614701334,0.0
27853,2025-11-19T11:00:00.000000000,1.327,1.034,0.0,0.0,0.0,0.0
27853,2025-11-19T12:00:00.000000000,1.189,0.8959999999999999,0.0,0.0,1.5831699210703445,0.0
27853,2025-11-19T13:00:00.000000000,0.755,0.464,0.0,0.0,0.3232573903999611,0.0
27853,2025-11-19T14:00:00.000000000,0.378,0.08000000000000002,0.0,0.006,0.0,0.0
27853,2025-11-19T15:00:00.000000000,0.40299999999999997,0.0,0.0,0.11000000000000001,0.3235504614701334,0.0
27853,2025-11-19T16:00:00.000000000,0.552,0.0,0.0,0.26,0.0,0.0
27853,2025-11-19T17:00:00.000000000,0.867,0.0,0.0,0.417,0.3235504614701334,0.0
27853,2025-11-19T18:00:00.000000000,0.7719999999999999,0.0,0.0,0.436,0.0,0.0
27853,2025-11-19T19:00:00.000000000,0.806,0.0,0.0,0.35800000000000004,2.1235929744679223,0.0
27853,2025-11-19T20:00:00.000000000,0.5880000000000001,0.0,0.0,0.21699999999999997,0.3235504614701334,0.0
27853,2025-11-19T21:00:00.000000000,1.8749999999999998,0.0,0.0,0.22599999999999998,0.3469961470839111,0.0
27853,2025-11-19T22:00:00.000000000,0.67,0.012,0.0,0.049,0.3469961470839111,0.0
27853,2025-11-19T23:00:00.000000000,0.816,0.248,0.0,0.0,0.3232573903999611,0.0
27853,2025-11-20T00:00:00.000000000,1.668,1.123,0.0,0.0,0.3745448276801,0.0
27853,2025-11-20T01:00:00.000000000,1.553,1.116,0.0,0.0,1.0409884412517332,0.0
27853,2025-11-20T02:00:00.000000000,1.507,1.21,0.0,0.0,0.0,0.0
27853,2025-11-20T03:00:00.000000000,1.664,1.3690000000000002,0.0,0.0,0.32355046147013333,0.0
27853,2025-11-20T04:00:00.000000000,1.784,1.492,0.0,0.0,0.0,0.0
27853,2025-11-20T05:00:00.000000000,2.146,1.843,0.0,0.0,0.3232573903999611,0.0
27853,2025-11-20T06:00:00.000000000,1.9949999999999999,1.699,0.0,0.0,0.0,0.0
27853,2025-11-20T07:00:00.000000000,1.846,1.557,0.0,0.0,0.3235504614701334,0.0
27853,2025-11-20T08:00:00.000000000,1.899,1.604,0.0,0.0,1.2754452973895112,0.0
27853,2025-11-20T09:00:00.000000000,1.927,1.557,0.0,0.0,0.8132722197279166,0.0
27853,2025-11-20T10:00:00.000000000,1.954,1.527,0.0,0.0,2.0854937353455334,0.0
27853,2025-11-20T11:00:00.000000000,1.701,1.371,0.0,0.0,0.3235504614701334,0.0
27853,2025-11-20T12:00:00.000000000,1.2810000000000001,0.9870000000000001,0.0,0.0,0.0,0.0
27853,2025-11-20T13:00:00.000000000,0.7040000000000001,0.414,0.0,0.0,0.6468078518700945,0.0
27853,2025-11-20T14:00:00.000000000,0.37300000000000005,0.066,0.0,0.017,1.446891873440261,0.0
27853,2025-11-20T15:00:00.000000000,0.44,0.0,0.0,0.148,0.0,0.0
27853,2025-11-20T16:00:00.000000000,0.5970000000000001,0.0,0.0,0.30500000000000005,0.3235504614701334,0.0
27853,2025-11-20T17:00:00.000000000,0.724,0.0,0.0,0.432,0.0,0.0
27853,2025-11-20T18:00:00.000000000,0.7530000000000001,0.0,0.0,0.461,0.3235504614701334,0.0
27853,2025-11-20T19:00:00.000000000,0.675,0.0,0.0,0.38000000000000006,0.3232573903999611,0.0
27853,2025-11-20T20:00:00.000000000,0.6060000000000001,0.0,0.0,0.236,0.0,0.0
27853,2025-11-20T21:00:00.000000000,0.772,0.0,0.0,0.16,0.3235504614701334,0.0
27853,2025-11-20T22:00:00.000000000,0.6930000000000001,0.0,0.0,0.084,1.7282401008055945,0.0
27853,2025-11-20T23:00:00.000000000,0.41800000000000004,0.011,0.0,0.026999999999999996,0.3235504614701334,0.0
27853,2025-11-21T00:00:00.000000000,0.702,0.374,0.0,0.0,0.7449866603777888,0.0
27853,2025-11-21T01:00:00.000000000,0.738,0.42800000000000005,0.0,0.0,1.3331802982134389,0.0
27853,2025-11-21T02:00:00.000000000,0.7839999999999999,0.487,0.0,0.0,1.160561437882,0.0
27853,2025-11-21T03:00:00.000000000,0.882,0.5870000000000001,0.0,0.0,0.0,0.0
27853,2025-11-21T04:00:00.000000000,1.085,0.7929999999999999,0.0,0.0,0.3235504614701334,0.0
27853,2025-11-21T05:00:00.000000000,1.304,1.001,0.0,0.0,0.3232573903999611,0.0
27853,2025-11-21T06:00:00.000000000,1.166,0.871,0.0,0.0,0.0,0.0
27853,2025-11-21T07:00:00.000000000,1.1689999999999998,0.881,0.0,0.0,0.3235504614701334,0.0
27853,2025-11-21T08:00:00.000000000,1.436,1.126,0.0,0.0,2.2261678490282,0.0
27853,2025-11-21T09:00:00.000000000,1.508,1.1400000000000001,0.0,0.0,0.7356083861322777,0.0
27853,2025-11-21T10:00:00.000000000,1.4829999999999999,1.168,0.0,0.0,0.0,0.0
27853,2025-11-21T11:00:00.000000000,1.377,1.082,0.0,0.0,0.3232573903999611,0.0
27853,2025-11-21T12:00:00.000000000,1.133,0.84,0.0,0.0,1.1611475800223445,0.0
27853,2025-11-21T13:00:00.000000000,0.8719999999999999,0.581,0.0,0.0,3.5904136806798945,0.0
27853,2025-11-21T14:00:00.000000000,0.459,0.168,0.0,0.0,0.0,0.0
27853,2025-11-21T15:00:00.000000000,0.32499999999999996,0.0,0.0,0.032,0.3235504614701334,0.0
27853,2025-11-21T16:00:00.000000000,0.39,0.0,0.0,0.09799999999999999,0.0,0.0
27853,2025-11-21T17:00:00.000000000,0.457,0.0,0.0,0.164,0.3235504614701333,0.0
27853,2025-11-21T18:00:00.000000000,0.491,0.0,0.0,0.19999999999999998,0.0,0.0
27853,2025-11-21T19:00:00.000000000,0.475,0.0,0.0,0.18100000000000002,0.3235504614701334,0.0
27853,2025-11-21T20:00:00.000000000,0.396,0.0,0.0,0.095,0.0,0.0
27853,2025-11-21T21:00:00.000000000,0.504,0.0,0.0,0.041,0.3235504614701334,0.0
27853,2025-11-21T22:00:00.000000000,0.6739999999999999,0.06,0.0,0.006,0.13598497655991112,0.0
27853,2025-11-21T23:00:00.000000000,1.3250000000000002,0.22499999999999998,0.0,0.014,0.18727241384005,0.0
27853,2025-11-22T00:00:00.000000000,1.361,0.97,0.0,0.0,0.3232573903999611,0.0
27853,2025-11-22T01:00:00.000000000,1.228,0.9169999999999999,0.0,0.0,1.1611475800223445,0.0
27853,2025-11-22T02:00:00.000000000,1.242,0.945,0.0,0.0,0.3235504614701334,0.0
27853,2025-11-22T03:00:00.000000000,1.44,1.146,0.0,0.0,0.0,0.0
27853,2025-11-22T04:00:00.000000000,1.5150000000000001,1.222,0.0,0.0,0.3235504614701334,0.0
27853,2025-11-22T05:00:00.000000000,1.8370000000000002,1.536,0.0,0.0,0.0,0.0
27853,2025-11-22T06:00:00.000000000,1.9540000000000002,1.6590000000000003,0.0,0.0,0.3232573903999611,0.0
27853,2025-11-22T07:00:00.000000000,2.226,1.933,0.0,0.0,1.59049669782465,0.0
27853,2025-11-22T08:00:00.000000000,2.476,2.163,0.0,0.0,1.6104255305963613,0.0
27853,2025-11-22T09:00:00.000000000,2.591,2.22,0.0,0.0,1.3214574554065501,0.0
27853,2025-11-22T10:00:00.000000000,2.567,2.141,0.0,0.0,0.7933433869562055,0.0
27853,2025-11-22T11:00:00.000000000,2.35,2.057,0.0,0.0,0.6775803142381778,0.0
27853,2025-11-22T12:00:00.000000000,1.8399999999999999,1.547,0.0,0.0,0.34728921815408337,0.0
27853,2025-11-22T13:00:00.000000000,1.14,0.8490000000000001,0.0,0.0,1.1620267932328612,0.0
27853,2025-11-22T14:00:00.000000000,0.433,0.14,0.0,0.004,0.0,0.0
27853,2025-11-22T15:00:00.000000000,0.373,0.0,0.0,0.08,0.3235504614701334,0.0
27853,2025-11-22T16:00:00.000000000,0.493,0.0,0.0,0.19999999999999998,0.0,0.0
27853,2025-11-22T17:00:00.000000000,0.599,0.0,0.0,0.30700000000000005,0.3232573903999611,0.0
27853,2025-11-22T18:00:00.000000000,0.621,0.0,0.0,0.329,0.0,0.0
27853,2025-11-22T19:00:00.000000000,0.5529999999999999,0.0,0.0,0.259,0.3235504614701334,0.0
27853,2025-11-22T20:00:00.000000000,0.44099999999999995,0.0,0.0,0.143,0.0,0.0
27853,2025-11-22T21:00:00.000000000,0.937,0.0,0.0,0.081,0.5717816579060055,0.0
27853,2025-11-22T22:00:00.000000000,1.2870000000000001,0.003,0.0,0.024999999999999998,0.7740006963248389,0.0
27853,2025-11-22T23:00:00.000000000,0.899,0.263,0.0,0.0,0.6699604664137,0.0
27853,2025-11-23T00:00:00.000000000,1.574,1.029,0.0,0.0,0.0,0.0
27853,2025-11-23T01:00:00.000000000,1.53,1.052,0.0,0.0,1.5386231184041668,0.0
27853,2025-11-23T02:00:00.000000000,1.496,1.105,0.0,0.0,0.7133349847991888,0.0
27853,2025-11-23T03:00:00.000000000,1.687,1.343,0.0,0.0,0.3235504614701334,0.0
27853,2025-11-23T04:00:00.000000000,1.842,1.53,0.0,0.0,0.0,0.0
27853,2025-11-23T05:00:00.000000000,2.2489999999999997,1.9449999999999998,0.0,0.0,0.3235504614701334,0.0
27853,2025-11-23T06:00:00.000000000,2.182,1.8890000000000002,0.0,0.0,0.0,0.0
27853,2025-11-23T07:00:00.000000000,2.138,1.848,0.0,0.0,0.32325739039996115,0.0
27853,2025-11-23T08:00:00.000000000,2.205,1.9169999999999998,0.0,0.0,0.34728921815408337,0.0
27853,2025-11-23T09:00:00.000000000,2.2929999999999997,2.004,0.0,0.0,0.0,0.0
27853,2025-11-23T10:00:00.000000000,2.387,2.095,0.0,0.0,0.3235504614701334,0.0
27853,2025-11-23T11:00:00.000000000,2.299,2.0069999999999997,0.0,0.0,0.0,0.0
27853,2025-11-23T12:00:00.000000000,1.889,1.477,0.0,0.0,0.3235504614701334,0.0
27853,2025-11-23T13:00:00.000000000,1.1159999999999999,0.747,0.0,0.0,0.0,0.0
27853,2025-11-23T14:00:00.000000000,0.442,0.148,0.0,0.004,0.3232573903999611,0.0
27853,2025-11-23T15:00:00.000000000,0.386,0.0,0.0,0.092,0.0,0.0
27853,2025-11-23T16:00:00.000000000,0.521,0.0,0.0,0.229,0.3235504614701334,0.0
27853,2025-11-23T17:00:00.000000000,0.633,0.0,0.0,0.34099999999999997,0.0,0.0
27853,2025-11-23T18:00:00.000000000,0.714,0.0,0.0,0.377,0.3235504614701334,0.0
27853,2025-11-23T19:00:00.000000000,0.783,0.0,0.0,0.335,0.3232573903999611,0.0
27853,2025-11-23T20:00:00.000000000,0.487,0.0,0.0,0.186,0.0,0.0
27853,2025-11-23T21:00:00.000000000,0.647,0.0,0.0,0.104,0.3235504614701334,0.0
27853,2025-11-23T22:00:00.000000000,0.7070000000000001,0.076,0.0,0.022,1.2388114136179833,0.0
27853,2025-11-23T23:00:00.000000000,0.889,0.318,0.0,0.0,0.6708396796242168,0.0
27853,2025-11-24T00:00:00.000000000,1.55,1.1589999999999998,0.0,0.0,0.0,0.0
27853,2025-11-24T01:00:00.000000000,1.462,1.153,0.0,0.0,0.3235504614701334,0.0
27853,2025-11-24T02:00:00.000000000,1.5870000000000002,1.289,0.0,0.0,1.1617337221626889,0.0
27853,2025-11-24T03:00:00.000000000,1.656,1.362,0.0,0.0,0.3232573903999611,0.0
27853,2025-11-24T04:00:00.000000000,1.6729999999999998,1.3800000000000001,0.0,0.0,0.0,0.0
27853,2025-11-24T05:00:00.000000000,1.9660000000000002,1.6629999999999998,0.0,0.0,0.3235504614701334,0.0
27853,2025-11-24T06:00:00.000000000,1.863,1.568,0.0,0.0,0.0,0.0
27853,2025-11-24T07:00:00.000000000,1.822,1.532,0.0,0.0,0.3235504614701334,0.0
27853,2025-11-24T08:00:00.000000000,1.8689999999999998,1.58,0.0,0.0,0.0,0.0
27853,2025-11-24T09:00:00.000000000,1.9180000000000001,1.627,0.0,0.0,0.32325739039996115,0.0
27853,2025-11-24T10:00:00.000000000,1.932,1.64,0.0,0.0,0.0,0.0
27853,2025-11-24T11:00:00.000000000,1.88,1.547,0.0,0.0,0.6942853652379944,0.0
27853,2025-11-24T12:00:00.000000000,1.552,1.102,0.0,0.0,0.7675531327810501,0.0
27853,2025-11-24T13:00:00.000000000,0.974,0.5269999999999999,0.0,0.0,1.7033290598409554,0.0
27853,2025-11-24T14:00:00.000000000,0.501,0.02,0.0,0.032,0.1960645459452167,0.0
27853,2025-11-24T15:00:00.000000000,0.621,0.0,0.0,0.163,0.3232573903999611,0.0
27853,2025-11-24T16:00:00.000000000,0.7569999999999999,0.0,0.0,0.30000000000000004,0.0,0.0
27853,2025-11-24T17:00:00.000000000,0.822,0.0,0.0,0.37,0.81503064614895,0.0
27853,2025-11-24T18:00:00.000000000,0.8260000000000001,0.0,0.0,0.35900000000000004,0.34728921815408337,0.0
27853,2025-11-24T19:00:00.000000000,0.7830000000000001,0.0,0.0,0.28200000000000003,0.6705466085540445,0.0
27853,2025-11-24T20:00:00.000000000,0.728,0.0,0.0,0.166,1.7710284770507387,0.0
27853,2025-11-24T21:00:00.000000000,0.685,0.0,0.0,0.073,2.4222323949734164,0.0
27853,2025-11-24T22:00:00.000000000,0.626,0.003,0.0,0.013999999999999999,0.6837348067117944,0.0
27853,2025-11-24T23:00:00.000000000,0.7230000000000001,0.155,0.0,0.0,0.0,0.0
27853,2025-11-25T00:00:00.000000000,1.3559999999999999,0.8119999999999999,0.0,0.0,0.6471009229402668,0.0
27853,2025-11-25T01:00:00.000000000,1.1760000000000002,0.7010000000000001,0.0,0.0,0.3232573903999611,0.0
27853,2025-11-25T02:00:00.000000000,1.091,0.7549999999999999,0.0,0.0,0.8926944797445888,0.0
27853,2025-11-25T03:00:00.000000000,1.1239999999999999,0.829,0.0,0.0,0.6708396796242168,0.0
27853,2025-11-25T04:00:00.000000000,1.182,0.889,0.0,0.0,0.37513096982044447,0.0
27853,2025-11-25T05:00:00.000000000,1.3719999999999999,1.07,0.0,0.0,0.32355046147013333,0.0
27853,2025-11-25T06:00:00.000000000,1.279,0.984,0.0,0.0,0.0,0.0
27853,2025-11-25T07:00:00.000000000,1.303,1.01,0.0,0.0,1.5661717990003554,0.0
27853,2025-11-25T08:00:00.000000000,1.309,1.0190000000000001,0.0,0.0,0.0,0.0
27853,2025-11-25T09:00:00.000000000,1.348,1.0350000000000001,0.0,0.0,0.3235504614701334,0.0
27853,2025-11-25T10:00:00.000000000,1.388,0.962,0.0,0.0,0.0,0.0
27853,2025-11-25T11:00:00.000000000,1.6469999999999998,0.7769999999999999,0.0,0.0,0.3232573903999611,0.0
27853,2025-11-25T12:00:00.000000000,2.435,0.024,0.0,0.018000000000000002,0.0,0.0
27853,2025-11-25T13:00:00.000000000,1.032,0.294,0.0,0.0,1.215658799074378,0.0
27853,2025-11-25T14:00:00.000000000,0.6890000000000001,0.24000000000000002,0.0,0.0,0.6986814312905778,0.0
27853,2025-11-25T15:00:00.000000000,0.537,0.081,0.0,0.0,0.0,0.0
27853,2025-11-25T16:00:00.000000000,0.387,0.053,0.0,0.0,0.7446935893076166,0.0
27853,2025-11-25T17:00:00.000000000,0.495,0.0,0.0,0.043,0.6945784363081667,0.0
27853,2025-11-25T18:00:00.000000000,0.531,0.0,0.0,0.064,0.0,0.0
27853,2025-11-25T19:00:00.000000000,0.558,0.0,0.0,0.056999999999999995,0.3235504614701334,0.0
27853,2025-11-25T20:00:00.000000000,0.5890000000000001,0.0,0.0,0.026,0.0,0.0
27853,2025-11-25T21:00:00.000000000,0.639,0.026000000000000002,0.0,0.0,0.3232573903999611,0.0
27853,2025-11-25T22:00:00.000000000,0.833,0.22399999999999998,0.0,0.0,1.2399836978986722,0.0
27853,2025-11-25T23:00:00.000000000,0.8929999999999999,0.325,0.0,0.0,1.1629060064433778,0.0
27853,2025-11-26T00:00:00.000000000,1.285,0.74,0.0,0.0,0.34728921815408337,0.0
27853,2025-11-26T01:00:00.000000000,1.069,0.595,0.0,0.0,0.3232573903999611,0.0
27853,2025-11-26T02:00:00.000000000,1.014,0.625,0.0,0.0,0.0,0.0
27853,2025-11-26T03:00:00.000000000,1.0870000000000002,0.7739999999999999,0.0,0.0,0.3235504614701334,0.0
27853,2025-11-26T04:00:00.000000000,1.158,0.865,0.0,0.0,0.0,0.0
27853,2025-11-26T05:00:00.000000000,1.4060000000000001,1.1039999999999999,0.0,0.0,0.3235504614701334,0.0
27853,2025-11-26T06:00:00.000000000,1.2879999999999998,0.993,0.0,0.0,0.0,0.0
27853,2025-11-26T07:00:00.000000000,1.228,0.938,0.0,0.0,0.3232573903999611,0.0
27853,2025-11-26T08:00:00.000000000,1.224,0.936,0.0,0.0,0.0,0.0
27853,2025-11-26T09:00:00.000000000,1.22,0.93,0.0,0.0,0.3235504614701334,0.0
27853,2025-11-26T10:00:00.000000000,1.2089999999999999,0.917,0.0,0.0,0.0,0.0
27853,2025-11-26T11:00:00.000000000,1.155,0.8600000000000001,0.0,0.0,0.3235504614701334,0.0
27853,2025-11-26T12:00:00.000000000,0.987,0.6950000000000001,0.0,0.0,0.0,0.0
27853,2025-11-26T13:00:00.000000000,0.961,0.554,0.0,0.0,2.0371370087671163,0.0
27853,2025-11-26T14:00:00.000000000,0.7090000000000001,0.33899999999999997,0.0,0.0,0.0,0.0
27853,2025-11-26T15:00:00.000000000,0.633,0.219,0.0,0.0,0.3235504614701334,0.0
27853,2025-11-26T16:00:00.000000000,0.543,0.21,0.0,0.0,0.0,0.0
27853,2025-11-26T17:00:00.000000000,0.526,0.234,0.0,0.0,0.3232573903999611,0.0
27853,2025-11-26T18:00:00.000000000,0.531,0.239,0.0,0.0,0.6705466085540445,0.0
27853,2025-11-26T19:00:00.000000000,0.5760000000000001,0.174,0.0,0.0,0.3232573903999611,0.0
27853,2025-11-26T20:00:00.000000000,1.173,0.051000000000000004,0.0,0.03900000000000001,0.0,0.0
27853,2025-11-26T21:00:00.000000000,0.7449999999999999,0.134,0.0,0.0,0.3235504614701334,0.0
27853,2025-11-26T22:00:00.000000000,1.1019999999999999,0.17900000000000002,0.0,0.0,0.33732480176822777,0.0
27853,2025-11-26T23:00:00.000000000,1.468,0.249,0.0,0.0,1.9682653072766447,0.0
27853,2025-11-27T00:00:00.000000000,1.333,0.774,0.0,0.0,1.0717609036198166,0.0
27853,2025-11-27T01:00:00.000000000,0.9999999999999999,0.6900000000000001,0.0,0.0,0.0,0.0
27853,2025-11-27T02:00:00.000000000,0.9440000000000001,0.6459999999999999,0.0,0.0,0.34728921815408337,0.0
27853,2025-11-27T03:00:00.000000000,1.025,0.7310000000000001,0.0,0.0,0.6945784363081667,0.0
27853,2025-11-27T04:00:00.000000000,1.0510000000000002,0.758,0.0,0.0,0.34728921815408337,0.0
27853,2025-11-27T05:00:00.000000000,1.226,0.923,0.0,0.0,0.3235504614701334,0.0
27853,2025-11-27T06:00:00.000000000,1.147,0.8520000000000001,0.0,0.0,0.0,0.0
27853,2025-11-27T07:00:00.000000000,1.0790000000000002,0.79,0.0,0.0,0.32325739039996104,0.0
27853,2025-11-27T08:00:00.000000000,1.0830000000000002,0.7939999999999999,0.0,0.0,0.0,0.0
27853,2025-11-27T09:00:00.000000000,1.1689999999999998,0.879,0.0,0.0,0.3232573903999611,0.0
27853,2025-11-27T10:00:00.000000000,1.1669999999999998,0.876,0.0,0.0,0.0,0.0
27853,2025-11-27T11:00:00.000000000,1.105,0.812,0.0,0.0,0.3235504614701334,0.0
27853,2025-11-27T12:00:00.000000000,1.001,0.708,0.0,0.0,0.0,0.0
27853,2025-11-27T13:00:00.000000000,1.038,0.7469999999999999,0.0,0.0,0.3235504614701334,0.0
27853,2025-11-27T14:00:00.000000000,0.9249999999999999,0.633,0.0,0.0,0.0,0.0
27853,2025-11-27T15:00:00.000000000,0.5349999999999999,0.24399999999999997,0.0,0.0,0.3232573903999611,0.0
27853,2025-11-27T16:00:00.000000000,0.33399999999999996,0.009,0.0,0.032,0.0,0.0
27853,2025-11-27T17:00:00.000000000,0.422,0.0,0.0,0.129,0.3235504614701334,0.0
27853,2025-11-27T18:00:00.000000000,0.475,0.0,0.0,0.183,0.0,0.0
27853,2025-11-27T19:00:00.000000000,0.5720000000000001,0.0,0.0,0.17,0.3235504614701334,0.0
27853,2025-11-27T20:00:00.000000000,1.336,0.0,0.0,0.133,0.6928200098871333,0.0
27853,2025-11-27T21:00:00.000000000,1.052,0.011,0.0,0.037,1.0295586695150167,0.0
27853,2025-11-27T22:00:00.000000000,0.8089999999999999,0.2,0.0,0.0,0.6667366846418057,0.0
27853,2025-11-27T23:00:00.000000000,1.067,0.497,0.0,0.0,0.6728911771154222,0.0
27853,2025-11-28T00:00:00.000000000,1.9250000000000003,1.432,0.0,0.0,3.5359024616278614,0.0
27853,2025-11-28T01:00:00.000000000,1.6780000000000002,1.3659999999999999,0.0,0.0,1.3950182940197777,0.0
27853,2025-11-28T02:00:00.000000000,1.6400000000000001,1.343,0.0,0.0,0.5732470132568668,0.0
27853,2025-11-28T03:00:00.000000000,1.994,1.701,0.0,0.0,3.2498650971397725,0.0
27853,2025-11-28T04:00:00.000000000,1.888,1.594,0.0,0.0,0.32355046147013333,0.0
27853,2025-11-28T05:00:00.000000000,2.133,1.83,0.0,0.0,0.0,0.0
27853,2025-11-28T06:00:00.000000000,2.096,1.802,0.0,0.0,0.3232573903999611,0.0
27853,2025-11-28T07:00:00.000000000,2.0700000000000003,1.78,0.0,0.0,0.0,0.0
27853,2025-11-28T08:00:00.000000000,2.08,1.791,0.0,0.0,0.3235504614701334,0.0
27853,2025-11-28T09:00:00.000000000,2.261,1.901,0.0,0.0,1.2326569211443668,0.0
27853,2025-11-28T10:00:00.000000000,2.246,1.928,0.0,0.0,1.0421607255324223,0.0
27853,2025-11-28T11:00:00.000000000,2.1029999999999998,1.811,0.0,0.0,0.0,0.0
27853,2025-11-28T12:00:00.000000000,1.689,1.397,0.0,0.0,0.32325739039996115,0.0
27853,2025-11-28T13:00:00.000000000,1.192,0.9000000000000001,0.0,0.0,1.760477918524539,0.0
27853,2025-11-28T14:00:00.000000000,0.5319999999999999,0.23999999999999996,0.0,0.0,0.3235504614701334,0.0
27853,2025-11-28T15:00:00.000000000,0.33899999999999997,0.0,0.0,0.047,0.0,0.0
27853,2025-11-28T16:00:00.000000000,0.452,0.0,0.0,0.16,0.3235504614701334,0.0
27853,2025-11-28T17:00:00.000000000,0.557,0.0,0.0,0.264,0.0,0.0
27853,2025-11-28T18:00:00.000000000,0.7609999999999999,0.0,0.0,0.333,0.3232573903999611,0.0
27853,2025-11-28T19:00:00.000000000,0.7930000000000001,0.0,0.0,0.29100000000000004,0.0,0.0
27853,2025-11-28T20:00:00.000000000,0.654,0.0,0.0,0.162,0.3232573903999611,0.0
27853,2025-11-28T21:00:00.000000000,0.361,0.029,0.0,0.026999999999999996,0.0,0.0
27853,2025-11-28T22:00:00.000000000,0.7050000000000001,0.401,0.0,0.0,0.6945784363081667,0.0
27853,2025-11-28T23:00:00.000000000,1.755,0.708,0.0,0.0,3.7568780485377165,0.0
27853,2025-11-29T00:00:00.000000000,2.275,1.697,0.0,0.0,2.5268587670249003,0.0
27853,2025-11-29T01:00:00.000000000,2.082,1.607,0.0,0.0,1.5825837789300001,0.0
27853,2025-11-29T02:00:00.000000000,2.013,1.678,0.0,0.0,0.8947459772357944,0.0
27853,2025-11-29T03:00:00.000000000,2.202,1.9089999999999998,0.0,0.0,0.3232573903999611,0.0
27853,2025-11-29T04:00:00.000000000,2.344,2.051,0.0,0.0,0.0,0.0
27853,2025-11-29T05:00:00.000000000,2.707,2.403,0.0,0.0,0.3235504614701334,0.0
27853,2025-11-29T06:00:00.000000000,2.504,2.212,0.0,0.0,0.0,0.0
27853,2025-11-29T07:00:00.000000000,2.643,2.348,0.0,0.0,2.9233839249679168,0.0
27853,2025-11-29T08:00:00.000000000,3.113,2.282,0.0,0.0,2.603643387410022,0.0
27853,2025-11-29T09:00:00.000000000,2.851,2.482,0.0,0.0,1.330542658581889,0.0
27853,2025-11-29T10:00:00.000000000,2.907,2.479,0.0,0.0,0.3235504614701334,0.0
27853,2025-11-29T11:00:00.000000000,2.827,2.378,0.0,0.0,0.34758228922425555,0.0
27853,2025-11-29T12:00:00.000000000,2.644,1.88,0.0,0.0,1.6159938809296333,0.0
27853,2025-11-29T13:00:00.000000000,1.978,0.92,0.0,0.0,1.0453845073043166,0.0
27853,2025-11-29T14:00:00.000000000,0.729,0.374,0.0,0.0,0.3235504614701334,0.0
27853,2025-11-29T15:00:00.000000000,0.34400000000000003,0.041999999999999996,0.0,0.011,0.6992675734309223,0.0
27853,2025-11-29T16:00:00.000000000,0.40499999999999997,0.0,0.0,0.11299999999999999,0.34758228922425555,0.0
27853,2025-11-29T17:00:00.000000000,0.513,0.0,0.0,0.22,0.0,0.0
27853,2025-11-29T18:00:00.000000000,0.547,0.0,0.0,0.256,0.32355046147013333,0.0
27853,2025-11-29T19:00:00.000000000,0.5609999999999999,0.0,0.0,0.21199999999999997,0.0,0.0
27853,2025-11-29T20:00:00.000000000,2.3310000000000004,0.0,0.0,0.221,0.6875447306240334,0.0
27853,2025-11-29T21:00:00.000000000,2.968,0.0,0.0,0.217,0.33849708604891665,0.0
27853,2025-11-29T22:00:00.000000000,1.358,0.10400000000000001,0.0,0.007,0.6793387406592111,0.0
27853,2025-11-29T23:00:00.000000000,1.452,0.491,0.0,0.0,1.1503039504259722,0.0
27853,2025-11-30T00:00:00.000000000,2.161,1.616,0.0,0.0,1.8759479201723943,0.0
27853,2025-11-30T01:00:00.000000000,1.99,1.5140000000000002,0.0,0.0,0.34758228922425555,0.0
27853,2025-11-30T02:00:00.000000000,1.9809999999999999,1.591,0.0,0.0,0.6986814312905778,0.0
27853,2025-11-30T03:00:00.000000000,2.193,1.8489999999999998,0.0,0.0,0.3235504614701334,0.0
27853,2025-11-30T04:00:00.000000000,2.314,1.996,0.0,0.0,0.0,0.0
27853,2025-11-30T05:00:00.000000000,2.703,2.3930000000000002,0.0,0.0,0.3235504614701334,0.0
27853,2025-11-30T06:00:00.000000000,2.64,2.346,0.0,0.0,0.0,0.0
27853,2025-11-30T07:00:00.000000000,2.6670000000000003,2.379,0.0,0.0,0.3232573903999611,0.0
27853,2025-11-30T08:00:00.000000000,2.874,2.563,0.0,0.0,1.78040675129625,0.0
27853,2025-11-30T09:00:00.000000000,2.912,2.5429999999999997,0.0,0.0,2.244924397519222,0.0
27853,2025-11-30T10:00:00.000000000,2.7649999999999997,2.376,0.0,0.0,0.7007329287817833,0.0
27853,2025-11-30T11:00:00.000000000,2.5660000000000003,2.2729999999999997,0.0,0.0,0.0,0.0
27853,2025-11-30T12:00:00.000000000,2.215,1.921,0.0,0.0,2.8020525019166165,0.0
27853,2025-11-30T13:00:00.000000000,1.3719999999999999,1.079,0.0,0.0,0.3256019589613389,0.0
27853,2025-11-30T14:00:00.000000000,0.669,0.378,0.0,0.0,0.6992675734309223,0.0
27853,2025-11-30T15:00:00.000000000,0.33799999999999997,0.006,0.0,0.039,0.0,0.0
27853,2025-11-30T16:00:00.000000000,0.431,0.0,0.0,0.138,0.3235504614701334,0.0
27853,2025-11-30T17:00:00.000000000,0.501,0.0,0.0,0.209,0.0,0.0
27853,2025-11-30T18:00:00.000000000,0.671,0.0,0.0,0.244,0.3232573903999611,0.0
27853,2025-11-30T19:00:00.000000000,0.712,0.0,0.0,0.21099999999999997,0.0,0.0
27853,2025-11-30T20:00:00.000000000,0.684,0.0,0.0,0.12100000000000001,0.3235504614701334,0.0
27853,2025-11-30T21:00:00.000000000,0.6579999999999999,0.022,0.0,0.022,0.0,0.0
27853,2025-11-30T22:00:00.000000000,0.989,0.38,0.0,0.0,0.6951645784485111,0.0
27853,2025-11-30T23:00:00.000000000,1.338,0.7679999999999999,0.0,0.0,0.34758228922425555,0.0
27853,2025-12-01T00:00:00.000000000,2.286,1.7919999999999998,0.0,0.0,1.9843842161361167,0.0
27853,2025-12-01T01:00:00.000000000,1.883,1.573,0.0,0.0,0.0,0.0
27853,2025-12-01T02:00:00.000000000,1.754,1.4569999999999999,0.0,0.0,0.3232573903999611,0.0
27853,2025-12-01T03:00:00.000000000,1.7309999999999999,1.439,0.0,0.0,0.0,0.0
27853,2025-12-01T04:00:00.000000000,1.643,1.355,0.0,0.0,0.3235504614701334,0.0
27853,2025-12-01T05:00:00.000000000,1.6609999999999998,1.363,0.0,0.0,0.0,0.0
27853,2025-12-01T06:00:00.000000000,1.3960000000000001,1.105,0.0,0.0,0.3235504614701334,0.0
27853,2025-12-01T07:00:00.000000000,1.2189999999999999,0.9329999999999999,0.0,0.0,0.0,0.0
27853,2025-12-01T08:00:00.000000000,1.146,0.86,0.0,0.0,0.3232573903999611,0.0
27853,2025-12-01T09:00:00.000000000,1.097,0.8090000000000002,0.0,0.0,0.0,0.0
27853,2025-12-01T10:00:00.000000000,1.0710000000000002,0.7830000000000001,0.0,0.0,0.3235504614701334,0.0
27853,2025-12-01T11:00:00.000000000,1.04,0.75,0.0,0.0,0.0,0.0
27853,2025-12-01T12:00:00.000000000,0.984,0.6950000000000001,0.0,0.0,0.3235504614701334,0.0
27853,2025-12-01T13:00:00.000000000,0.923,0.635,0.0,0.0,0.0,0.0
27853,2025-12-01T14:00:00.000000000,0.882,0.594,0.0,0.0,0.3232573903999611,0.0
27853,2025-12-01T15:00:00.000000000,0.865,0.385,0.0,0.0,0.0,0.0
27853,2025-12-01T16:00:00.000000000,0.7429999999999999,0.19699999999999998,0.0,0.0,0.3235504614701334,0.0
27853,2025-12-01T17:00:00.000000000,0.6779999999999999,0.137,0.0,0.0,0.0,0.0
27853,2025-12-01T18:00:00.000000000,0.7630000000000001,0.205,0.0,0.0,0.3235504614701334,0.0
27853,2025-12-01T19:00:00.000000000,0.855,0.256,0.0,0.0,0.6951645784485111,0.0
27853,2025-12-01T20:00:00.000000000,1.272,0.152,0.0,0.028,0.0,0.0
27853,2025-12-01T21:00:00.000000000,2.84,0.0,0.0,0.173,0.3235504614701334,0.0
27853,2025-12-01T22:00:00.000000000,2.851,0.0,0.0,0.19499999999999998,0.6728911771154222,0.0
27853,2025-12-01T23:00:00.000000000,2.8179999999999996,0.0,0.0,0.213,0.7232994011850444,0.0
27853,2025-12-02T00:00:00.000000000,2.222,0.038,0.0,0.128,0.3235504614701334,0.0
27853,2025-12-02T01:00:00.000000000,0.6239999999999999,0.128,0.0,0.001,1.5913759110351666,0.0
27853,2025-12-02T02:00:00.000000000,0.463,0.16899999999999998,0.0,0.0,0.34758228922425555,0.0
27853,2025-12-02T03:00:00.000000000,0.541,0.251,0.0,0.0,0.0,0.0
27853,2025-12-02T04:00:00.000000000,0.598,0.308,0.0,0.0,0.3232573903999611,0.0
27853,2025-12-02T05:00:00.000000000,0.752,0.451,0.0,0.0,0.0,0.0
27853,2025-12-02T06:00:00.000000000,0.6970000000000001,0.406,0.0,0.0,0.3235504614701334,0.0
27853,2025-12-02T07:00:00.000000000,0.678,0.39,0.0,0.0,0.0,0.0
27853,2025-12-02T08:00:00.000000000,0.69,0.40499999999999997,0.0,0.0,0.3235504614701334,0.0
27853,2025-12-02T09:00:00.000000000,0.716,0.429,0.0,0.0,0.06652713292909444,0.0
27853,2025-12-02T10:00:00.000000000,0.744,0.45599999999999996,0.0,0.0,0.2567302574708667,0.0
27853,2025-12-02T11:00:00.000000000,0.7070000000000001,0.41700000000000004,0.0,0.0,0.3232573903999611,0.0
27853,2025-12-02T12:00:00.000000000,0.756,0.28300000000000003,0.0,0.0,1.7730799745419443,0.0
27853,2025-12-02T13:00:00.000000000,0.552,0.01,0.0,0.01,0.3235504614701334,0.0
27853,2025-12-02T14:00:00.000000000,0.5670000000000001,0.0,0.0,0.032,0.0,0.0
27853,2025-12-02T15:00:00.000000000,0.609,0.0,0.0,0.067,0.32355046147013333,0.0
27853,2025-12-02T16:00:00.000000000,0.634,0.0,0.0,0.09,0.34758228922425555,0.0
27853,2025-12-02T17:00:00.000000000,1.3439999999999999,0.0,0.0,0.164,0.6846140199223112,0.0
27853,2025-12-02T18:00:00.000000000,1.461,0.0,0.0,0.233,1.4867495389836831,0.0
27853,2025-12-02T19:00:00.000000000,0.9219999999999999,0.0,0.0,0.22699999999999998,0.6995606445010945,0.0
27853,2025-12-02T20:00:00.000000000,0.841,0.0,0.0,0.171,0.6468078518700945,0.0
27853,2025-12-02T21:00:00.000000000,0.851,0.0,0.0,0.128,0.0,0.0
27853,2025-12-02T22:00:00.000000000,0.768,0.002,0.0,0.05399999999999999,1.2452589771617724,0.0
27853,2025-12-02T23:00:00.000000000,0.6890000000000001,0.015,0.0,0.012,0.4982208192927778,0.0
27853,2025-12-03T00:00:00.000000000,1.1099999999999999,0.48,0.0,0.0,0.18316941885763888,0.0
27853,2025-12-03T01:00:00.000000000,0.9359999999999999,0.44,0.0,0.0,0.3232573903999611,0.0
27853,2025-12-03T02:00:00.000000000,0.868,0.5740000000000001,0.0,0.0,0.34758228922425555,0.0
27853,2025-12-03T03:00:00.000000000,0.986,0.694,0.0,0.0,0.0,0.0
27853,2025-12-03T04:00:00.000000000,1.0630000000000002,0.774,0.0,0.0,0.32325739039996115,0.0
27853,2025-12-03T05:00:00.000000000,1.307,1.0070000000000001,0.0,0.0,0.0,0.0
27853,2025-12-03T06:00:00.000000000,1.2369999999999999,0.947,0.0,0.0,0.3232573903999611,0.0
27853,2025-12-03T07:00:00.000000000,1.206,0.9189999999999999,0.0,0.0,0.0,0.0
27853,2025-12-03T08:00:00.000000000,1.212,0.927,0.0,0.0,0.3235504614701334,0.0
27853,2025-12-03T09:00:00.000000000,1.3130000000000002,1.026,0.0,0.0,0.7927572448158612,0.0
27853,2025-12-03T10:00:00.000000000,1.455,1.008,0.0,0.0,0.0,0.0
27853,2025-12-03T11:00:00.000000000,1.399,1.108,0.0,0.0,0.3235504614701334,0.0
27853,2025-12-03T12:00:00.000000000,1.094,0.8049999999999999,0.0,0.0,0.0,0.0
27853,2025-12-03T13:00:00.000000000,0.5539999999999999,0.266,0.0,0.0,0.3232573903999611,0.0
27853,2025-12-03T14:00:00.000000000,0.351,0.0,0.0,0.064,0.0,0.0
27853,2025-12-03T15:00:00.000000000,0.517,0.0,0.0,0.22899999999999998,0.3235504614701334,0.0
27853,2025-12-03T16:00:00.000000000,0.6779999999999999,0.0,0.0,0.38899999999999996,0.0,0.0
27853,2025-12-03T17:00:00.000000000,0.79,0.0,0.0,0.502,0.3235504614701334,0.0
27853,2025-12-03T18:00:00.000000000,0.817,0.0,0.0,0.529,0.3232573903999611,0.0
27853,2025-12-03T19:00:00.000000000,0.7390000000000001,0.0,0.0,0.44799999999999995,0.0,0.0
27853,2025-12-03T20:00:00.000000000,0.8039999999999999,0.0,0.0,0.313,0.3235504614701334,0.0
27853,2025-12-03T21:00:00.000000000,0.9349999999999999,0.0,0.0,0.21299999999999997,0.0,0.0
27853,2025-12-03T22:00:00.000000000,0.821,0.0,0.0,0.108,0.3235504614701334,0.0
27853,2025-12-03T23:00:00.000000000,0.744,0.064,0.0,0.018,0.8402347581837611,0.0
27853,2025-12-04T00:00:00.000000000,1.334,0.703,0.0,0.0,1.0714678325496445,0.0
27853,2025-12-04T01:00:00.000000000,1.117,0.736,0.0,0.0,0.34758228922425555,0.0
27853,2025-12-04T02:00:00.000000000,1.276,0.983,0.0,0.0,1.8352110414184557,0.0
27853,2025-12-04T03:00:00.000000000,1.404,1.113,0.0,0.0,0.69897450236075,0.0
27853,2025-12-04T04:00:00.000000000,1.505,1.217,0.0,0.0,0.34758228922425555,0.0
27853,2025-12-04T05:00:00.000000000,1.744,1.444,0.0,0.0,0.3232573903999611,0.0
27853,2025-12-04T06:00:00.000000000,1.6380000000000001,1.346,0.0,0.0,0.0,0.0
27853,2025-12-04T07:00:00.000000000,1.5650000000000002,1.2790000000000001,0.0,0.0,0.3235504614701334,0.0
27853,2025-12-04T08:00:00.000000000,1.5870000000000002,1.279,0.0,0.0,0.0,0.0
27853,2025-12-04T09:00:00.000000000,1.58,1.2930000000000001,0.0,0.0,0.3235504614701334,0.0
27853,2025-12-04T10:00:00.000000000,1.5590000000000002,1.2710000000000001,0.0,0.0,0.0,0.0
27853,2025-12-04T11:00:00.000000000,1.462,1.173,0.0,0.0,0.32325739039996115,0.0
27853,2025-12-04T12:00:00.000000000,1.3950000000000002,1.045,0.0,0.0,0.6995606445010945,0.0
27853,2025-12-04T13:00:00.000000000,1.1840000000000002,0.8959999999999999,0.0,0.0,0.0,0.0
27853,2025-12-04T14:00:00.000000000,1.018,0.732,0.0,0.0,0.3235504614701333,0.0
27853,2025-12-04T15:00:00.000000000,0.859,0.5720000000000001,0.0,0.0,0.34758228922425555,0.0
27853,2025-12-04T16:00:00.000000000,0.7010000000000001,0.41300000000000003,0.0,0.0,0.0,0.0
27853,2025-12-04T17:00:00.000000000,0.585,0.29700000000000004,0.0,0.0,0.3235504614701334,0.0
27853,2025-12-04T18:00:00.000000000,0.524,0.236,0.0,0.0,0.0,0.0
27853,2025-12-04T19:00:00.000000000,0.494,0.205,0.0,0.0,0.3235504614701334,0.0
27853,2025-12-04T20:00:00.000000000,2.178,0.065,0.0,0.13,0.0,0.0
27853,2025-12-04T21:00:00.000000000,2.195,0.0,0.0,0.14500000000000002,0.3232573903999611,0.0
27853,2025-12-04T22:00:00.000000000,0.543,0.243,0.0,0.0,0.0,0.0
27853,2025-12-04T23:00:00.000000000,0.6950000000000001,0.39299999999999996,0.0,0.0,0.3235504614701334,0.0
27853,2025-12-05T00:00:00.000000000,2.161,0.223,0.0,0.0,0.7238855433253889,0.0
27853,2025-12-05T01:00:00.000000000,1.4480000000000002,0.108,0.0,0.009,1.0925689496020445,0.0
27853,2025-12-05T02:00:00.000000000,0.694,0.39899999999999997,0.0,0.0,0.0,0.0
27853,2025-12-05T03:00:00.000000000,0.786,0.496,0.0,0.0,0.3235504614701334,0.0
27853,2025-12-05T04:00:00.000000000,0.915,0.626,0.0,0.0,1.36365968951135,0.0
27853,2025-12-05T05:00:00.000000000,1.103,0.8030000000000002,0.0,0.0,0.8422862556749666,0.0
27853,2025-12-05T06:00:00.000000000,0.974,0.683,0.0,0.0,0.0,0.0
27853,2025-12-05T07:00:00.000000000,0.965,0.6799999999999999,0.0,0.0,0.692526938816961,0.0
27853,2025-12-05T08:00:00.000000000,1.085,0.7100000000000001,0.0,0.0,1.2798413634420944,0.0
27853,2025-12-05T09:00:00.000000000,1.0750000000000002,0.7889999999999999,0.0,0.0,1.2751522263193389,0.0
27853,2025-12-05T10:00:00.000000000,1.016,0.728,0.0,0.0,0.0,0.0
27853,2025-12-05T11:00:00.000000000,1.035,0.7469999999999999,0.0,0.0,1.0714678325496445,0.0
27853,2025-12-05T12:00:00.000000000,1.0590000000000002,0.7690000000000001,0.0,0.0,2.0462222119424553,0.0
27853,2025-12-05T13:00:00.000000000,0.81,0.522,0.0,0.0,0.3235504614701334,0.0
27853,2025-12-05T14:00:00.000000000,0.635,0.34800000000000003,0.0,0.0,0.0,0.0
27853,2025-12-05T15:00:00.000000000,0.45699999999999996,0.16899999999999998,0.0,0.0,0.3235504614701334,0.0
27853,2025-12-05T16:00:00.000000000,0.31,0.006,0.0,0.016,0.3232573903999611,0.0
27853,2025-12-05T17:00:00.000000000,0.33799999999999997,0.0,0.0,0.048999999999999995,0.0,0.0
27853,2025-12-05T18:00:00.000000000,0.347,0.0,0.0,0.06,0.3235504614701334,0.0
27853,2025-12-05T19:00:00.000000000,0.349,0.0,0.0,0.059,0.0,0.0
27853,2025-12-05T20:00:00.000000000,0.5589999999999999,0.0,0.0,0.068,0.3235504614701334,0.0
27853,2025-12-05T21:00:00.000000000,1.133,0.0,0.0,0.09499999999999999,0.08381832606925554,0.0
27853,2025-12-05T22:00:00.000000000,2.217,0.0,0.0,0.15699999999999997,0.94691262772645,0.0
27853,2025-12-05T23:00:00.000000000,1.0050000000000001,0.0,0.0,0.083,0.0,0.0
27853,2025-12-06T00:00:00.000000000,0.882,0.242,0.0,0.009,0.6954576495186833,0.0
27853,2025-12-06T01:00:00.000000000,0.666,0.112,0.0,0.0,0.34758228922425555,0.0
27853,2025-12-06T02:00:00.000000000,0.509,0.158,0.0,0.0,0.3235504614701334,0.0
27853,2025-12-06T03:00:00.000000000,0.5670000000000001,0.275,0.0,0.0,0.3478753602944278,0.0
27853,2025-12-06T04:00:00.000000000,0.614,0.32499999999999996,0.0,0.0,0.0,0.0
27853,2025-12-06T05:00:00.000000000,0.7849999999999999,0.486,0.0,0.0,0.3235504614701334,0.0
27853,2025-12-06T06:00:00.000000000,0.7370000000000001,0.44499999999999995,0.0,0.0,0.0,0.0
27853,2025-12-06T07:00:00.000000000,0.698,0.412,0.0,0.0,0.3235504614701334,0.0
27853,2025-12-06T08:00:00.000000000,0.6989999999999998,0.414,0.0,0.0,0.3232573903999611,0.0
27853,2025-12-06T09:00:00.000000000,0.9269999999999999,0.513,0.0,0.0,2.5752154936033165,0.0
27853,2025-12-06T10:00:00.000000000,0.9219999999999999,0.41500000000000004,0.0,0.0,1.6362157847715166,0.0
27853,2025-12-06T11:00:00.000000000,0.7949999999999999,0.38499999999999995,0.0,0.0,0.6872516595538611,0.0
27853,2025-12-06T12:00:00.000000000,0.659,0.37100000000000005,0.0,0.0,0.0,0.0
27853,2025-12-06T13:00:00.000000000,0.636,0.349,0.0,0.0,0.6957507205888556,0.0
27853,2025-12-06T14:00:00.000000000,0.647,0.36,0.0,0.0,0.7241786143955611,0.0
27853,2025-12-06T15:00:00.000000000,0.585,0.297,0.0,0.0,0.3232573903999611,0.0
27853,2025-12-06T16:00:00.000000000,0.5640000000000001,0.276,0.0,0.0,0.0,0.0
27853,2025-12-06T17:00:00.000000000,0.576,0.28800000000000003,0.0,0.0,0.3235504614701334,0.0
27853,2025-12-06T18:00:00.000000000,0.5569999999999999,0.27,0.0,0.0,0.0,0.0
27853,2025-12-06T19:00:00.000000000,0.542,0.251,0.0,0.0,0.3235504614701334,0.0
27853,2025-12-06T20:00:00.000000000,0.5930000000000001,0.29800000000000004,0.0,0.0,0.2766590902425778,0.0
27853,2025-12-06T21:00:00.000000000,1.187,0.209,0.0,0.04,0.04659830015738334,0.0
27853,2025-12-06T22:00:00.000000000,1.4480000000000002,0.015,0.0,0.072,0.3235504614701334,0.0
27853,2025-12-06T23:00:00.000000000,1.3230000000000002,0.017,0.0,0.003,0.6825625224311056,0.0
27853,2025-12-07T00:00:00.000000000,1.536,0.484,0.0,0.0,0.35813284775045556,0.0
27853,2025-12-07T01:00:00.000000000,1.0530000000000002,0.501,0.0,0.0,0.7206617615534945,0.0
27853,2025-12-07T02:00:00.000000000,0.992,0.532,0.0,0.0,0.6957507205888556,0.0
27853,2025-12-07T03:00:00.000000000,0.996,0.704,0.0,0.0,0.0,0.0
27853,2025-12-07T04:00:00.000000000,1.1460000000000001,0.8560000000000001,0.0,0.0,1.4735613408259334,0.0
27853,2025-12-07T05:00:00.000000000,1.2610000000000001,0.9610000000000001,0.0,0.0,0.3235504614701334,0.0
27853,2025-12-07T06:00:00.000000000,1.176,0.8849999999999999,0.0,0.0,0.3232573903999611,0.0
27853,2025-12-07T07:00:00.000000000,1.193,0.908,0.0,0.0,0.0,0.0
27853,2025-12-07T08:00:00.000000000,1.2870000000000001,1.0030000000000001,0.0,0.0,0.3235504614701334,0.0
27853,2025-12-07T09:00:00.000000000,1.451,1.079,0.0,0.0,0.0,0.0
27853,2025-12-07T10:00:00.000000000,1.57,1.2810000000000001,0.0,0.0,0.3235504614701334,0.0
27853,2025-12-07T11:00:00.000000000,1.573,1.284,0.0,0.0,0.0,0.0
27853,2025-12-07T12:00:00.000000000,1.288,1.0,0.0,0.0,0.3232573903999611,0.0
27853,2025-12-07T13:00:00.000000000,0.781,0.493,0.0,0.0,0.3279465275227167,0.0
27853,2025-12-07T14:00:00.000000000,0.36300000000000004,0.07100000000000001,0.0,0.005,0.0,0.0
27853,2025-12-07T15:00:00.000000000,0.367,0.0,0.0,0.079,0.3232573903999611,0.0
27853,2025-12-07T16:00:00.000000000,0.449,0.0,0.0,0.161,0.0,0.0
27853,2025-12-07T17:00:00.000000000,0.517,0.0,0.0,0.22899999999999998,0.3235504614701334,0.0
27853,2025-12-07T18:00:00.000000000,0.517,0.0,0.0,0.22899999999999998,0.0,0.0
27853,2025-12-07T19:00:00.000000000,0.469,0.0,0.0,0.17900000000000002,0.3235504614701334,0.0
27853,2025-12-07T20:00:00.000000000,0.36600000000000005,0.0,0.0,0.069,0.3232573903999611,0.0
27853,2025-12-07T21:00:00.000000000,0.598,0.082,0.0,0.0,0.0,0.0
27853,2025-12-07T22:00:00.000000000,0.97,0.258,0.0,0.0,0.3235504614701334,0.0
27853,2025-12-07T23:00:00.000000000,1.1239999999999999,0.461,0.0,0.0,0.0,0.0
27853,2025-12-08T00:00:00.000000000,1.8969999999999998,1.267,0.0,0.0,0.3235504614701334,0.0
27853,2025-12-08T01:00:00.000000000,1.82,1.266,0.0,0.0,0.9003143275690667,0.0
27853,2025-12-08T02:00:00.000000000,1.681,1.294,0.0,0.0,0.6957507205888556,0.0
27853,2025-12-08T03:00:00.000000000,1.755,1.4649999999999999,0.0,0.0,0.3232573903999611,0.0
27853,2025-12-08T04:00:00.000000000,1.876,1.585,0.0,0.0,0.0,0.0
27853,2025-12-08T05:00:00.000000000,2.251,1.951,0.0,0.0,0.8203059254120499,0.0
27853,2025-12-08T06:00:00.000000000,2.1470000000000002,1.858,0.0,0.0,0.3235504614701334,0.0
27853,2025-12-08T07:00:00.000000000,2.217,1.932,0.0,0.0,0.0,0.0
27853,2025-12-08T08:00:00.000000000,2.3309999999999995,2.0460000000000003,0.0,0.0,0.32325739039996115,0.0
27853,2025-12-08T09:00:00.000000000,2.424,2.137,0.0,0.0,0.0,0.0
27853,2025-12-08T10:00:00.000000000,2.514,2.2250000000000005,0.0,0.0,0.3235504614701334,0.0
27853,2025-12-08T11:00:00.000000000,2.844,1.851,0.0,0.0,0.0,0.0
27853,2025-12-08T12:00:00.000000000,2.0589999999999997,1.524,0.0,0.0,0.3235504614701334,0.0
27853,2025-12-08T13:00:00.000000000,1.385,0.853,0.0,0.0,0.07619847824477778,0.0
27853,2025-12-08T14:00:00.000000000,0.734,0.19799999999999998,0.0,0.0,0.24735198322535554,0.0
27853,2025-12-08T15:00:00.000000000,0.631,0.017,0.0,0.07200000000000001,0.8203059254120499,0.0
27853,2025-12-08T16:00:00.000000000,0.774,0.0,0.0,0.22799999999999998,0.3235504614701334,0.0
27853,2025-12-08T17:00:00.000000000,0.679,0.0,0.0,0.326,0.3478753602944278,0.0
27853,2025-12-08T18:00:00.000000000,3.007,0.0,0.0,0.5720000000000001,1.16847435677665,0.0
27853,2025-12-08T19:00:00.000000000,3.121,0.0,0.0,0.579,0.0,0.0
27853,2025-12-08T20:00:00.000000000,3.073,0.0,0.0,0.45999999999999996,0.6995606445010945,0.0
27853,2025-12-08T21:00:00.000000000,1.796,0.0,0.0,0.26299999999999996,0.3235504614701334,0.0
27853,2025-12-08T22:00:00.000000000,0.766,0.002,0.0,0.053,0.0,0.0
27853,2025-12-08T23:00:00.000000000,1.01,0.34900000000000003,0.0,0.0,1.2607917438809,0.0
27853,2025-12-09T00:00:00.000000000,1.771,1.142,0.0,0.0,0.6714258217645612,0.0
27853,2025-12-09T01:00:00.000000000,1.584,1.031,0.0,0.0,0.37630325410113336,0.0
27853,2025-12-09T02:00:00.000000000,1.5180000000000002,1.059,0.0,0.0,0.6714258217645612,0.0
27853,2025-12-09T03:00:00.000000000,1.612,1.23,0.0,0.0,0.0,0.0
27853,2025-12-09T04:00:00.000000000,1.625,1.3350000000000002,0.0,0.0,0.32325739039996115,0.0
27853,2025-12-09T05:00:00.000000000,1.916,1.6159999999999999,0.0,0.0,0.0,0.0
27853,2025-12-09T06:00:00.000000000,1.819,1.528,0.0,0.0,0.3235504614701334,0.0
27853,2025-12-09T07:00:00.000000000,1.786,1.5020000000000002,0.0,0.0,0.0,0.0
27853,2025-12-09T08:00:00.000000000,1.838,1.5510000000000002,0.0,0.0,0.3235504614701334,0.0
27853,2025-12-09T09:00:00.000000000,1.8270000000000002,1.541,0.0,0.0,0.0,0.0
27853,2025-12-09T10:00:00.000000000,1.822,1.5340000000000003,0.0,0.0,0.3232573903999611,0.0
27853,2025-12-09T11:00:00.000000000,1.798,1.51,0.0,0.0,0.0,0.0
27853,2025-12-09T12:00:00.000000000,1.701,1.41,0.0,0.0,0.3232573903999611,0.0
27853,2025-12-09T13:00:00.000000000,1.573,1.2850000000000001,0.0,0.0,0.0,0.0
27853,2025-12-09T14:00:00.000000000,1.4340000000000002,1.1480000000000001,0.0,0.0,0.3235504614701334,0.0
27853,2025-12-09T15:00:00.000000000,1.43,1.078,0.0,0.0,0.0,0.0
27853,2025-12-09T16:00:00.000000000,1.457,0.9119999999999999,0.0,0.0,0.3235504614701334,0.0
27853,2025-12-09T17:00:00.000000000,1.349,0.81,0.0,0.0,0.0,0.0
27853,2025-12-09T18:00:00.000000000,1.276,0.7190000000000001,0.0,0.0,0.3232573903999611,0.0
27853,2025-12-09T19:00:00.000000000,1.186,0.589,0.0,0.0,0.0,0.0
27853,2025-12-09T20:00:00.000000000,1.2109999999999999,0.541,0.0,0.0,0.6714258217645612,0.0
27853,2025-12-09T21:00:00.000000000,1.327,0.605,0.0,0.0,1.6019264695613669,0.0
27853,2025-12-09T22:00:00.000000000,1.371,0.659,0.0,0.0,0.9011935407795834,0.0
27853,2025-12-09T23:00:00.000000000,1.381,0.718,0.0,0.0,0.3478753602944278,0.0
27853,2025-12-10T00:00:00.000000000,1.714,1.084,0.0,0.0,2.4011312779210168,0.0
27853,2025-12-10T01:00:00.000000000,1.349,0.911,0.0,0.0,2.0169151049252334,0.0
27853,2025-12-10T02:00:00.000000000,1.044,0.7490000000000001,0.0,0.0,0.3235504614701334,0.0
27853,2025-12-10T03:00:00.000000000,1.097,0.806,0.0,0.0,1.2490689010740113,0.0
27853,2025-12-10T04:00:00.000000000,1.016,0.728,0.0,0.0,0.3478753602944278,0.0
27853,2025-12-10T05:00:00.000000000,1.1560000000000001,0.858,0.0,0.0,0.6711327506943889,0.0
27853,2025-12-10T06:00:00.000000000,1.041,0.7489999999999999,0.0,0.0,0.0,0.0
27853,2025-12-10T07:00:00.000000000,1.006,0.72,0.0,0.0,0.3232573903999611,0.0
27853,2025-12-10T08:00:00.000000000,1.009,0.724,0.0,0.0,0.0,0.0
27853,2025-12-10T09:00:00.000000000,1.2129999999999999,0.799,0.0,0.0,2.114214700222411,0.0
27853,2025-12-10T10:00:00.000000000,1.307,0.8,0.0,0.0,1.5538628140531223,0.0
27853,2025-12-10T11:00:00.000000000,1.282,0.75,0.0,0.0,0.9653761051473001,0.0
27853,2025-12-10T12:00:00.000000000,1.079,0.5429999999999999,0.0,0.0,1.1585099403907944,0.0
27853,2025-12-10T13:00:00.000000000,0.72,0.311,0.0,0.0,1.7692700506297054,0.0
27853,2025-12-10T14:00:00.000000000,0.316,0.018000000000000002,0.0,0.011,0.3235504614701334,0.0
27853,2025-12-10T15:00:00.000000000,0.366,0.0,0.0,0.078,0.34582386280322225,0.0
27853,2025-12-10T16:00:00.000000000,0.41000000000000003,0.0,0.0,0.122,1.0770361828829167,0.0
27853,2025-12-10T17:00:00.000000000,0.413,0.0,0.0,0.125,0.3235504614701334,0.0
27853,2025-12-10T18:00:00.000000000,0.404,0.0,0.0,0.11599999999999999,0.0,0.0
27853,2025-12-10T19:00:00.000000000,0.387,0.0,0.0,0.097,0.3235504614701334,0.0
27853,2025-12-10T20:00:00.000000000,0.563,0.0,0.0,0.07100000000000001,0.0,0.0
27853,2025-12-10T21:00:00.000000000,0.7550000000000001,0.0,0.0,0.030999999999999996,0.3232573903999611,0.0
27853,2025-12-10T22:00:00.000000000,0.7819999999999999,0.069,0.0,0.0,0.0,0.0
27853,2025-12-10T23:00:00.000000000,0.9520000000000001,0.29000000000000004,0.0,0.0,0.3235504614701334,0.0
27853,2025-12-11T00:00:00.000000000,1.391,0.7609999999999999,0.0,0.0,0.3478753602944278,0.0
27853,2025-12-11T01:00:00.000000000,1.12,0.624,0.0,0.0,0.3478753602944278,0.0
27853,2025-12-11T02:00:00.000000000,1.061,0.767,0.0,0.0,0.3235504614701334,0.0
27853,2025-12-11T03:00:00.000000000,1.268,0.977,0.0,0.0,0.34318622317167224,0.0
27853,2025-12-11T04:00:00.000000000,1.375,1.086,0.0,0.0,0.0,0.0
27853,2025-12-11T05:00:00.000000000,1.6329999999999998,1.334,0.0,0.0,0.3235504614701334,0.0
27853,2025-12-11T06:00:00.000000000,1.56,1.2690000000000001,0.0,0.0,0.0,0.0
27853,2025-12-11T07:00:00.000000000,1.553,1.269,0.0,0.0,0.3235504614701334,0.0
27853,2025-12-11T08:00:00.000000000,1.635,1.348,0.0,0.0,0.0,0.0
27853,2025-12-11T09:00:00.000000000,1.752,1.4649999999999999,0.0,0.0,0.3232573903999611,0.0
27853,2025-12-11T10:00:00.000000000,2.786,1.046,0.0,0.0,0.0,0.0
27853,2025-12-11T11:00:00.000000000,1.925,1.407,0.0,0.0,0.3232573903999611,0.0
27853,2025-12-11T12:00:00.000000000,1.57,1.2810000000000001,0.0,0.0,0.0,0.0
27853,2025-12-11T13:00:00.000000000,1.037,0.749,0.0,0.0,0.3235504614701334,0.0
27853,2025-12-11T14:00:00.000000000,0.567,0.282,0.0,0.0,0.0,0.0
27853,2025-12-11T15:00:00.000000000,0.326,0.018,0.0,0.02,0.3235504614701334,0.0
27853,2025-12-11T16:00:00.000000000,0.40499999999999997,0.0,0.0,0.11699999999999999,0.3232573903999611,0.0
27853,2025-12-11T17:00:00.000000000,0.503,0.0,0.0,0.214,0.0,0.0
27853,2025-12-11T18:00:00.000000000,0.546,0.0,0.0,0.26,0.3235504614701334,0.0
27853,2025-12-11T19:00:00.000000000,0.691,0.0,0.0,0.242,0.0,0.0
27853,2025-12-11T20:00:00.000000000,1.286,0.0,0.0,0.196,0.3235504614701334,0.0
27853,2025-12-11T21:00:00.000000000,0.9039999999999999,0.0,0.0,0.08199999999999999,0.0,0.0
27853,2025-12-11T22:00:00.000000000,0.852,0.138,0.0,0.001,0.3232573903999611,0.0
27853,2025-12-11T23:00:00.000000000,1.144,0.482,0.0,0.0,0.34816843136459996,0.0
27853,2025-12-12T00:00:00.000000000,1.779,1.455,0.0,0.0,0.7247647565359056,0.0
27853,2025-12-12T01:00:00.000000000,1.667,1.359,0.0,0.0,1.1016541527773833,0.0
27853,2025-12-12T02:00:00.000000000,1.638,1.345,0.0,0.0,1.6030987538420556,0.0
27853,2025-12-12T03:00:00.000000000,1.6320000000000001,1.343,0.0,0.0,0.04571908694686667,0.0
27853,2025-12-12T04:00:00.000000000,1.662,1.373,0.0,0.0,0.3235504614701334,0.0
27853,2025-12-12T05:00:00.000000000,1.8399999999999999,1.54,0.0,0.0,0.0,0.0
27853,2025-12-12T06:00:00.000000000,1.6800000000000002,1.3880000000000001,0.0,0.0,0.3235504614701334,0.0
27853,2025-12-12T07:00:00.000000000,1.6219999999999999,1.282,0.0,0.0,0.0,0.0
27853,2025-12-12T08:00:00.000000000,1.681,1.33,0.0,0.0,1.2481896878634946,0.0
27853,2025-12-12T09:00:00.000000000,1.605,1.318,0.0,0.0,0.3235504614701334,0.0
27853,2025-12-12T10:00:00.000000000,1.5870000000000002,1.299,0.0,0.0,0.0,0.0
27853,2025-12-12T11:00:00.000000000,1.6320000000000001,1.3439999999999999,0.0,0.0,1.5755500732458665,0.0
27853,2025-12-12T12:00:00.000000000,1.566,1.276,0.0,0.0,0.9023658250602723,0.0
27853,2025-12-12T13:00:00.000000000,1.373,1.085,0.0,0.0,0.3235504614701334,0.0
27853,2025-12-12T14:00:00.000000000,1.185,0.8989999999999999,0.0,0.0,0.0,0.0
27853,2025-12-12T15:00:00.000000000,0.995,0.7070000000000001,0.0,0.0,0.3232573903999611,0.0
27853,2025-12-12T16:00:00.000000000,0.865,0.5760000000000001,0.0,0.0,0.0,0.0
27853,2025-12-12T17:00:00.000000000,0.784,0.495,0.0,0.0,0.3235504614701334,0.0
27853,2025-12-12T18:00:00.000000000,0.758,0.47,0.0,0.0,0.0,0.0
27853,2025-12-12T19:00:00.000000000,0.7790000000000001,0.489,0.0,0.0,0.3235504614701334,0.0
27853,2025-12-12T20:00:00.000000000,0.864,0.5680000000000001,0.0,0.0,0.0,0.0
27853,2025-12-12T21:00:00.000000000,1.145,0.421,0.0,0.0,0.3232573903999611,0.0
27853,2025-12-12T22:00:00.000000000,1.174,0.462,0.0,0.0,0.0,0.0
27853,2025-12-12T23:00:00.000000000,1.1689999999999998,0.506,0.0,0.0,0.3235504614701334,0.0
27853,2025-12-13T00:00:00.000000000,1.5630000000000002,1.0030000000000001,0.0,0.0,0.34816843136459996,0.0
27853,2025-12-13T01:00:00.000000000,1.303,0.9949999999999999,0.0,0.0,2.0048991910481724,0.0
27853,2025-12-13T02:00:00.000000000,1.1880000000000002,0.8939999999999999,0.0,0.0,0.9026588961304445,0.0
27853,2025-12-13T03:00:00.000000000,1.1569999999999998,0.866,0.0,0.0,0.5975719120811611,0.0
27853,2025-12-13T04:00:00.000000000,1.1389999999999998,0.85,0.0,0.0,0.0685786304203,0.0
27853,2025-12-13T05:00:00.000000000,1.306,1.0070000000000001,0.0,0.0,0.3235504614701334,0.0
27853,2025-12-13T06:00:00.000000000,1.1780000000000002,0.8859999999999999,0.0,0.0,0.0,0.0
27853,2025-12-13T07:00:00.000000000,1.121,0.834,0.0,0.0,0.3235504614701334,0.0
27853,2025-12-13T08:00:00.000000000,1.122,0.837,0.0,0.0,0.0,0.0
27853,2025-12-13T09:00:00.000000000,1.12,0.833,0.0,0.0,0.32355046147013333,0.0
27853,2025-12-13T10:00:00.000000000,1.278,0.813,0.0,0.0,1.7112419787356057,0.0
27853,2025-12-13T11:00:00.000000000,1.265,0.7330000000000001,0.0,0.0,1.9061342404001334,0.0
27853,2025-12-13T12:00:00.000000000,1.009,0.5960000000000001,0.0,0.0,0.6216037398352834,0.0
27853,2025-12-13T13:00:00.000000000,0.7629999999999999,0.475,0.0,0.0,0.0,0.0
27853,2025-12-13T14:00:00.000000000,0.718,0.43,0.0,0.0,2.633536636567589,0.0
27853,2025-12-13T15:00:00.000000000,0.523,0.235,0.0,0.0,0.5741262264673834,0.0
27853,2025-12-13T16:00:00.000000000,0.405,0.11699999999999999,0.0,0.0,0.3235504614701334,0.0
27853,2025-12-13T17:00:00.000000000,0.325,0.037,0.0,0.0,0.0,0.0
27853,2025-12-13T18:00:00.000000000,0.298,0.0,0.0,0.01,0.3235504614701334,0.0
27853,2025-12-13T19:00:00.000000000,0.389,0.0,0.0,0.019,0.3232573903999611,0.0
27853,2025-12-13T20:00:00.000000000,0.7130000000000001,0.0,0.0,0.044000000000000004,0.0,0.0
27853,2025-12-13T21:00:00.000000000,0.992,0.12000000000000001,0.0,0.042,0.3235504614701334,0.0
27853,2025-12-13T22:00:00.000000000,1.439,0.0,0.0,0.077,0.0,0.0
27853,2025-12-13T23:00:00.000000000,0.744,0.08,0.0,0.001,0.7543649346233,0.0
27853,2025-12-14T00:00:00.000000000,1.095,0.46399999999999997,0.0,0.0,0.0,0.0
27853,2025-12-14T01:00:00.000000000,0.9009999999999999,0.519,0.0,0.0,1.2262093576005777,0.0
27853,2025-12-14T02:00:00.000000000,0.881,0.5850000000000001,0.0,0.0,1.4134817714406278,0.0
27853,2025-12-14T03:00:00.000000000,0.885,0.594,0.0,0.0,0.09700652422700556,0.0
27853,2025-12-14T04:00:00.000000000,0.909,0.62,0.0,0.0,0.3232573903999611,0.0
27853,2025-12-14T05:00:00.000000000,1.079,0.7809999999999999,0.0,0.0,0.0,0.0
27853,2025-12-14T06:00:00.000000000,1.069,0.7770000000000001,0.0,0.0,0.3235504614701334,0.0
27853,2025-12-14T07:00:00.000000000,1.127,0.839,0.0,0.0,0.0,0.0
27853,2025-12-14T08:00:00.000000000,1.2289999999999999,0.9430000000000001,0.0,0.0,0.3232573903999611,0.0
27853,2025-12-14T09:00:00.000000000,1.4860000000000002,1.1150000000000002,0.0,0.0,1.2657739520738278,0.0
27853,2025-12-14T10:00:00.000000000,1.568,1.2790000000000001,0.0,0.0,0.3235504614701334,0.0
27853,2025-12-14T11:00:00.000000000,1.604,1.316,0.0,0.0,0.0,0.0
27853,2025-12-14T12:00:00.000000000,1.471,1.06,0.0,0.0,0.3235504614701334,0.0
27853,2025-12-14T13:00:00.000000000,0.986,0.638,0.0,0.0,0.0,0.0
27853,2025-12-14T14:00:00.000000000,0.512,0.226,0.0,0.0,0.3232573903999611,0.0
27853,2025-12-14T15:00:00.000000000,0.32799999999999996,0.008,0.0,0.031,0.0,0.0
27853,2025-12-14T16:00:00.000000000,0.398,0.0,0.0,0.10999999999999999,2.0342062980653948,0.0
27853,2025-12-14T17:00:00.000000000,0.524,0.0,0.0,0.236,0.11166007773561668,0.0
27853,2025-12-14T18:00:00.000000000,0.551,0.0,0.0,0.263,0.3232573903999611,0.0
27853,2025-12-14T19:00:00.000000000,0.5780000000000001,0.0,0.0,0.20899999999999996,0.0,0.0
27853,2025-12-14T20:00:00.000000000,0.7929999999999999,0.0,0.0,0.12300000000000001,0.3235504614701334,0.0
27853,2025-12-14T21:00:00.000000000,0.785,0.049,0.0,0.013000000000000001,0.0,0.0
27853,2025-12-14T22:00:00.000000000,0.9279999999999999,0.317,0.0,0.0,0.32355046147013333,0.0
27853,2025-12-14T23:00:00.000000000,1.1099999999999999,0.8079999999999999,0.0,0.0,1.3876915172654722,0.0
27853,2025-12-15T00:00:00.000000000,2.02,1.6950000000000003,0.0,0.0,0.3235504614701334,0.0
27853,2025-12-15T01:00:00.000000000,2.042,1.734,0.0,0.0,1.599874972070161,0.0
27853,2025-12-15T02:00:00.000000000,1.9769999999999999,1.6829999999999998,0.0,0.0,0.0,0.0
27853,2025-12-15T03:00:00.000000000,2.12,1.829,0.0,0.0,0.3235504614701334,0.0
27853,2025-12-15T04:00:00.000000000,2.247,1.9579999999999997,0.0,0.0,0.0,0.0
27853,2025-12-15T05:00:00.000000000,2.613,2.3139999999999996,0.0,0.0,0.3232573903999611,0.0
27853,2025-12-15T06:00:00.000000000,2.499,2.2079999999999997,0.0,0.0,0.0,0.0
27853,2025-12-15T07:00:00.000000000,2.45,2.163,0.0,0.0,0.3235504614701334,0.0
27853,2025-12-15T08:00:00.000000000,2.4539999999999997,2.1670000000000003,0.0,0.0,0.0,0.0
27853,2025-12-15T09:00:00.000000000,2.44,2.152,0.0,0.0,0.3235504614701334,0.0
27853,2025-12-15T10:00:00.000000000,2.4139999999999997,2.125,0.0,0.0,0.3232573903999611,0.0
27853,2025-12-15T11:00:00.000000000,2.331,2.039,0.0,0.0,0.0,0.0
27853,2025-12-15T12:00:00.000000000,1.9799999999999998,1.6909999999999998,0.0,0.0,0.3235504614701334,0.0
27853,2025-12-15T13:00:00.000000000,1.3370000000000002,1.048,0.0,0.0,0.0,0.0
27853,2025-12-15T14:00:00.000000000,1.365,0.25,0.0,0.0,0.6901823702555834,0.0
27853,2025-12-15T15:00:00.000000000,1.032,0.0,0.0,0.066,1.0556419947603444,0.0
27853,2025-12-15T16:00:00.000000000,0.428,0.0,0.0,0.14,0.3235504614701334,0.0
27853,2025-12-15T17:00:00.000000000,0.815,0.0,0.0,0.274,0.0,0.0
27853,2025-12-15T18:00:00.000000000,0.845,0.0,0.0,0.288,0.6471009229402668,0.0
27853,2025-12-15T19:00:00.000000000,0.8180000000000001,0.0,0.0,0.21999999999999997,0.72535089867625,0.0
27853,2025-12-15T20:00:00.000000000,0.813,0.0,0.0,0.144,0.3235504614701334,0.0
27853,2025-12-15T21:00:00.000000000,0.515,0.092,0.0,0.024999999999999998,0.5914174196075443,0.0
27853,2025-12-15T22:00:00.000000000,0.804,0.302,0.0,0.0,0.4876702607665777,0.0
27853,2025-12-15T23:00:00.000000000,1.497,0.41300000000000003,0.0,0.0,1.6491109118590943,0.0
27853,2025-12-16T00:00:00.000000000,2.617,0.784,0.0,0.005,0.3235504614701334,0.0
27853,2025-12-16T01:00:00.000000000,1.593,1.041,0.0,0.0,0.0,0.0
27853,2025-12-16T02:00:00.000000000,2.082,0.982,0.0,0.0,0.7013190709221278,0.0
27853,2025-12-16T03:00:00.000000000,2.056,1.2209999999999999,0.0,0.0,0.9976139228662445,0.0
27853,2025-12-16T04:00:00.000000000,1.883,1.5019999999999998,0.0,0.0,0.6840278777819666,0.0
27853,2025-12-16T05:00:00.000000000,2.356,1.984,0.0,0.0,1.3997074311425335,0.0
27853,2025-12-16T06:00:00.000000000,2.354,2.001,0.0,0.0,1.7399629436124833,0.0
27853,2025-12-16T07:00:00.000000000,2.218,1.916,0.0,0.0,1.0031822731995168,0.0
27853,2025-12-16T08:00:00.000000000,2.208,1.922,0.0,0.0,0.37747553838182224,0.0
27853,2025-12-16T09:00:00.000000000,2.254,1.966,0.0,0.0,0.7004398577116111,0.0
27853,2025-12-16T10:00:00.000000000,2.308,2.02,0.0,0.0,1.1031195081282443,0.0
27853,2025-12-16T11:00:00.000000000,2.3979999999999997,1.924,0.0,0.0,0.9061757489725112,0.0
27853,2025-12-16T12:00:00.000000000,2.0370000000000004,1.502,0.0,0.0,0.3232573903999611,0.0
27853,2025-12-16T13:00:00.000000000,1.516,0.984,0.0,0.0,1.7165172579987056,0.0
27853,2025-12-16T14:00:00.000000000,0.907,0.373,0.0,0.0,0.72535089867625,0.0
27853,2025-12-16T15:00:00.000000000,0.5780000000000001,0.014,0.0,0.020999999999999998,0.0,0.0
27853,2025-12-16T16:00:00.000000000,0.591,0.035,0.0,0.076,2.944778113090489,0.0
27853,2025-12-16T17:00:00.000000000,0.542,0.0,0.0,0.188,0.0,0.0
27853,2025-12-16T18:00:00.000000000,0.7439999999999999,0.0,0.0,0.248,0.7549510767636445,0.0
27853,2025-12-16T19:00:00.000000000,0.831,0.0,0.0,0.233,1.5664648700705277,0.0
27853,2025-12-16T20:00:00.000000000,0.8200000000000001,0.0,0.0,0.15,1.2393975557583277,0.0
27853,2025-12-16T21:00:00.000000000,0.784,0.0,0.0,0.061000000000000006,1.6200968759120444,0.0
27853,2025-12-16T22:00:00.000000000,0.757,0.245,0.0,0.002,1.800042512997789,0.0
27853,2025-12-16T23:00:00.000000000,0.893,0.5920000000000001,0.0,0.0,0.0,0.0
27853,2025-12-17T00:00:00.000000000,1.8590000000000002,1.3880000000000001,0.0,0.0,0.3235504614701334,0.0
27853,2025-12-17T01:00:00.000000000,1.733,1.1789999999999998,0.0,0.0,0.34816843136459996,0.0
27853,2025-12-17T02:00:00.000000000,1.631,1.17,0.0,0.0,0.0,0.0
27853,2025-12-17T03:00:00.000000000,1.7670000000000001,1.354,0.0,0.0,0.3232573903999611,0.0
27853,2025-12-17T04:00:00.000000000,1.804,1.4860000000000002,0.0,0.0,0.0,0.0
27853,2025-12-17T05:00:00.000000000,2.1260000000000003,1.8259999999999998,0.0,0.0,0.3235504614701334,0.0
27853,2025-12-17T06:00:00.000000000,2.073,1.783,0.0,0.0,0.0,0.0
27853,2025-12-17T07:00:00.000000000,2.1180000000000003,1.8150000000000002,0.0,0.0,0.3235504614701334,0.0
27853,2025-12-17T08:00:00.000000000,2.2230000000000003,1.848,0.0,0.0,0.3232573903999611,0.0
27853,2025-12-17T09:00:00.000000000,2.2699999999999996,1.832,0.0,0.0,0.0,0.0
27853,2025-12-17T10:00:00.000000000,2.253,1.9210000000000003,0.0,0.0,0.3235504614701334,0.0
27853,2025-12-17T11:00:00.000000000,2.206,1.915,0.0,0.0,0.0,0.0
27853,2025-12-17T12:00:00.000000000,1.9160000000000001,1.624,0.0,0.0,0.34816843136459996,0.0
27853,2025-12-17T13:00:00.000000000,1.319,1.03,0.0,0.0,0.3232573903999611,0.0
27853,2025-12-17T14:00:00.000000000,0.6960000000000001,0.40800000000000003,0.0,0.0,0.0,0.0
27853,2025-12-17T15:00:00.000000000,0.33999999999999997,0.027,0.0,0.025,0.3235504614701334,0.0
27853,2025-12-17T16:00:00.000000000,0.571,0.0,0.0,0.154,0.0,0.0
27853,2025-12-17T17:00:00.000000000,0.792,0.0,0.0,0.254,0.3235504614701334,0.0
27853,2025-12-17T18:00:00.000000000,0.836,0.0,0.0,0.279,0.0,0.0
27853,2025-12-17T19:00:00.000000000,0.844,0.0,0.0,0.247,0.3232573903999611,0.0
27853,2025-12-17T20:00:00.000000000,1.26,0.0,0.0,0.16799999999999998,1.2294331393724724,0.0
27853,2025-12-17T21:00:00.000000000,0.889,0.0,0.0,0.068,0.0,0.0
27853,2025-12-17T22:00:00.000000000,0.9750000000000001,0.263,0.0,0.0,1.2543441803371111,0.0
27853,2025-12-17T23:00:00.000000000,1.214,0.552,0.0,0.0,0.6717188928347333,0.0
27853,2025-12-18T00:00:00.000000000,2.134,1.504,0.0,0.0,2.2885919869748834,0.0
27853,2025-12-18T01:00:00.000000000,1.8639999999999999,1.311,0.0,0.0,0.34816843136459996,0.0
27853,2025-12-18T02:00:00.000000000,1.852,1.3920000000000001,0.0,0.0,1.2056943826885222,0.0
27853,2025-12-18T03:00:00.000000000,2.021,1.6109999999999998,0.0,0.0,1.5866867739124113,0.0
27853,2025-12-18T04:00:00.000000000,1.9789999999999999,1.6889999999999998,0.0,0.0,0.0,0.0
27853,2025-12-18T05:00:00.000000000,2.275,1.975,0.0,0.0,0.3235504614701334,0.0
27853,2025-12-18T06:00:00.000000000,2.177,1.8860000000000001,0.0,0.0,0.0,0.0
27853,2025-12-18T07:00:00.000000000,2.2010000000000005,1.915,0.0,0.0,0.3235504614701334,0.0
27853,2025-12-18T08:00:00.000000000,2.3099999999999996,2.025,0.0,0.0,0.0,0.0
27853,2025-12-18T09:00:00.000000000,2.465,2.137,0.0,0.0,1.2613778860212443,0.0
27853,2025-12-18T10:00:00.000000000,2.593,2.086,0.0,0.0,0.7502619396408889,0.0
27853,2025-12-18T11:00:00.000000000,2.5999999999999996,2.129,0.0,0.0,0.8809716369377,0.0
27853,2025-12-18T12:00:00.000000000,2.189,1.901,0.0,0.0,0.3235504614701334,0.0
27853,2025-12-18T13:00:00.000000000,1.516,1.228,0.0,0.0,0.7555372189039888,0.0
27853,2025-12-18T14:00:00.000000000,0.815,0.53,0.0,0.0,1.0981372999353167,0.0
27853,2025-12-18T15:00:00.000000000,0.347,0.035,0.0,0.024,0.0,0.0
27853,2025-12-18T16:00:00.000000000,0.419,0.0,0.0,0.131,0.3235504614701334,0.0
27853,2025-12-18T17:00:00.000000000,0.498,0.0,0.0,0.209,0.0,0.0
27853,2025-12-18T18:00:00.000000000,0.508,0.0,0.0,0.21999999999999997,0.3235504614701334,0.0
27853,2025-12-18T19:00:00.000000000,0.7929999999999999,0.0,0.0,0.196,0.0,0.0
27853,2025-12-18T20:00:00.000000000,1.1219999999999999,0.0,0.0,0.139,0.32355046147013333,0.0
27853,2025-12-18T21:00:00.000000000,1.38,0.0,0.0,0.083,1.024576461322089,0.0
27853,2025-12-18T22:00:00.000000000,0.7939999999999999,0.077,0.0,0.005,1.035420090918461,0.0
27853,2025-12-18T23:00:00.000000000,1.0559999999999998,0.48,0.0,0.0,2.531254833077483,0.0
27853,2025-12-19T00:00:00.000000000,1.602,1.278,0.0,0.0,0.5313378502222389,0.0
27853,2025-12-19T01:00:00.000000000,1.5579999999999998,1.251,0.0,0.0,1.6611268257361558,0.0
27853,2025-12-19T02:00:00.000000000,1.536,1.2409999999999999,0.0,0.0,1.2918572773191555,0.0
27853,2025-12-19T03:00:00.000000000,1.56,1.2690000000000001,0.0,0.0,0.0,0.0
27853,2025-12-19T04:00:00.000000000,1.656,1.3679999999999999,0.0,0.0,0.3232573903999611,0.0
27853,2025-12-19T05:00:00.000000000,1.9580000000000002,1.659,0.0,0.0,0.0,0.0
27853,2025-12-19T06:00:00.000000000,1.857,1.566,0.0,0.0,0.3235504614701334,0.0
27853,2025-12-19T07:00:00.000000000,1.8719999999999999,1.585,0.0,0.0,0.0,0.0
27853,2025-12-19T08:00:00.000000000,1.9449999999999998,1.66,0.0,0.0,0.3235504614701334,0.0
27853,2025-12-19T09:00:00.000000000,1.9589999999999999,1.6709999999999998,0.0,0.0,0.0,0.0
27853,2025-12-19T10:00:00.000000000,1.9820000000000002,1.694,0.0,0.0,0.3232573903999611,0.0
27853,2025-12-19T11:00:00.000000000,1.9449999999999998,1.656,0.0,0.0,0.0,0.0
27853,2025-12-19T12:00:00.000000000,1.85,1.56,0.0,0.0,0.3235504614701334,0.0
27853,2025-12-19T13:00:00.000000000,1.686,1.398,0.0,0.0,0.0,0.0
27853,2025-12-19T14:00:00.000000000,1.457,1.17,0.0,0.0,0.3235504614701334,0.0
27853,2025-12-19T15:00:00.000000000,1.273,0.985,0.0,0.0,0.0,0.0
27853,2025-12-19T16:00:00.000000000,1.141,0.852,0.0,0.0,0.3232573903999611,0.0
27853,2025-12-19T17:00:00.000000000,1.0590000000000002,0.7710000000000001,0.0,0.0,0.0,0.0
27853,2025-12-19T18:00:00.000000000,2.104,0.193,0.0,0.022,0.3235504614701334,0.0
27853,2025-12-19T19:00:00.000000000,1.647,0.26,0.0,0.013,0.0,0.0
27853,2025-12-19T20:00:00.000000000,1.261,0.591,0.0,0.0,0.3235504614701334,0.0
27853,2025-12-19T21:00:00.000000000,1.348,0.624,0.0,0.0,0.3232573903999611,0.0
27853,2025-12-19T22:00:00.000000000,1.4400000000000002,0.725,0.0,0.0,1.691899288104239,0.0
27853,2025-12-19T23:00:00.000000000,1.28,0.878,0.0,0.0,1.5140051485097001,0.0
27853,2025-12-20T00:00:00.000000000,1.689,1.3639999999999999,0.0,0.0,0.3232573903999611,0.0
27853,2025-12-20T01:00:00.000000000,1.54,1.232,0.0,0.0,2.161692213590311,0.0
27853,2025-12-20T02:00:00.000000000,1.345,1.05,0.0,0.0,0.7552441478338167,0.0
27853,2025-12-20T03:00:00.000000000,1.296,1.004,0.0,0.0,0.3232573903999611,0.0
27853,2025-12-20T04:00:00.000000000,1.274,0.985,0.0,0.0,0.0,0.0
27853,2025-12-20T05:00:00.000000000,1.4369999999999998,1.137,0.0,0.0,0.3235504614701334,0.0
27853,2025-12-20T06:00:00.000000000,1.308,1.016,0.0,0.0,0.0,0.0
27853,2025-12-20T07:00:00.000000000,1.248,0.96,0.0,0.0,0.3235504614701334,0.0
27853,2025-12-20T08:00:00.000000000,1.435,1.077,0.0,0.0,2.5790254175155556,0.0
27853,2025-12-20T09:00:00.000000000,1.401,0.963,0.0,0.0,0.7162656955009111,0.0
27853,2025-12-20T10:00:00.000000000,1.3510000000000002,1.062,0.0,0.0,0.0,0.0
27853,2025-12-20T11:00:00.000000000,1.385,1.096,0.0,0.0,0.3235504614701334,0.0
27853,2025-12-20T12:00:00.000000000,1.419,1.131,0.0,0.0,1.8903084026108334,0.0
27853,2025-12-20T13:00:00.000000000,1.173,0.8859999999999999,0.0,0.0,0.3241366036104778,0.0
27853,2025-12-20T14:00:00.000000000,0.998,0.7120000000000001,0.0,0.0,0.0,0.0
27853,2025-12-20T15:00:00.000000000,0.8969999999999999,0.61,0.0,0.0,0.3232573903999611,0.0
27853,2025-12-20T16:00:00.000000000,0.819,0.531,0.0,0.0,0.0,0.0
27853,2025-12-20T17:00:00.000000000,0.85,0.562,0.0,0.0,0.3235504614701334,0.0
27853,2025-12-20T18:00:00.000000000,0.9410000000000001,0.653,0.0,0.0,0.0,0.0
27853,2025-12-20T19:00:00.000000000,0.985,0.6970000000000001,0.0,0.0,0.3235504614701334,0.0
27853,2025-12-20T20:00:00.000000000,1.17,0.5,0.0,0.0,0.3232573903999611,0.0
27853,2025-12-20T21:00:00.000000000,1.1529999999999998,0.429,0.0,0.0,0.0,0.0
27853,2025-12-20T22:00:00.000000000,1.166,0.45399999999999996,0.0,0.0,0.8252881336049778,0.0
27853,2025-12-20T23:00:00.000000000,1.153,0.491,0.0,0.0,1.2033498141271444,0.0
27853,2025-12-21T00:00:00.000000000,1.591,0.96,0.0,0.0,2.143228736169461,0.0
27853,2025-12-21T01:00:00.000000000,1.281,0.7869999999999999,0.0,0.0,1.6485247697187502,0.0
27853,2025-12-21T02:00:00.000000000,1.0270000000000001,0.7330000000000001,0.0,0.0,0.3235504614701334,0.0
27853,2025-12-21T03:00:00.000000000,1.064,0.7730000000000001,0.0,0.0,0.0,0.0
27853,2025-12-21T04:00:00.000000000,1.1260000000000001,0.836,0.0,0.0,0.3232573903999611,0.0
27853,2025-12-21T05:00:00.000000000,1.3899999999999997,1.091,0.0,0.0,0.0,0.0
27853,2025-12-21T06:00:00.000000000,1.3319999999999999,1.041,0.0,0.0,0.3235504614701334,0.0
27853,2025-12-21T07:00:00.000000000,1.34,1.056,0.0,0.0,0.0,0.0
27853,2025-12-21T08:00:00.000000000,1.525,1.214,0.0,0.0,1.7610640606648835,0.0
27853,2025-12-21T09:00:00.000000000,1.499,1.212,0.0,0.0,0.3232573903999611,0.0
27853,2025-12-21T10:00:00.000000000,1.5550000000000002,1.267,0.0,0.0,0.0,0.0
27853,2025-12-21T11:00:00.000000000,1.552,1.2630000000000001,0.0,0.0,0.3235504614701334,0.0
27853,2025-12-21T12:00:00.000000000,1.367,1.078,0.0,0.0,0.7013190709221278,0.0
27853,2025-12-21T13:00:00.000000000,0.873,0.586,0.0,0.0,0.0,0.0
27853,2025-12-21T14:00:00.000000000,0.426,0.139,0.0,0.0,0.3235504614701334,0.0
27853,2025-12-21T15:00:00.000000000,0.367,0.0,0.0,0.079,0.0,0.0
27853,2025-12-21T16:00:00.000000000,0.6549999999999999,0.0,0.0,0.236,0.32325739039996115,0.0
27853,2025-12-21T17:00:00.000000000,0.812,0.0,0.0,0.335,0.0,0.0
27853,2025-12-21T18:00:00.000000000,0.594,0.0,0.0,0.306,0.3232573903999611,0.0
27853,2025-12-21T19:00:00.000000000,0.541,0.0,0.0,0.251,0.0,0.0
27853,2025-12-21T20:00:00.000000000,1.199,0.0,0.0,0.20600000000000002,1.8639320062953333,0.0
27853,2025-12-21T21:00:00.000000000,1.401,0.0,0.0,0.15899999999999997,0.8384763317627278,0.0
27853,2025-12-21T22:00:00.000000000,0.8019999999999999,0.078,0.0,0.01,1.6297682212277278,0.0
27853,2025-12-21T23:00:00.000000000,1.022,0.36,0.0,0.0,1.17902491530285,0.0
27853,2025-12-22T00:00:00.000000000,1.6889999999999998,1.205,0.0,0.0,0.34846150243477225,0.0
27853,2025-12-22T01:00:00.000000000,1.5299999999999998,1.223,0.0,0.0,0.6717188928347333,0.0
27853,2025-12-22T02:00:00.000000000,1.5190000000000001,1.2249999999999999,0.0,0.0,0.49235939788933336,0.0
27853,2025-12-22T03:00:00.000000000,1.605,1.314,0.0,0.0,0.1896169824014278,0.0
27853,2025-12-22T04:00:00.000000000,1.705,1.417,0.0,0.0,0.3232573903999611,0.0
27853,2025-12-22T05:00:00.000000000,1.9889999999999999,1.689,0.0,0.0,0.0,0.0
27853,2025-12-22T06:00:00.000000000,1.893,1.6029999999999998,0.0,0.0,0.3235504614701334,0.0
27853,2025-12-22T07:00:00.000000000,1.833,1.5470000000000002,0.0,0.0,0.0,0.0
27853,2025-12-22T08:00:00.000000000,1.8650000000000002,1.577,0.0,0.0,0.3235504614701334,0.0
27853,2025-12-22T09:00:00.000000000,1.834,1.546,0.0,0.0,0.0,0.0
27853,2025-12-22T10:00:00.000000000,1.803,1.5140000000000002,0.0,0.0,0.3232573903999611,0.0
27853,2025-12-22T11:00:00.000000000,1.768,1.479,0.0,0.0,0.0,0.0
27853,2025-12-22T12:00:00.000000000,1.577,1.288,0.0,0.0,0.3235504614701334,0.0
27853,2025-12-22T13:00:00.000000000,1.2269999999999999,0.879,0.0,0.0,0.0,0.0
27853,2025-12-22T14:00:00.000000000,0.829,0.29300000000000004,0.0,0.0,0.3235504614701334,0.0
27853,2025-12-22T15:00:00.000000000,0.5820000000000001,0.005,0.0,0.034,0.0,0.0
27853,2025-12-22T16:00:00.000000000,0.5880000000000001,0.0,0.0,0.10600000000000001,0.3232573903999611,0.0
27853,2025-12-22T17:00:00.000000000,0.7169999999999999,0.0,0.0,0.179,0.0,0.0
27853,2025-12-22T18:00:00.000000000,0.76,0.0,0.0,0.203,1.581118423579139,0.0
27853,2025-12-22T19:00:00.000000000,0.808,0.0,0.0,0.21100000000000002,0.0,0.0
27853,2025-12-22T20:00:00.000000000,0.693,0.0,0.0,0.123,0.3235504614701334,0.0
27853,2025-12-22T21:00:00.000000000,0.40399999999999997,0.098,0.0,0.005,1.020473466339678,0.0
27853,2025-12-22T22:00:00.000000000,0.8360000000000001,0.232,0.0,0.0,1.6631783232273611,0.0
27853,2025-12-22T23:00:00.000000000,0.958,0.557,0.0,0.0,1.1734565649695778,0.0
27853,2025-12-23T00:00:00.000000000,1.596,1.271,0.0,0.0,0.0,0.0
27853,2025-12-23T01:00:00.000000000,1.5879999999999999,1.109,0.0,0.0,1.715638044788189,0.0
27853,2025-12-23T02:00:00.000000000,1.4429999999999998,0.984,0.0,0.0,0.0,0.0
27853,2025-12-23T03:00:00.000000000,1.4939999999999998,1.082,0.0,0.0,0.3232573903999611,0.0
27853,2025-12-23T04:00:00.000000000,1.51,1.193,0.0,0.0,0.0,0.0
27853,2025-12-23T05:00:00.000000000,1.6960000000000002,1.398,0.0,0.0,0.3235504614701334,0.0
27853,2025-12-23T06:00:00.000000000,1.553,1.262,0.0,0.0,0.0,0.0
27853,2025-12-23T07:00:00.000000000,1.491,1.204,0.0,0.0,0.3235504614701334,0.0
27853,2025-12-23T08:00:00.000000000,1.3800000000000001,1.0950000000000002,0.0,0.0,0.3232573903999611,0.0
27853,2025-12-23T09:00:00.000000000,1.3170000000000002,1.03,0.0,0.0,0.0,0.0
27853,2025-12-23T10:00:00.000000000,1.274,0.985,0.0,0.0,0.3235504614701334,0.0
27853,2025-12-23T11:00:00.000000000,1.306,0.9550000000000001,0.0,0.0,0.8900568401130389,0.0
27853,2025-12-23T12:00:00.000000000,1.284,0.7480000000000001,0.0,0.0,1.3129583943715557,0.0
27853,2025-12-23T13:00:00.000000000,1.163,0.7529999999999999,0.0,0.0,1.4691652747733501,0.0
27853,2025-12-23T14:00:00.000000000,1.045,0.758,0.0,0.0,0.0,0.0
27853,2025-12-23T15:00:00.000000000,1.028,0.7390000000000001,0.0,0.0,0.3235504614701334,0.0
27853,2025-12-23T16:00:00.000000000,0.9359999999999999,0.647,0.0,0.0,0.0,0.0
27853,2025-12-23T17:00:00.000000000,0.899,0.611,0.0,0.0,0.3235504614701334,0.0
27853,2025-12-23T18:00:00.000000000,0.863,0.576,0.0,0.0,0.0,0.0
27853,2025-12-23T19:00:00.000000000,0.8849999999999999,0.35500000000000004,0.0,0.0,0.3232573903999611,0.0
27853,2025-12-23T20:00:00.000000000,0.895,0.22399999999999998,0.0,0.0,0.0,0.0
27853,2025-12-23T21:00:00.000000000,0.945,0.222,0.0,0.0,0.3235504614701334,0.0
27853,2025-12-23T22:00:00.000000000,0.951,0.239,0.0,0.0,0.0,0.0
27853,2025-12-23T23:00:00.000000000,1.088,0.42800000000000005,0.0,0.0,3.073729383966267,0.0
27853,2025-12-24T00:00:00.000000000,1.401,0.7719999999999999,0.0,0.0,2.113921629152239,0.0
27853,2025-12-24T01:00:00.000000000,1.149,0.655,0.0,0.0,1.6687466735606336,0.0
27853,2025-12-24T02:00:00.000000000,0.881,0.587,0.0,0.0,0.3232573903999611,0.0
27853,2025-12-24T03:00:00.000000000,0.897,0.607,0.0,0.0,0.0,0.0
27853,2025-12-24T04:00:00.000000000,0.975,0.6859999999999999,0.0,0.0,0.3235504614701334,0.0
27853,2025-12-24T05:00:00.000000000,1.123,0.822,0.0,0.0,0.0,0.0
27853,2025-12-24T06:00:00.000000000,1.0299999999999998,0.7390000000000001,0.0,0.0,0.3235504614701334,0.0
27853,2025-12-24T07:00:00.000000000,0.978,0.6909999999999998,0.0,0.0,0.0,0.0
27853,2025-12-24T08:00:00.000000000,0.953,0.668,0.0,0.0,0.3232573903999611,0.0
27853,2025-12-24T09:00:00.000000000,1.907,0.166,0.0,0.019,0.0,0.0
27853,2025-12-24T10:00:00.000000000,0.9199999999999999,0.405,0.0,0.0,0.3235504614701334,0.0
27853,2025-12-24T11:00:00.000000000,0.823,0.534,0.0,0.0,0.0,0.0
27853,2025-12-24T12:00:00.000000000,0.838,0.549,0.0,0.0,0.3235504614701334,0.0
27853,2025-12-24T13:00:00.000000000,0.881,0.593,0.0,0.0,0.34846150243477225,0.0
27853,2025-12-24T14:00:00.000000000,0.847,0.562,0.0,0.0,0.3235504614701334,0.0
27853,2025-12-24T15:00:00.000000000,0.719,0.42999999999999994,0.0,0.0,0.0,0.0
27853,2025-12-24T16:00:00.000000000,0.603,0.315,0.0,0.0,0.3232573903999611,0.0
27853,2025-12-24T17:00:00.000000000,0.532,0.244,0.0,0.0,0.0,0.0
27853,2025-12-24T18:00:00.000000000,0.497,0.20900000000000002,0.0,0.0,0.3232573903999611,0.0
27853,2025-12-24T19:00:00.000000000,0.539,0.089,0.0,0.0,0.0,0.0
27853,2025-12-24T20:00:00.000000000,0.6719999999999999,0.083,0.0,0.0,0.3235504614701334,0.0
27853,2025-12-24T21:00:00.000000000,0.859,0.134,0.0,0.0,0.0,0.0
27853,2025-12-24T22:00:00.000000000,0.976,0.264,0.0,0.0,0.3235504614701334,0.0
27853,2025-12-24T23:00:00.000000000,1.124,0.46199999999999997,0.0,0.0,1.4020519997039111,0.0
27853,2025-12-25T00:00:00.000000000,1.517,0.96,0.0,0.0,1.2314846368636778,0.0
27853,2025-12-25T01:00:00.000000000,1.115,0.8079999999999998,0.0,0.0,0.3232573903999611,0.0
27853,2025-12-25T02:00:00.000000000,1.08,0.7859999999999999,0.0,0.0,0.6969230048695445,0.0
27853,2025-12-25T03:00:00.000000000,1.204,0.9139999999999999,0.0,0.0,0.9082272464637168,0.0
27853,2025-12-25T04:00:00.000000000,1.272,0.982,0.0,0.0,0.8255812046751501,0.0
27853,2025-12-25T05:00:00.000000000,1.467,1.168,0.0,0.0,0.3235504614701334,0.0
27853,2025-12-25T06:00:00.000000000,1.356,1.064,0.0,0.0,0.3232573903999611,0.0
27853,2025-12-25T07:00:00.000000000,1.2930000000000001,1.005,0.0,0.0,0.0,0.0
27853,2025-12-25T08:00:00.000000000,1.335,1.0510000000000002,0.0,0.0,0.3235504614701334,0.0
27853,2025-12-25T09:00:00.000000000,1.4300000000000002,1.1,0.0,0.0,0.0,0.0
27853,2025-12-25T10:00:00.000000000,1.5579999999999998,1.0510000000000002,0.0,0.0,0.3235504614701334,0.0
27853,2025-12-25T11:00:00.000000000,1.479,1.187,0.0,0.0,0.0,0.0
27853,2025-12-25T12:00:00.000000000,1.333,1.043,0.0,0.0,0.32325739039996115,0.0
27853,2025-12-25T13:00:00.000000000,0.9650000000000001,0.6769999999999999,0.0,0.0,0.9093995307444056,0.0
27853,2025-12-25T14:00:00.000000000,0.5,0.214,0.0,0.0,0.6717188928347333,0.0
27853,2025-12-25T15:00:00.000000000,0.33099999999999996,0.0,0.0,0.041999999999999996,0.0,0.0
27853,2025-12-25T16:00:00.000000000,0.421,0.0,0.0,0.133,0.3235504614701334,0.0
27853,2025-12-25T17:00:00.000000000,0.472,0.0,0.0,0.183,0.0,0.0
27853,2025-12-25T18:00:00.000000000,0.473,0.0,0.0,0.185,0.3235504614701334,0.0
27853,2025-12-25T19:00:00.000000000,0.40800000000000003,0.0,0.0,0.11900000000000001,0.0,0.0
27853,2025-12-25T20:00:00.000000000,0.383,0.076,0.0,0.009999999999999998,0.3232573903999611,0.0
27853,2025-12-25T21:00:00.000000000,0.851,0.22699999999999998,0.0,0.0,0.0,0.0
27853,2025-12-25T22:00:00.000000000,1.101,0.38899999999999996,0.0,0.0,0.3235504614701334,0.0
27853,2025-12-25T23:00:00.000000000,1.2970000000000002,0.635,0.0,0.0,0.0,0.0
27853,2025-12-26T00:00:00.000000000,1.957,1.3250000000000002,0.0,0.0,0.3235504614701334,0.0
27853,2025-12-26T01:00:00.000000000,1.928,1.375,0.0,0.0,3.1232583948253723,0.0
27853,2025-12-26T02:00:00.000000000,1.804,1.343,0.0,0.0,1.06296877151465,0.0
27853,2025-12-26T03:00:00.000000000,1.784,1.492,0.0,0.0,0.06007956938530555,0.0
27853,2025-12-26T04:00:00.000000000,1.915,1.627,0.0,0.0,0.3235504614701334,0.0
27853,2025-12-26T05:00:00.000000000,2.253,1.9539999999999997,0.0,0.0,0.0,0.0
27853,2025-12-26T06:00:00.000000000,2.198,1.9060000000000001,0.0,0.0,0.8261673468154944,0.0
27853,2025-12-26T07:00:00.000000000,2.186,1.9009999999999998,0.0,0.0,0.3235504614701334,0.0
27853,2025-12-26T08:00:00.000000000,2.288,2.004,0.0,0.0,0.0,0.0
27853,2025-12-26T09:00:00.000000000,2.535,2.121,0.0,0.0,1.6795903031570054,0.0
27853,2025-12-26T10:00:00.000000000,2.55,2.1020000000000003,0.0,0.0,0.33498023320685,0.0
27853,2025-12-26T11:00:00.000000000,2.49,2.2020000000000004,0.0,0.0,0.3235504614701334,0.0
27853,2025-12-26T12:00:00.000000000,2.276,1.9849999999999999,0.0,0.0,0.0,0.0
27853,2025-12-26T13:00:00.000000000,1.669,1.38,0.0,0.0,0.34846150243477225,0.0
27853,2025-12-26T14:00:00.000000000,0.9249999999999999,0.638,0.0,0.0,0.6471009229402668,0.0
27853,2025-12-26T15:00:00.000000000,0.41000000000000003,0.11800000000000001,0.0,0.003,0.0,0.0
27853,2025-12-26T16:00:00.000000000,0.493,0.0,0.0,0.077,0.3235504614701334,0.0
27853,2025-12-26T17:00:00.000000000,0.702,0.0,0.0,0.162,0.0,0.0
27853,2025-12-26T18:00:00.000000000,0.469,0.0,0.0,0.181,0.3232573903999611,0.0
27853,2025-12-26T19:00:00.000000000,0.437,0.0,0.0,0.147,0.0,0.0
27853,2025-12-26T20:00:00.000000000,0.683,0.0,0.0,0.09300000000000001,0.3235504614701334,0.0
27853,2025-12-26T21:00:00.000000000,0.8049999999999999,0.069,0.0,0.013,0.7019052130624723,0.0
27853,2025-12-26T22:00:00.000000000,1.1440000000000001,0.432,0.0,0.0,0.0,0.0
27853,2025-12-26T23:00:00.000000000,1.477,0.815,0.0,0.0,0.3235504614701334,0.0
27853,2025-12-27T00:00:00.000000000,2.503,1.871,0.0,0.0,0.9105718150250945,0.0
27853,2025-12-27T01:00:00.000000000,2.1660000000000004,1.858,0.0,0.0,1.1497178082856279,0.0
27853,2025-12-27T02:00:00.000000000,2.215,1.921,0.0,0.0,1.1347711837068446,0.0
27853,2025-12-27T03:00:00.000000000,2.356,2.0650000000000004,0.0,0.0,0.0,0.0
27853,2025-12-27T04:00:00.000000000,2.4939999999999998,2.2060000000000004,0.0,0.0,0.34846150243477225,0.0
27853,2025-12-27T05:00:00.000000000,2.868,2.568,0.0,0.0,0.3235504614701334,0.0
27853,2025-12-27T06:00:00.000000000,2.7470000000000003,2.456,0.0,0.0,0.0,0.0
27853,2025-12-27T07:00:00.000000000,2.714,2.4269999999999996,0.0,0.0,0.3235504614701334,0.0
27853,2025-12-27T08:00:00.000000000,2.764,2.4779999999999998,0.0,0.0,0.3232573903999611,0.0
27853,2025-12-27T09:00:00.000000000,2.8469999999999995,2.433,0.0,0.0,0.0,0.0
27853,2025-12-27T10:00:00.000000000,2.886,2.552,0.0,0.0,0.3235504614701334,0.0
27853,2025-12-27T11:00:00.000000000,2.886,2.5980000000000003,0.0,0.0,0.0,0.0
27853,2025-12-27T12:00:00.000000000,2.559,2.271,0.0,0.0,0.3235504614701334,0.0
27853,2025-12-27T13:00:00.000000000,1.923,1.636,0.0,0.0,1.1318404730051224,0.0
27853,2025-12-27T14:00:00.000000000,1.07,0.783,0.0,0.0,0.3232573903999611,0.0
27853,2025-12-27T15:00:00.000000000,0.507,0.21900000000000003,0.0,0.0,0.0,0.0
27853,2025-12-27T16:00:00.000000000,0.33499999999999996,0.0,0.0,0.047,0.3235504614701334,0.0
27853,2025-12-27T17:00:00.000000000,0.423,0.0,0.0,0.135,0.0,0.0
27853,2025-12-27T18:00:00.000000000,0.48,0.0,0.0,0.193,0.3235504614701334,0.0
27853,2025-12-27T19:00:00.000000000,0.45999999999999996,0.0,0.0,0.171,0.25116190713759445,0.0
27853,2025-12-27T20:00:00.000000000,0.36000000000000004,0.0,0.0,0.064,0.07238855433253889,0.0
27853,2025-12-27T21:00:00.000000000,1.134,0.126,0.0,0.027,0.3235504614701334,0.0
27853,2025-12-27T22:00:00.000000000,1.667,0.203,0.0,0.004,1.0500736444270724,0.0
27853,2025-12-27T23:00:00.000000000,1.6,0.677,0.0,0.0,0.0,0.0
27853,2025-12-28T00:00:00.000000000,2.333,1.702,0.0,0.0,0.3232573903999611,0.0
27853,2025-12-28T01:00:00.000000000,2.177,1.624,0.0,0.0,0.7285746804481444,0.0
27853,2025-12-28T02:00:00.000000000,2.111,1.759,0.0,0.0,0.7016121419923,0.0
27853,2025-12-28T03:00:00.000000000,2.303,2.013,0.0,0.0,1.0752777564618834,0.0
27853,2025-12-28T04:00:00.000000000,2.3689999999999998,2.08,0.0,0.0,0.32355046147013333,0.0
27853,2025-12-28T05:00:00.000000000,2.7119999999999997,2.412,0.0,0.0,0.0,0.0
27853,2025-12-28T06:00:00.000000000,2.608,2.316,0.0,0.0,0.3235504614701334,0.0
27853,2025-12-28T07:00:00.000000000,2.628,2.3419999999999996,0.0,0.0,0.0,0.0
27853,2025-12-28T08:00:00.000000000,2.7060000000000004,2.42,0.0,0.0,0.3235504614701334,0.0
27853,2025-12-28T09:00:00.000000000,2.7729999999999997,2.4429999999999996,0.0,0.0,0.0858698235604611,0.0
27853,2025-12-28T10:00:00.000000000,2.796,2.465,0.0,0.0,0.23768063790967225,0.0
27853,2025-12-28T11:00:00.000000000,2.75,2.461,0.0,0.0,0.3232573903999611,0.0
27853,2025-12-28T12:00:00.000000000,2.45,2.16,0.0,0.0,0.0,0.0
27853,2025-12-28T13:00:00.000000000,1.8940000000000001,1.6059999999999999,0.0,0.0,0.34875457350494443,0.0
27853,2025-12-28T14:00:00.000000000,1.295,1.0070000000000001,0.0,0.0,0.3232573903999611,0.0
27853,2025-12-28T15:00:00.000000000,0.7989999999999999,0.51,0.0,0.0,0.0,0.0
27853,2025-12-28T16:00:00.000000000,0.685,0.397,0.0,0.0,0.3235504614701334,0.0
27853,2025-12-28T17:00:00.000000000,0.7450000000000001,0.457,0.0,0.0,0.0,0.0
27853,2025-12-28T18:00:00.000000000,2.098,0.006,0.0,0.053,0.3235504614701334,0.0
27853,2025-12-28T19:00:00.000000000,0.708,0.419,0.0,0.0,0.0,0.0
27853,2025-12-28T20:00:00.000000000,0.909,0.6120000000000001,0.0,0.0,0.3232573903999611,0.0
27853,2025-12-28T21:00:00.000000000,1.583,0.338,0.0,0.002,0.0,0.0
27853,2025-12-28T22:00:00.000000000,1.315,0.6030000000000001,0.0,0.0,0.3235504614701334,0.0
27853,2025-12-28T23:00:00.000000000,1.387,0.724,0.0,0.0,0.0,0.0
27853,2025-12-29T00:00:00.000000000,2.072,1.441,0.0,0.0,2.5034130814111224,0.0
27853,2025-12-29T01:00:00.000000000,1.621,1.241,0.0,0.0,0.8329079814294555,0.0
27853,2025-12-29T02:00:00.000000000,1.508,1.213,0.0,0.0,0.6972160759397167,0.0
27853,2025-12-29T03:00:00.000000000,1.639,1.349,0.0,0.0,0.771656127763461,0.0
27853,2025-12-29T04:00:00.000000000,1.6929999999999998,1.404,0.0,0.0,1.5450706819479556,0.0
27853,2025-12-29T05:00:00.000000000,1.672,1.3719999999999999,0.0,0.0,0.0,0.0
27853,2025-12-29T06:00:00.000000000,1.531,1.2389999999999999,0.0,0.0,0.3232573903999611,0.0
27853,2025-12-29T07:00:00.000000000,1.436,1.15,0.0,0.0,0.0,0.0
27853,2025-12-29T08:00:00.000000000,1.346,1.06,0.0,0.0,0.3235504614701334,0.0
27853,2025-12-29T09:00:00.000000000,1.3130000000000002,1.026,0.0,0.0,0.03809923912238889,0.0
27853,2025-12-29T10:00:00.000000000,1.241,0.953,0.0,0.0,0.2851581512775722,0.0
27853,2025-12-29T11:00:00.000000000,1.231,0.94,0.0,0.0,0.3232573903999611,0.0
27853,2025-12-29T12:00:00.000000000,2.157,0.28500000000000003,0.0,0.004,0.0,0.0
27853,2025-12-29T13:00:00.000000000,1.1789999999999998,0.6020000000000001,0.0,0.0,0.3235504614701334,0.0
27853,2025-12-29T14:00:00.000000000,1.07,0.7210000000000001,0.0,0.0,0.0,0.0
27853,2025-12-29T15:00:00.000000000,1.037,0.492,0.0,0.0,0.3235504614701334,0.0
27853,2025-12-29T16:00:00.000000000,0.957,0.411,0.0,0.0,0.0,0.0
27853,2025-12-29T17:00:00.000000000,0.881,0.343,0.0,0.0,0.3232573903999611,0.0
27853,2025-12-29T18:00:00.000000000,0.679,0.122,0.0,0.0,0.0,0.0
27853,2025-12-29T19:00:00.000000000,0.692,0.095,0.0,0.0,0.3235504614701334,0.0
27853,2025-12-29T20:00:00.000000000,0.858,0.188,0.0,0.0,0.34875457350494443,0.0
27853,2025-12-29T21:00:00.000000000,0.944,0.221,0.0,0.0,0.0,0.0
27853,2025-12-29T22:00:00.000000000,1.128,0.415,0.0,0.0,1.58258377893,0.0
27853,2025-12-29T23:00:00.000000000,1.132,0.471,0.0,0.0,0.0,0.0
27853,2025-12-30T00:00:00.000000000,1.507,1.023,0.0,0.0,0.6723050349750779,0.0
27853,2025-12-30T01:00:00.000000000,1.3279999999999998,1.022,0.0,0.0,1.847520026365689,0.0
27853,2025-12-30T02:00:00.000000000,1.249,0.9540000000000001,0.0,0.0,1.2599125306703833,0.0
27853,2025-12-30T03:00:00.000000000,1.22,0.929,0.0,0.0,0.1755495710331611,0.0
27853,2025-12-30T04:00:00.000000000,1.222,0.9339999999999999,0.0,0.0,0.3232573903999611,0.0
27853,2025-12-30T05:00:00.000000000,1.428,1.1280000000000001,0.0,0.0,0.0,0.0
27853,2025-12-30T06:00:00.000000000,1.323,1.0310000000000001,0.0,0.0,0.3235504614701334,0.0
27853,2025-12-30T07:00:00.000000000,1.29,1.005,0.0,0.0,0.0,0.0
27853,2025-12-30T08:00:00.000000000,1.339,1.054,0.0,0.0,0.3235504614701334,0.0
27853,2025-12-30T09:00:00.000000000,1.343,1.056,0.0,0.0,0.0,0.0
27853,2025-12-30T10:00:00.000000000,1.391,1.103,0.0,0.0,0.3232573903999611,0.0
27853,2025-12-30T11:00:00.000000000,1.451,1.159,0.0,0.0,0.0,0.0
27853,2025-12-30T12:00:00.000000000,2.251,0.37800000000000006,0.0,0.005,0.3235504614701334,0.0
27853,2025-12-30T13:00:00.000000000,1.4229999999999998,0.092,0.0,0.02,0.0,0.0
27853,2025-12-30T14:00:00.000000000,0.5770000000000001,0.013,0.0,0.028999999999999998,0.3235504614701334,0.0
27853,2025-12-30T15:00:00.000000000,0.6679999999999999,0.0,0.0,0.126,0.0,0.0
27853,2025-12-30T16:00:00.000000000,0.77,0.0,0.0,0.225,0.7570025742548501,0.0
27853,2025-12-30T17:00:00.000000000,0.84,0.0,0.0,0.301,0.0,0.0
27853,2025-12-30T18:00:00.000000000,0.855,0.0,0.0,0.298,0.3235504614701334,0.0
27853,2025-12-30T19:00:00.000000000,0.843,0.0,0.0,0.246,0.3232573903999611,0.0
27853,2025-12-30T20:00:00.000000000,0.503,0.0,0.0,0.129,0.3361525174875389,0.0
27853,2025-12-30T21:00:00.000000000,0.333,0.01,0.0,0.021,1.3941390808092613,0.0
27853,2025-12-30T22:00:00.000000000,0.422,0.122,0.0,0.0,0.43227982850402774,0.0
27853,2025-12-30T23:00:00.000000000,0.692,0.391,0.0,0.0,1.6385603533328945,0.0
27853,2025-12-31T00:00:00.000000000,1.194,0.869,0.0,0.0,0.3235504614701334,0.0
27853,2025-12-31T01:00:00.000000000,1.088,0.7810000000000001,0.0,0.0,0.06007956938530555,0.0
27853,2025-12-31T02:00:00.000000000,1.196,0.865,0.0,0.0,1.6089601752455,0.0
27853,2025-12-31T03:00:00.000000000,1.2999999999999998,1.01,0.0,0.0,0.1755495710331611,0.0
27853,2025-12-31T04:00:00.000000000,1.507,1.218,0.0,0.0,0.3232573903999611,0.0
27853,2025-12-31T05:00:00.000000000,1.8860000000000001,1.587,0.0,0.0,0.0,0.0
27853,2025-12-31T06:00:00.000000000,1.781,1.4900000000000002,0.0,0.0,0.3235504614701334,0.0
27853,2025-12-31T07:00:00.000000000,1.701,1.413,0.0,0.0,0.0,0.0
27853,2025-12-31T08:00:00.000000000,1.8170000000000002,1.509,0.0,0.0,0.8422862556749667,0.0
27853,2025-12-31T09:00:00.000000000,1.9850000000000003,1.548,0.0,0.0,1.2561026067581444,0.0
27853,2025-12-31T10:00:00.000000000,2.033,1.5259999999999998,0.0,0.0,0.7857235391317278,0.0
27853,2025-12-31T11:00:00.000000000,2.087,1.5539999999999998,0.0,0.0,2.304124753694011,0.0
27853,2025-12-31T12:00:00.000000000,1.769,1.4169999999999998,0.0,0.0,0.6975091470098889,0.0
27853,2025-12-31T13:00:00.000000000,1.382,1.094,0.0,0.0,0.7019052130624722,0.0
27853,2025-12-31T14:00:00.000000000,0.978,0.6920000000000001,0.0,0.0,0.7174379797816,0.0
27853,2025-12-31T15:00:00.000000000,0.608,0.32,0.0,0.0,0.7300400357990056,0.0
27853,2025-12-31T16:00:00.000000000,0.329,0.038,0.0,0.003,0.0,0.0
27853,2025-12-31T17:00:00.000000000,0.32,0.0,0.0,0.032,0.3232573903999611,0.0
27853,2025-12-31T18:00:00.000000000,0.334,0.0,0.0,0.04599999999999999,0.0,0.0
27853,2025-12-31T19:00:00.000000000,0.333,0.0,0.0,0.042,0.3235504614701334,0.0
27853,2025-12-31T20:00:00.000000000,0.514,0.008,0.0,0.013000000000000001,0.0,0.0
27853,2025-12-31T21:00:00.000000000,0.7879999999999999,0.065,0.0,0.0,0.3235504614701334,0.0
27853,2025-12-31T22:00:00.000000000,1.08,0.368,0.0,0.0,2.08109766929295,0.0
27853,2025-12-31T23:00:00.000000000,1.08,0.418,0.0,0.0,0.0,0.0
