bldg_id,timestamp,electricity.total,electrictiy.heating,electricity.secondary_heating,electricity.cooling,natural_gas.total,natural_gas.heating
497513,2025-01-01T00:00:00.000000000,0.344,0.07900000000000001,0.0,0.0,0.3493407156452889,0.0
497513,2025-01-01T01:00:00.000000000,0.44899999999999995,0.027,0.0,0.0,0.3493407156452889,0.0
497513,2025-01-01T02:00:00.000000000,0.404,0.023,0.0,0.0,0.3493407156452889,0.0
497513,2025-01-01T03:00:00.000000000,0.682,0.326,0.0,0.0,0.0,0.0
497513,2025-01-01T04:00:00.000000000,0.7509999999999999,0.456,0.0,0.0,0.0,0.0
497513,2025-01-01T05:00:00.000000000,0.7869999999999999,0.491,0.0,0.0,0.32384353254030557,0.0
497513,2025-01-01T06:00:00.000000000,0.885,0.5920000000000001,0.0,0.0,0.32384353254030557,0.0
497513,2025-01-01T07:00:00.000000000,0.967,0.675,0.0,0.0,0.0,0.0
497513,2025-01-01T08:00:00.000000000,0.998,0.706,0.0,0.0,0.32384353254030557,0.0
497513,2025-01-01T09:00:00.000000000,1.0630000000000002,0.75,0.0,0.0,0.7001467866414388,0.0
497513,2025-01-01T10:00:00.000000000,1.044,0.73,0.0,0.0,0.0,0.0
497513,2025-01-01T11:00:00.000000000,0.8899999999999999,0.594,0.0,0.0,0.32384353254030557,0.0
497513,2025-01-01T12:00:00.000000000,0.611,0.315,0.0,0.0,0.0,0.0
497513,2025-01-01T13:00:00.000000000,0.46599999999999997,0.082,0.0,0.0,0.32384353254030557,0.0
497513,2025-01-01T14:00:00.000000000,0.936,0.04,0.0,0.002,1.266067023144,0.0
497513,2025-01-01T15:00:00.000000000,0.878,0.0,0.0,0.008,0.3235504614701334,0.0
497513,2025-01-01T16:00:00.000000000,0.424,0.0,0.0,0.0,0.0,0.0
497513,2025-01-01T17:00:00.000000000,0.421,0.0,0.0,0.0,1.0216457506203667,0.0
497513,2025-01-01T18:00:00.000000000,0.429,0.0,0.0,0.0,1.5274864177376224,0.0
497513,2025-01-01T19:00:00.000000000,0.537,0.059,0.0,0.0,1.08406988856705,0.0
497513,2025-01-01T20:00:00.000000000,0.40800000000000003,0.057999999999999996,0.0,0.0,1.0480221469358666,0.0
497513,2025-01-01T21:00:00.000000000,0.514,0.15900000000000003,0.0,0.0,3.7044183269768887,0.0
497513,2025-01-01T22:00:00.000000000,0.585,0.081,0.0,0.0,1.7434797964545499,0.0
497513,2025-01-01T23:00:00.000000000,0.6679999999999999,0.185,0.0,0.0,1.966213809785439,0.0
497513,2025-01-02T00:00:00.000000000,0.7439999999999999,0.28400000000000003,0.0,0.0,1.5131259352991835,0.0
497513,2025-01-02T01:00:00.000000000,0.738,0.405,0.0,0.0,0.32384353254030557,0.0
497513,2025-01-02T02:00:00.000000000,0.8200000000000001,0.439,0.0,0.0,0.3493407156452889,0.0
497513,2025-01-02T03:00:00.000000000,0.854,0.497,0.0,0.0,0.3235504614701334,0.0
497513,2025-01-02T04:00:00.000000000,0.904,0.562,0.0,0.0,0.0,0.0
497513,2025-01-02T05:00:00.000000000,0.958,0.625,0.0,0.0,0.3235504614701334,0.0
497513,2025-01-02T06:00:00.000000000,0.97,0.652,0.0,0.0,0.0,0.0
497513,2025-01-02T07:00:00.000000000,1.091,0.7719999999999999,0.0,0.0,1.8864984786985945,0.0
497513,2025-01-02T08:00:00.000000000,1.141,0.804,0.0,0.0,0.7133349847991889,0.0
497513,2025-01-02T09:00:00.000000000,1.2590000000000001,0.8300000000000001,0.0,0.0,1.299184054073461,0.0
497513,2025-01-02T10:00:00.000000000,1.2229999999999999,0.7150000000000001,0.0,0.0,0.8856607740604555,0.0
497513,2025-01-02T11:00:00.000000000,1.013,0.599,0.0,0.0,1.1796110574431946,0.0
497513,2025-01-02T12:00:00.000000000,0.7350000000000001,0.318,0.0,0.0,1.0782084671636056,0.0
497513,2025-01-02T13:00:00.000000000,0.643,0.259,0.0,0.0,3.5959820310131665,0.0
497513,2025-01-02T14:00:00.000000000,0.496,0.10900000000000001,0.0,0.0,2.472640619043039,0.0
497513,2025-01-02T15:00:00.000000000,0.391,0.0,0.0,0.0,0.747624300009339,0.0
497513,2025-01-02T16:00:00.000000000,0.32799999999999996,0.0,0.0,0.0,0.3235504614701334,0.0
497513,2025-01-02T17:00:00.000000000,0.421,0.0,0.0,0.0,0.7282816093779723,0.0
497513,2025-01-02T18:00:00.000000000,0.429,0.0,0.0,0.0,0.67259810604525,0.0
497513,2025-01-02T19:00:00.000000000,0.48,0.0,0.0,0.0,0.6980952891502333,0.0
497513,2025-01-02T20:00:00.000000000,0.398,0.0,0.0,0.0,0.32384353254030557,0.0
497513,2025-01-02T21:00:00.000000000,0.304,0.0,0.0,0.0,0.0,0.0
497513,2025-01-02T22:00:00.000000000,0.312,0.008,0.0,0.0,0.6931130809573056,0.0
497513,2025-01-02T23:00:00.000000000,0.56,0.077,0.0,0.0,3.0162874542125113,0.0
497513,2025-01-03T00:00:00.000000000,0.521,0.063,0.0,0.0,0.0,0.0
497513,2025-01-03T01:00:00.000000000,0.531,0.189,0.0,0.0,0.32384353254030557,0.0
497513,2025-01-03T02:00:00.000000000,0.6,0.30000000000000004,0.0,0.0,0.0,0.0
497513,2025-01-03T03:00:00.000000000,0.7330000000000001,0.436,0.0,0.0,0.6986814312905778,0.0
497513,2025-01-03T04:00:00.000000000,0.796,0.5,0.0,0.0,0.32384353254030557,0.0
497513,2025-01-03T05:00:00.000000000,0.876,0.5800000000000001,0.0,0.0,0.0,0.0
497513,2025-01-03T06:00:00.000000000,0.966,0.673,0.0,0.0,0.32384353254030557,0.0
497513,2025-01-03T07:00:00.000000000,1.0270000000000001,0.7349999999999999,0.0,0.0,0.0,0.0
497513,2025-01-03T08:00:00.000000000,1.053,0.762,0.0,0.0,0.32384353254030557,0.0
497513,2025-01-03T09:00:00.000000000,1.159,0.845,0.0,0.0,0.7221271169043556,0.0
497513,2025-01-03T10:00:00.000000000,1.1360000000000001,0.7350000000000001,0.0,0.0,0.6922338677467889,0.0
497513,2025-01-03T11:00:00.000000000,0.986,0.48100000000000004,0.0,0.0,2.2036013766249387,0.0
497513,2025-01-03T12:00:00.000000000,0.672,0.254,0.0,0.0,2.041240003749528,0.0
497513,2025-01-03T13:00:00.000000000,0.45399999999999996,0.039,0.0,0.0,1.513712077439528,0.0
497513,2025-01-03T14:00:00.000000000,0.419,0.0,0.0,0.0,2.3340180028515776,0.0
497513,2025-01-03T15:00:00.000000000,0.423,0.0,0.0,0.0,0.7127488426588444,0.0
497513,2025-01-03T16:00:00.000000000,0.328,0.0,0.0,0.0,0.34904764457511667,0.0
497513,2025-01-03T17:00:00.000000000,0.296,0.0,0.0,0.0,2.4108026232367,0.0
497513,2025-01-03T18:00:00.000000000,0.32799999999999996,0.0,0.0,0.0,0.67259810604525,0.0
497513,2025-01-03T19:00:00.000000000,0.481,0.0,0.0,0.001,0.0,0.0
497513,2025-01-03T20:00:00.000000000,0.49,0.0,0.0,0.0,0.3235504614701334,0.0
497513,2025-01-03T21:00:00.000000000,0.506,0.0,0.0,0.0,0.0,0.0
497513,2025-01-03T22:00:00.000000000,0.9560000000000001,0.0,0.0,0.006,0.578815363590139,0.0
497513,2025-01-03T23:00:00.000000000,0.6110000000000001,0.0,0.0,0.0,2.098388862433111,0.0
497513,2025-01-04T00:00:00.000000000,0.612,0.0,0.0,0.0,1.0779153960934336,0.0
497513,2025-01-04T01:00:00.000000000,0.5900000000000001,0.128,0.0,0.0,3.204439081263078,0.0
497513,2025-01-04T02:00:00.000000000,0.489,0.162,0.0,0.0,0.5017376721348444,0.0
497513,2025-01-04T03:00:00.000000000,0.5810000000000001,0.28400000000000003,0.0,0.0,0.0,0.0
497513,2025-01-04T04:00:00.000000000,0.687,0.391,0.0,0.0,0.32384353254030557,0.0
497513,2025-01-04T05:00:00.000000000,0.7489999999999999,0.455,0.0,0.0,0.0,0.0
497513,2025-01-04T06:00:00.000000000,0.831,0.538,0.0,0.0,0.6728911771154222,0.0
497513,2025-01-04T07:00:00.000000000,0.877,0.5840000000000001,0.0,0.0,0.0,0.0
497513,2025-01-04T08:00:00.000000000,0.928,0.637,0.0,0.0,0.3235504614701334,0.0
497513,2025-01-04T09:00:00.000000000,0.926,0.632,0.0,0.0,0.0,0.0
497513,2025-01-04T10:00:00.000000000,0.912,0.617,0.0,0.0,0.32384353254030557,0.0
497513,2025-01-04T11:00:00.000000000,0.8500000000000001,0.46299999999999997,0.0,0.0,0.0,0.0
497513,2025-01-04T12:00:00.000000000,0.805,0.29600000000000004,0.0,0.0,2.219427214414239,0.0
497513,2025-01-04T13:00:00.000000000,0.5609999999999999,0.145,0.0,0.0,0.0,0.0
497513,2025-01-04T14:00:00.000000000,0.557,0.138,0.0,0.0,3.119155399842961,0.0
497513,2025-01-04T15:00:00.000000000,0.46199999999999997,0.039,0.0,0.0,1.9644553833644054,0.0
497513,2025-01-04T16:00:00.000000000,0.426,0.002,0.0,0.0,1.7112419787356057,0.0
497513,2025-01-04T17:00:00.000000000,0.432,0.012,0.0,0.0,2.494914020376128,0.0
497513,2025-01-04T18:00:00.000000000,0.44299999999999995,0.014,0.0,0.0,1.7894919544715888,0.0
497513,2025-01-04T19:00:00.000000000,0.657,0.178,0.0,0.0,0.0,0.0
497513,2025-01-04T20:00:00.000000000,0.578,0.089,0.0,0.0,0.6529623443437111,0.0
497513,2025-01-04T21:00:00.000000000,0.551,0.045,0.0,0.0,2.1332643197836054,0.0
497513,2025-01-04T22:00:00.000000000,0.5670000000000001,0.063,0.0,0.0,0.7004398577116111,0.0
497513,2025-01-04T23:00:00.000000000,0.763,0.23099999999999998,0.0,0.0,3.540298527680444,0.0
497513,2025-01-05T00:00:00.000000000,0.734,0.275,0.0,0.0,1.3328872271432668,0.0
497513,2025-01-05T01:00:00.000000000,0.746,0.321,0.0,0.0,0.7605194270969168,0.0
497513,2025-01-05T02:00:00.000000000,0.764,0.40099999999999997,0.0,0.0,0.6986814312905778,0.0
497513,2025-01-05T03:00:00.000000000,0.817,0.521,0.0,0.0,0.0,0.0
497513,2025-01-05T04:00:00.000000000,0.838,0.542,0.0,0.0,0.3235504614701334,0.0
497513,2025-01-05T05:00:00.000000000,0.86,0.5660000000000001,0.0,0.0,0.3235504614701334,0.0
497513,2025-01-05T06:00:00.000000000,0.912,0.62,0.0,0.0,0.0,0.0
497513,2025-01-05T07:00:00.000000000,1.001,0.7090000000000001,0.0,0.0,0.32355046147013333,0.0
497513,2025-01-05T08:00:00.000000000,1.017,0.7250000000000001,0.0,0.0,0.0,0.0
497513,2025-01-05T09:00:00.000000000,1.107,0.7959999999999999,0.0,0.0,1.5743777889651778,0.0
497513,2025-01-05T10:00:00.000000000,1.161,0.76,0.0,0.0,1.1989537480745613,0.0
497513,2025-01-05T11:00:00.000000000,1.072,0.565,0.0,0.0,1.989952566469389,0.0
497513,2025-01-05T12:00:00.000000000,0.762,0.222,0.0,0.0,0.7265231829569389,0.0
497513,2025-01-05T13:00:00.000000000,0.552,0.10799999999999998,0.0,0.0,0.3238435325403055,0.0
497513,2025-01-05T14:00:00.000000000,0.511,0.0,0.0,0.0,0.6986814312905778,0.0
497513,2025-01-05T15:00:00.000000000,0.423,0.0,0.0,0.0,1.1760942046011278,0.0
497513,2025-01-05T16:00:00.000000000,0.36,0.0,0.0,0.0,1.3903291568970224,0.0
497513,2025-01-05T17:00:00.000000000,0.296,0.0,0.0,0.0,1.3484199938623946,0.0
497513,2025-01-05T18:00:00.000000000,0.293,0.0,0.0,0.0,1.6159938809296333,0.0
497513,2025-01-05T19:00:00.000000000,0.664,0.258,0.0,0.0,2.016622033855061,0.0
497513,2025-01-05T20:00:00.000000000,0.742,0.122,0.0,0.0,1.1031195081282443,0.0
497513,2025-01-05T21:00:00.000000000,0.413,0.063,0.0,0.0,0.33468716213667776,0.0
497513,2025-01-05T22:00:00.000000000,0.476,0.172,0.0,0.0,0.3235504614701334,0.0
497513,2025-01-05T23:00:00.000000000,0.5710000000000001,0.265,0.0,0.0,0.0,0.0
497513,2025-01-06T00:00:00.000000000,0.631,0.324,0.0,0.0,0.6986814312905778,0.0
497513,2025-01-06T01:00:00.000000000,0.649,0.344,0.0,0.0,0.32384353254030557,0.0
497513,2025-01-06T02:00:00.000000000,0.7469999999999999,0.446,0.0,0.0,0.0,0.0
497513,2025-01-06T03:00:00.000000000,0.7889999999999999,0.493,0.0,0.0,0.32384353254030557,0.0
497513,2025-01-06T04:00:00.000000000,0.7939999999999999,0.498,0.0,0.0,0.0,0.0
497513,2025-01-06T05:00:00.000000000,0.842,0.549,0.0,0.0,0.3235504614701334,0.0
497513,2025-01-06T06:00:00.000000000,0.862,0.5680000000000001,0.0,0.0,0.3235504614701334,0.0
497513,2025-01-06T07:00:00.000000000,0.892,0.599,0.0,0.0,0.0,0.0
497513,2025-01-06T08:00:00.000000000,0.9380000000000001,0.646,0.0,0.0,0.3238435325403055,0.0
497513,2025-01-06T09:00:00.000000000,0.9069999999999999,0.612,0.0,0.0,0.0,0.0
497513,2025-01-06T10:00:00.000000000,0.84,0.547,0.0,0.0,0.32384353254030557,0.0
497513,2025-01-06T11:00:00.000000000,0.842,0.516,0.0,0.0,0.0,0.0
497513,2025-01-06T12:00:00.000000000,0.764,0.376,0.0,0.0,0.32384353254030557,0.0
497513,2025-01-06T13:00:00.000000000,0.661,0.276,0.0,0.0,0.0,0.0
497513,2025-01-06T14:00:00.000000000,2.9349999999999996,0.5650000000000001,0.0,0.0,0.6907685123959277,0.0
497513,2025-01-06T15:00:00.000000000,7.312,1.2040000000000002,0.0,0.0,0.7019052130624722,0.0
497513,2025-01-06T16:00:00.000000000,6.983,0.977,0.0,0.0,1.0468498626551779,0.0
497513,2025-01-06T17:00:00.000000000,4.600999999999999,0.54,0.0,0.0,0.6731842481855945,0.0
497513,2025-01-06T18:00:00.000000000,0.32799999999999996,0.0,0.0,0.0,0.3493407156452889,0.0
497513,2025-01-06T19:00:00.000000000,0.884,0.406,0.0,0.0,2.2367184075543998,0.0
497513,2025-01-06T20:00:00.000000000,0.743,0.123,0.0,0.0,2.093992796380528,0.0
497513,2025-01-06T21:00:00.000000000,0.52,0.066,0.0,0.0,0.0,0.0
497513,2025-01-06T22:00:00.000000000,0.645,0.29200000000000004,0.0,0.0,0.6728911771154222,0.0
497513,2025-01-06T23:00:00.000000000,0.8300000000000001,0.305,0.0,0.0,1.9193224385578835,0.0
497513,2025-01-07T00:00:00.000000000,0.8029999999999999,0.34400000000000003,0.0,0.0,1.4832326861416165,0.0
497513,2025-01-07T01:00:00.000000000,0.8230000000000001,0.45399999999999996,0.0,0.0,1.8621735798743,0.0
497513,2025-01-07T02:00:00.000000000,0.7810000000000001,0.484,0.0,0.0,0.0,0.0
497513,2025-01-07T03:00:00.000000000,0.818,0.522,0.0,0.0,0.3235504614701334,0.0
497513,2025-01-07T04:00:00.000000000,1.0230000000000001,0.7170000000000001,0.0,0.0,1.5014030924922945,0.0
497513,2025-01-07T05:00:00.000000000,0.983,0.6880000000000001,0.0,0.0,0.0,0.0
497513,2025-01-07T06:00:00.000000000,0.97,0.6779999999999999,0.0,0.0,0.3238435325403056,0.0
497513,2025-01-07T07:00:00.000000000,1.024,0.7309999999999999,0.0,0.0,0.0,0.0
497513,2025-01-07T08:00:00.000000000,1.048,0.756,0.0,0.0,0.32384353254030557,0.0
497513,2025-01-07T09:00:00.000000000,1.137,0.7809999999999999,0.0,0.0,1.951560256276828,0.0
497513,2025-01-07T10:00:00.000000000,1.0739999999999998,0.672,0.0,0.0,1.7206202529811168,0.0
497513,2025-01-07T11:00:00.000000000,0.943,0.529,0.0,0.0,1.1714050674783723,0.0
497513,2025-01-07T12:00:00.000000000,0.845,0.42699999999999994,0.0,0.0,1.4890941075450612,0.0
497513,2025-01-07T13:00:00.000000000,0.736,0.32,0.0,0.0,1.5951858349474057,0.0
497513,2025-01-07T14:00:00.000000000,0.615,0.198,0.0,0.0,1.4592008583874945,0.0
497513,2025-01-07T15:00:00.000000000,0.497,0.074,0.0,0.0,1.5617757329477722,0.0
497513,2025-01-07T16:00:00.000000000,0.43999999999999995,0.017,0.0,0.0,1.4507017973524998,0.0
497513,2025-01-07T17:00:00.000000000,0.421,0.0,0.0,0.0,1.1916269713202556,0.0
497513,2025-01-07T18:00:00.000000000,0.434,0.007,0.0,0.0,1.1611475800223445,0.0
497513,2025-01-07T19:00:00.000000000,0.9770000000000001,0.4590000000000001,0.0,0.0,1.1151354220053054,0.0
497513,2025-01-07T20:00:00.000000000,0.915,0.22,0.0,0.0,2.0394815773284947,0.0
497513,2025-01-07T21:00:00.000000000,1.606,0.0,0.0,0.007,0.6749426746066278,0.0
497513,2025-01-07T22:00:00.000000000,0.633,0.03,0.0,0.0,0.0,0.0
497513,2025-01-07T23:00:00.000000000,0.6930000000000001,0.211,0.0,0.0,1.9580078198206166,0.0
497513,2025-01-08T00:00:00.000000000,0.716,0.258,0.0,0.0,0.7297469647288333,0.0
497513,2025-01-08T01:00:00.000000000,0.772,0.291,0.0,0.0,0.6734773192557667,0.0
497513,2025-01-08T02:00:00.000000000,0.7669999999999999,0.34099999999999997,0.0,0.0,0.0,0.0
497513,2025-01-08T03:00:00.000000000,0.7970000000000002,0.44099999999999995,0.0,0.0,1.181369483864228,0.0
497513,2025-01-08T04:00:00.000000000,0.7629999999999999,0.454,0.0,0.0,0.3235504614701334,0.0
497513,2025-01-08T05:00:00.000000000,0.8170000000000001,0.513,0.0,0.0,0.7807413309388,0.0
497513,2025-01-08T06:00:00.000000000,0.966,0.64,0.0,0.0,1.7915434519627946,0.0
497513,2025-01-08T07:00:00.000000000,1.2309999999999999,0.428,0.0,0.0,0.17760106852436666,0.0
497513,2025-01-08T08:00:00.000000000,2.125,0.0,0.0,0.0,0.3235504614701334,0.0
497513,2025-01-08T09:00:00.000000000,1.125,0.252,0.0,0.0,0.3575467056101111,0.0
497513,2025-01-08T10:00:00.000000000,0.9349999999999999,0.534,0.0,0.0,1.1886962606185334,0.0
497513,2025-01-08T11:00:00.000000000,0.853,0.408,0.0,0.0,1.8653973616461943,0.0
497513,2025-01-08T12:00:00.000000000,0.605,0.189,0.0,0.0,1.0521251419182778,0.0
497513,2025-01-08T13:00:00.000000000,0.48,0.065,0.0,0.0,1.6479386275784054,0.0
497513,2025-01-08T14:00:00.000000000,0.419,0.0,0.0,0.0,0.6728911771154222,0.0
497513,2025-01-08T15:00:00.000000000,0.423,0.0,0.0,0.0,0.0,0.0
497513,2025-01-08T16:00:00.000000000,0.424,0.0,0.0,0.0,0.3235504614701334,0.0
497513,2025-01-08T17:00:00.000000000,0.421,0.0,0.0,0.0,0.0,0.0
497513,2025-01-08T18:00:00.000000000,0.429,0.0,0.0,0.0,2.4638484869378727,0.0
497513,2025-01-08T19:00:00.000000000,0.522,0.043,0.0,0.0,0.6591168368173278,0.0
497513,2025-01-08T20:00:00.000000000,0.6300000000000001,0.019,0.0,0.0,0.0,0.0
497513,2025-01-08T21:00:00.000000000,1.129,0.0,0.0,0.007,1.1028264370580723,0.0
497513,2025-01-08T22:00:00.000000000,0.7009999999999998,0.0,0.0,0.0,1.1086878584615167,0.0
497513,2025-01-08T23:00:00.000000000,0.66,0.0,0.0,0.0,0.68314866457145,0.0
497513,2025-01-09T00:00:00.000000000,0.612,0.0,0.0,0.0,0.6986814312905778,0.0
497513,2025-01-09T01:00:00.000000000,0.528,0.036,0.0,0.0,0.8314426260785945,0.0
497513,2025-01-09T02:00:00.000000000,0.604,0.242,0.0,0.0,0.3235504614701334,0.0
497513,2025-01-09T03:00:00.000000000,0.7269999999999999,0.43,0.0,0.0,0.34963378671546114,0.0
497513,2025-01-09T04:00:00.000000000,0.778,0.483,0.0,0.0,0.8320287682189389,0.0
497513,2025-01-09T05:00:00.000000000,0.786,0.49,0.0,0.0,0.32355046147013333,0.0
497513,2025-01-09T06:00:00.000000000,0.889,0.595,0.0,0.0,0.0,0.0
497513,2025-01-09T07:00:00.000000000,0.9420000000000001,0.65,0.0,0.0,0.32384353254030557,0.0
497513,2025-01-09T08:00:00.000000000,1.01,0.718,0.0,0.0,0.0,0.0
497513,2025-01-09T09:00:00.000000000,1.018,0.7250000000000001,0.0,0.0,0.32384353254030557,0.0
497513,2025-01-09T10:00:00.000000000,1.3639999999999999,0.508,0.0,0.0,0.0,0.0
497513,2025-01-09T11:00:00.000000000,1.156,0.29400000000000004,0.0,0.0,0.3235504614701334,0.0
497513,2025-01-09T12:00:00.000000000,0.655,0.238,0.0,0.0,0.3235504614701334,0.0
497513,2025-01-09T13:00:00.000000000,0.493,0.07800000000000001,0.0,0.0,0.0,0.0
497513,2025-01-09T14:00:00.000000000,0.419,0.0,0.0,0.0,0.3235504614701334,0.0
497513,2025-01-09T15:00:00.000000000,0.43899999999999995,0.016,0.0,0.0,1.5412607580357167,0.0
497513,2025-01-09T16:00:00.000000000,0.424,0.0,0.0,0.0,0.3235504614701334,0.0
497513,2025-01-09T17:00:00.000000000,0.421,0.0,0.0,0.0,0.6743565324662834,0.0
497513,2025-01-09T18:00:00.000000000,0.394,0.0,0.0,0.0,0.9187778049899166,0.0
497513,2025-01-09T19:00:00.000000000,0.518,0.19,0.0,0.0,0.6731842481855945,0.0
497513,2025-01-09T20:00:00.000000000,0.49,0.085,0.0,0.0,1.9075995957509946,0.0
497513,2025-01-09T21:00:00.000000000,0.506,0.0,0.0,0.0,2.0427053591003888,0.0
497513,2025-01-09T22:00:00.000000000,0.503,0.0,0.0,0.0,1.2417421243197055,0.0
497513,2025-01-09T23:00:00.000000000,0.482,0.0,0.0,0.0,0.7115765583781556,0.0
497513,2025-01-10T00:00:00.000000000,0.45799999999999996,0.0,0.0,0.0,1.0726401168303332,0.0
497513,2025-01-10T01:00:00.000000000,0.445,0.019,0.0,0.0,1.1095670716720334,0.0
497513,2025-01-10T02:00:00.000000000,0.409,0.028,0.0,0.0,0.0,0.0
497513,2025-01-10T03:00:00.000000000,0.44499999999999995,0.131,0.0,0.0,1.0489013601463835,0.0
497513,2025-01-10T04:00:00.000000000,0.46399999999999997,0.168,0.0,0.0,0.0,0.0
497513,2025-01-10T05:00:00.000000000,0.51,0.21499999999999997,0.0,0.0,0.66732282678215,0.0
497513,2025-01-10T06:00:00.000000000,0.48,0.186,0.0,0.0,0.0,0.0
497513,2025-01-10T07:00:00.000000000,0.508,0.216,0.0,0.0,0.32384353254030557,0.0
497513,2025-01-10T08:00:00.000000000,0.554,0.263,0.0,0.0,0.0,0.0
497513,2025-01-10T09:00:00.000000000,0.7110000000000001,0.293,0.0,0.0,1.4908525339660945,0.0
497513,2025-01-10T10:00:00.000000000,0.752,0.24400000000000002,0.0,0.0,2.2288054886597504,0.0
497513,2025-01-10T11:00:00.000000000,0.7209999999999999,0.277,0.0,0.0,1.6077878909648111,0.0
497513,2025-01-10T12:00:00.000000000,0.712,0.295,0.0,0.0,1.125099838391161,0.0
497513,2025-01-10T13:00:00.000000000,0.6290000000000001,0.214,0.0,0.0,0.6992675734309223,0.0
497513,2025-01-10T14:00:00.000000000,1.839,0.051,0.0,0.002,0.34963378671546114,0.0
497513,2025-01-10T15:00:00.000000000,1.348,0.0,0.0,0.002,0.6986814312905778,0.0
497513,2025-01-10T16:00:00.000000000,0.424,0.0,0.0,0.0,0.3235504614701334,0.0
497513,2025-01-10T17:00:00.000000000,0.421,0.0,0.0,0.0,0.3493407156452889,0.0
497513,2025-01-10T18:00:00.000000000,0.562,0.0,0.0,0.0,1.8859123365582504,0.0
497513,2025-01-10T19:00:00.000000000,1.001,0.373,0.0,0.0,2.076701603240367,0.0
497513,2025-01-10T20:00:00.000000000,0.803,0.137,0.0,0.0,0.6893031570450667,0.0
497513,2025-01-10T21:00:00.000000000,0.5790000000000001,0.028999999999999998,0.0,0.0,0.668788182133011,0.0
497513,2025-01-10T22:00:00.000000000,0.5750000000000001,0.07100000000000001,0.0,0.0,0.34963378671546114,0.0
497513,2025-01-10T23:00:00.000000000,0.639,0.155,0.0,0.0,0.34963378671546114,0.0
497513,2025-01-11T00:00:00.000000000,0.7050000000000001,0.245,0.0,0.0,0.6992675734309223,0.0
497513,2025-01-11T01:00:00.000000000,0.7010000000000001,0.36,0.0,0.0,0.32384353254030557,0.0
497513,2025-01-11T02:00:00.000000000,0.777,0.41200000000000003,0.0,0.0,0.0,0.0
497513,2025-01-11T03:00:00.000000000,2.102,0.0,0.0,0.0,0.3493407156452889,0.0
497513,2025-01-11T04:00:00.000000000,2.081,0.0,0.0,0.0,0.3235504614701334,0.0
497513,2025-01-11T05:00:00.000000000,1.0170000000000001,0.158,0.0,0.0,0.14594939294576667,0.0
497513,2025-01-11T06:00:00.000000000,0.6990000000000001,0.40599999999999997,0.0,0.0,0.17760106852436666,0.0
497513,2025-01-11T07:00:00.000000000,0.83,0.538,0.0,0.0,0.32384353254030557,0.0
497513,2025-01-11T08:00:00.000000000,0.914,0.623,0.0,0.0,0.0,0.0
497513,2025-01-11T09:00:00.000000000,0.987,0.696,0.0,0.0,0.32384353254030557,0.0
497513,2025-01-11T10:00:00.000000000,1.056,0.648,0.0,0.0,0.35901206096097227,0.0
497513,2025-01-11T11:00:00.000000000,0.98,0.565,0.0,0.0,0.32384353254030557,0.0
497513,2025-01-11T12:00:00.000000000,0.843,0.425,0.0,0.0,0.7142141980097056,0.0
497513,2025-01-11T13:00:00.000000000,0.714,0.29700000000000004,0.0,0.0,0.7382460257638278,0.0
497513,2025-01-11T14:00:00.000000000,0.663,0.246,0.0,0.0,1.0700024771987835,0.0
497513,2025-01-11T15:00:00.000000000,0.492,0.037,0.0,0.0,0.32384353254030557,0.0
497513,2025-01-11T16:00:00.000000000,0.424,0.0,0.0,0.0,0.7297469647288333,0.0
497513,2025-01-11T17:00:00.000000000,0.421,0.0,0.0,0.0,0.6728911771154222,0.0
497513,2025-01-11T18:00:00.000000000,0.429,0.0,0.0,0.0,1.488801036474889,0.0
497513,2025-01-11T19:00:00.000000000,0.725,0.209,0.0,0.0,2.1751734828182334,0.0
497513,2025-01-11T20:00:00.000000000,1.2440000000000002,0.096,0.0,0.005,0.7021982841326444,0.0
497513,2025-01-11T21:00:00.000000000,1.407,0.0,0.0,0.009000000000000001,1.385933090844439,0.0
497513,2025-01-11T22:00:00.000000000,0.503,0.0,0.0,0.0,0.6992675734309223,0.0
497513,2025-01-11T23:00:00.000000000,0.513,0.028999999999999998,0.0,0.0,0.34963378671546114,0.0
497513,2025-01-12T00:00:00.000000000,0.5740000000000001,0.11399999999999999,0.0,0.0,0.34963378671546114,0.0
497513,2025-01-12T01:00:00.000000000,0.643,0.217,0.0,0.0,0.6734773192557667,0.0
497513,2025-01-12T02:00:00.000000000,0.685,0.321,0.0,0.0,0.0,0.0
497513,2025-01-12T03:00:00.000000000,0.7769999999999999,0.482,0.0,0.0,0.3235504614701334,0.0
497513,2025-01-12T04:00:00.000000000,0.782,0.486,0.0,0.0,0.0,0.0
497513,2025-01-12T05:00:00.000000000,0.74,0.445,0.0,0.0,0.3235504614701334,0.0
497513,2025-01-12T06:00:00.000000000,0.7510000000000001,0.458,0.0,0.0,0.0,0.0
497513,2025-01-12T07:00:00.000000000,0.7010000000000001,0.4089999999999999,0.0,0.0,0.3238435325403056,0.0
497513,2025-01-12T08:00:00.000000000,0.655,0.364,0.0,0.0,0.0,0.0
497513,2025-01-12T09:00:00.000000000,0.778,0.424,0.0,0.0,2.561734224375394,0.0
497513,2025-01-12T10:00:00.000000000,0.7410000000000001,0.33899999999999997,0.0,0.0,1.5465360372988166,0.0
497513,2025-01-12T11:00:00.000000000,0.674,0.228,0.0,0.0,0.7016121419923,0.0
497513,2025-01-12T12:00:00.000000000,0.58,0.132,0.0,0.0,0.3235504614701334,0.0
497513,2025-01-12T13:00:00.000000000,0.883,0.020999999999999998,0.0,0.0,0.0,0.0
497513,2025-01-12T14:00:00.000000000,0.419,0.0,0.0,0.0,0.6986814312905778,0.0
497513,2025-01-12T15:00:00.000000000,0.423,0.0,0.0,0.0,0.34963378671546114,0.0
497513,2025-01-12T16:00:00.000000000,0.424,0.0,0.0,0.0,1.0831906753565335,0.0
497513,2025-01-12T17:00:00.000000000,0.876,0.0,0.0,0.01,0.0,0.0
497513,2025-01-12T18:00:00.000000000,0.43,0.0,0.0,0.002,1.5987026877894723,0.0
497513,2025-01-12T19:00:00.000000000,0.631,0.11399999999999999,0.0,0.0,0.0,0.0
497513,2025-01-12T20:00:00.000000000,0.7390000000000001,0.073,0.0,0.0,0.647393994010439,0.0
497513,2025-01-12T21:00:00.000000000,0.735,0.0,0.0,0.0,0.7294538936586612,0.0
497513,2025-01-12T22:00:00.000000000,2.516,0.0,0.0,0.028000000000000004,2.3765133080265497,0.0
497513,2025-01-12T23:00:00.000000000,2.169,0.0,0.0,0.026000000000000002,1.0820183910758443,0.0
497513,2025-01-13T00:00:00.000000000,0.469,0.0,0.0,0.0,0.3493407156452889,0.0
497513,2025-01-13T01:00:00.000000000,0.46399999999999997,0.095,0.0,0.0,3.0233211598966445,0.0
497513,2025-01-13T02:00:00.000000000,0.382,0.002,0.0,0.0,0.0,0.0
497513,2025-01-13T03:00:00.000000000,0.385,0.03,0.0,0.0,0.32384353254030557,0.0
497513,2025-01-13T04:00:00.000000000,0.393,0.084,0.0,0.0,0.0,0.0
497513,2025-01-13T05:00:00.000000000,0.419,0.125,0.0,0.0,0.3235504614701334,0.0
497513,2025-01-13T06:00:00.000000000,0.438,0.14500000000000002,0.0,0.0,0.3235504614701334,0.0
497513,2025-01-13T07:00:00.000000000,0.482,0.18999999999999997,0.0,0.0,0.0,0.0
497513,2025-01-13T08:00:00.000000000,0.509,0.217,0.0,0.0,0.32355046147013333,0.0
497513,2025-01-13T09:00:00.000000000,0.523,0.23,0.0,0.0,0.0,0.0
497513,2025-01-13T10:00:00.000000000,0.663,0.31,0.0,0.0,2.9825842811427057,0.0
497513,2025-01-13T11:00:00.000000000,0.6220000000000001,0.206,0.0,0.0,1.7727869034717723,0.0
497513,2025-01-13T12:00:00.000000000,0.652,0.142,0.0,0.0,2.022776526328678,0.0
497513,2025-01-13T13:00:00.000000000,0.5650000000000001,0.027,0.0,0.0,1.5567935247548443,0.0
497513,2025-01-13T14:00:00.000000000,0.503,0.055,0.0,0.0,2.420180897482211,0.0
497513,2025-01-13T15:00:00.000000000,0.435,0.012,0.0,0.0,1.16319907751355,0.0
497513,2025-01-13T16:00:00.000000000,0.456,0.0,0.0,0.0,2.0793392428719164,0.0
497513,2025-01-13T17:00:00.000000000,0.9990000000000001,0.0,0.0,0.009,2.159933787169278,0.0
497513,2025-01-13T18:00:00.000000000,2.2539999999999996,0.0,0.0,0.039999999999999994,1.6189245916313557,0.0
497513,2025-01-13T19:00:00.000000000,2.2749999999999995,0.0,0.0,0.011,1.0222318927607112,0.0
497513,2025-01-13T20:00:00.000000000,1.5479999999999996,0.0,0.0,0.017,0.0,0.0
497513,2025-01-13T21:00:00.000000000,0.506,0.0,0.0,0.0,0.3235504614701334,0.0
497513,2025-01-13T22:00:00.000000000,0.503,0.0,0.0,0.0,1.4416165941771613,0.0
497513,2025-01-13T23:00:00.000000000,0.482,0.0,0.0,0.0,0.34963378671546114,0.0
497513,2025-01-14T00:00:00.000000000,0.501,0.0,0.0,0.0,0.0,0.0
497513,2025-01-14T01:00:00.000000000,0.44899999999999995,0.053000000000000005,0.0,0.0,0.3235504614701334,0.0
497513,2025-01-14T02:00:00.000000000,0.515,0.215,0.0,0.0,0.3235504614701334,0.0
497513,2025-01-14T03:00:00.000000000,0.599,0.303,0.0,0.0,0.0,0.0
497513,2025-01-14T04:00:00.000000000,0.667,0.372,0.0,0.0,0.3235504614701334,0.0
497513,2025-01-14T05:00:00.000000000,0.7550000000000001,0.459,0.0,0.0,0.0,0.0
497513,2025-01-14T06:00:00.000000000,0.77,0.478,0.0,0.0,0.32384353254030557,0.0
497513,2025-01-14T07:00:00.000000000,0.7749999999999999,0.483,0.0,0.0,0.0,0.0
497513,2025-01-14T08:00:00.000000000,0.7489999999999999,0.457,0.0,0.0,0.32384353254030557,0.0
497513,2025-01-14T09:00:00.000000000,0.7989999999999999,0.46399999999999997,0.0,0.0,0.6980952891502334,0.0
497513,2025-01-14T10:00:00.000000000,0.784,0.381,0.0,0.0,0.0,0.0
497513,2025-01-14T11:00:00.000000000,0.792,0.376,0.0,0.0,2.0605826943808943,0.0
497513,2025-01-14T12:00:00.000000000,0.754,0.245,0.0,0.0,1.9761782261712946,0.0
497513,2025-01-14T13:00:00.000000000,0.603,0.15700000000000003,0.0,0.0,1.6740219528237332,0.0
497513,2025-01-14T14:00:00.000000000,0.469,0.05,0.0,0.0,1.5271933466674499,0.0
497513,2025-01-14T15:00:00.000000000,0.368,0.009,0.0,0.0,0.6843209488521389,0.0
497513,2025-01-14T16:00:00.000000000,0.324,0.029,0.0,0.0,0.7036636394835056,0.0
497513,2025-01-14T17:00:00.000000000,0.296,0.0,0.0,0.0,0.34963378671546114,0.0
497513,2025-01-14T18:00:00.000000000,0.392,0.0,0.0,0.0,1.750220431068511,0.0
497513,2025-01-14T19:00:00.000000000,1.8289999999999997,0.0,0.0,0.01,0.3493407156452889,0.0
497513,2025-01-14T20:00:00.000000000,1.014,0.101,0.0,0.0,0.0,0.0
497513,2025-01-14T21:00:00.000000000,6.978999999999999,0.5640000000000001,0.0,0.0,1.1980745348640445,0.0
497513,2025-01-14T22:00:00.000000000,6.704,0.554,0.0,0.0,1.7267747454547335,0.0
497513,2025-01-14T23:00:00.000000000,1.059,0.012,0.0,0.0,0.72007561941315,0.0
497513,2025-01-15T00:00:00.000000000,0.35000000000000003,0.0,0.0,0.0,0.3235504614701334,0.0
497513,2025-01-15T01:00:00.000000000,0.305,0.0,0.0,0.0,0.6992675734309223,0.0
497513,2025-01-15T02:00:00.000000000,0.428,0.128,0.0,0.0,3.1850963906317116,0.0
497513,2025-01-15T03:00:00.000000000,0.443,0.133,0.0,0.0,2.0854937353455334,0.0
497513,2025-01-15T04:00:00.000000000,0.395,0.101,0.0,0.0,0.3449446495927056,0.0
497513,2025-01-15T05:00:00.000000000,0.418,0.124,0.0,0.0,0.3235504614701334,0.0
497513,2025-01-15T06:00:00.000000000,0.44,0.14600000000000002,0.0,0.0,0.18873776919091112,0.0
497513,2025-01-15T07:00:00.000000000,0.446,0.154,0.0,0.0,0.13510576334939445,0.0
497513,2025-01-15T08:00:00.000000000,0.452,0.161,0.0,0.0,0.32384353254030557,0.0
497513,2025-01-15T09:00:00.000000000,0.444,0.151,0.0,0.0,0.0,0.0
497513,2025-01-15T10:00:00.000000000,0.5790000000000001,0.17099999999999999,0.0,0.0,1.5016961635624666,0.0
497513,2025-01-15T11:00:00.000000000,0.9630000000000001,0.071,0.0,0.0,0.3235504614701334,0.0
497513,2025-01-15T12:00:00.000000000,0.87,0.0,0.0,0.007,0.3235504614701334,0.0
497513,2025-01-15T13:00:00.000000000,0.416,0.0,0.0,0.0,0.0,0.0
497513,2025-01-15T14:00:00.000000000,0.419,0.0,0.0,0.0,1.5948927638772334,0.0
497513,2025-01-15T15:00:00.000000000,0.423,0.0,0.0,0.0,0.0,0.0
497513,2025-01-15T16:00:00.000000000,0.432,0.0,0.0,0.009000000000000001,0.3493407156452889,0.0
497513,2025-01-15T17:00:00.000000000,0.432,0.0,0.0,0.012,0.6728911771154222,0.0
497513,2025-01-15T18:00:00.000000000,0.551,0.0,0.0,0.022,0.0,0.0
497513,2025-01-15T19:00:00.000000000,0.484,0.0,0.0,0.004,0.3493407156452889,0.0
497513,2025-01-15T20:00:00.000000000,0.495,0.0,0.0,0.005,1.048315218006039,0.0
497513,2025-01-15T21:00:00.000000000,0.513,0.0,0.0,0.009000000000000001,0.3493407156452889,0.0
497513,2025-01-15T22:00:00.000000000,0.51,0.0,0.0,0.007,0.3493407156452889,0.0
497513,2025-01-15T23:00:00.000000000,0.484,0.0,0.0,0.002,0.6485662782911279,0.0
497513,2025-01-16T00:00:00.000000000,0.535,0.0,0.0,0.003,0.3493407156452889,0.0
497513,2025-01-16T01:00:00.000000000,0.425,0.0,0.0,0.0,0.3493407156452889,0.0
497513,2025-01-16T02:00:00.000000000,0.36300000000000004,0.0,0.0,0.0,1.06824405077775,0.0
497513,2025-01-16T03:00:00.000000000,0.297,0.0,0.0,0.0,0.3370317306980556,0.0
497513,2025-01-16T04:00:00.000000000,0.296,0.0,0.0,0.0,0.0,0.0
497513,2025-01-16T05:00:00.000000000,0.293,0.0,0.0,0.0,0.3235504614701334,0.0
497513,2025-01-16T06:00:00.000000000,0.292,0.0,0.0,0.0,1.0532974261989667,0.0
497513,2025-01-16T07:00:00.000000000,0.292,0.0,0.0,0.0,0.0,0.0
497513,2025-01-16T08:00:00.000000000,0.304,0.0,0.0,0.0,0.3235504614701334,0.0
497513,2025-01-16T09:00:00.000000000,0.367,0.0,0.0,0.0,1.2525857539160778,0.0
497513,2025-01-16T10:00:00.000000000,0.39999999999999997,0.0,0.0,0.0,1.0198873241993336,0.0
497513,2025-01-16T11:00:00.000000000,0.414,0.0,0.0,0.0,0.8085830826051611,0.0
497513,2025-01-16T12:00:00.000000000,0.419,0.0,0.0,0.002,0.0,0.0
497513,2025-01-16T13:00:00.000000000,0.52,0.0,0.0,0.012,1.8612943666637836,0.0
497513,2025-01-16T14:00:00.000000000,0.5640000000000001,0.0,0.0,0.022000000000000002,2.0975096492225944,0.0
497513,2025-01-16T15:00:00.000000000,0.578,0.0,0.0,0.027999999999999997,1.4914386761064389,0.0
497513,2025-01-16T16:00:00.000000000,0.441,0.0,0.0,0.017,1.1095670716720334,0.0
497513,2025-01-16T17:00:00.000000000,0.44,0.0,0.0,0.02,0.3493407156452889,0.0
497513,2025-01-16T18:00:00.000000000,0.374,0.0,0.0,0.015,0.3493407156452889,0.0
497513,2025-01-16T19:00:00.000000000,0.509,0.027,0.0,0.003,1.2177102965655835,0.0
497513,2025-01-16T20:00:00.000000000,0.573,0.13,0.0,0.0,3.798201069432,0.0
497513,2025-01-16T21:00:00.000000000,0.304,0.0,0.0,0.0,0.6992675734309223,0.0
497513,2025-01-16T22:00:00.000000000,0.304,0.0,0.0,0.0,0.09642038208666112,0.0
497513,2025-01-16T23:00:00.000000000,0.349,0.0,0.0,0.0,1.3557467706167001,0.0
497513,2025-01-17T00:00:00.000000000,0.45799999999999996,0.0,0.0,0.0,1.620683018052389,0.0
497513,2025-01-17T01:00:00.000000000,0.425,0.0,0.0,0.0,1.17902491530285,0.0
497513,2025-01-17T02:00:00.000000000,0.416,0.0,0.0,0.0,1.4644761376505944,0.0
497513,2025-01-17T03:00:00.000000000,0.416,0.0,0.0,0.0,2.051204420135383,0.0
497513,2025-01-17T04:00:00.000000000,0.387,0.0,0.0,0.0,0.0,0.0
497513,2025-01-17T05:00:00.000000000,0.35900000000000004,0.0,0.0,0.0,0.3610635584521778,0.0
497513,2025-01-17T06:00:00.000000000,0.301,0.0,0.0,0.0,0.31212068973341667,0.0
497513,2025-01-17T07:00:00.000000000,0.292,0.0,0.0,0.0,0.3235504614701334,0.0
497513,2025-01-17T08:00:00.000000000,0.292,0.0,0.0,0.0,0.0,0.0
497513,2025-01-17T09:00:00.000000000,0.294,0.001,0.0,0.0,0.6992675734309223,0.0
497513,2025-01-17T10:00:00.000000000,0.333,0.038,0.0,0.0,0.32355046147013333,0.0
497513,2025-01-17T11:00:00.000000000,0.40499999999999997,0.02,0.0,0.0,1.4483572287911222,0.0
497513,2025-01-17T12:00:00.000000000,0.416,0.0,0.0,0.0,1.8129376400853665,0.0
497513,2025-01-17T13:00:00.000000000,0.416,0.0,0.0,0.0,2.516601279568872,0.0
497513,2025-01-17T14:00:00.000000000,0.425,0.0,0.0,0.006,1.189282402758878,0.0
497513,2025-01-17T15:00:00.000000000,0.437,0.0,0.0,0.014,1.0732262589706778,0.0
497513,2025-01-17T16:00:00.000000000,0.444,0.0,0.0,0.02,0.0,0.0
497513,2025-01-17T17:00:00.000000000,0.44,0.0,0.0,0.02,0.6728911771154222,0.0
497513,2025-01-17T18:00:00.000000000,0.445,0.0,0.0,0.019000000000000003,0.7291608225884889,0.0
497513,2025-01-17T19:00:00.000000000,0.6020000000000001,0.0,0.0,0.009000000000000001,1.531296341649861,0.0
497513,2025-01-17T20:00:00.000000000,0.6839999999999999,0.0,0.0,0.016,0.8326149103592834,0.0
497513,2025-01-17T21:00:00.000000000,1.145,0.0,0.0,0.015,2.6396911290412057,0.0
497513,2025-01-17T22:00:00.000000000,2.3419999999999996,0.0,0.0,0.052000000000000005,1.9893664243290445,0.0
497513,2025-01-17T23:00:00.000000000,0.514,0.0,0.0,0.002,2.154365436836006,0.0
497513,2025-01-18T00:00:00.000000000,0.45799999999999996,0.0,0.0,0.0,0.43960660525833334,0.0
497513,2025-01-18T01:00:00.000000000,0.425,0.0,0.0,0.0,0.0,0.0
497513,2025-01-18T02:00:00.000000000,0.363,0.0,0.0,0.0,0.6051917599056389,0.0
497513,2025-01-18T03:00:00.000000000,0.314,0.0,0.0,0.0,0.06271720901685555,0.0
497513,2025-01-18T04:00:00.000000000,0.296,0.0,0.0,0.0,0.3235504614701334,0.0
497513,2025-01-18T05:00:00.000000000,0.293,0.0,0.0,0.0,0.0,0.0
497513,2025-01-18T06:00:00.000000000,0.292,0.0,0.0,0.0,0.3235504614701334,0.0
497513,2025-01-18T07:00:00.000000000,0.292,0.0,0.0,0.0,0.0,0.0
497513,2025-01-18T08:00:00.000000000,0.292,0.0,0.0,0.0,0.3235504614701334,0.0
497513,2025-01-18T09:00:00.000000000,0.292,0.0,0.0,0.0,0.0,0.0
497513,2025-01-18T10:00:00.000000000,0.295,0.0,0.0,0.0,0.3235504614701334,0.0
497513,2025-01-18T11:00:00.000000000,0.38599999999999995,0.0,0.0,0.0,0.0,0.0
497513,2025-01-18T12:00:00.000000000,0.416,0.0,0.0,0.0,0.3235504614701334,0.0
497513,2025-01-18T13:00:00.000000000,0.416,0.0,0.0,0.0,0.0,0.0
497513,2025-01-18T14:00:00.000000000,0.419,0.0,0.0,0.0,0.3235504614701334,0.0
497513,2025-01-18T15:00:00.000000000,0.423,0.0,0.0,0.0,0.8109276511665389,0.0
497513,2025-01-18T16:00:00.000000000,0.424,0.0,0.0,0.0,3.0590758304576555,0.0
497513,2025-01-18T17:00:00.000000000,0.421,0.0,0.0,0.0,1.3985351468618445,0.0
497513,2025-01-18T18:00:00.000000000,0.429,0.0,0.0,0.0,1.5301240573691723,0.0
497513,2025-01-18T19:00:00.000000000,0.523,0.044,0.0,0.0,1.4515810105630167,0.0
497513,2025-01-18T20:00:00.000000000,0.498,0.008,0.0,0.0,1.9260630731718444,0.0
497513,2025-01-18T21:00:00.000000000,0.506,0.0,0.0,0.0,2.2033083055547666,0.0
497513,2025-01-18T22:00:00.000000000,0.503,0.0,0.0,0.0,0.3235504614701334,0.0
497513,2025-01-18T23:00:00.000000000,0.482,0.0,0.0,0.0,0.0,0.0
497513,2025-01-19T00:00:00.000000000,0.45799999999999996,0.0,0.0,0.0,2.5643718640069446,0.0
497513,2025-01-19T01:00:00.000000000,0.341,0.0,0.0,0.0,0.0,0.0
497513,2025-01-19T02:00:00.000000000,0.301,0.0,0.0,0.0,1.11044628488255,0.0
497513,2025-01-19T03:00:00.000000000,0.297,0.0,0.0,0.0,0.34963378671546114,0.0
497513,2025-01-19T04:00:00.000000000,0.296,0.0,0.0,0.0,0.8332010524996277,0.0
497513,2025-01-19T05:00:00.000000000,0.293,0.0,0.0,0.0,0.3235504614701334,0.0
497513,2025-01-19T06:00:00.000000000,0.292,0.0,0.0,0.0,0.0,0.0
497513,2025-01-19T07:00:00.000000000,0.292,0.0,0.0,0.0,0.3235504614701334,0.0
497513,2025-01-19T08:00:00.000000000,0.292,0.0,0.0,0.0,0.3235504614701334,0.0
497513,2025-01-19T09:00:00.000000000,0.355,0.0,0.0,0.0,0.0,0.0
497513,2025-01-19T10:00:00.000000000,0.316,0.0,0.0,0.0,0.3235504614701334,0.0
497513,2025-01-19T11:00:00.000000000,0.869,0.0,0.0,0.007,0.0,0.0
497513,2025-01-19T12:00:00.000000000,0.8749999999999999,0.0,0.0,0.012,0.3235504614701334,0.0
497513,2025-01-19T13:00:00.000000000,0.416,0.0,0.0,0.0,0.0,0.0
497513,2025-01-19T14:00:00.000000000,0.427,0.0,0.0,0.01,0.3232573903999611,0.0
497513,2025-01-19T15:00:00.000000000,0.47,0.0,0.0,0.016,0.0,0.0
497513,2025-01-19T16:00:00.000000000,0.472,0.0,0.0,0.016,0.6728911771154222,0.0
497513,2025-01-19T17:00:00.000000000,0.436,0.0,0.0,0.015,0.3235504614701334,0.0
497513,2025-01-19T18:00:00.000000000,0.898,0.0,0.0,0.023,0.7294538936586611,0.0
497513,2025-01-19T19:00:00.000000000,0.483,0.0,0.0,0.003,0.3235504614701334,0.0
497513,2025-01-19T20:00:00.000000000,0.49,0.0,0.0,0.0,2.83018732465315,0.0
497513,2025-01-19T21:00:00.000000000,0.508,0.0,0.0,0.002,1.0834837464267055,0.0
497513,2025-01-19T22:00:00.000000000,0.504,0.0,0.0,0.001,0.0,0.0
497513,2025-01-19T23:00:00.000000000,0.482,0.0,0.0,0.0,0.6728911771154222,0.0
497513,2025-01-20T00:00:00.000000000,0.45799999999999996,0.0,0.0,0.0,0.7294538936586612,0.0
497513,2025-01-20T01:00:00.000000000,0.425,0.0,0.0,0.0,0.34963378671546114,0.0
497513,2025-01-20T02:00:00.000000000,0.329,0.0,0.0,0.0,0.6731842481855945,0.0
497513,2025-01-20T03:00:00.000000000,0.297,0.0,0.0,0.0,0.0,0.0
497513,2025-01-20T04:00:00.000000000,0.296,0.0,0.0,0.0,0.3235504614701334,0.0
497513,2025-01-20T05:00:00.000000000,0.302,0.0,0.0,0.0,0.6986814312905778,0.0
497513,2025-01-20T06:00:00.000000000,0.292,0.0,0.0,0.0,0.0,0.0
497513,2025-01-20T07:00:00.000000000,0.292,0.0,0.0,0.0,0.3235504614701334,0.0
497513,2025-01-20T08:00:00.000000000,0.292,0.0,0.0,0.0,0.0,0.0
497513,2025-01-20T09:00:00.000000000,0.292,0.0,0.0,0.0,0.4577770116090112,0.0
497513,2025-01-20T10:00:00.000000000,0.408,0.0,0.0,0.0,1.865983503786539,0.0
497513,2025-01-20T11:00:00.000000000,0.561,0.025,0.0,0.0,3.8597459941681667,0.0
497513,2025-01-20T12:00:00.000000000,0.54,0.0,0.0,0.0,1.660247612525639,0.0
497513,2025-01-20T13:00:00.000000000,0.537,0.0,0.0,0.0,0.3235504614701334,0.0
497513,2025-01-20T14:00:00.000000000,0.542,0.0,0.0,0.0,1.9905387086097333,0.0
497513,2025-01-20T15:00:00.000000000,1.0390000000000001,0.0,0.0,0.013,0.6989745023607501,0.0
497513,2025-01-20T16:00:00.000000000,2.295,0.0,0.0,0.053,0.6731842481855945,0.0
497513,2025-01-20T17:00:00.000000000,2.3909999999999996,0.0,0.0,0.057999999999999996,1.0937412338827335,0.0
497513,2025-01-20T18:00:00.000000000,1.163,0.0,0.0,0.036,0.0,0.0
497513,2025-01-20T19:00:00.000000000,0.633,0.0,0.0,0.005,0.6731842481855945,0.0
497513,2025-01-20T20:00:00.000000000,0.67,0.0,0.0,0.004,1.6183384494910111,0.0
497513,2025-01-20T21:00:00.000000000,0.609,0.0,0.0,0.006,1.3976559336513281,0.0
497513,2025-01-20T22:00:00.000000000,0.503,0.0,0.0,0.0,0.33556637534719447,0.0
497513,2025-01-20T23:00:00.000000000,0.5700000000000001,0.0,0.0,0.002,0.0,0.0
497513,2025-01-21T00:00:00.000000000,0.307,0.0,0.0,0.0,0.3235504614701334,0.0
497513,2025-01-21T01:00:00.000000000,0.305,0.0,0.0,0.0,2.03362015592505,0.0
497513,2025-01-21T02:00:00.000000000,0.298,0.0,0.0,0.0,0.0,0.0
497513,2025-01-21T03:00:00.000000000,0.296,0.0,0.0,0.0,1.1107393559527223,0.0
497513,2025-01-21T04:00:00.000000000,0.296,0.0,0.0,0.0,0.0,0.0
497513,2025-01-21T05:00:00.000000000,0.293,0.0,0.0,0.0,0.3235504614701334,0.0
497513,2025-01-21T06:00:00.000000000,0.32599999999999996,0.033,0.0,0.0,0.0,0.0
497513,2025-01-21T07:00:00.000000000,0.397,0.10499999999999998,0.0,0.0,0.32384353254030557,0.0
497513,2025-01-21T08:00:00.000000000,0.389,0.097,0.0,0.0,0.0,0.0
497513,2025-01-21T09:00:00.000000000,0.45,0.157,0.0,0.0,0.6913546545362723,0.0
497513,2025-01-21T10:00:00.000000000,0.475,0.07400000000000001,0.0,0.0,1.4726821276154167,0.0
497513,2025-01-21T11:00:00.000000000,0.507,0.0,0.0,0.0,0.9023658250602723,0.0
497513,2025-01-21T12:00:00.000000000,0.448,0.0,0.0,0.0,1.6192176627015278,0.0
497513,2025-01-21T13:00:00.000000000,0.293,0.0,0.0,0.0,0.11107393559527222,0.0
497513,2025-01-21T14:00:00.000000000,0.292,0.0,0.0,0.0,0.5794015057304833,0.0
497513,2025-01-21T15:00:00.000000000,0.321,0.026,0.0,0.0,3.331631925717822,0.0
497513,2025-01-21T16:00:00.000000000,0.296,0.0,0.0,0.0,1.563827230438978,0.0
497513,2025-01-21T17:00:00.000000000,0.296,0.0,0.0,0.0,0.3235504614701334,0.0
497513,2025-01-21T18:00:00.000000000,0.293,0.0,0.0,0.0,0.7224201879745278,0.0
497513,2025-01-21T19:00:00.000000000,0.6849999999999999,0.091,0.0,0.0,1.1661297882152724,0.0
497513,2025-01-21T20:00:00.000000000,0.671,0.021,0.0,0.0,1.122462198759611,0.0
497513,2025-01-21T21:00:00.000000000,1.87,0.0,0.0,0.024,1.9084788089615112,0.0
497513,2025-01-21T22:00:00.000000000,0.503,0.0,0.0,0.0,1.1215829855490944,0.0
497513,2025-01-21T23:00:00.000000000,0.482,0.0,0.0,0.0,1.5403815448252,0.0
497513,2025-01-22T00:00:00.000000000,0.334,0.028,0.0,0.0,1.0796738225144666,0.0
497513,2025-01-22T01:00:00.000000000,0.46299999999999997,0.10200000000000001,0.0,0.0,1.623320657683939,0.0
497513,2025-01-22T02:00:00.000000000,0.445,0.11800000000000001,0.0,0.0,0.6731842481855945,0.0
497513,2025-01-22T03:00:00.000000000,0.462,0.16499999999999998,0.0,0.0,0.3499268577856333,0.0
497513,2025-01-22T04:00:00.000000000,0.505,0.20900000000000002,0.0,0.0,0.8340802657101445,0.0
497513,2025-01-22T05:00:00.000000000,0.51,0.217,0.0,0.0,0.32355046147013333,0.0
497513,2025-01-22T06:00:00.000000000,0.492,0.199,0.0,0.0,0.0,0.0
497513,2025-01-22T07:00:00.000000000,0.45899999999999996,0.167,0.0,0.0,0.32384353254030557,0.0
497513,2025-01-22T08:00:00.000000000,0.462,0.172,0.0,0.0,0.0,0.0
497513,2025-01-22T09:00:00.000000000,0.469,0.177,0.0,0.0,0.32384353254030557,0.0
497513,2025-01-22T10:00:00.000000000,0.8680000000000001,0.16899999999999998,0.0,0.0,0.0,0.0
497513,2025-01-22T11:00:00.000000000,5.442,0.5309999999999999,0.0,0.0,1.0248695323922612,0.0
497513,2025-01-22T12:00:00.000000000,0.416,0.0,0.0,0.0,1.0497805733569001,0.0
497513,2025-01-22T13:00:00.000000000,0.476,0.0,0.0,0.0,2.47674361402545,0.0
497513,2025-01-22T14:00:00.000000000,0.419,0.0,0.0,0.0,1.0468498626551779,0.0
497513,2025-01-22T15:00:00.000000000,0.493,0.0,0.0,0.006,1.8794647730144614,0.0
497513,2025-01-22T16:00:00.000000000,0.57,0.0,0.0,0.018000000000000002,1.4211016192651056,0.0
497513,2025-01-22T17:00:00.000000000,0.557,0.0,0.0,0.011,2.673394302111011,0.0
497513,2025-01-22T18:00:00.000000000,0.506,0.0,0.0,0.015000000000000001,1.06824405077775,0.0
497513,2025-01-22T19:00:00.000000000,0.487,0.006,0.0,0.002,0.6608752632383612,0.0
497513,2025-01-22T20:00:00.000000000,0.671,0.0,0.0,0.005,0.3285326696630611,0.0
497513,2025-01-22T21:00:00.000000000,0.7110000000000001,0.0,0.0,0.006,1.5872729160527554,0.0
497513,2025-01-22T22:00:00.000000000,0.503,0.0,0.0,0.0,0.5949342724496112,0.0
497513,2025-01-22T23:00:00.000000000,0.482,0.0,0.0,0.0,1.0234041770414,0.0
497513,2025-01-23T00:00:00.000000000,0.894,0.022,0.0,0.0,5.616413988780467,0.0
497513,2025-01-23T01:00:00.000000000,6.783,0.381,0.0,0.0,1.9653345965749223,0.0
497513,2025-01-23T02:00:00.000000000,3.7640000000000002,0.181,0.0,0.0,1.4375135991947499,0.0
497513,2025-01-23T03:00:00.000000000,0.356,0.0,0.0,0.0,1.0679509797075777,0.0
497513,2025-01-23T04:00:00.000000000,0.34,0.0,0.0,0.0,1.0506597865674165,0.0
497513,2025-01-23T05:00:00.000000000,0.33,0.0,0.0,0.0,1.032782451286911,0.0
497513,2025-01-23T06:00:00.000000000,0.33499999999999996,0.01,0.0,0.0,0.7962740976579278,0.0
497513,2025-01-23T07:00:00.000000000,0.43,0.13,0.0,0.0,1.876534062312739,0.0
497513,2025-01-23T08:00:00.000000000,0.422,0.131,0.0,0.0,0.28427893806705556,0.0
497513,2025-01-23T09:00:00.000000000,0.545,0.19,0.0,0.0,1.0743985432513667,0.0
497513,2025-01-23T10:00:00.000000000,0.725,0.267,0.0,0.0,2.9471226816518667,0.0
497513,2025-01-23T11:00:00.000000000,0.525,0.20099999999999998,0.0,0.0,0.0,0.0
497513,2025-01-23T12:00:00.000000000,0.524,0.106,0.0,0.0,0.3235504614701334,0.0
497513,2025-01-23T13:00:00.000000000,0.566,0.149,0.0,0.0,0.0,0.0
497513,2025-01-23T14:00:00.000000000,0.5660000000000001,0.15,0.0,0.0,0.647393994010439,0.0
497513,2025-01-23T15:00:00.000000000,0.478,0.151,0.0,0.0,0.0,0.0
497513,2025-01-23T16:00:00.000000000,0.42400000000000004,0.129,0.0,0.0,0.647393994010439,0.0
497513,2025-01-23T17:00:00.000000000,0.433,0.14,0.0,0.0,1.7056736284023333,0.0
497513,2025-01-23T18:00:00.000000000,0.415,0.018,0.0,0.0,0.0,0.0
497513,2025-01-23T19:00:00.000000000,0.881,0.403,0.0,0.0,0.3235504614701334,0.0
497513,2025-01-23T20:00:00.000000000,0.597,0.15300000000000002,0.0,0.0,0.0,0.0
497513,2025-01-23T21:00:00.000000000,0.611,0.106,0.0,0.0,0.3235504614701334,0.0
497513,2025-01-23T22:00:00.000000000,0.645,0.14100000000000001,0.0,0.0,0.8258742757453222,0.0
497513,2025-01-23T23:00:00.000000000,0.672,0.189,0.0,0.0,0.8795062815868389,0.0
497513,2025-01-24T00:00:00.000000000,0.72,0.262,0.0,0.0,0.7300400357990056,0.0
497513,2025-01-24T01:00:00.000000000,0.7610000000000001,0.33499999999999996,0.0,0.0,0.32384353254030557,0.0
497513,2025-01-24T02:00:00.000000000,0.774,0.446,0.0,0.0,0.0,0.0
497513,2025-01-24T03:00:00.000000000,0.774,0.477,0.0,0.0,0.3235504614701334,0.0
497513,2025-01-24T04:00:00.000000000,0.838,0.542,0.0,0.0,0.34963378671546114,0.0
497513,2025-01-24T05:00:00.000000000,0.869,0.5730000000000001,0.0,0.0,0.32355046147013333,0.0
497513,2025-01-24T06:00:00.000000000,0.974,0.681,0.0,0.0,0.0,0.0
497513,2025-01-24T07:00:00.000000000,1.053,0.7610000000000001,0.0,0.0,0.32384353254030557,0.0
497513,2025-01-24T08:00:00.000000000,1.046,0.7529999999999999,0.0,0.0,0.0,0.0
497513,2025-01-24T09:00:00.000000000,1.105,0.7509999999999999,0.0,0.0,0.32384353254030557,0.0
497513,2025-01-24T10:00:00.000000000,1.124,0.723,0.0,0.0,0.0,0.0
497513,2025-01-24T11:00:00.000000000,0.994,0.487,0.0,0.0,1.2666531652843445,0.0
497513,2025-01-24T12:00:00.000000000,0.8460000000000001,0.307,0.0,0.0,3.0010477585635553,0.0
497513,2025-01-24T13:00:00.000000000,0.579,0.041999999999999996,0.0,0.0,0.7956879555175833,0.0
497513,2025-01-24T14:00:00.000000000,0.5700000000000001,0.028,0.0,0.0,1.6045641091929166,0.0
497513,2025-01-24T15:00:00.000000000,0.9990000000000001,0.002,0.0,0.0,1.0582796343918943,0.0
497513,2025-01-24T16:00:00.000000000,0.552,0.0,0.0,0.0,2.5300825487967944,0.0
497513,2025-01-24T17:00:00.000000000,0.45299999999999996,0.0,0.0,0.0,0.6564791971857777,0.0
497513,2025-01-24T18:00:00.000000000,0.46299999999999997,0.0,0.0,0.0,1.65380004898185,0.0
497513,2025-01-24T19:00:00.000000000,1.995,0.0,0.0,0.0,1.8167475639976054,0.0
497513,2025-01-24T20:00:00.000000000,2.338,0.0,0.0,0.023,0.34963378671546114,0.0
497513,2025-01-24T21:00:00.000000000,2.3179999999999996,0.0,0.0,0.027000000000000003,1.5632410882986334,0.0
497513,2025-01-24T22:00:00.000000000,2.319,0.0,0.0,0.031,1.0489013601463835,0.0
497513,2025-01-24T23:00:00.000000000,0.6950000000000001,0.0,0.0,0.004,0.34963378671546114,0.0
497513,2025-01-25T00:00:00.000000000,0.422,0.0,0.0,0.0,1.1110324270228944,0.0
497513,2025-01-25T01:00:00.000000000,0.476,0.05,0.0,0.0,0.7303331068691779,0.0
497513,2025-01-25T02:00:00.000000000,1.7650000000000001,0.007,0.0,0.007,1.1297889755139168,0.0
497513,2025-01-25T03:00:00.000000000,0.899,0.003,0.0,0.004,1.5005238792817779,0.0
497513,2025-01-25T04:00:00.000000000,0.372,0.06199999999999999,0.0,0.0,0.34435850745236113,0.0
497513,2025-01-25T05:00:00.000000000,0.438,0.14400000000000002,0.0,0.0,0.32384353254030557,0.0
497513,2025-01-25T06:00:00.000000000,0.504,0.21,0.0,0.0,0.0,0.0
497513,2025-01-25T07:00:00.000000000,0.5720000000000001,0.279,0.0,0.0,0.3235504614701334,0.0
497513,2025-01-25T08:00:00.000000000,0.601,0.309,0.0,0.0,0.3235504614701334,0.0
497513,2025-01-25T09:00:00.000000000,0.599,0.306,0.0,0.0,0.0,0.0
497513,2025-01-25T10:00:00.000000000,1.0950000000000002,0.239,0.0,0.0,0.3235504614701334,0.0
497513,2025-01-25T11:00:00.000000000,7.489,0.8300000000000001,0.0,0.0,0.7224201879745278,0.0
497513,2025-01-25T12:00:00.000000000,0.46799999999999997,0.051,0.0,0.0,1.0069921971117557,0.0
497513,2025-01-25T13:00:00.000000000,0.457,0.042,0.0,0.0,0.3446515785225333,0.0
497513,2025-01-25T14:00:00.000000000,0.429,0.011,0.0,0.0,0.5568350333272223,0.0
497513,2025-01-25T15:00:00.000000000,0.519,0.0,0.0,0.0,0.9070549621830278,0.0
497513,2025-01-25T16:00:00.000000000,2.618,0.053,0.0,0.0,0.6980952891502334,0.0
497513,2025-01-25T17:00:00.000000000,3.512,0.102,0.0,0.002,1.0732262589706778,0.0
497513,2025-01-25T18:00:00.000000000,0.5630000000000001,0.0,0.0,0.002,3.180407253508956,0.0
497513,2025-01-25T19:00:00.000000000,0.716,0.088,0.0,0.0,1.2156587990743777,0.0
497513,2025-01-25T20:00:00.000000000,0.7040000000000001,0.038,0.0,0.0,1.0708816904093,0.0
497513,2025-01-25T21:00:00.000000000,0.7050000000000001,0.0,0.0,0.0,1.5254349202464166,0.0
497513,2025-01-25T22:00:00.000000000,0.503,0.0,0.0,0.0,1.9251838599613278,0.0
497513,2025-01-25T23:00:00.000000000,0.579,0.095,0.0,0.0,3.5063022835404665,0.0
497513,2025-01-26T00:00:00.000000000,0.518,0.060000000000000005,0.0,0.0,1.4899733207555776,0.0
497513,2025-01-26T01:00:00.000000000,0.496,0.069,0.0,0.0,0.7118696294483278,0.0
497513,2025-01-26T02:00:00.000000000,0.43199999999999994,0.10500000000000001,0.0,0.0,0.6731842481855945,0.0
497513,2025-01-26T03:00:00.000000000,0.413,0.117,0.0,0.0,0.34963378671546114,0.0
497513,2025-01-26T04:00:00.000000000,0.491,0.196,0.0,0.0,0.3235504614701334,0.0
497513,2025-01-26T05:00:00.000000000,0.601,0.308,0.0,0.0,0.3235504614701334,0.0
497513,2025-01-26T06:00:00.000000000,0.633,0.33899999999999997,0.0,0.0,0.0,0.0
497513,2025-01-26T07:00:00.000000000,0.663,0.371,0.0,0.0,0.3235504614701334,0.0
497513,2025-01-26T08:00:00.000000000,0.742,0.45,0.0,0.0,0.3235504614701334,0.0
497513,2025-01-26T09:00:00.000000000,0.872,0.538,0.0,0.0,0.37190718804855,0.0
497513,2025-01-26T10:00:00.000000000,0.887,0.5950000000000001,0.0,0.0,0.3235504614701334,0.0
497513,2025-01-26T11:00:00.000000000,0.976,0.6799999999999999,0.0,0.0,0.0,0.0
497513,2025-01-26T12:00:00.000000000,0.9089999999999999,0.614,0.0,0.0,0.3235504614701334,0.0
497513,2025-01-26T13:00:00.000000000,0.815,0.521,0.0,0.0,0.3499268577856333,0.0
497513,2025-01-26T14:00:00.000000000,0.685,0.39099999999999996,0.0,0.0,0.32384353254030557,0.0
497513,2025-01-26T15:00:00.000000000,0.521,0.22799999999999998,0.0,0.0,0.0,0.0
497513,2025-01-26T16:00:00.000000000,0.43299999999999994,0.141,0.0,0.0,0.32384353254030557,0.0
497513,2025-01-26T17:00:00.000000000,0.383,0.089,0.0,0.0,0.0,0.0
497513,2025-01-26T18:00:00.000000000,0.514,0.049,0.0,0.0,0.3235504614701334,0.0
497513,2025-01-26T19:00:00.000000000,2.005,0.01,0.0,0.0,0.3235504614701334,0.0
497513,2025-01-26T20:00:00.000000000,0.8150000000000001,0.149,0.0,0.0,0.0,0.0
497513,2025-01-26T21:00:00.000000000,0.6050000000000001,0.099,0.0,0.0,0.3235504614701334,0.0
497513,2025-01-26T22:00:00.000000000,0.756,0.253,0.0,0.0,0.6998537155712666,0.0
497513,2025-01-26T23:00:00.000000000,0.8220000000000001,0.34,0.0,0.0,2.1452802336606664,0.0
497513,2025-01-27T00:00:00.000000000,0.7130000000000001,0.254,0.0,0.0,0.6998537155712666,0.0
497513,2025-01-27T01:00:00.000000000,0.881,0.455,0.0,0.0,2.464434629078217,0.0
497513,2025-01-27T02:00:00.000000000,0.974,0.592,0.0,0.0,2.4497810755696054,0.0
497513,2025-01-27T03:00:00.000000000,0.885,0.529,0.0,0.0,0.3499268577856333,0.0
497513,2025-01-27T04:00:00.000000000,0.836,0.529,0.0,0.0,0.32355046147013333,0.0
497513,2025-01-27T05:00:00.000000000,0.866,0.5730000000000001,0.0,0.0,0.3499268577856333,0.0
497513,2025-01-27T06:00:00.000000000,0.942,0.648,0.0,0.0,0.3499268577856333,0.0
497513,2025-01-27T07:00:00.000000000,0.991,0.6990000000000001,0.0,0.0,0.3235504614701334,0.0
497513,2025-01-27T08:00:00.000000000,0.974,0.682,0.0,0.0,0.0,0.0
497513,2025-01-27T09:00:00.000000000,0.979,0.685,0.0,0.0,0.3235504614701334,0.0
497513,2025-01-27T10:00:00.000000000,0.9149999999999999,0.591,0.0,0.0,0.3235504614701334,0.0
497513,2025-01-27T11:00:00.000000000,0.7100000000000001,0.296,0.0,0.0,0.3727864012590667,0.0
497513,2025-01-27T12:00:00.000000000,0.55,0.132,0.0,0.0,0.7426420918164112,0.0
497513,2025-01-27T13:00:00.000000000,0.491,0.135,0.0,0.0,1.1382880365489112,0.0
497513,2025-01-27T14:00:00.000000000,0.43799999999999994,0.02,0.0,0.0,1.0691232639882666,0.0
497513,2025-01-27T15:00:00.000000000,0.333,0.007,0.0,0.0,0.6995606445010945,0.0
497513,2025-01-27T16:00:00.000000000,0.39399999999999996,0.003,0.0,0.0,1.5277794888077945,0.0
497513,2025-01-27T17:00:00.000000000,0.421,0.0,0.0,0.0,1.43751359919475,0.0
497513,2025-01-27T18:00:00.000000000,0.429,0.0,0.0,0.0,2.3469131299391552,0.0
497513,2025-01-27T19:00:00.000000000,0.572,0.092,0.0,0.0,0.0,0.0
497513,2025-01-27T20:00:00.000000000,0.538,0.048,0.0,0.0,0.34963378671546114,0.0
497513,2025-01-27T21:00:00.000000000,0.506,0.0,0.0,0.0,0.6731842481855945,0.0
497513,2025-01-27T22:00:00.000000000,0.5850000000000001,0.083,0.0,0.0,1.5113675088781502,0.0
497513,2025-01-27T23:00:00.000000000,0.6960000000000001,0.08499999999999999,0.0,0.0,2.913126437511889,0.0
497513,2025-01-28T00:00:00.000000000,0.5740000000000001,0.073,0.0,0.0,0.6998537155712666,0.0
497513,2025-01-28T01:00:00.000000000,1.8250000000000002,0.026,0.0,0.003,0.3469961470839111,0.0
497513,2025-01-28T02:00:00.000000000,2.174,0.0,0.0,0.007,0.34963378671546114,0.0
497513,2025-01-28T03:00:00.000000000,2.152,0.0,0.0,0.012,0.3235504614701334,0.0
497513,2025-01-28T04:00:00.000000000,2.138,0.0,0.0,0.01,0.0,0.0
497513,2025-01-28T05:00:00.000000000,0.705,0.165,0.0,0.0,0.8170821436401556,0.0
497513,2025-01-28T06:00:00.000000000,0.688,0.385,0.0,0.0,1.0239903191817443,0.0
497513,2025-01-28T07:00:00.000000000,0.75,0.458,0.0,0.0,0.0,0.0
497513,2025-01-28T08:00:00.000000000,0.824,0.532,0.0,0.0,0.32384353254030557,0.0
497513,2025-01-28T09:00:00.000000000,0.956,0.642,0.0,0.0,0.6998537155712666,0.0
497513,2025-01-28T10:00:00.000000000,0.976,0.604,0.0,0.0,0.3235504614701334,0.0
497513,2025-01-28T11:00:00.000000000,0.7730000000000001,0.447,0.0,0.0,0.0,0.0
497513,2025-01-28T12:00:00.000000000,0.5690000000000001,0.18200000000000002,0.0,0.0,0.3235504614701334,0.0
497513,2025-01-28T13:00:00.000000000,0.389,0.095,0.0,0.0,0.3499268577856333,0.0
497513,2025-01-28T14:00:00.000000000,0.294,0.001,0.0,0.0,0.6998537155712666,0.0
497513,2025-01-28T15:00:00.000000000,0.295,0.0,0.0,0.0,0.34963378671546114,0.0
497513,2025-01-28T16:00:00.000000000,0.296,0.0,0.0,0.0,1.0752777564618834,0.0
497513,2025-01-28T17:00:00.000000000,0.296,0.0,0.0,0.0,0.0,0.0
497513,2025-01-28T18:00:00.000000000,0.293,0.0,0.0,0.0,0.3235504614701334,0.0
497513,2025-01-28T19:00:00.000000000,0.614,0.286,0.0,0.0,0.0,0.0
497513,2025-01-28T20:00:00.000000000,0.509,0.196,0.0,0.0,0.32384353254030557,0.0
497513,2025-01-28T21:00:00.000000000,1.4369999999999998,0.003,0.0,0.007,0.0,0.0
497513,2025-01-28T22:00:00.000000000,1.436,0.0,0.0,0.009000000000000001,0.3235504614701334,0.0
497513,2025-01-28T23:00:00.000000000,0.525,0.0,0.0,0.0,0.0,0.0
497513,2025-01-29T00:00:00.000000000,0.609,0.0,0.0,0.0,1.0354200909184612,0.0
497513,2025-01-29T01:00:00.000000000,0.615,0.067,0.0,0.0,1.6567307596835723,0.0
497513,2025-01-29T02:00:00.000000000,0.562,0.153,0.0,0.0,0.3235504614701334,0.0
497513,2025-01-29T03:00:00.000000000,0.648,0.30600000000000005,0.0,0.0,1.0544697104796554,0.0
497513,2025-01-29T04:00:00.000000000,0.7210000000000001,0.425,0.0,0.0,1.1412187472506334,0.0
497513,2025-01-29T05:00:00.000000000,0.86,0.5660000000000001,0.0,0.0,1.707725125893539,0.0
497513,2025-01-29T06:00:00.000000000,0.881,0.588,0.0,0.0,0.3499268577856333,0.0
497513,2025-01-29T07:00:00.000000000,0.9289999999999999,0.637,0.0,0.0,0.8343733367803167,0.0
497513,2025-01-29T08:00:00.000000000,0.952,0.637,0.0,0.0,0.3235504614701334,0.0
497513,2025-01-29T09:00:00.000000000,0.9430000000000001,0.65,0.0,0.0,0.0,0.0
497513,2025-01-29T10:00:00.000000000,0.942,0.648,0.0,0.0,0.32355046147013333,0.0
497513,2025-01-29T11:00:00.000000000,0.794,0.499,0.0,0.0,0.0,0.0
497513,2025-01-29T12:00:00.000000000,0.613,0.226,0.0,0.0,0.32384353254030557,0.0
497513,2025-01-29T13:00:00.000000000,0.43699999999999994,0.021,0.0,0.0,0.3235504614701334,0.0
497513,2025-01-29T14:00:00.000000000,0.323,0.0,0.0,0.0,0.0,0.0
497513,2025-01-29T15:00:00.000000000,0.295,0.0,0.0,0.0,0.3235504614701334,0.0
497513,2025-01-29T16:00:00.000000000,0.737,0.0,0.0,0.0,0.6992675734309223,0.0
497513,2025-01-29T17:00:00.000000000,6.33,0.0,0.0,0.0,1.0720539746899889,0.0
497513,2025-01-29T18:00:00.000000000,5.135000000000001,0.0,0.0,0.0,1.4592008583874945,0.0
497513,2025-01-29T19:00:00.000000000,0.484,0.0,0.0,0.004,1.0415745833920778,0.0
497513,2025-01-29T20:00:00.000000000,0.49,0.0,0.0,0.0,2.441282014534611,0.0
497513,2025-01-29T21:00:00.000000000,0.5569999999999999,0.0,0.0,0.0,2.9465365395115226,0.0
497513,2025-01-29T22:00:00.000000000,0.7009999999999998,0.0,0.0,0.0,2.0843214510648447,0.0
497513,2025-01-29T23:00:00.000000000,0.574,0.0,0.0,0.0,1.4920248182467832,0.0
497513,2025-01-30T00:00:00.000000000,0.483,0.025,0.0,0.0,2.8439616649512445,0.0
497513,2025-01-30T01:00:00.000000000,0.455,0.03,0.0,0.0,0.9603938969543723,0.0
497513,2025-01-30T02:00:00.000000000,0.5630000000000001,0.18300000000000002,0.0,0.0,1.2736868709684779,0.0
497513,2025-01-30T03:00:00.000000000,0.545,0.217,0.0,0.0,0.32384353254030557,0.0
497513,2025-01-30T04:00:00.000000000,0.62,0.32399999999999995,0.0,0.0,0.0,0.0
497513,2025-01-30T05:00:00.000000000,0.685,0.39,0.0,0.0,0.32384353254030557,0.0
497513,2025-01-30T06:00:00.000000000,0.716,0.423,0.0,0.0,0.0,0.0
497513,2025-01-30T07:00:00.000000000,0.91,0.6080000000000001,0.0,0.0,2.5854729810593446,0.0
497513,2025-01-30T08:00:00.000000000,0.9,0.609,0.0,0.0,0.32384353254030557,0.0
497513,2025-01-30T09:00:00.000000000,0.899,0.608,0.0,0.0,0.32384353254030557,0.0
497513,2025-01-30T10:00:00.000000000,0.877,0.584,0.0,0.0,0.0,0.0
497513,2025-01-30T11:00:00.000000000,0.854,0.527,0.0,0.0,0.32384353254030557,0.0
497513,2025-01-30T12:00:00.000000000,0.7770000000000001,0.36000000000000004,0.0,0.0,0.0,0.0
497513,2025-01-30T13:00:00.000000000,0.635,0.22,0.0,0.0,0.3235504614701334,0.0
497513,2025-01-30T14:00:00.000000000,0.406,0.08299999999999999,0.0,0.0,0.0,0.0
497513,2025-01-30T15:00:00.000000000,0.3,0.005,0.0,0.0,0.3235504614701334,0.0
497513,2025-01-30T16:00:00.000000000,0.36,0.0,0.0,0.0,0.34963378671546114,0.0
497513,2025-01-30T17:00:00.000000000,0.421,0.0,0.0,0.0,0.35490906597856114,0.0
497513,2025-01-30T18:00:00.000000000,0.429,0.0,0.0,0.0,0.6418256436771668,0.0
497513,2025-01-30T19:00:00.000000000,0.515,0.035,0.0,0.0,0.0,0.0
497513,2025-01-30T20:00:00.000000000,1.4369999999999998,0.01,0.0,0.014,0.6731842481855945,0.0
497513,2025-01-30T21:00:00.000000000,0.506,0.0,0.0,0.0,0.6992675734309223,0.0
497513,2025-01-30T22:00:00.000000000,0.405,0.0,0.0,0.0,0.7611055692372611,0.0
497513,2025-01-30T23:00:00.000000000,0.32699999999999996,0.02,0.0,0.0,1.7220856083319778,0.0
497513,2025-01-31T00:00:00.000000000,0.346,0.038,0.0,0.0,0.5122882306610445,0.0
497513,2025-01-31T01:00:00.000000000,0.44799999999999995,0.05,0.0,0.0,1.0497805733569,0.0
497513,2025-01-31T02:00:00.000000000,0.44399999999999995,0.144,0.0,0.0,1.5978234745789557,0.0
497513,2025-01-31T03:00:00.000000000,0.46799999999999997,0.17200000000000001,0.0,0.0,0.0,0.0
497513,2025-01-31T04:00:00.000000000,0.61,0.31600000000000006,0.0,0.0,0.32355046147013333,0.0
497513,2025-01-31T05:00:00.000000000,0.651,0.35700000000000004,0.0,0.0,0.0,0.0
497513,2025-01-31T06:00:00.000000000,0.558,0.265,0.0,0.0,0.32384353254030557,0.0
497513,2025-01-31T07:00:00.000000000,0.515,0.222,0.0,0.0,0.0,0.0
497513,2025-01-31T08:00:00.000000000,0.544,0.253,0.0,0.0,0.32384353254030557,0.0
497513,2025-01-31T09:00:00.000000000,0.62,0.28600000000000003,0.0,0.0,0.7197825483429778,0.0
497513,2025-01-31T10:00:00.000000000,0.6689999999999999,0.161,0.0,0.0,1.111911640233411,0.0
497513,2025-01-31T11:00:00.000000000,0.685,0.242,0.0,0.0,1.2030567430569723,0.0
497513,2025-01-31T12:00:00.000000000,0.598,0.242,0.0,0.0,0.7716561277634612,0.0
497513,2025-01-31T13:00:00.000000000,0.531,0.23700000000000002,0.0,0.0,0.6737703903259389,0.0
497513,2025-01-31T14:00:00.000000000,0.55,0.258,0.0,0.0,0.6746496035364555,0.0
497513,2025-01-31T15:00:00.000000000,0.5650000000000001,0.272,0.0,0.0,1.4615454269488724,0.0
497513,2025-01-31T16:00:00.000000000,0.525,0.23199999999999998,0.0,0.0,0.3804062490835445,0.0
497513,2025-01-31T17:00:00.000000000,0.488,0.193,0.0,0.0,0.32384353254030557,0.0
497513,2025-01-31T18:00:00.000000000,0.513,0.086,0.0,0.0,0.32384353254030557,0.0
497513,2025-01-31T19:00:00.000000000,1.267,0.31300000000000006,0.0,0.0,0.0,0.0
497513,2025-01-31T20:00:00.000000000,1.3829999999999996,0.0,0.0,0.0,0.3235504614701334,0.0
497513,2025-01-31T21:00:00.000000000,0.6629999999999999,0.055,0.0,0.0,0.7218340458341834,0.0
497513,2025-01-31T22:00:00.000000000,1.4469999999999998,0.015,0.0,0.005,1.841365533892072,0.0
497513,2025-01-31T23:00:00.000000000,0.505,0.022,0.0,0.0,0.34816843136459996,0.0
497513,2025-02-01T00:00:00.000000000,0.587,0.128,0.0,0.0,0.6998537155712666,0.0
497513,2025-02-01T01:00:00.000000000,0.616,0.189,0.0,0.0,0.0,0.0
497513,2025-02-01T02:00:00.000000000,0.6779999999999999,0.36,0.0,0.0,1.7080181969637112,0.0
497513,2025-02-01T03:00:00.000000000,0.677,0.382,0.0,0.0,0.6945784363081666,0.0
497513,2025-02-01T04:00:00.000000000,0.72,0.425,0.0,0.0,0.32384353254030557,0.0
497513,2025-02-01T05:00:00.000000000,0.7889999999999999,0.495,0.0,0.0,0.0,0.0
497513,2025-02-01T06:00:00.000000000,0.905,0.6130000000000001,0.0,0.0,0.32384353254030557,0.0
497513,2025-02-01T07:00:00.000000000,1.034,0.742,0.0,0.0,0.32384353254030557,0.0
497513,2025-02-01T08:00:00.000000000,1.01,0.718,0.0,0.0,0.0,0.0
497513,2025-02-01T09:00:00.000000000,1.028,0.7350000000000001,0.0,0.0,0.3235504614701334,0.0
497513,2025-02-01T10:00:00.000000000,1.327,0.5,0.0,0.0,0.0,0.0
497513,2025-02-01T11:00:00.000000000,0.767,0.34900000000000003,0.0,0.0,0.3235504614701334,0.0
497513,2025-02-01T12:00:00.000000000,0.518,0.09999999999999999,0.0,0.0,0.0,0.0
497513,2025-02-01T13:00:00.000000000,0.45399999999999996,0.038,0.0,0.0,1.54301918445675,0.0
497513,2025-02-01T14:00:00.000000000,1.326,0.007,0.0,0.008,1.2259162865304056,0.0
497513,2025-02-01T15:00:00.000000000,0.423,0.0,0.0,0.0,0.3235504614701334,0.0
497513,2025-02-01T16:00:00.000000000,1.0110000000000001,0.0,0.0,0.013000000000000001,0.0,0.0
497513,2025-02-01T17:00:00.000000000,0.9159999999999999,0.0,0.0,0.015000000000000003,0.3235504614701334,0.0
497513,2025-02-01T18:00:00.000000000,0.426,0.0,0.0,0.0,0.6860793752731722,0.0
497513,2025-02-01T19:00:00.000000000,0.923,0.0,0.0,0.0,0.0,0.0
497513,2025-02-01T20:00:00.000000000,0.528,0.042,0.0,0.0,0.32384353254030557,0.0
497513,2025-02-01T21:00:00.000000000,0.499,0.0,0.0,0.0,1.1840071234957779,0.0
497513,2025-02-01T22:00:00.000000000,0.501,0.0,0.0,0.0,0.6998537155712666,0.0
497513,2025-02-01T23:00:00.000000000,0.614,0.126,0.0,0.0,1.4419096652473333,0.0
497513,2025-02-02T00:00:00.000000000,0.613,0.14500000000000002,0.0,0.0,0.3499268577856333,0.0
497513,2025-02-02T01:00:00.000000000,0.559,0.216,0.0,0.0,0.6998537155712666,0.0
497513,2025-02-02T02:00:00.000000000,0.5890000000000001,0.29000000000000004,0.0,0.0,0.7121627005185001,0.0
497513,2025-02-02T03:00:00.000000000,0.696,0.399,0.0,0.0,0.3499268577856333,0.0
497513,2025-02-02T04:00:00.000000000,0.76,0.46499999999999997,0.0,0.0,0.3499268577856333,0.0
497513,2025-02-02T05:00:00.000000000,0.8079999999999999,0.513,0.0,0.0,0.3235504614701334,0.0
497513,2025-02-02T06:00:00.000000000,0.898,0.6060000000000001,0.0,0.0,0.3235504614701334,0.0
497513,2025-02-02T07:00:00.000000000,0.96,0.667,0.0,0.0,0.0,0.0
497513,2025-02-02T08:00:00.000000000,0.9369999999999999,0.647,0.0,0.0,0.3235504614701334,0.0
497513,2025-02-02T09:00:00.000000000,0.954,0.663,0.0,0.0,0.0,0.0
497513,2025-02-02T10:00:00.000000000,0.968,0.5880000000000001,0.0,0.0,0.32384353254030557,0.0
497513,2025-02-02T11:00:00.000000000,0.7410000000000001,0.324,0.0,0.0,0.0,0.0
497513,2025-02-02T12:00:00.000000000,0.483,0.065,0.0,0.0,0.32384353254030557,0.0
497513,2025-02-02T13:00:00.000000000,0.448,0.0,0.0,0.0,0.9750474504629834,0.0
497513,2025-02-02T14:00:00.000000000,0.5730000000000001,0.0,0.0,0.0,1.3325941560730943,0.0
497513,2025-02-02T15:00:00.000000000,2.312,0.0,0.0,0.039,0.3461169338733945,0.0
497513,2025-02-02T16:00:00.000000000,0.8889999999999999,0.0,0.0,0.018000000000000002,0.6731842481855945,0.0
497513,2025-02-02T17:00:00.000000000,0.426,0.0,0.0,0.005,1.0790876803741223,0.0
497513,2025-02-02T18:00:00.000000000,0.428,0.0,0.0,0.002,1.2736868709684779,0.0
497513,2025-02-02T19:00:00.000000000,0.488,0.01,0.0,0.001,0.6734773192557667,0.0
497513,2025-02-02T20:00:00.000000000,0.486,0.0,0.0,0.0,0.6995606445010945,0.0
497513,2025-02-02T21:00:00.000000000,0.499,0.0,0.0,0.0,0.3481684313646,0.0
497513,2025-02-02T22:00:00.000000000,0.501,0.0,0.0,0.0,0.34963378671546114,0.0
497513,2025-02-02T23:00:00.000000000,0.488,0.0,0.0,0.0,0.3235504614701334,0.0
497513,2025-02-03T00:00:00.000000000,0.46599999999999997,0.0,0.0,0.0,0.0,0.0
497513,2025-02-03T01:00:00.000000000,0.54,0.103,0.0,0.0,1.884446981207389,0.0
497513,2025-02-03T02:00:00.000000000,0.539,0.156,0.0,0.0,0.6998537155712666,0.0
497513,2025-02-03T03:00:00.000000000,0.5770000000000001,0.219,0.0,0.0,0.0,0.0
497513,2025-02-03T04:00:00.000000000,0.651,0.308,0.0,0.0,1.2074528091095555,0.0
497513,2025-02-03T05:00:00.000000000,0.6960000000000001,0.383,0.0,0.0,1.0406953701815613,0.0
497513,2025-02-03T06:00:00.000000000,0.6910000000000001,0.39699999999999996,0.0,0.0,0.3235504614701334,0.0
497513,2025-02-03T07:00:00.000000000,0.744,0.452,0.0,0.0,0.0,0.0
497513,2025-02-03T08:00:00.000000000,0.857,0.553,0.0,0.0,1.5213319252640054,0.0
497513,2025-02-03T09:00:00.000000000,0.946,0.5780000000000001,0.0,0.0,0.8141514329384334,0.0
497513,2025-02-03T10:00:00.000000000,0.819,0.417,0.0,0.0,0.0,0.0
497513,2025-02-03T11:00:00.000000000,0.585,0.16899999999999998,0.0,0.0,0.32384353254030557,0.0
497513,2025-02-03T12:00:00.000000000,0.43899999999999995,0.02,0.0,0.0,1.8618805088041277,0.0
497513,2025-02-03T13:00:00.000000000,0.417,0.0,0.0,0.0,0.8604566620256444,0.0
497513,2025-02-03T14:00:00.000000000,0.419,0.0,0.0,0.0,0.6992675734309223,0.0
497513,2025-02-03T15:00:00.000000000,0.397,0.0,0.0,0.006,0.34963378671546114,0.0
497513,2025-02-03T16:00:00.000000000,0.297,0.0,0.0,0.001,0.3235504614701334,0.0
497513,2025-02-03T17:00:00.000000000,0.361,0.0,0.0,0.003,1.5310032705796888,0.0
497513,2025-02-03T18:00:00.000000000,0.432,0.0,0.0,0.006,0.8238227782541166,0.0
497513,2025-02-03T19:00:00.000000000,0.5,0.022,0.0,0.002,0.3499268577856333,0.0
497513,2025-02-03T20:00:00.000000000,0.486,0.0,0.0,0.0,0.3235504614701334,0.0
497513,2025-02-03T21:00:00.000000000,0.499,0.0,0.0,0.0,0.0,0.0
497513,2025-02-03T22:00:00.000000000,0.501,0.0,0.0,0.0,0.6731842481855945,0.0
497513,2025-02-03T23:00:00.000000000,0.488,0.0,0.0,0.0,0.0,0.0
497513,2025-02-04T00:00:00.000000000,0.46599999999999997,0.0,0.0,0.0,0.6998537155712666,0.0
497513,2025-02-04T01:00:00.000000000,0.498,0.0,0.0,0.0,0.3235504614701334,0.0
497513,2025-02-04T02:00:00.000000000,0.405,0.044,0.0,0.0,0.0,0.0
497513,2025-02-04T03:00:00.000000000,0.442,0.14600000000000002,0.0,0.0,0.32384353254030557,0.0
497513,2025-02-04T04:00:00.000000000,0.494,0.199,0.0,0.0,0.0,0.0
497513,2025-02-04T05:00:00.000000000,0.497,0.20199999999999999,0.0,0.0,0.3235504614701334,0.0
497513,2025-02-04T06:00:00.000000000,0.53,0.237,0.0,0.0,0.0,0.0
497513,2025-02-04T07:00:00.000000000,0.523,0.22999999999999998,0.0,0.0,0.3235504614701334,0.0
497513,2025-02-04T08:00:00.000000000,0.494,0.20199999999999999,0.0,0.0,0.11547000164785556,0.0
497513,2025-02-04T09:00:00.000000000,0.489,0.197,0.0,0.0,0.20837353089245,0.0
497513,2025-02-04T10:00:00.000000000,0.46,0.136,0.0,0.0,0.32384353254030557,0.0
497513,2025-02-04T11:00:00.000000000,0.425,0.007,0.0,0.0,0.0,0.0
497513,2025-02-04T12:00:00.000000000,0.42,0.0,0.0,0.0,0.3235504614701334,0.0
497513,2025-02-04T13:00:00.000000000,0.51,0.0,0.0,0.0,1.575843144316039,0.0
497513,2025-02-04T14:00:00.000000000,0.481,0.0,0.0,0.0,1.168181285706478,0.0
497513,2025-02-04T15:00:00.000000000,0.359,0.0,0.0,0.0,3.4869595929090993,0.0
497513,2025-02-04T16:00:00.000000000,0.39399999999999996,0.0,0.0,0.002,0.8563536670432335,0.0
497513,2025-02-04T17:00:00.000000000,0.456,0.0,0.0,0.004,1.984677287206289,0.0
497513,2025-02-04T18:00:00.000000000,0.9169999999999999,0.0,0.0,0.013000000000000001,1.23705298719695,0.0
497513,2025-02-04T19:00:00.000000000,0.904,0.0,0.0,0.011,0.3235504614701334,0.0
497513,2025-02-04T20:00:00.000000000,0.489,0.003,0.0,0.0,0.6995606445010945,0.0
497513,2025-02-04T21:00:00.000000000,0.499,0.0,0.0,0.0,0.6992675734309223,0.0
497513,2025-02-04T22:00:00.000000000,0.501,0.0,0.0,0.0,0.0,0.0
497513,2025-02-04T23:00:00.000000000,0.488,0.0,0.0,0.0,1.0494875022867278,0.0
497513,2025-02-05T00:00:00.000000000,0.46599999999999997,0.0,0.0,0.0,0.3499268577856333,0.0
497513,2025-02-05T01:00:00.000000000,0.487,0.052000000000000005,0.0,0.0,0.3499268577856333,0.0
497513,2025-02-05T02:00:00.000000000,0.609,0.17,0.0,0.0,2.4143194760787665,0.0
497513,2025-02-05T03:00:00.000000000,0.5690000000000001,0.208,0.0,0.0,0.3595982031013167,0.0
497513,2025-02-05T04:00:00.000000000,0.616,0.32199999999999995,0.0,0.0,0.32384353254030557,0.0
497513,2025-02-05T05:00:00.000000000,0.6859999999999999,0.393,0.0,0.0,0.0,0.0
497513,2025-02-05T06:00:00.000000000,0.7450000000000001,0.452,0.0,0.0,0.3235504614701334,0.0
497513,2025-02-05T07:00:00.000000000,0.893,0.5820000000000001,0.0,0.0,2.041240003749528,0.0
497513,2025-02-05T08:00:00.000000000,0.892,0.602,0.0,0.0,0.3338079489261611,0.0
497513,2025-02-05T09:00:00.000000000,0.876,0.508,0.0,0.0,0.32384353254030557,0.0
497513,2025-02-05T10:00:00.000000000,0.815,0.41200000000000003,0.0,0.0,0.0,0.0
497513,2025-02-05T11:00:00.000000000,0.624,0.209,0.0,0.0,0.3235504614701334,0.0
497513,2025-02-05T12:00:00.000000000,0.46,0.01,0.0,0.0,0.0,0.0
497513,2025-02-05T13:00:00.000000000,0.43599999999999994,0.019,0.0,0.0,2.5004823707094004,0.0
497513,2025-02-05T14:00:00.000000000,0.512,0.0,0.0,0.0,1.4961278132291944,0.0
497513,2025-02-05T15:00:00.000000000,0.557,0.0,0.0,0.004,1.5447776108777833,0.0
497513,2025-02-05T16:00:00.000000000,0.427,0.0,0.0,0.003,1.7763037563138389,0.0
497513,2025-02-05T17:00:00.000000000,0.395,0.0,0.0,0.005,1.1769734178116447,0.0
497513,2025-02-05T18:00:00.000000000,0.33099999999999996,0.0,0.0,0.004,0.0,0.0
497513,2025-02-05T19:00:00.000000000,0.541,0.062,0.0,0.003,0.6731842481855945,0.0
497513,2025-02-05T20:00:00.000000000,0.485,0.09,0.0,0.0,1.2733937998983056,0.0
497513,2025-02-05T21:00:00.000000000,0.317,0.013999999999999999,0.0,0.0,0.3499268577856333,0.0
497513,2025-02-05T22:00:00.000000000,0.347,0.040999999999999995,0.0,0.0,0.6737703903259389,0.0
497513,2025-02-05T23:00:00.000000000,0.41100000000000003,0.060000000000000005,0.0,0.0,0.0,0.0
497513,2025-02-06T00:00:00.000000000,0.49,0.020999999999999998,0.0,0.0,0.3235504614701334,0.0
497513,2025-02-06T01:00:00.000000000,0.524,0.056,0.0,0.0,0.0,0.0
497513,2025-02-06T02:00:00.000000000,0.521,0.15500000000000003,0.0,0.0,0.3235504614701334,0.0
497513,2025-02-06T03:00:00.000000000,0.497,0.19999999999999998,0.0,0.0,0.0,0.0
497513,2025-02-06T04:00:00.000000000,0.539,0.245,0.0,0.0,0.32384353254030557,0.0
497513,2025-02-06T05:00:00.000000000,0.562,0.268,0.0,0.0,0.0,0.0
497513,2025-02-06T06:00:00.000000000,0.5830000000000001,0.29000000000000004,0.0,0.0,0.32384353254030557,0.0
497513,2025-02-06T07:00:00.000000000,0.618,0.326,0.0,0.0,0.32384353254030557,0.0
497513,2025-02-06T08:00:00.000000000,0.578,0.286,0.0,0.0,0.0,0.0
497513,2025-02-06T09:00:00.000000000,0.579,0.266,0.0,0.0,0.3235504614701334,0.0
497513,2025-02-06T10:00:00.000000000,0.7010000000000001,0.24200000000000002,0.0,0.0,1.1555792296890721,0.0
497513,2025-02-06T11:00:00.000000000,4.462999999999999,0.659,0.0,0.0,0.3522714263470111,0.0
497513,2025-02-06T12:00:00.000000000,5.4639999999999995,0.714,0.0,0.0,1.4117233450195945,0.0
497513,2025-02-06T13:00:00.000000000,0.512,0.095,0.0,0.0,1.0389369437605278,0.0
497513,2025-02-06T14:00:00.000000000,0.5900000000000001,0.17200000000000001,0.0,0.0,1.9263561442420167,0.0
497513,2025-02-06T15:00:00.000000000,0.637,0.214,0.0,0.0,3.324598220033689,0.0
497513,2025-02-06T16:00:00.000000000,0.5740000000000001,0.15,0.0,0.0,1.0849491017775668,0.0
497513,2025-02-06T17:00:00.000000000,0.6890000000000001,0.269,0.0,0.0,2.691857779531861,0.0
497513,2025-02-06T18:00:00.000000000,0.6579999999999999,0.22999999999999998,0.0,0.0,1.0069921971117555,0.0
497513,2025-02-06T19:00:00.000000000,1.113,0.636,0.0,0.0,1.0553489236901723,0.0
497513,2025-02-06T20:00:00.000000000,0.9000000000000001,0.41600000000000004,0.0,0.0,1.0530043551287944,0.0
497513,2025-02-06T21:00:00.000000000,0.778,0.27999999999999997,0.0,0.0,1.4668207062119722,0.0
497513,2025-02-06T22:00:00.000000000,0.768,0.269,0.0,0.0,1.27397994203865,0.0
497513,2025-02-06T23:00:00.000000000,0.758,0.241,0.0,0.0,1.111618569163239,0.0
497513,2025-02-07T00:00:00.000000000,0.897,0.129,0.0,0.0,0.6840278777819667,0.0
497513,2025-02-07T01:00:00.000000000,0.5810000000000001,0.14600000000000002,0.0,0.0,0.7613986403074333,0.0
497513,2025-02-07T02:00:00.000000000,0.5740000000000001,0.20799999999999996,0.0,0.0,1.058865776532239,0.0
497513,2025-02-07T03:00:00.000000000,0.554,0.244,0.0,0.0,1.879464773014461,0.0
497513,2025-02-07T04:00:00.000000000,0.46799999999999997,0.17300000000000001,0.0,0.0,0.0,0.0
497513,2025-02-07T05:00:00.000000000,0.392,0.09600000000000002,0.0,0.0,0.32384353254030557,0.0
497513,2025-02-07T06:00:00.000000000,0.375,0.082,0.0,0.0,0.0,0.0
497513,2025-02-07T07:00:00.000000000,0.406,0.114,0.0,0.0,0.32384353254030557,0.0
497513,2025-02-07T08:00:00.000000000,0.361,0.072,0.0,0.0,0.0,0.0
497513,2025-02-07T09:00:00.000000000,0.8220000000000001,0.020999999999999998,0.0,0.0,0.32384353254030557,0.0
497513,2025-02-07T10:00:00.000000000,0.40299999999999997,0.0,0.0,0.0,0.3235504614701334,0.0
497513,2025-02-07T11:00:00.000000000,0.492,0.075,0.0,0.0,3.8852431772731495,0.0
497513,2025-02-07T12:00:00.000000000,0.42,0.0,0.0,0.0,0.17965256601557222,0.0
497513,2025-02-07T13:00:00.000000000,0.417,0.0,0.0,0.0,0.3235504614701334,0.0
497513,2025-02-07T14:00:00.000000000,0.512,0.0,0.0,0.0,1.5333478391410666,0.0
497513,2025-02-07T15:00:00.000000000,0.553,0.0,0.0,0.0,1.641491064034617,0.0
497513,2025-02-07T16:00:00.000000000,0.556,0.0,0.0,0.0,0.953360191270239,0.0
497513,2025-02-07T17:00:00.000000000,0.547,0.0,0.0,0.0,0.3235504614701334,0.0
497513,2025-02-07T18:00:00.000000000,0.5700000000000001,0.0,0.0,0.01,0.3235504614701334,0.0
497513,2025-02-07T19:00:00.000000000,0.634,0.007,0.0,0.003,0.11869378341975001,0.0
497513,2025-02-07T20:00:00.000000000,0.5700000000000001,0.0,0.0,0.002,0.9252253685337055,0.0
497513,2025-02-07T21:00:00.000000000,0.5509999999999999,0.0,0.0,0.002,0.34963378671546114,0.0
497513,2025-02-07T22:00:00.000000000,0.554,0.0,0.0,0.003,0.0,0.0
497513,2025-02-07T23:00:00.000000000,0.488,0.0,0.0,0.0,0.6517900600630223,0.0
497513,2025-02-08T00:00:00.000000000,0.46599999999999997,0.0,0.0,0.0,1.2728076577579612,0.0
497513,2025-02-08T01:00:00.000000000,0.467,0.0,0.0,0.0,0.36663190878545004,0.0
497513,2025-02-08T02:00:00.000000000,0.397,0.0,0.0,0.0,0.3065523394001445,0.0
497513,2025-02-08T03:00:00.000000000,0.297,0.0,0.0,0.0,0.3235504614701334,0.0
497513,2025-02-08T04:00:00.000000000,0.296,0.0,0.0,0.0,0.34963378671546114,0.0
497513,2025-02-08T05:00:00.000000000,0.293,0.0,0.0,0.0,0.0,0.0
497513,2025-02-08T06:00:00.000000000,0.313,0.019,0.0,0.0,0.3235504614701334,0.0
497513,2025-02-08T07:00:00.000000000,0.346,0.054,0.0,0.0,0.0,0.0
497513,2025-02-08T08:00:00.000000000,0.325,0.034,0.0,0.0,0.32384353254030557,0.0
497513,2025-02-08T09:00:00.000000000,0.324,0.031,0.0,0.0,0.32384353254030557,0.0
497513,2025-02-08T10:00:00.000000000,0.4129999999999999,0.068,0.0,0.0,1.0743985432513667,0.0
497513,2025-02-08T11:00:00.000000000,0.356,0.061,0.0,0.0,0.0,0.0
497513,2025-02-08T12:00:00.000000000,0.40399999999999997,0.016,0.0,0.0,0.3235504614701334,0.0
497513,2025-02-08T13:00:00.000000000,0.417,0.0,0.0,0.0,0.0,0.0
497513,2025-02-08T14:00:00.000000000,0.419,0.0,0.0,0.0,1.8738964226811887,0.0
497513,2025-02-08T15:00:00.000000000,0.909,0.0,0.0,0.009,0.0,0.0
497513,2025-02-08T16:00:00.000000000,1.8049999999999997,0.0,0.0,0.042,0.6731842481855945,0.0
497513,2025-02-08T17:00:00.000000000,0.429,0.0,0.0,0.008,0.3235504614701334,0.0
497513,2025-02-08T18:00:00.000000000,0.4,0.0,0.0,0.008,0.34963378671546114,0.0
497513,2025-02-08T19:00:00.000000000,0.52,0.0,0.0,0.002,0.6975091470098889,0.0
497513,2025-02-08T20:00:00.000000000,0.656,0.0,0.0,0.0,3.963200081938961,0.0
497513,2025-02-08T21:00:00.000000000,0.496,0.0,0.0,0.004,2.6549308246901613,0.0
497513,2025-02-08T22:00:00.000000000,0.304,0.0,0.0,0.0,2.240235260396467,0.0
497513,2025-02-08T23:00:00.000000000,0.307,0.0,0.0,0.0,0.6802179538697278,0.0
497513,2025-02-09T00:00:00.000000000,0.308,0.0,0.0,0.0,0.5996234095723667,0.0
497513,2025-02-09T01:00:00.000000000,0.33,0.025,0.0,0.0,1.3217505264767222,0.0
497513,2025-02-09T02:00:00.000000000,0.349,0.015,0.0,0.0,0.6966299337993722,0.0
497513,2025-02-09T03:00:00.000000000,0.44,0.084,0.0,0.0,1.533933981281411,0.0
497513,2025-02-09T04:00:00.000000000,0.489,0.15799999999999997,0.0,0.0,2.1042502838365555,0.0
497513,2025-02-09T05:00:00.000000000,0.45499999999999996,0.16,0.0,0.0,3.1724943346143055,0.0
497513,2025-02-09T06:00:00.000000000,0.35300000000000004,0.06099999999999999,0.0,0.0,0.0,0.0
497513,2025-02-09T07:00:00.000000000,0.363,0.07100000000000001,0.0,0.0,0.3235504614701334,0.0
497513,2025-02-09T08:00:00.000000000,0.392,0.1,0.0,0.0,0.0,0.0
497513,2025-02-09T09:00:00.000000000,0.33599999999999997,0.044,0.0,0.0,0.32384353254030557,0.0
497513,2025-02-09T10:00:00.000000000,0.9600000000000001,0.10200000000000001,0.0,0.0,0.0,0.0
497513,2025-02-09T11:00:00.000000000,2.435,0.01,0.0,0.0,0.3235504614701334,0.0
497513,2025-02-09T12:00:00.000000000,2.234,0.407,0.0,0.0,0.6854932331328278,0.0
497513,2025-02-09T13:00:00.000000000,0.492,0.07499999999999998,0.0,0.0,0.6852001620626555,0.0
497513,2025-02-09T14:00:00.000000000,0.517,0.10099999999999999,0.0,0.0,1.0143189738660612,0.0
497513,2025-02-09T15:00:00.000000000,0.632,0.20800000000000002,0.0,0.0,0.6869585884836888,0.0
497513,2025-02-09T16:00:00.000000000,0.657,0.23299999999999998,0.0,0.0,2.285368205202989,0.0
497513,2025-02-09T17:00:00.000000000,0.7710000000000001,0.35000000000000003,0.0,0.0,2.441282014534611,0.0
497513,2025-02-09T18:00:00.000000000,0.7090000000000001,0.281,0.0,0.0,0.3499268577856333,0.0
497513,2025-02-09T19:00:00.000000000,1.284,0.771,0.0,0.0,1.5647064436494946,0.0
497513,2025-02-09T20:00:00.000000000,1.114,0.457,0.0,0.0,2.0078299017498944,0.0
497513,2025-02-09T21:00:00.000000000,0.873,0.18,0.0,0.0,1.0541766394094834,0.0
497513,2025-02-09T22:00:00.000000000,0.7170000000000001,0.216,0.0,0.0,0.0,0.0
497513,2025-02-09T23:00:00.000000000,0.6900000000000001,0.33499999999999996,0.0,0.0,0.6998537155712666,0.0
497513,2025-02-10T00:00:00.000000000,0.673,0.28400000000000003,0.0,0.0,0.32384353254030557,0.0
497513,2025-02-10T01:00:00.000000000,0.6659999999999999,0.361,0.0,0.0,0.0,0.0
497513,2025-02-10T02:00:00.000000000,0.722,0.423,0.0,0.0,0.32384353254030557,0.0
497513,2025-02-10T03:00:00.000000000,0.7690000000000001,0.472,0.0,0.0,0.0,0.0
497513,2025-02-10T04:00:00.000000000,0.82,0.524,0.0,0.0,0.3235504614701334,0.0
497513,2025-02-10T05:00:00.000000000,0.839,0.546,0.0,0.0,0.0,0.0
497513,2025-02-10T06:00:00.000000000,0.832,0.539,0.0,0.0,0.3235504614701334,0.0
497513,2025-02-10T07:00:00.000000000,0.83,0.538,0.0,0.0,0.21394188122572222,0.0
497513,2025-02-10T08:00:00.000000000,0.841,0.549,0.0,0.0,0.10960858024441111,0.0
497513,2025-02-10T09:00:00.000000000,0.902,0.546,0.0,0.0,0.7112834873079833,0.0
497513,2025-02-10T10:00:00.000000000,3.415,1.0070000000000001,0.0,0.0,2.434248308850478,0.0
497513,2025-02-10T11:00:00.000000000,8.088999999999999,1.847,0.0,0.0,0.6784595274486945,0.0
497513,2025-02-10T12:00:00.000000000,0.634,0.0,0.0,0.0,1.0500736444270722,0.0
497513,2025-02-10T13:00:00.000000000,0.44699999999999995,0.0,0.0,0.0,1.0755708275320555,0.0
497513,2025-02-10T14:00:00.000000000,0.326,0.033,0.0,0.0,2.277162215238167,0.0
497513,2025-02-10T15:00:00.000000000,0.31,0.015,0.0,0.0,2.3196575204131387,0.0
497513,2025-02-10T16:00:00.000000000,0.328,0.0,0.0,0.0,1.0867075281986,0.0
497513,2025-02-10T17:00:00.000000000,0.296,0.0,0.0,0.0,0.0,0.0
497513,2025-02-10T18:00:00.000000000,0.293,0.0,0.0,0.0,0.3235504614701334,0.0
497513,2025-02-10T19:00:00.000000000,0.733,0.403,0.0,0.0,0.0,0.0
497513,2025-02-10T20:00:00.000000000,0.5419999999999999,0.23099999999999998,0.0,0.0,0.3235504614701334,0.0
497513,2025-02-10T21:00:00.000000000,0.427,0.122,0.0,0.0,0.0,0.0
497513,2025-02-10T22:00:00.000000000,0.47,0.066,0.0,0.0,0.3235504614701334,0.0
497513,2025-02-10T23:00:00.000000000,0.507,0.201,0.0,0.0,0.14800089043697223,0.0
497513,2025-02-11T00:00:00.000000000,0.636,0.252,0.0,0.0,0.17584264210333334,0.0
497513,2025-02-11T01:00:00.000000000,0.6679999999999999,0.234,0.0,0.0,0.32384353254030557,0.0
497513,2025-02-11T02:00:00.000000000,0.7550000000000001,0.371,0.0,0.0,1.1356503969173612,0.0
497513,2025-02-11T03:00:00.000000000,0.7650000000000001,0.45,0.0,0.0,0.0,0.0
497513,2025-02-11T04:00:00.000000000,0.841,0.546,0.0,0.0,0.32384353254030557,0.0
497513,2025-02-11T05:00:00.000000000,0.895,0.602,0.0,0.0,0.3499268577856333,0.0
497513,2025-02-11T06:00:00.000000000,0.917,0.623,0.0,0.0,0.3235504614701334,0.0
497513,2025-02-11T07:00:00.000000000,0.978,0.685,0.0,0.0,0.0,0.0
497513,2025-02-11T08:00:00.000000000,1.088,0.7849999999999999,0.0,0.0,1.5116605799483223,0.0
497513,2025-02-11T09:00:00.000000000,1.099,0.7290000000000001,0.0,0.0,0.7312123200796945,0.0
497513,2025-02-11T10:00:00.000000000,1.045,0.556,0.0,0.0,1.12627212267185,0.0
497513,2025-02-11T11:00:00.000000000,1.63,0.198,0.0,0.001,1.34783385172205,0.0
497513,2025-02-11T12:00:00.000000000,0.43899999999999995,0.081,0.0,0.0,0.0,0.0
497513,2025-02-11T13:00:00.000000000,0.324,0.03,0.0,0.0,0.6737703903259389,0.0
497513,2025-02-11T14:00:00.000000000,0.31,0.018,0.0,0.0,0.8343733367803167,0.0
497513,2025-02-11T15:00:00.000000000,0.295,0.0,0.0,0.0,2.457107852323911,0.0
497513,2025-02-11T16:00:00.000000000,0.39199999999999996,0.0,0.0,0.0,2.107180994538278,0.0
497513,2025-02-11T17:00:00.000000000,0.43,0.0,0.0,0.01,0.3235504614701334,0.0
497513,2025-02-11T18:00:00.000000000,0.438,0.0,0.0,0.011000000000000001,0.0,0.0
497513,2025-02-11T19:00:00.000000000,0.386,0.055,0.0,0.001,0.3235504614701334,0.0
497513,2025-02-11T20:00:00.000000000,0.36600000000000005,0.052,0.0,0.0,0.3499268577856333,0.0
497513,2025-02-11T21:00:00.000000000,0.304,0.0,0.0,0.0,1.8410724628219,0.0
497513,2025-02-11T22:00:00.000000000,0.368,0.015,0.0,0.0,1.872431067330328,0.0
497513,2025-02-11T23:00:00.000000000,0.355,0.005,0.0,0.0,0.0,0.0
497513,2025-02-12T00:00:00.000000000,0.497,0.031,0.0,0.0,0.3235504614701334,0.0
497513,2025-02-12T01:00:00.000000000,0.536,0.163,0.0,0.0,0.0,0.0
497513,2025-02-12T02:00:00.000000000,0.5970000000000001,0.29800000000000004,0.0,0.0,0.32384353254030557,0.0
497513,2025-02-12T03:00:00.000000000,0.7490000000000001,0.453,0.0,0.0,0.32384353254030557,0.0
497513,2025-02-12T04:00:00.000000000,0.7509999999999999,0.442,0.0,0.0,0.0,0.0
497513,2025-02-12T05:00:00.000000000,0.7430000000000001,0.449,0.0,0.0,0.3235504614701334,0.0
497513,2025-02-12T06:00:00.000000000,0.82,0.528,0.0,0.0,0.0,0.0
497513,2025-02-12T07:00:00.000000000,0.854,0.562,0.0,0.0,0.3235504614701334,0.0
497513,2025-02-12T08:00:00.000000000,0.897,0.605,0.0,0.0,0.0,0.0
497513,2025-02-12T09:00:00.000000000,0.925,0.632,0.0,0.0,0.32355046147013333,0.0
497513,2025-02-12T10:00:00.000000000,0.857,0.563,0.0,0.0,0.0,0.0
497513,2025-02-12T11:00:00.000000000,0.887,0.5,0.0,0.0,2.6880478556196223,0.0
497513,2025-02-12T12:00:00.000000000,0.7250000000000001,0.307,0.0,0.0,1.1482524529347666,0.0
497513,2025-02-12T13:00:00.000000000,0.57,0.276,0.0,0.0,0.3235504614701334,0.0
497513,2025-02-12T14:00:00.000000000,0.42499999999999993,0.13099999999999998,0.0,0.0,0.0,0.0
497513,2025-02-12T15:00:00.000000000,0.316,0.020999999999999998,0.0,0.0,0.3235504614701334,0.0
497513,2025-02-12T16:00:00.000000000,0.32799999999999996,0.0,0.0,0.0,0.34963378671546114,0.0
497513,2025-02-12T17:00:00.000000000,0.421,0.0,0.0,0.0,0.0,0.0
497513,2025-02-12T18:00:00.000000000,0.396,0.0,0.0,0.003,0.3235504614701334,0.0
497513,2025-02-12T19:00:00.000000000,0.386,0.056,0.0,0.0,0.3235504614701334,0.0
497513,2025-02-12T20:00:00.000000000,0.438,0.034,0.0,0.0,0.34963378671546114,0.0
497513,2025-02-12T21:00:00.000000000,0.499,0.0,0.0,0.0,0.6992675734309222,0.0
497513,2025-02-12T22:00:00.000000000,0.501,0.0,0.0,0.0,2.367135033781039,0.0
497513,2025-02-12T23:00:00.000000000,1.8779999999999997,0.0,0.0,0.02,0.0,0.0
497513,2025-02-13T00:00:00.000000000,2.2809999999999997,0.0,0.0,0.027000000000000003,1.0532974261989667,0.0
497513,2025-02-13T01:00:00.000000000,0.46599999999999997,0.0,0.0,0.0,0.3235504614701334,0.0
497513,2025-02-13T02:00:00.000000000,0.383,0.0,0.0,0.0,1.11044628488255,0.0
497513,2025-02-13T03:00:00.000000000,0.36,0.003,0.0,0.0,0.6992675734309223,0.0
497513,2025-02-13T04:00:00.000000000,0.41,0.067,0.0,0.0,0.0,0.0
497513,2025-02-13T05:00:00.000000000,0.526,0.195,0.0,0.0,1.0849491017775668,0.0
497513,2025-02-13T06:00:00.000000000,0.5660000000000001,0.248,0.0,0.0,0.3499268577856333,0.0
497513,2025-02-13T07:00:00.000000000,0.592,0.299,0.0,0.0,0.32355046147013333,0.0
497513,2025-02-13T08:00:00.000000000,0.62,0.329,0.0,0.0,0.0,0.0
497513,2025-02-13T09:00:00.000000000,0.7109999999999999,0.418,0.0,0.0,0.32384353254030557,0.0
497513,2025-02-13T10:00:00.000000000,0.685,0.392,0.0,0.0,0.0,0.0
497513,2025-02-13T11:00:00.000000000,0.662,0.244,0.0,0.0,1.4961278132291944,0.0
497513,2025-02-13T12:00:00.000000000,0.45999999999999996,0.041999999999999996,0.0,0.0,0.3235504614701334,0.0
497513,2025-02-13T13:00:00.000000000,0.6990000000000001,0.0,0.0,0.0,0.3235504614701334,0.0
497513,2025-02-13T14:00:00.000000000,6.768000000000001,0.422,0.0,0.0,0.34318622317167224,0.0
497513,2025-02-13T15:00:00.000000000,1.988,0.054,0.0,0.005,2.246975895010428,0.0
497513,2025-02-13T16:00:00.000000000,0.435,0.0,0.0,0.011,1.5714470782634558,0.0
497513,2025-02-13T17:00:00.000000000,0.433,0.0,0.0,0.013000000000000001,1.0796738225144669,0.0
497513,2025-02-13T18:00:00.000000000,0.442,0.0,0.0,0.015,0.3235504614701334,0.0
497513,2025-02-13T19:00:00.000000000,0.486,0.007,0.0,0.003,1.0178358267081278,0.0
497513,2025-02-13T20:00:00.000000000,0.524,0.0,0.0,0.0,0.7851373969913833,0.0
497513,2025-02-13T21:00:00.000000000,0.499,0.0,0.0,0.0,0.40355886362715004,0.0
497513,2025-02-13T22:00:00.000000000,0.509,0.009,0.0,0.0,1.4123094871599389,0.0
497513,2025-02-13T23:00:00.000000000,4.5649999999999995,0.6910000000000001,0.0,0.0,1.7458243650159277,0.0
497513,2025-02-14T00:00:00.000000000,7.279000000000001,1.164,0.0,0.0,1.4137748425108,0.0
497513,2025-02-14T01:00:00.000000000,7.201,1.116,0.0,0.0,1.0532974261989667,0.0
497513,2025-02-14T02:00:00.000000000,2.5620000000000003,0.296,0.0,0.0,1.8621735798743,0.0
497513,2025-02-14T03:00:00.000000000,0.396,0.038,0.0,0.0,1.8870846208389391,0.0
497513,2025-02-14T04:00:00.000000000,0.45699999999999996,0.125,0.0,0.0,1.5227972806148666,0.0
497513,2025-02-14T05:00:00.000000000,0.43400000000000005,0.14,0.0,0.0,0.8009632347806833,0.0
497513,2025-02-14T06:00:00.000000000,0.413,0.119,0.0,0.0,0.3235504614701334,0.0
497513,2025-02-14T07:00:00.000000000,0.46599999999999997,0.173,0.0,0.0,0.0,0.0
497513,2025-02-14T08:00:00.000000000,0.501,0.209,0.0,0.0,0.32355046147013333,0.0
497513,2025-02-14T09:00:00.000000000,0.514,0.222,0.0,0.0,0.0,0.0
497513,2025-02-14T10:00:00.000000000,0.513,0.218,0.0,0.0,0.32384353254030557,0.0
497513,2025-02-14T11:00:00.000000000,0.524,0.168,0.0,0.0,0.0,0.0
497513,2025-02-14T12:00:00.000000000,0.45499999999999996,0.038,0.0,0.0,0.32384353254030557,0.0
497513,2025-02-14T13:00:00.000000000,0.417,0.0,0.0,0.0,0.0,0.0
497513,2025-02-14T14:00:00.000000000,0.355,0.0,0.0,0.0,0.3235504614701334,0.0
497513,2025-02-14T15:00:00.000000000,0.295,0.0,0.0,0.0,0.34963378671546114,0.0
497513,2025-02-14T16:00:00.000000000,0.296,0.0,0.0,0.0,0.6992675734309223,0.0
497513,2025-02-14T17:00:00.000000000,0.421,0.0,0.0,0.0,0.3235504614701334,0.0
497513,2025-02-14T18:00:00.000000000,0.426,0.0,0.0,0.0,0.0,0.0
497513,2025-02-14T19:00:00.000000000,0.679,0.203,0.0,0.0,0.3235504614701334,0.0
497513,2025-02-14T20:00:00.000000000,0.5660000000000001,0.08,0.0,0.0,0.0,0.0
497513,2025-02-14T21:00:00.000000000,0.501,0.002,0.0,0.0,1.8152822086467444,0.0
497513,2025-02-14T22:00:00.000000000,0.531,0.03,0.0,0.0,1.9770574393818112,0.0
497513,2025-02-14T23:00:00.000000000,0.631,0.006,0.0,0.0,2.085200664275361,0.0
497513,2025-02-15T00:00:00.000000000,0.53,0.063,0.0,0.0,1.0368854462693222,0.0
497513,2025-02-15T01:00:00.000000000,0.674,0.176,0.0,0.0,3.145824867228633,0.0
497513,2025-02-15T02:00:00.000000000,0.651,0.183,0.0,0.0,2.110404776310172,0.0
497513,2025-02-15T03:00:00.000000000,0.6539999999999999,0.23399999999999999,0.0,0.0,1.0286794563045,0.0
497513,2025-02-15T04:00:00.000000000,0.7969999999999999,0.41,0.0,0.0,3.361525174875389,0.0
497513,2025-02-15T05:00:00.000000000,0.683,0.35800000000000004,0.0,0.0,1.6239067998242833,0.0
497513,2025-02-15T06:00:00.000000000,0.645,0.352,0.0,0.0,0.3235504614701334,0.0
497513,2025-02-15T07:00:00.000000000,0.714,0.422,0.0,0.0,0.3235504614701334,0.0
497513,2025-02-15T08:00:00.000000000,0.752,0.449,0.0,0.0,0.0,0.0
497513,2025-02-15T09:00:00.000000000,0.8109999999999999,0.44299999999999995,0.0,0.0,0.6734773192557667,0.0
497513,2025-02-15T10:00:00.000000000,0.7629999999999999,0.36200000000000004,0.0,0.0,0.0,0.0
497513,2025-02-15T11:00:00.000000000,0.542,0.127,0.0,0.0,0.32384353254030557,0.0
497513,2025-02-15T12:00:00.000000000,0.42,0.0,0.0,0.0,0.0,0.0
497513,2025-02-15T13:00:00.000000000,0.417,0.0,0.0,0.0,0.6731842481855945,0.0
497513,2025-02-15T14:00:00.000000000,0.42,0.0,0.0,0.002,0.0,0.0
497513,2025-02-15T15:00:00.000000000,0.433,0.0,0.0,0.01,0.3235504614701334,0.0
497513,2025-02-15T16:00:00.000000000,0.437,0.0,0.0,0.013000000000000001,0.0,0.0
497513,2025-02-15T17:00:00.000000000,0.434,0.0,0.0,0.013999999999999999,0.34963378671546114,0.0
497513,2025-02-15T18:00:00.000000000,0.439,0.0,0.0,0.012,0.32325739039996115,0.0
497513,2025-02-15T19:00:00.000000000,0.524,0.045,0.0,0.002,0.3499268577856333,0.0
497513,2025-02-15T20:00:00.000000000,0.53,0.044,0.0,0.0,0.3499268577856333,0.0
497513,2025-02-15T21:00:00.000000000,0.499,0.0,0.0,0.0,2.4348344509908224,0.0
497513,2025-02-15T22:00:00.000000000,0.501,0.0,0.0,0.0,0.9228807999723277,0.0
497513,2025-02-15T23:00:00.000000000,0.488,0.0,0.0,0.0,0.3235504614701334,0.0
497513,2025-02-16T00:00:00.000000000,0.505,0.0,0.0,0.0,1.032489380216739,0.0
497513,2025-02-16T01:00:00.000000000,0.506,0.0,0.0,0.0,0.0,0.0
497513,2025-02-16T02:00:00.000000000,0.383,0.0,0.0,0.0,0.3235504614701334,0.0
497513,2025-02-16T03:00:00.000000000,0.356,0.0,0.0,0.0,0.34963378671546114,0.0
497513,2025-02-16T04:00:00.000000000,0.348,0.006,0.0,0.0,0.3235504614701334,0.0
497513,2025-02-16T05:00:00.000000000,0.355,0.021,0.0,0.0,0.0,0.0
497513,2025-02-16T06:00:00.000000000,0.395,0.08299999999999999,0.0,0.0,0.7206617615534945,0.0
497513,2025-02-16T07:00:00.000000000,0.545,0.236,0.0,0.0,2.785640521986972,0.0
497513,2025-02-16T08:00:00.000000000,0.535,0.19699999999999995,0.0,0.0,1.16847435677665,0.0
497513,2025-02-16T09:00:00.000000000,0.6379999999999999,0.271,0.0,0.0,2.1696051324849615,0.0
497513,2025-02-16T10:00:00.000000000,0.687,0.257,0.0,0.0,2.3495507695707056,0.0
497513,2025-02-16T11:00:00.000000000,0.573,0.128,0.0,0.0,0.0,0.0
497513,2025-02-16T12:00:00.000000000,1.264,0.007,0.0,0.005,0.3235504614701334,0.0
497513,2025-02-16T13:00:00.000000000,0.424,0.038,0.0,0.0,0.0,0.0
497513,2025-02-16T14:00:00.000000000,0.419,0.0,0.0,0.0,0.3235504614701334,0.0
497513,2025-02-16T15:00:00.000000000,0.423,0.0,0.0,0.0,0.34963378671546114,0.0
497513,2025-02-16T16:00:00.000000000,0.424,0.0,0.0,0.0,0.34963378671546114,0.0
497513,2025-02-16T17:00:00.000000000,0.421,0.0,0.0,0.0,0.6731842481855945,0.0
497513,2025-02-16T18:00:00.000000000,0.426,0.0,0.0,0.0,0.34963378671546114,0.0
497513,2025-02-16T19:00:00.000000000,0.6950000000000001,0.21900000000000003,0.0,0.0,0.0,0.0
497513,2025-02-16T20:00:00.000000000,1.0379999999999998,0.071,0.0,0.006,0.6734773192557667,0.0
497513,2025-02-16T21:00:00.000000000,1.408,0.0,0.0,0.016,1.9433542663120056,0.0
497513,2025-02-16T22:00:00.000000000,0.9570000000000001,0.0,0.0,0.009,0.0,0.0
497513,2025-02-16T23:00:00.000000000,0.488,0.0,0.0,0.0,0.3235504614701334,0.0
497513,2025-02-17T00:00:00.000000000,0.46599999999999997,0.0,0.0,0.0,0.34963378671546114,0.0
497513,2025-02-17T01:00:00.000000000,0.343,0.0,0.0,0.0,0.34963378671546114,0.0
497513,2025-02-17T02:00:00.000000000,0.318,0.0,0.0,0.0,0.34963378671546114,0.0
497513,2025-02-17T03:00:00.000000000,0.297,0.0,0.0,0.0,0.3235504614701334,0.0
497513,2025-02-17T04:00:00.000000000,0.296,0.0,0.0,0.0,0.0,0.0
497513,2025-02-17T05:00:00.000000000,0.293,0.0,0.0,0.0,0.3235504614701334,0.0
497513,2025-02-17T06:00:00.000000000,0.292,0.0,0.0,0.0,1.1834209813554335,0.0
497513,2025-02-17T07:00:00.000000000,0.292,0.0,0.0,0.0,0.0,0.0
497513,2025-02-17T08:00:00.000000000,0.328,0.0,0.0,0.0,2.0204319577673,0.0
497513,2025-02-17T09:00:00.000000000,0.43,0.0,0.0,0.0,0.6931130809573056,0.0
497513,2025-02-17T10:00:00.000000000,0.511,0.0,0.0,0.0,1.0661925532865446,0.0
497513,2025-02-17T11:00:00.000000000,0.477,0.0,0.0,0.0,0.0,0.0
497513,2025-02-17T12:00:00.000000000,0.421,0.0,0.0,0.002,0.6731842481855945,0.0
497513,2025-02-17T13:00:00.000000000,0.423,0.0,0.0,0.006,0.3493407156452889,0.0
497513,2025-02-17T14:00:00.000000000,0.433,0.0,0.0,0.014000000000000002,0.34963378671546114,0.0
497513,2025-02-17T15:00:00.000000000,0.447,0.0,0.0,0.023,0.34963378671546114,0.0
497513,2025-02-17T16:00:00.000000000,0.41800000000000004,0.0,0.0,0.027,0.3411347256804667,0.0
497513,2025-02-17T17:00:00.000000000,0.416,0.0,0.0,0.028,1.0160774002870943,0.0
497513,2025-02-17T18:00:00.000000000,0.452,0.0,0.0,0.025,2.5215834877618,0.0
497513,2025-02-17T19:00:00.000000000,0.487,0.0,0.0,0.011,1.4404443098964723,0.0
497513,2025-02-17T20:00:00.000000000,0.532,0.0,0.0,0.019000000000000003,0.05070129513979444,0.0
497513,2025-02-17T21:00:00.000000000,2.346,0.0,0.0,0.06,0.3235504614701334,0.0
497513,2025-02-17T22:00:00.000000000,1.462,0.0,0.0,0.03899999999999999,0.34963378671546114,0.0
497513,2025-02-17T23:00:00.000000000,0.498,0.0,0.0,0.01,0.34963378671546114,0.0
497513,2025-02-18T00:00:00.000000000,0.392,0.0,0.0,0.002,0.6992675734309223,0.0
497513,2025-02-18T01:00:00.000000000,0.305,0.0,0.0,0.0,0.34963378671546114,0.0
497513,2025-02-18T02:00:00.000000000,0.298,0.0,0.0,0.0,0.3235504614701334,0.0
497513,2025-02-18T03:00:00.000000000,0.32399999999999995,0.0,0.0,0.0,0.0,0.0
497513,2025-02-18T04:00:00.000000000,0.31,0.0,0.0,0.0,0.3235504614701334,0.0
497513,2025-02-18T05:00:00.000000000,0.293,0.0,0.0,0.0,0.0,0.0
497513,2025-02-18T06:00:00.000000000,0.306,0.013,0.0,0.0,0.3238435325403055,0.0
497513,2025-02-18T07:00:00.000000000,0.372,0.079,0.0,0.0,0.0,0.0
497513,2025-02-18T08:00:00.000000000,0.378,0.086,0.0,0.0,0.32384353254030557,0.0
497513,2025-02-18T09:00:00.000000000,0.374,0.081,0.0,0.0,0.32384353254030557,0.0
497513,2025-02-18T10:00:00.000000000,0.8720000000000001,0.012,0.0,0.002,0.0,0.0
497513,2025-02-18T11:00:00.000000000,0.843,0.0,0.0,0.008,0.3235504614701334,0.0
497513,2025-02-18T12:00:00.000000000,0.51,0.0,0.0,0.0,0.0,0.0
497513,2025-02-18T13:00:00.000000000,0.54,0.0,0.0,0.0,0.3235504614701334,0.0
497513,2025-02-18T14:00:00.000000000,0.386,0.0,0.0,0.0,0.0,0.0
497513,2025-02-18T15:00:00.000000000,0.423,0.0,0.0,0.0,0.3235504614701334,0.0
497513,2025-02-18T16:00:00.000000000,0.424,0.0,0.0,0.0,0.34963378671546114,0.0
497513,2025-02-18T17:00:00.000000000,0.541,0.121,0.0,0.0,1.0802599646548112,0.0
497513,2025-02-18T18:00:00.000000000,0.476,0.048,0.0,0.0,1.0843629596372224,0.0
497513,2025-02-18T19:00:00.000000000,0.887,0.412,0.0,0.0,1.154113874338211,0.0
497513,2025-02-18T20:00:00.000000000,0.484,0.133,0.0,0.0,1.0489013601463835,0.0
497513,2025-02-18T21:00:00.000000000,0.41000000000000003,0.05500000000000001,0.0,0.0,1.0796738225144669,0.0
497513,2025-02-18T22:00:00.000000000,0.51,0.01,0.0,0.0,1.1573376561101056,0.0
497513,2025-02-18T23:00:00.000000000,0.5640000000000001,0.032,0.0,0.0,1.5339339812814112,0.0
497513,2025-02-19T00:00:00.000000000,0.627,0.0,0.0,0.0,1.694536927735789,0.0
497513,2025-02-19T01:00:00.000000000,0.475,0.0,0.0,0.0,0.0,0.0
497513,2025-02-19T02:00:00.000000000,0.41500000000000004,0.049,0.0,0.0,0.3235504614701334,0.0
497513,2025-02-19T03:00:00.000000000,0.458,0.162,0.0,0.0,0.0,0.0
497513,2025-02-19T04:00:00.000000000,0.498,0.203,0.0,0.0,0.32384353254030557,0.0
497513,2025-02-19T05:00:00.000000000,0.519,0.227,0.0,0.0,0.0,0.0
497513,2025-02-19T06:00:00.000000000,0.597,0.30200000000000005,0.0,0.0,0.32384353254030557,0.0
497513,2025-02-19T07:00:00.000000000,0.639,0.34700000000000003,0.0,0.0,0.32384353254030557,0.0
497513,2025-02-19T08:00:00.000000000,0.638,0.346,0.0,0.0,0.0,0.0
497513,2025-02-19T09:00:00.000000000,0.643,0.35000000000000003,0.0,0.0,0.3235504614701334,0.0
497513,2025-02-19T10:00:00.000000000,0.572,0.278,0.0,0.0,0.0,0.0
497513,2025-02-19T11:00:00.000000000,0.482,0.095,0.0,0.0,0.3235504614701334,0.0
497513,2025-02-19T12:00:00.000000000,0.327,0.0,0.0,0.0,0.0,0.0
497513,2025-02-19T13:00:00.000000000,0.38599999999999995,0.0,0.0,0.0,1.5488806058601945,0.0
497513,2025-02-19T14:00:00.000000000,0.292,0.0,0.0,0.0,0.0,0.0
497513,2025-02-19T15:00:00.000000000,0.851,0.0,0.0,0.013999999999999999,0.6731842481855945,0.0
497513,2025-02-19T16:00:00.000000000,0.436,0.0,0.0,0.012,0.3235504614701334,0.0
497513,2025-02-19T17:00:00.000000000,0.397,0.0,0.0,0.007,0.9343105717090445,0.0
497513,2025-02-19T18:00:00.000000000,0.297,0.0,0.0,0.003,0.10579865633217223,0.0
497513,2025-02-19T19:00:00.000000000,0.368,0.0,0.0,0.002,1.715638044788189,0.0
497513,2025-02-19T20:00:00.000000000,0.486,0.0,0.0,0.0,2.7689354709871554,0.0
497513,2025-02-19T21:00:00.000000000,0.499,0.0,0.0,0.0,0.8009632347806834,0.0
497513,2025-02-19T22:00:00.000000000,0.501,0.0,0.0,0.0,0.3235504614701334,0.0
497513,2025-02-19T23:00:00.000000000,0.488,0.0,0.0,0.0,0.34963378671546114,0.0
497513,2025-02-20T00:00:00.000000000,0.46599999999999997,0.0,0.0,0.0,1.053590497269139,0.0
497513,2025-02-20T01:00:00.000000000,0.436,0.0,0.0,0.0,0.7605194270969167,0.0
497513,2025-02-20T02:00:00.000000000,0.432,0.03,0.0,0.0,0.3235504614701334,0.0
497513,2025-02-20T03:00:00.000000000,0.469,0.11300000000000002,0.0,0.0,0.0,0.0
497513,2025-02-20T04:00:00.000000000,0.556,0.246,0.0,0.0,0.34963378671546114,0.0
497513,2025-02-20T05:00:00.000000000,0.555,0.262,0.0,0.0,0.32384353254030557,0.0
497513,2025-02-20T06:00:00.000000000,0.56,0.266,0.0,0.0,0.32384353254030557,0.0
497513,2025-02-20T07:00:00.000000000,0.596,0.30400000000000005,0.0,0.0,0.0,0.0
497513,2025-02-20T08:00:00.000000000,0.629,0.337,0.0,0.0,0.3235504614701334,0.0
497513,2025-02-20T09:00:00.000000000,0.579,0.28600000000000003,0.0,0.0,0.0,0.0
497513,2025-02-20T10:00:00.000000000,0.515,0.22,0.0,0.0,0.3235504614701334,0.0
497513,2025-02-20T11:00:00.000000000,0.506,0.21000000000000002,0.0,0.0,0.0,0.0
497513,2025-02-20T12:00:00.000000000,0.41899999999999993,0.124,0.0,0.0,0.3235504614701334,0.0
497513,2025-02-20T13:00:00.000000000,0.52,0.012,0.0,0.0,0.0,0.0
497513,2025-02-20T14:00:00.000000000,0.9610000000000001,0.0,0.0,0.002,2.4785020404464833,0.0
497513,2025-02-20T15:00:00.000000000,0.553,0.0,0.0,0.0,0.7303331068691777,0.0
497513,2025-02-20T16:00:00.000000000,0.45699999999999996,0.0,0.0,0.0,0.6711327506943889,0.0
497513,2025-02-20T17:00:00.000000000,0.421,0.0,0.0,0.0,2.3826678005001667,0.0
497513,2025-02-20T18:00:00.000000000,0.426,0.0,0.0,0.0,2.00724375960955,0.0
497513,2025-02-20T19:00:00.000000000,1.573,0.028,0.0,0.0,0.34963378671546114,0.0
497513,2025-02-20T20:00:00.000000000,2.018,0.0,0.0,0.022,0.6989745023607501,0.0
497513,2025-02-20T21:00:00.000000000,0.399,0.0,0.0,0.0,1.7367391618405887,0.0
497513,2025-02-20T22:00:00.000000000,0.353,0.049,0.0,0.0,0.34963378671546114,0.0
497513,2025-02-20T23:00:00.000000000,0.536,0.04800000000000001,0.0,0.0,1.5069714428255667,0.0
497513,2025-02-21T00:00:00.000000000,0.496,0.027999999999999997,0.0,0.0,0.3376178728384,0.0
497513,2025-02-21T01:00:00.000000000,0.496,0.06,0.0,0.0,0.34963378671546114,0.0
497513,2025-02-21T02:00:00.000000000,0.49,0.10600000000000001,0.0,0.0,0.32384353254030557,0.0
497513,2025-02-21T03:00:00.000000000,0.506,0.14800000000000002,0.0,0.0,0.34963378671546114,0.0
497513,2025-02-21T04:00:00.000000000,0.562,0.22899999999999998,0.0,0.0,0.34963378671546114,0.0
497513,2025-02-21T05:00:00.000000000,0.53,0.236,0.0,0.0,0.3235504614701334,0.0
497513,2025-02-21T06:00:00.000000000,0.557,0.263,0.0,0.0,0.0,0.0
497513,2025-02-21T07:00:00.000000000,0.616,0.296,0.0,0.0,0.32384353254030557,0.0
497513,2025-02-21T08:00:00.000000000,0.6599999999999999,0.348,0.0,0.0,0.0,0.0
497513,2025-02-21T09:00:00.000000000,0.7010000000000001,0.41000000000000003,0.0,0.0,0.32384353254030557,0.0
497513,2025-02-21T10:00:00.000000000,0.5820000000000001,0.288,0.0,0.0,0.32384353254030557,0.0
497513,2025-02-21T11:00:00.000000000,0.45999999999999996,0.165,0.0,0.0,0.7297469647288333,0.0
497513,2025-02-21T12:00:00.000000000,0.43899999999999995,0.083,0.0,0.0,1.0708816904093,0.0
497513,2025-02-21T13:00:00.000000000,0.305,0.011,0.0,0.0,0.0,0.0
497513,2025-02-21T14:00:00.000000000,3.863,0.246,0.0,0.0,0.6928200098871333,0.0
497513,2025-02-21T15:00:00.000000000,0.423,0.0,0.0,0.0,1.4893871786152335,0.0
497513,2025-02-21T16:00:00.000000000,0.458,0.0,0.0,0.004,1.7801136802260777,0.0
497513,2025-02-21T17:00:00.000000000,1.314,0.0,0.0,0.031,0.3235504614701334,0.0
497513,2025-02-21T18:00:00.000000000,0.44,0.0,0.0,0.013000000000000001,0.3235504614701334,0.0
497513,2025-02-21T19:00:00.000000000,1.382,0.0,0.0,0.012,0.3493407156452889,0.0
497513,2025-02-21T20:00:00.000000000,0.492,0.004,0.0,0.003,0.7297469647288333,0.0
497513,2025-02-21T21:00:00.000000000,0.499,0.0,0.0,0.0,0.3235504614701334,0.0
497513,2025-02-21T22:00:00.000000000,0.501,0.0,0.0,0.0,0.3493407156452889,0.0
497513,2025-02-21T23:00:00.000000000,0.488,0.0,0.0,0.0,1.6215622312629057,0.0
497513,2025-02-22T00:00:00.000000000,0.588,0.0,0.0,0.0,1.2833582162841612,0.0
497513,2025-02-22T01:00:00.000000000,0.46699999999999997,0.0,0.0,0.0,0.21159731266434445,0.0
497513,2025-02-22T02:00:00.000000000,0.301,0.0,0.0,0.0,0.3235504614701334,0.0
497513,2025-02-22T03:00:00.000000000,0.297,0.0,0.0,0.0,0.0,0.0
497513,2025-02-22T04:00:00.000000000,0.301,0.005,0.0,0.0,0.34963378671546114,0.0
497513,2025-02-22T05:00:00.000000000,0.33399999999999996,0.04,0.0,0.0,0.3235504614701334,0.0
497513,2025-02-22T06:00:00.000000000,0.364,0.07100000000000001,0.0,0.0,0.043081447315316664,0.0
497513,2025-02-22T07:00:00.000000000,0.384,0.092,0.0,0.0,0.2804690141548167,0.0
497513,2025-02-22T08:00:00.000000000,0.446,0.15600000000000003,0.0,0.0,0.32384353254030557,0.0
497513,2025-02-22T09:00:00.000000000,0.538,0.202,0.0,0.0,0.7235924722552167,0.0
497513,2025-02-22T10:00:00.000000000,0.468,0.09599999999999999,0.0,0.0,1.1385811076190833,0.0
497513,2025-02-22T11:00:00.000000000,0.297,0.001,0.0,0.0,0.3235504614701334,0.0
497513,2025-02-22T12:00:00.000000000,0.296,0.0,0.0,0.0,0.0,0.0
497513,2025-02-22T13:00:00.000000000,0.297,0.0,0.0,0.002,0.3235504614701334,0.0
497513,2025-02-22T14:00:00.000000000,0.297,0.0,0.0,0.004,0.7291608225884889,0.0
497513,2025-02-22T15:00:00.000000000,0.40499999999999997,0.0,0.0,0.014,0.6872516595538611,0.0
497513,2025-02-22T16:00:00.000000000,0.338,0.0,0.0,0.013000000000000001,0.0,0.0
497513,2025-02-22T17:00:00.000000000,0.304,0.0,0.0,0.012,0.3235504614701334,0.0
497513,2025-02-22T18:00:00.000000000,0.40800000000000003,0.0,0.0,0.014000000000000002,0.0,0.0
497513,2025-02-22T19:00:00.000000000,0.515,0.0,0.0,0.005,2.0131051810129943,0.0
497513,2025-02-22T20:00:00.000000000,0.488,0.0,0.0,0.002,1.2502411853547,0.0
497513,2025-02-22T21:00:00.000000000,0.499,0.0,0.0,0.0,0.3235504614701334,0.0
497513,2025-02-22T22:00:00.000000000,0.501,0.0,0.0,0.0,0.3493407156452889,0.0
497513,2025-02-22T23:00:00.000000000,0.488,0.0,0.0,0.0,3.0954166431590115,0.0
497513,2025-02-23T00:00:00.000000000,0.505,0.0,0.0,0.0,1.009922907813478,0.0
497513,2025-02-23T01:00:00.000000000,0.343,0.0,0.0,0.0,0.6992675734309223,0.0
497513,2025-02-23T02:00:00.000000000,0.301,0.0,0.0,0.0,0.34963378671546114,0.0
497513,2025-02-23T03:00:00.000000000,0.36500000000000005,0.068,0.0,0.0,1.1412187472506334,0.0
497513,2025-02-23T04:00:00.000000000,0.378,0.085,0.0,0.0,0.08205989964822223,0.0
497513,2025-02-23T05:00:00.000000000,0.437,0.14300000000000002,0.0,0.0,0.2414905618219111,0.0
497513,2025-02-23T06:00:00.000000000,0.49,0.19599999999999998,0.0,0.0,0.32384353254030557,0.0
497513,2025-02-23T07:00:00.000000000,0.5900000000000001,0.29800000000000004,0.0,0.0,0.0,0.0
497513,2025-02-23T08:00:00.000000000,0.64,0.34800000000000003,0.0,0.0,0.32384353254030557,0.0
497513,2025-02-23T09:00:00.000000000,0.608,0.295,0.0,0.0,0.0,0.0
497513,2025-02-23T10:00:00.000000000,0.554,0.152,0.0,0.0,0.3235504614701334,0.0
497513,2025-02-23T11:00:00.000000000,0.342,0.046,0.0,0.0,0.0,0.0
497513,2025-02-23T12:00:00.000000000,0.32699999999999996,0.0,0.0,0.0,1.03659237519915,0.0
497513,2025-02-23T13:00:00.000000000,0.42,0.0,0.0,0.003,1.0940343049529055,0.0
497513,2025-02-23T14:00:00.000000000,0.398,0.0,0.0,0.012,1.1060502188299668,0.0
497513,2025-02-23T15:00:00.000000000,0.41300000000000003,0.0,0.0,0.023,0.3235504614701334,0.0
497513,2025-02-23T16:00:00.000000000,0.35100000000000003,0.0,0.0,0.024000000000000004,0.3493407156452889,0.0
497513,2025-02-23T17:00:00.000000000,0.318,0.0,0.0,0.023,0.3493407156452889,0.0
497513,2025-02-23T18:00:00.000000000,0.312,0.0,0.0,0.018000000000000002,1.838727894260522,0.0
497513,2025-02-23T19:00:00.000000000,2.328,0.0,0.0,0.005,0.3387901571190889,0.0
497513,2025-02-23T20:00:00.000000000,5.401,0.0,0.0,0.013,2.620348438409839,0.0
497513,2025-02-23T21:00:00.000000000,1.143,0.0,0.0,0.032999999999999995,1.4671137772821443,0.0
497513,2025-02-23T22:00:00.000000000,0.7149999999999999,0.0,0.0,0.02,0.7010259998519557,0.0
497513,2025-02-23T23:00:00.000000000,0.5489999999999999,0.0,0.0,0.013000000000000001,0.6992675734309222,0.0
497513,2025-02-24T00:00:00.000000000,0.46799999999999997,0.0,0.0,0.002,1.0480221469358666,0.0
497513,2025-02-24T01:00:00.000000000,0.305,0.0,0.0,0.0,1.07879460930395,0.0
497513,2025-02-24T02:00:00.000000000,0.301,0.0,0.0,0.0,1.26870466277555,0.0
497513,2025-02-24T03:00:00.000000000,0.297,0.0,0.0,0.0,0.13686418977042777,0.0
497513,2025-02-24T04:00:00.000000000,0.312,0.016,0.0,0.0,0.32384353254030557,0.0
497513,2025-02-24T05:00:00.000000000,0.374,0.08,0.0,0.0,0.0,0.0
497513,2025-02-24T06:00:00.000000000,0.418,0.126,0.0,0.0,0.32384353254030557,0.0
497513,2025-02-24T07:00:00.000000000,0.46499999999999997,0.172,0.0,0.0,0.0,0.0
497513,2025-02-24T08:00:00.000000000,0.549,0.257,0.0,0.0,0.3235504614701334,0.0
497513,2025-02-24T09:00:00.000000000,0.617,0.323,0.0,0.0,0.0,0.0
497513,2025-02-24T10:00:00.000000000,2.7859999999999996,0.515,0.0,0.0,0.6769941720978334,0.0
497513,2025-02-24T11:00:00.000000000,7.067,0.9169999999999999,0.0,0.0,1.0615034161637888,0.0
497513,2025-02-24T12:00:00.000000000,2.0540000000000003,0.129,0.0,0.0,1.4067411368266667,0.0
497513,2025-02-24T13:00:00.000000000,0.388,0.0,0.0,0.002,1.1731634938994056,0.0
497513,2025-02-24T14:00:00.000000000,0.302,0.0,0.0,0.01,0.3235504614701334,0.0
497513,2025-02-24T15:00:00.000000000,0.866,0.0,0.0,0.028,0.6986814312905778,0.0
497513,2025-02-24T16:00:00.000000000,0.376,0.0,0.0,0.016,2.273352291325928,0.0
497513,2025-02-24T17:00:00.000000000,0.308,0.0,0.0,0.013999999999999999,0.3493407156452889,0.0
497513,2025-02-24T18:00:00.000000000,0.305,0.0,0.0,0.012,0.3235504614701334,0.0
497513,2025-02-24T19:00:00.000000000,0.331,0.0,0.0,0.003,0.6989745023607501,0.0
497513,2025-02-24T20:00:00.000000000,0.313,0.0,0.0,0.0,0.34963378671546114,0.0
497513,2025-02-24T21:00:00.000000000,0.406,0.0,0.0,0.002,0.7262301118867667,0.0
497513,2025-02-24T22:00:00.000000000,0.43100000000000005,0.0,0.0,0.0,0.35344371062769997,0.0
497513,2025-02-24T23:00:00.000000000,1.8589999999999998,0.0,0.0,0.033,0.3235504614701334,0.0
497513,2025-02-25T00:00:00.000000000,0.5910000000000001,0.0,0.0,0.01,0.0,0.0
497513,2025-02-25T01:00:00.000000000,0.477,0.0,0.0,0.002,0.3235504614701334,0.0
497513,2025-02-25T02:00:00.000000000,0.36500000000000005,0.0,0.0,0.0,1.0770361828829165,0.0
497513,2025-02-25T03:00:00.000000000,0.296,0.0,0.0,0.0,1.4463057312999168,0.0
497513,2025-02-25T04:00:00.000000000,0.296,0.0,0.0,0.0,0.0,0.0
497513,2025-02-25T05:00:00.000000000,0.307,0.013,0.0,0.0,0.6731842481855945,0.0
497513,2025-02-25T06:00:00.000000000,0.368,0.075,0.0,0.0,0.6992675734309223,0.0
497513,2025-02-25T07:00:00.000000000,0.447,0.15400000000000003,0.0,0.0,0.0,0.0
497513,2025-02-25T08:00:00.000000000,0.477,0.185,0.0,0.0,0.3235504614701333,0.0
497513,2025-02-25T09:00:00.000000000,0.45999999999999996,0.166,0.0,0.0,0.0,0.0
497513,2025-02-25T10:00:00.000000000,0.389,0.065,0.0,0.0,1.5210388541938333,0.0
497513,2025-02-25T11:00:00.000000000,0.418,0.0,0.0,0.0,0.7698977013424277,0.0
497513,2025-02-25T12:00:00.000000000,0.38899999999999996,0.0,0.0,0.0,0.0,0.0
497513,2025-02-25T13:00:00.000000000,0.453,0.0,0.0,0.005,0.3235504614701334,0.0
497513,2025-02-25T14:00:00.000000000,0.45799999999999996,0.0,0.0,0.008,0.3493407156452889,0.0
497513,2025-02-25T15:00:00.000000000,0.433,0.0,0.0,0.01,0.3493407156452889,0.0
497513,2025-02-25T16:00:00.000000000,0.334,0.0,0.0,0.007,0.3235504614701334,0.0
497513,2025-02-25T17:00:00.000000000,0.296,0.0,0.0,0.0,1.4893871786152333,0.0
497513,2025-02-25T18:00:00.000000000,0.293,0.0,0.0,0.0,0.6986814312905778,0.0
497513,2025-02-25T19:00:00.000000000,0.46699999999999997,0.137,0.0,0.0,0.3798201069432,0.0
497513,2025-02-25T20:00:00.000000000,0.517,0.031,0.0,0.0,0.32384353254030557,0.0
497513,2025-02-25T21:00:00.000000000,0.499,0.0,0.0,0.0,0.3235504614701334,0.0
497513,2025-02-25T22:00:00.000000000,0.501,0.0,0.0,0.0,0.0,0.0
497513,2025-02-25T23:00:00.000000000,0.488,0.0,0.0,0.0,0.3235504614701334,0.0
497513,2025-02-26T00:00:00.000000000,0.428,0.0,0.0,0.0,0.6728911771154222,0.0
497513,2025-02-26T01:00:00.000000000,0.362,0.056999999999999995,0.0,0.0,1.0489013601463835,0.0
497513,2025-02-26T02:00:00.000000000,0.4,0.101,0.0,0.0,0.34963378671546114,0.0
497513,2025-02-26T03:00:00.000000000,0.46699999999999997,0.17200000000000001,0.0,0.0,0.32384353254030557,0.0
497513,2025-02-26T04:00:00.000000000,0.5690000000000001,0.274,0.0,0.0,0.0,0.0
497513,2025-02-26T05:00:00.000000000,0.597,0.302,0.0,0.0,0.3235504614701334,0.0
497513,2025-02-26T06:00:00.000000000,0.644,0.351,0.0,0.0,0.3235504614701334,0.0
497513,2025-02-26T07:00:00.000000000,0.708,0.41500000000000004,0.0,0.0,0.0,0.0
497513,2025-02-26T08:00:00.000000000,0.7670000000000001,0.45099999999999996,0.0,0.0,0.7101112030272945,0.0
497513,2025-02-26T09:00:00.000000000,1.069,0.254,0.0,0.0,0.32384353254030557,0.0
497513,2025-02-26T10:00:00.000000000,6.654,1.345,0.0,0.0,1.0993095842160057,0.0
497513,2025-02-26T11:00:00.000000000,7.413,1.228,0.0,0.0,1.987901068978183,0.0
497513,2025-02-26T12:00:00.000000000,4.067,0.326,0.0,0.0,1.9993308407149,0.0
497513,2025-02-26T13:00:00.000000000,0.543,0.0,0.0,0.003,5.334479619274789,0.0
497513,2025-02-26T14:00:00.000000000,0.557,0.0,0.0,0.012,2.0684956132755445,0.0
497513,2025-02-26T15:00:00.000000000,0.5710000000000001,0.0,0.0,0.019000000000000003,1.623613728754111,0.0
497513,2025-02-26T16:00:00.000000000,0.572,0.0,0.0,0.018000000000000002,2.506636863183017,0.0
497513,2025-02-26T17:00:00.000000000,0.595,0.0,0.0,0.018,2.970568367265644,0.0
497513,2025-02-26T18:00:00.000000000,1.01,0.0,0.0,0.032,0.0,0.0
497513,2025-02-26T19:00:00.000000000,0.629,0.0,0.0,0.005,0.3493407156452889,0.0
497513,2025-02-26T20:00:00.000000000,1.066,0.0,0.0,0.008,2.9641208037218556,0.0
497513,2025-02-26T21:00:00.000000000,0.499,0.0,0.0,0.0,1.5943066217368889,0.0
497513,2025-02-26T22:00:00.000000000,0.501,0.0,0.0,0.0,0.0,0.0
497513,2025-02-26T23:00:00.000000000,0.488,0.0,0.0,0.0,0.7115765583781557,0.0
497513,2025-02-27T00:00:00.000000000,0.46599999999999997,0.0,0.0,0.0,1.2965464144419112,0.0
497513,2025-02-27T01:00:00.000000000,0.436,0.0,0.0,0.0,0.0,0.0
497513,2025-02-27T02:00:00.000000000,0.41900000000000004,0.0,0.0,0.0,1.0500736444270724,0.0
497513,2025-02-27T03:00:00.000000000,0.356,0.0,0.0,0.0,1.2314846368636778,0.0
497513,2025-02-27T04:00:00.000000000,0.374,0.053,0.0,0.0,1.4706306301242111,0.0
497513,2025-02-27T05:00:00.000000000,0.387,0.094,0.0,0.0,0.3235504614701334,0.0
497513,2025-02-27T06:00:00.000000000,0.448,0.15500000000000003,0.0,0.0,0.0,0.0
497513,2025-02-27T07:00:00.000000000,0.519,0.226,0.0,0.0,0.3235504614701334,0.0
497513,2025-02-27T08:00:00.000000000,0.54,0.25,0.0,0.0,0.0,0.0
497513,2025-02-27T09:00:00.000000000,0.616,0.30300000000000005,0.0,0.0,1.0705886193391279,0.0
497513,2025-02-27T10:00:00.000000000,0.59,0.208,0.0,0.0,0.32384353254030557,0.0
497513,2025-02-27T11:00:00.000000000,0.5349999999999999,0.118,0.0,0.0,1.8829816258565275,0.0
497513,2025-02-27T12:00:00.000000000,0.45,0.0,0.0,0.0,1.6368019269118612,0.0
497513,2025-02-27T13:00:00.000000000,0.545,0.0,0.0,0.006,2.8624251423720946,0.0
497513,2025-02-27T14:00:00.000000000,0.561,0.0,0.0,0.018,2.4471434359380555,0.0
497513,2025-02-27T15:00:00.000000000,0.514,0.0,0.0,0.027999999999999997,1.5251418491762445,0.0
497513,2025-02-27T16:00:00.000000000,0.454,0.0,0.0,0.028999999999999998,1.6863309377709668,0.0
497513,2025-02-27T17:00:00.000000000,0.35800000000000004,0.0,0.0,0.031,0.6728911771154222,0.0
497513,2025-02-27T18:00:00.000000000,3.862,0.0,0.0,0.048,1.0424537966025946,0.0
497513,2025-02-27T19:00:00.000000000,6.154,0.0,0.0,0.029,1.04186765446225,0.0
497513,2025-02-27T20:00:00.000000000,0.607,0.0,0.0,0.028,1.0585727054620668,0.0
497513,2025-02-27T21:00:00.000000000,0.522,0.0,0.0,0.023000000000000003,0.6945784363081666,0.0
497513,2025-02-27T22:00:00.000000000,0.513,0.0,0.0,0.012,1.4879218232643723,0.0
497513,2025-02-27T23:00:00.000000000,0.309,0.0,0.0,0.001,1.176094204601128,0.0
497513,2025-02-28T00:00:00.000000000,0.308,0.0,0.0,0.0,0.3493407156452889,0.0
497513,2025-02-28T01:00:00.000000000,0.305,0.0,0.0,0.0,1.9043758139790998,0.0
497513,2025-02-28T02:00:00.000000000,0.301,0.0,0.0,0.0,0.49411782431036666,0.0
497513,2025-02-28T03:00:00.000000000,0.297,0.0,0.0,0.0,0.0,0.0
497513,2025-02-28T04:00:00.000000000,0.296,0.0,0.0,0.0,0.3235504614701334,0.0
497513,2025-02-28T05:00:00.000000000,0.293,0.0,0.0,0.0,0.0,0.0
497513,2025-02-28T06:00:00.000000000,0.292,0.0,0.0,0.0,0.3235504614701334,0.0
497513,2025-02-28T07:00:00.000000000,0.292,0.0,0.0,0.0,0.13246812371784444,0.0
497513,2025-02-28T08:00:00.000000000,0.292,0.0,0.0,0.0,0.1910823377522889,0.0
497513,2025-02-28T09:00:00.000000000,0.342,0.008,0.0,0.0,2.155244650046522,0.0
497513,2025-02-28T10:00:00.000000000,0.357,0.033,0.0,0.0,1.963283099083717,0.0
497513,2025-02-28T11:00:00.000000000,0.418,0.0,0.0,0.0,1.5101952245974612,0.0
497513,2025-02-28T12:00:00.000000000,0.427,0.0,0.0,0.009000000000000001,0.0,0.0
497513,2025-02-28T13:00:00.000000000,0.438,0.0,0.0,0.022,0.3235504614701334,0.0
497513,2025-02-28T14:00:00.000000000,0.449,0.0,0.0,0.031,0.3493407156452889,0.0
497513,2025-02-28T15:00:00.000000000,0.46,0.0,0.0,0.037000000000000005,0.7599332849565722,0.0
497513,2025-02-28T16:00:00.000000000,0.468,0.0,0.0,0.044,0.3493407156452889,0.0
497513,2025-02-28T17:00:00.000000000,0.469,0.0,0.0,0.048,0.3235504614701334,0.0
497513,2025-02-28T18:00:00.000000000,0.542,0.0,0.0,0.049,0.6951645784485111,0.0
497513,2025-02-28T19:00:00.000000000,0.661,0.0,0.0,0.038,0.0,0.0
497513,2025-02-28T20:00:00.000000000,0.6499999999999999,0.0,0.0,0.038,0.3235504614701334,0.0
497513,2025-02-28T21:00:00.000000000,0.6759999999999999,0.0,0.0,0.03,3.464393120505839,0.0
497513,2025-02-28T22:00:00.000000000,0.73,0.0,0.0,0.034999999999999996,1.45861471624715,0.0
497513,2025-02-28T23:00:00.000000000,0.704,0.0,0.0,0.034,0.0,0.0
497513,2025-03-01T00:00:00.000000000,0.49,0.0,0.0,0.023000000000000003,0.3235504614701334,0.0
497513,2025-03-01T01:00:00.000000000,0.36100000000000004,0.0,0.0,0.017,0.0,0.0
497513,2025-03-01T02:00:00.000000000,0.309,0.0,0.0,0.008,1.1810764127940556,0.0
497513,2025-03-01T03:00:00.000000000,0.313,0.0,0.0,0.009000000000000001,0.3493407156452889,0.0
497513,2025-03-01T04:00:00.000000000,0.312,0.0,0.0,0.008,0.3235504614701334,0.0
497513,2025-03-01T05:00:00.000000000,0.307,0.0,0.0,0.003,0.0,0.0
497513,2025-03-01T06:00:00.000000000,0.304,0.0,0.0,0.0,0.3235504614701334,0.0
497513,2025-03-01T07:00:00.000000000,0.301,0.0,0.0,0.0,0.0,0.0
497513,2025-03-01T08:00:00.000000000,0.3,0.0,0.0,0.0,0.3235504614701334,0.0
497513,2025-03-01T09:00:00.000000000,0.31399999999999995,0.0,0.0,0.0,0.7098181319571222,0.0
497513,2025-03-01T10:00:00.000000000,0.387,0.0,0.0,0.0,1.823781269681739,0.0
497513,2025-03-01T11:00:00.000000000,0.46299999999999997,0.0,0.0,0.007,1.5283656309481388,0.0
497513,2025-03-01T12:00:00.000000000,0.907,0.0,0.0,0.032,1.4764920515276556,0.0
497513,2025-03-01T13:00:00.000000000,0.485,0.0,0.0,0.029,1.1051710056194501,0.0
497513,2025-03-01T14:00:00.000000000,0.41,0.0,0.0,0.028999999999999998,0.7291608225884889,0.0
497513,2025-03-01T15:00:00.000000000,0.419,0.0,0.0,0.034999999999999996,0.6728911771154222,0.0
497513,2025-03-01T16:00:00.000000000,0.422,0.0,0.0,0.037,1.0480221469358666,0.0
497513,2025-03-01T17:00:00.000000000,0.419,0.0,0.0,0.035,0.6986814312905778,0.0
497513,2025-03-01T18:00:00.000000000,0.422,0.0,0.0,0.036000000000000004,0.6986814312905778,0.0
497513,2025-03-01T19:00:00.000000000,0.45999999999999996,0.0,0.0,0.024,0.3235504614701334,0.0
497513,2025-03-01T20:00:00.000000000,1.047,0.0,0.0,0.046,0.3235504614701334,0.0
497513,2025-03-01T21:00:00.000000000,2.356,0.0,0.0,0.082,1.1374088233383945,0.0
497513,2025-03-01T22:00:00.000000000,0.5880000000000001,0.0,0.0,0.037,1.9313383524349446,0.0
497513,2025-03-01T23:00:00.000000000,0.379,0.0,0.0,0.03,0.7353153150621056,0.0
497513,2025-03-02T00:00:00.000000000,0.337,0.0,0.0,0.019,0.3493407156452889,0.0
497513,2025-03-02T01:00:00.000000000,0.329,0.0,0.0,0.016,0.3235504614701334,0.0
497513,2025-03-02T02:00:00.000000000,0.33799999999999997,0.0,0.0,0.012,0.6986814312905778,0.0
497513,2025-03-02T03:00:00.000000000,0.332,0.0,0.0,0.011000000000000001,0.0,0.0
497513,2025-03-02T04:00:00.000000000,0.313,0.0,0.0,0.008,0.3235504614701334,0.0
497513,2025-03-02T05:00:00.000000000,0.311,0.0,0.0,0.008,0.0,0.0
497513,2025-03-02T06:00:00.000000000,0.308,0.0,0.0,0.006,0.3235504614701334,0.0
497513,2025-03-02T07:00:00.000000000,0.306,0.0,0.0,0.003,0.0,0.0
497513,2025-03-02T08:00:00.000000000,0.306,0.0,0.0,0.006,0.3235504614701334,0.0
497513,2025-03-02T09:00:00.000000000,0.308,0.0,0.0,0.008,0.0,0.0
497513,2025-03-02T10:00:00.000000000,0.367,0.0,0.0,0.011,0.3235504614701334,0.0
497513,2025-03-02T11:00:00.000000000,0.393,0.0,0.0,0.013000000000000001,0.0,0.0
497513,2025-03-02T12:00:00.000000000,0.402,0.0,0.0,0.020000000000000004,0.3235504614701334,0.0
497513,2025-03-02T13:00:00.000000000,0.407,0.0,0.0,0.027,0.0,0.0
497513,2025-03-02T14:00:00.000000000,0.413,0.0,0.0,0.032,1.0222318927607112,0.0
497513,2025-03-02T15:00:00.000000000,0.426,0.0,0.0,0.040999999999999995,0.3235504614701334,0.0
497513,2025-03-02T16:00:00.000000000,0.428,0.0,0.0,0.043,0.34054858354012224,0.0
497513,2025-03-02T17:00:00.000000000,1.3689999999999998,0.0,0.0,0.064,0.6986814312905778,0.0
497513,2025-03-02T18:00:00.000000000,0.7969999999999999,0.0,0.0,0.05,1.6397326376135835,0.0
497513,2025-03-02T19:00:00.000000000,0.475,0.0,0.0,0.041,0.3493407156452889,0.0
497513,2025-03-02T20:00:00.000000000,0.474,0.0,0.0,0.037,1.0785015382337777,0.0
497513,2025-03-02T21:00:00.000000000,0.477,0.0,0.0,0.027999999999999997,1.0222318927607112,0.0
497513,2025-03-02T22:00:00.000000000,0.479,0.0,0.0,0.027,0.3493407156452889,0.0
497513,2025-03-02T23:00:00.000000000,0.472,0.0,0.0,0.025,0.6471009229402668,0.0
497513,2025-03-03T00:00:00.000000000,0.37000000000000005,0.0,0.0,0.021,0.0,0.0
497513,2025-03-03T01:00:00.000000000,0.333,0.0,0.0,0.018000000000000002,0.3235504614701334,0.0
497513,2025-03-03T02:00:00.000000000,0.35400000000000004,0.0,0.0,0.018000000000000002,0.6781664563785222,0.0
497513,2025-03-03T03:00:00.000000000,0.324,0.0,0.0,0.016,0.33468716213667776,0.0
497513,2025-03-03T04:00:00.000000000,0.321,0.0,0.0,0.016,0.0,0.0
497513,2025-03-03T05:00:00.000000000,0.317,0.0,0.0,0.012,0.3235504614701334,0.0
497513,2025-03-03T06:00:00.000000000,0.313,0.0,0.0,0.01,0.0,0.0
497513,2025-03-03T07:00:00.000000000,0.306,0.0,0.0,0.005,0.3235504614701334,0.0
497513,2025-03-03T08:00:00.000000000,0.3,0.0,0.0,0.0,0.3235504614701334,0.0
497513,2025-03-03T09:00:00.000000000,0.304,0.0,0.0,0.002,0.0,0.0
497513,2025-03-03T10:00:00.000000000,0.312,0.0,0.0,0.008,0.3235504614701334,0.0
497513,2025-03-03T11:00:00.000000000,0.423,0.0,0.0,0.002,2.1086463498891392,0.0
497513,2025-03-03T12:00:00.000000000,0.44100000000000006,0.0,0.0,0.0,1.3577982681079055,0.0
497513,2025-03-03T13:00:00.000000000,0.381,0.0,0.0,0.0,0.7408836653953778,0.0
497513,2025-03-03T14:00:00.000000000,0.386,0.0,0.0,0.005,0.8912291243937278,0.0
497513,2025-03-03T15:00:00.000000000,0.394,0.0,0.0,0.007,2.339879424255022,0.0
497513,2025-03-03T16:00:00.000000000,0.399,0.0,0.0,0.011,1.5579658090355335,0.0
497513,2025-03-03T17:00:00.000000000,0.32,0.0,0.0,0.013000000000000001,1.0527112840586224,0.0
497513,2025-03-03T18:00:00.000000000,0.316,0.0,0.0,0.012,1.180490270653711,0.0
497513,2025-03-03T19:00:00.000000000,0.367,0.0,0.0,0.003,0.3493407156452889,0.0
497513,2025-03-03T20:00:00.000000000,0.442,0.0,0.0,0.005,1.939837413469939,0.0
497513,2025-03-03T21:00:00.000000000,0.386,0.0,0.0,0.006,0.0,0.0
497513,2025-03-03T22:00:00.000000000,0.316,0.0,0.0,0.0,0.3235504614701334,0.0
497513,2025-03-03T23:00:00.000000000,0.316,0.0,0.0,0.0,0.3493407156452889,0.0
497513,2025-03-04T00:00:00.000000000,0.39999999999999997,0.0,0.0,0.0,1.143270244741839,0.0
497513,2025-03-04T01:00:00.000000000,0.341,0.0,0.0,0.0,1.610132459526189,0.0
497513,2025-03-04T02:00:00.000000000,0.309,0.0,0.0,0.0,0.0,0.0
497513,2025-03-04T03:00:00.000000000,0.305,0.0,0.0,0.0,0.3235504614701334,0.0
497513,2025-03-04T04:00:00.000000000,0.345,0.040999999999999995,0.0,0.0,0.0,0.0
497513,2025-03-04T05:00:00.000000000,0.386,0.08399999999999999,0.0,0.0,0.3235504614701334,0.0
497513,2025-03-04T06:00:00.000000000,0.417,0.11499999999999999,0.0,0.0,0.0,0.0
497513,2025-03-04T07:00:00.000000000,0.441,0.14,0.0,0.0,0.3235504614701334,0.0
497513,2025-03-04T08:00:00.000000000,0.455,0.154,0.0,0.0,0.2268370083133,0.0
497513,2025-03-04T09:00:00.000000000,0.441,0.13999999999999999,0.0,0.0,0.09700652422700556,0.0
497513,2025-03-04T10:00:00.000000000,0.36000000000000004,0.05499999999999999,0.0,0.0,0.32384353254030557,0.0
497513,2025-03-04T11:00:00.000000000,0.307,0.0,0.0,0.0,0.0,0.0
497513,2025-03-04T12:00:00.000000000,0.794,0.0,0.0,0.013000000000000001,0.3235504614701334,0.0
497513,2025-03-04T13:00:00.000000000,0.33599999999999997,0.0,0.0,0.012,0.0,0.0
497513,2025-03-04T14:00:00.000000000,0.341,0.0,0.0,0.018000000000000002,0.32355046147013333,0.0
497513,2025-03-04T15:00:00.000000000,0.327,0.0,0.0,0.023,0.0,0.0
497513,2025-03-04T16:00:00.000000000,0.33,0.0,0.0,0.024,1.1086878584615167,0.0
497513,2025-03-04T17:00:00.000000000,0.335,0.0,0.0,0.03,0.6728911771154222,0.0
497513,2025-03-04T18:00:00.000000000,0.334,0.0,0.0,0.03,0.0,0.0
497513,2025-03-04T19:00:00.000000000,0.347,0.0,0.0,0.007,0.3235504614701334,0.0
497513,2025-03-04T20:00:00.000000000,0.334,0.0,0.0,0.01,0.0,0.0
497513,2025-03-04T21:00:00.000000000,0.362,0.0,0.0,0.013000000000000001,0.3235504614701334,0.0
497513,2025-03-04T22:00:00.000000000,0.893,0.0,0.0,0.024,0.0,0.0
497513,2025-03-04T23:00:00.000000000,0.462,0.0,0.0,0.016,0.3235504614701334,0.0
497513,2025-03-05T00:00:00.000000000,0.44,0.0,0.0,0.007,1.2320707790040224,0.0
497513,2025-03-05T01:00:00.000000000,0.398,0.0,0.0,0.003,1.453632508054222,0.0
497513,2025-03-05T02:00:00.000000000,0.314,0.0,0.0,0.004,4.2835267616372,0.0
497513,2025-03-05T03:00:00.000000000,0.307,0.0,0.0,0.002,1.5934274085263722,0.0
497513,2025-03-05T04:00:00.000000000,0.306,0.0,0.0,0.002,0.6400672172561334,0.0
497513,2025-03-05T05:00:00.000000000,0.304,0.0,0.0,0.0,0.0,0.0
497513,2025-03-05T06:00:00.000000000,0.304,0.0,0.0,0.0,0.3235504614701334,0.0
497513,2025-03-05T07:00:00.000000000,0.301,0.0,0.0,0.0,0.0,0.0
497513,2025-03-05T08:00:00.000000000,0.3,0.0,0.0,0.0,0.3235504614701334,0.0
497513,2025-03-05T09:00:00.000000000,0.303,0.0,0.0,0.0,0.0,0.0
497513,2025-03-05T10:00:00.000000000,0.32199999999999995,0.0,0.0,0.0,0.6951645784485111,0.0
497513,2025-03-05T11:00:00.000000000,0.389,0.0,0.0,0.008,0.3235504614701334,0.0
497513,2025-03-05T12:00:00.000000000,0.392,0.0,0.0,0.009000000000000001,0.0,0.0
497513,2025-03-05T13:00:00.000000000,0.389,0.0,0.0,0.009000000000000001,0.3235504614701334,0.0
497513,2025-03-05T14:00:00.000000000,0.392,0.0,0.0,0.01,0.0,0.0
497513,2025-03-05T15:00:00.000000000,0.41900000000000004,0.0,0.0,0.014,0.6986814312905778,0.0
497513,2025-03-05T16:00:00.000000000,1.374,0.0,0.0,0.042,0.3493407156452889,0.0
497513,2025-03-05T17:00:00.000000000,3.936,0.0,0.0,0.012,0.6602891210980166,0.0
497513,2025-03-05T18:00:00.000000000,3.079,0.0,0.0,0.014,1.8932391133125555,0.0
497513,2025-03-05T19:00:00.000000000,0.46299999999999997,0.0,0.0,0.008,1.5016961635624666,0.0
497513,2025-03-05T20:00:00.000000000,0.444,0.0,0.0,0.008,1.5210388541938333,0.0
497513,2025-03-05T21:00:00.000000000,0.35200000000000004,0.0,0.0,0.006,1.361315120949972,0.0
497513,2025-03-05T22:00:00.000000000,0.452,0.0,0.0,0.0,1.5482944637198501,0.0
497513,2025-03-05T23:00:00.000000000,0.48,0.0,0.0,0.001,1.4744405540364502,0.0
497513,2025-03-06T00:00:00.000000000,0.55,0.0,0.0,0.002,2.3744618105353448,0.0
497513,2025-03-06T01:00:00.000000000,0.476,0.0,0.0,0.002,0.0,0.0
497513,2025-03-06T02:00:00.000000000,0.36800000000000005,0.0,0.0,0.0,0.3235504614701334,0.0
497513,2025-03-06T03:00:00.000000000,0.313,0.0,0.0,0.0,0.0,0.0
497513,2025-03-06T04:00:00.000000000,0.304,0.0,0.0,0.0,0.3235504614701334,0.0
497513,2025-03-06T05:00:00.000000000,0.31999999999999995,0.016,0.0,0.0,0.0,0.0
497513,2025-03-06T06:00:00.000000000,0.381,0.08,0.0,0.0,0.32384353254030557,0.0
497513,2025-03-06T07:00:00.000000000,0.438,0.137,0.0,0.0,0.32384353254030557,0.0
497513,2025-03-06T08:00:00.000000000,0.473,0.173,0.0,0.0,0.0,0.0
497513,2025-03-06T09:00:00.000000000,0.485,0.18300000000000002,0.0,0.0,0.32384353254030557,0.0
497513,2025-03-06T10:00:00.000000000,0.43099999999999994,0.091,0.0,0.0,0.7142141980097056,0.0
497513,2025-03-06T11:00:00.000000000,0.348,0.004,0.0,0.0,0.3235504614701334,0.0
497513,2025-03-06T12:00:00.000000000,0.36200000000000004,0.0,0.0,0.0,1.0688301929180946,0.0
497513,2025-03-06T13:00:00.000000000,0.309,0.0,0.0,0.005,0.0,0.0
497513,2025-03-06T14:00:00.000000000,0.317,0.0,0.0,0.013000000000000001,0.3493407156452889,0.0
497513,2025-03-06T15:00:00.000000000,0.412,0.0,0.0,0.025,0.6450494254490612,0.0
497513,2025-03-06T16:00:00.000000000,0.417,0.0,0.0,0.03,0.37483789875027224,0.0
497513,2025-03-06T17:00:00.000000000,0.417,0.0,0.0,0.033,0.0,0.0
497513,2025-03-06T18:00:00.000000000,0.422,0.0,0.0,0.036,0.3235504614701334,0.0
497513,2025-03-06T19:00:00.000000000,0.45999999999999996,0.0,0.0,0.026,0.0,0.0
497513,2025-03-06T20:00:00.000000000,0.456,0.0,0.0,0.018,2.098388862433111,0.0
497513,2025-03-06T21:00:00.000000000,0.463,0.0,0.0,0.015000000000000001,1.5028684478431558,0.0
497513,2025-03-06T22:00:00.000000000,0.462,0.0,0.0,0.011,0.7593471428162278,0.0
497513,2025-03-06T23:00:00.000000000,0.45,0.0,0.0,0.003,1.5286587020183113,0.0
497513,2025-03-07T00:00:00.000000000,0.432,0.0,0.0,0.0,1.6159938809296333,0.0
497513,2025-03-07T01:00:00.000000000,0.395,0.0,0.0,0.0,1.146200955443561,0.0
497513,2025-03-07T02:00:00.000000000,0.31,0.0,0.0,0.0,0.3493407156452889,0.0
497513,2025-03-07T03:00:00.000000000,0.305,0.0,0.0,0.0,0.3235504614701334,0.0
497513,2025-03-07T04:00:00.000000000,0.304,0.0,0.0,0.0,0.0,0.0
497513,2025-03-07T05:00:00.000000000,0.304,0.0,0.0,0.0,0.3235504614701334,0.0
497513,2025-03-07T06:00:00.000000000,0.32,0.018000000000000002,0.0,0.0,0.0,0.0
497513,2025-03-07T07:00:00.000000000,0.372,0.07100000000000001,0.0,0.0,0.32384353254030557,0.0
497513,2025-03-07T08:00:00.000000000,0.40599999999999997,0.106,0.0,0.0,0.0,0.0
497513,2025-03-07T09:00:00.000000000,0.422,0.119,0.0,0.0,0.32384353254030557,0.0
497513,2025-03-07T10:00:00.000000000,0.36000000000000004,0.057,0.0,0.0,0.0,0.0
497513,2025-03-07T11:00:00.000000000,0.304,0.0,0.0,0.0,0.3235504614701334,0.0
497513,2025-03-07T12:00:00.000000000,0.304,0.0,0.0,0.0,0.25760947068138335,0.0
497513,2025-03-07T13:00:00.000000000,0.309,0.0,0.0,0.005,0.06594099078875,0.0
497513,2025-03-07T14:00:00.000000000,0.382,0.0,0.0,0.020000000000000004,0.3235504614701334,0.0
497513,2025-03-07T15:00:00.000000000,0.415,0.0,0.0,0.03,0.0,0.0
497513,2025-03-07T16:00:00.000000000,0.425,0.0,0.0,0.03900000000000001,0.3235504614701334,0.0
497513,2025-03-07T17:00:00.000000000,0.429,0.0,0.0,0.044,0.0,0.0
497513,2025-03-07T18:00:00.000000000,0.431,0.0,0.0,0.042,0.6980952891502333,0.0
497513,2025-03-07T19:00:00.000000000,0.46599999999999997,0.0,0.0,0.031,0.34904764457511667,0.0
497513,2025-03-07T20:00:00.000000000,0.492,0.0,0.0,0.026,2.7176480337070164,0.0
497513,2025-03-07T21:00:00.000000000,1.0979999999999999,0.0,0.0,0.044,0.41147178252180006,0.0
497513,2025-03-07T22:00:00.000000000,1.016,0.0,0.0,0.041999999999999996,1.5184012145622834,0.0
497513,2025-03-07T23:00:00.000000000,0.505,0.0,0.0,0.026,0.6048986888354667,0.0
497513,2025-03-08T00:00:00.000000000,0.531,0.0,0.0,0.015,4.038519346973223,0.0
497513,2025-03-08T01:00:00.000000000,0.494,0.0,0.0,0.02,0.3862676704869889,0.0
497513,2025-03-08T02:00:00.000000000,0.386,0.0,0.0,0.016,0.67259810604525,0.0
497513,2025-03-08T03:00:00.000000000,0.329,0.0,0.0,0.013999999999999999,0.3235504614701334,0.0
497513,2025-03-08T04:00:00.000000000,0.316,0.0,0.0,0.012,0.3235504614701334,0.0
497513,2025-03-08T05:00:00.000000000,0.313,0.0,0.0,0.009000000000000001,0.0,0.0
497513,2025-03-08T06:00:00.000000000,0.31,0.0,0.0,0.008,0.3235504614701334,0.0
497513,2025-03-08T07:00:00.000000000,0.308,0.0,0.0,0.008,0.0,0.0
497513,2025-03-08T08:00:00.000000000,0.31,0.0,0.0,0.002,1.5142982195798722,0.0
497513,2025-03-08T09:00:00.000000000,0.335,0.0,0.0,0.006,0.0,0.0
497513,2025-03-08T10:00:00.000000000,0.32399999999999995,0.0,0.0,0.002,0.3235504614701334,0.0
497513,2025-03-08T11:00:00.000000000,0.387,0.0,0.0,0.006,0.0,0.0
497513,2025-03-08T12:00:00.000000000,0.386,0.0,0.0,0.004,0.40062815292542786,0.0
497513,2025-03-08T13:00:00.000000000,0.395,0.0,0.0,0.015,0.25174804927793887,0.0
497513,2025-03-08T14:00:00.000000000,0.825,0.0,0.0,0.026000000000000002,0.3235504614701334,0.0
497513,2025-03-08T15:00:00.000000000,0.408,0.0,0.0,0.025,0.0,0.0
497513,2025-03-08T16:00:00.000000000,0.414,0.0,0.0,0.026000000000000002,0.6980952891502333,0.0
497513,2025-03-08T17:00:00.000000000,0.412,0.0,0.0,0.027000000000000003,0.34904764457511667,0.0
497513,2025-03-08T18:00:00.000000000,0.43599999999999994,0.0,0.0,0.025,0.6980952891502333,0.0
497513,2025-03-08T19:00:00.000000000,0.33999999999999997,0.0,0.0,0.0,1.2414490532495335,0.0
497513,2025-03-08T20:00:00.000000000,0.356,0.0,0.0,0.002,3.2117658580173836,0.0
497513,2025-03-08T21:00:00.000000000,0.459,0.0,0.0,0.012,0.6948715073783389,0.0
497513,2025-03-08T22:00:00.000000000,0.458,0.0,0.0,0.006,1.248482758933667,0.0
497513,2025-03-08T23:00:00.000000000,0.41700000000000004,0.0,0.0,0.003,1.1740427071099222,0.0
497513,2025-03-09T00:00:00.000000000,0.318,0.0,0.0,0.001,0.34904764457511667,0.0
497513,2025-03-09T01:00:00.000000000,0.355,0.0,0.0,0.006,1.0673648375672333,0.0
497513,2025-03-09T02:00:00.000000000,0.35300000000000004,0.0,0.0,0.008,0.0,0.0
497513,2025-03-09T03:00:00.000000000,0.313,0.0,0.0,0.008,0.3235504614701334,0.0
497513,2025-03-09T04:00:00.000000000,0.312,0.0,0.0,0.006,0.0,0.0
497513,2025-03-09T05:00:00.000000000,0.312,0.0,0.0,0.008,0.3235504614701334,0.0
497513,2025-03-09T06:00:00.000000000,0.312,0.0,0.0,0.008,0.0,0.0
497513,2025-03-09T07:00:00.000000000,0.312,0.0,0.0,0.011,0.3235504614701334,0.0
497513,2025-03-09T08:00:00.000000000,0.31,0.0,0.0,0.01,0.0,0.0
497513,2025-03-09T09:00:00.000000000,0.32399999999999995,0.0,0.0,0.012,0.3235504614701334,0.0
497513,2025-03-09T10:00:00.000000000,1.7120000000000002,0.0,0.0,0.045,1.9231323624701222,0.0
497513,2025-03-09T11:00:00.000000000,0.478,0.0,0.0,0.023000000000000003,1.0348339487781166,0.0
497513,2025-03-09T12:00:00.000000000,0.474,0.0,0.0,0.015,0.9454472723755889,0.0
497513,2025-03-09T13:00:00.000000000,0.476,0.0,0.0,0.019,0.67259810604525,0.0
497513,2025-03-09T14:00:00.000000000,0.478,0.0,0.0,0.019000000000000003,0.0,0.0
497513,2025-03-09T15:00:00.000000000,0.49,0.0,0.0,0.024,0.3235504614701334,0.0
497513,2025-03-09T16:00:00.000000000,0.492,0.0,0.0,0.025,2.182793330642711,0.0
497513,2025-03-09T17:00:00.000000000,0.494,0.0,0.0,0.034,1.4612523558787,0.0
497513,2025-03-09T18:00:00.000000000,0.421,0.0,0.0,0.031,0.34904764457511667,0.0
497513,2025-03-09T19:00:00.000000000,0.45799999999999996,0.0,0.0,0.022000000000000002,0.0,0.0
497513,2025-03-09T20:00:00.000000000,0.463,0.0,0.0,0.024999999999999998,0.67259810604525,0.0
497513,2025-03-09T21:00:00.000000000,0.471,0.0,0.0,0.023,1.6145285255787722,0.0
497513,2025-03-09T22:00:00.000000000,0.478,0.0,0.0,0.026000000000000002,0.6980952891502333,0.0
497513,2025-03-09T23:00:00.000000000,1.492,0.0,0.0,0.053000000000000005,0.6980952891502333,0.0
497513,2025-03-10T00:00:00.000000000,0.588,0.0,0.0,0.038,0.3235504614701334,0.0
497513,2025-03-10T01:00:00.000000000,0.395,0.0,0.0,0.025,0.0,0.0
497513,2025-03-10T02:00:00.000000000,0.33199999999999996,0.0,0.0,0.013000000000000001,1.107808645251,0.0
497513,2025-03-10T03:00:00.000000000,0.329,0.0,0.0,0.013000000000000001,0.0,0.0
497513,2025-03-10T04:00:00.000000000,0.313,0.0,0.0,0.008,0.32325739039996115,0.0
497513,2025-03-10T05:00:00.000000000,0.31,0.0,0.0,0.007,0.0,0.0
497513,2025-03-10T06:00:00.000000000,0.305,0.0,0.0,0.002,0.3235504614701334,0.0
497513,2025-03-10T07:00:00.000000000,0.301,0.0,0.0,0.0,0.0,0.0
497513,2025-03-10T08:00:00.000000000,0.302,0.0,0.0,0.001,0.3235504614701334,0.0
497513,2025-03-10T09:00:00.000000000,0.308,0.0,0.0,0.008,0.3235504614701334,0.0
497513,2025-03-10T10:00:00.000000000,0.365,0.0,0.0,0.006,0.6925269388169611,0.0
497513,2025-03-10T11:00:00.000000000,0.36700000000000005,0.0,0.0,0.003,0.81503064614895,0.0
497513,2025-03-10T12:00:00.000000000,0.39,0.0,0.0,0.008,0.3235504614701334,0.0
497513,2025-03-10T13:00:00.000000000,0.406,0.0,0.0,0.006,0.7098181319571222,0.0
497513,2025-03-10T14:00:00.000000000,0.44900000000000007,0.0,0.0,0.01,1.1198245591280611,0.0
497513,2025-03-10T15:00:00.000000000,0.333,0.0,0.0,0.009000000000000001,0.34904764457511667,0.0
497513,2025-03-10T16:00:00.000000000,0.32,0.0,0.0,0.016,0.7279885383078,0.0
497513,2025-03-10T17:00:00.000000000,0.323,0.0,0.0,0.019000000000000003,0.6471009229402668,0.0
497513,2025-03-10T18:00:00.000000000,0.322,0.0,0.0,0.017,0.67259810604525,0.0
497513,2025-03-10T19:00:00.000000000,0.415,0.0,0.0,0.003,0.7581748585355389,0.0
497513,2025-03-10T20:00:00.000000000,0.513,0.0,0.0,0.017,1.6072017488244668,0.0
497513,2025-03-10T21:00:00.000000000,0.46399999999999997,0.0,0.0,0.017,1.2405698400390166,0.0
497513,2025-03-10T22:00:00.000000000,0.506,0.0,0.0,0.022000000000000002,0.0,0.0
497513,2025-03-10T23:00:00.000000000,0.36600000000000005,0.0,0.0,0.016,0.67259810604525,0.0
497513,2025-03-11T00:00:00.000000000,0.33,0.0,0.0,0.012,0.3235504614701334,0.0
497513,2025-03-11T01:00:00.000000000,0.319,0.0,0.0,0.006,1.6951230698761335,0.0
497513,2025-03-11T02:00:00.000000000,0.322,0.0,0.0,0.012,1.04714293372535,0.0
497513,2025-03-11T03:00:00.000000000,0.318,0.0,0.0,0.011,0.7203686904833222,0.0
497513,2025-03-11T04:00:00.000000000,0.315,0.0,0.0,0.01,0.0,0.0
497513,2025-03-11T05:00:00.000000000,0.312,0.0,0.0,0.008,0.3235504614701334,0.0
497513,2025-03-11T06:00:00.000000000,0.306,0.0,0.0,0.003,0.0,0.0
497513,2025-03-11T07:00:00.000000000,0.301,0.0,0.0,0.0,0.3235504614701334,0.0
497513,2025-03-11T08:00:00.000000000,0.304,0.0,0.0,0.0,1.1523554479171778,0.0
497513,2025-03-11T09:00:00.000000000,0.33999999999999997,0.0,0.0,0.0,0.3235504614701334,0.0
497513,2025-03-11T10:00:00.000000000,0.9139999999999999,0.0,0.0,0.016,0.7174379797816,0.0
497513,2025-03-11T11:00:00.000000000,1.2929999999999997,0.0,0.0,0.034,1.420222406054589,0.0
497513,2025-03-11T12:00:00.000000000,0.471,0.0,0.0,0.011000000000000001,2.6596199618129166,0.0
497513,2025-03-11T13:00:00.000000000,0.397,0.0,0.0,0.017,0.34904764457511667,0.0
497513,2025-03-11T14:00:00.000000000,0.404,0.0,0.0,0.024,0.3235504614701334,0.0
497513,2025-03-11T15:00:00.000000000,0.842,0.0,0.0,0.041,0.34904764457511667,0.0
497513,2025-03-11T16:00:00.000000000,0.418,0.0,0.0,0.032,1.1459078843733888,0.0
497513,2025-03-11T17:00:00.000000000,0.407,0.0,0.0,0.024,2.607453311322261,0.0
497513,2025-03-11T18:00:00.000000000,0.42,0.0,0.0,0.03,0.6980952891502333,0.0
497513,2025-03-11T19:00:00.000000000,0.451,0.0,0.0,0.017,1.074691614321539,0.0
497513,2025-03-11T20:00:00.000000000,0.461,0.0,0.0,0.022,0.6980952891502333,0.0
497513,2025-03-11T21:00:00.000000000,0.471,0.0,0.0,0.023,1.1075155741808278,0.0
497513,2025-03-11T22:00:00.000000000,0.475,0.0,0.0,0.022,0.67259810604525,0.0
497513,2025-03-11T23:00:00.000000000,0.563,0.0,0.0,0.025,0.6810971670802444,0.0
497513,2025-03-12T00:00:00.000000000,1.4329999999999998,0.0,0.0,0.051000000000000004,0.0,0.0
497513,2025-03-12T01:00:00.000000000,0.5,0.0,0.0,0.026000000000000002,0.6980952891502333,0.0
497513,2025-03-12T02:00:00.000000000,0.41600000000000004,0.0,0.0,0.021,0.3235504614701334,0.0
497513,2025-03-12T03:00:00.000000000,0.341,0.0,0.0,0.015,0.34904764457511667,0.0
497513,2025-03-12T04:00:00.000000000,0.315,0.0,0.0,0.011000000000000001,0.0,0.0
497513,2025-03-12T05:00:00.000000000,0.311,0.0,0.0,0.008,0.3235504614701334,0.0
497513,2025-03-12T06:00:00.000000000,0.304,0.0,0.0,0.003,0.0,0.0
497513,2025-03-12T07:00:00.000000000,0.3,0.0,0.0,0.0,0.3235504614701334,0.0
497513,2025-03-12T08:00:00.000000000,0.31399999999999995,0.0,0.0,0.0,0.7186102640622889,0.0
497513,2025-03-12T09:00:00.000000000,0.35100000000000003,0.0,0.0,0.0,0.3235504614701334,0.0
497513,2025-03-12T10:00:00.000000000,4.005,0.123,0.0,0.0,1.8929460422423832,0.0
497513,2025-03-12T11:00:00.000000000,6.142,0.053,0.0,0.0,1.9389582002594226,0.0
497513,2025-03-12T12:00:00.000000000,6.028999999999999,0.0,0.0,0.0,0.7007329287817834,0.0
497513,2025-03-12T13:00:00.000000000,3.507,0.0,0.0,0.019,1.4594939294576668,0.0
497513,2025-03-12T14:00:00.000000000,0.426,0.0,0.0,0.041,1.0480221469358668,0.0
497513,2025-03-12T15:00:00.000000000,0.426,0.0,0.0,0.040999999999999995,1.735273806489728,0.0
497513,2025-03-12T16:00:00.000000000,0.433,0.0,0.0,0.049,0.3235504614701334,0.0
497513,2025-03-12T17:00:00.000000000,0.442,0.0,0.0,0.052,0.0,0.0
497513,2025-03-12T18:00:00.000000000,0.524,0.0,0.0,0.041,1.5570865958250169,0.0
497513,2025-03-12T19:00:00.000000000,0.599,0.0,0.0,0.047999999999999994,0.0,0.0
497513,2025-03-12T20:00:00.000000000,0.557,0.0,0.0,0.043000000000000003,0.6980952891502333,0.0
497513,2025-03-12T21:00:00.000000000,0.587,0.0,0.0,0.034,1.6344573583504833,0.0
497513,2025-03-12T22:00:00.000000000,0.507,0.0,0.0,0.027999999999999997,0.8109276511665389,0.0
497513,2025-03-12T23:00:00.000000000,0.513,0.0,0.0,0.022,1.3592636234587667,0.0
497513,2025-03-13T00:00:00.000000000,0.42600000000000005,0.0,0.0,0.019,1.3604359077394554,0.0
497513,2025-03-13T01:00:00.000000000,0.34500000000000003,0.0,0.0,0.017,0.10198873241993332,0.0
497513,2025-03-13T02:00:00.000000000,0.316,0.0,0.0,0.011,1.0515389997779334,0.0
497513,2025-03-13T03:00:00.000000000,0.314,0.0,0.0,0.009000000000000001,0.0,0.0
497513,2025-03-13T04:00:00.000000000,0.309,0.0,0.0,0.006,0.3235504614701334,0.0
497513,2025-03-13T05:00:00.000000000,0.307,0.0,0.0,0.004,0.3235504614701334,0.0
497513,2025-03-13T06:00:00.000000000,0.302,0.0,0.0,0.001,0.0,0.0
497513,2025-03-13T07:00:00.000000000,0.301,0.0,0.0,0.001,0.3235504614701334,0.0
497513,2025-03-13T08:00:00.000000000,0.304,0.0,0.0,0.001,0.66732282678215,0.0
497513,2025-03-13T09:00:00.000000000,0.373,0.0,0.0,0.004,0.7555372189039888,0.0
497513,2025-03-13T10:00:00.000000000,0.324,0.0,0.0,0.002,0.0,0.0
497513,2025-03-13T11:00:00.000000000,0.311,0.0,0.0,0.006,0.3235504614701334,0.0
497513,2025-03-13T12:00:00.000000000,0.316,0.0,0.0,0.012,0.0,0.0
497513,2025-03-13T13:00:00.000000000,0.315,0.0,0.0,0.013000000000000001,1.04714293372535,0.0
497513,2025-03-13T14:00:00.000000000,0.32,0.0,0.0,0.014000000000000002,1.0515389997779334,0.0
497513,2025-03-13T15:00:00.000000000,0.348,0.0,0.0,0.020999999999999998,0.0,0.0
497513,2025-03-13T16:00:00.000000000,0.423,0.0,0.0,0.02,2.6262098598132835,0.0
497513,2025-03-13T17:00:00.000000000,1.389,0.0,0.0,0.054,0.6928200098871333,0.0
497513,2025-03-13T18:00:00.000000000,0.548,0.0,0.0,0.018,0.0,0.0
497513,2025-03-13T19:00:00.000000000,0.5830000000000001,0.0,0.0,0.032,0.3235504614701334,0.0
497513,2025-03-13T20:00:00.000000000,0.616,0.0,0.0,0.038,0.3235504614701334,0.0
497513,2025-03-13T21:00:00.000000000,0.512,0.0,0.0,0.027999999999999997,0.0,0.0
497513,2025-03-13T22:00:00.000000000,0.46799999999999997,0.0,0.0,0.022000000000000002,0.67259810604525,0.0
497513,2025-03-13T23:00:00.000000000,0.447,0.0,0.0,0.013000000000000001,2.83546260391625,0.0
497513,2025-03-14T00:00:00.000000000,0.37000000000000005,0.0,0.0,0.01,2.6270890730238,0.0
497513,2025-03-14T01:00:00.000000000,0.324,0.0,0.0,0.015,0.67259810604525,0.0
497513,2025-03-14T02:00:00.000000000,0.319,0.0,0.0,0.012,0.34523772066287783,0.0
497513,2025-03-14T03:00:00.000000000,0.315,0.0,0.0,0.01,0.0,0.0
497513,2025-03-14T04:00:00.000000000,0.312,0.0,0.0,0.008,0.3235504614701334,0.0
497513,2025-03-14T05:00:00.000000000,0.312,0.0,0.0,0.008,0.0,0.0
497513,2025-03-14T06:00:00.000000000,0.304,0.0,0.0,0.001,1.1054640766896222,0.0
497513,2025-03-14T07:00:00.000000000,0.304,0.0,0.0,0.003,0.3235504614701334,0.0
497513,2025-03-14T08:00:00.000000000,0.327,0.0,0.0,0.01,0.0,0.0
497513,2025-03-14T09:00:00.000000000,0.315,0.0,0.0,0.01,0.3235504614701334,0.0
497513,2025-03-14T10:00:00.000000000,0.37,0.0,0.0,0.007,1.5480013926496776,0.0
497513,2025-03-14T11:00:00.000000000,0.388,0.0,0.0,0.006,2.5620272954455663,0.0
497513,2025-03-14T12:00:00.000000000,0.4,0.0,0.0,0.019000000000000003,0.6723050349750779,0.0
497513,2025-03-14T13:00:00.000000000,0.388,0.0,0.0,0.026000000000000002,0.0,0.0
497513,2025-03-14T14:00:00.000000000,0.336,0.0,0.0,0.03,0.34904764457511667,0.0
497513,2025-03-14T15:00:00.000000000,0.34199999999999997,0.0,0.0,0.037,0.67259810604525,0.0
497513,2025-03-14T16:00:00.000000000,0.38899999999999996,0.0,0.0,0.045,0.6661505425014612,0.0
497513,2025-03-14T17:00:00.000000000,0.434,0.0,0.0,0.045,1.5861006317720667,0.0
497513,2025-03-14T18:00:00.000000000,0.587,0.0,0.0,0.049,0.0,0.0
497513,2025-03-14T19:00:00.000000000,2.335,0.0,0.0,0.086,0.7332638175709,0.0
497513,2025-03-14T20:00:00.000000000,0.63,0.0,0.0,0.052000000000000005,1.5248487781060724,0.0
497513,2025-03-14T21:00:00.000000000,0.48000000000000004,0.0,0.0,0.029,3.2305224065084053,0.0
497513,2025-03-14T22:00:00.000000000,0.341,0.0,0.0,0.024000000000000004,0.34904764457511667,0.0
497513,2025-03-14T23:00:00.000000000,0.452,0.0,0.0,0.02,2.054135130837106,0.0
497513,2025-03-15T00:00:00.000000000,0.328,0.0,0.0,0.012,0.0,0.0
497513,2025-03-15T01:00:00.000000000,0.321,0.0,0.0,0.011,0.34904764457511667,0.0
497513,2025-03-15T02:00:00.000000000,0.318,0.0,0.0,0.012,0.3232573903999611,0.0
497513,2025-03-15T03:00:00.000000000,0.316,0.0,0.0,0.011000000000000001,0.0,0.0
497513,2025-03-15T04:00:00.000000000,0.309,0.0,0.0,0.006,0.3235504614701334,0.0
497513,2025-03-15T05:00:00.000000000,0.304,0.0,0.0,0.0,0.0,0.0
497513,2025-03-15T06:00:00.000000000,0.301,0.0,0.0,0.0,0.3235504614701334,0.0
497513,2025-03-15T07:00:00.000000000,0.3,0.0,0.0,0.0,0.3235504614701334,0.0
497513,2025-03-15T08:00:00.000000000,0.33599999999999997,0.0,0.0,0.0,0.0,0.0
497513,2025-03-15T09:00:00.000000000,0.369,0.0,0.0,0.0,0.3235504614701334,0.0
497513,2025-03-15T10:00:00.000000000,0.43800000000000006,0.0,0.0,0.0,0.0,0.0
497513,2025-03-15T11:00:00.000000000,0.39,0.0,0.0,0.006,0.3235504614701334,0.0
497513,2025-03-15T12:00:00.000000000,0.401,0.0,0.0,0.02,0.8041870165525778,0.0
497513,2025-03-15T13:00:00.000000000,0.405,0.0,0.0,0.022000000000000002,2.9899110578970114,0.0
497513,2025-03-15T14:00:00.000000000,0.421,0.0,0.0,0.035,0.2148210944362389,0.0
497513,2025-03-15T15:00:00.000000000,0.425,0.0,0.0,0.04,0.3235504614701334,0.0
497513,2025-03-15T16:00:00.000000000,0.422,0.0,0.0,0.039,1.0761569696724,0.0
497513,2025-03-15T17:00:00.000000000,0.43,0.0,0.0,0.044,0.0,0.0
497513,2025-03-15T18:00:00.000000000,1.8769999999999998,0.0,0.0,0.07200000000000001,0.67259810604525,0.0
497513,2025-03-15T19:00:00.000000000,0.847,0.0,0.0,0.053,1.1769734178116444,0.0
497513,2025-03-15T20:00:00.000000000,0.486,0.0,0.0,0.038,0.6978022180800612,0.0
497513,2025-03-15T21:00:00.000000000,0.479,0.0,0.0,0.027,1.0770361828829167,0.0
497513,2025-03-15T22:00:00.000000000,0.46399999999999997,0.0,0.0,0.018,1.6315266476487613,0.0
497513,2025-03-15T23:00:00.000000000,0.51,0.0,0.0,0.021,0.0,0.0
497513,2025-03-16T00:00:00.000000000,3.96,0.016,0.0,0.007,1.383295451212889,0.0
497513,2025-03-16T01:00:00.000000000,6.043,0.0,0.0,0.0,0.5603518861692889,0.0
497513,2025-03-16T02:00:00.000000000,5.9879999999999995,0.013,0.0,0.0,0.0,0.0
497513,2025-03-16T03:00:00.000000000,0.49600000000000005,0.0,0.0,0.003,0.65149698899285,0.0
497513,2025-03-16T04:00:00.000000000,0.304,0.0,0.0,0.0,0.0,0.0
497513,2025-03-16T05:00:00.000000000,0.304,0.0,0.0,0.0,0.3235504614701334,0.0
497513,2025-03-16T06:00:00.000000000,0.301,0.0,0.0,0.0,0.0,0.0
497513,2025-03-16T07:00:00.000000000,0.3,0.0,0.0,0.0,0.3235504614701334,0.0
497513,2025-03-16T08:00:00.000000000,0.31399999999999995,0.0,0.0,0.0,0.9202431603407777,0.0
497513,2025-03-16T09:00:00.000000000,0.369,0.0,0.0,0.0,1.3580913391780778,0.0
497513,2025-03-16T10:00:00.000000000,0.382,0.0,0.0,0.0,1.6042710381227445,0.0
497513,2025-03-16T11:00:00.000000000,0.446,0.0,0.0,0.005,2.211221224449417,0.0
497513,2025-03-16T12:00:00.000000000,0.479,0.0,0.0,0.024,1.0884659546196334,0.0
497513,2025-03-16T13:00:00.000000000,0.492,0.0,0.0,0.033,1.6787110899464888,0.0
497513,2025-03-16T14:00:00.000000000,0.475,0.0,0.0,0.03900000000000001,1.2300192815128168,0.0
497513,2025-03-16T15:00:00.000000000,0.874,0.0,0.0,0.06,0.32384353254030557,0.0
497513,2025-03-16T16:00:00.000000000,0.516,0.0,0.0,0.054,1.0943273760230778,0.0
497513,2025-03-16T17:00:00.000000000,0.505,0.0,0.0,0.054,1.1095670716720334,0.0
497513,2025-03-16T18:00:00.000000000,0.56,0.0,0.0,0.056999999999999995,1.5078506560360834,0.0
497513,2025-03-16T19:00:00.000000000,0.969,0.0,0.0,0.05500000000000001,1.303873191196217,0.0
497513,2025-03-16T20:00:00.000000000,1.419,0.0,0.0,0.071,0.09114510282356111,0.0
497513,2025-03-16T21:00:00.000000000,0.487,0.0,0.0,0.035,0.9299145056564612,0.0
497513,2025-03-16T22:00:00.000000000,0.473,0.0,0.0,0.027000000000000003,0.34875457350494443,0.0
497513,2025-03-16T23:00:00.000000000,0.454,0.0,0.0,0.02,0.6723050349750779,0.0
497513,2025-03-17T00:00:00.000000000,1.2790000000000001,0.0,0.0,0.038,0.7271093250972833,0.0
497513,2025-03-17T01:00:00.000000000,0.33499999999999996,0.0,0.0,0.017,0.3235504614701334,0.0
497513,2025-03-17T02:00:00.000000000,0.334,0.0,0.0,0.014,1.1511831636364889,0.0
497513,2025-03-17T03:00:00.000000000,0.317,0.0,0.0,0.012,0.0,0.0
497513,2025-03-17T04:00:00.000000000,0.311,0.0,0.0,0.008,0.6975091470098889,0.0
497513,2025-03-17T05:00:00.000000000,0.309,0.0,0.0,0.008,0.3235504614701334,0.0
497513,2025-03-17T06:00:00.000000000,0.306,0.0,0.0,0.004,0.0,0.0
497513,2025-03-17T07:00:00.000000000,0.3,0.0,0.0,0.0,0.3235504614701334,0.0
497513,2025-03-17T08:00:00.000000000,0.303,0.0,0.0,0.0,0.0,0.0
497513,2025-03-17T09:00:00.000000000,0.36,0.0,0.0,0.002,1.46388999551025,0.0
497513,2025-03-17T10:00:00.000000000,0.445,0.0,0.0,0.007,2.0913551567489774,0.0
497513,2025-03-17T11:00:00.000000000,0.43299999999999994,0.0,0.0,0.013999999999999999,0.3235504614701334,0.0
497513,2025-03-17T12:00:00.000000000,0.334,0.0,0.0,0.01,0.0,0.0
497513,2025-03-17T13:00:00.000000000,0.32,0.0,0.0,0.018000000000000002,0.3235504614701334,0.0
497513,2025-03-17T14:00:00.000000000,0.39599999999999996,0.0,0.0,0.03,0.6975091470098889,0.0
497513,2025-03-17T15:00:00.000000000,0.424,0.0,0.0,0.038,1.0462637205148333,0.0
497513,2025-03-17T16:00:00.000000000,0.437,0.0,0.0,0.035,0.6725981060452499,0.0
497513,2025-03-17T17:00:00.000000000,0.515,0.0,0.0,0.043,0.0,0.0
497513,2025-03-17T18:00:00.000000000,3.9539999999999997,0.0,0.0,0.037,2.195981528800461,0.0
497513,2025-03-17T19:00:00.000000000,1.7069999999999999,0.0,0.0,0.051,0.8680765098501222,0.0
497513,2025-03-17T20:00:00.000000000,2.3280000000000003,0.0,0.0,0.08700000000000001,2.3407586374655387,0.0
497513,2025-03-17T21:00:00.000000000,0.491,0.0,0.0,0.039,1.0644341268655113,0.0
497513,2025-03-17T22:00:00.000000000,0.602,0.0,0.0,0.026,3.385263931559339,0.0
497513,2025-03-17T23:00:00.000000000,0.572,0.0,0.0,0.022,2.095458151731389,0.0
497513,2025-03-18T00:00:00.000000000,0.478,0.0,0.0,0.022000000000000002,0.0,0.0
497513,2025-03-18T01:00:00.000000000,0.34500000000000003,0.0,0.0,0.018000000000000002,0.3235504614701334,0.0
497513,2025-03-18T02:00:00.000000000,0.321,0.0,0.0,0.016,0.0,0.0
497513,2025-03-18T03:00:00.000000000,0.319,0.0,0.0,0.013999999999999999,0.34875457350494443,0.0
497513,2025-03-18T04:00:00.000000000,0.316,0.0,0.0,0.012,0.3235504614701334,0.0
497513,2025-03-18T05:00:00.000000000,0.314,0.0,0.0,0.012,0.0,0.0
497513,2025-03-18T06:00:00.000000000,0.312,0.0,0.0,0.012,0.3235504614701334,0.0
497513,2025-03-18T07:00:00.000000000,0.312,0.0,0.0,0.012,0.3235504614701334,0.0
497513,2025-03-18T08:00:00.000000000,0.32,0.0,0.0,0.006,1.0911035942511833,0.0
497513,2025-03-18T09:00:00.000000000,0.374,0.0,0.0,0.005,1.4934901735976445,0.0
497513,2025-03-18T10:00:00.000000000,0.388,0.0,0.0,0.007,1.7622363449455722,0.0
497513,2025-03-18T11:00:00.000000000,0.392,0.0,0.0,0.011000000000000001,1.4029312129144278,0.0
497513,2025-03-18T12:00:00.000000000,5.257,0.0,0.0,0.003,1.2813067187929557,0.0
497513,2025-03-18T13:00:00.000000000,3.0829999999999997,0.0,0.0,0.011,1.4372205281245778,0.0
497513,2025-03-18T14:00:00.000000000,0.326,0.0,0.0,0.021,1.0462637205148333,0.0
497513,2025-03-18T15:00:00.000000000,0.333,0.0,0.0,0.027,0.34875457350494443,0.0
497513,2025-03-18T16:00:00.000000000,0.337,0.0,0.0,0.03,0.6975091470098889,0.0
497513,2025-03-18T17:00:00.000000000,0.339,0.0,0.0,0.034,0.34875457350494443,0.0
497513,2025-03-18T18:00:00.000000000,0.37,0.0,0.0,0.03,0.32355046147013333,0.0
497513,2025-03-18T19:00:00.000000000,0.904,0.0,0.0,0.051,0.0,0.0
497513,2025-03-18T20:00:00.000000000,0.49,0.0,0.0,0.043000000000000003,0.6945784363081667,0.0
497513,2025-03-18T21:00:00.000000000,0.48,0.0,0.0,0.03,1.6291820790873834,0.0
497513,2025-03-18T22:00:00.000000000,0.435,0.0,0.0,0.022,1.7716146191910835,0.0
497513,2025-03-18T23:00:00.000000000,0.334,0.0,0.0,0.017,0.7274023961674556,0.0
497513,2025-03-19T00:00:00.000000000,0.329,0.0,0.0,0.015,0.6723050349750779,0.0
497513,2025-03-19T01:00:00.000000000,0.317,0.0,0.0,0.008,1.5248487781060722,0.0
497513,2025-03-19T02:00:00.000000000,0.317,0.0,0.0,0.011000000000000001,0.3235504614701334,0.0
497513,2025-03-19T03:00:00.000000000,0.31,0.0,0.0,0.005,0.0,0.0
497513,2025-03-19T04:00:00.000000000,0.304,0.0,0.0,0.0,0.3235504614701334,0.0
497513,2025-03-19T05:00:00.000000000,0.304,0.0,0.0,0.0,0.0,0.0
497513,2025-03-19T06:00:00.000000000,0.301,0.0,0.0,0.0,0.3235504614701334,0.0
497513,2025-03-19T07:00:00.000000000,0.3,0.0,0.0,0.0,0.0,0.0
497513,2025-03-19T08:00:00.000000000,0.33599999999999997,0.0,0.0,0.0,1.9920040639605945,0.0
497513,2025-03-19T09:00:00.000000000,0.9099999999999999,0.0,0.0,0.012,1.2646016677931389,0.0
497513,2025-03-19T10:00:00.000000000,1.753,0.0,0.0,0.04699999999999999,1.3894499436865055,0.0
497513,2025-03-19T11:00:00.000000000,0.412,0.0,0.0,0.03,0.3338079489261611,0.0
497513,2025-03-19T12:00:00.000000000,0.482,0.0,0.0,0.044000000000000004,1.2613778860212443,0.0
497513,2025-03-19T13:00:00.000000000,0.994,0.0,0.0,0.06,1.8592428691725778,0.0
497513,2025-03-19T14:00:00.000000000,1.729,0.0,0.0,0.083,0.34875457350494443,0.0
497513,2025-03-19T15:00:00.000000000,6.393,0.0,0.0,0.077,0.6983883602204055,0.0
497513,2025-03-19T16:00:00.000000000,6.042,0.0,0.0,0.068,0.6975091470098889,0.0
497513,2025-03-19T17:00:00.000000000,3.4440000000000004,0.0,0.0,0.065,0.34875457350494443,0.0
497513,2025-03-19T18:00:00.000000000,5.179,0.0,0.0,0.057999999999999996,1.653506977911678,0.0
497513,2025-03-19T19:00:00.000000000,0.5429999999999999,0.0,0.0,0.05299999999999999,0.29131264375118887,0.0
497513,2025-03-19T20:00:00.000000000,0.917,0.0,0.0,0.051000000000000004,0.3235504614701334,0.0
497513,2025-03-19T21:00:00.000000000,0.49,0.0,0.0,0.038,0.3235504614701334,0.0
497513,2025-03-19T22:00:00.000000000,0.476,0.0,0.0,0.028999999999999998,0.6723050349750779,0.0
497513,2025-03-19T23:00:00.000000000,0.45499999999999996,0.0,0.0,0.021,1.4662345640716279,0.0
497513,2025-03-20T00:00:00.000000000,0.41100000000000003,0.0,0.0,0.015,0.7312123200796945,0.0
497513,2025-03-20T01:00:00.000000000,0.35100000000000003,0.0,0.0,0.016,0.3235504614701334,0.0
497513,2025-03-20T02:00:00.000000000,0.32,0.0,0.0,0.014,0.34875457350494443,0.0
497513,2025-03-20T03:00:00.000000000,0.32,0.0,0.0,0.016,0.3235504614701334,0.0
497513,2025-03-20T04:00:00.000000000,0.317,0.0,0.0,0.012,0.0,0.0
497513,2025-03-20T05:00:00.000000000,0.313,0.0,0.0,0.012,0.3235504614701334,0.0
497513,2025-03-20T06:00:00.000000000,0.312,0.0,0.0,0.012,0.0,0.0
497513,2025-03-20T07:00:00.000000000,0.31,0.0,0.0,0.008,0.3235504614701334,0.0
497513,2025-03-20T08:00:00.000000000,0.353,0.0,0.0,0.008,1.1124977823737554,0.0
497513,2025-03-20T09:00:00.000000000,0.437,0.0,0.0,0.004,2.0438776433810775,0.0
497513,2025-03-20T10:00:00.000000000,0.892,0.0,0.0,0.019,0.3552021370487333,0.0
497513,2025-03-20T11:00:00.000000000,0.48,0.0,0.0,0.022000000000000002,0.9589285416035112,0.0
497513,2025-03-20T12:00:00.000000000,0.44399999999999995,0.0,0.0,0.006,4.016832087780478,0.0
497513,2025-03-20T13:00:00.000000000,0.395,0.0,0.0,0.013000000000000001,0.6723050349750779,0.0
497513,2025-03-20T14:00:00.000000000,3.857,0.0,0.0,0.009000000000000001,0.3510991420663222,0.0
497513,2025-03-20T15:00:00.000000000,5.95,0.0,0.0,0.01,1.0371785173394945,0.0
497513,2025-03-20T16:00:00.000000000,0.416,0.0,0.0,0.031,1.4416165941771613,0.0
497513,2025-03-20T17:00:00.000000000,0.417,0.0,0.0,0.028,1.9155125146456444,0.0
497513,2025-03-20T18:00:00.000000000,0.41700000000000004,0.0,0.0,0.008,0.6942853652379946,0.0
497513,2025-03-20T19:00:00.000000000,0.34,0.0,0.0,0.018000000000000002,0.34875457350494443,0.0
497513,2025-03-20T20:00:00.000000000,0.373,0.0,0.0,0.022,0.3235504614701334,0.0
497513,2025-03-20T21:00:00.000000000,0.476,0.0,0.0,0.024000000000000004,0.34875457350494443,0.0
497513,2025-03-20T22:00:00.000000000,0.464,0.0,0.0,0.017,0.8264604178856666,0.0
497513,2025-03-20T23:00:00.000000000,0.447,0.0,0.0,0.013999999999999999,0.3235504614701334,0.0
497513,2025-03-21T00:00:00.000000000,0.402,0.0,0.0,0.007,0.34875457350494443,0.0
497513,2025-03-21T01:00:00.000000000,0.35200000000000004,0.0,0.0,0.001,0.6975091470098889,0.0
497513,2025-03-21T02:00:00.000000000,0.33599999999999997,0.0,0.0,0.0,0.7101112030272945,0.0
497513,2025-03-21T03:00:00.000000000,0.323,0.0,0.0,0.001,0.7106973451676388,0.0
497513,2025-03-21T04:00:00.000000000,0.304,0.0,0.0,0.0,0.3235504614701334,0.0
497513,2025-03-21T05:00:00.000000000,0.304,0.0,0.0,0.0,0.0,0.0
497513,2025-03-21T06:00:00.000000000,0.301,0.0,0.0,0.0,0.34875457350494443,0.0
497513,2025-03-21T07:00:00.000000000,0.3,0.0,0.0,0.0,0.3235504614701334,0.0
497513,2025-03-21T08:00:00.000000000,0.303,0.0,0.0,0.0,0.0,0.0
497513,2025-03-21T09:00:00.000000000,0.304,0.0,0.0,0.0,0.3235504614701334,0.0
497513,2025-03-21T10:00:00.000000000,0.304,0.0,0.0,0.0,0.32032667969823886,0.0
497513,2025-03-21T11:00:00.000000000,0.306,0.0,0.0,0.002,0.0032237817718944444,0.0
497513,2025-03-21T12:00:00.000000000,0.314,0.0,0.0,0.01,0.3235504614701334,0.0
497513,2025-03-21T13:00:00.000000000,0.33999999999999997,0.0,0.0,0.016,0.0,0.0
497513,2025-03-21T14:00:00.000000000,0.40399999999999997,0.0,0.0,0.019000000000000003,0.32325739039996115,0.0
497513,2025-03-21T15:00:00.000000000,0.412,0.0,0.0,0.024,0.0,0.0
497513,2025-03-21T16:00:00.000000000,2.08,0.0,0.0,0.023,0.6954576495186834,0.0
497513,2025-03-21T17:00:00.000000000,0.418,0.0,0.0,0.03,0.6679089689224944,0.0
497513,2025-03-21T18:00:00.000000000,0.44,0.0,0.0,0.007,1.892359900102039,0.0
497513,2025-03-21T19:00:00.000000000,0.447,0.0,0.0,0.01,2.7536957753382,0.0
497513,2025-03-21T20:00:00.000000000,0.46399999999999997,0.0,0.0,0.017,1.9234254335402943,0.0
497513,2025-03-21T21:00:00.000000000,0.464,0.0,0.0,0.012,1.024576461322089,0.0
497513,2025-03-21T22:00:00.000000000,0.453,0.0,0.0,0.007,1.0623826293743055,0.0
497513,2025-03-21T23:00:00.000000000,0.432,0.0,0.0,0.0,2.6780834392337667,0.0
497513,2025-03-22T00:00:00.000000000,0.41200000000000003,0.0,0.0,0.0,2.84073788317935,0.0
497513,2025-03-22T01:00:00.000000000,0.35100000000000003,0.0,0.0,0.0,2.926314635669639,0.0
497513,2025-03-22T02:00:00.000000000,0.331,0.0,0.0,0.0,1.4354621017035445,0.0
497513,2025-03-22T03:00:00.000000000,0.421,0.10300000000000001,0.0,0.0,0.6816833092205888,0.0
497513,2025-03-22T04:00:00.000000000,0.491,0.184,0.0,0.0,0.0,0.0
497513,2025-03-22T05:00:00.000000000,0.522,0.219,0.0,0.0,0.3235504614701334,0.0
497513,2025-03-22T06:00:00.000000000,0.5630000000000001,0.261,0.0,0.0,0.6980952891502333,0.0
497513,2025-03-22T07:00:00.000000000,0.548,0.248,0.0,0.0,0.0,0.0
497513,2025-03-22T08:00:00.000000000,0.5690000000000001,0.267,0.0,0.0,0.3235504614701334,0.0
497513,2025-03-22T09:00:00.000000000,0.5810000000000001,0.22399999999999998,0.0,0.0,0.0,0.0
497513,2025-03-22T10:00:00.000000000,0.511,0.13199999999999998,0.0,0.0,0.3235504614701334,0.0
497513,2025-03-22T11:00:00.000000000,0.35100000000000003,0.027,0.0,0.0,0.0,0.0
497513,2025-03-22T12:00:00.000000000,0.34199999999999997,0.0,0.0,0.0,0.32384353254030557,0.0
497513,2025-03-22T13:00:00.000000000,0.8029999999999999,0.0,0.0,0.005,0.3235504614701334,0.0
497513,2025-03-22T14:00:00.000000000,0.386,0.0,0.0,0.0,0.34875457350494443,0.0
497513,2025-03-22T15:00:00.000000000,1.332,0.0,0.0,0.022,0.6725981060452499,0.0
497513,2025-03-22T16:00:00.000000000,5.648000000000001,0.0,0.0,0.013000000000000001,0.7104042740974666,0.0
497513,2025-03-22T17:00:00.000000000,6.132,0.0,0.0,0.013000000000000001,1.4193431928440723,0.0
497513,2025-03-22T18:00:00.000000000,0.535,0.0,0.0,0.008,1.5078506560360834,0.0
497513,2025-03-22T19:00:00.000000000,0.874,0.0,0.0,0.02,1.1051710056194501,0.0
497513,2025-03-22T20:00:00.000000000,0.46599999999999997,0.0,0.0,0.019,0.34875457350494443,0.0
497513,2025-03-22T21:00:00.000000000,0.466,0.0,0.0,0.013999999999999999,0.6975091470098889,0.0
497513,2025-03-22T22:00:00.000000000,0.52,0.0,0.0,0.01,1.5119536510184945,0.0
497513,2025-03-22T23:00:00.000000000,0.557,0.0,0.0,0.008,1.512539793158839,0.0
497513,2025-03-23T00:00:00.000000000,0.397,0.0,0.0,0.001,0.6975091470098889,0.0
497513,2025-03-23T01:00:00.000000000,0.335,0.0,0.0,0.0,0.34875457350494443,0.0
497513,2025-03-23T02:00:00.000000000,0.305,0.0,0.0,0.0,0.3235504614701333,0.0
497513,2025-03-23T03:00:00.000000000,0.304,0.0,0.0,0.0,0.0,0.0
497513,2025-03-23T04:00:00.000000000,0.304,0.0,0.0,0.0,0.3235504614701334,0.0
497513,2025-03-23T05:00:00.000000000,0.304,0.0,0.0,0.0,0.0,0.0
497513,2025-03-23T06:00:00.000000000,0.32399999999999995,0.02,0.0,0.0,0.3235504614701334,0.0
497513,2025-03-23T07:00:00.000000000,0.378,0.07700000000000001,0.0,0.0,0.0,0.0
497513,2025-03-23T08:00:00.000000000,0.411,0.108,0.0,0.0,0.3235504614701334,0.0
497513,2025-03-23T09:00:00.000000000,0.426,0.123,0.0,0.0,0.3235504614701334,0.0
497513,2025-03-23T10:00:00.000000000,0.438,0.113,0.0,0.0,0.7353153150621056,0.0
497513,2025-03-23T11:00:00.000000000,0.383,0.02,0.0,0.0,1.7062597705426776,0.0
497513,2025-03-23T12:00:00.000000000,0.34199999999999997,0.0,0.0,0.0,0.3235504614701334,0.0
497513,2025-03-23T13:00:00.000000000,0.869,0.0,0.0,0.012,0.0,0.0
497513,2025-03-23T14:00:00.000000000,0.478,0.0,0.0,0.012,0.3235504614701334,0.0
497513,2025-03-23T15:00:00.000000000,0.392,0.0,0.0,0.006,0.0,0.0
497513,2025-03-23T16:00:00.000000000,0.371,0.0,0.0,0.008,0.6720119639049056,0.0
497513,2025-03-23T17:00:00.000000000,0.397,0.0,0.0,0.011,0.3387901571190889,0.0
497513,2025-03-23T18:00:00.000000000,0.455,0.021,0.0,0.0,2.369772673412589,0.0
497513,2025-03-23T19:00:00.000000000,0.438,0.0,0.0,0.001,0.726816254027111,0.0
497513,2025-03-23T20:00:00.000000000,0.455,0.0,0.0,0.007,0.3235504614701334,0.0
497513,2025-03-23T21:00:00.000000000,0.454,0.0,0.0,0.002,2.4023035622017055,0.0
497513,2025-03-23T22:00:00.000000000,0.446,0.0,0.0,0.0,2.6059879559714,0.0
497513,2025-03-23T23:00:00.000000000,0.46,0.0,0.0,0.0,0.7772244780967333,0.0
497513,2025-03-24T00:00:00.000000000,0.37800000000000006,0.0,0.0,0.0,2.000796196065761,0.0
497513,2025-03-24T01:00:00.000000000,0.31,0.0,0.0,0.0,0.6975091470098889,0.0
497513,2025-03-24T02:00:00.000000000,0.305,0.0,0.0,0.0,0.6975091470098889,0.0
497513,2025-03-24T03:00:00.000000000,0.31799999999999995,0.013999999999999999,0.0,0.0,0.0,0.0
497513,2025-03-24T04:00:00.000000000,0.384,0.08,0.0,0.0,0.3235504614701334,0.0
497513,2025-03-24T05:00:00.000000000,0.439,0.137,0.0,0.0,0.3235504614701334,0.0
497513,2025-03-24T06:00:00.000000000,0.486,0.185,0.0,0.0,0.0,0.0
497513,2025-03-24T07:00:00.000000000,0.537,0.235,0.0,0.0,0.32384353254030557,0.0
497513,2025-03-24T08:00:00.000000000,1.006,0.195,0.0,0.0,0.7189033351324612,0.0
497513,2025-03-24T09:00:00.000000000,2.167,0.0,0.0,0.013000000000000001,0.3235504614701334,0.0
497513,2025-03-24T10:00:00.000000000,0.714,0.0,0.0,0.004,0.0,0.0
497513,2025-03-24T11:00:00.000000000,0.387,0.0,0.0,0.004,1.1303751176542611,0.0
497513,2025-03-24T12:00:00.000000000,2.4050000000000002,0.0,0.0,0.011000000000000001,0.6309820140807945,0.0
497513,2025-03-24T13:00:00.000000000,6.007999999999999,0.0,0.0,0.0,3.2252471272453054,0.0
497513,2025-03-24T14:00:00.000000000,6.015000000000001,0.0,0.0,0.0,0.726523182956939,0.0
497513,2025-03-24T15:00:00.000000000,1.9429999999999998,0.0,0.0,0.018000000000000002,2.37651330802655,0.0
497513,2025-03-24T16:00:00.000000000,0.328,0.0,0.0,0.024,1.3469546385115334,0.0
497513,2025-03-24T17:00:00.000000000,0.329,0.0,0.0,0.023000000000000003,0.26024711031293335,0.0
497513,2025-03-24T18:00:00.000000000,0.345,0.0,0.0,0.005,1.7370322329107613,0.0
497513,2025-03-24T19:00:00.000000000,0.332,0.0,0.0,0.01,0.6529623443437111,0.0
497513,2025-03-24T20:00:00.000000000,0.362,0.0,0.0,0.011,0.0,0.0
497513,2025-03-24T21:00:00.000000000,0.464,0.0,0.0,0.013000000000000001,0.3232573903999611,0.0
497513,2025-03-24T22:00:00.000000000,0.42300000000000004,0.0,0.0,0.008,0.0,0.0
497513,2025-03-24T23:00:00.000000000,0.316,0.0,0.0,0.0,0.3235504614701334,0.0
497513,2025-03-25T00:00:00.000000000,0.37700000000000006,0.0,0.0,0.0,0.34846150243477225,0.0
497513,2025-03-25T01:00:00.000000000,0.309,0.0,0.0,0.0,0.3235504614701334,0.0
497513,2025-03-25T02:00:00.000000000,0.305,0.0,0.0,0.0,0.0,0.0
497513,2025-03-25T03:00:00.000000000,0.304,0.0,0.0,0.0,0.3235504614701334,0.0
497513,2025-03-25T04:00:00.000000000,0.304,0.0,0.0,0.0,0.0,0.0
497513,2025-03-25T05:00:00.000000000,0.304,0.0,0.0,0.0,0.3235504614701334,0.0
497513,2025-03-25T06:00:00.000000000,0.316,0.015,0.0,0.0,0.0,0.0
497513,2025-03-25T07:00:00.000000000,0.362,0.062,0.0,0.0,0.3235504614701334,0.0
497513,2025-03-25T08:00:00.000000000,0.46,0.124,0.0,0.0,1.0858283149880834,0.0
497513,2025-03-25T09:00:00.000000000,0.43100000000000005,0.062,0.0,0.0,1.077622325023261,0.0
497513,2025-03-25T10:00:00.000000000,0.42000000000000004,0.0,0.0,0.0,1.9204947228385723,0.0
497513,2025-03-25T11:00:00.000000000,0.36400000000000005,0.0,0.0,0.0,1.1183592037772,0.0
497513,2025-03-25T12:00:00.000000000,0.309,0.0,0.0,0.005,0.65149698899285,0.0
497513,2025-03-25T13:00:00.000000000,0.312,0.0,0.0,0.008,1.8114722847345055,0.0
497513,2025-03-25T14:00:00.000000000,0.32,0.0,0.0,0.016,0.7262301118867667,0.0
497513,2025-03-25T15:00:00.000000000,0.328,0.0,0.0,0.022,0.3235504614701334,0.0
497513,2025-03-25T16:00:00.000000000,0.731,0.0,0.0,0.03,0.0,0.0
497513,2025-03-25T17:00:00.000000000,3.2300000000000004,0.0,0.0,0.04,0.6512039179226778,0.0
497513,2025-03-25T18:00:00.000000000,0.388,0.0,0.0,0.026000000000000002,0.0,0.0
497513,2025-03-25T19:00:00.000000000,0.34800000000000003,0.0,0.0,0.024,0.6931130809573056,0.0
497513,2025-03-25T20:00:00.000000000,0.473,0.0,0.0,0.025,0.3449446495927056,0.0
497513,2025-03-25T21:00:00.000000000,0.46799999999999997,0.0,0.0,0.017,0.726523182956939,0.0
497513,2025-03-25T22:00:00.000000000,0.46,0.0,0.0,0.013999999999999999,1.1045848634791056,0.0
497513,2025-03-25T23:00:00.000000000,0.442,0.0,0.0,0.009000000000000001,0.0,0.0
497513,2025-03-26T00:00:00.000000000,0.432,0.0,0.0,0.003,2.4134402628682503,0.0
497513,2025-03-26T01:00:00.000000000,0.37700000000000006,0.0,0.0,0.0,2.811430776162128,0.0
497513,2025-03-26T02:00:00.000000000,0.313,0.0,0.0,0.0,0.85723288025375,0.0
497513,2025-03-26T03:00:00.000000000,0.304,0.0,0.0,0.0,2.304124753694011,0.0
497513,2025-03-26T04:00:00.000000000,0.304,0.0,0.0,0.0,0.0,0.0
497513,2025-03-26T05:00:00.000000000,0.311,0.007,0.0,0.0,0.3235504614701334,0.0
497513,2025-03-26T06:00:00.000000000,0.375,0.07300000000000001,0.0,0.0,0.3235504614701334,0.0
497513,2025-03-26T07:00:00.000000000,0.438,0.138,0.0,0.0,0.0,0.0
497513,2025-03-26T08:00:00.000000000,0.935,0.123,0.0,0.0,0.3235504614701334,0.0
497513,2025-03-26T09:00:00.000000000,2.1310000000000002,0.0,0.0,0.012,1.1863516920571557,0.0
497513,2025-03-26T10:00:00.000000000,1.339,0.0,0.0,0.019999999999999997,0.0,0.0
497513,2025-03-26T11:00:00.000000000,0.481,0.0,0.0,0.023,0.3235504614701334,0.0
497513,2025-03-26T12:00:00.000000000,0.486,0.0,0.0,0.03,0.3235504614701334,0.0
497513,2025-03-26T13:00:00.000000000,0.494,0.0,0.0,0.035,0.0,0.0
497513,2025-03-26T14:00:00.000000000,0.929,0.0,0.0,0.045000000000000005,0.3235504614701334,0.0
497513,2025-03-26T15:00:00.000000000,0.503,0.0,0.0,0.036000000000000004,0.5961065567303,0.0
497513,2025-03-26T16:00:00.000000000,0.44099999999999995,0.0,0.0,0.036,1.2663600942141722,0.0
497513,2025-03-26T17:00:00.000000000,0.422,0.0,0.0,0.033,1.0453845073043166,0.0
497513,2025-03-26T18:00:00.000000000,0.487,0.0,0.0,0.029,0.7013190709221278,0.0
497513,2025-03-26T19:00:00.000000000,1.0059999999999998,0.0,0.0,0.039,1.2895127087577776,0.0
497513,2025-03-26T20:00:00.000000000,1.2659999999999998,0.0,0.0,0.049,0.0,0.0
497513,2025-03-26T21:00:00.000000000,1.7569999999999997,0.0,0.0,0.055,1.0453845073043166,0.0
497513,2025-03-26T22:00:00.000000000,0.471,0.0,0.0,0.024000000000000004,0.0,0.0
497513,2025-03-26T23:00:00.000000000,0.503,0.0,0.0,0.014000000000000002,1.6060294645437778,0.0
497513,2025-03-27T00:00:00.000000000,0.41900000000000004,0.0,0.0,0.006,2.3662558205705224,0.0
497513,2025-03-27T01:00:00.000000000,0.327,0.0,0.0,0.0,1.6221483734032498,0.0
497513,2025-03-27T02:00:00.000000000,0.305,0.0,0.0,0.0,0.0,0.0
497513,2025-03-27T03:00:00.000000000,0.304,0.0,0.0,0.0,0.3235504614701334,0.0
497513,2025-03-27T04:00:00.000000000,0.304,0.0,0.0,0.0,0.0,0.0
497513,2025-03-27T05:00:00.000000000,0.304,0.0,0.0,0.0,0.6931130809573055,0.0
497513,2025-03-27T06:00:00.000000000,0.3,0.0,0.0,0.0,0.795101813377239,0.0
497513,2025-03-27T07:00:00.000000000,0.35,0.038000000000000006,0.0,0.0,1.5617757329477722,0.0
497513,2025-03-27T08:00:00.000000000,0.422,0.104,0.0,0.0,1.1001887974265223,0.0
497513,2025-03-27T09:00:00.000000000,0.38200000000000006,0.049,0.0,0.0,0.7101112030272945,0.0
497513,2025-03-27T10:00:00.000000000,0.304,0.0,0.0,0.0,0.0,0.0
497513,2025-03-27T11:00:00.000000000,0.308,0.0,0.0,0.003,0.3235504614701334,0.0
497513,2025-03-27T12:00:00.000000000,0.318,0.0,0.0,0.014000000000000002,0.33791094390857224,0.0
497513,2025-03-27T13:00:00.000000000,0.873,0.0,0.0,0.035,0.6969230048695445,0.0
497513,2025-03-27T14:00:00.000000000,1.2470000000000003,0.0,0.0,0.056999999999999995,0.0,0.0
497513,2025-03-27T15:00:00.000000000,0.432,0.0,0.0,0.046,0.3235504614701334,0.0
497513,2025-03-27T16:00:00.000000000,0.429,0.0,0.0,0.048,0.0,0.0
497513,2025-03-27T17:00:00.000000000,0.524,0.0,0.0,0.052,0.6512039179226778,0.0
497513,2025-03-27T18:00:00.000000000,0.5830000000000001,0.0,0.0,0.056,0.34846150243477225,0.0
497513,2025-03-27T19:00:00.000000000,0.602,0.0,0.0,0.052000000000000005,0.34846150243477225,0.0
497513,2025-03-27T20:00:00.000000000,0.516,0.0,0.0,0.039,1.5210388541938333,0.0
497513,2025-03-27T21:00:00.000000000,0.484,0.0,0.0,0.033,0.34846150243477225,0.0
497513,2025-03-27T22:00:00.000000000,0.436,0.0,0.0,0.021,1.1335988994261554,0.0
497513,2025-03-27T23:00:00.000000000,0.331,0.0,0.0,0.012,0.34846150243477225,0.0
497513,2025-03-28T00:00:00.000000000,0.323,0.0,0.0,0.009000000000000001,1.0453845073043166,0.0
497513,2025-03-28T01:00:00.000000000,0.313,0.0,0.0,0.003,0.5204942206258667,0.0
497513,2025-03-28T02:00:00.000000000,0.337,0.0,0.0,0.008,0.15151774327903889,0.0
497513,2025-03-28T03:00:00.000000000,0.317,0.0,0.0,0.001,0.3235504614701334,0.0
497513,2025-03-28T04:00:00.000000000,0.306,0.0,0.0,0.0,0.0,0.0
497513,2025-03-28T05:00:00.000000000,0.304,0.0,0.0,0.0,0.3235504614701334,0.0
497513,2025-03-28T06:00:00.000000000,0.301,0.0,0.0,0.0,0.0,0.0
497513,2025-03-28T07:00:00.000000000,0.3,0.0,0.0,0.0,0.3235504614701334,0.0
497513,2025-03-28T08:00:00.000000000,0.33599999999999997,0.0,0.0,0.0,0.0,0.0
497513,2025-03-28T09:00:00.000000000,0.369,0.0,0.0,0.0,0.3235504614701334,0.0
497513,2025-03-28T10:00:00.000000000,0.8069999999999999,0.0,0.0,0.011,0.0,0.0
497513,2025-03-28T11:00:00.000000000,0.402,0.0,0.0,0.018000000000000002,0.32355046147013333,0.0
497513,2025-03-28T12:00:00.000000000,0.47,0.0,0.0,0.032,1.0785015382337777,0.0
497513,2025-03-28T13:00:00.000000000,0.45999999999999996,0.0,0.0,0.04,1.3343525824941278,0.0
497513,2025-03-28T14:00:00.000000000,0.431,0.0,0.0,0.046,0.45777701160901113,0.0
497513,2025-03-28T15:00:00.000000000,0.439,0.0,0.0,0.052,0.34846150243477225,0.0
497513,2025-03-28T16:00:00.000000000,0.435,0.0,0.0,0.051,2.1537792946956613,0.0
497513,2025-03-28T17:00:00.000000000,0.449,0.0,0.0,0.059,0.34846150243477225,0.0
497513,2025-03-28T18:00:00.000000000,0.503,0.0,0.0,0.069,0.34846150243477225,0.0
497513,2025-03-28T19:00:00.000000000,0.497,0.0,0.0,0.059,0.3235504614701334,0.0
497513,2025-03-28T20:00:00.000000000,0.924,0.0,0.0,0.06,0.34846150243477225,0.0
497513,2025-03-28T21:00:00.000000000,0.488,0.0,0.0,0.037,1.7915434519627946,0.0
497513,2025-03-28T22:00:00.000000000,0.444,0.0,0.0,0.03,0.5377854137660278,0.0
497513,2025-03-28T23:00:00.000000000,0.362,0.0,0.0,0.017,2.87766483802105,0.0
497513,2025-03-29T00:00:00.000000000,0.41500000000000004,0.0,0.0,0.02,1.2311915657935055,0.0
497513,2025-03-29T01:00:00.000000000,0.35800000000000004,0.0,0.0,0.015,1.603391824912228,0.0
497513,2025-03-29T02:00:00.000000000,0.32,0.0,0.0,0.013999999999999999,0.0,0.0
497513,2025-03-29T03:00:00.000000000,0.313,0.0,0.0,0.009000000000000001,0.32355046147013333,0.0
497513,2025-03-29T04:00:00.000000000,0.305,0.0,0.0,0.001,0.0,0.0
497513,2025-03-29T05:00:00.000000000,0.304,0.0,0.0,0.0,0.3235504614701334,0.0
497513,2025-03-29T06:00:00.000000000,0.301,0.0,0.0,0.0,0.06652713292909444,0.0
497513,2025-03-29T07:00:00.000000000,0.3,0.0,0.0,0.0,0.2570233285410389,0.0
497513,2025-03-29T08:00:00.000000000,0.303,0.0,0.0,0.0,0.3235504614701334,0.0
497513,2025-03-29T09:00:00.000000000,0.304,0.0,0.0,0.0,0.0,0.0
497513,2025-03-29T10:00:00.000000000,0.367,0.0,0.0,0.003,0.6978022180800612,0.0
497513,2025-03-29T11:00:00.000000000,0.825,0.0,0.0,0.026,1.2443797639512555,0.0
497513,2025-03-29T12:00:00.000000000,0.421,0.0,0.0,0.039999999999999994,0.3235504614701334,0.0
497513,2025-03-29T13:00:00.000000000,0.429,0.0,0.0,0.048,0.0,0.0
497513,2025-03-29T14:00:00.000000000,0.42000000000000004,0.0,0.0,0.055,0.3235504614701334,0.0
497513,2025-03-29T15:00:00.000000000,0.361,0.0,0.0,0.056,0.6969230048695445,0.0
497513,2025-03-29T16:00:00.000000000,0.382,0.0,0.0,0.056999999999999995,0.7256439697464223,0.0
497513,2025-03-29T17:00:00.000000000,0.446,0.0,0.0,0.06,1.074691614321539,0.0
497513,2025-03-29T18:00:00.000000000,0.505,0.0,0.0,0.07100000000000001,1.0943273760230778,0.0
497513,2025-03-29T19:00:00.000000000,0.46799999999999997,0.0,0.0,0.059,0.3235504614701334,0.0
497513,2025-03-29T20:00:00.000000000,0.636,0.0,0.0,0.057999999999999996,0.3235504614701334,0.0
497513,2025-03-29T21:00:00.000000000,0.495,0.0,0.0,0.044000000000000004,0.3235504614701334,0.0
497513,2025-03-29T22:00:00.000000000,0.40800000000000003,0.0,0.0,0.025,2.4113887653770445,0.0
497513,2025-03-29T23:00:00.000000000,0.544,0.0,0.0,0.027000000000000003,1.1930923266711166,0.0
497513,2025-03-30T00:00:00.000000000,0.36100000000000004,0.0,0.0,0.019,1.9571286066101004,0.0
497513,2025-03-30T01:00:00.000000000,0.327,0.0,0.0,0.017,0.8235297071839445,0.0
497513,2025-03-30T02:00:00.000000000,0.321,0.0,0.0,0.015,0.0,0.0
497513,2025-03-30T03:00:00.000000000,0.316,0.0,0.0,0.011000000000000001,0.3235504614701334,0.0
497513,2025-03-30T04:00:00.000000000,0.308,0.0,0.0,0.005,0.3235504614701334,0.0
497513,2025-03-30T05:00:00.000000000,0.304,0.0,0.0,0.0,0.0,0.0
497513,2025-03-30T06:00:00.000000000,0.301,0.0,0.0,0.0,0.3235504614701334,0.0
497513,2025-03-30T07:00:00.000000000,0.3,0.0,0.0,0.0,0.0,0.0
497513,2025-03-30T08:00:00.000000000,0.303,0.0,0.0,0.0,0.3235504614701334,0.0
497513,2025-03-30T09:00:00.000000000,0.304,0.0,0.0,0.0,0.0,0.0
497513,2025-03-30T10:00:00.000000000,0.8340000000000001,0.0,0.0,0.013999999999999999,0.3235504614701334,0.0
497513,2025-03-30T11:00:00.000000000,0.7179999999999999,0.0,0.0,0.027000000000000003,0.0,0.0
497513,2025-03-30T12:00:00.000000000,0.329,0.0,0.0,0.024,0.3235504614701334,0.0
497513,2025-03-30T13:00:00.000000000,0.417,0.0,0.0,0.035,0.35930513203114445,0.0
497513,2025-03-30T14:00:00.000000000,1.316,0.0,0.0,0.068,0.3235504614701334,0.0
497513,2025-03-30T15:00:00.000000000,0.359,0.0,0.0,0.054,0.0,0.0
497513,2025-03-30T16:00:00.000000000,0.427,0.0,0.0,0.062,0.3235504614701334,0.0
497513,2025-03-30T17:00:00.000000000,0.453,0.0,0.0,0.066,0.34846150243477225,0.0
497513,2025-03-30T18:00:00.000000000,0.506,0.0,0.0,0.07300000000000001,0.34816843136459996,0.0
497513,2025-03-30T19:00:00.000000000,0.498,0.0,0.0,0.062,0.32325739039996115,0.0
497513,2025-03-30T20:00:00.000000000,0.399,0.0,0.0,0.047,0.6969230048695445,0.0
497513,2025-03-30T21:00:00.000000000,0.919,0.0,0.0,0.05099999999999999,1.9796950790133612,0.0
497513,2025-03-30T22:00:00.000000000,0.484,0.0,0.0,0.037,1.0480221469358668,0.0
497513,2025-03-30T23:00:00.000000000,0.514,0.0,0.0,0.026000000000000002,2.815240700074367,0.0
497513,2025-03-31T00:00:00.000000000,1.4489999999999998,0.0,0.0,0.053000000000000005,0.0,0.0
497513,2025-03-31T01:00:00.000000000,0.7839999999999999,0.0,0.0,0.041,0.6720119639049056,0.0
497513,2025-03-31T02:00:00.000000000,0.341,0.0,0.0,0.02,0.7209548326236667,0.0
497513,2025-03-31T03:00:00.000000000,0.321,0.0,0.0,0.017,0.32355046147013333,0.0
497513,2025-03-31T04:00:00.000000000,0.314,0.0,0.0,0.011000000000000001,0.0,0.0
497513,2025-03-31T05:00:00.000000000,0.308,0.0,0.0,0.005,0.3235504614701334,0.0
497513,2025-03-31T06:00:00.000000000,0.301,0.0,0.0,0.0,0.0,0.0
497513,2025-03-31T07:00:00.000000000,0.3,0.0,0.0,0.0,0.3235504614701334,0.0
497513,2025-03-31T08:00:00.000000000,0.303,0.0,0.0,0.0,0.0,0.0
497513,2025-03-31T09:00:00.000000000,0.304,0.0,0.0,0.0,0.3235504614701334,0.0
497513,2025-03-31T10:00:00.000000000,0.32999999999999996,0.0,0.0,0.006,0.7162656955009111,0.0
497513,2025-03-31T11:00:00.000000000,0.34600000000000003,0.0,0.0,0.022000000000000002,0.7587610006758834,0.0
497513,2025-03-31T12:00:00.000000000,0.334,0.0,0.0,0.03,0.0,0.0
497513,2025-03-31T13:00:00.000000000,0.34099999999999997,0.0,0.0,0.037,0.3235504614701333,0.0
497513,2025-03-31T14:00:00.000000000,0.348,0.0,0.0,0.044,0.34816843136459996,0.0
497513,2025-03-31T15:00:00.000000000,0.356,0.0,0.0,0.049999999999999996,0.3235504614701334,0.0
497513,2025-03-31T16:00:00.000000000,0.356,0.0,0.0,0.049,0.0,0.0
497513,2025-03-31T17:00:00.000000000,0.419,0.0,0.0,0.052,0.7145072690798777,0.0
497513,2025-03-31T18:00:00.000000000,0.488,0.0,0.0,0.055,0.7725353409739778,0.0
497513,2025-03-31T19:00:00.000000000,0.484,0.0,0.0,0.047,0.3235504614701334,0.0
497513,2025-03-31T20:00:00.000000000,0.486,0.0,0.0,0.039,0.0,0.0
497513,2025-03-31T21:00:00.000000000,0.481,0.0,0.0,0.031,1.8023870815591665,0.0
497513,2025-03-31T22:00:00.000000000,0.607,0.0,0.0,0.032,1.4070342078968388,0.0
497513,2025-03-31T23:00:00.000000000,0.488,0.0,0.0,0.023,2.3545329777636335,0.0
497513,2025-04-01T00:00:00.000000000,0.38200000000000006,0.0,0.0,0.021,1.1728704228292333,0.0
497513,2025-04-01T01:00:00.000000000,0.371,0.0,0.0,0.019,1.6019264695613666,0.0
497513,2025-04-01T02:00:00.000000000,0.34600000000000003,0.0,0.0,0.017,1.1230483408999556,0.0
497513,2025-04-01T03:00:00.000000000,0.318,0.0,0.0,0.013000000000000001,0.8223574229032555,0.0
497513,2025-04-01T04:00:00.000000000,0.315,0.0,0.0,0.012,0.3235504614701334,0.0
497513,2025-04-01T05:00:00.000000000,0.31,0.0,0.0,0.008,0.0,0.0
497513,2025-04-01T06:00:00.000000000,0.301,0.0,0.0,0.0,0.3235504614701334,0.0
497513,2025-04-01T07:00:00.000000000,0.3,0.0,0.0,0.0,0.0,0.0
497513,2025-04-01T08:00:00.000000000,0.303,0.0,0.0,0.0,0.3235504614701334,0.0
497513,2025-04-01T09:00:00.000000000,0.32199999999999995,0.0,0.0,0.0,1.1300820465840888,0.0
497513,2025-04-01T10:00:00.000000000,0.391,0.0,0.0,0.012,0.0,0.0
497513,2025-04-01T11:00:00.000000000,0.895,0.0,0.0,0.044,0.3235504614701334,0.0
497513,2025-04-01T12:00:00.000000000,0.44199999999999995,0.0,0.0,0.046,0.0,0.0
497513,2025-04-01T13:00:00.000000000,0.367,0.0,0.0,0.045,0.33263566464547223,0.0
497513,2025-04-01T14:00:00.000000000,0.37,0.0,0.0,0.045,2.3085208197465947,0.0
497513,2025-04-01T15:00:00.000000000,0.507,0.0,0.0,0.065,0.34816843136459996,0.0
497513,2025-04-01T16:00:00.000000000,4.965,0.0,0.0,0.089,1.8970490372247946,0.0
497513,2025-04-01T17:00:00.000000000,1.022,0.0,0.0,0.07999999999999999,0.6910615834661,0.0
497513,2025-04-01T18:00:00.000000000,2.396,0.0,0.0,0.092,1.0515389997779334,0.0
497513,2025-04-01T19:00:00.000000000,1.299,0.0,0.0,0.083,1.4846980414924777,0.0
497513,2025-04-01T20:00:00.000000000,0.609,0.0,0.0,0.063,1.453632508054222,0.0
497513,2025-04-01T21:00:00.000000000,0.595,0.0,0.0,0.05,1.905841169329961,0.0
497513,2025-04-01T22:00:00.000000000,0.523,0.0,0.0,0.034,1.5796530682282777,0.0
497513,2025-04-01T23:00:00.000000000,0.42600000000000005,0.0,0.0,0.022000000000000002,1.043333009813111,0.0
497513,2025-04-02T00:00:00.000000000,0.329,0.0,0.0,0.013000000000000001,0.36194277166269445,0.0
497513,2025-04-02T01:00:00.000000000,0.32,0.0,0.0,0.011000000000000001,0.6717188928347333,0.0
497513,2025-04-02T02:00:00.000000000,0.327,0.0,0.0,0.01,0.32882574073323334,0.0
497513,2025-04-02T03:00:00.000000000,0.317,0.0,0.0,0.008,0.0,0.0
497513,2025-04-02T04:00:00.000000000,0.304,0.0,0.0,0.0,0.3235504614701334,0.0
497513,2025-04-02T05:00:00.000000000,0.304,0.0,0.0,0.0,0.0,0.0
497513,2025-04-02T06:00:00.000000000,0.301,0.0,0.0,0.0,0.3235504614701334,0.0
497513,2025-04-02T07:00:00.000000000,0.3,0.0,0.0,0.0,0.3235504614701334,0.0
497513,2025-04-02T08:00:00.000000000,0.381,0.048,0.0,0.0,3.7126243169417115,0.0
497513,2025-04-02T09:00:00.000000000,0.365,0.0,0.0,0.0,0.3235504614701334,0.0
497513,2025-04-02T10:00:00.000000000,0.38,0.0,0.0,0.002,0.7156795533605667,0.0
497513,2025-04-02T11:00:00.000000000,0.387,0.0,0.0,0.008,2.2056528741161445,0.0
497513,2025-04-02T12:00:00.000000000,0.399,0.0,0.0,0.022,1.958300890890789,0.0
497513,2025-04-02T13:00:00.000000000,1.694,0.0,0.0,0.066,0.6767011010276611,0.0
497513,2025-04-02T14:00:00.000000000,0.432,0.0,0.0,0.05,0.6471009229402668,0.0
497513,2025-04-02T15:00:00.000000000,0.434,0.0,0.0,0.05,0.79392952909655,0.0
497513,2025-04-02T16:00:00.000000000,0.39999999999999997,0.0,0.0,0.038,2.689806282040655,0.0
497513,2025-04-02T17:00:00.000000000,0.429,0.0,0.0,0.045,0.3493407156452889,0.0
497513,2025-04-02T18:00:00.000000000,0.524,0.0,0.0,0.026,0.34816843136459996,0.0
497513,2025-04-02T19:00:00.000000000,0.499,0.0,0.0,0.021,2.0916482278191504,0.0
497513,2025-04-02T20:00:00.000000000,0.485,0.0,0.0,0.026,0.6963368627291999,0.0
497513,2025-04-02T21:00:00.000000000,0.447,0.0,0.0,0.015,0.6963368627291999,0.0
497513,2025-04-02T22:00:00.000000000,0.44,0.0,0.0,0.008,0.6939922941678223,0.0
497513,2025-04-02T23:00:00.000000000,0.436,0.0,0.0,0.004,1.5251418491762445,0.0
497513,2025-04-03T00:00:00.000000000,0.45299999999999996,0.0,0.0,0.005,0.7109904162378111,0.0
497513,2025-04-03T01:00:00.000000000,0.336,0.0,0.0,0.0,0.3235504614701334,0.0
497513,2025-04-03T02:00:00.000000000,0.305,0.0,0.0,0.0,0.0,0.0
497513,2025-04-03T03:00:00.000000000,0.304,0.0,0.0,0.0,0.3235504614701334,0.0
497513,2025-04-03T04:00:00.000000000,0.304,0.0,0.0,0.0,0.0,0.0
497513,2025-04-03T05:00:00.000000000,0.304,0.0,0.0,0.0,0.3235504614701334,0.0
497513,2025-04-03T06:00:00.000000000,0.301,0.0,0.0,0.0,0.2599540392427611,0.0
497513,2025-04-03T07:00:00.000000000,0.3,0.0,0.0,0.0,0.0633033511572,0.0
497513,2025-04-03T08:00:00.000000000,0.303,0.0,0.0,0.0,0.3235504614701334,0.0
497513,2025-04-03T09:00:00.000000000,0.304,0.0,0.0,0.0,0.0,0.0
497513,2025-04-03T10:00:00.000000000,0.304,0.0,0.0,0.0,0.32355046147013333,0.0
497513,2025-04-03T11:00:00.000000000,0.304,0.0,0.0,0.0,0.0,0.0
497513,2025-04-03T12:00:00.000000000,0.371,0.0,0.0,0.013000000000000001,0.3235504614701334,0.0
497513,2025-04-03T13:00:00.000000000,0.4,0.0,0.0,0.022,0.0,0.0
497513,2025-04-03T14:00:00.000000000,0.412,0.0,0.0,0.03,0.3235504614701334,0.0
497513,2025-04-03T15:00:00.000000000,0.421,0.0,0.0,0.038,0.0,0.0
497513,2025-04-03T16:00:00.000000000,0.42,0.0,0.0,0.039,0.34816843136459996,0.0
497513,2025-04-03T17:00:00.000000000,0.422,0.0,0.0,0.038,0.3235504614701334,0.0
497513,2025-04-03T18:00:00.000000000,0.497,0.0,0.0,0.022000000000000002,0.3235504614701334,0.0
497513,2025-04-03T19:00:00.000000000,0.445,0.0,0.0,0.017,1.8237812696817386,0.0
497513,2025-04-03T20:00:00.000000000,0.44,0.0,0.0,0.007,1.2883404244770889,0.0
497513,2025-04-03T21:00:00.000000000,0.433,0.0,0.0,0.0,0.7250578276060777,0.0
497513,2025-04-03T22:00:00.000000000,0.432,0.0,0.0,0.0,1.2672393074246888,0.0
497513,2025-04-03T23:00:00.000000000,0.34500000000000003,0.0,0.0,0.0,0.7194894772728054,0.0
497513,2025-04-04T00:00:00.000000000,0.313,0.0,0.0,0.0,2.365376607360006,0.0
497513,2025-04-04T01:00:00.000000000,0.309,0.0,0.0,0.0,0.6717188928347333,0.0
497513,2025-04-04T02:00:00.000000000,0.311,0.005,0.0,0.0,1.3235089528977557,0.0
497513,2025-04-04T03:00:00.000000000,0.304,0.0,0.0,0.0,0.0,0.0
497513,2025-04-04T04:00:00.000000000,0.304,0.0,0.0,0.0,0.32384353254030557,0.0
497513,2025-04-04T05:00:00.000000000,0.308,0.005,0.0,0.0,0.0,0.0
497513,2025-04-04T06:00:00.000000000,0.309,0.008,0.0,0.0,0.32384353254030557,0.0
497513,2025-04-04T07:00:00.000000000,0.3,0.0,0.0,0.0,0.0,0.0
497513,2025-04-04T08:00:00.000000000,0.33699999999999997,0.004,0.0,0.0,0.3235504614701334,0.0
497513,2025-04-04T09:00:00.000000000,0.365,0.0,0.0,0.0,0.3235504614701334,0.0
497513,2025-04-04T10:00:00.000000000,0.396,0.0,0.0,0.0,0.7959810265877556,0.0
497513,2025-04-04T11:00:00.000000000,0.44100000000000006,0.0,0.0,0.007,3.455894059470845,0.0
497513,2025-04-04T12:00:00.000000000,0.825,0.0,0.0,0.031,0.0,0.0
497513,2025-04-04T13:00:00.000000000,0.411,0.0,0.0,0.032,0.4369689656267833,0.0
497513,2025-04-04T14:00:00.000000000,0.415,0.0,0.0,0.033,1.3988282179320164,0.0
497513,2025-04-04T15:00:00.000000000,0.417,0.0,0.0,0.033,2.188361680975983,0.0
497513,2025-04-04T16:00:00.000000000,0.421,0.0,0.0,0.04,0.0,0.0
497513,2025-04-04T17:00:00.000000000,0.423,0.0,0.0,0.039,0.3235504614701334,0.0
497513,2025-04-04T18:00:00.000000000,0.453,0.0,0.0,0.023,0.34816843136459996,0.0
497513,2025-04-04T19:00:00.000000000,0.485,0.0,0.0,0.03,0.3235504614701334,0.0
497513,2025-04-04T20:00:00.000000000,0.455,0.0,0.0,0.028,0.34816843136459996,0.0
497513,2025-04-04T21:00:00.000000000,0.327,0.0,0.0,0.01,1.1300820465840888,0.0
497513,2025-04-04T22:00:00.000000000,0.382,0.0,0.0,0.007,0.8308564839382501,0.0
497513,2025-04-04T23:00:00.000000000,0.351,0.0,0.0,0.005,0.0,0.0
497513,2025-04-05T00:00:00.000000000,0.401,0.0,0.0,0.001,1.1007749395668667,0.0
497513,2025-04-05T01:00:00.000000000,0.35200000000000004,0.0,0.0,0.0,0.0,0.0
497513,2025-04-05T02:00:00.000000000,0.313,0.0,0.0,0.0,0.6963368627291999,0.0
497513,2025-04-05T03:00:00.000000000,0.304,0.0,0.0,0.0,0.3235504614701334,0.0
497513,2025-04-05T04:00:00.000000000,0.304,0.0,0.0,0.0,0.0,0.0
497513,2025-04-05T05:00:00.000000000,0.304,0.0,0.0,0.0,0.3235504614701334,0.0
497513,2025-04-05T06:00:00.000000000,0.301,0.0,0.0,0.0,0.0,0.0
497513,2025-04-05T07:00:00.000000000,1.242,0.0,0.0,0.008,0.3235504614701334,0.0
497513,2025-04-05T08:00:00.000000000,0.697,0.0,0.0,0.003,0.0,0.0
497513,2025-04-05T09:00:00.000000000,2.0140000000000002,0.0,0.0,0.026999999999999996,1.453046365913878,0.0
497513,2025-04-05T10:00:00.000000000,0.313,0.0,0.0,0.009000000000000001,0.0,0.0
497513,2025-04-05T11:00:00.000000000,0.329,0.0,0.0,0.023,0.34816843136459996,0.0
497513,2025-04-05T12:00:00.000000000,0.39499999999999996,0.0,0.0,0.035,0.6963368627291999,0.0
497513,2025-04-05T13:00:00.000000000,0.424,0.0,0.0,0.046,0.3235504614701334,0.0
497513,2025-04-05T14:00:00.000000000,0.434,0.0,0.0,0.052,0.0,0.0
497513,2025-04-05T15:00:00.000000000,0.45799999999999996,0.0,0.0,0.055999999999999994,0.3235504614701334,0.0
497513,2025-04-05T16:00:00.000000000,0.437,0.0,0.0,0.059,0.34816843136459996,0.0
497513,2025-04-05T17:00:00.000000000,0.443,0.0,0.0,0.057999999999999996,0.6963368627291999,0.0
497513,2025-04-05T18:00:00.000000000,0.471,0.0,0.0,0.065,0.34816843136459996,0.0
497513,2025-04-05T19:00:00.000000000,0.375,0.0,0.0,0.049,1.5169358592114222,0.0
497513,2025-04-05T20:00:00.000000000,0.385,0.0,0.0,0.039,2.4849496039902723,0.0
497513,2025-04-05T21:00:00.000000000,0.9560000000000001,0.0,0.0,0.05,2.0764085321701944,0.0
497513,2025-04-05T22:00:00.000000000,0.525,0.0,0.0,0.037,0.7180241219219444,0.0
497513,2025-04-05T23:00:00.000000000,0.451,0.0,0.0,0.019000000000000003,2.6212276516203556,0.0
497513,2025-04-06T00:00:00.000000000,0.417,0.0,0.0,0.018000000000000002,0.7168518376412556,0.0
497513,2025-04-06T01:00:00.000000000,0.36100000000000004,0.0,0.0,0.016,0.6717188928347333,0.0
497513,2025-04-06T02:00:00.000000000,0.32,0.0,0.0,0.013999999999999999,0.0,0.0
497513,2025-04-06T03:00:00.000000000,0.313,0.0,0.0,0.008,0.3478753602944278,0.0
497513,2025-04-06T04:00:00.000000000,0.314,0.0,0.0,0.008,0.3235504614701334,0.0
497513,2025-04-06T05:00:00.000000000,0.304,0.0,0.0,0.0,0.20221903841883332,0.0
497513,2025-04-06T06:00:00.000000000,0.301,0.0,0.0,0.0,0.12103835198112778,0.0
497513,2025-04-06T07:00:00.000000000,0.303,0.0,0.0,0.0,0.3235504614701334,0.0
497513,2025-04-06T08:00:00.000000000,0.32299999999999995,0.0,0.0,0.0,0.7411767364655499,0.0
497513,2025-04-06T09:00:00.000000000,0.365,0.0,0.0,0.0,1.086414457128428,0.0
497513,2025-04-06T10:00:00.000000000,0.45,0.0,0.0,0.017,0.7904126762544834,0.0
497513,2025-04-06T11:00:00.000000000,0.486,0.0,0.0,0.034,2.9576732401780665,0.0
497513,2025-04-06T12:00:00.000000000,0.45799999999999996,0.0,0.0,0.044,2.6089186666731226,0.0
497513,2025-04-06T13:00:00.000000000,0.429,0.0,0.0,0.051,1.4829396150714445,0.0
497513,2025-04-06T14:00:00.000000000,0.444,0.0,0.0,0.061,1.0436260808832833,0.0
497513,2025-04-06T15:00:00.000000000,0.453,0.0,0.0,0.07,0.0,0.0
497513,2025-04-06T16:00:00.000000000,0.455,0.0,0.0,0.07400000000000001,0.6960437916590277,0.0
497513,2025-04-06T17:00:00.000000000,0.398,0.0,0.0,0.075,0.3235504614701334,0.0
497513,2025-04-06T18:00:00.000000000,0.40499999999999997,0.0,0.0,0.063,0.3478753602944278,0.0
497513,2025-04-06T19:00:00.000000000,0.368,0.0,0.0,0.046,1.101361081707211,0.0
497513,2025-04-06T20:00:00.000000000,0.35,0.0,0.0,0.034,0.6957507205888556,0.0
497513,2025-04-06T21:00:00.000000000,0.431,0.0,0.0,0.027,1.2874612112665722,0.0
497513,2025-04-06T22:00:00.000000000,0.462,0.0,0.0,0.03,0.0,0.0
497513,2025-04-06T23:00:00.000000000,0.36700000000000005,0.0,0.0,0.022000000000000002,0.3235504614701334,0.0
497513,2025-04-07T00:00:00.000000000,0.363,0.0,0.0,0.011000000000000001,1.1245136962508167,0.0
497513,2025-04-07T01:00:00.000000000,0.335,0.0,0.0,0.005,0.3478753602944278,0.0
497513,2025-04-07T02:00:00.000000000,0.305,0.0,0.0,0.0,0.0,0.0
497513,2025-04-07T03:00:00.000000000,0.308,0.0,0.0,0.003,0.3235504614701334,0.0
497513,2025-04-07T04:00:00.000000000,0.31,0.0,0.0,0.007,0.3235504614701334,0.0
497513,2025-04-07T05:00:00.000000000,0.307,0.0,0.0,0.005,0.0,0.0
497513,2025-04-07T06:00:00.000000000,0.304,0.0,0.0,0.001,1.4463057312999166,0.0
497513,2025-04-07T07:00:00.000000000,0.3,0.0,0.0,0.0,0.3235504614701334,0.0
497513,2025-04-07T08:00:00.000000000,0.306,0.0,0.0,0.004,0.0,0.0
497513,2025-04-07T09:00:00.000000000,0.307,0.0,0.0,0.004,0.3235504614701334,0.0
497513,2025-04-07T10:00:00.000000000,0.32699999999999996,0.0,0.0,0.002,0.3478753602944278,0.0
497513,2025-04-07T11:00:00.000000000,0.366,0.0,0.0,0.006,0.32325739039996115,0.0
497513,2025-04-07T12:00:00.000000000,1.6700000000000002,0.0,0.0,0.044,0.0,0.0
497513,2025-04-07T13:00:00.000000000,0.405,0.0,0.0,0.027,0.3235504614701334,0.0
497513,2025-04-07T14:00:00.000000000,0.414,0.0,0.0,0.031,0.0,0.0
497513,2025-04-07T15:00:00.000000000,0.412,0.0,0.0,0.028,1.0436260808832833,0.0
497513,2025-04-07T16:00:00.000000000,0.387,0.0,0.0,0.025,1.1678882146363057,0.0
497513,2025-04-07T17:00:00.000000000,0.325,0.0,0.0,0.02,1.0556419947603444,0.0
497513,2025-04-07T18:00:00.000000000,0.38899999999999996,0.0,0.0,0.003,1.1749219203204389,0.0
497513,2025-04-07T19:00:00.000000000,0.443,0.0,0.0,0.015,0.0,0.0
497513,2025-04-07T20:00:00.000000000,0.34600000000000003,0.0,0.0,0.004,1.0436260808832833,0.0
497513,2025-04-07T21:00:00.000000000,0.40299999999999997,0.0,0.0,0.0,0.0,0.0
497513,2025-04-07T22:00:00.000000000,0.432,0.0,0.0,0.0,0.3235504614701334,0.0
497513,2025-04-07T23:00:00.000000000,0.432,0.0,0.0,0.0,0.6714258217645612,0.0
497513,2025-04-08T00:00:00.000000000,0.342,0.0,0.0,0.0,0.0,0.0
497513,2025-04-08T01:00:00.000000000,0.309,0.0,0.0,0.0,0.3235504614701334,0.0
497513,2025-04-08T02:00:00.000000000,0.305,0.0,0.0,0.0,0.0,0.0
497513,2025-04-08T03:00:00.000000000,0.304,0.0,0.0,0.0,0.32355046147013333,0.0
497513,2025-04-08T04:00:00.000000000,0.304,0.0,0.0,0.0,0.0,0.0
497513,2025-04-08T05:00:00.000000000,0.304,0.0,0.0,0.0,0.3235504614701334,0.0
497513,2025-04-08T06:00:00.000000000,0.32199999999999995,0.021,0.0,0.0,0.0,0.0
497513,2025-04-08T07:00:00.000000000,0.36100000000000004,0.061000000000000006,0.0,0.0,0.3235504614701334,0.0
497513,2025-04-08T08:00:00.000000000,0.38899999999999996,0.086,0.0,0.0,0.3235504614701334,0.0
497513,2025-04-08T09:00:00.000000000,0.478,0.173,0.0,0.0,0.0,0.0
497513,2025-04-08T10:00:00.000000000,0.44099999999999995,0.134,0.0,0.0,0.3235504614701334,0.0
497513,2025-04-08T11:00:00.000000000,0.443,0.138,0.0,0.0,0.0,0.0
497513,2025-04-08T12:00:00.000000000,0.432,0.127,0.0,0.0,0.32384353254030557,0.0
497513,2025-04-08T13:00:00.000000000,0.304,0.0,0.0,0.0,0.0,0.0
497513,2025-04-08T14:00:00.000000000,0.304,0.0,0.0,0.0,0.3235504614701334,0.0
497513,2025-04-08T15:00:00.000000000,0.34400000000000003,0.0,0.0,0.0,0.70424978162385,0.0
497513,2025-04-08T16:00:00.000000000,0.304,0.0,0.0,0.0,0.0,0.0
497513,2025-04-08T17:00:00.000000000,0.304,0.0,0.0,0.0,0.3235504614701334,0.0
497513,2025-04-08T18:00:00.000000000,0.371,0.031,0.0,0.0,0.0,0.0
497513,2025-04-08T19:00:00.000000000,0.36300000000000004,0.037,0.0,0.0,2.0254141659602274,0.0
497513,2025-04-08T20:00:00.000000000,0.316,0.0,0.0,0.0,0.0,0.0
497513,2025-04-08T21:00:00.000000000,0.8840000000000001,0.0,0.0,0.006,0.3235504614701334,0.0
497513,2025-04-08T22:00:00.000000000,1.2200000000000002,0.0,0.0,0.014,0.3235504614701334,0.0
497513,2025-04-08T23:00:00.000000000,0.516,0.0,0.0,0.0,0.7405905943252056,0.0
497513,2025-04-09T00:00:00.000000000,0.342,0.0,0.0,0.0,0.3235504614701334,0.0
497513,2025-04-09T01:00:00.000000000,0.309,0.0,0.0,0.0,0.34816843136459996,0.0
497513,2025-04-09T02:00:00.000000000,0.305,0.0,0.0,0.0,1.0746916143215388,0.0
497513,2025-04-09T03:00:00.000000000,0.304,0.0,0.0,0.0,1.9448196216628664,0.0
497513,2025-04-09T04:00:00.000000000,0.309,0.005,0.0,0.0,0.11136700666544444,0.0
497513,2025-04-09T05:00:00.000000000,0.323,0.02,0.0,0.0,0.2121834548046889,0.0
497513,2025-04-09T06:00:00.000000000,0.301,0.0,0.0,0.0,0.3235504614701334,0.0
497513,2025-04-09T07:00:00.000000000,0.306,0.006,0.0,0.0,0.0,0.0
497513,2025-04-09T08:00:00.000000000,0.303,0.0,0.0,0.0,0.3235504614701334,0.0
497513,2025-04-09T09:00:00.000000000,0.839,0.0,0.0,0.007,0.0,0.0
497513,2025-04-09T10:00:00.000000000,1.175,0.0,0.0,0.022000000000000006,0.3235504614701334,0.0
497513,2025-04-09T11:00:00.000000000,0.391,0.0,0.0,0.012,2.1306266801520555,0.0
497513,2025-04-09T12:00:00.000000000,0.398,0.0,0.0,0.021,2.1868963256251224,0.0
497513,2025-04-09T13:00:00.000000000,0.835,0.0,0.0,0.04,0.7241786143955611,0.0
497513,2025-04-09T14:00:00.000000000,0.417,0.0,0.0,0.034,1.818505990418639,0.0
497513,2025-04-09T15:00:00.000000000,0.426,0.0,0.0,0.042,0.6957507205888556,0.0
497513,2025-04-09T16:00:00.000000000,0.419,0.0,0.0,0.038,0.6714258217645612,0.0
497513,2025-04-09T17:00:00.000000000,0.425,0.0,0.0,0.04,0.3235504614701334,0.0
497513,2025-04-09T18:00:00.000000000,1.313,0.0,0.0,0.05,1.156458442899589,0.0
497513,2025-04-09T19:00:00.000000000,0.46299999999999997,0.0,0.0,0.036000000000000004,0.3235504614701334,0.0
497513,2025-04-09T20:00:00.000000000,0.463,0.0,0.0,0.032,0.3478753602944278,0.0
497513,2025-04-09T21:00:00.000000000,0.456,0.0,0.0,0.023000000000000003,0.3478753602944278,0.0
497513,2025-04-09T22:00:00.000000000,0.446,0.0,0.0,0.014,1.0723470457601612,0.0
497513,2025-04-09T23:00:00.000000000,0.444,0.0,0.0,0.012,0.6714258217645612,0.0
497513,2025-04-10T00:00:00.000000000,0.406,0.0,0.0,0.007,0.7751729806055279,0.0
497513,2025-04-10T01:00:00.000000000,0.337,0.0,0.0,0.008,0.0,0.0
497513,2025-04-10T02:00:00.000000000,0.309,0.0,0.0,0.003,0.6714258217645612,0.0
497513,2025-04-10T03:00:00.000000000,0.304,0.0,0.0,0.0,0.0,0.0
497513,2025-04-10T04:00:00.000000000,0.304,0.0,0.0,0.0,0.3235504614701334,0.0
497513,2025-04-10T05:00:00.000000000,0.304,0.0,0.0,0.0,0.0,0.0
497513,2025-04-10T06:00:00.000000000,0.301,0.0,0.0,0.0,0.3235504614701334,0.0
497513,2025-04-10T07:00:00.000000000,0.3,0.0,0.0,0.0,0.0,0.0
497513,2025-04-10T08:00:00.000000000,0.31299999999999994,0.0,0.0,0.0,0.3235504614701334,0.0
497513,2025-04-10T09:00:00.000000000,0.383,0.0,0.0,0.0,2.1106978473803446,0.0
497513,2025-04-10T10:00:00.000000000,0.401,0.0,0.0,0.005,0.0,0.0
497513,2025-04-10T11:00:00.000000000,0.402,0.0,0.0,0.023,0.3235504614701334,0.0
497513,2025-04-10T12:00:00.000000000,0.415,0.0,0.0,0.037000000000000005,0.0,0.0
497513,2025-04-10T13:00:00.000000000,0.419,0.0,0.0,0.043,1.587565987122928,0.0
497513,2025-04-10T14:00:00.000000000,0.434,0.0,0.0,0.051,0.0,0.0
497513,2025-04-10T15:00:00.000000000,0.44,0.0,0.0,0.056,0.3235504614701334,0.0
497513,2025-04-10T16:00:00.000000000,0.44,0.0,0.0,0.059,0.3478753602944278,0.0
497513,2025-04-10T17:00:00.000000000,0.41600000000000004,0.0,0.0,0.052,1.4597870005278388,0.0
497513,2025-04-10T18:00:00.000000000,0.385,0.0,0.0,0.043,0.61457003415115,0.0
497513,2025-04-10T19:00:00.000000000,0.366,0.0,0.0,0.042,0.6957507205888556,0.0
497513,2025-04-10T20:00:00.000000000,0.348,0.0,0.0,0.028999999999999998,0.3478753602944278,0.0
497513,2025-04-10T21:00:00.000000000,0.445,0.0,0.0,0.013999999999999999,2.7739176791800833,0.0
497513,2025-04-10T22:00:00.000000000,0.471,0.0,0.0,0.011,1.5644133725793221,0.0
497513,2025-04-10T23:00:00.000000000,0.441,0.0,0.0,0.008,1.5245557070359002,0.0
497513,2025-04-11T00:00:00.000000000,0.35400000000000004,0.0,0.0,0.011000000000000001,0.0,0.0
497513,2025-04-11T01:00:00.000000000,0.312,0.0,0.0,0.003,0.3235504614701334,0.0
497513,2025-04-11T02:00:00.000000000,0.305,0.0,0.0,0.0,1.6189245916313555,0.0
497513,2025-04-11T03:00:00.000000000,0.308,0.0,0.0,0.0,0.0,0.0
497513,2025-04-11T04:00:00.000000000,0.304,0.0,0.0,0.0,0.3235504614701334,0.0
497513,2025-04-11T05:00:00.000000000,0.304,0.0,0.0,0.0,0.0,0.0
497513,2025-04-11T06:00:00.000000000,0.301,0.0,0.0,0.0,0.3235504614701334,0.0
497513,2025-04-11T07:00:00.000000000,0.3,0.0,0.0,0.0,0.0,0.0
497513,2025-04-11T08:00:00.000000000,0.303,0.0,0.0,0.0,0.3235504614701334,0.0
497513,2025-04-11T09:00:00.000000000,0.32099999999999995,0.0,0.0,0.0,0.0,0.0
497513,2025-04-11T10:00:00.000000000,1.7920000000000003,0.0,0.0,0.044,0.3235504614701334,0.0
497513,2025-04-11T11:00:00.000000000,1.202,0.0,0.0,0.05399999999999999,0.0,0.0
497513,2025-04-11T12:00:00.000000000,0.43899999999999995,0.0,0.0,0.043,0.3235504614701334,0.0
497513,2025-04-11T13:00:00.000000000,0.423,0.0,0.0,0.045,0.0,0.0
497513,2025-04-11T14:00:00.000000000,0.385,0.0,0.0,0.040999999999999995,1.4448403759490556,0.0
497513,2025-04-11T15:00:00.000000000,0.432,0.0,0.0,0.048,0.3235504614701334,0.0
497513,2025-04-11T16:00:00.000000000,0.429,0.0,0.0,0.048,0.0,0.0
497513,2025-04-11T17:00:00.000000000,0.434,0.0,0.0,0.049,0.3235504614701334,0.0
497513,2025-04-11T18:00:00.000000000,0.491,0.0,0.0,0.039,0.34758228922425555,0.0
497513,2025-04-11T19:00:00.000000000,0.573,0.0,0.0,0.043,0.6957507205888556,0.0
497513,2025-04-11T20:00:00.000000000,0.522,0.0,0.0,0.035,0.0,0.0
497513,2025-04-11T21:00:00.000000000,0.449,0.0,0.0,0.017,1.5943066217368889,0.0
497513,2025-04-11T22:00:00.000000000,0.447,0.0,0.0,0.016,0.6711327506943889,0.0
497513,2025-04-11T23:00:00.000000000,0.444,0.0,0.0,0.012,0.3235504614701334,0.0
497513,2025-04-12T00:00:00.000000000,0.402,0.0,0.0,0.003,1.4896802496854056,0.0
497513,2025-04-12T01:00:00.000000000,0.35200000000000004,0.0,0.0,0.0,0.6998537155712667,0.0
497513,2025-04-12T02:00:00.000000000,0.328,0.0,0.0,0.0,0.7039567105536777,0.0
497513,2025-04-12T03:00:00.000000000,0.304,0.0,0.0,0.0,0.0,0.0
497513,2025-04-12T04:00:00.000000000,0.304,0.0,0.0,0.0,0.3235504614701334,0.0
497513,2025-04-12T05:00:00.000000000,0.304,0.0,0.0,0.0,0.0,0.0
497513,2025-04-12T06:00:00.000000000,0.301,0.0,0.0,0.0,0.3235504614701334,0.0
497513,2025-04-12T07:00:00.000000000,0.3,0.0,0.0,0.0,0.3235504614701334,0.0
497513,2025-04-12T08:00:00.000000000,0.303,0.0,0.0,0.0,0.0,0.0
497513,2025-04-12T09:00:00.000000000,0.304,0.0,0.0,0.0,0.3235504614701334,0.0
497513,2025-04-12T10:00:00.000000000,0.307,0.0,0.0,0.003,0.0,0.0
497513,2025-04-12T11:00:00.000000000,0.867,0.0,0.0,0.028999999999999998,0.3235504614701334,0.0
497513,2025-04-12T12:00:00.000000000,0.776,0.0,0.0,0.042,0.0,0.0
497513,2025-04-12T13:00:00.000000000,3.471,0.0,0.0,0.027,1.0069921971117555,0.0
497513,2025-04-12T14:00:00.000000000,0.498,0.0,0.0,0.04,2.486121888270961,0.0
497513,2025-04-12T15:00:00.000000000,0.501,0.0,0.0,0.040999999999999995,2.18132797529185,0.0
497513,2025-04-12T16:00:00.000000000,0.495,0.0,0.0,0.04,1.5368646919831332,0.0
497513,2025-04-12T17:00:00.000000000,0.42,0.0,0.0,0.036,0.34758228922425555,0.0
497513,2025-04-12T18:00:00.000000000,0.449,0.0,0.0,0.019,0.34758228922425555,0.0
497513,2025-04-12T19:00:00.000000000,0.532,0.0,0.0,0.024,2.3149683832903833,0.0
497513,2025-04-12T20:00:00.000000000,0.5690000000000001,0.0,0.0,0.022000000000000002,2.7123727544439165,0.0
497513,2025-04-12T21:00:00.000000000,0.48,0.0,0.0,0.018,0.5430606930291279,0.0
497513,2025-04-12T22:00:00.000000000,0.435,0.0,0.0,0.002,1.9172709410666777,0.0
497513,2025-04-12T23:00:00.000000000,0.432,0.0,0.0,0.0,0.3232573903999611,0.0
497513,2025-04-13T00:00:00.000000000,0.43200000000000005,0.0,0.0,0.003,0.6840278777819667,0.0
497513,2025-04-13T01:00:00.000000000,0.35200000000000004,0.0,0.0,0.0,1.8894291894003168,0.0
497513,2025-04-13T02:00:00.000000000,0.328,0.0,0.0,0.0,0.0,0.0
497513,2025-04-13T03:00:00.000000000,0.315,0.0,0.0,0.0,0.32355046147013333,0.0
497513,2025-04-13T04:00:00.000000000,0.306,0.0,0.0,0.0,0.3478753602944278,0.0
497513,2025-04-13T05:00:00.000000000,0.304,0.0,0.0,0.0,0.0,0.0
497513,2025-04-13T06:00:00.000000000,0.304,0.0,0.0,0.0,0.3235504614701334,0.0
497513,2025-04-13T07:00:00.000000000,0.31,0.0,0.0,0.0,0.3478753602944278,0.0
497513,2025-04-13T08:00:00.000000000,0.33599999999999997,0.0,0.0,0.0,0.3235504614701334,0.0
497513,2025-04-13T09:00:00.000000000,0.365,0.0,0.0,0.0,0.0,0.0
497513,2025-04-13T10:00:00.000000000,0.378,0.0,0.0,0.0,0.3235504614701334,0.0
497513,2025-04-13T11:00:00.000000000,0.382,0.0,0.0,0.002,0.7230063301148721,0.0
497513,2025-04-13T12:00:00.000000000,0.389,0.0,0.0,0.012,0.34758228922425555,0.0
497513,2025-04-13T13:00:00.000000000,0.395,0.0,0.0,0.016,0.3235504614701334,0.0
497513,2025-04-13T14:00:00.000000000,0.401,0.0,0.0,0.018000000000000002,0.6951645784485111,0.0
497513,2025-04-13T15:00:00.000000000,0.408,0.0,0.0,0.024999999999999998,0.8176682857805,0.0
497513,2025-04-13T16:00:00.000000000,0.406,0.0,0.0,0.025,1.1652505750047555,0.0
497513,2025-04-13T17:00:00.000000000,0.34800000000000003,0.0,0.0,0.024000000000000004,0.6951645784485111,0.0
497513,2025-04-13T18:00:00.000000000,0.345,0.0,0.0,0.005,0.6471009229402668,0.0
497513,2025-04-13T19:00:00.000000000,0.38799999999999996,0.0,0.0,0.009000000000000001,1.193385397741289,0.0
497513,2025-04-13T20:00:00.000000000,0.442,0.0,0.0,0.01,1.2443797639512555,0.0
497513,2025-04-13T21:00:00.000000000,0.465,0.0,0.0,0.005,1.372744892686689,0.0
497513,2025-04-13T22:00:00.000000000,0.491,0.0,0.0,0.002,1.3381625064063667,0.0
497513,2025-04-13T23:00:00.000000000,0.517,0.0,0.0,0.0,0.34758228922425555,0.0
497513,2025-04-14T00:00:00.000000000,0.399,0.0,0.0,0.0,0.8970905457971722,0.0
497513,2025-04-14T01:00:00.000000000,0.34400000000000003,0.0,0.0,0.0,0.6711327506943889,0.0
497513,2025-04-14T02:00:00.000000000,0.305,0.0,0.0,0.0,0.0,0.0
497513,2025-04-14T03:00:00.000000000,0.304,0.0,0.0,0.0,0.3235504614701334,0.0
497513,2025-04-14T04:00:00.000000000,0.304,0.0,0.0,0.0,0.0,0.0
497513,2025-04-14T05:00:00.000000000,0.304,0.0,0.0,0.0,0.3235504614701334,0.0
497513,2025-04-14T06:00:00.000000000,0.378,0.07600000000000001,0.0,0.0,0.0,0.0
497513,2025-04-14T07:00:00.000000000,0.451,0.15100000000000002,0.0,0.0,0.3235504614701334,0.0
497513,2025-04-14T08:00:00.000000000,0.489,0.187,0.0,0.0,0.3235504614701334,0.0
497513,2025-04-14T09:00:00.000000000,0.36100000000000004,0.05600000000000001,0.0,0.0,0.0,0.0
497513,2025-04-14T10:00:00.000000000,0.307,0.0,0.0,0.0,0.3235504614701334,0.0
497513,2025-04-14T11:00:00.000000000,0.32399999999999995,0.0,0.0,0.0,1.1532346611276945,0.0
497513,2025-04-14T12:00:00.000000000,0.388,0.0,0.0,0.01,1.0741054721811945,0.0
497513,2025-04-14T13:00:00.000000000,0.393,0.0,0.0,0.015000000000000001,1.8378486810500054,0.0
497513,2025-04-14T14:00:00.000000000,0.34400000000000003,0.0,0.0,0.02,0.2151141655064111,0.0
497513,2025-04-14T15:00:00.000000000,0.329,0.0,0.0,0.024,0.34758228922425555,0.0
497513,2025-04-14T16:00:00.000000000,0.329,0.0,0.0,0.025,1.0427468676727667,0.0
497513,2025-04-14T17:00:00.000000000,0.34600000000000003,0.0,0.0,0.023,1.6866240088411388,0.0
497513,2025-04-14T18:00:00.000000000,0.361,0.0,0.0,0.019,0.6951645784485111,0.0
497513,2025-04-14T19:00:00.000000000,0.34400000000000003,0.0,0.0,0.02,0.0,0.0
497513,2025-04-14T20:00:00.000000000,0.335,0.0,0.0,0.018000000000000002,0.3235504614701334,0.0
497513,2025-04-14T21:00:00.000000000,0.449,0.0,0.0,0.018000000000000002,0.0,0.0
497513,2025-04-14T22:00:00.000000000,0.444,0.0,0.0,0.013999999999999999,0.3235504614701334,0.0
497513,2025-04-14T23:00:00.000000000,0.444,0.0,0.0,0.012,0.3235504614701334,0.0
497513,2025-04-15T00:00:00.000000000,0.406,0.0,0.0,0.008,0.0,0.0
497513,2025-04-15T01:00:00.000000000,0.34400000000000003,0.0,0.0,0.0,1.2443797639512555,0.0
497513,2025-04-15T02:00:00.000000000,0.305,0.0,0.0,0.0,1.0661925532865444,0.0
497513,2025-04-15T03:00:00.000000000,0.304,0.0,0.0,0.0,0.0,0.0
497513,2025-04-15T04:00:00.000000000,0.304,0.0,0.0,0.0,0.3235504614701334,0.0
497513,2025-04-15T05:00:00.000000000,0.304,0.0,0.0,0.0,0.34758228922425555,0.0
497513,2025-04-15T06:00:00.000000000,0.301,0.0,0.0,0.0,0.3235504614701334,0.0
497513,2025-04-15T07:00:00.000000000,0.31,0.01,0.0,0.0,0.0,0.0
497513,2025-04-15T08:00:00.000000000,0.374,0.061,0.0,0.0,0.7218340458341834,0.0
497513,2025-04-15T09:00:00.000000000,0.419,0.0,0.0,0.0,1.0705886193391279,0.0
497513,2025-04-15T10:00:00.000000000,0.43500000000000005,0.0,0.0,0.002,1.9278214995928777,0.0
497513,2025-04-15T11:00:00.000000000,0.393,0.0,0.0,0.014,1.6118908859472223,0.0
497513,2025-04-15T12:00:00.000000000,0.407,0.0,0.0,0.03,0.7039567105536777,0.0
497513,2025-04-15T13:00:00.000000000,0.395,0.0,0.0,0.036000000000000004,0.6849070909924835,0.0
497513,2025-04-15T14:00:00.000000000,0.34099999999999997,0.0,0.0,0.037,1.1447356000927,0.0
497513,2025-04-15T15:00:00.000000000,1.376,0.0,0.0,0.068,0.6711327506943889,0.0
497513,2025-04-15T16:00:00.000000000,0.774,0.0,0.0,0.067,0.34758228922425555,0.0
497513,2025-04-15T17:00:00.000000000,0.463,0.0,0.0,0.059,0.34758228922425555,0.0
497513,2025-04-15T18:00:00.000000000,0.5820000000000001,0.0,0.0,0.065,0.0,0.0
497513,2025-04-15T19:00:00.000000000,0.503,0.0,0.0,0.05199999999999999,0.6711327506943889,0.0
497513,2025-04-15T20:00:00.000000000,0.475,0.0,0.0,0.043000000000000003,0.34758228922425555,0.0
497513,2025-04-15T21:00:00.000000000,0.378,0.0,0.0,0.032,0.6951645784485111,0.0
497513,2025-04-15T22:00:00.000000000,0.428,0.0,0.0,0.026000000000000002,1.47444055403645,0.0
497513,2025-04-15T23:00:00.000000000,0.46,0.0,0.0,0.028,0.0,0.0
497513,2025-04-16T00:00:00.000000000,0.421,0.0,0.0,0.023000000000000003,0.6711327506943889,0.0
497513,2025-04-16T01:00:00.000000000,0.367,0.0,0.0,0.013999999999999999,1.0679509797075777,0.0
497513,2025-04-16T02:00:00.000000000,0.323,0.0,0.0,0.007,1.3698141819849667,0.0
497513,2025-04-16T03:00:00.000000000,0.312,0.0,0.0,0.007,0.34758228922425555,0.0
497513,2025-04-16T04:00:00.000000000,0.309,0.0,0.0,0.005,0.0,0.0
497513,2025-04-16T05:00:00.000000000,0.304,0.0,0.0,0.0,0.3235504614701334,0.0
497513,2025-04-16T06:00:00.000000000,0.301,0.0,0.0,0.0,0.3235504614701334,0.0
497513,2025-04-16T07:00:00.000000000,0.3,0.0,0.0,0.0,0.0,0.0
497513,2025-04-16T08:00:00.000000000,0.32299999999999995,0.0,0.0,0.0,1.45861471624715,0.0
497513,2025-04-16T09:00:00.000000000,0.357,0.0,0.0,0.002,0.3235504614701334,0.0
497513,2025-04-16T10:00:00.000000000,0.389,0.0,0.0,0.012,0.0,0.0
497513,2025-04-16T11:00:00.000000000,0.40499999999999997,0.0,0.0,0.026,0.3235504614701334,0.0
497513,2025-04-16T12:00:00.000000000,0.415,0.0,0.0,0.038,0.0,0.0
497513,2025-04-16T13:00:00.000000000,0.481,0.0,0.0,0.048,0.7224201879745278,0.0
497513,2025-04-16T14:00:00.000000000,0.474,0.0,0.0,0.053,1.5644133725793221,0.0
497513,2025-04-16T15:00:00.000000000,0.487,0.0,0.0,0.064,0.3235504614701334,0.0
497513,2025-04-16T16:00:00.000000000,0.441,0.0,0.0,0.061,0.8159098593594666,0.0
497513,2025-04-16T17:00:00.000000000,0.38,0.0,0.0,0.056999999999999995,1.074691614321539,0.0
497513,2025-04-16T18:00:00.000000000,0.391,0.0,0.0,0.049,1.1051710056194501,0.0
497513,2025-04-16T19:00:00.000000000,0.425,0.0,0.0,0.047,0.6819763802907611,0.0
497513,2025-04-16T20:00:00.000000000,0.349,0.0,0.0,0.033,1.4841118993521334,0.0
497513,2025-04-16T21:00:00.000000000,0.34500000000000003,0.0,0.0,0.027999999999999997,0.0,0.0
497513,2025-04-16T22:00:00.000000000,0.338,0.0,0.0,0.02,0.3235504614701334,0.0
497513,2025-04-16T23:00:00.000000000,0.327,0.0,0.0,0.011,1.1637852196538945,0.0
497513,2025-04-17T00:00:00.000000000,0.33,0.0,0.0,0.015,0.0,0.0
497513,2025-04-17T01:00:00.000000000,0.326,0.0,0.0,0.016,0.3235504614701334,0.0
497513,2025-04-17T02:00:00.000000000,0.321,0.0,0.0,0.016,0.0,0.0
497513,2025-04-17T03:00:00.000000000,0.32,0.0,0.0,0.016,0.3235504614701334,0.0
497513,2025-04-17T04:00:00.000000000,0.32,0.0,0.0,0.016,0.0,0.0
497513,2025-04-17T05:00:00.000000000,0.316,0.0,0.0,0.015,0.3235504614701334,0.0
497513,2025-04-17T06:00:00.000000000,0.31,0.0,0.0,0.009000000000000001,0.0,0.0
497513,2025-04-17T07:00:00.000000000,0.304,0.0,0.0,0.004,0.3235504614701334,0.0
497513,2025-04-17T08:00:00.000000000,0.303,0.0,0.0,0.0,0.3235504614701334,0.0
497513,2025-04-17T09:00:00.000000000,0.368,0.0,0.0,0.013000000000000001,0.0,0.0
497513,2025-04-17T10:00:00.000000000,0.40499999999999997,0.0,0.0,0.027,0.3235504614701334,0.0
497513,2025-04-17T11:00:00.000000000,0.418,0.0,0.0,0.039999999999999994,0.0,0.0
497513,2025-04-17T12:00:00.000000000,0.424,0.0,0.0,0.046,0.3235504614701334,0.0
497513,2025-04-17T13:00:00.000000000,0.426,0.0,0.0,0.047,0.34758228922425555,0.0
497513,2025-04-17T14:00:00.000000000,0.432,0.0,0.0,0.05,0.7230063301148721,0.0
497513,2025-04-17T15:00:00.000000000,0.436,0.0,0.0,0.052,0.3235504614701334,0.0
497513,2025-04-17T16:00:00.000000000,0.431,0.0,0.0,0.05,0.6951645784485111,0.0
497513,2025-04-17T17:00:00.000000000,0.37,0.0,0.0,0.04700000000000001,0.34758228922425555,0.0
497513,2025-04-17T18:00:00.000000000,0.374,0.0,0.0,0.033,0.0,0.0
497513,2025-04-17T19:00:00.000000000,0.354,0.0,0.0,0.03,1.0421607255324223,0.0
497513,2025-04-17T20:00:00.000000000,0.346,0.0,0.0,0.027000000000000003,0.34758228922425555,0.0
497513,2025-04-17T21:00:00.000000000,0.34,0.0,0.0,0.024000000000000004,0.13305426585818889,0.0
497513,2025-04-17T22:00:00.000000000,0.334,0.0,0.0,0.015,0.19049619561194445,0.0
497513,2025-04-17T23:00:00.000000000,0.325,0.0,0.0,0.008,0.6728911771154221,0.0
497513,2025-04-18T00:00:00.000000000,0.365,0.0,0.0,0.004,1.1552861586189,0.0
497513,2025-04-18T01:00:00.000000000,0.309,0.0,0.0,0.0,0.3235504614701334,0.0
497513,2025-04-18T02:00:00.000000000,0.305,0.0,0.0,0.0,0.0,0.0
497513,2025-04-18T03:00:00.000000000,0.304,0.0,0.0,0.0,0.3235504614701334,0.0
497513,2025-04-18T04:00:00.000000000,0.304,0.0,0.0,0.0,0.0,0.0
497513,2025-04-18T05:00:00.000000000,0.304,0.0,0.0,0.0,0.3235504614701334,0.0
497513,2025-04-18T06:00:00.000000000,0.301,0.0,0.0,0.0,0.0,0.0
497513,2025-04-18T07:00:00.000000000,0.3,0.0,0.0,0.0,0.3235504614701334,0.0
497513,2025-04-18T08:00:00.000000000,0.596,0.0,0.0,0.0,0.0,0.0
497513,2025-04-18T09:00:00.000000000,7.023,0.73,0.0,0.0,1.3882776594058168,0.0
497513,2025-04-18T10:00:00.000000000,6.185,0.15899999999999997,0.0,0.0,0.5767638660989333,0.0
497513,2025-04-18T11:00:00.000000000,1.433,0.0,0.0,0.018000000000000002,1.1957299663026668,0.0
497513,2025-04-18T12:00:00.000000000,0.408,0.0,0.0,0.031,0.34728921815408337,0.0
497513,2025-04-18T13:00:00.000000000,0.413,0.0,0.0,0.034,0.6945784363081667,0.0
497513,2025-04-18T14:00:00.000000000,0.423,0.0,0.0,0.040999999999999995,0.34728921815408337,0.0
497513,2025-04-18T15:00:00.000000000,0.446,0.0,0.0,0.043,0.34728921815408337,0.0
497513,2025-04-18T16:00:00.000000000,0.44499999999999995,0.0,0.0,0.045000000000000005,1.0433330098131113,0.0
497513,2025-04-18T17:00:00.000000000,0.365,0.0,0.0,0.04,0.34728921815408337,0.0
497513,2025-04-18T18:00:00.000000000,0.949,0.0,0.0,0.044,1.6403187797539278,0.0
497513,2025-04-18T19:00:00.000000000,1.2570000000000001,0.0,0.0,0.056,0.6945784363081667,0.0
497513,2025-04-18T20:00:00.000000000,0.489,0.0,0.0,0.03,0.8153237172191222,0.0
497513,2025-04-18T21:00:00.000000000,0.45,0.0,0.0,0.018000000000000002,0.3235504614701334,0.0
497513,2025-04-18T22:00:00.000000000,0.7250000000000001,0.0,0.0,0.012,0.34728921815408337,0.0
497513,2025-04-18T23:00:00.000000000,6.012,0.029,0.0,0.0,1.0530043551287944,0.0
497513,2025-04-19T00:00:00.000000000,0.42200000000000004,0.0,0.0,0.004,1.611304743806878,0.0
497513,2025-04-19T01:00:00.000000000,0.399,0.0,0.0,0.001,2.652879327198956,0.0
497513,2025-04-19T02:00:00.000000000,0.352,0.0,0.0,0.0,2.37123802876345,0.0
497513,2025-04-19T03:00:00.000000000,0.315,0.0,0.0,0.0,0.34553079173305,0.0
497513,2025-04-19T04:00:00.000000000,0.306,0.0,0.0,0.0,1.9647484544345777,0.0
497513,2025-04-19T05:00:00.000000000,0.301,0.0,0.0,0.0,1.3393347906870554,0.0
497513,2025-04-19T06:00:00.000000000,0.3,0.0,0.0,0.0,1.3208713132662055,0.0
497513,2025-04-19T07:00:00.000000000,0.3,0.0,0.0,0.0,0.3235504614701334,0.0
497513,2025-04-19T08:00:00.000000000,0.303,0.0,0.0,0.0,0.34758228922425555,0.0
497513,2025-04-19T09:00:00.000000000,0.304,0.0,0.0,0.0,0.34758228922425555,0.0
497513,2025-04-19T10:00:00.000000000,0.376,0.0,0.0,0.015000000000000001,0.3235504614701334,0.0
497513,2025-04-19T11:00:00.000000000,0.46699999999999997,0.0,0.0,0.033,0.0,0.0
497513,2025-04-19T12:00:00.000000000,1.7690000000000001,0.0,0.0,0.069,0.3235504614701334,0.0
497513,2025-04-19T13:00:00.000000000,0.508,0.0,0.0,0.056,0.2743145216812,0.0
497513,2025-04-19T14:00:00.000000000,0.43,0.0,0.0,0.048,1.2889265666174334,0.0
497513,2025-04-19T15:00:00.000000000,0.436,0.0,0.0,0.053,0.6840278777819667,0.0
497513,2025-04-19T16:00:00.000000000,0.447,0.0,0.0,0.048,2.3703588155529336,0.0
497513,2025-04-19T17:00:00.000000000,0.498,0.0,0.0,0.054000000000000006,1.485284183632822,0.0
497513,2025-04-19T18:00:00.000000000,0.389,0.0,0.0,0.048,1.1409256761804611,0.0
497513,2025-04-19T19:00:00.000000000,0.395,0.0,0.0,0.044000000000000004,0.6945784363081667,0.0
497513,2025-04-19T20:00:00.000000000,0.383,0.0,0.0,0.037,0.34113472568046666,0.0
497513,2025-04-19T21:00:00.000000000,1.318,0.0,0.0,0.052000000000000005,0.34728921815408337,0.0
497513,2025-04-19T22:00:00.000000000,0.466,0.0,0.0,0.033,0.3235504614701334,0.0
497513,2025-04-19T23:00:00.000000000,0.458,0.0,0.0,0.026000000000000002,0.0,0.0
497513,2025-04-20T00:00:00.000000000,0.4,0.0,0.0,0.019,0.3235504614701334,0.0
497513,2025-04-20T01:00:00.000000000,0.327,0.0,0.0,0.018000000000000002,0.0,0.0
497513,2025-04-20T02:00:00.000000000,0.319,0.0,0.0,0.012,0.3235504614701334,0.0
497513,2025-04-20T03:00:00.000000000,0.311,0.0,0.0,0.007,0.0,0.0
497513,2025-04-20T04:00:00.000000000,0.304,0.0,0.0,0.0,0.3235504614701334,0.0
497513,2025-04-20T05:00:00.000000000,0.304,0.0,0.0,0.0,0.0,0.0
497513,2025-04-20T06:00:00.000000000,0.302,0.0,0.0,0.0,0.3235504614701334,0.0
497513,2025-04-20T07:00:00.000000000,0.31,0.0,0.0,0.0,0.0,0.0
497513,2025-04-20T08:00:00.000000000,0.33599999999999997,0.0,0.0,0.0,0.3235504614701334,0.0
497513,2025-04-20T09:00:00.000000000,0.367,0.0,0.0,0.001,0.0,0.0
497513,2025-04-20T10:00:00.000000000,0.39,0.0,0.0,0.012,1.0468498626551779,0.0
497513,2025-04-20T11:00:00.000000000,0.44099999999999995,0.0,0.0,0.025,1.7619432738754002,0.0
497513,2025-04-20T12:00:00.000000000,0.413,0.0,0.0,0.037,0.6506177757823335,0.0
497513,2025-04-20T13:00:00.000000000,0.422,0.0,0.0,0.045,0.0,0.0
497513,2025-04-20T14:00:00.000000000,0.92,0.0,0.0,0.062,0.6945784363081667,0.0
497513,2025-04-20T15:00:00.000000000,0.5,0.0,0.0,0.059,0.11224621987596112,0.0
497513,2025-04-20T16:00:00.000000000,0.8400000000000001,0.0,0.0,0.062,0.21130424159417222,0.0
497513,2025-04-20T17:00:00.000000000,0.438,0.0,0.0,0.055,0.6945784363081667,0.0
497513,2025-04-20T18:00:00.000000000,0.96,0.0,0.0,0.054000000000000006,0.0,0.0
497513,2025-04-20T19:00:00.000000000,2.3249999999999997,0.0,0.0,0.083,1.045677578374489,0.0
497513,2025-04-20T20:00:00.000000000,2.301,0.0,0.0,0.084,0.34728921815408337,0.0
497513,2025-04-20T21:00:00.000000000,0.619,0.0,0.0,0.039,1.6564376886134002,0.0
497513,2025-04-20T22:00:00.000000000,0.453,0.0,0.0,0.021,1.1617337221626889,0.0
497513,2025-04-20T23:00:00.000000000,0.443,0.0,0.0,0.011,1.93338984992615,0.0
497513,2025-04-21T00:00:00.000000000,0.41000000000000003,0.0,0.0,0.011000000000000001,0.34728921815408337,0.0
497513,2025-04-21T01:00:00.000000000,0.37500000000000006,0.0,0.0,0.005,0.6945784363081667,0.0
497513,2025-04-21T02:00:00.000000000,0.336,0.0,0.0,0.007,0.0,0.0
497513,2025-04-21T03:00:00.000000000,0.313,0.0,0.0,0.003,0.3235504614701334,0.0
497513,2025-04-21T04:00:00.000000000,0.305,0.0,0.0,0.001,0.0,0.0
497513,2025-04-21T05:00:00.000000000,0.304,0.0,0.0,0.0,0.3235504614701334,0.0
497513,2025-04-21T06:00:00.000000000,0.301,0.0,0.0,0.0,0.0,0.0
497513,2025-04-21T07:00:00.000000000,0.3,0.0,0.0,0.0,0.3235504614701334,0.0
497513,2025-04-21T08:00:00.000000000,0.303,0.0,0.0,0.0,0.0,0.0
497513,2025-04-21T09:00:00.000000000,0.311,0.0,0.0,0.005,0.3235504614701334,0.0
497513,2025-04-21T10:00:00.000000000,0.378,0.0,0.0,0.017,1.130375117654261,0.0
497513,2025-04-21T11:00:00.000000000,0.407,0.0,0.0,0.028999999999999998,1.5184012145622834,0.0
497513,2025-04-21T12:00:00.000000000,0.363,0.0,0.0,0.04,0.0,0.0
497513,2025-04-21T13:00:00.000000000,0.40399999999999997,0.0,0.0,0.045,0.7186102640622889,0.0
497513,2025-04-21T14:00:00.000000000,0.354,0.0,0.0,0.049,1.043039938742939,0.0
497513,2025-04-21T15:00:00.000000000,0.437,0.0,0.0,0.053,2.846306233512623,0.0
497513,2025-04-21T16:00:00.000000000,0.388,0.0,0.0,0.064,0.26640160278655,0.0
497513,2025-04-21T17:00:00.000000000,0.366,0.0,0.0,0.061,1.1614406510925168,0.0
497513,2025-04-21T18:00:00.000000000,0.437,0.0,0.0,0.07400000000000001,0.0,0.0
497513,2025-04-21T19:00:00.000000000,1.8900000000000001,0.0,0.0,0.093,1.4718029144049,0.0
497513,2025-04-21T20:00:00.000000000,2.3109999999999995,0.0,0.0,0.093,1.124806767320989,0.0
497513,2025-04-21T21:00:00.000000000,0.7100000000000001,0.0,0.0,0.07,0.0,0.0
497513,2025-04-21T22:00:00.000000000,0.48,0.0,0.0,0.049,0.3235504614701334,0.0
497513,2025-04-21T23:00:00.000000000,0.46599999999999997,0.0,0.0,0.034,1.5855144896317224,0.0
497513,2025-04-22T00:00:00.000000000,0.37200000000000005,0.0,0.0,0.027999999999999997,1.0969650156546278,0.0
497513,2025-04-22T01:00:00.000000000,0.35,0.0,0.0,0.024999999999999998,0.6705466085540445,0.0
497513,2025-04-22T02:00:00.000000000,0.353,0.0,0.0,0.022,0.6708396796242168,0.0
497513,2025-04-22T03:00:00.000000000,0.337,0.0,0.0,0.021,0.0,0.0
497513,2025-04-22T04:00:00.000000000,0.32,0.0,0.0,0.015,0.3235504614701334,0.0
497513,2025-04-22T05:00:00.000000000,0.315,0.0,0.0,0.012,0.0,0.0
497513,2025-04-22T06:00:00.000000000,0.31,0.0,0.0,0.009000000000000001,0.32355046147013333,0.0
497513,2025-04-22T07:00:00.000000000,0.3,0.0,0.0,0.0,0.4507433059248778,0.0
497513,2025-04-22T08:00:00.000000000,0.31299999999999994,0.0,0.0,0.0,0.9685998869191945,0.0
497513,2025-04-22T09:00:00.000000000,0.426,0.0,0.0,0.009000000000000001,3.2586572292449385,0.0
497513,2025-04-22T10:00:00.000000000,0.486,0.0,0.0,0.036000000000000004,1.5433122555269223,0.0
497513,2025-04-22T11:00:00.000000000,0.505,0.0,0.0,0.053,1.2191756519164445,0.0
497513,2025-04-22T12:00:00.000000000,0.495,0.0,0.0,0.064,1.6332850740697946,0.0
497513,2025-04-22T13:00:00.000000000,0.451,0.0,0.0,0.07200000000000001,0.6978022180800612,0.0
497513,2025-04-22T14:00:00.000000000,0.44300000000000006,0.0,0.0,0.08,1.0966719445844555,0.0
497513,2025-04-22T15:00:00.000000000,0.39,0.0,0.0,0.084,0.34728921815408337,0.0
497513,2025-04-22T16:00:00.000000000,0.378,0.0,0.0,0.073,0.34728921815408337,0.0
497513,2025-04-22T17:00:00.000000000,0.35000000000000003,0.0,0.0,0.045000000000000005,0.34728921815408337,0.0
497513,2025-04-22T18:00:00.000000000,0.43,0.0,0.0,0.022000000000000002,1.5743777889651778,0.0
497513,2025-04-22T19:00:00.000000000,0.463,0.0,0.0,0.034,0.21863101834847778,0.0
497513,2025-04-22T20:00:00.000000000,5.292,0.0,0.0,0.032,1.0579865633217223,0.0
497513,2025-04-22T21:00:00.000000000,1.6199999999999999,0.0,0.0,0.039,0.7441074471672722,0.0
497513,2025-04-22T22:00:00.000000000,0.574,0.0,0.0,0.03,1.0395230859008722,0.0
497513,2025-04-22T23:00:00.000000000,0.45,0.0,0.0,0.019,2.346620058868983,0.0
497513,2025-04-23T00:00:00.000000000,0.33,0.0,0.0,0.017,0.0,0.0
497513,2025-04-23T01:00:00.000000000,0.324,0.0,0.0,0.014,0.34728921815408337,0.0
497513,2025-04-23T02:00:00.000000000,0.321,0.0,0.0,0.015,0.3235504614701334,0.0
497513,2025-04-23T03:00:00.000000000,0.317,0.0,0.0,0.011000000000000001,0.3235504614701334,0.0
497513,2025-04-23T04:00:00.000000000,0.311,0.0,0.0,0.007,0.0,0.0
497513,2025-04-23T05:00:00.000000000,0.304,0.0,0.0,0.0,0.3235504614701334,0.0
497513,2025-04-23T06:00:00.000000000,0.301,0.0,0.0,0.0,0.0,0.0
497513,2025-04-23T07:00:00.000000000,0.3,0.0,0.0,0.0,0.3232573903999611,0.0
497513,2025-04-23T08:00:00.000000000,0.303,0.0,0.0,0.0,0.0,0.0
497513,2025-04-23T09:00:00.000000000,0.304,0.0,0.0,0.0,0.3235504614701334,0.0
497513,2025-04-23T10:00:00.000000000,0.308,0.0,0.0,0.003,0.0,0.0
497513,2025-04-23T11:00:00.000000000,0.306,0.0,0.0,0.002,0.3235504614701334,0.0
497513,2025-04-23T12:00:00.000000000,0.311,0.0,0.0,0.007,0.0,0.0
497513,2025-04-23T13:00:00.000000000,0.322,0.0,0.0,0.018000000000000002,0.3235504614701334,0.0
497513,2025-04-23T14:00:00.000000000,0.41400000000000003,0.0,0.0,0.03,0.0,0.0
497513,2025-04-23T15:00:00.000000000,0.503,0.0,0.0,0.041999999999999996,0.3232573903999611,0.0
497513,2025-04-23T16:00:00.000000000,0.45999999999999996,0.0,0.0,0.042,0.0,0.0
497513,2025-04-23T17:00:00.000000000,0.9380000000000001,0.0,0.0,0.056999999999999995,0.3235504614701334,0.0
497513,2025-04-23T18:00:00.000000000,0.46399999999999997,0.0,0.0,0.035,0.3469961470839111,0.0
497513,2025-04-23T19:00:00.000000000,0.46499999999999997,0.0,0.0,0.038,0.6939922941678222,0.0
497513,2025-04-23T20:00:00.000000000,0.46799999999999997,0.0,0.0,0.036,1.0685371218479223,0.0
497513,2025-04-23T21:00:00.000000000,0.461,0.0,0.0,0.028,1.9770574393818112,0.0
497513,2025-04-23T22:00:00.000000000,0.459,0.0,0.0,0.027,1.06824405077775,0.0
497513,2025-04-23T23:00:00.000000000,0.452,0.0,0.0,0.019,1.0726401168303332,0.0
497513,2025-04-24T00:00:00.000000000,0.35500000000000004,0.0,0.0,0.011,1.798577157646928,0.0
497513,2025-04-24T01:00:00.000000000,0.321,0.0,0.0,0.011000000000000001,0.0,0.0
497513,2025-04-24T02:00:00.000000000,0.313,0.0,0.0,0.007,0.3235504614701334,0.0
497513,2025-04-24T03:00:00.000000000,0.312,0.0,0.0,0.003,0.0,0.0
497513,2025-04-24T04:00:00.000000000,0.306,0.0,0.0,0.0,0.3235504614701334,0.0
497513,2025-04-24T05:00:00.000000000,0.304,0.0,0.0,0.0,0.0,0.0
497513,2025-04-24T06:00:00.000000000,0.301,0.0,0.0,0.0,0.3235504614701334,0.0
497513,2025-04-24T07:00:00.000000000,0.3,0.0,0.0,0.0,0.0,0.0
497513,2025-04-24T08:00:00.000000000,0.31299999999999994,0.0,0.0,0.0,1.1602683668118279,0.0
497513,2025-04-24T09:00:00.000000000,0.41200000000000003,0.0,0.0,0.0,0.3235504614701334,0.0
497513,2025-04-24T10:00:00.000000000,0.378,0.0,0.0,0.0,0.0,0.0
497513,2025-04-24T11:00:00.000000000,0.34600000000000003,0.0,0.0,0.004,0.3235504614701334,0.0
497513,2025-04-24T12:00:00.000000000,0.317,0.0,0.0,0.012,0.3469961470839111,0.0
497513,2025-04-24T13:00:00.000000000,0.356,0.0,0.0,0.015000000000000001,1.6110116727367056,0.0
497513,2025-04-24T14:00:00.000000000,0.388,0.0,0.0,0.026,0.6939922941678222,0.0
497513,2025-04-24T15:00:00.000000000,0.331,0.0,0.0,0.026,1.0450914362341446,0.0
497513,2025-04-24T16:00:00.000000000,0.332,0.0,0.0,0.028,0.0,0.0
497513,2025-04-24T17:00:00.000000000,0.332,0.0,0.0,0.028,0.3235504614701334,0.0
497513,2025-04-24T18:00:00.000000000,0.378,0.0,0.0,0.013999999999999999,0.76755313278105,0.0
497513,2025-04-24T19:00:00.000000000,0.454,0.0,0.0,0.026000000000000002,1.5951858349474055,0.0
497513,2025-04-24T20:00:00.000000000,0.462,0.0,0.0,0.031,0.7329707465007278,0.0
497513,2025-04-24T21:00:00.000000000,0.42800000000000005,0.0,0.0,0.026000000000000002,0.7344361018515888,0.0
497513,2025-04-24T22:00:00.000000000,0.336,0.0,0.0,0.019,0.0,0.0
497513,2025-04-24T23:00:00.000000000,0.33,0.0,0.0,0.012,1.0409884412517332,0.0
497513,2025-04-25T00:00:00.000000000,0.337,0.0,0.0,0.005,2.1382465279765337,0.0
497513,2025-04-25T01:00:00.000000000,0.315,0.0,0.0,0.005,0.3235504614701334,0.0
497513,2025-04-25T02:00:00.000000000,0.307,0.0,0.0,0.001,0.3235504614701334,0.0
497513,2025-04-25T03:00:00.000000000,0.304,0.0,0.0,0.0,0.0,0.0
497513,2025-04-25T04:00:00.000000000,0.304,0.0,0.0,0.0,0.3235504614701334,0.0
497513,2025-04-25T05:00:00.000000000,0.304,0.0,0.0,0.0,0.0,0.0
497513,2025-04-25T06:00:00.000000000,0.301,0.0,0.0,0.0,0.3235504614701334,0.0
497513,2025-04-25T07:00:00.000000000,0.3,0.0,0.0,0.0,0.0,0.0
497513,2025-04-25T08:00:00.000000000,0.303,0.0,0.0,0.0,0.3235504614701334,0.0
497513,2025-04-25T09:00:00.000000000,0.304,0.0,0.0,0.0,0.0,0.0
497513,2025-04-25T10:00:00.000000000,0.306,0.0,0.0,0.002,0.3235504614701334,0.0
497513,2025-04-25T11:00:00.000000000,0.394,0.0,0.0,0.015000000000000001,0.0,0.0
497513,2025-04-25T12:00:00.000000000,0.483,0.0,0.0,0.033,0.3235504614701334,0.0
497513,2025-04-25T13:00:00.000000000,0.495,0.0,0.0,0.041999999999999996,0.0,0.0
497513,2025-04-25T14:00:00.000000000,0.491,0.0,0.0,0.051,0.3235504614701334,0.0
497513,2025-04-25T15:00:00.000000000,0.371,0.0,0.0,0.046,1.06824405077775,0.0
497513,2025-04-25T16:00:00.000000000,0.353,0.0,0.0,0.048,0.7508480817812333,0.0
497513,2025-04-25T17:00:00.000000000,0.355,0.0,0.0,0.051,0.6095878259582223,0.0
497513,2025-04-25T18:00:00.000000000,0.388,0.0,0.0,0.047,0.7212479036938388,0.0
497513,2025-04-25T19:00:00.000000000,0.368,0.0,0.0,0.044,0.3235504614701334,0.0
497513,2025-04-25T20:00:00.000000000,0.386,0.0,0.0,0.039,0.0,0.0
497513,2025-04-25T21:00:00.000000000,0.46799999999999997,0.0,0.0,0.036,0.3235504614701334,0.0
497513,2025-04-25T22:00:00.000000000,0.459,0.0,0.0,0.027999999999999997,0.0,0.0
497513,2025-04-25T23:00:00.000000000,0.454,0.0,0.0,0.022000000000000002,0.3235504614701334,0.0
497513,2025-04-26T00:00:00.000000000,0.437,0.0,0.0,0.019,0.0,0.0
497513,2025-04-26T01:00:00.000000000,0.41500000000000004,0.0,0.0,0.017,0.3235504614701334,0.0
497513,2025-04-26T02:00:00.000000000,0.34600000000000003,0.0,0.0,0.008,1.2344153475654,0.0
497513,2025-04-26T03:00:00.000000000,0.313,0.0,0.0,0.007,0.3235504614701334,0.0
497513,2025-04-26T04:00:00.000000000,0.308,0.0,0.0,0.003,0.3367386596278834,0.0
497513,2025-04-26T05:00:00.000000000,0.305,0.0,0.0,0.001,0.0,0.0
497513,2025-04-26T06:00:00.000000000,0.301,0.0,0.0,0.0,1.0450914362341446,0.0
497513,2025-04-26T07:00:00.000000000,0.3,0.0,0.0,0.0,0.0,0.0
497513,2025-04-26T08:00:00.000000000,0.31299999999999994,0.0,0.0,0.0,0.3235504614701334,0.0
497513,2025-04-26T09:00:00.000000000,0.389,0.024,0.0,0.0,4.7061352448255445,0.0
497513,2025-04-26T10:00:00.000000000,1.7309999999999999,0.0,0.0,0.047,0.3235504614701334,0.0
497513,2025-04-26T11:00:00.000000000,0.494,0.0,0.0,0.040999999999999995,0.0,0.0
497513,2025-04-26T12:00:00.000000000,0.384,0.0,0.0,0.043000000000000003,0.32355046147013333,0.0
497513,2025-04-26T13:00:00.000000000,0.368,0.0,0.0,0.045,0.6702535374838722,0.0
497513,2025-04-26T14:00:00.000000000,0.502,0.0,0.0,0.062,0.3469961470839111,0.0
497513,2025-04-26T15:00:00.000000000,0.448,0.0,0.0,0.064,0.3469961470839111,0.0
497513,2025-04-26T16:00:00.000000000,0.447,0.0,0.0,0.066,1.4630107822997334,0.0
497513,2025-04-26T17:00:00.000000000,0.517,0.0,0.0,0.071,1.6875032220516555,0.0
497513,2025-04-26T18:00:00.000000000,0.5970000000000001,0.0,0.0,0.078,1.975299012960778,0.0
497513,2025-04-26T19:00:00.000000000,0.599,0.0,0.0,0.069,2.223237138326478,0.0
497513,2025-04-26T20:00:00.000000000,0.609,0.0,0.0,0.063,1.6332850740697946,0.0
497513,2025-04-26T21:00:00.000000000,0.477,0.0,0.0,0.045,2.436006735271511,0.0
497513,2025-04-26T22:00:00.000000000,0.46799999999999997,0.0,0.0,0.036000000000000004,1.7856820305593502,0.0
497513,2025-04-26T23:00:00.000000000,0.464,0.0,0.0,0.032,0.7209548326236667,0.0
497513,2025-04-27T00:00:00.000000000,0.422,0.0,0.0,0.022000000000000002,1.4973000975098834,0.0
497513,2025-04-27T01:00:00.000000000,0.37,0.0,0.0,0.017,1.1429771736716667,0.0
497513,2025-04-27T02:00:00.000000000,0.321,0.0,0.0,0.015,0.6705466085540445,0.0
497513,2025-04-27T03:00:00.000000000,0.319,0.0,0.0,0.013999999999999999,0.0,0.0
497513,2025-04-27T04:00:00.000000000,0.314,0.0,0.0,0.01,0.32355046147013333,0.0
497513,2025-04-27T05:00:00.000000000,0.306,0.0,0.0,0.003,0.0,0.0
497513,2025-04-27T06:00:00.000000000,0.301,0.0,0.0,0.0,0.3235504614701334,0.0
497513,2025-04-27T07:00:00.000000000,0.309,0.0,0.0,0.0,0.0,0.0
497513,2025-04-27T08:00:00.000000000,0.33599999999999997,0.0,0.0,0.0,0.3235504614701334,0.0
497513,2025-04-27T09:00:00.000000000,0.333,0.0,0.0,0.002,0.0,0.0
497513,2025-04-27T10:00:00.000000000,0.34099999999999997,0.0,0.0,0.015000000000000001,0.3235504614701334,0.0
497513,2025-04-27T11:00:00.000000000,0.405,0.0,0.0,0.025,0.6939922941678223,0.0
497513,2025-04-27T12:00:00.000000000,0.332,0.0,0.0,0.028,1.0409884412517332,0.0
497513,2025-04-27T13:00:00.000000000,0.333,0.0,0.0,0.029,1.5734985757546613,0.0
497513,2025-04-27T14:00:00.000000000,0.337,0.0,0.0,0.032,0.0,0.0
497513,2025-04-27T15:00:00.000000000,0.40099999999999997,0.0,0.0,0.036000000000000004,0.3235504614701334,0.0
497513,2025-04-27T16:00:00.000000000,0.422,0.0,0.0,0.041,0.3628219848732111,0.0
497513,2025-04-27T17:00:00.000000000,0.512,0.0,0.0,0.048,1.4885079654047169,0.0
497513,2025-04-27T18:00:00.000000000,0.9810000000000001,0.0,0.0,0.045,2.3902876483246445,0.0
497513,2025-04-27T19:00:00.000000000,0.578,0.0,0.0,0.047,1.0544697104796554,0.0
497513,2025-04-27T20:00:00.000000000,0.591,0.0,0.0,0.044,1.3032870490558721,0.0
497513,2025-04-27T21:00:00.000000000,0.593,0.0,0.0,0.047,0.0,0.0
497513,2025-04-27T22:00:00.000000000,0.867,0.0,0.0,0.039,0.6939922941678222,0.0
497513,2025-04-27T23:00:00.000000000,3.2989999999999995,0.0,0.0,0.024,1.41113720287925,0.0
497513,2025-04-28T00:00:00.000000000,0.498,0.0,0.0,0.032,0.6802179538697277,0.0
497513,2025-04-28T01:00:00.000000000,0.35200000000000004,0.0,0.0,0.024,0.7209548326236667,0.0
497513,2025-04-28T02:00:00.000000000,0.329,0.0,0.0,0.021,0.3235504614701334,0.0
497513,2025-04-28T03:00:00.000000000,0.324,0.0,0.0,0.02,0.0,0.0
497513,2025-04-28T04:00:00.000000000,0.32,0.0,0.0,0.016,0.3235504614701334,0.0
497513,2025-04-28T05:00:00.000000000,0.316,0.0,0.0,0.015,0.0,0.0
497513,2025-04-28T06:00:00.000000000,0.314,0.0,0.0,0.012,0.3235504614701334,0.0
497513,2025-04-28T07:00:00.000000000,0.308,0.0,0.0,0.007,0.0791291889465,0.0
497513,2025-04-28T08:00:00.000000000,0.304,0.0,0.0,0.001,0.24442127252363333,0.0
497513,2025-04-28T09:00:00.000000000,0.362,0.0,0.0,0.006,0.3235504614701334,0.0
497513,2025-04-28T10:00:00.000000000,0.445,0.0,0.0,0.013000000000000001,1.5339339812814112,0.0
497513,2025-04-28T11:00:00.000000000,0.479,0.0,0.0,0.027,0.6849070909924835,0.0
497513,2025-04-28T12:00:00.000000000,0.484,0.0,0.0,0.034,1.4606662137383555,0.0
497513,2025-04-28T13:00:00.000000000,0.489,0.0,0.0,0.038,2.9925486975285613,0.0
497513,2025-04-28T14:00:00.000000000,0.41600000000000004,0.0,0.0,0.035,4.269459350268933,0.0
497513,2025-04-28T15:00:00.000000000,0.357,0.0,0.0,0.051,0.3235504614701334,0.0
497513,2025-04-28T16:00:00.000000000,0.352,0.0,0.0,0.048,0.6934061520274778,0.0
497513,2025-04-28T17:00:00.000000000,0.336,0.0,0.0,0.031,1.57994613929845,0.0
497513,2025-04-28T18:00:00.000000000,0.363,0.0,0.0,0.022000000000000002,0.3469961470839111,0.0
497513,2025-04-28T19:00:00.000000000,0.358,0.0,0.0,0.034,0.3235504614701334,0.0
497513,2025-04-28T20:00:00.000000000,2.36,0.0,0.0,0.037,0.33732480176822777,0.0
497513,2025-04-28T21:00:00.000000000,1.5619999999999998,0.0,0.0,0.039,0.7004398577116111,0.0
497513,2025-04-28T22:00:00.000000000,0.464,0.0,0.0,0.032,1.838141752120178,0.0
497513,2025-04-28T23:00:00.000000000,0.42600000000000005,0.0,0.0,0.024000000000000004,1.0459706494446612,0.0
497513,2025-04-29T00:00:00.000000000,0.423,0.0,0.0,0.024,0.0,0.0
497513,2025-04-29T01:00:00.000000000,0.37,0.0,0.0,0.017,0.6705466085540445,0.0
497513,2025-04-29T02:00:00.000000000,0.333,0.0,0.0,0.008,1.894118326523072,0.0
497513,2025-04-29T03:00:00.000000000,0.311,0.0,0.0,0.006,0.3467030760137389,0.0
497513,2025-04-29T04:00:00.000000000,0.305,0.0,0.0,0.001,0.0,0.0
497513,2025-04-29T05:00:00.000000000,0.304,0.0,0.0,0.0,0.3235504614701334,0.0
497513,2025-04-29T06:00:00.000000000,0.301,0.0,0.0,0.0,0.3467030760137389,0.0
497513,2025-04-29T07:00:00.000000000,0.3,0.0,0.0,0.0,0.3235504614701334,0.0
497513,2025-04-29T08:00:00.000000000,0.303,0.0,0.0,0.0,0.0,0.0
497513,2025-04-29T09:00:00.000000000,0.359,0.0,0.0,0.002,1.665815962858911,0.0
497513,2025-04-29T10:00:00.000000000,0.40399999999999997,0.0,0.0,0.026000000000000002,0.7104042740974666,0.0
497513,2025-04-29T11:00:00.000000000,0.421,0.0,0.0,0.041999999999999996,0.8484407481485834,0.0
497513,2025-04-29T12:00:00.000000000,0.445,0.0,0.0,0.049,1.2965464144419112,0.0
497513,2025-04-29T13:00:00.000000000,3.8989999999999996,0.0,0.0,0.059,1.4791296911592056,0.0
497513,2025-04-29T14:00:00.000000000,6.159000000000001,0.0,0.0,0.07200000000000001,2.535650899130067,0.0
497513,2025-04-29T15:00:00.000000000,1.4940000000000002,0.0,0.0,0.075,1.043333009813111,0.0
497513,2025-04-29T16:00:00.000000000,0.894,0.0,0.0,0.07400000000000001,0.3361525174875389,0.0
497513,2025-04-29T17:00:00.000000000,1.665,0.0,0.0,0.08800000000000001,0.7206617615534945,0.0
497513,2025-04-29T18:00:00.000000000,0.5880000000000001,0.0,0.0,0.07100000000000001,1.0773292539530888,0.0
497513,2025-04-29T19:00:00.000000000,0.509,0.0,0.0,0.059,0.0,0.0
497513,2025-04-29T20:00:00.000000000,0.41899999999999993,0.0,0.0,0.047,0.3235504614701334,0.0
497513,2025-04-29T21:00:00.000000000,0.558,0.0,0.0,0.042,1.45861471624715,0.0
497513,2025-04-29T22:00:00.000000000,0.525,0.0,0.0,0.037,0.7561233610443332,0.0
497513,2025-04-29T23:00:00.000000000,0.455,0.0,0.0,0.024,1.57994613929845,0.0
497513,2025-04-30T00:00:00.000000000,0.333,0.0,0.0,0.018000000000000002,0.4495710216441889,0.0
497513,2025-04-30T01:00:00.000000000,0.325,0.0,0.0,0.016,0.5673855918534223,0.0
497513,2025-04-30T02:00:00.000000000,0.32,0.0,0.0,0.014,0.3235504614701334,0.0
497513,2025-04-30T03:00:00.000000000,0.317,0.0,0.0,0.011000000000000001,0.6934061520274778,0.0
497513,2025-04-30T04:00:00.000000000,0.313,0.0,0.0,0.011000000000000001,0.0,0.0
497513,2025-04-30T05:00:00.000000000,0.312,0.0,0.0,0.008,0.3235504614701334,0.0
497513,2025-04-30T06:00:00.000000000,0.309,0.0,0.0,0.008,0.0,0.0
497513,2025-04-30T07:00:00.000000000,0.308,0.0,0.0,0.008,0.3235504614701334,0.0
497513,2025-04-30T08:00:00.000000000,0.309,0.0,0.0,0.006,0.0,0.0
497513,2025-04-30T09:00:00.000000000,0.318,0.0,0.0,0.015,0.3235504614701334,0.0
497513,2025-04-30T10:00:00.000000000,0.40299999999999997,0.0,0.0,0.023,1.1825417681449166,0.0
497513,2025-04-30T11:00:00.000000000,0.471,0.0,0.0,0.037000000000000005,0.6822694513609333,0.0
497513,2025-04-30T12:00:00.000000000,0.477,0.0,0.0,0.045,1.7464105071562723,0.0
497513,2025-04-30T13:00:00.000000000,0.511,0.0,0.0,0.057999999999999996,0.7839651127106944,0.0
497513,2025-04-30T14:00:00.000000000,0.523,0.0,0.0,0.062,1.6672813182097723,0.0
497513,2025-04-30T15:00:00.000000000,0.528,0.0,0.0,0.068,0.3235504614701334,0.0
497513,2025-04-30T16:00:00.000000000,0.517,0.0,0.0,0.062,0.0,0.0
497513,2025-04-30T17:00:00.000000000,0.44999999999999996,0.0,0.0,0.048,0.3235504614701334,0.0
497513,2025-04-30T18:00:00.000000000,0.456,0.0,0.0,0.027000000000000003,0.68314866457145,0.0
497513,2025-04-30T19:00:00.000000000,0.888,0.0,0.0,0.045,0.3467030760137389,0.0
497513,2025-04-30T20:00:00.000000000,0.46599999999999997,0.0,0.0,0.034,2.161399142520139,0.0
497513,2025-04-30T21:00:00.000000000,0.552,0.0,0.0,0.036,1.6414910640346165,0.0
497513,2025-04-30T22:00:00.000000000,0.492,0.0,0.0,0.032,0.6934061520274778,0.0
497513,2025-04-30T23:00:00.000000000,0.459,0.0,0.0,0.027000000000000003,0.0,0.0
497513,2025-05-01T00:00:00.000000000,0.421,0.0,0.0,0.021,0.3235504614701334,0.0
497513,2025-05-01T01:00:00.000000000,0.40800000000000003,0.0,0.0,0.021,0.6934061520274778,0.0
497513,2025-05-01T02:00:00.000000000,0.327,0.0,0.0,0.012,1.2701700181264108,0.0
497513,2025-05-01T03:00:00.000000000,0.32,0.0,0.0,0.016,0.0,0.0
497513,2025-05-01T04:00:00.000000000,0.317,0.0,0.0,0.012,0.3235504614701334,0.0
497513,2025-05-01T05:00:00.000000000,0.313,0.0,0.0,0.012,0.0,0.0
497513,2025-05-01T06:00:00.000000000,0.307,0.0,0.0,0.005,0.3235504614701334,0.0
497513,2025-05-01T07:00:00.000000000,0.308,0.0,0.0,0.008,0.0,0.0
497513,2025-05-01T08:00:00.000000000,0.33999999999999997,0.0,0.0,0.006,1.0509528576375888,0.0
497513,2025-05-01T09:00:00.000000000,0.377,0.0,0.0,0.011,1.2508273274950445,0.0
497513,2025-05-01T10:00:00.000000000,0.389,0.0,0.0,0.028999999999999998,1.1259790516016777,0.0
497513,2025-05-01T11:00:00.000000000,0.35,0.0,0.0,0.046,0.0,0.0
497513,2025-05-01T12:00:00.000000000,0.36,0.0,0.0,0.056,1.0708816904093,0.0
497513,2025-05-01T13:00:00.000000000,0.364,0.0,0.0,0.061,2.17605269602875,0.0
497513,2025-05-01T14:00:00.000000000,0.386,0.0,0.0,0.08199999999999999,0.0,0.0
497513,2025-05-01T15:00:00.000000000,0.438,0.0,0.0,0.096,0.3235504614701334,0.0
497513,2025-05-01T16:00:00.000000000,0.42100000000000004,0.0,0.0,0.097,0.0,0.0
497513,2025-05-01T17:00:00.000000000,0.45699999999999996,0.0,0.0,0.095,0.3235504614701334,0.0
497513,2025-05-01T18:00:00.000000000,0.483,0.0,0.0,0.09899999999999999,1.1429771736716667,0.0
497513,2025-05-01T19:00:00.000000000,0.51,0.0,0.0,0.085,0.7977394530087889,0.0
497513,2025-05-01T20:00:00.000000000,0.61,0.0,0.0,0.07100000000000001,1.974126728680089,0.0
497513,2025-05-01T21:00:00.000000000,0.544,0.0,0.0,0.062,1.1561653718294167,0.0
497513,2025-05-01T22:00:00.000000000,0.475,0.0,0.0,0.051000000000000004,0.3467030760137389,0.0
497513,2025-05-01T23:00:00.000000000,0.43999999999999995,0.0,0.0,0.04,1.0705886193391279,0.0
497513,2025-05-02T00:00:00.000000000,0.35,0.0,0.0,0.034999999999999996,0.3235504614701334,0.0
497513,2025-05-02T01:00:00.000000000,0.34,0.0,0.0,0.03,0.0,0.0
497513,2025-05-02T02:00:00.000000000,0.333,0.0,0.0,0.028,0.3235504614701334,0.0
497513,2025-05-02T03:00:00.000000000,0.33,0.0,0.0,0.025,0.0,0.0
497513,2025-05-02T04:00:00.000000000,0.326,0.0,0.0,0.024,0.3235504614701334,0.0
497513,2025-05-02T05:00:00.000000000,0.322,0.0,0.0,0.02,0.0,0.0
497513,2025-05-02T06:00:00.000000000,0.32,0.0,0.0,0.019000000000000003,0.3235504614701334,0.0
497513,2025-05-02T07:00:00.000000000,0.318,0.0,0.0,0.017,0.3235504614701334,0.0
497513,2025-05-02T08:00:00.000000000,0.321,0.0,0.0,0.019000000000000003,0.0,0.0
497513,2025-05-02T09:00:00.000000000,0.38799999999999996,0.0,0.0,0.033,0.3235504614701334,0.0
497513,2025-05-02T10:00:00.000000000,0.428,0.0,0.0,0.049999999999999996,0.0,0.0
497513,2025-05-02T11:00:00.000000000,0.42700000000000005,0.0,0.0,0.066,0.3235504614701333,0.0
497513,2025-05-02T12:00:00.000000000,0.383,0.0,0.0,0.078,0.0,0.0
497513,2025-05-02T13:00:00.000000000,0.395,0.0,0.0,0.091,0.3467030760137389,0.0
497513,2025-05-02T14:00:00.000000000,0.42300000000000004,0.0,0.0,0.1,1.0401092280412167,0.0
497513,2025-05-02T15:00:00.000000000,0.907,0.0,0.0,0.107,1.1163077062859945,0.0
497513,2025-05-02T16:00:00.000000000,0.491,0.0,0.0,0.112,0.0,0.0
497513,2025-05-02T17:00:00.000000000,0.498,0.0,0.0,0.114,0.32355046147013333,0.0
497513,2025-05-02T18:00:00.000000000,0.541,0.0,0.0,0.113,0.0,0.0
497513,2025-05-02T19:00:00.000000000,0.533,0.0,0.0,0.107,0.6931130809573056,0.0
497513,2025-05-02T20:00:00.000000000,0.529,0.0,0.0,0.1,1.1561653718294167,0.0
497513,2025-05-02T21:00:00.000000000,0.994,0.0,0.0,0.09,0.6497385625718167,0.0
497513,2025-05-02T22:00:00.000000000,1.314,0.0,0.0,0.08600000000000001,0.0,0.0
497513,2025-05-02T23:00:00.000000000,0.486,0.0,0.0,0.061,0.3467030760137389,0.0
497513,2025-05-03T00:00:00.000000000,0.504,0.0,0.0,0.051,1.0808461067951556,0.0
497513,2025-05-03T01:00:00.000000000,0.376,0.0,0.0,0.048,0.3235504614701334,0.0
497513,2025-05-03T02:00:00.000000000,0.349,0.0,0.0,0.042,0.0,0.0
497513,2025-05-03T03:00:00.000000000,0.341,0.0,0.0,0.036,0.6696673953435278,0.0
497513,2025-05-03T04:00:00.000000000,0.336,0.0,0.0,0.031,0.0,0.0
497513,2025-05-03T05:00:00.000000000,0.332,0.0,0.0,0.028,0.3235504614701334,0.0
497513,2025-05-03T06:00:00.000000000,0.325,0.0,0.0,0.023000000000000003,0.0,0.0
497513,2025-05-03T07:00:00.000000000,0.317,0.0,0.0,0.016,0.3235504614701334,0.0
497513,2025-05-03T08:00:00.000000000,0.349,0.0,0.0,0.015,2.020725028837472,0.0
497513,2025-05-03T09:00:00.000000000,0.34600000000000003,0.0,0.0,0.031,0.3235504614701334,0.0
497513,2025-05-03T10:00:00.000000000,0.353,0.0,0.0,0.046,0.0,0.0
497513,2025-05-03T11:00:00.000000000,0.382,0.0,0.0,0.059,1.4934901735976447,0.0
497513,2025-05-03T12:00:00.000000000,0.446,0.0,0.0,0.069,1.0770361828829167,0.0
497513,2025-05-03T13:00:00.000000000,0.481,0.0,0.0,0.07500000000000001,2.0013823382061053,0.0
497513,2025-05-03T14:00:00.000000000,0.864,0.0,0.0,0.096,0.3235504614701334,0.0
497513,2025-05-03T15:00:00.000000000,0.485,0.0,0.0,0.103,0.0,0.0
497513,2025-05-03T16:00:00.000000000,0.485,0.0,0.0,0.106,0.3467030760137389,0.0
497513,2025-05-03T17:00:00.000000000,0.49,0.0,0.0,0.108,0.3235504614701334,0.0
497513,2025-05-03T18:00:00.000000000,0.534,0.0,0.0,0.108,0.0,0.0
497513,2025-05-03T19:00:00.000000000,0.525,0.0,0.0,0.1,0.6928200098871333,0.0
497513,2025-05-03T20:00:00.000000000,0.512,0.0,0.0,0.083,0.6934061520274778,0.0
497513,2025-05-03T21:00:00.000000000,0.498,0.0,0.0,0.06999999999999999,0.6934061520274778,0.0
497513,2025-05-03T22:00:00.000000000,0.48,0.0,0.0,0.055,1.1289097623034001,0.0
497513,2025-05-03T23:00:00.000000000,0.474,0.0,0.0,0.048,0.3235504614701334,0.0
497513,2025-05-04T00:00:00.000000000,0.435,0.0,0.0,0.037,0.3467030760137389,0.0
497513,2025-05-04T01:00:00.000000000,0.381,0.0,0.0,0.027,0.36663190878545,0.0
497513,2025-05-04T02:00:00.000000000,0.378,0.0,0.0,0.024,1.0981372999353167,0.0
497513,2025-05-04T03:00:00.000000000,0.34800000000000003,0.0,0.0,0.019000000000000003,1.531003270579689,0.0
497513,2025-05-04T04:00:00.000000000,0.329,0.0,0.0,0.019000000000000003,0.3622358427328667,0.0
497513,2025-05-04T05:00:00.000000000,0.321,0.0,0.0,0.016,0.3235504614701334,0.0
497513,2025-05-04T06:00:00.000000000,0.315,0.0,0.0,0.013999999999999999,0.0,0.0
497513,2025-05-04T07:00:00.000000000,0.308,0.0,0.0,0.008,0.3235504614701334,0.0
497513,2025-05-04T08:00:00.000000000,0.34199999999999997,0.0,0.0,0.008,0.6931130809573056,0.0
497513,2025-05-04T09:00:00.000000000,0.375,0.0,0.0,0.025,0.0,0.0
497513,2025-05-04T10:00:00.000000000,0.76,0.0,0.0,0.046,0.32355046147013333,0.0
497513,2025-05-04T11:00:00.000000000,4.648000000000001,0.0,0.0,0.06,1.5723262914739724,0.0
497513,2025-05-04T12:00:00.000000000,0.521,0.0,0.0,0.075,0.3235504614701334,0.0
497513,2025-05-04T13:00:00.000000000,4.96,0.0,0.0,0.088,1.0550558526200002,0.0
497513,2025-05-04T14:00:00.000000000,0.5,0.0,0.0,0.083,1.9055480982597888,0.0
497513,2025-05-04T15:00:00.000000000,0.462,0.0,0.0,0.079,0.34641000494356666,0.0
497513,2025-05-04T16:00:00.000000000,0.457,0.0,0.0,0.079,0.34641000494356666,0.0
497513,2025-05-04T17:00:00.000000000,0.456,0.0,0.0,0.073,1.5368646919831335,0.0
497513,2025-05-04T18:00:00.000000000,0.498,0.0,0.0,0.07,1.9322175656454612,0.0
497513,2025-05-04T19:00:00.000000000,0.487,0.0,0.0,0.061,1.0823114621460168,0.0
497513,2025-05-04T20:00:00.000000000,0.479,0.0,0.0,0.051,1.0661925532865446,0.0
497513,2025-05-04T21:00:00.000000000,0.472,0.0,0.0,0.045,0.34641000494356666,0.0
497513,2025-05-04T22:00:00.000000000,0.462,0.0,0.0,0.036,0.3235504614701334,0.0
497513,2025-05-04T23:00:00.000000000,0.484,0.0,0.0,0.031,0.0,0.0
497513,2025-05-05T00:00:00.000000000,0.44899999999999995,0.0,0.0,0.023999999999999997,1.315009891862761,0.0
497513,2025-05-05T01:00:00.000000000,0.376,0.0,0.0,0.022000000000000002,0.24324898824294444,0.0
497513,2025-05-05T02:00:00.000000000,0.331,0.0,0.0,0.017,0.3235504614701334,0.0
497513,2025-05-05T03:00:00.000000000,0.317,0.0,0.0,0.012,0.0,0.0
497513,2025-05-05T04:00:00.000000000,0.316,0.0,0.0,0.012,0.3235504614701334,0.0
497513,2025-05-05T05:00:00.000000000,0.314,0.0,0.0,0.012,0.0,0.0
497513,2025-05-05T06:00:00.000000000,0.312,0.0,0.0,0.01,0.3235504614701334,0.0
497513,2025-05-05T07:00:00.000000000,0.308,0.0,0.0,0.008,0.0,0.0
497513,2025-05-05T08:00:00.000000000,0.32199999999999995,0.0,0.0,0.009000000000000001,0.7335568886410723,0.0
497513,2025-05-05T09:00:00.000000000,0.391,0.0,0.0,0.023,1.477078193668,0.0
497513,2025-05-05T10:00:00.000000000,0.43699999999999994,0.0,0.0,0.040999999999999995,0.0,0.0
497513,2025-05-05T11:00:00.000000000,0.424,0.0,0.0,0.047,1.5028684478431558,0.0
497513,2025-05-05T12:00:00.000000000,0.41300000000000003,0.0,0.0,0.05499999999999999,1.0661925532865446,0.0
497513,2025-05-05T13:00:00.000000000,0.359,0.0,0.0,0.055,0.3235504614701334,0.0
497513,2025-05-05T14:00:00.000000000,0.36,0.0,0.0,0.055,1.0928620206722166,0.0
497513,2025-05-05T15:00:00.000000000,0.365,0.0,0.0,0.059,1.0392300148307,0.0
497513,2025-05-05T16:00:00.000000000,0.365,0.0,0.0,0.06,0.0,0.0
497513,2025-05-05T17:00:00.000000000,0.363,0.0,0.0,0.057999999999999996,0.3235504614701334,0.0
497513,2025-05-05T18:00:00.000000000,0.46399999999999997,0.0,0.0,0.056999999999999995,0.0,0.0
497513,2025-05-05T19:00:00.000000000,0.479,0.0,0.0,0.054,0.3235504614701334,0.0
497513,2025-05-05T20:00:00.000000000,0.477,0.0,0.0,0.05,0.0,0.0
497513,2025-05-05T21:00:00.000000000,0.46799999999999997,0.0,0.0,0.042,0.3235504614701334,0.0
497513,2025-05-05T22:00:00.000000000,0.572,0.0,0.0,0.04,0.34641000494356666,0.0
497513,2025-05-05T23:00:00.000000000,3.911,0.0,0.0,0.018000000000000002,2.9063858028979275,0.0
497513,2025-05-06T00:00:00.000000000,4.265999999999999,0.0,0.0,0.009,2.2516650321331833,0.0
497513,2025-05-06T01:00:00.000000000,0.379,0.0,0.0,0.025,0.34641000494356666,0.0
497513,2025-05-06T02:00:00.000000000,0.336,0.0,0.0,0.023000000000000003,0.3235504614701334,0.0
497513,2025-05-06T03:00:00.000000000,0.324,0.0,0.0,0.019000000000000003,0.6699604664137,0.0
497513,2025-05-06T04:00:00.000000000,0.322,0.0,0.0,0.02,0.0,0.0
497513,2025-05-06T05:00:00.000000000,0.319,0.0,0.0,0.016,0.3235504614701334,0.0
497513,2025-05-06T06:00:00.000000000,0.316,0.0,0.0,0.013999999999999999,0.0,0.0
497513,2025-05-06T07:00:00.000000000,0.313,0.0,0.0,0.012,0.3235504614701334,0.0
497513,2025-05-06T08:00:00.000000000,0.349,0.0,0.0,0.016,0.0,0.0
497513,2025-05-06T09:00:00.000000000,0.328,0.0,0.0,0.022000000000000002,0.32355046147013333,0.0
497513,2025-05-06T10:00:00.000000000,0.361,0.0,0.0,0.038000000000000006,0.0,0.0
497513,2025-05-06T11:00:00.000000000,0.371,0.0,0.0,0.048,0.3235504614701334,0.0
497513,2025-05-06T12:00:00.000000000,0.378,0.0,0.0,0.055,0.692526938816961,0.0
497513,2025-05-06T13:00:00.000000000,0.366,0.0,0.0,0.063,0.34641000494356666,0.0
497513,2025-05-06T14:00:00.000000000,0.375,0.0,0.0,0.07,0.3235504614701334,0.0
497513,2025-05-06T15:00:00.000000000,0.383,0.0,0.0,0.079,0.34641000494356666,0.0
497513,2025-05-06T16:00:00.000000000,0.384,0.0,0.0,0.078,0.3232573903999611,0.0
497513,2025-05-06T17:00:00.000000000,0.376,0.0,0.0,0.072,0.0,0.0
497513,2025-05-06T18:00:00.000000000,0.409,0.0,0.0,0.069,0.3235504614701334,0.0
497513,2025-05-06T19:00:00.000000000,0.46299999999999997,0.0,0.0,0.06,0.7183171929921167,0.0
497513,2025-05-06T20:00:00.000000000,0.508,0.0,0.0,0.052,1.5544489561934667,0.0
497513,2025-05-06T21:00:00.000000000,0.5,0.0,0.0,0.045000000000000005,0.0,0.0
497513,2025-05-06T22:00:00.000000000,0.42600000000000005,0.0,0.0,0.027,0.6901823702555834,0.0
497513,2025-05-06T23:00:00.000000000,0.442,0.0,0.0,0.016,2.5819561282172776,0.0
497513,2025-05-07T00:00:00.000000000,0.35800000000000004,0.0,0.0,0.018000000000000002,0.6928200098871333,0.0
497513,2025-05-07T01:00:00.000000000,0.318,0.0,0.0,0.009000000000000001,2.380909374079133,0.0
497513,2025-05-07T02:00:00.000000000,0.315,0.0,0.0,0.01,1.6110116727367056,0.0
497513,2025-05-07T03:00:00.000000000,0.317,0.0,0.0,0.012,0.0,0.0
497513,2025-05-07T04:00:00.000000000,0.318,0.0,0.0,0.012,0.3235504614701334,0.0
497513,2025-05-07T05:00:00.000000000,0.313,0.0,0.0,0.011000000000000001,0.3235504614701334,0.0
497513,2025-05-07T06:00:00.000000000,0.305,0.0,0.0,0.003,0.0,0.0
497513,2025-05-07T07:00:00.000000000,0.302,0.0,0.0,0.001,0.3235504614701334,0.0
497513,2025-05-07T08:00:00.000000000,0.309,0.0,0.0,0.007,0.0,0.0
497513,2025-05-07T09:00:00.000000000,0.325,0.0,0.0,0.022000000000000002,0.3235504614701334,0.0
497513,2025-05-07T10:00:00.000000000,0.825,0.0,0.0,0.048,0.0,0.0
497513,2025-05-07T11:00:00.000000000,0.436,0.0,0.0,0.059,0.3235504614701334,0.0
497513,2025-05-07T12:00:00.000000000,0.444,0.0,0.0,0.068,0.0,0.0
497513,2025-05-07T13:00:00.000000000,2.052,0.0,0.0,0.079,1.0392300148307,0.0
497513,2025-05-07T14:00:00.000000000,0.457,0.0,0.0,0.076,2.061168836521239,0.0
497513,2025-05-07T15:00:00.000000000,0.467,0.0,0.0,0.084,1.0310240248658777,0.0
497513,2025-05-07T16:00:00.000000000,0.9410000000000001,0.0,0.0,0.09,1.0553489236901723,0.0
497513,2025-05-07T17:00:00.000000000,0.549,0.0,0.0,0.086,1.9210808649789164,0.0
497513,2025-05-07T18:00:00.000000000,0.5920000000000001,0.0,0.0,0.077,3.8562291413261,0.0
497513,2025-05-07T19:00:00.000000000,0.523,0.0,0.0,0.075,1.04714293372535,0.0
497513,2025-05-07T20:00:00.000000000,0.554,0.0,0.0,0.068,0.6699604664137,0.0
497513,2025-05-07T21:00:00.000000000,0.483,0.0,0.0,0.055999999999999994,0.3235504614701334,0.0
497513,2025-05-07T22:00:00.000000000,0.469,0.0,0.0,0.044000000000000004,0.0,0.0
497513,2025-05-07T23:00:00.000000000,0.46,0.0,0.0,0.034,1.0392300148307,0.0
497513,2025-05-08T00:00:00.000000000,0.43,0.0,0.0,0.032,1.069416335058439,0.0
497513,2025-05-08T01:00:00.000000000,0.37600000000000006,0.0,0.0,0.032,0.0,0.0
497513,2025-05-08T02:00:00.000000000,0.335,0.0,0.0,0.028999999999999998,0.34641000494356666,0.0
497513,2025-05-08T03:00:00.000000000,0.338,0.0,0.0,0.027000000000000003,0.32355046147013333,0.0
497513,2025-05-08T04:00:00.000000000,0.327,0.0,0.0,0.019999999999999997,1.2256232154602333,0.0
497513,2025-05-08T05:00:00.000000000,0.322,0.0,0.0,0.02,0.7112834873079834,0.0
497513,2025-05-08T06:00:00.000000000,0.319,0.0,0.0,0.019000000000000003,0.6769941720978334,0.0
497513,2025-05-08T07:00:00.000000000,0.316,0.0,0.0,0.016,0.34641000494356666,0.0
497513,2025-05-08T08:00:00.000000000,0.321,0.0,0.0,0.019000000000000003,0.0,0.0
497513,2025-05-08T09:00:00.000000000,0.33699999999999997,0.0,0.0,0.034,0.3235504614701334,0.0
497513,2025-05-08T10:00:00.000000000,0.353,0.0,0.0,0.046,0.34641000494356666,0.0
497513,2025-05-08T11:00:00.000000000,0.365,0.0,0.0,0.06,0.0,0.0
497513,2025-05-08T12:00:00.000000000,0.426,0.0,0.0,0.068,0.3235504614701334,0.0
497513,2025-05-08T13:00:00.000000000,0.449,0.0,0.0,0.073,0.3235504614701334,0.0
497513,2025-05-08T14:00:00.000000000,0.94,0.0,0.0,0.08099999999999999,0.0,0.0
497513,2025-05-08T15:00:00.000000000,1.2769999999999997,0.0,0.0,0.091,0.3235504614701334,0.0
497513,2025-05-08T16:00:00.000000000,0.383,0.0,0.0,0.077,0.34641000494356666,0.0
497513,2025-05-08T17:00:00.000000000,0.438,0.0,0.0,0.074,0.6570653393261223,0.0
497513,2025-05-08T18:00:00.000000000,0.498,0.0,0.0,0.071,0.34641000494356666,0.0
497513,2025-05-08T19:00:00.000000000,0.45999999999999996,0.0,0.0,0.061,0.6699604664137,0.0
497513,2025-05-08T20:00:00.000000000,0.36,0.0,0.0,0.042,1.2889265666174334,0.0
497513,2025-05-08T21:00:00.000000000,0.351,0.0,0.0,0.034,0.34641000494356666,0.0
497513,2025-05-08T22:00:00.000000000,0.388,0.0,0.0,0.018000000000000002,3.414277967506389,0.0
497513,2025-05-08T23:00:00.000000000,0.452,0.0,0.0,0.025,0.3235504614701334,0.0
497513,2025-05-09T00:00:00.000000000,0.36400000000000005,0.0,0.0,0.023000000000000003,0.0,0.0
497513,2025-05-09T01:00:00.000000000,0.326,0.0,0.0,0.016,0.3235504614701334,0.0
497513,2025-05-09T02:00:00.000000000,0.33299999999999996,0.0,0.0,0.015,0.0,0.0
497513,2025-05-09T03:00:00.000000000,3.7220000000000004,0.013,0.0,0.006,1.178731844232678,0.0
497513,2025-05-09T04:00:00.000000000,1.351,0.0,0.0,0.008,0.6813902381504167,0.0
497513,2025-05-09T05:00:00.000000000,0.313,0.0,0.0,0.011000000000000001,0.6810971670802444,0.0
497513,2025-05-09T06:00:00.000000000,0.309,0.0,0.0,0.008,0.0,0.0
497513,2025-05-09T07:00:00.000000000,0.31,0.0,0.0,0.004,1.0658994822163723,0.0
497513,2025-05-09T08:00:00.000000000,0.656,0.0,0.0,0.006,1.694536927735789,0.0
497513,2025-05-09T09:00:00.000000000,6.048,0.06899999999999999,0.0,0.0,4.159850770024522,0.0
497513,2025-05-09T10:00:00.000000000,0.45899999999999996,0.0,0.0,0.046,1.1016541527773833,0.0
497513,2025-05-09T11:00:00.000000000,0.434,0.0,0.0,0.055,1.0647271979356834,0.0
497513,2025-05-09T12:00:00.000000000,0.44,0.0,0.0,0.064,1.0477290758656945,0.0
497513,2025-05-09T13:00:00.000000000,0.445,0.0,0.0,0.068,1.4246184721071722,0.0
497513,2025-05-09T14:00:00.000000000,0.454,0.0,0.0,0.072,1.0357131619886335,0.0
497513,2025-05-09T15:00:00.000000000,0.455,0.0,0.0,0.07400000000000001,1.6438356325959944,0.0
497513,2025-05-09T16:00:00.000000000,0.455,0.0,0.0,0.075,1.9905387086097333,0.0
497513,2025-05-09T17:00:00.000000000,0.458,0.0,0.0,0.076,0.3461169338733945,0.0
497513,2025-05-09T18:00:00.000000000,0.501,0.0,0.0,0.074,0.3235504614701334,0.0
497513,2025-05-09T19:00:00.000000000,0.489,0.0,0.0,0.062,0.3235504614701334,0.0
497513,2025-05-09T20:00:00.000000000,0.415,0.0,0.0,0.044,2.1725358431866835,0.0
497513,2025-05-09T21:00:00.000000000,0.382,0.0,0.0,0.037,0.2268370083133,0.0
497513,2025-05-09T22:00:00.000000000,0.367,0.0,0.0,0.024,0.3461169338733945,0.0
497513,2025-05-09T23:00:00.000000000,0.481,0.0,0.0,0.028,0.692233867746789,0.0
497513,2025-05-10T00:00:00.000000000,0.336,0.0,0.0,0.019,0.7189033351324611,0.0
497513,2025-05-10T01:00:00.000000000,0.326,0.0,0.0,0.017,0.3235504614701334,0.0
497513,2025-05-10T02:00:00.000000000,0.324,0.0,0.0,0.017,0.0,0.0
497513,2025-05-10T03:00:00.000000000,0.317,0.0,0.0,0.012,0.3235504614701334,0.0
497513,2025-05-10T04:00:00.000000000,0.311,0.0,0.0,0.007,0.0,0.0
497513,2025-05-10T05:00:00.000000000,0.304,0.0,0.0,0.0,0.3235504614701334,0.0
497513,2025-05-10T06:00:00.000000000,0.301,0.0,0.0,0.0,0.0,0.0
497513,2025-05-10T07:00:00.000000000,0.3,0.0,0.0,0.0,0.3235504614701334,0.0
497513,2025-05-10T08:00:00.000000000,0.304,0.0,0.0,0.001,0.3235504614701334,0.0
497513,2025-05-10T09:00:00.000000000,0.317,0.0,0.0,0.014000000000000002,0.0,0.0
497513,2025-05-10T10:00:00.000000000,0.334,0.0,0.0,0.029,0.3235504614701334,0.0
497513,2025-05-10T11:00:00.000000000,3.793,0.0,0.0,0.028999999999999998,1.176094204601128,0.0
497513,2025-05-10T12:00:00.000000000,6.134,0.0,0.0,0.039,1.5225042095446946,0.0
497513,2025-05-10T13:00:00.000000000,1.5359999999999998,0.0,0.0,0.051,1.9832119318554278,0.0
497513,2025-05-10T14:00:00.000000000,0.514,0.0,0.0,0.057999999999999996,0.0,0.0
497513,2025-05-10T15:00:00.000000000,0.499,0.0,0.0,0.059,0.3235504614701334,0.0
497513,2025-05-10T16:00:00.000000000,0.7130000000000001,0.0,0.0,0.05,2.4612108473063223,0.0
497513,2025-05-10T17:00:00.000000000,6.01,0.0,0.0,0.077,1.9738336576099165,0.0
497513,2025-05-10T18:00:00.000000000,0.45999999999999996,0.0,0.0,0.053000000000000005,1.4360482438438888,0.0
497513,2025-05-10T19:00:00.000000000,0.365,0.0,0.0,0.039,1.0755708275320555,0.0
497513,2025-05-10T20:00:00.000000000,0.349,0.0,0.0,0.031,1.06824405077775,0.0
497513,2025-05-10T21:00:00.000000000,0.339,0.0,0.0,0.021,1.4685791326330055,0.0
497513,2025-05-10T22:00:00.000000000,0.335,0.0,0.0,0.018000000000000002,0.29131264375118887,0.0
497513,2025-05-10T23:00:00.000000000,0.47000000000000003,0.0,0.0,0.015,0.7180241219219444,0.0
497513,2025-05-11T00:00:00.000000000,0.497,0.0,0.0,0.017,1.0658994822163723,0.0
497513,2025-05-11T01:00:00.000000000,0.395,0.0,0.0,0.014,1.483818828281961,0.0
497513,2025-05-11T02:00:00.000000000,0.327,0.0,0.0,0.013000000000000001,0.0,0.0
497513,2025-05-11T03:00:00.000000000,0.316,0.0,0.0,0.011,0.3235504614701334,0.0
497513,2025-05-11T04:00:00.000000000,0.313,0.0,0.0,0.011000000000000001,0.0,0.0
497513,2025-05-11T05:00:00.000000000,0.311,0.0,0.0,0.008,0.3235504614701334,0.0
497513,2025-05-11T06:00:00.000000000,0.305,0.0,0.0,0.001,0.0,0.0
497513,2025-05-11T07:00:00.000000000,0.31,0.0,0.0,0.0,0.3235504614701334,0.0
497513,2025-05-11T08:00:00.000000000,0.363,0.0,0.0,0.006,0.0,0.0
497513,2025-05-11T09:00:00.000000000,0.4,0.0,0.0,0.016,1.5538628140531223,0.0
497513,2025-05-11T10:00:00.000000000,0.485,0.0,0.0,0.037000000000000005,0.6972160759397167,0.0
497513,2025-05-11T11:00:00.000000000,0.495,0.0,0.0,0.045,2.4371790195522,0.0
497513,2025-05-11T12:00:00.000000000,3.889,0.0,0.0,0.055999999999999994,1.7900780966119334,0.0
497513,2025-05-11T13:00:00.000000000,5.7219999999999995,0.0,0.0,0.056,1.697467638437511,0.0
497513,2025-05-11T14:00:00.000000000,0.505,0.0,0.0,0.056,3.1631160603687944,0.0
497513,2025-05-11T15:00:00.000000000,0.916,0.0,0.0,0.072,1.565585656860011,0.0
497513,2025-05-11T16:00:00.000000000,0.512,0.0,0.0,0.06,1.5333478391410666,0.0
497513,2025-05-11T17:00:00.000000000,0.523,0.0,0.0,0.062,0.3461169338733945,0.0
497513,2025-05-11T18:00:00.000000000,0.497,0.0,0.0,0.049999999999999996,0.7186102640622889,0.0
497513,2025-05-11T19:00:00.000000000,0.472,0.0,0.0,0.046,0.6471009229402668,0.0
497513,2025-05-11T20:00:00.000000000,0.474,0.0,0.0,0.045000000000000005,1.06824405077775,0.0
497513,2025-05-11T21:00:00.000000000,0.46499999999999997,0.0,0.0,0.038,0.3461169338733945,0.0
497513,2025-05-11T22:00:00.000000000,0.449,0.0,0.0,0.024999999999999998,1.2862889269858835,0.0
497513,2025-05-11T23:00:00.000000000,0.451,0.0,0.0,0.023,0.3461169338733945,0.0
497513,2025-05-12T00:00:00.000000000,0.403,0.0,0.0,0.024,0.0,0.0
497513,2025-05-12T01:00:00.000000000,0.331,0.0,0.0,0.022000000000000002,0.3235504614701334,0.0
497513,2025-05-12T02:00:00.000000000,0.324,0.0,0.0,0.018000000000000002,0.0,0.0
497513,2025-05-12T03:00:00.000000000,0.318,0.0,0.0,0.013999999999999999,0.3235504614701334,0.0
497513,2025-05-12T04:00:00.000000000,0.313,0.0,0.0,0.01,0.3235504614701334,0.0
497513,2025-05-12T05:00:00.000000000,0.309,0.0,0.0,0.008,0.0,0.0
497513,2025-05-12T06:00:00.000000000,0.302,0.0,0.0,0.001,0.3235504614701334,0.0
497513,2025-05-12T07:00:00.000000000,0.3,0.0,0.0,0.0,0.0,0.0
497513,2025-05-12T08:00:00.000000000,0.308,0.0,0.0,0.005,0.32355046147013333,0.0
497513,2025-05-12T09:00:00.000000000,0.328,0.0,0.0,0.022000000000000002,0.0,0.0
497513,2025-05-12T10:00:00.000000000,0.39899999999999997,0.0,0.0,0.038000000000000006,0.3235504614701334,0.0
497513,2025-05-12T11:00:00.000000000,0.40900000000000003,0.0,0.0,0.048999999999999995,0.3610635584521778,0.0
497513,2025-05-12T12:00:00.000000000,0.361,0.0,0.0,0.056,0.3235504614701334,0.0
497513,2025-05-12T13:00:00.000000000,0.365,0.0,0.0,0.061,0.3235504614701334,0.0
497513,2025-05-12T14:00:00.000000000,0.371,0.0,0.0,0.065,0.3461169338733945,0.0
497513,2025-05-12T15:00:00.000000000,0.378,0.0,0.0,0.073,0.3235504614701334,0.0
497513,2025-05-12T16:00:00.000000000,0.439,0.0,0.0,0.079,0.0,0.0
497513,2025-05-12T17:00:00.000000000,0.462,0.0,0.0,0.08,0.3235504614701334,0.0
497513,2025-05-12T18:00:00.000000000,0.509,0.0,0.0,0.08,0.0,0.0
497513,2025-05-12T19:00:00.000000000,0.492,0.0,0.0,0.066,0.3235504614701334,0.0
497513,2025-05-12T20:00:00.000000000,0.905,0.0,0.0,0.059,1.6033918249122279,0.0
497513,2025-05-12T21:00:00.000000000,0.46799999999999997,0.0,0.0,0.041,2.0550143440476223,0.0
497513,2025-05-12T22:00:00.000000000,0.456,0.0,0.0,0.031,1.8797578440846334,0.0
497513,2025-05-12T23:00:00.000000000,0.371,0.0,0.0,0.027000000000000003,0.33556637534719447,0.0
497513,2025-05-13T00:00:00.000000000,0.389,0.0,0.0,0.019,2.091355156748978,0.0
497513,2025-05-13T01:00:00.000000000,0.34400000000000003,0.0,0.0,0.016,1.5629480172284613,0.0
497513,2025-05-13T02:00:00.000000000,0.324,0.0,0.0,0.016,0.0,0.0
497513,2025-05-13T03:00:00.000000000,0.321,0.0,0.0,0.016,0.3235504614701334,0.0
497513,2025-05-13T04:00:00.000000000,0.317,0.0,0.0,0.013000000000000001,0.0,0.0
497513,2025-05-13T05:00:00.000000000,0.313,0.0,0.0,0.012,0.3235504614701334,0.0
497513,2025-05-13T06:00:00.000000000,0.312,0.0,0.0,0.011,0.0,0.0
497513,2025-05-13T07:00:00.000000000,0.309,0.0,0.0,0.008,0.3235504614701334,0.0
497513,2025-05-13T08:00:00.000000000,0.313,0.0,0.0,0.011,0.0,0.0
497513,2025-05-13T09:00:00.000000000,0.34199999999999997,0.0,0.0,0.022000000000000002,1.5887382714036167,0.0
497513,2025-05-13T10:00:00.000000000,0.421,0.0,0.0,0.041999999999999996,0.3235504614701334,0.0
497513,2025-05-13T11:00:00.000000000,0.378,0.0,0.0,0.054,0.0,0.0
497513,2025-05-13T12:00:00.000000000,0.885,0.0,0.0,0.07,0.3235504614701334,0.0
497513,2025-05-13T13:00:00.000000000,1.611,0.0,0.0,0.08800000000000001,0.3461169338733945,0.0
497513,2025-05-13T14:00:00.000000000,0.41600000000000004,0.0,0.0,0.07400000000000001,2.940382047037906,0.0
497513,2025-05-13T15:00:00.000000000,0.387,0.0,0.0,0.081,0.33087723822443893,0.0
497513,2025-05-13T16:00:00.000000000,0.384,0.0,0.0,0.078,0.3461169338733945,0.0
497513,2025-05-13T17:00:00.000000000,0.378,0.0,0.0,0.073,0.3235504614701334,0.0
497513,2025-05-13T18:00:00.000000000,0.405,0.0,0.0,0.064,1.899100534716,0.0
497513,2025-05-13T19:00:00.000000000,0.382,0.0,0.0,0.057999999999999996,0.0,0.0
497513,2025-05-13T20:00:00.000000000,0.365,0.0,0.0,0.048,0.3235504614701334,0.0
497513,2025-05-13T21:00:00.000000000,0.412,0.0,0.0,0.041,0.0,0.0
497513,2025-05-13T22:00:00.000000000,0.461,0.0,0.0,0.036,0.3235504614701334,0.0
497513,2025-05-13T23:00:00.000000000,0.458,0.0,0.0,0.032,0.0,0.0
497513,2025-05-14T00:00:00.000000000,0.426,0.0,0.0,0.028,0.3235504614701334,0.0
497513,2025-05-14T01:00:00.000000000,0.373,0.0,0.0,0.02,1.0755708275320557,0.0
497513,2025-05-14T02:00:00.000000000,0.324,0.0,0.0,0.017,0.7180241219219445,0.0
497513,2025-05-14T03:00:00.000000000,0.322,0.0,0.0,0.018000000000000002,0.3235504614701334,0.0
497513,2025-05-14T04:00:00.000000000,0.317,0.0,0.0,0.012,0.0,0.0
497513,2025-05-14T05:00:00.000000000,0.312,0.0,0.0,0.012,0.3235504614701334,0.0
497513,2025-05-14T06:00:00.000000000,0.31,0.0,0.0,0.009000000000000001,0.3235504614701334,0.0
497513,2025-05-14T07:00:00.000000000,0.308,0.0,0.0,0.008,0.0,0.0
497513,2025-05-14T08:00:00.000000000,0.312,0.0,0.0,0.01,0.3235504614701334,0.0
497513,2025-05-14T09:00:00.000000000,0.38,0.0,0.0,0.025,0.0,0.0
497513,2025-05-14T10:00:00.000000000,0.401,0.0,0.0,0.040999999999999995,0.3235504614701334,0.0
497513,2025-05-14T11:00:00.000000000,0.39599999999999996,0.0,0.0,0.056,0.0,0.0
497513,2025-05-14T12:00:00.000000000,0.367,0.0,0.0,0.063,0.3235504614701334,0.0
497513,2025-05-14T13:00:00.000000000,0.372,0.0,0.0,0.069,0.3461169338733945,0.0
497513,2025-05-14T14:00:00.000000000,0.9249999999999999,0.0,0.0,0.08399999999999999,0.0,0.0
497513,2025-05-14T15:00:00.000000000,1.2840000000000003,0.0,0.0,0.1,0.3235504614701334,0.0
497513,2025-05-14T16:00:00.000000000,0.475,0.0,0.0,0.096,0.0,0.0
497513,2025-05-14T17:00:00.000000000,0.472,0.0,0.0,0.09,0.3235504614701334,0.0
497513,2025-05-14T18:00:00.000000000,0.517,0.0,0.0,0.089,0.30889690796152225,0.0
497513,2025-05-14T19:00:00.000000000,1.436,0.0,0.0,0.086,1.2435005507407388,0.0
497513,2025-05-14T20:00:00.000000000,0.9780000000000001,0.0,0.0,0.081,0.0,0.0
497513,2025-05-14T21:00:00.000000000,0.51,0.0,0.0,0.05499999999999999,1.2707561602667556,0.0
497513,2025-05-14T22:00:00.000000000,0.525,0.0,0.0,0.044,0.9167263074987111,0.0
497513,2025-05-14T23:00:00.000000000,0.491,0.0,0.0,0.038,1.1201176301982334,0.0
497513,2025-05-15T00:00:00.000000000,0.41300000000000003,0.0,0.0,0.034,0.27079766883913337,0.0
497513,2025-05-15T01:00:00.000000000,0.334,0.0,0.0,0.025,0.692233867746789,0.0
497513,2025-05-15T02:00:00.000000000,0.328,0.0,0.0,0.022000000000000002,0.3235504614701334,0.0
497513,2025-05-15T03:00:00.000000000,0.321,0.0,0.0,0.016,0.3235504614701334,0.0
497513,2025-05-15T04:00:00.000000000,0.318,0.0,0.0,0.015,0.0,0.0
497513,2025-05-15T05:00:00.000000000,0.316,0.0,0.0,0.013000000000000001,0.3235504614701334,0.0
497513,2025-05-15T06:00:00.000000000,0.311,0.0,0.0,0.008,0.0,0.0
497513,2025-05-15T07:00:00.000000000,0.31,0.0,0.0,0.008,0.32355046147013333,0.0
497513,2025-05-15T08:00:00.000000000,0.314,0.0,0.0,0.012,0.0,0.0
497513,2025-05-15T09:00:00.000000000,0.33599999999999997,0.0,0.0,0.014000000000000002,0.3235504614701334,0.0
497513,2025-05-15T10:00:00.000000000,0.8260000000000001,0.0,0.0,0.032,0.0,0.0
497513,2025-05-15T11:00:00.000000000,0.418,0.0,0.0,0.03899999999999999,0.3235504614701334,0.0
497513,2025-05-15T12:00:00.000000000,0.426,0.0,0.0,0.049999999999999996,0.0,0.0
497513,2025-05-15T13:00:00.000000000,0.435,0.0,0.0,0.057999999999999996,0.3235504614701334,0.0
497513,2025-05-15T14:00:00.000000000,0.442,0.0,0.0,0.063,1.4949555289485057,0.0
497513,2025-05-15T15:00:00.000000000,0.9339999999999999,0.0,0.0,0.07600000000000001,1.0899313099704946,0.0
497513,2025-05-15T16:00:00.000000000,0.7609999999999999,0.0,0.0,0.077,1.2200548651269612,0.0
497513,2025-05-15T17:00:00.000000000,0.393,0.0,0.0,0.069,0.6696673953435279,0.0
497513,2025-05-15T18:00:00.000000000,0.924,0.0,0.0,0.08,0.0,0.0
497513,2025-05-15T19:00:00.000000000,0.494,0.0,0.0,0.068,0.3235504614701334,0.0
497513,2025-05-15T20:00:00.000000000,0.488,0.0,0.0,0.059,0.7438143760971,0.0
497513,2025-05-15T21:00:00.000000000,0.48,0.0,0.0,0.05399999999999999,0.3458238628032222,0.0
497513,2025-05-15T22:00:00.000000000,0.465,0.0,0.0,0.040999999999999995,1.1980745348640445,0.0
497513,2025-05-15T23:00:00.000000000,0.43600000000000005,0.0,0.0,0.036,0.0,0.0
497513,2025-05-16T00:00:00.000000000,0.34400000000000003,0.0,0.0,0.028999999999999998,0.3458238628032222,0.0
497513,2025-05-16T01:00:00.000000000,0.34099999999999997,0.0,0.0,0.023,1.0412815123219057,0.0
497513,2025-05-16T02:00:00.000000000,0.338,0.0,0.0,0.023000000000000003,0.0,0.0
497513,2025-05-16T03:00:00.000000000,0.325,0.0,0.0,0.02,0.3235504614701334,0.0
497513,2025-05-16T04:00:00.000000000,0.32,0.0,0.0,0.016,0.0,0.0
497513,2025-05-16T05:00:00.000000000,0.317,0.0,0.0,0.013000000000000001,0.3235504614701334,0.0
497513,2025-05-16T06:00:00.000000000,0.312,0.0,0.0,0.012,0.0,0.0
497513,2025-05-16T07:00:00.000000000,0.312,0.0,0.0,0.012,0.3235504614701334,0.0
497513,2025-05-16T08:00:00.000000000,0.346,0.0,0.0,0.012,0.7285746804481446,0.0
497513,2025-05-16T09:00:00.000000000,0.419,0.0,0.0,0.018,2.0550143440476223,0.0
497513,2025-05-16T10:00:00.000000000,0.46499999999999997,0.0,0.0,0.034999999999999996,1.4615454269488724,0.0
497513,2025-05-16T11:00:00.000000000,0.426,0.0,0.0,0.049,0.6960437916590279,0.0
497513,2025-05-16T12:00:00.000000000,0.435,0.0,0.0,0.061,1.1124977823737554,0.0
497513,2025-05-16T13:00:00.000000000,0.386,0.0,0.0,0.064,0.6916477256064444,0.0
497513,2025-05-16T14:00:00.000000000,0.9169999999999999,0.0,0.0,0.07700000000000001,0.0,0.0
497513,2025-05-16T15:00:00.000000000,1.274,0.0,0.0,0.08900000000000001,0.6916477256064444,0.0
497513,2025-05-16T16:00:00.000000000,0.535,0.0,0.0,0.083,1.7077251258935389,0.0
497513,2025-05-16T17:00:00.000000000,0.482,0.0,0.0,0.081,0.13920875833180554,0.0
497513,2025-05-16T18:00:00.000000000,0.5,0.0,0.0,0.073,0.6916477256064444,0.0
497513,2025-05-16T19:00:00.000000000,0.489,0.0,0.0,0.064,0.0,0.0
497513,2025-05-16T20:00:00.000000000,0.911,0.0,0.0,0.065,0.6916477256064444,0.0
497513,2025-05-16T21:00:00.000000000,0.475,0.0,0.0,0.047,0.3458238628032222,0.0
497513,2025-05-16T22:00:00.000000000,0.462,0.0,0.0,0.036,1.0374715884096666,0.0
497513,2025-05-16T23:00:00.000000000,0.456,0.0,0.0,0.031,0.0,0.0
497513,2025-05-17T00:00:00.000000000,0.508,0.0,0.0,0.028,1.8791717019442888,0.0
497513,2025-05-17T01:00:00.000000000,0.42200000000000004,0.0,0.0,0.025,1.11044628488255,0.0
497513,2025-05-17T02:00:00.000000000,0.373,0.0,0.0,0.020000000000000004,1.2414490532495335,0.0
497513,2025-05-17T03:00:00.000000000,0.34700000000000003,0.0,0.0,0.017,1.1333058283559834,0.0
497513,2025-05-17T04:00:00.000000000,0.32,0.0,0.0,0.009000000000000001,2.166088279642895,0.0
497513,2025-05-17T05:00:00.000000000,0.316,0.0,0.0,0.015,0.3458238628032222,0.0
497513,2025-05-17T06:00:00.000000000,0.316,0.0,0.0,0.016,0.3235504614701334,0.0
497513,2025-05-17T07:00:00.000000000,0.315,0.0,0.0,0.015,0.0,0.0
497513,2025-05-17T08:00:00.000000000,0.347,0.0,0.0,0.014,0.3458238628032222,0.0
497513,2025-05-17T09:00:00.000000000,0.324,0.0,0.0,0.01,1.1482524529347666,0.0
497513,2025-05-17T10:00:00.000000000,0.324,0.0,0.0,0.018000000000000002,0.3235504614701334,0.0
497513,2025-05-17T11:00:00.000000000,0.333,0.0,0.0,0.027,0.0,0.0
497513,2025-05-17T12:00:00.000000000,0.443,0.0,0.0,0.033,1.7472897203667888,0.0
497513,2025-05-17T13:00:00.000000000,0.489,0.0,0.0,0.039,2.537702396621272,0.0
497513,2025-05-17T14:00:00.000000000,2.3680000000000003,0.0,0.0,0.05,1.5145912906500447,0.0
497513,2025-05-17T15:00:00.000000000,6.156,0.0,0.0,0.07,0.6670297557119778,0.0
497513,2025-05-17T16:00:00.000000000,6.109,0.0,0.0,0.081,0.6787525985188666,0.0
497513,2025-05-17T17:00:00.000000000,4.229,0.0,0.0,0.079,1.0497805733569001,0.0
497513,2025-05-17T18:00:00.000000000,0.49,0.0,0.0,0.061,0.68842394383455,0.0
497513,2025-05-17T19:00:00.000000000,0.451,0.0,0.0,0.05299999999999999,1.5647064436494944,0.0
497513,2025-05-17T20:00:00.000000000,1.876,0.0,0.0,0.07899999999999999,0.3713210459082055,0.0
497513,2025-05-17T21:00:00.000000000,0.808,0.0,0.0,0.05199999999999999,1.6634713942975332,0.0
497513,2025-05-17T22:00:00.000000000,0.466,0.0,0.0,0.04,0.32355046147013333,0.0
497513,2025-05-17T23:00:00.000000000,0.455,0.0,0.0,0.028999999999999998,1.1215829855490944,0.0
497513,2025-05-18T00:00:00.000000000,0.383,0.0,0.0,0.021,1.408792634317872,0.0
497513,2025-05-18T01:00:00.000000000,0.33,0.0,0.0,0.020999999999999998,0.6693743242733556,0.0
497513,2025-05-18T02:00:00.000000000,0.329,0.0,0.0,0.024,0.0,0.0
497513,2025-05-18T03:00:00.000000000,0.325,0.0,0.0,0.021,0.3235504614701334,0.0
497513,2025-05-18T04:00:00.000000000,0.319,0.0,0.0,0.015,0.0,0.0
497513,2025-05-18T05:00:00.000000000,0.316,0.0,0.0,0.012,0.3235504614701334,0.0
497513,2025-05-18T06:00:00.000000000,0.313,0.0,0.0,0.012,0.0,0.0
497513,2025-05-18T07:00:00.000000000,0.312,0.0,0.0,0.012,0.3235504614701334,0.0
497513,2025-05-18T08:00:00.000000000,0.319,0.0,0.0,0.016,0.0,0.0
497513,2025-05-18T09:00:00.000000000,0.352,0.0,0.0,0.032,0.3235504614701334,0.0
497513,2025-05-18T10:00:00.000000000,0.425,0.0,0.0,0.048999999999999995,0.0,0.0
497513,2025-05-18T11:00:00.000000000,0.45299999999999996,0.0,0.0,0.059,0.3235504614701334,0.0
497513,2025-05-18T12:00:00.000000000,0.439,0.0,0.0,0.064,0.3235504614701334,0.0
497513,2025-05-18T13:00:00.000000000,2.041,0.0,0.0,0.067,0.5574211754675666,0.0
497513,2025-05-18T14:00:00.000000000,0.448,0.0,0.0,0.067,1.077622325023261,0.0
497513,2025-05-18T15:00:00.000000000,3.849,0.0,0.0,0.08199999999999999,0.703077497343161,0.0
497513,2025-05-18T16:00:00.000000000,6.118,0.0,0.0,0.092,1.480008904369722,0.0
497513,2025-05-18T17:00:00.000000000,2.9140000000000006,0.0,0.0,0.083,1.0412815123219055,0.0
497513,2025-05-18T18:00:00.000000000,2.042,0.0,0.0,0.07300000000000001,0.3458238628032222,0.0
497513,2025-05-18T19:00:00.000000000,0.544,0.0,0.0,0.062,0.6725981060452499,0.0
497513,2025-05-18T20:00:00.000000000,0.479,0.0,0.0,0.051000000000000004,1.384467735493578,0.0
497513,2025-05-18T21:00:00.000000000,0.511,0.0,0.0,0.031000000000000003,5.449656549852472,0.0
497513,2025-05-18T22:00:00.000000000,0.456,0.0,0.0,0.031,1.958300890890789,0.0
497513,2025-05-18T23:00:00.000000000,0.454,0.0,0.0,0.027999999999999997,1.4128956293002832,0.0
497513,2025-05-19T00:00:00.000000000,0.401,0.0,0.0,0.021,1.4486502998612945,0.0
497513,2025-05-19T01:00:00.000000000,0.326,0.0,0.0,0.017,0.6916477256064444,0.0
497513,2025-05-19T02:00:00.000000000,0.321,0.0,0.0,0.01,1.725309390103872,0.0
497513,2025-05-19T03:00:00.000000000,0.329,0.0,0.0,0.013000000000000001,1.1265651937420222,0.0
497513,2025-05-19T04:00:00.000000000,0.318,0.0,0.0,0.012,0.3235504614701334,0.0
497513,2025-05-19T05:00:00.000000000,0.311,0.0,0.0,0.006,0.0,0.0
497513,2025-05-19T06:00:00.000000000,0.307,0.0,0.0,0.005,0.3235504614701334,0.0
497513,2025-05-19T07:00:00.000000000,0.3,0.0,0.0,0.0,1.4597870005278388,0.0
497513,2025-05-19T08:00:00.000000000,0.309,0.0,0.0,0.008,0.3458238628032222,0.0
497513,2025-05-19T09:00:00.000000000,0.34299999999999997,0.0,0.0,0.02,0.2124765258748611,0.0
497513,2025-05-19T10:00:00.000000000,0.416,0.0,0.0,0.04,0.4765335601000334,0.0
497513,2025-05-19T11:00:00.000000000,0.426,0.0,0.0,0.047999999999999994,2.2534234585542166,0.0
497513,2025-05-19T12:00:00.000000000,0.436,0.0,0.0,0.06,1.3566259838272168,0.0
497513,2025-05-19T13:00:00.000000000,0.442,0.0,0.0,0.066,0.7868958234124167,0.0
497513,2025-05-19T14:00:00.000000000,0.392,0.0,0.0,0.068,0.3458238628032222,0.0
497513,2025-05-19T15:00:00.000000000,0.375,0.0,0.0,0.069,0.34553079173305,0.0
497513,2025-05-19T16:00:00.000000000,0.40800000000000003,0.0,0.0,0.067,1.6628852521571886,0.0
497513,2025-05-19T17:00:00.000000000,0.371,0.0,0.0,0.066,1.0371785173394943,0.0
497513,2025-05-19T18:00:00.000000000,0.431,0.0,0.0,0.067,0.32355046147013333,0.0
497513,2025-05-19T19:00:00.000000000,0.887,0.0,0.0,0.067,0.0,0.0
497513,2025-05-19T20:00:00.000000000,0.483,0.0,0.0,0.05399999999999999,0.3235504614701334,0.0
497513,2025-05-19T21:00:00.000000000,0.46699999999999997,0.0,0.0,0.041,0.0,0.0
497513,2025-05-19T22:00:00.000000000,0.457,0.0,0.0,0.032,0.6693743242733556,0.0
497513,2025-05-19T23:00:00.000000000,0.42100000000000004,0.0,0.0,0.023000000000000003,0.7353153150621056,0.0
497513,2025-05-20T00:00:00.000000000,0.351,0.0,0.0,0.018000000000000002,0.3458238628032222,0.0
497513,2025-05-20T01:00:00.000000000,0.36200000000000004,0.0,0.0,0.018000000000000002,0.3458238628032222,0.0
497513,2025-05-20T02:00:00.000000000,0.324,0.0,0.0,0.016,0.3235504614701334,0.0
497513,2025-05-20T03:00:00.000000000,0.324,0.0,0.0,0.02,0.0,0.0
497513,2025-05-20T04:00:00.000000000,0.321,0.0,0.0,0.017,0.3235504614701334,0.0
497513,2025-05-20T05:00:00.000000000,0.317,0.0,0.0,0.016,0.0,0.0
497513,2025-05-20T06:00:00.000000000,0.316,0.0,0.0,0.016,0.3235504614701334,0.0
497513,2025-05-20T07:00:00.000000000,0.313,0.0,0.0,0.013000000000000001,0.0,0.0
497513,2025-05-20T08:00:00.000000000,0.315,0.0,0.0,0.012,0.3235504614701334,0.0
497513,2025-05-20T09:00:00.000000000,0.37,0.0,0.0,0.013000000000000001,0.7145072690798778,0.0
497513,2025-05-20T10:00:00.000000000,0.392,0.0,0.0,0.013000000000000001,1.8627597220146446,0.0
497513,2025-05-20T11:00:00.000000000,0.398,0.0,0.0,0.021,1.6760734503149388,0.0
497513,2025-05-20T12:00:00.000000000,0.35500000000000004,0.0,0.0,0.033,0.07121627005185,0.0
497513,2025-05-20T13:00:00.000000000,0.345,0.0,0.0,0.040999999999999995,0.3235504614701334,0.0
497513,2025-05-20T14:00:00.000000000,0.353,0.0,0.0,0.048,0.32355046147013333,0.0
497513,2025-05-20T15:00:00.000000000,0.418,0.0,0.0,0.054,0.6890100859748944,0.0
497513,2025-05-20T16:00:00.000000000,0.357,0.0,0.0,0.052,0.0,0.0
497513,2025-05-20T17:00:00.000000000,0.374,0.0,0.0,0.049,0.7068874212554,0.0
497513,2025-05-20T18:00:00.000000000,0.45199999999999996,0.0,0.0,0.046000000000000006,0.3531506395575278,0.0
497513,2025-05-20T19:00:00.000000000,0.45099999999999996,0.0,0.0,0.045,0.6497385625718167,0.0
497513,2025-05-20T20:00:00.000000000,0.872,0.0,0.0,0.055999999999999994,0.0,0.0
497513,2025-05-20T21:00:00.000000000,0.46399999999999997,0.0,0.0,0.038,0.3235504614701334,0.0
497513,2025-05-20T22:00:00.000000000,0.444,0.0,0.0,0.02,1.9149263725053,0.0
497513,2025-05-20T23:00:00.000000000,0.41800000000000004,0.0,0.0,0.019,0.3458238628032222,0.0
497513,2025-05-21T00:00:00.000000000,0.324,0.0,0.0,0.009000000000000001,1.1107393559527223,0.0
497513,2025-05-21T01:00:00.000000000,0.321,0.0,0.0,0.012,0.3235504614701334,0.0
497513,2025-05-21T02:00:00.000000000,0.315,0.0,0.0,0.01,1.2437936218109111,0.0
497513,2025-05-21T03:00:00.000000000,0.319,0.0,0.0,0.013999999999999999,0.0,0.0
497513,2025-05-21T04:00:00.000000000,0.316,0.0,0.0,0.012,0.3235504614701334,0.0
497513,2025-05-21T05:00:00.000000000,0.316,0.0,0.0,0.014,0.0,0.0
497513,2025-05-21T06:00:00.000000000,0.316,0.0,0.0,0.016,0.3232573903999611,0.0
497513,2025-05-21T07:00:00.000000000,0.316,0.0,0.0,0.016,0.0,0.0
497513,2025-05-21T08:00:00.000000000,0.319,0.0,0.0,0.016,0.3235504614701334,0.0
497513,2025-05-21T09:00:00.000000000,0.403,0.0,0.0,0.017,1.1388741786892556,0.0
497513,2025-05-21T10:00:00.000000000,2.229,0.0,0.0,0.066,0.0,0.0
497513,2025-05-21T11:00:00.000000000,2.242,0.0,0.0,0.077,0.3235504614701334,0.0
497513,2025-05-21T12:00:00.000000000,1.104,0.0,0.0,0.063,0.0,0.0
497513,2025-05-21T13:00:00.000000000,0.853,0.0,0.0,0.059,0.3235504614701334,0.0
497513,2025-05-21T14:00:00.000000000,0.432,0.0,0.0,0.052,0.0,0.0
497513,2025-05-21T15:00:00.000000000,0.43,0.0,0.0,0.049,0.6471009229402668,0.0
497513,2025-05-21T16:00:00.000000000,0.423,0.0,0.0,0.045,1.6725565974728724,0.0
497513,2025-05-21T17:00:00.000000000,0.434,0.0,0.0,0.051,0.3232573903999611,0.0
497513,2025-05-21T18:00:00.000000000,0.46799999999999997,0.0,0.0,0.041,0.0,0.0
497513,2025-05-21T19:00:00.000000000,0.494,0.0,0.0,0.043,1.0978442288651444,0.0
497513,2025-05-21T20:00:00.000000000,0.405,0.0,0.0,0.035,2.1300405380117113,0.0
497513,2025-05-21T21:00:00.000000000,0.34700000000000003,0.0,0.0,0.028999999999999998,1.2156587990743777,0.0
497513,2025-05-21T22:00:00.000000000,0.426,0.0,0.0,0.028,0.3235504614701334,0.0
497513,2025-05-21T23:00:00.000000000,0.451,0.0,0.0,0.023000000000000003,0.34553079173305,0.0
497513,2025-05-22T00:00:00.000000000,0.416,0.0,0.0,0.018000000000000002,1.1136700666544443,0.0
497513,2025-05-22T01:00:00.000000000,0.42200000000000004,0.0,0.0,0.025,0.0,0.0
497513,2025-05-22T02:00:00.000000000,0.361,0.0,0.0,0.023,0.34553079173305,0.0
497513,2025-05-22T03:00:00.000000000,0.325,0.0,0.0,0.02,0.3235504614701334,0.0
497513,2025-05-22T04:00:00.000000000,0.318,0.0,0.0,0.014000000000000002,1.2153657280042056,0.0
497513,2025-05-22T05:00:00.000000000,0.32,0.0,0.0,0.016,0.3235504614701334,0.0
497513,2025-05-22T06:00:00.000000000,0.317,0.0,0.0,0.016,0.0,0.0
497513,2025-05-22T07:00:00.000000000,0.313,0.0,0.0,0.012,0.3235504614701334,0.0
497513,2025-05-22T08:00:00.000000000,0.315,0.0,0.0,0.014,0.0,0.0
497513,2025-05-22T09:00:00.000000000,0.374,0.0,0.0,0.019000000000000003,0.3235504614701334,0.0
497513,2025-05-22T10:00:00.000000000,1.3410000000000002,0.0,0.0,0.041999999999999996,0.0,0.0
497513,2025-05-22T11:00:00.000000000,0.773,0.0,0.0,0.039,0.32355046147013333,0.0
497513,2025-05-22T12:00:00.000000000,0.405,0.0,0.0,0.03,0.0,0.0
497513,2025-05-22T13:00:00.000000000,0.932,0.0,0.0,0.041999999999999996,1.0401092280412167,0.0
497513,2025-05-22T14:00:00.000000000,1.6700000000000002,0.0,0.0,0.06899999999999999,0.34553079173305,0.0
497513,2025-05-22T15:00:00.000000000,0.428,0.0,0.0,0.047,0.3364455885577111,0.0
497513,2025-05-22T16:00:00.000000000,0.429,0.0,0.0,0.052,0.0,0.0
497513,2025-05-22T17:00:00.000000000,0.435,0.0,0.0,0.052,0.6690812532031833,0.0
497513,2025-05-22T18:00:00.000000000,0.472,0.0,0.0,0.043,1.3539883441956666,0.0
497513,2025-05-22T19:00:00.000000000,0.475,0.0,0.0,0.049,0.34553079173305,0.0
497513,2025-05-22T20:00:00.000000000,0.474,0.0,0.0,0.046,0.34553079173305,0.0
497513,2025-05-22T21:00:00.000000000,0.46399999999999997,0.0,0.0,0.038,0.6910615834661,0.0
497513,2025-05-22T22:00:00.000000000,5.234,0.0,0.0,0.011,1.082897604286361,0.0
497513,2025-05-22T23:00:00.000000000,6.075,0.0,0.0,0.0,1.399121289002189,0.0
497513,2025-05-23T00:00:00.000000000,4.2299999999999995,0.0,0.0,0.012,0.6963368627291999,0.0
497513,2025-05-23T01:00:00.000000000,0.40800000000000003,0.0,0.0,0.026999999999999996,0.3235504614701334,0.0
497513,2025-05-23T02:00:00.000000000,0.351,0.0,0.0,0.021,0.34553079173305,0.0
497513,2025-05-23T03:00:00.000000000,0.33,0.0,0.0,0.02,0.0,0.0
497513,2025-05-23T04:00:00.000000000,0.322,0.0,0.0,0.019000000000000003,0.6863724463433445,0.0
497513,2025-05-23T05:00:00.000000000,0.319,0.0,0.0,0.017,0.0,0.0
497513,2025-05-23T06:00:00.000000000,0.316,0.0,0.0,0.016,0.3235504614701334,0.0
497513,2025-05-23T07:00:00.000000000,0.316,0.0,0.0,0.016,0.0,0.0
497513,2025-05-23T08:00:00.000000000,0.316,0.0,0.0,0.016,0.3235504614701334,0.0
497513,2025-05-23T09:00:00.000000000,0.373,0.0,0.0,0.018000000000000002,0.0,0.0
497513,2025-05-23T10:00:00.000000000,4.2,0.0,0.0,0.019,0.6805110249399,0.0
497513,2025-05-23T11:00:00.000000000,6.032,0.0,0.0,0.005,0.6928200098871333,0.0
497513,2025-05-23T12:00:00.000000000,2.9109999999999996,0.0,0.0,0.035,1.077329253953089,0.0
497513,2025-05-23T13:00:00.000000000,0.421,0.0,0.0,0.044,1.4331175331421668,0.0
497513,2025-05-23T14:00:00.000000000,0.434,0.0,0.0,0.054,0.34553079173305,0.0
497513,2025-05-23T15:00:00.000000000,0.44,0.0,0.0,0.059,0.75172729499175,0.0
497513,2025-05-23T16:00:00.000000000,0.441,0.0,0.0,0.064,0.0,0.0
497513,2025-05-23T17:00:00.000000000,0.441,0.0,0.0,0.057999999999999996,1.9055480982597888,0.0
497513,2025-05-23T18:00:00.000000000,0.488,0.0,0.0,0.059,1.0617964872339611,0.0
497513,2025-05-23T19:00:00.000000000,0.48,0.0,0.0,0.054,1.0398161569710445,0.0
497513,2025-05-23T20:00:00.000000000,0.482,0.0,0.0,0.053,0.0,0.0
497513,2025-05-23T21:00:00.000000000,0.47,0.0,0.0,0.043000000000000003,0.34553079173305,0.0
497513,2025-05-23T22:00:00.000000000,0.456,0.0,0.0,0.031,0.6910615834661,0.0
497513,2025-05-23T23:00:00.000000000,0.36700000000000005,0.0,0.0,0.022000000000000002,0.8003770926403388,0.0
497513,2025-05-24T00:00:00.000000000,0.333,0.0,0.0,0.019,0.3235504614701334,0.0
497513,2025-05-24T01:00:00.000000000,0.337,0.0,0.0,0.018000000000000002,0.0,0.0
497513,2025-05-24T02:00:00.000000000,0.323,0.0,0.0,0.016,0.3235504614701334,0.0
497513,2025-05-24T03:00:00.000000000,0.317,0.0,0.0,0.012,0.0,0.0
497513,2025-05-24T04:00:00.000000000,0.311,0.0,0.0,0.008,0.3235504614701334,0.0
497513,2025-05-24T05:00:00.000000000,0.304,0.0,0.0,0.0,0.0,0.0
497513,2025-05-24T06:00:00.000000000,0.301,0.0,0.0,0.0,0.3235504614701334,0.0
497513,2025-05-24T07:00:00.000000000,0.3,0.0,0.0,0.0,0.0,0.0
497513,2025-05-24T08:00:00.000000000,0.366,0.0,0.0,0.0,2.554700518691261,0.0
497513,2025-05-24T09:00:00.000000000,0.427,0.0,0.0,0.0,2.524514198463522,0.0
497513,2025-05-24T10:00:00.000000000,0.882,0.0,0.0,0.016,1.2007121744955944,0.0
497513,2025-05-24T11:00:00.000000000,0.483,0.0,0.0,0.034,0.3235504614701334,0.0
497513,2025-05-24T12:00:00.000000000,0.43199999999999994,0.0,0.0,0.038,1.2139003726533444,0.0
497513,2025-05-24T13:00:00.000000000,0.45899999999999996,0.0,0.0,0.044,2.646724834725339,0.0
497513,2025-05-24T14:00:00.000000000,0.475,0.0,0.0,0.056,1.9738336576099167,0.0
497513,2025-05-24T15:00:00.000000000,0.426,0.0,0.0,0.065,0.7098181319571223,0.0
497513,2025-05-24T16:00:00.000000000,0.448,0.0,0.0,0.069,0.0,0.0
497513,2025-05-24T17:00:00.000000000,0.45,0.0,0.0,0.067,1.0395230859008722,0.0
497513,2025-05-24T18:00:00.000000000,0.495,0.0,0.0,0.068,0.0,0.0
497513,2025-05-24T19:00:00.000000000,0.49,0.0,0.0,0.064,0.3235504614701334,0.0
497513,2025-05-24T20:00:00.000000000,0.481,0.0,0.0,0.05199999999999999,2.093992796380528,0.0
497513,2025-05-24T21:00:00.000000000,0.476,0.0,0.0,0.049,0.3704418326976889,0.0
497513,2025-05-24T22:00:00.000000000,0.467,0.0,0.0,0.041,0.6910615834661,0.0
497513,2025-05-24T23:00:00.000000000,0.462,0.0,0.0,0.034,0.6910615834661,0.0
497513,2025-05-25T00:00:00.000000000,0.514,0.0,0.0,0.034,0.7162656955009111,0.0
497513,2025-05-25T01:00:00.000000000,0.404,0.0,0.0,0.025,1.9442334795225222,0.0
497513,2025-05-25T02:00:00.000000000,0.358,0.0,0.0,0.019,1.6596614703852945,0.0
497513,2025-05-25T03:00:00.000000000,0.334,0.0,0.0,0.024,0.3235504614701334,0.0
497513,2025-05-25T04:00:00.000000000,0.325,0.0,0.0,0.022000000000000002,0.0,0.0
497513,2025-05-25T05:00:00.000000000,0.321,0.0,0.0,0.019,0.3235504614701334,0.0
497513,2025-05-25T06:00:00.000000000,0.316,0.0,0.0,0.016,0.0,0.0
497513,2025-05-25T07:00:00.000000000,0.315,0.0,0.0,0.013000000000000001,0.3235504614701334,0.0
497513,2025-05-25T08:00:00.000000000,0.315,0.0,0.0,0.013000000000000001,0.0,0.0
497513,2025-05-25T09:00:00.000000000,0.8640000000000001,0.0,0.0,0.031,0.3235504614701334,0.0
497513,2025-05-25T10:00:00.000000000,0.778,0.0,0.0,0.043000000000000003,0.0,0.0
497513,2025-05-25T11:00:00.000000000,0.45699999999999996,0.0,0.0,0.043,1.5386231184041665,0.0
497513,2025-05-25T12:00:00.000000000,0.428,0.0,0.0,0.053,0.6400672172561332,0.0
497513,2025-05-25T13:00:00.000000000,0.434,0.0,0.0,0.056999999999999995,1.1649575039345834,0.0
497513,2025-05-25T14:00:00.000000000,0.507,0.0,0.0,0.069,1.4841118993521334,0.0
497513,2025-05-25T15:00:00.000000000,0.535,0.0,0.0,0.077,0.7232994011850444,0.0
497513,2025-05-25T16:00:00.000000000,0.532,0.0,0.0,0.081,1.0975511577949721,0.0
497513,2025-05-25T17:00:00.000000000,0.482,0.0,0.0,0.08,0.0,0.0
497513,2025-05-25T18:00:00.000000000,1.034,0.0,0.0,0.086,0.3235504614701334,0.0
497513,2025-05-25T19:00:00.000000000,0.9660000000000001,0.0,0.0,0.083,1.932217565645461,0.0
497513,2025-05-25T20:00:00.000000000,0.606,0.0,0.0,0.067,2.6947884902335835,0.0
497513,2025-05-25T21:00:00.000000000,0.596,0.0,0.0,0.06,1.8800509151548057,0.0
497513,2025-05-25T22:00:00.000000000,0.472,0.0,0.0,0.04599999999999999,1.9325106367156335,0.0
497513,2025-05-25T23:00:00.000000000,0.411,0.0,0.0,0.039,0.0,0.0
497513,2025-05-26T00:00:00.000000000,0.431,0.0,0.0,0.034,0.7104042740974666,0.0
497513,2025-05-26T01:00:00.000000000,0.392,0.0,0.0,0.029,1.593427408526372,0.0
497513,2025-05-26T02:00:00.000000000,0.333,0.0,0.0,0.028,0.0,0.0
497513,2025-05-26T03:00:00.000000000,0.33,0.0,0.0,0.026000000000000002,0.3235504614701334,0.0
497513,2025-05-26T04:00:00.000000000,0.324,0.0,0.0,0.02,0.7156795533605667,0.0
497513,2025-05-26T05:00:00.000000000,0.322,0.0,0.0,0.02,0.3235504614701334,0.0
497513,2025-05-26T06:00:00.000000000,0.319,0.0,0.0,0.017,0.0,0.0
497513,2025-05-26T07:00:00.000000000,0.316,0.0,0.0,0.016,0.3235504614701334,0.0
497513,2025-05-26T08:00:00.000000000,0.326,0.0,0.0,0.024,0.0,0.0
497513,2025-05-26T09:00:00.000000000,0.38899999999999996,0.0,0.0,0.032,1.0826045332161889,0.0
497513,2025-05-26T10:00:00.000000000,0.426,0.0,0.0,0.047,1.077622325023261,0.0
497513,2025-05-26T11:00:00.000000000,0.442,0.0,0.0,0.065,0.6831486645714501,0.0
497513,2025-05-26T12:00:00.000000000,0.391,0.0,0.0,0.068,0.3235504614701334,0.0
497513,2025-05-26T13:00:00.000000000,0.369,0.0,0.0,0.067,1.1444425290225277,0.0
497513,2025-05-26T14:00:00.000000000,0.417,0.0,0.0,0.07400000000000001,1.1913339002500833,0.0
497513,2025-05-26T15:00:00.000000000,0.47,0.0,0.0,0.088,0.6471009229402668,0.0
497513,2025-05-26T16:00:00.000000000,0.471,0.0,0.0,0.093,0.0,0.0
497513,2025-05-26T17:00:00.000000000,0.471,0.0,0.0,0.088,0.32355046147013333,0.0
497513,2025-05-26T18:00:00.000000000,0.518,0.0,0.0,0.09,1.2367599161267777,0.0
497513,2025-05-26T19:00:00.000000000,0.477,0.0,0.0,0.077,1.8683280723479168,0.0
497513,2025-05-26T20:00:00.000000000,0.38,0.0,0.0,0.065,0.7156795533605667,0.0
497513,2025-05-26T21:00:00.000000000,0.45499999999999996,0.0,0.0,0.056999999999999995,0.6907685123959277,0.0
497513,2025-05-26T22:00:00.000000000,0.473,0.0,0.0,0.049,0.3452377206628778,0.0
497513,2025-05-26T23:00:00.000000000,0.462,0.0,0.0,0.037000000000000005,1.5576727379653612,0.0
497513,2025-05-27T00:00:00.000000000,0.432,0.0,0.0,0.034999999999999996,0.3235504614701334,0.0
497513,2025-05-27T01:00:00.000000000,0.386,0.0,0.0,0.032,0.3452377206628778,0.0
497513,2025-05-27T02:00:00.000000000,0.35600000000000004,0.0,0.0,0.031,0.0,0.0
497513,2025-05-27T03:00:00.000000000,0.331,0.0,0.0,0.027000000000000003,0.3235504614701334,0.0
497513,2025-05-27T04:00:00.000000000,0.325,0.0,0.0,0.023000000000000003,0.0,0.0
497513,2025-05-27T05:00:00.000000000,0.324,0.0,0.0,0.02,0.32355046147013333,0.0
497513,2025-05-27T06:00:00.000000000,0.321,0.0,0.0,0.02,0.0,0.0
497513,2025-05-27T07:00:00.000000000,0.321,0.0,0.0,0.02,0.3235504614701334,0.0
497513,2025-05-27T08:00:00.000000000,0.353,0.0,0.0,0.018000000000000002,1.1385811076190833,0.0
497513,2025-05-27T09:00:00.000000000,0.387,0.0,0.0,0.020999999999999998,2.445385009517022,0.0
497513,2025-05-27T10:00:00.000000000,0.7170000000000001,0.0,0.0,0.038,2.6054018138310555,0.0
497513,2025-05-27T11:00:00.000000000,6.07,0.0,0.0,0.068,1.4550978634050835,0.0
497513,2025-05-27T12:00:00.000000000,0.528,0.0,0.0,0.081,1.9137540882246111,0.0
497513,2025-05-27T13:00:00.000000000,0.476,0.0,0.0,0.083,1.0210596084800223,0.0
497513,2025-05-27T14:00:00.000000000,0.467,0.0,0.0,0.08499999999999999,0.7408836653953778,0.0
497513,2025-05-27T15:00:00.000000000,0.43699999999999994,0.0,0.0,0.093,0.6687881821330112,0.0
497513,2025-05-27T16:00:00.000000000,0.391,0.0,0.0,0.087,0.3452377206628778,0.0
497513,2025-05-27T17:00:00.000000000,0.388,0.0,0.0,0.083,0.0,0.0
497513,2025-05-27T18:00:00.000000000,0.425,0.0,0.0,0.084,0.3235504614701334,0.0
497513,2025-05-27T19:00:00.000000000,0.505,0.0,0.0,0.078,0.3452377206628778,0.0
497513,2025-05-27T20:00:00.000000000,0.496,0.0,0.0,0.068,0.0,0.0
497513,2025-05-27T21:00:00.000000000,0.482,0.0,0.0,0.055999999999999994,0.3235504614701334,0.0
497513,2025-05-27T22:00:00.000000000,0.472,0.0,0.0,0.048,0.25028269392707775,0.0
497513,2025-05-27T23:00:00.000000000,0.464,0.0,0.0,0.04,0.79392952909655,0.0
497513,2025-05-28T00:00:00.000000000,0.351,0.0,0.0,0.034999999999999996,0.3235504614701334,0.0
497513,2025-05-28T01:00:00.000000000,0.34,0.0,0.0,0.03,0.6904754413257556,0.0
497513,2025-05-28T02:00:00.000000000,0.33699999999999997,0.0,0.0,0.027,0.742349020746239,0.0
497513,2025-05-28T03:00:00.000000000,0.338,0.0,0.0,0.027999999999999997,0.3452377206628778,0.0
497513,2025-05-28T04:00:00.000000000,0.332,0.0,0.0,0.028,0.3235504614701334,0.0
497513,2025-05-28T05:00:00.000000000,0.332,0.0,0.0,0.028,0.0,0.0
497513,2025-05-28T06:00:00.000000000,0.331,0.0,0.0,0.028,0.3235504614701334,0.0
497513,2025-05-28T07:00:00.000000000,0.34099999999999997,0.0,0.0,0.028,0.0,0.0
497513,2025-05-28T08:00:00.000000000,0.368,0.0,0.0,0.032,0.3235504614701334,0.0
497513,2025-05-28T09:00:00.000000000,0.396,0.0,0.0,0.028,0.0,0.0
497513,2025-05-28T10:00:00.000000000,0.407,0.0,0.0,0.028,0.9776850900945333,0.0
497513,2025-05-28T11:00:00.000000000,0.399,0.0,0.0,0.021,2.9031620211260334,0.0
497513,2025-05-28T12:00:00.000000000,0.412,0.0,0.0,0.036000000000000004,1.1573376561101056,0.0
497513,2025-05-28T13:00:00.000000000,0.404,0.0,0.0,0.047,0.3452377206628778,0.0
497513,2025-05-28T14:00:00.000000000,0.357,0.0,0.0,0.052,0.6904754413257556,0.0
497513,2025-05-28T15:00:00.000000000,0.381,0.0,0.0,0.057999999999999996,0.6939922941678223,0.0
497513,2025-05-28T16:00:00.000000000,0.444,0.0,0.0,0.064,0.3235504614701334,0.0
497513,2025-05-28T17:00:00.000000000,0.45,0.0,0.0,0.066,0.3235504614701334,0.0
497513,2025-05-28T18:00:00.000000000,0.537,0.0,0.0,0.064,1.0919828074617,0.0
497513,2025-05-28T19:00:00.000000000,0.482,0.0,0.0,0.055999999999999994,0.6778733853083501,0.0
497513,2025-05-28T20:00:00.000000000,0.364,0.0,0.0,0.048,0.0,0.0
497513,2025-05-28T21:00:00.000000000,0.357,0.0,0.0,0.04,0.3452377206628778,0.0
497513,2025-05-28T22:00:00.000000000,0.34500000000000003,0.0,0.0,0.027999999999999997,0.3235504614701334,0.0
497513,2025-05-28T23:00:00.000000000,0.397,0.0,0.0,0.025,0.6904754413257556,0.0
497513,2025-05-29T00:00:00.000000000,0.427,0.0,0.0,0.028999999999999998,0.3235504614701334,0.0
497513,2025-05-29T01:00:00.000000000,0.36400000000000005,0.0,0.0,0.019000000000000003,1.3249743082486165,0.0
497513,2025-05-29T02:00:00.000000000,0.328,0.0,0.0,0.021,0.29776020729497776,0.0
497513,2025-05-29T03:00:00.000000000,0.322,0.0,0.0,0.017,0.3235504614701334,0.0
497513,2025-05-29T04:00:00.000000000,0.32,0.0,0.0,0.016,0.0,0.0
497513,2025-05-29T05:00:00.000000000,0.316,0.0,0.0,0.013999999999999999,0.3235504614701334,0.0
497513,2025-05-29T06:00:00.000000000,0.313,0.0,0.0,0.009000000000000001,0.0,0.0
497513,2025-05-29T07:00:00.000000000,0.314,0.0,0.0,0.0,1.1341850415665,0.0
497513,2025-05-29T08:00:00.000000000,1.053,0.0,0.0,0.017,0.10726401168303333,0.0
497513,2025-05-29T09:00:00.000000000,3.122,0.0,0.0,0.019,0.922001586761811,0.0
497513,2025-05-29T10:00:00.000000000,0.425,0.0,0.0,0.046,0.6890100859748944,0.0
497513,2025-05-29T11:00:00.000000000,0.437,0.0,0.0,0.059,0.6942853652379944,0.0
497513,2025-05-29T12:00:00.000000000,0.441,0.0,0.0,0.065,1.4301868224404444,0.0
497513,2025-05-29T13:00:00.000000000,0.444,0.0,0.0,0.067,1.8671557880672278,0.0
497513,2025-05-29T14:00:00.000000000,0.457,0.0,0.0,0.075,0.72535089867625,0.0
497513,2025-05-29T15:00:00.000000000,0.461,0.0,0.0,0.08,0.3235504614701334,0.0
497513,2025-05-29T16:00:00.000000000,0.459,0.0,0.0,0.079,0.6904754413257556,0.0
497513,2025-05-29T17:00:00.000000000,0.4,0.0,0.0,0.077,0.0,0.0
497513,2025-05-29T18:00:00.000000000,0.488,0.0,0.0,0.079,1.7443590096650667,0.0
497513,2025-05-29T19:00:00.000000000,0.493,0.0,0.0,0.068,2.6074533113222613,0.0
497513,2025-05-29T20:00:00.000000000,0.494,0.0,0.0,0.065,0.3452377206628778,0.0
497513,2025-05-29T21:00:00.000000000,0.484,0.0,0.0,0.057999999999999996,0.0,0.0
497513,2025-05-29T22:00:00.000000000,0.473,0.0,0.0,0.048,0.3452377206628778,0.0
497513,2025-05-29T23:00:00.000000000,0.464,0.0,0.0,0.038,0.6471009229402668,0.0
497513,2025-05-30T00:00:00.000000000,0.471,0.0,0.0,0.038,0.3232573903999611,0.0
497513,2025-05-30T01:00:00.000000000,0.403,0.0,0.0,0.03,0.6687881821330113,0.0
497513,2025-05-30T02:00:00.000000000,0.353,0.0,0.0,0.022,1.2018844587762834,0.0
497513,2025-05-30T03:00:00.000000000,0.332,0.0,0.0,0.020999999999999998,0.0,0.0
497513,2025-05-30T04:00:00.000000000,0.323,0.0,0.0,0.019,0.6904754413257556,0.0
497513,2025-05-30T05:00:00.000000000,0.319,0.0,0.0,0.017,0.0,0.0
497513,2025-05-30T06:00:00.000000000,0.316,0.0,0.0,0.015,0.3235504614701334,0.0
497513,2025-05-30T07:00:00.000000000,0.313,0.0,0.0,0.012,0.0,0.0
497513,2025-05-30T08:00:00.000000000,0.32999999999999996,0.0,0.0,0.018000000000000002,0.3235504614701334,0.0
497513,2025-05-30T09:00:00.000000000,0.381,0.0,0.0,0.032,0.3235504614701334,0.0
497513,2025-05-30T10:00:00.000000000,0.428,0.0,0.0,0.049999999999999996,0.0,0.0
497513,2025-05-30T11:00:00.000000000,0.443,0.0,0.0,0.066,0.3235504614701334,0.0
497513,2025-05-30T12:00:00.000000000,0.43400000000000005,0.0,0.0,0.076,0.0,0.0
497513,2025-05-30T13:00:00.000000000,0.385,0.0,0.0,0.081,0.3235504614701334,0.0
497513,2025-05-30T14:00:00.000000000,0.391,0.0,0.0,0.086,0.0,0.0
497513,2025-05-30T15:00:00.000000000,0.41400000000000003,0.0,0.0,0.088,0.7860166102019,0.0
497513,2025-05-30T16:00:00.000000000,0.505,0.0,0.0,0.09,2.646724834725339,0.0
497513,2025-05-30T17:00:00.000000000,0.54,0.0,0.0,0.099,1.5872729160527557,0.0
497513,2025-05-30T18:00:00.000000000,0.529,0.0,0.0,0.10200000000000001,1.4964208842993667,0.0
497513,2025-05-30T19:00:00.000000000,0.6030000000000001,0.0,0.0,0.097,0.36516655343458887,0.0
497513,2025-05-30T20:00:00.000000000,1.915,0.0,0.0,0.094,2.4773297561657945,0.0
497513,2025-05-30T21:00:00.000000000,0.617,0.0,0.0,0.082,2.7290778054437332,0.0
497513,2025-05-30T22:00:00.000000000,0.602,0.0,0.0,0.07,1.1775595599519888,0.0
497513,2025-05-30T23:00:00.000000000,0.508,0.0,0.0,0.054,1.702449846630439,0.0
497513,2025-05-31T00:00:00.000000000,0.42299999999999993,0.0,0.0,0.043000000000000003,1.1426841026014944,0.0
497513,2025-05-31T01:00:00.000000000,0.345,0.0,0.0,0.036,0.3452377206628778,0.0
497513,2025-05-31T02:00:00.000000000,0.338,0.0,0.0,0.03,1.089052096759978,0.0
497513,2025-05-31T03:00:00.000000000,0.336,0.0,0.0,0.032,0.0,0.0
497513,2025-05-31T04:00:00.000000000,0.333,0.0,0.0,0.028,0.3235504614701334,0.0
497513,2025-05-31T05:00:00.000000000,0.329,0.0,0.0,0.026000000000000002,0.0,0.0
497513,2025-05-31T06:00:00.000000000,0.324,0.0,0.0,0.024,0.3235504614701334,0.0
497513,2025-05-31T07:00:00.000000000,0.321,0.0,0.0,0.021,0.0,0.0
497513,2025-05-31T08:00:00.000000000,0.33999999999999997,0.0,0.0,0.028999999999999998,0.6743565324662835,0.0
497513,2025-05-31T09:00:00.000000000,0.46099999999999997,0.0,0.0,0.041999999999999996,1.6198038048418724,0.0
497513,2025-05-31T10:00:00.000000000,0.9400000000000001,0.0,0.0,0.074,1.0867075281986,0.0
497513,2025-05-31T11:00:00.000000000,0.532,0.0,0.0,0.08299999999999999,1.0767431118127444,0.0
497513,2025-05-31T12:00:00.000000000,0.541,0.0,0.0,0.096,1.0615034161637888,0.0
497513,2025-05-31T13:00:00.000000000,0.488,0.0,0.0,0.092,3.3266497175248944,0.0
497513,2025-05-31T14:00:00.000000000,0.483,0.0,0.0,0.104,1.0031822731995168,0.0
497513,2025-05-31T15:00:00.000000000,0.902,0.0,0.0,0.104,0.3452377206628778,0.0
497513,2025-05-31T16:00:00.000000000,0.483,0.0,0.0,0.105,0.0,0.0
497513,2025-05-31T17:00:00.000000000,0.485,0.0,0.0,0.102,0.5585934597482556,0.0
497513,2025-05-31T18:00:00.000000000,0.857,0.0,0.0,0.104,0.4551393719774611,0.0
497513,2025-05-31T19:00:00.000000000,6.5569999999999995,0.0,0.0,0.10200000000000001,2.0643926182931334,0.0
497513,2025-05-31T20:00:00.000000000,5.824999999999999,0.0,0.0,0.098,0.3232573903999611,0.0
497513,2025-05-31T21:00:00.000000000,0.515,0.0,0.0,0.08900000000000001,1.0632618425848221,0.0
497513,2025-05-31T22:00:00.000000000,0.383,0.0,0.0,0.066,0.3452377206628778,0.0
497513,2025-05-31T23:00:00.000000000,0.481,0.0,0.0,0.053,0.8639735148677111,0.0
497513,2025-06-01T00:00:00.000000000,0.44699999999999995,0.0,0.0,0.049,0.3235504614701334,0.0
497513,2025-06-01T01:00:00.000000000,0.395,0.0,0.0,0.041,0.0,0.0
497513,2025-06-01T02:00:00.000000000,0.34800000000000003,0.0,0.0,0.034999999999999996,0.3235504614701334,0.0
497513,2025-06-01T03:00:00.000000000,0.335,0.0,0.0,0.03,0.0,0.0
497513,2025-06-01T04:00:00.000000000,0.331,0.0,0.0,0.028,0.3235504614701334,0.0
497513,2025-06-01T05:00:00.000000000,0.327,0.0,0.0,0.025,0.0,0.0
497513,2025-06-01T06:00:00.000000000,0.324,0.0,0.0,0.023000000000000003,0.3235504614701334,0.0
497513,2025-06-01T07:00:00.000000000,0.32,0.0,0.0,0.02,0.0,0.0
497513,2025-06-01T08:00:00.000000000,0.329,0.0,0.0,0.026,0.3235504614701334,0.0
497513,2025-06-01T09:00:00.000000000,0.355,0.0,0.0,0.03900000000000001,0.3235504614701334,0.0
497513,2025-06-01T10:00:00.000000000,0.402,0.0,0.0,0.054,0.0,0.0
497513,2025-06-01T11:00:00.000000000,0.415,0.0,0.0,0.067,1.167302072495961,0.0
497513,2025-06-01T12:00:00.000000000,0.429,0.0,0.0,0.08299999999999999,0.3235504614701334,0.0
497513,2025-06-01T13:00:00.000000000,0.44,0.0,0.0,0.094,0.0,0.0
497513,2025-06-01T14:00:00.000000000,0.451,0.0,0.0,0.102,0.3235504614701334,0.0
497513,2025-06-01T15:00:00.000000000,0.456,0.0,0.0,0.106,0.42085005676731113,0.0
497513,2025-06-01T16:00:00.000000000,0.435,0.0,0.0,0.108,0.9539463334105833,0.0
497513,2025-06-01T17:00:00.000000000,0.488,0.0,0.0,0.107,0.0,0.0
497513,2025-06-01T18:00:00.000000000,1.3030000000000004,0.0,0.0,0.104,0.3235504614701334,0.0
497513,2025-06-01T19:00:00.000000000,0.492,0.0,0.0,0.10200000000000001,0.6898892991854112,0.0
497513,2025-06-01T20:00:00.000000000,0.482,0.0,0.0,0.091,1.5509321033514,0.0
497513,2025-06-01T21:00:00.000000000,0.47,0.0,0.0,0.08,1.0134397606555445,0.0
497513,2025-06-01T22:00:00.000000000,0.457,0.0,0.0,0.069,0.3449446495927056,0.0
497513,2025-06-01T23:00:00.000000000,0.385,0.0,0.0,0.05099999999999999,0.0,0.0
497513,2025-06-02T00:00:00.000000000,0.355,0.0,0.0,0.041,0.3235504614701334,0.0
497513,2025-06-02T01:00:00.000000000,0.344,0.0,0.0,0.035,0.6761149588873167,0.0
497513,2025-06-02T02:00:00.000000000,0.341,0.0,0.0,0.034999999999999996,0.0,0.0
497513,2025-06-02T03:00:00.000000000,0.335,0.0,0.0,0.03,0.3235504614701334,0.0
497513,2025-06-02T04:00:00.000000000,0.332,0.0,0.0,0.028,0.0,0.0
497513,2025-06-02T05:00:00.000000000,0.328,0.0,0.0,0.025,0.3235504614701334,0.0
497513,2025-06-02T06:00:00.000000000,0.323,0.0,0.0,0.021,0.0,0.0
497513,2025-06-02T07:00:00.000000000,0.32,0.0,0.0,0.019,0.3235504614701334,0.0
497513,2025-06-02T08:00:00.000000000,0.326,0.0,0.0,0.024999999999999998,0.0,0.0
497513,2025-06-02T09:00:00.000000000,0.34299999999999997,0.0,0.0,0.038000000000000006,0.3235504614701334,0.0
497513,2025-06-02T10:00:00.000000000,0.358,0.0,0.0,0.053,0.3235504614701334,0.0
497513,2025-06-02T11:00:00.000000000,0.40099999999999997,0.0,0.0,0.063,0.9735820951121221,0.0
497513,2025-06-02T12:00:00.000000000,0.416,0.0,0.0,0.069,1.1840071234957779,0.0
497513,2025-06-02T13:00:00.000000000,0.424,0.0,0.0,0.07700000000000001,0.8458031085170333,0.0
497513,2025-06-02T14:00:00.000000000,0.41700000000000004,0.0,0.0,0.08,1.52191806740435,0.0
497513,2025-06-02T15:00:00.000000000,0.39,0.0,0.0,0.084,0.6898892991854112,0.0
497513,2025-06-02T16:00:00.000000000,0.391,0.0,0.0,0.08700000000000001,0.668495111062839,0.0
497513,2025-06-02T17:00:00.000000000,0.383,0.0,0.0,0.078,1.4571493608962889,0.0
497513,2025-06-02T18:00:00.000000000,0.449,0.0,0.0,0.07999999999999999,1.725309390103872,0.0
497513,2025-06-02T19:00:00.000000000,0.41000000000000003,0.0,0.0,0.07200000000000001,0.3235504614701334,0.0
497513,2025-06-02T20:00:00.000000000,0.377,0.0,0.0,0.06,0.3235504614701334,0.0
497513,2025-06-02T21:00:00.000000000,0.37,0.0,0.0,0.054,0.0,0.0
497513,2025-06-02T22:00:00.000000000,0.381,0.0,0.0,0.046,0.6898892991854112,0.0
497513,2025-06-02T23:00:00.000000000,0.452,0.0,0.0,0.043,0.0,0.0
497513,2025-06-03T00:00:00.000000000,0.41300000000000003,0.0,0.0,0.04,0.3235504614701334,0.0
497513,2025-06-03T01:00:00.000000000,0.342,0.0,0.0,0.034,0.0,0.0
497513,2025-06-03T02:00:00.000000000,0.334,0.0,0.0,0.028999999999999998,0.3235504614701334,0.0
497513,2025-06-03T03:00:00.000000000,0.329,0.0,0.0,0.024,0.0,0.0
497513,2025-06-03T04:00:00.000000000,0.31,0.0,0.0,0.024,0.3235504614701334,0.0
497513,2025-06-03T05:00:00.000000000,0.303,0.0,0.0,0.021,0.0,0.0
497513,2025-06-03T06:00:00.000000000,0.318,0.0,0.0,0.022,0.3235504614701334,0.0
497513,2025-06-03T07:00:00.000000000,0.324,0.0,0.0,0.024,0.3235504614701334,0.0
497513,2025-06-03T08:00:00.000000000,0.32,0.0,0.0,0.018000000000000002,1.3956044361601225,0.0
497513,2025-06-03T09:00:00.000000000,0.321,0.0,0.0,0.018000000000000002,0.7394183100445167,0.0
497513,2025-06-03T10:00:00.000000000,0.356,0.0,0.0,0.018000000000000002,2.5327201884283443,0.0
497513,2025-06-03T11:00:00.000000000,0.365,0.0,0.0,0.038,0.3235504614701334,0.0
497513,2025-06-03T12:00:00.000000000,0.352,0.0,0.0,0.047,0.0,0.0
497513,2025-06-03T13:00:00.000000000,0.358,0.0,0.0,0.054,0.3235504614701334,0.0
497513,2025-06-03T14:00:00.000000000,0.364,0.0,0.0,0.059,1.0861213860582555,0.0
497513,2025-06-03T15:00:00.000000000,0.369,0.0,0.0,0.063,0.3449446495927056,0.0
497513,2025-06-03T16:00:00.000000000,0.416,0.0,0.0,0.068,0.3235504614701334,0.0
497513,2025-06-03T17:00:00.000000000,0.369,0.0,0.0,0.064,0.0,0.0
497513,2025-06-03T18:00:00.000000000,0.433,0.0,0.0,0.063,0.3235504614701334,0.0
497513,2025-06-03T19:00:00.000000000,0.45199999999999996,0.0,0.0,0.062,0.3235504614701334,0.0
497513,2025-06-03T20:00:00.000000000,0.448,0.0,0.0,0.056999999999999995,0.3235504614701334,0.0
497513,2025-06-03T21:00:00.000000000,3.829,0.0,0.0,0.054000000000000006,0.32560195896133887,0.0
497513,2025-06-03T22:00:00.000000000,6.074,0.0,0.0,0.038,1.0635549136549944,0.0
497513,2025-06-03T23:00:00.000000000,5.316,0.0,0.0,0.031,1.633871216210139,0.0
497513,2025-06-04T00:00:00.000000000,0.373,0.0,0.0,0.04,0.3449446495927056,0.0
497513,2025-06-04T01:00:00.000000000,0.343,0.0,0.0,0.034,0.668495111062839,0.0
497513,2025-06-04T02:00:00.000000000,0.337,0.0,0.0,0.03,0.3235504614701334,0.0
497513,2025-06-04T03:00:00.000000000,0.33,0.0,0.0,0.026000000000000002,0.0,0.0
497513,2025-06-04T04:00:00.000000000,0.325,0.0,0.0,0.023000000000000003,0.3235504614701334,0.0
497513,2025-06-04T05:00:00.000000000,0.322,0.0,0.0,0.02,0.0,0.0
497513,2025-06-04T06:00:00.000000000,0.32,0.0,0.0,0.02,0.3235504614701334,0.0
497513,2025-06-04T07:00:00.000000000,0.305,0.0,0.0,0.011,1.6426633483153057,0.0
497513,2025-06-04T08:00:00.000000000,0.349,0.0,0.0,0.022,0.7317984622200389,0.0
497513,2025-06-04T09:00:00.000000000,0.372,0.0,0.0,0.034,0.3235504614701334,0.0
497513,2025-06-04T10:00:00.000000000,0.396,0.0,0.0,0.048999999999999995,0.3569605634697667,0.0
497513,2025-06-04T11:00:00.000000000,0.403,0.0,0.0,0.055999999999999994,1.4123094871599389,0.0
497513,2025-06-04T12:00:00.000000000,0.403,0.0,0.0,0.057999999999999996,2.1115770605908613,0.0
497513,2025-06-04T13:00:00.000000000,0.398,0.0,0.0,0.063,1.24232826646005,0.0
497513,2025-06-04T14:00:00.000000000,0.374,0.0,0.0,0.068,0.3449446495927056,0.0
497513,2025-06-04T15:00:00.000000000,0.39599999999999996,0.0,0.0,0.067,0.760812498167089,0.0
497513,2025-06-04T16:00:00.000000000,0.42,0.0,0.0,0.07100000000000001,0.6535484864840555,0.0
497513,2025-06-04T17:00:00.000000000,0.419,0.0,0.0,0.067,1.2062805248288668,0.0
497513,2025-06-04T18:00:00.000000000,0.947,0.0,0.0,0.07500000000000001,0.0,0.0
497513,2025-06-04T19:00:00.000000000,2.1039999999999996,0.0,0.0,0.092,0.3235504614701334,0.0
497513,2025-06-04T20:00:00.000000000,0.384,0.0,0.0,0.069,1.0380577305500112,0.0
497513,2025-06-04T21:00:00.000000000,0.432,0.0,0.0,0.061,0.34494464959270554,0.0
497513,2025-06-04T22:00:00.000000000,0.439,0.0,0.0,0.051000000000000004,0.3235504614701334,0.0
497513,2025-06-04T23:00:00.000000000,0.37,0.0,0.0,0.034999999999999996,1.2839443584245056,0.0
497513,2025-06-05T00:00:00.000000000,0.348,0.0,0.0,0.032,0.3235504614701334,0.0
497513,2025-06-05T01:00:00.000000000,1.3,0.0,0.0,0.053000000000000005,0.0,0.0
497513,2025-06-05T02:00:00.000000000,0.6759999999999999,0.0,0.0,0.043000000000000003,0.3235504614701334,0.0
497513,2025-06-05T03:00:00.000000000,0.338,0.0,0.0,0.033,0.0,0.0
497513,2025-06-05T04:00:00.000000000,0.334,0.0,0.0,0.031,0.3235504614701334,0.0
497513,2025-06-05T05:00:00.000000000,0.329,0.0,0.0,0.027000000000000003,0.3235504614701334,0.0
497513,2025-06-05T06:00:00.000000000,0.324,0.0,0.0,0.023000000000000003,0.0,0.0
497513,2025-06-05T07:00:00.000000000,0.32,0.0,0.0,0.02,0.3235504614701334,0.0
497513,2025-06-05T08:00:00.000000000,0.327,0.0,0.0,0.024999999999999998,0.0,0.0
497513,2025-06-05T09:00:00.000000000,0.34199999999999997,0.0,0.0,0.038000000000000006,0.3235504614701334,0.0
497513,2025-06-05T10:00:00.000000000,0.358,0.0,0.0,0.051,0.0,0.0
497513,2025-06-05T11:00:00.000000000,0.369,0.0,0.0,0.064,0.3235504614701334,0.0
497513,2025-06-05T12:00:00.000000000,0.417,0.0,0.0,0.072,0.0,0.0
497513,2025-06-05T13:00:00.000000000,0.422,0.0,0.0,0.077,0.32355046147013333,0.0
497513,2025-06-05T14:00:00.000000000,0.434,0.0,0.0,0.08399999999999999,0.0,0.0
497513,2025-06-05T15:00:00.000000000,0.442,0.0,0.0,0.091,0.3235504614701334,0.0
497513,2025-06-05T16:00:00.000000000,0.471,0.0,0.0,0.092,0.6898892991854112,0.0
497513,2025-06-05T17:00:00.000000000,0.493,0.0,0.0,0.095,0.3235504614701334,0.0
497513,2025-06-05T18:00:00.000000000,0.545,0.0,0.0,0.097,1.1957299663026668,0.0
497513,2025-06-05T19:00:00.000000000,0.495,0.0,0.0,0.09100000000000001,0.4621730776615945,0.0
497513,2025-06-05T20:00:00.000000000,0.471,0.0,0.0,0.078,0.9272768660249111,0.0
497513,2025-06-05T21:00:00.000000000,0.462,0.0,0.0,0.073,0.668495111062839,0.0
497513,2025-06-05T22:00:00.000000000,0.448,0.0,0.0,0.06,0.3235504614701334,0.0
497513,2025-06-05T23:00:00.000000000,0.439,0.0,0.0,0.05,0.0,0.0
497513,2025-06-06T00:00:00.000000000,0.40900000000000003,0.0,0.0,0.042,0.3235504614701334,0.0
497513,2025-06-06T01:00:00.000000000,0.363,0.0,0.0,0.026999999999999996,2.980239712581328,0.0
497513,2025-06-06T02:00:00.000000000,0.337,0.0,0.0,0.028,0.7687254170617388,0.0
497513,2025-06-06T03:00:00.000000000,0.333,0.0,0.0,0.028,0.0,0.0
497513,2025-06-06T04:00:00.000000000,0.33,0.0,0.0,0.027000000000000003,0.3235504614701334,0.0
497513,2025-06-06T05:00:00.000000000,0.325,0.0,0.0,0.022000000000000002,0.0,0.0
497513,2025-06-06T06:00:00.000000000,0.32,0.0,0.0,0.02,0.3235504614701334,0.0
497513,2025-06-06T07:00:00.000000000,0.319,0.0,0.0,0.018000000000000002,0.3235504614701334,0.0
497513,2025-06-06T08:00:00.000000000,0.329,0.0,0.0,0.026,0.0,0.0
497513,2025-06-06T09:00:00.000000000,0.38300000000000006,0.0,0.0,0.04,0.3235504614701334,0.0
497513,2025-06-06T10:00:00.000000000,0.401,0.0,0.0,0.053,0.0,0.0
497513,2025-06-06T11:00:00.000000000,0.415,0.0,0.0,0.066,0.3235504614701334,0.0
497513,2025-06-06T12:00:00.000000000,0.457,0.0,0.0,0.081,0.0,0.0
497513,2025-06-06T13:00:00.000000000,0.437,0.0,0.0,0.082,0.3449446495927056,0.0
497513,2025-06-06T14:00:00.000000000,0.435,0.0,0.0,0.086,0.3235504614701334,0.0
497513,2025-06-06T15:00:00.000000000,0.435,0.0,0.0,0.08299999999999999,2.441282014534611,0.0
497513,2025-06-06T16:00:00.000000000,0.388,0.0,0.0,0.082,1.1388741786892556,0.0
497513,2025-06-06T17:00:00.000000000,0.435,0.0,0.0,0.083,0.3449446495927056,0.0
497513,2025-06-06T18:00:00.000000000,0.509,0.0,0.0,0.08700000000000001,1.074691614321539,0.0
497513,2025-06-06T19:00:00.000000000,0.46399999999999997,0.0,0.0,0.074,0.6494454915016445,0.0
497513,2025-06-06T20:00:00.000000000,0.458,0.0,0.0,0.067,0.0,0.0
497513,2025-06-06T21:00:00.000000000,0.445,0.0,0.0,0.05399999999999999,0.6895962281152389,0.0
497513,2025-06-06T22:00:00.000000000,0.428,0.0,0.0,0.04,0.668495111062839,0.0
497513,2025-06-06T23:00:00.000000000,0.926,0.0,0.0,0.046,1.5497598190707111,0.0
497513,2025-06-07T00:00:00.000000000,0.40700000000000003,0.0,0.0,0.034,0.0,0.0
497513,2025-06-07T01:00:00.000000000,0.338,0.0,0.0,0.028999999999999998,0.3235504614701334,0.0
497513,2025-06-07T02:00:00.000000000,0.334,0.0,0.0,0.028,0.3235504614701334,0.0
497513,2025-06-07T03:00:00.000000000,0.324,0.0,0.0,0.02,1.7103627655250888,0.0
497513,2025-06-07T04:00:00.000000000,0.328,0.0,0.0,0.024,0.0,0.0
497513,2025-06-07T05:00:00.000000000,0.328,0.0,0.0,0.024,0.3235504614701334,0.0
497513,2025-06-07T06:00:00.000000000,0.323,0.0,0.0,0.022000000000000002,0.0,0.0
497513,2025-06-07T07:00:00.000000000,0.32,0.0,0.0,0.02,0.3235504614701334,0.0
497513,2025-06-07T08:00:00.000000000,0.328,0.0,0.0,0.026,0.0,0.0
497513,2025-06-07T09:00:00.000000000,0.347,0.0,0.0,0.034,1.1066363609703112,0.0
497513,2025-06-07T10:00:00.000000000,3.779,0.0,0.0,0.044,0.6447563543788888,0.0
497513,2025-06-07T11:00:00.000000000,1.336,0.0,0.0,0.056999999999999995,1.0943273760230776,0.0
497513,2025-06-07T12:00:00.000000000,2.31,0.0,0.0,0.067,0.3382040149787444,0.0
497513,2025-06-07T13:00:00.000000000,4.251,0.0,0.0,0.083,1.0650202690058554,0.0
497513,2025-06-07T14:00:00.000000000,0.424,0.0,0.0,0.074,1.4788366200890333,0.0
497513,2025-06-07T15:00:00.000000000,0.426,0.0,0.0,0.075,0.6737703903259389,0.0
497513,2025-06-07T16:00:00.000000000,0.451,0.0,0.0,0.072,0.6576514814664667,0.0
497513,2025-06-07T17:00:00.000000000,2.0820000000000003,0.0,0.0,0.092,0.0,0.0
497513,2025-06-07T18:00:00.000000000,0.46199999999999997,0.0,0.0,0.067,1.7806998223664223,0.0
497513,2025-06-07T19:00:00.000000000,0.44799999999999995,0.0,0.0,0.057999999999999996,1.8779994176636001,0.0
497513,2025-06-07T20:00:00.000000000,0.447,0.0,0.0,0.055999999999999994,0.3449446495927056,0.0
497513,2025-06-07T21:00:00.000000000,0.436,0.0,0.0,0.046,1.074984685391711,0.0
497513,2025-06-07T22:00:00.000000000,0.372,0.0,0.0,0.037,0.7136280558693611,0.0
497513,2025-06-07T23:00:00.000000000,0.34,0.0,0.0,0.022000000000000002,1.942475053101489,0.0
497513,2025-06-08T00:00:00.000000000,0.334,0.0,0.0,0.02,0.3235504614701334,0.0
497513,2025-06-08T01:00:00.000000000,0.328,0.0,0.0,0.019000000000000003,0.3235504614701334,0.0
497513,2025-06-08T02:00:00.000000000,0.325,0.0,0.0,0.019,0.0,0.0
497513,2025-06-08T03:00:00.000000000,0.321,0.0,0.0,0.016,0.3235504614701334,0.0
497513,2025-06-08T04:00:00.000000000,0.32,0.0,0.0,0.016,0.0,0.0
497513,2025-06-08T05:00:00.000000000,0.316,0.0,0.0,0.013999999999999999,0.3235504614701334,0.0
497513,2025-06-08T06:00:00.000000000,0.312,0.0,0.0,0.01,0.0,0.0
497513,2025-06-08T07:00:00.000000000,0.31,0.0,0.0,0.012,0.3235504614701334,0.0
497513,2025-06-08T08:00:00.000000000,0.33299999999999996,0.0,0.0,0.020000000000000004,0.2532134046288,0.0
497513,2025-06-08T09:00:00.000000000,0.356,0.0,0.0,0.028,0.43052140208299444,0.0
497513,2025-06-08T10:00:00.000000000,0.43,0.0,0.0,0.039999999999999994,0.6866655174135168,0.0
497513,2025-06-08T11:00:00.000000000,0.441,0.0,0.0,0.051000000000000004,1.531296341649861,0.0
497513,2025-06-08T12:00:00.000000000,0.41400000000000003,0.0,0.0,0.056,0.3235504614701334,0.0
497513,2025-06-08T13:00:00.000000000,0.40599999999999997,0.0,0.0,0.059,0.0,0.0
497513,2025-06-08T14:00:00.000000000,0.41,0.0,0.0,0.06,2.280972139150405,0.0
497513,2025-06-08T15:00:00.000000000,0.419,0.0,0.0,0.068,0.0,0.0
497513,2025-06-08T16:00:00.000000000,0.41,0.0,0.0,0.062,1.130082046584089,0.0
497513,2025-06-08T17:00:00.000000000,0.41000000000000003,0.0,0.0,0.057999999999999996,0.3446515785225333,0.0
497513,2025-06-08T18:00:00.000000000,0.9219999999999999,0.0,0.0,0.05,0.0,0.0
497513,2025-06-08T19:00:00.000000000,0.7969999999999999,0.0,0.0,0.05,1.0459706494446612,0.0
497513,2025-06-08T20:00:00.000000000,0.433,0.0,0.0,0.041999999999999996,0.0,0.0
497513,2025-06-08T21:00:00.000000000,0.431,0.0,0.0,0.041,0.3235504614701334,0.0
497513,2025-06-08T22:00:00.000000000,0.401,0.0,0.0,0.031,1.4618384980190446,0.0
497513,2025-06-08T23:00:00.000000000,0.382,0.0,0.0,0.027999999999999997,1.2083320223200722,0.0
497513,2025-06-09T00:00:00.000000000,0.341,0.0,0.0,0.028,0.3235504614701334,0.0
497513,2025-06-09T01:00:00.000000000,0.337,0.0,0.0,0.028,0.0,0.0
497513,2025-06-09T02:00:00.000000000,0.333,0.0,0.0,0.028,0.3235504614701334,0.0
497513,2025-06-09T03:00:00.000000000,0.331,0.0,0.0,0.026000000000000002,0.0,0.0
497513,2025-06-09T04:00:00.000000000,0.327,0.0,0.0,0.024,0.3235504614701334,0.0
497513,2025-06-09T05:00:00.000000000,0.324,0.0,0.0,0.020999999999999998,0.0,0.0
497513,2025-06-09T06:00:00.000000000,0.322,0.0,0.0,0.021,0.3235504614701334,0.0
497513,2025-06-09T07:00:00.000000000,0.319,0.0,0.0,0.018000000000000002,0.0,0.0
497513,2025-06-09T08:00:00.000000000,0.33599999999999997,0.0,0.0,0.021,1.0846560307073947,0.0
497513,2025-06-09T09:00:00.000000000,0.8300000000000001,0.0,0.0,0.044,0.6764080299574889,0.0
497513,2025-06-09T10:00:00.000000000,0.445,0.0,0.0,0.055,0.3235504614701334,0.0
497513,2025-06-09T11:00:00.000000000,0.457,0.0,0.0,0.066,0.0,0.0
497513,2025-06-09T12:00:00.000000000,0.414,0.0,0.0,0.068,1.0371785173394945,0.0
497513,2025-06-09T13:00:00.000000000,0.418,0.0,0.0,0.07,0.6893031570450666,0.0
497513,2025-06-09T14:00:00.000000000,0.427,0.0,0.0,0.07600000000000001,1.2033498141271444,0.0
497513,2025-06-09T15:00:00.000000000,0.438,0.0,0.0,0.087,0.0,0.0
497513,2025-06-09T16:00:00.000000000,0.432,0.0,0.0,0.083,1.0395230859008724,0.0
497513,2025-06-09T17:00:00.000000000,0.393,0.0,0.0,0.078,0.0,0.0
497513,2025-06-09T18:00:00.000000000,0.44799999999999995,0.0,0.0,0.066,0.3235504614701334,0.0
497513,2025-06-09T19:00:00.000000000,0.449,0.0,0.0,0.059,0.6893031570450666,0.0
497513,2025-06-09T20:00:00.000000000,0.869,0.0,0.0,0.061,1.5480013926496776,0.0
497513,2025-06-09T21:00:00.000000000,0.442,0.0,0.0,0.052,0.0,0.0
497513,2025-06-09T22:00:00.000000000,2.404,0.0,0.0,0.046000000000000006,0.3235504614701334,0.0
497513,2025-06-09T23:00:00.000000000,6.195,0.0,0.0,0.028,1.0295586695150167,0.0
497513,2025-06-10T00:00:00.000000000,6.09,0.0,0.0,0.023000000000000003,0.0,0.0
497513,2025-06-10T01:00:00.000000000,2.351,0.0,0.0,0.032,0.6893031570450666,0.0
497513,2025-06-10T02:00:00.000000000,0.342,0.0,0.0,0.036,0.0,0.0
497513,2025-06-10T03:00:00.000000000,0.336,0.0,0.0,0.031,0.3235504614701334,0.0
497513,2025-06-10T04:00:00.000000000,0.33,0.0,0.0,0.028,0.0,0.0
497513,2025-06-10T05:00:00.000000000,0.327,0.0,0.0,0.025,0.3235504614701334,0.0
497513,2025-06-10T06:00:00.000000000,0.324,0.0,0.0,0.024,0.3235504614701334,0.0
497513,2025-06-10T07:00:00.000000000,0.322,0.0,0.0,0.021,0.0,0.0
497513,2025-06-10T08:00:00.000000000,0.324,0.0,0.0,0.02,0.3235504614701334,0.0
497513,2025-06-10T09:00:00.000000000,0.327,0.0,0.0,0.022,0.0,0.0
497513,2025-06-10T10:00:00.000000000,0.364,0.0,0.0,0.026,0.32355046147013333,0.0
497513,2025-06-10T11:00:00.000000000,0.34400000000000003,0.0,0.0,0.026000000000000002,0.0,0.0
497513,2025-06-10T12:00:00.000000000,0.337,0.0,0.0,0.033,0.3235504614701334,0.0
497513,2025-06-10T13:00:00.000000000,0.345,0.0,0.0,0.041999999999999996,0.0,0.0
497513,2025-06-10T14:00:00.000000000,0.368,0.0,0.0,0.052,0.3235504614701334,0.0
497513,2025-06-10T15:00:00.000000000,0.413,0.0,0.0,0.063,0.3308772382244389,0.0
497513,2025-06-10T16:00:00.000000000,0.422,0.0,0.0,0.062,1.1098601427422055,0.0
497513,2025-06-10T17:00:00.000000000,0.425,0.0,0.0,0.064,0.3584259188206278,0.0
497513,2025-06-10T18:00:00.000000000,0.503,0.0,0.0,0.065,1.146200955443561,0.0
497513,2025-06-10T19:00:00.000000000,0.389,0.0,0.0,0.052,1.8697934276987778,0.0
497513,2025-06-10T20:00:00.000000000,0.383,0.0,0.0,0.048,1.4328244620719945,0.0
497513,2025-06-10T21:00:00.000000000,3.8230000000000004,0.0,0.0,0.048,2.5163082084987,0.0
497513,2025-06-10T22:00:00.000000000,6.0760000000000005,0.0,0.0,0.04,1.0412815123219057,0.0
497513,2025-06-10T23:00:00.000000000,6.066,0.0,0.0,0.026999999999999996,0.6682020399926666,0.0
497513,2025-06-11T00:00:00.000000000,5.073,0.0,0.0,0.022,0.6767011010276611,0.0
497513,2025-06-11T01:00:00.000000000,0.342,0.0,0.0,0.033,0.6925269388169611,0.0
497513,2025-06-11T02:00:00.000000000,0.336,0.0,0.0,0.031,0.0,0.0
497513,2025-06-11T03:00:00.000000000,0.33,0.0,0.0,0.026000000000000002,0.3235504614701334,0.0
497513,2025-06-11T04:00:00.000000000,0.325,0.0,0.0,0.021,0.0,0.0
497513,2025-06-11T05:00:00.000000000,0.322,0.0,0.0,0.02,0.3235504614701334,0.0
497513,2025-06-11T06:00:00.000000000,0.319,0.0,0.0,0.017,0.20632203340124444,0.0
497513,2025-06-11T07:00:00.000000000,0.315,0.0,0.0,0.015,0.11722842806888889,0.0
497513,2025-06-11T08:00:00.000000000,0.322,0.0,0.0,0.021,0.3235504614701334,0.0
497513,2025-06-11T09:00:00.000000000,0.347,0.0,0.0,0.033,0.3587189898908,0.0
497513,2025-06-11T10:00:00.000000000,0.397,0.0,0.0,0.048999999999999995,0.3235504614701334,0.0
497513,2025-06-11T11:00:00.000000000,0.439,0.0,0.0,0.06,1.0729331879005055,0.0
497513,2025-06-11T12:00:00.000000000,0.459,0.0,0.0,0.07100000000000001,0.8601635909554722,0.0
497513,2025-06-11T13:00:00.000000000,0.434,0.0,0.0,0.077,0.3235504614701334,0.0
497513,2025-06-11T14:00:00.000000000,0.44,0.0,0.0,0.079,0.6682020399926667,0.0
497513,2025-06-11T15:00:00.000000000,0.405,0.0,0.0,0.078,2.138832670116878,0.0
497513,2025-06-11T16:00:00.000000000,0.384,0.0,0.0,0.078,0.6682020399926667,0.0
497513,2025-06-11T17:00:00.000000000,0.429,0.0,0.0,0.077,1.0412815123219055,0.0
497513,2025-06-11T18:00:00.000000000,0.471,0.0,0.0,0.075,0.3446515785225333,0.0
497513,2025-06-11T19:00:00.000000000,0.45999999999999996,0.0,0.0,0.07,0.0,0.0
497513,2025-06-11T20:00:00.000000000,0.448,0.0,0.0,0.056999999999999995,0.3235504614701334,0.0
497513,2025-06-11T21:00:00.000000000,0.438,0.0,0.0,0.049,0.3446515785225333,0.0
497513,2025-06-11T22:00:00.000000000,0.429,0.0,0.0,0.041,0.3446515785225333,0.0
497513,2025-06-11T23:00:00.000000000,0.421,0.0,0.0,0.032,0.6682020399926667,0.0
497513,2025-06-12T00:00:00.000000000,0.371,0.0,0.0,0.026000000000000002,0.3446515785225333,0.0
497513,2025-06-12T01:00:00.000000000,0.34700000000000003,0.0,0.0,0.025,0.692233867746789,0.0
497513,2025-06-12T02:00:00.000000000,0.332,0.0,0.0,0.025,0.0,0.0
497513,2025-06-12T03:00:00.000000000,0.328,0.0,0.0,0.024,0.3235504614701334,0.0
497513,2025-06-12T04:00:00.000000000,0.326,0.0,0.0,0.023000000000000003,0.0,0.0
497513,2025-06-12T05:00:00.000000000,0.321,0.0,0.0,0.019,0.32355046147013333,0.0
497513,2025-06-12T06:00:00.000000000,0.317,0.0,0.0,0.016,0.0,0.0
497513,2025-06-12T07:00:00.000000000,0.302,0.0,0.0,0.009000000000000001,1.0661925532865444,0.0
497513,2025-06-12T08:00:00.000000000,0.755,0.0,0.0,0.026000000000000002,1.1195314880578888,0.0
497513,2025-06-12T09:00:00.000000000,0.382,0.0,0.0,0.033,0.6866655174135167,0.0
497513,2025-06-12T10:00:00.000000000,0.41300000000000003,0.0,0.0,0.045,0.7514342239215778,0.0
497513,2025-06-12T11:00:00.000000000,0.40599999999999997,0.0,0.0,0.056999999999999995,0.3446515785225333,0.0
497513,2025-06-12T12:00:00.000000000,0.407,0.0,0.0,0.062,1.5292448441586555,0.0
497513,2025-06-12T13:00:00.000000000,0.417,0.0,0.0,0.07100000000000001,0.3446515785225333,0.0
497513,2025-06-12T14:00:00.000000000,0.429,0.0,0.0,0.079,0.32355046147013333,0.0
497513,2025-06-12T15:00:00.000000000,0.461,0.0,0.0,0.08,0.7130419137290166,0.0
497513,2025-06-12T16:00:00.000000000,1.667,0.0,0.0,0.097,0.3235504614701334,0.0
497513,2025-06-12T17:00:00.000000000,0.443,0.0,0.0,0.092,0.3446515785225333,0.0
497513,2025-06-12T18:00:00.000000000,0.521,0.0,0.0,0.096,0.3446515785225333,0.0
497513,2025-06-12T19:00:00.000000000,0.864,0.0,0.0,0.08600000000000001,0.3446515785225333,0.0
497513,2025-06-12T20:00:00.000000000,0.485,0.0,0.0,0.075,1.1124977823737554,0.0
497513,2025-06-12T21:00:00.000000000,0.529,0.0,0.0,0.068,1.1596822246714835,0.0
497513,2025-06-12T22:00:00.000000000,0.478,0.0,0.0,0.054,1.1807833417238833,0.0
497513,2025-06-12T23:00:00.000000000,0.438,0.0,0.0,0.048,0.3446515785225333,0.0
497513,2025-06-13T00:00:00.000000000,0.369,0.0,0.0,0.037,1.3938460097390888,0.0
497513,2025-06-13T01:00:00.000000000,0.34,0.0,0.0,0.031,0.7945156712368944,0.0
497513,2025-06-13T02:00:00.000000000,0.337,0.0,0.0,0.031,0.3235504614701334,0.0
497513,2025-06-13T03:00:00.000000000,0.333,0.0,0.0,0.028,0.0,0.0
497513,2025-06-13T04:00:00.000000000,0.329,0.0,0.0,0.026000000000000002,0.3235504614701334,0.0
497513,2025-06-13T05:00:00.000000000,0.324,0.0,0.0,0.022000000000000002,0.0,0.0
497513,2025-06-13T06:00:00.000000000,0.321,0.0,0.0,0.02,0.3235504614701334,0.0
497513,2025-06-13T07:00:00.000000000,0.797,0.0,0.0,0.027000000000000003,0.3235504614701334,0.0
497513,2025-06-13T08:00:00.000000000,2.17,0.0,0.0,0.07200000000000001,0.0,0.0
497513,2025-06-13T09:00:00.000000000,1.099,0.0,0.0,0.067,0.3235504614701334,0.0
497513,2025-06-13T10:00:00.000000000,2.335,0.0,0.0,0.057999999999999996,0.34172086782081107,0.0
497513,2025-06-13T11:00:00.000000000,1.475,0.0,0.0,0.067,0.3235504614701334,0.0
497513,2025-06-13T12:00:00.000000000,0.375,0.0,0.0,0.07100000000000001,0.34435850745236113,0.0
497513,2025-06-13T13:00:00.000000000,0.428,0.0,0.0,0.08199999999999999,0.3235504614701334,0.0
497513,2025-06-13T14:00:00.000000000,0.442,0.0,0.0,0.092,0.34435850745236113,0.0
497513,2025-06-13T15:00:00.000000000,0.441,0.0,0.0,0.091,1.160561437882,0.0
497513,2025-06-13T16:00:00.000000000,0.444,0.0,0.0,0.095,0.3235504614701334,0.0
497513,2025-06-13T17:00:00.000000000,0.45699999999999996,0.0,0.0,0.093,0.3446515785225333,0.0
497513,2025-06-13T18:00:00.000000000,0.521,0.0,0.0,0.098,0.7130419137290166,0.0
497513,2025-06-13T19:00:00.000000000,0.552,0.0,0.0,0.096,0.34435850745236113,0.0
497513,2025-06-13T20:00:00.000000000,1.335,0.0,0.0,0.092,0.34435850745236113,0.0
497513,2025-06-13T21:00:00.000000000,0.46699999999999997,0.0,0.0,0.078,0.3446515785225333,0.0
497513,2025-06-13T22:00:00.000000000,0.446,0.0,0.0,0.057999999999999996,0.3235504614701334,0.0
497513,2025-06-13T23:00:00.000000000,0.437,0.0,0.0,0.047,0.3235504614701334,0.0
497513,2025-06-14T00:00:00.000000000,0.41100000000000003,0.0,0.0,0.043,0.3446515785225333,0.0
497513,2025-06-14T01:00:00.000000000,0.368,0.0,0.0,0.04,0.3446515785225333,0.0
497513,2025-06-14T02:00:00.000000000,0.342,0.0,0.0,0.035,0.6890100859748944,0.0
497513,2025-06-14T03:00:00.000000000,0.337,0.0,0.0,0.032,0.0,0.0
497513,2025-06-14T04:00:00.000000000,0.332,0.0,0.0,0.028,0.6887170149047223,0.0
497513,2025-06-14T05:00:00.000000000,0.332,0.0,0.0,0.028,0.3235504614701334,0.0
497513,2025-06-14T06:00:00.000000000,0.329,0.0,0.0,0.028,0.0,0.0
497513,2025-06-14T07:00:00.000000000,0.325,0.0,0.0,0.024,0.3235504614701334,0.0
497513,2025-06-14T08:00:00.000000000,0.333,0.0,0.0,0.03,0.0,0.0
497513,2025-06-14T09:00:00.000000000,0.33999999999999997,0.0,0.0,0.036000000000000004,0.3235504614701334,0.0
497513,2025-06-14T10:00:00.000000000,0.354,0.0,0.0,0.049999999999999996,0.0,0.0
497513,2025-06-14T11:00:00.000000000,0.368,0.0,0.0,0.062,0.3235504614701334,0.0
497513,2025-06-14T12:00:00.000000000,0.409,0.0,0.0,0.07300000000000001,0.7247647565359057,0.0
497513,2025-06-14T13:00:00.000000000,0.428,0.0,0.0,0.08099999999999999,1.6136493123682558,0.0
497513,2025-06-14T14:00:00.000000000,0.397,0.0,0.0,0.092,0.3235504614701334,0.0
497513,2025-06-14T15:00:00.000000000,0.41600000000000004,0.0,0.0,0.099,0.0,0.0
497513,2025-06-14T16:00:00.000000000,0.455,0.0,0.0,0.107,0.6887170149047223,0.0
497513,2025-06-14T17:00:00.000000000,0.432,0.0,0.0,0.105,1.20012603235525,0.0
497513,2025-06-14T18:00:00.000000000,1.331,0.0,0.0,0.103,0.0,0.0
497513,2025-06-14T19:00:00.000000000,0.493,0.0,0.0,0.10300000000000001,0.4935316821700222,0.0
497513,2025-06-14T20:00:00.000000000,0.485,0.0,0.0,0.094,0.49792774822260555,0.0
497513,2025-06-14T21:00:00.000000000,0.471,0.0,0.0,0.081,1.1769734178116447,0.0
497513,2025-06-14T22:00:00.000000000,0.447,0.0,0.0,0.059,3.9558733051846553,0.0
497513,2025-06-14T23:00:00.000000000,0.939,0.0,0.0,0.07200000000000001,0.0,0.0
497513,2025-06-15T00:00:00.000000000,1.214,0.0,0.0,0.074,1.1362365390577056,0.0
497513,2025-06-15T01:00:00.000000000,0.376,0.0,0.0,0.047,1.2678254495650334,0.0
497513,2025-06-15T02:00:00.000000000,0.352,0.0,0.0,0.045,0.2567302574708667,0.0
497513,2025-06-15T03:00:00.000000000,0.344,0.0,0.0,0.04,0.34435850745236113,0.0
497513,2025-06-15T04:00:00.000000000,0.341,0.0,0.0,0.04,0.3235504614701334,0.0
497513,2025-06-15T05:00:00.000000000,0.34,0.0,0.0,0.036,0.0,0.0
497513,2025-06-15T06:00:00.000000000,0.336,0.0,0.0,0.034999999999999996,0.3235504614701334,0.0
497513,2025-06-15T07:00:00.000000000,0.33,0.0,0.0,0.03,0.0,0.0
497513,2025-06-15T08:00:00.000000000,0.33899999999999997,0.0,0.0,0.037000000000000005,0.3235504614701334,0.0
497513,2025-06-15T09:00:00.000000000,0.354,0.0,0.0,0.049999999999999996,0.0,0.0
497513,2025-06-15T10:00:00.000000000,0.37,0.0,0.0,0.065,0.3235504614701334,0.0
497513,2025-06-15T11:00:00.000000000,0.386,0.0,0.0,0.078,0.0,0.0
497513,2025-06-15T12:00:00.000000000,0.432,0.0,0.0,0.097,0.32355046147013333,0.0
497513,2025-06-15T13:00:00.000000000,0.452,0.0,0.0,0.106,0.0,0.0
497513,2025-06-15T14:00:00.000000000,0.463,0.0,0.0,0.113,0.3235504614701334,0.0
497513,2025-06-15T15:00:00.000000000,0.47,0.0,0.0,0.119,0.0,0.0
497513,2025-06-15T16:00:00.000000000,0.473,0.0,0.0,0.125,1.054762781549828,0.0
497513,2025-06-15T17:00:00.000000000,0.479,0.0,0.0,0.126,0.34435850745236113,0.0
497513,2025-06-15T18:00:00.000000000,0.516,0.0,0.0,0.12,0.34435850745236113,0.0
497513,2025-06-15T19:00:00.000000000,0.503,0.0,0.0,0.113,0.6471009229402668,0.0
497513,2025-06-15T20:00:00.000000000,0.426,0.0,0.0,0.109,0.34435850745236113,0.0
497513,2025-06-15T21:00:00.000000000,0.416,0.0,0.0,0.1,0.8516645299204777,0.0
497513,2025-06-15T22:00:00.000000000,0.41600000000000004,0.0,0.0,0.081,0.9392927799019724,0.0
497513,2025-06-15T23:00:00.000000000,0.503,0.0,0.0,0.077,0.7080597055360889,0.0
497513,2025-06-16T00:00:00.000000000,0.478,0.0,0.0,0.07,0.3235504614701334,0.0
497513,2025-06-16T01:00:00.000000000,0.382,0.0,0.0,0.062,0.0,0.0
497513,2025-06-16T02:00:00.000000000,0.361,0.0,0.0,0.054,0.3235504614701334,0.0
497513,2025-06-16T03:00:00.000000000,0.349,0.0,0.0,0.044,1.2728076577579612,0.0
497513,2025-06-16T04:00:00.000000000,0.347,0.0,0.0,0.043000000000000003,0.34435850745236113,0.0
497513,2025-06-16T05:00:00.000000000,0.341,0.0,0.0,0.04,0.3235504614701334,0.0
497513,2025-06-16T06:00:00.000000000,0.337,0.0,0.0,0.036,0.0,0.0
497513,2025-06-16T07:00:00.000000000,0.333,0.0,0.0,0.032,0.3232573903999611,0.0
497513,2025-06-16T08:00:00.000000000,0.33899999999999997,0.0,0.0,0.036000000000000004,0.0,0.0
497513,2025-06-16T09:00:00.000000000,0.869,0.0,0.0,0.059,0.3235504614701334,0.0
497513,2025-06-16T10:00:00.000000000,2.1079999999999997,0.0,0.0,0.09,1.3513507045641167,0.0
497513,2025-06-16T11:00:00.000000000,0.478,0.0,0.0,0.088,1.2033498141271446,0.0
497513,2025-06-16T12:00:00.000000000,0.483,0.0,0.0,0.096,0.0,0.0
497513,2025-06-16T13:00:00.000000000,0.481,0.0,0.0,0.102,0.3235504614701334,0.0
497513,2025-06-16T14:00:00.000000000,0.452,0.0,0.0,0.103,1.1822486970747446,0.0
497513,2025-06-16T15:00:00.000000000,0.454,0.0,0.0,0.10400000000000001,2.798242578004378,0.0
497513,2025-06-16T16:00:00.000000000,0.453,0.0,0.0,0.104,2.3006079008519444,0.0
497513,2025-06-16T17:00:00.000000000,0.446,0.0,0.0,0.104,0.7142141980097056,0.0
497513,2025-06-16T18:00:00.000000000,0.488,0.0,0.0,0.104,2.0673233289948554,0.0
497513,2025-06-16T19:00:00.000000000,0.558,0.0,0.0,0.1,1.5251418491762445,0.0
497513,2025-06-16T20:00:00.000000000,0.491,0.0,0.0,0.082,3.2498650971397725,0.0
497513,2025-06-16T21:00:00.000000000,2.428,0.0,0.0,0.08399999999999999,0.6852001620626555,0.0
497513,2025-06-16T22:00:00.000000000,1.5470000000000002,0.0,0.0,0.069,1.0553489236901723,0.0
497513,2025-06-16T23:00:00.000000000,0.495,0.0,0.0,0.048999999999999995,3.11505240486055,0.0
497513,2025-06-17T00:00:00.000000000,0.40800000000000003,0.0,0.0,0.043000000000000003,0.3346871621366778,0.0
497513,2025-06-17T01:00:00.000000000,0.363,0.0,0.0,0.037,0.39183602082026114,0.0
497513,2025-06-17T02:00:00.000000000,0.344,0.0,0.0,0.036,0.2760729481022333,0.0
497513,2025-06-17T03:00:00.000000000,0.34,0.0,0.0,0.036,0.34435850745236113,0.0
497513,2025-06-17T04:00:00.000000000,0.337,0.0,0.0,0.033,0.3235504614701334,0.0
497513,2025-06-17T05:00:00.000000000,0.331,0.0,0.0,0.028,0.3390832281892611,0.0
497513,2025-06-17T06:00:00.000000000,0.332,0.0,0.0,0.029,0.0,0.0
497513,2025-06-17T07:00:00.000000000,0.329,0.0,0.0,0.028999999999999998,0.3235504614701334,0.0
497513,2025-06-17T08:00:00.000000000,0.336,0.0,0.0,0.034,0.0,0.0
497513,2025-06-17T09:00:00.000000000,0.381,0.0,0.0,0.045,0.6860793752731723,0.0
497513,2025-06-17T10:00:00.000000000,0.40099999999999997,0.0,0.0,0.053,1.9659207387152666,0.0
497513,2025-06-17T11:00:00.000000000,0.412,0.0,0.0,0.064,1.0817253200056722,0.0
497513,2025-06-17T12:00:00.000000000,0.417,0.0,0.0,0.07200000000000001,1.0752777564618834,0.0
497513,2025-06-17T13:00:00.000000000,0.42,0.0,0.0,0.075,1.2086250933902445,0.0
497513,2025-06-17T14:00:00.000000000,0.41400000000000003,0.0,0.0,0.074,2.467365339779939,0.0
497513,2025-06-17T15:00:00.000000000,0.387,0.0,0.0,0.08,0.7364875993427944,0.0
497513,2025-06-17T16:00:00.000000000,0.392,0.0,0.0,0.087,0.6471009229402668,0.0
497513,2025-06-17T17:00:00.000000000,0.392,0.0,0.0,0.088,0.0,0.0
497513,2025-06-17T18:00:00.000000000,0.473,0.0,0.0,0.089,1.984384216136117,0.0
497513,2025-06-17T19:00:00.000000000,0.472,0.0,0.0,0.082,0.3235504614701334,0.0
497513,2025-06-17T20:00:00.000000000,0.466,0.0,0.0,0.075,0.0,0.0
497513,2025-06-17T21:00:00.000000000,0.942,0.0,0.0,0.07699999999999999,0.32355046147013333,0.0
497513,2025-06-17T22:00:00.000000000,2.264,0.0,0.0,0.088,0.0,0.0
497513,2025-06-17T23:00:00.000000000,0.728,0.0,0.0,0.069,0.3235504614701334,0.0
497513,2025-06-18T00:00:00.000000000,0.40700000000000003,0.0,0.0,0.052000000000000005,0.6471009229402667,0.0
497513,2025-06-18T01:00:00.000000000,0.35000000000000003,0.0,0.0,0.041,0.7397113811146889,0.0
497513,2025-06-18T02:00:00.000000000,0.34299999999999997,0.0,0.0,0.037000000000000005,0.7904126762544834,0.0
497513,2025-06-18T03:00:00.000000000,0.338,0.0,0.0,0.033,1.0257487456027778,0.0
497513,2025-06-18T04:00:00.000000000,0.337,0.0,0.0,0.032,0.0,0.0
497513,2025-06-18T05:00:00.000000000,0.332,0.0,0.0,0.028999999999999998,0.3235504614701334,0.0
497513,2025-06-18T06:00:00.000000000,0.332,0.0,0.0,0.028,0.0,0.0
497513,2025-06-18T07:00:00.000000000,0.331,0.0,0.0,0.03,0.3235504614701334,0.0
497513,2025-06-18T08:00:00.000000000,0.33899999999999997,0.0,0.0,0.032,0.0,0.0
497513,2025-06-18T09:00:00.000000000,0.34900000000000003,0.0,0.0,0.03,0.3235504614701334,0.0
497513,2025-06-18T10:00:00.000000000,1.239,0.0,0.0,0.059,0.0,0.0
497513,2025-06-18T11:00:00.000000000,3.447,0.0,0.0,0.059,0.6638059739400834,0.0
497513,2025-06-18T12:00:00.000000000,0.456,0.0,0.0,0.069,0.6893031570450667,0.0
497513,2025-06-18T13:00:00.000000000,0.42700000000000005,0.0,0.0,0.069,2.2979702612203945,0.0
497513,2025-06-18T14:00:00.000000000,0.384,0.0,0.0,0.078,0.06799248827995556,0.0
497513,2025-06-18T15:00:00.000000000,0.393,0.0,0.0,0.087,0.3235504614701334,0.0
497513,2025-06-18T16:00:00.000000000,0.43200000000000005,0.0,0.0,0.094,0.34435850745236113,0.0
497513,2025-06-18T17:00:00.000000000,0.85,0.0,0.0,0.09,0.3235504614701334,0.0
497513,2025-06-18T18:00:00.000000000,0.493,0.0,0.0,0.096,0.0,0.0
497513,2025-06-18T19:00:00.000000000,0.476,0.0,0.0,0.08600000000000001,0.3235504614701334,0.0
497513,2025-06-18T20:00:00.000000000,0.885,0.0,0.0,0.077,2.4957932335866446,0.0
497513,2025-06-18T21:00:00.000000000,0.454,0.0,0.0,0.065,2.68247950528635,0.0
497513,2025-06-18T22:00:00.000000000,0.477,0.0,0.0,0.053,1.4885079654047166,0.0
497513,2025-06-18T23:00:00.000000000,0.4129999999999999,0.0,0.0,0.040999999999999995,1.715638044788189,0.0
497513,2025-06-19T00:00:00.000000000,0.355,0.0,0.0,0.04,0.6887170149047223,0.0
497513,2025-06-19T01:00:00.000000000,0.345,0.0,0.0,0.036,0.3443585074523611,0.0
497513,2025-06-19T02:00:00.000000000,0.341,0.0,0.0,0.034999999999999996,0.3235504614701334,0.0
497513,2025-06-19T03:00:00.000000000,0.34,0.0,0.0,0.036,0.3235504614701334,0.0
497513,2025-06-19T04:00:00.000000000,0.34,0.0,0.0,0.036,0.0,0.0
497513,2025-06-19T05:00:00.000000000,0.337,0.0,0.0,0.036,0.3235504614701334,0.0
497513,2025-06-19T06:00:00.000000000,0.333,0.0,0.0,0.033,0.0,0.0
497513,2025-06-19T07:00:00.000000000,0.329,0.0,0.0,0.028,0.3235504614701334,0.0
497513,2025-06-19T08:00:00.000000000,0.331,0.0,0.0,0.028,0.0,0.0
497513,2025-06-19T09:00:00.000000000,0.335,0.0,0.0,0.029,0.3235504614701334,0.0
497513,2025-06-19T10:00:00.000000000,0.365,0.0,0.0,0.028,1.5825837789300001,0.0
497513,2025-06-19T11:00:00.000000000,0.387,0.0,0.0,0.03799999999999999,0.8455100374468612,0.0
497513,2025-06-19T12:00:00.000000000,3.79,0.0,0.0,0.058,0.3235504614701334,0.0
497513,2025-06-19T13:00:00.000000000,2.773,0.0,0.0,0.073,1.0389369437605276,0.0
497513,2025-06-19T14:00:00.000000000,0.424,0.0,0.0,0.073,1.5016961635624666,0.0
497513,2025-06-19T15:00:00.000000000,0.427,0.0,0.0,0.076,1.0304378827255332,0.0
497513,2025-06-19T16:00:00.000000000,0.454,0.0,0.0,0.076,0.33498023320685,0.0
497513,2025-06-19T17:00:00.000000000,1.243,0.0,0.0,0.08600000000000001,1.4785435490188612,0.0
497513,2025-06-19T18:00:00.000000000,0.474,0.0,0.0,0.08,0.3235504614701334,0.0
497513,2025-06-19T19:00:00.000000000,0.945,0.0,0.0,0.07799999999999999,0.34435850745236113,0.0
497513,2025-06-19T20:00:00.000000000,1.2469999999999999,0.0,0.0,0.082,1.1977814637938722,0.0
497513,2025-06-19T21:00:00.000000000,0.45,0.0,0.0,0.061,1.0597449897427555,0.0
497513,2025-06-19T22:00:00.000000000,0.42200000000000004,0.0,0.0,0.052000000000000005,0.0,0.0
497513,2025-06-19T23:00:00.000000000,0.357,0.0,0.0,0.04,0.6887170149047223,0.0
497513,2025-06-20T00:00:00.000000000,0.35,0.0,0.0,0.036,0.0,0.0
497513,2025-06-20T01:00:00.000000000,0.338,0.0,0.0,0.028999999999999998,1.4785435490188612,0.0
497513,2025-06-20T02:00:00.000000000,0.335,0.0,0.0,0.028,1.1966091795131835,0.0
497513,2025-06-20T03:00:00.000000000,0.336,0.0,0.0,0.032,0.3235504614701334,0.0
497513,2025-06-20T04:00:00.000000000,0.336,0.0,0.0,0.032,0.0,0.0
497513,2025-06-20T05:00:00.000000000,0.332,0.0,0.0,0.032,0.3235504614701334,0.0
497513,2025-06-20T06:00:00.000000000,0.332,0.0,0.0,0.032,0.0,0.0
497513,2025-06-20T07:00:00.000000000,0.33,0.0,0.0,0.03,0.3235504614701334,0.0
497513,2025-06-20T08:00:00.000000000,0.331,0.0,0.0,0.029,0.3235504614701334,0.0
497513,2025-06-20T09:00:00.000000000,0.33999999999999997,0.0,0.0,0.035,0.0,0.0
497513,2025-06-20T10:00:00.000000000,0.373,0.0,0.0,0.046,0.3235504614701334,0.0
497513,2025-06-20T11:00:00.000000000,0.434,0.0,0.0,0.054,1.6077878909648111,0.0
497513,2025-06-20T12:00:00.000000000,0.418,0.0,0.0,0.062,0.6931130809573056,0.0
497513,2025-06-20T13:00:00.000000000,0.425,0.0,0.0,0.067,0.0,0.0
497513,2025-06-20T14:00:00.000000000,0.418,0.0,0.0,0.068,0.3235504614701334,0.0
497513,2025-06-20T15:00:00.000000000,0.419,0.0,0.0,0.069,1.05241821298845,0.0
497513,2025-06-20T16:00:00.000000000,0.419,0.0,0.0,0.072,0.3235504614701334,0.0
497513,2025-06-20T17:00:00.000000000,0.375,0.0,0.0,0.059,2.404648130763083,0.0
497513,2025-06-20T18:00:00.000000000,0.39699999999999996,0.0,0.0,0.055999999999999994,0.8528368142011667,0.0
497513,2025-06-20T19:00:00.000000000,0.374,0.0,0.0,0.05,0.3440654363821889,0.0
497513,2025-06-20T20:00:00.000000000,0.43299999999999994,0.0,0.0,0.048999999999999995,0.3440654363821889,0.0
497513,2025-06-20T21:00:00.000000000,1.2639999999999998,0.0,0.0,0.071,0.3235504614701334,0.0
497513,2025-06-20T22:00:00.000000000,0.439,0.0,0.0,0.051000000000000004,0.0,0.0
497513,2025-06-20T23:00:00.000000000,0.431,0.0,0.0,0.042,0.3235504614701334,0.0
497513,2025-06-21T00:00:00.000000000,0.401,0.0,0.0,0.034999999999999996,0.21394188122572222,0.0
497513,2025-06-21T01:00:00.000000000,0.35600000000000004,0.0,0.0,0.030000000000000002,1.3135445365119,0.0
497513,2025-06-21T02:00:00.000000000,0.334,0.0,0.0,0.027,0.7121627005185001,0.0
497513,2025-06-21T03:00:00.000000000,0.332,0.0,0.0,0.028,0.3235504614701334,0.0
497513,2025-06-21T04:00:00.000000000,0.329,0.0,0.0,0.027000000000000003,0.0,0.0
497513,2025-06-21T05:00:00.000000000,0.328,0.0,0.0,0.024,0.3235504614701334,0.0
497513,2025-06-21T06:00:00.000000000,0.325,0.0,0.0,0.022000000000000002,0.6884239438345501,0.0
497513,2025-06-21T07:00:00.000000000,0.324,0.0,0.0,0.024,0.0,0.0
497513,2025-06-21T08:00:00.000000000,0.328,0.0,0.0,0.026,0.3235504614701334,0.0
497513,2025-06-21T09:00:00.000000000,0.358,0.0,0.0,0.034,0.0,0.0
497513,2025-06-21T10:00:00.000000000,0.393,0.0,0.0,0.046,0.3235504614701334,0.0
497513,2025-06-21T11:00:00.000000000,0.40599999999999997,0.0,0.0,0.057999999999999996,0.0,0.0
497513,2025-06-21T12:00:00.000000000,0.441,0.0,0.0,0.064,1.065899482216372,0.0
497513,2025-06-21T13:00:00.000000000,0.422,0.0,0.0,0.065,1.4820604018609278,0.0
497513,2025-06-21T14:00:00.000000000,0.419,0.0,0.0,0.07,1.0084575524626167,0.0
497513,2025-06-21T15:00:00.000000000,0.44,0.0,0.0,0.077,0.044546802666177776,0.0
497513,2025-06-21T16:00:00.000000000,0.472,0.0,0.0,0.08,1.0489013601463832,0.0
497513,2025-06-21T17:00:00.000000000,0.42600000000000005,0.0,0.0,0.076,1.0793807514442944,0.0
497513,2025-06-21T18:00:00.000000000,0.445,0.0,0.0,0.07600000000000001,0.6913546545362723,0.0
497513,2025-06-21T19:00:00.000000000,0.46299999999999997,0.0,0.0,0.072,0.3440654363821889,0.0
497513,2025-06-21T20:00:00.000000000,0.455,0.0,0.0,0.064,0.3440654363821889,0.0
497513,2025-06-21T21:00:00.000000000,0.45,0.0,0.0,0.061,0.3235504614701334,0.0
497513,2025-06-21T22:00:00.000000000,0.46,0.0,0.0,0.055,0.0,0.0
497513,2025-06-21T23:00:00.000000000,0.44999999999999996,0.0,0.0,0.044000000000000004,1.4000005022127056,0.0
497513,2025-06-22T00:00:00.000000000,0.37,0.0,0.0,0.037,0.0,0.0
497513,2025-06-22T01:00:00.000000000,0.363,0.0,0.0,0.036,0.3235504614701334,0.0
497513,2025-06-22T02:00:00.000000000,0.337,0.0,0.0,0.032,0.6679089689224945,0.0
497513,2025-06-22T03:00:00.000000000,0.333,0.0,0.0,0.028999999999999998,0.0,0.0
497513,2025-06-22T04:00:00.000000000,0.332,0.0,0.0,0.028,0.3235504614701334,0.0
497513,2025-06-22T05:00:00.000000000,0.328,0.0,0.0,0.026000000000000002,0.3440654363821889,0.0
497513,2025-06-22T06:00:00.000000000,0.322,0.0,0.0,0.02,1.1960230373728389,0.0
497513,2025-06-22T07:00:00.000000000,0.316,0.0,0.0,0.022,0.7071804923255722,0.0
497513,2025-06-22T08:00:00.000000000,0.321,0.0,0.0,0.017,2.272473078115411,0.0
497513,2025-06-22T09:00:00.000000000,0.33799999999999997,0.0,0.0,0.034,0.3235504614701334,0.0
497513,2025-06-22T10:00:00.000000000,0.349,0.0,0.0,0.043,0.0,0.0
497513,2025-06-22T11:00:00.000000000,1.343,0.0,0.0,0.072,0.6881308727643778,0.0
497513,2025-06-22T12:00:00.000000000,0.75,0.0,0.0,0.077,0.6635129028699112,0.0
497513,2025-06-22T13:00:00.000000000,3.8200000000000003,0.0,0.0,0.087,0.7121627005185001,0.0
497513,2025-06-22T14:00:00.000000000,6.093,0.0,0.0,0.095,0.3235504614701334,0.0
497513,2025-06-22T15:00:00.000000000,1.199,0.0,0.0,0.095,0.0,0.0
497513,2025-06-22T16:00:00.000000000,0.438,0.0,0.0,0.089,0.3235504614701334,0.0
497513,2025-06-22T17:00:00.000000000,0.435,0.0,0.0,0.082,0.3440654363821889,0.0
497513,2025-06-22T18:00:00.000000000,0.45999999999999996,0.0,0.0,0.079,0.6471009229402668,0.0
497513,2025-06-22T19:00:00.000000000,0.389,0.0,0.0,0.064,0.7127488426588445,0.0
497513,2025-06-22T20:00:00.000000000,0.364,0.0,0.0,0.048,1.3566259838272168,0.0
497513,2025-06-22T21:00:00.000000000,0.36,0.0,0.0,0.044000000000000004,1.4000005022127056,0.0
497513,2025-06-22T22:00:00.000000000,0.428,0.0,0.0,0.03899999999999999,1.6804695163675223,0.0
497513,2025-06-22T23:00:00.000000000,0.492,0.0,0.0,0.046,0.0,0.0
497513,2025-06-23T00:00:00.000000000,0.43799999999999994,0.0,0.0,0.042,0.713334984799189,0.0
497513,2025-06-23T01:00:00.000000000,0.366,0.0,0.0,0.038,0.3235504614701334,0.0
497513,2025-06-23T02:00:00.000000000,0.342,0.0,0.0,0.033,0.0,0.0
497513,2025-06-23T03:00:00.000000000,0.335,0.0,0.0,0.03,0.3235504614701334,0.0
497513,2025-06-23T04:00:00.000000000,0.33,0.0,0.0,0.026,0.6676158978523223,0.0
497513,2025-06-23T05:00:00.000000000,0.329,0.0,0.0,0.027000000000000003,0.0,0.0
497513,2025-06-23T06:00:00.000000000,0.308,0.0,0.0,0.019,1.5104882956676333,0.0
497513,2025-06-23T07:00:00.000000000,0.316,0.0,0.0,0.02,0.0,0.0
497513,2025-06-23T08:00:00.000000000,0.326,0.0,0.0,0.024,0.3235504614701334,0.0
497513,2025-06-23T09:00:00.000000000,0.33999999999999997,0.0,0.0,0.035,0.3235504614701334,0.0
497513,2025-06-23T10:00:00.000000000,0.354,0.0,0.0,0.047,0.7356083861322777,0.0
497513,2025-06-23T11:00:00.000000000,0.40099999999999997,0.0,0.0,0.065,0.0,0.0
497513,2025-06-23T12:00:00.000000000,0.42,0.0,0.0,0.074,0.3235504614701334,0.0
497513,2025-06-23T13:00:00.000000000,0.421,0.0,0.0,0.076,1.1992468191447334,0.0
497513,2025-06-23T14:00:00.000000000,0.43,0.0,0.0,0.08,1.2197617940567889,0.0
497513,2025-06-23T15:00:00.000000000,0.43,0.0,0.0,0.08,1.4841118993521334,0.0
497513,2025-06-23T16:00:00.000000000,0.425,0.0,0.0,0.076,1.8964628950844502,0.0
497513,2025-06-23T17:00:00.000000000,0.427,0.0,0.0,0.07400000000000001,1.591668982105339,0.0
497513,2025-06-23T18:00:00.000000000,0.45699999999999996,0.0,0.0,0.07600000000000001,2.1405910965379116,0.0
497513,2025-06-23T19:00:00.000000000,0.449,0.0,0.0,0.073,0.33058416715426664,0.0
497513,2025-06-23T20:00:00.000000000,0.454,0.0,0.0,0.062,1.0793807514442944,0.0
497513,2025-06-23T21:00:00.000000000,0.448,0.0,0.0,0.057999999999999996,0.0,0.0
497513,2025-06-23T22:00:00.000000000,0.437,0.0,0.0,0.049,0.3440654363821889,0.0
497513,2025-06-23T23:00:00.000000000,0.43,0.0,0.0,0.04,0.6881308727643778,0.0
497513,2025-06-24T00:00:00.000000000,0.41200000000000003,0.0,0.0,0.034999999999999996,0.3440654363821889,0.0
497513,2025-06-24T01:00:00.000000000,0.371,0.0,0.0,0.031,0.3622358427328667,0.0
497513,2025-06-24T02:00:00.000000000,0.336,0.0,0.0,0.027,0.6954576495186834,0.0
497513,2025-06-24T03:00:00.000000000,0.329,0.0,0.0,0.024,0.3235504614701334,0.0
497513,2025-06-24T04:00:00.000000000,0.328,0.0,0.0,0.024,0.0,0.0
497513,2025-06-24T05:00:00.000000000,0.325,0.0,0.0,0.024,0.3235504614701334,0.0
497513,2025-06-24T06:00:00.000000000,0.324,0.0,0.0,0.024,0.0,0.0
497513,2025-06-24T07:00:00.000000000,0.323,0.0,0.0,0.022000000000000002,0.3235504614701334,0.0
497513,2025-06-24T08:00:00.000000000,0.33399999999999996,0.0,0.0,0.028,0.0,0.0
497513,2025-06-24T09:00:00.000000000,0.38,0.0,0.0,0.041999999999999996,0.3235504614701334,0.0
497513,2025-06-24T10:00:00.000000000,0.393,0.0,0.0,0.055,0.3235504614701334,0.0
497513,2025-06-24T11:00:00.000000000,0.368,0.0,0.0,0.061,0.0,0.0
497513,2025-06-24T12:00:00.000000000,0.4,0.0,0.0,0.063,1.5521043876320888,0.0
497513,2025-06-24T13:00:00.000000000,0.416,0.0,0.0,0.069,0.6995606445010945,0.0
497513,2025-06-24T14:00:00.000000000,0.423,0.0,0.0,0.073,1.4694583458435222,0.0
497513,2025-06-24T15:00:00.000000000,0.431,0.0,0.0,0.079,1.0785015382337777,0.0
497513,2025-06-24T16:00:00.000000000,0.428,0.0,0.0,0.07900000000000001,1.9459919059435553,0.0
497513,2025-06-24T17:00:00.000000000,0.432,0.0,0.0,0.081,1.3563329127570445,0.0
497513,2025-06-24T18:00:00.000000000,0.483,0.0,0.0,0.088,0.9225877289021556,0.0
497513,2025-06-24T19:00:00.000000000,0.47,0.0,0.0,0.079,0.7112834873079833,0.0
497513,2025-06-24T20:00:00.000000000,0.465,0.0,0.0,0.073,0.33029109608409446,0.0
497513,2025-06-24T21:00:00.000000000,0.458,0.0,0.0,0.069,0.0,0.0
497513,2025-06-24T22:00:00.000000000,0.448,0.0,0.0,0.06,0.6471009229402668,0.0
497513,2025-06-24T23:00:00.000000000,0.383,0.0,0.0,0.049,0.3235504614701334,0.0
497513,2025-06-25T00:00:00.000000000,0.355,0.0,0.0,0.041999999999999996,0.7883611787632778,0.0
497513,2025-06-25T01:00:00.000000000,0.35,0.0,0.0,0.04,0.3235504614701334,0.0
497513,2025-06-25T02:00:00.000000000,0.341,0.0,0.0,0.034999999999999996,0.0,0.0
497513,2025-06-25T03:00:00.000000000,0.337,0.0,0.0,0.032,0.3235504614701334,0.0
497513,2025-06-25T04:00:00.000000000,0.334,0.0,0.0,0.031,0.0,0.0
497513,2025-06-25T05:00:00.000000000,0.33,0.0,0.0,0.028,0.3235504614701334,0.0
497513,2025-06-25T06:00:00.000000000,0.327,0.0,0.0,0.026000000000000002,0.0,0.0
497513,2025-06-25T07:00:00.000000000,0.323,0.0,0.0,0.023000000000000003,0.3235504614701334,0.0
497513,2025-06-25T08:00:00.000000000,0.33199999999999996,0.0,0.0,0.022,1.5691025097020779,0.0
497513,2025-06-25T09:00:00.000000000,0.358,0.0,0.0,0.04,0.7142141980097056,0.0
497513,2025-06-25T10:00:00.000000000,0.372,0.0,0.0,0.056,0.0,0.0
497513,2025-06-25T11:00:00.000000000,0.42,0.0,0.0,0.07200000000000001,0.3235504614701334,0.0
497513,2025-06-25T12:00:00.000000000,0.424,0.0,0.0,0.078,0.6881308727643778,0.0
497513,2025-06-25T13:00:00.000000000,0.432,0.0,0.0,0.086,0.0,0.0
497513,2025-06-25T14:00:00.000000000,0.444,0.0,0.0,0.093,0.3235504614701334,0.0
497513,2025-06-25T15:00:00.000000000,0.451,0.0,0.0,0.099,0.3361525174875389,0.0
497513,2025-06-25T16:00:00.000000000,0.472,0.0,0.0,0.103,0.7168518376412556,0.0
497513,2025-06-25T17:00:00.000000000,0.501,0.0,0.0,0.104,1.0711747614794722,0.0
497513,2025-06-25T18:00:00.000000000,0.55,0.0,0.0,0.1,2.219134143344067,0.0
497513,2025-06-25T19:00:00.000000000,0.481,0.0,0.0,0.095,0.3323425935753,0.0
497513,2025-06-25T20:00:00.000000000,0.46299999999999997,0.0,0.0,0.089,0.3440654363821889,0.0
497513,2025-06-25T21:00:00.000000000,0.45299999999999996,0.0,0.0,0.082,0.3235504614701334,0.0
497513,2025-06-25T22:00:00.000000000,0.379,0.0,0.0,0.061,1.496713955369539,0.0
497513,2025-06-25T23:00:00.000000000,0.389,0.0,0.0,0.053,0.5029099564155334,0.0
497513,2025-06-26T00:00:00.000000000,0.373,0.0,0.0,0.04,1.5781877128774169,0.0
497513,2025-06-26T01:00:00.000000000,0.348,0.0,0.0,0.039,1.1740427071099224,0.0
497513,2025-06-26T02:00:00.000000000,0.349,0.0,0.0,0.044,0.0,0.0
497513,2025-06-26T03:00:00.000000000,0.346,0.0,0.0,0.041,0.3235504614701334,0.0
497513,2025-06-26T04:00:00.000000000,0.344,0.0,0.0,0.04,0.0,0.0
497513,2025-06-26T05:00:00.000000000,0.341,0.0,0.0,0.038,0.3235504614701334,0.0
497513,2025-06-26T06:00:00.000000000,0.336,0.0,0.0,0.036,0.0,0.0
497513,2025-06-26T07:00:00.000000000,0.329,0.0,0.0,0.03,0.6898892991854111,0.0
497513,2025-06-26T08:00:00.000000000,0.352,0.0,0.0,0.036000000000000004,0.6951645784485112,0.0
497513,2025-06-26T09:00:00.000000000,0.385,0.0,0.0,0.041999999999999996,0.7036636394835055,0.0
497513,2025-06-26T10:00:00.000000000,1.235,0.0,0.0,0.075,0.0,0.0
497513,2025-06-26T11:00:00.000000000,0.422,0.0,0.0,0.074,0.3235504614701334,0.0
497513,2025-06-26T12:00:00.000000000,0.421,0.0,0.0,0.075,1.4460126602297447,0.0
497513,2025-06-26T13:00:00.000000000,0.427,0.0,0.0,0.082,0.4287629756619611,0.0
497513,2025-06-26T14:00:00.000000000,0.957,0.0,0.0,0.096,0.0,0.0
497513,2025-06-26T15:00:00.000000000,2.284,0.0,0.0,0.1,1.1939715398816333,0.0
497513,2025-06-26T16:00:00.000000000,1.176,0.0,0.0,0.1,0.3440654363821889,0.0
497513,2025-06-26T17:00:00.000000000,0.501,0.0,0.0,0.1,0.3235504614701334,0.0
497513,2025-06-26T18:00:00.000000000,1.331,0.0,0.0,0.101,0.3440654363821889,0.0
497513,2025-06-26T19:00:00.000000000,0.508,0.0,0.0,0.1,0.32882574073323334,0.0
497513,2025-06-26T20:00:00.000000000,0.518,0.0,0.0,0.08900000000000001,1.2663600942141722,0.0
497513,2025-06-26T21:00:00.000000000,0.542,0.0,0.0,0.08,1.9439404084523502,0.0
497513,2025-06-26T22:00:00.000000000,0.529,0.0,0.0,0.069,1.8164544929274333,0.0
497513,2025-06-26T23:00:00.000000000,0.522,0.0,0.0,0.059,1.1441494579523557,0.0
497513,2025-06-27T00:00:00.000000000,0.47,0.0,0.0,0.051000000000000004,1.0550558526199998,0.0
497513,2025-06-27T01:00:00.000000000,0.383,0.0,0.0,0.043000000000000003,1.0805530357249833,0.0
497513,2025-06-27T02:00:00.000000000,0.345,0.0,0.0,0.037,1.0462637205148335,0.0
497513,2025-06-27T03:00:00.000000000,0.341,0.0,0.0,0.036,0.0,0.0
497513,2025-06-27T04:00:00.000000000,0.335,0.0,0.0,0.031,0.6471009229402668,0.0
497513,2025-06-27T05:00:00.000000000,0.333,0.0,0.0,0.03,0.0,0.0
497513,2025-06-27T06:00:00.000000000,0.327,0.0,0.0,0.026000000000000002,0.3235504614701334,0.0
497513,2025-06-27T07:00:00.000000000,0.319,0.0,0.0,0.023000000000000003,0.0,0.0
497513,2025-06-27T08:00:00.000000000,0.328,0.0,0.0,0.026,0.3235504614701334,0.0
497513,2025-06-27T09:00:00.000000000,0.33799999999999997,0.0,0.0,0.035,0.0,0.0
497513,2025-06-27T10:00:00.000000000,0.353,0.0,0.0,0.046,0.3235504614701334,0.0
497513,2025-06-27T11:00:00.000000000,0.371,0.0,0.0,0.053,1.4759059093873113,0.0
497513,2025-06-27T12:00:00.000000000,0.421,0.0,0.0,0.075,0.1755495710331611,0.0
497513,2025-06-27T13:00:00.000000000,0.429,0.0,0.0,0.08399999999999999,0.3235504614701334,0.0
497513,2025-06-27T14:00:00.000000000,0.432,0.0,0.0,0.092,0.0,0.0
497513,2025-06-27T15:00:00.000000000,0.453,0.0,0.0,0.10099999999999999,0.3440654363821889,0.0
497513,2025-06-27T16:00:00.000000000,0.449,0.0,0.0,0.102,2.2252886358176833,0.0
497513,2025-06-27T17:00:00.000000000,0.458,0.0,0.0,0.104,0.34377236531201666,0.0
497513,2025-06-27T18:00:00.000000000,0.977,0.0,0.0,0.104,1.0547627815498277,0.0
497513,2025-06-27T19:00:00.000000000,1.6849999999999996,0.0,0.0,0.104,0.3672180509257944,0.0
497513,2025-06-27T20:00:00.000000000,0.43299999999999994,0.0,0.0,0.097,1.053883568339311,0.0
497513,2025-06-27T21:00:00.000000000,0.402,0.0,0.0,0.08600000000000001,0.0,0.0
497513,2025-06-27T22:00:00.000000000,0.438,0.0,0.0,0.068,0.3235504614701334,0.0
497513,2025-06-27T23:00:00.000000000,0.445,0.0,0.0,0.055,1.0494875022867276,0.0
497513,2025-06-28T00:00:00.000000000,0.395,0.0,0.0,0.05,0.3578397766802834,0.0
497513,2025-06-28T01:00:00.000000000,0.355,0.0,0.0,0.046,0.3235504614701334,0.0
497513,2025-06-28T02:00:00.000000000,0.349,0.0,0.0,0.042,0.0,0.0
497513,2025-06-28T03:00:00.000000000,0.343,0.0,0.0,0.038,0.3235504614701334,0.0
497513,2025-06-28T04:00:00.000000000,0.334,0.0,0.0,0.031,0.7109904162378111,0.0
497513,2025-06-28T05:00:00.000000000,0.332,0.0,0.0,0.028,0.3235504614701334,0.0
497513,2025-06-28T06:00:00.000000000,0.329,0.0,0.0,0.027000000000000003,0.0,0.0
497513,2025-06-28T07:00:00.000000000,0.312,0.0,0.0,0.018,1.0398161569710447,0.0
497513,2025-06-28T08:00:00.000000000,0.33299999999999996,0.0,0.0,0.020000000000000004,0.0,0.0
497513,2025-06-28T09:00:00.000000000,0.372,0.0,0.0,0.032,0.3235504614701334,0.0
497513,2025-06-28T10:00:00.000000000,0.385,0.0,0.0,0.037000000000000005,2.227633204379061,0.0
497513,2025-06-28T11:00:00.000000000,0.398,0.0,0.0,0.049999999999999996,1.9131679460842665,0.0
497513,2025-06-28T12:00:00.000000000,0.411,0.0,0.0,0.065,1.1620267932328612,0.0
497513,2025-06-28T13:00:00.000000000,0.424,0.0,0.0,0.078,0.0,0.0
497513,2025-06-28T14:00:00.000000000,0.436,0.0,0.0,0.086,0.3235504614701334,0.0
497513,2025-06-28T15:00:00.000000000,0.868,0.0,0.0,0.099,0.6881308727643778,0.0
497513,2025-06-28T16:00:00.000000000,0.451,0.0,0.0,0.102,0.0,0.0
497513,2025-06-28T17:00:00.000000000,0.456,0.0,0.0,0.10400000000000001,0.3440654363821889,0.0
497513,2025-06-28T18:00:00.000000000,0.493,0.0,0.0,0.099,0.6878378016942055,0.0
497513,2025-06-28T19:00:00.000000000,0.485,0.0,0.0,0.095,0.3440654363821889,0.0
497513,2025-06-28T20:00:00.000000000,0.476,0.0,0.0,0.085,1.0527112840586221,0.0
497513,2025-06-28T21:00:00.000000000,0.46699999999999997,0.0,0.0,0.078,0.33234259357530005,0.0
497513,2025-06-28T22:00:00.000000000,0.453,0.0,0.0,0.065,0.3440654363821889,0.0
497513,2025-06-28T23:00:00.000000000,0.442,0.0,0.0,0.053000000000000005,0.6514969889928499,0.0
497513,2025-06-29T00:00:00.000000000,0.41200000000000003,0.0,0.0,0.045000000000000005,0.39418058938163886,0.0
497513,2025-06-29T01:00:00.000000000,0.35300000000000004,0.0,0.0,0.033,1.5919620531755112,0.0
497513,2025-06-29T02:00:00.000000000,0.337,0.0,0.0,0.032,0.3235504614701334,0.0
497513,2025-06-29T03:00:00.000000000,0.336,0.0,0.0,0.03,0.0,0.0
497513,2025-06-29T04:00:00.000000000,0.332,0.0,0.0,0.028,0.3235504614701334,0.0
497513,2025-06-29T05:00:00.000000000,0.328,0.0,0.0,0.026000000000000002,0.0,0.0
497513,2025-06-29T06:00:00.000000000,0.329,0.0,0.0,0.028,0.3235504614701334,0.0
497513,2025-06-29T07:00:00.000000000,0.328,0.0,0.0,0.028,0.0,0.0
497513,2025-06-29T08:00:00.000000000,0.332,0.0,0.0,0.03,0.3235504614701334,0.0
497513,2025-06-29T09:00:00.000000000,0.344,0.0,0.0,0.039999999999999994,0.0,0.0
497513,2025-06-29T10:00:00.000000000,0.403,0.0,0.0,0.044,1.9234254335402945,0.0
497513,2025-06-29T11:00:00.000000000,0.382,0.0,0.0,0.054,0.7693115592020834,0.0
497513,2025-06-29T12:00:00.000000000,0.39399999999999996,0.0,0.0,0.07,0.3235504614701334,0.0
497513,2025-06-29T13:00:00.000000000,0.423,0.0,0.0,0.077,0.0,0.0
497513,2025-06-29T14:00:00.000000000,0.432,0.0,0.0,0.082,0.6875447306240333,0.0
497513,2025-06-29T15:00:00.000000000,0.401,0.0,0.0,0.08499999999999999,0.7106973451676388,0.0
497513,2025-06-29T16:00:00.000000000,0.392,0.0,0.0,0.088,0.3235504614701334,0.0
497513,2025-06-29T17:00:00.000000000,0.386,0.0,0.0,0.08100000000000002,2.0066576174692057,0.0
497513,2025-06-29T18:00:00.000000000,0.434,0.0,0.0,0.093,2.4814327511482057,0.0
497513,2025-06-29T19:00:00.000000000,0.40800000000000003,0.0,0.0,0.085,1.1927992556009444,0.0
497513,2025-06-29T20:00:00.000000000,0.401,0.0,0.0,0.08399999999999999,0.3235504614701334,0.0
497513,2025-06-29T21:00:00.000000000,0.398,0.0,0.0,0.082,0.0,0.0
497513,2025-06-29T22:00:00.000000000,0.385,0.0,0.0,0.067,0.3235504614701334,0.0
497513,2025-06-29T23:00:00.000000000,0.395,0.0,0.0,0.061,0.0,0.0
497513,2025-06-30T00:00:00.000000000,0.37,0.0,0.0,0.055999999999999994,0.3235504614701334,0.0
497513,2025-06-30T01:00:00.000000000,0.355,0.0,0.0,0.046000000000000006,0.32061975076841115,0.0
497513,2025-06-30T02:00:00.000000000,0.348,0.0,0.0,0.043,0.0029307107017222224,0.0
497513,2025-06-30T03:00:00.000000000,0.345,0.0,0.0,0.04,0.3235504614701334,0.0
497513,2025-06-30T04:00:00.000000000,0.341,0.0,0.0,0.039,0.0,0.0
497513,2025-06-30T05:00:00.000000000,0.338,0.0,0.0,0.036,0.3235504614701334,0.0
497513,2025-06-30T06:00:00.000000000,0.336,0.0,0.0,0.036,0.0,0.0
497513,2025-06-30T07:00:00.000000000,0.336,0.0,0.0,0.036,0.3235504614701334,0.0
497513,2025-06-30T08:00:00.000000000,0.346,0.0,0.0,0.043,0.0,0.0
497513,2025-06-30T09:00:00.000000000,0.368,0.0,0.0,0.054,0.7235924722552167,0.0
497513,2025-06-30T10:00:00.000000000,0.414,0.0,0.0,0.066,1.08406988856705,0.0
497513,2025-06-30T11:00:00.000000000,0.455,0.0,0.0,0.07600000000000001,0.6846140199223112,0.0
497513,2025-06-30T12:00:00.000000000,0.428,0.0,0.0,0.082,0.0,0.0
497513,2025-06-30T13:00:00.000000000,0.432,0.0,0.0,0.086,0.3235504614701334,0.0
497513,2025-06-30T14:00:00.000000000,0.443,0.0,0.0,0.093,0.3440654363821889,0.0
497513,2025-06-30T15:00:00.000000000,0.448,0.0,0.0,0.098,0.0,0.0
497513,2025-06-30T16:00:00.000000000,0.399,0.0,0.0,0.095,0.6676158978523223,0.0
497513,2025-06-30T17:00:00.000000000,0.447,0.0,0.0,0.095,0.34377236531201666,0.0
497513,2025-06-30T18:00:00.000000000,0.492,0.0,0.0,0.095,0.34025551246995,0.0
497513,2025-06-30T19:00:00.000000000,0.516,0.0,0.0,0.08900000000000001,0.8806785658675278,0.0
497513,2025-06-30T20:00:00.000000000,0.473,0.0,0.0,0.082,0.15591380933162224,0.0
497513,2025-06-30T21:00:00.000000000,0.457,0.0,0.0,0.067,1.4213946903352777,0.0
497513,2025-06-30T22:00:00.000000000,0.444,0.0,0.0,0.055999999999999994,0.7106973451676388,0.0
497513,2025-06-30T23:00:00.000000000,0.436,0.0,0.0,0.046,0.6875447306240333,0.0
497513,2025-07-01T00:00:00.000000000,0.42800000000000005,0.0,0.0,0.042,0.7109904162378111,0.0
497513,2025-07-01T01:00:00.000000000,0.35800000000000004,0.0,0.0,0.039,0.34377236531201666,0.0
497513,2025-07-01T02:00:00.000000000,0.337,0.0,0.0,0.031,1.2437936218109111,0.0
497513,2025-07-01T03:00:00.000000000,0.337,0.0,0.0,0.032,0.0,0.0
497513,2025-07-01T04:00:00.000000000,0.333,0.0,0.0,0.028999999999999998,0.3235504614701334,0.0
497513,2025-07-01T05:00:00.000000000,0.329,0.0,0.0,0.028,0.0,0.0
497513,2025-07-01T06:00:00.000000000,0.327,0.0,0.0,0.025,0.3235504614701334,0.0
497513,2025-07-01T07:00:00.000000000,0.324,0.0,0.0,0.023000000000000003,0.0,0.0
497513,2025-07-01T08:00:00.000000000,0.329,0.0,0.0,0.026,0.3235504614701334,0.0
497513,2025-07-01T09:00:00.000000000,0.345,0.0,0.0,0.038000000000000006,0.0,0.0
497513,2025-07-01T10:00:00.000000000,0.425,0.0,0.0,0.057,0.3235504614701334,0.0
497513,2025-07-01T11:00:00.000000000,0.454,0.0,0.0,0.068,1.0647271979356834,0.0
497513,2025-07-01T12:00:00.000000000,0.449,0.0,0.0,0.075,1.0732262589706778,0.0
497513,2025-07-01T13:00:00.000000000,0.391,0.0,0.0,0.077,0.3235504614701334,0.0
497513,2025-07-01T14:00:00.000000000,0.385,0.0,0.0,0.081,0.0,0.0
497513,2025-07-01T15:00:00.000000000,0.382,0.0,0.0,0.07600000000000001,2.128868253731022,0.0
497513,2025-07-01T16:00:00.000000000,0.424,0.0,0.0,0.078,2.4899318121831997,0.0
497513,2025-07-01T17:00:00.000000000,0.41100000000000003,0.0,0.0,0.085,0.34377236531201666,0.0
497513,2025-07-01T18:00:00.000000000,0.471,0.0,0.0,0.089,0.3235504614701334,0.0
497513,2025-07-01T19:00:00.000000000,0.41500000000000004,0.0,0.0,0.078,0.0,0.0
497513,2025-07-01T20:00:00.000000000,0.398,0.0,0.0,0.063,1.6414910640346168,0.0
497513,2025-07-01T21:00:00.000000000,1.3,0.0,0.0,0.079,0.33029109608409446,0.0
497513,2025-07-01T22:00:00.000000000,0.443,0.0,0.0,0.057999999999999996,0.6878378016942055,0.0
497513,2025-07-01T23:00:00.000000000,0.437,0.0,0.0,0.05,0.34377236531201666,0.0
497513,2025-07-02T00:00:00.000000000,0.385,0.0,0.0,0.043,0.32355046147013333,0.0
497513,2025-07-02T01:00:00.000000000,0.349,0.0,0.0,0.04,0.34377236531201666,0.0
497513,2025-07-02T02:00:00.000000000,0.34,0.0,0.0,0.034999999999999996,0.3235504614701334,0.0
497513,2025-07-02T03:00:00.000000000,0.336,0.0,0.0,0.032,0.0,0.0
497513,2025-07-02T04:00:00.000000000,0.331,0.0,0.0,0.028,0.3235504614701334,0.0
497513,2025-07-02T05:00:00.000000000,0.328,0.0,0.0,0.024,0.0,0.0
497513,2025-07-02T06:00:00.000000000,0.328,0.0,0.0,0.025,0.3235504614701334,0.0
497513,2025-07-02T07:00:00.000000000,0.324,0.0,0.0,0.023000000000000003,0.3235504614701334,0.0
497513,2025-07-02T08:00:00.000000000,0.329,0.0,0.0,0.027,0.0,0.0
497513,2025-07-02T09:00:00.000000000,0.338,0.0,0.0,0.034,0.3235504614701334,0.0
497513,2025-07-02T10:00:00.000000000,0.38,0.0,0.0,0.044,0.7145072690798778,0.0
497513,2025-07-02T11:00:00.000000000,0.4,0.0,0.0,0.054,1.581118423579139,0.0
497513,2025-07-02T12:00:00.000000000,1.2550000000000001,0.0,0.0,0.077,0.3235504614701334,0.0
497513,2025-07-02T13:00:00.000000000,0.417,0.0,0.0,0.072,0.3235504614701334,0.0
497513,2025-07-02T14:00:00.000000000,0.452,0.0,0.0,0.073,0.6875447306240333,0.0
497513,2025-07-02T15:00:00.000000000,1.2420000000000002,0.0,0.0,0.08800000000000001,0.7104042740974666,0.0
497513,2025-07-02T16:00:00.000000000,0.428,0.0,0.0,0.081,0.3235504614701334,0.0
497513,2025-07-02T17:00:00.000000000,0.426,0.0,0.0,0.076,0.0,0.0
497513,2025-07-02T18:00:00.000000000,0.483,0.0,0.0,0.063,1.1752149913906111,0.0
497513,2025-07-02T19:00:00.000000000,0.45799999999999996,0.0,0.0,0.055,0.7106973451676388,0.0
497513,2025-07-02T20:00:00.000000000,1.386,0.0,0.0,0.07200000000000001,0.3235504614701334,0.0
497513,2025-07-02T21:00:00.000000000,0.78,0.0,0.0,0.065,0.66732282678215,0.0
497513,2025-07-02T22:00:00.000000000,0.433,0.0,0.0,0.047,0.7106973451676388,0.0
497513,2025-07-02T23:00:00.000000000,0.427,0.0,0.0,0.037,1.0544697104796557,0.0
497513,2025-07-03T00:00:00.000000000,0.436,0.0,0.0,0.039,0.3235504614701334,0.0
497513,2025-07-03T01:00:00.000000000,0.378,0.0,0.0,0.034,0.7010259998519557,0.0
497513,2025-07-03T02:00:00.000000000,0.34,0.0,0.0,0.031,0.0,0.0
497513,2025-07-03T03:00:00.000000000,0.332,0.0,0.0,0.027000000000000003,0.3235504614701334,0.0
497513,2025-07-03T04:00:00.000000000,0.327,0.0,0.0,0.024,0.0,0.0
497513,2025-07-03T05:00:00.000000000,0.324,0.0,0.0,0.024,0.3235504614701334,0.0
497513,2025-07-03T06:00:00.000000000,0.322,0.0,0.0,0.021,0.0,0.0
497513,2025-07-03T07:00:00.000000000,0.318,0.0,0.0,0.018000000000000002,0.3235504614701334,0.0
497513,2025-07-03T08:00:00.000000000,0.33999999999999997,0.0,0.0,0.026,0.0,0.0
497513,2025-07-03T09:00:00.000000000,0.33799999999999997,0.0,0.0,0.035,0.3235504614701334,0.0
497513,2025-07-03T10:00:00.000000000,0.353,0.0,0.0,0.048999999999999995,0.0,0.0
497513,2025-07-03T11:00:00.000000000,0.39799999999999996,0.0,0.0,0.062,0.3235504614701334,0.0
497513,2025-07-03T12:00:00.000000000,0.413,0.0,0.0,0.069,0.34377236531201666,0.0
497513,2025-07-03T13:00:00.000000000,0.42,0.0,0.0,0.075,0.0,0.0
497513,2025-07-03T14:00:00.000000000,0.427,0.0,0.0,0.08,0.3235504614701334,0.0
497513,2025-07-03T15:00:00.000000000,0.431,0.0,0.0,0.081,0.3235504614701334,0.0
497513,2025-07-03T16:00:00.000000000,0.40700000000000003,0.0,0.0,0.08,0.0,0.0
497513,2025-07-03T17:00:00.000000000,0.429,0.0,0.0,0.078,0.3235504614701334,0.0
497513,2025-07-03T18:00:00.000000000,0.46699999999999997,0.0,0.0,0.07300000000000001,0.7860166102019,0.0
497513,2025-07-03T19:00:00.000000000,1.7269999999999999,0.0,0.0,0.089,0.3235504614701334,0.0
497513,2025-07-03T20:00:00.000000000,0.458,0.0,0.0,0.068,0.3235504614701334,0.0
497513,2025-07-03T21:00:00.000000000,0.449,0.0,0.0,0.061,0.66732282678215,0.0
497513,2025-07-03T22:00:00.000000000,0.439,0.0,0.0,0.05199999999999999,0.6875447306240333,0.0
497513,2025-07-03T23:00:00.000000000,0.38,0.0,0.0,0.045,0.0,0.0
497513,2025-07-04T00:00:00.000000000,0.351,0.0,0.0,0.037,0.6875447306240333,0.0
497513,2025-07-04T01:00:00.000000000,0.338,0.0,0.0,0.028,1.1913339002500833,0.0
497513,2025-07-04T02:00:00.000000000,0.336,0.0,0.0,0.031,0.34377236531201666,0.0
497513,2025-07-04T03:00:00.000000000,0.328,0.0,0.0,0.024,1.190747758109739,0.0
497513,2025-07-04T04:00:00.000000000,0.326,0.0,0.0,0.022000000000000002,0.0,0.0
497513,2025-07-04T05:00:00.000000000,0.321,0.0,0.0,0.019,0.3235504614701334,0.0
497513,2025-07-04T06:00:00.000000000,0.317,0.0,0.0,0.016,0.0,0.0
497513,2025-07-04T07:00:00.000000000,0.31,0.0,0.0,0.009000000000000001,0.3235504614701334,0.0
497513,2025-07-04T08:00:00.000000000,0.313,0.0,0.0,0.01,0.05158050835031111,0.0
497513,2025-07-04T09:00:00.000000000,0.319,0.0,0.0,0.013000000000000001,0.27196995311982225,0.0
497513,2025-07-04T10:00:00.000000000,0.352,0.0,0.0,0.016,1.074984685391711,0.0
497513,2025-07-04T11:00:00.000000000,0.361,0.0,0.0,0.016,2.3135030279395226,0.0
497513,2025-07-04T12:00:00.000000000,0.383,0.0,0.0,0.03899999999999999,0.5281140684503445,0.0
497513,2025-07-04T13:00:00.000000000,0.398,0.0,0.0,0.053,0.3235504614701334,0.0
497513,2025-07-04T14:00:00.000000000,0.838,0.0,0.0,0.07100000000000001,0.34377236531201666,0.0
497513,2025-07-04T15:00:00.000000000,0.429,0.0,0.0,0.08,0.3235504614701334,0.0
497513,2025-07-04T16:00:00.000000000,0.426,0.0,0.0,0.079,0.7104042740974666,0.0
497513,2025-07-04T17:00:00.000000000,0.43,0.0,0.0,0.08,0.6799248827995555,0.0
497513,2025-07-04T18:00:00.000000000,0.476,0.0,0.0,0.08299999999999999,1.5764292864563836,0.0
497513,2025-07-04T19:00:00.000000000,0.46399999999999997,0.0,0.0,0.077,1.03131709593605,0.0
497513,2025-07-04T20:00:00.000000000,0.458,0.0,0.0,0.069,0.0,0.0
497513,2025-07-04T21:00:00.000000000,0.44,0.0,0.0,0.05399999999999999,0.6875447306240333,0.0
497513,2025-07-04T22:00:00.000000000,0.43,0.0,0.0,0.045,0.34377236531201666,0.0
497513,2025-07-04T23:00:00.000000000,0.432,0.0,0.0,0.041,1.0254556745326056,0.0
497513,2025-07-05T00:00:00.000000000,0.6990000000000001,0.0,0.0,0.04,0.3818716044344056,0.0
497513,2025-07-05T01:00:00.000000000,1.5819999999999999,0.0,0.0,0.04,0.3361525174875389,0.0
497513,2025-07-05T02:00:00.000000000,0.34,0.0,0.0,0.034,0.3235504614701334,0.0
497513,2025-07-05T03:00:00.000000000,0.34,0.0,0.0,0.036,0.0,0.0
497513,2025-07-05T04:00:00.000000000,0.337,0.0,0.0,0.033,0.3235504614701334,0.0
497513,2025-07-05T05:00:00.000000000,0.333,0.0,0.0,0.03,0.0,0.0
497513,2025-07-05T06:00:00.000000000,0.329,0.0,0.0,0.028,0.3235504614701334,0.0
497513,2025-07-05T07:00:00.000000000,0.321,0.0,0.0,0.027000000000000003,0.0,0.0
497513,2025-07-05T08:00:00.000000000,0.32899999999999996,0.0,0.0,0.025,0.3235504614701334,0.0
497513,2025-07-05T09:00:00.000000000,0.37,0.0,0.0,0.032,0.0,0.0
497513,2025-07-05T10:00:00.000000000,0.385,0.0,0.0,0.03799999999999999,1.0544697104796557,0.0
497513,2025-07-05T11:00:00.000000000,0.8500000000000001,0.0,0.0,0.056999999999999995,1.056521207970861,0.0
497513,2025-07-05T12:00:00.000000000,0.436,0.0,0.0,0.062,0.7643293510091556,0.0
497513,2025-07-05T13:00:00.000000000,0.452,0.0,0.0,0.066,0.7353153150621055,0.0
497513,2025-07-05T14:00:00.000000000,0.464,0.0,0.0,0.07200000000000001,1.0398161569710445,0.0
497513,2025-07-05T15:00:00.000000000,0.428,0.0,0.0,0.069,2.192757747028567,0.0
497513,2025-07-05T16:00:00.000000000,0.42,0.0,0.0,0.07300000000000001,1.1423910315313224,0.0
497513,2025-07-05T17:00:00.000000000,0.42,0.0,0.0,0.069,1.89646289508445,0.0
497513,2025-07-05T18:00:00.000000000,0.46599999999999997,0.0,0.0,0.073,1.067071766497061,0.0
497513,2025-07-05T19:00:00.000000000,0.45699999999999996,0.0,0.0,0.068,0.7109904162378111,0.0
497513,2025-07-05T20:00:00.000000000,0.42300000000000004,0.0,0.0,0.053000000000000005,1.961817743732856,0.0
497513,2025-07-05T21:00:00.000000000,0.383,0.0,0.0,0.05,1.0541766394094834,0.0
497513,2025-07-05T22:00:00.000000000,0.433,0.0,0.0,0.048,0.8408209003241056,0.0
497513,2025-07-05T23:00:00.000000000,0.429,0.0,0.0,0.041999999999999996,1.008750623532789,0.0
497513,2025-07-06T00:00:00.000000000,0.37,0.0,0.0,0.039,0.0,0.0
497513,2025-07-06T01:00:00.000000000,0.34299999999999997,0.0,0.0,0.033,0.3235504614701334,0.0
497513,2025-07-06T02:00:00.000000000,0.338,0.0,0.0,0.031,0.34377236531201666,0.0
497513,2025-07-06T03:00:00.000000000,0.333,0.0,0.0,0.028,0.3235504614701334,0.0
497513,2025-07-06T04:00:00.000000000,0.332,0.0,0.0,0.028,0.0,0.0
497513,2025-07-06T05:00:00.000000000,0.329,0.0,0.0,0.028,0.3235504614701334,0.0
497513,2025-07-06T06:00:00.000000000,0.326,0.0,0.0,0.025,0.0,0.0
497513,2025-07-06T07:00:00.000000000,0.322,0.0,0.0,0.022000000000000002,0.3235504614701334,0.0
497513,2025-07-06T08:00:00.000000000,0.322,0.0,0.0,0.019,0.37806168052216665,0.0
497513,2025-07-06T09:00:00.000000000,0.357,0.0,0.0,0.020000000000000004,1.8741894937513612,0.0
497513,2025-07-06T10:00:00.000000000,0.409,0.0,0.0,0.033,0.6983883602204055,0.0
497513,2025-07-06T11:00:00.000000000,0.424,0.0,0.0,0.038,2.1332643197836054,0.0
497513,2025-07-06T12:00:00.000000000,1.27,0.0,0.0,0.073,0.1869793427698778,0.0
497513,2025-07-06T13:00:00.000000000,0.402,0.0,0.0,0.046,3.8993105886414168,0.0
497513,2025-07-06T14:00:00.000000000,0.42,0.0,0.0,0.06,0.66732282678215,0.0
497513,2025-07-06T15:00:00.000000000,0.414,0.0,0.0,0.064,0.7104042740974666,0.0
497513,2025-07-06T16:00:00.000000000,0.419,0.0,0.0,0.072,0.3235504614701334,0.0
497513,2025-07-06T17:00:00.000000000,0.423,0.0,0.0,0.074,0.0,0.0
497513,2025-07-06T18:00:00.000000000,0.946,0.0,0.0,0.07700000000000001,1.1901616159693944,0.0
497513,2025-07-06T19:00:00.000000000,1.246,0.0,0.0,0.083,0.34377236531201666,0.0
497513,2025-07-06T20:00:00.000000000,0.446,0.0,0.0,0.057999999999999996,0.6875447306240333,0.0
497513,2025-07-06T21:00:00.000000000,0.438,0.0,0.0,0.052,0.7104042740974666,0.0
497513,2025-07-06T22:00:00.000000000,0.436,0.0,0.0,0.049,0.3235504614701334,0.0
497513,2025-07-06T23:00:00.000000000,0.46799999999999997,0.0,0.0,0.043000000000000003,0.6992675734309222,0.0
497513,2025-07-07T00:00:00.000000000,0.391,0.0,0.0,0.031,2.036550866626772,0.0
497513,2025-07-07T01:00:00.000000000,0.34,0.0,0.0,0.031,0.7124557715886722,0.0
497513,2025-07-07T02:00:00.000000000,0.336,0.0,0.0,0.028999999999999998,0.34377236531201666,0.0
497513,2025-07-07T03:00:00.000000000,0.333,0.0,0.0,0.028,0.3235504614701334,0.0
497513,2025-07-07T04:00:00.000000000,0.328,0.0,0.0,0.025,0.0,0.0
497513,2025-07-07T05:00:00.000000000,0.324,0.0,0.0,0.02,0.3235504614701334,0.0
497513,2025-07-07T06:00:00.000000000,0.321,0.0,0.0,0.02,0.0,0.0
497513,2025-07-07T07:00:00.000000000,0.32,0.0,0.0,0.02,0.32355046147013333,0.0
497513,2025-07-07T08:00:00.000000000,0.33399999999999996,0.0,0.0,0.028,0.0,0.0
497513,2025-07-07T09:00:00.000000000,0.662,0.0,0.0,0.040999999999999995,0.3235504614701334,0.0
497513,2025-07-07T10:00:00.000000000,2.936,0.0,0.0,0.05,1.040695370181561,0.0
497513,2025-07-07T11:00:00.000000000,0.434,0.0,0.0,0.057999999999999996,2.4134402628682503,0.0
497513,2025-07-07T12:00:00.000000000,0.379,0.0,0.0,0.065,0.0,0.0
497513,2025-07-07T13:00:00.000000000,0.411,0.0,0.0,0.067,1.0304378827255332,0.0
497513,2025-07-07T14:00:00.000000000,0.421,0.0,0.0,0.072,0.3235504614701334,0.0
497513,2025-07-07T15:00:00.000000000,0.417,0.0,0.0,0.069,1.9081857378913392,0.0
497513,2025-07-07T16:00:00.000000000,0.391,0.0,0.0,0.076,0.1896169824014278,0.0
497513,2025-07-07T17:00:00.000000000,0.389,0.0,0.0,0.07200000000000001,0.34377236531201666,0.0
497513,2025-07-07T18:00:00.000000000,0.404,0.0,0.0,0.064,1.6872101509814832,0.0
497513,2025-07-07T19:00:00.000000000,0.379,0.0,0.0,0.054,2.36068747023725,0.0
497513,2025-07-07T20:00:00.000000000,0.375,0.0,0.0,0.057999999999999996,0.3235504614701334,0.0
497513,2025-07-07T21:00:00.000000000,0.389,0.0,0.0,0.055,0.0,0.0
497513,2025-07-07T22:00:00.000000000,0.364,0.0,0.0,0.048,0.3235504614701334,0.0
497513,2025-07-07T23:00:00.000000000,0.356,0.0,0.0,0.04,0.0,0.0
497513,2025-07-08T00:00:00.000000000,0.40299999999999997,0.0,0.0,0.034,1.4398581677561277,0.0
497513,2025-07-08T01:00:00.000000000,0.363,0.0,0.0,0.037,0.0,0.0
497513,2025-07-08T02:00:00.000000000,0.34,0.0,0.0,0.036,0.3235504614701334,0.0
497513,2025-07-08T03:00:00.000000000,0.327,0.0,0.0,0.032,0.0,0.0
497513,2025-07-08T04:00:00.000000000,0.318,0.0,0.0,0.032,0.3235504614701334,0.0
497513,2025-07-08T05:00:00.000000000,0.333,0.0,0.0,0.03,0.0,0.0
497513,2025-07-08T06:00:00.000000000,0.327,0.0,0.0,0.026000000000000002,0.3235504614701334,0.0
497513,2025-07-08T07:00:00.000000000,0.324,0.0,0.0,0.024,0.0,0.0
497513,2025-07-08T08:00:00.000000000,0.325,0.0,0.0,0.022,1.053590497269139,0.0
497513,2025-07-08T09:00:00.000000000,0.363,0.0,0.0,0.03,1.6614198968063278,0.0
497513,2025-07-08T10:00:00.000000000,0.427,0.0,0.0,0.048999999999999995,1.0635549136549944,0.0
497513,2025-07-08T11:00:00.000000000,0.45,0.0,0.0,0.063,1.1124977823737554,0.0
497513,2025-07-08T12:00:00.000000000,0.456,0.0,0.0,0.07300000000000001,0.8569398091835778,0.0
497513,2025-07-08T13:00:00.000000000,0.455,0.0,0.0,0.079,0.9328452163581834,0.0
497513,2025-07-08T14:00:00.000000000,0.425,0.0,0.0,0.07600000000000001,2.912833366441717,0.0
497513,2025-07-08T15:00:00.000000000,0.391,0.0,0.0,0.08600000000000001,0.0,0.0
497513,2025-07-08T16:00:00.000000000,0.387,0.0,0.0,0.083,0.3434792942418444,0.0
497513,2025-07-08T17:00:00.000000000,0.415,0.0,0.0,0.087,0.3235504614701334,0.0
497513,2025-07-08T18:00:00.000000000,0.488,0.0,0.0,0.095,1.5846352764212055,0.0
497513,2025-07-08T19:00:00.000000000,0.477,0.0,0.0,0.08900000000000001,0.3235504614701334,0.0
497513,2025-07-08T20:00:00.000000000,0.469,0.0,0.0,0.081,0.0,0.0
497513,2025-07-08T21:00:00.000000000,0.459,0.0,0.0,0.072,0.3235504614701334,0.0
497513,2025-07-08T22:00:00.000000000,0.443,0.0,0.0,0.055999999999999994,1.0307309537957057,0.0
497513,2025-07-08T23:00:00.000000000,0.45299999999999996,0.0,0.0,0.048,1.1356503969173612,0.0
497513,2025-07-09T00:00:00.000000000,0.398,0.0,0.0,0.032,2.4213531817629,0.0
497513,2025-07-09T01:00:00.000000000,0.35100000000000003,0.0,0.0,0.031,0.8211851386225667,0.0
497513,2025-07-09T02:00:00.000000000,0.337,0.0,0.0,0.03,0.3434792942418444,0.0
497513,2025-07-09T03:00:00.000000000,0.336,0.0,0.0,0.032,0.3235504614701334,0.0
497513,2025-07-09T04:00:00.000000000,0.332,0.0,0.0,0.027000000000000003,0.0,0.0
497513,2025-07-09T05:00:00.000000000,0.328,0.0,0.0,0.025,0.3235504614701334,0.0
497513,2025-07-09T06:00:00.000000000,0.328,0.0,0.0,0.028,0.0,0.0
497513,2025-07-09T07:00:00.000000000,0.328,0.0,0.0,0.028,0.32355046147013333,0.0
497513,2025-07-09T08:00:00.000000000,0.328,0.0,0.0,0.025,0.0,0.0
497513,2025-07-09T09:00:00.000000000,0.335,0.0,0.0,0.031,0.3235504614701334,0.0
497513,2025-07-09T10:00:00.000000000,0.35,0.0,0.0,0.041999999999999996,0.0,0.0
497513,2025-07-09T11:00:00.000000000,0.365,0.0,0.0,0.057999999999999996,0.3235504614701334,0.0
497513,2025-07-09T12:00:00.000000000,0.374,0.0,0.0,0.069,0.0,0.0
497513,2025-07-09T13:00:00.000000000,0.411,0.0,0.0,0.076,1.0808461067951558,0.0
497513,2025-07-09T14:00:00.000000000,0.434,0.0,0.0,0.086,1.0714678325496445,0.0
497513,2025-07-09T15:00:00.000000000,0.442,0.0,0.0,0.093,1.996400130013178,0.0
497513,2025-07-09T16:00:00.000000000,0.41600000000000004,0.0,0.0,0.101,0.3235504614701334,0.0
497513,2025-07-09T17:00:00.000000000,0.404,0.0,0.0,0.1,0.3434792942418444,0.0
497513,2025-07-09T18:00:00.000000000,0.766,0.0,0.0,0.10099999999999999,1.5210388541938333,0.0
497513,2025-07-09T19:00:00.000000000,6.821,0.0,0.0,0.104,0.7156795533605667,0.0
497513,2025-07-09T20:00:00.000000000,6.167999999999999,0.0,0.0,0.101,2.0843214510648442,0.0
497513,2025-07-09T21:00:00.000000000,2.794,0.0,0.0,0.097,0.0,0.0
497513,2025-07-09T22:00:00.000000000,0.469,0.0,0.0,0.084,0.6872516595538611,0.0
497513,2025-07-09T23:00:00.000000000,0.451,0.0,0.0,0.063,1.6467663432977167,0.0
497513,2025-07-10T00:00:00.000000000,0.41300000000000003,0.0,0.0,0.057999999999999996,0.3434792942418444,0.0
497513,2025-07-10T01:00:00.000000000,0.357,0.0,0.0,0.049,0.3434792942418444,0.0
497513,2025-07-10T02:00:00.000000000,0.348,0.0,0.0,0.042,0.3235504614701334,0.0
497513,2025-07-10T03:00:00.000000000,0.34,0.0,0.0,0.036,0.0,0.0
497513,2025-07-10T04:00:00.000000000,0.333,0.0,0.0,0.03,0.32355046147013333,0.0
497513,2025-07-10T05:00:00.000000000,0.329,0.0,0.0,0.026000000000000002,0.0,0.0
497513,2025-07-10T06:00:00.000000000,0.322,0.0,0.0,0.021,0.3235504614701334,0.0
497513,2025-07-10T07:00:00.000000000,0.317,0.0,0.0,0.016,0.0,0.0
497513,2025-07-10T08:00:00.000000000,0.32,0.0,0.0,0.019000000000000003,0.3235504614701334,0.0
497513,2025-07-10T09:00:00.000000000,0.325,0.0,0.0,0.020999999999999998,0.0,0.0
497513,2025-07-10T10:00:00.000000000,0.361,0.0,0.0,0.036000000000000004,0.3235504614701334,0.0
497513,2025-07-10T11:00:00.000000000,0.353,0.0,0.0,0.048,0.0,0.0
497513,2025-07-10T12:00:00.000000000,0.389,0.0,0.0,0.055,1.5544489561934667,0.0
497513,2025-07-10T13:00:00.000000000,0.418,0.0,0.0,0.07300000000000001,0.3235504614701334,0.0
497513,2025-07-10T14:00:00.000000000,0.436,0.0,0.0,0.087,0.0,0.0
497513,2025-07-10T15:00:00.000000000,0.448,0.0,0.0,0.098,0.3235504614701334,0.0
497513,2025-07-10T16:00:00.000000000,0.449,0.0,0.0,0.10200000000000001,0.0,0.0
497513,2025-07-10T17:00:00.000000000,0.451,0.0,0.0,0.102,0.3434792942418444,0.0
497513,2025-07-10T18:00:00.000000000,0.494,0.0,0.0,0.1,1.0105090499538223,0.0
497513,2025-07-10T19:00:00.000000000,0.482,0.0,0.0,0.094,0.34377236531201666,0.0
497513,2025-07-10T20:00:00.000000000,0.476,0.0,0.0,0.08700000000000001,0.0,0.0
497513,2025-07-10T21:00:00.000000000,0.46299999999999997,0.0,0.0,0.075,0.6872516595538611,0.0
497513,2025-07-10T22:00:00.000000000,0.449,0.0,0.0,0.061,0.6869585884836888,0.0
497513,2025-07-10T23:00:00.000000000,0.442,0.0,0.0,0.054,0.3434792942418444,0.0
497513,2025-07-11T00:00:00.000000000,0.41100000000000003,0.0,0.0,0.046,0.6898892991854111,0.0
497513,2025-07-11T01:00:00.000000000,0.367,0.0,0.0,0.039,1.056228136900689,0.0
497513,2025-07-11T02:00:00.000000000,0.339,0.0,0.0,0.033,0.7391252389743445,0.0
497513,2025-07-11T03:00:00.000000000,0.338,0.0,0.0,0.033,0.30362162869842224,0.0
497513,2025-07-11T04:00:00.000000000,0.33,0.0,0.0,0.027000000000000003,0.3235504614701334,0.0
497513,2025-07-11T05:00:00.000000000,0.325,0.0,0.0,0.024,0.0,0.0
497513,2025-07-11T06:00:00.000000000,0.324,0.0,0.0,0.024,0.3235504614701334,0.0
497513,2025-07-11T07:00:00.000000000,0.324,0.0,0.0,0.024,0.0,0.0
497513,2025-07-11T08:00:00.000000000,0.33299999999999996,0.0,0.0,0.026,0.3235504614701334,0.0
497513,2025-07-11T09:00:00.000000000,0.372,0.0,0.0,0.035,0.0,0.0
497513,2025-07-11T10:00:00.000000000,0.8800000000000001,0.0,0.0,0.057999999999999996,0.3235504614701334,0.0
497513,2025-07-11T11:00:00.000000000,2.286,0.0,0.0,0.077,0.7080597055360889,0.0
497513,2025-07-11T12:00:00.000000000,0.448,0.0,0.0,0.076,2.3592221148863888,0.0
497513,2025-07-11T13:00:00.000000000,0.45299999999999996,0.0,0.0,0.078,2.530668690937139,0.0
497513,2025-07-11T14:00:00.000000000,0.436,0.0,0.0,0.089,1.4644761376505944,0.0
497513,2025-07-11T15:00:00.000000000,0.447,0.0,0.0,0.098,1.9222531492596056,0.0
497513,2025-07-11T16:00:00.000000000,0.447,0.0,0.0,0.10099999999999999,1.6476455565082333,0.0
497513,2025-07-11T17:00:00.000000000,0.45,0.0,0.0,0.1,1.8903084026108332,0.0
497513,2025-07-11T18:00:00.000000000,0.494,0.0,0.0,0.1,0.6992675734309223,0.0
497513,2025-07-11T19:00:00.000000000,0.483,0.0,0.0,0.094,1.8434170313832774,0.0
497513,2025-07-11T20:00:00.000000000,0.477,0.0,0.0,0.08800000000000001,0.7010259998519556,0.0
497513,2025-07-11T21:00:00.000000000,0.526,0.0,0.0,0.084,1.8706726409092944,0.0
497513,2025-07-11T22:00:00.000000000,0.435,0.0,0.0,0.066,2.029224089872467,0.0
497513,2025-07-11T23:00:00.000000000,0.453,0.0,0.0,0.064,0.1315889105073278,0.0
497513,2025-07-12T00:00:00.000000000,0.422,0.0,0.0,0.055999999999999994,0.5351477741344778,0.0
497513,2025-07-12T01:00:00.000000000,0.373,0.0,0.0,0.051000000000000004,0.0,0.0
497513,2025-07-12T02:00:00.000000000,0.349,0.0,0.0,0.042,0.6869585884836888,0.0
497513,2025-07-12T03:00:00.000000000,0.341,0.0,0.0,0.037,0.0,0.0
497513,2025-07-12T04:00:00.000000000,0.335,0.0,0.0,0.031,0.3235504614701334,0.0
497513,2025-07-12T05:00:00.000000000,0.332,0.0,0.0,0.028,0.0,0.0
497513,2025-07-12T06:00:00.000000000,0.328,0.0,0.0,0.027000000000000003,0.3235504614701334,0.0
497513,2025-07-12T07:00:00.000000000,0.324,0.0,0.0,0.024,0.0,0.0
497513,2025-07-12T08:00:00.000000000,0.324,0.0,0.0,0.024,0.3235504614701334,0.0
497513,2025-07-12T09:00:00.000000000,0.328,0.0,0.0,0.025,0.0,0.0
497513,2025-07-12T10:00:00.000000000,0.346,0.0,0.0,0.031,0.3235504614701334,0.0
497513,2025-07-12T11:00:00.000000000,0.39,0.0,0.0,0.045,0.0961273110164889,0.0
497513,2025-07-12T12:00:00.000000000,0.402,0.0,0.0,0.056999999999999995,0.22713007938347224,0.0
497513,2025-07-12T13:00:00.000000000,0.411,0.0,0.0,0.066,0.3235504614701334,0.0
497513,2025-07-12T14:00:00.000000000,0.425,0.0,0.0,0.075,0.0,0.0
497513,2025-07-12T15:00:00.000000000,0.436,0.0,0.0,0.087,0.3235504614701334,0.0
497513,2025-07-12T16:00:00.000000000,0.437,0.0,0.0,0.089,0.0,0.0
497513,2025-07-12T17:00:00.000000000,0.918,0.0,0.0,0.091,0.3434792942418444,0.0
497513,2025-07-12T18:00:00.000000000,0.848,0.0,0.0,0.099,0.3235504614701334,0.0
497513,2025-07-12T19:00:00.000000000,0.477,0.0,0.0,0.08800000000000001,0.6670297557119778,0.0
497513,2025-07-12T20:00:00.000000000,0.46399999999999997,0.0,0.0,0.075,1.9128748750140945,0.0
497513,2025-07-12T21:00:00.000000000,0.454,0.0,0.0,0.067,1.8437101024534504,0.0
497513,2025-07-12T22:00:00.000000000,0.451,0.0,0.0,0.065,0.10609172740234445,0.0
497513,2025-07-12T23:00:00.000000000,0.386,0.0,0.0,0.052,0.6869585884836888,0.0
497513,2025-07-13T00:00:00.000000000,0.361,0.0,0.0,0.047,0.3434792942418444,0.0
497513,2025-07-13T01:00:00.000000000,0.356,0.0,0.0,0.043,0.3235504614701334,0.0
497513,2025-07-13T02:00:00.000000000,0.351,0.0,0.0,0.042,0.0,0.0
497513,2025-07-13T03:00:00.000000000,0.344,0.0,0.0,0.039,0.3235504614701334,0.0
497513,2025-07-13T04:00:00.000000000,0.338,0.0,0.0,0.034,0.0,0.0
497513,2025-07-13T05:00:00.000000000,0.332,0.0,0.0,0.031,0.3235504614701334,0.0
497513,2025-07-13T06:00:00.000000000,0.329,0.0,0.0,0.028,0.3235504614701334,0.0
497513,2025-07-13T07:00:00.000000000,0.327,0.0,0.0,0.027000000000000003,0.0,0.0
497513,2025-07-13T08:00:00.000000000,0.332,0.0,0.0,0.03,0.3235504614701334,0.0
497513,2025-07-13T09:00:00.000000000,0.372,0.0,0.0,0.04,0.7142141980097056,0.0
497513,2025-07-13T10:00:00.000000000,0.365,0.0,0.0,0.049999999999999996,0.7200756194131499,0.0
497513,2025-07-13T11:00:00.000000000,0.367,0.0,0.0,0.062,0.0,0.0
497513,2025-07-13T12:00:00.000000000,0.396,0.0,0.0,0.07100000000000001,0.3235504614701334,0.0
497513,2025-07-13T13:00:00.000000000,0.412,0.0,0.0,0.077,0.0,0.0
497513,2025-07-13T14:00:00.000000000,0.45399999999999996,0.0,0.0,0.08299999999999999,0.3235504614701334,0.0
497513,2025-07-13T15:00:00.000000000,0.44799999999999995,0.0,0.0,0.087,0.3235504614701334,0.0
497513,2025-07-13T16:00:00.000000000,0.915,0.0,0.0,0.09,0.0,0.0
497513,2025-07-13T17:00:00.000000000,0.8,0.0,0.0,0.092,0.3434792942418444,0.0
497513,2025-07-13T18:00:00.000000000,0.482,0.0,0.0,0.089,1.919029367487711,0.0
497513,2025-07-13T19:00:00.000000000,0.507,0.0,0.0,0.08600000000000001,1.0521251419182778,0.0
497513,2025-07-13T20:00:00.000000000,0.5,0.0,0.0,0.075,1.6992260648585444,0.0
497513,2025-07-13T21:00:00.000000000,0.458,0.0,0.0,0.07,1.0532974261989665,0.0
497513,2025-07-13T22:00:00.000000000,0.445,0.0,0.0,0.057999999999999996,0.6869585884836888,0.0
497513,2025-07-13T23:00:00.000000000,0.436,0.0,0.0,0.048,0.3311703092946111,0.0
497513,2025-07-14T00:00:00.000000000,0.444,0.0,0.0,0.045000000000000005,0.726523182956939,0.0
497513,2025-07-14T01:00:00.000000000,0.361,0.0,0.0,0.041,0.7326776754305555,0.0
497513,2025-07-14T02:00:00.000000000,0.345,0.0,0.0,0.04,0.0,0.0
497513,2025-07-14T03:00:00.000000000,0.339,0.0,0.0,0.038,0.3235504614701334,0.0
497513,2025-07-14T04:00:00.000000000,0.319,0.0,0.0,0.033,0.3434792942418444,0.0
497513,2025-07-14T05:00:00.000000000,0.31,0.0,0.0,0.028999999999999998,0.3235504614701334,0.0
497513,2025-07-14T06:00:00.000000000,0.323,0.0,0.0,0.028,0.0,0.0
497513,2025-07-14T07:00:00.000000000,0.329,0.0,0.0,0.028,0.3235504614701334,0.0
497513,2025-07-14T08:00:00.000000000,0.333,0.0,0.0,0.031,0.3434792942418444,0.0
497513,2025-07-14T09:00:00.000000000,0.336,0.0,0.0,0.03,0.7356083861322777,0.0
497513,2025-07-14T10:00:00.000000000,0.349,0.0,0.0,0.041999999999999996,0.3235504614701334,0.0
497513,2025-07-14T11:00:00.000000000,0.8760000000000001,0.0,0.0,0.062,0.0,0.0
497513,2025-07-14T12:00:00.000000000,2.0440000000000005,0.0,0.0,0.091,0.3235504614701334,0.0
497513,2025-07-14T13:00:00.000000000,0.432,0.0,0.0,0.087,0.3235504614701334,0.0
497513,2025-07-14T14:00:00.000000000,0.44,0.0,0.0,0.091,0.0,0.0
497513,2025-07-14T15:00:00.000000000,0.441,0.0,0.0,0.092,1.0559350658305167,0.0
497513,2025-07-14T16:00:00.000000000,0.42200000000000004,0.0,0.0,0.095,1.056228136900689,0.0
497513,2025-07-14T17:00:00.000000000,0.401,0.0,0.0,0.097,0.7136280558693611,0.0
497513,2025-07-14T18:00:00.000000000,0.443,0.0,0.0,0.10200000000000001,0.3434792942418444,0.0
497513,2025-07-14T19:00:00.000000000,0.41100000000000003,0.0,0.0,0.085,1.9641623122942333,0.0
497513,2025-07-14T20:00:00.000000000,0.437,0.0,0.0,0.083,0.3434792942418444,0.0
497513,2025-07-14T21:00:00.000000000,0.46499999999999997,0.0,0.0,0.077,0.0,0.0
497513,2025-07-14T22:00:00.000000000,0.453,0.0,0.0,0.067,0.32355046147013333,0.0
497513,2025-07-14T23:00:00.000000000,0.447,0.0,0.0,0.057999999999999996,0.0,0.0
497513,2025-07-15T00:00:00.000000000,0.382,0.0,0.0,0.05,0.3235504614701334,0.0
497513,2025-07-15T01:00:00.000000000,0.352,0.0,0.0,0.043000000000000003,0.0,0.0
497513,2025-07-15T02:00:00.000000000,0.34,0.0,0.0,0.033999999999999996,1.1039987213387612,0.0
497513,2025-07-15T03:00:00.000000000,0.338,0.0,0.0,0.032,0.3235504614701334,0.0
497513,2025-07-15T04:00:00.000000000,0.332,0.0,0.0,0.029,0.0,0.0
497513,2025-07-15T05:00:00.000000000,0.333,0.0,0.0,0.03,0.3235504614701334,0.0
497513,2025-07-15T06:00:00.000000000,0.324,0.0,0.0,0.025,0.0,0.0
497513,2025-07-15T07:00:00.000000000,0.324,0.0,0.0,0.023000000000000003,0.3235504614701334,0.0
497513,2025-07-15T08:00:00.000000000,0.324,0.0,0.0,0.020999999999999998,0.0,0.0
497513,2025-07-15T09:00:00.000000000,0.334,0.0,0.0,0.028,0.3235504614701334,0.0
497513,2025-07-15T10:00:00.000000000,0.383,0.0,0.0,0.04599999999999999,0.3434792942418444,0.0
497513,2025-07-15T11:00:00.000000000,0.407,0.0,0.0,0.061,0.0,0.0
497513,2025-07-15T12:00:00.000000000,0.406,0.0,0.0,0.07100000000000001,0.3235504614701334,0.0
497513,2025-07-15T13:00:00.000000000,0.377,0.0,0.0,0.073,0.0,0.0
497513,2025-07-15T14:00:00.000000000,0.38,0.0,0.0,0.075,1.516349717071078,0.0
497513,2025-07-15T15:00:00.000000000,0.391,0.0,0.0,0.08499999999999999,1.1860586209869832,0.0
497513,2025-07-15T16:00:00.000000000,0.395,0.0,0.0,0.089,2.950932605564106,0.0
497513,2025-07-15T17:00:00.000000000,0.403,0.0,0.0,0.099,0.3235504614701334,0.0
497513,2025-07-15T18:00:00.000000000,0.426,0.0,0.0,0.086,0.0,0.0
497513,2025-07-15T19:00:00.000000000,0.401,0.0,0.0,0.078,0.3235504614701334,0.0
497513,2025-07-15T20:00:00.000000000,0.382,0.0,0.0,0.064,0.0,0.0
497513,2025-07-15T21:00:00.000000000,0.374,0.0,0.0,0.057999999999999996,0.3235504614701334,0.0
497513,2025-07-15T22:00:00.000000000,0.366,0.0,0.0,0.05,0.0,0.0
497513,2025-07-15T23:00:00.000000000,0.36,0.0,0.0,0.043000000000000003,0.3235504614701334,0.0
497513,2025-07-16T00:00:00.000000000,0.353,0.0,0.0,0.04,0.3235504614701334,0.0
497513,2025-07-16T01:00:00.000000000,0.346,0.0,0.0,0.036,0.0,0.0
497513,2025-07-16T02:00:00.000000000,0.339,0.0,0.0,0.033,0.3235504614701334,0.0
497513,2025-07-16T03:00:00.000000000,0.336,0.0,0.0,0.032,0.0,0.0
497513,2025-07-16T04:00:00.000000000,0.333,0.0,0.0,0.032,0.3232573903999611,0.0
497513,2025-07-16T05:00:00.000000000,0.332,0.0,0.0,0.028999999999999998,0.0,0.0
497513,2025-07-16T06:00:00.000000000,0.332,0.0,0.0,0.031,0.3235504614701334,0.0
497513,2025-07-16T07:00:00.000000000,0.332,0.0,0.0,0.032,0.0,0.0
497513,2025-07-16T08:00:00.000000000,0.344,0.0,0.0,0.029,1.1441494579523557,0.0
497513,2025-07-16T09:00:00.000000000,3.75,0.0,0.0,0.026999999999999996,0.7004398577116111,0.0
497513,2025-07-16T10:00:00.000000000,2.458,0.0,0.0,0.04,0.34377236531201666,0.0
497513,2025-07-16T11:00:00.000000000,0.398,0.0,0.0,0.051,0.3235504614701334,0.0
497513,2025-07-16T12:00:00.000000000,0.365,0.0,0.0,0.051000000000000004,0.6670297557119778,0.0
497513,2025-07-16T13:00:00.000000000,0.389,0.0,0.0,0.053,0.3434792942418444,0.0
497513,2025-07-16T14:00:00.000000000,0.401,0.0,0.0,0.054,1.0831906753565332,0.0
497513,2025-07-16T15:00:00.000000000,0.402,0.0,0.0,0.052000000000000005,2.367721175921383,0.0
497513,2025-07-16T16:00:00.000000000,0.41,0.0,0.0,0.063,0.0,0.0
497513,2025-07-16T17:00:00.000000000,0.37,0.0,0.0,0.064,0.3235504614701334,0.0
497513,2025-07-16T18:00:00.000000000,0.4,0.0,0.0,0.056999999999999995,0.3235504614701334,0.0
497513,2025-07-16T19:00:00.000000000,0.379,0.0,0.0,0.053,0.3235504614701334,0.0
497513,2025-07-16T20:00:00.000000000,0.365,0.0,0.0,0.048999999999999995,1.1872309052676722,0.0
497513,2025-07-16T21:00:00.000000000,0.366,0.0,0.0,0.05,0.0,0.0
497513,2025-07-16T22:00:00.000000000,0.379,0.0,0.0,0.044,0.3235504614701334,0.0
497513,2025-07-16T23:00:00.000000000,0.46799999999999997,0.0,0.0,0.044,0.7168518376412556,0.0
497513,2025-07-17T00:00:00.000000000,0.40900000000000003,0.0,0.0,0.044,0.3235504614701334,0.0
497513,2025-07-17T01:00:00.000000000,0.361,0.0,0.0,0.041,0.0,0.0
497513,2025-07-17T02:00:00.000000000,0.345,0.0,0.0,0.039,0.32355046147013333,0.0
497513,2025-07-17T03:00:00.000000000,0.34,0.0,0.0,0.036,0.0,0.0
497513,2025-07-17T04:00:00.000000000,0.34,0.0,0.0,0.036,0.3235504614701334,0.0
497513,2025-07-17T05:00:00.000000000,0.337,0.0,0.0,0.036,0.0,0.0
497513,2025-07-17T06:00:00.000000000,0.336,0.0,0.0,0.036,0.3235504614701334,0.0
497513,2025-07-17T07:00:00.000000000,0.336,0.0,0.0,0.034999999999999996,0.3235504614701334,0.0
497513,2025-07-17T08:00:00.000000000,0.833,0.0,0.0,0.043,0.0,0.0
497513,2025-07-17T09:00:00.000000000,2.1670000000000003,0.0,0.0,0.076,0.3235504614701334,0.0
497513,2025-07-17T10:00:00.000000000,0.602,0.0,0.0,0.047,0.0,0.0
497513,2025-07-17T11:00:00.000000000,0.386,0.0,0.0,0.04,0.3235504614701334,0.0
497513,2025-07-17T12:00:00.000000000,0.386,0.0,0.0,0.041999999999999996,0.3434792942418444,0.0
497513,2025-07-17T13:00:00.000000000,0.404,0.0,0.0,0.049,0.0,0.0
497513,2025-07-17T14:00:00.000000000,4.596,0.0,0.0,0.064,1.1031195081282443,0.0
497513,2025-07-17T15:00:00.000000000,0.448,0.0,0.0,0.065,1.5825837789300001,0.0
497513,2025-07-17T16:00:00.000000000,0.381,0.0,0.0,0.066,0.78337897057035,0.0
497513,2025-07-17T17:00:00.000000000,0.407,0.0,0.0,0.067,0.6471009229402668,0.0
497513,2025-07-17T18:00:00.000000000,0.46099999999999997,0.0,0.0,0.068,0.0,0.0
497513,2025-07-17T19:00:00.000000000,0.45099999999999996,0.0,0.0,0.064,0.6869585884836888,0.0
497513,2025-07-17T20:00:00.000000000,0.448,0.0,0.0,0.06,0.3235504614701334,0.0
497513,2025-07-17T21:00:00.000000000,0.442,0.0,0.0,0.055,0.3434792942418444,0.0
497513,2025-07-17T22:00:00.000000000,4.5760000000000005,0.0,0.0,0.051,1.5861006317720665,0.0
497513,2025-07-17T23:00:00.000000000,0.901,0.0,0.0,0.061,1.0700024771987835,0.0
497513,2025-07-18T00:00:00.000000000,0.41000000000000003,0.0,0.0,0.044,0.3235504614701334,0.0
497513,2025-07-18T01:00:00.000000000,0.363,0.0,0.0,0.036,0.3434792942418444,0.0
497513,2025-07-18T02:00:00.000000000,0.333,0.0,0.0,0.028,1.8360902546289721,0.0
497513,2025-07-18T03:00:00.000000000,0.336,0.0,0.0,0.032,0.3235504614701334,0.0
497513,2025-07-18T04:00:00.000000000,0.333,0.0,0.0,0.028999999999999998,0.0,0.0
497513,2025-07-18T05:00:00.000000000,0.328,0.0,0.0,0.025,0.3235504614701334,0.0
497513,2025-07-18T06:00:00.000000000,0.325,0.0,0.0,0.024,0.0,0.0
497513,2025-07-18T07:00:00.000000000,0.324,0.0,0.0,0.024,0.3235504614701334,0.0
497513,2025-07-18T08:00:00.000000000,0.33099999999999996,0.0,0.0,0.025,0.6948715073783389,0.0
497513,2025-07-18T09:00:00.000000000,0.35400000000000004,0.0,0.0,0.026000000000000002,0.0,0.0
497513,2025-07-18T10:00:00.000000000,0.34099999999999997,0.0,0.0,0.034,0.32355046147013333,0.0
497513,2025-07-18T11:00:00.000000000,0.354,0.0,0.0,0.048999999999999995,0.0,0.0
497513,2025-07-18T12:00:00.000000000,0.36,0.0,0.0,0.055,0.3235504614701334,0.0
497513,2025-07-18T13:00:00.000000000,0.40800000000000003,0.0,0.0,0.063,1.7979910155065832,0.0
497513,2025-07-18T14:00:00.000000000,1.359,0.0,0.0,0.087,0.19811604343642225,0.0
497513,2025-07-18T15:00:00.000000000,2.2340000000000004,0.0,0.0,0.098,0.3235504614701334,0.0
497513,2025-07-18T16:00:00.000000000,0.613,0.0,0.0,0.1,0.0,0.0
497513,2025-07-18T17:00:00.000000000,0.439,0.0,0.0,0.098,0.3434792942418444,0.0
497513,2025-07-18T18:00:00.000000000,0.548,0.0,0.0,0.104,0.6869585884836888,0.0
497513,2025-07-18T19:00:00.000000000,0.555,0.0,0.0,0.10200000000000001,0.0,0.0
497513,2025-07-18T20:00:00.000000000,0.559,0.0,0.0,0.097,0.3235504614701334,0.0
497513,2025-07-18T21:00:00.000000000,0.46599999999999997,0.0,0.0,0.079,1.354574486336011,0.0
497513,2025-07-18T22:00:00.000000000,0.46499999999999997,0.0,0.0,0.061,1.3481269227922223,0.0
497513,2025-07-18T23:00:00.000000000,0.44,0.0,0.0,0.051000000000000004,0.6670297557119778,0.0
497513,2025-07-19T00:00:00.000000000,0.41400000000000003,0.0,0.0,0.05,0.3434792942418444,0.0
497513,2025-07-19T01:00:00.000000000,0.368,0.0,0.0,0.044000000000000004,1.1116185691632388,0.0
497513,2025-07-19T02:00:00.000000000,0.347,0.0,0.0,0.04,0.3434792942418444,0.0
497513,2025-07-19T03:00:00.000000000,0.34,0.0,0.0,0.036,0.0,0.0
497513,2025-07-19T04:00:00.000000000,0.335,0.0,0.0,0.031,0.3235504614701334,0.0
497513,2025-07-19T05:00:00.000000000,0.332,0.0,0.0,0.028999999999999998,0.3235504614701334,0.0
497513,2025-07-19T06:00:00.000000000,0.35,0.0,0.0,0.028,0.3235504614701334,0.0
497513,2025-07-19T07:00:00.000000000,0.7159999999999999,0.0,0.0,0.037,0.0,0.0
497513,2025-07-19T08:00:00.000000000,0.333,0.0,0.0,0.03,0.3235504614701334,0.0
497513,2025-07-19T09:00:00.000000000,0.34199999999999997,0.0,0.0,0.037,0.0,0.0
497513,2025-07-19T10:00:00.000000000,0.376,0.0,0.0,0.049999999999999996,0.3235504614701334,0.0
497513,2025-07-19T11:00:00.000000000,1.7189999999999999,0.0,0.0,0.08199999999999999,0.6866655174135167,0.0
497513,2025-07-19T12:00:00.000000000,0.432,0.0,0.0,0.08,0.0,0.0
497513,2025-07-19T13:00:00.000000000,0.426,0.0,0.0,0.081,0.3235504614701334,0.0
497513,2025-07-19T14:00:00.000000000,3.83,0.0,0.0,0.094,0.6978022180800612,0.0
497513,2025-07-19T15:00:00.000000000,2.519,0.0,0.0,0.098,1.4410304520368167,0.0
497513,2025-07-19T16:00:00.000000000,0.445,0.0,0.0,0.099,0.6854932331328278,0.0
497513,2025-07-19T17:00:00.000000000,0.447,0.0,0.0,0.096,1.0462637205148333,0.0
497513,2025-07-19T18:00:00.000000000,0.492,0.0,0.0,0.099,1.0483152180060389,0.0
497513,2025-07-19T19:00:00.000000000,0.476,0.0,0.0,0.08700000000000001,1.4213946903352779,0.0
497513,2025-07-19T20:00:00.000000000,0.469,0.0,0.0,0.079,0.6813902381504167,0.0
497513,2025-07-19T21:00:00.000000000,0.455,0.0,0.0,0.068,1.0556419947603446,0.0
497513,2025-07-19T22:00:00.000000000,0.44,0.0,0.0,0.05399999999999999,0.7323846043603833,0.0
497513,2025-07-19T23:00:00.000000000,0.455,0.0,0.0,0.049,0.3235504614701334,0.0
497513,2025-07-20T00:00:00.000000000,0.43599999999999994,0.0,0.0,0.041,1.1066363609703112,0.0
497513,2025-07-20T01:00:00.000000000,0.361,0.0,0.0,0.036,0.0,0.0
497513,2025-07-20T02:00:00.000000000,0.339,0.0,0.0,0.032,0.3235504614701334,0.0
497513,2025-07-20T03:00:00.000000000,0.336,0.0,0.0,0.032,0.3235504614701334,0.0
497513,2025-07-20T04:00:00.000000000,0.333,0.0,0.0,0.028999999999999998,0.0,0.0
497513,2025-07-20T05:00:00.000000000,0.332,0.0,0.0,0.028,0.3235504614701334,0.0
497513,2025-07-20T06:00:00.000000000,0.329,0.0,0.0,0.028,0.0,0.0
497513,2025-07-20T07:00:00.000000000,0.328,0.0,0.0,0.028,0.3232573903999611,0.0
497513,2025-07-20T08:00:00.000000000,0.331,0.0,0.0,0.028,0.0,0.0
497513,2025-07-20T09:00:00.000000000,0.7929999999999999,0.0,0.0,0.039,0.6866655174135167,0.0
497513,2025-07-20T10:00:00.000000000,0.381,0.0,0.0,0.035,1.0963788735142834,0.0
497513,2025-07-20T11:00:00.000000000,0.397,0.0,0.0,0.049999999999999996,0.3575467056101111,0.0
497513,2025-07-20T12:00:00.000000000,0.407,0.0,0.0,0.062,0.3235504614701334,0.0
497513,2025-07-20T13:00:00.000000000,0.838,0.0,0.0,0.07600000000000001,0.3434792942418444,0.0
497513,2025-07-20T14:00:00.000000000,0.46599999999999997,0.0,0.0,0.086,0.6846140199223111,0.0
497513,2025-07-20T15:00:00.000000000,0.44,0.0,0.0,0.09,0.0,0.0
497513,2025-07-20T16:00:00.000000000,0.41000000000000003,0.0,0.0,0.093,0.3235504614701334,0.0
497513,2025-07-20T17:00:00.000000000,0.41400000000000003,0.0,0.0,0.098,0.3235504614701334,0.0
497513,2025-07-20T18:00:00.000000000,0.489,0.0,0.0,0.095,0.3434792942418444,0.0
497513,2025-07-20T19:00:00.000000000,0.469,0.0,0.0,0.08,1.1863516920571555,0.0
497513,2025-07-20T20:00:00.000000000,0.456,0.0,0.0,0.067,0.689596228115239,0.0
497513,2025-07-20T21:00:00.000000000,0.438,0.0,0.0,0.052,0.3434792942418444,0.0
497513,2025-07-20T22:00:00.000000000,1.7069999999999999,0.0,0.0,0.07,1.0785015382337777,0.0
497513,2025-07-20T23:00:00.000000000,0.408,0.0,0.0,0.037,1.0289725273746722,0.0
497513,2025-07-21T00:00:00.000000000,0.366,0.0,0.0,0.034,0.0,0.0
497513,2025-07-21T01:00:00.000000000,0.336,0.0,0.0,0.026999999999999996,0.6869585884836888,0.0
497513,2025-07-21T02:00:00.000000000,0.332,0.0,0.0,0.026,0.0,0.0
497513,2025-07-21T03:00:00.000000000,0.332,0.0,0.0,0.027000000000000003,0.3235504614701334,0.0
497513,2025-07-21T04:00:00.000000000,0.326,0.0,0.0,0.023000000000000003,0.0,0.0
497513,2025-07-21T05:00:00.000000000,0.323,0.0,0.0,0.020999999999999998,0.32355046147013333,0.0
497513,2025-07-21T06:00:00.000000000,0.324,0.0,0.0,0.024,0.0,0.0
497513,2025-07-21T07:00:00.000000000,0.319,0.0,0.0,0.026,0.3235504614701334,0.0
497513,2025-07-21T08:00:00.000000000,0.34099999999999997,0.0,0.0,0.028,0.0,0.0
497513,2025-07-21T09:00:00.000000000,0.365,0.0,0.0,0.027,1.0427468676727667,0.0
497513,2025-07-21T10:00:00.000000000,0.377,0.0,0.0,0.03,2.351309195991739,0.0
497513,2025-07-21T11:00:00.000000000,0.394,0.0,0.0,0.048,1.1098601427422055,0.0
497513,2025-07-21T12:00:00.000000000,0.398,0.0,0.0,0.053,2.5142567110074943,0.0
497513,2025-07-21T13:00:00.000000000,0.412,0.0,0.0,0.067,1.12627212267185,0.0
497513,2025-07-21T14:00:00.000000000,0.4,0.0,0.0,0.07300000000000001,1.5649995147196667,0.0
497513,2025-07-21T15:00:00.000000000,0.38,0.0,0.0,0.07500000000000001,1.9122887328737503,0.0
497513,2025-07-21T16:00:00.000000000,0.7030000000000001,0.0,0.0,0.086,0.6667366846418057,0.0
497513,2025-07-21T17:00:00.000000000,1.661,0.0,0.0,0.08900000000000001,1.0125605474450279,0.0
497513,2025-07-21T18:00:00.000000000,0.481,0.0,0.0,0.088,0.6957507205888556,0.0
497513,2025-07-21T19:00:00.000000000,0.47,0.0,0.0,0.08,1.0497805733569,0.0
497513,2025-07-21T20:00:00.000000000,0.46,0.0,0.0,0.072,0.6916477256064444,0.0
497513,2025-07-21T21:00:00.000000000,0.451,0.0,0.0,0.064,1.0377646594798389,0.0
497513,2025-07-21T22:00:00.000000000,0.439,0.0,0.0,0.054,2.2982633322905666,0.0
497513,2025-07-21T23:00:00.000000000,0.437,0.0,0.0,0.05,1.0486082890762112,0.0
497513,2025-07-22T00:00:00.000000000,0.374,0.0,0.0,0.043000000000000003,0.3235504614701334,0.0
497513,2025-07-22T01:00:00.000000000,0.35,0.0,0.0,0.04,0.0,0.0
497513,2025-07-22T02:00:00.000000000,0.342,0.0,0.0,0.036,0.32355046147013333,0.0
497513,2025-07-22T03:00:00.000000000,0.34,0.0,0.0,0.033,0.0,0.0
497513,2025-07-22T04:00:00.000000000,0.336,0.0,0.0,0.032,0.3235504614701334,0.0
497513,2025-07-22T05:00:00.000000000,0.332,0.0,0.0,0.032,0.0,0.0
497513,2025-07-22T06:00:00.000000000,0.332,0.0,0.0,0.03,0.3235504614701334,0.0
497513,2025-07-22T07:00:00.000000000,0.328,0.0,0.0,0.028,0.0,0.0
497513,2025-07-22T08:00:00.000000000,0.331,0.0,0.0,0.028,0.3235504614701334,0.0
497513,2025-07-22T09:00:00.000000000,0.363,0.0,0.0,0.028999999999999998,1.0673648375672333,0.0
497513,2025-07-22T10:00:00.000000000,0.816,0.0,0.0,0.05199999999999999,0.0,0.0
497513,2025-07-22T11:00:00.000000000,0.396,0.0,0.0,0.051,1.0732262589706778,0.0
497513,2025-07-22T12:00:00.000000000,0.41,0.0,0.0,0.065,0.3235504614701334,0.0
497513,2025-07-22T13:00:00.000000000,0.419,0.0,0.0,0.074,0.4662760726440055,0.0
497513,2025-07-22T14:00:00.000000000,0.428,0.0,0.0,0.08000000000000002,1.032489380216739,0.0
497513,2025-07-22T15:00:00.000000000,0.438,0.0,0.0,0.087,0.3434792942418444,0.0
497513,2025-07-22T16:00:00.000000000,0.42400000000000004,0.0,0.0,0.086,1.0629687715146499,0.0
497513,2025-07-22T17:00:00.000000000,0.392,0.0,0.0,0.087,0.34318622317167224,0.0
497513,2025-07-22T18:00:00.000000000,0.464,0.0,0.0,0.097,0.3235504614701334,0.0
497513,2025-07-22T19:00:00.000000000,0.478,0.0,0.0,0.09,0.3434792942418444,0.0
497513,2025-07-22T20:00:00.000000000,0.471,0.0,0.0,0.082,0.7092319898167778,0.0
497513,2025-07-22T21:00:00.000000000,0.46499999999999997,0.0,0.0,0.078,0.3235504614701334,0.0
497513,2025-07-22T22:00:00.000000000,0.452,0.0,0.0,0.066,0.0,0.0
497513,2025-07-22T23:00:00.000000000,0.479,0.0,0.0,0.055,0.6866655174135167,0.0
497513,2025-07-23T00:00:00.000000000,0.41600000000000004,0.0,0.0,0.051000000000000004,0.3235504614701334,0.0
497513,2025-07-23T01:00:00.000000000,0.364,0.0,0.0,0.044000000000000004,0.6670297557119778,0.0
497513,2025-07-23T02:00:00.000000000,0.346,0.0,0.0,0.04,0.0,0.0
497513,2025-07-23T03:00:00.000000000,0.341,0.0,0.0,0.037,0.6869585884836888,0.0
497513,2025-07-23T04:00:00.000000000,0.34,0.0,0.0,0.036,0.0,0.0
497513,2025-07-23T05:00:00.000000000,0.336,0.0,0.0,0.033,0.3235504614701334,0.0
497513,2025-07-23T06:00:00.000000000,0.332,0.0,0.0,0.031,0.0,0.0
497513,2025-07-23T07:00:00.000000000,0.328,0.0,0.0,0.028,0.3235504614701334,0.0
497513,2025-07-23T08:00:00.000000000,0.333,0.0,0.0,0.032,0.0,0.0
497513,2025-07-23T09:00:00.000000000,0.349,0.0,0.0,0.044,0.3235504614701334,0.0
497513,2025-07-23T10:00:00.000000000,0.366,0.0,0.0,0.061,0.0,0.0
497513,2025-07-23T11:00:00.000000000,0.408,0.0,0.0,0.07300000000000001,0.3235504614701334,0.0
497513,2025-07-23T12:00:00.000000000,0.453,0.0,0.0,0.079,0.7209548326236668,0.0
497513,2025-07-23T13:00:00.000000000,0.46799999999999997,0.0,0.0,0.08299999999999999,1.6986399227182,0.0
497513,2025-07-23T14:00:00.000000000,0.488,0.0,0.0,0.096,0.0,0.0
497513,2025-07-23T15:00:00.000000000,0.494,0.0,0.0,0.1,1.5667579411407,0.0
497513,2025-07-23T16:00:00.000000000,0.472,0.0,0.0,0.104,3.116810831281583,0.0
497513,2025-07-23T17:00:00.000000000,0.426,0.0,0.0,0.112,0.45631165625815,0.0
497513,2025-07-23T18:00:00.000000000,0.491,0.0,0.0,0.109,1.1262721226718502,0.0
497513,2025-07-23T19:00:00.000000000,0.495,0.0,0.0,0.107,0.3235504614701334,0.0
497513,2025-07-23T20:00:00.000000000,0.492,0.0,0.0,0.10200000000000001,0.6863724463433445,0.0
497513,2025-07-23T21:00:00.000000000,0.476,0.0,0.0,0.08700000000000001,1.4193431928440723,0.0
497513,2025-07-23T22:00:00.000000000,0.451,0.0,0.0,0.063,2.8665281373545057,0.0
497513,2025-07-23T23:00:00.000000000,0.478,0.0,0.0,0.054,2.859494431670372,0.0
497513,2025-07-24T00:00:00.000000000,0.419,0.0,0.0,0.054,0.6866655174135167,0.0
497513,2025-07-24T01:00:00.000000000,0.374,0.0,0.0,0.049,0.3235504614701334,0.0
497513,2025-07-24T02:00:00.000000000,0.353,0.0,0.0,0.046,0.0,0.0
497513,2025-07-24T03:00:00.000000000,0.347,0.0,0.0,0.043000000000000003,0.3235504614701334,0.0
497513,2025-07-24T04:00:00.000000000,0.342,0.0,0.0,0.04,0.0,0.0
497513,2025-07-24T05:00:00.000000000,0.34,0.0,0.0,0.036,0.3235504614701334,0.0
497513,2025-07-24T06:00:00.000000000,0.336,0.0,0.0,0.034999999999999996,0.0,0.0
497513,2025-07-24T07:00:00.000000000,0.332,0.0,0.0,0.031,0.3235504614701334,0.0
497513,2025-07-24T08:00:00.000000000,0.335,0.0,0.0,0.034,0.2713838109794778,0.0
497513,2025-07-24T09:00:00.000000000,0.353,0.0,0.0,0.048999999999999995,0.05216665049065555,0.0
497513,2025-07-24T10:00:00.000000000,0.369,0.0,0.0,0.062,0.3235504614701334,0.0
497513,2025-07-24T11:00:00.000000000,0.385,0.0,0.0,0.078,0.0,0.0
497513,2025-07-24T12:00:00.000000000,0.396,0.0,0.0,0.092,0.3235504614701334,0.0
497513,2025-07-24T13:00:00.000000000,0.435,0.0,0.0,0.099,0.0,0.0
497513,2025-07-24T14:00:00.000000000,0.453,0.0,0.0,0.105,0.3235504614701334,0.0
497513,2025-07-24T15:00:00.000000000,0.456,0.0,0.0,0.108,0.0,0.0
497513,2025-07-24T16:00:00.000000000,0.445,0.0,0.0,0.108,0.3235504614701334,0.0
497513,2025-07-24T17:00:00.000000000,0.459,0.0,0.0,0.108,0.34318622317167224,0.0
497513,2025-07-24T18:00:00.000000000,0.5,0.0,0.0,0.108,1.0131466895853725,0.0
497513,2025-07-24T19:00:00.000000000,0.543,0.0,0.0,0.104,1.0711747614794724,0.0
497513,2025-07-24T20:00:00.000000000,0.507,0.0,0.0,0.099,0.3434792942418444,0.0
497513,2025-07-24T21:00:00.000000000,0.495,0.0,0.0,0.08700000000000001,0.0,0.0
497513,2025-07-24T22:00:00.000000000,0.453,0.0,0.0,0.067,0.7312123200796945,0.0
497513,2025-07-24T23:00:00.000000000,0.44,0.0,0.0,0.051,1.5773084996669002,0.0
497513,2025-07-25T00:00:00.000000000,0.436,0.0,0.0,0.05,0.6863724463433445,0.0
497513,2025-07-25T01:00:00.000000000,0.376,0.0,0.0,0.037000000000000005,1.1740427071099222,0.0
497513,2025-07-25T02:00:00.000000000,0.339,0.0,0.0,0.033,0.6863724463433445,0.0
497513,2025-07-25T03:00:00.000000000,0.335,0.0,0.0,0.03,0.14184639796335555,0.0
497513,2025-07-25T04:00:00.000000000,0.329,0.0,0.0,0.026000000000000002,0.5163912256434556,0.0
497513,2025-07-25T05:00:00.000000000,0.326,0.0,0.0,0.024,0.0,0.0
497513,2025-07-25T06:00:00.000000000,0.323,0.0,0.0,0.020999999999999998,0.34318622317167224,0.0
497513,2025-07-25T07:00:00.000000000,0.325,0.0,0.0,0.025,0.3235504614701334,0.0
497513,2025-07-25T08:00:00.000000000,0.327,0.0,0.0,0.027000000000000003,0.35608135025925003,0.0
497513,2025-07-25T09:00:00.000000000,0.376,0.0,0.0,0.027999999999999997,1.2818928609333,0.0
497513,2025-07-25T10:00:00.000000000,0.41500000000000004,0.0,0.0,0.038,2.3258120128867557,0.0
497513,2025-07-25T11:00:00.000000000,0.403,0.0,0.0,0.056999999999999995,0.08938667640252777,0.0
497513,2025-07-25T12:00:00.000000000,0.412,0.0,0.0,0.068,0.3235504614701334,0.0
497513,2025-07-25T13:00:00.000000000,0.448,0.0,0.0,0.07100000000000001,2.1701912746253056,0.0
497513,2025-07-25T14:00:00.000000000,0.45499999999999996,0.0,0.0,0.08499999999999999,1.0679509797075777,0.0
497513,2025-07-25T15:00:00.000000000,0.452,0.0,0.0,0.101,0.0,0.0
497513,2025-07-25T16:00:00.000000000,0.41800000000000004,0.0,0.0,0.10200000000000001,0.6670297557119778,0.0
497513,2025-07-25T17:00:00.000000000,0.42,0.0,0.0,0.104,0.0,0.0
497513,2025-07-25T18:00:00.000000000,0.495,0.0,0.0,0.10200000000000001,1.2983048408629445,0.0
497513,2025-07-25T19:00:00.000000000,0.46599999999999997,0.0,0.0,0.094,0.14946624578783332,0.0
497513,2025-07-25T20:00:00.000000000,0.475,0.0,0.0,0.085,0.3235504614701334,0.0
497513,2025-07-25T21:00:00.000000000,1.849,0.0,0.0,0.092,0.3434792942418444,0.0
497513,2025-07-25T22:00:00.000000000,1.606,0.0,0.0,0.08700000000000001,0.7013190709221278,0.0
497513,2025-07-25T23:00:00.000000000,0.452,0.0,0.0,0.063,0.6893031570450667,0.0
497513,2025-07-26T00:00:00.000000000,0.394,0.0,0.0,0.051,1.1230483408999556,0.0
497513,2025-07-26T01:00:00.000000000,0.356,0.0,0.0,0.046,0.42964218887247785,0.0
497513,2025-07-26T02:00:00.000000000,0.351,0.0,0.0,0.045,0.22332015547123335,0.0
497513,2025-07-26T03:00:00.000000000,0.346,0.0,0.0,0.041,0.3235504614701334,0.0
497513,2025-07-26T04:00:00.000000000,0.341,0.0,0.0,0.038,0.0,0.0
497513,2025-07-26T05:00:00.000000000,0.338,0.0,0.0,0.036,0.3235504614701334,0.0
497513,2025-07-26T06:00:00.000000000,0.334,0.0,0.0,0.033,0.0,0.0
497513,2025-07-26T07:00:00.000000000,0.329,0.0,0.0,0.028,0.3235504614701334,0.0
497513,2025-07-26T08:00:00.000000000,0.33799999999999997,0.0,0.0,0.031,0.0,0.0
497513,2025-07-26T09:00:00.000000000,0.345,0.0,0.0,0.041999999999999996,0.3235504614701334,0.0
497513,2025-07-26T10:00:00.000000000,0.40199999999999997,0.0,0.0,0.055,1.5160566460009055,0.0
497513,2025-07-26T11:00:00.000000000,0.46,0.0,0.0,0.074,0.7089389187466055,0.0
497513,2025-07-26T12:00:00.000000000,0.467,0.0,0.0,0.083,0.34318622317167224,0.0
497513,2025-07-26T13:00:00.000000000,0.475,0.0,0.0,0.089,0.0,0.0
497513,2025-07-26T14:00:00.000000000,0.734,0.0,0.0,0.092,0.3947667315219833,0.0
497513,2025-07-26T15:00:00.000000000,6.376,0.0,0.0,0.097,1.3923806543882278,0.0
497513,2025-07-26T16:00:00.000000000,6.064,0.0,0.0,0.1,0.7540718635531277,0.0
497513,2025-07-26T17:00:00.000000000,1.909,0.0,0.0,0.097,1.2256232154602333,0.0
497513,2025-07-26T18:00:00.000000000,0.477,0.0,0.0,0.096,0.55654196225705,0.0
497513,2025-07-26T19:00:00.000000000,0.41700000000000004,0.0,0.0,0.08,1.5963581192280945,0.0
497513,2025-07-26T20:00:00.000000000,0.388,0.0,0.0,0.07100000000000001,0.0,0.0
497513,2025-07-26T21:00:00.000000000,0.378,0.0,0.0,0.061,0.3235504614701334,0.0
497513,2025-07-26T22:00:00.000000000,0.40299999999999997,0.0,0.0,0.052,0.3235504614701334,0.0
497513,2025-07-26T23:00:00.000000000,0.431,0.0,0.0,0.043,1.6681605314202892,0.0
497513,2025-07-27T00:00:00.000000000,0.40800000000000003,0.0,0.0,0.041999999999999996,0.0,0.0
497513,2025-07-27T01:00:00.000000000,0.37600000000000006,0.0,0.0,0.032,2.620641509480011,0.0
497513,2025-07-27T02:00:00.000000000,0.343,0.0,0.0,0.036,0.0,0.0
497513,2025-07-27T03:00:00.000000000,0.332,0.0,0.0,0.032,1.087879812479289,0.0
497513,2025-07-27T04:00:00.000000000,0.336,0.0,0.0,0.032,0.0,0.0
497513,2025-07-27T05:00:00.000000000,0.333,0.0,0.0,0.032,0.3235504614701334,0.0
497513,2025-07-27T06:00:00.000000000,0.331,0.0,0.0,0.028,0.0,0.0
497513,2025-07-27T07:00:00.000000000,0.327,0.0,0.0,0.027000000000000003,0.3235504614701334,0.0
497513,2025-07-27T08:00:00.000000000,0.325,0.0,0.0,0.018,1.7637017002964335,0.0
497513,2025-07-27T09:00:00.000000000,0.369,0.0,0.0,0.036,1.0705886193391279,0.0
497513,2025-07-27T10:00:00.000000000,0.4,0.0,0.0,0.054,0.3478753602944278,0.0
497513,2025-07-27T11:00:00.000000000,0.414,0.0,0.0,0.068,0.32355046147013333,0.0
497513,2025-07-27T12:00:00.000000000,0.388,0.0,0.0,0.07300000000000001,0.3258950300315111,0.0
497513,2025-07-27T13:00:00.000000000,0.381,0.0,0.0,0.077,0.0,0.0
497513,2025-07-27T14:00:00.000000000,0.40299999999999997,0.0,0.0,0.075,2.5051715078321557,0.0
497513,2025-07-27T15:00:00.000000000,0.432,0.0,0.0,0.084,1.2311915657935057,0.0
497513,2025-07-27T16:00:00.000000000,0.42400000000000004,0.0,0.0,0.08499999999999999,1.0814322489355,0.0
497513,2025-07-27T17:00:00.000000000,0.436,0.0,0.0,0.097,0.3235504614701334,0.0
497513,2025-07-27T18:00:00.000000000,0.494,0.0,0.0,0.101,0.0,0.0
497513,2025-07-27T19:00:00.000000000,1.32,0.0,0.0,0.099,1.0327824512869113,0.0
497513,2025-07-27T20:00:00.000000000,0.469,0.0,0.0,0.08,1.4688722037031778,0.0
497513,2025-07-27T21:00:00.000000000,0.447,0.0,0.0,0.061,1.7675116242086724,0.0
497513,2025-07-27T22:00:00.000000000,0.44,0.0,0.0,0.053,0.7232994011850444,0.0
497513,2025-07-27T23:00:00.000000000,0.441,0.0,0.0,0.052,0.34318622317167224,0.0
497513,2025-07-28T00:00:00.000000000,0.41100000000000003,0.0,0.0,0.045,0.35168528420666667,0.0
497513,2025-07-28T01:00:00.000000000,0.365,0.0,0.0,0.040999999999999995,1.1327196862156388,0.0
497513,2025-07-28T02:00:00.000000000,0.345,0.0,0.0,0.039,0.26112632352345,0.0
497513,2025-07-28T03:00:00.000000000,0.34,0.0,0.0,0.036,0.06213106687651111,0.0
497513,2025-07-28T04:00:00.000000000,0.338,0.0,0.0,0.034,0.3235504614701334,0.0
497513,2025-07-28T05:00:00.000000000,0.332,0.0,0.0,0.032,0.0,0.0
497513,2025-07-28T06:00:00.000000000,0.33,0.0,0.0,0.03,0.3235504614701334,0.0
497513,2025-07-28T07:00:00.000000000,0.328,0.0,0.0,0.026,0.0,0.0
497513,2025-07-28T08:00:00.000000000,0.331,0.0,0.0,0.028,0.3235504614701334,0.0
497513,2025-07-28T09:00:00.000000000,0.366,0.0,0.0,0.032,0.0,0.0
497513,2025-07-28T10:00:00.000000000,0.388,0.0,0.0,0.040999999999999995,0.6966299337993722,0.0
497513,2025-07-28T11:00:00.000000000,0.397,0.0,0.0,0.051000000000000004,1.6165800230699778,0.0
497513,2025-07-28T12:00:00.000000000,0.408,0.0,0.0,0.064,1.2320707790040222,0.0
497513,2025-07-28T13:00:00.000000000,0.365,0.0,0.0,0.063,2.573457067182283,0.0
497513,2025-07-28T14:00:00.000000000,0.384,0.0,0.0,0.078,1.5128328642290114,0.0
497513,2025-07-28T15:00:00.000000000,0.397,0.0,0.0,0.089,0.6866655174135167,0.0
497513,2025-07-28T16:00:00.000000000,0.399,0.0,0.0,0.093,0.34318622317167224,0.0
497513,2025-07-28T17:00:00.000000000,0.404,0.0,0.0,0.099,0.3235504614701334,0.0
497513,2025-07-28T18:00:00.000000000,0.444,0.0,0.0,0.103,0.3182751822070334,0.0
497513,2025-07-28T19:00:00.000000000,0.437,0.0,0.0,0.097,0.0052752792631,0.0
497513,2025-07-28T20:00:00.000000000,0.45799999999999996,0.0,0.0,0.08800000000000001,0.3235504614701334,0.0
497513,2025-07-28T21:00:00.000000000,0.391,0.0,0.0,0.075,0.0,0.0
497513,2025-07-28T22:00:00.000000000,0.38,0.0,0.0,0.063,0.3235504614701334,0.0
497513,2025-07-28T23:00:00.000000000,0.368,0.0,0.0,0.052000000000000005,0.0,0.0
497513,2025-07-29T00:00:00.000000000,0.356,0.0,0.0,0.041999999999999996,0.6863724463433445,0.0
497513,2025-07-29T01:00:00.000000000,0.371,0.0,0.0,0.044000000000000004,0.0,0.0
497513,2025-07-29T02:00:00.000000000,0.347,0.0,0.0,0.04,0.3235504614701334,0.0
497513,2025-07-29T03:00:00.000000000,0.341,0.0,0.0,0.037,0.0,0.0
497513,2025-07-29T04:00:00.000000000,0.337,0.0,0.0,0.033,0.3235504614701334,0.0
497513,2025-07-29T05:00:00.000000000,0.333,0.0,0.0,0.032,0.0,0.0
497513,2025-07-29T06:00:00.000000000,0.332,0.0,0.0,0.032,0.3235504614701334,0.0
497513,2025-07-29T07:00:00.000000000,0.332,0.0,0.0,0.032,0.0,0.0
497513,2025-07-29T08:00:00.000000000,0.335,0.0,0.0,0.032,0.3235504614701334,0.0
497513,2025-07-29T09:00:00.000000000,0.346,0.0,0.0,0.041999999999999996,0.3235504614701334,0.0
497513,2025-07-29T10:00:00.000000000,0.378,0.0,0.0,0.05,1.5890313424737887,0.0
497513,2025-07-29T11:00:00.000000000,0.397,0.0,0.0,0.069,0.3235504614701334,0.0
497513,2025-07-29T12:00:00.000000000,0.384,0.0,0.0,0.08,0.0,0.0
497513,2025-07-29T13:00:00.000000000,0.393,0.0,0.0,0.089,0.3235504614701334,0.0
497513,2025-07-29T14:00:00.000000000,0.4,0.0,0.0,0.095,1.2525857539160778,0.0
497513,2025-07-29T15:00:00.000000000,0.412,0.0,0.0,0.108,0.34318622317167224,0.0
497513,2025-07-29T16:00:00.000000000,0.414,0.0,0.0,0.108,0.3235504614701334,0.0
497513,2025-07-29T17:00:00.000000000,0.438,0.0,0.0,0.108,0.0,0.0
497513,2025-07-29T18:00:00.000000000,0.502,0.0,0.0,0.108,0.32355046147013333,0.0
497513,2025-07-29T19:00:00.000000000,0.527,0.0,0.0,0.108,0.0,0.0
497513,2025-07-29T20:00:00.000000000,2.28,0.0,0.0,0.10400000000000001,0.3235504614701334,0.0
497513,2025-07-29T21:00:00.000000000,2.2720000000000002,0.0,0.0,0.098,0.7701907724126,0.0
497513,2025-07-29T22:00:00.000000000,2.215,0.0,0.0,0.096,1.4562701476857722,0.0
497513,2025-07-29T23:00:00.000000000,2.304,0.0,0.0,0.093,1.874482564821533,0.0
497513,2025-07-30T00:00:00.000000000,1.263,0.0,0.0,0.085,1.486163396843339,0.0
497513,2025-07-30T01:00:00.000000000,0.392,0.0,0.0,0.066,0.01963576170153889,0.0
497513,2025-07-30T02:00:00.000000000,0.362,0.0,0.0,0.054,0.3235504614701334,0.0
497513,2025-07-30T03:00:00.000000000,0.353,0.0,0.0,0.049,0.0,0.0
497513,2025-07-30T04:00:00.000000000,0.349,0.0,0.0,0.045,0.3235504614701334,0.0
497513,2025-07-30T05:00:00.000000000,0.34400000000000003,0.0,0.0,0.041,0.0,0.0
497513,2025-07-30T06:00:00.000000000,0.339,0.0,0.0,0.036,0.3235504614701334,0.0
497513,2025-07-30T07:00:00.000000000,0.336,0.0,0.0,0.036,0.0,0.0
497513,2025-07-30T08:00:00.000000000,0.33999999999999997,0.0,0.0,0.039,0.3235504614701334,0.0
497513,2025-07-30T09:00:00.000000000,0.347,0.0,0.0,0.041999999999999996,0.0,0.0
497513,2025-07-30T10:00:00.000000000,0.357,0.0,0.0,0.051,0.3235504614701334,0.0
497513,2025-07-30T11:00:00.000000000,0.39699999999999996,0.0,0.0,0.062,0.0,0.0
497513,2025-07-30T12:00:00.000000000,0.415,0.0,0.0,0.07200000000000001,0.6813902381504168,0.0
497513,2025-07-30T13:00:00.000000000,0.422,0.0,0.0,0.077,1.554448956193467,0.0
497513,2025-07-30T14:00:00.000000000,0.472,0.0,0.0,0.094,0.6939922941678223,0.0
497513,2025-07-30T15:00:00.000000000,0.843,0.0,0.0,0.107,0.7772244780967333,0.0
497513,2025-07-30T16:00:00.000000000,0.494,0.0,0.0,0.108,0.34318622317167224,0.0
497513,2025-07-30T17:00:00.000000000,3.878,0.0,0.0,0.108,2.9802397125813282,0.0
497513,2025-07-30T18:00:00.000000000,6.204,0.0,0.0,0.112,1.1564584428995888,0.0
497513,2025-07-30T19:00:00.000000000,6.211,0.0,0.0,0.109,1.16847435677665,0.0
497513,2025-07-30T20:00:00.000000000,4.484000000000001,0.0,0.0,0.10400000000000001,2.462090060516839,0.0
497513,2025-07-30T21:00:00.000000000,0.504,0.0,0.0,0.099,1.1113254980930667,0.0
497513,2025-07-30T22:00:00.000000000,0.46799999999999997,0.0,0.0,0.083,1.2033498141271444,0.0
497513,2025-07-30T23:00:00.000000000,0.457,0.0,0.0,0.07,0.34318622317167224,0.0
497513,2025-07-31T00:00:00.000000000,0.373,0.0,0.0,0.059,0.3235504614701334,0.0
497513,2025-07-31T01:00:00.000000000,0.36,0.0,0.0,0.05,0.0,0.0
497513,2025-07-31T02:00:00.000000000,0.352,0.0,0.0,0.045,0.3235504614701334,0.0
497513,2025-07-31T03:00:00.000000000,0.342,0.0,0.0,0.04,0.0,0.0
497513,2025-07-31T04:00:00.000000000,0.326,0.0,0.0,0.04,0.3235504614701334,0.0
497513,2025-07-31T05:00:00.000000000,0.336,0.0,0.0,0.039,0.0,0.0
497513,2025-07-31T06:00:00.000000000,0.337,0.0,0.0,0.036,0.3235504614701334,0.0
497513,2025-07-31T07:00:00.000000000,0.321,0.0,0.0,0.027999999999999997,1.9492156877154498,0.0
497513,2025-07-31T08:00:00.000000000,0.346,0.0,0.0,0.034,1.1344781126366723,0.0
497513,2025-07-31T09:00:00.000000000,0.384,0.0,0.0,0.046,1.1916269713202556,0.0
497513,2025-07-31T10:00:00.000000000,0.39,0.0,0.0,0.064,0.3235504614701334,0.0
497513,2025-07-31T11:00:00.000000000,0.38,0.0,0.0,0.076,0.34318622317167224,0.0
497513,2025-07-31T12:00:00.000000000,0.389,0.0,0.0,0.08399999999999999,0.3434792942418444,0.0
497513,2025-07-31T13:00:00.000000000,0.397,0.0,0.0,0.093,1.5925481953158556,0.0
497513,2025-07-31T14:00:00.000000000,0.413,0.0,0.0,0.108,0.3235504614701334,0.0
497513,2025-07-31T15:00:00.000000000,0.42,0.0,0.0,0.113,0.0,0.0
497513,2025-07-31T16:00:00.000000000,0.422,0.0,0.0,0.116,0.32355046147013333,0.0
497513,2025-07-31T17:00:00.000000000,0.457,0.0,0.0,0.116,0.0,0.0
497513,2025-07-31T18:00:00.000000000,1.395,0.0,0.0,0.116,0.3235504614701334,0.0
497513,2025-07-31T19:00:00.000000000,1.621,0.0,0.0,0.116,0.0,0.0
497513,2025-07-31T20:00:00.000000000,0.501,0.0,0.0,0.112,0.3235504614701334,0.0
497513,2025-07-31T21:00:00.000000000,0.494,0.0,0.0,0.106,0.6863724463433445,0.0
497513,2025-07-31T22:00:00.000000000,0.48,0.0,0.0,0.093,0.7089389187466055,0.0
497513,2025-07-31T23:00:00.000000000,3.9250000000000003,0.0,0.0,0.096,1.6499901250696114,0.0
497513,2025-08-01T00:00:00.000000000,2.5480000000000005,0.0,0.0,0.09300000000000001,0.6916477256064445,0.0
497513,2025-08-01T01:00:00.000000000,0.385,0.0,0.0,0.075,0.6667366846418057,0.0
497513,2025-08-01T02:00:00.000000000,0.372,0.0,0.0,0.066,0.32355046147013333,0.0
497513,2025-08-01T03:00:00.000000000,0.35,0.0,0.0,0.055,0.7388321679041723,0.0
497513,2025-08-01T04:00:00.000000000,0.339,0.0,0.0,0.053,0.3235504614701334,0.0
497513,2025-08-01T05:00:00.000000000,0.35,0.0,0.0,0.047,0.3235504614701334,0.0
497513,2025-08-01T06:00:00.000000000,0.34400000000000003,0.0,0.0,0.043000000000000003,0.0,0.0
497513,2025-08-01T07:00:00.000000000,0.34,0.0,0.0,0.04,0.3235504614701334,0.0
497513,2025-08-01T08:00:00.000000000,0.34099999999999997,0.0,0.0,0.034,1.1848863367062945,0.0
497513,2025-08-01T09:00:00.000000000,0.357,0.0,0.0,0.038,0.3235504614701334,0.0
497513,2025-08-01T10:00:00.000000000,0.401,0.0,0.0,0.053,0.0,0.0
497513,2025-08-01T11:00:00.000000000,0.411,0.0,0.0,0.065,0.3543229238382167,0.0
497513,2025-08-01T12:00:00.000000000,0.439,0.0,0.0,0.07400000000000001,1.5362785498427889,0.0
497513,2025-08-01T13:00:00.000000000,0.43,0.0,0.0,0.08499999999999999,0.3235504614701334,0.0
497513,2025-08-01T14:00:00.000000000,0.446,0.0,0.0,0.096,0.4038519346973222,0.0
497513,2025-08-01T15:00:00.000000000,0.454,0.0,0.0,0.104,0.26610853171637777,0.0
497513,2025-08-01T16:00:00.000000000,1.7350000000000003,0.0,0.0,0.107,0.34318622317167224,0.0
497513,2025-08-01T17:00:00.000000000,0.459,0.0,0.0,0.108,1.25287882498625,0.0
497513,2025-08-01T18:00:00.000000000,0.502,0.0,0.0,0.108,0.7057151369747112,0.0
497513,2025-08-01T19:00:00.000000000,0.498,0.0,0.0,0.108,0.0,0.0
497513,2025-08-01T20:00:00.000000000,0.498,0.0,0.0,0.107,0.6471009229402668,0.0
497513,2025-08-01T21:00:00.000000000,0.489,0.0,0.0,0.098,0.34318622317167224,0.0
497513,2025-08-01T22:00:00.000000000,0.46799999999999997,0.0,0.0,0.077,1.5145912906500445,0.0
497513,2025-08-01T23:00:00.000000000,0.46,0.0,0.0,0.066,0.36047741631183333,0.0
497513,2025-08-02T00:00:00.000000000,0.425,0.0,0.0,0.059,0.34318622317167224,0.0
497513,2025-08-02T01:00:00.000000000,0.375,0.0,0.0,0.054,0.32355046147013333,0.0
497513,2025-08-02T02:00:00.000000000,0.354,0.0,0.0,0.048,0.0,0.0
497513,2025-08-02T03:00:00.000000000,0.349,0.0,0.0,0.045,0.3235504614701334,0.0
497513,2025-08-02T04:00:00.000000000,0.344,0.0,0.0,0.04,0.0,0.0
497513,2025-08-02T05:00:00.000000000,0.341,0.0,0.0,0.038,0.3235504614701334,0.0
497513,2025-08-02T06:00:00.000000000,0.337,0.0,0.0,0.036,0.0,0.0
497513,2025-08-02T07:00:00.000000000,0.336,0.0,0.0,0.036,0.3235504614701334,0.0
497513,2025-08-02T08:00:00.000000000,0.33799999999999997,0.0,0.0,0.033,1.1385811076190833,0.0
497513,2025-08-02T09:00:00.000000000,0.376,0.0,0.0,0.038000000000000006,0.3660457666451056,0.0
497513,2025-08-02T10:00:00.000000000,0.401,0.0,0.0,0.054,0.3235504614701334,0.0
497513,2025-08-02T11:00:00.000000000,0.39199999999999996,0.0,0.0,0.066,0.0,0.0
497513,2025-08-02T12:00:00.000000000,0.433,0.0,0.0,0.079,0.3235504614701334,0.0
497513,2025-08-02T13:00:00.000000000,0.474,0.0,0.0,0.087,0.34318622317167224,0.0
497513,2025-08-02T14:00:00.000000000,3.867,0.0,0.0,0.1,1.9134610171544386,0.0
497513,2025-08-02T15:00:00.000000000,6.1,0.0,0.0,0.104,2.670170520339117,0.0
497513,2025-08-02T16:00:00.000000000,3.1489999999999996,0.0,0.0,0.104,0.6995606445010945,0.0
497513,2025-08-02T17:00:00.000000000,0.408,0.0,0.0,0.104,0.3235504614701334,0.0
497513,2025-08-02T18:00:00.000000000,0.498,0.0,0.0,0.104,0.34318622317167224,0.0
497513,2025-08-02T19:00:00.000000000,0.51,0.0,0.0,0.104,1.5412607580357167,0.0
497513,2025-08-02T20:00:00.000000000,0.485,0.0,0.0,0.094,1.1236344830403,0.0
497513,2025-08-02T21:00:00.000000000,0.39,0.0,0.0,0.073,0.36135662952235004,0.0
497513,2025-08-02T22:00:00.000000000,0.451,0.0,0.0,0.059,2.4248700346049668,0.0
497513,2025-08-02T23:00:00.000000000,0.446,0.0,0.0,0.05299999999999999,1.1687674278468223,0.0
497513,2025-08-03T00:00:00.000000000,0.414,0.0,0.0,0.048,1.1253929094613335,0.0
497513,2025-08-03T01:00:00.000000000,0.366,0.0,0.0,0.045,0.0,0.0
497513,2025-08-03T02:00:00.000000000,0.345,0.0,0.0,0.04,0.3235504614701334,0.0
497513,2025-08-03T03:00:00.000000000,0.335,0.0,0.0,0.04,0.0,0.0
497513,2025-08-03T04:00:00.000000000,0.32999999999999996,0.0,0.0,0.04,0.3235504614701334,0.0
497513,2025-08-03T05:00:00.000000000,0.341,0.0,0.0,0.039,0.0,0.0
497513,2025-08-03T06:00:00.000000000,0.337,0.0,0.0,0.036,0.3235504614701334,0.0
497513,2025-08-03T07:00:00.000000000,0.335,0.0,0.0,0.035,0.3434792942418444,0.0
497513,2025-08-03T08:00:00.000000000,0.339,0.0,0.0,0.036,0.0,0.0
497513,2025-08-03T09:00:00.000000000,0.39699999999999996,0.0,0.0,0.032,3.5613996447328446,0.0
497513,2025-08-03T10:00:00.000000000,0.451,0.0,0.0,0.062,0.3235504614701334,0.0
497513,2025-08-03T11:00:00.000000000,0.88,0.0,0.0,0.086,0.3235504614701334,0.0
497513,2025-08-03T12:00:00.000000000,0.434,0.0,0.0,0.089,0.0,0.0
497513,2025-08-03T13:00:00.000000000,1.7240000000000002,0.0,0.0,0.099,0.6863724463433445,0.0
497513,2025-08-03T14:00:00.000000000,0.454,0.0,0.0,0.104,1.1845932656361222,0.0
497513,2025-08-03T15:00:00.000000000,0.456,0.0,0.0,0.104,0.3235504614701334,0.0
497513,2025-08-03T16:00:00.000000000,0.453,0.0,0.0,0.107,0.34318622317167224,0.0
497513,2025-08-03T17:00:00.000000000,0.458,0.0,0.0,0.108,0.3235504614701334,0.0
497513,2025-08-03T18:00:00.000000000,0.458,0.0,0.0,0.104,0.0,0.0
497513,2025-08-03T19:00:00.000000000,0.477,0.0,0.0,0.10200000000000001,0.6471009229402668,0.0
497513,2025-08-03T20:00:00.000000000,1.343,0.0,0.0,0.099,0.7827928284300055,0.0
497513,2025-08-03T21:00:00.000000000,0.535,0.0,0.0,0.08800000000000001,1.0934481628125612,0.0
497513,2025-08-03T22:00:00.000000000,0.481,0.0,0.0,0.07200000000000001,0.3235504614701334,0.0
497513,2025-08-03T23:00:00.000000000,0.47100000000000003,0.0,0.0,0.056999999999999995,1.1333058283559834,0.0
497513,2025-08-04T00:00:00.000000000,0.45799999999999996,0.0,0.0,0.049,1.9298729970840836,0.0
497513,2025-08-04T01:00:00.000000000,0.37,0.0,0.0,0.049,0.3235504614701334,0.0
497513,2025-08-04T02:00:00.000000000,0.348,0.0,0.0,0.043000000000000003,0.34318622317167224,0.0
497513,2025-08-04T03:00:00.000000000,0.345,0.0,0.0,0.04,0.0,0.0
497513,2025-08-04T04:00:00.000000000,0.34299999999999997,0.0,0.0,0.039,0.32355046147013333,0.0
497513,2025-08-04T05:00:00.000000000,0.341,0.0,0.0,0.04,0.0,0.0
497513,2025-08-04T06:00:00.000000000,0.34,0.0,0.0,0.04,0.3235504614701334,0.0
497513,2025-08-04T07:00:00.000000000,0.34,0.0,0.0,0.04,0.0,0.0
497513,2025-08-04T08:00:00.000000000,0.34099999999999997,0.0,0.0,0.04,0.3235504614701334,0.0
497513,2025-08-04T09:00:00.000000000,0.348,0.0,0.0,0.041999999999999996,0.0,0.0
497513,2025-08-04T10:00:00.000000000,0.36,0.0,0.0,0.054,0.3235504614701334,0.0
497513,2025-08-04T11:00:00.000000000,0.373,0.0,0.0,0.067,0.0,0.0
497513,2025-08-04T12:00:00.000000000,0.384,0.0,0.0,0.079,0.3235504614701334,0.0
497513,2025-08-04T13:00:00.000000000,0.395,0.0,0.0,0.091,0.0,0.0
497513,2025-08-04T14:00:00.000000000,0.407,0.0,0.0,0.102,0.3235504614701334,0.0
497513,2025-08-04T15:00:00.000000000,0.412,0.0,0.0,0.104,0.0,0.0
497513,2025-08-04T16:00:00.000000000,0.412,0.0,0.0,0.104,0.3235504614701334,0.0
497513,2025-08-04T17:00:00.000000000,0.412,0.0,0.0,0.106,0.3235504614701334,0.0
497513,2025-08-04T18:00:00.000000000,0.502,0.0,0.0,0.108,0.0,0.0
497513,2025-08-04T19:00:00.000000000,0.481,0.0,0.0,0.104,0.35285756848735556,0.0
497513,2025-08-04T20:00:00.000000000,0.414,0.0,0.0,0.096,0.3235504614701334,0.0
497513,2025-08-04T21:00:00.000000000,1.321,0.0,0.0,0.097,0.0,0.0
497513,2025-08-04T22:00:00.000000000,0.472,0.0,0.0,0.08,1.1256859805315056,0.0
497513,2025-08-04T23:00:00.000000000,0.517,0.0,0.0,0.066,2.0260003081005724,0.0
497513,2025-08-05T00:00:00.000000000,0.44999999999999996,0.0,0.0,0.063,0.3235504614701334,0.0
497513,2025-08-05T01:00:00.000000000,0.373,0.0,0.0,0.05299999999999999,0.6863724463433445,0.0
497513,2025-08-05T02:00:00.000000000,0.354,0.0,0.0,0.049,0.34318622317167224,0.0
497513,2025-08-05T03:00:00.000000000,0.346,0.0,0.0,0.042,0.6863724463433445,0.0
497513,2025-08-05T04:00:00.000000000,0.345,0.0,0.0,0.041,0.3235504614701334,0.0
497513,2025-08-05T05:00:00.000000000,0.341,0.0,0.0,0.038,0.0,0.0
497513,2025-08-05T06:00:00.000000000,0.321,0.0,0.0,0.036,0.3235504614701334,0.0
497513,2025-08-05T07:00:00.000000000,0.32,0.0,0.0,0.031,0.0,0.0
497513,2025-08-05T08:00:00.000000000,0.33999999999999997,0.0,0.0,0.027,1.470630630124211,0.0
497513,2025-08-05T09:00:00.000000000,0.381,0.0,0.0,0.043,0.7209548326236667,0.0
497513,2025-08-05T10:00:00.000000000,0.407,0.0,0.0,0.06,0.6825625224311056,0.0
497513,2025-08-05T11:00:00.000000000,2.343,0.0,0.0,0.078,1.5497598190707114,0.0
497513,2025-08-05T12:00:00.000000000,6.105,0.0,0.0,0.096,0.0,0.0
497513,2025-08-05T13:00:00.000000000,5.77,0.0,0.0,0.1,1.9521463984171725,0.0
497513,2025-08-05T14:00:00.000000000,0.411,0.0,0.0,0.106,0.34318622317167224,0.0
497513,2025-08-05T15:00:00.000000000,0.438,0.0,0.0,0.11,1.3566259838272168,0.0
497513,2025-08-05T16:00:00.000000000,0.418,0.0,0.0,0.112,0.5955204145899555,0.0
497513,2025-08-05T17:00:00.000000000,0.463,0.0,0.0,0.113,0.6963368627291999,0.0
497513,2025-08-05T18:00:00.000000000,0.506,0.0,0.0,0.112,0.7262301118867667,0.0
497513,2025-08-05T19:00:00.000000000,0.498,0.0,0.0,0.108,1.5465360372988168,0.0
497513,2025-08-05T20:00:00.000000000,1.924,0.0,0.0,0.106,0.703077497343161,0.0
497513,2025-08-05T21:00:00.000000000,1.682,0.0,0.0,0.101,0.7089389187466055,0.0
497513,2025-08-05T22:00:00.000000000,0.479,0.0,0.0,0.08800000000000001,0.6667366846418057,0.0
497513,2025-08-05T23:00:00.000000000,0.42100000000000004,0.0,0.0,0.067,1.18430019456595,0.0
497513,2025-08-06T00:00:00.000000000,0.37,0.0,0.0,0.056999999999999995,0.8507853167099612,0.0
497513,2025-08-06T01:00:00.000000000,0.381,0.0,0.0,0.054,0.5629895258008389,0.0
497513,2025-08-06T02:00:00.000000000,0.356,0.0,0.0,0.05,0.0,0.0
497513,2025-08-06T03:00:00.000000000,0.351,0.0,0.0,0.046,0.3235504614701334,0.0
497513,2025-08-06T04:00:00.000000000,0.348,0.0,0.0,0.044,0.0,0.0
497513,2025-08-06T05:00:00.000000000,0.345,0.0,0.0,0.043000000000000003,0.3235504614701333,0.0
497513,2025-08-06T06:00:00.000000000,0.34,0.0,0.0,0.04,0.0,0.0
497513,2025-08-06T07:00:00.000000000,0.34,0.0,0.0,0.039,0.3235504614701334,0.0
497513,2025-08-06T08:00:00.000000000,0.351,0.0,0.0,0.04,0.0,0.0
497513,2025-08-06T09:00:00.000000000,0.353,0.0,0.0,0.048,0.3235504614701334,0.0
497513,2025-08-06T10:00:00.000000000,0.39799999999999996,0.0,0.0,0.061,1.0556419947603446,0.0
497513,2025-08-06T11:00:00.000000000,0.424,0.0,0.0,0.077,0.6951645784485112,0.0
497513,2025-08-06T12:00:00.000000000,0.433,0.0,0.0,0.087,1.1253929094613333,0.0
497513,2025-08-06T13:00:00.000000000,0.442,0.0,0.0,0.098,1.0843629596372222,0.0
497513,2025-08-06T14:00:00.000000000,0.454,0.0,0.0,0.105,1.499351595001089,0.0
497513,2025-08-06T15:00:00.000000000,0.459,0.0,0.0,0.109,1.4832326861416165,0.0
497513,2025-08-06T16:00:00.000000000,0.457,0.0,0.0,0.112,1.1646644328644113,0.0
497513,2025-08-06T17:00:00.000000000,0.46,0.0,0.0,0.11,0.34318622317167224,0.0
497513,2025-08-06T18:00:00.000000000,0.978,0.0,0.0,0.108,0.41323020894283335,0.0
497513,2025-08-06T19:00:00.000000000,0.853,0.0,0.0,0.107,0.5966926988706445,0.0
497513,2025-08-06T20:00:00.000000000,0.475,0.0,0.0,0.10300000000000001,0.34318622317167224,0.0
497513,2025-08-06T21:00:00.000000000,0.946,0.0,0.0,0.097,0.3232573903999611,0.0
497513,2025-08-06T22:00:00.000000000,0.892,0.0,0.0,0.08800000000000001,1.1549930875487278,0.0
497513,2025-08-06T23:00:00.000000000,0.546,0.0,0.0,0.075,0.3235504614701334,0.0
497513,2025-08-07T00:00:00.000000000,0.45299999999999996,0.0,0.0,0.066,0.6667366846418057,0.0
497513,2025-08-07T01:00:00.000000000,0.364,0.0,0.0,0.05399999999999999,0.84140704246445,0.0
497513,2025-08-07T02:00:00.000000000,0.358,0.0,0.0,0.052,0.3235504614701334,0.0
497513,2025-08-07T03:00:00.000000000,0.353,0.0,0.0,0.048,0.34318622317167224,0.0
497513,2025-08-07T04:00:00.000000000,0.349,0.0,0.0,0.046,0.3235504614701334,0.0
497513,2025-08-07T05:00:00.000000000,0.345,0.0,0.0,0.044,0.0,0.0
497513,2025-08-07T06:00:00.000000000,0.343,0.0,0.0,0.042,0.3235504614701334,0.0
497513,2025-08-07T07:00:00.000000000,0.338,0.0,0.0,0.04,0.0,0.0
497513,2025-08-07T08:00:00.000000000,0.366,0.0,0.0,0.041,0.6822694513609333,0.0
497513,2025-08-07T09:00:00.000000000,0.44300000000000006,0.0,0.0,0.052,0.8584051645344388,0.0
497513,2025-08-07T10:00:00.000000000,0.852,0.0,0.0,0.078,0.3235504614701334,0.0
497513,2025-08-07T11:00:00.000000000,0.938,0.0,0.0,0.08499999999999999,0.7016121419923,0.0
497513,2025-08-07T12:00:00.000000000,1.2570000000000001,0.0,0.0,0.098,2.005778404258689,0.0
497513,2025-08-07T13:00:00.000000000,1.368,0.0,0.0,0.09999999999999999,1.50081695035195,0.0
497513,2025-08-07T14:00:00.000000000,1.6740000000000004,0.0,0.0,0.104,0.0,0.0
497513,2025-08-07T15:00:00.000000000,0.456,0.0,0.0,0.104,0.3235504614701334,0.0
497513,2025-08-07T16:00:00.000000000,0.453,0.0,0.0,0.104,0.0,0.0
497513,2025-08-07T17:00:00.000000000,0.443,0.0,0.0,0.104,1.7595987053140223,0.0
497513,2025-08-07T18:00:00.000000000,0.915,0.0,0.0,0.104,0.34318622317167224,0.0
497513,2025-08-07T19:00:00.000000000,0.492,0.0,0.0,0.10300000000000001,0.0,0.0
497513,2025-08-07T20:00:00.000000000,0.908,0.0,0.0,0.099,1.4181709085633833,0.0
497513,2025-08-07T21:00:00.000000000,0.479,0.0,0.0,0.08800000000000001,0.0,0.0
497513,2025-08-07T22:00:00.000000000,0.42400000000000004,0.0,0.0,0.07,0.3235504614701334,0.0
497513,2025-08-07T23:00:00.000000000,0.376,0.0,0.0,0.059,0.0,0.0
497513,2025-08-08T00:00:00.000000000,0.40099999999999997,0.0,0.0,0.051,0.7089389187466055,0.0
497513,2025-08-08T01:00:00.000000000,0.377,0.0,0.0,0.05,0.3267742432420278,0.0
497513,2025-08-08T02:00:00.000000000,0.355,0.0,0.0,0.047,0.3235504614701334,0.0
497513,2025-08-08T03:00:00.000000000,0.347,0.0,0.0,0.043000000000000003,0.0,0.0
497513,2025-08-08T04:00:00.000000000,0.34,0.0,0.0,0.036,0.3235504614701334,0.0
497513,2025-08-08T05:00:00.000000000,0.333,0.0,0.0,0.037,0.0,0.0
497513,2025-08-08T06:00:00.000000000,0.335,0.0,0.0,0.039,0.3235504614701334,0.0
497513,2025-08-08T07:00:00.000000000,0.34,0.0,0.0,0.04,0.3235504614701334,0.0
497513,2025-08-08T08:00:00.000000000,0.34299999999999997,0.0,0.0,0.04,0.0,0.0
497513,2025-08-08T09:00:00.000000000,0.355,0.0,0.0,0.04,0.34318622317167224,0.0
497513,2025-08-08T10:00:00.000000000,0.347,0.0,0.0,0.041999999999999996,0.6893031570450667,0.0
497513,2025-08-08T11:00:00.000000000,0.408,0.0,0.0,0.062,0.0,0.0
497513,2025-08-08T12:00:00.000000000,0.418,0.0,0.0,0.07300000000000001,0.3235504614701334,0.0
497513,2025-08-08T13:00:00.000000000,0.425,0.0,0.0,0.08,0.6969230048695445,0.0
497513,2025-08-08T14:00:00.000000000,0.44499999999999995,0.0,0.0,0.08499999999999999,1.1766803467414721,0.0
497513,2025-08-08T15:00:00.000000000,0.44,0.0,0.0,0.089,1.5195734988429723,0.0
497513,2025-08-08T16:00:00.000000000,0.443,0.0,0.0,0.097,0.34318622317167224,0.0
497513,2025-08-08T17:00:00.000000000,0.461,0.0,0.0,0.098,0.34318622317167224,0.0
497513,2025-08-08T18:00:00.000000000,0.545,0.0,0.0,0.1,0.3235504614701334,0.0
497513,2025-08-08T19:00:00.000000000,1.029,0.0,0.0,0.098,0.34318622317167224,0.0
497513,2025-08-08T20:00:00.000000000,1.724,0.0,0.0,0.095,0.36545962450476116,0.0
497513,2025-08-08T21:00:00.000000000,0.387,0.0,0.0,0.07100000000000001,1.0834837464267055,0.0
497513,2025-08-08T22:00:00.000000000,0.374,0.0,0.0,0.056,1.1250998383911612,0.0
497513,2025-08-08T23:00:00.000000000,0.365,0.0,0.0,0.049,0.34318622317167224,0.0
497513,2025-08-09T00:00:00.000000000,0.352,0.0,0.0,0.038000000000000006,0.84140704246445,0.0
497513,2025-08-09T01:00:00.000000000,0.35,0.0,0.0,0.03799999999999999,0.3235504614701334,0.0
497513,2025-08-09T02:00:00.000000000,0.349,0.0,0.0,0.041,0.0,0.0
497513,2025-08-09T03:00:00.000000000,0.344,0.0,0.0,0.04,0.3235504614701334,0.0
497513,2025-08-09T04:00:00.000000000,0.342,0.0,0.0,0.04,0.0,0.0
497513,2025-08-09T05:00:00.000000000,0.34,0.0,0.0,0.036,0.3235504614701334,0.0
497513,2025-08-09T06:00:00.000000000,0.337,0.0,0.0,0.034999999999999996,0.7086458476764335,0.0
497513,2025-08-09T07:00:00.000000000,0.34,0.0,0.0,0.04,0.3235504614701334,0.0
497513,2025-08-09T08:00:00.000000000,0.34099999999999997,0.0,0.0,0.04,0.0,0.0
497513,2025-08-09T09:00:00.000000000,0.8089999999999999,0.0,0.0,0.05299999999999999,0.3235504614701334,0.0
497513,2025-08-09T10:00:00.000000000,0.408,0.0,0.0,0.062,0.0,0.0
497513,2025-08-09T11:00:00.000000000,0.421,0.0,0.0,0.07400000000000001,0.3235504614701334,0.0
497513,2025-08-09T12:00:00.000000000,0.425,0.0,0.0,0.08,0.0,0.0
497513,2025-08-09T13:00:00.000000000,0.429,0.0,0.0,0.083,0.34318622317167224,0.0
497513,2025-08-09T14:00:00.000000000,0.437,0.0,0.0,0.089,0.3235504614701334,0.0
497513,2025-08-09T15:00:00.000000000,0.446,0.0,0.0,0.096,0.0,0.0
497513,2025-08-09T16:00:00.000000000,0.45,0.0,0.0,0.101,0.6863724463433445,0.0
497513,2025-08-09T17:00:00.000000000,0.443,0.0,0.0,0.104,0.0,0.0
497513,2025-08-09T18:00:00.000000000,0.485,0.0,0.0,0.103,0.6863724463433445,0.0
497513,2025-08-09T19:00:00.000000000,0.492,0.0,0.0,0.10200000000000001,0.34318622317167224,0.0
497513,2025-08-09T20:00:00.000000000,0.487,0.0,0.0,0.096,0.6863724463433445,0.0
497513,2025-08-09T21:00:00.000000000,0.471,0.0,0.0,0.081,0.3235504614701334,0.0
497513,2025-08-09T22:00:00.000000000,0.459,0.0,0.0,0.068,0.0,0.0
497513,2025-08-09T23:00:00.000000000,0.467,0.0,0.0,0.054,1.4169986242826944,0.0
497513,2025-08-10T00:00:00.000000000,0.475,0.0,0.0,0.053,0.34318622317167224,0.0
497513,2025-08-10T01:00:00.000000000,0.38,0.0,0.0,0.048,0.3235504614701334,0.0
497513,2025-08-10T02:00:00.000000000,0.33999999999999997,0.0,0.0,0.035,1.8906014736810057,0.0
497513,2025-08-10T03:00:00.000000000,0.343,0.0,0.0,0.038,0.0,0.0
497513,2025-08-10T04:00:00.000000000,0.333,0.0,0.0,0.033,1.0582796343918945,0.0
497513,2025-08-10T05:00:00.000000000,0.339,0.0,0.0,0.036,0.0,0.0
497513,2025-08-10T06:00:00.000000000,0.336,0.0,0.0,0.036,0.3235504614701334,0.0
497513,2025-08-10T07:00:00.000000000,0.333,0.0,0.0,0.032,0.0,0.0
497513,2025-08-10T08:00:00.000000000,0.335,0.0,0.0,0.033,0.3235504614701334,0.0
497513,2025-08-10T09:00:00.000000000,0.374,0.0,0.0,0.040999999999999995,0.0,0.0
497513,2025-08-10T10:00:00.000000000,0.4,0.0,0.0,0.053,0.6828555935012779,0.0
497513,2025-08-10T11:00:00.000000000,0.898,0.0,0.0,0.07400000000000001,0.3235504614701334,0.0
497513,2025-08-10T12:00:00.000000000,2.227,0.0,0.0,0.096,0.0,0.0
497513,2025-08-10T13:00:00.000000000,0.741,0.0,0.0,0.099,0.3235504614701334,0.0
497513,2025-08-10T14:00:00.000000000,0.45,0.0,0.0,0.1,1.4674068483523168,0.0
497513,2025-08-10T15:00:00.000000000,0.419,0.0,0.0,0.104,0.36545962450476116,0.0
497513,2025-08-10T16:00:00.000000000,0.412,0.0,0.0,0.104,0.34318622317167224,0.0
497513,2025-08-10T17:00:00.000000000,0.467,0.0,0.0,0.104,0.32325739039996115,0.0
497513,2025-08-10T18:00:00.000000000,0.9690000000000001,0.0,0.0,0.104,1.1532346611276945,0.0
497513,2025-08-10T19:00:00.000000000,0.507,0.0,0.0,0.104,0.34318622317167224,0.0
497513,2025-08-10T20:00:00.000000000,0.45099999999999996,0.0,0.0,0.098,0.3235504614701334,0.0
497513,2025-08-10T21:00:00.000000000,0.475,0.0,0.0,0.083,0.0,0.0
497513,2025-08-10T22:00:00.000000000,0.461,0.0,0.0,0.07,0.3235504614701334,0.0
497513,2025-08-10T23:00:00.000000000,0.454,0.0,0.0,0.061,0.34318622317167224,0.0
497513,2025-08-11T00:00:00.000000000,0.377,0.0,0.0,0.052,0.6667366846418057,0.0
497513,2025-08-11T01:00:00.000000000,0.372,0.0,0.0,0.05,0.3235504614701334,0.0
497513,2025-08-11T02:00:00.000000000,0.351,0.0,0.0,0.045000000000000005,0.6667366846418057,0.0
497513,2025-08-11T03:00:00.000000000,0.345,0.0,0.0,0.04,0.6893031570450667,0.0
497513,2025-08-11T04:00:00.000000000,0.337,0.0,0.0,0.033,1.28980577982795,0.0
497513,2025-08-11T05:00:00.000000000,0.337,0.0,0.0,0.036,0.0,0.0
497513,2025-08-11T06:00:00.000000000,0.334,0.0,0.0,0.033,0.3235504614701334,0.0
497513,2025-08-11T07:00:00.000000000,0.332,0.0,0.0,0.032,0.0,0.0
497513,2025-08-11T08:00:00.000000000,0.336,0.0,0.0,0.033,0.3235504614701334,0.0
497513,2025-08-11T09:00:00.000000000,0.35,0.0,0.0,0.046,0.3235504614701334,0.0
497513,2025-08-11T10:00:00.000000000,0.366,0.0,0.0,0.062,0.0,0.0
497513,2025-08-11T11:00:00.000000000,0.418,0.0,0.0,0.07300000000000001,1.508436798176428,0.0
497513,2025-08-11T12:00:00.000000000,0.471,0.0,0.0,0.086,1.1760942046011278,0.0
497513,2025-08-11T13:00:00.000000000,0.44699999999999995,0.0,0.0,0.093,1.0635549136549944,0.0
497513,2025-08-11T14:00:00.000000000,0.449,0.0,0.0,0.099,1.0571073501112056,0.0
497513,2025-08-11T15:00:00.000000000,0.454,0.0,0.0,0.10400000000000001,2.0852006642753613,0.0
497513,2025-08-11T16:00:00.000000000,0.458,0.0,0.0,0.11,1.6107186016665334,0.0
497513,2025-08-11T17:00:00.000000000,0.439,0.0,0.0,0.112,0.7086458476764335,0.0
497513,2025-08-11T18:00:00.000000000,0.452,0.0,0.0,0.111,0.7089389187466055,0.0
497513,2025-08-11T19:00:00.000000000,0.43,0.0,0.0,0.10600000000000001,1.0896382389003223,0.0
497513,2025-08-11T20:00:00.000000000,0.509,0.0,0.0,0.099,1.8615874377339559,0.0
497513,2025-08-11T21:00:00.000000000,1.9329999999999998,0.0,0.0,0.099,1.2267954997409223,0.0
497513,2025-08-11T22:00:00.000000000,1.7519999999999998,0.0,0.0,0.096,1.6699189578413223,0.0
497513,2025-08-11T23:00:00.000000000,0.532,0.0,0.0,0.082,0.0,0.0
497513,2025-08-12T00:00:00.000000000,0.41900000000000004,0.0,0.0,0.064,1.0295586695150167,0.0
497513,2025-08-12T01:00:00.000000000,0.365,0.0,0.0,0.055999999999999994,0.7089389187466055,0.0
497513,2025-08-12T02:00:00.000000000,0.352,0.0,0.0,0.046,1.1845932656361222,0.0
497513,2025-08-12T03:00:00.000000000,0.349,0.0,0.0,0.044,0.3235504614701334,0.0
497513,2025-08-12T04:00:00.000000000,0.345,0.0,0.0,0.041,0.0,0.0
497513,2025-08-12T05:00:00.000000000,0.341,0.0,0.0,0.04,0.3235504614701334,0.0
497513,2025-08-12T06:00:00.000000000,0.34,0.0,0.0,0.038,0.0,0.0
497513,2025-08-12T07:00:00.000000000,0.337,0.0,0.0,0.036,0.3235504614701334,0.0
497513,2025-08-12T08:00:00.000000000,0.342,0.0,0.0,0.03,0.7174379797816,0.0
497513,2025-08-12T09:00:00.000000000,0.345,0.0,0.0,0.040999999999999995,0.3235504614701334,0.0
497513,2025-08-12T10:00:00.000000000,0.39399999999999996,0.0,0.0,0.057,0.0,0.0
497513,2025-08-12T11:00:00.000000000,0.387,0.0,0.0,0.07100000000000001,0.3235504614701334,0.0
497513,2025-08-12T12:00:00.000000000,0.381,0.0,0.0,0.077,1.3334733692836112,0.0
497513,2025-08-12T13:00:00.000000000,0.395,0.0,0.0,0.091,0.3235504614701334,0.0
497513,2025-08-12T14:00:00.000000000,0.408,0.0,0.0,0.103,0.34318622317167224,0.0
497513,2025-08-12T15:00:00.000000000,0.416,0.0,0.0,0.11,0.6863724463433445,0.0
497513,2025-08-12T16:00:00.000000000,0.416,0.0,0.0,0.11,0.3235504614701334,0.0
497513,2025-08-12T17:00:00.000000000,0.412,0.0,0.0,0.108,0.0,0.0
497513,2025-08-12T18:00:00.000000000,0.448,0.0,0.0,0.104,0.3235504614701334,0.0
497513,2025-08-12T19:00:00.000000000,0.427,0.0,0.0,0.101,0.0,0.0
497513,2025-08-12T20:00:00.000000000,0.426,0.0,0.0,0.091,0.3235504614701334,0.0
497513,2025-08-12T21:00:00.000000000,0.471,0.0,0.0,0.08,0.0,0.0
497513,2025-08-12T22:00:00.000000000,0.456,0.0,0.0,0.065,0.3235504614701334,0.0
497513,2025-08-12T23:00:00.000000000,0.387,0.0,0.0,0.052000000000000005,0.0,0.0
497513,2025-08-13T00:00:00.000000000,0.369,0.0,0.0,0.044,0.3235504614701334,0.0
497513,2025-08-13T01:00:00.000000000,0.363,0.0,0.0,0.037,1.919029367487711,0.0
497513,2025-08-13T02:00:00.000000000,0.343,0.0,0.0,0.038,0.6471009229402668,0.0
497513,2025-08-13T03:00:00.000000000,0.331,0.0,0.0,0.036,0.0,0.0
497513,2025-08-13T04:00:00.000000000,0.321,0.0,0.0,0.034999999999999996,0.5961065567303,0.0
497513,2025-08-13T05:00:00.000000000,0.315,0.0,0.0,0.034,0.4818088393631333,0.0
497513,2025-08-13T06:00:00.000000000,0.328,0.0,0.0,0.032,0.34318622317167224,0.0
497513,2025-08-13T07:00:00.000000000,0.332,0.0,0.0,0.032,0.3232573903999611,0.0
497513,2025-08-13T08:00:00.000000000,0.7709999999999999,0.0,0.0,0.04,0.0,0.0
497513,2025-08-13T09:00:00.000000000,0.37,0.0,0.0,0.033,0.3235504614701334,0.0
497513,2025-08-13T10:00:00.000000000,0.401,0.0,0.0,0.034,0.0,0.0
497513,2025-08-13T11:00:00.000000000,0.385,0.0,0.0,0.037,0.3235504614701334,0.0
497513,2025-08-13T12:00:00.000000000,0.4,0.0,0.0,0.046,0.3235504614701334,0.0
497513,2025-08-13T13:00:00.000000000,0.396,0.0,0.0,0.051000000000000004,0.3376178728384,0.0
497513,2025-08-13T14:00:00.000000000,0.411,0.0,0.0,0.063,0.34318622317167224,0.0
497513,2025-08-13T15:00:00.000000000,0.426,0.0,0.0,0.076,0.3235504614701334,0.0
497513,2025-08-13T16:00:00.000000000,0.428,0.0,0.0,0.081,0.6667366846418057,0.0
497513,2025-08-13T17:00:00.000000000,0.435,0.0,0.0,0.084,0.32355046147013333,0.0
497513,2025-08-13T18:00:00.000000000,0.482,0.0,0.0,0.088,0.0,0.0
497513,2025-08-13T19:00:00.000000000,1.3639999999999999,0.0,0.0,0.08900000000000001,1.0518320708481057,0.0
497513,2025-08-13T20:00:00.000000000,0.475,0.0,0.0,0.065,1.2522926828459056,0.0
497513,2025-08-13T21:00:00.000000000,0.443,0.0,0.0,0.05299999999999999,1.25287882498625,0.0
497513,2025-08-13T22:00:00.000000000,0.439,0.0,0.0,0.047,1.0521251419182778,0.0
497513,2025-08-13T23:00:00.000000000,0.454,0.0,0.0,0.043,1.1289097623034001,0.0
497513,2025-08-14T00:00:00.000000000,0.374,0.0,0.0,0.04,1.6221483734032502,0.0
497513,2025-08-14T01:00:00.000000000,0.352,0.0,0.0,0.041999999999999996,0.6667366846418057,0.0
497513,2025-08-14T02:00:00.000000000,0.349,0.0,0.0,0.042,0.0,0.0
497513,2025-08-14T03:00:00.000000000,0.344,0.0,0.0,0.04,0.3235504614701334,0.0
497513,2025-08-14T04:00:00.000000000,0.341,0.0,0.0,0.036,0.0,0.0
497513,2025-08-14T05:00:00.000000000,0.337,0.0,0.0,0.036,0.3235504614701334,0.0
497513,2025-08-14T06:00:00.000000000,0.335,0.0,0.0,0.034,0.0,0.0
497513,2025-08-14T07:00:00.000000000,0.332,0.0,0.0,0.032,0.3235504614701334,0.0
497513,2025-08-14T08:00:00.000000000,0.336,0.0,0.0,0.033,0.0,0.0
497513,2025-08-14T09:00:00.000000000,0.35500000000000004,0.0,0.0,0.032,0.7077666344659166,0.0
497513,2025-08-14T10:00:00.000000000,0.371,0.0,0.0,0.034,0.3235504614701334,0.0
497513,2025-08-14T11:00:00.000000000,0.41700000000000004,0.0,0.0,0.039999999999999994,0.0,0.0
497513,2025-08-14T12:00:00.000000000,0.7949999999999999,0.0,0.0,0.063,0.3235504614701334,0.0
497513,2025-08-14T13:00:00.000000000,0.407,0.0,0.0,0.061,0.7089389187466055,0.0
497513,2025-08-14T14:00:00.000000000,0.421,0.0,0.0,0.07,0.7089389187466055,0.0
497513,2025-08-14T15:00:00.000000000,0.43,0.0,0.0,0.079,1.5280725598779665,0.0
497513,2025-08-14T16:00:00.000000000,0.433,0.0,0.0,0.08499999999999999,1.165543646074928,0.0
497513,2025-08-14T17:00:00.000000000,0.444,0.0,0.0,0.093,0.33029109608409446,0.0
497513,2025-08-14T18:00:00.000000000,0.489,0.0,0.0,0.095,0.3434792942418444,0.0
497513,2025-08-14T19:00:00.000000000,0.476,0.0,0.0,0.08800000000000001,0.6667366846418057,0.0
497513,2025-08-14T20:00:00.000000000,0.46799999999999997,0.0,0.0,0.077,0.0,0.0
497513,2025-08-14T21:00:00.000000000,0.455,0.0,0.0,0.063,1.0245764613220891,0.0
497513,2025-08-14T22:00:00.000000000,0.42300000000000004,0.0,0.0,0.051,1.1098601427422057,0.0
497513,2025-08-14T23:00:00.000000000,0.358,0.0,0.0,0.042,1.154113874338211,0.0
497513,2025-08-15T00:00:00.000000000,0.376,0.0,0.0,0.040999999999999995,1.0339547355676,0.0
497513,2025-08-15T01:00:00.000000000,0.358,0.0,0.0,0.035,1.0761569696724,0.0
497513,2025-08-15T02:00:00.000000000,0.341,0.0,0.0,0.034999999999999996,0.0,0.0
497513,2025-08-15T03:00:00.000000000,0.336,0.0,0.0,0.032,0.3235504614701334,0.0
497513,2025-08-15T04:00:00.000000000,0.328,0.0,0.0,0.033,0.0,0.0
497513,2025-08-15T05:00:00.000000000,0.335,0.0,0.0,0.032,0.3235504614701334,0.0
497513,2025-08-15T06:00:00.000000000,0.332,0.0,0.0,0.032,0.0,0.0
497513,2025-08-15T07:00:00.000000000,0.332,0.0,0.0,0.032,0.3235504614701334,0.0
497513,2025-08-15T08:00:00.000000000,0.332,0.0,0.0,0.028,0.0,0.0
497513,2025-08-15T09:00:00.000000000,0.352,0.0,0.0,0.028999999999999998,1.0708816904093001,0.0
497513,2025-08-15T10:00:00.000000000,0.423,0.0,0.0,0.035,1.5506390322812276,0.0
497513,2025-08-15T11:00:00.000000000,0.436,0.0,0.0,0.048,0.0,0.0
497513,2025-08-15T12:00:00.000000000,0.41400000000000003,0.0,0.0,0.049,0.3235504614701334,0.0
497513,2025-08-15T13:00:00.000000000,0.402,0.0,0.0,0.056999999999999995,0.0,0.0
497513,2025-08-15T14:00:00.000000000,0.7010000000000001,0.0,0.0,0.07,0.6667366846418057,0.0
497513,2025-08-15T15:00:00.000000000,6.377000000000001,0.0,0.0,0.099,1.0377646594798389,0.0
497513,2025-08-15T16:00:00.000000000,6.097,0.0,0.0,0.102,1.4495295130718113,0.0
497513,2025-08-15T17:00:00.000000000,6.101999999999999,0.0,0.0,0.104,1.6253721551751443,0.0
497513,2025-08-15T18:00:00.000000000,1.153,0.0,0.0,0.099,1.4665276351418002,0.0
497513,2025-08-15T19:00:00.000000000,0.46499999999999997,0.0,0.0,0.09200000000000001,0.34318622317167224,0.0
497513,2025-08-15T20:00:00.000000000,0.396,0.0,0.0,0.078,0.34318622317167224,0.0
497513,2025-08-15T21:00:00.000000000,0.377,0.0,0.0,0.06,1.5963581192280945,0.0
497513,2025-08-15T22:00:00.000000000,0.412,0.0,0.0,0.056999999999999995,0.0,0.0
497513,2025-08-15T23:00:00.000000000,0.446,0.0,0.0,0.053,0.6863724463433445,0.0
497513,2025-08-16T00:00:00.000000000,0.362,0.0,0.0,0.047,0.0,0.0
497513,2025-08-16T01:00:00.000000000,0.353,0.0,0.0,0.044,0.3235504614701334,0.0
497513,2025-08-16T02:00:00.000000000,0.348,0.0,0.0,0.04,0.0,0.0
497513,2025-08-16T03:00:00.000000000,0.345,0.0,0.0,0.04,0.3235504614701334,0.0
497513,2025-08-16T04:00:00.000000000,0.344,0.0,0.0,0.04,0.0,0.0
497513,2025-08-16T05:00:00.000000000,0.344,0.0,0.0,0.04,0.3235504614701334,0.0
497513,2025-08-16T06:00:00.000000000,0.748,0.0,0.0,0.043,1.8413655338920722,0.0
497513,2025-08-16T07:00:00.000000000,0.323,0.0,0.0,0.037,1.533640910211239,0.0
497513,2025-08-16T08:00:00.000000000,0.379,0.0,0.0,0.038,0.0,0.0
497513,2025-08-16T09:00:00.000000000,0.7739999999999999,0.0,0.0,0.05,0.3235504614701334,0.0
497513,2025-08-16T10:00:00.000000000,0.398,0.0,0.0,0.051,0.34318622317167224,0.0
497513,2025-08-16T11:00:00.000000000,0.414,0.0,0.0,0.066,0.32501581682099445,0.0
497513,2025-08-16T12:00:00.000000000,3.8180000000000005,0.0,0.0,0.088,1.1599752957416556,0.0
497513,2025-08-16T13:00:00.000000000,4.960999999999999,0.0,0.0,0.096,0.7010259998519556,0.0
497513,2025-08-16T14:00:00.000000000,0.446,0.0,0.0,0.097,1.1259790516016777,0.0
497513,2025-08-16T15:00:00.000000000,0.48,0.0,0.0,0.1,0.3235504614701334,0.0
497513,2025-08-16T16:00:00.000000000,1.262,0.0,0.0,0.1,0.007326776754305556,0.0
497513,2025-08-16T17:00:00.000000000,0.475,0.0,0.0,0.102,0.3162236847158278,0.0
497513,2025-08-16T18:00:00.000000000,0.498,0.0,0.0,0.104,0.34318622317167224,0.0
497513,2025-08-16T19:00:00.000000000,0.491,0.0,0.0,0.104,0.3235504614701334,0.0
497513,2025-08-16T20:00:00.000000000,0.905,0.0,0.0,0.098,0.3235504614701334,0.0
497513,2025-08-16T21:00:00.000000000,0.473,0.0,0.0,0.082,0.7344361018515889,0.0
497513,2025-08-16T22:00:00.000000000,0.452,0.0,0.0,0.06,2.0942858674507,0.0
497513,2025-08-16T23:00:00.000000000,0.446,0.0,0.0,0.052000000000000005,1.0761569696724,0.0
497513,2025-08-17T00:00:00.000000000,0.40700000000000003,0.0,0.0,0.041,2.2009637369933888,0.0
497513,2025-08-17T01:00:00.000000000,0.367,0.0,0.0,0.04,0.703077497343161,0.0
497513,2025-08-17T02:00:00.000000000,0.34,0.0,0.0,0.036000000000000004,0.6793387406592111,0.0
497513,2025-08-17T03:00:00.000000000,0.323,0.0,0.0,0.023,2.2991425455010837,0.0
497513,2025-08-17T04:00:00.000000000,0.333,0.0,0.0,0.031,0.0,0.0
497513,2025-08-17T05:00:00.000000000,0.333,0.0,0.0,0.032,0.3235504614701334,0.0
497513,2025-08-17T06:00:00.000000000,0.336,0.0,0.0,0.036,0.0,0.0
497513,2025-08-17T07:00:00.000000000,0.332,0.0,0.0,0.034,0.679045669589039,0.0
497513,2025-08-17T08:00:00.000000000,0.344,0.0,0.0,0.034,0.7221271169043556,0.0
497513,2025-08-17T09:00:00.000000000,0.373,0.0,0.0,0.036000000000000004,1.1344781126366723,0.0
497513,2025-08-17T10:00:00.000000000,0.386,0.0,0.0,0.03899999999999999,1.0421607255324221,0.0
497513,2025-08-17T11:00:00.000000000,0.364,0.0,0.0,0.047999999999999994,0.7191964062026333,0.0
497513,2025-08-17T12:00:00.000000000,0.363,0.0,0.0,0.057999999999999996,0.6667366846418057,0.0
497513,2025-08-17T13:00:00.000000000,0.372,0.0,0.0,0.068,0.34318622317167224,0.0
497513,2025-08-17T14:00:00.000000000,0.388,0.0,0.0,0.081,0.3235504614701334,0.0
497513,2025-08-17T15:00:00.000000000,0.433,0.0,0.0,0.094,0.6667366846418057,0.0
497513,2025-08-17T16:00:00.000000000,0.445,0.0,0.0,0.096,0.0,0.0
497513,2025-08-17T17:00:00.000000000,0.499,0.0,0.0,0.095,0.3235504614701334,0.0
497513,2025-08-17T18:00:00.000000000,0.918,0.0,0.0,0.096,0.0,0.0
497513,2025-08-17T19:00:00.000000000,1.857,0.0,0.0,0.096,0.34318622317167224,0.0
497513,2025-08-17T20:00:00.000000000,0.8079999999999999,0.0,0.0,0.09000000000000001,0.3235504614701334,0.0
497513,2025-08-17T21:00:00.000000000,0.46199999999999997,0.0,0.0,0.07200000000000001,0.6667366846418057,0.0
497513,2025-08-17T22:00:00.000000000,0.451,0.0,0.0,0.059,0.34318622317167224,0.0
497513,2025-08-17T23:00:00.000000000,0.444,0.0,0.0,0.051000000000000004,0.3235504614701334,0.0
497513,2025-08-18T00:00:00.000000000,0.41200000000000003,0.0,0.0,0.043000000000000003,0.3235504614701334,0.0
497513,2025-08-18T01:00:00.000000000,0.36,0.0,0.0,0.038,0.6863724463433445,0.0
497513,2025-08-18T02:00:00.000000000,0.345,0.0,0.0,0.039,0.0,0.0
497513,2025-08-18T03:00:00.000000000,0.338,0.0,0.0,0.034,0.3235504614701334,0.0
497513,2025-08-18T04:00:00.000000000,0.332,0.0,0.0,0.028999999999999998,0.3235504614701334,0.0
497513,2025-08-18T05:00:00.000000000,0.328,0.0,0.0,0.025,0.0,0.0
497513,2025-08-18T06:00:00.000000000,0.305,0.0,0.0,0.018000000000000002,1.5617757329477722,0.0
497513,2025-08-18T07:00:00.000000000,0.801,0.0,0.0,0.031,0.0,0.0
497513,2025-08-18T08:00:00.000000000,1.586,0.0,0.0,0.054,1.0711747614794722,0.0
497513,2025-08-18T09:00:00.000000000,0.373,0.0,0.0,0.035,0.3235504614701334,0.0
497513,2025-08-18T10:00:00.000000000,0.392,0.0,0.0,0.045,0.34318622317167224,0.0
497513,2025-08-18T11:00:00.000000000,0.403,0.0,0.0,0.056,0.34318622317167224,0.0
497513,2025-08-18T12:00:00.000000000,0.411,0.0,0.0,0.065,0.3235504614701334,0.0
497513,2025-08-18T13:00:00.000000000,0.42,0.0,0.0,0.074,0.0,0.0
497513,2025-08-18T14:00:00.000000000,0.41900000000000004,0.0,0.0,0.08,0.7089389187466055,0.0
497513,2025-08-18T15:00:00.000000000,0.44,0.0,0.0,0.091,0.34318622317167224,0.0
497513,2025-08-18T16:00:00.000000000,0.436,0.0,0.0,0.089,1.06296877151465,0.0
497513,2025-08-18T17:00:00.000000000,0.438,0.0,0.0,0.08700000000000001,1.1872309052676724,0.0
497513,2025-08-18T18:00:00.000000000,0.485,0.0,0.0,0.091,1.0028892021293445,0.0
497513,2025-08-18T19:00:00.000000000,0.471,0.0,0.0,0.081,0.6852001620626555,0.0
497513,2025-08-18T20:00:00.000000000,0.46,0.0,0.0,0.069,0.6863724463433445,0.0
497513,2025-08-18T21:00:00.000000000,0.449,0.0,0.0,0.057999999999999996,0.6866655174135167,0.0
497513,2025-08-18T22:00:00.000000000,0.44,0.0,0.0,0.05,0.08528368142011666,0.0
497513,2025-08-18T23:00:00.000000000,0.436,0.0,0.0,0.043000000000000003,0.5963996278004723,0.0
497513,2025-08-19T00:00:00.000000000,0.43200000000000005,0.0,0.0,0.045,0.3235504614701334,0.0
497513,2025-08-19T01:00:00.000000000,0.361,0.0,0.0,0.041,0.3434792942418444,0.0
497513,2025-08-19T02:00:00.000000000,0.34400000000000003,0.0,0.0,0.037,0.6866655174135167,0.0
497513,2025-08-19T03:00:00.000000000,0.344,0.0,0.0,0.04,0.3235504614701334,0.0
497513,2025-08-19T04:00:00.000000000,0.341,0.0,0.0,0.038,0.0,0.0
497513,2025-08-19T05:00:00.000000000,0.34,0.0,0.0,0.036,0.3235504614701334,0.0
497513,2025-08-19T06:00:00.000000000,0.338,0.0,0.0,0.036,0.0,0.0
497513,2025-08-19T07:00:00.000000000,0.336,0.0,0.0,0.036,0.3235504614701334,0.0
497513,2025-08-19T08:00:00.000000000,0.339,0.0,0.0,0.036,0.0,0.0
497513,2025-08-19T09:00:00.000000000,0.345,0.0,0.0,0.04,0.3235504614701334,0.0
497513,2025-08-19T10:00:00.000000000,0.406,0.0,0.0,0.047999999999999994,1.5907897688948223,0.0
497513,2025-08-19T11:00:00.000000000,0.407,0.0,0.0,0.062,0.8255812046751501,0.0
497513,2025-08-19T12:00:00.000000000,0.41100000000000003,0.0,0.0,0.066,1.9530256116276892,0.0
497513,2025-08-19T13:00:00.000000000,0.422,0.0,0.0,0.07600000000000001,0.79392952909655,0.0
497513,2025-08-19T14:00:00.000000000,0.40800000000000003,0.0,0.0,0.083,0.6670297557119778,0.0
497513,2025-08-19T15:00:00.000000000,0.424,0.0,0.0,0.086,0.3235504614701334,0.0
497513,2025-08-19T16:00:00.000000000,0.433,0.0,0.0,0.084,0.0,0.0
497513,2025-08-19T17:00:00.000000000,0.432,0.0,0.0,0.082,0.3235504614701334,0.0
497513,2025-08-19T18:00:00.000000000,0.431,0.0,0.0,0.079,1.0131466895853725,0.0
497513,2025-08-19T19:00:00.000000000,0.46599999999999997,0.0,0.0,0.076,0.3434792942418444,0.0
497513,2025-08-19T20:00:00.000000000,0.458,0.0,0.0,0.068,0.34318622317167224,0.0
497513,2025-08-19T21:00:00.000000000,0.45,0.0,0.0,0.059,0.6863724463433445,0.0
497513,2025-08-19T22:00:00.000000000,0.435,0.0,0.0,0.045,1.3580913391780778,0.0
497513,2025-08-19T23:00:00.000000000,0.429,0.0,0.0,0.034999999999999996,1.5770154285967277,0.0
497513,2025-08-20T00:00:00.000000000,0.37,0.0,0.0,0.037,0.34318622317167224,0.0
497513,2025-08-20T01:00:00.000000000,0.344,0.0,0.0,0.035,0.6471009229402668,0.0
497513,2025-08-20T02:00:00.000000000,0.341,0.0,0.0,0.036,0.0,0.0
497513,2025-08-20T03:00:00.000000000,0.34,0.0,0.0,0.036,0.3232573903999611,0.0
497513,2025-08-20T04:00:00.000000000,0.338,0.0,0.0,0.034999999999999996,0.0,0.0
497513,2025-08-20T05:00:00.000000000,0.336,0.0,0.0,0.032,0.3235504614701334,0.0
497513,2025-08-20T06:00:00.000000000,0.333,0.0,0.0,0.032,0.0,0.0
497513,2025-08-20T07:00:00.000000000,0.325,0.0,0.0,0.028999999999999998,1.0837768174968778,0.0
497513,2025-08-20T08:00:00.000000000,0.337,0.0,0.0,0.026000000000000002,1.2385183425478112,0.0
497513,2025-08-20T09:00:00.000000000,0.354,0.0,0.0,0.017,2.7024083380580612,0.0
497513,2025-08-20T10:00:00.000000000,0.377,0.0,0.0,0.03,0.6810971670802445,0.0
497513,2025-08-20T11:00:00.000000000,0.378,0.0,0.0,0.033,1.492610960387128,0.0
497513,2025-08-20T12:00:00.000000000,0.385,0.0,0.0,0.039999999999999994,1.8132307111555388,0.0
497513,2025-08-20T13:00:00.000000000,0.391,0.0,0.0,0.047,1.620683018052389,0.0
497513,2025-08-20T14:00:00.000000000,0.389,0.0,0.0,0.051,1.9049619561194442,0.0
497513,2025-08-20T15:00:00.000000000,0.417,0.0,0.0,0.068,0.7915849605351722,0.0
497513,2025-08-20T16:00:00.000000000,0.42,0.0,0.0,0.07300000000000001,0.5752985107480723,0.0
497513,2025-08-20T17:00:00.000000000,0.406,0.0,0.0,0.067,2.037430079837289,0.0
497513,2025-08-20T18:00:00.000000000,0.475,0.0,0.0,0.07600000000000001,0.0,0.0
497513,2025-08-20T19:00:00.000000000,0.859,0.0,0.0,0.082,0.3235504614701334,0.0
497513,2025-08-20T20:00:00.000000000,0.459,0.0,0.0,0.069,0.44136503167936664,0.0
497513,2025-08-20T21:00:00.000000000,0.449,0.0,0.0,0.057999999999999996,0.9322590742178388,0.0
497513,2025-08-20T22:00:00.000000000,0.442,0.0,0.0,0.05,0.0,0.0
497513,2025-08-20T23:00:00.000000000,0.437,0.0,0.0,0.043000000000000003,0.3235504614701334,0.0
497513,2025-08-21T00:00:00.000000000,0.429,0.0,0.0,0.039,0.0,0.0
497513,2025-08-21T01:00:00.000000000,0.374,0.0,0.0,0.034999999999999996,0.3434792942418444,0.0
497513,2025-08-21T02:00:00.000000000,0.339,0.0,0.0,0.032,0.34318622317167224,0.0
497513,2025-08-21T03:00:00.000000000,0.33,0.0,0.0,0.032,0.3235504614701334,0.0
497513,2025-08-21T04:00:00.000000000,0.336,0.0,0.0,0.032,0.0,0.0
497513,2025-08-21T05:00:00.000000000,0.334,0.0,0.0,0.032,0.3235504614701334,0.0
497513,2025-08-21T06:00:00.000000000,0.331,0.0,0.0,0.03,0.3235504614701334,0.0
497513,2025-08-21T07:00:00.000000000,0.317,0.0,0.0,0.024,1.074691614321539,0.0
497513,2025-08-21T08:00:00.000000000,0.345,0.0,0.0,0.021,2.124472187678439,0.0
497513,2025-08-21T09:00:00.000000000,0.364,0.0,0.0,0.027,0.0,0.0
497513,2025-08-21T10:00:00.000000000,0.374,0.0,0.0,0.026999999999999996,1.054762781549828,0.0
497513,2025-08-21T11:00:00.000000000,0.36800000000000005,0.0,0.0,0.032,0.7133349847991889,0.0
497513,2025-08-21T12:00:00.000000000,0.33999999999999997,0.0,0.0,0.035,1.6368019269118612,0.0
497513,2025-08-21T13:00:00.000000000,0.376,0.0,0.0,0.051,0.3434792942418444,0.0
497513,2025-08-21T14:00:00.000000000,0.413,0.0,0.0,0.063,0.34318622317167224,0.0
497513,2025-08-21T15:00:00.000000000,0.42,0.0,0.0,0.069,0.6863724463433445,0.0
497513,2025-08-21T16:00:00.000000000,0.433,0.0,0.0,0.077,0.0,0.0
497513,2025-08-21T17:00:00.000000000,0.477,0.0,0.0,0.081,0.3235504614701334,0.0
497513,2025-08-21T18:00:00.000000000,0.535,0.0,0.0,0.088,0.3235504614701334,0.0
497513,2025-08-21T19:00:00.000000000,0.536,0.0,0.0,0.081,0.3434792942418444,0.0
497513,2025-08-21T20:00:00.000000000,0.511,0.0,0.0,0.065,2.024534952749711,0.0
497513,2025-08-21T21:00:00.000000000,0.45,0.0,0.0,0.057999999999999996,0.34963378671546114,0.0
497513,2025-08-21T22:00:00.000000000,1.75,0.0,0.0,0.079,0.0,0.0
497513,2025-08-21T23:00:00.000000000,0.442,0.0,0.0,0.048,0.7036636394835056,0.0
497513,2025-08-22T00:00:00.000000000,0.46299999999999997,0.0,0.0,0.040999999999999995,1.6054433224034332,0.0
497513,2025-08-22T01:00:00.000000000,0.375,0.0,0.0,0.037,0.7092319898167778,0.0
497513,2025-08-22T02:00:00.000000000,0.335,0.0,0.0,0.029,1.0826045332161889,0.0
497513,2025-08-22T03:00:00.000000000,0.324,0.0,0.0,0.03,0.0,0.0
497513,2025-08-22T04:00:00.000000000,0.329,0.0,0.0,0.028,0.3235504614701334,0.0
497513,2025-08-22T05:00:00.000000000,0.329,0.0,0.0,0.028,0.0,0.0
497513,2025-08-22T06:00:00.000000000,0.328,0.0,0.0,0.028,0.3235504614701334,0.0
497513,2025-08-22T07:00:00.000000000,0.32,0.0,0.0,0.022,1.4665276351418,0.0
497513,2025-08-22T08:00:00.000000000,0.33699999999999997,0.0,0.0,0.025,0.5574211754675666,0.0
497513,2025-08-22T09:00:00.000000000,0.363,0.0,0.0,0.025,1.1163077062859945,0.0
497513,2025-08-22T10:00:00.000000000,0.385,0.0,0.0,0.038000000000000006,0.3235504614701334,0.0
497513,2025-08-22T11:00:00.000000000,0.399,0.0,0.0,0.053,0.0,0.0
497513,2025-08-22T12:00:00.000000000,0.407,0.0,0.0,0.063,0.3235504614701334,0.0
497513,2025-08-22T13:00:00.000000000,0.42,0.0,0.0,0.076,0.0,0.0
497513,2025-08-22T14:00:00.000000000,0.91,0.0,0.0,0.086,0.6737703903259389,0.0
497513,2025-08-22T15:00:00.000000000,2.117,0.0,0.0,0.099,1.7921295941031388,0.0
497513,2025-08-22T16:00:00.000000000,0.449,0.0,0.0,0.1,0.3235504614701334,0.0
497513,2025-08-22T17:00:00.000000000,0.964,0.0,0.0,0.103,0.7288677515183166,0.0
497513,2025-08-22T18:00:00.000000000,2.336,0.0,0.0,0.104,0.6468078518700945,0.0
497513,2025-08-22T19:00:00.000000000,0.8540000000000001,0.0,0.0,0.10200000000000001,1.1749219203204389,0.0
497513,2025-08-22T20:00:00.000000000,0.523,0.0,0.0,0.096,0.6471009229402668,0.0
497513,2025-08-22T21:00:00.000000000,0.47,0.0,0.0,0.077,0.33410101999633335,0.0
497513,2025-08-22T22:00:00.000000000,0.456,0.0,0.0,0.064,0.0,0.0
497513,2025-08-22T23:00:00.000000000,0.448,0.0,0.0,0.054000000000000006,0.6869585884836888,0.0
497513,2025-08-23T00:00:00.000000000,0.41600000000000004,0.0,0.0,0.049,0.0,0.0
497513,2025-08-23T01:00:00.000000000,0.366,0.0,0.0,0.043000000000000003,1.0509528576375888,0.0
497513,2025-08-23T02:00:00.000000000,0.34500000000000003,0.0,0.0,0.04,0.6670297557119778,0.0
497513,2025-08-23T03:00:00.000000000,0.331,0.0,0.0,0.038,0.0,0.0
497513,2025-08-23T04:00:00.000000000,0.321,0.0,0.0,0.034,0.3232573903999611,0.0
497513,2025-08-23T05:00:00.000000000,0.333,0.0,0.0,0.031,0.3434792942418444,0.0
497513,2025-08-23T06:00:00.000000000,0.796,0.0,0.0,0.034,1.8665696459268832,0.0
497513,2025-08-23T07:00:00.000000000,1.1480000000000001,0.0,0.0,0.055,0.3587189898908,0.0
497513,2025-08-23T08:00:00.000000000,0.33699999999999997,0.0,0.0,0.031,0.6471009229402668,0.0
497513,2025-08-23T09:00:00.000000000,0.379,0.0,0.0,0.040999999999999995,0.0,0.0
497513,2025-08-23T10:00:00.000000000,0.395,0.0,0.0,0.048,1.6546792621923667,0.0
497513,2025-08-23T11:00:00.000000000,0.41,0.0,0.0,0.064,1.4515810105630167,0.0
497513,2025-08-23T12:00:00.000000000,0.393,0.0,0.0,0.079,0.0,0.0
497513,2025-08-23T13:00:00.000000000,0.386,0.0,0.0,0.082,0.6869585884836888,0.0
497513,2025-08-23T14:00:00.000000000,0.394,0.0,0.0,0.089,0.6670297557119778,0.0
497513,2025-08-23T15:00:00.000000000,0.41600000000000004,0.0,0.0,0.099,0.0,0.0
497513,2025-08-23T16:00:00.000000000,0.453,0.0,0.0,0.104,0.3235504614701334,0.0
497513,2025-08-23T17:00:00.000000000,0.455,0.0,0.0,0.104,0.0,0.0
497513,2025-08-23T18:00:00.000000000,1.331,0.0,0.0,0.104,0.3235504614701334,0.0
497513,2025-08-23T19:00:00.000000000,0.491,0.0,0.0,0.101,0.0,0.0
497513,2025-08-23T20:00:00.000000000,0.48,0.0,0.0,0.091,1.1271513358823666,0.0
497513,2025-08-23T21:00:00.000000000,0.486,0.0,0.0,0.076,1.1268582648121943,0.0
497513,2025-08-23T22:00:00.000000000,0.453,0.0,0.0,0.063,0.7748799095353556,0.0
497513,2025-08-23T23:00:00.000000000,0.444,0.0,0.0,0.051000000000000004,1.3759686744585833,0.0
497513,2025-08-24T00:00:00.000000000,0.41600000000000004,0.0,0.0,0.049,0.3235504614701334,0.0
497513,2025-08-24T01:00:00.000000000,0.367,0.0,0.0,0.04,0.3434792942418444,0.0
497513,2025-08-24T02:00:00.000000000,0.34,0.0,0.0,0.032,0.0,0.0
497513,2025-08-24T03:00:00.000000000,0.335,0.0,0.0,0.031,0.3235504614701334,0.0
497513,2025-08-24T04:00:00.000000000,0.317,0.0,0.0,0.027000000000000003,0.0,0.0
497513,2025-08-24T05:00:00.000000000,0.305,0.0,0.0,0.024,0.3235504614701334,0.0
497513,2025-08-24T06:00:00.000000000,0.318,0.0,0.0,0.023,0.3434792942418444,0.0
497513,2025-08-24T07:00:00.000000000,0.323,0.0,0.0,0.023000000000000003,0.3235504614701334,0.0
497513,2025-08-24T08:00:00.000000000,0.322,0.0,0.0,0.02,0.3434792942418444,0.0
497513,2025-08-24T09:00:00.000000000,0.36,0.0,0.0,0.026000000000000002,0.3434792942418444,0.0
497513,2025-08-24T10:00:00.000000000,0.383,0.0,0.0,0.036000000000000004,0.7153864822903945,0.0
497513,2025-08-24T11:00:00.000000000,2.3209999999999997,0.0,0.0,0.056,0.3546159949083889,0.0
497513,2025-08-24T12:00:00.000000000,2.549,0.0,0.0,0.078,0.6661505425014611,0.0
497513,2025-08-24T13:00:00.000000000,0.428,0.0,0.0,0.08399999999999999,0.0,0.0
497513,2025-08-24T14:00:00.000000000,0.956,0.0,0.0,0.096,0.3434792942418444,0.0
497513,2025-08-24T15:00:00.000000000,1.303,0.0,0.0,0.104,0.3235504614701334,0.0
497513,2025-08-24T16:00:00.000000000,0.44899999999999995,0.0,0.0,0.10200000000000001,0.6863724463433445,0.0
497513,2025-08-24T17:00:00.000000000,0.403,0.0,0.0,0.097,0.3235504614701334,0.0
497513,2025-08-24T18:00:00.000000000,0.439,0.0,0.0,0.099,0.3235504614701334,0.0
497513,2025-08-24T19:00:00.000000000,0.40700000000000003,0.0,0.0,0.083,1.6998122069988888,0.0
497513,2025-08-24T20:00:00.000000000,0.389,0.0,0.0,0.071,1.1268582648121943,0.0
497513,2025-08-24T21:00:00.000000000,0.381,0.0,0.0,0.063,0.0,0.0
497513,2025-08-24T22:00:00.000000000,0.37,0.0,0.0,0.054,0.3235504614701334,0.0
497513,2025-08-24T23:00:00.000000000,0.364,0.0,0.0,0.046,0.0,0.0
497513,2025-08-25T00:00:00.000000000,0.355,0.0,0.0,0.041,0.3235504614701334,0.0
497513,2025-08-25T01:00:00.000000000,0.367,0.0,0.0,0.04,0.3235504614701334,0.0
497513,2025-08-25T02:00:00.000000000,0.34,0.0,0.0,0.033,0.7361945282726223,0.0
497513,2025-08-25T03:00:00.000000000,0.335,0.0,0.0,0.031,0.3235504614701334,0.0
497513,2025-08-25T04:00:00.000000000,0.333,0.0,0.0,0.03,0.0,0.0
497513,2025-08-25T05:00:00.000000000,0.327,0.0,0.0,0.024,1.1271513358823666,0.0
497513,2025-08-25T06:00:00.000000000,0.321,0.0,0.0,0.025,0.3434792942418444,0.0
497513,2025-08-25T07:00:00.000000000,0.324,0.0,0.0,0.024,0.0,0.0
497513,2025-08-25T08:00:00.000000000,0.327,0.0,0.0,0.024,0.3235504614701334,0.0
497513,2025-08-25T09:00:00.000000000,0.332,0.0,0.0,0.028,0.0,0.0
497513,2025-08-25T10:00:00.000000000,0.895,0.0,0.0,0.05,0.3235504614701334,0.0
497513,2025-08-25T11:00:00.000000000,1.2469999999999999,0.0,0.0,0.076,0.3235504614701334,0.0
497513,2025-08-25T12:00:00.000000000,0.411,0.0,0.0,0.066,0.7033705684133333,0.0
497513,2025-08-25T13:00:00.000000000,0.417,0.0,0.0,0.071,0.8027216612017166,0.0
497513,2025-08-25T14:00:00.000000000,0.416,0.0,0.0,0.068,4.211724349445006,0.0
497513,2025-08-25T15:00:00.000000000,0.41200000000000003,0.0,0.0,0.08299999999999999,0.8751102155342556,0.0
497513,2025-08-25T16:00:00.000000000,0.389,0.0,0.0,0.083,1.5301240573691723,0.0
497513,2025-08-25T17:00:00.000000000,0.392,0.0,0.0,0.08700000000000001,0.3434792942418444,0.0
497513,2025-08-25T18:00:00.000000000,4.538,0.0,0.0,0.098,1.4369274570544055,0.0
497513,2025-08-25T19:00:00.000000000,0.481,0.0,0.0,0.093,0.6667366846418056,0.0
497513,2025-08-25T20:00:00.000000000,0.474,0.0,0.0,0.083,0.0,0.0
497513,2025-08-25T21:00:00.000000000,0.46299999999999997,0.0,0.0,0.072,0.3235504614701334,0.0
497513,2025-08-25T22:00:00.000000000,0.451,0.0,0.0,0.06,0.0,0.0
497513,2025-08-25T23:00:00.000000000,0.508,0.0,0.0,0.056,0.3434792942418444,0.0
497513,2025-08-26T00:00:00.000000000,0.469,0.0,0.0,0.048,1.0717609036198166,0.0
497513,2025-08-26T01:00:00.000000000,0.385,0.0,0.0,0.04,1.4917317471766112,0.0
497513,2025-08-26T02:00:00.000000000,0.347,0.0,0.0,0.039,0.689596228115239,0.0
497513,2025-08-26T03:00:00.000000000,0.34099999999999997,0.0,0.0,0.036000000000000004,0.7669669906407055,0.0
497513,2025-08-26T04:00:00.000000000,0.34,0.0,0.0,0.036,0.3235504614701334,0.0
497513,2025-08-26T05:00:00.000000000,0.337,0.0,0.0,0.034,0.0,0.0
497513,2025-08-26T06:00:00.000000000,0.333,0.0,0.0,0.032,0.3235504614701334,0.0
497513,2025-08-26T07:00:00.000000000,0.33,0.0,0.0,0.028999999999999998,0.0,0.0
497513,2025-08-26T08:00:00.000000000,0.328,0.0,0.0,0.025,0.3235504614701334,0.0
497513,2025-08-26T09:00:00.000000000,0.348,0.0,0.0,0.033,0.3235504614701334,0.0
497513,2025-08-26T10:00:00.000000000,0.401,0.0,0.0,0.044,1.8293496200150112,0.0
497513,2025-08-26T11:00:00.000000000,0.447,0.0,0.0,0.06,1.910823377522889,0.0
497513,2025-08-26T12:00:00.000000000,0.436,0.0,0.0,0.071,1.2622570992317612,0.0
497513,2025-08-26T13:00:00.000000000,0.419,0.0,0.0,0.075,1.224157860109372,0.0
497513,2025-08-26T14:00:00.000000000,0.432,0.0,0.0,0.082,1.0559350658305167,0.0
497513,2025-08-26T15:00:00.000000000,0.43100000000000005,0.0,0.0,0.092,0.3235504614701334,0.0
497513,2025-08-26T16:00:00.000000000,0.431,0.0,0.0,0.095,0.3390832281892611,0.0
497513,2025-08-26T17:00:00.000000000,0.451,0.0,0.0,0.101,0.0,0.0
497513,2025-08-26T18:00:00.000000000,0.498,0.0,0.0,0.104,0.3235504614701334,0.0
497513,2025-08-26T19:00:00.000000000,0.77,0.0,0.0,0.098,2.6654813832163615,0.0
497513,2025-08-26T20:00:00.000000000,6.418,0.0,0.0,0.098,1.1136700666544443,0.0
497513,2025-08-26T21:00:00.000000000,2.1710000000000003,0.0,0.0,0.08700000000000001,0.6591168368173277,0.0
497513,2025-08-26T22:00:00.000000000,0.458,0.0,0.0,0.067,0.3258950300315111,0.0
497513,2025-08-26T23:00:00.000000000,0.46900000000000003,0.0,0.0,0.057999999999999996,0.70952506088695,0.0
497513,2025-08-27T00:00:00.000000000,0.475,0.0,0.0,0.05499999999999999,0.0,0.0
497513,2025-08-27T01:00:00.000000000,0.369,0.0,0.0,0.044,1.0512459287077611,0.0
497513,2025-08-27T02:00:00.000000000,0.348,0.0,0.0,0.041,0.3235504614701334,0.0
497513,2025-08-27T03:00:00.000000000,0.343,0.0,0.0,0.038,0.0,0.0
497513,2025-08-27T04:00:00.000000000,0.337,0.0,0.0,0.033,0.6869585884836888,0.0
497513,2025-08-27T05:00:00.000000000,0.335,0.0,0.0,0.032,0.3235504614701334,0.0
497513,2025-08-27T06:00:00.000000000,0.332,0.0,0.0,0.032,0.0,0.0
497513,2025-08-27T07:00:00.000000000,0.33,0.0,0.0,0.03,0.3235504614701334,0.0
497513,2025-08-27T08:00:00.000000000,0.336,0.0,0.0,0.026,0.713334984799189,0.0
497513,2025-08-27T09:00:00.000000000,0.33799999999999997,0.0,0.0,0.035,0.3235504614701334,0.0
497513,2025-08-27T10:00:00.000000000,0.354,0.0,0.0,0.046,0.0,0.0
497513,2025-08-27T11:00:00.000000000,0.367,0.0,0.0,0.06,0.32355046147013333,0.0
497513,2025-08-27T12:00:00.000000000,0.368,0.0,0.0,0.064,1.62214837340325,0.0
497513,2025-08-27T13:00:00.000000000,0.382,0.0,0.0,0.078,0.3235504614701334,0.0
497513,2025-08-27T14:00:00.000000000,0.405,0.0,0.0,0.089,0.0,0.0
497513,2025-08-27T15:00:00.000000000,0.402,0.0,0.0,0.096,0.3235504614701334,0.0
497513,2025-08-27T16:00:00.000000000,0.41,0.0,0.0,0.104,0.0,0.0
497513,2025-08-27T17:00:00.000000000,0.413,0.0,0.0,0.108,0.3232573903999611,0.0
497513,2025-08-27T18:00:00.000000000,0.494,0.0,0.0,0.112,0.0,0.0
497513,2025-08-27T19:00:00.000000000,0.916,0.0,0.0,0.109,0.3235504614701334,0.0
497513,2025-08-27T20:00:00.000000000,0.495,0.0,0.0,0.10200000000000001,0.0,0.0
497513,2025-08-27T21:00:00.000000000,0.476,0.0,0.0,0.08600000000000001,0.3235504614701334,0.0
497513,2025-08-27T22:00:00.000000000,0.458,0.0,0.0,0.067,1.0755708275320557,0.0
497513,2025-08-27T23:00:00.000000000,0.452,0.0,0.0,0.057999999999999996,0.6898892991854111,0.0
497513,2025-08-28T00:00:00.000000000,0.421,0.0,0.0,0.054,0.6869585884836888,0.0
497513,2025-08-28T01:00:00.000000000,0.374,0.0,0.0,0.052000000000000005,0.0,0.0
497513,2025-08-28T02:00:00.000000000,0.351,0.0,0.0,0.044000000000000004,0.6869585884836888,0.0
497513,2025-08-28T03:00:00.000000000,0.347,0.0,0.0,0.042,0.32355046147013333,0.0
497513,2025-08-28T04:00:00.000000000,0.344,0.0,0.0,0.04,0.0,0.0
497513,2025-08-28T05:00:00.000000000,0.34,0.0,0.0,0.038,0.3434792942418444,0.0
497513,2025-08-28T06:00:00.000000000,0.317,0.0,0.0,0.031,1.496713955369539,0.0
497513,2025-08-28T07:00:00.000000000,0.319,0.0,0.0,0.031,1.140632605110289,0.0
497513,2025-08-28T08:00:00.000000000,0.77,0.0,0.0,0.042,0.3557882791890778,0.0
497513,2025-08-28T09:00:00.000000000,0.367,0.0,0.0,0.039,1.4167055532125221,0.0
497513,2025-08-28T10:00:00.000000000,0.369,0.0,0.0,0.053,0.0,0.0
497513,2025-08-28T11:00:00.000000000,0.41,0.0,0.0,0.064,1.0371785173394943,0.0
497513,2025-08-28T12:00:00.000000000,0.417,0.0,0.0,0.07200000000000001,1.5342270523515833,0.0
497513,2025-08-28T13:00:00.000000000,0.432,0.0,0.0,0.086,0.0,0.0
497513,2025-08-28T14:00:00.000000000,0.446,0.0,0.0,0.097,0.3235504614701334,0.0
497513,2025-08-28T15:00:00.000000000,0.476,0.0,0.0,0.104,0.6869585884836888,0.0
497513,2025-08-28T16:00:00.000000000,0.499,0.0,0.0,0.11,1.1875239763378445,0.0
497513,2025-08-28T17:00:00.000000000,0.463,0.0,0.0,0.112,0.6869585884836888,0.0
497513,2025-08-28T18:00:00.000000000,0.506,0.0,0.0,0.112,0.3235504614701334,0.0
497513,2025-08-28T19:00:00.000000000,0.915,0.0,0.0,0.108,0.34318622317167224,0.0
497513,2025-08-28T20:00:00.000000000,0.494,0.0,0.0,0.10300000000000001,0.70952506088695,0.0
497513,2025-08-28T21:00:00.000000000,0.478,0.0,0.0,0.08600000000000001,0.3235504614701334,0.0
497513,2025-08-28T22:00:00.000000000,0.462,0.0,0.0,0.07100000000000001,0.0,0.0
497513,2025-08-28T23:00:00.000000000,0.455,0.0,0.0,0.062,0.3235504614701334,0.0
497513,2025-08-29T00:00:00.000000000,0.419,0.0,0.0,0.051000000000000004,1.5034545899835001,0.0
497513,2025-08-29T01:00:00.000000000,0.367,0.0,0.0,0.046,0.36135662952235004,0.0
497513,2025-08-29T02:00:00.000000000,0.349,0.0,0.0,0.042,0.3235504614701334,0.0
497513,2025-08-29T03:00:00.000000000,0.344,0.0,0.0,0.04,0.0,0.0
497513,2025-08-29T04:00:00.000000000,0.34299999999999997,0.0,0.0,0.04,0.3235504614701334,0.0
497513,2025-08-29T05:00:00.000000000,0.341,0.0,0.0,0.038,0.0,0.0
497513,2025-08-29T06:00:00.000000000,0.335,0.0,0.0,0.034999999999999996,0.3235504614701334,0.0
497513,2025-08-29T07:00:00.000000000,0.332,0.0,0.0,0.032,0.0,0.0
497513,2025-08-29T08:00:00.000000000,0.33899999999999997,0.0,0.0,0.032,0.3235504614701334,0.0
497513,2025-08-29T09:00:00.000000000,0.34199999999999997,0.0,0.0,0.038000000000000006,0.3235504614701334,0.0
497513,2025-08-29T10:00:00.000000000,0.361,0.0,0.0,0.054,0.0,0.0
497513,2025-08-29T11:00:00.000000000,0.8880000000000001,0.0,0.0,0.07300000000000001,0.4305214020829945,0.0
497513,2025-08-29T12:00:00.000000000,2.146,0.0,0.0,0.095,2.1939300313092556,0.0
497513,2025-08-29T13:00:00.000000000,0.482,0.0,0.0,0.096,1.0579865633217223,0.0
497513,2025-08-29T14:00:00.000000000,0.483,0.0,0.0,0.1,0.6145700341511501,0.0
497513,2025-08-29T15:00:00.000000000,0.448,0.0,0.0,0.098,1.8985143925756554,0.0
497513,2025-08-29T16:00:00.000000000,0.445,0.0,0.0,0.097,2.0262933791707445,0.0
497513,2025-08-29T17:00:00.000000000,0.4,0.0,0.0,0.095,1.0790876803741223,0.0
497513,2025-08-29T18:00:00.000000000,0.442,0.0,0.0,0.102,0.6471009229402668,0.0
497513,2025-08-29T19:00:00.000000000,0.41100000000000003,0.0,0.0,0.08700000000000001,1.6001680431403333,0.0
497513,2025-08-29T20:00:00.000000000,0.45299999999999996,0.0,0.0,0.078,1.1081017163211724,0.0
497513,2025-08-29T21:00:00.000000000,1.4209999999999998,0.0,0.0,0.087,0.0,0.0
497513,2025-08-29T22:00:00.000000000,2.1199999999999997,0.0,0.0,0.092,0.6939922941678223,0.0
497513,2025-08-29T23:00:00.000000000,0.397,0.0,0.0,0.062,0.0,0.0
497513,2025-08-30T00:00:00.000000000,0.422,0.0,0.0,0.054,0.3235504614701334,0.0
497513,2025-08-30T01:00:00.000000000,0.372,0.0,0.0,0.048,0.0,0.0
497513,2025-08-30T02:00:00.000000000,0.352,0.0,0.0,0.044,0.3235504614701334,0.0
497513,2025-08-30T03:00:00.000000000,0.348,0.0,0.0,0.043000000000000003,0.0,0.0
497513,2025-08-30T04:00:00.000000000,0.343,0.0,0.0,0.039,0.3235504614701334,0.0
497513,2025-08-30T05:00:00.000000000,0.337,0.0,0.0,0.036,0.3235504614701334,0.0
497513,2025-08-30T06:00:00.000000000,0.335,0.0,0.0,0.034,0.0,0.0
497513,2025-08-30T07:00:00.000000000,0.332,0.0,0.0,0.032,0.3235504614701334,0.0
497513,2025-08-30T08:00:00.000000000,0.332,0.0,0.0,0.031,0.0,0.0
497513,2025-08-30T09:00:00.000000000,0.34099999999999997,0.0,0.0,0.037000000000000005,0.3235504614701334,0.0
497513,2025-08-30T10:00:00.000000000,0.394,0.0,0.0,0.046,1.6033918249122276,0.0
497513,2025-08-30T11:00:00.000000000,0.40399999999999997,0.0,0.0,0.068,0.34113472568046666,0.0
497513,2025-08-30T12:00:00.000000000,0.432,0.0,0.0,0.087,0.3235504614701334,0.0
497513,2025-08-30T13:00:00.000000000,0.441,0.0,0.0,0.096,0.0,0.0
497513,2025-08-30T14:00:00.000000000,0.455,0.0,0.0,0.107,0.3235504614701334,0.0
497513,2025-08-30T15:00:00.000000000,0.937,0.0,0.0,0.11,0.3434792942418444,0.0
497513,2025-08-30T16:00:00.000000000,0.818,0.0,0.0,0.113,0.7775175491669055,0.0
497513,2025-08-30T17:00:00.000000000,0.49,0.0,0.0,0.116,1.5356924077024443,0.0
497513,2025-08-30T18:00:00.000000000,0.55,0.0,0.0,0.116,1.8794647730144614,0.0
497513,2025-08-30T19:00:00.000000000,0.503,0.0,0.0,0.113,2.029224089872467,0.0
497513,2025-08-30T20:00:00.000000000,0.497,0.0,0.0,0.10700000000000001,1.14737323972425,0.0
497513,2025-08-30T21:00:00.000000000,0.482,0.0,0.0,0.09,1.6523346936309888,0.0
497513,2025-08-30T22:00:00.000000000,0.47,0.0,0.0,0.078,0.07942226001667223,0.0
497513,2025-08-30T23:00:00.000000000,0.827,0.0,0.0,0.07600000000000001,0.6869585884836888,0.0
497513,2025-08-31T00:00:00.000000000,0.37,0.0,0.0,0.056999999999999995,1.1878170474080165,0.0
497513,2025-08-31T01:00:00.000000000,0.365,0.0,0.0,0.053,1.0445052940938,0.0
497513,2025-08-31T02:00:00.000000000,0.359,0.0,0.0,0.053,0.0,0.0
497513,2025-08-31T03:00:00.000000000,0.352,0.0,0.0,0.047,0.3235504614701334,0.0
497513,2025-08-31T04:00:00.000000000,0.346,0.0,0.0,0.042,0.0,0.0
497513,2025-08-31T05:00:00.000000000,0.341,0.0,0.0,0.037,0.3235504614701334,0.0
497513,2025-08-31T06:00:00.000000000,0.336,0.0,0.0,0.036,0.0,0.0
497513,2025-08-31T07:00:00.000000000,0.336,0.0,0.0,0.034,0.3235504614701334,0.0
497513,2025-08-31T08:00:00.000000000,0.335,0.0,0.0,0.032,0.0,0.0
497513,2025-08-31T09:00:00.000000000,0.345,0.0,0.0,0.040999999999999995,0.3235504614701334,0.0
497513,2025-08-31T10:00:00.000000000,0.368,0.0,0.0,0.051,1.1740427071099224,0.0
497513,2025-08-31T11:00:00.000000000,0.419,0.0,0.0,0.07200000000000001,0.7772244780967333,0.0
497513,2025-08-31T12:00:00.000000000,0.434,0.0,0.0,0.089,1.4644761376505944,0.0
497513,2025-08-31T13:00:00.000000000,0.485,0.0,0.0,0.108,1.480888117580239,0.0
497513,2025-08-31T14:00:00.000000000,0.488,0.0,0.0,0.117,0.7291608225884889,0.0
497513,2025-08-31T15:00:00.000000000,0.426,0.0,0.0,0.12,0.3434792942418444,0.0
497513,2025-08-31T16:00:00.000000000,0.459,0.0,0.0,0.122,0.6670297557119778,0.0
497513,2025-08-31T17:00:00.000000000,0.475,0.0,0.0,0.124,0.3434792942418444,0.0
497513,2025-08-31T18:00:00.000000000,0.514,0.0,0.0,0.12,0.6869585884836888,0.0
497513,2025-08-31T19:00:00.000000000,0.503,0.0,0.0,0.114,1.2376391293372946,0.0
497513,2025-08-31T20:00:00.000000000,0.916,0.0,0.0,0.107,0.3434792942418444,0.0
497513,2025-08-31T21:00:00.000000000,0.489,0.0,0.0,0.099,0.0,0.0
497513,2025-08-31T22:00:00.000000000,0.46699999999999997,0.0,0.0,0.075,1.628595936947039,0.0
497513,2025-08-31T23:00:00.000000000,0.393,0.0,0.0,0.057999999999999996,2.6786695813741113,0.0
497513,2025-09-01T00:00:00.000000000,0.371,0.0,0.0,0.056999999999999995,0.6869585884836888,0.0
497513,2025-09-01T01:00:00.000000000,0.363,0.0,0.0,0.054,0.3434792942418444,0.0
497513,2025-09-01T02:00:00.000000000,0.356,0.0,0.0,0.051,0.50906444888915,0.0
497513,2025-09-01T03:00:00.000000000,0.353,0.0,0.0,0.047,0.15767223575265557,0.0
497513,2025-09-01T04:00:00.000000000,0.347,0.0,0.0,0.043000000000000003,0.3235504614701334,0.0
497513,2025-09-01T05:00:00.000000000,0.342,0.0,0.0,0.039,0.0,0.0
497513,2025-09-01T06:00:00.000000000,0.337,0.0,0.0,0.034999999999999996,0.3235504614701334,0.0
497513,2025-09-01T07:00:00.000000000,0.332,0.0,0.0,0.031,0.0,0.0
497513,2025-09-01T08:00:00.000000000,0.33,0.0,0.0,0.028,0.3235504614701334,0.0
497513,2025-09-01T09:00:00.000000000,0.33799999999999997,0.0,0.0,0.033,0.0,0.0
497513,2025-09-01T10:00:00.000000000,0.9029999999999999,0.0,0.0,0.053000000000000005,1.0767431118127444,0.0
497513,2025-09-01T11:00:00.000000000,3.154,0.0,0.0,0.082,1.0424537966025944,0.0
497513,2025-09-01T12:00:00.000000000,1.331,0.0,0.0,0.081,0.7611055692372611,0.0
497513,2025-09-01T13:00:00.000000000,0.431,0.0,0.0,0.083,0.6034333334846056,0.0
497513,2025-09-01T14:00:00.000000000,0.44,0.0,0.0,0.088,1.5767223575265557,0.0
497513,2025-09-01T15:00:00.000000000,0.43500000000000005,0.0,0.0,0.092,2.2147380772914835,0.0
497513,2025-09-01T16:00:00.000000000,0.407,0.0,0.0,0.10099999999999999,0.7174379797816,0.0
497513,2025-09-01T17:00:00.000000000,0.409,0.0,0.0,0.103,0.6869585884836888,0.0
497513,2025-09-01T18:00:00.000000000,0.443,0.0,0.0,0.1,1.053590497269139,0.0
497513,2025-09-01T19:00:00.000000000,0.41500000000000004,0.0,0.0,0.091,0.6869585884836888,0.0
497513,2025-09-01T20:00:00.000000000,0.401,0.0,0.0,0.082,0.3235504614701334,0.0
497513,2025-09-01T21:00:00.000000000,0.40800000000000003,0.0,0.0,0.07,0.0,0.0
497513,2025-09-01T22:00:00.000000000,0.892,0.0,0.0,0.07300000000000001,0.3235504614701334,0.0
497513,2025-09-01T23:00:00.000000000,0.46,0.0,0.0,0.059,0.08088761536753335,0.0
497513,2025-09-02T00:00:00.000000000,0.423,0.0,0.0,0.054,0.2426628461026,0.0
497513,2025-09-02T01:00:00.000000000,0.37,0.0,0.0,0.046,1.0603311318831001,0.0
497513,2025-09-02T02:00:00.000000000,0.353,0.0,0.0,0.048,0.0,0.0
497513,2025-09-02T03:00:00.000000000,0.347,0.0,0.0,0.041,0.6869585884836888,0.0
497513,2025-09-02T04:00:00.000000000,0.344,0.0,0.0,0.04,0.3434792942418444,0.0
497513,2025-09-02T05:00:00.000000000,0.34,0.0,0.0,0.037,0.3235504614701334,0.0
497513,2025-09-02T06:00:00.000000000,0.337,0.0,0.0,0.036,0.3235504614701334,0.0
497513,2025-09-02T07:00:00.000000000,0.336,0.0,0.0,0.036,0.0,0.0
497513,2025-09-02T08:00:00.000000000,0.336,0.0,0.0,0.036,0.3235504614701334,0.0
497513,2025-09-02T09:00:00.000000000,0.348,0.0,0.0,0.043,0.0,0.0
497513,2025-09-02T10:00:00.000000000,0.38,0.0,0.0,0.05,1.681348729578039,0.0
497513,2025-09-02T11:00:00.000000000,0.374,0.0,0.0,0.069,0.1564999514719667,0.0
497513,2025-09-02T12:00:00.000000000,0.385,0.0,0.0,0.081,0.3235504614701334,0.0
497513,2025-09-02T13:00:00.000000000,0.394,0.0,0.0,0.09,0.0,0.0
497513,2025-09-02T14:00:00.000000000,0.42800000000000005,0.0,0.0,0.099,0.7098181319571222,0.0
497513,2025-09-02T15:00:00.000000000,0.424,0.0,0.0,0.107,0.3235504614701334,0.0
497513,2025-09-02T16:00:00.000000000,0.44,0.0,0.0,0.10099999999999999,1.8589497981024057,0.0
497513,2025-09-02T17:00:00.000000000,0.458,0.0,0.0,0.104,0.0,0.0
497513,2025-09-02T18:00:00.000000000,0.502,0.0,0.0,0.104,0.3434792942418444,0.0
497513,2025-09-02T19:00:00.000000000,0.495,0.0,0.0,0.10200000000000001,0.3434792942418444,0.0
497513,2025-09-02T20:00:00.000000000,0.485,0.0,0.0,0.08800000000000001,0.6670297557119778,0.0
497513,2025-09-02T21:00:00.000000000,0.46599999999999997,0.0,0.0,0.066,1.924597717820983,0.0
497513,2025-09-02T22:00:00.000000000,0.461,0.0,0.0,0.059,0.6898892991854111,0.0
497513,2025-09-02T23:00:00.000000000,0.456,0.0,0.0,0.055,0.0,0.0
497513,2025-09-03T00:00:00.000000000,0.904,0.0,0.0,0.05800000000000001,0.3273603853823722,0.0
497513,2025-09-03T01:00:00.000000000,1.199,0.0,0.0,0.06699999999999999,0.32355046147013333,0.0
497513,2025-09-03T02:00:00.000000000,0.352,0.0,0.0,0.043000000000000003,0.0,0.0
497513,2025-09-03T03:00:00.000000000,0.342,0.0,0.0,0.037,0.6869585884836888,0.0
497513,2025-09-03T04:00:00.000000000,0.339,0.0,0.0,0.036000000000000004,0.3434792942418444,0.0
497513,2025-09-03T05:00:00.000000000,0.337,0.0,0.0,0.034999999999999996,0.3235504614701334,0.0
497513,2025-09-03T06:00:00.000000000,0.333,0.0,0.0,0.032,0.0,0.0
497513,2025-09-03T07:00:00.000000000,0.332,0.0,0.0,0.032,0.3235504614701334,0.0
497513,2025-09-03T08:00:00.000000000,0.333,0.0,0.0,0.032,0.0,0.0
497513,2025-09-03T09:00:00.000000000,0.356,0.0,0.0,0.039999999999999994,0.32355046147013333,0.0
497513,2025-09-03T10:00:00.000000000,0.437,0.0,0.0,0.054,0.0,0.0
497513,2025-09-03T11:00:00.000000000,0.458,0.0,0.0,0.066,1.0609172740234445,0.0
497513,2025-09-03T12:00:00.000000000,0.458,0.0,0.0,0.077,0.33146338036478334,0.0
497513,2025-09-03T13:00:00.000000000,0.896,0.0,0.0,0.088,0.34377236531201666,0.0
497513,2025-09-03T14:00:00.000000000,0.484,0.0,0.0,0.097,0.7098181319571222,0.0
497513,2025-09-03T15:00:00.000000000,0.455,0.0,0.0,0.10200000000000001,0.7101112030272945,0.0
497513,2025-09-03T16:00:00.000000000,0.451,0.0,0.0,0.10099999999999999,1.5931343374562,0.0
497513,2025-09-03T17:00:00.000000000,0.457,0.0,0.0,0.103,1.1429771736716667,0.0
497513,2025-09-03T18:00:00.000000000,0.502,0.0,0.0,0.104,0.3235504614701334,0.0
497513,2025-09-03T19:00:00.000000000,0.513,0.0,0.0,0.1,1.1333058283559834,0.0
497513,2025-09-03T20:00:00.000000000,0.504,0.0,0.0,0.08600000000000001,1.5781877128774169,0.0
497513,2025-09-03T21:00:00.000000000,0.405,0.0,0.0,0.067,1.1963161084430112,0.0
497513,2025-09-03T22:00:00.000000000,0.41800000000000004,0.0,0.0,0.059,0.3434792942418444,0.0
497513,2025-09-03T23:00:00.000000000,0.41500000000000004,0.0,0.0,0.05399999999999999,0.6471009229402668,0.0
497513,2025-09-04T00:00:00.000000000,0.361,0.0,0.0,0.047,0.0,0.0
497513,2025-09-04T01:00:00.000000000,0.354,0.0,0.0,0.044,0.3235504614701334,0.0
497513,2025-09-04T02:00:00.000000000,0.346,0.0,0.0,0.04,0.0,0.0
497513,2025-09-04T03:00:00.000000000,0.335,0.0,0.0,0.04,0.3235504614701334,0.0
497513,2025-09-04T04:00:00.000000000,0.342,0.0,0.0,0.04,0.0,0.0
497513,2025-09-04T05:00:00.000000000,0.34,0.0,0.0,0.036,0.3232573903999611,0.0
497513,2025-09-04T06:00:00.000000000,0.328,0.0,0.0,0.036,0.0,0.0
497513,2025-09-04T07:00:00.000000000,0.322,0.0,0.0,0.034999999999999996,0.3235504614701334,0.0
497513,2025-09-04T08:00:00.000000000,0.333,0.0,0.0,0.032,0.3235504614701334,0.0
497513,2025-09-04T09:00:00.000000000,0.346,0.0,0.0,0.040999999999999995,0.1280720576652611,0.0
497513,2025-09-04T10:00:00.000000000,0.362,0.0,0.0,0.054,0.1951853327347,0.0
497513,2025-09-04T11:00:00.000000000,0.369,0.0,0.0,0.065,0.6875447306240333,0.0
497513,2025-09-04T12:00:00.000000000,0.377,0.0,0.0,0.073,0.0,0.0
497513,2025-09-04T13:00:00.000000000,0.386,0.0,0.0,0.08199999999999999,0.3235504614701334,0.0
497513,2025-09-04T14:00:00.000000000,0.401,0.0,0.0,0.096,0.0,0.0
497513,2025-09-04T15:00:00.000000000,0.49,0.0,0.0,0.102,1.9662138097854391,0.0
497513,2025-09-04T16:00:00.000000000,0.486,0.0,0.0,0.10300000000000001,0.6966299337993722,0.0
497513,2025-09-04T17:00:00.000000000,0.453,0.0,0.0,0.099,0.7145072690798779,0.0
497513,2025-09-04T18:00:00.000000000,0.495,0.0,0.0,0.1,0.0,0.0
497513,2025-09-04T19:00:00.000000000,0.481,0.0,0.0,0.08700000000000001,0.6872516595538611,0.0
497513,2025-09-04T20:00:00.000000000,0.955,0.0,0.0,0.07999999999999999,0.66732282678215,0.0
497513,2025-09-04T21:00:00.000000000,1.2839999999999998,0.0,0.0,0.079,0.34377236531201666,0.0
497513,2025-09-04T22:00:00.000000000,0.454,0.0,0.0,0.053,1.2590333174598667,0.0
497513,2025-09-04T23:00:00.000000000,0.449,0.0,0.0,0.049,0.024911040964638892,0.0
497513,2025-09-05T00:00:00.000000000,0.41400000000000003,0.0,0.0,0.044,0.6406533593964778,0.0
497513,2025-09-05T01:00:00.000000000,0.369,0.0,0.0,0.039,0.3434792942418444,0.0
497513,2025-09-05T02:00:00.000000000,0.343,0.0,0.0,0.036,0.34377236531201666,0.0
497513,2025-09-05T03:00:00.000000000,0.337,0.0,0.0,0.032,0.3235504614701334,0.0
497513,2025-09-05T04:00:00.000000000,0.336,0.0,0.0,0.032,0.0,0.0
497513,2025-09-05T05:00:00.000000000,0.335,0.0,0.0,0.032,0.3235504614701334,0.0
497513,2025-09-05T06:00:00.000000000,0.329,0.0,0.0,0.027,0.7101112030272945,0.0
497513,2025-09-05T07:00:00.000000000,0.318,0.0,0.0,0.024,1.0635549136549944,0.0
497513,2025-09-05T08:00:00.000000000,0.336,0.0,0.0,0.023,1.3929667965285721,0.0
497513,2025-09-05T09:00:00.000000000,0.338,0.0,0.0,0.03,0.9501364094983444,0.0
497513,2025-09-05T10:00:00.000000000,0.391,0.0,0.0,0.041,2.2584056667471444,0.0
497513,2025-09-05T11:00:00.000000000,0.453,0.0,0.0,0.06,1.7420144411036889,0.0
497513,2025-09-05T12:00:00.000000000,0.463,0.0,0.0,0.07300000000000001,1.3868123040549556,0.0
497513,2025-09-05T13:00:00.000000000,0.46099999999999997,0.0,0.0,0.081,1.5389161894743388,0.0
497513,2025-09-05T14:00:00.000000000,0.443,0.0,0.0,0.091,0.0,0.0
497513,2025-09-05T15:00:00.000000000,0.448,0.0,0.0,0.096,0.7104042740974666,0.0
497513,2025-09-05T16:00:00.000000000,0.45,0.0,0.0,0.1,0.34377236531201666,0.0
497513,2025-09-05T17:00:00.000000000,0.906,0.0,0.0,0.099,1.44278887845785,0.0
497513,2025-09-05T18:00:00.000000000,0.536,0.0,0.0,0.098,0.7338499597112444,0.0
497513,2025-09-05T19:00:00.000000000,0.478,0.0,0.0,0.084,0.32823959859288887,0.0
497513,2025-09-05T20:00:00.000000000,0.47,0.0,0.0,0.073,0.34377236531201666,0.0
497513,2025-09-05T21:00:00.000000000,0.463,0.0,0.0,0.062,0.66732282678215,0.0
497513,2025-09-05T22:00:00.000000000,0.499,0.0,0.0,0.054,0.7335568886410723,0.0
497513,2025-09-05T23:00:00.000000000,0.453,0.0,0.0,0.052,0.34377236531201666,0.0
497513,2025-09-06T00:00:00.000000000,0.398,0.0,0.0,0.039,1.1163077062859945,0.0
497513,2025-09-06T01:00:00.000000000,0.349,0.0,0.0,0.031,0.6805110249399,0.0
497513,2025-09-06T02:00:00.000000000,0.342,0.0,0.0,0.034,0.0,0.0
497513,2025-09-06T03:00:00.000000000,0.334,0.0,0.0,0.028,0.34377236531201666,0.0
497513,2025-09-06T04:00:00.000000000,0.331,0.0,0.0,0.027000000000000003,0.3235504614701334,0.0
497513,2025-09-06T05:00:00.000000000,0.325,0.0,0.0,0.024,0.0,0.0
497513,2025-09-06T06:00:00.000000000,0.323,0.0,0.0,0.021,0.3235504614701334,0.0
497513,2025-09-06T07:00:00.000000000,0.319,0.0,0.0,0.018000000000000002,0.0,0.0
497513,2025-09-06T08:00:00.000000000,0.316,0.0,0.0,0.016,0.3235504614701334,0.0
497513,2025-09-06T09:00:00.000000000,0.366,0.0,0.0,0.02,1.11044628488255,0.0
497513,2025-09-06T10:00:00.000000000,0.401,0.0,0.0,0.03,2.0819768825034664,0.0
497513,2025-09-06T11:00:00.000000000,0.399,0.0,0.0,0.049999999999999996,0.0,0.0
497513,2025-09-06T12:00:00.000000000,0.409,0.0,0.0,0.061,0.3235504614701334,0.0
497513,2025-09-06T13:00:00.000000000,0.415,0.0,0.0,0.067,1.032782451286911,0.0
497513,2025-09-06T14:00:00.000000000,0.433,0.0,0.0,0.08199999999999999,0.40942028503059447,0.0
497513,2025-09-06T15:00:00.000000000,0.7310000000000001,0.0,0.0,0.095,1.0937412338827333,0.0
497513,2025-09-06T16:00:00.000000000,6.385,0.0,0.0,0.108,0.7098181319571222,0.0
497513,2025-09-06T17:00:00.000000000,6.587999999999999,0.0,0.0,0.11,1.7543234260509222,0.0
497513,2025-09-06T18:00:00.000000000,4.944,0.0,0.0,0.11,0.3434792942418444,0.0
497513,2025-09-06T19:00:00.000000000,0.501,0.0,0.0,0.107,0.47125828083693333,0.0
497513,2025-09-06T20:00:00.000000000,0.494,0.0,0.0,0.096,0.5468706169413666,0.0
497513,2025-09-06T21:00:00.000000000,0.478,0.0,0.0,0.078,0.3235504614701334,0.0
497513,2025-09-06T22:00:00.000000000,0.9279999999999999,0.0,0.0,0.07,0.0,0.0
497513,2025-09-06T23:00:00.000000000,2.276,0.0,0.0,0.088,0.6875447306240333,0.0
497513,2025-09-07T00:00:00.000000000,0.739,0.0,0.0,0.065,0.0,0.0
497513,2025-09-07T01:00:00.000000000,0.359,0.0,0.0,0.05,0.3235504614701334,0.0
497513,2025-09-07T02:00:00.000000000,0.35,0.0,0.0,0.044000000000000004,0.0,0.0
497513,2025-09-07T03:00:00.000000000,0.34,0.0,0.0,0.036,1.0374715884096666,0.0
497513,2025-09-07T04:00:00.000000000,0.337,0.0,0.0,0.034999999999999996,0.0,0.0
497513,2025-09-07T05:00:00.000000000,0.334,0.0,0.0,0.032,0.3235504614701334,0.0
497513,2025-09-07T06:00:00.000000000,0.328,0.0,0.0,0.027000000000000003,0.0,0.0
497513,2025-09-07T07:00:00.000000000,0.324,0.0,0.0,0.024,0.3235504614701334,0.0
497513,2025-09-07T08:00:00.000000000,0.335,0.0,0.0,0.019000000000000003,1.4876287521941998,0.0
497513,2025-09-07T09:00:00.000000000,0.367,0.0,0.0,0.027,1.154993087548728,0.0
497513,2025-09-07T10:00:00.000000000,0.378,0.0,0.0,0.04,0.7171449087114279,0.0
497513,2025-09-07T11:00:00.000000000,0.38199999999999995,0.0,0.0,0.056,0.0,0.0
497513,2025-09-07T12:00:00.000000000,0.415,0.0,0.0,0.068,1.190747758109739,0.0
497513,2025-09-07T13:00:00.000000000,0.432,0.0,0.0,0.08399999999999999,0.6837348067117944,0.0
497513,2025-09-07T14:00:00.000000000,0.452,0.0,0.0,0.1,0.0,0.0
497513,2025-09-07T15:00:00.000000000,0.46,0.0,0.0,0.108,0.66732282678215,0.0
497513,2025-09-07T16:00:00.000000000,0.457,0.0,0.0,0.108,0.34377236531201666,0.0
497513,2025-09-07T17:00:00.000000000,0.457,0.0,0.0,0.10500000000000001,1.0758638986022278,0.0
497513,2025-09-07T18:00:00.000000000,0.524,0.0,0.0,0.099,0.9346036427792167,0.0
497513,2025-09-07T19:00:00.000000000,0.486,0.0,0.0,0.092,0.6875447306240333,0.0
497513,2025-09-07T20:00:00.000000000,0.478,0.0,0.0,0.08,0.34377236531201666,0.0
497513,2025-09-07T21:00:00.000000000,0.47,0.0,0.0,0.07,0.3232573903999611,0.0
497513,2025-09-07T22:00:00.000000000,0.456,0.0,0.0,0.054,0.66732282678215,0.0
497513,2025-09-07T23:00:00.000000000,0.452,0.0,0.0,0.05,0.0,0.0
497513,2025-09-08T00:00:00.000000000,0.41000000000000003,0.0,0.0,0.04,1.261964028161589,0.0
497513,2025-09-08T01:00:00.000000000,0.369,0.0,0.0,0.041,0.3235504614701334,0.0
497513,2025-09-08T02:00:00.000000000,0.343,0.0,0.0,0.036,0.05187357942048333,0.0
497513,2025-09-08T03:00:00.000000000,0.335,0.0,0.0,0.031,0.2713838109794778,0.0
497513,2025-09-08T04:00:00.000000000,0.33,0.0,0.0,0.026000000000000002,0.3235504614701334,0.0
497513,2025-09-08T05:00:00.000000000,0.325,0.0,0.0,0.023000000000000003,0.0,0.0
497513,2025-09-08T06:00:00.000000000,0.321,0.0,0.0,0.02,0.3235504614701334,0.0
497513,2025-09-08T07:00:00.000000000,0.321,0.0,0.0,0.019,0.0,0.0
497513,2025-09-08T08:00:00.000000000,0.318,0.0,0.0,0.015,0.3235504614701334,0.0
497513,2025-09-08T09:00:00.000000000,0.346,0.0,0.0,0.011,1.0828976042863612,0.0
497513,2025-09-08T10:00:00.000000000,0.37,0.0,0.0,0.020000000000000004,1.0887590256898054,0.0
497513,2025-09-08T11:00:00.000000000,0.377,0.0,0.0,0.039,0.6772872431680057,0.0
497513,2025-09-08T12:00:00.000000000,0.372,0.0,0.0,0.046,1.259326388530039,0.0
497513,2025-09-08T13:00:00.000000000,0.361,0.0,0.0,0.057,0.34377236531201666,0.0
497513,2025-09-08T14:00:00.000000000,0.366,0.0,0.0,0.06,1.6048571802630889,0.0
497513,2025-09-08T15:00:00.000000000,0.378,0.0,0.0,0.07300000000000001,1.0770361828829167,0.0
497513,2025-09-08T16:00:00.000000000,0.387,0.0,0.0,0.082,0.66732282678215,0.0
497513,2025-09-08T17:00:00.000000000,0.385,0.0,0.0,0.08,0.0,0.0
497513,2025-09-08T18:00:00.000000000,0.43,0.0,0.0,0.088,0.3235504614701334,0.0
497513,2025-09-08T19:00:00.000000000,0.41900000000000004,0.0,0.0,0.077,0.0,0.0
497513,2025-09-08T20:00:00.000000000,0.46699999999999997,0.0,0.0,0.068,0.3235504614701334,0.0
497513,2025-09-08T21:00:00.000000000,0.46,0.0,0.0,0.059,0.0,0.0
497513,2025-09-08T22:00:00.000000000,0.453,0.0,0.0,0.051000000000000004,0.6825625224311056,0.0
497513,2025-09-08T23:00:00.000000000,0.461,0.0,0.0,0.039,1.9855565004168056,0.0
497513,2025-09-09T00:00:00.000000000,0.42800000000000005,0.0,0.0,0.037,1.632992002999622,0.0
497513,2025-09-09T01:00:00.000000000,0.362,0.0,0.0,0.033999999999999996,0.726523182956939,0.0
497513,2025-09-09T02:00:00.000000000,0.331,0.0,0.0,0.024,1.8202644168396724,0.0
497513,2025-09-09T03:00:00.000000000,0.331,0.0,0.0,0.025,0.6875447306240333,0.0
497513,2025-09-09T04:00:00.000000000,0.327,0.0,0.0,0.023,0.34377236531201666,0.0
497513,2025-09-09T05:00:00.000000000,0.325,0.0,0.0,0.022000000000000002,0.0,0.0
497513,2025-09-09T06:00:00.000000000,0.32,0.0,0.0,0.02,0.3235504614701334,0.0
497513,2025-09-09T07:00:00.000000000,0.32,0.0,0.0,0.02,0.3235504614701334,0.0
497513,2025-09-09T08:00:00.000000000,0.324,0.0,0.0,0.022,0.0,0.0
497513,2025-09-09T09:00:00.000000000,0.328,0.0,0.0,0.024,0.3235504614701334,0.0
497513,2025-09-09T10:00:00.000000000,0.334,0.0,0.0,0.028,0.0,0.0
497513,2025-09-09T11:00:00.000000000,0.373,0.0,0.0,0.034,1.0647271979356834,0.0
497513,2025-09-09T12:00:00.000000000,0.391,0.0,0.0,0.044,1.05769349225155,0.0
497513,2025-09-09T13:00:00.000000000,0.398,0.0,0.0,0.049,1.9032035296984111,0.0
497513,2025-09-09T14:00:00.000000000,0.375,0.0,0.0,0.059,0.7490896553602001,0.0
497513,2025-09-09T15:00:00.000000000,0.37,0.0,0.0,0.064,1.0468498626551777,0.0
497513,2025-09-09T16:00:00.000000000,0.375,0.0,0.0,0.069,0.7247647565359057,0.0
497513,2025-09-09T17:00:00.000000000,0.374,0.0,0.0,0.06999999999999999,1.4041034971951167,0.0
497513,2025-09-09T18:00:00.000000000,0.42,0.0,0.0,0.077,0.6954576495186833,0.0
497513,2025-09-09T19:00:00.000000000,2.379,0.0,0.0,0.08199999999999999,0.10374715884096666,0.0
497513,2025-09-09T20:00:00.000000000,4.027,0.0,0.0,0.09000000000000001,0.9214154446214666,0.0
497513,2025-09-09T21:00:00.000000000,0.46599999999999997,0.0,0.0,0.066,1.0544697104796557,0.0
497513,2025-09-09T22:00:00.000000000,0.458,0.0,0.0,0.056999999999999995,1.05769349225155,0.0
497513,2025-09-09T23:00:00.000000000,0.45,0.0,0.0,0.049,1.0828976042863612,0.0
497513,2025-09-10T00:00:00.000000000,0.42700000000000005,0.0,0.0,0.045,1.23177770793385,0.0
497513,2025-09-10T01:00:00.000000000,0.366,0.0,0.0,0.039,0.9483779830773111,0.0
497513,2025-09-10T02:00:00.000000000,0.343,0.0,0.0,0.034,0.6875447306240333,0.0
497513,2025-09-10T03:00:00.000000000,0.337,0.0,0.0,0.032,0.3235504614701334,0.0
497513,2025-09-10T04:00:00.000000000,0.333,0.0,0.0,0.028,0.3235504614701334,0.0
497513,2025-09-10T05:00:00.000000000,0.328,0.0,0.0,0.026000000000000002,0.3235504614701334,0.0
497513,2025-09-10T06:00:00.000000000,0.325,0.0,0.0,0.024,0.0,0.0
497513,2025-09-10T07:00:00.000000000,0.323,0.0,0.0,0.023000000000000003,0.3235504614701334,0.0
497513,2025-09-10T08:00:00.000000000,0.319,0.0,0.0,0.016,0.0,0.0
497513,2025-09-10T09:00:00.000000000,0.33,0.0,0.0,0.024999999999999998,0.3235504614701334,0.0
497513,2025-09-10T10:00:00.000000000,0.377,0.0,0.0,0.039,0.7130419137290167,0.0
497513,2025-09-10T11:00:00.000000000,1.2880000000000003,0.0,0.0,0.074,0.3235504614701334,0.0
497513,2025-09-10T12:00:00.000000000,0.417,0.0,0.0,0.07,0.0,0.0
497513,2025-09-10T13:00:00.000000000,0.423,0.0,0.0,0.075,0.3235504614701334,0.0
497513,2025-09-10T14:00:00.000000000,0.431,0.0,0.0,0.08,0.34377236531201666,0.0
497513,2025-09-10T15:00:00.000000000,0.44,0.0,0.0,0.088,0.3235504614701334,0.0
497513,2025-09-10T16:00:00.000000000,0.447,0.0,0.0,0.097,0.3235504614701334,0.0
497513,2025-09-10T17:00:00.000000000,0.449,0.0,0.0,0.096,0.34377236531201666,0.0
497513,2025-09-10T18:00:00.000000000,0.49,0.0,0.0,0.093,1.1916269713202554,0.0
497513,2025-09-10T19:00:00.000000000,0.48,0.0,0.0,0.08600000000000001,0.66732282678215,0.0
497513,2025-09-10T20:00:00.000000000,0.473,0.0,0.0,0.075,0.34377236531201666,0.0
497513,2025-09-10T21:00:00.000000000,0.488,0.0,0.0,0.067,0.3616497005925222,0.0
497513,2025-09-10T22:00:00.000000000,0.457,0.0,0.0,0.054,0.6494454915016445,0.0
497513,2025-09-10T23:00:00.000000000,1.392,0.0,0.0,0.067,0.3235504614701334,0.0
497513,2025-09-11T00:00:00.000000000,2.158,0.0,0.0,0.084,2.559389655814017,0.0
497513,2025-09-11T01:00:00.000000000,0.394,0.0,0.0,0.054,0.3625289138030389,0.0
497513,2025-09-11T02:00:00.000000000,0.356,0.0,0.0,0.046,0.66732282678215,0.0
497513,2025-09-11T03:00:00.000000000,0.335,0.0,0.0,0.041,0.66732282678215,0.0
497513,2025-09-11T04:00:00.000000000,0.329,0.0,0.0,0.037,0.0,0.0
497513,2025-09-11T05:00:00.000000000,0.34,0.0,0.0,0.036,0.3235504614701334,0.0
497513,2025-09-11T06:00:00.000000000,0.336,0.0,0.0,0.036,0.0,0.0
497513,2025-09-11T07:00:00.000000000,0.336,0.0,0.0,0.034999999999999996,0.3235504614701334,0.0
497513,2025-09-11T08:00:00.000000000,0.335,0.0,0.0,0.033,0.0,0.0
497513,2025-09-11T09:00:00.000000000,0.345,0.0,0.0,0.040999999999999995,0.3235504614701334,0.0
497513,2025-09-11T10:00:00.000000000,0.358,0.0,0.0,0.053,0.0,0.0
497513,2025-09-11T11:00:00.000000000,0.372,0.0,0.0,0.066,0.3235504614701334,0.0
497513,2025-09-11T12:00:00.000000000,0.41,0.0,0.0,0.07300000000000001,1.07351933004085,0.0
497513,2025-09-11T13:00:00.000000000,0.439,0.0,0.0,0.078,1.1171869194965112,0.0
497513,2025-09-11T14:00:00.000000000,0.488,0.0,0.0,0.09,0.0,0.0
497513,2025-09-11T15:00:00.000000000,0.496,0.0,0.0,0.096,0.3235504614701334,0.0
497513,2025-09-11T16:00:00.000000000,0.492,0.0,0.0,0.097,0.34377236531201666,0.0
497513,2025-09-11T17:00:00.000000000,0.473,0.0,0.0,0.096,0.3235504614701334,0.0
497513,2025-09-11T18:00:00.000000000,0.491,0.0,0.0,0.094,0.3437723653120167,0.0
497513,2025-09-11T19:00:00.000000000,0.41800000000000004,0.0,0.0,0.079,0.6875447306240333,0.0
497513,2025-09-11T20:00:00.000000000,0.405,0.0,0.0,0.066,1.1922131134606,0.0
497513,2025-09-11T21:00:00.000000000,0.46,0.0,0.0,0.06,1.0345408777079446,0.0
497513,2025-09-11T22:00:00.000000000,0.455,0.0,0.0,0.052000000000000005,1.1922131134606,0.0
497513,2025-09-11T23:00:00.000000000,0.453,0.0,0.0,0.052,0.0,0.0
497513,2025-09-12T00:00:00.000000000,0.41800000000000004,0.0,0.0,0.048,0.3235504614701334,0.0
497513,2025-09-12T01:00:00.000000000,0.368,0.0,0.0,0.039,1.0811391778653276,0.0
497513,2025-09-12T02:00:00.000000000,0.347,0.0,0.0,0.039,0.40502421897801116,0.0
497513,2025-09-12T03:00:00.000000000,0.336,0.0,0.0,0.032,1.3261465925293057,0.0
497513,2025-09-12T04:00:00.000000000,0.337,0.0,0.0,0.033,0.0,0.0
497513,2025-09-12T05:00:00.000000000,0.332,0.0,0.0,0.031,0.6676158978523223,0.0
497513,2025-09-12T06:00:00.000000000,0.329,0.0,0.0,0.027,0.34377236531201666,0.0
497513,2025-09-12T07:00:00.000000000,0.328,0.0,0.0,0.028,0.3235504614701334,0.0
497513,2025-09-12T08:00:00.000000000,0.328,0.0,0.0,0.028,0.0,0.0
497513,2025-09-12T09:00:00.000000000,0.329,0.0,0.0,0.025,0.3235504614701334,0.0
497513,2025-09-12T10:00:00.000000000,0.344,0.0,0.0,0.027,0.0,0.0
497513,2025-09-12T11:00:00.000000000,0.387,0.0,0.0,0.03899999999999999,0.3235504614701334,0.0
497513,2025-09-12T12:00:00.000000000,0.398,0.0,0.0,0.048999999999999995,0.0,0.0
497513,2025-09-12T13:00:00.000000000,0.402,0.0,0.0,0.054,0.6846140199223112,0.0
497513,2025-09-12T14:00:00.000000000,0.45899999999999996,0.0,0.0,0.061,2.346033916728639,0.0
497513,2025-09-12T15:00:00.000000000,0.475,0.0,0.0,0.075,1.1215829855490944,0.0
497513,2025-09-12T16:00:00.000000000,0.46699999999999997,0.0,0.0,0.072,2.5335994016388614,0.0
497513,2025-09-12T17:00:00.000000000,0.478,0.0,0.0,0.077,0.6963368627291999,0.0
497513,2025-09-12T18:00:00.000000000,0.471,0.0,0.0,0.074,0.7024913552028167,0.0
497513,2025-09-12T19:00:00.000000000,0.387,0.0,0.0,0.062,0.3235504614701334,0.0
497513,2025-09-12T20:00:00.000000000,0.369,0.0,0.0,0.05299999999999999,0.737073741483139,0.0
497513,2025-09-12T21:00:00.000000000,0.363,0.0,0.0,0.046,0.3235504614701334,0.0
497513,2025-09-12T22:00:00.000000000,0.357,0.0,0.0,0.039,0.66732282678215,0.0
497513,2025-09-12T23:00:00.000000000,0.346,0.0,0.0,0.03,0.7871888944825889,0.0
497513,2025-09-13T00:00:00.000000000,0.348,0.0,0.0,0.035,0.3235504614701334,0.0
497513,2025-09-13T01:00:00.000000000,0.342,0.0,0.0,0.033,0.0,0.0
497513,2025-09-13T02:00:00.000000000,0.34,0.0,0.0,0.032,0.3235504614701334,0.0
497513,2025-09-13T03:00:00.000000000,0.337,0.0,0.0,0.032,0.0,0.0
497513,2025-09-13T04:00:00.000000000,0.336,0.0,0.0,0.032,0.3235504614701334,0.0
497513,2025-09-13T05:00:00.000000000,0.333,0.0,0.0,0.032,0.0,0.0
497513,2025-09-13T06:00:00.000000000,0.335,0.0,0.0,0.034,0.3235504614701334,0.0
497513,2025-09-13T07:00:00.000000000,0.333,0.0,0.0,0.033,0.0,0.0
497513,2025-09-13T08:00:00.000000000,0.347,0.0,0.0,0.032,0.3235504614701334,0.0
497513,2025-09-13T09:00:00.000000000,0.382,0.0,0.0,0.023,2.616245443427428,0.0
497513,2025-09-13T10:00:00.000000000,0.379,0.0,0.0,0.032,0.0,0.0
497513,2025-09-13T11:00:00.000000000,0.383,0.0,0.0,0.035,0.3235504614701334,0.0
497513,2025-09-13T12:00:00.000000000,0.39,0.0,0.0,0.042,1.1312543308647778,0.0
497513,2025-09-13T13:00:00.000000000,0.401,0.0,0.0,0.053,0.6878378016942055,0.0
497513,2025-09-13T14:00:00.000000000,0.374,0.0,0.0,0.057999999999999996,0.6875447306240333,0.0
497513,2025-09-13T15:00:00.000000000,0.372,0.0,0.0,0.066,0.6608752632383612,0.0
497513,2025-09-13T16:00:00.000000000,0.379,0.0,0.0,0.074,0.3487545735049445,0.0
497513,2025-09-13T17:00:00.000000000,0.38,0.0,0.0,0.075,0.0,0.0
497513,2025-09-13T18:00:00.000000000,0.416,0.0,0.0,0.076,0.3235504614701334,0.0
497513,2025-09-13T19:00:00.000000000,0.479,0.0,0.0,0.07200000000000001,0.0,0.0
497513,2025-09-13T20:00:00.000000000,0.9400000000000001,0.0,0.0,0.074,1.0527112840586224,0.0
497513,2025-09-13T21:00:00.000000000,0.503,0.0,0.0,0.061,0.0,0.0
497513,2025-09-13T22:00:00.000000000,0.49,0.0,0.0,0.046,1.9219600781894333,0.0
497513,2025-09-13T23:00:00.000000000,0.441,0.0,0.0,0.04,0.0,0.0
497513,2025-09-14T00:00:00.000000000,0.41600000000000004,0.0,0.0,0.034999999999999996,0.7663808485003611,0.0
497513,2025-09-14T01:00:00.000000000,0.34800000000000003,0.0,0.0,0.027,1.7598917763841944,0.0
497513,2025-09-14T02:00:00.000000000,0.34,0.0,0.0,0.033,0.34377236531201666,0.0
497513,2025-09-14T03:00:00.000000000,0.335,0.0,0.0,0.031,0.3346871621366778,0.0
497513,2025-09-14T04:00:00.000000000,0.333,0.0,0.0,0.029,1.02076653740985,0.0
497513,2025-09-14T05:00:00.000000000,0.33,0.0,0.0,0.032,0.0,0.0
497513,2025-09-14T06:00:00.000000000,0.327,0.0,0.0,0.032,0.3235504614701334,0.0
497513,2025-09-14T07:00:00.000000000,0.332,0.0,0.0,0.032,0.0,0.0
497513,2025-09-14T08:00:00.000000000,0.347,0.0,0.0,0.032,0.3235504614701334,0.0
497513,2025-09-14T09:00:00.000000000,0.335,0.0,0.0,0.029,0.0,0.0
497513,2025-09-14T10:00:00.000000000,0.405,0.0,0.0,0.037000000000000005,0.3235504614701334,0.0
497513,2025-09-14T11:00:00.000000000,0.7979999999999999,0.0,0.0,0.06,0.0,0.0
497513,2025-09-14T12:00:00.000000000,0.446,0.0,0.0,0.067,0.3235504614701334,0.0
497513,2025-09-14T13:00:00.000000000,0.466,0.0,0.0,0.074,0.7077666344659166,0.0
497513,2025-09-14T14:00:00.000000000,0.474,0.0,0.0,0.076,2.422818537113761,0.0
497513,2025-09-14T15:00:00.000000000,5.298,0.0,0.0,0.099,1.5066783717553944,0.0
497513,2025-09-14T16:00:00.000000000,5.005999999999999,0.0,0.0,0.104,1.43751359919475,0.0
497513,2025-09-14T17:00:00.000000000,0.47100000000000003,0.0,0.0,0.105,1.4392720256157834,0.0
497513,2025-09-14T18:00:00.000000000,0.56,0.0,0.0,0.107,0.5568350333272223,0.0
497513,2025-09-14T19:00:00.000000000,0.509,0.0,0.0,0.101,0.3440654363821889,0.0
497513,2025-09-14T20:00:00.000000000,0.48,0.0,0.0,0.082,0.7112834873079833,0.0
497513,2025-09-14T21:00:00.000000000,0.9500000000000001,0.0,0.0,0.069,2.003140764627139,0.0
497513,2025-09-14T22:00:00.000000000,0.472,0.0,0.0,0.049,3.013063672440617,0.0
497513,2025-09-14T23:00:00.000000000,0.381,0.0,0.0,0.041,1.1166007773561666,0.0
497513,2025-09-15T00:00:00.000000000,0.373,0.0,0.0,0.038,0.7259370408165944,0.0
497513,2025-09-15T01:00:00.000000000,0.34400000000000003,0.0,0.0,0.034999999999999996,0.6878378016942055,0.0
497513,2025-09-15T02:00:00.000000000,0.34,0.0,0.0,0.033,0.3440654363821889,0.0
497513,2025-09-15T03:00:00.000000000,0.337,0.0,0.0,0.032,0.0,0.0
497513,2025-09-15T04:00:00.000000000,0.337,0.0,0.0,0.033,0.3235504614701334,0.0
497513,2025-09-15T05:00:00.000000000,0.336,0.0,0.0,0.032,0.0,0.0
497513,2025-09-15T06:00:00.000000000,0.333,0.0,0.0,0.032,0.3235504614701334,0.0
497513,2025-09-15T07:00:00.000000000,0.332,0.0,0.0,0.032,0.0,0.0
497513,2025-09-15T08:00:00.000000000,0.335,0.0,0.0,0.032,0.3235504614701334,0.0
497513,2025-09-15T09:00:00.000000000,0.39699999999999996,0.0,0.0,0.031,0.6822694513609333,0.0
497513,2025-09-15T10:00:00.000000000,0.381,0.0,0.0,0.032,0.0,0.0
497513,2025-09-15T11:00:00.000000000,0.382,0.0,0.0,0.033,0.32325739039996115,0.0
497513,2025-09-15T12:00:00.000000000,0.34099999999999997,0.0,0.0,0.035,0.0,0.0
497513,2025-09-15T13:00:00.000000000,0.345,0.0,0.0,0.040999999999999995,0.3440654363821889,0.0
497513,2025-09-15T14:00:00.000000000,0.354,0.0,0.0,0.048,0.6878378016942055,0.0
497513,2025-09-15T15:00:00.000000000,0.361,0.0,0.0,0.055,0.6676158978523223,0.0
497513,2025-09-15T16:00:00.000000000,0.40399999999999997,0.0,0.0,0.066,0.0,0.0
497513,2025-09-15T17:00:00.000000000,0.423,0.0,0.0,0.068,0.3235504614701334,0.0
497513,2025-09-15T18:00:00.000000000,0.46599999999999997,0.0,0.0,0.068,0.0,0.0
497513,2025-09-15T19:00:00.000000000,0.45499999999999996,0.0,0.0,0.061,0.3235504614701334,0.0
497513,2025-09-15T20:00:00.000000000,0.449,0.0,0.0,0.052000000000000005,0.3440654363821889,0.0
497513,2025-09-15T21:00:00.000000000,0.437,0.0,0.0,0.037,1.5611895908074276,0.0
497513,2025-09-15T22:00:00.000000000,0.437,0.0,0.0,0.036,0.6881308727643778,0.0
497513,2025-09-15T23:00:00.000000000,0.435,0.0,0.0,0.035,0.3672180509257944,0.0
497513,2025-09-16T00:00:00.000000000,0.426,0.0,0.0,0.033,1.0447983651639723,0.0
497513,2025-09-16T01:00:00.000000000,0.371,0.0,0.0,0.032,0.3440654363821889,0.0
497513,2025-09-16T02:00:00.000000000,0.34,0.0,0.0,0.032,0.0,0.0
497513,2025-09-16T03:00:00.000000000,0.336,0.0,0.0,0.032,0.3235504614701334,0.0
497513,2025-09-16T04:00:00.000000000,0.333,0.0,0.0,0.03,0.0,0.0
497513,2025-09-16T05:00:00.000000000,0.331,0.0,0.0,0.028999999999999998,0.618379958063389,0.0
497513,2025-09-16T06:00:00.000000000,0.332,0.0,0.0,0.031,0.04630522908721111,0.0
497513,2025-09-16T07:00:00.000000000,0.329,0.0,0.0,0.028,0.3235504614701334,0.0
497513,2025-09-16T08:00:00.000000000,0.33999999999999997,0.0,0.0,0.028,0.3563744213294222,0.0
497513,2025-09-16T09:00:00.000000000,0.367,0.0,0.0,0.028,1.0990165131458334,0.0
497513,2025-09-16T10:00:00.000000000,0.369,0.0,0.0,0.03,0.0,0.0
497513,2025-09-16T11:00:00.000000000,0.385,0.0,0.0,0.035,0.3235504614701334,0.0
497513,2025-09-16T12:00:00.000000000,0.39,0.0,0.0,0.043,0.29893249157566665,0.0
497513,2025-09-16T13:00:00.000000000,0.376,0.0,0.0,0.05,0.024617969894466667,0.0
497513,2025-09-16T14:00:00.000000000,0.373,0.0,0.0,0.057,0.3440654363821889,0.0
497513,2025-09-16T15:00:00.000000000,0.418,0.0,0.0,0.066,0.713334984799189,0.0
497513,2025-09-16T16:00:00.000000000,0.413,0.0,0.0,0.063,1.486163396843339,0.0
497513,2025-09-16T17:00:00.000000000,0.42,0.0,0.0,0.065,0.3493407156452889,0.0
497513,2025-09-16T18:00:00.000000000,0.453,0.0,0.0,0.055999999999999994,0.3235504614701334,0.0
497513,2025-09-16T19:00:00.000000000,0.441,0.0,0.0,0.047,1.6016333984911946,0.0
497513,2025-09-16T20:00:00.000000000,0.442,0.0,0.0,0.044000000000000004,1.082897604286361,0.0
497513,2025-09-16T21:00:00.000000000,0.436,0.0,0.0,0.036,1.1637852196538945,0.0
497513,2025-09-16T22:00:00.000000000,0.479,0.0,0.0,0.035,0.850492245639789,0.0
497513,2025-09-16T23:00:00.000000000,0.523,0.0,0.0,0.04,0.6881308727643778,0.0
497513,2025-09-17T00:00:00.000000000,0.42800000000000005,0.0,0.0,0.037,0.0,0.0
497513,2025-09-17T01:00:00.000000000,0.36000000000000004,0.0,0.0,0.036,0.3235504614701334,0.0
497513,2025-09-17T02:00:00.000000000,0.339,0.0,0.0,0.032,0.6676158978523223,0.0
497513,2025-09-17T03:00:00.000000000,0.336,0.0,0.0,0.031,0.3235504614701334,0.0
497513,2025-09-17T04:00:00.000000000,0.336,0.0,0.0,0.032,0.0,0.0
497513,2025-09-17T05:00:00.000000000,0.333,0.0,0.0,0.032,0.3235504614701334,0.0
497513,2025-09-17T06:00:00.000000000,0.332,0.0,0.0,0.032,0.0,0.0
497513,2025-09-17T07:00:00.000000000,0.331,0.0,0.0,0.031,0.3235504614701334,0.0
497513,2025-09-17T08:00:00.000000000,0.331,0.0,0.0,0.028,0.3235504614701334,0.0
497513,2025-09-17T09:00:00.000000000,0.863,0.0,0.0,0.040999999999999995,0.0,0.0
497513,2025-09-17T10:00:00.000000000,2.259,0.0,0.0,0.081,0.3235504614701334,0.0
497513,2025-09-17T11:00:00.000000000,2.266,0.0,0.0,0.088,0.0,0.0
497513,2025-09-17T12:00:00.000000000,0.726,0.0,0.0,0.067,0.3235504614701334,0.0
497513,2025-09-17T13:00:00.000000000,0.455,0.0,0.0,0.062,0.3566674923995945,0.0
497513,2025-09-17T14:00:00.000000000,0.45499999999999996,0.0,0.0,0.068,0.3440654363821889,0.0
497513,2025-09-17T15:00:00.000000000,0.426,0.0,0.0,0.073,0.3235504614701334,0.0
497513,2025-09-17T16:00:00.000000000,0.428,0.0,0.0,0.077,0.0,0.0
497513,2025-09-17T17:00:00.000000000,0.433,0.0,0.0,0.078,0.6881308727643778,0.0
497513,2025-09-17T18:00:00.000000000,0.483,0.0,0.0,0.08600000000000001,0.3440654363821889,0.0
497513,2025-09-17T19:00:00.000000000,0.46699999999999997,0.0,0.0,0.073,0.8507853167099612,0.0
497513,2025-09-17T20:00:00.000000000,0.456,0.0,0.0,0.057999999999999996,1.0556419947603444,0.0
497513,2025-09-17T21:00:00.000000000,0.447,0.0,0.0,0.046000000000000006,0.7115765583781556,0.0
497513,2025-09-17T22:00:00.000000000,0.44,0.0,0.0,0.039,0.6881308727643778,0.0
497513,2025-09-17T23:00:00.000000000,0.45899999999999996,0.0,0.0,0.037,0.3440654363821889,0.0
497513,2025-09-18T00:00:00.000000000,0.379,0.0,0.0,0.032,0.6910615834661,0.0
497513,2025-09-18T01:00:00.000000000,0.332,0.0,0.0,0.023,1.8709657119794667,0.0
497513,2025-09-18T02:00:00.000000000,0.336,0.0,0.0,0.028,0.3235504614701334,0.0
497513,2025-09-18T03:00:00.000000000,0.335,0.0,0.0,0.028999999999999998,0.3440654363821889,0.0
497513,2025-09-18T04:00:00.000000000,0.331,0.0,0.0,0.027,0.3672180509257944,0.0
497513,2025-09-18T05:00:00.000000000,0.33,0.0,0.0,0.028,0.3235504614701334,0.0
497513,2025-09-18T06:00:00.000000000,0.328,0.0,0.0,0.027000000000000003,0.0,0.0
497513,2025-09-18T07:00:00.000000000,0.318,0.0,0.0,0.019000000000000003,1.575843144316039,0.0
497513,2025-09-18T08:00:00.000000000,0.7729999999999999,0.0,0.0,0.028,1.9202016517684002,0.0
497513,2025-09-18T09:00:00.000000000,0.366,0.0,0.0,0.024,0.2810551562951611,0.0
497513,2025-09-18T10:00:00.000000000,0.342,0.0,0.0,0.025,0.3235504614701334,0.0
497513,2025-09-18T11:00:00.000000000,0.334,0.0,0.0,0.029,0.0,0.0
497513,2025-09-18T12:00:00.000000000,0.34199999999999997,0.0,0.0,0.038000000000000006,0.6793387406592111,0.0
497513,2025-09-18T13:00:00.000000000,0.355,0.0,0.0,0.051,0.0,0.0
497513,2025-09-18T14:00:00.000000000,0.39899999999999997,0.0,0.0,0.059000000000000004,1.1397533918997722,0.0
497513,2025-09-18T15:00:00.000000000,0.426,0.0,0.0,0.072,0.3235504614701334,0.0
497513,2025-09-18T16:00:00.000000000,0.429,0.0,0.0,0.08,0.0,0.0
497513,2025-09-18T17:00:00.000000000,0.432,0.0,0.0,0.079,0.3235504614701334,0.0
497513,2025-09-18T18:00:00.000000000,0.475,0.0,0.0,0.078,0.0,0.0
497513,2025-09-18T19:00:00.000000000,0.45899999999999996,0.0,0.0,0.065,1.5395023316146832,0.0
497513,2025-09-18T20:00:00.000000000,0.883,0.0,0.0,0.068,0.42993525994265,0.0
497513,2025-09-18T21:00:00.000000000,0.45,0.0,0.0,0.05,0.9463264855861055,0.0
497513,2025-09-18T22:00:00.000000000,0.443,0.0,0.0,0.042,0.6881308727643778,0.0
497513,2025-09-18T23:00:00.000000000,0.436,0.0,0.0,0.035,0.7115765583781556,0.0
497513,2025-09-19T00:00:00.000000000,0.422,0.0,0.0,0.028,1.4008797154232222,0.0
497513,2025-09-19T01:00:00.000000000,0.36900000000000005,0.0,0.0,0.028,0.37044183269768893,0.0
497513,2025-09-19T02:00:00.000000000,0.336,0.0,0.0,0.028,0.0,0.0
497513,2025-09-19T03:00:00.000000000,0.331,0.0,0.0,0.026000000000000002,0.3235504614701334,0.0
497513,2025-09-19T04:00:00.000000000,0.328,0.0,0.0,0.024,0.0,0.0
497513,2025-09-19T05:00:00.000000000,0.325,0.0,0.0,0.024,0.32325739039996115,0.0
497513,2025-09-19T06:00:00.000000000,0.321,0.0,0.0,0.02,0.0,0.0
497513,2025-09-19T07:00:00.000000000,0.316,0.0,0.0,0.018,0.6796318117293834,0.0
497513,2025-09-19T08:00:00.000000000,0.327,0.0,0.0,0.015,0.705715136974711,0.0
497513,2025-09-19T09:00:00.000000000,0.387,0.0,0.0,0.019000000000000003,1.0421607255324223,0.0
497513,2025-09-19T10:00:00.000000000,0.359,0.0,0.0,0.011000000000000001,2.0784600296614,0.0
497513,2025-09-19T11:00:00.000000000,0.372,0.0,0.0,0.022,0.7300400357990056,0.0
497513,2025-09-19T12:00:00.000000000,0.382,0.0,0.0,0.033,1.5397954026848557,0.0
497513,2025-09-19T13:00:00.000000000,0.398,0.0,0.0,0.051,0.0,0.0
497513,2025-09-19T14:00:00.000000000,0.415,0.0,0.0,0.062,0.3235504614701334,0.0
497513,2025-09-19T15:00:00.000000000,0.426,0.0,0.0,0.074,0.6755288167469722,0.0
497513,2025-09-19T16:00:00.000000000,0.432,0.0,0.0,0.081,0.3235504614701334,0.0
497513,2025-09-19T17:00:00.000000000,0.435,0.0,0.0,0.082,0.0,0.0
497513,2025-09-19T18:00:00.000000000,0.487,0.0,0.0,0.089,0.3235504614701334,0.0
497513,2025-09-19T19:00:00.000000000,0.471,0.0,0.0,0.077,0.3235504614701334,0.0
497513,2025-09-19T20:00:00.000000000,0.455,0.0,0.0,0.056999999999999995,2.299142545501083,0.0
497513,2025-09-19T21:00:00.000000000,0.452,0.0,0.0,0.052,0.6942853652379944,0.0
497513,2025-09-19T22:00:00.000000000,0.445,0.0,0.0,0.045000000000000005,0.7115765583781556,0.0
497513,2025-09-19T23:00:00.000000000,0.375,0.0,0.0,0.037,0.6676158978523223,0.0
497513,2025-09-20T00:00:00.000000000,0.36300000000000004,0.0,0.0,0.026000000000000002,1.9152194435754724,0.0
497513,2025-09-20T01:00:00.000000000,0.336,0.0,0.0,0.028,0.0,0.0
497513,2025-09-20T02:00:00.000000000,0.332,0.0,0.0,0.027,0.3235504614701334,0.0
497513,2025-09-20T03:00:00.000000000,0.329,0.0,0.0,0.025,0.3235504614701334,0.0
497513,2025-09-20T04:00:00.000000000,0.326,0.0,0.0,0.022000000000000002,0.0,0.0
497513,2025-09-20T05:00:00.000000000,0.324,0.0,0.0,0.021,0.3235504614701334,0.0
497513,2025-09-20T06:00:00.000000000,0.32,0.0,0.0,0.02,0.0,0.0
497513,2025-09-20T07:00:00.000000000,0.32,0.0,0.0,0.02,0.32325739039996115,0.0
497513,2025-09-20T08:00:00.000000000,0.323,0.0,0.0,0.02,0.0,0.0
497513,2025-09-20T09:00:00.000000000,0.327,0.0,0.0,0.02,0.3235504614701334,0.0
497513,2025-09-20T10:00:00.000000000,0.36,0.0,0.0,0.02,1.0471429337253502,0.0
497513,2025-09-20T11:00:00.000000000,0.374,0.0,0.0,0.024,1.2525857539160776,0.0
497513,2025-09-20T12:00:00.000000000,0.385,0.0,0.0,0.037000000000000005,1.043333009813111,0.0
497513,2025-09-20T13:00:00.000000000,0.444,0.0,0.0,0.052,0.7180241219219445,0.0
497513,2025-09-20T14:00:00.000000000,0.36,0.0,0.0,0.054,0.8686626519904667,0.0
497513,2025-09-20T15:00:00.000000000,0.367,0.0,0.0,0.06,1.0069921971117557,0.0
497513,2025-09-20T16:00:00.000000000,0.373,0.0,0.0,0.067,0.3440654363821889,0.0
497513,2025-09-20T17:00:00.000000000,0.374,0.0,0.0,0.07,0.6881308727643778,0.0
497513,2025-09-20T18:00:00.000000000,0.415,0.0,0.0,0.075,0.0,0.0
497513,2025-09-20T19:00:00.000000000,0.46099999999999997,0.0,0.0,0.067,0.3235504614701334,0.0
497513,2025-09-20T20:00:00.000000000,0.455,0.0,0.0,0.056999999999999995,0.0,0.0
497513,2025-09-20T21:00:00.000000000,0.448,0.0,0.0,0.048,0.32355046147013333,0.0
497513,2025-09-20T22:00:00.000000000,0.444,0.0,0.0,0.041,0.0,0.0
497513,2025-09-20T23:00:00.000000000,0.437,0.0,0.0,0.036,0.6881308727643778,0.0
497513,2025-09-21T00:00:00.000000000,0.38200000000000006,0.0,0.0,0.023,2.058531196889689,0.0
497513,2025-09-21T01:00:00.000000000,0.338,0.0,0.0,0.024,0.4700859965562445,0.0
497513,2025-09-21T02:00:00.000000000,0.33,0.0,0.0,0.026,0.54599140373085,0.0
497513,2025-09-21T03:00:00.000000000,0.316,0.0,0.0,0.027,0.3440654363821889,0.0
497513,2025-09-21T04:00:00.000000000,0.332,0.0,0.0,0.028,0.3235504614701334,0.0
497513,2025-09-21T05:00:00.000000000,0.329,0.0,0.0,0.028,0.0,0.0
497513,2025-09-21T06:00:00.000000000,0.325,0.0,0.0,0.025,0.3235504614701334,0.0
497513,2025-09-21T07:00:00.000000000,0.324,0.0,0.0,0.024,0.0,0.0
497513,2025-09-21T08:00:00.000000000,0.33899999999999997,0.0,0.0,0.024,0.3235504614701334,0.0
497513,2025-09-21T09:00:00.000000000,0.365,0.0,0.0,0.024,0.0,0.0
497513,2025-09-21T10:00:00.000000000,0.379,0.0,0.0,0.03,0.3235504614701334,0.0
497513,2025-09-21T11:00:00.000000000,0.387,0.0,0.0,0.038,0.2494034807165611,0.0
497513,2025-09-21T12:00:00.000000000,0.393,0.0,0.0,0.044000000000000004,1.2704630891965834,0.0
497513,2025-09-21T13:00:00.000000000,0.404,0.0,0.0,0.056,0.3235504614701334,0.0
497513,2025-09-21T14:00:00.000000000,0.418,0.0,0.0,0.067,0.34435850745236113,0.0
497513,2025-09-21T15:00:00.000000000,0.42,0.0,0.0,0.068,1.6851586534902776,0.0
497513,2025-09-21T16:00:00.000000000,0.429,0.0,0.0,0.079,0.18111792136643334,0.0
497513,2025-09-21T17:00:00.000000000,0.435,0.0,0.0,0.081,0.3235504614701334,0.0
497513,2025-09-21T18:00:00.000000000,0.48,0.0,0.0,0.083,0.7118696294483278,0.0
497513,2025-09-21T19:00:00.000000000,0.469,0.0,0.0,0.076,0.0,0.0
497513,2025-09-21T20:00:00.000000000,0.462,0.0,0.0,0.063,0.3235504614701334,0.0
497513,2025-09-21T21:00:00.000000000,0.451,0.0,0.0,0.051000000000000004,0.6881308727643778,0.0
497513,2025-09-21T22:00:00.000000000,0.441,0.0,0.0,0.040999999999999995,1.5644133725793221,0.0
497513,2025-09-21T23:00:00.000000000,0.485,0.0,0.0,0.041999999999999996,0.6881308727643778,0.0
497513,2025-09-22T00:00:00.000000000,1.354,0.0,0.0,0.064,0.4586562248195278,0.0
497513,2025-09-22T01:00:00.000000000,0.368,0.0,0.0,0.041,0.5562488911868778,0.0
497513,2025-09-22T02:00:00.000000000,0.338,0.0,0.0,0.032,0.35989127417148886,0.0
497513,2025-09-22T03:00:00.000000000,0.329,0.0,0.0,0.024999999999999998,1.6705050999816669,0.0
497513,2025-09-22T04:00:00.000000000,0.33,0.0,0.0,0.027000000000000003,0.0,0.0
497513,2025-09-22T05:00:00.000000000,0.325,0.0,0.0,0.024,0.3235504614701334,0.0
497513,2025-09-22T06:00:00.000000000,0.324,0.0,0.0,0.024,0.0,0.0
497513,2025-09-22T07:00:00.000000000,0.313,0.0,0.0,0.019000000000000003,1.181369483864228,0.0
497513,2025-09-22T08:00:00.000000000,0.33699999999999997,0.0,0.0,0.024,0.3235504614701334,0.0
497513,2025-09-22T09:00:00.000000000,0.365,0.0,0.0,0.025,0.0,0.0
497513,2025-09-22T10:00:00.000000000,0.687,0.0,0.0,0.035,0.3235504614701334,0.0
497513,2025-09-22T11:00:00.000000000,6.305,0.0,0.0,0.028,1.6385603533328945,0.0
497513,2025-09-22T12:00:00.000000000,3.511,0.0,0.0,0.057999999999999996,3.161357633947761,0.0
497513,2025-09-22T13:00:00.000000000,0.45,0.0,0.0,0.069,1.9026173875580668,0.0
497513,2025-09-22T14:00:00.000000000,0.401,0.0,0.0,0.073,1.2461381903722888,0.0
497513,2025-09-22T15:00:00.000000000,0.42600000000000005,0.0,0.0,0.084,1.1561653718294167,0.0
497513,2025-09-22T16:00:00.000000000,0.41000000000000003,0.0,0.0,0.092,0.6084155416775334,0.0
497513,2025-09-22T17:00:00.000000000,0.40700000000000003,0.0,0.0,0.09,0.3235504614701334,0.0
497513,2025-09-22T18:00:00.000000000,0.483,0.0,0.0,0.098,0.0,0.0
497513,2025-09-22T19:00:00.000000000,0.46199999999999997,0.0,0.0,0.08600000000000001,0.850492245639789,0.0
497513,2025-09-22T20:00:00.000000000,5.289,0.0,0.0,0.092,1.261964028161589,0.0
497513,2025-09-22T21:00:00.000000000,1.135,0.0,0.0,0.076,1.4246184721071722,0.0
497513,2025-09-22T22:00:00.000000000,0.462,0.0,0.0,0.061,0.7121627005185001,0.0
497513,2025-09-22T23:00:00.000000000,0.45,0.0,0.0,0.049999999999999996,1.9585939619609614,0.0
497513,2025-09-23T00:00:00.000000000,0.39,0.0,0.0,0.044,1.0357131619886335,0.0
497513,2025-09-23T01:00:00.000000000,0.34700000000000003,0.0,0.0,0.038,0.34435850745236113,0.0
497513,2025-09-23T02:00:00.000000000,0.341,0.0,0.0,0.034,0.0,0.0
497513,2025-09-23T03:00:00.000000000,0.336,0.0,0.0,0.032,0.3235504614701334,0.0
497513,2025-09-23T04:00:00.000000000,0.332,0.0,0.0,0.028999999999999998,0.0,0.0
497513,2025-09-23T05:00:00.000000000,0.328,0.0,0.0,0.024,0.3235504614701334,0.0
497513,2025-09-23T06:00:00.000000000,0.325,0.0,0.0,0.024,0.0,0.0
497513,2025-09-23T07:00:00.000000000,0.327,0.0,0.0,0.024,0.3235504614701334,0.0
497513,2025-09-23T08:00:00.000000000,0.327,0.0,0.0,0.024,0.0,0.0
497513,2025-09-23T09:00:00.000000000,0.33,0.0,0.0,0.023000000000000003,0.3232573903999611,0.0
497513,2025-09-23T10:00:00.000000000,0.328,0.0,0.0,0.020999999999999998,0.0,0.0
497513,2025-09-23T11:00:00.000000000,0.334,0.0,0.0,0.028,0.3235504614701334,0.0
497513,2025-09-23T12:00:00.000000000,0.34299999999999997,0.0,0.0,0.038000000000000006,0.0,0.0
497513,2025-09-23T13:00:00.000000000,0.354,0.0,0.0,0.048999999999999995,0.3235504614701334,0.0
497513,2025-09-23T14:00:00.000000000,0.364,0.0,0.0,0.059,0.3235504614701334,0.0
497513,2025-09-23T15:00:00.000000000,0.369,0.0,0.0,0.064,0.0,0.0
497513,2025-09-23T16:00:00.000000000,0.372,0.0,0.0,0.064,0.3235504614701334,0.0
497513,2025-09-23T17:00:00.000000000,0.37,0.0,0.0,0.065,0.0,0.0
497513,2025-09-23T18:00:00.000000000,0.407,0.0,0.0,0.066,0.3235504614701334,0.0
497513,2025-09-23T19:00:00.000000000,0.443,0.0,0.0,0.064,0.0,0.0
497513,2025-09-23T20:00:00.000000000,0.455,0.0,0.0,0.057999999999999996,0.3235504614701334,0.0
497513,2025-09-23T21:00:00.000000000,0.451,0.0,0.0,0.05,0.0,0.0
497513,2025-09-23T22:00:00.000000000,0.444,0.0,0.0,0.043000000000000003,0.3235504614701334,0.0
497513,2025-09-23T23:00:00.000000000,0.429,0.0,0.0,0.028999999999999998,2.0661510447141667,0.0
497513,2025-09-24T00:00:00.000000000,0.38300000000000006,0.0,0.0,0.025,1.056228136900689,0.0
497513,2025-09-24T01:00:00.000000000,0.332,0.0,0.0,0.023000000000000003,1.1347711837068446,0.0
497513,2025-09-24T02:00:00.000000000,0.329,0.0,0.0,0.024,1.177852631022161,0.0
497513,2025-09-24T03:00:00.000000000,0.33,0.0,0.0,0.025,0.6887170149047223,0.0
497513,2025-09-24T04:00:00.000000000,0.332,0.0,0.0,0.028,0.0,0.0
497513,2025-09-24T05:00:00.000000000,0.329,0.0,0.0,0.028,0.3235504614701334,0.0
497513,2025-09-24T06:00:00.000000000,0.328,0.0,0.0,0.028,0.0,0.0
497513,2025-09-24T07:00:00.000000000,0.328,0.0,0.0,0.028,0.3235504614701334,0.0
497513,2025-09-24T08:00:00.000000000,0.328,0.0,0.0,0.028,0.3235504614701334,0.0
497513,2025-09-24T09:00:00.000000000,0.331,0.0,0.0,0.028,0.0,0.0
497513,2025-09-24T10:00:00.000000000,0.335,0.0,0.0,0.029,0.3235504614701334,0.0
497513,2025-09-24T11:00:00.000000000,0.33999999999999997,0.0,0.0,0.035,0.0,0.0
497513,2025-09-24T12:00:00.000000000,0.8700000000000001,0.0,0.0,0.055999999999999994,0.32355046147013333,0.0
497513,2025-09-24T13:00:00.000000000,1.2570000000000001,0.0,0.0,0.06999999999999999,1.8695003566286057,0.0
497513,2025-09-24T14:00:00.000000000,0.422,0.0,0.0,0.059,1.0310240248658777,0.0
497513,2025-09-24T15:00:00.000000000,0.419,0.0,0.0,0.066,0.3235504614701334,0.0
497513,2025-09-24T16:00:00.000000000,0.42,0.0,0.0,0.069,0.34435850745236113,0.0
497513,2025-09-24T17:00:00.000000000,0.426,0.0,0.0,0.072,0.0,0.0
497513,2025-09-24T18:00:00.000000000,0.46499999999999997,0.0,0.0,0.068,1.4794227622293779,0.0
497513,2025-09-24T19:00:00.000000000,0.398,0.0,0.0,0.059,0.7124557715886722,0.0
497513,2025-09-24T20:00:00.000000000,0.39,0.0,0.0,0.052,0.6887170149047223,0.0
497513,2025-09-24T21:00:00.000000000,0.449,0.0,0.0,0.049,0.6828555935012778,0.0
497513,2025-09-24T22:00:00.000000000,0.444,0.0,0.0,0.041,0.9935109278838334,0.0
497513,2025-09-24T23:00:00.000000000,0.442,0.0,0.0,0.04,0.3631150559433834,0.0
497513,2025-09-25T00:00:00.000000000,0.445,0.0,0.0,0.04,0.34435850745236113,0.0
497513,2025-09-25T01:00:00.000000000,0.378,0.0,0.0,0.031,1.5189873567026277,0.0
497513,2025-09-25T02:00:00.000000000,0.34600000000000003,0.0,0.0,0.034999999999999996,0.34435850745236113,0.0
497513,2025-09-25T03:00:00.000000000,0.34,0.0,0.0,0.034999999999999996,0.0,0.0
497513,2025-09-25T04:00:00.000000000,0.336,0.0,0.0,0.032,0.3235504614701334,0.0
497513,2025-09-25T05:00:00.000000000,0.335,0.0,0.0,0.033,0.0,0.0
497513,2025-09-25T06:00:00.000000000,0.33,0.0,0.0,0.028999999999999998,0.3235504614701334,0.0
497513,2025-09-25T07:00:00.000000000,0.326,0.0,0.0,0.025,0.0,0.0
497513,2025-09-25T08:00:00.000000000,0.338,0.0,0.0,0.022000000000000002,0.544526048379989,0.0
497513,2025-09-25T09:00:00.000000000,0.366,0.0,0.0,0.026,0.12455520482319445,0.0
497513,2025-09-25T10:00:00.000000000,0.389,0.0,0.0,0.040999999999999995,0.3235504614701334,0.0
497513,2025-09-25T11:00:00.000000000,0.403,0.0,0.0,0.053,0.0,0.0
497513,2025-09-25T12:00:00.000000000,0.41,0.0,0.0,0.064,0.3235504614701334,0.0
497513,2025-09-25T13:00:00.000000000,0.428,0.0,0.0,0.069,1.1796110574431944,0.0
497513,2025-09-25T14:00:00.000000000,0.475,0.0,0.0,0.077,1.0720539746899889,0.0
497513,2025-09-25T15:00:00.000000000,0.443,0.0,0.0,0.079,2.533599401638861,0.0
497513,2025-09-25T16:00:00.000000000,0.404,0.0,0.0,0.087,0.3801131780133723,0.0
497513,2025-09-25T17:00:00.000000000,0.391,0.0,0.0,0.08700000000000001,0.6679089689224945,0.0
497513,2025-09-25T18:00:00.000000000,0.47200000000000003,0.0,0.0,0.08600000000000001,1.5884452003334444,0.0
497513,2025-09-25T19:00:00.000000000,0.487,0.0,0.0,0.079,0.5322170634327557,0.0
497513,2025-09-25T20:00:00.000000000,0.46499999999999997,0.0,0.0,0.069,0.44605416880212223,0.0
497513,2025-09-25T21:00:00.000000000,0.459,0.0,0.0,0.057999999999999996,0.0,0.0
497513,2025-09-25T22:00:00.000000000,0.454,0.0,0.0,0.051000000000000004,0.3235504614701334,0.0
497513,2025-09-25T23:00:00.000000000,0.445,0.0,0.0,0.042,0.7397113811146889,0.0
497513,2025-09-26T00:00:00.000000000,0.433,0.0,0.0,0.039999999999999994,0.6887170149047223,0.0
497513,2025-09-26T01:00:00.000000000,0.384,0.0,0.0,0.039,0.34435850745236113,0.0
497513,2025-09-26T02:00:00.000000000,0.341,0.0,0.0,0.033,0.6887170149047223,0.0
497513,2025-09-26T03:00:00.000000000,0.336,0.0,0.0,0.032,0.0,0.0
497513,2025-09-26T04:00:00.000000000,0.336,0.0,0.0,0.032,0.3235504614701334,0.0
497513,2025-09-26T05:00:00.000000000,0.331,0.0,0.0,0.028999999999999998,0.0,0.0
497513,2025-09-26T06:00:00.000000000,0.315,0.0,0.0,0.022000000000000002,0.7159726244307388,0.0
497513,2025-09-26T07:00:00.000000000,0.322,0.0,0.0,0.02,0.3235504614701334,0.0
497513,2025-09-26T08:00:00.000000000,0.325,0.0,0.0,0.019,0.5600588150991167,0.0
497513,2025-09-26T09:00:00.000000000,0.35200000000000004,0.0,0.0,0.023,0.8367179053416944,0.0
497513,2025-09-26T10:00:00.000000000,0.34299999999999997,0.0,0.0,0.037000000000000005,0.0,0.0
497513,2025-09-26T11:00:00.000000000,0.391,0.0,0.0,0.054,0.3235504614701334,0.0
497513,2025-09-26T12:00:00.000000000,0.414,0.0,0.0,0.065,0.34435850745236113,0.0
497513,2025-09-26T13:00:00.000000000,0.421,0.0,0.0,0.074,0.71480034015005,0.0
497513,2025-09-26T14:00:00.000000000,0.431,0.0,0.0,0.079,1.4527532948437056,0.0
497513,2025-09-26T15:00:00.000000000,0.442,0.0,0.0,0.089,0.9073480332532,0.0
497513,2025-09-26T16:00:00.000000000,0.443,0.0,0.0,0.093,1.2306054236531612,0.0
497513,2025-09-26T17:00:00.000000000,0.447,0.0,0.0,0.093,0.6954576495186833,0.0
497513,2025-09-26T18:00:00.000000000,0.496,0.0,0.0,0.099,1.1986606770043888,0.0
497513,2025-09-26T19:00:00.000000000,0.502,0.0,0.0,0.08900000000000001,0.6497385625718167,0.0
497513,2025-09-26T20:00:00.000000000,0.473,0.0,0.0,0.074,0.3417208678208112,0.0
497513,2025-09-26T21:00:00.000000000,0.46199999999999997,0.0,0.0,0.06,1.5438983976672669,0.0
497513,2025-09-26T22:00:00.000000000,0.458,0.0,0.0,0.055999999999999994,0.0,0.0
497513,2025-09-26T23:00:00.000000000,0.495,0.0,0.0,0.052000000000000005,0.6887170149047223,0.0
497513,2025-09-27T00:00:00.000000000,0.4,0.0,0.0,0.043000000000000003,0.6887170149047223,0.0
497513,2025-09-27T01:00:00.000000000,0.348,0.0,0.0,0.038,0.6887170149047223,0.0
497513,2025-09-27T02:00:00.000000000,0.341,0.0,0.0,0.034,0.7912918894650001,0.0
497513,2025-09-27T03:00:00.000000000,0.34,0.0,0.0,0.036,0.3235504614701334,0.0
497513,2025-09-27T04:00:00.000000000,0.336,0.0,0.0,0.032,0.737073741483139,0.0
497513,2025-09-27T05:00:00.000000000,0.334,0.0,0.0,0.031,0.0,0.0
497513,2025-09-27T06:00:00.000000000,0.329,0.0,0.0,0.028,0.3235504614701334,0.0
497513,2025-09-27T07:00:00.000000000,0.328,0.0,0.0,0.028,0.0,0.0
497513,2025-09-27T08:00:00.000000000,2.254,0.0,0.0,0.02,0.6799248827995557,0.0
497513,2025-09-27T09:00:00.000000000,6.050000000000001,0.0,0.0,0.007,1.0465567915850056,0.0
497513,2025-09-27T10:00:00.000000000,6.034,0.0,0.0,0.038000000000000006,1.4331175331421666,0.0
497513,2025-09-27T11:00:00.000000000,0.416,0.0,0.0,0.066,0.6922338677467889,0.0
497513,2025-09-27T12:00:00.000000000,0.435,0.0,0.0,0.066,1.9597662462416499,0.0
497513,2025-09-27T13:00:00.000000000,0.419,0.0,0.0,0.07100000000000001,0.6825625224311056,0.0
497513,2025-09-27T14:00:00.000000000,0.428,0.0,0.0,0.076,1.0606242029532724,0.0
497513,2025-09-27T15:00:00.000000000,0.42200000000000004,0.0,0.0,0.082,0.32442967468065,0.0
497513,2025-09-27T16:00:00.000000000,0.416,0.0,0.0,0.076,0.6890100859748944,0.0
497513,2025-09-27T17:00:00.000000000,0.429,0.0,0.0,0.076,0.3235504614701334,0.0
497513,2025-09-27T18:00:00.000000000,0.471,0.0,0.0,0.073,0.0,0.0
497513,2025-09-27T19:00:00.000000000,0.45699999999999996,0.0,0.0,0.063,0.34435850745236113,0.0
497513,2025-09-27T20:00:00.000000000,0.452,0.0,0.0,0.05299999999999999,0.6887170149047223,0.0
497513,2025-09-27T21:00:00.000000000,0.44,0.0,0.0,0.038,1.8993936057861722,0.0
497513,2025-09-27T22:00:00.000000000,0.44,0.0,0.0,0.038,0.32355046147013333,0.0
497513,2025-09-27T23:00:00.000000000,0.435,0.0,0.0,0.034999999999999996,0.0,0.0
497513,2025-09-28T00:00:00.000000000,0.36500000000000005,0.0,0.0,0.03,0.3235504614701334,0.0
497513,2025-09-28T01:00:00.000000000,0.336,0.0,0.0,0.027000000000000003,0.0,0.0
497513,2025-09-28T02:00:00.000000000,0.329,0.0,0.0,0.024,0.3235504614701334,0.0
497513,2025-09-28T03:00:00.000000000,0.316,0.0,0.0,0.019,1.054762781549828,0.0
497513,2025-09-28T04:00:00.000000000,0.325,0.0,0.0,0.02,0.0,0.0
497513,2025-09-28T05:00:00.000000000,0.318,0.0,0.0,0.017,0.3235504614701334,0.0
497513,2025-09-28T06:00:00.000000000,0.315,0.0,0.0,0.013999999999999999,0.0,0.0
497513,2025-09-28T07:00:00.000000000,0.313,0.0,0.0,0.013000000000000001,0.3235504614701334,0.0
497513,2025-09-28T08:00:00.000000000,0.32,0.0,0.0,0.009000000000000001,0.7186102640622889,0.0
497513,2025-09-28T09:00:00.000000000,0.318,0.0,0.0,0.013000000000000001,0.3235504614701334,0.0
497513,2025-09-28T10:00:00.000000000,0.33,0.0,0.0,0.023,0.0,0.0
497513,2025-09-28T11:00:00.000000000,0.378,0.0,0.0,0.038000000000000006,0.3235504614701334,0.0
497513,2025-09-28T12:00:00.000000000,0.35,0.0,0.0,0.046,0.0,0.0
497513,2025-09-28T13:00:00.000000000,0.357,0.0,0.0,0.053,0.3235504614701334,0.0
497513,2025-09-28T14:00:00.000000000,0.38,0.0,0.0,0.063,0.0,0.0
497513,2025-09-28T15:00:00.000000000,0.85,0.0,0.0,0.081,0.3235504614701334,0.0
497513,2025-09-28T16:00:00.000000000,0.425,0.0,0.0,0.076,0.0,0.0
497513,2025-09-28T17:00:00.000000000,0.427,0.0,0.0,0.076,0.3235504614701334,0.0
497513,2025-09-28T18:00:00.000000000,0.475,0.0,0.0,0.078,0.0,0.0
497513,2025-09-28T19:00:00.000000000,0.45699999999999996,0.0,0.0,0.063,0.4803434840122723,0.0
497513,2025-09-28T20:00:00.000000000,0.444,0.0,0.0,0.046000000000000006,0.8762824998149445,0.0
497513,2025-09-28T21:00:00.000000000,0.478,0.0,0.0,0.036,2.1027849284856948,0.0
497513,2025-09-28T22:00:00.000000000,0.522,0.0,0.0,0.034,1.9925902061009388,0.0
497513,2025-09-28T23:00:00.000000000,0.4169999999999999,0.0,0.0,0.037,0.32618810110168334,0.0
497513,2025-09-29T00:00:00.000000000,0.347,0.0,0.0,0.032,0.3446515785225333,0.0
497513,2025-09-29T01:00:00.000000000,0.337,0.0,0.0,0.028,0.3446515785225333,0.0
497513,2025-09-29T02:00:00.000000000,0.334,0.0,0.0,0.027,0.6682020399926667,0.0
497513,2025-09-29T03:00:00.000000000,0.333,0.0,0.0,0.027000000000000003,0.0,0.0
497513,2025-09-29T04:00:00.000000000,0.328,0.0,0.0,0.024,0.32355046147013333,0.0
497513,2025-09-29T05:00:00.000000000,0.322,0.0,0.0,0.021,0.0,0.0
497513,2025-09-29T06:00:00.000000000,0.318,0.0,0.0,0.016,0.3235504614701334,0.0
497513,2025-09-29T07:00:00.000000000,0.316,0.0,0.0,0.016,0.0,0.0
497513,2025-09-29T08:00:00.000000000,0.316,0.0,0.0,0.013999999999999999,0.3235504614701334,0.0
497513,2025-09-29T09:00:00.000000000,0.322,0.0,0.0,0.017,0.0,0.0
497513,2025-09-29T10:00:00.000000000,0.8069999999999999,0.0,0.0,0.039,0.3235504614701334,0.0
497513,2025-09-29T11:00:00.000000000,0.36,0.0,0.0,0.044,0.0,0.0
497513,2025-09-29T12:00:00.000000000,0.833,0.0,0.0,0.068,0.3235504614701334,0.0
497513,2025-09-29T13:00:00.000000000,0.417,0.0,0.0,0.07,0.3235504614701334,0.0
497513,2025-09-29T14:00:00.000000000,0.429,0.0,0.0,0.078,0.7376598836234833,0.0
497513,2025-09-29T15:00:00.000000000,0.456,0.0,0.0,0.092,0.6966299337993722,0.0
497513,2025-09-29T16:00:00.000000000,0.485,0.0,0.0,0.102,0.6957507205888556,0.0
497513,2025-09-29T17:00:00.000000000,0.456,0.0,0.0,0.104,0.6893031570450666,0.0
497513,2025-09-29T18:00:00.000000000,0.502,0.0,0.0,0.104,1.0333685934272556,0.0
497513,2025-09-29T19:00:00.000000000,0.485,0.0,0.0,0.09100000000000001,1.2012983166359388,0.0
497513,2025-09-29T20:00:00.000000000,0.475,0.0,0.0,0.077,0.3446515785225333,0.0
497513,2025-09-29T21:00:00.000000000,0.48000000000000004,0.0,0.0,0.059,1.5395023316146832,0.0
497513,2025-09-29T22:00:00.000000000,0.541,0.0,0.0,0.056,1.6288890080172111,0.0
497513,2025-09-29T23:00:00.000000000,0.493,0.0,0.0,0.049999999999999996,1.1529415900575222,0.0
497513,2025-09-30T00:00:00.000000000,0.38,0.0,0.0,0.044,1.0732262589706778,0.0
497513,2025-09-30T01:00:00.000000000,0.35,0.0,0.0,0.041,0.3235504614701334,0.0
497513,2025-09-30T02:00:00.000000000,0.343,0.0,0.0,0.036,0.0,0.0
497513,2025-09-30T03:00:00.000000000,0.34,0.0,0.0,0.036,0.3235504614701334,0.0
497513,2025-09-30T04:00:00.000000000,0.335,0.0,0.0,0.031,0.6682020399926667,0.0
497513,2025-09-30T05:00:00.000000000,0.333,0.0,0.0,0.03,0.0,0.0
497513,2025-09-30T06:00:00.000000000,0.328,0.0,0.0,0.028,0.3235504614701334,0.0
497513,2025-09-30T07:00:00.000000000,0.325,0.0,0.0,0.024,0.0,0.0
497513,2025-09-30T08:00:00.000000000,0.324,0.0,0.0,0.024,0.3235504614701334,0.0
497513,2025-09-30T09:00:00.000000000,0.373,0.0,0.0,0.028,0.0,0.0
497513,2025-09-30T10:00:00.000000000,0.435,0.0,0.0,0.041999999999999996,0.3235504614701334,0.0
497513,2025-09-30T11:00:00.000000000,0.441,0.0,0.0,0.056999999999999995,0.0,0.0
497513,2025-09-30T12:00:00.000000000,0.417,0.0,0.0,0.07,0.3235504614701334,0.0
497513,2025-09-30T13:00:00.000000000,0.41800000000000004,0.0,0.0,0.082,0.6893031570450666,0.0
497513,2025-09-30T14:00:00.000000000,0.39999999999999997,0.0,0.0,0.095,1.1807833417238833,0.0
497513,2025-09-30T15:00:00.000000000,0.421,0.0,0.0,0.116,0.6893031570450666,0.0
497513,2025-09-30T16:00:00.000000000,0.427,0.0,0.0,0.12,0.7863096812720722,0.0
497513,2025-09-30T17:00:00.000000000,0.45399999999999996,0.0,0.0,0.124,0.0,0.0
497513,2025-09-30T18:00:00.000000000,0.521,0.0,0.0,0.124,0.3235504614701334,0.0
497513,2025-09-30T19:00:00.000000000,0.513,0.0,0.0,0.119,0.0,0.0
497513,2025-09-30T20:00:00.000000000,0.512,0.0,0.0,0.114,0.3235504614701334,0.0
497513,2025-09-30T21:00:00.000000000,0.507,0.0,0.0,0.107,0.3446515785225333,0.0
497513,2025-09-30T22:00:00.000000000,4.433,0.0,0.0,0.106,0.6954576495186833,0.0
497513,2025-09-30T23:00:00.000000000,4.783,0.0,0.0,0.105,0.6702535374838723,0.0
497513,2025-10-01T00:00:00.000000000,0.44599999999999995,0.0,0.0,0.09100000000000001,0.7130419137290166,0.0
497513,2025-10-01T01:00:00.000000000,0.377,0.0,0.0,0.068,2.0260003081005724,0.0
497513,2025-10-01T02:00:00.000000000,0.366,0.0,0.0,0.064,1.0368854462693222,0.0
497513,2025-10-01T03:00:00.000000000,0.356,0.0,0.0,0.059,0.3446515785225333,0.0
497513,2025-10-01T04:00:00.000000000,0.351,0.0,0.0,0.054,0.3235504614701334,0.0
497513,2025-10-01T05:00:00.000000000,0.346,0.0,0.0,0.05,0.3235504614701334,0.0
497513,2025-10-01T06:00:00.000000000,0.341,0.0,0.0,0.046,0.0,0.0
497513,2025-10-01T07:00:00.000000000,0.337,0.0,0.0,0.044,0.3235504614701334,0.0
497513,2025-10-01T08:00:00.000000000,0.335,0.0,0.0,0.039,0.0,0.0
497513,2025-10-01T09:00:00.000000000,0.357,0.0,0.0,0.041999999999999996,0.3235504614701334,0.0
497513,2025-10-01T10:00:00.000000000,1.8239999999999998,0.0,0.0,0.08299999999999999,0.0,0.0
497513,2025-10-01T11:00:00.000000000,3.835,0.0,0.0,0.096,0.33146338036478334,0.0
497513,2025-10-01T12:00:00.000000000,0.886,0.0,0.0,0.099,1.393552938668917,0.0
497513,2025-10-01T13:00:00.000000000,0.476,0.0,0.0,0.105,1.2754452973895112,0.0
497513,2025-10-01T14:00:00.000000000,0.485,0.0,0.0,0.11,1.3384555774765388,0.0
497513,2025-10-01T15:00:00.000000000,2.031,0.0,0.0,0.112,0.7183171929921166,0.0
497513,2025-10-01T16:00:00.000000000,0.524,0.0,0.0,0.112,1.249948114284528,0.0
497513,2025-10-01T17:00:00.000000000,0.489,0.0,0.0,0.112,1.2010052455657667,0.0
497513,2025-10-01T18:00:00.000000000,0.5770000000000001,0.0,0.0,0.108,2.8263774007409115,0.0
497513,2025-10-01T19:00:00.000000000,0.636,0.0,0.0,0.104,1.7150519026478444,0.0
497513,2025-10-01T20:00:00.000000000,0.556,0.0,0.0,0.096,0.8018424479912001,0.0
497513,2025-10-01T21:00:00.000000000,0.9700000000000001,0.0,0.0,0.08600000000000001,0.3235504614701334,0.0
497513,2025-10-01T22:00:00.000000000,0.503,0.0,0.0,0.068,0.6682020399926667,0.0
497513,2025-10-01T23:00:00.000000000,0.481,0.0,0.0,0.055999999999999994,0.6893031570450666,0.0
497513,2025-10-02T00:00:00.000000000,0.45599999999999996,0.0,0.0,0.051,0.0,0.0
497513,2025-10-02T01:00:00.000000000,0.391,0.0,0.0,0.046,0.3235504614701334,0.0
497513,2025-10-02T02:00:00.000000000,0.339,0.0,0.0,0.039,0.6893031570450666,0.0
497513,2025-10-02T03:00:00.000000000,0.332,0.0,0.0,0.035,0.3235504614701334,0.0
497513,2025-10-02T04:00:00.000000000,0.332,0.0,0.0,0.032,0.0,0.0
497513,2025-10-02T05:00:00.000000000,0.329,0.0,0.0,0.032,0.3235504614701334,0.0
497513,2025-10-02T06:00:00.000000000,0.328,0.0,0.0,0.032,0.0,0.0
497513,2025-10-02T07:00:00.000000000,0.337,0.0,0.0,0.032,0.3235504614701334,0.0
497513,2025-10-02T08:00:00.000000000,0.361,0.0,0.0,0.03,0.7241786143955611,0.0
497513,2025-10-02T09:00:00.000000000,0.37200000000000005,0.0,0.0,0.031,1.1245136962508167,0.0
497513,2025-10-02T10:00:00.000000000,0.328,0.0,0.0,0.03,1.623320657683939,0.0
497513,2025-10-02T11:00:00.000000000,0.346,0.0,0.0,0.046,0.3446515785225333,0.0
497513,2025-10-02T12:00:00.000000000,0.356,0.0,0.0,0.059,0.3235504614701334,0.0
497513,2025-10-02T13:00:00.000000000,0.39799999999999996,0.0,0.0,0.064,1.0427468676727665,0.0
497513,2025-10-02T14:00:00.000000000,0.517,0.0,0.0,0.084,0.0,0.0
497513,2025-10-02T15:00:00.000000000,0.42300000000000004,0.0,0.0,0.08600000000000001,0.3235504614701334,0.0
497513,2025-10-02T16:00:00.000000000,0.446,0.0,0.0,0.092,0.0,0.0
497513,2025-10-02T17:00:00.000000000,0.476,0.0,0.0,0.098,0.6863724463433445,0.0
497513,2025-10-02T18:00:00.000000000,0.5680000000000001,0.0,0.0,0.10099999999999999,1.9840911450659444,0.0
497513,2025-10-02T19:00:00.000000000,0.483,0.0,0.0,0.08700000000000001,1.124806767320989,0.0
497513,2025-10-02T20:00:00.000000000,0.375,0.0,0.0,0.066,0.53544084520465,0.0
497513,2025-10-02T21:00:00.000000000,0.362,0.0,0.0,0.05299999999999999,0.9135025257268168,0.0
497513,2025-10-02T22:00:00.000000000,0.354,0.0,0.0,0.044000000000000004,0.8897637690428667,0.0
497513,2025-10-02T23:00:00.000000000,0.432,0.0,0.0,0.039,1.679004161016661,0.0
497513,2025-10-03T00:00:00.000000000,0.486,0.0,0.0,0.046,0.3235504614701334,0.0
497513,2025-10-03T01:00:00.000000000,0.42199999999999993,0.0,0.0,0.043000000000000003,0.0,0.0
497513,2025-10-03T02:00:00.000000000,0.35300000000000004,0.0,0.0,0.04,0.3235504614701334,0.0
497513,2025-10-03T03:00:00.000000000,0.335,0.0,0.0,0.037,0.3235504614701334,0.0
497513,2025-10-03T04:00:00.000000000,0.332,0.0,0.0,0.032,0.0,0.0
497513,2025-10-03T05:00:00.000000000,0.329,0.0,0.0,0.032,0.3235504614701334,0.0
497513,2025-10-03T06:00:00.000000000,0.325,0.0,0.0,0.032,0.0,0.0
497513,2025-10-03T07:00:00.000000000,0.324,0.0,0.0,0.026000000000000002,1.0884659546196334,0.0
497513,2025-10-03T08:00:00.000000000,0.359,0.0,0.0,0.027,0.4231946253286889,0.0
497513,2025-10-03T09:00:00.000000000,0.35,0.0,0.0,0.025,1.2862889269858835,0.0
497513,2025-10-03T10:00:00.000000000,0.40299999999999997,0.0,0.0,0.033,0.4530878744862556,0.0
497513,2025-10-03T11:00:00.000000000,0.418,0.0,0.0,0.046,0.0,0.0
497513,2025-10-03T12:00:00.000000000,0.429,0.0,0.0,0.06,0.6092947548880501,0.0
497513,2025-10-03T13:00:00.000000000,0.439,0.0,0.0,0.067,0.38245774657474996,0.0
497513,2025-10-03T14:00:00.000000000,0.389,0.0,0.0,0.073,0.0,0.0
497513,2025-10-03T15:00:00.000000000,0.421,0.0,0.0,0.08199999999999999,0.6893031570450666,0.0
497513,2025-10-03T16:00:00.000000000,0.47,0.0,0.0,0.095,1.137994965478739,0.0
497513,2025-10-03T17:00:00.000000000,0.497,0.0,0.0,0.09899999999999999,2.1312128222924,0.0
497513,2025-10-03T18:00:00.000000000,0.551,0.0,0.0,0.10400000000000001,0.0,0.0
497513,2025-10-03T19:00:00.000000000,0.535,0.0,0.0,0.08900000000000001,0.3235504614701334,0.0
497513,2025-10-03T20:00:00.000000000,0.5,0.0,0.0,0.066,1.5515182454917444,0.0
497513,2025-10-03T21:00:00.000000000,0.493,0.0,0.0,0.055999999999999994,1.2596194596002113,0.0
497513,2025-10-03T22:00:00.000000000,0.487,0.0,0.0,0.053,0.0,0.0
497513,2025-10-03T23:00:00.000000000,0.472,0.0,0.0,0.046,0.3235504614701334,0.0
497513,2025-10-04T00:00:00.000000000,0.426,0.0,0.0,0.039,0.6893031570450666,0.0
497513,2025-10-04T01:00:00.000000000,0.398,0.0,0.0,0.037000000000000005,0.33556637534719447,0.0
497513,2025-10-04T02:00:00.000000000,0.381,0.0,0.0,0.036,0.0,0.0
497513,2025-10-04T03:00:00.000000000,0.341,0.0,0.0,0.027999999999999997,1.101068010637039,0.0
497513,2025-10-04T04:00:00.000000000,0.317,0.0,0.0,0.021,1.5793599971581058,0.0
497513,2025-10-04T05:00:00.000000000,0.32,0.0,0.0,0.024,0.0,0.0
497513,2025-10-04T06:00:00.000000000,0.32,0.0,0.0,0.024,0.3235504614701334,0.0
497513,2025-10-04T07:00:00.000000000,0.319,0.0,0.0,0.024,0.0,0.0
497513,2025-10-04T08:00:00.000000000,0.316,0.0,0.0,0.021,0.32325739039996115,0.0
497513,2025-10-04T09:00:00.000000000,0.319,0.0,0.0,0.020999999999999998,0.0,0.0
497513,2025-10-04T10:00:00.000000000,0.327,0.0,0.0,0.028,0.3235504614701334,0.0
497513,2025-10-04T11:00:00.000000000,0.39199999999999996,0.0,0.0,0.038000000000000006,0.0,0.0
497513,2025-10-04T12:00:00.000000000,0.473,0.0,0.0,0.048,1.6036848959824,0.0
497513,2025-10-04T13:00:00.000000000,0.508,0.0,0.0,0.061,1.0717609036198168,0.0
497513,2025-10-04T14:00:00.000000000,0.526,0.0,0.0,0.07200000000000001,0.3235504614701334,0.0
497513,2025-10-04T15:00:00.000000000,0.534,0.0,0.0,0.08,0.6893031570450666,0.0
497513,2025-10-04T16:00:00.000000000,0.521,0.0,0.0,0.07200000000000001,2.573163996112111,0.0
497513,2025-10-04T17:00:00.000000000,0.53,0.0,0.0,0.07100000000000001,1.876534062312739,0.0
497513,2025-10-04T18:00:00.000000000,0.5800000000000001,0.0,0.0,0.066,1.7666324109981555,0.0
497513,2025-10-04T19:00:00.000000000,0.573,0.0,0.0,0.068,0.3235504614701334,0.0
497513,2025-10-04T20:00:00.000000000,0.9450000000000001,0.0,0.0,0.066,0.3446515785225333,0.0
497513,2025-10-04T21:00:00.000000000,0.486,0.0,0.0,0.05,0.6893031570450666,0.0
497513,2025-10-04T22:00:00.000000000,0.479,0.0,0.0,0.045,0.0,0.0
497513,2025-10-04T23:00:00.000000000,0.379,0.0,0.0,0.037,0.3235504614701334,0.0
497513,2025-10-05T00:00:00.000000000,0.342,0.0,0.0,0.034,0.6893031570450666,0.0
497513,2025-10-05T01:00:00.000000000,0.335,0.0,0.0,0.032,0.3235504614701334,0.0
497513,2025-10-05T02:00:00.000000000,0.332,0.0,0.0,0.032,0.0,0.0
497513,2025-10-05T03:00:00.000000000,0.329,0.0,0.0,0.032,0.3235504614701334,0.0
497513,2025-10-05T04:00:00.000000000,0.328,0.0,0.0,0.032,0.0,0.0
497513,2025-10-05T05:00:00.000000000,0.327,0.0,0.0,0.031,0.3235504614701334,0.0
497513,2025-10-05T06:00:00.000000000,0.325,0.0,0.0,0.032,0.0,0.0
497513,2025-10-05T07:00:00.000000000,0.324,0.0,0.0,0.032,0.3235504614701334,0.0
497513,2025-10-05T08:00:00.000000000,0.33199999999999996,0.0,0.0,0.026,1.2270885708110943,0.0
497513,2025-10-05T09:00:00.000000000,0.388,0.0,0.0,0.027000000000000003,1.0831906753565335,0.0
497513,2025-10-05T10:00:00.000000000,0.917,0.0,0.0,0.044,0.7019052130624722,0.0
497513,2025-10-05T11:00:00.000000000,0.41,0.0,0.0,0.037,0.3235504614701334,0.0
497513,2025-10-05T12:00:00.000000000,0.412,0.0,0.0,0.040999999999999995,0.0,0.0
497513,2025-10-05T13:00:00.000000000,0.419,0.0,0.0,0.047,0.3235504614701334,0.0
497513,2025-10-05T14:00:00.000000000,0.81,0.0,0.0,0.056,0.3449446495927056,0.0
497513,2025-10-05T15:00:00.000000000,6.378,0.0,0.0,0.092,0.6983883602204055,0.0
497513,2025-10-05T16:00:00.000000000,2.4320000000000004,0.0,0.0,0.082,1.9064273114703056,0.0
497513,2025-10-05T17:00:00.000000000,0.448,0.0,0.0,0.07,1.892359900102039,0.0
497513,2025-10-05T18:00:00.000000000,0.512,0.0,0.0,0.065,0.7098181319571222,0.0
497513,2025-10-05T19:00:00.000000000,1.047,0.0,0.0,0.069,2.039481577328494,0.0
497513,2025-10-05T20:00:00.000000000,1.0659999999999998,0.0,0.0,0.063,2.1698982035551335,0.0
497513,2025-10-05T21:00:00.000000000,0.612,0.0,0.0,0.045,2.4365928774118557,0.0
497513,2025-10-05T22:00:00.000000000,0.5449999999999999,0.0,0.0,0.047,0.3235504614701334,0.0
497513,2025-10-05T23:00:00.000000000,0.523,0.0,0.0,0.04,0.3256019589613389,0.0
497513,2025-10-06T00:00:00.000000000,0.41999999999999993,0.0,0.0,0.038,0.6682020399926667,0.0
497513,2025-10-06T01:00:00.000000000,0.338,0.0,0.0,0.034999999999999996,0.0,0.0
497513,2025-10-06T02:00:00.000000000,0.333,0.0,0.0,0.032,0.3235504614701334,0.0
497513,2025-10-06T03:00:00.000000000,0.331,0.0,0.0,0.032,0.0,0.0
497513,2025-10-06T04:00:00.000000000,0.328,0.0,0.0,0.032,0.32325739039996115,0.0
497513,2025-10-06T05:00:00.000000000,0.326,0.0,0.0,0.03,0.0,0.0
497513,2025-10-06T06:00:00.000000000,0.324,0.0,0.0,0.028,0.3235504614701334,0.0
497513,2025-10-06T07:00:00.000000000,0.32,0.0,0.0,0.026000000000000002,0.0,0.0
497513,2025-10-06T08:00:00.000000000,0.323,0.0,0.0,0.025,0.3235504614701334,0.0
497513,2025-10-06T09:00:00.000000000,0.324,0.0,0.0,0.025,0.0,0.0
497513,2025-10-06T10:00:00.000000000,0.378,0.0,0.0,0.024999999999999998,0.7048359237641945,0.0
497513,2025-10-06T11:00:00.000000000,0.393,0.0,0.0,0.020999999999999998,2.4615039183764944,0.0
497513,2025-10-06T12:00:00.000000000,0.396,0.0,0.0,0.026000000000000002,1.5600173065267389,0.0
497513,2025-10-06T13:00:00.000000000,0.396,0.0,0.0,0.024999999999999998,2.7358184400576944,0.0
497513,2025-10-06T14:00:00.000000000,0.418,0.0,0.0,0.040999999999999995,0.5659202365025611,0.0
497513,2025-10-06T15:00:00.000000000,0.34199999999999997,0.0,0.0,0.043,1.0374715884096668,0.0
497513,2025-10-06T16:00:00.000000000,0.35,0.0,0.0,0.053,0.34113472568046666,0.0
497513,2025-10-06T17:00:00.000000000,0.35,0.0,0.0,0.052,0.7945156712368944,0.0
497513,2025-10-06T18:00:00.000000000,0.45899999999999996,0.0,0.0,0.056999999999999995,0.3449446495927056,0.0
497513,2025-10-06T19:00:00.000000000,0.484,0.0,0.0,0.059,0.3235504614701334,0.0
497513,2025-10-06T20:00:00.000000000,0.486,0.0,0.0,0.054,0.0,0.0
497513,2025-10-06T21:00:00.000000000,0.483,0.0,0.0,0.046,0.3235504614701334,0.0
497513,2025-10-06T22:00:00.000000000,0.474,0.0,0.0,0.039,0.6898892991854112,0.0
497513,2025-10-06T23:00:00.000000000,0.456,0.0,0.0,0.033,1.0870005992687721,0.0
497513,2025-10-07T00:00:00.000000000,0.37800000000000006,0.0,0.0,0.024,1.4208085481949333,0.0
497513,2025-10-07T01:00:00.000000000,0.33399999999999996,0.0,0.0,0.025,0.7274023961674556,0.0
497513,2025-10-07T02:00:00.000000000,0.324,0.0,0.0,0.025,0.3235504614701334,0.0
497513,2025-10-07T03:00:00.000000000,0.322,0.0,0.0,0.023,0.6471009229402668,0.0
497513,2025-10-07T04:00:00.000000000,0.319,0.0,0.0,0.022000000000000002,0.0,0.0
497513,2025-10-07T05:00:00.000000000,0.312,0.0,0.0,0.017,0.3235504614701334,0.0
497513,2025-10-07T06:00:00.000000000,0.312,0.0,0.0,0.016,0.0,0.0
497513,2025-10-07T07:00:00.000000000,0.318,0.0,0.0,0.016,0.32355046147013333,0.0
497513,2025-10-07T08:00:00.000000000,0.307,0.0,0.0,0.011000000000000001,0.0,0.0
497513,2025-10-07T09:00:00.000000000,0.8180000000000001,0.0,0.0,0.022,0.3235504614701334,0.0
497513,2025-10-07T10:00:00.000000000,0.39,0.0,0.0,0.019,0.3637011980837278,0.0
497513,2025-10-07T11:00:00.000000000,0.36400000000000005,0.0,0.0,0.029,0.6775803142381778,0.0
497513,2025-10-07T12:00:00.000000000,0.336,0.0,0.0,0.03899999999999999,0.0,0.0
497513,2025-10-07T13:00:00.000000000,0.38299999999999995,0.0,0.0,0.048999999999999995,0.668495111062839,0.0
497513,2025-10-07T14:00:00.000000000,0.416,0.0,0.0,0.06,0.3235504614701334,0.0
497513,2025-10-07T15:00:00.000000000,0.438,0.0,0.0,0.062,1.0547627815498277,0.0
497513,2025-10-07T16:00:00.000000000,0.434,0.0,0.0,0.061,1.136529610127878,0.0
497513,2025-10-07T17:00:00.000000000,0.371,0.0,0.0,0.055,0.8906429822533833,0.0
497513,2025-10-07T18:00:00.000000000,0.383,0.0,0.0,0.05,0.3449446495927056,0.0
497513,2025-10-07T19:00:00.000000000,0.45199999999999996,0.0,0.0,0.051,0.3235504614701334,0.0
497513,2025-10-07T20:00:00.000000000,0.503,0.0,0.0,0.039,2.1622783557306553,0.0
497513,2025-10-07T21:00:00.000000000,0.5429999999999999,0.0,0.0,0.043000000000000003,0.3449446495927056,0.0
497513,2025-10-07T22:00:00.000000000,0.47,0.0,0.0,0.034999999999999996,0.3235504614701334,0.0
497513,2025-10-07T23:00:00.000000000,0.455,0.0,0.0,0.032,0.0,0.0
497513,2025-10-08T00:00:00.000000000,0.41500000000000004,0.0,0.0,0.027999999999999997,0.3449446495927056,0.0
497513,2025-10-08T01:00:00.000000000,0.335,0.0,0.0,0.016,2.4603316340958052,0.0
497513,2025-10-08T02:00:00.000000000,0.321,0.0,0.0,0.022000000000000002,0.0,0.0
497513,2025-10-08T03:00:00.000000000,0.317,0.0,0.0,0.018000000000000002,0.6898892991854112,0.0
497513,2025-10-08T04:00:00.000000000,0.319,0.0,0.0,0.023000000000000003,0.3449446495927056,0.0
497513,2025-10-08T05:00:00.000000000,0.32,0.0,0.0,0.024,0.0,0.0
497513,2025-10-08T06:00:00.000000000,0.32,0.0,0.0,0.024,0.3235504614701334,0.0
497513,2025-10-08T07:00:00.000000000,0.317,0.0,0.0,0.024,0.0,0.0
497513,2025-10-08T08:00:00.000000000,0.319,0.0,0.0,0.024,0.3235504614701334,0.0
497513,2025-10-08T09:00:00.000000000,0.322,0.0,0.0,0.025,0.3235504614701334,0.0
497513,2025-10-08T10:00:00.000000000,0.353,0.0,0.0,0.035,0.0,0.0
497513,2025-10-08T11:00:00.000000000,0.421,0.0,0.0,0.048999999999999995,0.3235504614701334,0.0
497513,2025-10-08T12:00:00.000000000,0.418,0.0,0.0,0.046,1.0793807514442946,0.0
497513,2025-10-08T13:00:00.000000000,0.365,0.0,0.0,0.049999999999999996,0.3232573903999611,0.0
497513,2025-10-08T14:00:00.000000000,0.893,0.0,0.0,0.07,0.3449446495927056,0.0
497513,2025-10-08T15:00:00.000000000,0.447,0.0,0.0,0.07100000000000001,0.7145072690798777,0.0
497513,2025-10-08T16:00:00.000000000,3.4370000000000003,0.0,0.0,0.09000000000000001,1.443961162738539,0.0
497513,2025-10-08T17:00:00.000000000,0.54,0.0,0.0,0.08,0.6711327506943889,0.0
497513,2025-10-08T18:00:00.000000000,0.522,0.0,0.0,0.077,0.0,0.0
497513,2025-10-08T19:00:00.000000000,0.42799999999999994,0.0,0.0,0.061,0.3235504614701334,0.0
497513,2025-10-08T20:00:00.000000000,0.35,0.0,0.0,0.041,1.528658702018311,0.0
497513,2025-10-08T21:00:00.000000000,0.482,0.0,0.0,0.045,0.3449446495927056,0.0
497513,2025-10-08T22:00:00.000000000,0.44199999999999995,0.0,0.0,0.04,0.6898892991854112,0.0
497513,2025-10-08T23:00:00.000000000,0.34299999999999997,0.0,0.0,0.033,0.7391252389743443,0.0
497513,2025-10-09T00:00:00.000000000,0.39299999999999996,0.0,0.0,0.034,0.4401927473986778,0.0
497513,2025-10-09T01:00:00.000000000,0.34400000000000003,0.0,0.0,0.024,2.3296219367989943,0.0
497513,2025-10-09T02:00:00.000000000,0.327,0.0,0.0,0.027,0.3332218067858167,0.0
497513,2025-10-09T03:00:00.000000000,0.323,0.0,0.0,0.025,0.0,0.0
497513,2025-10-09T04:00:00.000000000,0.319,0.0,0.0,0.022000000000000002,0.3235504614701334,0.0
497513,2025-10-09T05:00:00.000000000,0.315,0.0,0.0,0.019,0.0,0.0
497513,2025-10-09T06:00:00.000000000,0.31,0.0,0.0,0.015,0.3235504614701334,0.0
497513,2025-10-09T07:00:00.000000000,0.308,0.0,0.0,0.012,0.3235504614701334,0.0
497513,2025-10-09T08:00:00.000000000,0.308,0.0,0.0,0.012,0.0,0.0
497513,2025-10-09T09:00:00.000000000,0.31,0.0,0.0,0.013000000000000001,0.7303331068691777,0.0
497513,2025-10-09T10:00:00.000000000,0.45599999999999996,0.0,0.0,0.028999999999999998,1.0993095842160057,0.0
497513,2025-10-09T11:00:00.000000000,0.496,0.0,0.0,0.049,1.1075155741808278,0.0
497513,2025-10-09T12:00:00.000000000,0.472,0.0,0.0,0.065,0.6846140199223112,0.0
497513,2025-10-09T13:00:00.000000000,0.364,0.0,0.0,0.067,0.0,0.0
497513,2025-10-09T14:00:00.000000000,0.371,0.0,0.0,0.073,0.3235504614701334,0.0
497513,2025-10-09T15:00:00.000000000,0.372,0.0,0.0,0.075,0.32882574073323334,0.0
497513,2025-10-09T16:00:00.000000000,0.456,0.0,0.0,0.083,0.3449446495927056,0.0
497513,2025-10-09T17:00:00.000000000,0.465,0.0,0.0,0.088,0.3235504614701334,0.0
497513,2025-10-09T18:00:00.000000000,0.518,0.0,0.0,0.097,0.0,0.0
497513,2025-10-09T19:00:00.000000000,0.619,0.0,0.0,0.085,0.3235504614701334,0.0
497513,2025-10-09T20:00:00.000000000,0.979,0.0,0.0,0.07,0.3449446495927056,0.0
497513,2025-10-09T21:00:00.000000000,0.915,0.0,0.0,0.06,0.6898892991854112,0.0
497513,2025-10-09T22:00:00.000000000,0.48,0.0,0.0,0.045,0.6852001620626555,0.0
497513,2025-10-09T23:00:00.000000000,0.492,0.0,0.0,0.039,0.6898892991854111,0.0
497513,2025-10-10T00:00:00.000000000,0.504,0.0,0.0,0.037,1.0597449897427555,0.0
497513,2025-10-10T01:00:00.000000000,0.40800000000000003,0.0,0.0,0.028999999999999998,1.1479593818645943,0.0
497513,2025-10-10T02:00:00.000000000,0.347,0.0,0.0,0.023,0.8419931846047946,0.0
497513,2025-10-10T03:00:00.000000000,0.326,0.0,0.0,0.022000000000000002,0.3235504614701334,0.0
497513,2025-10-10T04:00:00.000000000,0.315,0.0,0.0,0.018000000000000002,0.0,0.0
497513,2025-10-10T05:00:00.000000000,0.308,0.0,0.0,0.012,1.0486082890762112,0.0
497513,2025-10-10T06:00:00.000000000,0.308,0.0,0.0,0.012,0.0,0.0
497513,2025-10-10T07:00:00.000000000,0.313,0.0,0.0,0.01,0.3235504614701334,0.0
497513,2025-10-10T08:00:00.000000000,0.33999999999999997,0.0,0.0,0.008,0.0,0.0
497513,2025-10-10T09:00:00.000000000,0.372,0.0,0.0,0.014000000000000002,0.3235504614701334,0.0
497513,2025-10-10T10:00:00.000000000,0.4,0.0,0.0,0.027999999999999997,0.0,0.0
497513,2025-10-10T11:00:00.000000000,0.417,0.0,0.0,0.045,0.3449446495927056,0.0
497513,2025-10-10T12:00:00.000000000,0.428,0.0,0.0,0.056999999999999995,0.3235504614701334,0.0
497513,2025-10-10T13:00:00.000000000,0.493,0.0,0.0,0.065,1.5635341593688055,0.0
497513,2025-10-10T14:00:00.000000000,0.533,0.0,0.0,0.08000000000000002,0.8630943016571944,0.0
497513,2025-10-10T15:00:00.000000000,0.463,0.0,0.0,0.086,0.6898892991854112,0.0
497513,2025-10-10T16:00:00.000000000,0.469,0.0,0.0,0.096,0.3235504614701334,0.0
497513,2025-10-10T17:00:00.000000000,0.47,0.0,0.0,0.092,1.0383508016201835,0.0
497513,2025-10-10T18:00:00.000000000,0.9710000000000001,0.0,0.0,0.102,0.0,0.0
497513,2025-10-10T19:00:00.000000000,0.401,0.0,0.0,0.085,0.3449446495927056,0.0
497513,2025-10-10T20:00:00.000000000,0.954,0.0,0.0,0.07300000000000001,1.0597449897427555,0.0
497513,2025-10-10T21:00:00.000000000,0.7839999999999999,0.0,0.0,0.059,2.179276477800644,0.0
497513,2025-10-10T22:00:00.000000000,0.349,0.0,0.0,0.04,1.1409256761804611,0.0
497513,2025-10-10T23:00:00.000000000,0.346,0.0,0.0,0.037,0.0,0.0
497513,2025-10-11T00:00:00.000000000,0.424,0.0,0.0,0.037,0.3235504614701334,0.0
497513,2025-10-11T01:00:00.000000000,0.35300000000000004,0.0,0.0,0.033,0.3235504614701334,0.0
497513,2025-10-11T02:00:00.000000000,0.329,0.0,0.0,0.03,0.0,0.0
497513,2025-10-11T03:00:00.000000000,0.324,0.0,0.0,0.026000000000000002,0.3235504614701334,0.0
497513,2025-10-11T04:00:00.000000000,0.32,0.0,0.0,0.022000000000000002,0.3452377206628778,0.0
497513,2025-10-11T05:00:00.000000000,0.316,0.0,0.0,0.02,0.0,0.0
497513,2025-10-11T06:00:00.000000000,0.316,0.0,0.0,0.02,0.3235504614701334,0.0
497513,2025-10-11T07:00:00.000000000,0.312,0.0,0.0,0.02,0.0,0.0
497513,2025-10-11T08:00:00.000000000,0.314,0.0,0.0,0.017,0.3235504614701334,0.0
497513,2025-10-11T09:00:00.000000000,0.369,0.0,0.0,0.020000000000000004,0.0,0.0
497513,2025-10-11T10:00:00.000000000,3.286,0.0,0.0,0.018000000000000002,1.0310240248658777,0.0
497513,2025-10-11T11:00:00.000000000,0.418,0.0,0.0,0.046,0.6884239438345501,0.0
497513,2025-10-11T12:00:00.000000000,0.41000000000000003,0.0,0.0,0.056999999999999995,1.0321963091465667,0.0
497513,2025-10-11T13:00:00.000000000,0.358,0.0,0.0,0.061,0.6901823702555834,0.0
497513,2025-10-11T14:00:00.000000000,0.37,0.0,0.0,0.07200000000000001,0.3695626194871722,0.0
497513,2025-10-11T15:00:00.000000000,0.38,0.0,0.0,0.08,0.32355046147013333,0.0
497513,2025-10-11T16:00:00.000000000,1.386,0.0,0.0,0.089,0.3449446495927056,0.0
497513,2025-10-11T17:00:00.000000000,1.3370000000000002,0.0,0.0,0.095,0.0,0.0
497513,2025-10-11T18:00:00.000000000,0.52,0.0,0.0,0.095,0.3235504614701334,0.0
497513,2025-10-11T19:00:00.000000000,0.509,0.0,0.0,0.084,0.0,0.0
497513,2025-10-11T20:00:00.000000000,0.493,0.0,0.0,0.061,2.118903837345167,0.0
497513,2025-10-11T21:00:00.000000000,0.45399999999999996,0.0,0.0,0.049,1.6344573583504833,0.0
497513,2025-10-11T22:00:00.000000000,0.479,0.0,0.0,0.045,1.1415118183208055,0.0
497513,2025-10-11T23:00:00.000000000,0.46299999999999997,0.0,0.0,0.037000000000000005,1.5538628140531223,0.0
497513,2025-10-12T00:00:00.000000000,0.41800000000000004,0.0,0.0,0.03,1.5213319252640054,0.0
497513,2025-10-12T01:00:00.000000000,0.34600000000000003,0.0,0.0,0.027,0.6746496035364555,0.0
497513,2025-10-12T02:00:00.000000000,0.328,0.0,0.0,0.028999999999999998,0.0,0.0
497513,2025-10-12T03:00:00.000000000,0.325,0.0,0.0,0.026000000000000002,0.3235504614701334,0.0
497513,2025-10-12T04:00:00.000000000,0.32,0.0,0.0,0.023000000000000003,0.0,0.0
497513,2025-10-12T05:00:00.000000000,0.316,0.0,0.0,0.02,0.3235504614701334,0.0
497513,2025-10-12T06:00:00.000000000,1.7160000000000002,0.0,0.0,0.051000000000000004,0.0,0.0
497513,2025-10-12T07:00:00.000000000,2.1180000000000003,0.0,0.0,0.067,0.3235504614701334,0.0
497513,2025-10-12T08:00:00.000000000,0.354,0.0,0.0,0.025,0.0,0.0
497513,2025-10-12T09:00:00.000000000,0.381,0.0,0.0,0.021,0.3235504614701334,0.0
497513,2025-10-12T10:00:00.000000000,0.40299999999999997,0.0,0.0,0.032,0.6878378016942057,0.0
497513,2025-10-12T11:00:00.000000000,0.425,0.0,0.0,0.053,0.3235504614701334,0.0
497513,2025-10-12T12:00:00.000000000,0.41700000000000004,0.0,0.0,0.064,1.2092112355305888,0.0
497513,2025-10-12T13:00:00.000000000,0.373,0.0,0.0,0.076,0.7150934112202223,0.0
497513,2025-10-12T14:00:00.000000000,0.389,0.0,0.0,0.092,1.267239307424689,0.0
497513,2025-10-12T15:00:00.000000000,0.396,0.0,0.0,0.099,1.9248907888911555,0.0
497513,2025-10-12T16:00:00.000000000,0.401,0.0,0.0,0.10200000000000001,1.227674712951439,0.0
497513,2025-10-12T17:00:00.000000000,0.396,0.0,0.0,0.1,0.0,0.0
497513,2025-10-12T18:00:00.000000000,0.514,0.0,0.0,0.109,0.3235504614701334,0.0
497513,2025-10-12T19:00:00.000000000,0.555,0.0,0.0,0.10200000000000001,0.0,0.0
497513,2025-10-12T20:00:00.000000000,0.45199999999999996,0.0,0.0,0.084,0.3235504614701334,0.0
497513,2025-10-12T21:00:00.000000000,0.509,0.0,0.0,0.072,0.0,0.0
497513,2025-10-12T22:00:00.000000000,0.469,0.0,0.0,0.064,0.3235504614701334,0.0
497513,2025-10-12T23:00:00.000000000,0.361,0.0,0.0,0.05,1.3806578115813388,0.0
497513,2025-10-13T00:00:00.000000000,0.357,0.0,0.0,0.048,0.16265444394558334,0.0
497513,2025-10-13T01:00:00.000000000,0.345,0.0,0.0,0.043,1.2095043066007611,0.0
497513,2025-10-13T02:00:00.000000000,0.339,0.0,0.0,0.039,0.3235504614701334,0.0
497513,2025-10-13T03:00:00.000000000,0.333,0.0,0.0,0.034,0.0,0.0
497513,2025-10-13T04:00:00.000000000,0.329,0.0,0.0,0.032,0.3235504614701334,0.0
497513,2025-10-13T05:00:00.000000000,0.325,0.0,0.0,0.028,0.0,0.0
497513,2025-10-13T06:00:00.000000000,0.32,0.0,0.0,0.025,0.3235504614701334,0.0
497513,2025-10-13T07:00:00.000000000,0.317,0.0,0.0,0.023000000000000003,0.0,0.0
497513,2025-10-13T08:00:00.000000000,0.316,0.0,0.0,0.02,0.3235504614701334,0.0
497513,2025-10-13T09:00:00.000000000,0.319,0.0,0.0,0.020000000000000004,0.0,0.0
497513,2025-10-13T10:00:00.000000000,0.407,0.0,0.0,0.035,0.3235504614701334,0.0
497513,2025-10-13T11:00:00.000000000,0.875,0.0,0.0,0.055999999999999994,1.048315218006039,0.0
497513,2025-10-13T12:00:00.000000000,0.375,0.0,0.0,0.057999999999999996,0.721247903693839,0.0
497513,2025-10-13T13:00:00.000000000,0.407,0.0,0.0,0.07200000000000001,1.1716981385485445,0.0
497513,2025-10-13T14:00:00.000000000,0.46799999999999997,0.0,0.0,0.092,1.4524602237735333,0.0
497513,2025-10-13T15:00:00.000000000,0.485,0.0,0.0,0.107,0.7271093250972833,0.0
497513,2025-10-13T16:00:00.000000000,0.469,0.0,0.0,0.095,3.8122684808002667,0.0
497513,2025-10-13T17:00:00.000000000,0.49,0.0,0.0,0.112,0.6913546545362722,0.0
497513,2025-10-13T18:00:00.000000000,0.537,0.0,0.0,0.113,0.8877122715516611,0.0
497513,2025-10-13T19:00:00.000000000,0.529,0.0,0.0,0.10500000000000001,1.4407373809666444,0.0
497513,2025-10-13T20:00:00.000000000,0.55,0.0,0.0,0.085,1.8979282504353112,0.0
497513,2025-10-13T21:00:00.000000000,0.608,0.0,0.0,0.075,1.061503416163789,0.0
497513,2025-10-13T22:00:00.000000000,0.493,0.0,0.0,0.057999999999999996,1.4111372028792502,0.0
497513,2025-10-13T23:00:00.000000000,0.48,0.0,0.0,0.054,0.6687881821330112,0.0
497513,2025-10-14T00:00:00.000000000,0.43499999999999994,0.0,0.0,0.047,0.6904754413257556,0.0
497513,2025-10-14T01:00:00.000000000,0.387,0.0,0.0,0.042,0.0,0.0
497513,2025-10-14T02:00:00.000000000,0.34500000000000003,0.0,0.0,0.037,0.3235504614701334,0.0
497513,2025-10-14T03:00:00.000000000,0.34500000000000003,0.0,0.0,0.034999999999999996,0.08030147322718889,0.0
497513,2025-10-14T04:00:00.000000000,0.333,0.0,0.0,0.032,0.24324898824294444,0.0
497513,2025-10-14T05:00:00.000000000,0.325,0.0,0.0,0.028,0.3235504614701334,0.0
497513,2025-10-14T06:00:00.000000000,0.322,0.0,0.0,0.028,0.0,0.0
497513,2025-10-14T07:00:00.000000000,0.316,0.0,0.0,0.024000000000000004,1.0606242029532722,0.0
497513,2025-10-14T08:00:00.000000000,0.319,0.0,0.0,0.023,0.3452377206628778,0.0
497513,2025-10-14T09:00:00.000000000,0.323,0.0,0.0,0.024,0.6904754413257556,0.0
497513,2025-10-14T10:00:00.000000000,0.337,0.0,0.0,0.037000000000000005,0.0,0.0
497513,2025-10-14T11:00:00.000000000,0.35,0.0,0.0,0.051,0.3235504614701334,0.0
497513,2025-10-14T12:00:00.000000000,0.364,0.0,0.0,0.066,0.0,0.0
497513,2025-10-14T13:00:00.000000000,0.378,0.0,0.0,0.08,0.3235504614701334,0.0
497513,2025-10-14T14:00:00.000000000,0.45399999999999996,0.0,0.0,0.097,0.0,0.0
497513,2025-10-14T15:00:00.000000000,0.425,0.0,0.0,0.109,0.3235504614701334,0.0
497513,2025-10-14T16:00:00.000000000,0.412,0.0,0.0,0.113,0.25233419141828334,0.0
497513,2025-10-14T17:00:00.000000000,0.408,0.0,0.0,0.112,0.07121627005185,0.0
497513,2025-10-14T18:00:00.000000000,0.446,0.0,0.0,0.112,0.3452377206628778,0.0
497513,2025-10-14T19:00:00.000000000,0.8260000000000001,0.0,0.0,0.105,0.3235504614701334,0.0
497513,2025-10-14T20:00:00.000000000,5.789,0.0,0.0,0.106,0.6769941720978334,0.0
497513,2025-10-14T21:00:00.000000000,0.523,0.0,0.0,0.08600000000000001,1.045677578374489,0.0
497513,2025-10-14T22:00:00.000000000,0.6040000000000001,0.0,0.0,0.077,0.6810971670802445,0.0
497513,2025-10-14T23:00:00.000000000,0.608,0.0,0.0,0.068,1.5122467220886666,0.0
497513,2025-10-15T00:00:00.000000000,0.517,0.0,0.0,0.05,3.285619767700783,0.0
497513,2025-10-15T01:00:00.000000000,0.43399999999999994,0.0,0.0,0.047,1.1925061845307723,0.0
497513,2025-10-15T02:00:00.000000000,0.35100000000000003,0.0,0.0,0.044000000000000004,0.0,0.0
497513,2025-10-15T03:00:00.000000000,0.337,0.0,0.0,0.04,0.3235504614701334,0.0
497513,2025-10-15T04:00:00.000000000,0.334,0.0,0.0,0.037,0.0,0.0
497513,2025-10-15T05:00:00.000000000,0.329,0.0,0.0,0.033,0.3235504614701334,0.0
497513,2025-10-15T06:00:00.000000000,0.323,0.0,0.0,0.025,1.5330547680708944,0.0
497513,2025-10-15T07:00:00.000000000,0.332,0.0,0.0,0.026000000000000002,0.6995606445010945,0.0
497513,2025-10-15T08:00:00.000000000,0.352,0.0,0.0,0.022000000000000002,1.6705050999816669,0.0
497513,2025-10-15T09:00:00.000000000,0.387,0.0,0.0,0.026000000000000002,1.0213526795501946,0.0
497513,2025-10-15T10:00:00.000000000,0.44899999999999995,0.0,0.0,0.040999999999999995,1.1482524529347669,0.0
497513,2025-10-15T11:00:00.000000000,0.426,0.0,0.0,0.054,1.4114302739494222,0.0
497513,2025-10-15T12:00:00.000000000,0.441,0.0,0.0,0.07200000000000001,0.69369922309765,0.0
497513,2025-10-15T13:00:00.000000000,0.458,0.0,0.0,0.087,0.7153864822903944,0.0
497513,2025-10-15T14:00:00.000000000,0.479,0.0,0.0,0.104,0.3452377206628778,0.0
497513,2025-10-15T15:00:00.000000000,0.485,0.0,0.0,0.108,0.3452377206628778,0.0
497513,2025-10-15T16:00:00.000000000,0.46199999999999997,0.0,0.0,0.107,1.2115558040919667,0.0
497513,2025-10-15T17:00:00.000000000,0.406,0.0,0.0,0.108,1.0357131619886333,0.0
497513,2025-10-15T18:00:00.000000000,0.44,0.0,0.0,0.106,0.3452377206628778,0.0
497513,2025-10-15T19:00:00.000000000,0.40800000000000003,0.0,0.0,0.09100000000000001,0.6687881821330112,0.0
497513,2025-10-15T20:00:00.000000000,0.385,0.0,0.0,0.078,0.0,0.0
497513,2025-10-15T21:00:00.000000000,0.405,0.0,0.0,0.064,0.32325739039996115,0.0
497513,2025-10-15T22:00:00.000000000,1.8570000000000002,0.0,0.0,0.08299999999999999,0.0,0.0
497513,2025-10-15T23:00:00.000000000,0.477,0.0,0.0,0.05299999999999999,0.6893031570450667,0.0
497513,2025-10-16T00:00:00.000000000,0.46599999999999997,0.0,0.0,0.045,0.7174379797816001,0.0
497513,2025-10-16T01:00:00.000000000,0.387,0.0,0.0,0.042,0.3235504614701334,0.0
497513,2025-10-16T02:00:00.000000000,0.36,0.0,0.0,0.037,0.3235504614701334,0.0
497513,2025-10-16T03:00:00.000000000,0.332,0.0,0.0,0.034,0.0,0.0
497513,2025-10-16T04:00:00.000000000,0.328,0.0,0.0,0.032,0.3235504614701334,0.0
497513,2025-10-16T05:00:00.000000000,0.325,0.0,0.0,0.028999999999999998,0.0,0.0
497513,2025-10-16T06:00:00.000000000,0.32,0.0,0.0,0.027,0.3235504614701334,0.0
497513,2025-10-16T07:00:00.000000000,0.324,0.0,0.0,0.028,0.3235504614701334,0.0
497513,2025-10-16T08:00:00.000000000,0.36,0.0,0.0,0.028,0.0,0.0
497513,2025-10-16T09:00:00.000000000,0.363,0.0,0.0,0.020000000000000004,1.830228833225528,0.0
497513,2025-10-16T10:00:00.000000000,0.395,0.0,0.0,0.023,0.7197825483429778,0.0
497513,2025-10-16T11:00:00.000000000,0.38100000000000006,0.0,0.0,0.027,1.0758638986022278,0.0
497513,2025-10-16T12:00:00.000000000,0.349,0.0,0.0,0.034,0.3417208678208111,0.0
497513,2025-10-16T13:00:00.000000000,0.416,0.0,0.0,0.044,1.5142982195798724,0.0
497513,2025-10-16T14:00:00.000000000,0.434,0.0,0.0,0.056999999999999995,0.0,0.0
497513,2025-10-16T15:00:00.000000000,0.376,0.0,0.0,0.056999999999999995,1.212141946232311,0.0
497513,2025-10-16T16:00:00.000000000,0.359,0.0,0.0,0.059,0.3235504614701334,0.0
497513,2025-10-16T17:00:00.000000000,0.37,0.0,0.0,0.052,2.35541219097415,0.0
497513,2025-10-16T18:00:00.000000000,0.476,0.0,0.0,0.05099999999999999,0.0,0.0
497513,2025-10-16T19:00:00.000000000,0.473,0.0,0.0,0.048999999999999995,0.3235504614701334,0.0
497513,2025-10-16T20:00:00.000000000,0.544,0.0,0.0,0.051000000000000004,0.0,0.0
497513,2025-10-16T21:00:00.000000000,0.479,0.0,0.0,0.042,0.3235504614701334,0.0
497513,2025-10-16T22:00:00.000000000,0.471,0.0,0.0,0.034999999999999996,0.4659830015738334,0.0
497513,2025-10-16T23:00:00.000000000,0.447,0.0,0.0,0.022,3.042663850528011,0.0
497513,2025-10-17T00:00:00.000000000,0.383,0.0,0.0,0.03,0.7156795533605667,0.0
497513,2025-10-17T01:00:00.000000000,0.333,0.0,0.0,0.028,0.3235504614701334,0.0
497513,2025-10-17T02:00:00.000000000,0.329,0.0,0.0,0.028,0.0,0.0
497513,2025-10-17T03:00:00.000000000,0.328,0.0,0.0,0.028,0.3235504614701334,0.0
497513,2025-10-17T04:00:00.000000000,0.324,0.0,0.0,0.028,0.0,0.0
497513,2025-10-17T05:00:00.000000000,0.324,0.0,0.0,0.028,0.3235504614701334,0.0
497513,2025-10-17T06:00:00.000000000,0.321,0.0,0.0,0.028,0.0,0.0
497513,2025-10-17T07:00:00.000000000,0.32,0.0,0.0,0.026000000000000002,0.3235504614701334,0.0
497513,2025-10-17T08:00:00.000000000,0.32,0.0,0.0,0.024,0.0,0.0
497513,2025-10-17T09:00:00.000000000,0.434,0.0,0.0,0.022000000000000002,1.1122047113035833,0.0
497513,2025-10-17T10:00:00.000000000,0.43399999999999994,0.0,0.0,0.027,0.0,0.0
497513,2025-10-17T11:00:00.000000000,0.40599999999999997,0.0,0.0,0.034,1.4542186501945664,0.0
497513,2025-10-17T12:00:00.000000000,0.418,0.0,0.0,0.048,0.3235504614701334,0.0
497513,2025-10-17T13:00:00.000000000,0.427,0.0,0.0,0.055,0.34553079173305,0.0
497513,2025-10-17T14:00:00.000000000,0.438,0.0,0.0,0.061,0.3452377206628778,0.0
497513,2025-10-17T15:00:00.000000000,0.441,0.0,0.0,0.065,0.7162656955009111,0.0
497513,2025-10-17T16:00:00.000000000,0.445,0.0,0.0,0.072,0.3235504614701334,0.0
497513,2025-10-17T17:00:00.000000000,0.45,0.0,0.0,0.07100000000000001,0.6910615834661,0.0
497513,2025-10-17T18:00:00.000000000,0.496,0.0,0.0,0.074,0.6904754413257556,0.0
497513,2025-10-17T19:00:00.000000000,0.484,0.0,0.0,0.059,0.6690812532031833,0.0
497513,2025-10-17T20:00:00.000000000,0.483,0.0,0.0,0.049,1.1916269713202556,0.0
497513,2025-10-17T21:00:00.000000000,0.483,0.0,0.0,0.045000000000000005,0.3452377206628778,0.0
497513,2025-10-17T22:00:00.000000000,0.474,0.0,0.0,0.038,0.715972624430739,0.0
497513,2025-10-17T23:00:00.000000000,0.46199999999999997,0.0,0.0,0.036,0.3235504614701334,0.0
497513,2025-10-18T00:00:00.000000000,0.438,0.0,0.0,0.034,0.0,0.0
497513,2025-10-18T01:00:00.000000000,0.377,0.0,0.0,0.032,0.3235504614701334,0.0
497513,2025-10-18T02:00:00.000000000,0.329,0.0,0.0,0.028,0.0,0.0
497513,2025-10-18T03:00:00.000000000,0.324,0.0,0.0,0.026000000000000002,0.3235504614701334,0.0
497513,2025-10-18T04:00:00.000000000,0.316,0.0,0.0,0.02,1.1450286711628723,0.0
497513,2025-10-18T05:00:00.000000000,0.315,0.0,0.0,0.02,0.0,0.0
497513,2025-10-18T06:00:00.000000000,0.312,0.0,0.0,0.016,0.32355046147013333,0.0
497513,2025-10-18T07:00:00.000000000,0.311,0.0,0.0,0.013000000000000001,0.7112834873079834,0.0
497513,2025-10-18T08:00:00.000000000,0.332,0.0,0.0,0.011,0.6978022180800612,0.0
497513,2025-10-18T09:00:00.000000000,0.309,0.0,0.0,0.013000000000000001,0.0,0.0
497513,2025-10-18T10:00:00.000000000,0.34199999999999997,0.0,0.0,0.024,0.32355046147013333,0.0
497513,2025-10-18T11:00:00.000000000,0.414,0.0,0.0,0.041999999999999996,0.0,0.0
497513,2025-10-18T12:00:00.000000000,0.366,0.0,0.0,0.05,0.3235504614701334,0.0
497513,2025-10-18T13:00:00.000000000,0.433,0.0,0.0,0.062,0.0,0.0
497513,2025-10-18T14:00:00.000000000,0.443,0.0,0.0,0.068,0.5594726729587722,0.0
497513,2025-10-18T15:00:00.000000000,0.453,0.0,0.0,0.076,0.10228180349010554,0.0
497513,2025-10-18T16:00:00.000000000,0.454,0.0,0.0,0.08,0.3235504614701334,0.0
497513,2025-10-18T17:00:00.000000000,0.459,0.0,0.0,0.084,0.0,0.0
497513,2025-10-18T18:00:00.000000000,0.493,0.0,0.0,0.092,0.6910615834661,0.0
497513,2025-10-18T19:00:00.000000000,1.441,0.0,0.0,0.096,0.34553079173305,0.0
497513,2025-10-18T20:00:00.000000000,0.627,0.0,0.0,0.071,1.9893664243290445,0.0
497513,2025-10-18T21:00:00.000000000,0.5640000000000001,0.0,0.0,0.063,0.34553079173305,0.0
497513,2025-10-18T22:00:00.000000000,0.487,0.0,0.0,0.052,0.33498023320685,0.0
497513,2025-10-18T23:00:00.000000000,0.471,0.0,0.0,0.045,0.6866655174135167,0.0
497513,2025-10-19T00:00:00.000000000,0.427,0.0,0.0,0.039,0.34553079173305,0.0
497513,2025-10-19T01:00:00.000000000,0.333,0.0,0.0,0.032,0.6687881821330112,0.0
497513,2025-10-19T02:00:00.000000000,0.327,0.0,0.0,0.028,0.6907685123959277,0.0
497513,2025-10-19T03:00:00.000000000,0.322,0.0,0.0,0.025,0.0,0.0
497513,2025-10-19T04:00:00.000000000,0.316,0.0,0.0,0.019,0.6690812532031833,0.0
497513,2025-10-19T05:00:00.000000000,0.315,0.0,0.0,0.019,0.0,0.0
497513,2025-10-19T06:00:00.000000000,0.314,0.0,0.0,0.019000000000000003,0.3235504614701334,0.0
497513,2025-10-19T07:00:00.000000000,0.312,0.0,0.0,0.017,0.0,0.0
497513,2025-10-19T08:00:00.000000000,0.31899999999999995,0.0,0.0,0.013999999999999999,1.1045848634791056,0.0
497513,2025-10-19T09:00:00.000000000,0.321,0.0,0.0,0.013000000000000001,0.3610635584521778,0.0
497513,2025-10-19T10:00:00.000000000,0.358,0.0,0.0,0.023,0.7276954672376278,0.0
497513,2025-10-19T11:00:00.000000000,0.45599999999999996,0.0,0.0,0.028,3.4922348721722,0.0
497513,2025-10-19T12:00:00.000000000,0.493,0.0,0.0,0.049999999999999996,0.7065943501852279,0.0
497513,2025-10-19T13:00:00.000000000,0.481,0.0,0.0,0.053,2.1326781776432613,0.0
497513,2025-10-19T14:00:00.000000000,0.442,0.0,0.0,0.066,0.34553079173305,0.0
497513,2025-10-19T15:00:00.000000000,0.449,0.0,0.0,0.07300000000000001,0.34553079173305,0.0
497513,2025-10-19T16:00:00.000000000,0.454,0.0,0.0,0.08,0.3235504614701334,0.0
497513,2025-10-19T17:00:00.000000000,0.462,0.0,0.0,0.08399999999999999,0.715972624430739,0.0
497513,2025-10-19T18:00:00.000000000,0.522,0.0,0.0,0.097,0.3235504614701334,0.0
497513,2025-10-19T19:00:00.000000000,0.9620000000000001,0.0,0.0,0.09,0.34553079173305,0.0
497513,2025-10-19T20:00:00.000000000,0.537,0.0,0.0,0.07300000000000001,1.5192804277728,0.0
497513,2025-10-19T21:00:00.000000000,0.592,0.0,0.0,0.057999999999999996,3.061420399019033,0.0
497513,2025-10-19T22:00:00.000000000,0.487,0.0,0.0,0.052000000000000005,1.0365923751991502,0.0
497513,2025-10-19T23:00:00.000000000,0.44399999999999995,0.0,0.0,0.047,0.0,0.0
497513,2025-10-20T00:00:00.000000000,0.39899999999999997,0.0,0.0,0.039999999999999994,1.1136700666544446,0.0
497513,2025-10-20T01:00:00.000000000,0.384,0.0,0.0,0.039,0.36340812701355557,0.0
497513,2025-10-20T02:00:00.000000000,0.35000000000000003,0.0,0.0,0.033,0.34201393889098336,0.0
497513,2025-10-20T03:00:00.000000000,0.324,0.0,0.0,0.026000000000000002,0.6690812532031833,0.0
497513,2025-10-20T04:00:00.000000000,0.321,0.0,0.0,0.024,0.3235504614701334,0.0
497513,2025-10-20T05:00:00.000000000,0.318,0.0,0.0,0.022000000000000002,0.0,0.0
497513,2025-10-20T06:00:00.000000000,0.316,0.0,0.0,0.02,0.3235504614701334,0.0
497513,2025-10-20T07:00:00.000000000,0.312,0.0,0.0,0.018000000000000002,0.0,0.0
497513,2025-10-20T08:00:00.000000000,0.312,0.0,0.0,0.016,0.3235504614701334,0.0
497513,2025-10-20T09:00:00.000000000,0.34900000000000003,0.0,0.0,0.016,0.0,0.0
497513,2025-10-20T10:00:00.000000000,0.371,0.0,0.0,0.016,2.03362015592505,0.0
497513,2025-10-20T11:00:00.000000000,0.40599999999999997,0.0,0.0,0.034,1.2027636719868,0.0
497513,2025-10-20T12:00:00.000000000,0.40599999999999997,0.0,0.0,0.036,3.629099061942628,0.0
497513,2025-10-20T13:00:00.000000000,0.37,0.0,0.0,0.055,0.6690812532031833,0.0
497513,2025-10-20T14:00:00.000000000,0.421,0.0,0.0,0.064,0.3235504614701334,0.0
497513,2025-10-20T15:00:00.000000000,0.444,0.0,0.0,0.068,0.3235504614701334,0.0
497513,2025-10-20T16:00:00.000000000,0.355,0.0,0.0,0.057999999999999996,1.1321335440752947,0.0
497513,2025-10-20T17:00:00.000000000,0.356,0.0,0.0,0.056999999999999995,0.34553079173305,0.0
497513,2025-10-20T18:00:00.000000000,0.384,0.0,0.0,0.051000000000000004,0.6690812532031833,0.0
497513,2025-10-20T19:00:00.000000000,1.4169999999999998,0.0,0.0,0.07,0.6910615834661,0.0
497513,2025-10-20T20:00:00.000000000,0.9390000000000001,0.0,0.0,0.059,0.34553079173305,0.0
497513,2025-10-20T21:00:00.000000000,0.906,0.0,0.0,0.053,0.3235504614701334,0.0
497513,2025-10-20T22:00:00.000000000,0.471,0.0,0.0,0.036,0.0,0.0
497513,2025-10-20T23:00:00.000000000,0.42300000000000004,0.0,0.0,0.027000000000000003,0.34553079173305,0.0
497513,2025-10-21T00:00:00.000000000,0.326,0.0,0.0,0.019,0.6910615834661,0.0
497513,2025-10-21T01:00:00.000000000,0.32,0.0,0.0,0.017,0.34553079173305,0.0
497513,2025-10-21T02:00:00.000000000,0.314,0.0,0.0,0.015,0.3235504614701334,0.0
497513,2025-10-21T03:00:00.000000000,0.314,0.0,0.0,0.016,0.34553079173305,0.0
497513,2025-10-21T04:00:00.000000000,0.315,0.0,0.0,0.018000000000000002,0.0,0.0
497513,2025-10-21T05:00:00.000000000,0.312,0.0,0.0,0.016,0.3235504614701334,0.0
497513,2025-10-21T06:00:00.000000000,0.311,0.0,0.0,0.016,0.0,0.0
497513,2025-10-21T07:00:00.000000000,0.308,0.0,0.0,0.016,0.3235504614701334,0.0
497513,2025-10-21T08:00:00.000000000,0.34199999999999997,0.0,0.0,0.013000000000000001,0.7279885383078,0.0
497513,2025-10-21T09:00:00.000000000,0.374,0.0,0.0,0.013000000000000001,1.4392720256157834,0.0
497513,2025-10-21T10:00:00.000000000,0.445,0.0,0.0,0.018000000000000002,0.3610635584521778,0.0
497513,2025-10-21T11:00:00.000000000,0.42700000000000005,0.0,0.0,0.017,1.4565632187559445,0.0
497513,2025-10-21T12:00:00.000000000,0.393,0.0,0.0,0.023,0.3235504614701334,0.0
497513,2025-10-21T13:00:00.000000000,0.403,0.0,0.0,0.03,0.0,0.0
497513,2025-10-21T14:00:00.000000000,0.414,0.0,0.0,0.038,0.3235504614701334,0.0
497513,2025-10-21T15:00:00.000000000,0.419,0.0,0.0,0.043,0.6471009229402668,0.0
497513,2025-10-21T16:00:00.000000000,0.419,0.0,0.0,0.045,0.3235504614701334,0.0
497513,2025-10-21T17:00:00.000000000,0.424,0.0,0.0,0.046,0.0,0.0
497513,2025-10-21T18:00:00.000000000,0.521,0.0,0.0,0.027,0.6910615834661,0.0
497513,2025-10-21T19:00:00.000000000,3.424,0.0,0.0,0.022000000000000002,0.7024913552028167,0.0
497513,2025-10-21T20:00:00.000000000,0.45999999999999996,0.0,0.0,0.027999999999999997,2.4219393239032447,0.0
497513,2025-10-21T21:00:00.000000000,0.456,0.0,0.0,0.02,2.6007126767083,0.0
497513,2025-10-21T22:00:00.000000000,0.456,0.0,0.0,0.02,1.483232686141617,0.0
497513,2025-10-21T23:00:00.000000000,0.41700000000000004,0.0,0.0,0.021,0.7112834873079834,0.0
497513,2025-10-22T00:00:00.000000000,0.32,0.0,0.0,0.015,1.235587631846089,0.0
497513,2025-10-22T01:00:00.000000000,0.32,0.0,0.0,0.016,0.34553079173305,0.0
497513,2025-10-22T02:00:00.000000000,0.317,0.0,0.0,0.016,0.3235504614701334,0.0
497513,2025-10-22T03:00:00.000000000,0.313,0.0,0.0,0.016,0.0,0.0
497513,2025-10-22T04:00:00.000000000,0.312,0.0,0.0,0.015,0.3235504614701334,0.0
497513,2025-10-22T05:00:00.000000000,0.309,0.0,0.0,0.012,0.0,0.0
497513,2025-10-22T06:00:00.000000000,0.308,0.0,0.0,0.012,0.3235504614701334,0.0
497513,2025-10-22T07:00:00.000000000,0.31,0.0,0.0,0.008,0.0,0.0
497513,2025-10-22T08:00:00.000000000,0.299,0.0,0.0,0.003,0.3235504614701334,0.0
497513,2025-10-22T09:00:00.000000000,0.303,0.0,0.0,0.004,0.0,0.0
497513,2025-10-22T10:00:00.000000000,0.316,0.0,0.0,0.017,0.34553079173305,0.0
497513,2025-10-22T11:00:00.000000000,0.328,0.0,0.0,0.028,1.4369274570544057,0.0
497513,2025-10-22T12:00:00.000000000,0.34099999999999997,0.0,0.0,0.044,0.3235504614701334,0.0
497513,2025-10-22T13:00:00.000000000,0.40399999999999997,0.0,0.0,0.051,1.0606242029532722,0.0
497513,2025-10-22T14:00:00.000000000,0.436,0.0,0.0,0.06,0.3525644974171834,0.0
497513,2025-10-22T15:00:00.000000000,0.442,0.0,0.0,0.066,0.3235504614701334,0.0
497513,2025-10-22T16:00:00.000000000,0.441,0.0,0.0,0.068,0.0,0.0
497513,2025-10-22T17:00:00.000000000,0.446,0.0,0.0,0.068,0.3235504614701334,0.0
497513,2025-10-22T18:00:00.000000000,0.512,0.0,0.0,0.066,1.1558723007592444,0.0
497513,2025-10-22T19:00:00.000000000,0.585,0.0,0.0,0.053,3.6156177927147057,0.0
497513,2025-10-22T20:00:00.000000000,0.604,0.0,0.0,0.048,1.9371997738383893,0.0
497513,2025-10-22T21:00:00.000000000,0.936,0.0,0.0,0.05299999999999999,0.34553079173305,0.0
497513,2025-10-22T22:00:00.000000000,0.473,0.0,0.0,0.04,0.3235504614701334,0.0
497513,2025-10-22T23:00:00.000000000,0.461,0.0,0.0,0.034999999999999996,0.6690812532031833,0.0
497513,2025-10-23T00:00:00.000000000,0.402,0.0,0.0,0.032,1.0365923751991502,0.0
497513,2025-10-23T01:00:00.000000000,0.329,0.0,0.0,0.026,1.0884659546196334,0.0
497513,2025-10-23T02:00:00.000000000,0.325,0.0,0.0,0.025,0.0,0.0
497513,2025-10-23T03:00:00.000000000,0.32,0.0,0.0,0.023000000000000003,0.3235504614701334,0.0
497513,2025-10-23T04:00:00.000000000,0.318,0.0,0.0,0.021,0.0,0.0
497513,2025-10-23T05:00:00.000000000,0.316,0.0,0.0,0.02,0.3235504614701334,0.0
497513,2025-10-23T06:00:00.000000000,0.311,0.0,0.0,0.016,0.0,0.0
497513,2025-10-23T07:00:00.000000000,0.312,0.0,0.0,0.01,1.1028264370580723,0.0
497513,2025-10-23T08:00:00.000000000,0.312,0.0,0.0,0.01,0.0,0.0
497513,2025-10-23T09:00:00.000000000,0.309,0.0,0.0,0.011,0.3235504614701334,0.0
497513,2025-10-23T10:00:00.000000000,0.34199999999999997,0.0,0.0,0.025,0.0,0.0
497513,2025-10-23T11:00:00.000000000,0.872,0.0,0.0,0.05299999999999999,0.3235504614701334,0.0
497513,2025-10-23T12:00:00.000000000,0.422,0.0,0.0,0.052,0.0,0.0
497513,2025-10-23T13:00:00.000000000,0.886,0.0,0.0,0.068,0.3235504614701334,0.0
497513,2025-10-23T14:00:00.000000000,0.438,0.0,0.0,0.06,0.11429771736716667,0.0
497513,2025-10-23T15:00:00.000000000,0.439,0.0,0.0,0.062,0.5471636880115389,0.0
497513,2025-10-23T16:00:00.000000000,0.431,0.0,0.0,0.057,2.492862522884922,0.0
497513,2025-10-23T17:00:00.000000000,0.436,0.0,0.0,0.057999999999999996,1.5872729160527554,0.0
497513,2025-10-23T18:00:00.000000000,0.988,0.0,0.0,0.072,0.7285746804481444,0.0
497513,2025-10-23T19:00:00.000000000,0.482,0.0,0.0,0.056999999999999995,0.34553079173305,0.0
497513,2025-10-23T20:00:00.000000000,0.481,0.0,0.0,0.048,0.3235504614701334,0.0
497513,2025-10-23T21:00:00.000000000,0.473,0.0,0.0,0.037,0.8871261294113166,0.0
497513,2025-10-23T22:00:00.000000000,0.466,0.0,0.0,0.031,0.9445680591650722,0.0
497513,2025-10-23T23:00:00.000000000,0.45,0.0,0.0,0.026000000000000002,1.90701345361065,0.0
497513,2025-10-24T00:00:00.000000000,1.7690000000000001,0.0,0.0,0.059,0.3235504614701334,0.0
497513,2025-10-24T01:00:00.000000000,0.331,0.0,0.0,0.027999999999999997,0.0,0.0
497513,2025-10-24T02:00:00.000000000,0.32,0.0,0.0,0.02,0.3235504614701334,0.0
497513,2025-10-24T03:00:00.000000000,0.311,0.0,0.0,0.013000000000000001,0.3458238628032222,0.0
497513,2025-10-24T04:00:00.000000000,0.306,0.0,0.0,0.008,0.0,0.0
497513,2025-10-24T05:00:00.000000000,0.304,0.0,0.0,0.008,0.3235504614701334,0.0
497513,2025-10-24T06:00:00.000000000,0.301,0.0,0.0,0.006,0.3235504614701334,0.0
497513,2025-10-24T07:00:00.000000000,0.303,0.0,0.0,0.001,1.135943467987533,0.0
497513,2025-10-24T08:00:00.000000000,0.374,0.0,0.0,0.002,1.5406746158953721,0.0
497513,2025-10-24T09:00:00.000000000,1.7750000000000001,0.0,0.0,0.041999999999999996,1.0371785173394945,0.0
497513,2025-10-24T10:00:00.000000000,0.41500000000000004,0.0,0.0,0.026,0.0,0.0
497513,2025-10-24T11:00:00.000000000,0.413,0.0,0.0,0.040999999999999995,0.3458238628032222,0.0
497513,2025-10-24T12:00:00.000000000,0.424,0.0,0.0,0.053,1.064434126865511,0.0
497513,2025-10-24T13:00:00.000000000,0.44,0.0,0.0,0.069,0.3256019589613389,0.0
497513,2025-10-24T14:00:00.000000000,0.454,0.0,0.0,0.079,0.0,0.0
497513,2025-10-24T15:00:00.000000000,0.454,0.0,0.0,0.077,0.3458238628032222,0.0
497513,2025-10-24T16:00:00.000000000,0.452,0.0,0.0,0.078,1.0409884412517334,0.0
497513,2025-10-24T17:00:00.000000000,0.459,0.0,0.0,0.08,0.0,0.0
497513,2025-10-24T18:00:00.000000000,0.987,0.0,0.0,0.088,1.4172916953528667,0.0
497513,2025-10-24T19:00:00.000000000,0.914,0.0,0.0,0.073,0.39974893971491116,0.0
497513,2025-10-24T20:00:00.000000000,0.486,0.0,0.0,0.053000000000000005,0.3458238628032222,0.0
497513,2025-10-24T21:00:00.000000000,0.481,0.0,0.0,0.044,0.6693743242733556,0.0
497513,2025-10-24T22:00:00.000000000,0.473,0.0,0.0,0.038,0.0,0.0
497513,2025-10-24T23:00:00.000000000,0.456,0.0,0.0,0.03,0.7180241219219445,0.0
497513,2025-10-25T00:00:00.000000000,0.46199999999999997,0.0,0.0,0.03,1.409671847528389,0.0
497513,2025-10-25T01:00:00.000000000,0.36300000000000004,0.0,0.0,0.026000000000000002,0.0,0.0
497513,2025-10-25T02:00:00.000000000,0.321,0.0,0.0,0.02,0.3235504614701334,0.0
497513,2025-10-25T03:00:00.000000000,0.316,0.0,0.0,0.018000000000000002,0.0,0.0
497513,2025-10-25T04:00:00.000000000,0.312,0.0,0.0,0.013000000000000001,0.3235504614701334,0.0
497513,2025-10-25T05:00:00.000000000,0.308,0.0,0.0,0.012,0.0,0.0
497513,2025-10-25T06:00:00.000000000,0.3,0.0,0.0,0.003,0.32355046147013333,0.0
497513,2025-10-25T07:00:00.000000000,0.305,0.0,0.0,0.0,0.7104042740974668,0.0
497513,2025-10-25T08:00:00.000000000,0.321,0.0,0.0,0.0,1.6555584754028836,0.0
497513,2025-10-25T09:00:00.000000000,0.296,0.0,0.0,0.0,0.0,0.0
497513,2025-10-25T10:00:00.000000000,0.323,0.0,0.0,0.007,0.6916477256064444,0.0
497513,2025-10-25T11:00:00.000000000,0.321,0.0,0.0,0.024999999999999998,0.3458238628032222,0.0
497513,2025-10-25T12:00:00.000000000,0.334,0.0,0.0,0.037000000000000005,0.3235504614701334,0.0
497513,2025-10-25T13:00:00.000000000,0.34199999999999997,0.0,0.0,0.046,0.0,0.0
497513,2025-10-25T14:00:00.000000000,0.901,0.0,0.0,0.067,0.32355046147013333,0.0
497513,2025-10-25T15:00:00.000000000,0.874,0.0,0.0,0.081,0.0,0.0
497513,2025-10-25T16:00:00.000000000,0.484,0.0,0.0,0.08,0.3235504614701334,0.0
497513,2025-10-25T17:00:00.000000000,0.883,0.0,0.0,0.08900000000000001,0.0,0.0
497513,2025-10-25T18:00:00.000000000,0.5650000000000001,0.0,0.0,0.095,1.0623826293743057,0.0
497513,2025-10-25T19:00:00.000000000,0.40700000000000003,0.0,0.0,0.069,1.1505970214961445,0.0
497513,2025-10-25T20:00:00.000000000,0.426,0.0,0.0,0.053,0.3458238628032222,0.0
497513,2025-10-25T21:00:00.000000000,0.487,0.0,0.0,0.048,0.6916477256064444,0.0
497513,2025-10-25T22:00:00.000000000,0.476,0.0,0.0,0.040999999999999995,1.148545524004939,0.0
497513,2025-10-25T23:00:00.000000000,0.525,0.0,0.0,0.041999999999999996,0.3235504614701334,0.0
497513,2025-10-26T00:00:00.000000000,0.505,0.0,0.0,0.039,0.3458238628032222,0.0
497513,2025-10-26T01:00:00.000000000,0.383,0.0,0.0,0.03,1.043333009813111,0.0
497513,2025-10-26T02:00:00.000000000,0.327,0.0,0.0,0.022000000000000002,0.7065943501852278,0.0
497513,2025-10-26T03:00:00.000000000,0.327,0.0,0.0,0.018000000000000002,1.1160146352158222,0.0
497513,2025-10-26T04:00:00.000000000,0.312,0.0,0.0,0.011,1.3126653233013834,0.0
497513,2025-10-26T05:00:00.000000000,0.311,0.0,0.0,0.013999999999999999,0.3458238628032222,0.0
497513,2025-10-26T06:00:00.000000000,0.305,0.0,0.0,0.009000000000000001,0.3235504614701334,0.0
497513,2025-10-26T07:00:00.000000000,0.298,0.0,0.0,0.003,0.0,0.0
497513,2025-10-26T08:00:00.000000000,0.329,0.0,0.0,0.0,1.65907532824495,0.0
497513,2025-10-26T09:00:00.000000000,0.362,0.0,0.0,0.001,1.3604359077394554,0.0
497513,2025-10-26T10:00:00.000000000,0.459,0.0,0.0,0.014,1.6617129678765,0.0
497513,2025-10-26T11:00:00.000000000,0.475,0.0,0.0,0.028999999999999998,1.6244929419646277,0.0
497513,2025-10-26T12:00:00.000000000,0.486,0.0,0.0,0.041999999999999996,1.1508900925663168,0.0
497513,2025-10-26T13:00:00.000000000,0.495,0.0,0.0,0.048,2.631778210146556,0.0
497513,2025-10-26T14:00:00.000000000,0.512,0.0,0.0,0.059,1.9014451032773778,0.0
497513,2025-10-26T15:00:00.000000000,0.523,0.0,0.0,0.068,1.0512459287077611,0.0
497513,2025-10-26T16:00:00.000000000,0.518,0.0,0.0,0.07100000000000001,1.179317986373022,0.0
497513,2025-10-26T17:00:00.000000000,0.382,0.0,0.0,0.064,0.3458238628032222,0.0
497513,2025-10-26T18:00:00.000000000,1.874,0.0,0.0,0.088,1.0547627815498277,0.0
497513,2025-10-26T19:00:00.000000000,0.565,0.0,0.0,0.06,2.0315686584338444,0.0
497513,2025-10-26T20:00:00.000000000,0.477,0.0,0.0,0.044000000000000004,0.0,0.0
497513,2025-10-26T21:00:00.000000000,0.473,0.0,0.0,0.034999999999999996,0.3235504614701334,0.0
497513,2025-10-26T22:00:00.000000000,0.464,0.0,0.0,0.03,0.6916477256064444,0.0
497513,2025-10-26T23:00:00.000000000,0.452,0.0,0.0,0.026000000000000002,0.0,0.0
497513,2025-10-27T00:00:00.000000000,0.446,0.0,0.0,0.024999999999999998,0.3235504614701334,0.0
497513,2025-10-27T01:00:00.000000000,0.363,0.0,0.0,0.018000000000000002,1.0864144571284278,0.0
497513,2025-10-27T02:00:00.000000000,0.335,0.0,0.0,0.013000000000000001,1.9445265505926945,0.0
497513,2025-10-27T03:00:00.000000000,0.323,0.0,0.0,0.012,1.8082485029626112,0.0
497513,2025-10-27T04:00:00.000000000,0.311,0.0,0.0,0.01,1.077036182882917,0.0
497513,2025-10-27T05:00:00.000000000,0.311,0.0,0.0,0.015,0.0,0.0
497513,2025-10-27T06:00:00.000000000,0.308,0.0,0.0,0.015,0.3235504614701334,0.0
497513,2025-10-27T07:00:00.000000000,0.301,0.0,0.0,0.006,0.6916477256064444,0.0
497513,2025-10-27T08:00:00.000000000,0.3,0.0,0.0,0.004,1.148838595075111,0.0
497513,2025-10-27T09:00:00.000000000,0.31899999999999995,0.0,0.0,0.004,0.71480034015005,0.0
497513,2025-10-27T10:00:00.000000000,0.383,0.0,0.0,0.012,0.7118696294483278,0.0
497513,2025-10-27T11:00:00.000000000,0.39,0.0,0.0,0.018000000000000002,1.0436260808832833,0.0
497513,2025-10-27T12:00:00.000000000,0.40299999999999997,0.0,0.0,0.032,0.8167890725699833,0.0
497513,2025-10-27T13:00:00.000000000,0.337,0.0,0.0,0.04,0.3458238628032222,0.0
497513,2025-10-27T14:00:00.000000000,0.34099999999999997,0.0,0.0,0.043000000000000003,1.5966511902982667,0.0
497513,2025-10-27T15:00:00.000000000,0.372,0.0,0.0,0.055,0.3458238628032222,0.0
497513,2025-10-27T16:00:00.000000000,0.37,0.0,0.0,0.05299999999999999,1.0632618425848221,0.0
497513,2025-10-27T17:00:00.000000000,0.347,0.0,0.0,0.05,0.0,0.0
497513,2025-10-27T18:00:00.000000000,0.37,0.0,0.0,0.035,0.32355046147013333,0.0
497513,2025-10-27T19:00:00.000000000,0.352,0.0,0.0,0.036000000000000004,0.0,0.0
497513,2025-10-27T20:00:00.000000000,0.444,0.0,0.0,0.039,0.6693743242733556,0.0
497513,2025-10-27T21:00:00.000000000,0.476,0.0,0.0,0.04,0.0,0.0
497513,2025-10-27T22:00:00.000000000,0.473,0.0,0.0,0.039,0.3235504614701334,0.0
497513,2025-10-27T23:00:00.000000000,0.46299999999999997,0.0,0.0,0.036,0.0,0.0
497513,2025-10-28T00:00:00.000000000,0.36600000000000005,0.0,0.0,0.031,0.6916477256064444,0.0
497513,2025-10-28T01:00:00.000000000,0.329,0.0,0.0,0.026000000000000002,0.3458238628032222,0.0
497513,2025-10-28T02:00:00.000000000,0.327,0.0,0.0,0.027,0.3458238628032222,0.0
497513,2025-10-28T03:00:00.000000000,0.325,0.0,0.0,0.028,0.3235504614701334,0.0
497513,2025-10-28T04:00:00.000000000,0.321,0.0,0.0,0.025,0.0,0.0
497513,2025-10-28T05:00:00.000000000,0.317,0.0,0.0,0.02,0.3235504614701334,0.0
497513,2025-10-28T06:00:00.000000000,0.316,0.0,0.0,0.02,0.0,0.0
497513,2025-10-28T07:00:00.000000000,0.316,0.0,0.0,0.023,0.3235504614701334,0.0
497513,2025-10-28T08:00:00.000000000,0.32599999999999996,0.0,0.0,0.02,1.0591588476024112,0.0
497513,2025-10-28T09:00:00.000000000,0.344,0.0,0.0,0.018,0.7766383359563889,0.0
497513,2025-10-28T10:00:00.000000000,0.388,0.0,0.0,0.016,1.1623198643030335,0.0
497513,2025-10-28T11:00:00.000000000,0.391,0.0,0.0,0.019,1.9131679460842665,0.0
497513,2025-10-28T12:00:00.000000000,0.321,0.0,0.0,0.023,0.3461169338733945,0.0
497513,2025-10-28T13:00:00.000000000,0.323,0.0,0.0,0.026,0.7174379797816,0.0
497513,2025-10-28T14:00:00.000000000,0.332,0.0,0.0,0.034,0.3458238628032222,0.0
497513,2025-10-28T15:00:00.000000000,0.336,0.0,0.0,0.037,1.229433139372472,0.0
497513,2025-10-28T16:00:00.000000000,0.33999999999999997,0.0,0.0,0.043,1.1664228592854444,0.0
497513,2025-10-28T17:00:00.000000000,0.345,0.0,0.0,0.048,0.0,0.0
497513,2025-10-28T18:00:00.000000000,0.376,0.0,0.0,0.043000000000000003,0.3235504614701334,0.0
497513,2025-10-28T19:00:00.000000000,0.416,0.0,0.0,0.041999999999999996,0.0,0.0
497513,2025-10-28T20:00:00.000000000,0.345,0.0,0.0,0.037,0.3235504614701334,0.0
497513,2025-10-28T21:00:00.000000000,0.476,0.0,0.0,0.03900000000000001,0.3235504614701334,0.0
497513,2025-10-28T22:00:00.000000000,0.602,0.0,0.0,0.044,0.0,0.0
497513,2025-10-28T23:00:00.000000000,0.5519999999999999,0.0,0.0,0.041,0.6916477256064444,0.0
497513,2025-10-29T00:00:00.000000000,0.37000000000000005,0.0,0.0,0.036,0.0,0.0
497513,2025-10-29T01:00:00.000000000,0.331,0.0,0.0,0.028999999999999998,1.0673648375672333,0.0
497513,2025-10-29T02:00:00.000000000,0.322,0.0,0.0,0.023,1.241155982179361,0.0
497513,2025-10-29T03:00:00.000000000,0.324,0.0,0.0,0.024,0.3235504614701334,0.0
497513,2025-10-29T04:00:00.000000000,0.321,0.0,0.0,0.024,0.0,0.0
497513,2025-10-29T05:00:00.000000000,0.32,0.0,0.0,0.024,0.3235504614701334,0.0
497513,2025-10-29T06:00:00.000000000,0.32,0.0,0.0,0.024,0.11810764127940557,0.0
497513,2025-10-29T07:00:00.000000000,0.329,0.0,0.0,0.024,0.20544282019072777,0.0
497513,2025-10-29T08:00:00.000000000,0.355,0.0,0.0,0.024,0.3235504614701334,0.0
497513,2025-10-29T09:00:00.000000000,0.395,0.0,0.0,0.018,1.2106765908814499,0.0
497513,2025-10-29T10:00:00.000000000,0.467,0.0,0.0,0.022,1.1758011335309555,0.0
497513,2025-10-29T11:00:00.000000000,0.473,0.0,0.0,0.028,1.0638479847251667,0.0
497513,2025-10-29T12:00:00.000000000,0.42100000000000004,0.0,0.0,0.032,0.3332218067858167,0.0
497513,2025-10-29T13:00:00.000000000,0.40700000000000003,0.0,0.0,0.036,1.1397533918997722,0.0
497513,2025-10-29T14:00:00.000000000,0.421,0.0,0.0,0.045,0.3461169338733945,0.0
497513,2025-10-29T15:00:00.000000000,0.408,0.0,0.0,0.051,0.3235504614701334,0.0
497513,2025-10-29T16:00:00.000000000,0.429,0.0,0.0,0.056,0.3235504614701334,0.0
497513,2025-10-29T17:00:00.000000000,0.427,0.0,0.0,0.049,1.1500108793558002,0.0
497513,2025-10-29T18:00:00.000000000,0.471,0.0,0.0,0.048,0.3461169338733945,0.0
497513,2025-10-29T19:00:00.000000000,0.47,0.0,0.0,0.046,0.692233867746789,0.0
497513,2025-10-29T20:00:00.000000000,0.47,0.0,0.0,0.038000000000000006,1.9984516275043833,0.0
497513,2025-10-29T21:00:00.000000000,0.479,0.0,0.0,0.043,0.3461169338733945,0.0
497513,2025-10-29T22:00:00.000000000,0.44099999999999995,0.0,0.0,0.036,0.7221271169043555,0.0
497513,2025-10-29T23:00:00.000000000,0.37,0.0,0.0,0.033,0.3235504614701334,0.0
497513,2025-10-30T00:00:00.000000000,0.423,0.0,0.0,0.035,0.3461169338733945,0.0
497513,2025-10-30T01:00:00.000000000,0.381,0.0,0.0,0.036,0.0,0.0
497513,2025-10-30T02:00:00.000000000,0.341,0.0,0.0,0.033,0.3235504614701334,0.0
497513,2025-10-30T03:00:00.000000000,0.33,0.0,0.0,0.032,0.0,0.0
497513,2025-10-30T04:00:00.000000000,0.328,0.0,0.0,0.031,0.3235504614701334,0.0
497513,2025-10-30T05:00:00.000000000,0.325,0.0,0.0,0.029,0.0,0.0
497513,2025-10-30T06:00:00.000000000,0.325,0.0,0.0,0.03,0.3235504614701334,0.0
497513,2025-10-30T07:00:00.000000000,0.321,0.0,0.0,0.026000000000000002,0.3235504614701334,0.0
497513,2025-10-30T08:00:00.000000000,0.353,0.0,0.0,0.024,0.0,0.0
497513,2025-10-30T09:00:00.000000000,0.374,0.0,0.0,0.014000000000000002,2.010467541381445,0.0
497513,2025-10-30T10:00:00.000000000,0.387,0.0,0.0,0.016,1.2396906268285,0.0
497513,2025-10-30T11:00:00.000000000,0.402,0.0,0.0,0.029,0.0,0.0
497513,2025-10-30T12:00:00.000000000,0.46299999999999997,0.0,0.0,0.038000000000000006,0.3235504614701334,0.0
497513,2025-10-30T13:00:00.000000000,0.46799999999999997,0.0,0.0,0.04,1.5480013926496778,0.0
497513,2025-10-30T14:00:00.000000000,0.9660000000000001,0.0,0.0,0.067,0.3235504614701334,0.0
497513,2025-10-30T15:00:00.000000000,0.45399999999999996,0.0,0.0,0.056999999999999995,0.0,0.0
497513,2025-10-30T16:00:00.000000000,0.434,0.0,0.0,0.06,0.3235504614701334,0.0
497513,2025-10-30T17:00:00.000000000,0.9590000000000001,0.0,0.0,0.07300000000000001,0.3461169338733945,0.0
497513,2025-10-30T18:00:00.000000000,0.5690000000000001,0.0,0.0,0.056,3.241072965034606,0.0
497513,2025-10-30T19:00:00.000000000,0.5609999999999999,0.0,0.0,0.055999999999999994,1.0157843292169224,0.0
497513,2025-10-30T20:00:00.000000000,0.472,0.0,0.0,0.039999999999999994,2.0260003081005724,0.0
497513,2025-10-30T21:00:00.000000000,0.481,0.0,0.0,0.043000000000000003,0.3232573903999611,0.0
497513,2025-10-30T22:00:00.000000000,0.472,0.0,0.0,0.037,0.3461169338733945,0.0
497513,2025-10-30T23:00:00.000000000,0.45999999999999996,0.0,0.0,0.034999999999999996,0.0,0.0
497513,2025-10-31T00:00:00.000000000,0.41800000000000004,0.0,0.0,0.03,0.3235504614701334,0.0
497513,2025-10-31T01:00:00.000000000,0.36,0.0,0.0,0.014000000000000002,2.4099234100261833,0.0
497513,2025-10-31T02:00:00.000000000,0.332,0.0,0.0,0.019,0.3461169338733945,0.0
497513,2025-10-31T03:00:00.000000000,0.318,0.0,0.0,0.021,0.3235504614701334,0.0
497513,2025-10-31T04:00:00.000000000,0.313,0.0,0.0,0.016,0.0,0.0
497513,2025-10-31T05:00:00.000000000,0.308,0.0,0.0,0.012,0.3235504614701334,0.0
497513,2025-10-31T06:00:00.000000000,0.302,0.0,0.0,0.008,0.692233867746789,0.0
497513,2025-10-31T07:00:00.000000000,0.298,0.0,0.0,0.004,0.32355046147013333,0.0
497513,2025-10-31T08:00:00.000000000,0.30999999999999994,0.0,0.0,0.004,0.0,0.0
497513,2025-10-31T09:00:00.000000000,0.827,0.0,0.0,0.02,0.3235504614701334,0.0
497513,2025-10-31T10:00:00.000000000,0.819,0.0,0.0,0.016,0.9346036427792167,0.0
497513,2025-10-31T11:00:00.000000000,6.8500000000000005,0.0,0.0,0.017,1.9990377696447277,0.0
497513,2025-10-31T12:00:00.000000000,6.082999999999999,0.0,0.0,0.068,1.0568142790410333,0.0
497513,2025-10-31T13:00:00.000000000,0.393,0.0,0.0,0.059,1.056228136900689,0.0
497513,2025-10-31T14:00:00.000000000,0.354,0.0,0.0,0.056,0.3461169338733945,0.0
497513,2025-10-31T15:00:00.000000000,0.411,0.0,0.0,0.05499999999999999,1.7672185531385,0.0
497513,2025-10-31T16:00:00.000000000,0.433,0.0,0.0,0.06,0.0,0.0
497513,2025-10-31T17:00:00.000000000,0.46,0.0,0.0,0.06,0.3461169338733945,0.0
497513,2025-10-31T18:00:00.000000000,0.5770000000000001,0.0,0.0,0.063,0.3235504614701334,0.0
497513,2025-10-31T19:00:00.000000000,0.59,0.0,0.0,0.055999999999999994,0.3461169338733945,0.0
497513,2025-10-31T20:00:00.000000000,0.905,0.0,0.0,0.05499999999999999,0.0,0.0
497513,2025-10-31T21:00:00.000000000,0.508,0.0,0.0,0.039,0.6696673953435279,0.0
497513,2025-10-31T22:00:00.000000000,0.46499999999999997,0.0,0.0,0.03,0.7807413309388,0.0
497513,2025-10-31T23:00:00.000000000,0.454,0.0,0.0,0.028999999999999998,0.29746713622480553,0.0
497513,2025-11-01T00:00:00.000000000,0.41100000000000003,0.0,0.0,0.023,0.692233867746789,0.0
497513,2025-11-01T01:00:00.000000000,0.318,0.0,0.0,0.015000000000000001,1.56939558077225,0.0
497513,2025-11-01T02:00:00.000000000,0.317,0.0,0.0,0.017,0.32355046147013333,0.0
497513,2025-11-01T03:00:00.000000000,0.311,0.0,0.0,0.013000000000000001,0.0,0.0
497513,2025-11-01T04:00:00.000000000,0.307,0.0,0.0,0.009000000000000001,0.3235504614701334,0.0
497513,2025-11-01T05:00:00.000000000,0.299,0.0,0.0,0.004,0.0,0.0
497513,2025-11-01T06:00:00.000000000,0.296,0.0,0.0,0.0,0.3235504614701334,0.0
497513,2025-11-01T07:00:00.000000000,0.787,0.0,0.0,0.009,0.0,0.0
497513,2025-11-01T08:00:00.000000000,1.7940000000000003,0.0,0.0,0.039,0.3235504614701334,0.0
497513,2025-11-01T09:00:00.000000000,0.306,0.0,0.0,0.009000000000000001,0.0,0.0
497513,2025-11-01T10:00:00.000000000,0.313,0.0,0.0,0.014000000000000002,0.3235504614701334,0.0
497513,2025-11-01T11:00:00.000000000,0.327,0.0,0.0,0.028,0.3235504614701334,0.0
497513,2025-11-01T12:00:00.000000000,0.38899999999999996,0.0,0.0,0.036000000000000004,1.08406988856705,0.0
497513,2025-11-01T13:00:00.000000000,0.408,0.0,0.0,0.034,2.5268587670249003,0.0
497513,2025-11-01T14:00:00.000000000,0.423,0.0,0.0,0.044,0.0,0.0
497513,2025-11-01T15:00:00.000000000,0.911,0.0,0.0,0.056999999999999995,0.3235504614701334,0.0
497513,2025-11-01T16:00:00.000000000,2.251,0.0,0.0,0.089,0.6925269388169611,0.0
497513,2025-11-01T17:00:00.000000000,2.258,0.0,0.0,0.092,0.3235504614701334,0.0
497513,2025-11-01T18:00:00.000000000,1.346,0.0,0.0,0.081,0.6696673953435279,0.0
497513,2025-11-01T19:00:00.000000000,0.495,0.0,0.0,0.05299999999999999,0.7183171929921167,0.0
497513,2025-11-01T20:00:00.000000000,0.343,0.0,0.0,0.034,0.3461169338733945,0.0
497513,2025-11-01T21:00:00.000000000,0.327,0.0,0.0,0.018000000000000002,2.4017174200613614,0.0
497513,2025-11-01T22:00:00.000000000,0.325,0.0,0.0,0.016,1.4635969244400777,0.0
497513,2025-11-01T23:00:00.000000000,0.351,0.0,0.0,0.019,0.3461169338733945,0.0
497513,2025-11-02T00:00:00.000000000,0.34800000000000003,0.0,0.0,0.017,0.3235504614701334,0.0
497513,2025-11-02T01:00:00.000000000,0.313,0.0,0.0,0.011000000000000001,0.0,0.0
497513,2025-11-02T02:00:00.000000000,0.347,0.0,0.0,0.008,0.3235504614701334,0.0
497513,2025-11-02T03:00:00.000000000,1.7750000000000001,0.0,0.0,0.036,0.0,0.0
497513,2025-11-02T04:00:00.000000000,0.309,0.0,0.0,0.008,0.3235504614701334,0.0
497513,2025-11-02T05:00:00.000000000,0.297,0.0,0.0,0.0,0.3056731261896278,0.0
497513,2025-11-02T06:00:00.000000000,0.296,0.0,0.0,0.0,0.017877335280505554,0.0
497513,2025-11-02T07:00:00.000000000,0.293,0.0,0.0,0.0,0.3235504614701334,0.0
497513,2025-11-02T08:00:00.000000000,0.295,0.0,0.0,0.0,0.33263566464547223,0.0
497513,2025-11-02T09:00:00.000000000,0.35,0.0,0.0,0.0,0.6928200098871333,0.0
497513,2025-11-02T10:00:00.000000000,0.431,0.0,0.0,0.002,2.4755713297447612,0.0
497513,2025-11-02T11:00:00.000000000,0.465,0.0,0.0,0.015000000000000001,1.1930923266711166,0.0
497513,2025-11-02T12:00:00.000000000,0.397,0.0,0.0,0.025,1.1148423509351333,0.0
497513,2025-11-02T13:00:00.000000000,0.406,0.0,0.0,0.034999999999999996,1.1069294320404834,0.0
497513,2025-11-02T14:00:00.000000000,0.43999999999999995,0.0,0.0,0.044,0.38245774657475,0.0
497513,2025-11-02T15:00:00.000000000,0.424,0.0,0.0,0.045,0.8780409262359777,0.0
497513,2025-11-02T16:00:00.000000000,0.424,0.0,0.0,0.05,0.8862469162008,0.0
497513,2025-11-02T17:00:00.000000000,0.437,0.0,0.0,0.052,0.17760106852436666,0.0
497513,2025-11-02T18:00:00.000000000,0.5910000000000001,0.0,0.0,0.057999999999999996,1.4375135991947499,0.0
497513,2025-11-02T19:00:00.000000000,0.511,0.0,0.0,0.043,2.99372098180925,0.0
497513,2025-11-02T20:00:00.000000000,0.981,0.0,0.0,0.05199999999999999,0.0,0.0
497513,2025-11-02T21:00:00.000000000,0.487,0.0,0.0,0.038,0.3235504614701334,0.0
497513,2025-11-02T22:00:00.000000000,0.46099999999999997,0.0,0.0,0.03,0.0,0.0
497513,2025-11-02T23:00:00.000000000,0.435,0.0,0.0,0.026000000000000002,0.3235504614701334,0.0
497513,2025-11-03T00:00:00.000000000,0.326,0.0,0.0,0.02,0.3461169338733945,0.0
497513,2025-11-03T01:00:00.000000000,0.344,0.0,0.0,0.016,0.3235504614701334,0.0
497513,2025-11-03T02:00:00.000000000,0.332,0.0,0.0,0.013999999999999999,0.34641000494356666,0.0
497513,2025-11-03T03:00:00.000000000,0.314,0.0,0.0,0.011000000000000001,0.0,0.0
497513,2025-11-03T04:00:00.000000000,0.305,0.0,0.0,0.009000000000000001,0.3235504614701334,0.0
497513,2025-11-03T05:00:00.000000000,0.305,0.0,0.0,0.01,0.0,0.0
497513,2025-11-03T06:00:00.000000000,0.304,0.0,0.0,0.008,0.3235504614701334,0.0
497513,2025-11-03T07:00:00.000000000,0.304,0.0,0.0,0.011,0.0,0.0
497513,2025-11-03T08:00:00.000000000,0.308,0.0,0.0,0.012,0.3235504614701334,0.0
497513,2025-11-03T09:00:00.000000000,0.307,0.0,0.0,0.01,0.34641000494356666,0.0
497513,2025-11-03T10:00:00.000000000,0.383,0.0,0.0,0.01,0.7139211269395334,0.0
497513,2025-11-03T11:00:00.000000000,0.462,0.0,0.0,0.013000000000000001,1.1209968434087498,0.0
497513,2025-11-03T12:00:00.000000000,0.44000000000000006,0.0,0.0,0.011,0.8314426260785945,0.0
497513,2025-11-03T13:00:00.000000000,0.36600000000000005,0.0,0.0,0.011000000000000001,0.3235504614701334,0.0
497513,2025-11-03T14:00:00.000000000,0.304,0.0,0.0,0.008,0.0,0.0
497513,2025-11-03T15:00:00.000000000,0.32399999999999995,0.0,0.0,0.006,1.4609592848085278,0.0
497513,2025-11-03T16:00:00.000000000,0.34900000000000003,0.0,0.0,0.013000000000000001,1.0518320708481055,0.0
497513,2025-11-03T17:00:00.000000000,0.313,0.0,0.0,0.017,0.6925269388169611,0.0
497513,2025-11-03T18:00:00.000000000,0.33699999999999997,0.0,0.0,0.005,0.3235504614701334,0.0
497513,2025-11-03T19:00:00.000000000,0.356,0.0,0.0,0.008,0.34641000494356666,0.0
497513,2025-11-03T20:00:00.000000000,0.461,0.0,0.0,0.006,0.6699604664137,0.0
497513,2025-11-03T21:00:00.000000000,0.459,0.0,0.0,0.008,0.0,0.0
497513,2025-11-03T22:00:00.000000000,0.5640000000000001,0.0,0.0,0.012,0.3235504614701334,0.0
497513,2025-11-03T23:00:00.000000000,0.519,0.0,0.0,0.011000000000000001,0.34641000494356666,0.0
497513,2025-11-04T00:00:00.000000000,0.46199999999999997,0.0,0.0,0.004,1.06824405077775,0.0
497513,2025-11-04T01:00:00.000000000,0.319,0.0,0.0,0.0,2.0312755873636723,0.0
497513,2025-11-04T02:00:00.000000000,0.3,0.0,0.0,0.0,0.0,0.0
497513,2025-11-04T03:00:00.000000000,0.297,0.0,0.0,0.0,0.3235504614701334,0.0
497513,2025-11-04T04:00:00.000000000,0.298,0.0,0.0,0.0,1.0647271979356834,0.0
497513,2025-11-04T05:00:00.000000000,0.296,0.0,0.0,0.0,0.0,0.0
497513,2025-11-04T06:00:00.000000000,0.296,0.0,0.0,0.0,0.3235504614701334,0.0
497513,2025-11-04T07:00:00.000000000,0.296,0.0,0.0,0.0,0.0,0.0
497513,2025-11-04T08:00:00.000000000,0.809,0.0,0.0,0.003,0.3235504614701334,0.0
497513,2025-11-04T09:00:00.000000000,0.361,0.0,0.0,0.0,0.0,0.0
497513,2025-11-04T10:00:00.000000000,0.374,0.0,0.0,0.0,0.6890100859748945,0.0
497513,2025-11-04T11:00:00.000000000,0.337,0.0,0.0,0.0,0.34318622317167224,0.0
497513,2025-11-04T12:00:00.000000000,0.297,0.0,0.0,0.0,0.34641000494356666,0.0
497513,2025-11-04T13:00:00.000000000,0.296,0.0,0.0,0.0,2.1106978473803446,0.0
497513,2025-11-04T14:00:00.000000000,0.299,0.0,0.0,0.0,1.945405763803211,0.0
497513,2025-11-04T15:00:00.000000000,0.297,0.0,0.0,0.0,0.6699604664137,0.0
497513,2025-11-04T16:00:00.000000000,0.298,0.0,0.0,0.001,0.36663190878545,0.0
497513,2025-11-04T17:00:00.000000000,0.322,0.0,0.0,0.006,0.7473312289391667,0.0
497513,2025-11-04T18:00:00.000000000,0.49,0.055,0.0,0.002,1.9934694193114557,0.0
497513,2025-11-04T19:00:00.000000000,0.9329999999999999,0.0,0.0,0.015,0.3235504614701334,0.0
497513,2025-11-04T20:00:00.000000000,2.292,0.0,0.0,0.052,0.0,0.0
497513,2025-11-04T21:00:00.000000000,2.2939999999999996,0.0,0.0,0.057,0.3235504614701334,0.0
497513,2025-11-04T22:00:00.000000000,0.814,0.0,0.0,0.027,0.6928200098871333,0.0
497513,2025-11-04T23:00:00.000000000,0.442,0.0,0.0,0.01,0.6963368627292001,0.0
497513,2025-11-05T00:00:00.000000000,0.41300000000000003,0.0,0.0,0.007,0.34641000494356666,0.0
497513,2025-11-05T01:00:00.000000000,0.343,0.0,0.0,0.0,0.766087777430189,0.0
497513,2025-11-05T02:00:00.000000000,0.323,0.0,0.0,0.0,0.0,0.0
497513,2025-11-05T03:00:00.000000000,0.302,0.0,0.0,0.0,0.3235504614701334,0.0
497513,2025-11-05T04:00:00.000000000,0.296,0.0,0.0,0.0,0.7194894772728055,0.0
497513,2025-11-05T05:00:00.000000000,0.296,0.0,0.0,0.0,0.3235504614701334,0.0
497513,2025-11-05T06:00:00.000000000,0.296,0.0,0.0,0.0,0.0,0.0
497513,2025-11-05T07:00:00.000000000,0.293,0.0,0.0,0.0,0.3235504614701334,0.0
497513,2025-11-05T08:00:00.000000000,0.295,0.0,0.0,0.0,0.3235504614701334,0.0
497513,2025-11-05T09:00:00.000000000,0.296,0.0,0.0,0.0,0.0,0.0
497513,2025-11-05T10:00:00.000000000,0.372,0.0,0.0,0.0,0.7189033351324611,0.0
497513,2025-11-05T11:00:00.000000000,0.391,0.0,0.0,0.0,1.225037073319889,0.0
497513,2025-11-05T12:00:00.000000000,0.437,0.0,0.0,0.011,0.7189033351324612,0.0
497513,2025-11-05T13:00:00.000000000,0.477,0.0,0.0,0.028,0.3235504614701334,0.0
497513,2025-11-05T14:00:00.000000000,0.42899999999999994,0.0,0.0,0.033,0.34641000494356666,0.0
497513,2025-11-05T15:00:00.000000000,0.438,0.0,0.0,0.039999999999999994,0.6928200098871333,0.0
497513,2025-11-05T16:00:00.000000000,0.503,0.0,0.0,0.05,0.34641000494356666,0.0
497513,2025-11-05T17:00:00.000000000,0.43,0.0,0.0,0.048,0.3235504614701334,0.0
497513,2025-11-05T18:00:00.000000000,0.4149999999999999,0.0,0.0,0.034999999999999996,0.34641000494356666,0.0
497513,2025-11-05T19:00:00.000000000,0.477,0.0,0.0,0.035,0.7191964062026334,0.0
497513,2025-11-05T20:00:00.000000000,0.334,0.0,0.0,0.026000000000000002,0.6928200098871333,0.0
497513,2025-11-05T21:00:00.000000000,0.475,0.0,0.0,0.025,0.3346871621366777,0.0
497513,2025-11-05T22:00:00.000000000,0.452,0.0,0.0,0.021,0.3235504614701334,0.0
497513,2025-11-05T23:00:00.000000000,0.449,0.0,0.0,0.011,2.864183568793128,0.0
497513,2025-11-06T00:00:00.000000000,0.321,0.0,0.0,0.013000000000000001,0.0,0.0
497513,2025-11-06T01:00:00.000000000,0.303,0.0,0.0,0.001,1.9090649511018556,0.0
497513,2025-11-06T02:00:00.000000000,0.3,0.0,0.0,0.0,0.3235504614701334,0.0
497513,2025-11-06T03:00:00.000000000,0.3,0.0,0.0,0.0,0.12308984947233333,0.0
497513,2025-11-06T04:00:00.000000000,0.297,0.0,0.0,0.0,0.20016754092762779,0.0
497513,2025-11-06T05:00:00.000000000,0.296,0.0,0.0,0.0,0.3235504614701334,0.0
497513,2025-11-06T06:00:00.000000000,0.296,0.0,0.0,0.0,0.0,0.0
497513,2025-11-06T07:00:00.000000000,0.296,0.0,0.0,0.0,0.32355046147013333,0.0
497513,2025-11-06T08:00:00.000000000,0.293,0.0,0.0,0.0,0.0,0.0
497513,2025-11-06T09:00:00.000000000,0.328,0.0,0.0,0.0,1.1491316661452835,0.0
497513,2025-11-06T10:00:00.000000000,0.8340000000000001,0.0,0.0,0.008,0.3235504614701334,0.0
497513,2025-11-06T11:00:00.000000000,0.868,0.0,0.0,0.020999999999999998,0.0,0.0
497513,2025-11-06T12:00:00.000000000,0.397,0.0,0.0,0.023,0.3235504614701334,0.0
497513,2025-11-06T13:00:00.000000000,0.405,0.0,0.0,0.033,0.0,0.0
497513,2025-11-06T14:00:00.000000000,0.412,0.0,0.0,0.039,0.49616932180157225,0.0
497513,2025-11-06T15:00:00.000000000,0.42,0.0,0.0,0.043,0.8666111544992611,0.0
497513,2025-11-06T16:00:00.000000000,1.826,0.0,0.0,0.079,0.6711327506943889,0.0
497513,2025-11-06T17:00:00.000000000,0.527,0.0,0.0,0.062,0.3235504614701334,0.0
497513,2025-11-06T18:00:00.000000000,0.434,0.0,0.0,0.052000000000000005,0.34641000494356666,0.0
497513,2025-11-06T19:00:00.000000000,0.46599999999999997,0.0,0.0,0.033999999999999996,0.34641000494356666,0.0
497513,2025-11-06T20:00:00.000000000,0.469,0.0,0.0,0.027,0.3235504614701334,0.0
497513,2025-11-06T21:00:00.000000000,0.504,0.0,0.0,0.021,1.7953533758750335,0.0
497513,2025-11-06T22:00:00.000000000,0.9229999999999999,0.0,0.0,0.028,1.2467243325126334,0.0
497513,2025-11-06T23:00:00.000000000,0.445,0.0,0.0,0.014,1.58522141856155,0.0
497513,2025-11-07T00:00:00.000000000,0.472,0.0,0.0,0.015,0.0,0.0
497513,2025-11-07T01:00:00.000000000,0.45299999999999996,0.0,0.0,0.015,0.3235504614701334,0.0
497513,2025-11-07T02:00:00.000000000,0.355,0.0,0.0,0.012,0.0,0.0
497513,2025-11-07T03:00:00.000000000,0.332,0.0,0.0,0.01,0.3235504614701334,0.0
497513,2025-11-07T04:00:00.000000000,0.302,0.0,0.0,0.0,0.34641000494356666,0.0
497513,2025-11-07T05:00:00.000000000,0.298,0.0,0.0,0.001,0.0,0.0
497513,2025-11-07T06:00:00.000000000,0.303,0.0,0.0,0.007,0.3235504614701334,0.0
497513,2025-11-07T07:00:00.000000000,0.298,0.0,0.0,0.002,0.0,0.0
497513,2025-11-07T08:00:00.000000000,0.293,0.0,0.0,0.0,0.3235504614701334,0.0
497513,2025-11-07T09:00:00.000000000,0.295,0.0,0.0,0.0,0.0,0.0
497513,2025-11-07T10:00:00.000000000,0.296,0.0,0.0,0.0,0.3235504614701334,0.0
497513,2025-11-07T11:00:00.000000000,0.362,0.0,0.0,0.009000000000000001,1.6280097948066943,0.0
497513,2025-11-07T12:00:00.000000000,0.396,0.0,0.0,0.024,0.7209548326236668,0.0
497513,2025-11-07T13:00:00.000000000,0.403,0.0,0.0,0.031,1.0594519186725835,0.0
497513,2025-11-07T14:00:00.000000000,0.413,0.0,0.0,0.039999999999999994,0.3235504614701334,0.0
497513,2025-11-07T15:00:00.000000000,0.905,0.0,0.0,0.051,2.0040199778376557,0.0
497513,2025-11-07T16:00:00.000000000,0.443,0.0,0.0,0.046,1.0831906753565335,0.0
497513,2025-11-07T17:00:00.000000000,0.504,0.0,0.0,0.052,0.7016121419923,0.0
497513,2025-11-07T18:00:00.000000000,0.46499999999999997,0.0,0.0,0.041999999999999996,1.6350435004908277,0.0
497513,2025-11-07T19:00:00.000000000,2.0869999999999997,0.0,0.0,0.017,1.0597449897427555,0.0
497513,2025-11-07T20:00:00.000000000,0.507,0.0,0.0,0.027999999999999997,0.7171449087114278,0.0
497513,2025-11-07T21:00:00.000000000,0.367,0.0,0.0,0.020999999999999998,0.0,0.0
497513,2025-11-07T22:00:00.000000000,4.763,0.0,0.0,0.038,2.3258120128867557,0.0
497513,2025-11-07T23:00:00.000000000,0.49,0.0,0.0,0.026000000000000002,2.5664233614981504,0.0
497513,2025-11-08T00:00:00.000000000,0.428,0.0,0.0,0.019,2.2575264535366277,0.0
497513,2025-11-08T01:00:00.000000000,0.401,0.0,0.0,0.018000000000000002,0.3235504614701334,0.0
497513,2025-11-08T02:00:00.000000000,0.356,0.0,0.0,0.012,0.34641000494356666,0.0
497513,2025-11-08T03:00:00.000000000,0.334,0.0,0.0,0.012,0.0,0.0
497513,2025-11-08T04:00:00.000000000,0.313,0.0,0.0,0.011000000000000001,0.6553069129050889,0.0
497513,2025-11-08T05:00:00.000000000,0.302,0.0,0.0,0.006,0.7452797314479611,0.0
497513,2025-11-08T06:00:00.000000000,0.301,0.0,0.0,0.004,0.0,0.0
497513,2025-11-08T07:00:00.000000000,0.299,0.0,0.0,0.005,0.6471009229402668,0.0
497513,2025-11-08T08:00:00.000000000,0.3,0.0,0.0,0.008,0.0,0.0
497513,2025-11-08T09:00:00.000000000,0.301,0.0,0.0,0.006,0.3235504614701334,0.0
497513,2025-11-08T10:00:00.000000000,0.359,0.0,0.0,0.009000000000000001,0.0,0.0
497513,2025-11-08T11:00:00.000000000,0.388,0.0,0.0,0.016,0.3235504614701334,0.0
497513,2025-11-08T12:00:00.000000000,0.395,0.0,0.0,0.020999999999999998,0.0,0.0
497513,2025-11-08T13:00:00.000000000,0.396,0.0,0.0,0.024,0.3235504614701334,0.0
497513,2025-11-08T14:00:00.000000000,0.45899999999999996,0.0,0.0,0.028,0.0,0.0
497513,2025-11-08T15:00:00.000000000,0.46699999999999997,0.0,0.0,0.03,0.6699604664137,0.0
497513,2025-11-08T16:00:00.000000000,0.341,0.0,0.0,0.025,0.3235504614701334,0.0
497513,2025-11-08T17:00:00.000000000,0.362,0.0,0.0,0.026,0.0,0.0
497513,2025-11-08T18:00:00.000000000,0.40599999999999997,0.0,0.0,0.024,0.34641000494356666,0.0
497513,2025-11-08T19:00:00.000000000,0.438,0.0,0.0,0.006,0.6699604664137,0.0
497513,2025-11-08T20:00:00.000000000,0.451,0.0,0.0,0.009000000000000001,1.8217297721905334,0.0
497513,2025-11-08T21:00:00.000000000,0.962,0.0,0.0,0.032999999999999995,0.3235504614701334,0.0
497513,2025-11-08T22:00:00.000000000,0.46299999999999997,0.0,0.0,0.013000000000000001,1.9662138097854387,0.0
497513,2025-11-08T23:00:00.000000000,0.41900000000000004,0.0,0.0,0.017,0.3235504614701334,0.0
497513,2025-11-09T00:00:00.000000000,0.319,0.0,0.0,0.008,1.065899482216372,0.0
497513,2025-11-09T01:00:00.000000000,0.363,0.0,0.0,0.004,3.0775393078785056,0.0
497513,2025-11-09T02:00:00.000000000,0.314,0.0,0.0,0.011,0.8191336411313611,0.0
497513,2025-11-09T03:00:00.000000000,0.312,0.0,0.0,0.013000000000000001,0.3467030760137389,0.0
497513,2025-11-09T04:00:00.000000000,0.312,0.0,0.0,0.012,0.3235504614701334,0.0
497513,2025-11-09T05:00:00.000000000,0.308,0.0,0.0,0.012,0.0,0.0
497513,2025-11-09T06:00:00.000000000,0.305,0.0,0.0,0.01,0.3235504614701334,0.0
497513,2025-11-09T07:00:00.000000000,0.306,0.0,0.0,0.011,0.0,0.0
497513,2025-11-09T08:00:00.000000000,0.307,0.0,0.0,0.007,1.54301918445675,0.0
497513,2025-11-09T09:00:00.000000000,0.299,0.0,0.0,0.004,0.3235504614701334,0.0
497513,2025-11-09T10:00:00.000000000,0.303,0.0,0.0,0.007,0.0,0.0
497513,2025-11-09T11:00:00.000000000,0.366,0.0,0.0,0.011,0.3235504614701334,0.0
497513,2025-11-09T12:00:00.000000000,0.391,0.0,0.0,0.017,0.0,0.0
497513,2025-11-09T13:00:00.000000000,0.395,0.0,0.0,0.023,0.3235504614701334,0.0
497513,2025-11-09T14:00:00.000000000,0.399,0.0,0.0,0.024,0.0,0.0
497513,2025-11-09T15:00:00.000000000,3.8600000000000003,0.0,0.0,0.019,0.6934061520274779,0.0
497513,2025-11-09T16:00:00.000000000,4.444,0.0,0.0,0.017,2.3797370897984442,0.0
497513,2025-11-09T17:00:00.000000000,0.385,0.0,0.0,0.028,1.5805322814387945,0.0
497513,2025-11-09T18:00:00.000000000,0.367,0.0,0.0,0.028,0.3467030760137389,0.0
497513,2025-11-09T19:00:00.000000000,0.364,0.0,0.0,0.006,0.3235504614701334,0.0
497513,2025-11-09T20:00:00.000000000,1.894,0.0,0.0,0.05,0.3467030760137389,0.0
497513,2025-11-09T21:00:00.000000000,2.1029999999999998,0.0,0.0,0.06799999999999999,0.3467030760137389,0.0
497513,2025-11-09T22:00:00.000000000,0.481,0.0,0.0,0.031,0.3467030760137389,0.0
497513,2025-11-09T23:00:00.000000000,0.45399999999999996,0.0,0.0,0.023000000000000003,0.3235504614701334,0.0
497513,2025-11-10T00:00:00.000000000,0.425,0.0,0.0,0.017,0.6934061520274778,0.0
497513,2025-11-10T01:00:00.000000000,0.394,0.0,0.0,0.012,0.3467030760137389,0.0
497513,2025-11-10T02:00:00.000000000,0.337,0.0,0.0,0.009000000000000001,0.6969230048695445,0.0
497513,2025-11-10T03:00:00.000000000,0.312,0.0,0.0,0.01,0.69369922309765,0.0
497513,2025-11-10T04:00:00.000000000,0.317,0.0,0.0,0.012,0.3235504614701334,0.0
497513,2025-11-10T05:00:00.000000000,0.309,0.0,0.0,0.011000000000000001,0.0,0.0
497513,2025-11-10T06:00:00.000000000,0.304,0.0,0.0,0.008,0.3235504614701334,0.0
497513,2025-11-10T07:00:00.000000000,0.304,0.0,0.0,0.008,0.0,0.0
497513,2025-11-10T08:00:00.000000000,0.304,0.0,0.0,0.008,0.3235504614701334,0.0
497513,2025-11-10T09:00:00.000000000,0.825,0.0,0.0,0.019,0.0,0.0
497513,2025-11-10T10:00:00.000000000,0.374,0.0,0.0,0.013000000000000001,0.3235504614701334,0.0
497513,2025-11-10T11:00:00.000000000,0.383,0.0,0.0,0.01,0.0,0.0
497513,2025-11-10T12:00:00.000000000,0.324,0.0,0.0,0.006,0.3235504614701334,0.0
497513,2025-11-10T13:00:00.000000000,0.308,0.0,0.0,0.012,0.0,0.0
497513,2025-11-10T14:00:00.000000000,0.303,0.0,0.0,0.007,1.978522794732672,0.0
497513,2025-11-10T15:00:00.000000000,0.317,0.0,0.0,0.019000000000000003,0.6702535374838723,0.0
497513,2025-11-10T16:00:00.000000000,0.322,0.0,0.0,0.023,0.8091692247455056,0.0
497513,2025-11-10T17:00:00.000000000,0.323,0.0,0.0,0.024,0.3235504614701334,0.0
497513,2025-11-10T18:00:00.000000000,0.319,0.0,0.0,0.022000000000000002,0.0,0.0
497513,2025-11-10T19:00:00.000000000,0.33699999999999997,0.0,0.0,0.005,0.3235504614701334,0.0
497513,2025-11-10T20:00:00.000000000,0.323,0.0,0.0,0.008,0.3235504614701334,0.0
497513,2025-11-10T21:00:00.000000000,0.32,0.0,0.0,0.012,0.0,0.0
497513,2025-11-10T22:00:00.000000000,0.46699999999999997,0.0,0.0,0.016,0.3235504614701334,0.0
497513,2025-11-10T23:00:00.000000000,0.445,0.0,0.0,0.016,0.0,0.0
497513,2025-11-11T00:00:00.000000000,0.422,0.0,0.0,0.013999999999999999,0.3235504614701334,0.0
497513,2025-11-11T01:00:00.000000000,0.35900000000000004,0.0,0.0,0.011,0.0,0.0
497513,2025-11-11T02:00:00.000000000,0.303,0.0,0.0,0.002,2.4395235881135777,0.0
497513,2025-11-11T03:00:00.000000000,0.305,0.0,0.0,0.005,0.8094622958156777,0.0
497513,2025-11-11T04:00:00.000000000,0.303,0.0,0.0,0.006,0.3458238628032223,0.0
497513,2025-11-11T05:00:00.000000000,0.303,0.0,0.0,0.006,0.7232994011850444,0.0
497513,2025-11-11T06:00:00.000000000,0.305,0.0,0.0,0.009000000000000001,0.3235504614701334,0.0
497513,2025-11-11T07:00:00.000000000,0.792,0.0,0.0,0.019,0.0,0.0
497513,2025-11-11T08:00:00.000000000,0.7939999999999999,0.0,0.0,0.023,0.3235504614701334,0.0
497513,2025-11-11T09:00:00.000000000,0.299,0.0,0.0,0.003,0.0,0.0
497513,2025-11-11T10:00:00.000000000,0.304,0.0,0.0,0.007,0.32325739039996115,0.0
497513,2025-11-11T11:00:00.000000000,0.367,0.0,0.0,0.012,0.7203686904833222,0.0
497513,2025-11-11T12:00:00.000000000,0.389,0.0,0.0,0.016,0.3235504614701334,0.0
497513,2025-11-11T13:00:00.000000000,0.41400000000000003,0.0,0.0,0.023,0.0,0.0
497513,2025-11-11T14:00:00.000000000,2.4059999999999997,0.0,0.0,0.02,0.3235504614701334,0.0
497513,2025-11-11T15:00:00.000000000,6.077,0.0,0.0,0.014,1.0459706494446612,0.0
497513,2025-11-11T16:00:00.000000000,3.1350000000000002,0.0,0.0,0.028999999999999998,1.0779153960934333,0.0
497513,2025-11-11T17:00:00.000000000,0.411,0.0,0.0,0.036,1.0436260808832833,0.0
497513,2025-11-11T18:00:00.000000000,0.34700000000000003,0.0,0.0,0.03,0.7101112030272945,0.0
497513,2025-11-11T19:00:00.000000000,0.415,0.0,0.0,0.005,1.5500528901408834,0.0
497513,2025-11-11T20:00:00.000000000,0.458,0.0,0.0,0.018000000000000002,1.0122674763748556,0.0
497513,2025-11-11T21:00:00.000000000,0.555,0.0,0.0,0.028999999999999998,0.6934061520274778,0.0
497513,2025-11-11T22:00:00.000000000,0.441,0.0,0.0,0.025,0.3235504614701334,0.0
497513,2025-11-11T23:00:00.000000000,1.43,0.0,0.0,0.047,0.0,0.0
497513,2025-11-12T00:00:00.000000000,0.427,0.0,0.0,0.019,0.3467030760137389,0.0
497513,2025-11-12T01:00:00.000000000,0.394,0.0,0.0,0.011000000000000001,0.3467030760137389,0.0
497513,2025-11-12T02:00:00.000000000,0.337,0.0,0.0,0.002,0.6702535374838723,0.0
497513,2025-11-12T03:00:00.000000000,0.3,0.0,0.0,0.0,1.23177770793385,0.0
497513,2025-11-12T04:00:00.000000000,0.297,0.0,0.0,0.0,0.0,0.0
497513,2025-11-12T05:00:00.000000000,0.296,0.0,0.0,0.0,0.3235504614701334,0.0
497513,2025-11-12T06:00:00.000000000,0.296,0.0,0.0,0.0,0.6898892991854111,0.0
497513,2025-11-12T07:00:00.000000000,0.296,0.0,0.0,0.0,0.0,0.0
497513,2025-11-12T08:00:00.000000000,0.293,0.0,0.0,0.0,0.3235504614701334,0.0
497513,2025-11-12T09:00:00.000000000,0.295,0.0,0.0,0.0,0.0,0.0
497513,2025-11-12T10:00:00.000000000,0.31399999999999995,0.0,0.0,0.0,0.3235504614701334,0.0
497513,2025-11-12T11:00:00.000000000,1.79,0.0,0.0,0.048,0.0,0.0
497513,2025-11-12T12:00:00.000000000,0.49899999999999994,0.0,0.0,0.035,0.3235504614701334,0.0
497513,2025-11-12T13:00:00.000000000,0.408,0.0,0.0,0.036,0.0,0.0
497513,2025-11-12T14:00:00.000000000,0.411,0.0,0.0,0.038,0.32355046147013333,0.0
497513,2025-11-12T15:00:00.000000000,0.413,0.0,0.0,0.034999999999999996,1.4975931685800556,0.0
497513,2025-11-12T16:00:00.000000000,0.419,0.0,0.0,0.04,0.3467030760137389,0.0
497513,2025-11-12T17:00:00.000000000,0.506,0.0,0.0,0.044,0.6934061520274778,0.0
497513,2025-11-12T18:00:00.000000000,1.966,0.0,0.0,0.071,3.1261891055270943,0.0
497513,2025-11-12T19:00:00.000000000,0.56,0.0,0.0,0.027000000000000003,0.3467030760137389,0.0
497513,2025-11-12T20:00:00.000000000,0.497,0.0,0.0,0.028999999999999998,0.3235504614701334,0.0
497513,2025-11-12T21:00:00.000000000,0.482,0.0,0.0,0.028999999999999998,0.3467030760137389,0.0
497513,2025-11-12T22:00:00.000000000,0.439,0.0,0.0,0.023000000000000003,0.6934061520274778,0.0
497513,2025-11-12T23:00:00.000000000,0.328,0.0,0.0,0.019,0.0,0.0
497513,2025-11-13T00:00:00.000000000,0.326,0.0,0.0,0.015,0.6702535374838723,0.0
497513,2025-11-13T01:00:00.000000000,0.356,0.0,0.0,0.014,1.0943273760230778,0.0
497513,2025-11-13T02:00:00.000000000,0.359,0.0,0.0,0.015,0.3736656144695833,0.0
497513,2025-11-13T03:00:00.000000000,3.5069999999999997,0.0,0.0,0.003,1.0404022991113888,0.0
497513,2025-11-13T04:00:00.000000000,0.325,0.0,0.0,0.015,1.045970649444661,0.0
497513,2025-11-13T05:00:00.000000000,0.315,0.0,0.0,0.015,1.3235089528977555,0.0
497513,2025-11-13T06:00:00.000000000,0.309,0.0,0.0,0.012,0.09026588961304445,0.0
497513,2025-11-13T07:00:00.000000000,0.304,0.0,0.0,0.011000000000000001,0.6133977498704611,0.0
497513,2025-11-13T08:00:00.000000000,0.302,0.0,0.0,0.008,0.05304586370117222,0.0
497513,2025-11-13T09:00:00.000000000,0.33399999999999996,0.0,0.0,0.006,0.3235504614701334,0.0
497513,2025-11-13T10:00:00.000000000,0.378,0.0,0.0,0.017,0.3235504614701334,0.0
497513,2025-11-13T11:00:00.000000000,0.402,0.0,0.0,0.029,0.0,0.0
497513,2025-11-13T12:00:00.000000000,0.4,0.0,0.0,0.026,1.1177730616368555,0.0
497513,2025-11-13T13:00:00.000000000,0.395,0.0,0.0,0.022000000000000002,1.8563121584708555,0.0
497513,2025-11-13T14:00:00.000000000,0.40599999999999997,0.0,0.0,0.032,0.5117020885207,0.0
497513,2025-11-13T15:00:00.000000000,0.43599999999999994,0.0,0.0,0.04,0.3235504614701334,0.0
497513,2025-11-13T16:00:00.000000000,0.418,0.0,0.0,0.040999999999999995,0.6934061520274778,0.0
497513,2025-11-13T17:00:00.000000000,0.418,0.0,0.0,0.044,0.32355046147013333,0.0
497513,2025-11-13T18:00:00.000000000,0.424,0.0,0.0,0.043,0.3467030760137389,0.0
497513,2025-11-13T19:00:00.000000000,0.46399999999999997,0.0,0.0,0.032,0.0,0.0
497513,2025-11-13T20:00:00.000000000,0.47,0.0,0.0,0.028999999999999998,1.5734985757546611,0.0
497513,2025-11-13T21:00:00.000000000,0.485,0.0,0.0,0.031,0.0,0.0
497513,2025-11-13T22:00:00.000000000,0.475,0.0,0.0,0.026000000000000002,0.3235504614701334,0.0
497513,2025-11-13T23:00:00.000000000,0.45299999999999996,0.0,0.0,0.021,0.0,0.0
497513,2025-11-14T00:00:00.000000000,0.42,0.0,0.0,0.011000000000000001,1.5043338031940166,0.0
497513,2025-11-14T01:00:00.000000000,0.388,0.0,0.0,0.006,0.5169773677838001,0.0
497513,2025-11-14T02:00:00.000000000,0.335,0.0,0.0,0.0,0.47682663117020563,0.0
497513,2025-11-14T03:00:00.000000000,0.3,0.0,0.0,0.0,0.3469961470839111,0.0
497513,2025-11-14T04:00:00.000000000,1.2530000000000001,0.0,0.0,0.020999999999999998,0.0,0.0
497513,2025-11-14T05:00:00.000000000,0.856,0.0,0.0,0.018000000000000002,0.3235504614701334,0.0
497513,2025-11-14T06:00:00.000000000,0.297,0.0,0.0,0.0,0.0,0.0
497513,2025-11-14T07:00:00.000000000,0.296,0.0,0.0,0.0,0.6893031570450667,0.0
497513,2025-11-14T08:00:00.000000000,0.305,0.0,0.0,0.0,1.5875659871229277,0.0
497513,2025-11-14T09:00:00.000000000,0.368,0.037,0.0,0.0,3.474064465821522,0.0
497513,2025-11-14T10:00:00.000000000,0.378,0.0,0.0,0.0,1.8826885547863554,0.0
497513,2025-11-14T11:00:00.000000000,0.453,0.0,0.0,0.008,1.5016961635624668,0.0
497513,2025-11-14T12:00:00.000000000,0.43199999999999994,0.0,0.0,0.022,1.2062805248288666,0.0
497513,2025-11-14T13:00:00.000000000,0.385,0.0,0.0,0.031,0.6966299337993722,0.0
497513,2025-11-14T14:00:00.000000000,0.328,0.0,0.0,0.031,1.6822279427885556,0.0
497513,2025-11-14T15:00:00.000000000,0.361,0.0,0.0,0.041999999999999996,0.0,0.0
497513,2025-11-14T16:00:00.000000000,0.422,0.0,0.0,0.046000000000000006,1.7405490857528276,0.0
497513,2025-11-14T17:00:00.000000000,0.426,0.0,0.0,0.05,0.5539043226254999,0.0
497513,2025-11-14T18:00:00.000000000,0.454,0.0,0.0,0.049999999999999996,1.048315218006039,0.0
497513,2025-11-14T19:00:00.000000000,1.056,0.0,0.0,0.046,1.523090351685039,0.0
497513,2025-11-14T20:00:00.000000000,0.5810000000000001,0.0,0.0,0.04,0.6939922941678222,0.0
497513,2025-11-14T21:00:00.000000000,0.637,0.0,0.0,0.038,1.710655836595261,0.0
497513,2025-11-14T22:00:00.000000000,0.483,0.0,0.0,0.034,0.0,0.0
497513,2025-11-14T23:00:00.000000000,0.45499999999999996,0.0,0.0,0.022,1.158216869320622,0.0
497513,2025-11-15T00:00:00.000000000,0.431,0.0,0.0,0.022000000000000002,0.3235504614701334,0.0
497513,2025-11-15T01:00:00.000000000,0.42000000000000004,0.0,0.0,0.021,0.0,0.0
497513,2025-11-15T02:00:00.000000000,0.361,0.0,0.0,0.016,0.3469961470839111,0.0
497513,2025-11-15T03:00:00.000000000,0.334,0.0,0.0,0.012,0.3469961470839111,0.0
497513,2025-11-15T04:00:00.000000000,0.312,0.0,0.0,0.009000000000000001,0.3235504614701334,0.0
497513,2025-11-15T05:00:00.000000000,0.3,0.0,0.0,0.003,0.0,0.0
497513,2025-11-15T06:00:00.000000000,0.296,0.0,0.0,0.0,0.3235504614701334,0.0
497513,2025-11-15T07:00:00.000000000,0.296,0.0,0.0,0.0,0.3235504614701334,0.0
497513,2025-11-15T08:00:00.000000000,0.293,0.0,0.0,0.0,0.0,0.0
497513,2025-11-15T09:00:00.000000000,0.295,0.0,0.0,0.0,0.3235504614701334,0.0
497513,2025-11-15T10:00:00.000000000,0.367,0.0,0.0,0.0,2.030103303082983,0.0
497513,2025-11-15T11:00:00.000000000,0.375,0.0,0.0,0.004,0.4053172900481833,0.0
497513,2025-11-15T12:00:00.000000000,0.386,0.0,0.0,0.012,0.0,0.0
497513,2025-11-15T13:00:00.000000000,0.393,0.0,0.0,0.020000000000000004,0.3235504614701334,0.0
497513,2025-11-15T14:00:00.000000000,0.397,0.0,0.0,0.023,1.5814114946493112,0.0
497513,2025-11-15T15:00:00.000000000,0.407,0.0,0.0,0.031,1.5814114946493112,0.0
497513,2025-11-15T16:00:00.000000000,0.378,0.0,0.0,0.038000000000000006,0.3739586855397556,0.0
497513,2025-11-15T17:00:00.000000000,0.34,0.0,0.0,0.044,0.3235504614701334,0.0
497513,2025-11-15T18:00:00.000000000,0.362,0.0,0.0,0.044,0.3235504614701334,0.0
497513,2025-11-15T19:00:00.000000000,0.44499999999999995,0.0,0.0,0.028999999999999998,0.3279465275227167,0.0
497513,2025-11-15T20:00:00.000000000,1.423,0.0,0.0,0.057,1.0834837464267055,0.0
497513,2025-11-15T21:00:00.000000000,0.453,0.0,0.0,0.036,0.3519783552768389,0.0
497513,2025-11-15T22:00:00.000000000,0.44,0.0,0.0,0.027999999999999997,0.6705466085540445,0.0
497513,2025-11-15T23:00:00.000000000,0.45,0.0,0.0,0.018000000000000002,1.6939507855954445,0.0
497513,2025-11-16T00:00:00.000000000,0.418,0.0,0.0,0.009000000000000001,3.1267752476674393,0.0
497513,2025-11-16T01:00:00.000000000,0.35900000000000004,0.0,0.0,0.012,0.3469961470839111,0.0
497513,2025-11-16T02:00:00.000000000,0.306,0.0,0.0,0.005,0.3469961470839111,0.0
497513,2025-11-16T03:00:00.000000000,0.311,0.0,0.0,0.001,1.6379742111925502,0.0
497513,2025-11-16T04:00:00.000000000,0.297,0.0,0.0,0.0,0.3235504614701334,0.0
497513,2025-11-16T05:00:00.000000000,0.296,0.0,0.0,0.0,0.0,0.0
497513,2025-11-16T06:00:00.000000000,0.296,0.0,0.0,0.0,0.3235504614701334,0.0
497513,2025-11-16T07:00:00.000000000,0.296,0.0,0.0,0.0,0.0,0.0
497513,2025-11-16T08:00:00.000000000,0.293,0.0,0.0,0.0,0.3235504614701334,0.0
497513,2025-11-16T09:00:00.000000000,0.306,0.0,0.0,0.0,1.1951438241623222,0.0
497513,2025-11-16T10:00:00.000000000,0.361,0.0,0.0,0.0,1.17902491530285,0.0
497513,2025-11-16T11:00:00.000000000,2.439,0.072,0.0,0.0,0.3546159949083889,0.0
497513,2025-11-16T12:00:00.000000000,4.54,0.081,0.0,0.0,1.0427468676727667,0.0
497513,2025-11-16T13:00:00.000000000,0.396,0.0,0.0,0.025,1.4181709085633836,0.0
497513,2025-11-16T14:00:00.000000000,0.487,0.0,0.0,0.036000000000000004,1.0632618425848221,0.0
497513,2025-11-16T15:00:00.000000000,0.988,0.0,0.0,0.056999999999999995,0.3469961470839111,0.0
497513,2025-11-16T16:00:00.000000000,0.485,0.0,0.0,0.045,1.6499901250696112,0.0
497513,2025-11-16T17:00:00.000000000,0.42,0.0,0.0,0.044,0.3469961470839111,0.0
497513,2025-11-16T18:00:00.000000000,0.426,0.0,0.0,0.044,0.0,0.0
497513,2025-11-16T19:00:00.000000000,0.94,0.0,0.0,0.031,0.3469961470839111,0.0
497513,2025-11-16T20:00:00.000000000,0.959,0.0,0.0,0.04,0.6939922941678222,0.0
497513,2025-11-16T21:00:00.000000000,0.485,0.0,0.0,0.033,0.3235504614701334,0.0
497513,2025-11-16T22:00:00.000000000,0.475,0.0,0.0,0.025,0.3469961470839111,0.0
497513,2025-11-16T23:00:00.000000000,0.448,0.0,0.0,0.015000000000000001,1.1555792296890723,0.0
497513,2025-11-17T00:00:00.000000000,0.44699999999999995,0.0,0.0,0.016,1.0705886193391279,0.0
497513,2025-11-17T01:00:00.000000000,0.39,0.0,0.0,0.007,1.1081017163211722,0.0
497513,2025-11-17T02:00:00.000000000,0.35000000000000003,0.0,0.0,0.005,0.3235504614701334,0.0
497513,2025-11-17T03:00:00.000000000,0.31,0.0,0.0,0.002,0.0,0.0
497513,2025-11-17T04:00:00.000000000,0.297,0.0,0.0,0.0,0.3235504614701334,0.0
497513,2025-11-17T05:00:00.000000000,0.296,0.0,0.0,0.0,0.3235504614701334,0.0
497513,2025-11-17T06:00:00.000000000,0.296,0.0,0.0,0.0,0.0,0.0
497513,2025-11-17T07:00:00.000000000,0.296,0.0,0.0,0.0,0.3235504614701334,0.0
497513,2025-11-17T08:00:00.000000000,0.296,0.0,0.0,0.0,0.0,0.0
497513,2025-11-17T09:00:00.000000000,0.296,0.0,0.0,0.0,0.3235504614701334,0.0
497513,2025-11-17T10:00:00.000000000,0.31599999999999995,0.0,0.0,0.0,0.0,0.0
497513,2025-11-17T11:00:00.000000000,0.374,0.0,0.0,0.0,0.3235504614701334,0.0
497513,2025-11-17T12:00:00.000000000,0.306,0.0,0.0,0.006,0.0,0.0
497513,2025-11-17T13:00:00.000000000,0.316,0.0,0.0,0.018000000000000002,0.3235504614701334,0.0
497513,2025-11-17T14:00:00.000000000,0.324,0.0,0.0,0.026,0.0,0.0
497513,2025-11-17T15:00:00.000000000,0.331,0.0,0.0,0.034,0.32355046147013333,0.0
497513,2025-11-17T16:00:00.000000000,0.8860000000000001,0.0,0.0,0.053000000000000005,0.0,0.0
497513,2025-11-17T17:00:00.000000000,1.9209999999999998,0.0,0.0,0.08700000000000001,0.3235504614701334,0.0
497513,2025-11-17T18:00:00.000000000,0.438,0.0,0.0,0.055999999999999994,0.0,0.0
497513,2025-11-17T19:00:00.000000000,0.473,0.0,0.0,0.04,0.3235504614701334,0.0
497513,2025-11-17T20:00:00.000000000,0.475,0.0,0.0,0.033,0.6939922941678222,0.0
497513,2025-11-17T21:00:00.000000000,0.556,0.0,0.0,0.027999999999999997,2.813189202583161,0.0
497513,2025-11-17T22:00:00.000000000,0.625,0.0,0.0,0.033,1.4817673307907555,0.0
497513,2025-11-17T23:00:00.000000000,0.45299999999999996,0.0,0.0,0.022000000000000002,1.06824405077775,0.0
497513,2025-11-18T00:00:00.000000000,0.429,0.0,0.0,0.02,0.3469961470839111,0.0
497513,2025-11-18T01:00:00.000000000,0.397,0.0,0.0,0.013999999999999999,1.0409884412517332,0.0
497513,2025-11-18T02:00:00.000000000,0.35300000000000004,0.0,0.0,0.011000000000000001,0.6705466085540445,0.0
497513,2025-11-18T03:00:00.000000000,0.326,0.0,0.0,0.003,0.0,0.0
497513,2025-11-18T04:00:00.000000000,0.297,0.0,0.0,0.0,0.3235504614701334,0.0
497513,2025-11-18T05:00:00.000000000,0.296,0.0,0.0,0.0,0.0,0.0
497513,2025-11-18T06:00:00.000000000,0.296,0.0,0.0,0.0,0.3235504614701334,0.0
497513,2025-11-18T07:00:00.000000000,0.296,0.0,0.0,0.0,0.34728921815408337,0.0
497513,2025-11-18T08:00:00.000000000,0.296,0.0,0.0,0.0,0.0,0.0
497513,2025-11-18T09:00:00.000000000,0.296,0.0,0.0,0.0,0.3235504614701334,0.0
497513,2025-11-18T10:00:00.000000000,0.31599999999999995,0.0,0.0,0.0,0.0,0.0
497513,2025-11-18T11:00:00.000000000,0.374,0.0,0.0,0.0,0.3235504614701334,0.0
497513,2025-11-18T12:00:00.000000000,3.958,0.122,0.0,0.0,0.3408416546102945,0.0
497513,2025-11-18T13:00:00.000000000,3.029,0.013,0.0,0.007,1.0365923751991502,0.0
497513,2025-11-18T14:00:00.000000000,0.392,0.0,0.0,0.018000000000000002,1.0960858024441111,0.0
497513,2025-11-18T15:00:00.000000000,0.37400000000000005,0.0,0.0,0.018000000000000002,2.6666536674970502,0.0
497513,2025-11-18T16:00:00.000000000,0.318,0.0,0.0,0.019000000000000003,1.1599752957416556,0.0
497513,2025-11-18T17:00:00.000000000,0.322,0.0,0.0,0.023,1.0902243810406667,0.0
497513,2025-11-18T18:00:00.000000000,0.321,0.0,0.0,0.024000000000000004,1.0409884412517332,0.0
497513,2025-11-18T19:00:00.000000000,0.418,0.0,0.0,0.008,0.0,0.0
497513,2025-11-18T20:00:00.000000000,1.8659999999999999,0.0,0.0,0.05500000000000001,0.3235504614701334,0.0
497513,2025-11-18T21:00:00.000000000,0.576,0.0,0.0,0.032,0.0,0.0
497513,2025-11-18T22:00:00.000000000,0.505,0.0,0.0,0.02,0.7039567105536778,0.0
497513,2025-11-18T23:00:00.000000000,0.45,0.0,0.0,0.02,0.3235504614701334,0.0
497513,2025-11-19T00:00:00.000000000,0.428,0.0,0.0,0.019,0.3469961470839111,0.0
497513,2025-11-19T01:00:00.000000000,0.341,0.0,0.0,0.011,1.0685371218479223,0.0
497513,2025-11-19T02:00:00.000000000,0.308,0.0,0.0,0.005,0.3235504614701334,0.0
497513,2025-11-19T03:00:00.000000000,0.3,0.0,0.0,0.0,0.0,0.0
497513,2025-11-19T04:00:00.000000000,0.297,0.0,0.0,0.0,0.3235504614701334,0.0
497513,2025-11-19T05:00:00.000000000,0.296,0.0,0.0,0.0,0.0,0.0
497513,2025-11-19T06:00:00.000000000,0.296,0.0,0.0,0.0,0.3235504614701334,0.0
497513,2025-11-19T07:00:00.000000000,0.296,0.0,0.0,0.0,0.0,0.0
497513,2025-11-19T08:00:00.000000000,0.293,0.0,0.0,0.0,0.3235504614701334,0.0
497513,2025-11-19T09:00:00.000000000,0.31699999999999995,0.0,0.0,0.0,1.1819556260045723,0.0
497513,2025-11-19T10:00:00.000000000,1.4,0.0,0.0,0.024999999999999998,0.3235504614701334,0.0
497513,2025-11-19T11:00:00.000000000,0.458,0.0,0.0,0.013000000000000001,0.0,0.0
497513,2025-11-19T12:00:00.000000000,0.325,0.0,0.0,0.009000000000000001,0.3235504614701334,0.0
497513,2025-11-19T13:00:00.000000000,0.308,0.0,0.0,0.011,0.0,0.0
497513,2025-11-19T14:00:00.000000000,0.377,0.0,0.0,0.021,0.32355046147013333,0.0
497513,2025-11-19T15:00:00.000000000,0.895,0.0,0.0,0.041,0.0,0.0
497513,2025-11-19T16:00:00.000000000,0.412,0.0,0.0,0.033,0.3235504614701334,0.0
497513,2025-11-19T17:00:00.000000000,0.40800000000000003,0.0,0.0,0.032,0.0,0.0
497513,2025-11-19T18:00:00.000000000,0.406,0.0,0.0,0.023,1.7871473859102114,0.0
497513,2025-11-19T19:00:00.000000000,0.438,0.0,0.0,0.006,1.0688301929180943,0.0
497513,2025-11-19T20:00:00.000000000,0.938,0.0,0.0,0.019999999999999997,1.1250998383911612,0.0
497513,2025-11-19T21:00:00.000000000,0.47,0.0,0.0,0.015,0.47887812866141116,0.0
497513,2025-11-19T22:00:00.000000000,0.455,0.0,0.0,0.006,2.277748357378511,0.0
497513,2025-11-19T23:00:00.000000000,0.308,0.0,0.0,0.0,0.6860793752731722,0.0
497513,2025-11-20T00:00:00.000000000,0.356,0.0,0.0,0.0,0.3235504614701334,0.0
497513,2025-11-20T01:00:00.000000000,0.383,0.0,0.0,0.0,0.6945784363081667,0.0
497513,2025-11-20T02:00:00.000000000,0.343,0.0,0.0,0.0,0.0,0.0
497513,2025-11-20T03:00:00.000000000,0.323,0.0,0.0,0.0,0.32355046147013333,0.0
497513,2025-11-20T04:00:00.000000000,0.297,0.0,0.0,0.0,0.0,0.0
497513,2025-11-20T05:00:00.000000000,0.296,0.0,0.0,0.0,0.3235504614701334,0.0
497513,2025-11-20T06:00:00.000000000,0.296,0.0,0.0,0.0,0.3235504614701334,0.0
497513,2025-11-20T07:00:00.000000000,0.296,0.0,0.0,0.0,0.0,0.0
497513,2025-11-20T08:00:00.000000000,0.293,0.0,0.0,0.0,0.3235504614701334,0.0
497513,2025-11-20T09:00:00.000000000,0.30899999999999994,0.015,0.0,0.0,0.0,0.0
497513,2025-11-20T10:00:00.000000000,0.354,0.038000000000000006,0.0,0.0,0.7338499597112444,0.0
497513,2025-11-20T11:00:00.000000000,0.44099999999999995,0.0,0.0,0.002,0.7394183100445167,0.0
497513,2025-11-20T12:00:00.000000000,1.4029999999999998,0.0,0.0,0.030999999999999996,1.6019264695613666,0.0
497513,2025-11-20T13:00:00.000000000,0.45099999999999996,0.0,0.0,0.023,1.3958975072302946,0.0
497513,2025-11-20T14:00:00.000000000,0.403,0.0,0.0,0.029,0.28281358271619444,0.0
497513,2025-11-20T15:00:00.000000000,0.381,0.0,0.0,0.023000000000000003,2.6769111549530775,0.0
497513,2025-11-20T16:00:00.000000000,0.34500000000000003,0.0,0.0,0.025,0.0,0.0
497513,2025-11-20T17:00:00.000000000,0.383,0.0,0.0,0.027,0.6708396796242168,0.0
497513,2025-11-20T18:00:00.000000000,0.479,0.0,0.0,0.031,0.3472892181540833,0.0
497513,2025-11-20T19:00:00.000000000,0.552,0.0,0.0,0.02,0.6708396796242168,0.0
497513,2025-11-20T20:00:00.000000000,0.5870000000000001,0.0,0.0,0.02,1.5632410882986334,0.0
497513,2025-11-20T21:00:00.000000000,0.434,0.0,0.0,0.014,1.677245734595628,0.0
497513,2025-11-20T22:00:00.000000000,0.46699999999999997,0.0,0.0,0.017,0.34728921815408337,0.0
497513,2025-11-20T23:00:00.000000000,0.442,0.0,0.0,0.011,1.0236972481115723,0.0
497513,2025-11-21T00:00:00.000000000,0.41200000000000003,0.0,0.0,0.003,0.7496757975005444,0.0
497513,2025-11-21T01:00:00.000000000,0.332,0.0,0.0,0.0,0.3235504614701334,0.0
497513,2025-11-21T02:00:00.000000000,0.302,0.0,0.0,0.0,1.713000405156639,0.0
497513,2025-11-21T03:00:00.000000000,0.3,0.0,0.0,0.0,0.07238855433253889,0.0
497513,2025-11-21T04:00:00.000000000,0.297,0.0,0.0,0.0,0.3235504614701334,0.0
497513,2025-11-21T05:00:00.000000000,0.296,0.0,0.0,0.0,0.0,0.0
497513,2025-11-21T06:00:00.000000000,0.296,0.0,0.0,0.0,0.3235504614701334,0.0
497513,2025-11-21T07:00:00.000000000,0.296,0.0,0.0,0.0,0.0,0.0
497513,2025-11-21T08:00:00.000000000,0.33499999999999996,0.0,0.0,0.0,1.0793807514442944,0.0
497513,2025-11-21T09:00:00.000000000,2.1350000000000002,0.0,0.0,0.019000000000000003,0.0,0.0
497513,2025-11-21T10:00:00.000000000,2.214,0.0,0.0,0.031,0.6904754413257557,0.0
497513,2025-11-21T11:00:00.000000000,2.1990000000000003,0.0,0.0,0.039999999999999994,0.7180241219219444,0.0
497513,2025-11-21T12:00:00.000000000,2.247,0.0,0.0,0.049,1.122462198759611,0.0
497513,2025-11-21T13:00:00.000000000,2.289,0.0,0.0,0.056,0.3235504614701334,0.0
497513,2025-11-21T14:00:00.000000000,0.7909999999999999,0.0,0.0,0.033,0.0,0.0
497513,2025-11-21T15:00:00.000000000,0.338,0.0,0.0,0.021,0.3235504614701334,0.0
497513,2025-11-21T16:00:00.000000000,0.397,0.0,0.0,0.020000000000000004,0.6945784363081667,0.0
497513,2025-11-21T17:00:00.000000000,0.399,0.0,0.0,0.024,0.0,0.0
497513,2025-11-21T18:00:00.000000000,0.49,0.0,0.0,0.024,0.34728921815408337,0.0
497513,2025-11-21T19:00:00.000000000,0.436,0.0,0.0,0.004,0.6708396796242168,0.0
497513,2025-11-21T20:00:00.000000000,0.45,0.0,0.0,0.008,0.6471009229402668,0.0
497513,2025-11-21T21:00:00.000000000,1.399,0.0,0.0,0.023,0.3235504614701334,0.0
497513,2025-11-21T22:00:00.000000000,1.003,0.0,0.0,0.017,1.1239275541104723,0.0
497513,2025-11-21T23:00:00.000000000,0.43,0.0,0.0,0.0,1.5814114946493112,0.0
497513,2025-11-22T00:00:00.000000000,0.40900000000000003,0.0,0.0,0.0,0.3235504614701334,0.0
497513,2025-11-22T01:00:00.000000000,0.384,0.0,0.0,0.001,0.0,0.0
497513,2025-11-22T02:00:00.000000000,0.343,0.0,0.0,0.0,0.6471009229402667,0.0
497513,2025-11-22T03:00:00.000000000,0.323,0.0,0.0,0.0,0.0,0.0
497513,2025-11-22T04:00:00.000000000,0.308,0.0,0.0,0.0,1.6857447956306224,0.0
497513,2025-11-22T05:00:00.000000000,0.298,0.0,0.0,0.0,0.0,0.0
497513,2025-11-22T06:00:00.000000000,0.296,0.0,0.0,0.0,0.3235504614701334,0.0
497513,2025-11-22T07:00:00.000000000,0.355,0.060000000000000005,0.0,0.0,0.0,0.0
497513,2025-11-22T08:00:00.000000000,0.436,0.14200000000000002,0.0,0.0,0.3235504614701334,0.0
497513,2025-11-22T09:00:00.000000000,0.549,0.222,0.0,0.0,1.420515477124761,0.0
497513,2025-11-22T10:00:00.000000000,0.46599999999999997,0.12400000000000001,0.0,0.0,0.3850953862063,0.0
497513,2025-11-22T11:00:00.000000000,0.36,0.041999999999999996,0.0,0.0,1.1289097623034001,0.0
497513,2025-11-22T12:00:00.000000000,0.372,0.0,0.0,0.0,2.7844682377062835,0.0
497513,2025-11-22T13:00:00.000000000,0.334,0.0,0.0,0.0,1.0295586695150167,0.0
497513,2025-11-22T14:00:00.000000000,0.302,0.0,0.0,0.006,0.6945784363081667,0.0
497513,2025-11-22T15:00:00.000000000,0.394,0.0,0.0,0.018000000000000002,0.3235504614701334,0.0
497513,2025-11-22T16:00:00.000000000,0.399,0.0,0.0,0.022,0.34728921815408337,0.0
497513,2025-11-22T17:00:00.000000000,0.4,0.0,0.0,0.024,0.3235504614701334,0.0
497513,2025-11-22T18:00:00.000000000,0.40599999999999997,0.0,0.0,0.024,0.0,0.0
497513,2025-11-22T19:00:00.000000000,0.46499999999999997,0.0,0.0,0.011000000000000001,0.6945784363081667,0.0
497513,2025-11-22T20:00:00.000000000,0.487,0.0,0.0,0.012,1.443961162738539,0.0
497513,2025-11-22T21:00:00.000000000,0.503,0.0,0.0,0.016,0.34728921815408337,0.0
497513,2025-11-22T22:00:00.000000000,0.456,0.0,0.0,0.008,1.045677578374489,0.0
497513,2025-11-22T23:00:00.000000000,0.435,0.0,0.0,0.004,0.0,0.0
497513,2025-11-23T00:00:00.000000000,0.895,0.0,0.0,0.009000000000000001,0.6708396796242168,0.0
497513,2025-11-23T01:00:00.000000000,1.9219999999999997,0.0,0.0,0.030000000000000002,0.34728921815408337,0.0
497513,2025-11-23T02:00:00.000000000,0.35200000000000004,0.0,0.0,0.0,0.34728921815408337,0.0
497513,2025-11-23T03:00:00.000000000,0.3,0.0,0.0,0.0,0.6945784363081667,0.0
497513,2025-11-23T04:00:00.000000000,0.297,0.0,0.0,0.0,0.0,0.0
497513,2025-11-23T05:00:00.000000000,0.296,0.0,0.0,0.0,0.3235504614701334,0.0
497513,2025-11-23T06:00:00.000000000,0.296,0.0,0.0,0.0,0.0,0.0
497513,2025-11-23T07:00:00.000000000,0.31999999999999995,0.025,0.0,0.0,0.3235504614701334,0.0
497513,2025-11-23T08:00:00.000000000,0.397,0.103,0.0,0.0,0.3235504614701334,0.0
497513,2025-11-23T09:00:00.000000000,0.445,0.14900000000000002,0.0,0.0,0.0,0.0
497513,2025-11-23T10:00:00.000000000,0.892,0.084,0.0,0.0,0.3235504614701334,0.0
497513,2025-11-23T11:00:00.000000000,0.7789999999999999,0.0,0.0,0.004,0.0,0.0
497513,2025-11-23T12:00:00.000000000,0.3,0.0,0.0,0.0,0.3235504614701334,0.0
497513,2025-11-23T13:00:00.000000000,0.355,0.0,0.0,0.001,1.135650396917361,0.0
497513,2025-11-23T14:00:00.000000000,0.381,0.0,0.0,0.009000000000000001,1.1576307271802777,0.0
497513,2025-11-23T15:00:00.000000000,0.331,0.0,0.0,0.015,0.0,0.0
497513,2025-11-23T16:00:00.000000000,0.314,0.0,0.0,0.016,0.3235504614701334,0.0
497513,2025-11-23T17:00:00.000000000,0.314,0.0,0.0,0.017,0.6945784363081667,0.0
497513,2025-11-23T18:00:00.000000000,0.315,0.0,0.0,0.016,0.3235504614701334,0.0
497513,2025-11-23T19:00:00.000000000,0.362,0.0,0.0,0.004,0.6708396796242168,0.0
497513,2025-11-23T20:00:00.000000000,0.447,0.0,0.0,0.005,0.0,0.0
497513,2025-11-23T21:00:00.000000000,0.463,0.0,0.0,0.008,0.3235504614701334,0.0
497513,2025-11-23T22:00:00.000000000,0.459,0.0,0.0,0.008,0.0,0.0
497513,2025-11-23T23:00:00.000000000,0.438,0.0,0.0,0.008,0.32355046147013333,0.0
497513,2025-11-24T00:00:00.000000000,0.457,0.0,0.0,0.001,1.5937204795965445,0.0
497513,2025-11-24T01:00:00.000000000,0.45699999999999996,0.0,0.0,0.0,4.229308613655339,0.0
497513,2025-11-24T02:00:00.000000000,0.36900000000000005,0.0,0.0,0.0,1.4395650966859554,0.0
497513,2025-11-24T03:00:00.000000000,0.323,0.0,0.0,0.0,0.6989745023607501,0.0
497513,2025-11-24T04:00:00.000000000,0.308,0.0,0.0,0.0,0.0,0.0
497513,2025-11-24T05:00:00.000000000,0.309,0.008,0.0,0.0,0.32384353254030557,0.0
497513,2025-11-24T06:00:00.000000000,0.356,0.059,0.0,0.0,0.0,0.0
497513,2025-11-24T07:00:00.000000000,0.425,0.129,0.0,0.0,0.3235504614701334,0.0
497513,2025-11-24T08:00:00.000000000,0.499,0.20500000000000002,0.0,0.0,0.36135662952235004,0.0
497513,2025-11-24T09:00:00.000000000,0.5760000000000001,0.244,0.0,0.0,1.5644133725793221,0.0
497513,2025-11-24T10:00:00.000000000,0.606,0.245,0.0,0.0,2.3178990939921054,0.0
497513,2025-11-24T11:00:00.000000000,0.35600000000000004,0.05700000000000001,0.0,0.0,0.0,0.0
497513,2025-11-24T12:00:00.000000000,0.31799999999999995,0.0,0.0,0.0,0.3235504614701334,0.0
497513,2025-11-24T13:00:00.000000000,0.376,0.0,0.0,0.004,0.34758228922425555,0.0
497513,2025-11-24T14:00:00.000000000,0.324,0.0,0.0,0.009000000000000001,1.0239903191817445,0.0
497513,2025-11-24T15:00:00.000000000,0.315,0.0,0.0,0.017,0.0,0.0
497513,2025-11-24T16:00:00.000000000,0.318,0.0,0.0,0.02,0.3235504614701334,0.0
497513,2025-11-24T17:00:00.000000000,0.317,0.0,0.0,0.021,1.2666531652843447,0.0
497513,2025-11-24T18:00:00.000000000,0.319,0.0,0.0,0.021,0.34758228922425555,0.0
497513,2025-11-24T19:00:00.000000000,0.38899999999999996,0.0,0.0,0.005,0.3235504614701334,0.0
497513,2025-11-24T20:00:00.000000000,0.323,0.0,0.0,0.006,0.0,0.0
497513,2025-11-24T21:00:00.000000000,0.316,0.0,0.0,0.008,0.3235504614701334,0.0
497513,2025-11-24T22:00:00.000000000,0.46299999999999997,0.0,0.0,0.012,0.0,0.0
497513,2025-11-24T23:00:00.000000000,0.441,0.0,0.0,0.01,0.3235504614701334,0.0
497513,2025-11-25T00:00:00.000000000,0.388,0.0,0.0,0.003,1.2780829370210611,0.0
497513,2025-11-25T01:00:00.000000000,0.331,0.0,0.0,0.002,0.0,0.0
497513,2025-11-25T02:00:00.000000000,0.301,0.0,0.0,0.0,0.6945784363081667,0.0
497513,2025-11-25T03:00:00.000000000,0.3,0.0,0.0,0.0,1.5658787279301833,0.0
497513,2025-11-25T04:00:00.000000000,0.297,0.0,0.0,0.0,0.34758228922425555,0.0
497513,2025-11-25T05:00:00.000000000,0.296,0.0,0.0,0.0,0.6711327506943888,0.0
497513,2025-11-25T06:00:00.000000000,0.296,0.0,0.0,0.0,0.0,0.0
497513,2025-11-25T07:00:00.000000000,0.296,0.0,0.0,0.0,0.3235504614701334,0.0
497513,2025-11-25T08:00:00.000000000,0.296,0.0,0.0,0.0,0.0,0.0
497513,2025-11-25T09:00:00.000000000,0.329,0.0,0.0,0.0,1.49554167108885,0.0
497513,2025-11-25T10:00:00.000000000,0.361,0.0,0.0,0.0,1.1312543308647778,0.0
497513,2025-11-25T11:00:00.000000000,0.374,0.0,0.0,0.0,1.5755500732458667,0.0
497513,2025-11-25T12:00:00.000000000,0.373,0.0,0.0,0.0,0.0,0.0
497513,2025-11-25T13:00:00.000000000,0.354,0.0,0.0,0.0,1.644421774736339,0.0
497513,2025-11-25T14:00:00.000000000,0.38,0.0,0.0,0.008,1.874189493751361,0.0
497513,2025-11-25T15:00:00.000000000,0.388,0.0,0.0,0.012,2.422818537113761,0.0
497513,2025-11-25T16:00:00.000000000,0.36200000000000004,0.0,0.0,0.024,0.3235504614701334,0.0
497513,2025-11-25T17:00:00.000000000,0.321,0.0,0.0,0.023000000000000003,0.7230063301148721,0.0
497513,2025-11-25T18:00:00.000000000,0.318,0.0,0.0,0.021,0.6951645784485111,0.0
497513,2025-11-25T19:00:00.000000000,0.38899999999999996,0.0,0.0,0.005,0.3235504614701334,0.0
497513,2025-11-25T20:00:00.000000000,0.456,0.0,0.0,0.014000000000000002,0.7350222439919333,0.0
497513,2025-11-25T21:00:00.000000000,0.475,0.0,0.0,0.024,0.32355046147013333,0.0
497513,2025-11-25T22:00:00.000000000,0.508,0.0,0.0,0.025,0.0,0.0
497513,2025-11-25T23:00:00.000000000,0.579,0.0,0.0,0.027999999999999997,0.3235504614701334,0.0
497513,2025-11-26T00:00:00.000000000,2.201,0.0,0.0,0.02,1.4451334470192276,0.0
497513,2025-11-26T01:00:00.000000000,0.479,0.0,0.0,0.023,2.034792440205739,0.0
497513,2025-11-26T02:00:00.000000000,0.395,0.0,0.0,0.019,1.4761989804574833,0.0
497513,2025-11-26T03:00:00.000000000,0.335,0.0,0.0,0.013000000000000001,1.4483572287911222,0.0
497513,2025-11-26T04:00:00.000000000,0.315,0.0,0.0,0.009000000000000001,0.6793387406592111,0.0
497513,2025-11-26T05:00:00.000000000,0.304,0.0,0.0,0.008,0.3235504614701334,0.0
497513,2025-11-26T06:00:00.000000000,0.301,0.0,0.0,0.005,0.0,0.0
497513,2025-11-26T07:00:00.000000000,0.296,0.0,0.0,0.0,0.3235504614701334,0.0
497513,2025-11-26T08:00:00.000000000,0.295,0.0,0.0,0.001,0.0,0.0
497513,2025-11-26T09:00:00.000000000,0.296,0.0,0.0,0.001,0.3235504614701334,0.0
497513,2025-11-26T10:00:00.000000000,0.352,0.0,0.0,0.002,1.1593891536013112,0.0
497513,2025-11-26T11:00:00.000000000,0.384,0.0,0.0,0.011,0.0,0.0
497513,2025-11-26T12:00:00.000000000,0.392,0.0,0.0,0.018000000000000002,1.0532974261989667,0.0
497513,2025-11-26T13:00:00.000000000,0.4,0.0,0.0,0.028,0.3235504614701334,0.0
497513,2025-11-26T14:00:00.000000000,0.407,0.0,0.0,0.034,0.0,0.0
497513,2025-11-26T15:00:00.000000000,0.40800000000000003,0.0,0.0,0.032,1.966213809785439,0.0
497513,2025-11-26T16:00:00.000000000,0.416,0.0,0.0,0.039,0.34758228922425555,0.0
497513,2025-11-26T17:00:00.000000000,0.416,0.0,0.0,0.039,0.6711327506943889,0.0
497513,2025-11-26T18:00:00.000000000,0.419,0.0,0.0,0.037,0.0,0.0
497513,2025-11-26T19:00:00.000000000,0.44,0.0,0.0,0.008,0.6875447306240334,0.0
497513,2025-11-26T20:00:00.000000000,0.387,0.0,0.0,0.013000000000000001,0.7118696294483278,0.0
497513,2025-11-26T21:00:00.000000000,0.35300000000000004,0.0,0.0,0.009000000000000001,1.480888117580239,0.0
497513,2025-11-26T22:00:00.000000000,0.423,0.0,0.0,0.011,1.5928412663860279,0.0
497513,2025-11-26T23:00:00.000000000,0.444,0.0,0.0,0.014,0.34758228922425555,0.0
497513,2025-11-27T00:00:00.000000000,0.427,0.0,0.0,0.018000000000000002,0.3235504614701334,0.0
497513,2025-11-27T01:00:00.000000000,0.399,0.0,0.0,0.016,0.3235504614701334,0.0
497513,2025-11-27T02:00:00.000000000,0.332,0.0,0.0,0.013000000000000001,0.0,0.0
497513,2025-11-27T03:00:00.000000000,0.305,0.0,0.0,0.006,0.3235504614701334,0.0
497513,2025-11-27T04:00:00.000000000,0.299,0.0,0.0,0.001,0.0,0.0
497513,2025-11-27T05:00:00.000000000,0.3,0.0,0.0,0.004,0.32325739039996115,0.0
497513,2025-11-27T06:00:00.000000000,0.302,0.0,0.0,0.005,0.0,0.0
497513,2025-11-27T07:00:00.000000000,0.3,0.0,0.0,0.005,0.3235504614701334,0.0
497513,2025-11-27T08:00:00.000000000,0.293,0.0,0.0,0.0,0.0,0.0
497513,2025-11-27T09:00:00.000000000,0.295,0.0,0.0,0.0,0.6887170149047223,0.0
497513,2025-11-27T10:00:00.000000000,0.361,0.0,0.0,0.0,1.539209260544511,0.0
497513,2025-11-27T11:00:00.000000000,0.35300000000000004,0.0,0.0,0.0,0.703077497343161,0.0
497513,2025-11-27T12:00:00.000000000,0.3,0.0,0.0,0.0,1.2458451193021167,0.0
497513,2025-11-27T13:00:00.000000000,0.297,0.0,0.0,0.0,0.0,0.0
497513,2025-11-27T14:00:00.000000000,0.353,0.0,0.0,0.0,1.0661925532865444,0.0
497513,2025-11-27T15:00:00.000000000,0.35800000000000004,0.0,0.0,0.0,1.1166007773561668,0.0
497513,2025-11-27T16:00:00.000000000,0.304,0.0,0.0,0.008,0.32355046147013333,0.0
497513,2025-11-27T17:00:00.000000000,0.32399999999999995,0.0,0.0,0.008,0.0,0.0
497513,2025-11-27T18:00:00.000000000,0.386,0.0,0.0,0.003,1.599288829929817,0.0
497513,2025-11-27T19:00:00.000000000,0.434,0.0,0.0,0.002,0.6711327506943889,0.0
497513,2025-11-27T20:00:00.000000000,0.442,0.0,0.0,0.0,0.0,0.0
497513,2025-11-27T21:00:00.000000000,0.455,0.0,0.0,0.0,0.3235504614701334,0.0
497513,2025-11-27T22:00:00.000000000,0.451,0.0,0.0,0.0,0.7514342239215778,0.0
497513,2025-11-27T23:00:00.000000000,0.43,0.0,0.0,0.0,1.2437936218109111,0.0
497513,2025-11-28T00:00:00.000000000,0.40900000000000003,0.0,0.0,0.0,1.7959395180153777,0.0
497513,2025-11-28T01:00:00.000000000,0.387,0.028,0.0,0.0,3.0391469976859447,0.0
497513,2025-11-28T02:00:00.000000000,0.37400000000000005,0.04,0.0,0.0,1.1655436460749278,0.0
497513,2025-11-28T03:00:00.000000000,0.349,0.052000000000000005,0.0,0.0,0.771656127763461,0.0
497513,2025-11-28T04:00:00.000000000,0.356,0.059,0.0,0.0,0.2825205116460222,0.0
497513,2025-11-28T05:00:00.000000000,0.40299999999999997,0.106,0.0,0.0,0.32384353254030557,0.0
497513,2025-11-28T06:00:00.000000000,0.436,0.14,0.0,0.0,0.0,0.0
497513,2025-11-28T07:00:00.000000000,0.506,0.211,0.0,0.0,0.32384353254030557,0.0
497513,2025-11-28T08:00:00.000000000,0.5920000000000001,0.28800000000000003,0.0,0.0,0.0,0.0
497513,2025-11-28T09:00:00.000000000,0.69,0.358,0.0,0.0,0.6919407966766167,0.0
497513,2025-11-28T10:00:00.000000000,0.649,0.213,0.0,0.0,0.6922338677467889,0.0
497513,2025-11-28T11:00:00.000000000,1.2950000000000002,0.0,0.0,0.0,1.0858283149880834,0.0
497513,2025-11-28T12:00:00.000000000,0.378,0.005,0.0,0.0,1.5063853006852224,0.0
497513,2025-11-28T13:00:00.000000000,0.372,0.0,0.0,0.0,1.9585939619609614,0.0
497513,2025-11-28T14:00:00.000000000,0.749,0.0,0.0,0.0,1.6954161409463058,0.0
497513,2025-11-28T15:00:00.000000000,6.287,0.0,0.0,0.0,0.6854932331328278,0.0
497513,2025-11-28T16:00:00.000000000,3.1069999999999993,0.0,0.0,0.0,1.9222531492596056,0.0
497513,2025-11-28T17:00:00.000000000,0.378,0.0,0.0,0.002,0.34758228922425555,0.0
497513,2025-11-28T18:00:00.000000000,0.382,0.0,0.0,0.0,0.6951645784485111,0.0
497513,2025-11-28T19:00:00.000000000,0.433,0.0,0.0,0.001,0.0,0.0
497513,2025-11-28T20:00:00.000000000,0.442,0.0,0.0,0.0,0.3235504614701334,0.0
497513,2025-11-28T21:00:00.000000000,0.455,0.0,0.0,0.0,0.6951645784485111,0.0
497513,2025-11-28T22:00:00.000000000,0.451,0.0,0.0,0.0,0.34758228922425555,0.0
497513,2025-11-28T23:00:00.000000000,0.43,0.0,0.0,0.0,0.6714258217645612,0.0
497513,2025-11-29T00:00:00.000000000,0.40900000000000003,0.0,0.0,0.0,1.0708816904093,0.0
497513,2025-11-29T01:00:00.000000000,0.421,0.020999999999999998,0.0,0.0,2.0761154611000223,0.0
497513,2025-11-29T02:00:00.000000000,0.335,0.0,0.0,0.0,0.0,0.0
497513,2025-11-29T03:00:00.000000000,0.347,0.049,0.0,0.0,0.5544904647658445,0.0
497513,2025-11-29T04:00:00.000000000,0.45999999999999996,0.161,0.0,0.0,0.8710072205518444,0.0
497513,2025-11-29T05:00:00.000000000,0.495,0.19799999999999998,0.0,0.0,0.0,0.0
497513,2025-11-29T06:00:00.000000000,0.506,0.20999999999999996,0.0,0.0,0.32384353254030557,0.0
497513,2025-11-29T07:00:00.000000000,0.478,0.185,0.0,0.0,0.3235504614701334,0.0
497513,2025-11-29T08:00:00.000000000,0.547,0.252,0.0,0.0,0.0,0.0
497513,2025-11-29T09:00:00.000000000,0.582,0.287,0.0,0.0,0.3235504614701334,0.0
497513,2025-11-29T10:00:00.000000000,0.595,0.245,0.0,0.0,0.0,0.0
497513,2025-11-29T11:00:00.000000000,0.473,0.138,0.0,0.0,0.32384353254030557,0.0
497513,2025-11-29T12:00:00.000000000,0.852,0.0,0.0,0.003,0.0,0.0
497513,2025-11-29T13:00:00.000000000,0.372,0.0,0.0,0.0,0.3235504614701334,0.0
497513,2025-11-29T14:00:00.000000000,0.881,0.0,0.0,0.012,0.34758228922425555,0.0
497513,2025-11-29T15:00:00.000000000,0.42500000000000004,0.0,0.0,0.008,0.71480034015005,0.0
497513,2025-11-29T16:00:00.000000000,0.388,0.0,0.0,0.01,0.3235504614701334,0.0
497513,2025-11-29T17:00:00.000000000,0.385,0.0,0.0,0.012,0.0,0.0
497513,2025-11-29T18:00:00.000000000,0.436,0.0,0.0,0.009000000000000001,1.0711747614794722,0.0
497513,2025-11-29T19:00:00.000000000,0.471,0.036000000000000004,0.0,0.002,0.6714258217645612,0.0
497513,2025-11-29T20:00:00.000000000,0.402,0.026,0.0,0.0,0.3235504614701334,0.0
497513,2025-11-29T21:00:00.000000000,0.422,0.0,0.0,0.0,2.0189666024164388,0.0
497513,2025-11-29T22:00:00.000000000,0.381,0.0,0.0,0.0,0.6954576495186833,0.0
497513,2025-11-29T23:00:00.000000000,0.39499999999999996,0.0,0.0,0.0,0.09876495064803889,0.0
497513,2025-11-30T00:00:00.000000000,0.46499999999999997,0.10800000000000001,0.0,0.0,1.8879638340494556,0.0
497513,2025-11-30T01:00:00.000000000,0.516,0.133,0.0,0.0,1.05769349225155,0.0
497513,2025-11-30T02:00:00.000000000,0.496,0.152,0.0,0.0,0.3478753602944278,0.0
497513,2025-11-30T03:00:00.000000000,0.511,0.189,0.0,0.0,0.3235504614701334,0.0
497513,2025-11-30T04:00:00.000000000,0.5660000000000001,0.257,0.0,0.0,0.0,0.0
497513,2025-11-30T05:00:00.000000000,0.7,0.399,0.0,0.0,1.135650396917361,0.0
497513,2025-11-30T06:00:00.000000000,0.732,0.436,0.0,0.0,0.3235504614701334,0.0
497513,2025-11-30T07:00:00.000000000,0.7669999999999999,0.472,0.0,0.0,0.0,0.0
497513,2025-11-30T08:00:00.000000000,0.847,0.554,0.0,0.0,2.1801556910111612,0.0
497513,2025-11-30T09:00:00.000000000,0.895,0.6000000000000001,0.0,0.0,1.7622363449455722,0.0
497513,2025-11-30T10:00:00.000000000,0.772,0.473,0.0,0.0,0.2658154606462056,0.0
497513,2025-11-30T11:00:00.000000000,0.562,0.26299999999999996,0.0,0.0,0.32384353254030557,0.0
497513,2025-11-30T12:00:00.000000000,0.359,0.063,0.0,0.0,0.36985569055734446,0.0
497513,2025-11-30T13:00:00.000000000,0.372,0.0,0.0,0.0,0.7303331068691777,0.0
497513,2025-11-30T14:00:00.000000000,0.432,0.0,0.0,0.0,0.0,0.0
497513,2025-11-30T15:00:00.000000000,0.923,0.0,0.0,0.01,0.3235504614701334,0.0
497513,2025-11-30T16:00:00.000000000,0.384,0.0,0.0,0.008,0.3235504614701334,0.0
497513,2025-11-30T17:00:00.000000000,0.36100000000000004,0.0,0.0,0.005,0.3478753602944278,0.0
497513,2025-11-30T18:00:00.000000000,0.296,0.0,0.0,0.0,1.14209796046115,0.0
497513,2025-11-30T19:00:00.000000000,0.514,0.181,0.0,0.0,0.6954576495186833,0.0
497513,2025-11-30T20:00:00.000000000,0.512,0.096,0.0,0.0,0.3478753602944278,0.0
497513,2025-11-30T21:00:00.000000000,0.41700000000000004,0.0,0.0,0.0,0.32355046147013333,0.0
497513,2025-11-30T22:00:00.000000000,0.416,0.003,0.0,0.0,1.7525649996298889,0.0
497513,2025-11-30T23:00:00.000000000,0.402,0.001,0.0,0.0,0.7071804923255722,0.0
497513,2025-12-01T00:00:00.000000000,0.449,0.04,0.0,0.0,0.3478753602944278,0.0
497513,2025-12-01T01:00:00.000000000,0.45999999999999996,0.078,0.0,0.0,0.3478753602944278,0.0
497513,2025-12-01T02:00:00.000000000,0.469,0.125,0.0,0.0,0.32384353254030557,0.0
497513,2025-12-01T03:00:00.000000000,0.501,0.19599999999999998,0.0,0.0,0.0,0.0
497513,2025-12-01T04:00:00.000000000,0.5700000000000001,0.274,0.0,0.0,0.647393994010439,0.0
497513,2025-12-01T05:00:00.000000000,0.599,0.304,0.0,0.0,0.32384353254030557,0.0
497513,2025-12-01T06:00:00.000000000,0.644,0.351,0.0,0.0,0.3235504614701334,0.0
497513,2025-12-01T07:00:00.000000000,0.69,0.398,0.0,0.0,0.0,0.0
497513,2025-12-01T08:00:00.000000000,0.734,0.442,0.0,0.0,0.3235504614701334,0.0
497513,2025-12-01T09:00:00.000000000,0.7629999999999999,0.469,0.0,0.0,0.0,0.0
497513,2025-12-01T10:00:00.000000000,0.8739999999999999,0.495,0.0,0.0,1.8941183265230723,0.0
497513,2025-12-01T11:00:00.000000000,1.1179999999999999,0.136,0.0,0.0,0.3235504614701334,0.0
497513,2025-12-01T12:00:00.000000000,2.727,0.0,0.0,0.023,0.0,0.0
497513,2025-12-01T13:00:00.000000000,8.239,0.006,0.0,0.0,1.4169986242826946,0.0
497513,2025-12-01T14:00:00.000000000,7.050000000000001,0.0,0.0,0.002,0.7101112030272945,0.0
497513,2025-12-01T15:00:00.000000000,1.057,0.0,0.0,0.012,0.33791094390857224,0.0
497513,2025-12-01T16:00:00.000000000,0.40399999999999997,0.0,0.0,0.014,1.0846560307073942,0.0
497513,2025-12-01T17:00:00.000000000,0.437,0.0,0.0,0.016,0.0,0.0
497513,2025-12-01T18:00:00.000000000,0.443,0.0,0.0,0.015,0.3235504614701334,0.0
497513,2025-12-01T19:00:00.000000000,0.489,0.005,0.0,0.003,0.0,0.0
497513,2025-12-01T20:00:00.000000000,0.476,0.03,0.0,0.0,0.3235504614701334,0.0
497513,2025-12-01T21:00:00.000000000,0.507,0.0,0.0,0.0,0.7241786143955611,0.0
497513,2025-12-01T22:00:00.000000000,0.5,0.0,0.0,0.0,1.6148215966489445,0.0
497513,2025-12-01T23:00:00.000000000,0.478,0.0,0.0,0.0,0.0,0.0
497513,2025-12-02T00:00:00.000000000,0.524,0.0,0.0,0.0,2.183672543853228,0.0
497513,2025-12-02T01:00:00.000000000,0.48,0.024,0.0,0.0,1.38476080656375,0.0
497513,2025-12-02T02:00:00.000000000,0.437,0.057999999999999996,0.0,0.0,0.6438771411683722,0.0
497513,2025-12-02T03:00:00.000000000,0.469,0.155,0.0,0.0,0.5011515299945,0.0
497513,2025-12-02T04:00:00.000000000,0.511,0.216,0.0,0.0,0.14917317471766112,0.0
497513,2025-12-02T05:00:00.000000000,0.583,0.29,0.0,0.0,0.32384353254030557,0.0
497513,2025-12-02T06:00:00.000000000,0.627,0.33499999999999996,0.0,0.0,0.0,0.0
497513,2025-12-02T07:00:00.000000000,0.716,0.424,0.0,0.0,0.32384353254030557,0.0
497513,2025-12-02T08:00:00.000000000,0.7569999999999999,0.465,0.0,0.0,0.0,0.0
497513,2025-12-02T09:00:00.000000000,0.8109999999999999,0.517,0.0,0.0,0.3235504614701334,0.0
497513,2025-12-02T10:00:00.000000000,0.7810000000000001,0.485,0.0,0.0,0.0,0.0
497513,2025-12-02T11:00:00.000000000,0.5630000000000001,0.26799999999999996,0.0,0.0,0.3235504614701334,0.0
497513,2025-12-02T12:00:00.000000000,0.37800000000000006,0.082,0.0,0.0,0.3235504614701334,0.0
497513,2025-12-02T13:00:00.000000000,0.295,0.002,0.0,0.0,0.0,0.0
497513,2025-12-02T14:00:00.000000000,0.292,0.0,0.0,0.0,0.3235504614701334,0.0
497513,2025-12-02T15:00:00.000000000,0.423,0.0,0.0,0.002,0.7279885383078,0.0
497513,2025-12-02T16:00:00.000000000,0.394,0.0,0.0,0.002,2.4307314560084112,0.0
497513,2025-12-02T17:00:00.000000000,0.297,0.0,0.0,0.002,0.3235504614701334,0.0
497513,2025-12-02T18:00:00.000000000,0.293,0.0,0.0,0.0,0.0,0.0
497513,2025-12-02T19:00:00.000000000,0.388,0.058,0.0,0.0,1.4213946903352777,0.0
497513,2025-12-02T20:00:00.000000000,1.43,0.0,0.0,0.013000000000000001,1.9723683022590552,0.0
497513,2025-12-02T21:00:00.000000000,0.571,0.0,0.0,0.003,0.0,0.0
497513,2025-12-02T22:00:00.000000000,0.502,0.0,0.0,0.001,0.3235504614701334,0.0
497513,2025-12-02T23:00:00.000000000,0.478,0.0,0.0,0.0,0.0,0.0
497513,2025-12-03T00:00:00.000000000,0.45399999999999996,0.0,0.0,0.0,0.6957507205888556,0.0
497513,2025-12-03T01:00:00.000000000,0.36,0.02,0.0,0.0,0.34816843136459996,0.0
497513,2025-12-03T02:00:00.000000000,0.427,0.129,0.0,0.0,0.6717188928347333,0.0
497513,2025-12-03T03:00:00.000000000,0.533,0.236,0.0,0.0,0.6963368627291999,0.0
497513,2025-12-03T04:00:00.000000000,0.645,0.34900000000000003,0.0,0.0,0.6963368627291999,0.0
497513,2025-12-03T05:00:00.000000000,0.674,0.379,0.0,0.0,0.0,0.0
497513,2025-12-03T06:00:00.000000000,0.732,0.438,0.0,0.0,0.32384353254030557,0.0
497513,2025-12-03T07:00:00.000000000,0.8069999999999999,0.488,0.0,0.0,0.32384353254030557,0.0
497513,2025-12-03T08:00:00.000000000,0.795,0.494,0.0,0.0,0.0,0.0
497513,2025-12-03T09:00:00.000000000,0.828,0.517,0.0,0.0,0.32384353254030557,0.0
497513,2025-12-03T10:00:00.000000000,0.8,0.398,0.0,0.0,0.0,0.0
497513,2025-12-03T11:00:00.000000000,0.622,0.20800000000000002,0.0,0.0,0.6066571152565001,0.0
497513,2025-12-03T12:00:00.000000000,0.416,0.0,0.0,0.0,0.06037264045547777,0.0
497513,2025-12-03T13:00:00.000000000,0.416,0.0,0.0,0.0,0.3235504614701334,0.0
497513,2025-12-03T14:00:00.000000000,0.416,0.0,0.0,0.0,2.601005747778472,0.0
497513,2025-12-03T15:00:00.000000000,0.424,0.0,0.0,0.003,1.528658702018311,0.0
497513,2025-12-03T16:00:00.000000000,0.436,0.0,0.0,0.012,0.3235504614701334,0.0
497513,2025-12-03T17:00:00.000000000,0.46599999999999997,0.0,0.0,0.016,0.3572536345399389,0.0
497513,2025-12-03T18:00:00.000000000,0.5780000000000001,0.0,0.0,0.017,3.145238725088289,0.0
497513,2025-12-03T19:00:00.000000000,1.123,0.0,0.0,0.013000000000000001,0.3478753602944278,0.0
497513,2025-12-03T20:00:00.000000000,0.591,0.0,0.0,0.008,0.6957507205888556,0.0
497513,2025-12-03T21:00:00.000000000,0.519,0.0,0.0,0.01,0.3478753602944278,0.0
497513,2025-12-03T22:00:00.000000000,0.504,0.0,0.0,0.003,1.0436260808832833,0.0
497513,2025-12-03T23:00:00.000000000,0.478,0.0,0.0,0.0,0.0,0.0
497513,2025-12-04T00:00:00.000000000,0.45399999999999996,0.0,0.0,0.0,0.3478753602944278,0.0
497513,2025-12-04T01:00:00.000000000,0.432,0.011,0.0,0.0,0.3235504614701334,0.0
497513,2025-12-04T02:00:00.000000000,0.537,0.14,0.0,0.0,1.1523554479171776,0.0
497513,2025-12-04T03:00:00.000000000,0.487,0.174,0.0,0.0,0.3235504614701334,0.0
497513,2025-12-04T04:00:00.000000000,0.548,0.253,0.0,0.0,0.0,0.0
497513,2025-12-04T05:00:00.000000000,0.6579999999999999,0.362,0.0,0.0,0.3235504614701334,0.0
497513,2025-12-04T06:00:00.000000000,0.816,0.522,0.0,0.0,0.3235504614701334,0.0
497513,2025-12-04T07:00:00.000000000,0.859,0.567,0.0,0.0,0.0,0.0
497513,2025-12-04T08:00:00.000000000,0.9139999999999999,0.587,0.0,0.0,1.4225669746159668,0.0
497513,2025-12-04T09:00:00.000000000,0.962,0.535,0.0,0.0,1.2769106527403724,0.0
497513,2025-12-04T10:00:00.000000000,1.4369999999999998,0.581,0.0,0.0,1.4155332689318334,0.0
497513,2025-12-04T11:00:00.000000000,8.487,2.162,0.0,0.0,2.328742723588478,0.0
497513,2025-12-04T12:00:00.000000000,2.823,0.6170000000000001,0.0,0.0,2.3668419627108666,0.0
497513,2025-12-04T13:00:00.000000000,0.425,0.009,0.0,0.0,1.4275491828088946,0.0
497513,2025-12-04T14:00:00.000000000,0.416,0.0,0.0,0.0,1.0902243810406667,0.0
497513,2025-12-04T15:00:00.000000000,0.422,0.0,0.0,0.0,0.6471009229402668,0.0
497513,2025-12-04T16:00:00.000000000,0.426,0.0,0.0,0.003,0.5632825968710111,0.0
497513,2025-12-04T17:00:00.000000000,0.32799999999999996,0.0,0.0,0.002,0.12308984947233333,0.0
497513,2025-12-04T18:00:00.000000000,1.8980000000000001,0.0,0.0,0.031,0.3478753602944278,0.0
497513,2025-12-04T19:00:00.000000000,0.7600000000000001,0.0,0.0,0.007,1.1678882146363057,0.0
497513,2025-12-04T20:00:00.000000000,0.6819999999999999,0.0,0.0,0.005,1.4401512388262998,0.0
497513,2025-12-04T21:00:00.000000000,0.5569999999999999,0.0,0.0,0.002,0.0,0.0
497513,2025-12-04T22:00:00.000000000,0.5,0.0,0.0,0.0,0.6714258217645612,0.0
497513,2025-12-04T23:00:00.000000000,0.478,0.0,0.0,0.0,0.37630325410113336,0.0
497513,2025-12-05T00:00:00.000000000,0.45399999999999996,0.0,0.0,0.0,0.6512039179226778,0.0
497513,2025-12-05T01:00:00.000000000,0.39399999999999996,0.0,0.0,0.0,0.7256439697464223,0.0
497513,2025-12-05T02:00:00.000000000,0.39,0.011,0.0,0.0,0.6963368627291999,0.0
497513,2025-12-05T03:00:00.000000000,0.375,0.061000000000000006,0.0,0.0,0.32384353254030557,0.0
497513,2025-12-05T04:00:00.000000000,0.38,0.084,0.0,0.0,0.0,0.0
497513,2025-12-05T05:00:00.000000000,0.377,0.08399999999999999,0.0,0.0,0.34816843136459996,0.0
497513,2025-12-05T06:00:00.000000000,0.419,0.125,0.0,0.0,0.3235504614701334,0.0
497513,2025-12-05T07:00:00.000000000,0.904,0.108,0.0,0.0,0.0,0.0
497513,2025-12-05T08:00:00.000000000,0.902,0.071,0.0,0.002,0.3235504614701334,0.0
497513,2025-12-05T09:00:00.000000000,0.522,0.16699999999999998,0.0,0.0,0.7112834873079833,0.0
497513,2025-12-05T10:00:00.000000000,0.631,0.308,0.0,0.0,0.3235504614701334,0.0
497513,2025-12-05T11:00:00.000000000,0.617,0.262,0.0,0.0,1.249948114284528,0.0
497513,2025-12-05T12:00:00.000000000,0.43899999999999995,0.022,0.0,0.0,0.6963368627291999,0.0
497513,2025-12-05T13:00:00.000000000,0.416,0.0,0.0,0.0,0.34816843136459996,0.0
497513,2025-12-05T14:00:00.000000000,0.416,0.0,0.0,0.0,0.32355046147013333,0.0
497513,2025-12-05T15:00:00.000000000,0.423,0.0,0.0,0.001,0.0,0.0
497513,2025-12-05T16:00:00.000000000,0.429,0.0,0.0,0.007,0.6957507205888556,0.0
497513,2025-12-05T17:00:00.000000000,0.43,0.0,0.0,0.012,0.3235504614701334,0.0
497513,2025-12-05T18:00:00.000000000,0.403,0.0,0.0,0.009000000000000001,0.3478753602944278,0.0
497513,2025-12-05T19:00:00.000000000,0.486,0.041,0.0,0.0,0.7247647565359056,0.0
497513,2025-12-05T20:00:00.000000000,0.514,0.02,0.0,0.0,0.6714258217645611,0.0
497513,2025-12-05T21:00:00.000000000,0.993,0.0,0.0,0.008,0.7751729806055279,0.0
497513,2025-12-05T22:00:00.000000000,0.5,0.0,0.0,0.0,1.5157635749307332,0.0
497513,2025-12-05T23:00:00.000000000,0.6010000000000001,0.0,0.0,0.0,1.7443590096650667,0.0
497513,2025-12-06T00:00:00.000000000,0.6,0.0,0.0,0.0,2.4445057963065056,0.0
497513,2025-12-06T01:00:00.000000000,0.45599999999999996,0.0,0.0,0.0,0.3235504614701334,0.0
497513,2025-12-06T02:00:00.000000000,0.379,0.0,0.0,0.0,0.7098181319571222,0.0
497513,2025-12-06T03:00:00.000000000,0.297,0.0,0.0,0.0,0.34816843136459996,0.0
497513,2025-12-06T04:00:00.000000000,0.296,0.0,0.0,0.0,0.3235504614701334,0.0
497513,2025-12-06T05:00:00.000000000,0.32,0.0,0.0,0.0,0.0,0.0
497513,2025-12-06T06:00:00.000000000,0.371,0.045,0.0,0.0,0.3235504614701334,0.0
497513,2025-12-06T07:00:00.000000000,0.414,0.114,0.0,0.0,0.0,0.0
497513,2025-12-06T08:00:00.000000000,0.453,0.16199999999999998,0.0,0.0,0.3235504614701334,0.0
497513,2025-12-06T09:00:00.000000000,0.529,0.237,0.0,0.0,0.7250578276060777,0.0
497513,2025-12-06T10:00:00.000000000,0.5720000000000001,0.277,0.0,0.0,1.8988074636458276,0.0
497513,2025-12-06T11:00:00.000000000,0.37300000000000005,0.079,0.0,0.0,0.0,0.0
497513,2025-12-06T12:00:00.000000000,0.296,0.0,0.0,0.0,0.3235504614701334,0.0
497513,2025-12-06T13:00:00.000000000,0.38599999999999995,0.0,0.0,0.0,0.0,0.0
497513,2025-12-06T14:00:00.000000000,0.418,0.0,0.0,0.001,0.3235504614701334,0.0
497513,2025-12-06T15:00:00.000000000,0.461,0.0,0.0,0.008,0.0,0.0
497513,2025-12-06T16:00:00.000000000,2.024,0.0,0.0,0.046,0.3235504614701334,0.0
497513,2025-12-06T17:00:00.000000000,0.563,0.0,0.0,0.02,0.34816843136459996,0.0
497513,2025-12-06T18:00:00.000000000,0.5770000000000001,0.0,0.0,0.016,0.6957507205888556,0.0
497513,2025-12-06T19:00:00.000000000,0.639,0.0,0.0,0.005,1.2300192815128166,0.0
497513,2025-12-06T20:00:00.000000000,0.5840000000000001,0.0,0.0,0.003,0.6714258217645612,0.0
497513,2025-12-06T21:00:00.000000000,0.507,0.0,0.0,0.0,2.0684956132755445,0.0
497513,2025-12-06T22:00:00.000000000,1.8949999999999998,0.0,0.0,0.024,0.0,0.0
497513,2025-12-06T23:00:00.000000000,0.599,0.0,0.0,0.001,0.3235504614701334,0.0
497513,2025-12-07T00:00:00.000000000,0.45399999999999996,0.0,0.0,0.0,0.34816843136459996,0.0
497513,2025-12-07T01:00:00.000000000,0.421,0.0,0.0,0.0,1.3399209328274,0.0
497513,2025-12-07T02:00:00.000000000,0.388,0.007,0.0,0.0,1.4131887003704557,0.0
497513,2025-12-07T03:00:00.000000000,0.421,0.107,0.0,0.0,0.3235504614701334,0.0
497513,2025-12-07T04:00:00.000000000,0.481,0.187,0.0,0.0,0.0,0.0
497513,2025-12-07T05:00:00.000000000,0.384,0.08900000000000001,0.0,0.0,0.3235504614701334,0.0
497513,2025-12-07T06:00:00.000000000,0.37500000000000006,0.083,0.0,0.0,0.0,0.0
497513,2025-12-07T07:00:00.000000000,0.319,0.026999999999999996,0.0,0.0,0.32384353254030557,0.0
497513,2025-12-07T08:00:00.000000000,0.292,0.0,0.0,0.0,0.0,0.0
497513,2025-12-07T09:00:00.000000000,0.41400000000000003,0.059,0.0,0.0,2.046515283012628,0.0
497513,2025-12-07T10:00:00.000000000,0.39999999999999997,0.0,0.0,0.0,1.0849491017775668,0.0
497513,2025-12-07T11:00:00.000000000,0.414,0.0,0.0,0.0,1.1573376561101054,0.0
497513,2025-12-07T12:00:00.000000000,0.513,0.0,0.0,0.004,1.2012983166359388,0.0
497513,2025-12-07T13:00:00.000000000,0.542,0.0,0.0,0.005,3.605946447399022,0.0
497513,2025-12-07T14:00:00.000000000,0.46199999999999997,0.0,0.0,0.015,1.3111999679505222,0.0
497513,2025-12-07T15:00:00.000000000,0.301,0.0,0.0,0.007,2.1476248022220443,0.0
497513,2025-12-07T16:00:00.000000000,0.307,0.0,0.0,0.013000000000000001,0.6875447306240334,0.0
497513,2025-12-07T17:00:00.000000000,0.345,0.0,0.0,0.022,0.3235504614701334,0.0
497513,2025-12-07T18:00:00.000000000,0.452,0.0,0.0,0.024000000000000004,0.6963368627291999,0.0
497513,2025-12-07T19:00:00.000000000,0.486,0.0,0.0,0.006,0.3235504614701334,0.0
497513,2025-12-07T20:00:00.000000000,0.506,0.0,0.0,0.013000000000000001,0.0,0.0
497513,2025-12-07T21:00:00.000000000,0.523,0.0,0.0,0.016,0.3235504614701334,0.0
497513,2025-12-07T22:00:00.000000000,0.512,0.0,0.0,0.011000000000000001,0.34816843136459996,0.0
497513,2025-12-07T23:00:00.000000000,0.483,0.0,0.0,0.005,1.1690604989169944,0.0
497513,2025-12-08T00:00:00.000000000,0.45399999999999996,0.0,0.0,0.0,1.0729331879005055,0.0
497513,2025-12-08T01:00:00.000000000,0.426,0.0,0.0,0.004,0.34816843136459996,0.0
497513,2025-12-08T02:00:00.000000000,0.381,0.0,0.0,0.002,1.7299985272266278,0.0
497513,2025-12-08T03:00:00.000000000,0.356,0.0,0.0,0.0,0.3235504614701334,0.0
497513,2025-12-08T04:00:00.000000000,0.34,0.0,0.0,0.0,0.34816843136459996,0.0
497513,2025-12-08T05:00:00.000000000,0.33,0.0,0.0,0.0,0.3235504614701334,0.0
497513,2025-12-08T06:00:00.000000000,0.325,0.0,0.0,0.0,0.0,0.0
497513,2025-12-08T07:00:00.000000000,0.31599999999999995,0.007,0.0,0.0,1.0776223250232613,0.0
497513,2025-12-08T08:00:00.000000000,0.348,0.047,0.0,0.0,1.5755500732458667,0.0
497513,2025-12-08T09:00:00.000000000,0.322,0.028999999999999998,0.0,0.0,0.7007329287817834,0.0
497513,2025-12-08T10:00:00.000000000,0.33199999999999996,0.038,0.0,0.0,1.1705258542678556,0.0
497513,2025-12-08T11:00:00.000000000,0.327,0.031,0.0,0.0,0.9032450382707888,0.0
497513,2025-12-08T12:00:00.000000000,0.38599999999999995,0.0,0.0,0.0,0.3235504614701334,0.0
497513,2025-12-08T13:00:00.000000000,0.293,0.0,0.0,0.0,0.0,0.0
497513,2025-12-08T14:00:00.000000000,0.292,0.0,0.0,0.0,0.3235504614701334,0.0
497513,2025-12-08T15:00:00.000000000,0.295,0.0,0.0,0.0,0.0,0.0
497513,2025-12-08T16:00:00.000000000,0.296,0.0,0.0,0.0,0.3235504614701334,0.0
497513,2025-12-08T17:00:00.000000000,0.296,0.0,0.0,0.0,0.3235504614701334,0.0
497513,2025-12-08T18:00:00.000000000,2.093,0.0,0.0,0.0,0.3513922131364945,0.0
497513,2025-12-08T19:00:00.000000000,0.517,0.0,0.0,0.0,0.6928200098871333,0.0
497513,2025-12-08T20:00:00.000000000,0.497,0.0,0.0,0.004,1.0515389997779332,0.0
497513,2025-12-08T21:00:00.000000000,0.515,0.0,0.0,0.007,1.0527112840586221,0.0
497513,2025-12-08T22:00:00.000000000,0.516,0.0,0.0,0.014,1.4155332689318334,0.0
497513,2025-12-08T23:00:00.000000000,0.487,0.0,0.0,0.011000000000000001,1.4445473048788833,0.0
497513,2025-12-09T00:00:00.000000000,1.563,0.0,0.0,0.04,1.0509528576375888,0.0
497513,2025-12-09T01:00:00.000000000,1.081,0.0,0.0,0.032,3.442998932383267,0.0
497513,2025-12-09T02:00:00.000000000,0.397,0.0,0.0,0.016,0.6714258217645612,0.0
497513,2025-12-09T03:00:00.000000000,0.326,0.0,0.0,0.012,0.34816843136459996,0.0
497513,2025-12-09T04:00:00.000000000,0.305,0.0,0.0,0.011000000000000001,0.0,0.0
497513,2025-12-09T05:00:00.000000000,0.304,0.0,0.0,0.008,0.3235504614701334,0.0
497513,2025-12-09T06:00:00.000000000,0.297,0.0,0.0,0.003,0.0,0.0
497513,2025-12-09T07:00:00.000000000,0.292,0.0,0.0,0.0,0.3235504614701334,0.0
497513,2025-12-09T08:00:00.000000000,0.295,0.0,0.0,0.003,0.0,0.0
497513,2025-12-09T09:00:00.000000000,0.292,0.0,0.0,0.0,0.3235504614701334,0.0
497513,2025-12-09T10:00:00.000000000,0.295,0.0,0.0,0.0,0.0,0.0
497513,2025-12-09T11:00:00.000000000,0.38899999999999996,0.0,0.0,0.003,1.1086878584615167,0.0
497513,2025-12-09T12:00:00.000000000,0.422,0.0,0.0,0.006,1.9969862721535223,0.0
497513,2025-12-09T13:00:00.000000000,0.429,0.0,0.0,0.015,1.1409256761804611,0.0
497513,2025-12-09T14:00:00.000000000,0.444,0.0,0.0,0.028,0.0,0.0
497513,2025-12-09T15:00:00.000000000,0.453,0.0,0.0,0.032,1.5172289302815944,0.0
497513,2025-12-09T16:00:00.000000000,0.456,0.0,0.0,0.035,1.4301868224404446,0.0
497513,2025-12-09T17:00:00.000000000,0.486,0.0,0.0,0.034,2.294453408378328,0.0
497513,2025-12-09T18:00:00.000000000,0.46799999999999997,0.0,0.0,0.039,0.34816843136459996,0.0
497513,2025-12-09T19:00:00.000000000,0.495,0.0,0.0,0.015000000000000001,1.0735193300408499,0.0
497513,2025-12-09T20:00:00.000000000,0.514,0.0,0.0,0.019000000000000003,0.34816843136459996,0.0
497513,2025-12-09T21:00:00.000000000,0.532,0.0,0.0,0.024000000000000004,0.4440026713109167,0.0
497513,2025-12-09T22:00:00.000000000,0.518,0.0,0.0,0.016,1.3973628625811556,0.0
497513,2025-12-09T23:00:00.000000000,0.494,0.0,0.0,0.015,0.7007329287817834,0.0
497513,2025-12-10T00:00:00.000000000,0.46599999999999997,0.0,0.0,0.013999999999999999,0.0,0.0
497513,2025-12-10T01:00:00.000000000,0.432,0.0,0.0,0.010000000000000002,0.6717188928347333,0.0
497513,2025-12-10T02:00:00.000000000,0.41300000000000003,0.0,0.0,0.007,0.3235504614701334,0.0
497513,2025-12-10T03:00:00.000000000,0.314,0.0,0.0,0.0,0.34816843136459996,0.0
497513,2025-12-10T04:00:00.000000000,0.296,0.0,0.0,0.0,0.3235504614701334,0.0
497513,2025-12-10T05:00:00.000000000,0.293,0.0,0.0,0.0,0.34816843136459996,0.0
497513,2025-12-10T06:00:00.000000000,0.292,0.0,0.0,0.0,0.0,0.0
497513,2025-12-10T07:00:00.000000000,0.292,0.0,0.0,0.0,0.3235504614701334,0.0
497513,2025-12-10T08:00:00.000000000,0.292,0.0,0.0,0.0,0.0,0.0
497513,2025-12-10T09:00:00.000000000,0.292,0.0,0.0,0.0,0.3235504614701334,0.0
497513,2025-12-10T10:00:00.000000000,0.295,0.0,0.0,0.0,0.0,0.0
497513,2025-12-10T11:00:00.000000000,0.296,0.0,0.0,0.0,0.3235504614701334,0.0
497513,2025-12-10T12:00:00.000000000,0.299,0.0,0.0,0.004,0.3235504614701334,0.0
497513,2025-12-10T13:00:00.000000000,0.305,0.0,0.0,0.012,0.0,0.0
497513,2025-12-10T14:00:00.000000000,0.409,0.0,0.0,0.022000000000000002,0.3235504614701334,0.0
497513,2025-12-10T15:00:00.000000000,0.52,0.0,0.0,0.033,0.0,0.0
497513,2025-12-10T16:00:00.000000000,0.457,0.0,0.0,0.034,0.3235504614701334,0.0
497513,2025-12-10T17:00:00.000000000,0.457,0.0,0.0,0.036,0.0,0.0
497513,2025-12-10T18:00:00.000000000,0.42500000000000004,0.0,0.0,0.032,1.1702327831976833,0.0
497513,2025-12-10T19:00:00.000000000,0.373,0.0,0.0,0.006,1.462424640159389,0.0
497513,2025-12-10T20:00:00.000000000,0.505,0.0,0.0,0.012,1.60104725635085,0.0
497513,2025-12-10T21:00:00.000000000,0.529,0.0,0.0,0.02,0.6963368627291999,0.0
497513,2025-12-10T22:00:00.000000000,0.515,0.0,0.0,0.014,1.7226717504723221,0.0
497513,2025-12-10T23:00:00.000000000,0.452,0.0,0.0,0.014,0.0,0.0
497513,2025-12-11T00:00:00.000000000,0.387,0.0,0.0,0.011,0.3235504614701334,0.0
497513,2025-12-11T01:00:00.000000000,0.43,0.0,0.0,0.008,0.6963368627291999,0.0
497513,2025-12-11T02:00:00.000000000,0.34700000000000003,0.0,0.0,0.002,0.0,0.0
497513,2025-12-11T03:00:00.000000000,0.297,0.0,0.0,0.0,1.0491944312165555,0.0
497513,2025-12-11T04:00:00.000000000,0.296,0.0,0.0,0.0,0.0,0.0
497513,2025-12-11T05:00:00.000000000,0.293,0.0,0.0,0.0,0.6720119639049056,0.0
497513,2025-12-11T06:00:00.000000000,0.292,0.0,0.0,0.0,0.3235504614701334,0.0
497513,2025-12-11T07:00:00.000000000,0.292,0.0,0.0,0.0,0.0,0.0
497513,2025-12-11T08:00:00.000000000,0.292,0.0,0.0,0.0,0.3235504614701334,0.0
497513,2025-12-11T09:00:00.000000000,0.292,0.0,0.0,0.0,0.0,0.0
497513,2025-12-11T10:00:00.000000000,0.408,0.0,0.0,0.0,1.3167683182837946,0.0
497513,2025-12-11T11:00:00.000000000,0.503,0.0,0.0,0.0,0.8475615349380666,0.0
497513,2025-12-11T12:00:00.000000000,0.326,0.0,0.0,0.0,0.6980952891502334,0.0
497513,2025-12-11T13:00:00.000000000,0.32399999999999995,0.0,0.0,0.0,0.0,0.0
497513,2025-12-11T14:00:00.000000000,0.419,0.0,0.0,0.003,1.1705258542678556,0.0
497513,2025-12-11T15:00:00.000000000,0.331,0.0,0.0,0.004,1.497007026439711,0.0
497513,2025-12-11T16:00:00.000000000,0.307,0.0,0.0,0.013000000000000001,0.32882574073323334,0.0
497513,2025-12-11T17:00:00.000000000,1.394,0.0,0.0,0.051000000000000004,0.0,0.0
497513,2025-12-11T18:00:00.000000000,0.453,0.0,0.0,0.034,0.3235504614701334,0.0
497513,2025-12-11T19:00:00.000000000,0.488,0.0,0.0,0.008,0.0,0.0
497513,2025-12-11T20:00:00.000000000,0.512,0.0,0.0,0.017,0.3235504614701334,0.0
497513,2025-12-11T21:00:00.000000000,0.526,0.0,0.0,0.017,1.9278214995928777,0.0
497513,2025-12-11T22:00:00.000000000,0.515,0.0,0.0,0.014,0.919363947130261,0.0
497513,2025-12-11T23:00:00.000000000,0.486,0.0,0.0,0.007,1.067071766497061,0.0
497513,2025-12-12T00:00:00.000000000,1.065,0.0,0.0,0.024,1.1555792296890723,0.0
497513,2025-12-12T01:00:00.000000000,1.474,0.0,0.0,0.039,0.0,0.0
497513,2025-12-12T02:00:00.000000000,0.36700000000000005,0.0,0.0,0.005,0.3235504614701334,0.0
497513,2025-12-12T03:00:00.000000000,0.297,0.0,0.0,0.0,0.0,0.0
497513,2025-12-12T04:00:00.000000000,0.296,0.0,0.0,0.0,0.3235504614701334,0.0
497513,2025-12-12T05:00:00.000000000,0.293,0.0,0.0,0.0,0.34846150243477225,0.0
497513,2025-12-12T06:00:00.000000000,0.292,0.0,0.0,0.0,0.34846150243477225,0.0
497513,2025-12-12T07:00:00.000000000,0.292,0.0,0.0,0.0,0.3235504614701334,0.0
497513,2025-12-12T08:00:00.000000000,0.30699999999999994,0.015,0.0,0.0,0.36575269557493334,0.0
497513,2025-12-12T09:00:00.000000000,0.38999999999999996,0.025,0.0,0.0,1.054762781549828,0.0
497513,2025-12-12T10:00:00.000000000,0.35300000000000004,0.039,0.0,0.0,0.32384353254030557,0.0
497513,2025-12-12T11:00:00.000000000,0.303,0.007,0.0,0.0,0.0,0.0
497513,2025-12-12T12:00:00.000000000,0.38599999999999995,0.0,0.0,0.0,0.3235504614701334,0.0
497513,2025-12-12T13:00:00.000000000,0.323,0.0,0.0,0.0,1.4398581677561277,0.0
497513,2025-12-12T14:00:00.000000000,0.292,0.0,0.0,0.0,0.6720119639049056,0.0
497513,2025-12-12T15:00:00.000000000,0.295,0.0,0.0,0.0,0.0,0.0
497513,2025-12-12T16:00:00.000000000,0.391,0.0,0.0,0.002,0.3235504614701334,0.0
497513,2025-12-12T17:00:00.000000000,2.058,0.0,0.0,0.05499999999999999,0.0,0.0
497513,2025-12-12T18:00:00.000000000,0.482,0.0,0.0,0.022,0.6934061520274779,0.0
497513,2025-12-12T19:00:00.000000000,0.639,0.0,0.0,0.005,1.2150726569340333,0.0
497513,2025-12-12T20:00:00.000000000,0.501,0.0,0.0,0.007,0.4018004372061167,0.0
497513,2025-12-12T21:00:00.000000000,1.005,0.0,0.0,0.019000000000000003,1.5037476610536724,0.0
497513,2025-12-12T22:00:00.000000000,2.342,0.0,0.0,0.052,0.72535089867625,0.0
497513,2025-12-12T23:00:00.000000000,1.251,0.0,0.0,0.028999999999999998,0.6720119639049056,0.0
497513,2025-12-13T00:00:00.000000000,0.46299999999999997,0.0,0.0,0.009000000000000001,1.178731844232678,0.0
497513,2025-12-13T01:00:00.000000000,0.401,0.0,0.0,0.006,0.766380848500361,0.0
497513,2025-12-13T02:00:00.000000000,0.301,0.0,0.0,0.0,0.34846150243477225,0.0
497513,2025-12-13T03:00:00.000000000,0.297,0.0,0.0,0.0,1.0450914362341446,0.0
497513,2025-12-13T04:00:00.000000000,0.296,0.0,0.0,0.0,0.80448008762275,0.0
497513,2025-12-13T05:00:00.000000000,0.293,0.0,0.0,0.0,0.0,0.0
497513,2025-12-13T06:00:00.000000000,0.292,0.0,0.0,0.0,0.3235504614701334,0.0
497513,2025-12-13T07:00:00.000000000,0.292,0.0,0.0,0.0,0.08205989964822223,0.0
497513,2025-12-13T08:00:00.000000000,0.292,0.0,0.0,0.0,0.6116393234494277,0.0
497513,2025-12-13T09:00:00.000000000,0.9139999999999999,0.0,0.0,0.01,0.6772872431680055,0.0
497513,2025-12-13T10:00:00.000000000,2.06,0.0,0.0,0.034,3.2738969248938945,0.0
497513,2025-12-13T11:00:00.000000000,0.519,0.0,0.0,0.016,0.3426000810313278,0.0
497513,2025-12-13T12:00:00.000000000,0.438,0.0,0.0,0.022000000000000002,0.3235504614701334,0.0
497513,2025-12-13T13:00:00.000000000,0.444,0.0,0.0,0.03,0.6966299337993722,0.0
497513,2025-12-13T14:00:00.000000000,0.454,0.0,0.0,0.036,0.34846150243477225,0.0
497513,2025-12-13T15:00:00.000000000,0.461,0.0,0.0,0.03900000000000001,0.7013190709221278,0.0
497513,2025-12-13T16:00:00.000000000,0.464,0.0,0.0,0.044,0.0,0.0
497513,2025-12-13T17:00:00.000000000,0.461,0.0,0.0,0.043,0.6720119639049056,0.0
497513,2025-12-13T18:00:00.000000000,0.46799999999999997,0.0,0.0,0.04,0.0,0.0
497513,2025-12-13T19:00:00.000000000,0.499,0.0,0.0,0.016,0.6966299337993722,0.0
497513,2025-12-13T20:00:00.000000000,0.36500000000000005,0.0,0.0,0.013000000000000001,1.0494875022867278,0.0
497513,2025-12-13T21:00:00.000000000,0.47400000000000003,0.0,0.0,0.015,1.3548675574061835,0.0
497513,2025-12-13T22:00:00.000000000,0.518,0.0,0.0,0.016,0.6720119639049056,0.0
497513,2025-12-13T23:00:00.000000000,0.49,0.0,0.0,0.013000000000000001,0.7423490207462389,0.0
497513,2025-12-14T00:00:00.000000000,0.45899999999999996,0.0,0.0,0.006,1.9826257897150834,0.0
497513,2025-12-14T01:00:00.000000000,0.307,0.0,0.0,0.002,0.7197825483429778,0.0
497513,2025-12-14T02:00:00.000000000,0.34500000000000003,0.0,0.0,0.0,1.1555792296890723,0.0
497513,2025-12-14T03:00:00.000000000,0.297,0.0,0.0,0.0,1.1719912096187168,0.0
497513,2025-12-14T04:00:00.000000000,0.316,0.0,0.0,0.0,0.3235504614701334,0.0
497513,2025-12-14T05:00:00.000000000,0.293,0.0,0.0,0.0,0.0,0.0
497513,2025-12-14T06:00:00.000000000,0.292,0.0,0.0,0.0,0.3235504614701334,0.0
497513,2025-12-14T07:00:00.000000000,0.292,0.0,0.0,0.0,0.0,0.0
497513,2025-12-14T08:00:00.000000000,0.292,0.0,0.0,0.0,0.6969230048695445,0.0
497513,2025-12-14T09:00:00.000000000,0.292,0.0,0.0,0.0,0.3235504614701334,0.0
497513,2025-12-14T10:00:00.000000000,0.295,0.0,0.0,0.0,0.0,0.0
497513,2025-12-14T11:00:00.000000000,0.296,0.0,0.0,0.0,0.3235504614701334,0.0
497513,2025-12-14T12:00:00.000000000,0.38799999999999996,0.0,0.0,0.002,2.1704843456954777,0.0
497513,2025-12-14T13:00:00.000000000,0.293,0.0,0.0,0.0,0.3235504614701334,0.0
497513,2025-12-14T14:00:00.000000000,0.3,0.0,0.0,0.008,0.0,0.0
497513,2025-12-14T15:00:00.000000000,0.303,0.0,0.0,0.008,0.3235504614701334,0.0
497513,2025-12-14T16:00:00.000000000,0.301,0.0,0.0,0.007,1.0453845073043166,0.0
497513,2025-12-14T17:00:00.000000000,0.40099999999999997,0.0,0.0,0.014000000000000002,0.37718246731165,0.0
497513,2025-12-14T18:00:00.000000000,0.448,0.0,0.0,0.02,0.3235504614701334,0.0
497513,2025-12-14T19:00:00.000000000,0.446,0.0,0.0,0.005,0.0,0.0
497513,2025-12-14T20:00:00.000000000,0.315,0.0,0.0,0.002,0.3235504614701334,0.0
497513,2025-12-14T21:00:00.000000000,0.46900000000000003,0.0,0.0,0.007,0.6969230048695445,0.0
497513,2025-12-14T22:00:00.000000000,0.506,0.0,0.0,0.006,1.6622991100168445,0.0
497513,2025-12-14T23:00:00.000000000,0.35700000000000004,0.0,0.0,0.001,0.4176262749954167,0.0
497513,2025-12-15T00:00:00.000000000,0.34299999999999997,0.0,0.0,0.0,0.6945784363081667,0.0
497513,2025-12-15T01:00:00.000000000,0.421,0.0,0.0,0.0,2.446557293797711,0.0
497513,2025-12-15T02:00:00.000000000,0.301,0.0,0.0,0.0,0.6969230048695445,0.0
497513,2025-12-15T03:00:00.000000000,0.297,0.0,0.0,0.0,0.3235504614701334,0.0
497513,2025-12-15T04:00:00.000000000,0.296,0.0,0.0,0.0,0.0,0.0
497513,2025-12-15T05:00:00.000000000,0.293,0.0,0.0,0.0,0.3235504614701334,0.0
497513,2025-12-15T06:00:00.000000000,0.293,0.001,0.0,0.0,0.0,0.0
497513,2025-12-15T07:00:00.000000000,0.33299999999999996,0.041,0.0,0.0,0.3235504614701334,0.0
497513,2025-12-15T08:00:00.000000000,0.374,0.08299999999999999,0.0,0.0,0.18316941885763888,0.0
497513,2025-12-15T09:00:00.000000000,0.4,0.106,0.0,0.0,0.14038104261249443,0.0
497513,2025-12-15T10:00:00.000000000,0.507,0.183,0.0,0.0,2.0312755873636723,0.0
497513,2025-12-15T11:00:00.000000000,0.368,0.043,0.0,0.0,1.1294959044437445,0.0
497513,2025-12-15T12:00:00.000000000,1.5490000000000002,0.0,0.0,0.029,0.6978022180800612,0.0
497513,2025-12-15T13:00:00.000000000,0.518,0.0,0.0,0.011,1.6596614703852943,0.0
497513,2025-12-15T14:00:00.000000000,0.9229999999999999,0.0,0.0,0.031,0.34846150243477225,0.0
497513,2025-12-15T15:00:00.000000000,0.41200000000000003,0.0,0.0,0.024,0.0,0.0
497513,2025-12-15T16:00:00.000000000,0.31,0.0,0.0,0.015,1.8695003566286055,0.0
497513,2025-12-15T17:00:00.000000000,0.31,0.0,0.0,0.015,1.172284280688889,0.0
497513,2025-12-15T18:00:00.000000000,0.308,0.0,0.0,0.013999999999999999,0.6969230048695445,0.0
497513,2025-12-15T19:00:00.000000000,0.328,0.0,0.0,0.0,2.029517160942639,0.0
497513,2025-12-15T20:00:00.000000000,0.315,0.0,0.0,0.002,0.0,0.0
497513,2025-12-15T21:00:00.000000000,0.304,0.0,0.0,0.0,0.3235504614701334,0.0
497513,2025-12-15T22:00:00.000000000,0.457,0.0,0.0,0.009000000000000001,0.0,0.0
497513,2025-12-15T23:00:00.000000000,0.486,0.0,0.0,0.009000000000000001,0.3235504614701334,0.0
497513,2025-12-16T00:00:00.000000000,0.529,0.0,0.0,0.005,0.7156795533605667,0.0
497513,2025-12-16T01:00:00.000000000,0.543,0.0,0.0,0.003,0.8208920675523945,0.0
497513,2025-12-16T02:00:00.000000000,0.371,0.0,0.0,0.0,0.6720119639049056,0.0
497513,2025-12-16T03:00:00.000000000,0.296,0.0,0.0,0.0,0.34846150243477225,0.0
497513,2025-12-16T04:00:00.000000000,0.296,0.0,0.0,0.0,0.6975091470098889,0.0
497513,2025-12-16T05:00:00.000000000,0.293,0.0,0.0,0.0,0.32648117217185557,0.0
497513,2025-12-16T06:00:00.000000000,0.33299999999999996,0.040999999999999995,0.0,0.0,0.0,0.0
497513,2025-12-16T07:00:00.000000000,0.447,0.14600000000000002,0.0,0.0,1.045970649444661,0.0
497513,2025-12-16T08:00:00.000000000,0.495,0.158,0.0,0.0,1.1321335440752944,0.0
497513,2025-12-16T09:00:00.000000000,0.559,0.192,0.0,0.0,1.9835050029256003,0.0
497513,2025-12-16T10:00:00.000000000,0.5670000000000001,0.16399999999999998,0.0,0.0,2.0010892671359333,0.0
497513,2025-12-16T11:00:00.000000000,0.523,0.015,0.0,0.0,1.5957719770877499,0.0
497513,2025-12-16T12:00:00.000000000,0.547,0.007,0.0,0.0,4.457317906249328,0.0
497513,2025-12-16T13:00:00.000000000,0.54,0.0,0.0,0.003,4.182417242427784,0.0
497513,2025-12-16T14:00:00.000000000,0.391,0.0,0.0,0.006,1.2150726569340333,0.0
497513,2025-12-16T15:00:00.000000000,0.305,0.0,0.0,0.012,0.3235504614701334,0.0
497513,2025-12-16T16:00:00.000000000,0.311,0.0,0.0,0.018000000000000002,0.34846150243477225,0.0
497513,2025-12-16T17:00:00.000000000,0.312,0.0,0.0,0.019,0.34846150243477225,0.0
497513,2025-12-16T18:00:00.000000000,0.308,0.0,0.0,0.015,0.8244089203944611,0.0
497513,2025-12-16T19:00:00.000000000,0.332,0.0,0.0,0.003,0.3235504614701334,0.0
497513,2025-12-16T20:00:00.000000000,0.314,0.0,0.0,0.002,0.0,0.0
497513,2025-12-16T21:00:00.000000000,0.304,0.0,0.0,0.0,0.3232573903999611,0.0
497513,2025-12-16T22:00:00.000000000,0.304,0.0,0.0,0.0,0.0,0.0
497513,2025-12-16T23:00:00.000000000,0.388,0.0,0.0,0.0,0.3235504614701334,0.0
497513,2025-12-17T00:00:00.000000000,0.377,0.0,0.0,0.0,0.21599337871692778,0.0
497513,2025-12-17T01:00:00.000000000,0.421,0.0,0.0,0.0,0.10726401168303333,0.0
497513,2025-12-17T02:00:00.000000000,0.325,0.0,0.0,0.0,0.3235504614701334,0.0
497513,2025-12-17T03:00:00.000000000,0.296,0.0,0.0,0.0,0.0,0.0
497513,2025-12-17T04:00:00.000000000,0.31399999999999995,0.019999999999999997,0.0,0.0,0.3235504614701334,0.0
497513,2025-12-17T05:00:00.000000000,0.37,0.07500000000000001,0.0,0.0,0.3235504614701334,0.0
497513,2025-12-17T06:00:00.000000000,0.437,0.14400000000000002,0.0,0.0,0.3235504614701334,0.0
497513,2025-12-17T07:00:00.000000000,0.5,0.208,0.0,0.0,0.0,0.0
497513,2025-12-17T08:00:00.000000000,0.555,0.264,0.0,0.0,0.3235504614701334,0.0
497513,2025-12-17T09:00:00.000000000,0.622,0.32999999999999996,0.0,0.0,0.0,0.0
497513,2025-12-17T10:00:00.000000000,0.736,0.32799999999999996,0.0,0.0,1.6221483734032498,0.0
497513,2025-12-17T11:00:00.000000000,0.6,0.185,0.0,0.0,1.715638044788189,0.0
497513,2025-12-17T12:00:00.000000000,4.307,0.428,0.0,0.0,0.7458658735883056,0.0
497513,2025-12-17T13:00:00.000000000,3.709,0.28200000000000003,0.0,0.0,1.0424537966025946,0.0
497513,2025-12-17T14:00:00.000000000,0.519,0.0,0.0,0.011,1.5406746158953724,0.0
497513,2025-12-17T15:00:00.000000000,1.062,0.0,0.0,0.036000000000000004,0.6608752632383612,0.0
497513,2025-12-17T16:00:00.000000000,1.552,0.0,0.0,0.048999999999999995,2.899645168283967,0.0
497513,2025-12-17T17:00:00.000000000,0.581,0.0,0.0,0.038,1.0676579086374056,0.0
497513,2025-12-17T18:00:00.000000000,0.592,0.0,0.0,0.03,3.00954681959855,0.0
497513,2025-12-17T19:00:00.000000000,0.648,0.0,0.0,0.014,0.6720119639049056,0.0
497513,2025-12-17T20:00:00.000000000,0.6970000000000001,0.0,0.0,0.02,1.546829108368989,0.0
497513,2025-12-17T21:00:00.000000000,0.575,0.0,0.0,0.019000000000000003,1.8369694678394892,0.0
497513,2025-12-17T22:00:00.000000000,0.517,0.0,0.0,0.016,0.6720119639049056,0.0
497513,2025-12-17T23:00:00.000000000,0.483,0.0,0.0,0.005,0.6969230048695445,0.0
497513,2025-12-18T00:00:00.000000000,0.45399999999999996,0.0,0.0,0.0,0.3235504614701334,0.0
497513,2025-12-18T01:00:00.000000000,0.421,0.0,0.0,0.0,0.34846150243477225,0.0
497513,2025-12-18T02:00:00.000000000,0.328,0.0,0.0,0.0,0.726816254027111,0.0
497513,2025-12-18T03:00:00.000000000,0.297,0.0,0.0,0.0,0.6723050349750779,0.0
497513,2025-12-18T04:00:00.000000000,0.34199999999999997,0.047,0.0,0.0,0.0,0.0
497513,2025-12-18T05:00:00.000000000,0.429,0.108,0.0,0.0,0.6957507205888556,0.0
497513,2025-12-18T06:00:00.000000000,0.455,0.163,0.0,0.0,0.32384353254030557,0.0
497513,2025-12-18T07:00:00.000000000,0.471,0.179,0.0,0.0,0.0,0.0
497513,2025-12-18T08:00:00.000000000,0.498,0.206,0.0,0.0,0.32384353254030557,0.0
497513,2025-12-18T09:00:00.000000000,0.618,0.325,0.0,0.0,1.6851586534902778,0.0
497513,2025-12-18T10:00:00.000000000,0.6,0.307,0.0,0.0,0.0,0.0
497513,2025-12-18T11:00:00.000000000,0.512,0.096,0.0,0.0,0.3235504614701334,0.0
497513,2025-12-18T12:00:00.000000000,3.069,0.191,0.0,0.002,0.0,0.0
497513,2025-12-18T13:00:00.000000000,6.3709999999999996,0.27,0.0,0.0,1.0635549136549947,0.0
497513,2025-12-18T14:00:00.000000000,2.203,0.0,0.0,0.04,0.32384353254030557,0.0
497513,2025-12-18T15:00:00.000000000,2.2729999999999997,0.0,0.0,0.066,0.3235504614701334,0.0
497513,2025-12-18T16:00:00.000000000,1.826,0.0,0.0,0.062,1.9594731751714778,0.0
497513,2025-12-18T17:00:00.000000000,0.975,0.0,0.0,0.049,1.8050247211907167,0.0
497513,2025-12-18T18:00:00.000000000,0.5700000000000001,0.0,0.0,0.038,1.2918572773191555,0.0
497513,2025-12-18T19:00:00.000000000,0.526,0.0,0.0,0.012,0.8367179053416944,0.0
497513,2025-12-18T20:00:00.000000000,0.509,0.0,0.0,0.015,1.1045848634791056,0.0
497513,2025-12-18T21:00:00.000000000,0.41500000000000004,0.0,0.0,0.010000000000000002,0.6919407966766167,0.0
497513,2025-12-18T22:00:00.000000000,0.304,0.0,0.0,0.0,1.0453845073043166,0.0
497513,2025-12-18T23:00:00.000000000,0.48,0.0,0.0,0.002,0.6969230048695445,0.0
497513,2025-12-19T00:00:00.000000000,0.45399999999999996,0.0,0.0,0.0,0.0,0.0
497513,2025-12-19T01:00:00.000000000,0.421,0.0,0.0,0.0,1.8308149753658725,0.0
497513,2025-12-19T02:00:00.000000000,0.328,0.0,0.0,0.0,0.0,0.0
497513,2025-12-19T03:00:00.000000000,0.32499999999999996,0.0,0.0,0.0,1.1086878584615167,0.0
497513,2025-12-19T04:00:00.000000000,0.372,0.052,0.0,0.0,1.6414910640346168,0.0
497513,2025-12-19T05:00:00.000000000,0.363,0.069,0.0,0.0,0.08088761536753335,0.0
497513,2025-12-19T06:00:00.000000000,0.418,0.125,0.0,0.0,0.32384353254030557,0.0
497513,2025-12-19T07:00:00.000000000,0.453,0.16000000000000003,0.0,0.0,0.0,0.0
497513,2025-12-19T08:00:00.000000000,0.504,0.212,0.0,0.0,0.32384353254030557,0.0
497513,2025-12-19T09:00:00.000000000,0.544,0.252,0.0,0.0,0.0,0.0
497513,2025-12-19T10:00:00.000000000,0.583,0.20299999999999999,0.0,0.0,0.3235504614701334,0.0
497513,2025-12-19T11:00:00.000000000,0.481,0.036,0.0,0.0,0.0,0.0
497513,2025-12-19T12:00:00.000000000,0.416,0.0,0.0,0.0,1.0503667154972445,0.0
497513,2025-12-19T13:00:00.000000000,0.416,0.0,0.0,0.0,1.4920248182467832,0.0
497513,2025-12-19T14:00:00.000000000,0.423,0.0,0.0,0.007,0.3235504614701334,0.0
497513,2025-12-19T15:00:00.000000000,0.432,0.0,0.0,0.012,1.1737496360397501,0.0
497513,2025-12-19T16:00:00.000000000,0.341,0.0,0.0,0.013000000000000001,0.0,0.0
497513,2025-12-19T17:00:00.000000000,0.308,0.0,0.0,0.015,0.3235504614701334,0.0
497513,2025-12-19T18:00:00.000000000,0.445,0.0,0.0,0.017,0.7827928284300056,0.0
497513,2025-12-19T19:00:00.000000000,0.482,0.0,0.0,0.002,1.011388263164339,0.0
497513,2025-12-19T20:00:00.000000000,0.984,0.0,0.0,0.013999999999999999,0.726816254027111,0.0
497513,2025-12-19T21:00:00.000000000,0.518,0.0,0.0,0.008,0.3235504614701334,0.0
497513,2025-12-19T22:00:00.000000000,0.506,0.0,0.0,0.005,0.3235504614701334,0.0
497513,2025-12-19T23:00:00.000000000,0.478,0.0,0.0,0.0,0.6969230048695445,0.0
497513,2025-12-20T00:00:00.000000000,0.489,0.0,0.0,0.0,2.6024711031293335,0.0
497513,2025-12-20T01:00:00.000000000,0.553,0.013,0.0,0.0,3.885536248343322,0.0
497513,2025-12-20T02:00:00.000000000,0.42,0.012,0.0,0.0,1.1294959044437445,0.0
497513,2025-12-20T03:00:00.000000000,0.31099999999999994,0.014,0.0,0.0,0.0,0.0
497513,2025-12-20T04:00:00.000000000,0.382,0.087,0.0,0.0,0.32384353254030557,0.0
497513,2025-12-20T05:00:00.000000000,0.422,0.126,0.0,0.0,0.0,0.0
497513,2025-12-20T06:00:00.000000000,0.475,0.182,0.0,0.0,0.32384353254030557,0.0
497513,2025-12-20T07:00:00.000000000,0.478,0.186,0.0,0.0,0.0,0.0
497513,2025-12-20T08:00:00.000000000,0.462,0.16999999999999998,0.0,0.0,0.3235504614701334,0.0
497513,2025-12-20T09:00:00.000000000,0.539,0.184,0.0,0.0,0.7145072690798778,0.0
497513,2025-12-20T10:00:00.000000000,0.547,0.204,0.0,0.0,1.0424537966025944,0.0
497513,2025-12-20T11:00:00.000000000,0.538,0.124,0.0,0.0,0.369269548417,0.0
497513,2025-12-20T12:00:00.000000000,0.611,0.10200000000000001,0.0,0.0,1.620683018052389,0.0
497513,2025-12-20T13:00:00.000000000,0.499,0.083,0.0,0.0,0.32384353254030557,0.0
497513,2025-12-20T14:00:00.000000000,0.46399999999999997,0.049,0.0,0.0,0.0,0.0
497513,2025-12-20T15:00:00.000000000,0.422,0.0,0.0,0.0,0.32384353254030557,0.0
497513,2025-12-20T16:00:00.000000000,0.424,0.0,0.0,0.0,0.3235504614701334,0.0
497513,2025-12-20T17:00:00.000000000,0.421,0.0,0.0,0.0,0.6397741461859612,0.0
497513,2025-12-20T18:00:00.000000000,0.429,0.0,0.0,0.0,1.3012355515646665,0.0
497513,2025-12-20T19:00:00.000000000,0.805,0.323,0.0,0.0,0.0,0.0
497513,2025-12-20T20:00:00.000000000,0.617,0.124,0.0,0.0,1.0802599646548112,0.0
497513,2025-12-20T21:00:00.000000000,0.507,0.0,0.0,0.0,0.6975091470098889,0.0
497513,2025-12-20T22:00:00.000000000,0.5,0.0,0.0,0.0,1.7009844912795777,0.0
497513,2025-12-20T23:00:00.000000000,0.478,0.0,0.0,0.0,0.6723050349750779,0.0
497513,2025-12-21T00:00:00.000000000,0.47,0.016,0.0,0.0,2.2874197026941943,0.0
497513,2025-12-21T01:00:00.000000000,0.35300000000000004,0.013,0.0,0.0,0.8592843777449556,0.0
497513,2025-12-21T02:00:00.000000000,0.301,0.0,0.0,0.0,0.15122467220886668,0.0
497513,2025-12-21T03:00:00.000000000,0.297,0.0,0.0,0.0,0.17232578926126665,0.0
497513,2025-12-21T04:00:00.000000000,0.356,0.061,0.0,0.0,0.32384353254030557,0.0
497513,2025-12-21T05:00:00.000000000,0.386,0.092,0.0,0.0,0.0,0.0
497513,2025-12-21T06:00:00.000000000,0.438,0.14500000000000002,0.0,0.0,0.32384353254030557,0.0
497513,2025-12-21T07:00:00.000000000,0.488,0.19599999999999998,0.0,0.0,0.0,0.0
497513,2025-12-21T08:00:00.000000000,0.5630000000000001,0.272,0.0,0.0,0.3235504614701334,0.0
497513,2025-12-21T09:00:00.000000000,0.518,0.22599999999999998,0.0,0.0,0.0,0.0
497513,2025-12-21T10:00:00.000000000,0.41700000000000004,0.122,0.0,0.0,0.3235504614701334,0.0
497513,2025-12-21T11:00:00.000000000,0.416,0.091,0.0,0.0,2.055600486187967,0.0
497513,2025-12-21T12:00:00.000000000,0.296,0.0,0.0,0.0,0.3338079489261611,0.0
497513,2025-12-21T13:00:00.000000000,0.38699999999999996,0.0,0.0,0.002,0.3235504614701334,0.0
497513,2025-12-21T14:00:00.000000000,0.429,0.0,0.0,0.012,0.0,0.0
497513,2025-12-21T15:00:00.000000000,1.38,0.0,0.0,0.036,1.0620895583041332,0.0
497513,2025-12-21T16:00:00.000000000,0.51,0.0,0.0,0.028999999999999998,0.3235504614701334,0.0
497513,2025-12-21T17:00:00.000000000,0.41200000000000003,0.0,0.0,0.024,0.34875457350494443,0.0
497513,2025-12-21T18:00:00.000000000,0.9049999999999999,0.0,0.0,0.032,0.34875457350494443,0.0
497513,2025-12-21T19:00:00.000000000,2.044,0.0,0.0,0.043,0.6975091470098889,0.0
497513,2025-12-21T20:00:00.000000000,0.9420000000000001,0.0,0.0,0.02,0.8856607740604555,0.0
497513,2025-12-21T21:00:00.000000000,0.312,0.0,0.0,0.009000000000000001,0.14858703257731667,0.0
497513,2025-12-21T22:00:00.000000000,0.306,0.0,0.0,0.001,1.0462637205148333,0.0
497513,2025-12-21T23:00:00.000000000,0.307,0.0,0.0,0.0,1.1749219203204389,0.0
497513,2025-12-22T00:00:00.000000000,0.308,0.0,0.0,0.0,0.3235504614701334,0.0
497513,2025-12-22T01:00:00.000000000,0.305,0.0,0.0,0.0,0.0,0.0
497513,2025-12-22T02:00:00.000000000,0.33499999999999996,0.0,0.0,0.0,1.103705650268589,0.0
497513,2025-12-22T03:00:00.000000000,0.314,0.0,0.0,0.0,0.0,0.0
497513,2025-12-22T04:00:00.000000000,0.296,0.0,0.0,0.0,0.3235504614701334,0.0
497513,2025-12-22T05:00:00.000000000,0.293,0.0,0.0,0.0,0.0,0.0
497513,2025-12-22T06:00:00.000000000,0.292,0.0,0.0,0.0,0.3235504614701334,0.0
497513,2025-12-22T07:00:00.000000000,0.292,0.0,0.0,0.0,0.3235504614701334,0.0
497513,2025-12-22T08:00:00.000000000,0.292,0.0,0.0,0.0,0.0,0.0
497513,2025-12-22T09:00:00.000000000,0.295,0.002,0.0,0.0,0.3235504614701334,0.0
497513,2025-12-22T10:00:00.000000000,0.303,0.008,0.0,0.0,0.36663190878545,0.0
497513,2025-12-22T11:00:00.000000000,0.414,0.0,0.0,0.0,0.6784595274486945,0.0
497513,2025-12-22T12:00:00.000000000,0.42,0.0,0.0,0.004,0.0,0.0
497513,2025-12-22T13:00:00.000000000,0.366,0.0,0.0,0.01,0.3235504614701334,0.0
497513,2025-12-22T14:00:00.000000000,0.304,0.0,0.0,0.012,0.0,0.0
497513,2025-12-22T15:00:00.000000000,0.302,0.0,0.0,0.009000000000000001,0.6975091470098889,0.0
497513,2025-12-22T16:00:00.000000000,0.297,0.0,0.0,0.001,4.164539907147278,0.0
497513,2025-12-22T17:00:00.000000000,0.303,0.0,0.0,0.008,0.7271093250972833,0.0
497513,2025-12-22T18:00:00.000000000,0.3,0.0,0.0,0.006,0.689596228115239,0.0
497513,2025-12-22T19:00:00.000000000,0.482,0.0,0.0,0.002,1.5529836008426054,0.0
497513,2025-12-22T20:00:00.000000000,0.313,0.0,0.0,0.0,0.3235504614701334,0.0
497513,2025-12-22T21:00:00.000000000,0.356,0.0,0.0,0.0,0.0,0.0
497513,2025-12-22T22:00:00.000000000,0.5,0.0,0.0,0.0,0.3235504614701334,0.0
497513,2025-12-22T23:00:00.000000000,0.478,0.0,0.0,0.0,0.8047731586929222,0.0
497513,2025-12-23T00:00:00.000000000,0.45399999999999996,0.0,0.0,0.0,0.6259998058878667,0.0
497513,2025-12-23T01:00:00.000000000,0.421,0.0,0.0,0.0,1.5236764938253833,0.0
497513,2025-12-23T02:00:00.000000000,0.44300000000000006,0.081,0.0,0.0,4.307265518321151,0.0
497513,2025-12-23T03:00:00.000000000,0.296,0.0,0.0,0.0,0.4686206412053833,0.0
497513,2025-12-23T04:00:00.000000000,0.379,0.085,0.0,0.0,0.34904764457511667,0.0
497513,2025-12-23T05:00:00.000000000,0.35500000000000004,0.059000000000000004,0.0,0.0,0.3235504614701334,0.0
497513,2025-12-23T06:00:00.000000000,0.33,0.03,0.0,0.0,0.0,0.0
497513,2025-12-23T07:00:00.000000000,0.319,0.019,0.0,0.0,0.3235504614701334,0.0
497513,2025-12-23T08:00:00.000000000,0.399,0.10700000000000001,0.0,0.0,0.36897647734682776,0.0
497513,2025-12-23T09:00:00.000000000,0.6020000000000001,0.235,0.0,0.0,1.4964208842993667,0.0
497513,2025-12-23T10:00:00.000000000,0.628,0.249,0.0,0.0,1.1124977823737554,0.0
497513,2025-12-23T11:00:00.000000000,0.494,0.079,0.0,0.0,1.0491944312165555,0.0
497513,2025-12-23T12:00:00.000000000,0.326,0.0,0.0,0.0,0.7033705684133333,0.0
497513,2025-12-23T13:00:00.000000000,0.293,0.0,0.0,0.0,2.1915854627478777,0.0
497513,2025-12-23T14:00:00.000000000,0.292,0.0,0.0,0.0,0.6975091470098889,0.0
497513,2025-12-23T15:00:00.000000000,0.32899999999999996,0.0,0.0,0.002,0.3508060709961501,0.0
497513,2025-12-23T16:00:00.000000000,0.301,0.0,0.0,0.008,0.29805327836515,0.0
497513,2025-12-23T17:00:00.000000000,0.301,0.0,0.0,0.008,0.3235504614701334,0.0
497513,2025-12-23T18:00:00.000000000,0.408,0.0,0.0,0.011,0.0,0.0
497513,2025-12-23T19:00:00.000000000,0.483,0.0,0.0,0.003,0.34875457350494443,0.0
497513,2025-12-23T20:00:00.000000000,0.5,0.0,0.0,0.006,0.6066571152565,0.0
497513,2025-12-23T21:00:00.000000000,0.463,0.0,0.0,0.007,0.06564791971857778,0.0
497513,2025-12-23T22:00:00.000000000,0.502,0.0,0.0,0.001,1.677245734595628,0.0
497513,2025-12-23T23:00:00.000000000,0.6010000000000001,0.0,0.0,0.0,3.29968717906905,0.0
497513,2025-12-24T00:00:00.000000000,0.6,0.0,0.0,0.0,0.7271093250972833,0.0
497513,2025-12-24T01:00:00.000000000,0.512,0.0,0.0,0.0,0.6975091470098889,0.0
497513,2025-12-24T02:00:00.000000000,0.379,0.0,0.0,0.0,0.6723050349750779,0.0
497513,2025-12-24T03:00:00.000000000,0.328,0.0,0.0,0.0,1.1508900925663168,0.0
497513,2025-12-24T04:00:00.000000000,0.30899999999999994,0.014,0.0,0.0,0.0,0.0
497513,2025-12-24T05:00:00.000000000,0.393,0.1,0.0,0.0,0.32384353254030557,0.0
497513,2025-12-24T06:00:00.000000000,0.482,0.18999999999999997,0.0,0.0,0.0,0.0
497513,2025-12-24T07:00:00.000000000,0.554,0.262,0.0,0.0,0.32384353254030557,0.0
497513,2025-12-24T08:00:00.000000000,0.5870000000000001,0.29600000000000004,0.0,0.0,0.0,0.0
497513,2025-12-24T09:00:00.000000000,0.6539999999999999,0.341,0.0,0.0,0.32384353254030557,0.0
497513,2025-12-24T10:00:00.000000000,0.688,0.289,0.0,0.0,0.5761777239585889,0.0
497513,2025-12-24T11:00:00.000000000,1.021,0.129,0.0,0.0,0.5348547030643056,0.0
497513,2025-12-24T12:00:00.000000000,2.1950000000000003,0.0,0.0,0.022,0.3235504614701334,0.0
497513,2025-12-24T13:00:00.000000000,1.05,0.0,0.0,0.013000000000000001,0.0,0.0
497513,2025-12-24T14:00:00.000000000,0.299,0.0,0.0,0.007,0.34875457350494443,0.0
497513,2025-12-24T15:00:00.000000000,0.439,0.0,0.0,0.018000000000000002,0.3235504614701334,0.0
497513,2025-12-24T16:00:00.000000000,0.441,0.0,0.0,0.02,1.0758638986022278,0.0
497513,2025-12-24T17:00:00.000000000,0.442,0.0,0.0,0.024,0.3235504614701334,0.0
497513,2025-12-24T18:00:00.000000000,0.551,0.0,0.0,0.02,1.5178150724219388,0.0
497513,2025-12-24T19:00:00.000000000,0.638,0.0,0.0,0.004,0.8387694028329,0.0
497513,2025-12-24T20:00:00.000000000,0.6859999999999999,0.0,0.0,0.009000000000000001,0.6471009229402668,0.0
497513,2025-12-24T21:00:00.000000000,0.518,0.0,0.0,0.008,0.4891356161174389,0.0
497513,2025-12-24T22:00:00.000000000,0.502,0.0,0.0,0.002,1.6013403274210223,0.0
497513,2025-12-24T23:00:00.000000000,0.478,0.0,0.0,0.0,0.22888850580450557,0.0
497513,2025-12-25T00:00:00.000000000,0.34900000000000003,0.0,0.0,0.0,0.34875457350494443,0.0
497513,2025-12-25T01:00:00.000000000,0.421,0.0,0.0,0.0,0.5568350333272223,0.0
497513,2025-12-25T02:00:00.000000000,0.531,0.152,0.0,0.0,3.865607415571611,0.0
497513,2025-12-25T03:00:00.000000000,0.397,0.08299999999999999,0.0,0.0,0.0,0.0
497513,2025-12-25T04:00:00.000000000,0.421,0.126,0.0,0.0,0.32384353254030557,0.0
497513,2025-12-25T05:00:00.000000000,0.494,0.19999999999999998,0.0,0.0,0.0,0.0
497513,2025-12-25T06:00:00.000000000,0.551,0.257,0.0,0.0,0.32384353254030557,0.0
497513,2025-12-25T07:00:00.000000000,1.0190000000000001,0.241,0.0,0.0,0.3235504614701334,0.0
497513,2025-12-25T08:00:00.000000000,0.659,0.367,0.0,0.0,0.0,0.0
497513,2025-12-25T09:00:00.000000000,0.7389999999999999,0.447,0.0,0.0,0.3235504614701334,0.0
497513,2025-12-25T10:00:00.000000000,0.906,0.527,0.0,0.0,1.5353993366322722,0.0
497513,2025-12-25T11:00:00.000000000,0.706,0.32,0.0,0.0,0.34904764457511667,0.0
497513,2025-12-25T12:00:00.000000000,0.528,0.202,0.0,0.0,0.0,0.0
497513,2025-12-25T13:00:00.000000000,0.38700000000000007,0.093,0.0,0.0,0.32384353254030557,0.0
497513,2025-12-25T14:00:00.000000000,0.354,0.0,0.0,0.0,1.7288262429459391,0.0
497513,2025-12-25T15:00:00.000000000,0.326,0.0,0.0,0.0,0.8373040474820388,0.0
497513,2025-12-25T16:00:00.000000000,0.32899999999999996,0.0,0.0,0.002,1.261964028161589,0.0
497513,2025-12-25T17:00:00.000000000,0.431,0.0,0.0,0.013000000000000001,0.3235504614701334,0.0
497513,2025-12-25T18:00:00.000000000,0.441,0.0,0.0,0.013,0.34875457350494443,0.0
497513,2025-12-25T19:00:00.000000000,0.513,0.031,0.0,0.001,0.3235504614701334,0.0
497513,2025-12-25T20:00:00.000000000,0.512,0.018,0.0,0.0,0.34875457350494443,0.0
497513,2025-12-25T21:00:00.000000000,0.507,0.0,0.0,0.0,1.1760942046011278,0.0
497513,2025-12-25T22:00:00.000000000,0.5,0.0,0.0,0.0,1.7927157362434833,0.0
497513,2025-12-25T23:00:00.000000000,0.478,0.0,0.0,0.0,0.5486290433624,0.0
497513,2025-12-26T00:00:00.000000000,0.6,0.0,0.0,0.0,0.0,0.0
497513,2025-12-26T01:00:00.000000000,0.54,0.0,0.0,0.0,0.3235504614701334,0.0
497513,2025-12-26T02:00:00.000000000,0.40700000000000003,0.0,0.0,0.0,0.0,0.0
497513,2025-12-26T03:00:00.000000000,0.356,0.0,0.0,0.0,0.6723050349750778,0.0
497513,2025-12-26T04:00:00.000000000,0.34,0.0,0.0,0.0,0.3235504614701334,0.0
497513,2025-12-26T05:00:00.000000000,0.33,0.0,0.0,0.0,0.0,0.0
497513,2025-12-26T06:00:00.000000000,0.325,0.0,0.0,0.0,0.6471009229402668,0.0
497513,2025-12-26T07:00:00.000000000,0.3,0.0,0.0,0.0,0.34904764457511667,0.0
497513,2025-12-26T08:00:00.000000000,0.292,0.0,0.0,0.0,0.3235504614701334,0.0
497513,2025-12-26T09:00:00.000000000,0.292,0.0,0.0,0.0,0.0,0.0
497513,2025-12-26T10:00:00.000000000,0.295,0.0,0.0,0.0,0.32355046147013333,0.0
497513,2025-12-26T11:00:00.000000000,0.8660000000000001,0.0,0.0,0.003,0.0,0.0
497513,2025-12-26T12:00:00.000000000,2.232,0.0,0.0,0.03,0.3235504614701334,0.0
497513,2025-12-26T13:00:00.000000000,2.21,0.0,0.0,0.037,0.0,0.0
497513,2025-12-26T14:00:00.000000000,0.901,0.0,0.0,0.008,0.3235504614701334,0.0
497513,2025-12-26T15:00:00.000000000,1.976,0.0,0.0,0.037,0.0,0.0
497513,2025-12-26T16:00:00.000000000,0.432,0.0,0.0,0.009000000000000001,0.3235504614701334,0.0
497513,2025-12-26T17:00:00.000000000,0.998,0.0,0.0,0.009,1.6599545414554666,0.0
497513,2025-12-26T18:00:00.000000000,2.3949999999999996,0.0,0.0,0.04699999999999999,1.0761569696724,0.0
497513,2025-12-26T19:00:00.000000000,0.8800000000000001,0.0,0.0,0.008,3.013649814580961,0.0
497513,2025-12-26T20:00:00.000000000,0.35200000000000004,0.0,0.0,0.0,2.9770159308094333,0.0
497513,2025-12-26T21:00:00.000000000,0.383,0.079,0.0,0.0,2.3269842971674444,0.0
497513,2025-12-26T22:00:00.000000000,0.40800000000000003,0.10199999999999998,0.0,0.0,0.5814530032216889,0.0
497513,2025-12-26T23:00:00.000000000,0.459,0.15200000000000002,0.0,0.0,1.04714293372535,0.0
497513,2025-12-27T00:00:00.000000000,0.47900000000000004,0.172,0.0,0.0,0.7452797314479611,0.0
497513,2025-12-27T01:00:00.000000000,0.539,0.062,0.0,0.0,1.2426213375302222,0.0
497513,2025-12-27T02:00:00.000000000,0.393,0.037,0.0,0.0,0.6787525985188667,0.0
497513,2025-12-27T03:00:00.000000000,0.369,0.07200000000000001,0.0,0.0,0.0,0.0
497513,2025-12-27T04:00:00.000000000,0.408,0.113,0.0,0.0,0.3235504614701334,0.0
497513,2025-12-27T05:00:00.000000000,0.409,0.114,0.0,0.0,0.0,0.0
497513,2025-12-27T06:00:00.000000000,0.403,0.111,0.0,0.0,0.32384353254030557,0.0
497513,2025-12-27T07:00:00.000000000,0.382,0.09000000000000001,0.0,0.0,0.0,0.0
497513,2025-12-27T08:00:00.000000000,0.389,0.098,0.0,0.0,0.32384353254030557,0.0
497513,2025-12-27T09:00:00.000000000,0.395,0.10400000000000001,0.0,0.0,0.0,0.0
497513,2025-12-27T10:00:00.000000000,0.827,0.0,0.0,0.0,0.32384353254030557,0.0
497513,2025-12-27T11:00:00.000000000,0.34700000000000003,0.052000000000000005,0.0,0.0,0.3235504614701334,0.0
497513,2025-12-27T12:00:00.000000000,0.408,0.022,0.0,0.0,0.0,0.0
497513,2025-12-27T13:00:00.000000000,0.416,0.0,0.0,0.0,0.3235504614701334,0.0
497513,2025-12-27T14:00:00.000000000,3.995,0.11599999999999999,0.0,0.0,0.7212479036938388,0.0
497513,2025-12-27T15:00:00.000000000,6.529,0.45799999999999996,0.0,0.0,1.0612103450936166,0.0
497513,2025-12-27T16:00:00.000000000,2.7119999999999997,0.217,0.0,0.0,1.0398161569710445,0.0
497513,2025-12-27T17:00:00.000000000,0.421,0.0,0.0,0.0,0.36926954841700005,0.0
497513,2025-12-27T18:00:00.000000000,0.429,0.034,0.0,0.0,1.0711747614794722,0.0
497513,2025-12-27T19:00:00.000000000,1.049,0.572,0.0,0.0,1.3958975072302944,0.0
497513,2025-12-27T20:00:00.000000000,0.7180000000000001,0.264,0.0,0.0,0.738539096834,0.0
497513,2025-12-27T21:00:00.000000000,0.527,0.018000000000000002,0.0,0.0,1.4310660356509612,0.0
497513,2025-12-27T22:00:00.000000000,0.5630000000000001,0.061,0.0,0.0,1.1406326051102889,0.0
497513,2025-12-27T23:00:00.000000000,1.505,0.042,0.0,0.003,2.500189299639228,0.0
497513,2025-12-28T00:00:00.000000000,0.401,0.017,0.0,0.0,0.32384353254030557,0.0
497513,2025-12-28T01:00:00.000000000,0.34,0.0,0.0,0.0,0.0,0.0
497513,2025-12-28T02:00:00.000000000,0.395,0.095,0.0,0.0,2.353946835623289,0.0
497513,2025-12-28T03:00:00.000000000,0.348,0.05299999999999999,0.0,0.0,0.0,0.0
497513,2025-12-28T04:00:00.000000000,0.36,0.065,0.0,0.0,0.32355046147013333,0.0
497513,2025-12-28T05:00:00.000000000,0.356,0.063,0.0,0.0,0.0,0.0
497513,2025-12-28T06:00:00.000000000,0.387,0.094,0.0,0.0,0.32384353254030557,0.0
497513,2025-12-28T07:00:00.000000000,0.421,0.129,0.0,0.0,0.0,0.0
497513,2025-12-28T08:00:00.000000000,0.386,0.095,0.0,0.0,0.32384353254030557,0.0
497513,2025-12-28T09:00:00.000000000,0.368,0.076,0.0,0.0,0.0,0.0
497513,2025-12-28T10:00:00.000000000,0.365,0.07,0.0,0.0,0.3235504614701334,0.0
497513,2025-12-28T11:00:00.000000000,0.35100000000000003,0.056,0.0,0.0,0.3235504614701334,0.0
497513,2025-12-28T12:00:00.000000000,0.335,0.04,0.0,0.0,0.0,0.0
497513,2025-12-28T13:00:00.000000000,0.343,0.051000000000000004,0.0,0.0,0.3235504614701334,0.0
497513,2025-12-28T14:00:00.000000000,0.325,0.032999999999999995,0.0,0.0,0.0,0.0
497513,2025-12-28T15:00:00.000000000,0.39599999999999996,0.004,0.0,0.0,0.3235504614701334,0.0
497513,2025-12-28T16:00:00.000000000,0.424,0.0,0.0,0.0,0.0,0.0
497513,2025-12-28T17:00:00.000000000,0.421,0.0,0.0,0.0,0.3235504614701334,0.0
497513,2025-12-28T18:00:00.000000000,0.827,0.021,0.0,0.0,0.0,0.0
497513,2025-12-28T19:00:00.000000000,7.59,1.1199999999999999,0.0,0.0,2.136781172625672,0.0
497513,2025-12-28T20:00:00.000000000,7.0280000000000005,0.7020000000000001,0.0,0.0,1.7519788574895445,0.0
497513,2025-12-28T21:00:00.000000000,1.407,0.047,0.0,0.0,3.6586992400300224,0.0
497513,2025-12-28T22:00:00.000000000,0.394,0.038,0.0,0.0,1.7173964712092225,0.0
497513,2025-12-28T23:00:00.000000000,0.31899999999999995,0.012,0.0,0.0,0.3235504614701334,0.0
497513,2025-12-29T00:00:00.000000000,0.402,0.094,0.0,0.0,0.6983883602204055,0.0
497513,2025-12-29T01:00:00.000000000,0.446,0.08800000000000001,0.0,0.0,1.52719334666745,0.0
497513,2025-12-29T02:00:00.000000000,0.43,0.068,0.0,0.0,1.7774760405945278,0.0
497513,2025-12-29T03:00:00.000000000,0.33499999999999996,0.038000000000000006,0.0,0.0,0.0,0.0
497513,2025-12-29T04:00:00.000000000,0.353,0.057999999999999996,0.0,0.0,0.32384353254030557,0.0
497513,2025-12-29T05:00:00.000000000,0.356,0.06,0.0,0.0,0.0,0.0
497513,2025-12-29T06:00:00.000000000,0.348,0.05499999999999999,0.0,0.0,0.32384353254030557,0.0
497513,2025-12-29T07:00:00.000000000,0.318,0.025,0.0,0.0,0.0,0.0
497513,2025-12-29T08:00:00.000000000,0.317,0.025,0.0,0.0,0.3235504614701334,0.0
497513,2025-12-29T09:00:00.000000000,0.33799999999999997,0.044000000000000004,0.0,0.0,0.3235504614701334,0.0
497513,2025-12-29T10:00:00.000000000,0.34800000000000003,0.053000000000000005,0.0,0.0,0.0,0.0
497513,2025-12-29T11:00:00.000000000,0.296,0.0,0.0,0.0,0.3235504614701334,0.0
497513,2025-12-29T12:00:00.000000000,0.296,0.0,0.0,0.0,0.0,0.0
497513,2025-12-29T13:00:00.000000000,0.293,0.0,0.0,0.0,0.3235504614701334,0.0
497513,2025-12-29T14:00:00.000000000,0.292,0.0,0.0,0.0,0.0,0.0
497513,2025-12-29T15:00:00.000000000,0.295,0.0,0.0,0.0,0.3235504614701334,0.0
497513,2025-12-29T16:00:00.000000000,0.296,0.0,0.0,0.0,0.0,0.0
497513,2025-12-29T17:00:00.000000000,0.296,0.0,0.0,0.0,0.32355046147013333,0.0
497513,2025-12-29T18:00:00.000000000,0.32799999999999996,0.0,0.0,0.0,0.0,0.0
497513,2025-12-29T19:00:00.000000000,1.4669999999999999,0.0,0.0,0.003,0.3235504614701334,0.0
497513,2025-12-29T20:00:00.000000000,0.506,0.013,0.0,0.0,0.3235504614701334,0.0
497513,2025-12-29T21:00:00.000000000,0.507,0.0,0.0,0.0,0.0,0.0
497513,2025-12-29T22:00:00.000000000,0.5,0.0,0.0,0.0,0.34904764457511667,0.0
497513,2025-12-29T23:00:00.000000000,0.514,0.079,0.0,0.0,0.6983883602204055,0.0
497513,2025-12-30T00:00:00.000000000,0.887,0.579,0.0,0.0,4.056396682253728,0.0
497513,2025-12-30T01:00:00.000000000,0.819,0.489,0.0,0.0,0.67259810604525,0.0
497513,2025-12-30T02:00:00.000000000,0.59,0.291,0.0,0.0,0.0,0.0
497513,2025-12-30T03:00:00.000000000,0.45199999999999996,0.156,0.0,0.0,1.6151146677191166,0.0
497513,2025-12-30T04:00:00.000000000,0.342,0.046,0.0,0.0,0.32384353254030557,0.0
497513,2025-12-30T05:00:00.000000000,0.316,0.022000000000000002,0.0,0.0,0.0,0.0
497513,2025-12-30T06:00:00.000000000,0.319,0.026000000000000002,0.0,0.0,0.3235504614701334,0.0
497513,2025-12-30T07:00:00.000000000,0.301,0.009000000000000001,0.0,0.0,0.3235504614701334,0.0
497513,2025-12-30T08:00:00.000000000,0.304,0.0,0.0,0.0,0.0,0.0
497513,2025-12-30T09:00:00.000000000,0.368,0.0,0.0,0.0,0.32355046147013333,0.0
497513,2025-12-30T10:00:00.000000000,0.409,0.009,0.0,0.0,2.0309825162935002,0.0
497513,2025-12-30T11:00:00.000000000,0.414,0.0,0.0,0.0,1.4902663918257502,0.0
497513,2025-12-30T12:00:00.000000000,0.5740000000000001,0.065,0.0,0.0,3.299980250139222,0.0
497513,2025-12-30T13:00:00.000000000,0.44699999999999995,0.0,0.0,0.0,2.356584475254839,0.0
497513,2025-12-30T14:00:00.000000000,0.385,0.0,0.0,0.0,0.34904764457511667,0.0
497513,2025-12-30T15:00:00.000000000,0.307,0.012,0.0,0.0,1.509902153527289,0.0
497513,2025-12-30T16:00:00.000000000,0.301,0.006,0.0,0.0,1.4870426100538556,0.0
497513,2025-12-30T17:00:00.000000000,0.311,0.015,0.0,0.0,0.6986814312905778,0.0
497513,2025-12-30T18:00:00.000000000,0.31099999999999994,0.018,0.0,0.0,1.4870426100538556,0.0
497513,2025-12-30T19:00:00.000000000,0.665,0.336,0.0,0.0,0.0,0.0
497513,2025-12-30T20:00:00.000000000,0.514,0.106,0.0,0.0,0.32384353254030557,0.0
497513,2025-12-30T21:00:00.000000000,0.507,0.0,0.0,0.0,0.0,0.0
497513,2025-12-30T22:00:00.000000000,0.452,0.0,0.0,0.0,0.3235504614701334,0.0
497513,2025-12-30T23:00:00.000000000,0.478,0.0,0.0,0.0,0.0,0.0
497513,2025-12-31T00:00:00.000000000,0.45399999999999996,0.0,0.0,0.0,0.3235504614701334,0.0
497513,2025-12-31T01:00:00.000000000,0.421,0.0,0.0,0.0,1.6042710381227443,0.0
497513,2025-12-31T02:00:00.000000000,0.40700000000000003,0.0,0.0,0.0,1.1969022505833555,0.0
497513,2025-12-31T03:00:00.000000000,0.296,0.0,0.0,0.0,0.3235504614701334,0.0
497513,2025-12-31T04:00:00.000000000,0.296,0.0,0.0,0.0,0.0,0.0
497513,2025-12-31T05:00:00.000000000,0.293,0.0,0.0,0.0,0.3235504614701334,0.0
497513,2025-12-31T06:00:00.000000000,0.292,0.0,0.0,0.0,0.0,0.0
497513,2025-12-31T07:00:00.000000000,0.293,0.001,0.0,0.0,0.3235504614701334,0.0
497513,2025-12-31T08:00:00.000000000,0.34400000000000003,0.053000000000000005,0.0,0.0,0.0,0.0
497513,2025-12-31T09:00:00.000000000,0.336,0.043000000000000003,0.0,0.0,0.32384353254030557,0.0
497513,2025-12-31T10:00:00.000000000,0.336,0.043,0.0,0.0,0.0,0.0
497513,2025-12-31T11:00:00.000000000,0.39299999999999996,0.008,0.0,0.0,0.3235504614701334,0.0
497513,2025-12-31T12:00:00.000000000,0.386,0.0,0.0,0.0,0.3235504614701334,0.0
497513,2025-12-31T13:00:00.000000000,0.32399999999999995,0.0,0.0,0.0,0.0,0.0
497513,2025-12-31T14:00:00.000000000,0.416,0.0,0.0,0.0,0.3235504614701334,0.0
497513,2025-12-31T15:00:00.000000000,0.39,0.0,0.0,0.0,0.0,0.0
497513,2025-12-31T16:00:00.000000000,0.296,0.0,0.0,0.0,0.6980952891502333,0.0
497513,2025-12-31T17:00:00.000000000,0.296,0.0,0.0,0.0,0.34904764457511667,0.0
497513,2025-12-31T18:00:00.000000000,0.39799999999999996,0.0,0.0,0.0,2.093992796380528,0.0
497513,2025-12-31T19:00:00.000000000,0.644,0.16399999999999998,0.0,0.0,0.6980952891502333,0.0
497513,2025-12-31T20:00:00.000000000,0.5589999999999999,0.065,0.0,0.0,0.32384353254030557,0.0
497513,2025-12-31T21:00:00.000000000,0.5589999999999999,0.0,0.0,0.0,1.7880265991207278,0.0
497513,2025-12-31T22:00:00.000000000,0.477,0.073,0.0,0.0,2.9046273764768946,0.0
497513,2025-12-31T23:00:00.000000000,0.40700000000000003,0.10200000000000001,0.0,0.0,0.8839023476394223,0.0
