bldg_id,timestamp,electricity.total,electrictiy.heating,electricity.secondary_heating,electricity.cooling,natural_gas.total,natural_gas.heating
376845,2025-01-01T00:00:00.000000000,1.244,0.855,0.0,0.0,2.48201889328855,0.0
376845,2025-01-01T01:00:00.000000000,1.629,1.143,0.0,0.0,3.353612255980739,0.0
376845,2025-01-01T02:00:00.000000000,1.618,1.149,0.0,0.0,2.4738129033237275,0.0
376845,2025-01-01T03:00:00.000000000,1.6100000000000003,1.15,0.0,0.0,2.30793467760625,0.0
376845,2025-01-01T04:00:00.000000000,1.604,1.148,0.0,0.0,2.3073485354659056,0.0
376845,2025-01-01T05:00:00.000000000,1.6,1.1429999999999998,0.0,0.0,2.9011105236348276,0.0
376845,2025-01-01T06:00:00.000000000,1.5979999999999999,1.144,0.0,0.0,2.8773717669508776,0.0
376845,2025-01-01T07:00:00.000000000,1.678,1.151,0.0,0.0,3.409295759313461,0.0
376845,2025-01-01T08:00:00.000000000,1.756,1.145,0.0,0.0,4.678293493159184,0.0
376845,2025-01-01T09:00:00.000000000,1.73,1.136,0.0,0.0,4.280302979865305,0.0
376845,2025-01-01T10:00:00.000000000,1.735,1.138,0.0,0.0,4.598578162072339,0.0
376845,2025-01-01T11:00:00.000000000,1.597,1.1369999999999998,0.0,0.0,4.695877757369516,0.0
376845,2025-01-01T12:00:00.000000000,1.598,1.139,0.0,0.0,4.9517288016298675,0.0
376845,2025-01-01T13:00:00.000000000,1.6020000000000003,1.14,0.0,0.0,5.063975021505828,0.0
376845,2025-01-01T14:00:00.000000000,1.745,1.1449999999999998,0.0,0.0,4.674190498176772,0.0
376845,2025-01-01T15:00:00.000000000,1.739,1.142,0.0,0.0,4.17128054176124,0.0
376845,2025-01-01T16:00:00.000000000,1.746,1.141,0.0,0.0,4.566926486493738,0.0
376845,2025-01-01T17:00:00.000000000,1.783,1.1280000000000001,0.0,0.0,4.905716643612828,0.0
376845,2025-01-01T18:00:00.000000000,1.8,1.114,0.0,0.0,6.883653296205155,0.0
376845,2025-01-01T19:00:00.000000000,1.81,1.096,0.0,0.0,7.294245865516439,0.0
376845,2025-01-01T20:00:00.000000000,2.125,1.088,0.0,0.0,7.355497719182434,0.0
376845,2025-01-01T21:00:00.000000000,1.782,1.0990000000000002,0.0,0.0,6.4490288991397495,0.0
376845,2025-01-01T22:00:00.000000000,1.876,1.104,0.0,0.0,6.50588468675316,0.0
376845,2025-01-01T23:00:00.000000000,1.854,1.104,0.0,0.0,7.070925710045206,0.0
376845,2025-01-02T00:00:00.000000000,1.754,1.1070000000000002,0.0,0.0,6.384553263701861,0.0
376845,2025-01-02T01:00:00.000000000,1.706,1.112,0.0,0.0,5.432365356712312,0.0
376845,2025-01-02T02:00:00.000000000,1.589,1.1070000000000002,0.0,0.0,5.819805311479989,0.0
376845,2025-01-02T03:00:00.000000000,1.5570000000000002,1.098,0.0,0.0,5.616120917710295,0.0
376845,2025-01-02T04:00:00.000000000,1.547,1.09,0.0,0.0,6.299855724422089,0.0
376845,2025-01-02T05:00:00.000000000,1.547,1.082,0.0,0.0,5.920621759619233,0.0
376845,2025-01-02T06:00:00.000000000,1.572,1.084,0.0,0.0,6.463975523718533,0.0
376845,2025-01-02T07:00:00.000000000,1.5379999999999998,1.081,0.0,0.0,6.289598236966061,0.0
376845,2025-01-02T08:00:00.000000000,1.5310000000000001,1.0710000000000002,0.0,0.0,6.668246059628572,0.0
376845,2025-01-02T09:00:00.000000000,1.699,1.07,0.0,0.0,8.072935698964034,0.0
376845,2025-01-02T10:00:00.000000000,2.091,1.078,0.0,0.0,9.199500892706055,0.0
376845,2025-01-02T11:00:00.000000000,2.608,1.088,0.0,0.0,10.574883425024295,0.0
376845,2025-01-02T12:00:00.000000000,1.6230000000000002,1.097,0.0,0.0,5.439399062396444,0.0
376845,2025-01-02T13:00:00.000000000,1.5659999999999998,1.106,0.0,0.0,6.347333237789989,0.0
376845,2025-01-02T14:00:00.000000000,1.606,1.108,0.0,0.0,5.757674244603478,0.0
376845,2025-01-02T15:00:00.000000000,1.6709999999999998,1.108,0.0,0.0,5.1486725607856005,0.0
376845,2025-01-02T16:00:00.000000000,1.679,1.108,0.0,0.0,5.435296067414033,0.0
376845,2025-01-02T17:00:00.000000000,1.759,1.104,0.0,0.0,5.430606930291278,0.0
376845,2025-01-02T18:00:00.000000000,1.767,1.0830000000000002,0.0,0.0,6.352022374912744,0.0
376845,2025-01-02T19:00:00.000000000,1.959,1.061,0.0,0.0,7.339964952463306,0.0
376845,2025-01-02T20:00:00.000000000,1.8870000000000002,1.056,0.0,0.0,7.4457636087954775,0.0
376845,2025-01-02T21:00:00.000000000,1.328,0.545,0.0,0.0,8.25727740210236,0.0
376845,2025-01-02T22:00:00.000000000,0.823,0.048,0.0,0.0,10.270089512045182,0.0
376845,2025-01-02T23:00:00.000000000,0.7030000000000001,0.048,0.0,0.0,10.14172438330975,0.0
376845,2025-01-03T00:00:00.000000000,0.607,0.048,0.0,0.0,13.736534130042228,0.0
376845,2025-01-03T01:00:00.000000000,0.595,0.048,0.0,0.0,11.356797040243784,0.0
376845,2025-01-03T02:00:00.000000000,0.533,0.048,0.0,0.0,11.768268822765581,0.0
376845,2025-01-03T03:00:00.000000000,0.509,0.048,0.0,0.0,11.52795054522436,0.0
376845,2025-01-03T04:00:00.000000000,0.508,0.048,0.0,0.0,11.898978520062393,0.0
376845,2025-01-03T05:00:00.000000000,0.505,0.048,0.0,0.0,12.156881061813952,0.0
376845,2025-01-03T06:00:00.000000000,0.504,0.048,0.0,0.0,11.552861586189,0.0
376845,2025-01-03T07:00:00.000000000,0.507,0.048,0.0,0.0,11.964626439780975,0.0
376845,2025-01-03T08:00:00.000000000,0.511,0.048,0.0,0.0,11.855017859536561,0.0
376845,2025-01-03T09:00:00.000000000,0.6140000000000001,0.048,0.0,0.0,12.088888573533996,0.0
376845,2025-01-03T10:00:00.000000000,0.858,0.048,0.0,0.0,13.467201816553958,0.0
376845,2025-01-03T11:00:00.000000000,1.3699999999999999,0.551,0.0,0.0,15.081730342132728,0.0
376845,2025-01-03T12:00:00.000000000,2.0599999999999996,1.085,0.0,0.0,6.3772264869475555,0.0
376845,2025-01-03T13:00:00.000000000,1.812,1.106,0.0,0.0,6.8678274584158565,0.0
376845,2025-01-03T14:00:00.000000000,1.71,1.11,0.0,0.0,5.3174814972048,0.0
376845,2025-01-03T15:00:00.000000000,1.598,1.102,0.0,0.0,6.170318311405966,0.0
376845,2025-01-03T16:00:00.000000000,1.564,1.104,0.0,0.0,5.473395306536423,0.0
376845,2025-01-03T17:00:00.000000000,1.5870000000000002,1.1,0.0,0.0,7.8103440200897225,0.0
376845,2025-01-03T18:00:00.000000000,1.5739999999999998,1.094,0.0,0.0,6.002388588197284,0.0
376845,2025-01-03T19:00:00.000000000,1.631,1.092,0.0,0.0,6.369313568052905,0.0
376845,2025-01-03T20:00:00.000000000,1.572,1.093,0.0,0.0,5.337996472116855,0.0
376845,2025-01-03T21:00:00.000000000,1.622,1.096,0.0,0.0,5.7395038382528,0.0
376845,2025-01-03T22:00:00.000000000,1.8239999999999998,1.092,0.0,0.0,5.76969015848054,0.0
376845,2025-01-03T23:00:00.000000000,1.741,1.0870000000000002,0.0,0.0,6.98710738397595,0.0
376845,2025-01-04T00:00:00.000000000,1.649,1.0910000000000002,0.0,0.0,7.8100509490195495,0.0
376845,2025-01-04T01:00:00.000000000,1.617,1.085,0.0,0.0,6.06393351293345,0.0
376845,2025-01-04T02:00:00.000000000,1.538,1.07,0.0,0.0,6.949008144853561,0.0
376845,2025-01-04T03:00:00.000000000,1.5370000000000001,1.078,0.0,0.0,6.066278081494827,0.0
376845,2025-01-04T04:00:00.000000000,1.536,1.0790000000000002,0.0,0.0,6.5747563882436335,0.0
376845,2025-01-04T05:00:00.000000000,1.5310000000000001,1.0750000000000002,0.0,0.0,6.184678793844406,0.0
376845,2025-01-04T06:00:00.000000000,1.79,1.086,0.0,0.0,7.644465794372244,0.0
376845,2025-01-04T07:00:00.000000000,1.906,1.098,0.0,0.0,12.062512177218494,0.0
376845,2025-01-04T08:00:00.000000000,1.918,1.1,0.0,0.0,11.96052344479856,0.0
376845,2025-01-04T09:00:00.000000000,1.617,1.1,0.0,0.0,6.292528947667783,0.0
376845,2025-01-04T10:00:00.000000000,1.5659999999999998,1.104,0.0,0.0,5.975132978671268,0.0
376845,2025-01-04T11:00:00.000000000,1.572,1.1110000000000002,0.0,0.0,5.9780636893729895,0.0
376845,2025-01-04T12:00:00.000000000,1.675,1.113,0.0,0.0,5.701111528060239,0.0
376845,2025-01-04T13:00:00.000000000,1.704,1.106,0.0,0.0,6.0908960513892945,0.0
376845,2025-01-04T14:00:00.000000000,1.5940000000000003,1.0990000000000002,0.0,0.0,6.907685123959277,0.0
376845,2025-01-04T15:00:00.000000000,1.559,1.098,0.0,0.0,6.374002705175661,0.0
376845,2025-01-04T16:00:00.000000000,1.626,1.09,0.0,0.0,6.232449378282478,0.0
376845,2025-01-04T17:00:00.000000000,1.7429999999999999,1.09,0.0,0.0,7.784846836984739,0.0
376845,2025-01-04T18:00:00.000000000,1.611,1.088,0.0,0.0,8.839609618534567,0.0
376845,2025-01-04T19:00:00.000000000,1.549,1.07,0.0,0.0,6.802472609767451,0.0
376845,2025-01-04T20:00:00.000000000,1.632,0.803,0.0,0.0,8.215661310137905,0.0
376845,2025-01-04T21:00:00.000000000,1.219,0.048,0.0,0.0,14.262596701001366,0.0
376845,2025-01-04T22:00:00.000000000,0.958,0.048,0.0,0.0,12.512669341003027,0.0
376845,2025-01-04T23:00:00.000000000,0.7360000000000001,0.048,0.0,0.0,10.877039698371856,0.0
376845,2025-01-05T00:00:00.000000000,0.55,0.048,0.0,0.0,11.249533028560748,0.0
376845,2025-01-05T01:00:00.000000000,0.537,0.048,0.0,0.0,11.463474909786472,0.0
376845,2025-01-05T02:00:00.000000000,0.52,0.048,0.0,0.0,11.792593721589878,0.0
376845,2025-01-05T03:00:00.000000000,0.509,0.048,0.0,0.0,11.383466507629455,0.0
376845,2025-01-05T04:00:00.000000000,0.508,0.048,0.0,0.0,12.114092685568806,0.0
376845,2025-01-05T05:00:00.000000000,0.505,0.048,0.0,0.0,11.836554382115713,0.0
376845,2025-01-05T06:00:00.000000000,0.543,0.048,0.0,0.0,12.741557846807533,0.0
376845,2025-01-05T07:00:00.000000000,0.5890000000000001,0.048,0.0,0.0,12.47457010188064,0.0
376845,2025-01-05T08:00:00.000000000,1.213,0.048,0.0,0.0,11.860293138799662,0.0
376845,2025-01-05T09:00:00.000000000,0.914,0.048,0.0,0.0,17.628224870859167,0.0
376845,2025-01-05T10:00:00.000000000,0.534,0.048,0.0,0.0,12.997115819997711,0.0
376845,2025-01-05T11:00:00.000000000,0.509,0.048,0.0,0.0,11.945283749149606,0.0
376845,2025-01-05T12:00:00.000000000,0.508,0.048,0.0,0.0,12.754452973895111,0.0
376845,2025-01-05T13:00:00.000000000,0.511,0.048,0.0,0.0,11.387862573682039,0.0
376845,2025-01-05T14:00:00.000000000,1.291,0.794,0.0,0.0,9.284198431985828,0.0
376845,2025-01-05T15:00:00.000000000,1.645,1.048,0.0,0.0,7.930503158860333,0.0
376845,2025-01-05T16:00:00.000000000,1.508,1.048,0.0,0.0,8.02750968308734,0.0
376845,2025-01-05T17:00:00.000000000,1.5350000000000001,1.048,0.0,0.0,8.70010778913259,0.0
376845,2025-01-05T18:00:00.000000000,1.5259999999999998,1.048,0.0,0.0,8.11572407520918,0.0
376845,2025-01-05T19:00:00.000000000,1.8479999999999999,1.044,0.0,0.0,9.233497136846033,0.0
376845,2025-01-05T20:00:00.000000000,1.9129999999999998,0.793,0.0,0.0,8.625667737308843,0.0
376845,2025-01-05T21:00:00.000000000,1.885,1.044,0.0,0.0,7.395062313655684,0.0
376845,2025-01-05T22:00:00.000000000,1.6969999999999998,1.045,0.0,0.0,7.70454536375755,0.0
376845,2025-01-05T23:00:00.000000000,1.659,1.0470000000000002,0.0,0.0,7.110197233448283,0.0
376845,2025-01-06T00:00:00.000000000,1.551,1.052,0.0,0.0,7.368099775199839,0.0
376845,2025-01-06T01:00:00.000000000,1.541,1.056,0.0,0.0,7.319743048621422,0.0
376845,2025-01-06T02:00:00.000000000,1.532,1.064,0.0,0.0,6.962196343011311,0.0
376845,2025-01-06T03:00:00.000000000,1.524,1.064,0.0,0.0,6.468371589771118,0.0
376845,2025-01-06T04:00:00.000000000,1.521,1.0630000000000002,0.0,0.0,6.941388297029084,0.0
376845,2025-01-06T05:00:00.000000000,1.5179999999999998,1.0630000000000002,0.0,0.0,6.5266927327353885,0.0
376845,2025-01-06T06:00:00.000000000,1.5260000000000002,1.07,0.0,0.0,6.237138515405233,0.0
376845,2025-01-06T07:00:00.000000000,1.532,1.074,0.0,0.0,6.48068057471835,0.0
376845,2025-01-06T08:00:00.000000000,1.597,1.072,0.0,0.0,6.094412904231362,0.0
376845,2025-01-06T09:00:00.000000000,2.079,1.076,0.0,0.0,6.155371686827184,0.0
376845,2025-01-06T10:00:00.000000000,1.676,1.08,0.0,0.0,5.717523507989883,0.0
376845,2025-01-06T11:00:00.000000000,1.78,1.0870000000000002,0.0,0.0,5.939671379180428,0.0
376845,2025-01-06T12:00:00.000000000,2.277,1.11,0.0,0.0,5.3544084520465,0.0
376845,2025-01-06T13:00:00.000000000,1.854,1.12,0.0,0.0,5.409212742168705,0.0
376845,2025-01-06T14:00:00.000000000,1.852,1.114,0.0,0.0,4.70291146305365,0.0
376845,2025-01-06T15:00:00.000000000,2.04,1.1030000000000002,0.0,0.0,4.843878647806489,0.0
376845,2025-01-06T16:00:00.000000000,3.5989999999999998,1.09,0.0,0.0,5.628429902657528,0.0
376845,2025-01-06T17:00:00.000000000,3.57,1.0790000000000002,0.0,0.0,6.005026227828834,0.0
376845,2025-01-06T18:00:00.000000000,2.87,1.072,0.0,0.0,6.151268691844773,0.0
376845,2025-01-06T19:00:00.000000000,2.0149999999999997,1.066,0.0,0.0,8.034836459841644,0.0
376845,2025-01-06T20:00:00.000000000,1.456,0.799,0.0,0.0,8.295962783365095,0.0
376845,2025-01-06T21:00:00.000000000,1.321,0.048,0.0,0.0,10.821356195039133,0.0
376845,2025-01-06T22:00:00.000000000,0.7490000000000001,0.048,0.0,0.0,12.140176010814134,0.0
376845,2025-01-06T23:00:00.000000000,0.662,0.048,0.0,0.0,13.094708486365063,0.0
376845,2025-01-07T00:00:00.000000000,0.607,0.048,0.0,0.0,13.819473242900965,0.0
376845,2025-01-07T01:00:00.000000000,0.556,0.048,0.0,0.0,13.622529483745234,0.0
376845,2025-01-07T02:00:00.000000000,0.52,0.048,0.0,0.0,14.061549946863224,0.0
376845,2025-01-07T03:00:00.000000000,0.509,0.048,0.0,0.0,14.061549946863224,0.0
376845,2025-01-07T04:00:00.000000000,0.508,0.048,0.0,0.0,13.630149331569712,0.0
376845,2025-01-07T05:00:00.000000000,0.505,0.048,0.0,0.0,13.630149331569712,0.0
376845,2025-01-07T06:00:00.000000000,0.504,0.048,0.0,0.0,14.061549946863224,0.0
376845,2025-01-07T07:00:00.000000000,0.507,0.048,0.0,0.0,13.630149331569712,0.0
376845,2025-01-07T08:00:00.000000000,0.511,0.048,0.0,0.0,14.061549946863224,0.0
376845,2025-01-07T09:00:00.000000000,0.647,0.048,0.0,0.0,14.658242645733868,0.0
376845,2025-01-07T10:00:00.000000000,0.7140000000000001,0.048,0.0,0.0,14.061549946863224,0.0
376845,2025-01-07T11:00:00.000000000,0.645,0.048,0.0,0.0,13.437894709536732,0.0
376845,2025-01-07T12:00:00.000000000,0.644,0.048,0.0,0.0,12.771744167035273,0.0
376845,2025-01-07T13:00:00.000000000,0.647,0.048,0.0,0.0,12.342101978162795,0.0
376845,2025-01-07T14:00:00.000000000,0.648,0.048,0.0,0.0,11.859706996659316,0.0
376845,2025-01-07T15:00:00.000000000,0.867,0.048,0.0,0.0,14.334985255333905,0.0
376845,2025-01-07T16:00:00.000000000,1.904,0.048,0.0,0.0,15.31648026934068,0.0
376845,2025-01-07T17:00:00.000000000,1.0979999999999999,0.048,0.0,0.0,17.150225955408274,0.0
376845,2025-01-07T18:00:00.000000000,0.778,0.048,0.0,0.0,14.259079848159299,0.0
376845,2025-01-07T19:00:00.000000000,0.764,0.048,0.0,0.0,13.89244793937385,0.0
376845,2025-01-07T20:00:00.000000000,0.7629999999999999,0.048,0.0,0.0,15.336116031042218,0.0
376845,2025-01-07T21:00:00.000000000,0.7330000000000001,0.048,0.0,0.0,14.627470183365784,0.0
376845,2025-01-07T22:00:00.000000000,0.7,0.048,0.0,0.0,14.512879394928444,0.0
376845,2025-01-07T23:00:00.000000000,0.662,0.048,0.0,0.0,13.630149331569712,0.0
376845,2025-01-08T00:00:00.000000000,0.64,0.048,0.0,0.0,14.803605896539288,0.0
376845,2025-01-08T01:00:00.000000000,0.595,0.048,0.0,0.0,13.934943244548823,0.0
376845,2025-01-08T02:00:00.000000000,0.5630000000000001,0.048,0.0,0.0,14.068290581477184,0.0
376845,2025-01-08T03:00:00.000000000,0.543,0.048,0.0,0.0,14.07034207896839,0.0
376845,2025-01-08T04:00:00.000000000,0.537,0.048,0.0,0.0,14.068583652547355,0.0
376845,2025-01-08T05:00:00.000000000,0.512,0.048,0.0,0.0,14.073272789670112,0.0
376845,2025-01-08T06:00:00.000000000,0.504,0.048,0.0,0.0,14.061843017933395,0.0
376845,2025-01-08T07:00:00.000000000,0.507,0.048,0.0,0.0,13.630149331569712,0.0
376845,2025-01-08T08:00:00.000000000,0.75,0.048,0.0,0.0,14.558891552945484,0.0
376845,2025-01-08T09:00:00.000000000,0.914,0.048,0.0,0.0,17.631741723701232,0.0
376845,2025-01-08T10:00:00.000000000,0.7410000000000001,0.048,0.0,0.0,15.308274279375857,0.0
376845,2025-01-08T11:00:00.000000000,0.645,0.048,0.0,0.0,13.661801007148313,0.0
376845,2025-01-08T12:00:00.000000000,0.5760000000000001,0.048,0.0,0.0,12.401888476477929,0.0
376845,2025-01-08T13:00:00.000000000,1.264,0.804,0.0,0.0,9.208586095881396,0.0
376845,2025-01-08T14:00:00.000000000,1.534,1.07,0.0,0.0,7.824997573598334,0.0
376845,2025-01-08T15:00:00.000000000,1.546,1.084,0.0,0.0,7.896506914720356,0.0
376845,2025-01-08T16:00:00.000000000,1.54,1.0790000000000002,0.0,0.0,7.142141980097056,0.0
376845,2025-01-08T17:00:00.000000000,1.675,1.0590000000000002,0.0,0.0,7.617796326986572,0.0
376845,2025-01-08T18:00:00.000000000,2.226,1.048,0.0,0.0,7.716854348704783,0.0
376845,2025-01-08T19:00:00.000000000,1.001,0.048,0.0,0.0,9.829017551435989,0.0
376845,2025-01-08T20:00:00.000000000,0.998,0.048,0.0,0.0,10.140845170099233,0.0
376845,2025-01-08T21:00:00.000000000,0.941,0.048,0.0,0.0,11.46962940226009,0.0
376845,2025-01-08T22:00:00.000000000,0.873,0.048,0.0,0.0,11.729876512573021,0.0
376845,2025-01-08T23:00:00.000000000,0.7030000000000001,0.048,0.0,0.0,12.343567333513656,0.0
376845,2025-01-09T00:00:00.000000000,0.989,0.048,0.0,0.0,12.66711779498379,0.0
376845,2025-01-09T01:00:00.000000000,0.907,0.048,0.0,0.0,14.610765132365966,0.0
376845,2025-01-09T02:00:00.000000000,0.52,0.048,0.0,0.0,13.250036153556339,0.0
376845,2025-01-09T03:00:00.000000000,0.509,0.048,0.0,0.0,14.593767010295977,0.0
376845,2025-01-09T04:00:00.000000000,0.508,0.048,0.0,0.0,13.3675576526954,0.0
376845,2025-01-09T05:00:00.000000000,0.512,0.048,0.0,0.0,14.601093787050283,0.0
376845,2025-01-09T06:00:00.000000000,0.504,0.048,0.0,0.0,14.084116419266483,0.0
376845,2025-01-09T07:00:00.000000000,0.5660000000000001,0.048,0.0,0.0,15.432536413128878,0.0
376845,2025-01-09T08:00:00.000000000,0.661,0.048,0.0,0.0,15.2139053947804,0.0
376845,2025-01-09T09:00:00.000000000,0.512,0.048,0.0,0.0,13.630149331569712,0.0
376845,2025-01-09T10:00:00.000000000,0.546,0.048,0.0,0.0,14.061549946863224,0.0
376845,2025-01-09T11:00:00.000000000,0.543,0.048,0.0,0.0,13.890103370812472,0.0
376845,2025-01-09T12:00:00.000000000,0.508,0.048,0.0,0.0,13.752946109971873,0.0
376845,2025-01-09T13:00:00.000000000,0.511,0.048,0.0,0.0,11.625836282661883,0.0
376845,2025-01-09T14:00:00.000000000,1.262,0.8,0.0,0.0,8.337871946399723,0.0
376845,2025-01-09T15:00:00.000000000,1.52,1.058,0.0,0.0,7.773417065248022,0.0
376845,2025-01-09T16:00:00.000000000,1.529,1.069,0.0,0.0,7.0404463187472945,0.0
376845,2025-01-09T17:00:00.000000000,1.576,1.089,0.0,0.0,7.342309521024683,0.0
376845,2025-01-09T18:00:00.000000000,1.566,1.086,0.0,0.0,6.835003498556567,0.0
376845,2025-01-09T19:00:00.000000000,1.5710000000000002,1.094,0.0,0.0,6.730670197575256,0.0
376845,2025-01-09T20:00:00.000000000,1.6920000000000002,1.097,0.0,0.0,6.8525877627669,0.0
376845,2025-01-09T21:00:00.000000000,1.6780000000000002,1.101,0.0,0.0,6.231277094001788,0.0
376845,2025-01-09T22:00:00.000000000,1.756,1.104,0.0,0.0,6.178524301370789,0.0
376845,2025-01-09T23:00:00.000000000,1.723,1.11,0.0,0.0,6.002388588197283,0.0
376845,2025-01-10T00:00:00.000000000,2.404,1.114,0.0,0.0,6.215158185142316,0.0
376845,2025-01-10T01:00:00.000000000,1.62,1.116,0.0,0.0,5.642790385095967,0.0
376845,2025-01-10T02:00:00.000000000,1.5910000000000002,1.12,0.0,0.0,5.283778324134994,0.0
376845,2025-01-10T03:00:00.000000000,1.581,1.12,0.0,0.0,5.669459852481639,0.0
376845,2025-01-10T04:00:00.000000000,1.577,1.12,0.0,0.0,4.876409536595605,0.0
376845,2025-01-10T05:00:00.000000000,1.577,1.121,0.0,0.0,4.852084637771311,0.0
376845,2025-01-10T06:00:00.000000000,1.58,1.124,0.0,0.0,4.54055009017824,0.0
376845,2025-01-10T07:00:00.000000000,1.5790000000000002,1.122,0.0,0.0,4.000713178921005,0.0
376845,2025-01-10T08:00:00.000000000,1.6360000000000001,1.12,0.0,0.0,4.5150529070732555,0.0
376845,2025-01-10T09:00:00.000000000,1.5900000000000003,1.128,0.0,0.0,4.132595160498505,0.0
376845,2025-01-10T10:00:00.000000000,1.599,1.1369999999999998,0.0,0.0,3.2214372033330667,0.0
376845,2025-01-10T11:00:00.000000000,1.6050000000000002,1.144,0.0,0.0,2.841910167460039,0.0
376845,2025-01-10T12:00:00.000000000,1.606,1.147,0.0,0.0,2.8943698890208664,0.0
376845,2025-01-10T13:00:00.000000000,1.6150000000000002,1.154,0.0,0.0,2.0268795213110886,0.0
376845,2025-01-10T14:00:00.000000000,1.613,1.152,0.0,0.0,2.2666116567119667,0.0
376845,2025-01-10T15:00:00.000000000,1.6170000000000002,1.1549999999999998,0.0,0.0,1.5480013926496778,0.0
376845,2025-01-10T16:00:00.000000000,1.6190000000000002,1.1589999999999998,0.0,0.0,1.7985771576469278,0.0
376845,2025-01-10T17:00:00.000000000,1.6409999999999998,1.154,0.0,0.0,3.0306479366509502,0.0
376845,2025-01-10T18:00:00.000000000,1.83,1.1449999999999998,0.0,0.0,3.4415335770324056,0.0
376845,2025-01-10T19:00:00.000000000,1.8530000000000002,1.139,0.0,0.0,4.55520364368685,0.0
376845,2025-01-10T20:00:00.000000000,1.9,1.13,0.0,0.0,4.589199887826828,0.0
376845,2025-01-10T21:00:00.000000000,3.484,1.113,0.0,0.0,6.0372640455477775,0.0
376845,2025-01-10T22:00:00.000000000,2.791,1.096,0.0,0.0,13.177354528153627,0.0
376845,2025-01-10T23:00:00.000000000,2.02,1.084,0.0,0.0,12.207875428023918,0.0
376845,2025-01-11T00:00:00.000000000,1.569,1.069,0.0,0.0,8.185768060980338,0.0
376845,2025-01-11T01:00:00.000000000,1.536,1.05,0.0,0.0,9.479383764720529,0.0
376845,2025-01-11T02:00:00.000000000,0.52,0.048,0.0,0.0,10.586899338901356,0.0
376845,2025-01-11T03:00:00.000000000,0.509,0.048,0.0,0.0,11.408670619664266,0.0
376845,2025-01-11T04:00:00.000000000,0.508,0.048,0.0,0.0,11.50421178854041,0.0
376845,2025-01-11T05:00:00.000000000,0.505,0.048,0.0,0.0,11.718153669766133,0.0
376845,2025-01-11T06:00:00.000000000,0.504,0.048,0.0,0.0,12.329206851075217,0.0
376845,2025-01-11T07:00:00.000000000,0.553,0.048,0.0,0.0,12.757383684596832,0.0
376845,2025-01-11T08:00:00.000000000,0.63,0.048,0.0,0.0,12.086544004972616,0.0
376845,2025-01-11T09:00:00.000000000,0.646,0.048,0.0,0.0,11.80109278262487,0.0
376845,2025-01-11T10:00:00.000000000,0.648,0.048,0.0,0.0,14.875408308731485,0.0
376845,2025-01-11T11:00:00.000000000,0.645,0.048,0.0,0.0,13.21193691443395,0.0
376845,2025-01-11T12:00:00.000000000,0.644,0.048,0.0,0.0,11.835675168905196,0.0
376845,2025-01-11T13:00:00.000000000,0.647,0.048,0.0,0.0,12.042876415516956,0.0
376845,2025-01-11T14:00:00.000000000,0.648,0.048,0.0,0.0,11.255394449964195,0.0
376845,2025-01-11T15:00:00.000000000,0.5800000000000001,0.048,0.0,0.0,10.759811270302965,0.0
376845,2025-01-11T16:00:00.000000000,0.512,0.048,0.0,0.0,12.066615172200905,0.0
376845,2025-01-11T17:00:00.000000000,0.7049999999999998,0.048,0.0,0.0,11.866154560203107,0.0
376845,2025-01-11T18:00:00.000000000,1.4849999999999999,0.8,0.0,0.0,8.691608728097595,0.0
376845,2025-01-11T19:00:00.000000000,1.778,1.064,0.0,0.0,7.587903077829005,0.0
376845,2025-01-11T20:00:00.000000000,1.784,1.072,0.0,0.0,6.956334921607867,0.0
376845,2025-01-11T21:00:00.000000000,1.862,1.0790000000000002,0.0,0.0,7.584972367127283,0.0
376845,2025-01-11T22:00:00.000000000,1.907,1.086,0.0,0.0,7.072684136466239,0.0
376845,2025-01-11T23:00:00.000000000,1.742,1.088,0.0,0.0,5.7145927972881605,0.0
376845,2025-01-12T00:00:00.000000000,1.6469999999999998,1.09,0.0,0.0,6.170904453546312,0.0
376845,2025-01-12T01:00:00.000000000,1.589,1.104,0.0,0.0,6.001216303916594,0.0
376845,2025-01-12T02:00:00.000000000,1.589,1.121,0.0,0.0,5.165963753925761,0.0
376845,2025-01-12T03:00:00.000000000,1.576,1.117,0.0,0.0,4.608249507388022,0.0
376845,2025-01-12T04:00:00.000000000,1.577,1.118,0.0,0.0,4.433286078495206,0.0
376845,2025-01-12T05:00:00.000000000,1.573,1.117,0.0,0.0,4.875530323385089,0.0
376845,2025-01-12T06:00:00.000000000,1.61,1.117,0.0,0.0,4.410426535021772,0.0
376845,2025-01-12T07:00:00.000000000,2.088,1.109,0.0,0.0,5.4643101033610835,0.0
376845,2025-01-12T08:00:00.000000000,1.6749999999999998,1.0950000000000002,0.0,0.0,6.224829530458001,0.0
376845,2025-01-12T09:00:00.000000000,1.623,1.094,0.0,0.0,5.865817469497028,0.0
376845,2025-01-12T10:00:00.000000000,1.5739999999999998,1.112,0.0,0.0,5.633705181920628,0.0
376845,2025-01-12T11:00:00.000000000,1.5910000000000002,1.132,0.0,0.0,4.442957423810888,0.0
376845,2025-01-12T12:00:00.000000000,1.5940000000000003,1.134,0.0,0.0,5.546370003009306,0.0
376845,2025-01-12T13:00:00.000000000,1.596,1.1349999999999998,0.0,0.0,5.413022666080944,0.0
376845,2025-01-12T14:00:00.000000000,1.6380000000000001,1.142,0.0,0.0,5.203183779837634,0.0
376845,2025-01-12T15:00:00.000000000,1.73,1.134,0.0,0.0,5.203476850907806,0.0
376845,2025-01-12T16:00:00.000000000,2.37,1.12,0.0,0.0,5.585348455342212,0.0
376845,2025-01-12T17:00:00.000000000,2.023,1.106,0.0,0.0,6.820349945047956,0.0
376845,2025-01-12T18:00:00.000000000,1.779,1.094,0.0,0.0,6.420601005333046,0.0
376845,2025-01-12T19:00:00.000000000,2.038,1.086,0.0,0.0,8.28599836697924,0.0
376845,2025-01-12T20:00:00.000000000,2.015,1.0670000000000002,0.0,0.0,7.043670100519189,0.0
376845,2025-01-12T21:00:00.000000000,1.9369999999999998,1.048,0.0,0.0,7.5717841689695335,0.0
376845,2025-01-12T22:00:00.000000000,2.5140000000000002,0.048,0.0,0.0,10.411056696798024,0.0
376845,2025-01-12T23:00:00.000000000,0.7690000000000001,0.048,0.0,0.0,10.83952660138981,0.0
376845,2025-01-13T00:00:00.000000000,0.55,0.048,0.0,0.0,10.83806124603895,0.0
376845,2025-01-13T01:00:00.000000000,0.537,0.048,0.0,0.0,12.919745057472245,0.0
376845,2025-01-13T02:00:00.000000000,0.52,0.048,0.0,0.0,11.622905571960162,0.0
376845,2025-01-13T03:00:00.000000000,0.509,0.048,0.0,0.0,10.676579086374057,0.0
376845,2025-01-13T04:00:00.000000000,0.508,0.048,0.0,0.0,10.725228884022645,0.0
376845,2025-01-13T05:00:00.000000000,0.505,0.048,0.0,0.0,11.108565843807911,0.0
376845,2025-01-13T06:00:00.000000000,0.504,0.048,0.0,0.0,10.88026348014375,0.0
376845,2025-01-13T07:00:00.000000000,0.507,0.048,0.0,0.0,11.65338496325807,0.0
376845,2025-01-13T08:00:00.000000000,0.511,0.048,0.0,0.0,11.656022602889623,0.0
376845,2025-01-13T09:00:00.000000000,1.729,0.048,0.0,0.0,11.343315771015861,0.0
376845,2025-01-13T10:00:00.000000000,2.404,0.048,0.0,0.0,11.883445753343267,0.0
376845,2025-01-13T11:00:00.000000000,1.469,0.048,0.0,0.0,12.399250836846377,0.0
376845,2025-01-13T12:00:00.000000000,0.644,0.048,0.0,0.0,13.094415415294888,0.0
376845,2025-01-13T13:00:00.000000000,0.545,0.048,0.0,0.0,12.043755628727473,0.0
376845,2025-01-13T14:00:00.000000000,0.684,0.048,0.0,0.0,12.494792005722523,0.0
376845,2025-01-13T15:00:00.000000000,0.782,0.048,0.0,0.0,11.785560015905745,0.0
376845,2025-01-13T16:00:00.000000000,0.657,0.048,0.0,0.0,11.983089917201822,0.0
376845,2025-01-13T17:00:00.000000000,0.7049999999999998,0.048,0.0,0.0,13.63513153976264,0.0
376845,2025-01-13T18:00:00.000000000,0.7350000000000001,0.048,0.0,0.0,14.375135991947502,0.0
376845,2025-01-13T19:00:00.000000000,0.825,0.048,0.0,0.0,13.943149234513646,0.0
376845,2025-01-13T20:00:00.000000000,2.5200000000000005,0.048,0.0,0.0,13.83295451212889,0.0
376845,2025-01-13T21:00:00.000000000,2.14,0.048,0.0,0.0,13.460754253010167,0.0
376845,2025-01-13T22:00:00.000000000,0.869,0.048,0.0,0.0,14.102286825617162,0.0
376845,2025-01-13T23:00:00.000000000,0.7020000000000001,0.048,0.0,0.0,13.630149331569712,0.0
376845,2025-01-14T00:00:00.000000000,0.588,0.048,0.0,0.0,14.061549946863224,0.0
376845,2025-01-14T01:00:00.000000000,0.537,0.048,0.0,0.0,13.630149331569712,0.0
376845,2025-01-14T02:00:00.000000000,0.52,0.048,0.0,0.0,14.087633272108551,0.0
376845,2025-01-14T03:00:00.000000000,0.509,0.048,0.0,0.0,13.630149331569712,0.0
376845,2025-01-14T04:00:00.000000000,0.508,0.048,0.0,0.0,14.061843017933395,0.0
376845,2025-01-14T05:00:00.000000000,0.505,0.048,0.0,0.0,13.630149331569712,0.0
376845,2025-01-14T06:00:00.000000000,0.504,0.048,0.0,0.0,13.630149331569712,0.0
376845,2025-01-14T07:00:00.000000000,0.507,0.048,0.0,0.0,14.061843017933395,0.0
376845,2025-01-14T08:00:00.000000000,0.6070000000000001,0.048,0.0,0.0,14.119578018757323,0.0
376845,2025-01-14T09:00:00.000000000,0.646,0.048,0.0,0.0,14.061843017933395,0.0
376845,2025-01-14T10:00:00.000000000,0.648,0.048,0.0,0.0,13.630149331569712,0.0
376845,2025-01-14T11:00:00.000000000,0.645,0.048,0.0,0.0,13.630149331569712,0.0
376845,2025-01-14T12:00:00.000000000,0.5760000000000001,0.048,0.0,0.0,14.061843017933395,0.0
376845,2025-01-14T13:00:00.000000000,1.9959999999999998,0.048,0.0,0.0,14.836429856398578,0.0
376845,2025-01-14T14:00:00.000000000,0.648,0.048,0.0,0.0,14.087633272108551,0.0
376845,2025-01-14T15:00:00.000000000,0.648,0.048,0.0,0.0,13.630149331569712,0.0
376845,2025-01-14T16:00:00.000000000,0.6900000000000001,0.048,0.0,0.0,14.061843017933395,0.0
376845,2025-01-14T17:00:00.000000000,0.7909999999999999,0.048,0.0,0.0,14.793934551223607,0.0
376845,2025-01-14T18:00:00.000000000,0.94,0.048,0.0,0.0,15.927533450649761,0.0
376845,2025-01-14T19:00:00.000000000,1.001,0.048,0.0,0.0,14.590543228524083,0.0
376845,2025-01-14T20:00:00.000000000,1.9050000000000002,0.048,0.0,0.0,14.117233450195945,0.0
376845,2025-01-14T21:00:00.000000000,0.938,0.048,0.0,0.0,14.582044167489089,0.0
376845,2025-01-14T22:00:00.000000000,0.829,0.048,0.0,0.0,14.582044167489089,0.0
376845,2025-01-14T23:00:00.000000000,0.662,0.048,0.0,0.0,14.117233450195945,0.0
376845,2025-01-15T00:00:00.000000000,0.588,0.048,0.0,0.0,14.062136089003568,0.0
376845,2025-01-15T01:00:00.000000000,0.537,0.048,0.0,0.0,13.630149331569712,0.0
376845,2025-01-15T02:00:00.000000000,0.52,0.048,0.0,0.0,14.11781959233629,0.0
376845,2025-01-15T03:00:00.000000000,0.509,0.048,0.0,0.0,14.062429160073739,0.0
376845,2025-01-15T04:00:00.000000000,0.508,0.048,0.0,0.0,13.630149331569712,0.0
376845,2025-01-15T05:00:00.000000000,0.505,0.048,0.0,0.0,14.062429160073739,0.0
376845,2025-01-15T06:00:00.000000000,0.504,0.048,0.0,0.0,13.630149331569712,0.0
376845,2025-01-15T07:00:00.000000000,0.507,0.048,0.0,0.0,14.062429160073739,0.0
376845,2025-01-15T08:00:00.000000000,0.6070000000000001,0.048,0.0,0.0,14.1430237043711,0.0
376845,2025-01-15T09:00:00.000000000,0.612,0.048,0.0,0.0,14.848445770275639,0.0
376845,2025-01-15T10:00:00.000000000,0.512,0.048,0.0,0.0,14.062429160073739,0.0
376845,2025-01-15T11:00:00.000000000,0.509,0.048,0.0,0.0,13.630149331569712,0.0
376845,2025-01-15T12:00:00.000000000,0.508,0.048,0.0,0.0,15.271347324534156,0.0
376845,2025-01-15T13:00:00.000000000,0.511,0.048,0.0,0.0,13.630149331569712,0.0
376845,2025-01-15T14:00:00.000000000,0.512,0.048,0.0,0.0,14.062136089003568,0.0
376845,2025-01-15T15:00:00.000000000,0.512,0.048,0.0,0.0,13.630149331569712,0.0
376845,2025-01-15T16:00:00.000000000,0.549,0.048,0.0,0.0,14.061843017933395,0.0
376845,2025-01-15T17:00:00.000000000,1.144,0.048,0.0,0.0,13.630149331569712,0.0
376845,2025-01-15T18:00:00.000000000,0.7350000000000001,0.048,0.0,0.0,13.630149331569712,0.0
376845,2025-01-15T19:00:00.000000000,0.764,0.048,0.0,0.0,14.062136089003568,0.0
376845,2025-01-15T20:00:00.000000000,0.7629999999999999,0.048,0.0,0.0,13.630149331569712,0.0
376845,2025-01-15T21:00:00.000000000,0.833,0.048,0.0,0.0,15.711833143003005,0.0
376845,2025-01-15T22:00:00.000000000,0.75,0.048,0.0,0.0,14.5755966039453,0.0
376845,2025-01-15T23:00:00.000000000,0.662,0.048,0.0,0.0,14.151522765406096,0.0
376845,2025-01-16T00:00:00.000000000,0.55,0.048,0.0,0.0,15.161738744289744,0.0
376845,2025-01-16T01:00:00.000000000,0.537,0.048,0.0,0.0,15.237058009324006,0.0
376845,2025-01-16T02:00:00.000000000,0.52,0.048,0.0,0.0,13.630149331569712,0.0
376845,2025-01-16T03:00:00.000000000,0.509,0.048,0.0,0.0,14.062136089003568,0.0
376845,2025-01-16T04:00:00.000000000,0.508,0.048,0.0,0.0,13.630149331569712,0.0
376845,2025-01-16T05:00:00.000000000,0.505,0.048,0.0,0.0,14.062136089003568,0.0
376845,2025-01-16T06:00:00.000000000,0.504,0.048,0.0,0.0,13.630149331569712,0.0
376845,2025-01-16T07:00:00.000000000,0.53,0.048,0.0,0.0,13.630149331569712,0.0
376845,2025-01-16T08:00:00.000000000,0.543,0.048,0.0,0.0,15.042751889799822,0.0
376845,2025-01-16T09:00:00.000000000,1.075,0.048,0.0,0.0,15.969735684754564,0.0
376845,2025-01-16T10:00:00.000000000,1.628,0.048,0.0,0.0,17.083405751409007,0.0
376845,2025-01-16T11:00:00.000000000,0.856,0.048,0.0,0.0,16.243170993225245,0.0
376845,2025-01-16T12:00:00.000000000,0.796,0.048,0.0,0.0,15.647357507565118,0.0
376845,2025-01-16T13:00:00.000000000,0.613,0.048,0.0,0.0,14.061549946863224,0.0
376845,2025-01-16T14:00:00.000000000,0.512,0.048,0.0,0.0,14.60842056380459,0.0
376845,2025-01-16T15:00:00.000000000,0.512,0.048,0.0,0.0,14.08763327210855,0.0
376845,2025-01-16T16:00:00.000000000,0.512,0.048,0.0,0.0,14.610765132365966,0.0
376845,2025-01-16T17:00:00.000000000,0.536,0.048,0.0,0.0,14.512293252788101,0.0
376845,2025-01-16T18:00:00.000000000,0.529,0.048,0.0,0.0,13.630149331569712,0.0
376845,2025-01-16T19:00:00.000000000,0.649,0.048,0.0,0.0,13.652715803972972,0.0
376845,2025-01-16T20:00:00.000000000,0.7629999999999999,0.048,0.0,0.0,14.538083506963256,0.0
376845,2025-01-16T21:00:00.000000000,0.883,0.048,0.0,0.0,14.121629516248529,0.0
376845,2025-01-16T22:00:00.000000000,0.75,0.048,0.0,0.0,14.112251242003017,0.0
376845,2025-01-16T23:00:00.000000000,0.63,0.048,0.0,0.0,14.577648101436505,0.0
376845,2025-01-17T00:00:00.000000000,0.518,0.048,0.0,0.0,13.630149331569712,0.0
376845,2025-01-17T01:00:00.000000000,0.537,0.048,0.0,0.0,14.087633272108551,0.0
376845,2025-01-17T02:00:00.000000000,0.52,0.048,0.0,0.0,13.630149331569712,0.0
376845,2025-01-17T03:00:00.000000000,0.509,0.048,0.0,0.0,14.061549946863224,0.0
376845,2025-01-17T04:00:00.000000000,0.508,0.048,0.0,0.0,13.630149331569712,0.0
376845,2025-01-17T05:00:00.000000000,0.505,0.048,0.0,0.0,13.630149331569712,0.0
376845,2025-01-17T06:00:00.000000000,0.53,0.048,0.0,0.0,14.573252035383923,0.0
376845,2025-01-17T07:00:00.000000000,0.613,0.048,0.0,0.0,15.108106738448228,0.0
376845,2025-01-17T08:00:00.000000000,0.654,0.048,0.0,0.0,14.784556276978094,0.0
376845,2025-01-17T09:00:00.000000000,0.544,0.048,0.0,0.0,13.630149331569712,0.0
376845,2025-01-17T10:00:00.000000000,0.512,0.048,0.0,0.0,14.5492202076298,0.0
376845,2025-01-17T11:00:00.000000000,0.509,0.048,0.0,0.0,15.403522377181828,0.0
376845,2025-01-17T12:00:00.000000000,0.508,0.048,0.0,0.0,13.630149331569712,0.0
376845,2025-01-17T13:00:00.000000000,0.511,0.048,0.0,0.0,13.630149331569712,0.0
376845,2025-01-17T14:00:00.000000000,0.512,0.048,0.0,0.0,14.062136089003566,0.0
376845,2025-01-17T15:00:00.000000000,0.512,0.048,0.0,0.0,13.630149331569712,0.0
376845,2025-01-17T16:00:00.000000000,0.5860000000000001,0.048,0.0,0.0,14.062136089003566,0.0
376845,2025-01-17T17:00:00.000000000,0.7049999999999998,0.048,0.0,0.0,13.630149331569712,0.0
376845,2025-01-17T18:00:00.000000000,0.7350000000000001,0.048,0.0,0.0,14.062429160073739,0.0
376845,2025-01-17T19:00:00.000000000,0.764,0.048,0.0,0.0,14.142730633300928,0.0
376845,2025-01-17T20:00:00.000000000,0.998,0.048,0.0,0.0,15.762827509212972,0.0
376845,2025-01-17T21:00:00.000000000,1.4300000000000002,0.048,0.0,0.0,15.356044863813928,0.0
376845,2025-01-17T22:00:00.000000000,0.832,0.048,0.0,0.0,15.129207855500628,0.0
376845,2025-01-17T23:00:00.000000000,0.7030000000000001,0.048,0.0,0.0,14.553909344752556,0.0
376845,2025-01-18T00:00:00.000000000,0.55,0.048,0.0,0.0,13.630149331569712,0.0
376845,2025-01-18T01:00:00.000000000,0.537,0.048,0.0,0.0,14.062722231143912,0.0
376845,2025-01-18T02:00:00.000000000,0.52,0.048,0.0,0.0,13.630149331569712,0.0
376845,2025-01-18T03:00:00.000000000,0.509,0.048,0.0,0.0,14.062722231143912,0.0
376845,2025-01-18T04:00:00.000000000,0.508,0.048,0.0,0.0,14.062722231143912,0.0
376845,2025-01-18T05:00:00.000000000,0.505,0.048,0.0,0.0,13.630149331569712,0.0
376845,2025-01-18T06:00:00.000000000,0.754,0.048,0.0,0.0,14.956002853028846,0.0
376845,2025-01-18T07:00:00.000000000,0.813,0.048,0.0,0.0,17.029187603427147,0.0
376845,2025-01-18T08:00:00.000000000,0.63,0.048,0.0,0.0,14.075031216091144,0.0
376845,2025-01-18T09:00:00.000000000,0.7120000000000001,0.048,0.0,0.0,14.538376578033429,0.0
376845,2025-01-18T10:00:00.000000000,0.648,0.048,0.0,0.0,14.128370150862489,0.0
376845,2025-01-18T11:00:00.000000000,0.645,0.048,0.0,0.0,14.540721146594805,0.0
376845,2025-01-18T12:00:00.000000000,0.644,0.048,0.0,0.0,14.573838177524268,0.0
376845,2025-01-18T13:00:00.000000000,0.6819999999999999,0.048,0.0,0.0,14.124853298020422,0.0
376845,2025-01-18T14:00:00.000000000,0.788,0.048,0.0,0.0,14.570028253612028,0.0
376845,2025-01-18T15:00:00.000000000,0.782,0.048,0.0,0.0,14.563287618998068,0.0
376845,2025-01-18T16:00:00.000000000,0.8009999999999999,0.048,0.0,0.0,14.069169794687701,0.0
376845,2025-01-18T17:00:00.000000000,1.144,0.048,0.0,0.0,14.118405734476633,0.0
376845,2025-01-18T18:00:00.000000000,0.7350000000000001,0.048,0.0,0.0,14.062429160073739,0.0
376845,2025-01-18T19:00:00.000000000,1.436,0.048,0.0,0.0,14.553323202612212,0.0
376845,2025-01-18T20:00:00.000000000,1.12,0.048,0.0,0.0,15.98819916217541,0.0
376845,2025-01-18T21:00:00.000000000,0.941,0.048,0.0,0.0,15.229731232569701,0.0
376845,2025-01-18T22:00:00.000000000,0.8320000000000001,0.048,0.0,0.0,14.577355030366334,0.0
376845,2025-01-18T23:00:00.000000000,0.662,0.048,0.0,0.0,13.630149331569712,0.0
376845,2025-01-19T00:00:00.000000000,0.607,0.048,0.0,0.0,14.903836202538189,0.0
376845,2025-01-19T01:00:00.000000000,0.595,0.048,0.0,0.0,14.380704342280772,0.0
376845,2025-01-19T02:00:00.000000000,0.5630000000000001,0.048,0.0,0.0,13.630149331569712,0.0
376845,2025-01-19T03:00:00.000000000,0.519,0.048,0.0,0.0,14.585561020331156,0.0
376845,2025-01-19T04:00:00.000000000,0.508,0.048,0.0,0.0,13.630149331569712,0.0
376845,2025-01-19T05:00:00.000000000,0.505,0.048,0.0,0.0,14.062722231143912,0.0
376845,2025-01-19T06:00:00.000000000,0.504,0.048,0.0,0.0,13.630149331569712,0.0
376845,2025-01-19T07:00:00.000000000,0.507,0.048,0.0,0.0,14.08909862745941,0.0
376845,2025-01-19T08:00:00.000000000,0.511,0.048,0.0,0.0,14.062722231143912,0.0
376845,2025-01-19T09:00:00.000000000,0.512,0.048,0.0,0.0,13.630149331569712,0.0
376845,2025-01-19T10:00:00.000000000,0.512,0.048,0.0,0.0,14.062722231143912,0.0
376845,2025-01-19T11:00:00.000000000,0.6110000000000001,0.048,0.0,0.0,13.630149331569712,0.0
376845,2025-01-19T12:00:00.000000000,0.542,0.048,0.0,0.0,14.062429160073739,0.0
376845,2025-01-19T13:00:00.000000000,0.511,0.048,0.0,0.0,13.630149331569712,0.0
376845,2025-01-19T14:00:00.000000000,0.546,0.048,0.0,0.0,13.630149331569712,0.0
376845,2025-01-19T15:00:00.000000000,0.5800000000000001,0.048,0.0,0.0,15.080558057852038,0.0
376845,2025-01-19T16:00:00.000000000,0.512,0.048,0.0,0.0,15.07411049430825,0.0
376845,2025-01-19T17:00:00.000000000,0.536,0.048,0.0,0.0,14.061843017933395,0.0
376845,2025-01-19T18:00:00.000000000,0.6910000000000001,0.048,0.0,0.0,13.630149331569712,0.0
376845,2025-01-19T19:00:00.000000000,1.849,0.048,0.0,0.0,14.605196782032694,0.0
376845,2025-01-19T20:00:00.000000000,1.496,0.048,0.0,0.0,14.061843017933395,0.0
376845,2025-01-19T21:00:00.000000000,0.7330000000000001,0.048,0.0,0.0,13.630149331569712,0.0
376845,2025-01-19T22:00:00.000000000,0.8700000000000001,0.048,0.0,0.0,15.450706819479556,0.0
376845,2025-01-19T23:00:00.000000000,0.748,0.048,0.0,0.0,17.576058220368513,0.0
376845,2025-01-20T00:00:00.000000000,0.518,0.048,0.0,0.0,14.088219414248895,0.0
376845,2025-01-20T01:00:00.000000000,0.537,0.048,0.0,0.0,14.062136089003568,0.0
376845,2025-01-20T02:00:00.000000000,0.52,0.048,0.0,0.0,14.088512485319068,0.0
376845,2025-01-20T03:00:00.000000000,0.509,0.048,0.0,0.0,13.630149331569712,0.0
376845,2025-01-20T04:00:00.000000000,0.508,0.048,0.0,0.0,14.062136089003568,0.0
376845,2025-01-20T05:00:00.000000000,0.505,0.048,0.0,0.0,13.630149331569712,0.0
376845,2025-01-20T06:00:00.000000000,0.504,0.048,0.0,0.0,13.630149331569712,0.0
376845,2025-01-20T07:00:00.000000000,0.531,0.048,0.0,0.0,14.062136089003568,0.0
376845,2025-01-20T08:00:00.000000000,1.07,0.048,0.0,0.0,13.630149331569712,0.0
376845,2025-01-20T09:00:00.000000000,0.646,0.048,0.0,0.0,14.062136089003568,0.0
376845,2025-01-20T10:00:00.000000000,0.7470000000000001,0.048,0.0,0.0,13.630149331569712,0.0
376845,2025-01-20T11:00:00.000000000,0.7769999999999999,0.048,0.0,0.0,14.061843017933395,0.0
376845,2025-01-20T12:00:00.000000000,0.644,0.048,0.0,0.0,14.061843017933395,0.0
376845,2025-01-20T13:00:00.000000000,0.647,0.048,0.0,0.0,14.151522765406096,0.0
376845,2025-01-20T14:00:00.000000000,0.648,0.048,0.0,0.0,14.583216451769779,0.0
376845,2025-01-20T15:00:00.000000000,0.683,0.048,0.0,0.0,13.106138258101778,0.0
376845,2025-01-20T16:00:00.000000000,0.657,0.048,0.0,0.0,12.267954997409221,0.0
376845,2025-01-20T17:00:00.000000000,0.7479999999999999,0.048,0.0,0.0,13.166510898557254,0.0
376845,2025-01-20T18:00:00.000000000,1.967,0.048,0.0,0.0,12.928244118507239,0.0
376845,2025-01-20T19:00:00.000000000,1.3719999999999999,0.048,0.0,0.0,14.073272789670112,0.0
376845,2025-01-20T20:00:00.000000000,1.083,0.048,0.0,0.0,15.058577727589125,0.0
376845,2025-01-20T21:00:00.000000000,1.206,0.048,0.0,0.0,18.13494475118694,0.0
376845,2025-01-20T22:00:00.000000000,0.8919999999999999,0.048,0.0,0.0,14.444007693437971,0.0
376845,2025-01-20T23:00:00.000000000,0.8009999999999999,0.048,0.0,0.0,14.487968353963806,0.0
376845,2025-01-21T00:00:00.000000000,0.678,0.048,0.0,0.0,13.228935036503938,0.0
376845,2025-01-21T01:00:00.000000000,0.569,0.048,0.0,0.0,12.755332187105626,0.0
376845,2025-01-21T02:00:00.000000000,1.267,0.797,0.0,0.0,9.098977515636983,0.0
376845,2025-01-21T03:00:00.000000000,1.519,1.062,0.0,0.0,8.184009634559306,0.0
376845,2025-01-21T04:00:00.000000000,1.534,1.074,0.0,0.0,7.185516498482544,0.0
376845,2025-01-21T05:00:00.000000000,1.5470000000000002,1.09,0.0,0.0,6.573291032892771,0.0
376845,2025-01-21T06:00:00.000000000,1.5539999999999998,1.098,0.0,0.0,6.649489511137551,0.0
376845,2025-01-21T07:00:00.000000000,1.5450000000000002,1.086,0.0,0.0,6.469250802981634,0.0
376845,2025-01-21T08:00:00.000000000,1.626,1.076,0.0,0.0,6.752943598908344,0.0
376845,2025-01-21T09:00:00.000000000,1.676,1.081,0.0,0.0,6.756460451750412,0.0
376845,2025-01-21T10:00:00.000000000,1.696,1.1,0.0,0.0,5.929120820654228,0.0
376845,2025-01-21T11:00:00.000000000,1.72,1.126,0.0,0.0,5.374337284818211,0.0
376845,2025-01-21T12:00:00.000000000,2.484,1.142,0.0,0.0,5.1665498960661065,0.0
376845,2025-01-21T13:00:00.000000000,2.124,1.158,0.0,0.0,4.646055675440239,0.0
376845,2025-01-21T14:00:00.000000000,1.909,1.172,0.0,0.0,2.771280039548533,0.0
376845,2025-01-21T15:00:00.000000000,1.876,1.178,0.0,0.0,2.497258588937506,0.0
376845,2025-01-21T16:00:00.000000000,2.5420000000000003,1.18,0.0,0.0,3.6991430477137888,0.0
376845,2025-01-21T17:00:00.000000000,2.111,1.17,0.0,0.0,5.931465389215606,0.0
376845,2025-01-21T18:00:00.000000000,2.0380000000000003,1.148,0.0,0.0,4.241031456462228,0.0
376845,2025-01-21T19:00:00.000000000,2.0789999999999997,1.127,0.0,0.0,5.251833577486223,0.0
376845,2025-01-21T20:00:00.000000000,2.0620000000000003,1.116,0.0,0.0,4.690309407036245,0.0
376845,2025-01-21T21:00:00.000000000,1.999,1.11,0.0,0.0,4.933558395279189,0.0
376845,2025-01-21T22:00:00.000000000,1.9309999999999998,1.11,0.0,0.0,5.320412207906522,0.0
376845,2025-01-21T23:00:00.000000000,1.848,1.097,0.0,0.0,5.815702316497578,0.0
376845,2025-01-22T00:00:00.000000000,1.613,1.0750000000000002,0.0,0.0,5.907726632531656,0.0
376845,2025-01-22T01:00:00.000000000,1.549,1.064,0.0,0.0,7.748799095353555,0.0
376845,2025-01-22T02:00:00.000000000,1.534,1.066,0.0,0.0,6.521710524542462,0.0
376845,2025-01-22T03:00:00.000000000,1.52,1.06,0.0,0.0,6.662091567154955,0.0
376845,2025-01-22T04:00:00.000000000,1.51,1.052,0.0,0.0,7.483276705777523,0.0
376845,2025-01-22T05:00:00.000000000,1.499,1.0430000000000001,0.0,0.0,7.2429584282363,0.0
376845,2025-01-22T06:00:00.000000000,1.5139999999999998,1.062,0.0,0.0,7.127488426588444,0.0
376845,2025-01-22T07:00:00.000000000,1.552,1.072,0.0,0.0,6.265273338141767,0.0
376845,2025-01-22T08:00:00.000000000,1.719,1.077,0.0,0.0,7.66380848500361,0.0
376845,2025-01-22T09:00:00.000000000,2.458,1.086,0.0,0.0,5.750640538919345,0.0
376845,2025-01-22T10:00:00.000000000,3.3040000000000003,1.096,0.0,0.0,4.325142853601656,0.0
376845,2025-01-22T11:00:00.000000000,1.5700000000000003,1.11,0.0,0.0,4.45497333768795,0.0
376845,2025-01-22T12:00:00.000000000,1.59,1.13,0.0,0.0,4.625540700528183,0.0
376845,2025-01-22T13:00:00.000000000,1.6070000000000002,1.146,0.0,0.0,5.646014166867861,0.0
376845,2025-01-22T14:00:00.000000000,1.621,1.1589999999999998,0.0,0.0,3.440654363821889,0.0
376845,2025-01-22T15:00:00.000000000,1.632,1.17,0.0,0.0,2.483191177569239,0.0
376845,2025-01-22T16:00:00.000000000,1.6729999999999998,1.176,0.0,0.0,2.4796743247271724,0.0
376845,2025-01-22T17:00:00.000000000,1.694,1.17,0.0,0.0,2.8064485679692,0.0
376845,2025-01-22T18:00:00.000000000,1.634,1.154,0.0,0.0,2.865062782003644,0.0
376845,2025-01-22T19:00:00.000000000,1.854,1.14,0.0,0.0,3.1408426590357057,0.0
376845,2025-01-22T20:00:00.000000000,2.2929999999999997,1.1349999999999998,0.0,0.0,5.097385123505461,0.0
376845,2025-01-22T21:00:00.000000000,2.25,1.1369999999999998,0.0,0.0,8.271344813470629,0.0
376845,2025-01-22T22:00:00.000000000,1.959,1.138,0.0,0.0,3.1206207551938223,0.0
376845,2025-01-22T23:00:00.000000000,1.877,1.126,0.0,0.0,2.9919625553882168,0.0
376845,2025-01-23T00:00:00.000000000,1.6219999999999999,1.121,0.0,0.0,3.617669290205911,0.0
376845,2025-01-23T01:00:00.000000000,1.605,1.116,0.0,0.0,4.733097783281389,0.0
376845,2025-01-23T02:00:00.000000000,1.588,1.116,0.0,0.0,3.832783455712322,0.0
376845,2025-01-23T03:00:00.000000000,1.577,1.1190000000000002,0.0,0.0,3.416622536067767,0.0
376845,2025-01-23T04:00:00.000000000,1.5739999999999998,1.116,0.0,0.0,4.176848892094512,0.0
376845,2025-01-23T05:00:00.000000000,1.5659999999999998,1.11,0.0,0.0,4.024451935604955,0.0
376845,2025-01-23T06:00:00.000000000,1.604,1.1110000000000002,0.0,0.0,5.161274616803006,0.0
376845,2025-01-23T07:00:00.000000000,1.6229999999999998,1.106,0.0,0.0,4.998034030717078,0.0
376845,2025-01-23T08:00:00.000000000,1.587,1.096,0.0,0.0,5.51911439348329,0.0
376845,2025-01-23T09:00:00.000000000,2.131,1.097,0.0,0.0,5.187651013118506,0.0
376845,2025-01-23T10:00:00.000000000,1.6470000000000002,1.118,0.0,0.0,5.447311981291095,0.0
376845,2025-01-23T11:00:00.000000000,1.6030000000000002,1.144,0.0,0.0,3.932427619570878,0.0
376845,2025-01-23T12:00:00.000000000,1.614,1.155,0.0,0.0,2.149969370783422,0.0
376845,2025-01-23T13:00:00.000000000,1.638,1.176,0.0,0.0,2.6531723982691275,0.0
376845,2025-01-23T14:00:00.000000000,1.66,1.196,0.0,0.0,0.1462424640159389,0.0
376845,2025-01-23T15:00:00.000000000,1.656,1.194,0.0,0.0,0.5058406671172556,0.0
376845,2025-01-23T16:00:00.000000000,1.76,1.188,0.0,0.0,0.1752564999629889,0.0
376845,2025-01-23T17:00:00.000000000,1.744,1.176,0.0,0.0,1.3179406025644833,0.0
376845,2025-01-23T18:00:00.000000000,1.639,1.16,0.0,0.0,1.4811811886504112,0.0
376845,2025-01-23T19:00:00.000000000,1.7469999999999999,1.146,0.0,0.0,1.9835050029255998,0.0
376845,2025-01-23T20:00:00.000000000,2.285,1.134,0.0,0.0,2.6994776273563392,0.0
376845,2025-01-23T21:00:00.000000000,1.8650000000000002,1.132,0.0,0.0,2.907851158248789,0.0
376845,2025-01-23T22:00:00.000000000,1.83,1.132,0.0,0.0,2.5702332854103886,0.0
376845,2025-01-23T23:00:00.000000000,1.743,1.13,0.0,0.0,3.353612255980739,0.0
376845,2025-01-24T00:00:00.000000000,1.625,1.125,0.0,0.0,3.7346046472046277,0.0
376845,2025-01-24T01:00:00.000000000,1.6,1.114,0.0,0.0,5.126985301592856,0.0
376845,2025-01-24T02:00:00.000000000,1.572,1.104,0.0,0.0,4.964916999787617,0.0
376845,2025-01-24T03:00:00.000000000,1.561,1.101,0.0,0.0,4.614990142001983,0.0
376845,2025-01-24T04:00:00.000000000,1.5510000000000002,1.094,0.0,0.0,5.443502057378856,0.0
376845,2025-01-24T05:00:00.000000000,1.5420000000000003,1.086,0.0,0.0,5.331548908573067,0.0
376845,2025-01-24T06:00:00.000000000,1.5470000000000002,1.092,0.0,0.0,5.737159269691422,0.0
376845,2025-01-24T07:00:00.000000000,1.622,1.094,0.0,0.0,6.946663576292183,0.0
376845,2025-01-24T08:00:00.000000000,1.645,1.09,0.0,0.0,6.821815300398816,0.0
376845,2025-01-24T09:00:00.000000000,1.687,1.093,0.0,0.0,8.12656770480555,0.0
376845,2025-01-24T10:00:00.000000000,1.6360000000000001,1.1070000000000002,0.0,0.0,5.468413098343495,0.0
376845,2025-01-24T11:00:00.000000000,1.5860000000000003,1.126,0.0,0.0,5.065147305786517,0.0
376845,2025-01-24T12:00:00.000000000,1.701,1.142,0.0,0.0,4.678000422089012,0.0
376845,2025-01-24T13:00:00.000000000,1.758,1.16,0.0,0.0,4.202346075199494,0.0
376845,2025-01-24T14:00:00.000000000,1.778,1.178,0.0,0.0,4.1358189422704,0.0
376845,2025-01-24T15:00:00.000000000,1.747,1.184,0.0,0.0,3.2601225845958,0.0
376845,2025-01-24T16:00:00.000000000,1.64,1.179,0.0,0.0,2.3387071399743333,0.0
376845,2025-01-24T17:00:00.000000000,1.6529999999999998,1.166,0.0,0.0,4.111494043446106,0.0
376845,2025-01-24T18:00:00.000000000,1.631,1.152,0.0,0.0,3.9538218076934504,0.0
376845,2025-01-24T19:00:00.000000000,1.856,1.144,0.0,0.0,4.431234581004,0.0
376845,2025-01-24T20:00:00.000000000,1.853,1.1409999999999998,0.0,0.0,3.7319670075730778,0.0
376845,2025-01-24T21:00:00.000000000,2.027,1.136,0.0,0.0,4.182710313497955,0.0
376845,2025-01-24T22:00:00.000000000,2.19,1.134,0.0,0.0,3.748378987502722,0.0
376845,2025-01-24T23:00:00.000000000,1.642,1.127,0.0,0.0,5.145155707943533,0.0
376845,2025-01-25T00:00:00.000000000,1.5859999999999999,1.12,0.0,0.0,5.598536653499961,0.0
376845,2025-01-25T01:00:00.000000000,1.605,1.1190000000000002,0.0,0.0,4.891649232244561,0.0
376845,2025-01-25T02:00:00.000000000,1.5899999999999999,1.122,0.0,0.0,4.896338369367316,0.0
376845,2025-01-25T03:00:00.000000000,1.586,1.127,0.0,0.0,4.1153039673583445,0.0
376845,2025-01-25T04:00:00.000000000,1.588,1.132,0.0,0.0,4.326608208952517,0.0
376845,2025-01-25T05:00:00.000000000,1.589,1.133,0.0,0.0,3.764204825292022,0.0
376845,2025-01-25T06:00:00.000000000,1.628,1.136,0.0,0.0,4.027089575236506,0.0
376845,2025-01-25T07:00:00.000000000,1.6,1.13,0.0,0.0,5.052252178698939,0.0
376845,2025-01-25T08:00:00.000000000,1.706,1.1260000000000001,0.0,0.0,5.382836345853205,0.0
376845,2025-01-25T09:00:00.000000000,1.72,1.126,0.0,0.0,6.782836848065912,0.0
376845,2025-01-25T10:00:00.000000000,1.682,1.12,0.0,0.0,5.804565615831033,0.0
376845,2025-01-25T11:00:00.000000000,1.58,1.12,0.0,0.0,6.489179635753345,0.0
376845,2025-01-25T12:00:00.000000000,1.584,1.124,0.0,0.0,5.157171621820594,0.0
376845,2025-01-25T13:00:00.000000000,1.5910000000000002,1.129,0.0,0.0,6.060123589021211,0.0
376845,2025-01-25T14:00:00.000000000,1.588,1.128,0.0,0.0,5.702869954481272,0.0
376845,2025-01-25T15:00:00.000000000,1.5870000000000002,1.126,0.0,0.0,5.068957229698756,0.0
376845,2025-01-25T16:00:00.000000000,1.581,1.12,0.0,0.0,4.808123977245478,0.0
376845,2025-01-25T17:00:00.000000000,1.6030000000000002,1.116,0.0,0.0,5.457862539817294,0.0
376845,2025-01-25T18:00:00.000000000,1.594,1.1150000000000002,0.0,0.0,4.725771006527083,0.0
376845,2025-01-25T19:00:00.000000000,1.9200000000000002,1.1150000000000002,0.0,0.0,4.3943076261623,0.0
376845,2025-01-25T20:00:00.000000000,2.066,1.12,0.0,0.0,4.595354380300444,0.0
376845,2025-01-25T21:00:00.000000000,2.049,1.12,0.0,0.0,4.893407658665595,0.0
376845,2025-01-25T22:00:00.000000000,1.85,1.1190000000000002,0.0,0.0,5.509736119237778,0.0
376845,2025-01-25T23:00:00.000000000,1.7670000000000001,1.114,0.0,0.0,4.799331845140312,0.0
376845,2025-01-26T00:00:00.000000000,1.649,1.1110000000000002,0.0,0.0,4.793470423736867,0.0
376845,2025-01-26T01:00:00.000000000,1.5990000000000002,1.113,0.0,0.0,5.724264142603845,0.0
376845,2025-01-26T02:00:00.000000000,1.589,1.121,0.0,0.0,5.131967509785784,0.0
376845,2025-01-26T03:00:00.000000000,1.578,1.118,0.0,0.0,5.674735131744739,0.0
376845,2025-01-26T04:00:00.000000000,1.568,1.108,0.0,0.0,5.754157391761411,0.0
376845,2025-01-26T05:00:00.000000000,1.565,1.108,0.0,0.0,5.223405683679516,0.0
376845,2025-01-26T06:00:00.000000000,1.576,1.108,0.0,0.0,5.7565019603227885,0.0
376845,2025-01-26T07:00:00.000000000,1.668,1.105,0.0,0.0,6.566257327208639,0.0
376845,2025-01-26T08:00:00.000000000,1.643,1.096,0.0,0.0,6.471009229402666,0.0
376845,2025-01-26T09:00:00.000000000,1.5550000000000002,1.093,0.0,0.0,6.577100956805012,0.0
376845,2025-01-26T10:00:00.000000000,1.5530000000000002,1.0910000000000002,0.0,0.0,6.216037398352833,0.0
376845,2025-01-26T11:00:00.000000000,1.5590000000000002,1.098,0.0,0.0,7.7262326229502944,0.0
376845,2025-01-26T12:00:00.000000000,1.57,1.1110000000000002,0.0,0.0,5.880471023005639,0.0
376845,2025-01-26T13:00:00.000000000,1.577,1.116,0.0,0.0,5.249195937854672,0.0
376845,2025-01-26T14:00:00.000000000,1.58,1.118,0.0,0.0,5.665356857499228,0.0
376845,2025-01-26T15:00:00.000000000,1.6480000000000001,1.12,0.0,0.0,5.256522714608979,0.0
376845,2025-01-26T16:00:00.000000000,1.724,1.118,0.0,0.0,5.392507691168889,0.0
376845,2025-01-26T17:00:00.000000000,1.726,1.116,0.0,0.0,7.242079215025783,0.0
376845,2025-01-26T18:00:00.000000000,1.592,1.112,0.0,0.0,6.249154429282294,0.0
376845,2025-01-26T19:00:00.000000000,1.6460000000000001,1.108,0.0,0.0,6.8666551741351665,0.0
376845,2025-01-26T20:00:00.000000000,2.553,1.1070000000000002,0.0,0.0,7.796569679791627,0.0
376845,2025-01-26T21:00:00.000000000,1.9929999999999999,1.104,0.0,0.0,9.207706882670879,0.0
376845,2025-01-26T22:00:00.000000000,1.9249999999999998,1.104,0.0,0.0,6.0847415589156775,0.0
376845,2025-01-26T23:00:00.000000000,1.758,1.104,0.0,0.0,6.775510071311606,0.0
376845,2025-01-27T00:00:00.000000000,1.657,1.0990000000000002,0.0,0.0,7.029309618080751,0.0
376845,2025-01-27T01:00:00.000000000,1.58,1.094,0.0,0.0,7.36165221165605,0.0
376845,2025-01-27T02:00:00.000000000,1.564,1.096,0.0,0.0,7.43023084207635,0.0
376845,2025-01-27T03:00:00.000000000,1.5460000000000003,1.0870000000000002,0.0,0.0,6.154199402546494,0.0
376845,2025-01-27T04:00:00.000000000,1.545,1.0870000000000002,0.0,0.0,6.272893185966245,0.0
376845,2025-01-27T05:00:00.000000000,1.573,1.092,0.0,0.0,5.552524495482922,0.0
376845,2025-01-27T06:00:00.000000000,1.595,1.093,0.0,0.0,5.405695889326639,0.0
376845,2025-01-27T07:00:00.000000000,1.6400000000000001,1.1,0.0,0.0,6.999416368923184,0.0
376845,2025-01-27T08:00:00.000000000,1.615,1.098,0.0,0.0,5.526148099167422,0.0
376845,2025-01-27T09:00:00.000000000,1.694,1.0990000000000002,0.0,0.0,6.187609504546128,0.0
376845,2025-01-27T10:00:00.000000000,1.806,1.108,0.0,0.0,7.325018327884522,0.0
376845,2025-01-27T11:00:00.000000000,1.846,1.118,0.0,0.0,5.495375636799339,0.0
376845,2025-01-27T12:00:00.000000000,1.853,1.1260000000000001,0.0,0.0,4.708772884457094,0.0
376845,2025-01-27T13:00:00.000000000,1.832,1.132,0.0,0.0,4.377309504092311,0.0
376845,2025-01-27T14:00:00.000000000,1.804,1.136,0.0,0.0,5.013273726366034,0.0
376845,2025-01-27T15:00:00.000000000,1.8650000000000002,1.132,0.0,0.0,3.942978178097078,0.0
376845,2025-01-27T16:00:00.000000000,1.8780000000000001,1.1269999999999998,0.0,0.0,3.838937948185939,0.0
376845,2025-01-27T17:00:00.000000000,1.818,1.1260000000000001,0.0,0.0,4.838310297473217,0.0
376845,2025-01-27T18:00:00.000000000,3.099,1.125,0.0,0.0,3.6715943671176,0.0
376845,2025-01-27T19:00:00.000000000,2.335,1.1190000000000002,0.0,0.0,3.9728714272546446,0.0
376845,2025-01-27T20:00:00.000000000,2.0620000000000003,1.1150000000000002,0.0,0.0,5.151603271487322,0.0
376845,2025-01-27T21:00:00.000000000,2.0029999999999997,1.114,0.0,0.0,4.495710216441889,0.0
376845,2025-01-27T22:00:00.000000000,1.936,1.1150000000000002,0.0,0.0,4.518569759915322,0.0
376845,2025-01-27T23:00:00.000000000,1.798,1.112,0.0,0.0,5.7691040163401945,0.0
376845,2025-01-28T00:00:00.000000000,1.6709999999999998,1.112,0.0,0.0,4.197950009146911,0.0
376845,2025-01-28T01:00:00.000000000,1.646,1.112,0.0,0.0,4.632281335142144,0.0
376845,2025-01-28T02:00:00.000000000,1.5810000000000002,1.112,0.0,0.0,4.960227862664862,0.0
376845,2025-01-28T03:00:00.000000000,1.573,1.113,0.0,0.0,4.59213059852855,0.0
376845,2025-01-28T04:00:00.000000000,1.572,1.114,0.0,0.0,5.101195047417701,0.0
376845,2025-01-28T05:00:00.000000000,1.568,1.112,0.0,0.0,4.844171718876661,0.0
376845,2025-01-28T06:00:00.000000000,1.568,1.112,0.0,0.0,5.088886062470467,0.0
376845,2025-01-28T07:00:00.000000000,1.5939999999999999,1.112,0.0,0.0,5.784929854129494,0.0
376845,2025-01-28T08:00:00.000000000,1.69,1.108,0.0,0.0,6.14980333649391,0.0
376845,2025-01-28T09:00:00.000000000,1.706,1.1110000000000002,0.0,0.0,5.517355967062255,0.0
376845,2025-01-28T10:00:00.000000000,1.752,1.121,0.0,0.0,5.520872819904322,0.0
376845,2025-01-28T11:00:00.000000000,2.238,1.1369999999999998,0.0,0.0,4.3242636403911385,0.0
376845,2025-01-28T12:00:00.000000000,1.736,1.144,0.0,0.0,4.368810443057317,0.0
376845,2025-01-28T13:00:00.000000000,1.813,1.146,0.0,0.0,3.7199510936960167,0.0
376845,2025-01-28T14:00:00.000000000,2.327,1.152,0.0,0.0,4.066068027569411,0.0
376845,2025-01-28T15:00:00.000000000,1.882,1.152,0.0,0.0,3.258950300315111,0.0
376845,2025-01-28T16:00:00.000000000,1.899,1.148,0.0,0.0,3.3128753772268,0.0
376845,2025-01-28T17:00:00.000000000,1.9620000000000002,1.142,0.0,0.0,3.520369694908733,0.0
376845,2025-01-28T18:00:00.000000000,2.027,1.1369999999999998,0.0,0.0,4.155454703971939,0.0
376845,2025-01-28T19:00:00.000000000,2.08,1.13,0.0,0.0,3.712331245871539,0.0
376845,2025-01-28T20:00:00.000000000,2.074,1.127,0.0,0.0,3.724054088678428,0.0
376845,2025-01-28T21:00:00.000000000,1.6600000000000001,1.126,0.0,0.0,5.340634111748406,0.0
376845,2025-01-28T22:00:00.000000000,1.7220000000000002,1.122,0.0,0.0,4.77149009347395,0.0
376845,2025-01-28T23:00:00.000000000,1.7329999999999999,1.121,0.0,0.0,3.799666424782861,0.0
376845,2025-01-29T00:00:00.000000000,1.6709999999999998,1.112,0.0,0.0,5.058699742242728,0.0
376845,2025-01-29T01:00:00.000000000,1.62,1.1150000000000002,0.0,0.0,4.974002202962955,0.0
376845,2025-01-29T02:00:00.000000000,1.588,1.1190000000000002,0.0,0.0,4.2114312783748336,0.0
376845,2025-01-29T03:00:00.000000000,1.576,1.118,0.0,0.0,4.642538822598173,0.0
376845,2025-01-29T04:00:00.000000000,1.5660000000000003,1.108,0.0,0.0,4.690895549176589,0.0
376845,2025-01-29T05:00:00.000000000,1.557,1.102,0.0,0.0,5.347374746362367,0.0
376845,2025-01-29T06:00:00.000000000,1.5570000000000002,1.102,0.0,0.0,5.123468448750789,0.0
376845,2025-01-29T07:00:00.000000000,1.6219999999999999,1.094,0.0,0.0,5.567178048991534,0.0
376845,2025-01-29T08:00:00.000000000,2.066,1.078,0.0,0.0,6.4554764626835395,0.0
376845,2025-01-29T09:00:00.000000000,1.5310000000000001,1.069,0.0,0.0,6.5384155755422775,0.0
376845,2025-01-29T10:00:00.000000000,1.5339999999999998,1.072,0.0,0.0,6.4601655998062935,0.0
376845,2025-01-29T11:00:00.000000000,1.544,1.084,0.0,0.0,6.2333285914929935,0.0
376845,2025-01-29T12:00:00.000000000,1.568,1.108,0.0,0.0,5.6378081769030395,0.0
376845,2025-01-29T13:00:00.000000000,1.5910000000000002,1.1309999999999998,0.0,0.0,4.512708338511878,0.0
376845,2025-01-29T14:00:00.000000000,2.159,1.144,0.0,0.0,7.037515608045572,0.0
376845,2025-01-29T15:00:00.000000000,1.891,1.142,0.0,0.0,5.878126454444262,0.0
376845,2025-01-29T16:00:00.000000000,1.8159999999999998,1.136,0.0,0.0,4.081014652148195,0.0
376845,2025-01-29T17:00:00.000000000,1.8070000000000002,1.116,0.0,0.0,5.210217485521766,0.0
376845,2025-01-29T18:00:00.000000000,1.7730000000000001,1.088,0.0,0.0,6.008836151741072,0.0
376845,2025-01-29T19:00:00.000000000,1.8450000000000002,1.07,0.0,0.0,6.396276106508751,0.0
376845,2025-01-29T20:00:00.000000000,1.9389999999999998,1.05,0.0,0.0,8.8519186034818,0.0
376845,2025-01-29T21:00:00.000000000,0.833,0.048,0.0,0.0,10.287673776255517,0.0
376845,2025-01-29T22:00:00.000000000,0.873,0.048,0.0,0.0,10.906932947529421,0.0
376845,2025-01-29T23:00:00.000000000,0.7030000000000001,0.048,0.0,0.0,12.295503678005412,0.0
376845,2025-01-30T00:00:00.000000000,0.607,0.048,0.0,0.0,11.136700666544444,0.0
376845,2025-01-30T01:00:00.000000000,0.582,0.048,0.0,0.0,11.922717276746344,0.0
376845,2025-01-30T02:00:00.000000000,0.52,0.048,0.0,0.0,12.00272567890336,0.0
376845,2025-01-30T03:00:00.000000000,0.509,0.048,0.0,0.0,13.328579200362494,0.0
376845,2025-01-30T04:00:00.000000000,0.508,0.048,0.0,0.0,13.146288994715373,0.0
376845,2025-01-30T05:00:00.000000000,0.505,0.048,0.0,0.0,13.425292653519328,0.0
376845,2025-01-30T06:00:00.000000000,0.555,0.048,0.0,0.0,14.319159417544606,0.0
376845,2025-01-30T07:00:00.000000000,1.5099999999999998,0.048,0.0,0.0,13.930547178496237,0.0
376845,2025-01-30T08:00:00.000000000,0.63,0.048,0.0,0.0,15.09374625600979,0.0
376845,2025-01-30T09:00:00.000000000,0.544,0.048,0.0,0.0,13.630149331569712,0.0
376845,2025-01-30T10:00:00.000000000,0.512,0.048,0.0,0.0,13.816835603269418,0.0
376845,2025-01-30T11:00:00.000000000,0.509,0.048,0.0,0.0,13.310701865081988,0.0
376845,2025-01-30T12:00:00.000000000,0.508,0.048,0.0,0.0,11.66921080104737,0.0
376845,2025-01-30T13:00:00.000000000,1.0150000000000001,0.554,0.0,0.0,8.988782793252227,0.0
376845,2025-01-30T14:00:00.000000000,1.609,1.078,0.0,0.0,6.214865114072144,0.0
376845,2025-01-30T15:00:00.000000000,1.5659999999999998,1.07,0.0,0.0,6.345867882439127,0.0
376845,2025-01-30T16:00:00.000000000,1.74,1.058,0.0,0.0,7.599332849565722,0.0
376845,2025-01-30T17:00:00.000000000,0.871,0.048,0.0,0.0,10.588364694252217,0.0
376845,2025-01-30T18:00:00.000000000,0.7350000000000001,0.048,0.0,0.0,12.400716192197239,0.0
376845,2025-01-30T19:00:00.000000000,0.764,0.048,0.0,0.0,12.129625452287932,0.0
376845,2025-01-30T20:00:00.000000000,0.879,0.048,0.0,0.0,13.261758996363227,0.0
376845,2025-01-30T21:00:00.000000000,1.3800000000000001,0.048,0.0,0.0,12.932933255629994,0.0
376845,2025-01-30T22:00:00.000000000,0.873,0.048,0.0,0.0,13.881604309777478,0.0
376845,2025-01-30T23:00:00.000000000,0.802,0.048,0.0,0.0,14.087926343178722,0.0
376845,2025-01-31T00:00:00.000000000,0.64,0.048,0.0,0.0,14.118405734476633,0.0
376845,2025-01-31T01:00:00.000000000,0.556,0.048,0.0,0.0,13.630149331569712,0.0
376845,2025-01-31T02:00:00.000000000,0.52,0.048,0.0,0.0,14.061843017933395,0.0
376845,2025-01-31T03:00:00.000000000,0.509,0.048,0.0,0.0,13.630149331569712,0.0
376845,2025-01-31T04:00:00.000000000,0.508,0.048,0.0,0.0,14.061843017933395,0.0
376845,2025-01-31T05:00:00.000000000,0.505,0.048,0.0,0.0,13.630149331569712,0.0
376845,2025-01-31T06:00:00.000000000,0.543,0.048,0.0,0.0,14.589077873173222,0.0
376845,2025-01-31T07:00:00.000000000,0.5890000000000001,0.048,0.0,0.0,14.14448905972196,0.0
376845,2025-01-31T08:00:00.000000000,0.534,0.048,0.0,0.0,14.551271705121007,0.0
376845,2025-01-31T09:00:00.000000000,0.546,0.048,0.0,0.0,13.630149331569712,0.0
376845,2025-01-31T10:00:00.000000000,0.546,0.048,0.0,0.0,14.118698805546806,0.0
376845,2025-01-31T11:00:00.000000000,0.509,0.048,0.0,0.0,14.577061959296161,0.0
376845,2025-01-31T12:00:00.000000000,0.542,0.048,0.0,0.0,14.061549946863224,0.0
376845,2025-01-31T13:00:00.000000000,1.9959999999999998,0.048,0.0,0.0,11.980745348640443,0.0
376845,2025-01-31T14:00:00.000000000,0.8979999999999999,0.29800000000000004,0.0,0.0,10.961444166581456,0.0
376845,2025-01-31T15:00:00.000000000,1.516,1.056,0.0,0.0,8.577311010730428,0.0
376845,2025-01-31T16:00:00.000000000,1.516,1.056,0.0,0.0,8.050955368701116,0.0
376845,2025-01-31T17:00:00.000000000,0.787,0.30000000000000004,0.0,0.0,10.779153960934334,0.0
376845,2025-01-31T18:00:00.000000000,0.529,0.048,0.0,0.0,14.671430843891617,0.0
376845,2025-01-31T19:00:00.000000000,0.71,0.048,0.0,0.0,12.198204082708234,0.0
376845,2025-01-31T20:00:00.000000000,0.7629999999999999,0.048,0.0,0.0,12.313381013285918,0.0
376845,2025-01-31T21:00:00.000000000,0.883,0.048,0.0,0.0,12.524392183809917,0.0
376845,2025-01-31T22:00:00.000000000,0.873,0.048,0.0,0.0,12.521461473108195,0.0
376845,2025-01-31T23:00:00.000000000,0.802,0.048,0.0,0.0,12.078631086077968,0.0
376845,2025-02-01T00:00:00.000000000,0.64,0.048,0.0,0.0,12.705803176246523,0.0
376845,2025-02-01T01:00:00.000000000,0.584,0.048,0.0,0.0,11.314887877209156,0.0
376845,2025-02-01T02:00:00.000000000,1.267,0.797,0.0,0.0,8.753446723903934,0.0
376845,2025-02-01T03:00:00.000000000,1.5179999999999998,1.0590000000000002,0.0,0.0,7.052755303694528,0.0
376845,2025-02-01T04:00:00.000000000,1.528,1.07,0.0,0.0,6.588530728541728,0.0
376845,2025-02-01T05:00:00.000000000,1.533,1.08,0.0,0.0,6.711034435873716,0.0
376845,2025-02-01T06:00:00.000000000,1.532,1.08,0.0,0.0,6.277289252018829,0.0
376845,2025-02-01T07:00:00.000000000,1.6489999999999998,1.086,0.0,0.0,7.536615640548866,0.0
376845,2025-02-01T08:00:00.000000000,1.786,1.096,0.0,0.0,8.451876592696717,0.0
376845,2025-02-01T09:00:00.000000000,3.446,1.093,0.0,0.0,6.017335212776066,0.0
376845,2025-02-01T10:00:00.000000000,2.8409999999999997,1.0910000000000002,0.0,0.0,4.9813289797172615,0.0
376845,2025-02-01T11:00:00.000000000,1.5590000000000002,1.0990000000000002,0.0,0.0,6.184678793844405,0.0
376845,2025-02-01T12:00:00.000000000,1.5730000000000002,1.116,0.0,0.0,5.042580833383256,0.0
376845,2025-02-01T13:00:00.000000000,1.577,1.118,0.0,0.0,4.964623928717444,0.0
376845,2025-02-01T14:00:00.000000000,1.584,1.1230000000000002,0.0,0.0,4.285578259128405,0.0
376845,2025-02-01T15:00:00.000000000,1.5859999999999999,1.124,0.0,0.0,4.363828234864389,0.0
376845,2025-02-01T16:00:00.000000000,1.691,1.121,0.0,0.0,4.126733739095061,0.0
376845,2025-02-01T17:00:00.000000000,1.6390000000000002,1.1150000000000002,0.0,0.0,4.310489300093044,0.0
376845,2025-02-01T18:00:00.000000000,1.737,1.119,0.0,0.0,4.428890012442622,0.0
376845,2025-02-01T19:00:00.000000000,2.177,1.126,0.0,0.0,3.480218958295139,0.0
376845,2025-02-01T20:00:00.000000000,1.8230000000000002,1.1150000000000002,0.0,0.0,5.403351320765261,0.0
376845,2025-02-01T21:00:00.000000000,2.025,1.112,0.0,0.0,4.575425547528733,0.0
376845,2025-02-01T22:00:00.000000000,1.9709999999999999,1.117,0.0,0.0,5.45727639767695,0.0
376845,2025-02-01T23:00:00.000000000,1.799,1.124,0.0,0.0,4.743648341807589,0.0
376845,2025-02-02T00:00:00.000000000,1.687,1.124,0.0,0.0,3.9834219857808444,0.0
376845,2025-02-02T01:00:00.000000000,1.656,1.122,0.0,0.0,4.465230825143978,0.0
376845,2025-02-02T02:00:00.000000000,1.588,1.12,0.0,0.0,3.8110961965195775,0.0
376845,2025-02-02T03:00:00.000000000,1.577,1.12,0.0,0.0,4.2524612281989445,0.0
376845,2025-02-02T04:00:00.000000000,1.576,1.117,0.0,0.0,3.9297899799393274,0.0
376845,2025-02-02T05:00:00.000000000,1.5730000000000002,1.116,0.0,0.0,4.5215004706170445,0.0
376845,2025-02-02T06:00:00.000000000,1.572,1.12,0.0,0.0,4.039691631253911,0.0
376845,2025-02-02T07:00:00.000000000,1.623,1.12,0.0,0.0,4.197656938076738,0.0
376845,2025-02-02T08:00:00.000000000,1.603,1.12,0.0,0.0,3.76918703348495,0.0
376845,2025-02-02T09:00:00.000000000,1.683,1.121,0.0,0.0,3.9614416555179277,0.0
376845,2025-02-02T10:00:00.000000000,2.251,1.127,0.0,0.0,4.493658718950683,0.0
376845,2025-02-02T11:00:00.000000000,2.4130000000000003,1.133,0.0,0.0,2.9072650161084446,0.0
376845,2025-02-02T12:00:00.000000000,1.596,1.136,0.0,0.0,3.111828623088656,0.0
376845,2025-02-02T13:00:00.000000000,1.5990000000000002,1.136,0.0,0.0,3.7987872115723444,0.0
376845,2025-02-02T14:00:00.000000000,1.604,1.142,0.0,0.0,3.529454898084072,0.0
376845,2025-02-02T15:00:00.000000000,1.612,1.152,0.0,0.0,3.6185485034164278,0.0
376845,2025-02-02T16:00:00.000000000,1.612,1.152,0.0,0.0,4.2644771420760055,0.0
376845,2025-02-02T17:00:00.000000000,1.674,1.146,0.0,0.0,4.477832881161383,0.0
376845,2025-02-02T18:00:00.000000000,1.893,1.1349999999999998,0.0,0.0,4.922128623542472,0.0
376845,2025-02-02T19:00:00.000000000,2.181,1.13,0.0,0.0,4.591544456388206,0.0
376845,2025-02-02T20:00:00.000000000,2.0679999999999996,1.128,0.0,0.0,5.315723070783767,0.0
376845,2025-02-02T21:00:00.000000000,2.089,1.1280000000000001,0.0,0.0,5.994182598232461,0.0
376845,2025-02-02T22:00:00.000000000,2.0309999999999997,1.118,0.0,0.0,11.828055321080717,0.0
376845,2025-02-02T23:00:00.000000000,1.666,1.108,0.0,0.0,6.476870650806111,0.0
376845,2025-02-03T00:00:00.000000000,1.572,1.1030000000000002,0.0,0.0,5.018842076699306,0.0
376845,2025-02-03T01:00:00.000000000,1.577,1.092,0.0,0.0,6.749133674996106,0.0
376845,2025-02-03T02:00:00.000000000,1.549,1.0790000000000002,0.0,0.0,6.188781788826817,0.0
376845,2025-02-03T03:00:00.000000000,1.524,1.065,0.0,0.0,6.665022277856679,0.0
376845,2025-02-03T04:00:00.000000000,1.01,0.551,0.0,0.0,9.074359545742517,0.0
376845,2025-02-03T05:00:00.000000000,0.505,0.048,0.0,0.0,10.666614669988201,0.0
376845,2025-02-03T06:00:00.000000000,0.504,0.048,0.0,0.0,11.483696813628356,0.0
376845,2025-02-03T07:00:00.000000000,0.507,0.048,0.0,0.0,11.2627212267185,0.0
376845,2025-02-03T08:00:00.000000000,0.511,0.048,0.0,0.0,11.82981374750175,0.0
376845,2025-02-03T09:00:00.000000000,0.6140000000000001,0.048,0.0,0.0,12.498015787494415,0.0
376845,2025-02-03T10:00:00.000000000,0.648,0.048,0.0,0.0,11.767682680625239,0.0
376845,2025-02-03T11:00:00.000000000,0.744,0.048,0.0,0.0,11.604442094539312,0.0
376845,2025-02-03T12:00:00.000000000,0.7790000000000001,0.048,0.0,0.0,11.147544296140818,0.0
376845,2025-02-03T13:00:00.000000000,1.266,0.30000000000000004,0.0,0.0,11.190039601315789,0.0
376845,2025-02-03T14:00:00.000000000,1.8,1.064,0.0,0.0,9.152902592548672,0.0
376845,2025-02-03T15:00:00.000000000,1.8530000000000002,1.064,0.0,0.0,7.7684348570550945,0.0
376845,2025-02-03T16:00:00.000000000,3.099,1.064,0.0,0.0,7.940467575246189,0.0
376845,2025-02-03T17:00:00.000000000,1.8609999999999998,1.058,0.0,0.0,8.3982445868552,0.0
376845,2025-02-03T18:00:00.000000000,0.911,0.048,0.0,0.0,11.835382097835021,0.0
376845,2025-02-03T19:00:00.000000000,0.972,0.048,0.0,0.0,12.041117989095921,0.0
376845,2025-02-03T20:00:00.000000000,0.991,0.048,0.0,0.0,10.911035942511834,0.0
376845,2025-02-03T21:00:00.000000000,0.962,0.048,0.0,0.0,12.910073712156562,0.0
376845,2025-02-03T22:00:00.000000000,0.7689999999999999,0.048,0.0,0.0,12.026464435587311,0.0
376845,2025-02-03T23:00:00.000000000,0.678,0.048,0.0,0.0,12.356755531671407,0.0
376845,2025-02-04T00:00:00.000000000,0.611,0.048,0.0,0.0,13.267620417766672,0.0
376845,2025-02-04T01:00:00.000000000,0.537,0.048,0.0,0.0,14.676706123154716,0.0
376845,2025-02-04T02:00:00.000000000,0.52,0.048,0.0,0.0,13.619012630903168,0.0
376845,2025-02-04T03:00:00.000000000,0.509,0.048,0.0,0.0,14.061549946863224,0.0
376845,2025-02-04T04:00:00.000000000,0.508,0.048,0.0,0.0,13.630149331569712,0.0
376845,2025-02-04T05:00:00.000000000,0.505,0.048,0.0,0.0,13.630149331569712,0.0
376845,2025-02-04T06:00:00.000000000,0.504,0.048,0.0,0.0,14.061549946863224,0.0
376845,2025-02-04T07:00:00.000000000,0.507,0.048,0.0,0.0,13.630149331569712,0.0
376845,2025-02-04T08:00:00.000000000,0.5740000000000001,0.048,0.0,0.0,14.565632187559444,0.0
376845,2025-02-04T09:00:00.000000000,1.044,0.048,0.0,0.0,17.096887020636927,0.0
376845,2025-02-04T10:00:00.000000000,0.788,0.048,0.0,0.0,15.267537400621919,0.0
376845,2025-02-04T11:00:00.000000000,0.645,0.048,0.0,0.0,13.19728336092534,0.0
376845,2025-02-04T12:00:00.000000000,0.644,0.048,0.0,0.0,12.075407304306072,0.0
376845,2025-02-04T13:00:00.000000000,0.933,0.30000000000000004,0.0,0.0,10.360062330588057,0.0
376845,2025-02-04T14:00:00.000000000,1.806,1.07,0.0,0.0,8.206576106962567,0.0
376845,2025-02-04T15:00:00.000000000,1.816,1.085,0.0,0.0,6.9202871799766825,0.0
376845,2025-02-04T16:00:00.000000000,1.8390000000000002,1.092,0.0,0.0,6.966592409063894,0.0
376845,2025-02-04T17:00:00.000000000,1.776,1.094,0.0,0.0,6.814488523644511,0.0
376845,2025-02-04T18:00:00.000000000,1.77,1.101,0.0,0.0,6.707224511961477,0.0
376845,2025-02-04T19:00:00.000000000,2.02,1.096,0.0,0.0,6.02173127882865,0.0
376845,2025-02-04T20:00:00.000000000,2.048,1.108,0.0,0.0,5.701990741270755,0.0
376845,2025-02-04T21:00:00.000000000,2.041,1.128,0.0,0.0,4.477539810091211,0.0
376845,2025-02-04T22:00:00.000000000,1.984,1.13,0.0,0.0,4.719616514053467,0.0
376845,2025-02-04T23:00:00.000000000,1.8050000000000002,1.131,0.0,0.0,5.588865308184278,0.0
376845,2025-02-05T00:00:00.000000000,1.6370000000000002,1.134,0.0,0.0,5.266780202065005,0.0
376845,2025-02-05T01:00:00.000000000,1.629,1.144,0.0,0.0,4.374085722320417,0.0
376845,2025-02-05T02:00:00.000000000,1.8319999999999999,1.144,0.0,0.0,5.854094626690138,0.0
376845,2025-02-05T03:00:00.000000000,1.803,1.144,0.0,0.0,8.922255660323135,0.0
376845,2025-02-05T04:00:00.000000000,1.635,1.147,0.0,0.0,4.4628862565826,0.0
376845,2025-02-05T05:00:00.000000000,1.616,1.152,0.0,0.0,4.535274810915139,0.0
376845,2025-02-05T06:00:00.000000000,1.608,1.152,0.0,0.0,4.792005068386006,0.0
376845,2025-02-05T07:00:00.000000000,1.684,1.156,0.0,0.0,5.299897232994466,0.0
376845,2025-02-05T08:00:00.000000000,2.278,1.16,0.0,0.0,6.249740571422639,0.0
376845,2025-02-05T09:00:00.000000000,1.721,1.1589999999999998,0.0,0.0,3.659578453240539,0.0
376845,2025-02-05T10:00:00.000000000,1.6230000000000002,1.162,0.0,0.0,2.9559148137570332,0.0
376845,2025-02-05T11:00:00.000000000,1.667,1.172,0.0,0.0,3.662509163942261,0.0
376845,2025-02-05T12:00:00.000000000,1.629,1.17,0.0,0.0,3.0359232159140497,0.0
376845,2025-02-05T13:00:00.000000000,1.6150000000000002,1.154,0.0,0.0,3.0836938003521226,0.0
376845,2025-02-05T14:00:00.000000000,1.612,1.152,0.0,0.0,2.5292033355862777,0.0
376845,2025-02-05T15:00:00.000000000,1.6190000000000002,1.158,0.0,0.0,3.3984521297170893,0.0
376845,2025-02-05T16:00:00.000000000,1.632,1.172,0.0,0.0,1.9099441643123722,0.0
376845,2025-02-05T17:00:00.000000000,1.659,1.172,0.0,0.0,2.558217371533328,0.0
376845,2025-02-05T18:00:00.000000000,1.656,1.1749999999999998,0.0,0.0,1.772200761331428,0.0
376845,2025-02-05T19:00:00.000000000,1.8169999999999997,1.176,0.0,0.0,1.686624008841139,0.0
376845,2025-02-05T20:00:00.000000000,2.315,1.167,0.0,0.0,2.1716566299761664,0.0
376845,2025-02-05T21:00:00.000000000,1.9649999999999999,1.1629999999999998,0.0,0.0,1.7182756844197389,0.0
376845,2025-02-05T22:00:00.000000000,2.004,1.152,0.0,0.0,3.4764090343829004,0.0
376845,2025-02-05T23:00:00.000000000,1.859,1.148,0.0,0.0,3.6425803311705502,0.0
376845,2025-02-06T00:00:00.000000000,1.704,1.144,0.0,0.0,2.230563915080783,0.0
376845,2025-02-06T01:00:00.000000000,1.676,1.144,0.0,0.0,3.0373885712649114,0.0
376845,2025-02-06T02:00:00.000000000,1.612,1.144,0.0,0.0,2.4269215320961726,0.0
376845,2025-02-06T03:00:00.000000000,1.601,1.144,0.0,0.0,2.389408435114128,0.0
376845,2025-02-06T04:00:00.000000000,1.6,1.144,0.0,0.0,2.848064659933656,0.0
376845,2025-02-06T05:00:00.000000000,1.597,1.1409999999999998,0.0,0.0,2.548252955147472,0.0
376845,2025-02-06T06:00:00.000000000,1.59,1.1349999999999998,0.0,0.0,3.33661413391075,0.0
376845,2025-02-06T07:00:00.000000000,1.678,1.126,0.0,0.0,3.783547515923389,0.0
376845,2025-02-06T08:00:00.000000000,1.818,1.12,0.0,0.0,4.554910572616677,0.0
376845,2025-02-06T09:00:00.000000000,2.2929999999999997,1.125,0.0,0.0,3.8641420602207504,0.0
376845,2025-02-06T10:00:00.000000000,1.868,1.1369999999999998,0.0,0.0,3.6135662952235004,0.0
376845,2025-02-06T11:00:00.000000000,1.7069999999999999,1.1469999999999998,0.0,0.0,2.9125402953715445,0.0
376845,2025-02-06T12:00:00.000000000,1.614,1.155,0.0,0.0,3.8506607909928277,0.0
376845,2025-02-06T13:00:00.000000000,1.6230000000000002,1.164,0.0,0.0,2.815533771144539,0.0
376845,2025-02-06T14:00:00.000000000,1.63,1.1669999999999998,0.0,0.0,3.480218958295139,0.0
376845,2025-02-06T15:00:00.000000000,1.636,1.176,0.0,0.0,2.673980444251356,0.0
376845,2025-02-06T16:00:00.000000000,1.63,1.17,0.0,0.0,2.3255189418165836,0.0
376845,2025-02-06T17:00:00.000000000,1.645,1.158,0.0,0.0,2.7536957753382,0.0
376845,2025-02-06T18:00:00.000000000,1.627,1.1489999999999998,0.0,0.0,3.490476445751167,0.0
376845,2025-02-06T19:00:00.000000000,1.763,1.14,0.0,0.0,4.176262749954167,0.0
376845,2025-02-06T20:00:00.000000000,2.889,1.132,0.0,0.0,5.1899955816798835,0.0
376845,2025-02-06T21:00:00.000000000,2.278,1.13,0.0,0.0,9.660794757157134,0.0
376845,2025-02-06T22:00:00.000000000,1.98,1.124,0.0,0.0,4.983380477208467,0.0
376845,2025-02-06T23:00:00.000000000,1.9099999999999997,1.124,0.0,0.0,4.775300017386189,0.0
376845,2025-02-07T00:00:00.000000000,1.7459999999999998,1.128,0.0,0.0,5.632239826569767,0.0
376845,2025-02-07T01:00:00.000000000,1.633,1.1280000000000001,0.0,0.0,5.321877563257384,0.0
376845,2025-02-07T02:00:00.000000000,1.588,1.12,0.0,0.0,4.967847710489339,0.0
376845,2025-02-07T03:00:00.000000000,1.576,1.117,0.0,0.0,4.713755092650023,0.0
376845,2025-02-07T04:00:00.000000000,1.566,1.108,0.0,0.0,6.119617016266172,0.0
376845,2025-02-07T05:00:00.000000000,1.545,1.088,0.0,0.0,5.875781885882883,0.0
376845,2025-02-07T06:00:00.000000000,1.544,1.088,0.0,0.0,6.146579554722017,0.0
376845,2025-02-07T07:00:00.000000000,1.541,1.0830000000000002,0.0,0.0,5.875195743742539,0.0
376845,2025-02-07T08:00:00.000000000,1.541,1.08,0.0,0.0,5.862593687725133,0.0
376845,2025-02-07T09:00:00.000000000,1.663,1.1,0.0,0.0,6.48712813826214,0.0
376845,2025-02-07T10:00:00.000000000,1.654,1.126,0.0,0.0,3.970819929763439,0.0
376845,2025-02-07T11:00:00.000000000,1.599,1.139,0.0,0.0,3.4599970544532557,0.0
376845,2025-02-07T12:00:00.000000000,1.6050000000000002,1.146,0.0,0.0,3.665732945714155,0.0
376845,2025-02-07T13:00:00.000000000,1.609,1.148,0.0,0.0,3.635253554416244,0.0
376845,2025-02-07T14:00:00.000000000,1.6510000000000002,1.156,0.0,0.0,4.899562151139211,0.0
376845,2025-02-07T15:00:00.000000000,1.657,1.162,0.0,0.0,2.870924203407089,0.0
376845,2025-02-07T16:00:00.000000000,1.629,1.168,0.0,0.0,2.0459291408722833,0.0
376845,2025-02-07T17:00:00.000000000,1.646,1.1589999999999998,0.0,0.0,2.6827725763565224,0.0
376845,2025-02-07T18:00:00.000000000,1.6219999999999999,1.144,0.0,0.0,3.6088771581007446,0.0
376845,2025-02-07T19:00:00.000000000,1.826,1.138,0.0,0.0,3.3465785502966057,0.0
376845,2025-02-07T20:00:00.000000000,2.2489999999999997,1.1219999999999999,0.0,0.0,9.814363997927378,0.0
376845,2025-02-07T21:00:00.000000000,2.052,1.106,0.0,0.0,4.969899207980545,0.0
376845,2025-02-07T22:00:00.000000000,1.901,1.092,0.0,0.0,5.802221047269656,0.0
376845,2025-02-07T23:00:00.000000000,1.7109999999999999,1.081,0.0,0.0,5.999164806425388,0.0
376845,2025-02-08T00:00:00.000000000,1.6290000000000002,1.066,0.0,0.0,8.267534889558389,0.0
376845,2025-02-08T01:00:00.000000000,1.0550000000000002,0.549,0.0,0.0,9.025416677023756,0.0
376845,2025-02-08T02:00:00.000000000,0.52,0.048,0.0,0.0,10.122967834818727,0.0
376845,2025-02-08T03:00:00.000000000,0.509,0.048,0.0,0.0,10.524768272024843,0.0
376845,2025-02-08T04:00:00.000000000,0.508,0.048,0.0,0.0,10.151981870765779,0.0
376845,2025-02-08T05:00:00.000000000,0.754,0.29800000000000004,0.0,0.0,9.727321890086229,0.0
376845,2025-02-08T06:00:00.000000000,1.5090000000000001,1.056,0.0,0.0,6.9475427895027,0.0
376845,2025-02-08T07:00:00.000000000,1.5830000000000002,1.056,0.0,0.0,9.52334442524636,0.0
376845,2025-02-08T08:00:00.000000000,1.603,1.056,0.0,0.0,7.810637091159895,0.0
376845,2025-02-08T09:00:00.000000000,1.589,1.062,0.0,0.0,7.462175588725122,0.0
376845,2025-02-08T10:00:00.000000000,1.5390000000000001,1.078,0.0,0.0,6.2301048097211,0.0
376845,2025-02-08T11:00:00.000000000,1.561,1.1,0.0,0.0,6.980366749361989,0.0
376845,2025-02-08T12:00:00.000000000,1.584,1.124,0.0,0.0,4.829225094297878,0.0
376845,2025-02-08T13:00:00.000000000,1.589,1.128,0.0,0.0,5.837975717830667,0.0
376845,2025-02-08T14:00:00.000000000,1.592,1.131,0.0,0.0,4.141387292603672,0.0
376845,2025-02-08T15:00:00.000000000,1.584,1.122,0.0,0.0,4.477539810091212,0.0
376845,2025-02-08T16:00:00.000000000,1.5860000000000003,1.126,0.0,0.0,4.5927167406688945,0.0
376845,2025-02-08T17:00:00.000000000,1.62,1.136,0.0,0.0,4.135525871200228,0.0
376845,2025-02-08T18:00:00.000000000,1.611,1.1329999999999998,0.0,0.0,4.326022066812172,0.0
376845,2025-02-08T19:00:00.000000000,2.2640000000000002,1.125,0.0,0.0,3.4608762676637723,0.0
376845,2025-02-08T20:00:00.000000000,2.06,1.12,0.0,0.0,3.491941801102028,0.0
376845,2025-02-08T21:00:00.000000000,2.0370000000000004,1.124,0.0,0.0,3.82721510537905,0.0
376845,2025-02-08T22:00:00.000000000,1.98,1.124,0.0,0.0,3.1976984466491167,0.0
376845,2025-02-08T23:00:00.000000000,1.9099999999999997,1.124,0.0,0.0,4.848860855999416,0.0
376845,2025-02-09T00:00:00.000000000,1.785,1.127,0.0,0.0,5.740676122533489,0.0
376845,2025-02-09T01:00:00.000000000,1.692,1.126,0.0,0.0,5.611724851657711,0.0
376845,2025-02-09T02:00:00.000000000,1.616,1.113,0.0,0.0,4.406909682179705,0.0
376845,2025-02-09T03:00:00.000000000,1.574,1.114,0.0,0.0,4.637849685475416,0.0
376845,2025-02-09T04:00:00.000000000,1.5850000000000002,1.1260000000000001,0.0,0.0,3.8723480501855723,0.0
376845,2025-02-09T05:00:00.000000000,1.585,1.129,0.0,0.0,4.187985592761056,0.0
376845,2025-02-09T06:00:00.000000000,1.607,1.128,0.0,0.0,3.6346674122759,0.0
376845,2025-02-09T07:00:00.000000000,1.6239999999999999,1.132,0.0,0.0,3.7817890895023556,0.0
376845,2025-02-09T08:00:00.000000000,1.6989999999999998,1.144,0.0,0.0,3.3826262919277896,0.0
376845,2025-02-09T09:00:00.000000000,1.62,1.158,0.0,0.0,2.6182969409186336,0.0
376845,2025-02-09T10:00:00.000000000,1.612,1.152,0.0,0.0,2.683358718496867,0.0
376845,2025-02-09T11:00:00.000000000,1.609,1.152,0.0,0.0,2.019845815626956,0.0
376845,2025-02-09T12:00:00.000000000,1.614,1.155,0.0,0.0,2.376806379096722,0.0
376845,2025-02-09T13:00:00.000000000,1.6230000000000002,1.164,0.0,0.0,2.0837353089245,0.0
376845,2025-02-09T14:00:00.000000000,1.624,1.164,0.0,0.0,1.5415538291058888,0.0
376845,2025-02-09T15:00:00.000000000,1.6289999999999998,1.1669999999999998,0.0,0.0,1.3235089528977557,0.0
376845,2025-02-09T16:00:00.000000000,1.632,1.172,0.0,0.0,1.4726821276154167,0.0
376845,2025-02-09T17:00:00.000000000,1.657,1.17,0.0,0.0,1.3384555774765388,0.0
376845,2025-02-09T18:00:00.000000000,1.7,1.17,0.0,0.0,2.2135657930107944,0.0
376845,2025-02-09T19:00:00.000000000,1.927,1.164,0.0,0.0,1.3258535214591332,0.0
376845,2025-02-09T20:00:00.000000000,2.255,1.161,0.0,0.0,1.7543234260509224,0.0
376845,2025-02-09T21:00:00.000000000,2.3179999999999996,1.16,0.0,0.0,6.974212256888372,0.0
376845,2025-02-09T22:00:00.000000000,2.0460000000000003,1.154,0.0,0.0,3.1598922785969,0.0
376845,2025-02-09T23:00:00.000000000,1.812,1.138,0.0,0.0,4.2767861270232395,0.0
376845,2025-02-10T00:00:00.000000000,1.6350000000000002,1.131,0.0,0.0,4.137577368691434,0.0
376845,2025-02-10T01:00:00.000000000,1.5990000000000002,1.114,0.0,0.0,5.418297945344044,0.0
376845,2025-02-10T02:00:00.000000000,1.561,1.093,0.0,0.0,6.310406282948288,0.0
376845,2025-02-10T03:00:00.000000000,1.545,1.084,0.0,0.0,6.093826762091017,0.0
376845,2025-02-10T04:00:00.000000000,1.544,1.084,0.0,0.0,5.997113308934183,0.0
376845,2025-02-10T05:00:00.000000000,1.5410000000000001,1.084,0.0,0.0,6.090016838178777,0.0
376845,2025-02-10T06:00:00.000000000,1.54,1.084,0.0,0.0,6.248275216071777,0.0
376845,2025-02-10T07:00:00.000000000,1.566,1.084,0.0,0.0,7.444005182374445,0.0
376845,2025-02-10T08:00:00.000000000,1.8159999999999998,1.081,0.0,0.0,7.300400357990056,0.0
376845,2025-02-10T09:00:00.000000000,1.9209999999999998,1.086,0.0,0.0,12.391044846881556,0.0
376845,2025-02-10T10:00:00.000000000,1.834,1.096,0.0,0.0,7.301572642270744,0.0
376845,2025-02-10T11:00:00.000000000,1.984,1.102,0.0,0.0,7.663222342863267,0.0
376845,2025-02-10T12:00:00.000000000,2.0860000000000003,1.114,0.0,0.0,12.897178585068984,0.0
376845,2025-02-10T13:00:00.000000000,1.8990000000000002,1.124,0.0,0.0,7.772244780967333,0.0
376845,2025-02-10T14:00:00.000000000,1.86,1.124,0.0,0.0,5.384594772274239,0.0
376845,2025-02-10T15:00:00.000000000,1.83,1.1309999999999998,0.0,0.0,4.9983271017872495,0.0
376845,2025-02-10T16:00:00.000000000,1.783,1.144,0.0,0.0,3.703832184836545,0.0
376845,2025-02-10T17:00:00.000000000,2.3810000000000002,1.138,0.0,0.0,4.580114684651489,0.0
376845,2025-02-10T18:00:00.000000000,2.2430000000000003,1.1269999999999998,0.0,0.0,5.246558298223122,0.0
376845,2025-02-10T19:00:00.000000000,2.2390000000000003,1.1260000000000001,0.0,0.0,4.301111025847534,0.0
376845,2025-02-10T20:00:00.000000000,1.828,1.12,0.0,0.0,6.38953547189479,0.0
376845,2025-02-10T21:00:00.000000000,1.8030000000000002,1.109,0.0,0.0,4.327487422163033,0.0
376845,2025-02-10T22:00:00.000000000,1.967,1.113,0.0,0.0,4.343313259952333,0.0
376845,2025-02-10T23:00:00.000000000,1.896,1.112,0.0,0.0,4.397238336864023,0.0
376845,2025-02-11T00:00:00.000000000,1.738,1.1190000000000002,0.0,0.0,3.7759276680989107,0.0
376845,2025-02-11T01:00:00.000000000,1.609,1.124,0.0,0.0,4.566633415423567,0.0
376845,2025-02-11T02:00:00.000000000,1.596,1.1260000000000001,0.0,0.0,4.358846026671461,0.0
376845,2025-02-11T03:00:00.000000000,1.588,1.129,0.0,0.0,3.9280315535182946,0.0
376845,2025-02-11T04:00:00.000000000,1.5870000000000002,1.13,0.0,0.0,3.7829613737830448,0.0
376845,2025-02-11T05:00:00.000000000,1.592,1.136,0.0,0.0,3.0971750695800444,0.0
376845,2025-02-11T06:00:00.000000000,1.624,1.132,0.0,0.0,3.182165679929989,0.0
376845,2025-02-11T07:00:00.000000000,1.67,1.1280000000000001,0.0,0.0,3.5655026397152563,0.0
376845,2025-02-11T08:00:00.000000000,1.7029999999999998,1.124,0.0,0.0,3.092779003527461,0.0
376845,2025-02-11T09:00:00.000000000,1.82,1.124,0.0,0.0,3.2381422543328835,0.0
376845,2025-02-11T10:00:00.000000000,1.861,1.1289999999999998,0.0,0.0,2.4931555939550947,0.0
376845,2025-02-11T11:00:00.000000000,1.869,1.142,0.0,0.0,3.2917742601744,0.0
376845,2025-02-11T12:00:00.000000000,1.8789999999999998,1.152,0.0,0.0,3.0602481147383442,0.0
376845,2025-02-11T13:00:00.000000000,1.819,1.1529999999999998,0.0,0.0,3.5696056346976666,0.0
376845,2025-02-11T14:00:00.000000000,1.6509999999999998,1.155,0.0,0.0,3.0596619725980005,0.0
376845,2025-02-11T15:00:00.000000000,1.882,1.152,0.0,0.0,3.5783977668028335,0.0
376845,2025-02-11T16:00:00.000000000,1.671,1.1409999999999998,0.0,0.0,2.814068415793678,0.0
376845,2025-02-11T17:00:00.000000000,1.83,1.1260000000000001,0.0,0.0,3.4638069783654943,0.0
376845,2025-02-11T18:00:00.000000000,3.088,1.13,0.0,0.0,2.700649911637028,0.0
376845,2025-02-11T19:00:00.000000000,2.048,1.124,0.0,0.0,3.293239615525261,0.0
376845,2025-02-11T20:00:00.000000000,2.0600000000000005,1.12,0.0,0.0,4.364121305934561,0.0
376845,2025-02-11T21:00:00.000000000,2.026,1.114,0.0,0.0,5.252126648556395,0.0
376845,2025-02-11T22:00:00.000000000,1.8760000000000001,1.11,0.0,0.0,3.9928002600263555,0.0
376845,2025-02-11T23:00:00.000000000,1.7329999999999999,1.104,0.0,0.0,4.997447888576733,0.0
376845,2025-02-12T00:00:00.000000000,1.675,1.112,0.0,0.0,4.578356258230455,0.0
376845,2025-02-12T01:00:00.000000000,1.6669999999999998,1.12,0.0,0.0,4.429476154582966,0.0
376845,2025-02-12T02:00:00.000000000,1.6059999999999999,1.124,0.0,0.0,4.753612758193444,0.0
376845,2025-02-12T03:00:00.000000000,1.584,1.124,0.0,0.0,4.187106379550539,0.0
376845,2025-02-12T04:00:00.000000000,1.568,1.11,0.0,0.0,4.563409633651672,0.0
376845,2025-02-12T05:00:00.000000000,1.5650000000000002,1.0830000000000002,0.0,0.0,5.835338078199117,0.0
376845,2025-02-12T06:00:00.000000000,1.586,1.086,0.0,0.0,7.01875905955455,0.0
376845,2025-02-12T07:00:00.000000000,1.63,1.09,0.0,0.0,6.349970877421539,0.0
376845,2025-02-12T08:00:00.000000000,1.776,1.078,0.0,0.0,7.430523913146523,0.0
376845,2025-02-12T09:00:00.000000000,1.802,1.074,0.0,0.0,8.56822580755509,0.0
376845,2025-02-12T10:00:00.000000000,1.753,1.089,0.0,0.0,6.174128235318206,0.0
376845,2025-02-12T11:00:00.000000000,1.593,1.1,0.0,0.0,5.757381173533306,0.0
376845,2025-02-12T12:00:00.000000000,1.578,1.118,0.0,0.0,4.643418035808689,0.0
376845,2025-02-12T13:00:00.000000000,1.5950000000000002,1.136,0.0,0.0,4.1994153644977725,0.0
376845,2025-02-12T14:00:00.000000000,1.597,1.136,0.0,0.0,4.752147402842583,0.0
376845,2025-02-12T15:00:00.000000000,1.6,1.14,0.0,0.0,3.9432712491672497,0.0
376845,2025-02-12T16:00:00.000000000,1.5950000000000002,1.1349999999999998,0.0,0.0,4.345071686373366,0.0
376845,2025-02-12T17:00:00.000000000,1.6070000000000002,1.12,0.0,0.0,5.689681756323521,0.0
376845,2025-02-12T18:00:00.000000000,2.649,1.1,0.0,0.0,5.0463907572954945,0.0
376845,2025-02-12T19:00:00.000000000,2.278,1.086,0.0,0.0,6.4545972494730215,0.0
376845,2025-02-12T20:00:00.000000000,2.168,1.076,0.0,0.0,6.1272368640906505,0.0
376845,2025-02-12T21:00:00.000000000,1.9889999999999999,1.076,0.0,0.0,6.321836054685005,0.0
376845,2025-02-12T22:00:00.000000000,1.929,1.0750000000000002,0.0,0.0,6.7998349701359,0.0
376845,2025-02-12T23:00:00.000000000,1.8579999999999999,1.072,0.0,0.0,6.2526712821243615,0.0
376845,2025-02-13T00:00:00.000000000,1.612,1.072,0.0,0.0,7.637139017617939,0.0
376845,2025-02-13T01:00:00.000000000,1.5579999999999998,1.073,0.0,0.0,6.6700044860496055,0.0
376845,2025-02-13T02:00:00.000000000,1.55,1.081,0.0,0.0,6.481852858999038,0.0
376845,2025-02-13T03:00:00.000000000,1.548,1.088,0.0,0.0,5.801927976199483,0.0
376845,2025-02-13T04:00:00.000000000,1.569,1.088,0.0,0.0,6.15888853966925,0.0
376845,2025-02-13T05:00:00.000000000,1.558,1.094,0.0,0.0,5.580366247149284,0.0
376845,2025-02-13T06:00:00.000000000,2.0340000000000003,1.104,0.0,0.0,5.3209983500468665,0.0
376845,2025-02-13T07:00:00.000000000,1.62,1.104,0.0,0.0,5.418297945344045,0.0
376845,2025-02-13T08:00:00.000000000,1.564,1.104,0.0,0.0,5.250661293205533,0.0
376845,2025-02-13T09:00:00.000000000,1.647,1.119,0.0,0.0,5.967513130846789,0.0
376845,2025-02-13T10:00:00.000000000,1.609,1.147,0.0,0.0,4.3603113820223225,0.0
376845,2025-02-13T11:00:00.000000000,1.618,1.157,0.0,0.0,3.3709034491209,0.0
376845,2025-02-13T12:00:00.000000000,1.659,1.168,0.0,0.0,2.848650802074,0.0
376845,2025-02-13T13:00:00.000000000,1.6369999999999998,1.176,0.0,0.0,2.0122259678024776,0.0
376845,2025-02-13T14:00:00.000000000,1.65,1.1889999999999998,0.0,0.0,1.3882776594058168,0.0
376845,2025-02-13T15:00:00.000000000,1.66,1.2,0.0,0.0,1.2537580381967666,0.0
376845,2025-02-13T16:00:00.000000000,1.768,1.2,0.0,0.0,0.8068246561841277,0.0
376845,2025-02-13T17:00:00.000000000,1.84,1.194,0.0,0.0,1.3630735473710056,0.0
376845,2025-02-13T18:00:00.000000000,1.854,1.186,0.0,0.0,0.9747543793928112,0.0
376845,2025-02-13T19:00:00.000000000,2.316,1.176,0.0,0.0,1.0014238467784835,0.0
376845,2025-02-13T20:00:00.000000000,1.878,1.17,0.0,0.0,2.5388746809019613,0.0
376845,2025-02-13T21:00:00.000000000,2.008,1.1529999999999998,0.0,0.0,3.1335158822814,0.0
376845,2025-02-13T22:00:00.000000000,1.857,1.138,0.0,0.0,3.1009849934922835,0.0
376845,2025-02-13T23:00:00.000000000,1.754,1.124,0.0,0.0,4.144904145445739,0.0
376845,2025-02-14T00:00:00.000000000,1.662,1.12,0.0,0.0,4.337158767478717,0.0
376845,2025-02-14T01:00:00.000000000,1.5970000000000002,1.112,0.0,0.0,4.243082953953433,0.0
376845,2025-02-14T02:00:00.000000000,1.569,1.1,0.0,0.0,4.633746690493005,0.0
376845,2025-02-14T03:00:00.000000000,1.544,1.084,0.0,0.0,5.583296957851005,0.0
376845,2025-02-14T04:00:00.000000000,1.5630000000000002,1.105,0.0,0.0,5.537870941974311,0.0
376845,2025-02-14T05:00:00.000000000,1.6239999999999999,1.141,0.0,0.0,4.2946634623037445,0.0
376845,2025-02-14T06:00:00.000000000,1.608,1.144,0.0,0.0,4.0139013770787555,0.0
376845,2025-02-14T07:00:00.000000000,1.588,1.1309999999999998,0.0,0.0,4.1747973946033055,0.0
376845,2025-02-14T08:00:00.000000000,1.936,1.114,0.0,0.0,7.824118360387816,0.0
376845,2025-02-14T09:00:00.000000000,1.866,1.102,0.0,0.0,10.842164241021361,0.0
376845,2025-02-14T10:00:00.000000000,1.692,1.092,0.0,0.0,5.937033739548878,0.0
376845,2025-02-14T11:00:00.000000000,1.692,1.098,0.0,0.0,5.8822294494266725,0.0
376845,2025-02-14T12:00:00.000000000,1.7,1.108,0.0,0.0,6.875154235170161,0.0
376845,2025-02-14T13:00:00.000000000,1.642,1.112,0.0,0.0,5.662133075727334,0.0
376845,2025-02-14T14:00:00.000000000,1.615,1.12,0.0,0.0,4.7489236210706895,0.0
376845,2025-02-14T15:00:00.000000000,1.58,1.12,0.0,0.0,6.092947548880501,0.0
376845,2025-02-14T16:00:00.000000000,1.58,1.12,0.0,0.0,6.370778923403766,0.0
376845,2025-02-14T17:00:00.000000000,1.6020000000000003,1.1150000000000002,0.0,0.0,5.866696682707545,0.0
376845,2025-02-14T18:00:00.000000000,1.726,1.097,0.0,0.0,6.6363013129798,0.0
376845,2025-02-14T19:00:00.000000000,1.9809999999999999,1.08,0.0,0.0,6.367262070561701,0.0
376845,2025-02-14T20:00:00.000000000,2.63,1.074,0.0,0.0,6.27875460736969,0.0
376845,2025-02-14T21:00:00.000000000,1.466,0.554,0.0,0.0,8.308271768312327,0.0
376845,2025-02-14T22:00:00.000000000,1.243,0.048,0.0,0.0,11.838312808536745,0.0
376845,2025-02-14T23:00:00.000000000,0.681,0.048,0.0,0.0,10.598622181708246,0.0
376845,2025-02-15T00:00:00.000000000,0.593,0.048,0.0,0.0,11.29613132871813,0.0
376845,2025-02-15T01:00:00.000000000,0.537,0.048,0.0,0.0,11.28763226768314,0.0
376845,2025-02-15T02:00:00.000000000,0.52,0.048,0.0,0.0,12.655981094317244,0.0
376845,2025-02-15T03:00:00.000000000,0.509,0.048,0.0,0.0,13.630149331569712,0.0
376845,2025-02-15T04:00:00.000000000,0.508,0.048,0.0,0.0,13.630149331569712,0.0
376845,2025-02-15T05:00:00.000000000,0.505,0.048,0.0,0.0,14.061549946863224,0.0
376845,2025-02-15T06:00:00.000000000,0.504,0.048,0.0,0.0,13.36492001306385,0.0
376845,2025-02-15T07:00:00.000000000,0.531,0.048,0.0,0.0,12.964878002278766,0.0
376845,2025-02-15T08:00:00.000000000,0.599,0.048,0.0,0.0,13.506766411027206,0.0
376845,2025-02-15T09:00:00.000000000,0.646,0.048,0.0,0.0,14.438732414174872,0.0
376845,2025-02-15T10:00:00.000000000,0.648,0.048,0.0,0.0,12.144572076866716,0.0
376845,2025-02-15T11:00:00.000000000,0.577,0.048,0.0,0.0,11.41306668571685,0.0
376845,2025-02-15T12:00:00.000000000,1.267,0.81,0.0,0.0,8.97999066114706,0.0
376845,2025-02-15T13:00:00.000000000,1.545,1.085,0.0,0.0,6.579152454296216,0.0
376845,2025-02-15T14:00:00.000000000,1.556,1.092,0.0,0.0,7.556251402250406,0.0
376845,2025-02-15T15:00:00.000000000,1.56,1.098,0.0,0.0,6.0020955171271115,0.0
376845,2025-02-15T16:00:00.000000000,1.568,1.108,0.0,0.0,5.15658547968025,0.0
376845,2025-02-15T17:00:00.000000000,1.589,1.102,0.0,0.0,6.146579554722017,0.0
376845,2025-02-15T18:00:00.000000000,1.623,1.092,0.0,0.0,6.280513033790722,0.0
376845,2025-02-15T19:00:00.000000000,1.735,1.092,0.0,0.0,6.472474584753527,0.0
376845,2025-02-15T20:00:00.000000000,1.7920000000000003,1.0830000000000002,0.0,0.0,5.909485058952689,0.0
376845,2025-02-15T21:00:00.000000000,1.9740000000000002,1.064,0.0,0.0,7.200170051991155,0.0
376845,2025-02-15T22:00:00.000000000,1.9249999999999998,1.07,0.0,0.0,6.707810654101822,0.0
376845,2025-02-15T23:00:00.000000000,1.709,1.08,0.0,0.0,6.57036032219105,0.0
376845,2025-02-16T00:00:00.000000000,1.615,1.074,0.0,0.0,8.023406688104927,0.0
376845,2025-02-16T01:00:00.000000000,1.5550000000000002,1.07,0.0,0.0,7.497051046075617,0.0
376845,2025-02-16T02:00:00.000000000,1.548,1.08,0.0,0.0,7.114300228430694,0.0
376845,2025-02-16T03:00:00.000000000,1.537,1.08,0.0,0.0,6.5504314894193385,0.0
376845,2025-02-16T04:00:00.000000000,1.536,1.08,0.0,0.0,7.054513730115561,0.0
376845,2025-02-16T05:00:00.000000000,1.5270000000000001,1.0710000000000002,0.0,0.0,6.8854117226261895,0.0
376845,2025-02-16T06:00:00.000000000,1.516,1.06,0.0,0.0,7.716268206564438,0.0
376845,2025-02-16T07:00:00.000000000,1.564,1.06,0.0,0.0,8.941012208814156,0.0
376845,2025-02-16T08:00:00.000000000,1.6269999999999998,1.072,0.0,0.0,7.438143760971,0.0
376845,2025-02-16T09:00:00.000000000,1.5870000000000002,1.092,0.0,0.0,7.431110055286866,0.0
376845,2025-02-16T10:00:00.000000000,1.572,1.1110000000000002,0.0,0.0,5.236007739696922,0.0
376845,2025-02-16T11:00:00.000000000,1.5890000000000002,1.128,0.0,0.0,5.138708144399745,0.0
376845,2025-02-16T12:00:00.000000000,1.596,1.137,0.0,0.0,6.602598139909994,0.0
376845,2025-02-16T13:00:00.000000000,1.6150000000000002,1.154,0.0,0.0,4.035295565201328,0.0
376845,2025-02-16T14:00:00.000000000,1.6220000000000003,1.16,0.0,0.0,2.8879223254770774,0.0
376845,2025-02-16T15:00:00.000000000,1.624,1.164,0.0,0.0,2.876492553740361,0.0
376845,2025-02-16T16:00:00.000000000,1.624,1.164,0.0,0.0,2.155244650046522,0.0
376845,2025-02-16T17:00:00.000000000,1.651,1.164,0.0,0.0,2.1716566299761664,0.0
376845,2025-02-16T18:00:00.000000000,2.183,1.164,0.0,0.0,2.153779294695661,0.0
376845,2025-02-16T19:00:00.000000000,1.807,1.164,0.0,0.0,1.7250163190337002,0.0
376845,2025-02-16T20:00:00.000000000,1.868,1.1589999999999998,0.0,0.0,1.913461017154439,0.0
376845,2025-02-16T21:00:00.000000000,2.004,1.1489999999999998,0.0,0.0,2.6754457996022163,0.0
376845,2025-02-16T22:00:00.000000000,2.11,1.144,0.0,0.0,3.5291618270139002,0.0
376845,2025-02-16T23:00:00.000000000,2.096,1.138,0.0,0.0,8.715933626921888,0.0
376845,2025-02-17T00:00:00.000000000,1.669,1.13,0.0,0.0,4.680638061720561,0.0
376845,2025-02-17T01:00:00.000000000,1.6249999999999998,1.14,0.0,0.0,3.1906647409649835,0.0
376845,2025-02-17T02:00:00.000000000,1.608,1.14,0.0,0.0,4.033244067710122,0.0
376845,2025-02-17T03:00:00.000000000,1.597,1.14,0.0,0.0,3.3703173069805556,0.0
376845,2025-02-17T04:00:00.000000000,1.593,1.136,0.0,0.0,2.9825842811427057,0.0
376845,2025-02-17T05:00:00.000000000,1.584,1.13,0.0,0.0,3.3163922300688666,0.0
376845,2025-02-17T06:00:00.000000000,1.5739999999999998,1.118,0.0,0.0,4.408375037530567,0.0
376845,2025-02-17T07:00:00.000000000,1.5590000000000002,1.1,0.0,0.0,4.625833771598356,0.0
376845,2025-02-17T08:00:00.000000000,1.55,1.089,0.0,0.0,5.037012483049983,0.0
376845,2025-02-17T09:00:00.000000000,1.6700000000000002,1.108,0.0,0.0,4.559892780809605,0.0
376845,2025-02-17T10:00:00.000000000,1.73,1.132,0.0,0.0,3.139084232614672,0.0
376845,2025-02-17T11:00:00.000000000,2.7159999999999997,1.142,0.0,0.0,2.612435519515189,0.0
376845,2025-02-17T12:00:00.000000000,1.8900000000000001,1.1609999999999998,0.0,0.0,1.8237812696817388,0.0
376845,2025-02-17T13:00:00.000000000,1.9220000000000002,1.186,0.0,0.0,1.4252046142475165,0.0
376845,2025-02-17T14:00:00.000000000,1.936,1.2,0.0,0.0,0.42378076746903337,0.0
376845,2025-02-17T15:00:00.000000000,1.9329999999999998,1.202,0.0,0.0,1.3484199938623944,0.0
376845,2025-02-17T16:00:00.000000000,1.945,1.2009999999999998,0.0,0.0,1.5016961635624666,0.0
376845,2025-02-17T17:00:00.000000000,1.988,1.1849999999999998,0.0,0.0,2.3178990939921054,0.0
376845,2025-02-17T18:00:00.000000000,2.0330000000000004,1.172,0.0,0.0,1.5324686259305498,0.0
376845,2025-02-17T19:00:00.000000000,2.082,1.162,0.0,0.0,3.0365093580543943,0.0
376845,2025-02-17T20:00:00.000000000,1.8630000000000002,1.155,0.0,0.0,2.4547632837625333,0.0
376845,2025-02-17T21:00:00.000000000,1.947,1.146,0.0,0.0,3.495165582873922,0.0
376845,2025-02-17T22:00:00.000000000,1.992,1.14,0.0,0.0,5.391335406888199,0.0
376845,2025-02-17T23:00:00.000000000,1.8110000000000002,1.14,0.0,0.0,3.08340072928195,0.0
376845,2025-02-18T00:00:00.000000000,1.697,1.136,0.0,0.0,3.6871271338367277,0.0
376845,2025-02-18T01:00:00.000000000,1.642,1.138,0.0,0.0,3.0825215160714334,0.0
376845,2025-02-18T02:00:00.000000000,1.625,1.1569999999999998,0.0,0.0,2.0412400037495275,0.0
376845,2025-02-18T03:00:00.000000000,1.6289999999999998,1.17,0.0,0.0,1.926942286382361,0.0
376845,2025-02-18T04:00:00.000000000,1.6409999999999998,1.183,0.0,0.0,1.3238020239679278,0.0
376845,2025-02-18T05:00:00.000000000,1.67,1.188,0.0,0.0,1.2534649671265945,0.0
376845,2025-02-18T06:00:00.000000000,1.679,1.176,0.0,0.0,1.939544342399767,0.0
376845,2025-02-18T07:00:00.000000000,1.72,1.18,0.0,0.0,1.354281415265839,0.0
376845,2025-02-18T08:00:00.000000000,1.819,1.174,0.0,0.0,2.3671350337810386,0.0
376845,2025-02-18T09:00:00.000000000,1.8969999999999998,1.17,0.0,0.0,1.8425378181727612,0.0
376845,2025-02-18T10:00:00.000000000,1.808,1.178,0.0,0.0,2.193050818098739,0.0
376845,2025-02-18T11:00:00.000000000,1.7810000000000001,1.1869999999999998,0.0,0.0,3.474357536891694,0.0
376845,2025-02-18T12:00:00.000000000,1.789,1.194,0.0,0.0,2.395855998657917,0.0
376845,2025-02-18T13:00:00.000000000,1.9409999999999998,1.2049999999999998,0.0,0.0,1.2221063626181665,0.0
376845,2025-02-18T14:00:00.000000000,1.809,1.0939999999999999,0.0,0.0,0.0,0.0
376845,2025-02-18T15:00:00.000000000,1.524,0.969,0.0,0.0,0.4580700826791833,0.0
376845,2025-02-18T16:00:00.000000000,1.785,0.774,0.0,0.0,0.0,0.0
376845,2025-02-18T17:00:00.000000000,1.52,0.7839999999999999,0.0,0.0,0.4580700826791833,0.0
376845,2025-02-18T18:00:00.000000000,1.6,0.804,0.0,0.0,0.0,0.0
376845,2025-02-18T19:00:00.000000000,1.816,0.9380000000000001,0.0,0.0,0.4311075442233389,0.0
376845,2025-02-18T20:00:00.000000000,1.757,1.069,0.0,0.0,0.4311075442233389,0.0
376845,2025-02-18T21:00:00.000000000,1.9300000000000002,1.138,0.0,0.0,1.0099229078134777,0.0
376845,2025-02-18T22:00:00.000000000,2.02,1.168,0.0,0.0,1.5682232964915612,0.0
376845,2025-02-18T23:00:00.000000000,1.8829999999999998,1.173,0.0,0.0,2.1801556910111612,0.0
376845,2025-02-19T00:00:00.000000000,1.63,1.164,0.0,0.0,1.4254976853176888,0.0
376845,2025-02-19T01:00:00.000000000,1.6489999999999998,1.164,0.0,0.0,1.562948017228461,0.0
376845,2025-02-19T02:00:00.000000000,1.638,1.17,0.0,0.0,0.9850118668488389,0.0
376845,2025-02-19T03:00:00.000000000,1.6269999999999998,1.1669999999999998,0.0,0.0,0.8361317632013501,0.0
376845,2025-02-19T04:00:00.000000000,1.612,1.155,0.0,0.0,1.3973628625811556,0.0
376845,2025-02-19T05:00:00.000000000,1.6280000000000001,1.164,0.0,0.0,1.3126653233013834,0.0
376845,2025-02-19T06:00:00.000000000,2.0919999999999996,1.164,0.0,0.0,1.3059246886874223,0.0
376845,2025-02-19T07:00:00.000000000,1.639,1.158,0.0,0.0,1.2546372514072834,0.0
376845,2025-02-19T08:00:00.000000000,1.735,1.155,0.0,0.0,1.975885155101122,0.0
376845,2025-02-19T09:00:00.000000000,1.662,1.17,0.0,0.0,1.6927785013147556,0.0
376845,2025-02-19T10:00:00.000000000,1.64,1.176,0.0,0.0,1.894704468663417,0.0
376845,2025-02-19T11:00:00.000000000,1.6429999999999998,1.182,0.0,0.0,0.07268162540271111,0.0
376845,2025-02-19T12:00:00.000000000,1.646,1.189,0.0,0.0,0.4586562248195278,0.0
376845,2025-02-19T13:00:00.000000000,1.652,1.192,0.0,0.0,0.44488188452143335,0.0
376845,2025-02-19T14:00:00.000000000,1.619,1.162,0.0,0.0,0.0,0.0
376845,2025-02-19T15:00:00.000000000,1.496,1.057,0.0,0.0,0.4311075442233389,0.0
376845,2025-02-19T16:00:00.000000000,1.358,0.939,0.0,0.0,0.0,0.0
376845,2025-02-19T17:00:00.000000000,1.617,1.0030000000000001,0.0,0.0,0.0,0.0
376845,2025-02-19T18:00:00.000000000,1.682,1.038,0.0,0.0,0.4311075442233389,0.0
376845,2025-02-19T19:00:00.000000000,1.772,1.089,0.0,0.0,0.0,0.0
376845,2025-02-19T20:00:00.000000000,1.872,1.164,0.0,0.0,0.4451749555916055,0.0
376845,2025-02-19T21:00:00.000000000,1.698,1.164,0.0,0.0,1.516349717071078,0.0
376845,2025-02-19T22:00:00.000000000,1.732,1.164,0.0,0.0,1.576136215386211,0.0
376845,2025-02-19T23:00:00.000000000,1.788,1.158,0.0,0.0,1.2722215156176166,0.0
376845,2025-02-20T00:00:00.000000000,1.6549999999999998,1.152,0.0,0.0,2.5646649350771167,0.0
376845,2025-02-20T01:00:00.000000000,1.637,1.152,0.0,0.0,1.21595187014455,0.0
376845,2025-02-20T02:00:00.000000000,1.62,1.152,0.0,0.0,1.5257279913165889,0.0
376845,2025-02-20T03:00:00.000000000,1.609,1.152,0.0,0.0,1.1951438241623222,0.0
376845,2025-02-20T04:00:00.000000000,1.608,1.152,0.0,0.0,1.0579865633217223,0.0
376845,2025-02-20T05:00:00.000000000,1.608,1.152,0.0,0.0,1.9413027688208,0.0
376845,2025-02-20T06:00:00.000000000,1.6050000000000002,1.152,0.0,0.0,1.4706306301242114,0.0
376845,2025-02-20T07:00:00.000000000,1.6789999999999998,1.152,0.0,0.0,1.620976089122561,0.0
376845,2025-02-20T08:00:00.000000000,2.1340000000000003,1.146,0.0,0.0,2.0998542177839723,0.0
376845,2025-02-20T09:00:00.000000000,1.605,1.1429999999999998,0.0,0.0,1.4298937513702723,0.0
376845,2025-02-20T10:00:00.000000000,1.6460000000000001,1.152,0.0,0.0,1.1192384169877165,0.0
376845,2025-02-20T11:00:00.000000000,1.6460000000000001,1.152,0.0,0.0,1.0937412338827333,0.0
376845,2025-02-20T12:00:00.000000000,1.609,1.152,0.0,0.0,1.7719076902612556,0.0
376845,2025-02-20T13:00:00.000000000,1.6110000000000002,1.152,0.0,0.0,0.977392019024361,0.0
376845,2025-02-20T14:00:00.000000000,1.612,1.152,0.0,0.0,1.0779153960934336,0.0
376845,2025-02-20T15:00:00.000000000,1.6170000000000002,1.155,0.0,0.0,0.39505980259215556,0.0
376845,2025-02-20T16:00:00.000000000,1.65,1.155,0.0,0.0,0.5008584589243278,0.0
376845,2025-02-20T17:00:00.000000000,1.6389999999999998,1.152,0.0,0.0,0.5902451353268555,0.0
376845,2025-02-20T18:00:00.000000000,1.87,1.152,0.0,0.0,0.3156375425754833,0.0
376845,2025-02-20T19:00:00.000000000,1.854,1.155,0.0,0.0,0.5814530032216889,0.0
376845,2025-02-20T20:00:00.000000000,1.806,1.158,0.0,0.0,0.036047741631183336,0.0
376845,2025-02-20T21:00:00.000000000,1.86,1.164,0.0,0.0,0.5020307432050166,0.0
376845,2025-02-20T22:00:00.000000000,2.016,1.163,0.0,0.0,1.5834629921405168,0.0
376845,2025-02-20T23:00:00.000000000,1.831,1.158,0.0,0.0,1.0500736444270722,0.0
376845,2025-02-21T00:00:00.000000000,1.707,1.164,0.0,0.0,0.8484407481485833,0.0
376845,2025-02-21T01:00:00.000000000,1.6489999999999998,1.164,0.0,0.0,1.3170613893539667,0.0
376845,2025-02-21T02:00:00.000000000,1.6369999999999998,1.1689999999999998,0.0,0.0,0.7766383359563889,0.0
376845,2025-02-21T03:00:00.000000000,1.63,1.17,0.0,0.0,0.9293283635161167,0.0
376845,2025-02-21T04:00:00.000000000,1.624,1.1669999999999998,0.0,0.0,1.7783552538050444,0.0
376845,2025-02-21T05:00:00.000000000,1.632,1.176,0.0,0.0,1.4108441318090779,0.0
376845,2025-02-21T06:00:00.000000000,1.6629999999999998,1.184,0.0,0.0,1.942475053101489,0.0
376845,2025-02-21T07:00:00.000000000,1.7189999999999999,1.179,0.0,0.0,1.7015706334199223,0.0
376845,2025-02-21T08:00:00.000000000,1.6549999999999998,1.172,0.0,0.0,1.5280725598779668,0.0
376845,2025-02-21T09:00:00.000000000,1.734,1.172,0.0,0.0,1.8574844427515447,0.0
376845,2025-02-21T10:00:00.000000000,1.778,1.182,0.0,0.0,2.812309989372644,0.0
376845,2025-02-21T11:00:00.000000000,1.756,1.196,0.0,0.0,1.459787000527839,0.0
376845,2025-02-21T12:00:00.000000000,1.657,1.198,0.0,0.0,0.6043125466951222,0.0
376845,2025-02-21T13:00:00.000000000,1.669,1.208,0.0,0.0,1.6033918249122279,0.0
376845,2025-02-21T14:00:00.000000000,1.629,1.176,0.0,0.0,0.8891776269025222,0.0
376845,2025-02-21T15:00:00.000000000,1.5050000000000001,1.069,0.0,0.0,0.0,0.0
376845,2025-02-21T16:00:00.000000000,1.4500000000000002,1.022,0.0,0.0,0.4311075442233389,0.0
376845,2025-02-21T17:00:00.000000000,1.659,1.178,0.0,0.0,0.11869378341974998,0.0
376845,2025-02-21T18:00:00.000000000,1.6749999999999998,1.194,0.0,0.0,0.7045428526940223,0.0
376845,2025-02-21T19:00:00.000000000,1.658,1.181,0.0,0.0,0.3836300308554389,0.0
376845,2025-02-21T20:00:00.000000000,1.881,1.172,0.0,0.0,0.6860793752731723,0.0
376845,2025-02-21T21:00:00.000000000,2.9530000000000003,1.162,0.0,0.0,1.0972580867247999,0.0
376845,2025-02-21T22:00:00.000000000,2.004,1.148,0.0,0.0,1.2056943826885222,0.0
376845,2025-02-21T23:00:00.000000000,1.897,1.148,0.0,0.0,1.2517065407055612,0.0
376845,2025-02-22T00:00:00.000000000,1.651,1.148,0.0,0.0,1.97559208403095,0.0
376845,2025-02-22T01:00:00.000000000,1.627,1.141,0.0,0.0,2.662550672514639,0.0
376845,2025-02-22T02:00:00.000000000,1.6079999999999999,1.14,0.0,0.0,2.9412612602484223,0.0
376845,2025-02-22T03:00:00.000000000,1.605,1.148,0.0,0.0,1.6148215966489445,0.0
376845,2025-02-22T04:00:00.000000000,1.604,1.148,0.0,0.0,1.6529208357713332,0.0
376845,2025-02-22T05:00:00.000000000,1.604,1.148,0.0,0.0,2.107767136678622,0.0
376845,2025-02-22T06:00:00.000000000,1.601,1.148,0.0,0.0,1.7009844912795777,0.0
376845,2025-02-22T07:00:00.000000000,1.624,1.144,0.0,0.0,2.2164965037125164,0.0
376845,2025-02-22T08:00:00.000000000,1.689,1.142,0.0,0.0,2.6798418656548,0.0
376845,2025-02-22T09:00:00.000000000,1.6110000000000002,1.148,0.0,0.0,1.6570238307537444,0.0
376845,2025-02-22T10:00:00.000000000,1.612,1.149,0.0,0.0,1.02604181667295,0.0
376845,2025-02-22T11:00:00.000000000,1.615,1.155,0.0,0.0,1.428428396019411,0.0
376845,2025-02-22T12:00:00.000000000,1.624,1.164,0.0,0.0,0.7203686904833223,0.0
376845,2025-02-22T13:00:00.000000000,2.1470000000000002,1.146,0.0,0.0,0.5624033836604945,0.0
376845,2025-02-22T14:00:00.000000000,1.748,1.148,0.0,0.0,0.2529203335586278,0.0
376845,2025-02-22T15:00:00.000000000,1.7510000000000001,1.154,0.0,0.0,0.5418884087484388,0.0
376845,2025-02-22T16:00:00.000000000,1.766,1.164,0.0,0.0,0.07092319898167777,0.0
376845,2025-02-22T17:00:00.000000000,2.738,1.1059999999999999,0.0,0.0,0.07004398577116111,0.0
376845,2025-02-22T18:00:00.000000000,1.857,1.148,0.0,0.0,1.5726193625441445,0.0
376845,2025-02-22T19:00:00.000000000,2.303,1.135,0.0,0.0,4.094788992446289,0.0
376845,2025-02-22T20:00:00.000000000,2.076,1.139,0.0,0.0,0.013481269227922222,0.0
376845,2025-02-22T21:00:00.000000000,2.056,1.148,0.0,0.0,1.9158055857158165,0.0
376845,2025-02-22T22:00:00.000000000,2.02,1.164,0.0,0.0,1.0371785173394945,0.0
376845,2025-02-22T23:00:00.000000000,1.72,1.164,0.0,0.0,1.1122047113035831,0.0
376845,2025-02-23T00:00:00.000000000,1.621,1.154,0.0,0.0,0.9688929579893666,0.0
376845,2025-02-23T01:00:00.000000000,1.628,1.142,0.0,0.0,1.4281353249492388,0.0
376845,2025-02-23T02:00:00.000000000,1.62,1.152,0.0,0.0,1.0210596084800223,0.0
376845,2025-02-23T03:00:00.000000000,1.605,1.146,0.0,0.0,1.4199293349844166,0.0
376845,2025-02-23T04:00:00.000000000,1.599,1.142,0.0,0.0,1.0565212079708612,0.0
376845,2025-02-23T05:00:00.000000000,1.6050000000000002,1.152,0.0,0.0,0.9132094546566445,0.0
376845,2025-02-23T06:00:00.000000000,1.604,1.152,0.0,0.0,1.3100276836698332,0.0
376845,2025-02-23T07:00:00.000000000,1.6070000000000002,1.152,0.0,0.0,1.03659237519915,0.0
376845,2025-02-23T08:00:00.000000000,2.258,1.152,0.0,0.0,1.573498575754661,0.0
376845,2025-02-23T09:00:00.000000000,2.2279999999999998,1.152,0.0,0.0,3.4183809624887997,0.0
376845,2025-02-23T10:00:00.000000000,1.847,1.152,0.0,0.0,1.8249535539624278,0.0
376845,2025-02-23T11:00:00.000000000,1.683,1.155,0.0,0.0,1.4788366200890333,0.0
376845,2025-02-23T12:00:00.000000000,1.624,1.164,0.0,0.0,0.9835465114979778,0.0
376845,2025-02-23T13:00:00.000000000,1.63,1.17,0.0,0.0,0.6388949329754443,0.0
376845,2025-02-23T14:00:00.000000000,1.6389999999999998,1.176,0.0,0.0,0.4988069614331222,0.0
376845,2025-02-23T15:00:00.000000000,1.64,1.176,0.0,0.0,0.7616917113776055,0.0
376845,2025-02-23T16:00:00.000000000,1.637,1.176,0.0,0.0,0.9137955967969889,0.0
376845,2025-02-23T17:00:00.000000000,1.6629999999999998,1.176,0.0,0.0,0.8595774488151278,0.0
376845,2025-02-23T18:00:00.000000000,2.236,1.1349999999999998,0.0,0.0,0.37102797483803335,0.0
376845,2025-02-23T19:00:00.000000000,2.1550000000000002,1.1159999999999999,0.0,0.0,0.4311075442233389,0.0
376845,2025-02-23T20:00:00.000000000,1.887,1.176,0.0,0.0,0.004982208192927778,0.0
376845,2025-02-23T21:00:00.000000000,1.9250000000000003,1.176,0.0,0.0,0.4862049054157167,0.0
376845,2025-02-23T22:00:00.000000000,2.828,1.107,0.0,0.0,0.9132094546566445,0.0
376845,2025-02-23T23:00:00.000000000,1.84,1.1649999999999998,0.0,0.0,1.594306621736889,0.0
376845,2025-02-24T00:00:00.000000000,1.902,1.144,0.0,0.0,1.632405860859278,0.0
376845,2025-02-24T01:00:00.000000000,1.7510000000000001,1.136,0.0,0.0,3.4693753286987667,0.0
376845,2025-02-24T02:00:00.000000000,1.6280000000000001,1.136,0.0,0.0,2.377685592307239,0.0
376845,2025-02-24T03:00:00.000000000,1.599,1.14,0.0,0.0,1.5356924077024445,0.0
376845,2025-02-24T04:00:00.000000000,1.608,1.148,0.0,0.0,1.5154705038605614,0.0
376845,2025-02-24T05:00:00.000000000,1.6050000000000002,1.148,0.0,0.0,1.089052096759978,0.0
376845,2025-02-24T06:00:00.000000000,1.6,1.1449999999999998,0.0,0.0,1.5740847178950057,0.0
376845,2025-02-24T07:00:00.000000000,1.667,1.14,0.0,0.0,1.7250163190337,0.0
376845,2025-02-24T08:00:00.000000000,2.597,1.14,0.0,0.0,1.1922131134606,0.0
376845,2025-02-24T09:00:00.000000000,1.738,1.1429999999999998,0.0,0.0,0.6954576495186833,0.0
376845,2025-02-24T10:00:00.000000000,1.748,1.152,0.0,0.0,0.33410101999633335,0.0
376845,2025-02-24T11:00:00.000000000,1.753,1.16,0.0,0.0,0.5820391453620334,0.0
376845,2025-02-24T12:00:00.000000000,1.77,1.0899999999999999,0.0,0.0,0.0,0.0
376845,2025-02-24T13:00:00.000000000,2.097,0.961,0.0,0.0,1.4246184721071722,0.0
376845,2025-02-24T14:00:00.000000000,1.6030000000000002,0.9129999999999999,0.0,0.0,0.0,0.0
376845,2025-02-24T15:00:00.000000000,1.5340000000000003,0.857,0.0,0.0,1.4782504779486891,0.0
376845,2025-02-24T16:00:00.000000000,1.5219999999999998,0.835,0.0,0.0,0.4885494739770945,0.0
376845,2025-02-24T17:00:00.000000000,1.651,0.897,0.0,0.0,0.4311075442233389,0.0
376845,2025-02-24T18:00:00.000000000,1.696,0.886,0.0,0.0,0.4580700826791833,0.0
376845,2025-02-24T19:00:00.000000000,2.628,0.88,0.0,0.0,1.4879218232643723,0.0
376845,2025-02-24T20:00:00.000000000,1.929,1.017,0.0,0.0,0.4311075442233389,0.0
376845,2025-02-24T21:00:00.000000000,1.786,1.056,0.0,0.0,0.8601635909554721,0.0
376845,2025-02-24T22:00:00.000000000,1.785,1.129,0.0,0.0,2.252251174273528,0.0
376845,2025-02-24T23:00:00.000000000,1.9069999999999998,1.168,0.0,0.0,1.6769526635254557,0.0
376845,2025-02-25T00:00:00.000000000,1.8599999999999999,1.1689999999999998,0.0,0.0,0.3097761211720389,0.0
376845,2025-02-25T01:00:00.000000000,1.729,1.184,0.0,0.0,1.3563329127570445,0.0
376845,2025-02-25T02:00:00.000000000,1.6529999999999998,1.184,0.0,0.0,0.09055896068321666,0.0
376845,2025-02-25T03:00:00.000000000,1.645,1.184,0.0,0.0,0.14067411368266666,0.0
376845,2025-02-25T04:00:00.000000000,1.64,1.184,0.0,0.0,0.7575887163951945,0.0
376845,2025-02-25T05:00:00.000000000,1.6429999999999998,1.179,0.0,0.0,0.39242216296060556,0.0
376845,2025-02-25T06:00:00.000000000,1.676,1.172,0.0,0.0,0.8724725759027057,0.0
376845,2025-02-25T07:00:00.000000000,1.737,1.172,0.0,0.0,0.4243669096093778,0.0
376845,2025-02-25T08:00:00.000000000,1.7400000000000002,1.168,0.0,0.0,0.8082900115349889,0.0
376845,2025-02-25T09:00:00.000000000,1.7220000000000002,1.16,0.0,0.0,1.6192176627015278,0.0
376845,2025-02-25T10:00:00.000000000,1.8579999999999997,1.16,0.0,0.0,1.9606454594521667,0.0
376845,2025-02-25T11:00:00.000000000,2.0469999999999997,1.164,0.0,0.0,1.1078086452509999,0.0
376845,2025-02-25T12:00:00.000000000,1.9689999999999999,1.172,0.0,0.0,2.0831491667841555,0.0
376845,2025-02-25T13:00:00.000000000,1.91,1.172,0.0,0.0,1.1491316661452833,0.0
376845,2025-02-25T14:00:00.000000000,2.406,1.1729999999999998,0.0,0.0,0.5240110734679333,0.0
376845,2025-02-25T15:00:00.000000000,2.287,1.175,0.0,0.0,0.5459914037308501,0.0
376845,2025-02-25T16:00:00.000000000,2.464,1.184,0.0,0.0,1.3780201719497889,0.0
376845,2025-02-25T17:00:00.000000000,2.17,1.182,0.0,0.0,1.9131679460842665,0.0
376845,2025-02-25T18:00:00.000000000,2.035,1.176,0.0,0.0,2.2150311483616556,0.0
376845,2025-02-25T19:00:00.000000000,2.091,1.1709999999999998,0.0,0.0,0.4525017323459111,0.0
376845,2025-02-25T20:00:00.000000000,2.053,1.172,0.0,0.0,0.6676158978523222,0.0
376845,2025-02-25T21:00:00.000000000,1.862,1.1669999999999998,0.0,0.0,1.0638479847251667,0.0
376845,2025-02-25T22:00:00.000000000,2.012,1.1589999999999998,0.0,0.0,1.4383928124052667,0.0
376845,2025-02-25T23:00:00.000000000,1.8639999999999999,1.1529999999999998,0.0,0.0,1.5046268742641888,0.0
376845,2025-02-26T00:00:00.000000000,1.6670000000000003,1.145,0.0,0.0,1.325267379318789,0.0
376845,2025-02-26T01:00:00.000000000,1.624,1.1369999999999998,0.0,0.0,2.599247321357439,0.0
376845,2025-02-26T02:00:00.000000000,1.604,1.1349999999999998,0.0,0.0,3.084573013562639,0.0
376845,2025-02-26T03:00:00.000000000,1.6,1.14,0.0,0.0,1.887377691909111,0.0
376845,2025-02-26T04:00:00.000000000,1.594,1.136,0.0,0.0,2.512791355656633,0.0
376845,2025-02-26T05:00:00.000000000,1.584,1.128,0.0,0.0,2.3990797804298114,0.0
376845,2025-02-26T06:00:00.000000000,1.581,1.126,0.0,0.0,2.584886838919,0.0
376845,2025-02-26T07:00:00.000000000,2.531,1.125,0.0,0.0,2.7199926022683947,0.0
376845,2025-02-26T08:00:00.000000000,1.617,1.133,0.0,0.0,2.235253052203539,0.0
376845,2025-02-26T09:00:00.000000000,1.6,1.139,0.0,0.0,2.183672543853228,0.0
376845,2025-02-26T10:00:00.000000000,1.6380000000000001,1.144,0.0,0.0,1.3979490047215,0.0
376845,2025-02-26T11:00:00.000000000,1.7590000000000001,1.166,0.0,0.0,2.182793330642711,0.0
376845,2025-02-26T12:00:00.000000000,1.673,1.094,0.0,0.0,1.4524602237735331,0.0
376845,2025-02-26T13:00:00.000000000,1.605,1.032,0.0,0.0,1.5298309862989998,0.0
376845,2025-02-26T14:00:00.000000000,1.436,1.006,0.0,0.0,0.4580700826791833,0.0
376845,2025-02-26T15:00:00.000000000,1.342,0.924,0.0,0.0,1.05241821298845,0.0
376845,2025-02-26T16:00:00.000000000,1.296,0.886,0.0,0.0,1.6162869519998058,0.0
376845,2025-02-26T17:00:00.000000000,1.409,0.9239999999999999,0.0,0.0,1.2232786468988557,0.0
376845,2025-02-26T18:00:00.000000000,1.4249999999999998,0.858,0.0,0.0,0.0,0.0
376845,2025-02-26T19:00:00.000000000,1.646,0.832,0.0,0.0,1.538916189474339,0.0
376845,2025-02-26T20:00:00.000000000,1.73,0.845,0.0,0.0,0.0,0.0
376845,2025-02-26T21:00:00.000000000,1.77,0.903,0.0,0.0,0.0,0.0
376845,2025-02-26T22:00:00.000000000,1.6380000000000001,0.956,0.0,0.0,2.1822071885023666,0.0
376845,2025-02-26T23:00:00.000000000,1.4780000000000002,1.03,0.0,0.0,0.4580700826791833,0.0
376845,2025-02-27T00:00:00.000000000,1.583,1.125,0.0,0.0,1.1075155741808278,0.0
376845,2025-02-27T01:00:00.000000000,1.6520000000000001,1.168,0.0,0.0,0.6040194756249501,0.0
376845,2025-02-27T02:00:00.000000000,1.6290000000000002,1.164,0.0,0.0,0.06682020399926666,0.0
376845,2025-02-27T03:00:00.000000000,1.6230000000000002,1.168,0.0,0.0,0.4311075442233389,0.0
376845,2025-02-27T04:00:00.000000000,1.6260000000000001,1.17,0.0,0.0,0.1409671847528389,0.0
376845,2025-02-27T05:00:00.000000000,1.617,1.16,0.0,0.0,0.8528368142011666,0.0
376845,2025-02-27T06:00:00.000000000,1.6529999999999998,1.16,0.0,0.0,0.9908732882522834,0.0
376845,2025-02-27T07:00:00.000000000,2.564,1.16,0.0,0.0,2.364790465219661,0.0
376845,2025-02-27T08:00:00.000000000,1.952,1.16,0.0,0.0,3.988697265043945,0.0
376845,2025-02-27T09:00:00.000000000,2.12,1.164,0.0,0.0,1.1913339002500833,0.0
376845,2025-02-27T10:00:00.000000000,1.6840000000000002,1.159,0.0,0.0,2.051204420135383,0.0
376845,2025-02-27T11:00:00.000000000,1.5330000000000001,1.089,0.0,0.0,1.4923178893169555,0.0
376845,2025-02-27T12:00:00.000000000,1.4829999999999999,1.049,0.0,0.0,1.1280305490928835,0.0
376845,2025-02-27T13:00:00.000000000,1.451,1.018,0.0,0.0,1.1277374780227112,0.0
376845,2025-02-27T14:00:00.000000000,1.364,0.942,0.0,0.0,0.4311075442233389,0.0
376845,2025-02-27T15:00:00.000000000,1.314,0.9,0.0,0.0,0.0,0.0
376845,2025-02-27T16:00:00.000000000,1.302,0.892,0.0,0.0,0.0,0.0
376845,2025-02-27T17:00:00.000000000,1.319,0.8839999999999999,0.0,0.0,0.4311075442233389,0.0
376845,2025-02-27T18:00:00.000000000,1.327,0.767,0.0,0.0,0.0,0.0
376845,2025-02-27T19:00:00.000000000,1.625,0.864,0.0,0.0,0.0,0.0
376845,2025-02-27T20:00:00.000000000,1.814,0.92,0.0,0.0,0.9152609521478501,0.0
376845,2025-02-27T21:00:00.000000000,1.7160000000000002,0.95,0.0,0.0,0.9483779830773111,0.0
376845,2025-02-27T22:00:00.000000000,1.628,0.993,0.0,0.0,1.5242626359657276,0.0
376845,2025-02-27T23:00:00.000000000,1.648,1.0430000000000001,0.0,0.0,0.4580700826791833,0.0
376845,2025-02-28T00:00:00.000000000,1.557,1.0550000000000002,0.0,0.0,1.066778695426889,0.0
376845,2025-02-28T01:00:00.000000000,1.6260000000000001,1.147,0.0,0.0,0.04659830015738334,0.0
376845,2025-02-28T02:00:00.000000000,1.63,1.162,0.0,0.0,1.1312543308647778,0.0
376845,2025-02-28T03:00:00.000000000,1.6210000000000002,1.164,0.0,0.0,0.16939507855954444,0.0
376845,2025-02-28T04:00:00.000000000,1.62,1.164,0.0,0.0,0.13774340298094445,0.0
376845,2025-02-28T05:00:00.000000000,1.62,1.164,0.0,0.0,0.6251205926773499,0.0
376845,2025-02-28T06:00:00.000000000,1.6170000000000002,1.164,0.0,0.0,0.08704210784115,0.0
376845,2025-02-28T07:00:00.000000000,1.595,1.144,0.0,0.0,0.4311075442233389,0.0
376845,2025-02-28T08:00:00.000000000,1.723,1.142,0.0,0.0,0.4636384330124556,0.0
376845,2025-02-28T09:00:00.000000000,1.718,1.018,0.0,0.0,1.5831699210703443,0.0
376845,2025-02-28T10:00:00.000000000,1.434,0.915,0.0,0.0,0.94691262772645,0.0
376845,2025-02-28T11:00:00.000000000,1.178,0.7829999999999999,0.0,0.0,0.0,0.0
376845,2025-02-28T12:00:00.000000000,1.045,0.669,0.0,0.0,2.126816756239817,0.0
376845,2025-02-28T13:00:00.000000000,0.978,0.609,0.0,0.0,1.6511624093503001,0.0
376845,2025-02-28T14:00:00.000000000,0.921,0.558,0.0,0.0,0.4580700826791833,0.0
376845,2025-02-28T15:00:00.000000000,0.864,0.508,0.0,0.0,0.0,0.0
376845,2025-02-28T16:00:00.000000000,0.814,0.465,0.0,0.0,0.4311075442233389,0.0
376845,2025-02-28T17:00:00.000000000,1.016,0.548,0.0,0.0,0.0,0.0
376845,2025-02-28T18:00:00.000000000,1.5099999999999998,0.507,0.0,0.0,0.0,0.0
376845,2025-02-28T19:00:00.000000000,2.15,0.504,0.0,0.0,0.4311075442233389,0.0
376845,2025-02-28T20:00:00.000000000,1.553,0.688,0.0,0.0,0.0,0.0
376845,2025-02-28T21:00:00.000000000,1.556,0.7169999999999999,0.0,0.0,0.4885494739770945,0.0
376845,2025-02-28T22:00:00.000000000,1.6380000000000001,0.837,0.0,0.0,1.1277374780227112,0.0
376845,2025-02-28T23:00:00.000000000,1.777,1.115,0.0,0.0,0.48825640290692224,0.0
376845,2025-03-01T00:00:00.000000000,1.628,1.162,0.0,0.0,1.6104255305963613,0.0
376845,2025-03-01T01:00:00.000000000,1.6360000000000001,1.138,0.0,0.0,2.980239712581328,0.0
376845,2025-03-01T02:00:00.000000000,1.5899999999999999,1.104,0.0,0.0,4.8854947397709445,0.0
376845,2025-03-01T03:00:00.000000000,1.5379999999999998,1.062,0.0,0.0,6.1928847838092285,0.0
376845,2025-03-01T04:00:00.000000000,0.525,0.048,0.0,0.0,10.520372205972262,0.0
376845,2025-03-01T05:00:00.000000000,0.521,0.048,0.0,0.0,12.255646012461987,0.0
376845,2025-03-01T06:00:00.000000000,0.52,0.048,0.0,0.0,12.282901621988007,0.0
376845,2025-03-01T07:00:00.000000000,0.538,0.048,0.0,0.0,13.764375881708588,0.0
376845,2025-03-01T08:00:00.000000000,0.527,0.048,0.0,0.0,12.290814540882657,0.0
376845,2025-03-01T09:00:00.000000000,0.531,0.048,0.0,0.0,11.770906462397134,0.0
376845,2025-03-01T10:00:00.000000000,0.532,0.048,0.0,0.0,11.949679815202188,0.0
376845,2025-03-01T11:00:00.000000000,0.529,0.048,0.0,0.0,11.095084574579989,0.0
376845,2025-03-01T12:00:00.000000000,0.8470000000000001,0.29800000000000004,0.0,0.0,9.65112341184145,0.0
376845,2025-03-01T13:00:00.000000000,1.6119999999999999,1.062,0.0,0.0,7.008794643168694,0.0
376845,2025-03-01T14:00:00.000000000,1.6039999999999999,1.076,0.0,0.0,6.705466085540445,0.0
376845,2025-03-01T15:00:00.000000000,2.507,1.084,0.0,0.0,5.950221937706628,0.0
376845,2025-03-01T16:00:00.000000000,1.613,1.086,0.0,0.0,6.646851871506,0.0
376845,2025-03-01T17:00:00.000000000,2.777,1.078,0.0,0.0,5.7512266810596895,0.0
376845,2025-03-01T18:00:00.000000000,3.4530000000000003,1.066,0.0,0.0,5.5232173884657,0.0
376845,2025-03-01T19:00:00.000000000,2.005,1.0510000000000002,0.0,0.0,7.930796229930506,0.0
376845,2025-03-01T20:00:00.000000000,0.8440000000000001,0.048,0.0,0.0,11.207037723385778,0.0
376845,2025-03-01T21:00:00.000000000,1.5,0.048,0.0,0.0,11.30756110045485,0.0
376845,2025-03-01T22:00:00.000000000,0.95,0.048,0.0,0.0,11.383173436559282,0.0
376845,2025-03-01T23:00:00.000000000,0.6890000000000001,0.048,0.0,0.0,10.149344231134227,0.0
376845,2025-03-02T00:00:00.000000000,0.591,0.048,0.0,0.0,11.439150010962178,0.0
376845,2025-03-02T01:00:00.000000000,0.582,0.048,0.0,0.0,12.165087051778773,0.0
376845,2025-03-02T02:00:00.000000000,0.551,0.048,0.0,0.0,10.934774699195783,0.0
376845,2025-03-02T03:00:00.000000000,0.531,0.048,0.0,0.0,11.079551807860861,0.0
376845,2025-03-02T04:00:00.000000000,0.525,0.048,0.0,0.0,11.646644328644111,0.0
376845,2025-03-02T05:00:00.000000000,0.521,0.048,0.0,0.0,11.322507725033633,0.0
376845,2025-03-02T06:00:00.000000000,0.525,0.048,0.0,0.0,11.993347404657849,0.0
376845,2025-03-02T07:00:00.000000000,0.5730000000000001,0.048,0.0,0.0,12.603521372756417,0.0
376845,2025-03-02T08:00:00.000000000,0.608,0.048,0.0,0.0,11.011266248510733,0.0
376845,2025-03-02T09:00:00.000000000,1.032,0.048,0.0,0.0,9.526568207018254,0.0
376845,2025-03-02T10:00:00.000000000,1.657,1.0830000000000002,0.0,0.0,7.0574444408172825,0.0
376845,2025-03-02T11:00:00.000000000,1.694,1.124,0.0,0.0,6.5518968447702,0.0
376845,2025-03-02T12:00:00.000000000,1.686,1.118,0.0,0.0,6.119323945195999,0.0
376845,2025-03-02T13:00:00.000000000,1.67,1.12,0.0,0.0,6.781078421644878,0.0
376845,2025-03-02T14:00:00.000000000,1.622,1.14,0.0,0.0,4.653089381124372,0.0
376845,2025-03-02T15:00:00.000000000,1.658,1.154,0.0,0.0,4.966089284068305,0.0
376845,2025-03-02T16:00:00.000000000,1.64,1.16,0.0,0.0,3.33661413391075,0.0
376845,2025-03-02T17:00:00.000000000,1.671,1.164,0.0,0.0,3.214989639789278,0.0
376845,2025-03-02T18:00:00.000000000,1.793,1.164,0.0,0.0,3.3210813671916224,0.0
376845,2025-03-02T19:00:00.000000000,1.806,1.1529999999999998,0.0,0.0,2.7879850905483505,0.0
376845,2025-03-02T20:00:00.000000000,1.808,1.1409999999999998,0.0,0.0,3.6610438085914,0.0
376845,2025-03-02T21:00:00.000000000,1.8900000000000001,1.136,0.0,0.0,4.349174681355778,0.0
376845,2025-03-02T22:00:00.000000000,1.825,1.1280000000000001,0.0,0.0,4.5736671211077,0.0
376845,2025-03-02T23:00:00.000000000,1.724,1.124,0.0,0.0,5.6914401827445555,0.0
376845,2025-03-03T00:00:00.000000000,1.6470000000000002,1.138,0.0,0.0,3.935944472412944,0.0
376845,2025-03-03T01:00:00.000000000,1.653,1.1509999999999998,0.0,0.0,3.4391890084710277,0.0
376845,2025-03-03T02:00:00.000000000,1.631,1.1449999999999998,0.0,0.0,3.622065356258495,0.0
376845,2025-03-03T03:00:00.000000000,1.61,1.133,0.0,0.0,3.4611693387339444,0.0
376845,2025-03-03T04:00:00.000000000,1.5980000000000003,1.123,0.0,0.0,4.1929678009539835,0.0
376845,2025-03-03T05:00:00.000000000,1.588,1.116,0.0,0.0,4.345364757443539,0.0
376845,2025-03-03T06:00:00.000000000,1.588,1.116,0.0,0.0,3.9951448285877333,0.0
376845,2025-03-03T07:00:00.000000000,1.5910000000000002,1.116,0.0,0.0,4.132009018358161,0.0
376845,2025-03-03T08:00:00.000000000,1.667,1.122,0.0,0.0,4.742769128597072,0.0
376845,2025-03-03T09:00:00.000000000,1.7149999999999999,1.143,0.0,0.0,2.8337041774952167,0.0
376845,2025-03-03T10:00:00.000000000,1.921,1.166,0.0,0.0,2.055893557258139,0.0
376845,2025-03-03T11:00:00.000000000,2.0420000000000003,1.1769999999999998,0.0,0.0,1.789198883401417,0.0
376845,2025-03-03T12:00:00.000000000,1.8430000000000002,1.182,0.0,0.0,1.2502411853547,0.0
376845,2025-03-03T13:00:00.000000000,1.854,1.1869999999999998,0.0,0.0,1.5934274085263722,0.0
376845,2025-03-03T14:00:00.000000000,1.869,1.2009999999999998,0.0,0.0,1.1995398902149055,0.0
376845,2025-03-03T15:00:00.000000000,2.056,1.1869999999999998,0.0,0.0,2.1584684318184166,0.0
376845,2025-03-03T16:00:00.000000000,2.164,1.224,0.0,0.0,4.566340344353394,0.0
376845,2025-03-03T17:00:00.000000000,1.7810000000000001,1.0710000000000002,0.0,0.0,1.1081017163211722,0.0
376845,2025-03-03T18:00:00.000000000,1.776,1.045,0.0,0.0,0.0,0.0
376845,2025-03-03T19:00:00.000000000,2.14,1.135,0.0,0.0,2.438644374903061,0.0
376845,2025-03-03T20:00:00.000000000,2.154,1.18,0.0,0.0,5.2075798458902165,0.0
376845,2025-03-03T21:00:00.000000000,2.017,1.178,0.0,0.0,2.130333609081884,0.0
376845,2025-03-03T22:00:00.000000000,1.976,1.167,0.0,0.0,2.376220236956378,0.0
376845,2025-03-03T23:00:00.000000000,1.837,1.154,0.0,0.0,3.2730177116833774,0.0
376845,2025-03-04T00:00:00.000000000,1.649,1.1409999999999998,0.0,0.0,3.0754878103873002,0.0
376845,2025-03-04T01:00:00.000000000,1.634,1.13,0.0,0.0,2.8032247861973056,0.0
376845,2025-03-04T02:00:00.000000000,1.62,1.136,0.0,0.0,2.8873361833367337,0.0
376845,2025-03-04T03:00:00.000000000,1.613,1.1369999999999998,0.0,0.0,2.372996455184483,0.0
376845,2025-03-04T04:00:00.000000000,1.6070000000000002,1.133,0.0,0.0,2.665188312146189,0.0
376845,2025-03-04T05:00:00.000000000,1.591,1.118,0.0,0.0,3.750430484993928,0.0
376845,2025-03-04T06:00:00.000000000,1.584,1.112,0.0,0.0,3.706762895538267,0.0
376845,2025-03-04T07:00:00.000000000,1.5830000000000002,1.109,0.0,0.0,4.315764579356144,0.0
376845,2025-03-04T08:00:00.000000000,1.5900000000000003,1.1110000000000002,0.0,0.0,3.844506298519211,0.0
376845,2025-03-04T09:00:00.000000000,1.6929999999999998,1.118,0.0,0.0,4.5039162064067115,0.0
376845,2025-03-04T10:00:00.000000000,1.801,1.134,0.0,0.0,2.7621948363731947,0.0
376845,2025-03-04T11:00:00.000000000,1.787,1.1469999999999998,0.0,0.0,4.030899499148745,0.0
376845,2025-03-04T12:00:00.000000000,1.699,1.152,0.0,0.0,1.7988702287171,0.0
376845,2025-03-04T13:00:00.000000000,1.796,1.1509999999999998,0.0,0.0,1.336111008915161,0.0
376845,2025-03-04T14:00:00.000000000,1.812,1.144,0.0,0.0,4.183003384568128,0.0
376845,2025-03-04T15:00:00.000000000,3.4320000000000004,1.142,0.0,0.0,5.624326907675117,0.0
376845,2025-03-04T16:00:00.000000000,2.0300000000000002,1.148,0.0,0.0,1.8636389352251612,0.0
376845,2025-03-04T17:00:00.000000000,2.2390000000000003,1.142,0.0,0.0,2.0790461718017443,0.0
376845,2025-03-04T18:00:00.000000000,1.7630000000000001,1.132,0.0,0.0,2.3003148297817724,0.0
376845,2025-03-04T19:00:00.000000000,1.788,1.132,0.0,0.0,2.148210944362389,0.0
376845,2025-03-04T20:00:00.000000000,1.841,1.131,0.0,0.0,2.410509552166528,0.0
376845,2025-03-04T21:00:00.000000000,1.9649999999999999,1.128,0.0,0.0,4.502157779985677,0.0
376845,2025-03-04T22:00:00.000000000,1.9339999999999997,1.128,0.0,0.0,1.7821651777172831,0.0
376845,2025-03-04T23:00:00.000000000,1.808,1.125,0.0,0.0,2.3548260488338055,0.0
376845,2025-03-05T00:00:00.000000000,1.6549999999999998,1.124,0.0,0.0,2.6786695813741113,0.0
376845,2025-03-05T01:00:00.000000000,1.629,1.124,0.0,0.0,4.128492165516094,0.0
376845,2025-03-05T02:00:00.000000000,1.621,1.126,0.0,0.0,2.961190093020133,0.0
376845,2025-03-05T03:00:00.000000000,1.608,1.128,0.0,0.0,2.762487907443367,0.0
376845,2025-03-05T04:00:00.000000000,1.604,1.13,0.0,0.0,2.1391257411870503,0.0
376845,2025-03-05T05:00:00.000000000,1.597,1.124,0.0,0.0,2.5523559501298836,0.0
376845,2025-03-05T06:00:00.000000000,1.5980000000000003,1.121,0.0,0.0,4.150472495779011,0.0
376845,2025-03-05T07:00:00.000000000,1.5950000000000002,1.12,0.0,0.0,3.7085213219593,0.0
376845,2025-03-05T08:00:00.000000000,1.5990000000000002,1.122,0.0,0.0,2.6487763322165447,0.0
376845,2025-03-05T09:00:00.000000000,1.608,1.1260000000000001,0.0,0.0,2.575508564673489,0.0
376845,2025-03-05T10:00:00.000000000,1.6139999999999999,1.134,0.0,0.0,2.8744410562491556,0.0
376845,2025-03-05T11:00:00.000000000,1.618,1.14,0.0,0.0,2.240821402536811,0.0
376845,2025-03-05T12:00:00.000000000,1.6260000000000001,1.1469999999999998,0.0,0.0,1.5245557070359,0.0
376845,2025-03-05T13:00:00.000000000,1.634,1.154,0.0,0.0,1.9539048248382054,0.0
376845,2025-03-05T14:00:00.000000000,1.64,1.156,0.0,0.0,1.3463684963711888,0.0
376845,2025-03-05T15:00:00.000000000,1.64,1.156,0.0,0.0,1.328198090020511,0.0
376845,2025-03-05T16:00:00.000000000,1.6349999999999998,1.155,0.0,0.0,1.7727869034717725,0.0
376845,2025-03-05T17:00:00.000000000,1.743,1.152,0.0,0.0,1.69072700382355,0.0
376845,2025-03-05T18:00:00.000000000,1.78,1.149,0.0,0.0,2.0667371868545112,0.0
376845,2025-03-05T19:00:00.000000000,1.717,1.1429999999999998,0.0,0.0,1.800042512997789,0.0
376845,2025-03-05T20:00:00.000000000,1.81,1.14,0.0,0.0,1.9207877939087445,0.0
376845,2025-03-05T21:00:00.000000000,1.9769999999999999,1.138,0.0,0.0,2.2654393724312776,0.0
376845,2025-03-05T22:00:00.000000000,1.944,1.136,0.0,0.0,2.275110717746961,0.0
376845,2025-03-05T23:00:00.000000000,1.736,1.136,0.0,0.0,2.0092952571007556,0.0
376845,2025-03-06T00:00:00.000000000,1.646,1.1369999999999998,0.0,0.0,4.223447192251895,0.0
376845,2025-03-06T01:00:00.000000000,1.6429999999999998,1.14,0.0,0.0,3.9177740660622673,0.0
376845,2025-03-06T02:00:00.000000000,1.622,1.1349999999999998,0.0,0.0,2.9570870980377224,0.0
376845,2025-03-06T03:00:00.000000000,1.6110000000000002,1.134,0.0,0.0,3.6636814482229503,0.0
376845,2025-03-06T04:00:00.000000000,1.6100000000000003,1.1349999999999998,0.0,0.0,2.8495300152845173,0.0
376845,2025-03-06T05:00:00.000000000,1.601,1.1280000000000001,0.0,0.0,2.5623203665157392,0.0
376845,2025-03-06T06:00:00.000000000,1.592,1.12,0.0,0.0,2.775676105601117,0.0
376845,2025-03-06T07:00:00.000000000,1.637,1.12,0.0,0.0,3.220264919052378,0.0
376845,2025-03-06T08:00:00.000000000,1.6569999999999998,1.12,0.0,0.0,2.7378699375488997,0.0
376845,2025-03-06T09:00:00.000000000,1.695,1.124,0.0,0.0,3.9995408946403166,0.0
376845,2025-03-06T10:00:00.000000000,1.6310000000000002,1.127,0.0,0.0,3.1763042585265446,0.0
376845,2025-03-06T11:00:00.000000000,1.6110000000000002,1.132,0.0,0.0,3.1833379642106783,0.0
376845,2025-03-06T12:00:00.000000000,1.616,1.138,0.0,0.0,3.4043135511205334,0.0
376845,2025-03-06T13:00:00.000000000,1.6150000000000002,1.136,0.0,0.0,4.8318627339294276,0.0
376845,2025-03-06T14:00:00.000000000,1.616,1.136,0.0,0.0,2.5602688690245334,0.0
376845,2025-03-06T15:00:00.000000000,1.614,1.1329999999999998,0.0,0.0,2.916643290353955,0.0
376845,2025-03-06T16:00:00.000000000,1.657,1.128,0.0,0.0,2.4972585889375054,0.0
376845,2025-03-06T17:00:00.000000000,1.686,1.128,0.0,0.0,3.102743419913317,0.0
376845,2025-03-06T18:00:00.000000000,1.721,1.124,0.0,0.0,3.3770579415945168,0.0
376845,2025-03-06T19:00:00.000000000,1.7810000000000001,1.121,0.0,0.0,2.9652930880025448,0.0
376845,2025-03-06T20:00:00.000000000,2.166,1.12,0.0,0.0,4.823070601824261,0.0
376845,2025-03-06T21:00:00.000000000,2.166,1.118,0.0,0.0,8.043335520876639,0.0
376845,2025-03-06T22:00:00.000000000,1.9249999999999998,1.117,0.0,0.0,3.3758856573138285,0.0
376845,2025-03-06T23:00:00.000000000,1.718,1.117,0.0,0.0,3.3539053270509114,0.0
376845,2025-03-07T00:00:00.000000000,1.656,1.1150000000000002,0.0,0.0,4.269459350268933,0.0
376845,2025-03-07T01:00:00.000000000,1.63,1.116,0.0,0.0,4.960520933735033,0.0
376845,2025-03-07T02:00:00.000000000,1.6,1.112,0.0,0.0,5.05635517368135,0.0
376845,2025-03-07T03:00:00.000000000,1.5890000000000002,1.112,0.0,0.0,5.969857699408167,0.0
376845,2025-03-07T04:00:00.000000000,1.587,1.112,0.0,0.0,5.294035811591022,0.0
376845,2025-03-07T05:00:00.000000000,1.5820000000000003,1.109,0.0,0.0,5.063388879365483,0.0
376845,2025-03-07T06:00:00.000000000,1.5770000000000002,1.101,0.0,0.0,5.347960888502711,0.0
376845,2025-03-07T07:00:00.000000000,2.072,1.0950000000000002,0.0,0.0,6.8599145395212044,0.0
376845,2025-03-07T08:00:00.000000000,1.734,1.096,0.0,0.0,5.903916708619417,0.0
376845,2025-03-07T09:00:00.000000000,1.613,1.11,0.0,0.0,5.885453231198567,0.0
376845,2025-03-07T10:00:00.000000000,1.614,1.133,0.0,0.0,3.4500326380674,0.0
376845,2025-03-07T11:00:00.000000000,1.63,1.15,0.0,0.0,4.999792457138112,0.0
376845,2025-03-07T12:00:00.000000000,1.642,1.164,0.0,0.0,3.569312563627494,0.0
376845,2025-03-07T13:00:00.000000000,1.652,1.1709999999999998,0.0,0.0,2.941261260248422,0.0
376845,2025-03-07T14:00:00.000000000,1.655,1.1729999999999998,0.0,0.0,1.693071572384928,0.0
376845,2025-03-07T15:00:00.000000000,1.648,1.166,0.0,0.0,2.9992893321425225,0.0
376845,2025-03-07T16:00:00.000000000,1.636,1.156,0.0,0.0,3.0599550436681717,0.0
376845,2025-03-07T17:00:00.000000000,1.658,1.1509999999999998,0.0,0.0,3.2085420762454886,0.0
376845,2025-03-07T18:00:00.000000000,1.856,1.1360000000000001,0.0,0.0,3.6402357626091724,0.0
376845,2025-03-07T19:00:00.000000000,2.184,1.113,0.0,0.0,9.599835974561312,0.0
376845,2025-03-07T20:00:00.000000000,2.012,1.1,0.0,0.0,7.271386322043006,0.0
376845,2025-03-07T21:00:00.000000000,2.286,1.0790000000000002,0.0,0.0,5.669166781411467,0.0
376845,2025-03-07T22:00:00.000000000,1.708,1.0550000000000002,0.0,0.0,7.419973354620322,0.0
376845,2025-03-07T23:00:00.000000000,0.652,0.048,0.0,0.0,10.227594206870211,0.0
376845,2025-03-08T00:00:00.000000000,0.58,0.048,0.0,0.0,9.667535391771095,0.0
376845,2025-03-08T01:00:00.000000000,0.553,0.048,0.0,0.0,11.783215447344366,0.0
376845,2025-03-08T02:00:00.000000000,0.536,0.048,0.0,0.0,10.605948958462552,0.0
376845,2025-03-08T03:00:00.000000000,0.528,0.048,0.0,0.0,10.729038807934883,0.0
376845,2025-03-08T04:00:00.000000000,0.525,0.048,0.0,0.0,12.565422133634028,0.0
376845,2025-03-08T05:00:00.000000000,0.521,0.048,0.0,0.0,11.355917827033267,0.0
376845,2025-03-08T06:00:00.000000000,0.52,0.048,0.0,0.0,11.739840928958877,0.0
376845,2025-03-08T07:00:00.000000000,0.5680000000000001,0.048,0.0,0.0,12.385769567618457,0.0
376845,2025-03-08T08:00:00.000000000,0.5640000000000001,0.048,0.0,0.0,11.228431911508348,0.0
376845,2025-03-08T09:00:00.000000000,0.531,0.048,0.0,0.0,10.284743065553794,0.0
376845,2025-03-08T10:00:00.000000000,1.29,0.809,0.0,0.0,7.7212504147573675,0.0
376845,2025-03-08T11:00:00.000000000,1.572,1.092,0.0,0.0,5.413608808221289,0.0
376845,2025-03-08T12:00:00.000000000,1.5950000000000002,1.116,0.0,0.0,5.074525580032027,0.0
376845,2025-03-08T13:00:00.000000000,1.655,1.13,0.0,0.0,4.193553943094328,0.0
376845,2025-03-08T14:00:00.000000000,1.645,1.14,0.0,0.0,4.146662571866772,0.0
376845,2025-03-08T15:00:00.000000000,1.626,1.144,0.0,0.0,3.4761159633127283,0.0
376845,2025-03-08T16:00:00.000000000,1.618,1.138,0.0,0.0,3.92744541137795,0.0
376845,2025-03-08T17:00:00.000000000,1.8900000000000001,1.1219999999999999,0.0,0.0,4.078083941446472,0.0
376845,2025-03-08T18:00:00.000000000,1.948,1.112,0.0,0.0,4.165419120357795,0.0
376845,2025-03-08T19:00:00.000000000,1.768,1.112,0.0,0.0,4.756543468895167,0.0
376845,2025-03-08T20:00:00.000000000,1.8679999999999999,1.112,0.0,0.0,4.369396585197661,0.0
376845,2025-03-08T21:00:00.000000000,1.9529999999999998,1.112,0.0,0.0,4.84534400315735,0.0
376845,2025-03-08T22:00:00.000000000,1.8920000000000001,1.084,0.0,0.0,9.428682469580732,0.0
376845,2025-03-08T23:00:00.000000000,0.652,0.048,0.0,0.0,11.9696086479739,0.0
376845,2025-03-09T00:00:00.000000000,0.591,0.048,0.0,0.0,11.428599452435979,0.0
376845,2025-03-09T01:00:00.000000000,0.5700000000000001,0.048,0.0,0.0,11.783215447344368,0.0
376845,2025-03-09T02:00:00.000000000,0.536,0.048,0.0,0.0,12.1173164673407,0.0
376845,2025-03-09T03:00:00.000000000,0.528,0.048,0.0,0.0,11.534984250908494,0.0
376845,2025-03-09T04:00:00.000000000,0.525,0.048,0.0,0.0,11.84681186957174,0.0
376845,2025-03-09T05:00:00.000000000,0.521,0.048,0.0,0.0,11.768854964905929,0.0
376845,2025-03-09T06:00:00.000000000,0.535,0.048,0.0,0.0,13.381331992993495,0.0
376845,2025-03-09T07:00:00.000000000,0.5730000000000001,0.048,0.0,0.0,13.395399404361761,0.0
376845,2025-03-09T08:00:00.000000000,0.6739999999999999,0.048,0.0,0.0,13.489475217887044,0.0
376845,2025-03-09T09:00:00.000000000,0.644,0.048,0.0,0.0,11.647230470784455,0.0
376845,2025-03-09T10:00:00.000000000,1.346,0.795,0.0,0.0,8.29537664122475,0.0
376845,2025-03-09T11:00:00.000000000,1.5630000000000002,1.085,0.0,0.0,6.601718926699478,0.0
376845,2025-03-09T12:00:00.000000000,1.6020000000000003,1.1239999999999999,0.0,0.0,5.0704225850496165,0.0
376845,2025-03-09T13:00:00.000000000,1.618,1.138,0.0,0.0,4.498933998213783,0.0
376845,2025-03-09T14:00:00.000000000,1.633,1.151,0.0,0.0,5.185892586697473,0.0
376845,2025-03-09T15:00:00.000000000,1.648,1.168,0.0,0.0,2.858615218459856,0.0
376845,2025-03-09T16:00:00.000000000,1.645,1.164,0.0,0.0,3.6021365234867835,0.0
376845,2025-03-09T17:00:00.000000000,1.778,1.165,0.0,0.0,4.274734629532033,0.0
376845,2025-03-09T18:00:00.000000000,2.072,1.1669999999999998,0.0,0.0,3.963200081938961,0.0
376845,2025-03-09T19:00:00.000000000,2.175,1.162,0.0,0.0,3.818129902203711,0.0
376845,2025-03-09T20:00:00.000000000,2.4,1.1529999999999998,0.0,0.0,2.575215493603317,0.0
376845,2025-03-09T21:00:00.000000000,1.9849999999999999,1.146,0.0,0.0,3.8559360702559276,0.0
376845,2025-03-09T22:00:00.000000000,2.106,1.1449999999999998,0.0,0.0,4.035881707341672,0.0
376845,2025-03-09T23:00:00.000000000,2.156,1.1429999999999998,0.0,0.0,5.7808268591470835,0.0
376845,2025-03-10T00:00:00.000000000,1.678,1.1369999999999998,0.0,0.0,4.5815800400023505,0.0
376845,2025-03-10T01:00:00.000000000,1.6529999999999998,1.138,0.0,0.0,4.165126049287622,0.0
376845,2025-03-10T02:00:00.000000000,1.6170000000000002,1.132,0.0,0.0,5.516183682781566,0.0
376845,2025-03-10T03:00:00.000000000,1.601,1.124,0.0,0.0,4.458197119459845,0.0
376845,2025-03-10T04:00:00.000000000,1.6,1.124,0.0,0.0,4.010970666377033,0.0
376845,2025-03-10T05:00:00.000000000,1.597,1.124,0.0,0.0,3.1601853496670724,0.0
376845,2025-03-10T06:00:00.000000000,1.594,1.1230000000000002,0.0,0.0,3.4775813186635887,0.0
376845,2025-03-10T07:00:00.000000000,1.629,1.1260000000000001,0.0,0.0,3.3662143119981445,0.0
376845,2025-03-10T08:00:00.000000000,1.694,1.134,0.0,0.0,2.802638644056961,0.0
376845,2025-03-10T09:00:00.000000000,1.719,1.147,0.0,0.0,2.579318488585728,0.0
376845,2025-03-10T10:00:00.000000000,1.737,1.164,0.0,0.0,1.7121211919461223,0.0
376845,2025-03-10T11:00:00.000000000,1.677,1.139,0.0,0.0,0.9864772221997,0.0
376845,2025-03-10T12:00:00.000000000,1.671,0.881,0.0,0.0,0.30772462368083336,0.0
376845,2025-03-10T13:00:00.000000000,2.983,0.644,0.0,0.0,0.12338292054250555,0.0
376845,2025-03-10T14:00:00.000000000,2.981,0.642,0.0,0.0,1.1297889755139168,0.0
376845,2025-03-10T15:00:00.000000000,1.381,0.702,0.0,0.0,0.4311075442233389,0.0
376845,2025-03-10T16:00:00.000000000,1.208,0.7109999999999999,0.0,0.0,1.2180033676357556,0.0
376845,2025-03-10T17:00:00.000000000,1.326,0.7089999999999999,0.0,0.0,0.48796333183675,0.0
376845,2025-03-10T18:00:00.000000000,1.307,0.637,0.0,0.0,0.48796333183675,0.0
376845,2025-03-10T19:00:00.000000000,2.4610000000000003,0.7020000000000001,0.0,0.0,1.1840071234957779,0.0
376845,2025-03-10T20:00:00.000000000,2.274,0.9450000000000001,0.0,0.0,1.5649995147196667,0.0
376845,2025-03-10T21:00:00.000000000,1.9309999999999998,1.102,0.0,0.0,1.011388263164339,0.0
376845,2025-03-10T22:00:00.000000000,1.946,1.138,0.0,0.0,2.746368998583894,0.0
376845,2025-03-10T23:00:00.000000000,1.751,1.136,0.0,0.0,2.9858080629146,0.0
376845,2025-03-11T00:00:00.000000000,1.6179999999999999,1.132,0.0,0.0,2.083442237854328,0.0
376845,2025-03-11T01:00:00.000000000,1.6329999999999998,1.129,0.0,0.0,1.8504507370674113,0.0
376845,2025-03-11T02:00:00.000000000,1.613,1.1269999999999998,0.0,0.0,1.7513927153492,0.0
376845,2025-03-11T03:00:00.000000000,1.601,1.124,0.0,0.0,1.3507645624237723,0.0
376845,2025-03-11T04:00:00.000000000,1.6,1.124,0.0,0.0,1.7030359887707833,0.0
376845,2025-03-11T05:00:00.000000000,1.597,1.124,0.0,0.0,1.0940343049529055,0.0
376845,2025-03-11T06:00:00.000000000,1.596,1.124,0.0,0.0,0.9741682372524667,0.0
376845,2025-03-11T07:00:00.000000000,1.614,1.124,0.0,0.0,1.270170018126411,0.0
376845,2025-03-11T08:00:00.000000000,2.5300000000000002,1.122,0.0,0.0,0.22654393724312777,0.0
376845,2025-03-11T09:00:00.000000000,1.5819999999999999,1.0290000000000001,0.0,0.0,0.09231738710425,0.0
376845,2025-03-11T10:00:00.000000000,1.854,0.653,0.0,0.0,0.4311075442233389,0.0
376845,2025-03-11T11:00:00.000000000,1.709,0.534,0.0,0.0,0.0,0.0
376845,2025-03-11T12:00:00.000000000,1.025,0.556,0.0,0.0,0.4311075442233389,0.0
376845,2025-03-11T13:00:00.000000000,1.0310000000000001,0.535,0.0,0.0,0.0,0.0
376845,2025-03-11T14:00:00.000000000,0.961,0.406,0.0,0.0,0.45777701160901113,0.0
376845,2025-03-11T15:00:00.000000000,0.931,0.386,0.0,0.0,0.48767026076657777,0.0
376845,2025-03-11T16:00:00.000000000,0.908,0.38,0.0,0.0,0.43110754422333886,0.0
376845,2025-03-11T17:00:00.000000000,0.863,0.37,0.0,0.0,0.4311075442233389,0.0
376845,2025-03-11T18:00:00.000000000,0.874,0.33399999999999996,0.0,0.0,0.48796333183675,0.0
376845,2025-03-11T19:00:00.000000000,1.479,0.38199999999999995,0.0,0.0,0.48767026076657777,0.0
376845,2025-03-11T20:00:00.000000000,1.199,0.473,0.0,0.0,0.8941598350954499,0.0
376845,2025-03-11T21:00:00.000000000,1.2590000000000001,0.525,0.0,0.0,1.1450286711628723,0.0
376845,2025-03-11T22:00:00.000000000,1.182,0.581,0.0,0.0,0.4894286871876111,0.0
376845,2025-03-11T23:00:00.000000000,1.108,0.601,0.0,0.0,0.9756335926033277,0.0
376845,2025-03-12T00:00:00.000000000,1.041,0.624,0.0,0.0,0.9530671202000667,0.0
376845,2025-03-12T01:00:00.000000000,1.022,0.632,0.0,0.0,0.0,0.0
376845,2025-03-12T02:00:00.000000000,1.032,0.643,0.0,0.0,0.45777701160901113,0.0
376845,2025-03-12T03:00:00.000000000,1.028,0.641,0.0,0.0,0.0,0.0
376845,2025-03-12T04:00:00.000000000,1.028,0.644,0.0,0.0,0.4311075442233389,0.0
376845,2025-03-12T05:00:00.000000000,1.04,0.642,0.0,0.0,0.0,0.0
376845,2025-03-12T06:00:00.000000000,1.073,0.652,0.0,0.0,0.45543244304763336,0.0
376845,2025-03-12T07:00:00.000000000,1.138,0.664,0.0,0.0,1.0890520967599777,0.0
376845,2025-03-12T08:00:00.000000000,1.045,0.651,0.0,0.0,0.0,0.0
376845,2025-03-12T09:00:00.000000000,1.06,0.665,0.0,0.0,1.0020099889188279,0.0
376845,2025-03-12T10:00:00.000000000,1.135,0.7310000000000001,0.0,0.0,2.058531196889689,0.0
376845,2025-03-12T11:00:00.000000000,1.153,0.7490000000000001,0.0,0.0,0.4311075442233389,0.0
376845,2025-03-12T12:00:00.000000000,0.9179999999999999,0.537,0.0,0.0,0.0,0.0
376845,2025-03-12T13:00:00.000000000,0.863,0.488,0.0,0.0,0.0,0.0
376845,2025-03-12T14:00:00.000000000,0.853,0.479,0.0,0.0,0.4311075442233389,0.0
376845,2025-03-12T15:00:00.000000000,0.8200000000000001,0.45199999999999996,0.0,0.0,0.0,0.0
376845,2025-03-12T16:00:00.000000000,0.871,0.472,0.0,0.0,0.027255609526016668,0.0
376845,2025-03-12T17:00:00.000000000,0.974,0.418,0.0,0.0,0.40385193469732217,0.0
376845,2025-03-12T18:00:00.000000000,2.035,0.281,0.0,0.0,2.2293916308000945,0.0
376845,2025-03-12T19:00:00.000000000,1.876,0.272,0.0,0.0,2.820515979337467,0.0
376845,2025-03-12T20:00:00.000000000,0.973,0.268,0.0,0.0,0.0,0.0
376845,2025-03-12T21:00:00.000000000,0.949,0.273,0.0,0.0,0.9826672982874611,0.0
376845,2025-03-12T22:00:00.000000000,0.8939999999999999,0.314,0.0,0.0,2.1174384819943057,0.0
376845,2025-03-12T23:00:00.000000000,0.7949999999999999,0.40299999999999997,0.0,0.0,2.261336377448867,0.0
376845,2025-03-13T00:00:00.000000000,0.889,0.491,0.0,0.0,1.3223366686170666,0.0
376845,2025-03-13T01:00:00.000000000,0.867,0.488,0.0,0.0,0.0,0.0
376845,2025-03-13T02:00:00.000000000,0.853,0.483,0.0,0.0,0.4311075442233389,0.0
376845,2025-03-13T03:00:00.000000000,0.841,0.475,0.0,0.0,0.0,0.0
376845,2025-03-13T04:00:00.000000000,0.857,0.49,0.0,0.0,0.4311075442233389,0.0
376845,2025-03-13T05:00:00.000000000,0.83,0.46299999999999997,0.0,0.0,0.0,0.0
376845,2025-03-13T06:00:00.000000000,0.845,0.479,0.0,0.0,0.4882564029069222,0.0
376845,2025-03-13T07:00:00.000000000,0.904,0.528,0.0,0.0,0.27958980094429997,0.0
376845,2025-03-13T08:00:00.000000000,0.874,0.498,0.0,0.0,0.15122467220886668,0.0
376845,2025-03-13T09:00:00.000000000,0.854,0.48,0.0,0.0,0.0,0.0
376845,2025-03-13T10:00:00.000000000,0.778,0.41400000000000003,0.0,0.0,0.4311075442233389,0.0
376845,2025-03-13T11:00:00.000000000,0.7590000000000001,0.338,0.0,0.0,0.504961453906739,0.0
376845,2025-03-13T12:00:00.000000000,0.782,0.333,0.0,0.0,1.3085623283189722,0.0
376845,2025-03-13T13:00:00.000000000,0.7550000000000001,0.307,0.0,0.0,1.0014238467784833,0.0
376845,2025-03-13T14:00:00.000000000,0.7070000000000001,0.307,0.0,0.0,1.4378066702649224,0.0
376845,2025-03-13T15:00:00.000000000,0.639,0.289,0.0,0.0,0.48767026076657777,0.0
376845,2025-03-13T16:00:00.000000000,0.6910000000000001,0.31100000000000005,0.0,0.0,1.0447983651639723,0.0
376845,2025-03-13T17:00:00.000000000,0.698,0.262,0.0,0.0,0.4574839405388389,0.0
376845,2025-03-13T18:00:00.000000000,0.76,0.241,0.0,0.0,0.4574839405388389,0.0
376845,2025-03-13T19:00:00.000000000,1.064,0.242,0.0,0.0,0.0,0.0
376845,2025-03-13T20:00:00.000000000,1.987,0.232,0.0,0.0,0.0,0.0
376845,2025-03-13T21:00:00.000000000,1.0939999999999999,0.437,0.0,0.0,0.4311075442233389,0.0
376845,2025-03-13T22:00:00.000000000,1.0390000000000001,0.539,0.0,0.0,1.4556840055454279,0.0
376845,2025-03-13T23:00:00.000000000,1.0150000000000001,0.5800000000000001,0.0,0.0,0.9967347096557277,0.0
376845,2025-03-14T00:00:00.000000000,1.081,0.6619999999999999,0.0,0.0,0.4448818845214333,0.0
376845,2025-03-14T01:00:00.000000000,1.0550000000000002,0.654,0.0,0.0,0.0,0.0
376845,2025-03-14T02:00:00.000000000,1.081,0.685,0.0,0.0,0.9630315365859223,0.0
376845,2025-03-14T03:00:00.000000000,1.084,0.69,0.0,0.0,0.0,0.0
376845,2025-03-14T04:00:00.000000000,1.108,0.712,0.0,0.0,0.0,0.0
376845,2025-03-14T05:00:00.000000000,1.1329999999999998,0.7310000000000001,0.0,0.0,0.4311075442233389,0.0
376845,2025-03-14T06:00:00.000000000,1.8070000000000004,0.912,0.0,0.0,0.4853256922052,0.0
376845,2025-03-14T07:00:00.000000000,1.625,1.0550000000000002,0.0,0.0,0.4926524689595056,0.0
376845,2025-03-14T08:00:00.000000000,1.375,0.796,0.0,0.0,1.497886239650228,0.0
376845,2025-03-14T09:00:00.000000000,1.0819999999999999,0.683,0.0,0.0,0.45074330592487777,0.0
376845,2025-03-14T10:00:00.000000000,0.976,0.592,0.0,0.0,1.2141934437235167,0.0
376845,2025-03-14T11:00:00.000000000,0.8929999999999999,0.52,0.0,0.0,1.1054640766896222,0.0
376845,2025-03-14T12:00:00.000000000,0.766,0.402,0.0,0.0,0.4574839405388389,0.0
376845,2025-03-14T13:00:00.000000000,0.72,0.359,0.0,0.0,0.0,0.0
376845,2025-03-14T14:00:00.000000000,0.736,0.374,0.0,0.0,0.4311075442233389,0.0
376845,2025-03-14T15:00:00.000000000,0.736,0.375,0.0,0.0,0.0,0.0
376845,2025-03-14T16:00:00.000000000,0.786,0.395,0.0,0.0,0.4311075442233389,0.0
376845,2025-03-14T17:00:00.000000000,0.7530000000000001,0.255,0.0,0.0,0.0,0.0
376845,2025-03-14T18:00:00.000000000,0.728,0.211,0.0,0.0,0.0,0.0
376845,2025-03-14T19:00:00.000000000,0.898,0.35500000000000004,0.0,0.0,0.4311075442233389,0.0
376845,2025-03-14T20:00:00.000000000,1.462,0.5,0.0,0.0,0.9231738710424999,0.0
376845,2025-03-14T21:00:00.000000000,1.4660000000000002,0.726,0.0,0.0,0.0,0.0
376845,2025-03-14T22:00:00.000000000,1.625,1.008,0.0,0.0,1.779234467015561,0.0
376845,2025-03-14T23:00:00.000000000,1.6030000000000002,1.1190000000000002,0.0,0.0,0.7608124981670888,0.0
376845,2025-03-15T00:00:00.000000000,1.629,1.128,0.0,0.0,1.7912503808926223,0.0
376845,2025-03-15T01:00:00.000000000,1.6140000000000003,1.128,0.0,0.0,0.7816205441493167,0.0
376845,2025-03-15T02:00:00.000000000,1.606,1.13,0.0,0.0,0.2819343695056778,0.0
376845,2025-03-15T03:00:00.000000000,1.6,1.124,0.0,0.0,0.9530671202000666,0.0
376845,2025-03-15T04:00:00.000000000,1.596,1.124,0.0,0.0,0.6602891210980166,0.0
376845,2025-03-15T05:00:00.000000000,1.596,1.124,0.0,0.0,0.7019052130624721,0.0
376845,2025-03-15T06:00:00.000000000,1.5990000000000002,1.124,0.0,0.0,1.1857655499168112,0.0
376845,2025-03-15T07:00:00.000000000,1.683,1.124,0.0,0.0,1.2786690791614055,0.0
376845,2025-03-15T08:00:00.000000000,1.764,1.124,0.0,0.0,1.9020312454177222,0.0
376845,2025-03-15T09:00:00.000000000,1.766,1.124,0.0,0.0,1.8129376400853667,0.0
376845,2025-03-15T10:00:00.000000000,1.604,1.124,0.0,0.0,0.4082480007499055,0.0
376845,2025-03-15T11:00:00.000000000,1.5990000000000002,1.122,0.0,0.0,0.5855559982041001,0.0
376845,2025-03-15T12:00:00.000000000,1.244,0.8200000000000001,0.0,0.0,0.0,0.0
376845,2025-03-15T13:00:00.000000000,0.964,0.579,0.0,0.0,0.4311075442233389,0.0
376845,2025-03-15T14:00:00.000000000,0.6880000000000001,0.332,0.0,0.0,0.4311075442233389,0.0
376845,2025-03-15T15:00:00.000000000,0.5710000000000001,0.207,0.0,0.0,0.0,0.0
376845,2025-03-15T16:00:00.000000000,0.619,0.152,0.0,0.0,0.0,0.0
376845,2025-03-15T17:00:00.000000000,0.552,0.076,0.0,0.0,0.4311075442233389,0.0
376845,2025-03-15T18:00:00.000000000,0.6040000000000001,0.10200000000000001,0.0,0.0,0.0,0.0
376845,2025-03-15T19:00:00.000000000,1.6070000000000002,0.15,0.0,0.0,0.4311075442233389,0.0
376845,2025-03-15T20:00:00.000000000,1.065,0.354,0.0,0.0,0.4574839405388389,0.0
376845,2025-03-15T21:00:00.000000000,1.0310000000000001,0.415,0.0,0.0,0.9149678810776778,0.0
376845,2025-03-15T22:00:00.000000000,1.532,0.728,0.0,0.0,2.71413118086495,0.0
376845,2025-03-15T23:00:00.000000000,1.5779999999999998,0.988,0.0,0.0,1.647059414367889,0.0
376845,2025-03-16T00:00:00.000000000,1.594,1.094,0.0,0.0,0.5451121905203333,0.0
376845,2025-03-16T01:00:00.000000000,1.612,1.124,0.0,0.0,0.5670925207832501,0.0
376845,2025-03-16T02:00:00.000000000,1.602,1.124,0.0,0.0,0.22478551082209447,0.0
376845,2025-03-16T03:00:00.000000000,1.601,1.127,0.0,0.0,0.8170821436401556,0.0
376845,2025-03-16T04:00:00.000000000,1.6,1.128,0.0,0.0,0.49763467715243337,0.0
376845,2025-03-16T05:00:00.000000000,1.601,1.1260000000000001,0.0,0.0,1.132719686215639,0.0
376845,2025-03-16T06:00:00.000000000,1.663,1.128,0.0,0.0,2.4327829534996166,0.0
376845,2025-03-16T07:00:00.000000000,1.684,1.128,0.0,0.0,2.493741736095439,0.0
376845,2025-03-16T08:00:00.000000000,1.6070000000000002,1.125,0.0,0.0,1.2505342564248723,0.0
376845,2025-03-16T09:00:00.000000000,1.608,1.126,0.0,0.0,0.6421187147473388,0.0
376845,2025-03-16T10:00:00.000000000,1.604,1.124,0.0,0.0,1.4703375590540388,0.0
376845,2025-03-16T11:00:00.000000000,1.2189999999999999,0.8,0.0,0.0,0.4873771896964056,0.0
376845,2025-03-16T12:00:00.000000000,0.921,0.542,0.0,0.0,1.0623826293743055,0.0
376845,2025-03-16T13:00:00.000000000,0.6970000000000001,0.339,0.0,0.0,0.0,0.0
376845,2025-03-16T14:00:00.000000000,0.565,0.22099999999999997,0.0,0.0,0.4311075442233389,0.0
376845,2025-03-16T15:00:00.000000000,0.501,0.166,0.0,0.0,0.0,0.0
376845,2025-03-16T16:00:00.000000000,0.737,0.17500000000000002,0.0,0.0,0.44927795057401665,0.0
376845,2025-03-16T17:00:00.000000000,1.057,0.28800000000000003,0.0,0.0,4.004230031763072,0.0
376845,2025-03-16T18:00:00.000000000,1.0539999999999998,0.128,0.0,0.0,0.11840071234957779,0.0
376845,2025-03-16T19:00:00.000000000,0.736,0.208,0.0,0.0,0.0,0.0
376845,2025-03-16T20:00:00.000000000,1.009,0.30000000000000004,0.0,0.0,0.4311075442233389,0.0
376845,2025-03-16T21:00:00.000000000,1.621,0.301,0.0,0.0,0.4574839405388389,0.0
376845,2025-03-16T22:00:00.000000000,2.524,0.224,0.0,0.0,2.1769319092392667,0.0
376845,2025-03-16T23:00:00.000000000,1.008,0.436,0.0,0.0,1.52191806740435,0.0
376845,2025-03-17T00:00:00.000000000,0.961,0.547,0.0,0.0,0.0,0.0
376845,2025-03-17T01:00:00.000000000,0.8949999999999999,0.514,0.0,0.0,0.4311075442233389,0.0
376845,2025-03-17T02:00:00.000000000,0.863,0.494,0.0,0.0,0.0,0.0
376845,2025-03-17T03:00:00.000000000,0.907,0.536,0.0,0.0,0.4311075442233389,0.0
376845,2025-03-17T04:00:00.000000000,1.0670000000000002,0.677,0.0,0.0,0.0,0.0
376845,2025-03-17T05:00:00.000000000,1.4219999999999997,0.979,0.0,0.0,0.0,0.0
376845,2025-03-17T06:00:00.000000000,1.2930000000000001,0.8680000000000001,0.0,0.0,0.4311075442233389,0.0
376845,2025-03-17T07:00:00.000000000,1.046,0.654,0.0,0.0,0.0,0.0
376845,2025-03-17T08:00:00.000000000,1.051,0.6559999999999999,0.0,0.0,0.0,0.0
376845,2025-03-17T09:00:00.000000000,1.258,0.7969999999999999,0.0,0.0,0.4311075442233389,0.0
376845,2025-03-17T10:00:00.000000000,2.092,0.665,0.0,0.0,0.0,0.0
376845,2025-03-17T11:00:00.000000000,1.12,0.5780000000000001,0.0,0.0,0.4311075442233389,0.0
376845,2025-03-17T12:00:00.000000000,1.231,0.505,0.0,0.0,0.8894706979726945,0.0
376845,2025-03-17T13:00:00.000000000,1.131,0.497,0.0,0.0,2.2765760730978224,0.0
376845,2025-03-17T14:00:00.000000000,2.199,0.156,0.0,0.0,0.44927795057401665,0.0
376845,2025-03-17T15:00:00.000000000,0.8939999999999999,0.187,0.0,0.0,0.43726203669695557,0.0
376845,2025-03-17T16:00:00.000000000,0.789,0.208,0.0,0.0,0.9785643033050501,0.0
376845,2025-03-17T17:00:00.000000000,0.7320000000000001,0.183,0.0,0.0,0.4870841186262333,0.0
376845,2025-03-17T18:00:00.000000000,0.842,0.207,0.0,0.0,0.9448611302352445,0.0
376845,2025-03-17T19:00:00.000000000,1.0230000000000001,0.315,0.0,0.0,0.0,0.0
376845,2025-03-17T20:00:00.000000000,1.203,0.474,0.0,0.0,2.531254833077483,0.0
376845,2025-03-17T21:00:00.000000000,1.2349999999999999,0.529,0.0,0.0,1.5107813667378056,0.0
376845,2025-03-17T22:00:00.000000000,1.066,0.5630000000000001,0.0,0.0,0.0,0.0
376845,2025-03-17T23:00:00.000000000,1.105,0.651,0.0,0.0,1.6074948198946388,0.0
376845,2025-03-18T00:00:00.000000000,1.367,0.889,0.0,0.0,0.0,0.0
376845,2025-03-18T01:00:00.000000000,1.5110000000000001,1.0430000000000001,0.0,0.0,0.2921918569617056,0.0
376845,2025-03-18T02:00:00.000000000,1.556,1.089,0.0,0.0,0.13891568726163334,0.0
376845,2025-03-18T03:00:00.000000000,1.535,1.0750000000000002,0.0,0.0,0.0,0.0
376845,2025-03-18T04:00:00.000000000,1.564,1.101,0.0,0.0,0.4311075442233389,0.0
376845,2025-03-18T05:00:00.000000000,1.598,1.1269999999999998,0.0,0.0,0.030772462368083335,0.0
376845,2025-03-18T06:00:00.000000000,1.5990000000000002,1.124,0.0,0.0,0.15913759110351666,0.0
376845,2025-03-18T07:00:00.000000000,1.603,1.124,0.0,0.0,0.6107601102389111,0.0
376845,2025-03-18T08:00:00.000000000,1.6729999999999998,1.124,0.0,0.0,1.1066363609703112,0.0
376845,2025-03-18T09:00:00.000000000,1.696,1.124,0.0,0.0,0.5345616319941334,0.0
376845,2025-03-18T10:00:00.000000000,1.693,1.124,0.0,0.0,1.1283236201630555,0.0
376845,2025-03-18T11:00:00.000000000,1.661,1.12,0.0,0.0,1.009043694602961,0.0
376845,2025-03-18T12:00:00.000000000,1.538,1.029,0.0,0.0,0.4311075442233389,0.0
376845,2025-03-18T13:00:00.000000000,1.203,0.764,0.0,0.0,0.11166007773561668,0.0
376845,2025-03-18T14:00:00.000000000,1.0390000000000001,0.644,0.0,0.0,1.2206410072673055,0.0
376845,2025-03-18T15:00:00.000000000,1.4460000000000002,0.559,0.0,0.0,0.04366758945566111,0.0
376845,2025-03-18T16:00:00.000000000,1.218,0.663,0.0,0.0,0.0,0.0
376845,2025-03-18T17:00:00.000000000,1.149,0.645,0.0,0.0,0.9908732882522833,0.0
376845,2025-03-18T18:00:00.000000000,1.08,0.665,0.0,0.0,0.4311075442233389,0.0
376845,2025-03-18T19:00:00.000000000,1.282,0.694,0.0,0.0,1.1878170474080165,0.0
376845,2025-03-18T20:00:00.000000000,1.72,0.819,0.0,0.0,0.9445680591650722,0.0
376845,2025-03-18T21:00:00.000000000,2.716,0.894,0.0,0.0,0.4574839405388389,0.0
376845,2025-03-18T22:00:00.000000000,1.712,1.0270000000000001,0.0,0.0,0.0,0.0
376845,2025-03-18T23:00:00.000000000,1.6489999999999998,1.095,0.0,0.0,0.44312345810040005,0.0
376845,2025-03-19T00:00:00.000000000,1.644,1.13,0.0,0.0,0.7171449087114279,0.0
376845,2025-03-19T01:00:00.000000000,1.612,1.124,0.0,0.0,1.876827133382911,0.0
376845,2025-03-19T02:00:00.000000000,1.601,1.124,0.0,0.0,1.1321335440752944,0.0
376845,2025-03-19T03:00:00.000000000,1.6,1.124,0.0,0.0,0.6259998058878667,0.0
376845,2025-03-19T04:00:00.000000000,1.597,1.124,0.0,0.0,0.61984531341425,0.0
376845,2025-03-19T05:00:00.000000000,1.601,1.124,0.0,0.0,0.9747543793928112,0.0
376845,2025-03-19T06:00:00.000000000,1.649,1.125,0.0,0.0,0.5524389672746389,0.0
376845,2025-03-19T07:00:00.000000000,1.684,1.126,0.0,0.0,1.0193011820589888,0.0
376845,2025-03-19T08:00:00.000000000,1.6989999999999998,1.128,0.0,0.0,1.3513507045641167,0.0
376845,2025-03-19T09:00:00.000000000,1.704,1.132,0.0,0.0,1.61159781487705,0.0
376845,2025-03-19T10:00:00.000000000,1.601,1.049,0.0,0.0,1.5729124336143168,0.0
376845,2025-03-19T11:00:00.000000000,1.242,0.8069999999999999,0.0,0.0,0.44898487950384447,0.0
376845,2025-03-19T12:00:00.000000000,1.176,0.766,0.0,0.0,1.1198245591280611,0.0
376845,2025-03-19T13:00:00.000000000,1.238,0.778,0.0,0.0,0.9313798610073223,0.0
376845,2025-03-19T14:00:00.000000000,1.536,1.049,0.0,0.0,0.0,0.0
376845,2025-03-19T15:00:00.000000000,1.2650000000000001,0.841,0.0,0.0,0.0,0.0
376845,2025-03-19T16:00:00.000000000,1.3010000000000002,0.7589999999999999,0.0,0.0,1.0058199128310668,0.0
376845,2025-03-19T17:00:00.000000000,1.229,0.68,0.0,0.0,0.4311075442233389,0.0
376845,2025-03-19T18:00:00.000000000,1.226,0.657,0.0,0.0,0.4870841186262333,0.0
376845,2025-03-19T19:00:00.000000000,1.2610000000000001,0.637,0.0,0.0,0.0,0.0
376845,2025-03-19T20:00:00.000000000,1.242,0.62,0.0,0.0,0.4311075442233389,0.0
376845,2025-03-19T21:00:00.000000000,1.212,0.646,0.0,0.0,0.4574839405388389,0.0
376845,2025-03-19T22:00:00.000000000,1.212,0.6909999999999998,0.0,0.0,0.0,0.0
376845,2025-03-19T23:00:00.000000000,1.152,0.71,0.0,0.0,0.9908732882522833,0.0
376845,2025-03-20T00:00:00.000000000,1.2100000000000002,0.7750000000000001,0.0,0.0,0.4311075442233389,0.0
376845,2025-03-20T01:00:00.000000000,1.164,0.75,0.0,0.0,0.0,0.0
376845,2025-03-20T02:00:00.000000000,1.153,0.748,0.0,0.0,0.4311075442233389,0.0
376845,2025-03-20T03:00:00.000000000,1.179,0.772,0.0,0.0,0.0,0.0
376845,2025-03-20T04:00:00.000000000,1.556,1.0910000000000002,0.0,0.0,0.4311075442233389,0.0
376845,2025-03-20T05:00:00.000000000,1.5980000000000003,1.1150000000000002,0.0,0.0,0.0,0.0
376845,2025-03-20T06:00:00.000000000,1.5990000000000002,1.12,0.0,0.0,0.9864772221996999,0.0
376845,2025-03-20T07:00:00.000000000,1.6429999999999998,1.12,0.0,0.0,0.5486290433624,0.0
376845,2025-03-20T08:00:00.000000000,1.603,1.12,0.0,0.0,0.04483987373635,0.0
376845,2025-03-20T09:00:00.000000000,1.603,1.12,0.0,0.0,0.9829603693576332,0.0
376845,2025-03-20T10:00:00.000000000,1.601,1.1230000000000002,0.0,0.0,2.933641412423944,0.0
376845,2025-03-20T11:00:00.000000000,1.6,1.124,0.0,0.0,1.830814975365872,0.0
376845,2025-03-20T12:00:00.000000000,1.603,1.124,0.0,0.0,1.542726113386578,0.0
376845,2025-03-20T13:00:00.000000000,1.6070000000000002,1.1260000000000001,0.0,0.0,1.5251418491762445,0.0
376845,2025-03-20T14:00:00.000000000,1.612,1.131,0.0,0.0,2.0432915012407333,0.0
376845,2025-03-20T15:00:00.000000000,1.615,1.136,0.0,0.0,1.5717401493336278,0.0
376845,2025-03-20T16:00:00.000000000,1.654,1.148,0.0,0.0,1.9275284285227055,0.0
376845,2025-03-20T17:00:00.000000000,1.722,1.154,0.0,0.0,1.0110951920941667,0.0
376845,2025-03-20T18:00:00.000000000,1.808,1.089,0.0,0.0,0.47389592046848333,0.0
376845,2025-03-20T19:00:00.000000000,1.721,1.032,0.0,0.0,0.0,0.0
376845,2025-03-20T20:00:00.000000000,2.6790000000000003,1.011,0.0,0.0,1.8360902546289721,0.0
376845,2025-03-20T21:00:00.000000000,2.3209999999999997,1.141,0.0,0.0,3.6513724632757167,0.0
376845,2025-03-20T22:00:00.000000000,1.658,1.076,0.0,0.0,0.9439819170247278,0.0
376845,2025-03-20T23:00:00.000000000,1.6789999999999998,1.142,0.0,0.0,0.4574839405388389,0.0
376845,2025-03-21T00:00:00.000000000,1.659,1.155,0.0,0.0,2.0342062980653943,0.0
376845,2025-03-21T01:00:00.000000000,1.6320000000000001,1.148,0.0,0.0,0.9398789220423166,0.0
376845,2025-03-21T02:00:00.000000000,1.6210000000000002,1.145,0.0,0.0,0.6813902381504167,0.0
376845,2025-03-21T03:00:00.000000000,1.6170000000000002,1.143,0.0,0.0,0.6429979279578557,0.0
376845,2025-03-21T04:00:00.000000000,1.616,1.145,0.0,0.0,1.2197617940567889,0.0
376845,2025-03-21T05:00:00.000000000,1.619,1.142,0.0,0.0,0.7827928284300055,0.0
376845,2025-03-21T06:00:00.000000000,1.6400000000000001,1.148,0.0,0.0,1.5263141334569332,0.0
376845,2025-03-21T07:00:00.000000000,1.707,1.148,0.0,0.0,1.1702327831976833,0.0
376845,2025-03-21T08:00:00.000000000,1.6309999999999998,1.15,0.0,0.0,1.717396471209222,0.0
376845,2025-03-21T09:00:00.000000000,1.644,1.1629999999999998,0.0,0.0,0.4982208192927778,0.0
376845,2025-03-21T10:00:00.000000000,1.637,1.1589999999999998,0.0,0.0,2.3457408456584665,0.0
376845,2025-03-21T11:00:00.000000000,1.546,1.081,0.0,0.0,3.7401729975379,0.0
376845,2025-03-21T12:00:00.000000000,1.087,0.6890000000000001,0.0,0.0,0.0,0.0
376845,2025-03-21T13:00:00.000000000,1.038,0.645,0.0,0.0,0.4311075442233389,0.0
376845,2025-03-21T14:00:00.000000000,1.004,0.614,0.0,0.0,0.0,0.0
376845,2025-03-21T15:00:00.000000000,0.823,0.454,0.0,0.0,0.0,0.0
376845,2025-03-21T16:00:00.000000000,0.895,0.495,0.0,0.0,0.4311075442233389,0.0
376845,2025-03-21T17:00:00.000000000,0.841,0.45299999999999996,0.0,0.0,0.0,0.0
376845,2025-03-21T18:00:00.000000000,0.869,0.479,0.0,0.0,0.0,0.0
376845,2025-03-21T19:00:00.000000000,1.032,0.585,0.0,0.0,0.4311075442233389,0.0
376845,2025-03-21T20:00:00.000000000,1.254,0.6679999999999999,0.0,0.0,0.0,0.0
376845,2025-03-21T21:00:00.000000000,1.5330000000000001,0.923,0.0,0.0,0.43110754422333886,0.0
376845,2025-03-21T22:00:00.000000000,1.6680000000000001,1.0830000000000002,0.0,0.0,0.0,0.0
376845,2025-03-21T23:00:00.000000000,1.5430000000000001,1.026,0.0,0.0,0.0,0.0
376845,2025-03-22T00:00:00.000000000,1.6580000000000001,1.149,0.0,0.0,0.5931758460285779,0.0
376845,2025-03-22T01:00:00.000000000,1.652,1.166,0.0,0.0,0.72007561941315,0.0
376845,2025-03-22T02:00:00.000000000,1.6280000000000001,1.1509999999999998,0.0,0.0,0.5876074956953056,0.0
376845,2025-03-22T03:00:00.000000000,1.617,1.142,0.0,0.0,0.8581120934642668,0.0
376845,2025-03-22T04:00:00.000000000,1.604,1.131,0.0,0.0,1.6842794402797612,0.0
376845,2025-03-22T05:00:00.000000000,1.6030000000000002,1.132,0.0,0.0,1.264894738863311,0.0
376845,2025-03-22T06:00:00.000000000,1.613,1.14,0.0,0.0,1.7739591877524612,0.0
376845,2025-03-22T07:00:00.000000000,1.6580000000000001,1.136,0.0,0.0,1.4688722037031778,0.0
376845,2025-03-22T08:00:00.000000000,1.6430000000000002,1.142,0.0,0.0,1.2625501703019333,0.0
376845,2025-03-22T09:00:00.000000000,1.594,1.1219999999999999,0.0,0.0,0.040736878753938895,0.0
376845,2025-03-22T10:00:00.000000000,1.345,0.9129999999999999,0.0,0.0,0.0,0.0
376845,2025-03-22T11:00:00.000000000,1.2369999999999999,0.8220000000000001,0.0,0.0,0.4311075442233389,0.0
376845,2025-03-22T12:00:00.000000000,1.037,0.645,0.0,0.0,0.4867910475560611,0.0
376845,2025-03-22T13:00:00.000000000,1.0070000000000001,0.534,0.0,0.0,0.4311075442233389,0.0
376845,2025-03-22T14:00:00.000000000,0.939,0.537,0.0,0.0,0.0,0.0
376845,2025-03-22T15:00:00.000000000,0.8929999999999999,0.474,0.0,0.0,0.0,0.0
376845,2025-03-22T16:00:00.000000000,1.021,0.514,0.0,0.0,0.90998567288475,0.0
376845,2025-03-22T17:00:00.000000000,1.054,0.527,0.0,0.0,1.0072852681819278,0.0
376845,2025-03-22T18:00:00.000000000,1.092,0.54,0.0,0.0,1.2077458801797278,0.0
376845,2025-03-22T19:00:00.000000000,1.784,0.518,0.0,0.0,1.4126025582301112,0.0
376845,2025-03-22T20:00:00.000000000,1.2469999999999999,0.513,0.0,0.0,0.8959182615164833,0.0
376845,2025-03-22T21:00:00.000000000,1.2550000000000001,0.547,0.0,0.0,1.8586567270322334,0.0
376845,2025-03-22T22:00:00.000000000,1.157,0.5700000000000001,0.0,0.0,0.4311075442233389,0.0
376845,2025-03-22T23:00:00.000000000,1.038,0.619,0.0,0.0,0.45719086946866666,0.0
376845,2025-03-23T00:00:00.000000000,1.1560000000000001,0.7269999999999999,0.0,0.0,0.4867910475560611,0.0
376845,2025-03-23T01:00:00.000000000,1.246,0.818,0.0,0.0,0.0,0.0
376845,2025-03-23T02:00:00.000000000,1.4249999999999998,0.979,0.0,0.0,0.0,0.0
376845,2025-03-23T03:00:00.000000000,1.4929999999999999,1.04,0.0,0.0,0.4311075442233389,0.0
376845,2025-03-23T04:00:00.000000000,2.072,0.983,0.0,0.0,0.0,0.0
376845,2025-03-23T05:00:00.000000000,2.114,1.035,0.0,0.0,0.4311075442233389,0.0
376845,2025-03-23T06:00:00.000000000,1.675,1.152,0.0,0.0,0.06388949329754444,0.0
376845,2025-03-23T07:00:00.000000000,1.5410000000000001,0.9909999999999999,0.0,0.0,1.008750623532789,0.0
376845,2025-03-23T08:00:00.000000000,1.158,0.671,0.0,0.0,1.4650622797909387,0.0
376845,2025-03-23T09:00:00.000000000,1.279,0.7729999999999999,0.0,0.0,0.6808040960100722,0.0
376845,2025-03-23T10:00:00.000000000,1.4689999999999999,1.016,0.0,0.0,1.9210808649789166,0.0
376845,2025-03-23T11:00:00.000000000,1.234,0.815,0.0,0.0,0.4864979764858889,0.0
376845,2025-03-23T12:00:00.000000000,0.943,0.563,0.0,0.0,0.4311075442233389,0.0
376845,2025-03-23T13:00:00.000000000,0.9329999999999999,0.552,0.0,0.0,0.0,0.0
376845,2025-03-23T14:00:00.000000000,0.9189999999999999,0.539,0.0,0.0,0.0,0.0
376845,2025-03-23T15:00:00.000000000,0.827,0.46,0.0,0.0,0.4311075442233389,0.0
376845,2025-03-23T16:00:00.000000000,0.889,0.49,0.0,0.0,0.0,0.0
376845,2025-03-23T17:00:00.000000000,0.896,0.44099999999999995,0.0,0.0,0.4311075442233389,0.0
376845,2025-03-23T18:00:00.000000000,0.929,0.397,0.0,0.0,0.0,0.0
376845,2025-03-23T19:00:00.000000000,1.012,0.455,0.0,0.0,0.0,0.0
376845,2025-03-23T20:00:00.000000000,1.271,0.645,0.0,0.0,0.4311075442233389,0.0
376845,2025-03-23T21:00:00.000000000,1.5939999999999999,0.902,0.0,0.0,0.45719086946866666,0.0
376845,2025-03-23T22:00:00.000000000,1.626,1.064,0.0,0.0,0.0,0.0
376845,2025-03-23T23:00:00.000000000,1.623,1.138,0.0,0.0,2.2390629761157776,0.0
376845,2025-03-24T00:00:00.000000000,1.637,1.132,0.0,0.0,1.3012355515646665,0.0
376845,2025-03-24T01:00:00.000000000,1.6159999999999999,1.13,0.0,0.0,1.23705298719695,0.0
376845,2025-03-24T02:00:00.000000000,1.601,1.124,0.0,0.0,1.074691614321539,0.0
376845,2025-03-24T03:00:00.000000000,1.6,1.124,0.0,0.0,1.7323430957880057,0.0
376845,2025-03-24T04:00:00.000000000,1.6030000000000002,1.13,0.0,0.0,1.3665904002130722,0.0
376845,2025-03-24T05:00:00.000000000,1.609,1.137,0.0,0.0,1.227674712951439,0.0
376845,2025-03-24T06:00:00.000000000,1.61,1.135,0.0,0.0,1.7763037563138389,0.0
376845,2025-03-24T07:00:00.000000000,1.6170000000000002,1.1389999999999998,0.0,0.0,1.325560450388961,0.0
376845,2025-03-24T08:00:00.000000000,1.6320000000000001,1.152,0.0,0.0,0.6450494254490612,0.0
376845,2025-03-24T09:00:00.000000000,1.452,1.003,0.0,0.0,0.4311075442233389,0.0
376845,2025-03-24T10:00:00.000000000,1.159,0.611,0.0,0.0,0.0,0.0
376845,2025-03-24T11:00:00.000000000,0.941,0.42100000000000004,0.0,0.0,0.4812226972227889,0.0
376845,2025-03-24T12:00:00.000000000,1.385,0.294,0.0,0.0,0.4311075442233389,0.0
376845,2025-03-24T13:00:00.000000000,1.004,0.32599999999999996,0.0,0.0,0.0,0.0
376845,2025-03-24T14:00:00.000000000,0.7989999999999999,0.268,0.0,0.0,0.9633246076560944,0.0
376845,2025-03-24T15:00:00.000000000,1.685,0.081,0.0,0.0,1.2308984947233335,0.0
376845,2025-03-24T16:00:00.000000000,0.865,0.16799999999999998,0.0,0.0,0.4311075442233389,0.0
376845,2025-03-24T17:00:00.000000000,0.6910000000000001,0.2,0.0,0.0,0.0,0.0
376845,2025-03-24T18:00:00.000000000,0.8069999999999999,0.175,0.0,0.0,1.4638899955102498,0.0
376845,2025-03-24T19:00:00.000000000,0.948,0.248,0.0,0.0,0.5202011495556944,0.0
376845,2025-03-24T20:00:00.000000000,1.098,0.382,0.0,0.0,0.4864979764858889,0.0
376845,2025-03-24T21:00:00.000000000,1.2870000000000001,0.441,0.0,0.0,1.4257907563878611,0.0
376845,2025-03-24T22:00:00.000000000,1.51,0.437,0.0,0.0,0.4601215801703889,0.0
376845,2025-03-24T23:00:00.000000000,0.947,0.511,0.0,0.0,0.4311075442233389,0.0
376845,2025-03-25T00:00:00.000000000,1.11,0.663,0.0,0.0,0.4311075442233389,0.0
376845,2025-03-25T01:00:00.000000000,1.072,0.67,0.0,0.0,0.20309825162935,0.0
376845,2025-03-25T02:00:00.000000000,1.111,0.712,0.0,0.0,0.6928200098871333,0.0
376845,2025-03-25T03:00:00.000000000,1.1909999999999998,0.786,0.0,0.0,0.0,0.0
376845,2025-03-25T04:00:00.000000000,1.3130000000000002,0.894,0.0,0.0,0.0,0.0
376845,2025-03-25T05:00:00.000000000,1.36,0.9349999999999999,0.0,0.0,0.4311075442233389,0.0
376845,2025-03-25T06:00:00.000000000,1.509,1.0590000000000002,0.0,0.0,0.0,0.0
376845,2025-03-25T07:00:00.000000000,1.633,1.108,0.0,0.0,0.4311075442233389,0.0
376845,2025-03-25T08:00:00.000000000,1.557,0.956,0.0,0.0,0.5067198803277723,0.0
376845,2025-03-25T09:00:00.000000000,1.444,0.837,0.0,0.0,0.9439819170247279,0.0
376845,2025-03-25T10:00:00.000000000,1.535,0.9189999999999999,0.0,0.0,1.0175427556379557,0.0
376845,2025-03-25T11:00:00.000000000,1.705,1.061,0.0,0.0,0.5202011495556944,0.0
376845,2025-03-25T12:00:00.000000000,1.6809999999999998,1.034,0.0,0.0,1.1951438241623222,0.0
376845,2025-03-25T13:00:00.000000000,1.7269999999999999,1.072,0.0,0.0,1.3692280398446222,0.0
376845,2025-03-25T14:00:00.000000000,1.7730000000000001,1.117,0.0,0.0,1.1309612597946055,0.0
376845,2025-03-25T15:00:00.000000000,1.719,1.0630000000000002,0.0,0.0,0.4311075442233389,0.0
376845,2025-03-25T16:00:00.000000000,1.8030000000000002,1.094,0.0,0.0,0.0,0.0
376845,2025-03-25T17:00:00.000000000,1.722,0.989,0.0,0.0,0.0,0.0
376845,2025-03-25T18:00:00.000000000,1.6500000000000001,0.989,0.0,0.0,0.4311075442233389,0.0
376845,2025-03-25T19:00:00.000000000,1.4699999999999998,0.997,0.0,0.0,0.1869793427698778,0.0
376845,2025-03-25T20:00:00.000000000,2.045,0.9199999999999999,0.0,0.0,0.7156795533605667,0.0
376845,2025-03-25T21:00:00.000000000,1.774,0.994,0.0,0.0,1.7848028173488333,0.0
376845,2025-03-25T22:00:00.000000000,1.704,1.02,0.0,0.0,1.6842794402797614,0.0
376845,2025-03-25T23:00:00.000000000,1.602,1.038,0.0,0.0,0.9715305976209166,0.0
376845,2025-03-26T00:00:00.000000000,1.632,1.111,0.0,0.0,1.1675951435661334,0.0
376845,2025-03-26T01:00:00.000000000,1.595,1.113,0.0,0.0,0.045132944806522225,0.0
376845,2025-03-26T02:00:00.000000000,1.606,1.13,0.0,0.0,0.05158050835031111,0.0
376845,2025-03-26T03:00:00.000000000,1.6,1.124,0.0,0.0,0.6588237657471555,0.0
376845,2025-03-26T04:00:00.000000000,1.597,1.124,0.0,0.0,0.8417001135346223,0.0
376845,2025-03-26T05:00:00.000000000,1.596,1.124,0.0,0.0,0.5196150074153499,0.0
376845,2025-03-26T06:00:00.000000000,1.6010000000000002,1.1260000000000001,0.0,0.0,0.47711970224037775,0.0
376845,2025-03-26T07:00:00.000000000,1.629,1.1280000000000001,0.0,0.0,0.8370109764118667,0.0
376845,2025-03-26T08:00:00.000000000,1.63,1.1260000000000001,0.0,0.0,0.5744192975375556,0.0
376845,2025-03-26T09:00:00.000000000,1.6809999999999998,1.132,0.0,0.0,1.0319032380763946,0.0
376845,2025-03-26T10:00:00.000000000,2.5519999999999996,1.132,0.0,0.0,0.8373040474820388,0.0
376845,2025-03-26T11:00:00.000000000,1.698,1.128,0.0,0.0,0.7411767364655499,0.0
376845,2025-03-26T12:00:00.000000000,1.634,1.072,0.0,0.0,0.24090441968156667,0.0
376845,2025-03-26T13:00:00.000000000,1.315,0.886,0.0,0.0,0.4311075442233389,0.0
376845,2025-03-26T14:00:00.000000000,1.272,0.85,0.0,0.0,0.4568977983984944,0.0
376845,2025-03-26T15:00:00.000000000,1.266,0.846,0.0,0.0,0.4311075442233389,0.0
376845,2025-03-26T16:00:00.000000000,1.301,0.853,0.0,0.0,0.8880053426218333,0.0
376845,2025-03-26T17:00:00.000000000,1.474,0.7709999999999999,0.0,0.0,0.43755510776712775,0.0
376845,2025-03-26T18:00:00.000000000,1.5699999999999998,0.746,0.0,0.0,0.0,0.0
376845,2025-03-26T19:00:00.000000000,1.4669999999999999,0.71,0.0,0.0,0.4311075442233389,0.0
376845,2025-03-26T20:00:00.000000000,1.8150000000000002,0.652,0.0,0.0,0.0,0.0
376845,2025-03-26T21:00:00.000000000,1.48,0.745,0.0,0.0,0.4568977983984944,0.0
376845,2025-03-26T22:00:00.000000000,1.542,0.89,0.0,0.0,0.4568977983984944,0.0
376845,2025-03-26T23:00:00.000000000,1.345,0.8320000000000001,0.0,0.0,0.4311075442233389,0.0
376845,2025-03-27T00:00:00.000000000,1.28,0.837,0.0,0.0,0.4311075442233389,0.0
376845,2025-03-27T01:00:00.000000000,1.274,0.847,0.0,0.0,0.0,0.0
376845,2025-03-27T02:00:00.000000000,1.596,1.1239999999999999,0.0,0.0,0.0369269548417,0.0
376845,2025-03-27T03:00:00.000000000,1.604,1.128,0.0,0.0,0.8909360533235554,0.0
376845,2025-03-27T04:00:00.000000000,1.6,1.128,0.0,0.0,0.7578817874653667,0.0
376845,2025-03-27T05:00:00.000000000,1.6,1.128,0.0,0.0,0.5770569371691056,0.0
376845,2025-03-27T06:00:00.000000000,1.659,1.1280000000000001,0.0,0.0,1.3408001460379166,0.0
376845,2025-03-27T07:00:00.000000000,1.694,1.1230000000000002,0.0,0.0,1.6775388056658,0.0
376845,2025-03-27T08:00:00.000000000,1.625,1.124,0.0,0.0,0.9580493283929944,0.0
376845,2025-03-27T09:00:00.000000000,1.604,1.124,0.0,0.0,0.8159098593594666,0.0
376845,2025-03-27T10:00:00.000000000,1.605,1.1260000000000001,0.0,0.0,1.6596614703852943,0.0
376845,2025-03-27T11:00:00.000000000,1.61,1.133,0.0,0.0,3.5124567760140835,0.0
376845,2025-03-27T12:00:00.000000000,1.6150000000000002,1.136,0.0,0.0,2.6628437435848116,0.0
376845,2025-03-27T13:00:00.000000000,1.6139999999999999,1.134,0.0,0.0,1.3821231669322,0.0
376845,2025-03-27T14:00:00.000000000,1.6140000000000003,1.134,0.0,0.0,1.378313243019961,0.0
376845,2025-03-27T15:00:00.000000000,1.605,1.1260000000000001,0.0,0.0,1.6039779670525722,0.0
376845,2025-03-27T16:00:00.000000000,1.6400000000000001,1.134,0.0,0.0,0.992924785743489,0.0
376845,2025-03-27T17:00:00.000000000,1.6689999999999998,1.134,0.0,0.0,1.2385183425478112,0.0
376845,2025-03-27T18:00:00.000000000,1.777,1.124,0.0,0.0,1.728826242945939,0.0
376845,2025-03-27T19:00:00.000000000,2.081,1.124,0.0,0.0,2.2463897528700834,0.0
376845,2025-03-27T20:00:00.000000000,3.498,1.11,0.0,0.0,0.5711955157656611,0.0
376845,2025-03-27T21:00:00.000000000,2.142,1.1280000000000001,0.0,0.0,0.7271093250972833,0.0
376845,2025-03-27T22:00:00.000000000,1.762,1.124,0.0,0.0,3.3023248187006002,0.0
376845,2025-03-27T23:00:00.000000000,1.6689999999999998,1.127,0.0,0.0,0.7895334630439667,0.0
376845,2025-03-28T00:00:00.000000000,1.651,1.138,0.0,0.0,1.5450706819479558,0.0
376845,2025-03-28T01:00:00.000000000,1.6300000000000001,1.144,0.0,0.0,0.6875447306240334,0.0
376845,2025-03-28T02:00:00.000000000,1.612,1.136,0.0,0.0,1.1901616159693944,0.0
376845,2025-03-28T03:00:00.000000000,1.6050000000000002,1.132,0.0,0.0,0.8616289463063334,0.0
376845,2025-03-28T04:00:00.000000000,1.6,1.1280000000000001,0.0,0.0,0.8074107983244723,0.0
376845,2025-03-28T05:00:00.000000000,1.596,1.124,0.0,0.0,1.3431447145992943,0.0
376845,2025-03-28T06:00:00.000000000,1.613,1.124,0.0,0.0,1.605443322403433,0.0
376845,2025-03-28T07:00:00.000000000,1.683,1.124,0.0,0.0,2.2211856408352726,0.0
376845,2025-03-28T08:00:00.000000000,1.609,1.128,0.0,0.0,1.156751513969761,0.0
376845,2025-03-28T09:00:00.000000000,1.6170000000000002,1.135,0.0,0.0,1.404689639335461,0.0
376845,2025-03-28T10:00:00.000000000,1.621,1.142,0.0,0.0,0.7150934112202222,0.0
376845,2025-03-28T11:00:00.000000000,1.627,1.15,0.0,0.0,1.9342690631366666,0.0
376845,2025-03-28T12:00:00.000000000,1.635,1.152,0.0,0.0,0.4686206412053834,0.0
376845,2025-03-28T13:00:00.000000000,1.564,1.0939999999999999,0.0,0.0,0.01963576170153889,0.0
376845,2025-03-28T14:00:00.000000000,1.209,0.7929999999999999,0.0,0.0,0.4311075442233389,0.0
376845,2025-03-28T15:00:00.000000000,1.056,0.662,0.0,0.0,0.0,0.0
376845,2025-03-28T16:00:00.000000000,1.08,0.66,0.0,0.0,0.0,0.0
376845,2025-03-28T17:00:00.000000000,1.049,0.636,0.0,0.0,0.4311075442233389,0.0
376845,2025-03-28T18:00:00.000000000,1.263,0.6909999999999998,0.0,0.0,0.0,0.0
376845,2025-03-28T19:00:00.000000000,1.373,0.661,0.0,0.0,0.0,0.0
376845,2025-03-28T20:00:00.000000000,1.5830000000000002,0.734,0.0,0.0,0.4311075442233389,0.0
376845,2025-03-28T21:00:00.000000000,2.154,1.095,0.0,0.0,3.745741347871172,0.0
376845,2025-03-28T22:00:00.000000000,1.86,1.09,0.0,0.0,3.4916487300318555,0.0
376845,2025-03-28T23:00:00.000000000,1.66,1.106,0.0,0.0,0.4996861746436389,0.0
376845,2025-03-29T00:00:00.000000000,1.6689999999999998,1.165,0.0,0.0,0.7681392749213944,0.0
376845,2025-03-29T01:00:00.000000000,1.652,1.166,0.0,0.0,0.8082900115349888,0.0
376845,2025-03-29T02:00:00.000000000,1.6349999999999998,1.158,0.0,0.0,0.5896589931865112,0.0
376845,2025-03-29T03:00:00.000000000,1.628,1.154,0.0,0.0,1.2517065407055612,0.0
376845,2025-03-29T04:00:00.000000000,1.629,1.156,0.0,0.0,0.7687254170617388,0.0
376845,2025-03-29T05:00:00.000000000,1.632,1.156,0.0,0.0,2.4310245270785833,0.0
376845,2025-03-29T06:00:00.000000000,1.674,1.1509999999999998,0.0,0.0,2.0306894452233277,0.0
376845,2025-03-29T07:00:00.000000000,1.77,1.148,0.0,0.0,1.9193224385578835,0.0
376845,2025-03-29T08:00:00.000000000,1.815,1.15,0.0,0.0,1.0603311318831001,0.0
376845,2025-03-29T09:00:00.000000000,1.715,1.146,0.0,0.0,1.1538208032680388,0.0
376845,2025-03-29T10:00:00.000000000,1.54,1.078,0.0,0.0,0.0,0.0
376845,2025-03-29T11:00:00.000000000,1.4809999999999999,1.028,0.0,0.0,0.4568977983984944,0.0
376845,2025-03-29T12:00:00.000000000,1.266,0.841,0.0,0.0,0.0,0.0
376845,2025-03-29T13:00:00.000000000,1.2999999999999998,0.873,0.0,0.0,1.3853469487040944,0.0
376845,2025-03-29T14:00:00.000000000,1.6629999999999998,1.143,0.0,0.0,0.05597657440289445,0.0
376845,2025-03-29T15:00:00.000000000,1.5810000000000002,1.03,0.0,0.0,0.0,0.0
376845,2025-03-29T16:00:00.000000000,1.622,1.054,0.0,0.0,0.4311075442233389,0.0
376845,2025-03-29T17:00:00.000000000,1.556,0.984,0.0,0.0,0.0,0.0
376845,2025-03-29T18:00:00.000000000,1.666,0.965,0.0,0.0,1.6734358106833889,0.0
376845,2025-03-29T19:00:00.000000000,2.368,1.028,0.0,0.0,2.088717517117428,0.0
376845,2025-03-29T20:00:00.000000000,2.282,1.14,0.0,0.0,3.3946422058048498,0.0
376845,2025-03-29T21:00:00.000000000,2.873,1.152,0.0,0.0,5.00887766031345,0.0
376845,2025-03-29T22:00:00.000000000,2.232,1.121,0.0,0.0,1.0066991260415834,0.0
376845,2025-03-29T23:00:00.000000000,1.704,1.1509999999999998,0.0,0.0,0.6303958719404499,0.0
376845,2025-03-30T00:00:00.000000000,1.644,1.142,0.0,0.0,1.339627861757228,0.0
376845,2025-03-30T01:00:00.000000000,1.62,1.132,0.0,0.0,1.0474360047955222,0.0
376845,2025-03-30T02:00:00.000000000,1.607,1.13,0.0,0.0,0.9694791001297112,0.0
376845,2025-03-30T03:00:00.000000000,1.602,1.128,0.0,0.0,1.5896174846141333,0.0
376845,2025-03-30T04:00:00.000000000,1.61,1.1369999999999998,0.0,0.0,1.193385397741289,0.0
376845,2025-03-30T05:00:00.000000000,1.616,1.144,0.0,0.0,1.6822279427885556,0.0
376845,2025-03-30T06:00:00.000000000,1.619,1.144,0.0,0.0,1.405568852545978,0.0
376845,2025-03-30T07:00:00.000000000,1.65,1.149,0.0,0.0,1.1640782907240665,0.0
376845,2025-03-30T08:00:00.000000000,1.733,1.162,0.0,0.0,1.6596614703852945,0.0
376845,2025-03-30T09:00:00.000000000,1.7229999999999999,1.1560000000000001,0.0,0.0,1.6130631702279112,0.0
376845,2025-03-30T10:00:00.000000000,1.529,0.994,0.0,0.0,0.48298112364382223,0.0
376845,2025-03-30T11:00:00.000000000,1.357,0.886,0.0,0.0,0.43110754422333886,0.0
376845,2025-03-30T12:00:00.000000000,1.355,0.923,0.0,0.0,1.3015286226348388,0.0
376845,2025-03-30T13:00:00.000000000,1.3929999999999998,0.953,0.0,0.0,0.4311075442233389,0.0
376845,2025-03-30T14:00:00.000000000,1.35,0.917,0.0,0.0,0.0,0.0
376845,2025-03-30T15:00:00.000000000,1.4129999999999998,0.973,0.0,0.0,2.074357034678989,0.0
376845,2025-03-30T16:00:00.000000000,1.541,1.061,0.0,0.0,0.0,0.0
376845,2025-03-30T17:00:00.000000000,1.603,1.058,0.0,0.0,0.0,0.0
376845,2025-03-30T18:00:00.000000000,1.71,1.077,0.0,0.0,0.4311075442233389,0.0
376845,2025-03-30T19:00:00.000000000,2.033,1.092,0.0,0.0,0.0,0.0
376845,2025-03-30T20:00:00.000000000,2.569,1.1019999999999999,0.0,0.0,0.0,0.0
376845,2025-03-30T21:00:00.000000000,2.121,1.177,0.0,0.0,2.518652777060078,0.0
376845,2025-03-30T22:00:00.000000000,1.935,1.171,0.0,0.0,7.769607141335783,0.0
376845,2025-03-30T23:00:00.000000000,1.6649999999999998,1.168,0.0,0.0,1.2985979119331166,0.0
376845,2025-03-31T00:00:00.000000000,1.681,1.166,0.0,0.0,2.2182549301335497,0.0
376845,2025-03-31T01:00:00.000000000,1.652,1.166,0.0,0.0,2.1335573908537775,0.0
376845,2025-03-31T02:00:00.000000000,1.644,1.168,0.0,0.0,1.5485875347900222,0.0
376845,2025-03-31T03:00:00.000000000,1.6409999999999998,1.168,0.0,0.0,1.3627804763008333,0.0
376845,2025-03-31T04:00:00.000000000,1.641,1.1689999999999998,0.0,0.0,1.5022823057028112,0.0
376845,2025-03-31T05:00:00.000000000,1.648,1.176,0.0,0.0,1.6889685774025167,0.0
376845,2025-03-31T06:00:00.000000000,1.656,1.1809999999999998,0.0,0.0,0.8332010524996278,0.0
376845,2025-03-31T07:00:00.000000000,1.658,1.179,0.0,0.0,1.2631363124422779,0.0
376845,2025-03-31T08:00:00.000000000,2.0060000000000002,1.176,0.0,0.0,2.394097572236883,0.0
376845,2025-03-31T09:00:00.000000000,2.022,1.1689999999999998,0.0,0.0,5.800169549778451,0.0
376845,2025-03-31T10:00:00.000000000,1.74,1.17,0.0,0.0,1.2074528091095555,0.0
376845,2025-03-31T11:00:00.000000000,1.758,1.19,0.0,0.0,0.6901823702555834,0.0
376845,2025-03-31T12:00:00.000000000,1.777,1.1829999999999998,0.0,0.0,0.9184847339197445,0.0
376845,2025-03-31T13:00:00.000000000,1.724,1.097,0.0,0.0,0.6444632833087167,0.0
376845,2025-03-31T14:00:00.000000000,1.6039999999999999,1.097,0.0,0.0,0.45660472732832225,0.0
376845,2025-03-31T15:00:00.000000000,1.524,1.045,0.0,0.0,0.4311075442233389,0.0
376845,2025-03-31T16:00:00.000000000,1.628,0.972,0.0,0.0,0.0,0.0
376845,2025-03-31T17:00:00.000000000,1.585,0.879,0.0,0.0,0.48561876327537223,0.0
376845,2025-03-31T18:00:00.000000000,2.02,0.857,0.0,0.0,0.45660472732832225,0.0
376845,2025-03-31T19:00:00.000000000,1.7409999999999999,0.9470000000000001,0.0,0.0,0.4311075442233389,0.0
376845,2025-03-31T20:00:00.000000000,1.9149999999999998,1.093,0.0,0.0,0.9709444554805722,0.0
376845,2025-03-31T21:00:00.000000000,1.9549999999999998,1.156,0.0,0.0,0.9419304195335223,0.0
376845,2025-03-31T22:00:00.000000000,1.818,1.1809999999999998,0.0,0.0,1.4882148943345443,0.0
376845,2025-03-31T23:00:00.000000000,1.871,1.176,0.0,0.0,0.23240535864657222,0.0
376845,2025-04-01T00:00:00.000000000,1.964,1.168,0.0,0.0,7.287212159832306,0.0
376845,2025-04-01T01:00:00.000000000,1.6569999999999998,1.158,0.0,0.0,2.072891679328128,0.0
376845,2025-04-01T02:00:00.000000000,1.63,1.148,0.0,0.0,2.018966602416439,0.0
376845,2025-04-01T03:00:00.000000000,1.6210000000000002,1.148,0.0,0.0,2.2384768339754335,0.0
376845,2025-04-01T04:00:00.000000000,1.62,1.144,0.0,0.0,1.4893871786152335,0.0
376845,2025-04-01T05:00:00.000000000,1.628,1.1429999999999998,0.0,0.0,1.74347979645455,0.0
376845,2025-04-01T06:00:00.000000000,1.618,1.138,0.0,0.0,2.3680142469915557,0.0
376845,2025-04-01T07:00:00.000000000,1.615,1.136,0.0,0.0,1.7675116242086721,0.0
376845,2025-04-01T08:00:00.000000000,1.633,1.151,0.0,0.0,1.9811604343642224,0.0
376845,2025-04-01T09:00:00.000000000,1.63,1.1520000000000001,0.0,0.0,1.0046476285503778,0.0
376845,2025-04-01T10:00:00.000000000,1.4820000000000002,0.974,0.0,0.0,0.0,0.0
376845,2025-04-01T11:00:00.000000000,1.6030000000000002,0.7430000000000001,0.0,0.0,0.5064268092576,0.0
376845,2025-04-01T12:00:00.000000000,1.102,0.642,0.0,0.0,0.45015716378453335,0.0
376845,2025-04-01T13:00:00.000000000,1.129,0.627,0.0,0.0,0.0,0.0
376845,2025-04-01T14:00:00.000000000,1.058,0.585,0.0,0.0,0.4311075442233389,0.0
376845,2025-04-01T15:00:00.000000000,1.07,0.553,0.0,0.0,0.0,0.0
376845,2025-04-01T16:00:00.000000000,1.534,0.564,0.0,0.0,0.4311075442233389,0.0
376845,2025-04-01T17:00:00.000000000,1.131,0.508,0.0,0.0,0.0,0.0
376845,2025-04-01T18:00:00.000000000,1.174,0.524,0.0,0.0,0.4311075442233389,0.0
376845,2025-04-01T19:00:00.000000000,1.3250000000000002,0.6479999999999999,0.0,0.0,0.45660472732832225,0.0
376845,2025-04-01T20:00:00.000000000,1.5420000000000003,0.821,0.0,0.0,0.9706513844104,0.0
376845,2025-04-01T21:00:00.000000000,1.643,0.892,0.0,0.0,0.4853256922052,0.0
376845,2025-04-01T22:00:00.000000000,1.5590000000000002,0.951,0.0,0.0,1.0738124011110222,0.0
376845,2025-04-01T23:00:00.000000000,1.5580000000000003,1.04,0.0,0.0,0.4853256922052,0.0
376845,2025-04-02T00:00:00.000000000,1.658,1.1480000000000001,0.0,0.0,0.010257487456027779,0.0
376845,2025-04-02T01:00:00.000000000,1.613,1.135,0.0,0.0,0.9568770441123056,0.0
376845,2025-04-02T02:00:00.000000000,1.6,1.132,0.0,0.0,0.0,0.0
376845,2025-04-02T03:00:00.000000000,1.622,1.152,0.0,0.0,0.0,0.0
376845,2025-04-02T04:00:00.000000000,1.634,1.162,0.0,0.0,0.9398789220423167,0.0
376845,2025-04-02T05:00:00.000000000,1.635,1.158,0.0,0.0,1.0236972481115723,0.0
376845,2025-04-02T06:00:00.000000000,1.647,1.1409999999999998,0.0,0.0,1.4304798935106167,0.0
376845,2025-04-02T07:00:00.000000000,1.659,1.124,0.0,0.0,1.7003983491392334,0.0
376845,2025-04-02T08:00:00.000000000,1.6099999999999999,1.13,0.0,0.0,0.9823742272172888,0.0
376845,2025-04-02T09:00:00.000000000,1.6140000000000003,1.133,0.0,0.0,0.8308564839382501,0.0
376845,2025-04-02T10:00:00.000000000,1.6070000000000002,1.13,0.0,0.0,1.256688748898489,0.0
376845,2025-04-02T11:00:00.000000000,1.573,1.1030000000000002,0.0,0.0,0.0,0.0
376845,2025-04-02T12:00:00.000000000,1.484,1.026,0.0,0.0,0.4311075442233389,0.0
376845,2025-04-02T13:00:00.000000000,1.233,0.813,0.0,0.0,0.0,0.0
376845,2025-04-02T14:00:00.000000000,1.053,0.657,0.0,0.0,0.4311075442233389,0.0
376845,2025-04-02T15:00:00.000000000,0.987,0.601,0.0,0.0,0.0,0.0
376845,2025-04-02T16:00:00.000000000,1.033,0.617,0.0,0.0,0.0,0.0
376845,2025-04-02T17:00:00.000000000,1.034,0.5710000000000001,0.0,0.0,0.4311075442233389,0.0
376845,2025-04-02T18:00:00.000000000,1.181,0.643,0.0,0.0,0.4311075442233389,0.0
376845,2025-04-02T19:00:00.000000000,1.228,0.6779999999999999,0.0,0.0,0.0,0.0
376845,2025-04-02T20:00:00.000000000,1.387,0.748,0.0,0.0,1.4940763157379888,0.0
376845,2025-04-02T21:00:00.000000000,1.379,0.86,0.0,0.0,0.058321142964272224,0.0
376845,2025-04-02T22:00:00.000000000,1.576,0.999,0.0,0.0,1.3076831151084556,0.0
376845,2025-04-02T23:00:00.000000000,1.624,1.124,0.0,0.0,0.6095878259582223,0.0
376845,2025-04-03T00:00:00.000000000,1.656,1.1569999999999998,0.0,0.0,0.06535484864840554,0.0
376845,2025-04-03T01:00:00.000000000,1.646,1.164,0.0,0.0,0.05304586370117222,0.0
376845,2025-04-03T02:00:00.000000000,1.647,1.171,0.0,0.0,0.47213749404745003,0.0
376845,2025-04-03T03:00:00.000000000,1.637,1.162,0.0,0.0,0.3733725433994111,0.0
376845,2025-04-03T04:00:00.000000000,1.629,1.156,0.0,0.0,1.0855352439179113,0.0
376845,2025-04-03T05:00:00.000000000,1.625,1.148,0.0,0.0,0.7745868384651834,0.0
376845,2025-04-03T06:00:00.000000000,1.67,1.148,0.0,0.0,1.9043758139791,0.0
376845,2025-04-03T07:00:00.000000000,1.704,1.148,0.0,0.0,1.8662765748567112,0.0
376845,2025-04-03T08:00:00.000000000,1.6349999999999998,1.154,0.0,0.0,1.01549125814675,0.0
376845,2025-04-03T09:00:00.000000000,1.512,1.053,0.0,0.0,0.03135860450842778,0.0
376845,2025-04-03T10:00:00.000000000,1.087,0.6900000000000001,0.0,0.0,0.9348967138493889,0.0
376845,2025-04-03T11:00:00.000000000,0.978,0.595,0.0,0.0,0.0,0.0
376845,2025-04-03T12:00:00.000000000,0.9029999999999999,0.528,0.0,0.0,0.0,0.0
376845,2025-04-03T13:00:00.000000000,0.756,0.392,0.0,0.0,0.4311075442233389,0.0
376845,2025-04-03T14:00:00.000000000,0.6910000000000001,0.335,0.0,0.0,0.0,0.0
376845,2025-04-03T15:00:00.000000000,0.66,0.307,0.0,0.0,0.4311075442233389,0.0
376845,2025-04-03T16:00:00.000000000,0.7030000000000001,0.322,0.0,0.0,0.0,0.0
376845,2025-04-03T17:00:00.000000000,0.6799999999999999,0.254,0.0,0.0,0.0,0.0
376845,2025-04-03T18:00:00.000000000,0.7270000000000001,0.236,0.0,0.0,0.4311075442233389,0.0
376845,2025-04-03T19:00:00.000000000,0.829,0.325,0.0,0.0,0.0,0.0
376845,2025-04-03T20:00:00.000000000,0.956,0.431,0.0,0.0,0.0,0.0
376845,2025-04-03T21:00:00.000000000,1.159,0.501,0.0,0.0,0.4311075442233389,0.0
376845,2025-04-03T22:00:00.000000000,1.369,0.556,0.0,0.0,1.4143609846511445,0.0
376845,2025-04-03T23:00:00.000000000,1.036,0.5820000000000001,0.0,0.0,0.5070129513979444,0.0
376845,2025-04-04T00:00:00.000000000,1.2200000000000002,0.7849999999999999,0.0,0.0,1.5861006317720667,0.0
376845,2025-04-04T01:00:00.000000000,1.318,0.884,0.0,0.0,0.0,0.0
376845,2025-04-04T02:00:00.000000000,1.353,0.9229999999999999,0.0,0.0,0.9847187957786667,0.0
376845,2025-04-04T03:00:00.000000000,1.42,0.982,0.0,0.0,0.45631165625815,0.0
376845,2025-04-04T04:00:00.000000000,1.524,1.073,0.0,0.0,0.0,0.0
376845,2025-04-04T05:00:00.000000000,1.608,1.148,0.0,0.0,0.4311075442233389,0.0
376845,2025-04-04T06:00:00.000000000,1.6829999999999998,1.196,0.0,0.0,0.04073687875393889,0.0
376845,2025-04-04T07:00:00.000000000,1.7469999999999999,1.1909999999999998,0.0,0.0,1.6069086777542945,0.0
376845,2025-04-04T08:00:00.000000000,1.638,1.164,0.0,0.0,0.13686418977042777,0.0
376845,2025-04-04T09:00:00.000000000,1.463,1.014,0.0,0.0,0.0,0.0
376845,2025-04-04T10:00:00.000000000,1.3430000000000002,0.9139999999999999,0.0,0.0,0.4311075442233389,0.0
376845,2025-04-04T11:00:00.000000000,1.105,0.7050000000000001,0.0,0.0,0.0,0.0
376845,2025-04-04T12:00:00.000000000,0.974,0.589,0.0,0.0,0.4311075442233389,0.0
376845,2025-04-04T13:00:00.000000000,0.963,0.539,0.0,0.0,0.0,0.0
376845,2025-04-04T14:00:00.000000000,1.317,0.45199999999999996,0.0,0.0,0.4311075442233389,0.0
376845,2025-04-04T15:00:00.000000000,0.888,0.434,0.0,0.0,0.0,0.0
376845,2025-04-04T16:00:00.000000000,0.9500000000000001,0.474,0.0,0.0,0.0,0.0
376845,2025-04-04T17:00:00.000000000,0.9019999999999999,0.403,0.0,0.0,0.4311075442233389,0.0
376845,2025-04-04T18:00:00.000000000,0.846,0.345,0.0,0.0,1.019594253129161,0.0
376845,2025-04-04T19:00:00.000000000,1.39,0.345,0.0,0.0,0.4516225191353944,0.0
376845,2025-04-04T20:00:00.000000000,1.145,0.474,0.0,0.0,1.2924434194595,0.0
376845,2025-04-04T21:00:00.000000000,1.2510000000000001,0.552,0.0,0.0,0.9410512063230055,0.0
376845,2025-04-04T22:00:00.000000000,1.186,0.629,0.0,0.0,0.0,0.0
376845,2025-04-04T23:00:00.000000000,1.139,0.6759999999999999,0.0,0.0,0.45660472732832225,0.0
376845,2025-04-05T00:00:00.000000000,1.296,0.825,0.0,0.0,0.9732890240419501,0.0
376845,2025-04-05T01:00:00.000000000,1.24,0.812,0.0,0.0,0.0,0.0
376845,2025-04-05T02:00:00.000000000,1.233,0.82,0.0,0.0,0.4311075442233389,0.0
376845,2025-04-05T03:00:00.000000000,1.248,0.833,0.0,0.0,0.4311075442233389,0.0
376845,2025-04-05T04:00:00.000000000,1.281,0.863,0.0,0.0,0.0,0.0
376845,2025-04-05T05:00:00.000000000,1.3290000000000002,0.895,0.0,0.0,0.0,0.0
376845,2025-04-05T06:00:00.000000000,1.399,0.914,0.0,0.0,1.4471849445104334,0.0
376845,2025-04-05T07:00:00.000000000,1.391,0.888,0.0,0.0,0.0,0.0
376845,2025-04-05T08:00:00.000000000,1.33,0.8440000000000001,0.0,0.0,1.6212691601927331,0.0
376845,2025-04-05T09:00:00.000000000,1.119,0.7160000000000001,0.0,0.0,0.0,0.0
376845,2025-04-05T10:00:00.000000000,1.02,0.632,0.0,0.0,0.45631165625815,0.0
376845,2025-04-05T11:00:00.000000000,0.903,0.525,0.0,0.0,1.747582791436961,0.0
376845,2025-04-05T12:00:00.000000000,0.722,0.36300000000000004,0.0,0.0,0.9410512063230055,0.0
376845,2025-04-05T13:00:00.000000000,0.642,0.29000000000000004,0.0,0.0,0.0,0.0
376845,2025-04-05T14:00:00.000000000,0.59,0.244,0.0,0.0,0.0,0.0
376845,2025-04-05T15:00:00.000000000,0.565,0.223,0.0,0.0,0.4311075442233389,0.0
376845,2025-04-05T16:00:00.000000000,0.615,0.22299999999999998,0.0,0.0,0.0,0.0
376845,2025-04-05T17:00:00.000000000,0.557,0.17,0.0,0.0,0.4311075442233389,0.0
376845,2025-04-05T18:00:00.000000000,1.43,0.045,0.0,0.0,0.0,0.0
376845,2025-04-05T19:00:00.000000000,0.7389999999999999,0.125,0.0,0.0,0.0,0.0
376845,2025-04-05T20:00:00.000000000,1.395,0.149,0.0,0.0,0.9653761051473,0.0
376845,2025-04-05T21:00:00.000000000,0.9329999999999999,0.212,0.0,0.0,0.8909360533235555,0.0
376845,2025-04-05T22:00:00.000000000,0.817,0.253,0.0,0.0,0.48473955006485553,0.0
376845,2025-04-05T23:00:00.000000000,0.679,0.266,0.0,0.0,0.43110754422333886,0.0
376845,2025-04-06T00:00:00.000000000,0.7510000000000001,0.34299999999999997,0.0,0.0,0.4311075442233389,0.0
376845,2025-04-06T01:00:00.000000000,0.7609999999999999,0.381,0.0,0.0,1.0263348877431222,0.0
376845,2025-04-06T02:00:00.000000000,0.7749999999999999,0.415,0.0,0.0,0.0,0.0
376845,2025-04-06T03:00:00.000000000,0.796,0.437,0.0,0.0,0.0,0.0
376845,2025-04-06T04:00:00.000000000,0.8109999999999999,0.453,0.0,0.0,0.4311075442233389,0.0
376845,2025-04-06T05:00:00.000000000,0.834,0.473,0.0,0.0,0.0,0.0
376845,2025-04-06T06:00:00.000000000,0.858,0.492,0.0,0.0,0.9729959529717778,0.0
376845,2025-04-06T07:00:00.000000000,0.843,0.474,0.0,0.0,0.0,0.0
376845,2025-04-06T08:00:00.000000000,1.4,0.37499999999999994,0.0,0.0,1.5506390322812278,0.0
376845,2025-04-06T09:00:00.000000000,0.752,0.23099999999999998,0.0,0.0,0.0,0.0
376845,2025-04-06T10:00:00.000000000,0.486,0.153,0.0,0.0,0.4311075442233389,0.0
376845,2025-04-06T11:00:00.000000000,0.438,0.11099999999999999,0.0,0.0,0.0,0.0
376845,2025-04-06T12:00:00.000000000,0.41100000000000003,0.083,0.0,0.0,0.48444647899468335,0.0
376845,2025-04-06T13:00:00.000000000,0.388,0.063,0.0,0.0,0.0,0.0
376845,2025-04-06T14:00:00.000000000,0.384,0.059,0.0,0.0,0.4311075442233389,0.0
376845,2025-04-06T15:00:00.000000000,0.40399999999999997,0.07700000000000001,0.0,0.0,0.0,0.0
376845,2025-04-06T16:00:00.000000000,0.561,0.195,0.0,0.0,0.4311075442233389,0.0
376845,2025-04-06T17:00:00.000000000,0.719,0.31600000000000006,0.0,0.0,0.0,0.0
376845,2025-04-06T18:00:00.000000000,0.903,0.398,0.0,0.0,0.0,0.0
376845,2025-04-06T19:00:00.000000000,0.916,0.404,0.0,0.0,0.4311075442233389,0.0
376845,2025-04-06T20:00:00.000000000,1.046,0.417,0.0,0.0,0.0,0.0
376845,2025-04-06T21:00:00.000000000,1.172,0.483,0.0,0.0,0.4311075442233389,0.0
376845,2025-04-06T22:00:00.000000000,1.172,0.651,0.0,0.0,0.0,0.0
376845,2025-04-06T23:00:00.000000000,1.112,0.673,0.0,0.0,1.623613728754111,0.0
376845,2025-04-07T00:00:00.000000000,1.2,0.768,0.0,0.0,0.0,0.0
376845,2025-04-07T01:00:00.000000000,1.298,0.87,0.0,0.0,0.4560185851879778,0.0
376845,2025-04-07T02:00:00.000000000,1.4660000000000002,1.021,0.0,0.0,0.33263566464547223,0.0
376845,2025-04-07T03:00:00.000000000,1.624,1.1629999999999998,0.0,0.0,0.09847187957786667,0.0
376845,2025-04-07T04:00:00.000000000,1.698,1.228,0.0,0.0,0.0,0.0
376845,2025-04-07T05:00:00.000000000,1.706,1.234,0.0,0.0,0.6743565324662834,0.0
376845,2025-04-07T06:00:00.000000000,1.702,1.228,0.0,0.0,0.5125813017312167,0.0
376845,2025-04-07T07:00:00.000000000,1.661,1.189,0.0,0.0,0.09378274245511112,0.0
376845,2025-04-07T08:00:00.000000000,1.4300000000000002,0.989,0.0,0.0,0.4311075442233389,0.0
376845,2025-04-07T09:00:00.000000000,1.364,0.8740000000000001,0.0,0.0,0.4853256922052,0.0
376845,2025-04-07T10:00:00.000000000,1.2550000000000001,0.7629999999999999,0.0,0.0,0.5058406671172555,0.0
376845,2025-04-07T11:00:00.000000000,1.195,0.7080000000000001,0.0,0.0,3.166339842140689,0.0
376845,2025-04-07T12:00:00.000000000,1.06,0.646,0.0,0.0,0.9422234906036944,0.0
376845,2025-04-07T13:00:00.000000000,1.722,0.6,0.0,0.0,0.43374518385488886,0.0
376845,2025-04-07T14:00:00.000000000,1.2760000000000002,0.621,0.0,0.0,0.0,0.0
376845,2025-04-07T15:00:00.000000000,1.057,0.581,0.0,0.0,1.0324893802167388,0.0
376845,2025-04-07T16:00:00.000000000,1.1369999999999998,0.62,0.0,0.0,0.0,0.0
376845,2025-04-07T17:00:00.000000000,1.234,0.6739999999999999,0.0,0.0,0.45631165625815,0.0
376845,2025-04-07T18:00:00.000000000,2.432,0.68,0.0,0.0,0.9401719931124889,0.0
376845,2025-04-07T19:00:00.000000000,3.063,0.748,0.0,0.0,0.977392019024361,0.0
376845,2025-04-07T20:00:00.000000000,2.4370000000000003,0.9500000000000001,0.0,0.0,2.667532880707567,0.0
376845,2025-04-07T21:00:00.000000000,1.7389999999999999,0.9239999999999999,0.0,0.0,1.373917176967378,0.0
376845,2025-04-07T22:00:00.000000000,1.6989999999999998,1.013,0.0,0.0,0.45631165625815,0.0
376845,2025-04-07T23:00:00.000000000,1.58,1.041,0.0,0.0,0.0,0.0
376845,2025-04-08T00:00:00.000000000,1.6649999999999998,1.148,0.0,0.0,0.4841534079245111,0.0
376845,2025-04-08T01:00:00.000000000,1.63,1.149,0.0,0.0,0.8812647080078723,0.0
376845,2025-04-08T02:00:00.000000000,1.617,1.154,0.0,0.0,0.0,0.0
376845,2025-04-08T03:00:00.000000000,1.624,1.159,0.0,0.0,0.4311075442233389,0.0
376845,2025-04-08T04:00:00.000000000,1.6589999999999998,1.192,0.0,0.0,0.0,0.0
376845,2025-04-08T05:00:00.000000000,1.6569999999999998,1.19,0.0,0.0,0.4311075442233389,0.0
376845,2025-04-08T06:00:00.000000000,1.6150000000000002,1.152,0.0,0.0,0.0,0.0
376845,2025-04-08T07:00:00.000000000,1.528,1.074,0.0,0.0,0.0,0.0
376845,2025-04-08T08:00:00.000000000,1.4489999999999998,0.983,0.0,0.0,0.4311075442233389,0.0
376845,2025-04-08T09:00:00.000000000,1.415,0.8769999999999999,0.0,0.0,0.4311075442233389,0.0
376845,2025-04-08T10:00:00.000000000,1.25,0.7570000000000001,0.0,0.0,1.2291400683023,0.0
376845,2025-04-08T11:00:00.000000000,1.096,0.621,0.0,0.0,0.3124137608035889,0.0
376845,2025-04-08T12:00:00.000000000,0.97,0.505,0.0,0.0,0.0,0.0
376845,2025-04-08T13:00:00.000000000,0.9450000000000001,0.41000000000000003,0.0,0.0,0.9255184396038778,0.0
376845,2025-04-08T14:00:00.000000000,1.3130000000000002,0.537,0.0,0.0,3.0749016682469557,0.0
376845,2025-04-08T15:00:00.000000000,0.74,0.21699999999999997,0.0,0.0,0.4407788895390222,0.0
376845,2025-04-08T16:00:00.000000000,0.76,0.196,0.0,0.0,0.44370960024074446,0.0
376845,2025-04-08T17:00:00.000000000,0.6900000000000001,0.112,0.0,0.0,0.9765128058138444,0.0
376845,2025-04-08T18:00:00.000000000,0.683,0.085,0.0,0.0,0.4445888134512611,0.0
376845,2025-04-08T19:00:00.000000000,0.827,0.20700000000000002,0.0,0.0,0.4311075442233389,0.0
376845,2025-04-08T20:00:00.000000000,0.993,0.372,0.0,0.0,0.0,0.0
376845,2025-04-08T21:00:00.000000000,1.048,0.506,0.0,0.0,0.4560185851879778,0.0
376845,2025-04-08T22:00:00.000000000,1.0630000000000002,0.553,0.0,0.0,0.9404650641826611,0.0
376845,2025-04-08T23:00:00.000000000,0.986,0.544,0.0,0.0,0.0,0.0
376845,2025-04-09T00:00:00.000000000,1.0510000000000002,0.627,0.0,0.0,1.0005446335679666,0.0
376845,2025-04-09T01:00:00.000000000,1.0150000000000001,0.617,0.0,0.0,0.4560185851879778,0.0
376845,2025-04-09T02:00:00.000000000,0.986,0.602,0.0,0.0,0.0,0.0
376845,2025-04-09T03:00:00.000000000,0.976,0.595,0.0,0.0,0.4311075442233389,0.0
376845,2025-04-09T04:00:00.000000000,1.001,0.618,0.0,0.0,0.0,0.0
376845,2025-04-09T05:00:00.000000000,1.049,0.654,0.0,0.0,0.5052545249769111,0.0
376845,2025-04-09T06:00:00.000000000,1.103,0.664,0.0,0.0,1.4211016192651056,0.0
376845,2025-04-09T07:00:00.000000000,1.199,0.664,0.0,0.0,0.9814950140067723,0.0
376845,2025-04-09T08:00:00.000000000,1.154,0.591,0.0,0.0,1.0362993041289779,0.0
376845,2025-04-09T09:00:00.000000000,1.029,0.539,0.0,0.0,1.4539255791243946,0.0
376845,2025-04-09T10:00:00.000000000,0.831,0.46399999999999997,0.0,0.0,0.0,0.0
376845,2025-04-09T11:00:00.000000000,0.774,0.41300000000000003,0.0,0.0,1.1875239763378442,0.0
376845,2025-04-09T12:00:00.000000000,0.694,0.336,0.0,0.0,1.2109696619516224,0.0
376845,2025-04-09T13:00:00.000000000,1.0410000000000001,0.24,0.0,0.0,1.408206492177528,0.0
376845,2025-04-09T14:00:00.000000000,0.569,0.22399999999999998,0.0,0.0,0.4311075442233389,0.0
376845,2025-04-09T15:00:00.000000000,0.513,0.17600000000000002,0.0,0.0,0.0,0.0
376845,2025-04-09T16:00:00.000000000,0.546,0.183,0.0,0.0,0.0,0.0
376845,2025-04-09T17:00:00.000000000,0.734,0.138,0.0,0.0,0.8932806218849334,0.0
376845,2025-04-09T18:00:00.000000000,1.214,0.122,0.0,0.0,0.9044173225514778,0.0
376845,2025-04-09T19:00:00.000000000,0.7369999999999999,0.212,0.0,0.0,0.9058826779023389,0.0
376845,2025-04-09T20:00:00.000000000,1.413,0.302,0.0,0.0,0.4542601587669445,0.0
376845,2025-04-09T21:00:00.000000000,1.589,0.56,0.0,0.0,3.560520431522328,0.0
376845,2025-04-09T22:00:00.000000000,1.1669999999999998,0.5619999999999999,0.0,0.0,2.2630948038699,0.0
376845,2025-04-09T23:00:00.000000000,0.864,0.487,0.0,0.0,0.4311075442233389,0.0
376845,2025-04-10T00:00:00.000000000,1.026,0.614,0.0,0.0,0.4838603368543389,0.0
376845,2025-04-10T01:00:00.000000000,0.97,0.5810000000000001,0.0,0.0,0.4428303870302278,0.0
376845,2025-04-10T02:00:00.000000000,1.022,0.634,0.0,0.0,0.4311075442233389,0.0
376845,2025-04-10T03:00:00.000000000,1.123,0.724,0.0,0.0,0.0,0.0
376845,2025-04-10T04:00:00.000000000,1.272,0.857,0.0,0.0,0.0,0.0
376845,2025-04-10T05:00:00.000000000,1.34,0.917,0.0,0.0,0.4311075442233389,0.0
376845,2025-04-10T06:00:00.000000000,1.37,0.929,0.0,0.0,0.0,0.0
376845,2025-04-10T07:00:00.000000000,2.085,0.813,0.0,0.0,0.0,0.0
376845,2025-04-10T08:00:00.000000000,1.2229999999999999,0.8069999999999999,0.0,0.0,0.4311075442233389,0.0
376845,2025-04-10T09:00:00.000000000,1.062,0.606,0.0,0.0,0.4797573418719278,0.0
376845,2025-04-10T10:00:00.000000000,0.8889999999999999,0.43799999999999994,0.0,0.0,0.4999792457138111,0.0
376845,2025-04-10T11:00:00.000000000,0.7809999999999999,0.342,0.0,0.0,2.1174384819943057,0.0
376845,2025-04-10T12:00:00.000000000,0.7150000000000001,0.276,0.0,0.0,0.9715305976209168,0.0
376845,2025-04-10T13:00:00.000000000,0.676,0.24,0.0,0.0,1.4718029144049,0.0
376845,2025-04-10T14:00:00.000000000,0.606,0.19999999999999998,0.0,0.0,0.9516017648492057,0.0
376845,2025-04-10T15:00:00.000000000,0.572,0.23,0.0,0.0,2.1801556910111612,0.0
376845,2025-04-10T16:00:00.000000000,0.65,0.274,0.0,0.0,0.0,0.0
376845,2025-04-10T17:00:00.000000000,0.647,0.197,0.0,0.0,0.4311075442233389,0.0
376845,2025-04-10T18:00:00.000000000,0.7109999999999999,0.22299999999999998,0.0,0.0,0.7883611787632778,0.0
376845,2025-04-10T19:00:00.000000000,0.784,0.28700000000000003,0.0,0.0,0.24588662787449445,0.0
376845,2025-04-10T20:00:00.000000000,0.916,0.3,0.0,0.0,0.0,0.0
376845,2025-04-10T21:00:00.000000000,1.0270000000000001,0.354,0.0,0.0,1.0061129839012388,0.0
376845,2025-04-10T22:00:00.000000000,1.028,0.421,0.0,0.0,1.089052096759978,0.0
376845,2025-04-10T23:00:00.000000000,0.9339999999999999,0.496,0.0,0.0,0.0,0.0
376845,2025-04-11T00:00:00.000000000,1.038,0.6130000000000001,0.0,0.0,1.1031195081282443,0.0
376845,2025-04-11T01:00:00.000000000,0.993,0.601,0.0,0.0,0.0,0.0
376845,2025-04-11T02:00:00.000000000,0.988,0.604,0.0,0.0,0.0,0.0
376845,2025-04-11T03:00:00.000000000,0.995,0.612,0.0,0.0,0.4311075442233389,0.0
376845,2025-04-11T04:00:00.000000000,1.021,0.636,0.0,0.0,0.0,0.0
376845,2025-04-11T05:00:00.000000000,1.0590000000000002,0.67,0.0,0.0,0.0,0.0
376845,2025-04-11T06:00:00.000000000,1.1300000000000001,0.706,0.0,0.0,0.9477918409369666,0.0
376845,2025-04-11T07:00:00.000000000,1.28,0.724,0.0,0.0,2.185430970274261,0.0
376845,2025-04-11T08:00:00.000000000,1.3199999999999998,0.7759999999999999,0.0,0.0,1.1954368952324943,0.0
376845,2025-04-11T09:00:00.000000000,1.281,0.78,0.0,0.0,0.97856430330505,0.0
376845,2025-04-11T10:00:00.000000000,1.2169999999999999,0.7269999999999999,0.0,0.0,1.6567307596835723,0.0
376845,2025-04-11T11:00:00.000000000,1.151,0.708,0.0,0.0,1.2810136477227834,0.0
376845,2025-04-11T12:00:00.000000000,1.109,0.708,0.0,0.0,0.9712375265507445,0.0
376845,2025-04-11T13:00:00.000000000,1.1190000000000002,0.716,0.0,0.0,0.5155120124329389,0.0
376845,2025-04-11T14:00:00.000000000,0.999,0.609,0.0,0.0,0.4311075442233389,0.0
376845,2025-04-11T15:00:00.000000000,0.896,0.52,0.0,0.0,0.9398789220423167,0.0
376845,2025-04-11T16:00:00.000000000,1.037,0.5770000000000001,0.0,0.0,0.0,0.0
376845,2025-04-11T17:00:00.000000000,1.0990000000000002,0.5810000000000001,0.0,0.0,0.4311075442233389,0.0
376845,2025-04-11T18:00:00.000000000,1.147,0.641,0.0,0.0,0.0,0.0
376845,2025-04-11T19:00:00.000000000,1.234,0.6839999999999999,0.0,0.0,0.0,0.0
376845,2025-04-11T20:00:00.000000000,1.934,0.7549999999999999,0.0,0.0,0.9105718150250945,0.0
376845,2025-04-11T21:00:00.000000000,1.544,0.8869999999999999,0.0,0.0,2.804103999407822,0.0
376845,2025-04-11T22:00:00.000000000,1.326,0.829,0.0,0.0,0.9293283635161167,0.0
376845,2025-04-11T23:00:00.000000000,1.48,1.024,0.0,0.0,0.9659622472876445,0.0
376845,2025-04-12T00:00:00.000000000,1.68,1.179,0.0,0.0,0.07414698075357222,0.0
376845,2025-04-12T01:00:00.000000000,1.682,1.194,0.0,0.0,0.6602891210980167,0.0
376845,2025-04-12T02:00:00.000000000,1.656,1.179,0.0,0.0,0.7526065082022667,0.0
376845,2025-04-12T03:00:00.000000000,1.641,1.1669999999999998,0.0,0.0,1.3123722522312111,0.0
376845,2025-04-12T04:00:00.000000000,1.631,1.1589999999999998,0.0,0.0,1.9823327186449113,0.0
376845,2025-04-12T05:00:00.000000000,1.628,1.156,0.0,0.0,1.9371997738383886,0.0
376845,2025-04-12T06:00:00.000000000,1.687,1.157,0.0,0.0,2.9113680110908553,0.0
376845,2025-04-12T07:00:00.000000000,1.7389999999999999,1.1689999999999998,0.0,0.0,2.014277465293683,0.0
376845,2025-04-12T08:00:00.000000000,1.76,1.191,0.0,0.0,1.304166262266389,0.0
376845,2025-04-12T09:00:00.000000000,1.706,1.15,0.0,0.0,2.159640716099106,0.0
376845,2025-04-12T10:00:00.000000000,1.4080000000000001,0.971,0.0,0.0,1.12099684340875,0.0
376845,2025-04-12T11:00:00.000000000,1.255,0.837,0.0,0.0,0.48356726578416664,0.0
376845,2025-04-12T12:00:00.000000000,1.768,0.661,0.0,0.0,0.4560185851879778,0.0
376845,2025-04-12T13:00:00.000000000,1.38,0.7129999999999999,0.0,0.0,0.9551186176912723,0.0
376845,2025-04-12T14:00:00.000000000,1.24,0.7470000000000001,0.0,0.0,0.0,0.0
376845,2025-04-12T15:00:00.000000000,1.206,0.714,0.0,0.0,0.0,0.0
376845,2025-04-12T16:00:00.000000000,1.516,0.9510000000000001,0.0,0.0,0.5005653878541556,0.0
376845,2025-04-12T17:00:00.000000000,1.773,1.158,0.0,0.0,0.9460334145159334,0.0
376845,2025-04-12T18:00:00.000000000,1.8719999999999999,1.148,0.0,0.0,2.1675536349937556,0.0
376845,2025-04-12T19:00:00.000000000,2.13,1.148,0.0,0.0,2.4694168372711447,0.0
376845,2025-04-12T20:00:00.000000000,2.068,1.16,0.0,0.0,5.767052518848988,0.0
376845,2025-04-12T21:00:00.000000000,1.956,1.162,0.0,0.0,1.292736490529672,0.0
376845,2025-04-12T22:00:00.000000000,1.848,1.1309999999999998,0.0,0.0,1.101361081707211,0.0
376845,2025-04-12T23:00:00.000000000,1.563,1.048,0.0,0.0,0.0,0.0
376845,2025-04-13T00:00:00.000000000,1.5,1.025,0.0,0.0,0.9389997088318001,0.0
376845,2025-04-13T01:00:00.000000000,1.227,0.8029999999999999,0.0,0.0,0.0,0.0
376845,2025-04-13T02:00:00.000000000,1.054,0.663,0.0,0.0,1.0661925532865446,0.0
376845,2025-04-13T03:00:00.000000000,1.0070000000000001,0.624,0.0,0.0,0.0,0.0
376845,2025-04-13T04:00:00.000000000,0.961,0.582,0.0,0.0,0.46188000659142225,0.0
376845,2025-04-13T05:00:00.000000000,0.965,0.588,0.0,0.0,0.0,0.0
376845,2025-04-13T06:00:00.000000000,1.009,0.625,0.0,0.0,0.4311075442233389,0.0
376845,2025-04-13T07:00:00.000000000,1.041,0.631,0.0,0.0,0.0,0.0
376845,2025-04-13T08:00:00.000000000,1.012,0.5640000000000001,0.0,0.0,0.45572551411780554,0.0
376845,2025-04-13T09:00:00.000000000,0.9109999999999999,0.532,0.0,0.0,0.4311075442233389,0.0
376845,2025-04-13T10:00:00.000000000,0.8050000000000002,0.441,0.0,0.0,0.0,0.0
376845,2025-04-13T11:00:00.000000000,0.81,0.446,0.0,0.0,0.0,0.0
376845,2025-04-13T12:00:00.000000000,0.8130000000000001,0.447,0.0,0.0,0.9389997088318001,0.0
376845,2025-04-13T13:00:00.000000000,1.31,0.365,0.0,0.0,0.0,0.0
376845,2025-04-13T14:00:00.000000000,1.218,0.36300000000000004,0.0,0.0,0.4311075442233389,0.0
376845,2025-04-13T15:00:00.000000000,0.752,0.392,0.0,0.0,0.0,0.0
376845,2025-04-13T16:00:00.000000000,0.9700000000000001,0.5640000000000001,0.0,0.0,0.0,0.0
376845,2025-04-13T17:00:00.000000000,1.07,0.655,0.0,0.0,0.45572551411780554,0.0
376845,2025-04-13T18:00:00.000000000,1.0390000000000001,0.5730000000000001,0.0,0.0,0.45572551411780554,0.0
376845,2025-04-13T19:00:00.000000000,1.022,0.585,0.0,0.0,1.0764500407425721,0.0
376845,2025-04-13T20:00:00.000000000,1.209,0.531,0.0,0.0,1.3873984461953,0.0
376845,2025-04-13T21:00:00.000000000,1.169,0.514,0.0,0.0,0.03751309698204445,0.0
376845,2025-04-13T22:00:00.000000000,0.989,0.51,0.0,0.0,0.0,0.0
376845,2025-04-13T23:00:00.000000000,0.916,0.532,0.0,0.0,0.4311075442233389,0.0
376845,2025-04-14T00:00:00.000000000,1.033,0.6210000000000001,0.0,0.0,0.48327419471399446,0.0
376845,2025-04-14T01:00:00.000000000,0.993,0.601,0.0,0.0,0.5143397281522499,0.0
376845,2025-04-14T02:00:00.000000000,0.971,0.59,0.0,0.0,0.48327419471399446,0.0
376845,2025-04-14T03:00:00.000000000,0.972,0.591,0.0,0.0,0.4311075442233389,0.0
376845,2025-04-14T04:00:00.000000000,1.002,0.62,0.0,0.0,0.0,0.0
376845,2025-04-14T05:00:00.000000000,1.028,0.644,0.0,0.0,0.0,0.0
376845,2025-04-14T06:00:00.000000000,1.0510000000000002,0.662,0.0,0.0,0.4311075442233389,0.0
376845,2025-04-14T07:00:00.000000000,1.054,0.641,0.0,0.0,0.45572551411780554,0.0
376845,2025-04-14T08:00:00.000000000,1.163,0.618,0.0,0.0,0.4947039664507111,0.0
376845,2025-04-14T09:00:00.000000000,1.176,0.6499999999999999,0.0,0.0,1.555914311544328,0.0
376845,2025-04-14T10:00:00.000000000,1.2289999999999999,0.7010000000000001,0.0,0.0,1.543312255526922,0.0
376845,2025-04-14T11:00:00.000000000,1.347,0.642,0.0,0.0,0.4806365550824444,0.0
376845,2025-04-14T12:00:00.000000000,1.771,0.593,0.0,0.0,1.1816625549344,0.0
376845,2025-04-14T13:00:00.000000000,1.3070000000000002,0.7249999999999999,0.0,0.0,0.5146327992224222,0.0
376845,2025-04-14T14:00:00.000000000,1.926,0.552,0.0,0.0,1.1810764127940556,0.0
376845,2025-04-14T15:00:00.000000000,1.1360000000000001,0.572,0.0,0.0,0.0,0.0
376845,2025-04-14T16:00:00.000000000,1.191,0.5830000000000001,0.0,0.0,0.4311075442233389,0.0
376845,2025-04-14T17:00:00.000000000,1.176,0.549,0.0,0.0,0.4483987373635,0.0
376845,2025-04-14T18:00:00.000000000,1.1929999999999998,0.599,0.0,0.0,0.8513714588503056,0.0
376845,2025-04-14T19:00:00.000000000,1.245,0.6950000000000001,0.0,0.0,0.5298724948713778,0.0
376845,2025-04-14T20:00:00.000000000,1.343,0.774,0.0,0.0,1.2326569211443665,0.0
376845,2025-04-14T21:00:00.000000000,1.306,0.7330000000000001,0.0,0.0,1.283358216284161,0.0
376845,2025-04-14T22:00:00.000000000,1.2690000000000001,0.736,0.0,0.0,0.9348967138493888,0.0
376845,2025-04-14T23:00:00.000000000,1.1400000000000001,0.7069999999999999,0.0,0.0,0.9668414604981611,0.0
376845,2025-04-15T00:00:00.000000000,1.168,0.7390000000000001,0.0,0.0,0.0,0.0
376845,2025-04-15T01:00:00.000000000,1.1340000000000001,0.724,0.0,0.0,0.0,0.0
376845,2025-04-15T02:00:00.000000000,1.149,0.746,0.0,0.0,0.4311075442233389,0.0
376845,2025-04-15T03:00:00.000000000,1.137,0.7370000000000001,0.0,0.0,0.0,0.0
376845,2025-04-15T04:00:00.000000000,1.149,0.75,0.0,0.0,0.4308144731531667,0.0
376845,2025-04-15T05:00:00.000000000,1.123,0.726,0.0,0.0,0.0,0.0
376845,2025-04-15T06:00:00.000000000,1.152,0.7509999999999999,0.0,0.0,0.0,0.0
376845,2025-04-15T07:00:00.000000000,1.2810000000000001,0.8039999999999999,0.0,0.0,0.4311075442233389,0.0
376845,2025-04-15T08:00:00.000000000,1.418,0.899,0.0,0.0,0.0,0.0
376845,2025-04-15T09:00:00.000000000,1.331,0.7670000000000001,0.0,0.0,0.4311075442233389,0.0
376845,2025-04-15T10:00:00.000000000,1.129,0.576,0.0,0.0,0.5055475960470833,0.0
376845,2025-04-15T11:00:00.000000000,1.1780000000000002,0.6180000000000001,0.0,0.0,1.5515182454917444,0.0
376845,2025-04-15T12:00:00.000000000,1.3019999999999998,0.76,0.0,0.0,1.4477710866507776,0.0
376845,2025-04-15T13:00:00.000000000,1.3239999999999998,0.74,0.0,0.0,0.9897010039715946,0.0
376845,2025-04-15T14:00:00.000000000,1.268,0.7330000000000001,0.0,0.0,1.734101522209039,0.0
376845,2025-04-15T15:00:00.000000000,1.073,0.595,0.0,0.0,0.4829811236438222,0.0
376845,2025-04-15T16:00:00.000000000,1.105,0.66,0.0,0.0,0.0,0.0
376845,2025-04-15T17:00:00.000000000,1.604,0.47900000000000004,0.0,0.0,0.43110754422333886,0.0
376845,2025-04-15T18:00:00.000000000,1.12,0.433,0.0,0.0,1.0043545574802055,0.0
376845,2025-04-15T19:00:00.000000000,1.068,0.422,0.0,0.0,0.45543244304763336,0.0
376845,2025-04-15T20:00:00.000000000,1.56,0.449,0.0,0.0,0.9208293024811223,0.0
376845,2025-04-15T21:00:00.000000000,1.175,0.484,0.0,0.0,1.4545117212647387,0.0
376845,2025-04-15T22:00:00.000000000,1.082,0.514,0.0,0.0,0.94163734846335,0.0
376845,2025-04-15T23:00:00.000000000,0.988,0.574,0.0,0.0,1.6573169018239167,0.0
376845,2025-04-16T00:00:00.000000000,1.021,0.6090000000000001,0.0,0.0,0.0,0.0
376845,2025-04-16T01:00:00.000000000,0.983,0.591,0.0,0.0,0.5140466570820778,0.0
376845,2025-04-16T02:00:00.000000000,0.953,0.574,0.0,0.0,0.45543244304763336,0.0
376845,2025-04-16T03:00:00.000000000,0.955,0.577,0.0,0.0,0.4311075442233389,0.0
376845,2025-04-16T04:00:00.000000000,0.963,0.585,0.0,0.0,0.0,0.0
376845,2025-04-16T05:00:00.000000000,0.98,0.602,0.0,0.0,0.0,0.0
376845,2025-04-16T06:00:00.000000000,0.995,0.612,0.0,0.0,0.4311075442233389,0.0
376845,2025-04-16T07:00:00.000000000,1.0350000000000001,0.594,0.0,0.0,0.7860166102019,0.0
376845,2025-04-16T08:00:00.000000000,0.975,0.588,0.0,0.0,0.14682860615628335,0.0
376845,2025-04-16T09:00:00.000000000,1.0030000000000001,0.555,0.0,0.0,0.0,0.0
376845,2025-04-16T10:00:00.000000000,0.949,0.548,0.0,0.0,0.4311075442233389,0.0
376845,2025-04-16T11:00:00.000000000,0.954,0.534,0.0,0.0,1.1781457020923332,0.0
376845,2025-04-16T12:00:00.000000000,0.914,0.536,0.0,0.0,0.0,0.0
376845,2025-04-16T13:00:00.000000000,0.921,0.54,0.0,0.0,0.4311075442233389,0.0
376845,2025-04-16T14:00:00.000000000,0.906,0.526,0.0,0.0,0.4390204631179889,0.0
376845,2025-04-16T15:00:00.000000000,0.912,0.535,0.0,0.0,0.48268805257365,0.0
376845,2025-04-16T16:00:00.000000000,1.009,0.5950000000000001,0.0,0.0,0.43110754422333886,0.0
376845,2025-04-16T17:00:00.000000000,1.3820000000000001,0.49,0.0,0.0,0.0,0.0
376845,2025-04-16T18:00:00.000000000,1.005,0.45999999999999996,0.0,0.0,0.0,0.0
376845,2025-04-16T19:00:00.000000000,1.518,0.427,0.0,0.0,0.8915221954639001,0.0
376845,2025-04-16T20:00:00.000000000,1.169,0.496,0.0,0.0,0.0,0.0
376845,2025-04-16T21:00:00.000000000,1.106,0.559,0.0,0.0,2.2894712001854,0.0
376845,2025-04-16T22:00:00.000000000,1.012,0.554,0.0,0.0,1.7338084511388667,0.0
376845,2025-04-16T23:00:00.000000000,0.929,0.543,0.0,0.0,0.45543244304763336,0.0
376845,2025-04-17T00:00:00.000000000,1.033,0.6200000000000001,0.0,0.0,0.4311075442233389,0.0
376845,2025-04-17T01:00:00.000000000,0.99,0.597,0.0,0.0,0.0,0.0
376845,2025-04-17T02:00:00.000000000,0.969,0.587,0.0,0.0,0.4311075442233389,0.0
376845,2025-04-17T03:00:00.000000000,0.967,0.586,0.0,0.0,0.0,0.0
376845,2025-04-17T04:00:00.000000000,0.983,0.604,0.0,0.0,0.4311075442233389,0.0
376845,2025-04-17T05:00:00.000000000,0.997,0.616,0.0,0.0,0.0,0.0
376845,2025-04-17T06:00:00.000000000,1.085,0.614,0.0,0.0,0.4914801846788167,0.0
376845,2025-04-17T07:00:00.000000000,1.114,0.595,0.0,0.0,2.1596407160991054,0.0
376845,2025-04-17T08:00:00.000000000,1.024,0.555,0.0,0.0,0.4914801846788167,0.0
376845,2025-04-17T09:00:00.000000000,0.99,0.524,0.0,0.0,0.9841326536383221,0.0
376845,2025-04-17T10:00:00.000000000,0.899,0.44599999999999995,0.0,0.0,0.9870633643400444,0.0
376845,2025-04-17T11:00:00.000000000,0.7469999999999999,0.313,0.0,0.0,1.8903084026108334,0.0
376845,2025-04-17T12:00:00.000000000,0.669,0.235,0.0,0.0,2.897593670792761,0.0
376845,2025-04-17T13:00:00.000000000,0.589,0.22100000000000003,0.0,0.0,0.9982000650065889,0.0
376845,2025-04-17T14:00:00.000000000,0.511,0.17300000000000001,0.0,0.0,0.5134605149417334,0.0
376845,2025-04-17T15:00:00.000000000,0.43100000000000005,0.10099999999999999,0.0,0.0,0.4311075442233389,0.0
376845,2025-04-17T16:00:00.000000000,0.446,0.092,0.0,0.0,0.45543244304763336,0.0
376845,2025-04-17T17:00:00.000000000,0.41500000000000004,0.042,0.0,0.0,0.0,0.0
376845,2025-04-17T18:00:00.000000000,0.56,0.0,0.0,0.0,0.9322590742178389,0.0
376845,2025-04-17T19:00:00.000000000,0.613,0.012,0.0,0.0,0.0,0.0
376845,2025-04-17T20:00:00.000000000,2.141,0.0,0.0,0.0,1.8472269552955165,0.0
376845,2025-04-17T21:00:00.000000000,1.29,0.115,0.0,0.0,0.7968602397982721,0.0
376845,2025-04-17T22:00:00.000000000,0.7350000000000001,0.251,0.0,0.0,0.48268805257365,0.0
376845,2025-04-17T23:00:00.000000000,0.638,0.28700000000000003,0.0,0.0,0.48268805257365,0.0
376845,2025-04-18T00:00:00.000000000,0.7849999999999999,0.39899999999999997,0.0,0.0,0.0,0.0
376845,2025-04-18T01:00:00.000000000,0.846,0.469,0.0,0.0,0.45513937197746107,0.0
376845,2025-04-18T02:00:00.000000000,0.9209999999999999,0.543,0.0,0.0,0.9680137447788499,0.0
376845,2025-04-18T03:00:00.000000000,0.962,0.583,0.0,0.0,0.0,0.0
376845,2025-04-18T04:00:00.000000000,1.316,0.7070000000000001,0.0,0.0,0.4311075442233389,0.0
376845,2025-04-18T05:00:00.000000000,2.934,0.7510000000000001,0.0,0.0,0.0,0.0
376845,2025-04-18T06:00:00.000000000,1.635,1.0430000000000001,0.0,0.0,0.4311075442233389,0.0
376845,2025-04-18T07:00:00.000000000,1.4689999999999999,0.981,0.0,0.0,0.0,0.0
376845,2025-04-18T08:00:00.000000000,1.114,0.65,0.0,0.0,1.5981165456491278,0.0
376845,2025-04-18T09:00:00.000000000,0.887,0.511,0.0,0.0,1.529537915228828,0.0
376845,2025-04-18T10:00:00.000000000,0.883,0.51,0.0,0.0,0.48239498150347776,0.0
376845,2025-04-18T11:00:00.000000000,0.8069999999999999,0.444,0.0,0.0,0.4311075442233389,0.0
376845,2025-04-18T12:00:00.000000000,0.784,0.42,0.0,0.0,0.0,0.0
376845,2025-04-18T13:00:00.000000000,0.8220000000000001,0.45,0.0,0.0,0.0,0.0
376845,2025-04-18T14:00:00.000000000,0.845,0.47,0.0,0.0,0.4311075442233389,0.0
376845,2025-04-18T15:00:00.000000000,0.896,0.52,0.0,0.0,0.0,0.0
376845,2025-04-18T16:00:00.000000000,0.92,0.495,0.0,0.0,0.4311075442233389,0.0
376845,2025-04-18T17:00:00.000000000,0.9119999999999999,0.41600000000000004,0.0,0.0,0.0,0.0
376845,2025-04-18T18:00:00.000000000,0.885,0.382,0.0,0.0,0.0,0.0
376845,2025-04-18T19:00:00.000000000,0.987,0.35,0.0,0.0,0.9328452163581833,0.0
376845,2025-04-18T20:00:00.000000000,1.026,0.40099999999999997,0.0,0.0,0.0,0.0
376845,2025-04-18T21:00:00.000000000,1.0990000000000002,0.518,0.0,0.0,1.5732055046844888,0.0
376845,2025-04-18T22:00:00.000000000,1.0990000000000002,0.586,0.0,0.0,1.8146960665064,0.0
376845,2025-04-18T23:00:00.000000000,1.04,0.6,0.0,0.0,0.4311075442233389,0.0
376845,2025-04-19T00:00:00.000000000,1.114,0.6910000000000001,0.0,0.0,0.9445680591650722,0.0
376845,2025-04-19T01:00:00.000000000,1.089,0.685,0.0,0.0,0.0,0.0
376845,2025-04-19T02:00:00.000000000,1.082,0.686,0.0,0.0,0.10726401168303333,0.0
376845,2025-04-19T03:00:00.000000000,1.135,0.732,0.0,0.0,0.32384353254030557,0.0
376845,2025-04-19T04:00:00.000000000,1.412,0.966,0.0,0.0,0.0,0.0
376845,2025-04-19T05:00:00.000000000,1.508,1.0510000000000002,0.0,0.0,0.4311075442233389,0.0
376845,2025-04-19T06:00:00.000000000,1.596,1.122,0.0,0.0,0.062424137946683333,0.0
376845,2025-04-19T07:00:00.000000000,1.576,1.048,0.0,0.0,0.49968617464363885,0.0
376845,2025-04-19T08:00:00.000000000,1.1720000000000002,0.681,0.0,0.0,0.9014866118497555,0.0
376845,2025-04-19T09:00:00.000000000,1.021,0.552,0.0,0.0,0.5711955157656612,0.0
376845,2025-04-19T10:00:00.000000000,0.947,0.488,0.0,0.0,0.4311075442233389,0.0
376845,2025-04-19T11:00:00.000000000,0.829,0.385,0.0,0.0,0.0,0.0
376845,2025-04-19T12:00:00.000000000,0.734,0.294,0.0,0.0,0.4821019104333056,0.0
376845,2025-04-19T13:00:00.000000000,0.615,0.22599999999999998,0.0,0.0,0.0,0.0
376845,2025-04-19T14:00:00.000000000,0.664,0.252,0.0,0.0,0.9372412824107667,0.0
376845,2025-04-19T15:00:00.000000000,0.655,0.262,0.0,0.0,0.9683068158490222,0.0
376845,2025-04-19T16:00:00.000000000,0.7049999999999998,0.236,0.0,0.0,0.0,0.0
376845,2025-04-19T17:00:00.000000000,0.617,0.22699999999999998,0.0,0.0,0.07854304680615556,0.0
376845,2025-04-19T18:00:00.000000000,1.2959999999999998,0.167,0.0,0.0,0.3525644974171834,0.0
376845,2025-04-19T19:00:00.000000000,0.917,0.21699999999999997,0.0,0.0,0.0,0.0
376845,2025-04-19T20:00:00.000000000,0.852,0.33899999999999997,0.0,0.0,0.45543244304763336,0.0
376845,2025-04-19T21:00:00.000000000,0.958,0.425,0.0,0.0,0.5128743728013889,0.0
376845,2025-04-19T22:00:00.000000000,1.199,0.69,0.0,0.0,0.8862469162008,0.0
376845,2025-04-19T23:00:00.000000000,1.4049999999999998,0.95,0.0,0.0,0.5468706169413667,0.0
376845,2025-04-20T00:00:00.000000000,1.5699999999999998,1.076,0.0,0.0,0.48649797648588883,0.0
376845,2025-04-20T01:00:00.000000000,1.609,1.1230000000000002,0.0,0.0,0.08645596570080555,0.0
376845,2025-04-20T02:00:00.000000000,1.601,1.124,0.0,0.0,0.6934061520274777,0.0
376845,2025-04-20T03:00:00.000000000,1.6,1.124,0.0,0.0,0.5219595759767277,0.0
376845,2025-04-20T04:00:00.000000000,1.597,1.124,0.0,0.0,1.2478966167933223,0.0
376845,2025-04-20T05:00:00.000000000,1.596,1.124,0.0,0.0,1.0093367656731331,0.0
376845,2025-04-20T06:00:00.000000000,1.6409999999999998,1.124,0.0,0.0,1.1215829855490944,0.0
376845,2025-04-20T07:00:00.000000000,1.659,1.124,0.0,0.0,1.573205504684489,0.0
376845,2025-04-20T08:00:00.000000000,1.604,1.124,0.0,0.0,0.6632198317997389,0.0
376845,2025-04-20T09:00:00.000000000,1.657,1.113,0.0,0.0,0.5474567590817111,0.0
376845,2025-04-20T10:00:00.000000000,1.478,0.985,0.0,0.0,0.8953321193761389,0.0
376845,2025-04-20T11:00:00.000000000,1.191,0.7810000000000001,0.0,0.0,1.6426633483153057,0.0
376845,2025-04-20T12:00:00.000000000,1.026,0.635,0.0,0.0,0.0316516755786,0.0
376845,2025-04-20T13:00:00.000000000,0.95,0.548,0.0,0.0,0.45513937197746107,0.0
376845,2025-04-20T14:00:00.000000000,0.849,0.43899999999999995,0.0,0.0,0.45513937197746107,0.0
376845,2025-04-20T15:00:00.000000000,0.7130000000000001,0.354,0.0,0.0,0.0,0.0
376845,2025-04-20T16:00:00.000000000,0.7609999999999999,0.375,0.0,0.0,0.4311075442233389,0.0
376845,2025-04-20T17:00:00.000000000,0.6910000000000001,0.315,0.0,0.0,0.0,0.0
376845,2025-04-20T18:00:00.000000000,0.7429999999999999,0.306,0.0,0.0,0.9642038208666112,0.0
376845,2025-04-20T19:00:00.000000000,0.859,0.352,0.0,0.0,0.4311075442233389,0.0
376845,2025-04-20T20:00:00.000000000,0.987,0.45899999999999996,0.0,0.0,0.0,0.0
376845,2025-04-20T21:00:00.000000000,1.204,0.5780000000000001,0.0,0.0,0.9768058768840167,0.0
376845,2025-04-20T22:00:00.000000000,1.236,0.7050000000000001,0.0,0.0,0.0,0.0
376845,2025-04-20T23:00:00.000000000,1.285,0.814,0.0,0.0,0.9559978309017889,0.0
376845,2025-04-21T00:00:00.000000000,1.493,1.021,0.0,0.0,0.47477513367900004,0.0
376845,2025-04-21T01:00:00.000000000,1.5819999999999999,1.113,0.0,0.0,0.43110754422333886,0.0
376845,2025-04-21T02:00:00.000000000,1.606,1.1389999999999998,0.0,0.0,0.0,0.0
376845,2025-04-21T03:00:00.000000000,1.5630000000000002,1.106,0.0,0.0,0.45513937197746107,0.0
376845,2025-04-21T04:00:00.000000000,1.623,1.155,0.0,0.0,0.5503874697834333,0.0
376845,2025-04-21T05:00:00.000000000,1.644,1.172,0.0,0.0,0.7379529546936556,0.0
376845,2025-04-21T06:00:00.000000000,1.661,1.172,0.0,0.0,0.7288677515183167,0.0
376845,2025-04-21T07:00:00.000000000,1.7169999999999999,1.1829999999999998,0.0,0.0,1.7059666994725056,0.0
376845,2025-04-21T08:00:00.000000000,1.483,1.0310000000000001,0.0,0.0,1.2511203985652166,0.0
376845,2025-04-21T09:00:00.000000000,1.205,0.7910000000000001,0.0,0.0,0.0,0.0
376845,2025-04-21T10:00:00.000000000,1.111,0.653,0.0,0.0,0.9322590742178389,0.0
376845,2025-04-21T11:00:00.000000000,0.968,0.508,0.0,0.0,0.0,0.0
376845,2025-04-21T12:00:00.000000000,0.869,0.397,0.0,0.0,0.4311075442233389,0.0
376845,2025-04-21T13:00:00.000000000,0.852,0.319,0.0,0.0,0.0,0.0
376845,2025-04-21T14:00:00.000000000,0.7809999999999999,0.26,0.0,0.0,0.0,0.0
376845,2025-04-21T15:00:00.000000000,0.7449999999999999,0.21999999999999997,0.0,0.0,1.432531391001822,0.0
376845,2025-04-21T16:00:00.000000000,2.085,0.085,0.0,0.0,0.4891356161174389,0.0
376845,2025-04-21T17:00:00.000000000,0.7490000000000001,0.161,0.0,0.0,0.9773920190243612,0.0
376845,2025-04-21T18:00:00.000000000,0.992,0.107,0.0,0.0,0.0,0.0
376845,2025-04-21T19:00:00.000000000,0.766,0.15000000000000002,0.0,0.0,1.9881941400483556,0.0
376845,2025-04-21T20:00:00.000000000,0.846,0.206,0.0,0.0,0.4311075442233389,0.0
376845,2025-04-21T21:00:00.000000000,0.99,0.355,0.0,0.0,0.5119951595908723,0.0
376845,2025-04-21T22:00:00.000000000,0.941,0.445,0.0,0.0,0.45513937197746107,0.0
376845,2025-04-21T23:00:00.000000000,0.959,0.52,0.0,0.0,1.1423910315313224,0.0
376845,2025-04-22T00:00:00.000000000,1.028,0.6050000000000001,0.0,0.0,0.48239498150347776,0.0
376845,2025-04-22T01:00:00.000000000,0.988,0.595,0.0,0.0,0.43110754422333886,0.0
376845,2025-04-22T02:00:00.000000000,1.016,0.627,0.0,0.0,0.0,0.0
376845,2025-04-22T03:00:00.000000000,1.137,0.735,0.0,0.0,0.45513937197746107,0.0
376845,2025-04-22T04:00:00.000000000,1.145,0.7450000000000001,0.0,0.0,0.0,0.0
376845,2025-04-22T05:00:00.000000000,1.088,0.696,0.0,0.0,0.4311075442233389,0.0
376845,2025-04-22T06:00:00.000000000,1.11,0.7010000000000001,0.0,0.0,0.0,0.0
376845,2025-04-22T07:00:00.000000000,1.718,0.607,0.0,0.0,0.0,0.0
376845,2025-04-22T08:00:00.000000000,1.5610000000000004,0.511,0.0,0.0,0.4311075442233389,0.0
376845,2025-04-22T09:00:00.000000000,0.88,0.426,0.0,0.0,0.0,0.0
376845,2025-04-22T10:00:00.000000000,0.844,0.396,0.0,0.0,0.2939502833827389,0.0
376845,2025-04-22T11:00:00.000000000,0.782,0.342,0.0,0.0,0.14477710866507779,0.0
376845,2025-04-22T12:00:00.000000000,0.815,0.307,0.0,0.0,0.4311075442233389,0.0
376845,2025-04-22T13:00:00.000000000,1.2120000000000002,0.274,0.0,0.0,0.0,0.0
376845,2025-04-22T14:00:00.000000000,0.9630000000000001,0.42299999999999993,0.0,0.0,0.4815157682929611,0.0
376845,2025-04-22T15:00:00.000000000,1.2169999999999999,0.645,0.0,0.0,0.45513937197746107,0.0
376845,2025-04-22T16:00:00.000000000,1.206,0.596,0.0,0.0,0.0,0.0
376845,2025-04-22T17:00:00.000000000,1.09,0.471,0.0,0.0,2.1092324920294834,0.0
376845,2025-04-22T18:00:00.000000000,1.806,0.359,0.0,0.0,0.0,0.0
376845,2025-04-22T19:00:00.000000000,1.022,0.384,0.0,0.0,0.4815157682929611,0.0
376845,2025-04-22T20:00:00.000000000,1.076,0.414,0.0,0.0,0.4815157682929611,0.0
376845,2025-04-22T21:00:00.000000000,1.092,0.447,0.0,0.0,0.4815157682929611,0.0
376845,2025-04-22T22:00:00.000000000,0.989,0.487,0.0,0.0,0.4311075442233389,0.0
376845,2025-04-22T23:00:00.000000000,0.943,0.534,0.0,0.0,1.259619459600211,0.0
376845,2025-04-23T00:00:00.000000000,1.037,0.6250000000000001,0.0,0.0,0.4548463009072889,0.0
376845,2025-04-23T01:00:00.000000000,1.046,0.646,0.0,0.0,0.44400267131091664,0.0
376845,2025-04-23T02:00:00.000000000,1.248,0.826,0.0,0.0,0.0,0.0
376845,2025-04-23T03:00:00.000000000,1.472,1.016,0.0,0.0,0.4311075442233389,0.0
376845,2025-04-23T04:00:00.000000000,1.582,1.112,0.0,0.0,0.03634081270135556,0.0
376845,2025-04-23T05:00:00.000000000,1.6110000000000002,1.124,0.0,0.0,1.3106138258101776,0.0
376845,2025-04-23T06:00:00.000000000,1.646,1.124,0.0,0.0,1.3059246886874223,0.0
376845,2025-04-23T07:00:00.000000000,1.68,1.124,0.0,0.0,1.3686418977042778,0.0
376845,2025-04-23T08:00:00.000000000,2.071,1.098,0.0,0.0,0.5023238142751889,0.0
376845,2025-04-23T09:00:00.000000000,1.643,1.1030000000000002,0.0,0.0,1.3528160599149777,0.0
376845,2025-04-23T10:00:00.000000000,1.604,1.124,0.0,0.0,0.4407788895390222,0.0
376845,2025-04-23T11:00:00.000000000,1.6019999999999999,1.124,0.0,0.0,1.880343986224978,0.0
376845,2025-04-23T12:00:00.000000000,1.471,1.0150000000000001,0.0,0.0,0.5202011495556945,0.0
376845,2025-04-23T13:00:00.000000000,1.116,0.7120000000000001,0.0,0.0,0.32384353254030557,0.0
376845,2025-04-23T14:00:00.000000000,0.966,0.581,0.0,0.0,0.10726401168303333,0.0
376845,2025-04-23T15:00:00.000000000,0.841,0.471,0.0,0.0,0.0,0.0
376845,2025-04-23T16:00:00.000000000,0.856,0.43700000000000006,0.0,0.0,0.4311075442233389,0.0
376845,2025-04-23T17:00:00.000000000,1.17,0.27799999999999997,0.0,0.0,0.0,0.0
376845,2025-04-23T18:00:00.000000000,0.783,0.259,0.0,0.0,0.4311075442233389,0.0
376845,2025-04-23T19:00:00.000000000,0.879,0.252,0.0,0.0,0.0,0.0
376845,2025-04-23T20:00:00.000000000,1.024,0.368,0.0,0.0,0.4311075442233389,0.0
376845,2025-04-23T21:00:00.000000000,1.583,0.454,0.0,0.0,0.9337244295686999,0.0
376845,2025-04-23T22:00:00.000000000,1.125,0.528,0.0,0.0,3.1001057802817664,0.0
376845,2025-04-23T23:00:00.000000000,1.0110000000000001,0.5930000000000001,0.0,0.0,0.5046683828365667,0.0
376845,2025-04-24T00:00:00.000000000,1.146,0.7190000000000001,0.0,0.0,1.0547627815498277,0.0
376845,2025-04-24T01:00:00.000000000,1.202,0.784,0.0,0.0,0.4311075442233389,0.0
376845,2025-04-24T02:00:00.000000000,1.4049999999999998,0.967,0.0,0.0,0.0,0.0
376845,2025-04-24T03:00:00.000000000,1.577,1.112,0.0,0.0,0.45396708769677224,0.0
376845,2025-04-24T04:00:00.000000000,1.604,1.132,0.0,0.0,0.34699614708391113,0.0
376845,2025-04-24T05:00:00.000000000,1.6190000000000002,1.134,0.0,0.0,0.9940970700241778,0.0
376845,2025-04-24T06:00:00.000000000,1.61,1.132,0.0,0.0,1.037764659479839,0.0
376845,2025-04-24T07:00:00.000000000,1.6050000000000002,1.109,0.0,0.0,0.6365503644140666,0.0
376845,2025-04-24T08:00:00.000000000,1.229,0.73,0.0,0.0,1.0046476285503778,0.0
376845,2025-04-24T09:00:00.000000000,0.9059999999999999,0.529,0.0,0.0,1.0307309537957057,0.0
376845,2025-04-24T10:00:00.000000000,0.798,0.35500000000000004,0.0,0.0,0.9662553183578166,0.0
376845,2025-04-24T11:00:00.000000000,0.619,0.23399999999999999,0.0,0.0,0.0,0.0
376845,2025-04-24T12:00:00.000000000,0.501,0.165,0.0,0.0,0.45455322983711666,0.0
376845,2025-04-24T13:00:00.000000000,0.452,0.12,0.0,0.0,0.4311075442233389,0.0
376845,2025-04-24T14:00:00.000000000,0.427,0.097,0.0,0.0,1.6851586534902778,0.0
376845,2025-04-24T15:00:00.000000000,0.368,0.045,0.0,0.0,0.9146748100075055,0.0
376845,2025-04-24T16:00:00.000000000,0.355,0.008,0.0,0.0,0.0,0.0
376845,2025-04-24T17:00:00.000000000,0.338,0.0,0.0,0.0,0.0,0.0
376845,2025-04-24T18:00:00.000000000,0.402,0.0,0.0,0.0,0.4311075442233389,0.0
376845,2025-04-24T19:00:00.000000000,0.5670000000000001,0.0,0.0,0.0,0.9674276026385056,0.0
376845,2025-04-24T20:00:00.000000000,0.618,0.0,0.0,0.0,1.0374715884096666,0.0
376845,2025-04-24T21:00:00.000000000,0.69,0.05,0.0,0.0,0.9897010039715944,0.0
376845,2025-04-24T22:00:00.000000000,0.5810000000000001,0.121,0.0,0.0,0.0,0.0
376845,2025-04-24T23:00:00.000000000,0.605,0.19999999999999998,0.0,0.0,0.4548463009072889,0.0
376845,2025-04-25T00:00:00.000000000,0.7650000000000001,0.359,0.0,0.0,1.328198090020511,0.0
376845,2025-04-25T01:00:00.000000000,0.7249999999999999,0.363,0.0,0.0,0.43110754422333886,0.0
376845,2025-04-25T02:00:00.000000000,0.738,0.382,0.0,0.0,0.0,0.0
376845,2025-04-25T03:00:00.000000000,0.814,0.452,0.0,0.0,0.0,0.0
376845,2025-04-25T04:00:00.000000000,0.886,0.517,0.0,0.0,0.4311075442233389,0.0
376845,2025-04-25T05:00:00.000000000,0.9380000000000001,0.561,0.0,0.0,0.4311075442233389,0.0
376845,2025-04-25T06:00:00.000000000,1.018,0.554,0.0,0.0,2.0863729485560505,0.0
376845,2025-04-25T07:00:00.000000000,1.508,0.355,0.0,0.0,1.1292028333735722,0.0
376845,2025-04-25T08:00:00.000000000,0.8280000000000001,0.145,0.0,0.0,0.9826672982874611,0.0
376845,2025-04-25T09:00:00.000000000,0.521,0.024999999999999998,0.0,0.0,0.4311075442233389,0.0
376845,2025-04-25T10:00:00.000000000,0.405,0.0,0.0,0.0,0.4803434840122723,0.0
376845,2025-04-25T11:00:00.000000000,0.404,0.0,0.0,0.0,0.0,0.0
376845,2025-04-25T12:00:00.000000000,0.407,0.0,0.0,0.0,1.72765395866525,0.0
376845,2025-04-25T13:00:00.000000000,0.408,0.0,0.0,0.0,0.8390624739030723,0.0
376845,2025-04-25T14:00:00.000000000,0.38400000000000006,0.0,0.0,0.0,0.8856607740604556,0.0
376845,2025-04-25T15:00:00.000000000,0.317,0.0,0.0,0.0,0.0,0.0
376845,2025-04-25T16:00:00.000000000,0.421,0.0,0.0,0.0,0.4311075442233389,0.0
376845,2025-04-25T17:00:00.000000000,0.393,0.0,0.0,0.0,0.9647899630069556,0.0
376845,2025-04-25T18:00:00.000000000,0.402,0.0,0.0,0.0,1.1500108793558002,0.0
376845,2025-04-25T19:00:00.000000000,0.687,0.0,0.0,0.0,1.06824405077775,0.0
376845,2025-04-25T20:00:00.000000000,2.66,0.0,0.0,0.0,1.3616081920201444,0.0
376845,2025-04-25T21:00:00.000000000,1.6029999999999998,0.0,0.0,0.0,0.4311075442233389,0.0
376845,2025-04-25T22:00:00.000000000,0.51,0.0,0.0,0.0,0.8062385140437833,0.0
376845,2025-04-25T23:00:00.000000000,0.398,0.015,0.0,0.0,1.1588030114609666,0.0
376845,2025-04-26T00:00:00.000000000,0.527,0.156,0.0,0.0,1.5951858349474055,0.0
376845,2025-04-26T01:00:00.000000000,0.46099999999999997,0.123,0.0,0.0,0.4311075442233389,0.0
376845,2025-04-26T02:00:00.000000000,0.46,0.131,0.0,0.0,0.0,0.0
376845,2025-04-26T03:00:00.000000000,0.53,0.19599999999999998,0.0,0.0,0.4311075442233389,0.0
376845,2025-04-26T04:00:00.000000000,0.625,0.28500000000000003,0.0,0.0,0.9929247857434889,0.0
376845,2025-04-26T05:00:00.000000000,0.621,0.275,0.0,0.0,0.5034960985558777,0.0
376845,2025-04-26T06:00:00.000000000,0.6990000000000001,0.297,0.0,0.0,0.9545324755509279,0.0
376845,2025-04-26T07:00:00.000000000,0.655,0.237,0.0,0.0,0.9867702932698723,0.0
376845,2025-04-26T08:00:00.000000000,0.579,0.155,0.0,0.0,1.8047316501205444,0.0
376845,2025-04-26T09:00:00.000000000,0.484,0.069,0.0,0.0,0.9387066377616279,0.0
376845,2025-04-26T10:00:00.000000000,0.427,0.022000000000000002,0.0,0.0,1.0040614864100335,0.0
376845,2025-04-26T11:00:00.000000000,0.423,0.019,0.0,0.0,2.240528331466639,0.0
376845,2025-04-26T12:00:00.000000000,0.42200000000000004,0.033,0.0,0.0,1.3912083701075388,0.0
376845,2025-04-26T13:00:00.000000000,0.407,0.04,0.0,0.0,0.5108228753101833,0.0
376845,2025-04-26T14:00:00.000000000,0.405,0.0,0.0,0.0,0.48972175825778336,0.0
376845,2025-04-26T15:00:00.000000000,0.317,0.0,0.0,0.0,1.4457195891595722,0.0
376845,2025-04-26T16:00:00.000000000,0.371,0.0,0.0,0.0,0.0,0.0
376845,2025-04-26T17:00:00.000000000,0.453,0.0,0.0,0.0,1.9401304845401113,0.0
376845,2025-04-26T18:00:00.000000000,0.464,0.0,0.0,0.0,0.45455322983711666,0.0
376845,2025-04-26T19:00:00.000000000,0.468,0.0,0.0,0.0,0.0,0.0
376845,2025-04-26T20:00:00.000000000,0.492,0.013000000000000001,0.0,0.0,0.0,0.0
376845,2025-04-26T21:00:00.000000000,0.683,0.042,0.0,0.0,1.4524602237735333,0.0
376845,2025-04-26T22:00:00.000000000,0.64,0.069,0.0,0.0,0.4809296261526167,0.0
376845,2025-04-26T23:00:00.000000000,0.6150000000000001,0.187,0.0,0.0,0.4809296261526167,0.0
376845,2025-04-27T00:00:00.000000000,0.829,0.426,0.0,0.0,0.0,0.0
376845,2025-04-27T01:00:00.000000000,1.007,0.611,0.0,0.0,0.4806365550824444,0.0
376845,2025-04-27T02:00:00.000000000,1.405,0.9580000000000001,0.0,0.0,0.4311075442233389,0.0
376845,2025-04-27T03:00:00.000000000,1.6,1.124,0.0,0.0,0.25497183104983334,0.0
376845,2025-04-27T04:00:00.000000000,1.597,1.124,0.0,0.0,0.8027216612017166,0.0
376845,2025-04-27T05:00:00.000000000,1.592,1.12,0.0,0.0,1.8955836818739331,0.0
376845,2025-04-27T06:00:00.000000000,1.581,1.11,0.0,0.0,2.535943970200239,0.0
376845,2025-04-27T07:00:00.000000000,1.6769999999999998,1.101,0.0,0.0,3.7577572617482335,0.0
376845,2025-04-27T08:00:00.000000000,1.761,1.105,0.0,0.0,3.578983908943178,0.0
376845,2025-04-27T09:00:00.000000000,1.668,1.0990000000000002,0.0,0.0,4.818381464701506,0.0
376845,2025-04-27T10:00:00.000000000,1.661,1.096,0.0,0.0,3.7507235560641,0.0
376845,2025-04-27T11:00:00.000000000,1.664,1.1,0.0,0.0,3.4564802016111886,0.0
376845,2025-04-27T12:00:00.000000000,1.689,1.098,0.0,0.0,3.9593901580267223,0.0
376845,2025-04-27T13:00:00.000000000,1.596,1.1150000000000002,0.0,0.0,2.9723267936866775,0.0
376845,2025-04-27T14:00:00.000000000,0.935,0.546,0.0,0.0,1.1620267932328612,0.0
376845,2025-04-27T15:00:00.000000000,0.395,0.07,0.0,0.0,0.4311075442233389,0.0
376845,2025-04-27T16:00:00.000000000,0.6559999999999999,0.018000000000000002,0.0,0.0,0.44488188452143335,0.0
376845,2025-04-27T17:00:00.000000000,1.127,0.0,0.0,0.0,0.0,0.0
376845,2025-04-27T18:00:00.000000000,0.765,0.0,0.0,0.0,0.4311075442233389,0.0
376845,2025-04-27T19:00:00.000000000,0.599,0.0,0.0,0.0,0.0,0.0
376845,2025-04-27T20:00:00.000000000,0.586,0.003,0.0,0.0,0.4311075442233389,0.0
376845,2025-04-27T21:00:00.000000000,0.5630000000000001,0.06999999999999999,0.0,0.0,0.9847187957786666,0.0
376845,2025-04-27T22:00:00.000000000,0.586,0.126,0.0,0.0,1.0368854462693222,0.0
376845,2025-04-27T23:00:00.000000000,0.545,0.175,0.0,0.0,0.45455322983711666,0.0
376845,2025-04-28T00:00:00.000000000,0.7130000000000001,0.33799999999999997,0.0,0.0,0.0,0.0
376845,2025-04-28T01:00:00.000000000,0.6960000000000001,0.338,0.0,0.0,0.4311075442233389,0.0
376845,2025-04-28T02:00:00.000000000,0.698,0.347,0.0,0.0,0.0,0.0
376845,2025-04-28T03:00:00.000000000,0.7390000000000001,0.386,0.0,0.0,0.0,0.0
376845,2025-04-28T04:00:00.000000000,0.7229999999999999,0.375,0.0,0.0,0.4311075442233389,0.0
376845,2025-04-28T05:00:00.000000000,0.69,0.345,0.0,0.0,0.0,0.0
376845,2025-04-28T06:00:00.000000000,0.712,0.361,0.0,0.0,0.3039146997685944,0.0
376845,2025-04-28T07:00:00.000000000,0.646,0.298,0.0,0.0,0.12689977338457223,0.0
376845,2025-04-28T08:00:00.000000000,0.497,0.13999999999999999,0.0,0.0,0.93108678993715,0.0
376845,2025-04-28T09:00:00.000000000,0.339,0.018000000000000002,0.0,0.0,0.0,0.0
376845,2025-04-28T10:00:00.000000000,0.7929999999999999,0.0,0.0,0.0,0.0,0.0
376845,2025-04-28T11:00:00.000000000,0.404,0.0,0.0,0.0,0.4311075442233389,0.0
376845,2025-04-28T12:00:00.000000000,0.473,0.0,0.0,0.0,0.0,0.0
376845,2025-04-28T13:00:00.000000000,0.504,0.0,0.0,0.006,0.0,0.0
376845,2025-04-28T14:00:00.000000000,0.534,0.0,0.0,0.036,0.9290352924459444,0.0
376845,2025-04-28T15:00:00.000000000,0.562,0.0,0.0,0.052,0.9691860290595389,0.0
376845,2025-04-28T16:00:00.000000000,0.867,0.0,0.0,0.101,0.4308144731531667,0.0
376845,2025-04-28T17:00:00.000000000,1.343,0.0,0.0,0.13499999999999998,0.0,0.0
376845,2025-04-28T18:00:00.000000000,0.679,0.0,0.0,0.07400000000000001,1.0105090499538223,0.0
376845,2025-04-28T19:00:00.000000000,0.673,0.0,0.0,0.062,1.4093787764582166,0.0
376845,2025-04-28T20:00:00.000000000,0.648,0.0,0.0,0.027,0.0,0.0
376845,2025-04-28T21:00:00.000000000,0.718,0.0,0.0,0.0,1.4562701476857722,0.0
376845,2025-04-28T22:00:00.000000000,0.7530000000000001,0.0,0.0,0.0,3.118569257702617,0.0
376845,2025-04-28T23:00:00.000000000,0.35900000000000004,0.0,0.0,0.0,0.4311075442233389,0.0
376845,2025-04-29T00:00:00.000000000,0.34099999999999997,0.0,0.0,0.0,0.4803434840122722,0.0
376845,2025-04-29T01:00:00.000000000,0.324,0.0,0.0,0.0,0.44341652917057217,0.0
376845,2025-04-29T02:00:00.000000000,0.32,0.006,0.0,0.0,0.0,0.0
376845,2025-04-29T03:00:00.000000000,0.365,0.047999999999999994,0.0,0.0,0.0,0.0
376845,2025-04-29T04:00:00.000000000,0.372,0.056,0.0,0.0,0.4311075442233389,0.0
376845,2025-04-29T05:00:00.000000000,0.643,0.101,0.0,0.0,0.8299772707277333,0.0
376845,2025-04-29T06:00:00.000000000,0.619,0.129,0.0,0.0,2.2226509961861334,0.0
376845,2025-04-29T07:00:00.000000000,0.40900000000000003,0.012,0.0,0.0,0.9747543793928111,0.0
376845,2025-04-29T08:00:00.000000000,1.032,0.002,0.0,0.0,0.45719086946866666,0.0
376845,2025-04-29T09:00:00.000000000,1.4130000000000003,0.0,0.0,0.008,0.0,0.0
376845,2025-04-29T10:00:00.000000000,0.405,0.0,0.0,0.0,0.4311075442233389,0.0
376845,2025-04-29T11:00:00.000000000,0.488,0.0,0.0,0.0,1.6669882471396003,0.0
376845,2025-04-29T12:00:00.000000000,0.9060000000000001,0.0,0.0,0.0,0.7883611787632778,0.0
376845,2025-04-29T13:00:00.000000000,0.496,0.0,0.0,0.0,0.7162656955009111,0.0
376845,2025-04-29T14:00:00.000000000,0.471,0.0,0.0,0.0,1.15792379825045,0.0
376845,2025-04-29T15:00:00.000000000,0.407,0.0,0.0,0.0,0.0,0.0
376845,2025-04-29T16:00:00.000000000,0.543,0.0,0.0,0.0,0.4539670876967722,0.0
376845,2025-04-29T17:00:00.000000000,0.6190000000000001,0.0,0.0,0.044,0.4308144731531667,0.0
376845,2025-04-29T18:00:00.000000000,1.006,0.35000000000000003,0.0,0.018,0.4311075442233389,0.0
376845,2025-04-29T19:00:00.000000000,1.73,1.068,0.0,0.0,3.8415755878174886,0.0
376845,2025-04-29T20:00:00.000000000,1.8090000000000002,1.066,0.0,0.0,3.7293293679415274,0.0
376845,2025-04-29T21:00:00.000000000,1.7109999999999999,1.064,0.0,0.0,3.6332020569250387,0.0
376845,2025-04-29T22:00:00.000000000,1.641,1.058,0.0,0.0,4.537033237336171,0.0
376845,2025-04-29T23:00:00.000000000,1.539,1.054,0.0,0.0,4.947625806647455,0.0
376845,2025-04-30T00:00:00.000000000,1.568,1.064,0.0,0.0,4.705256031615027,0.0
376845,2025-04-30T01:00:00.000000000,1.556,1.07,0.0,0.0,4.798745702999967,0.0
376845,2025-04-30T02:00:00.000000000,1.545,1.068,0.0,0.0,4.3837570676361,0.0
376845,2025-04-30T03:00:00.000000000,1.5410000000000001,1.068,0.0,0.0,4.585096892844416,0.0
376845,2025-04-30T04:00:00.000000000,1.5420000000000003,1.07,0.0,0.0,5.061337381874278,0.0
376845,2025-04-30T05:00:00.000000000,1.5540000000000003,1.082,0.0,0.0,4.190623232392606,0.0
376845,2025-04-30T06:00:00.000000000,1.573,1.098,0.0,0.0,3.995437899657906,0.0
376845,2025-04-30T07:00:00.000000000,1.654,1.112,0.0,0.0,2.8940768179506944,0.0
376845,2025-04-30T08:00:00.000000000,1.688,1.1190000000000002,0.0,0.0,2.2106350823090724,0.0
376845,2025-04-30T09:00:00.000000000,1.649,1.124,0.0,0.0,1.94394040845235,0.0
376845,2025-04-30T10:00:00.000000000,1.6050000000000002,1.124,0.0,0.0,0.8865399872709723,0.0
376845,2025-04-30T11:00:00.000000000,1.604,1.124,0.0,0.0,1.079966893584639,0.0
376845,2025-04-30T12:00:00.000000000,1.604,1.124,0.0,0.0,0.9627384655157499,0.0
376845,2025-04-30T13:00:00.000000000,1.604,1.1230000000000002,0.0,0.0,0.6901823702555834,0.0
376845,2025-04-30T14:00:00.000000000,1.634,1.092,0.0,0.0,2.1977399552214942,0.0
376845,2025-04-30T15:00:00.000000000,1.332,0.8200000000000001,0.0,0.0,0.0,0.0
376845,2025-04-30T16:00:00.000000000,2.072,0.7210000000000001,0.0,0.0,0.4311075442233389,0.0
376845,2025-04-30T17:00:00.000000000,1.2530000000000001,0.716,0.0,0.0,0.0,0.0
376845,2025-04-30T18:00:00.000000000,1.2349999999999999,0.6900000000000001,0.0,0.0,0.0,0.0
376845,2025-04-30T19:00:00.000000000,1.439,0.6,0.0,0.0,1.420515477124761,0.0
376845,2025-04-30T20:00:00.000000000,2.002,0.7699999999999999,0.0,0.0,3.521541979189422,0.0
376845,2025-04-30T21:00:00.000000000,1.409,0.7060000000000001,0.0,0.0,2.8975936707927614,0.0
376845,2025-04-30T22:00:00.000000000,1.0750000000000002,0.5640000000000001,0.0,0.0,1.5664648700705277,0.0
376845,2025-04-30T23:00:00.000000000,1.029,0.591,0.0,0.0,0.4542601587669445,0.0
376845,2025-05-01T00:00:00.000000000,1.1079999999999999,0.685,0.0,0.0,0.4539670876967722,0.0
376845,2025-05-01T01:00:00.000000000,1.088,0.682,0.0,0.0,0.0,0.0
376845,2025-05-01T02:00:00.000000000,1.243,0.824,0.0,0.0,0.4311075442233389,0.0
376845,2025-05-01T03:00:00.000000000,1.306,0.881,0.0,0.0,0.0,0.0
376845,2025-05-01T04:00:00.000000000,1.3940000000000001,0.9550000000000001,0.0,0.0,1.002303059989,0.0
376845,2025-05-01T05:00:00.000000000,1.4939999999999998,1.024,0.0,0.0,0.9343105717090445,0.0
376845,2025-05-01T06:00:00.000000000,1.5710000000000002,1.068,0.0,0.0,1.0058199128310665,0.0
376845,2025-05-01T07:00:00.000000000,1.483,1.016,0.0,0.0,0.4311075442233389,0.0
376845,2025-05-01T08:00:00.000000000,1.245,0.8220000000000001,0.0,0.0,0.5087713778189777,0.0
376845,2025-05-01T09:00:00.000000000,1.05,0.655,0.0,0.0,1.584928347491378,0.0
376845,2025-05-01T10:00:00.000000000,0.9329999999999999,0.553,0.0,0.0,0.4431234581004,0.0
376845,2025-05-01T11:00:00.000000000,0.861,0.493,0.0,0.0,0.0,0.0
376845,2025-05-01T12:00:00.000000000,0.8400000000000001,0.41200000000000003,0.0,0.0,0.4311075442233389,0.0
376845,2025-05-01T13:00:00.000000000,1.3090000000000002,0.321,0.0,0.0,0.45132944806522224,0.0
376845,2025-05-01T14:00:00.000000000,0.756,0.296,0.0,0.0,0.46715528585452226,0.0
376845,2025-05-01T15:00:00.000000000,0.631,0.242,0.0,0.0,0.4988069614331222,0.0
376845,2025-05-01T16:00:00.000000000,0.6360000000000001,0.262,0.0,0.0,0.4311075442233389,0.0
376845,2025-05-01T17:00:00.000000000,0.624,0.256,0.0,0.0,0.9398789220423167,0.0
376845,2025-05-01T18:00:00.000000000,0.716,0.23399999999999999,0.0,0.0,1.01021597888365,0.0
376845,2025-05-01T19:00:00.000000000,0.7649999999999999,0.276,0.0,0.0,0.5084783067488056,0.0
376845,2025-05-01T20:00:00.000000000,0.867,0.278,0.0,0.0,0.0,0.0
376845,2025-05-01T21:00:00.000000000,0.946,0.336,0.0,0.0,0.4311075442233389,0.0
376845,2025-05-01T22:00:00.000000000,0.959,0.46599999999999997,0.0,0.0,1.053590497269139,0.0
376845,2025-05-01T23:00:00.000000000,0.963,0.532,0.0,0.0,0.07678462038512222,0.0
376845,2025-05-02T00:00:00.000000000,1.034,0.6210000000000001,0.0,0.0,0.4311075442233389,0.0
376845,2025-05-02T01:00:00.000000000,1.026,0.628,0.0,0.0,0.0,0.0
376845,2025-05-02T02:00:00.000000000,1.098,0.699,0.0,0.0,0.0,0.0
376845,2025-05-02T03:00:00.000000000,1.318,0.887,0.0,0.0,0.4311075442233389,0.0
376845,2025-05-02T04:00:00.000000000,1.415,0.972,0.0,0.0,0.0,0.0
376845,2025-05-02T05:00:00.000000000,1.512,1.0550000000000002,0.0,0.0,0.4311075442233389,0.0
376845,2025-05-02T06:00:00.000000000,1.5020000000000002,1.044,0.0,0.0,0.0,0.0
376845,2025-05-02T07:00:00.000000000,1.15,0.7420000000000001,0.0,0.0,0.0,0.0
376845,2025-05-02T08:00:00.000000000,1.029,0.637,0.0,0.0,0.4311075442233389,0.0
376845,2025-05-02T09:00:00.000000000,1.017,0.624,0.0,0.0,0.0,0.0
376845,2025-05-02T10:00:00.000000000,1.033,0.587,0.0,0.0,0.47418899153865557,0.0
376845,2025-05-02T11:00:00.000000000,0.964,0.582,0.0,0.0,0.045132944806522225,0.0
376845,2025-05-02T12:00:00.000000000,0.732,0.372,0.0,0.0,0.38597459941681667,0.0
376845,2025-05-02T13:00:00.000000000,0.44,0.11,0.0,0.0,0.0,0.0
376845,2025-05-02T14:00:00.000000000,0.402,0.075,0.0,0.0,1.1714050674783723,0.0
376845,2025-05-02T15:00:00.000000000,0.36,0.038,0.0,0.0,1.0404022991113888,0.0
376845,2025-05-02T16:00:00.000000000,0.424,0.07200000000000001,0.0,0.0,0.4311075442233389,0.0
376845,2025-05-02T17:00:00.000000000,0.42200000000000004,0.04900000000000001,0.0,0.0,0.0,0.0
376845,2025-05-02T18:00:00.000000000,0.488,0.028,0.0,0.0,1.7006914202094057,0.0
376845,2025-05-02T19:00:00.000000000,0.5710000000000001,0.047,0.0,0.0,0.4311075442233389,0.0
376845,2025-05-02T20:00:00.000000000,0.681,0.084,0.0,0.0,0.0,0.0
376845,2025-05-02T21:00:00.000000000,0.664,0.14400000000000002,0.0,0.0,0.0,0.0
376845,2025-05-02T22:00:00.000000000,0.63,0.238,0.0,0.0,1.5251418491762445,0.0
376845,2025-05-02T23:00:00.000000000,0.702,0.344,0.0,0.0,1.4049827104056332,0.0
376845,2025-05-03T00:00:00.000000000,0.843,0.453,0.0,0.0,0.9331382874283556,0.0
376845,2025-05-03T01:00:00.000000000,0.8260000000000001,0.45399999999999996,0.0,0.0,0.4311075442233389,0.0
376845,2025-05-03T02:00:00.000000000,0.822,0.454,0.0,0.0,0.0,0.0
376845,2025-05-03T03:00:00.000000000,0.834,0.46799999999999997,0.0,0.0,0.0,0.0
376845,2025-05-03T04:00:00.000000000,0.878,0.512,0.0,0.0,0.4311075442233389,0.0
376845,2025-05-03T05:00:00.000000000,0.91,0.528,0.0,0.0,0.0,0.0
376845,2025-05-03T06:00:00.000000000,1.125,0.539,0.0,0.0,0.4495710216441889,0.0
376845,2025-05-03T07:00:00.000000000,2.015,0.393,0.0,0.0,0.9234669421126722,0.0
376845,2025-05-03T08:00:00.000000000,1.02,0.35900000000000004,0.0,0.0,0.4469333820126389,0.0
376845,2025-05-03T09:00:00.000000000,1.0539999999999998,0.408,0.0,0.0,4.221981836901033,0.0
376845,2025-05-03T10:00:00.000000000,0.934,0.111,0.0,0.0,1.5544489561934665,0.0
376845,2025-05-03T11:00:00.000000000,0.503,0.094,0.0,0.0,0.4539670876967722,0.0
376845,2025-05-03T12:00:00.000000000,0.43999999999999995,0.07100000000000001,0.0,0.0,0.4311075442233389,0.0
376845,2025-05-03T13:00:00.000000000,0.418,0.08900000000000001,0.0,0.0,1.5172289302815944,0.0
376845,2025-05-03T14:00:00.000000000,0.433,0.102,0.0,0.0,0.4539670876967722,0.0
376845,2025-05-03T15:00:00.000000000,0.488,0.154,0.0,0.0,0.5401299823274055,0.0
376845,2025-05-03T16:00:00.000000000,0.539,0.17500000000000002,0.0,0.0,0.885074631920111,0.0
376845,2025-05-03T17:00:00.000000000,0.503,0.122,0.0,0.0,0.0,0.0
376845,2025-05-03T18:00:00.000000000,0.5990000000000001,0.1,0.0,0.0,0.0,0.0
376845,2025-05-03T19:00:00.000000000,1.06,0.064,0.0,0.0,0.4311075442233389,0.0
376845,2025-05-03T20:00:00.000000000,0.643,0.133,0.0,0.0,0.0,0.0
376845,2025-05-03T21:00:00.000000000,0.672,0.15000000000000002,0.0,0.0,0.49030790039812777,0.0
376845,2025-05-03T22:00:00.000000000,0.556,0.20099999999999998,0.0,0.0,0.4311075442233389,0.0
376845,2025-05-03T23:00:00.000000000,0.592,0.242,0.0,0.0,0.0,0.0
376845,2025-05-04T00:00:00.000000000,0.6779999999999999,0.30100000000000005,0.0,0.0,0.4387273920478167,0.0
376845,2025-05-04T01:00:00.000000000,0.64,0.28400000000000003,0.0,0.0,0.4539670876967722,0.0
376845,2025-05-04T02:00:00.000000000,0.6739999999999999,0.32599999999999996,0.0,0.0,0.0,0.0
376845,2025-05-04T03:00:00.000000000,0.7089999999999999,0.359,0.0,0.0,0.0,0.0
376845,2025-05-04T04:00:00.000000000,0.7129999999999999,0.366,0.0,0.0,0.4311075442233389,0.0
376845,2025-05-04T05:00:00.000000000,0.7189999999999999,0.371,0.0,0.0,0.0,0.0
376845,2025-05-04T06:00:00.000000000,0.7509999999999999,0.385,0.0,0.0,0.0,0.0
376845,2025-05-04T07:00:00.000000000,0.8050000000000002,0.374,0.0,0.0,0.4311075442233389,0.0
376845,2025-05-04T08:00:00.000000000,0.716,0.28,0.0,0.0,0.9718236686910888,0.0
376845,2025-05-04T09:00:00.000000000,0.647,0.21899999999999997,0.0,0.0,0.0,0.0
376845,2025-05-04T10:00:00.000000000,0.542,0.165,0.0,0.0,0.0,0.0
376845,2025-05-04T11:00:00.000000000,0.44499999999999995,0.119,0.0,0.0,1.512832864229011,0.0
376845,2025-05-04T12:00:00.000000000,0.421,0.09300000000000001,0.0,0.0,1.04714293372535,0.0
376845,2025-05-04T13:00:00.000000000,0.404,0.077,0.0,0.0,0.4311075442233389,0.0
376845,2025-05-04T14:00:00.000000000,0.36900000000000005,0.045000000000000005,0.0,0.0,1.0119744053046833,0.0
376845,2025-05-04T15:00:00.000000000,0.38599999999999995,0.0,0.0,0.0,0.0,0.0
376845,2025-05-04T16:00:00.000000000,0.46699999999999997,0.025,0.0,0.0,0.4311075442233389,0.0
376845,2025-05-04T17:00:00.000000000,0.51,0.055,0.0,0.0,0.0,0.0
376845,2025-05-04T18:00:00.000000000,0.5830000000000001,0.059,0.0,0.0,0.0,0.0
376845,2025-05-04T19:00:00.000000000,1.004,0.013,0.0,0.0,0.4311075442233389,0.0
376845,2025-05-04T20:00:00.000000000,0.641,0.048,0.0,0.0,0.9932178568136611,0.0
376845,2025-05-04T21:00:00.000000000,0.692,0.07500000000000001,0.0,0.0,0.4311075442233389,0.0
376845,2025-05-04T22:00:00.000000000,0.68,0.11699999999999999,0.0,0.0,0.48268805257365,0.0
376845,2025-05-04T23:00:00.000000000,0.601,0.14600000000000002,0.0,0.0,1.0793807514442944,0.0
376845,2025-05-05T00:00:00.000000000,0.632,0.241,0.0,0.0,0.47917119973158334,0.0
376845,2025-05-05T01:00:00.000000000,0.61,0.256,0.0,0.0,0.4311075442233389,0.0
376845,2025-05-05T02:00:00.000000000,0.8580000000000001,0.29500000000000004,0.0,0.0,0.9173124496390557,0.0
376845,2025-05-05T03:00:00.000000000,0.716,0.366,0.0,0.0,0.0,0.0
376845,2025-05-05T04:00:00.000000000,0.7669999999999999,0.413,0.0,0.0,0.5073060224681167,0.0
376845,2025-05-05T05:00:00.000000000,0.786,0.43,0.0,0.0,0.4311075442233389,0.0
376845,2025-05-05T06:00:00.000000000,0.786,0.427,0.0,0.0,0.44869180843367223,0.0
376845,2025-05-05T07:00:00.000000000,0.648,0.299,0.0,0.0,0.0,0.0
376845,2025-05-05T08:00:00.000000000,0.504,0.168,0.0,0.0,0.0,0.0
376845,2025-05-05T09:00:00.000000000,0.538,0.141,0.0,0.0,0.8622150884466778,0.0
376845,2025-05-05T10:00:00.000000000,1.257,0.021,0.0,0.0,0.4498640927143611,0.0
376845,2025-05-05T11:00:00.000000000,0.496,0.032,0.0,0.0,0.4580700826791833,0.0
376845,2025-05-05T12:00:00.000000000,0.491,0.022,0.0,0.0,0.9524809780597223,0.0
376845,2025-05-05T13:00:00.000000000,0.508,0.016,0.0,0.0,0.3906637365395722,0.0
376845,2025-05-05T14:00:00.000000000,0.486,0.0,0.0,0.0,0.05978649831513333,0.0
376845,2025-05-05T15:00:00.000000000,0.493,0.0,0.0,0.0,0.0,0.0
376845,2025-05-05T16:00:00.000000000,0.535,0.0,0.0,0.0,0.4311075442233389,0.0
376845,2025-05-05T17:00:00.000000000,0.557,0.0,0.0,0.0,0.9477918409369667,0.0
376845,2025-05-05T18:00:00.000000000,0.5750000000000001,0.0,0.0,0.0,0.9861841511295278,0.0
376845,2025-05-05T19:00:00.000000000,0.577,0.0,0.0,0.0,0.4533809455564278,0.0
376845,2025-05-05T20:00:00.000000000,0.588,0.0,0.0,0.0,0.4788781286614111,0.0
376845,2025-05-05T21:00:00.000000000,0.607,0.0,0.0,0.0,0.44898487950384447,0.0
376845,2025-05-05T22:00:00.000000000,0.522,0.041999999999999996,0.0,0.0,0.0,0.0
376845,2025-05-05T23:00:00.000000000,0.517,0.122,0.0,0.0,0.4311075442233389,0.0
376845,2025-05-06T00:00:00.000000000,0.6739999999999999,0.276,0.0,0.0,0.4311075442233389,0.0
376845,2025-05-06T01:00:00.000000000,0.7189999999999999,0.344,0.0,0.0,0.0,0.0
376845,2025-05-06T02:00:00.000000000,0.762,0.40399999999999997,0.0,0.0,0.4314006152935111,0.0
376845,2025-05-06T03:00:00.000000000,0.839,0.474,0.0,0.0,0.0,0.0
376845,2025-05-06T04:00:00.000000000,0.89,0.52,0.0,0.0,0.4311075442233389,0.0
376845,2025-05-06T05:00:00.000000000,0.888,0.52,0.0,0.0,0.0,0.0
376845,2025-05-06T06:00:00.000000000,0.888,0.505,0.0,0.0,0.0,0.0
376845,2025-05-06T07:00:00.000000000,1.207,0.365,0.0,0.0,0.4311075442233389,0.0
376845,2025-05-06T08:00:00.000000000,0.6910000000000001,0.26,0.0,0.0,0.5070129513979444,0.0
376845,2025-05-06T09:00:00.000000000,0.46399999999999997,0.112,0.0,0.0,0.0,0.0
376845,2025-05-06T10:00:00.000000000,0.40800000000000003,0.007,0.0,0.0,1.2956672012313946,0.0
376845,2025-05-06T11:00:00.000000000,0.5030000000000001,0.0,0.0,0.0,0.10081644813924444,0.0
376845,2025-05-06T12:00:00.000000000,0.758,0.0,0.0,0.0,3.046766845510422,0.0
376845,2025-05-06T13:00:00.000000000,0.626,0.0,0.0,0.0,2.216789574782689,0.0
376845,2025-05-06T14:00:00.000000000,0.486,0.0,0.0,0.0,0.4381412499074723,0.0
376845,2025-05-06T15:00:00.000000000,0.493,0.0,0.0,0.0,0.4838603368543389,0.0
376845,2025-05-06T16:00:00.000000000,0.535,0.0,0.0,0.0,0.43433132599523333,0.0
376845,2025-05-06T17:00:00.000000000,0.557,0.0,0.0,0.0,1.602219540631539,0.0
376845,2025-05-06T18:00:00.000000000,0.5750000000000001,0.0,0.0,0.0,0.46158693552125,0.0
376845,2025-05-06T19:00:00.000000000,0.577,0.0,0.0,0.0,1.5353993366322722,0.0
376845,2025-05-06T20:00:00.000000000,0.588,0.0,0.0,0.0,0.47858505759123887,0.0
376845,2025-05-06T21:00:00.000000000,1.017,0.0,0.0,0.0,2.018087389205922,0.0
376845,2025-05-06T22:00:00.000000000,0.415,0.0,0.0,0.0,0.0,0.0
376845,2025-05-06T23:00:00.000000000,0.322,0.0,0.0,0.0,0.4311075442233389,0.0
376845,2025-05-07T00:00:00.000000000,0.413,0.065,0.0,0.0,0.0,0.0
376845,2025-05-07T01:00:00.000000000,0.392,0.06,0.0,0.0,0.4311075442233389,0.0
376845,2025-05-07T02:00:00.000000000,0.402,0.07899999999999999,0.0,0.0,0.0,0.0
376845,2025-05-07T03:00:00.000000000,0.41,0.087,0.0,0.0,0.0,0.0
376845,2025-05-07T04:00:00.000000000,0.413,0.09,0.0,0.0,0.4311075442233389,0.0
376845,2025-05-07T05:00:00.000000000,0.428,0.105,0.0,0.0,0.0,0.0
376845,2025-05-07T06:00:00.000000000,0.449,0.124,0.0,0.0,0.0,0.0
376845,2025-05-07T07:00:00.000000000,0.511,0.118,0.0,0.0,1.4621315690892167,0.0
376845,2025-05-07T08:00:00.000000000,0.475,0.102,0.0,0.0,1.4580285741068055,0.0
376845,2025-05-07T09:00:00.000000000,0.402,0.076,0.0,0.0,0.0,0.0
376845,2025-05-07T10:00:00.000000000,0.357,0.037,0.0,0.0,0.0,0.0
376845,2025-05-07T11:00:00.000000000,0.371,0.052000000000000005,0.0,0.0,1.5515182454917444,0.0
376845,2025-05-07T12:00:00.000000000,0.35100000000000003,0.029,0.0,0.0,0.9322590742178389,0.0
376845,2025-05-07T13:00:00.000000000,0.323,0.003,0.0,0.0,0.0,0.0
376845,2025-05-07T14:00:00.000000000,0.332,0.011,0.0,0.0,0.0,0.0
376845,2025-05-07T15:00:00.000000000,0.317,0.0,0.0,0.0,0.4311075442233389,0.0
376845,2025-05-07T16:00:00.000000000,0.346,0.0,0.0,0.0,0.0,0.0
376845,2025-05-07T17:00:00.000000000,0.341,0.0,0.0,0.0,0.4311075442233389,0.0
376845,2025-05-07T18:00:00.000000000,0.457,0.0,0.0,0.0,0.0,0.0
376845,2025-05-07T19:00:00.000000000,0.427,0.0,0.0,0.0,0.48561876327537223,0.0
376845,2025-05-07T20:00:00.000000000,1.202,0.0,0.0,0.0,1.4999377371414333,0.0
376845,2025-05-07T21:00:00.000000000,1.237,0.0,0.0,0.012,0.45572551411780554,0.0
376845,2025-05-07T22:00:00.000000000,0.549,0.0,0.0,0.0,1.043333009813111,0.0
376845,2025-05-07T23:00:00.000000000,0.38,0.0,0.0,0.0,0.35549520811890556,0.0
376845,2025-05-08T00:00:00.000000000,0.352,0.0,0.0,0.0,0.0,0.0
376845,2025-05-08T01:00:00.000000000,0.324,0.0,0.0,0.0,0.4311075442233389,0.0
376845,2025-05-08T02:00:00.000000000,0.34299999999999997,0.024,0.0,0.0,0.0,0.0
376845,2025-05-08T03:00:00.000000000,0.364,0.048,0.0,0.0,0.0,0.0
376845,2025-05-08T04:00:00.000000000,0.344,0.03,0.0,0.0,0.43110754422333886,0.0
376845,2025-05-08T05:00:00.000000000,0.37,0.055,0.0,0.0,0.0,0.0
376845,2025-05-08T06:00:00.000000000,0.7160000000000001,0.131,0.0,0.0,1.2616709570914166,0.0
376845,2025-05-08T07:00:00.000000000,1.5339999999999998,0.211,0.0,0.0,2.6684120939180835,0.0
376845,2025-05-08T08:00:00.000000000,0.8360000000000001,0.15300000000000002,0.0,0.0,0.9598077548140278,0.0
376845,2025-05-08T09:00:00.000000000,0.6699999999999999,0.22,0.0,0.0,0.8880053426218333,0.0
376845,2025-05-08T10:00:00.000000000,0.732,0.298,0.0,0.0,1.5134190063693556,0.0
376845,2025-05-08T11:00:00.000000000,0.73,0.299,0.0,0.0,0.63567115120355,0.0
376845,2025-05-08T12:00:00.000000000,1.116,0.362,0.0,0.0,2.8216882636181557,0.0
376845,2025-05-08T13:00:00.000000000,1.7890000000000001,0.448,0.0,0.0,3.0872106531941887,0.0
376845,2025-05-08T14:00:00.000000000,1.722,0.318,0.0,0.0,0.0,0.0
376845,2025-05-08T15:00:00.000000000,0.7810000000000001,0.41600000000000004,0.0,0.0,0.4311075442233389,0.0
376845,2025-05-08T16:00:00.000000000,0.865,0.466,0.0,0.0,0.0,0.0
376845,2025-05-08T17:00:00.000000000,1.193,0.533,0.0,0.0,0.4311075442233389,0.0
376845,2025-05-08T18:00:00.000000000,1.3610000000000002,0.492,0.0,0.0,0.6588237657471556,0.0
376845,2025-05-08T19:00:00.000000000,1.9980000000000002,0.486,0.0,0.0,0.6576514814664667,0.0
376845,2025-05-08T20:00:00.000000000,1.535,0.528,0.0,0.0,0.45045023485470553,0.0
376845,2025-05-08T21:00:00.000000000,1.498,0.539,0.0,0.0,1.225330144390061,0.0
376845,2025-05-08T22:00:00.000000000,1.129,0.586,0.0,0.0,0.4533809455564278,0.0
376845,2025-05-08T23:00:00.000000000,1.009,0.614,0.0,0.0,0.4311075442233389,0.0
376845,2025-05-09T00:00:00.000000000,1.081,0.661,0.0,0.0,0.5369062005555112,0.0
376845,2025-05-09T01:00:00.000000000,1.012,0.617,0.0,0.0,0.4533809455564278,0.0
376845,2025-05-09T02:00:00.000000000,0.996,0.612,0.0,0.0,0.0,0.0
376845,2025-05-09T03:00:00.000000000,0.967,0.588,0.0,0.0,0.4311075442233389,0.0
376845,2025-05-09T04:00:00.000000000,0.973,0.594,0.0,0.0,0.0,0.0
376845,2025-05-09T05:00:00.000000000,1.024,0.628,0.0,0.0,0.5008584589243278,0.0
376845,2025-05-09T06:00:00.000000000,1.0670000000000002,0.636,0.0,0.0,0.9220015867618112,0.0
376845,2025-05-09T07:00:00.000000000,1.006,0.587,0.0,0.0,0.0,0.0
376845,2025-05-09T08:00:00.000000000,0.996,0.552,0.0,0.0,0.49646239287174443,0.0
376845,2025-05-09T09:00:00.000000000,1.036,0.5680000000000001,0.0,0.0,0.9677206737086778,0.0
376845,2025-05-09T10:00:00.000000000,0.986,0.583,0.0,0.0,1.3786063140901335,0.0
376845,2025-05-09T11:00:00.000000000,0.924,0.546,0.0,0.0,0.1356919054897389,0.0
376845,2025-05-09T12:00:00.000000000,0.899,0.522,0.0,0.0,0.0,0.0
376845,2025-05-09T13:00:00.000000000,0.9289999999999999,0.491,0.0,0.0,1.044212223023628,0.0
376845,2025-05-09T14:00:00.000000000,0.9059999999999999,0.45399999999999996,0.0,0.0,0.9369482113405945,0.0
376845,2025-05-09T15:00:00.000000000,0.882,0.412,0.0,0.0,0.0,0.0
376845,2025-05-09T16:00:00.000000000,0.9329999999999999,0.443,0.0,0.0,0.0,0.0
376845,2025-05-09T17:00:00.000000000,0.8849999999999999,0.393,0.0,0.0,0.4311075442233389,0.0
376845,2025-05-09T18:00:00.000000000,1.523,0.22,0.0,0.0,0.0,0.0
376845,2025-05-09T19:00:00.000000000,0.8,0.307,0.0,0.0,1.4682860615628333,0.0
376845,2025-05-09T20:00:00.000000000,1.666,0.231,0.0,0.0,0.4311075442233389,0.0
376845,2025-05-09T21:00:00.000000000,0.968,0.356,0.0,0.0,0.9662553183578166,0.0
376845,2025-05-09T22:00:00.000000000,0.8270000000000002,0.416,0.0,0.0,0.47829198652106664,0.0
376845,2025-05-09T23:00:00.000000000,0.808,0.436,0.0,0.0,0.0,0.0
376845,2025-05-10T00:00:00.000000000,0.874,0.481,0.0,0.0,0.4533809455564278,0.0
376845,2025-05-10T01:00:00.000000000,0.846,0.471,0.0,0.0,0.0,0.0
376845,2025-05-10T02:00:00.000000000,0.874,0.502,0.0,0.0,0.4311075442233389,0.0
376845,2025-05-10T03:00:00.000000000,0.888,0.516,0.0,0.0,0.0,0.0
376845,2025-05-10T04:00:00.000000000,0.928,0.554,0.0,0.0,0.0,0.0
376845,2025-05-10T05:00:00.000000000,1.142,0.543,0.0,0.0,0.9196570182004333,0.0
376845,2025-05-10T06:00:00.000000000,1.54,0.519,0.0,0.0,0.49499703752088337,0.0
376845,2025-05-10T07:00:00.000000000,0.998,0.599,0.0,0.0,0.9369482113405945,0.0
376845,2025-05-10T08:00:00.000000000,1.0030000000000001,0.613,0.0,0.0,0.0,0.0
376845,2025-05-10T09:00:00.000000000,1.01,0.621,0.0,0.0,1.0143189738660612,0.0
376845,2025-05-10T10:00:00.000000000,0.872,0.501,0.0,0.0,0.9832534404278055,0.0
376845,2025-05-10T11:00:00.000000000,0.7340000000000001,0.37600000000000006,0.0,0.0,0.4311075442233389,0.0
376845,2025-05-10T12:00:00.000000000,0.648,0.296,0.0,0.0,0.0,0.0
376845,2025-05-10T13:00:00.000000000,0.631,0.281,0.0,0.0,0.4311075442233389,0.0
376845,2025-05-10T14:00:00.000000000,0.563,0.21999999999999997,0.0,0.0,0.0,0.0
376845,2025-05-10T15:00:00.000000000,0.516,0.179,0.0,0.0,0.0,0.0
376845,2025-05-10T16:00:00.000000000,0.636,0.261,0.0,0.0,0.4311075442233389,0.0
376845,2025-05-10T17:00:00.000000000,0.615,0.247,0.0,0.0,0.0,0.0
376845,2025-05-10T18:00:00.000000000,0.698,0.242,0.0,0.0,0.9712375265507445,0.0
376845,2025-05-10T19:00:00.000000000,0.722,0.237,0.0,0.0,0.0,0.0
376845,2025-05-10T20:00:00.000000000,0.914,0.35,0.0,0.0,0.43110754422333886,0.0
376845,2025-05-10T21:00:00.000000000,1.186,0.52,0.0,0.0,0.0,0.0
376845,2025-05-10T22:00:00.000000000,1.074,0.471,0.0,0.0,0.4777058443807222,0.0
376845,2025-05-10T23:00:00.000000000,1.014,0.535,0.0,0.0,1.2399836978986722,0.0
376845,2025-05-11T00:00:00.000000000,1.096,0.6350000000000001,0.0,0.0,0.7649154931495,0.0
376845,2025-05-11T01:00:00.000000000,1.0790000000000002,0.664,0.0,0.0,2.0667371868545112,0.0
376845,2025-05-11T02:00:00.000000000,1.073,0.678,0.0,0.0,0.4311075442233389,0.0
376845,2025-05-11T03:00:00.000000000,1.399,0.954,0.0,0.0,0.0,0.0
376845,2025-05-11T04:00:00.000000000,1.408,0.963,0.0,0.0,0.0,0.0
376845,2025-05-11T05:00:00.000000000,1.159,0.752,0.0,0.0,0.4311075442233389,0.0
376845,2025-05-11T06:00:00.000000000,1.058,0.668,0.0,0.0,0.0,0.0
376845,2025-05-11T07:00:00.000000000,0.9219999999999999,0.526,0.0,0.0,0.0,0.0
376845,2025-05-11T08:00:00.000000000,0.624,0.274,0.0,0.0,0.4311075442233389,0.0
376845,2025-05-11T09:00:00.000000000,0.45599999999999996,0.123,0.0,0.0,0.0,0.0
376845,2025-05-11T10:00:00.000000000,0.35700000000000004,0.037,0.0,0.0,0.4311075442233389,0.0
376845,2025-05-11T11:00:00.000000000,0.319,0.003,0.0,0.0,0.0,0.0
376845,2025-05-11T12:00:00.000000000,0.319,0.0,0.0,0.0,0.0,0.0
376845,2025-05-11T13:00:00.000000000,0.32,0.0,0.0,0.0,0.4311075442233389,0.0
376845,2025-05-11T14:00:00.000000000,0.32,0.0,0.0,0.0,0.0,0.0
376845,2025-05-11T15:00:00.000000000,0.317,0.0,0.0,0.0,0.0,0.0
376845,2025-05-11T16:00:00.000000000,0.418,0.0,0.0,0.0,0.4311075442233389,0.0
376845,2025-05-11T17:00:00.000000000,0.449,0.0,0.0,0.0,0.0,0.0
376845,2025-05-11T18:00:00.000000000,0.487,0.0,0.0,0.0,0.9533601912702389,0.0
376845,2025-05-11T19:00:00.000000000,0.577,0.0,0.0,0.0,0.9940970700241777,0.0
376845,2025-05-11T20:00:00.000000000,0.588,0.0,0.0,0.0,0.5005653878541555,0.0
376845,2025-05-11T21:00:00.000000000,0.505,0.0,0.0,0.0,1.5438983976672667,0.0
376845,2025-05-11T22:00:00.000000000,0.43999999999999995,0.0,0.0,0.0,1.6725565974728724,0.0
376845,2025-05-11T23:00:00.000000000,0.453,0.06499999999999999,0.0,0.0,0.9307937188669778,0.0
376845,2025-05-12T00:00:00.000000000,0.5940000000000001,0.21799999999999997,0.0,0.0,0.0,0.0
376845,2025-05-12T01:00:00.000000000,0.653,0.30000000000000004,0.0,0.0,0.9656691762174723,0.0
376845,2025-05-12T02:00:00.000000000,0.7070000000000001,0.356,0.0,0.0,0.0,0.0
376845,2025-05-12T03:00:00.000000000,0.821,0.459,0.0,0.0,0.9351897849195612,0.0
376845,2025-05-12T04:00:00.000000000,0.8140000000000001,0.45299999999999996,0.0,0.0,0.0,0.0
376845,2025-05-12T05:00:00.000000000,0.7950000000000002,0.437,0.0,0.0,0.4311075442233389,0.0
376845,2025-05-12T06:00:00.000000000,0.778,0.42100000000000004,0.0,0.0,0.0,0.0
376845,2025-05-12T07:00:00.000000000,0.646,0.298,0.0,0.0,0.0,0.0
376845,2025-05-12T08:00:00.000000000,1.124,0.087,0.0,0.0,0.4311075442233389,0.0
376845,2025-05-12T09:00:00.000000000,2.161,0.0,0.0,0.0,0.0,0.0
376845,2025-05-12T10:00:00.000000000,1.4499999999999997,0.0,0.0,0.018,0.9398789220423166,0.0
376845,2025-05-12T11:00:00.000000000,0.483,0.0,0.0,0.0,1.0096298367433056,0.0
376845,2025-05-12T12:00:00.000000000,0.44599999999999995,0.0,0.0,0.0,0.9946832121645223,0.0
376845,2025-05-12T13:00:00.000000000,0.492,0.0,0.0,0.0,1.9137540882246111,0.0
376845,2025-05-12T14:00:00.000000000,0.491,0.0,0.0,0.004,0.9354828559897334,0.0
376845,2025-05-12T15:00:00.000000000,0.51,0.0,0.0,0.014,0.7725353409739778,0.0
376845,2025-05-12T16:00:00.000000000,0.562,0.0,0.0,0.022,1.4143609846511442,0.0
376845,2025-05-12T17:00:00.000000000,0.59,0.0,0.0,0.028999999999999998,0.4483987373635,0.0
376845,2025-05-12T18:00:00.000000000,0.491,0.0,0.0,0.005,0.0,0.0
376845,2025-05-12T19:00:00.000000000,0.879,0.0,0.0,0.01,0.4308144731531667,0.0
376845,2025-05-12T20:00:00.000000000,0.526,0.0,0.0,0.0,0.9958554964452111,0.0
376845,2025-05-12T21:00:00.000000000,0.92,0.0,0.0,0.0,0.9082272464637167,0.0
376845,2025-05-12T22:00:00.000000000,0.715,0.0,0.0,0.0,0.9483779830773111,0.0
376845,2025-05-12T23:00:00.000000000,0.38,0.0,0.0,0.0,1.3443169988799832,0.0
376845,2025-05-13T00:00:00.000000000,0.37,0.0,0.0,0.0,0.5454052615905056,0.0
376845,2025-05-13T01:00:00.000000000,0.339,0.0,0.0,0.0,0.0,0.0
376845,2025-05-13T02:00:00.000000000,0.319,0.0,0.0,0.0,0.0,0.0
376845,2025-05-13T03:00:00.000000000,0.33899999999999997,0.023,0.0,0.0,0.4311075442233389,0.0
376845,2025-05-13T04:00:00.000000000,0.39999999999999997,0.081,0.0,0.0,0.0,0.0
376845,2025-05-13T05:00:00.000000000,0.522,0.11399999999999999,0.0,0.0,0.4530878744862556,0.0
376845,2025-05-13T06:00:00.000000000,0.961,0.222,0.0,0.0,2.1558307921868667,0.0
376845,2025-05-13T07:00:00.000000000,0.651,0.17099999999999999,0.0,0.0,1.3296634453713723,0.0
376845,2025-05-13T08:00:00.000000000,0.5720000000000001,0.15000000000000002,0.0,0.0,0.0,0.0
376845,2025-05-13T09:00:00.000000000,0.7009999999999998,0.212,0.0,0.0,0.4308144731531667,0.0
376845,2025-05-13T10:00:00.000000000,0.711,0.206,0.0,0.0,0.0,0.0
376845,2025-05-13T11:00:00.000000000,0.626,0.128,0.0,0.0,0.0,0.0
376845,2025-05-13T12:00:00.000000000,0.647,0.127,0.0,0.0,1.4609592848085278,0.0
376845,2025-05-13T13:00:00.000000000,1.01,0.226,0.0,0.0,3.0754878103873002,0.0
376845,2025-05-13T14:00:00.000000000,0.764,0.189,0.0,0.0,2.526565695954728,0.0
376845,2025-05-13T15:00:00.000000000,0.7090000000000001,0.195,0.0,0.0,1.6863309377709668,0.0
376845,2025-05-13T16:00:00.000000000,0.683,0.134,0.0,0.0,0.9571701151824779,0.0
376845,2025-05-13T17:00:00.000000000,0.732,0.023,0.0,0.0,0.5040822406962222,0.0
376845,2025-05-13T18:00:00.000000000,1.9260000000000002,0.0,0.0,0.004,0.4308144731531667,0.0
376845,2025-05-13T19:00:00.000000000,0.5630000000000001,0.014,0.0,0.0,0.49939310357346667,0.0
376845,2025-05-13T20:00:00.000000000,0.665,0.06999999999999999,0.0,0.0,1.465062279790939,0.0
376845,2025-05-13T21:00:00.000000000,0.674,0.09,0.0,0.0,0.9363620692002499,0.0
376845,2025-05-13T22:00:00.000000000,0.582,0.127,0.0,0.0,1.1561653718294167,0.0
376845,2025-05-13T23:00:00.000000000,0.529,0.133,0.0,0.0,0.7646224220793277,0.0
376845,2025-05-14T00:00:00.000000000,0.5720000000000001,0.19699999999999998,0.0,0.0,1.4422027363175056,0.0
376845,2025-05-14T01:00:00.000000000,0.543,0.196,0.0,0.0,0.4311075442233389,0.0
376845,2025-05-14T02:00:00.000000000,0.5820000000000001,0.239,0.0,0.0,0.0,0.0
376845,2025-05-14T03:00:00.000000000,0.6779999999999999,0.328,0.0,0.0,0.0,0.0
376845,2025-05-14T04:00:00.000000000,0.672,0.325,0.0,0.0,0.4311075442233389,0.0
376845,2025-05-14T05:00:00.000000000,0.669,0.32299999999999995,0.0,0.0,0.0,0.0
376845,2025-05-14T06:00:00.000000000,0.7679999999999999,0.385,0.0,0.0,0.44605416880212223,0.0
376845,2025-05-14T07:00:00.000000000,0.891,0.428,0.0,0.0,0.8622150884466778,0.0
376845,2025-05-14T08:00:00.000000000,0.9179999999999999,0.44100000000000006,0.0,0.0,0.9093995307444056,0.0
376845,2025-05-14T09:00:00.000000000,0.831,0.382,0.0,0.0,0.9439819170247279,0.0
376845,2025-05-14T10:00:00.000000000,0.83,0.386,0.0,0.0,0.9287422213757722,0.0
376845,2025-05-14T11:00:00.000000000,1.4,0.338,0.0,0.0,0.9348967138493889,0.0
376845,2025-05-14T12:00:00.000000000,0.9180000000000001,0.381,0.0,0.0,0.5040822406962222,0.0
376845,2025-05-14T13:00:00.000000000,0.7270000000000001,0.308,0.0,0.0,0.4530878744862556,0.0
376845,2025-05-14T14:00:00.000000000,0.5640000000000001,0.201,0.0,0.0,0.4527948034160833,0.0
376845,2025-05-14T15:00:00.000000000,0.44999999999999996,0.118,0.0,0.0,0.4311075442233389,0.0
376845,2025-05-14T16:00:00.000000000,1.1030000000000002,0.038,0.0,0.0,0.0,0.0
376845,2025-05-14T17:00:00.000000000,1.9400000000000004,0.0,0.0,0.0,0.4311075442233389,0.0
376845,2025-05-14T18:00:00.000000000,0.5750000000000001,0.0,0.0,0.0,0.4527948034160833,0.0
376845,2025-05-14T19:00:00.000000000,0.577,0.0,0.0,0.0,0.0,0.0
376845,2025-05-14T20:00:00.000000000,0.588,0.0,0.0,0.0,0.4311075442233389,0.0
376845,2025-05-14T21:00:00.000000000,0.61,0.002,0.0,0.0,0.0,0.0
376845,2025-05-14T22:00:00.000000000,0.648,0.088,0.0,0.0,1.4542186501945669,0.0
376845,2025-05-14T23:00:00.000000000,0.607,0.151,0.0,0.0,1.0723470457601612,0.0
376845,2025-05-15T00:00:00.000000000,0.59,0.194,0.0,0.0,1.4495295130718109,0.0
376845,2025-05-15T01:00:00.000000000,0.525,0.18100000000000002,0.0,0.0,0.4311075442233389,0.0
376845,2025-05-15T02:00:00.000000000,0.534,0.196,0.0,0.0,0.0,0.0
376845,2025-05-15T03:00:00.000000000,0.626,0.28500000000000003,0.0,0.0,0.4311075442233389,0.0
376845,2025-05-15T04:00:00.000000000,0.687,0.34199999999999997,0.0,0.0,0.0,0.0
376845,2025-05-15T05:00:00.000000000,0.71,0.363,0.0,0.0,0.4311075442233389,0.0
376845,2025-05-15T06:00:00.000000000,0.685,0.338,0.0,0.0,0.0,0.0
376845,2025-05-15T07:00:00.000000000,0.58,0.183,0.0,0.0,0.4560185851879778,0.0
376845,2025-05-15T08:00:00.000000000,0.472,0.061,0.0,0.0,1.0280933141641555,0.0
376845,2025-05-15T09:00:00.000000000,1.006,0.0,0.0,0.0,0.0,0.0
376845,2025-05-15T10:00:00.000000000,1.4360000000000002,0.0,0.0,0.009,0.0,0.0
376845,2025-05-15T11:00:00.000000000,0.4,0.0,0.0,0.0,0.8622150884466778,0.0
376845,2025-05-15T12:00:00.000000000,0.34,0.0,0.0,0.0,1.1344781126366723,0.0
376845,2025-05-15T13:00:00.000000000,0.32,0.0,0.0,0.0,0.0,0.0
376845,2025-05-15T14:00:00.000000000,0.32,0.0,0.0,0.0,0.4308144731531667,0.0
376845,2025-05-15T15:00:00.000000000,0.317,0.0,0.0,0.0,0.4525017323459112,0.0
376845,2025-05-15T16:00:00.000000000,0.37,0.0,0.0,0.0,0.4525017323459111,0.0
376845,2025-05-15T17:00:00.000000000,0.44,0.0,0.0,0.013000000000000001,0.4308144731531667,0.0
376845,2025-05-15T18:00:00.000000000,0.488,0.0,0.0,0.025,0.0,0.0
376845,2025-05-15T19:00:00.000000000,0.56,0.0,0.0,0.016,0.0,0.0
376845,2025-05-15T20:00:00.000000000,0.827,0.0,0.0,0.0,4.106218764183005,0.0
376845,2025-05-15T21:00:00.000000000,1.377,0.0,0.0,0.048,1.4764920515276556,0.0
376845,2025-05-15T22:00:00.000000000,1.631,0.0,0.0,0.066,1.0723470457601612,0.0
376845,2025-05-15T23:00:00.000000000,0.34700000000000003,0.0,0.0,0.0,1.6072017488244668,0.0
376845,2025-05-16T00:00:00.000000000,0.34099999999999997,0.0,0.0,0.0,0.0,0.0
376845,2025-05-16T01:00:00.000000000,0.324,0.0,0.0,0.0,0.0,0.0
376845,2025-05-16T02:00:00.000000000,0.313,0.0,0.0,0.0,0.4311075442233389,0.0
376845,2025-05-16T03:00:00.000000000,0.312,0.0,0.0,0.0,0.0,0.0
376845,2025-05-16T04:00:00.000000000,0.312,0.0,0.0,0.0,0.9770989479541888,0.0
376845,2025-05-16T05:00:00.000000000,0.5379999999999999,0.194,0.0,0.0,1.462717711229561,0.0
376845,2025-05-16T06:00:00.000000000,0.803,0.402,0.0,0.0,0.47418899153865557,0.0
376845,2025-05-16T07:00:00.000000000,0.329,0.0,0.0,0.0,0.9782712322348779,0.0
376845,2025-05-16T08:00:00.000000000,0.319,0.0,0.0,0.0,0.9797365875857389,0.0
376845,2025-05-16T09:00:00.000000000,0.32,0.0,0.0,0.0,0.4525017323459111,0.0
376845,2025-05-16T10:00:00.000000000,0.317,0.0,0.0,0.0,0.9973208517960723,0.0
376845,2025-05-16T11:00:00.000000000,0.316,0.0,0.0,0.0,0.4311075442233389,0.0
376845,2025-05-16T12:00:00.000000000,0.33899999999999997,0.0,0.0,0.017,0.4308144731531667,0.0
376845,2025-05-16T13:00:00.000000000,0.409,0.0,0.0,0.07500000000000001,0.0,0.0
376845,2025-05-16T14:00:00.000000000,0.436,0.0,0.0,0.097,0.0,0.0
376845,2025-05-16T15:00:00.000000000,0.42500000000000004,0.0,0.0,0.091,0.4308144731531667,0.0
376845,2025-05-16T16:00:00.000000000,0.346,0.0,0.0,0.0,0.0,0.0
376845,2025-05-16T17:00:00.000000000,0.9249999999999999,0.0,0.0,0.008,0.0,0.0
376845,2025-05-16T18:00:00.000000000,0.545,0.0,0.0,0.0,0.4311075442233389,0.0
376845,2025-05-16T19:00:00.000000000,0.356,0.017,0.0,0.0,0.0,0.0
376845,2025-05-16T20:00:00.000000000,0.907,0.059,0.0,0.0,0.4311075442233389,0.0
376845,2025-05-16T21:00:00.000000000,1.005,0.11000000000000001,0.0,0.0,0.5029099564155334,0.0
376845,2025-05-16T22:00:00.000000000,0.722,0.254,0.0,0.0,0.4527948034160833,0.0
376845,2025-05-16T23:00:00.000000000,0.835,0.412,0.0,0.0,0.4525017323459111,0.0
376845,2025-05-17T00:00:00.000000000,0.956,0.542,0.0,0.0,0.4525017323459111,0.0
376845,2025-05-17T01:00:00.000000000,0.9189999999999999,0.534,0.0,0.0,0.0,0.0
376845,2025-05-17T02:00:00.000000000,0.885,0.513,0.0,0.0,0.0,0.0
376845,2025-05-17T03:00:00.000000000,0.84,0.475,0.0,0.0,0.4311075442233389,0.0
376845,2025-05-17T04:00:00.000000000,0.912,0.539,0.0,0.0,0.0,0.0
376845,2025-05-17T05:00:00.000000000,1.25,0.83,0.0,0.0,0.4311075442233389,0.0
376845,2025-05-17T06:00:00.000000000,1.328,0.859,0.0,0.0,0.4653968594334889,0.0
376845,2025-05-17T07:00:00.000000000,0.986,0.477,0.0,0.0,0.4794642708017555,0.0
376845,2025-05-17T08:00:00.000000000,0.6970000000000001,0.305,0.0,0.0,0.4311075442233389,0.0
376845,2025-05-17T09:00:00.000000000,0.505,0.168,0.0,0.0,0.0,0.0
376845,2025-05-17T10:00:00.000000000,0.452,0.121,0.0,0.0,0.4311075442233389,0.0
376845,2025-05-17T11:00:00.000000000,0.429,0.10400000000000001,0.0,0.0,1.1318404730051224,0.0
376845,2025-05-17T12:00:00.000000000,0.387,0.062,0.0,0.0,0.0,0.0
376845,2025-05-17T13:00:00.000000000,0.362,0.038,0.0,0.0,0.0,0.0
376845,2025-05-17T14:00:00.000000000,0.354,0.013,0.0,0.0,0.4311075442233389,0.0
376845,2025-05-17T15:00:00.000000000,0.40599999999999997,0.0,0.0,0.0,0.9756335926033277,0.0
376845,2025-05-17T16:00:00.000000000,0.441,0.0,0.0,0.0,0.47155135190710556,0.0
376845,2025-05-17T17:00:00.000000000,0.6819999999999999,0.0,0.0,0.0,0.0,0.0
376845,2025-05-17T18:00:00.000000000,1.137,0.0,0.0,0.028999999999999998,0.4308144731531667,0.0
376845,2025-05-17T19:00:00.000000000,0.457,0.0,0.0,0.0,0.9287422213757722,0.0
376845,2025-05-17T20:00:00.000000000,0.494,0.0,0.0,0.0,1.5585519511758779,0.0
376845,2025-05-17T21:00:00.000000000,0.505,0.0,0.0,0.0,0.4413650316793667,0.0
376845,2025-05-17T22:00:00.000000000,0.44599999999999995,0.005,0.0,0.0,0.4765335601000333,0.0
376845,2025-05-17T23:00:00.000000000,0.46299999999999997,0.075,0.0,0.0,0.4525017323459111,0.0
376845,2025-05-18T00:00:00.000000000,0.5770000000000001,0.196,0.0,0.0,1.0480221469358666,0.0
376845,2025-05-18T01:00:00.000000000,0.5690000000000001,0.224,0.0,0.0,0.0,0.0
376845,2025-05-18T02:00:00.000000000,0.611,0.271,0.0,0.0,0.4311075442233389,0.0
376845,2025-05-18T03:00:00.000000000,0.687,0.33899999999999997,0.0,0.0,0.0,0.0
376845,2025-05-18T04:00:00.000000000,0.791,0.433,0.0,0.0,0.4759474179596889,0.0
376845,2025-05-18T05:00:00.000000000,0.904,0.534,0.0,0.0,0.4311075442233389,0.0
376845,2025-05-18T06:00:00.000000000,0.954,0.526,0.0,0.0,0.4759474179596889,0.0
376845,2025-05-18T07:00:00.000000000,0.788,0.289,0.0,0.0,1.5022823057028112,0.0
376845,2025-05-18T08:00:00.000000000,0.473,0.08199999999999999,0.0,0.0,0.4923593978893333,0.0
376845,2025-05-18T09:00:00.000000000,0.323,0.003,0.0,0.0,0.0,0.0
376845,2025-05-18T10:00:00.000000000,0.317,0.0,0.0,0.0,0.43110754422333886,0.0
376845,2025-05-18T11:00:00.000000000,0.316,0.0,0.0,0.0,0.9284491503056,0.0
376845,2025-05-18T12:00:00.000000000,0.319,0.0,0.0,0.0,1.0172496845677834,0.0
376845,2025-05-18T13:00:00.000000000,0.32,0.0,0.0,0.0,0.4311075442233389,0.0
376845,2025-05-18T14:00:00.000000000,0.32,0.0,0.0,0.0,0.0,0.0
376845,2025-05-18T15:00:00.000000000,0.317,0.0,0.0,0.0,0.0,0.0
376845,2025-05-18T16:00:00.000000000,0.35,0.0,0.0,0.004,0.4308144731531667,0.0
376845,2025-05-18T17:00:00.000000000,0.478,0.0,0.0,0.046,0.4853256922052,0.0
376845,2025-05-18T18:00:00.000000000,0.534,0.0,0.0,0.064,0.9858910800593556,0.0
376845,2025-05-18T19:00:00.000000000,0.6270000000000001,0.0,0.0,0.064,0.9674276026385056,0.0
376845,2025-05-18T20:00:00.000000000,0.637,0.0,0.0,0.041,0.4894286871876111,0.0
376845,2025-05-18T21:00:00.000000000,0.473,0.0,0.0,0.0,0.9237600131828445,0.0
376845,2025-05-18T22:00:00.000000000,0.43999999999999995,0.0,0.0,0.0,0.4522086612757389,0.0
376845,2025-05-18T23:00:00.000000000,0.34700000000000003,0.0,0.0,0.0,0.9284491503056,0.0
376845,2025-05-19T00:00:00.000000000,0.376,0.032,0.0,0.0,0.4311075442233389,0.0
376845,2025-05-19T01:00:00.000000000,0.429,0.095,0.0,0.0,0.0,0.0
376845,2025-05-19T02:00:00.000000000,0.533,0.2,0.0,0.0,0.4311075442233389,0.0
376845,2025-05-19T03:00:00.000000000,0.613,0.274,0.0,0.0,0.0,0.0
376845,2025-05-19T04:00:00.000000000,0.6659999999999999,0.32299999999999995,0.0,0.0,0.0,0.0
376845,2025-05-19T05:00:00.000000000,0.7109999999999999,0.362,0.0,0.0,0.4311075442233389,0.0
376845,2025-05-19T06:00:00.000000000,0.583,0.24500000000000002,0.0,0.0,0.0,0.0
376845,2025-05-19T07:00:00.000000000,0.38600000000000007,0.063,0.0,0.0,0.4311075442233389,0.0
376845,2025-05-19T08:00:00.000000000,0.33999999999999997,0.0,0.0,0.0,0.0,0.0
376845,2025-05-19T09:00:00.000000000,0.446,0.0,0.0,0.0,0.0,0.0
376845,2025-05-19T10:00:00.000000000,2.142,0.0,0.0,0.11200000000000002,0.4308144731531667,0.0
376845,2025-05-19T11:00:00.000000000,0.708,0.0,0.0,0.065,0.0,0.0
376845,2025-05-19T12:00:00.000000000,0.5660000000000001,0.0,0.0,0.064,0.0,0.0
376845,2025-05-19T13:00:00.000000000,0.511,0.0,0.0,0.07,0.9539463334105833,0.0
376845,2025-05-19T14:00:00.000000000,0.5830000000000001,0.0,0.0,0.09899999999999999,0.9542394044807556,0.0
376845,2025-05-19T15:00:00.000000000,0.645,0.0,0.0,0.127,0.0,0.0
376845,2025-05-19T16:00:00.000000000,0.736,0.0,0.0,0.16799999999999998,0.0,0.0
376845,2025-05-19T17:00:00.000000000,1.213,0.0,0.0,0.205,0.44927795057401665,0.0
376845,2025-05-19T18:00:00.000000000,0.813,0.0,0.0,0.197,0.4308144731531667,0.0
376845,2025-05-19T19:00:00.000000000,0.792,0.0,0.0,0.17800000000000002,0.9993723492872778,0.0
376845,2025-05-19T20:00:00.000000000,0.744,0.0,0.0,0.129,0.5503874697834333,0.0
376845,2025-05-19T21:00:00.000000000,0.6889999999999998,0.0,0.0,0.066,0.9384135666914556,0.0
376845,2025-05-19T22:00:00.000000000,0.5680000000000001,0.0,0.0,0.015,2.40816498360515,0.0
376845,2025-05-19T23:00:00.000000000,0.383,0.0,0.0,0.0,0.0,0.0
376845,2025-05-20T00:00:00.000000000,0.34099999999999997,0.0,0.0,0.0,0.0,0.0
376845,2025-05-20T01:00:00.000000000,0.324,0.0,0.0,0.0,1.1989537480745611,0.0
376845,2025-05-20T02:00:00.000000000,0.313,0.0,0.0,0.0,0.4311075442233389,0.0
376845,2025-05-20T03:00:00.000000000,0.32799999999999996,0.014,0.0,0.0,0.0,0.0
376845,2025-05-20T04:00:00.000000000,0.45899999999999996,0.133,0.0,0.0,0.0,0.0
376845,2025-05-20T05:00:00.000000000,0.531,0.198,0.0,0.0,0.4311075442233389,0.0
376845,2025-05-20T06:00:00.000000000,0.532,0.196,0.0,0.0,0.0,0.0
376845,2025-05-20T07:00:00.000000000,0.9550000000000001,0.148,0.0,0.0,0.4311075442233389,0.0
376845,2025-05-20T08:00:00.000000000,0.6859999999999999,0.195,0.0,0.0,0.0,0.0
376845,2025-05-20T09:00:00.000000000,0.615,0.115,0.0,0.0,0.0,0.0
376845,2025-05-20T10:00:00.000000000,0.534,0.046,0.0,0.0,0.43110754422333886,0.0
376845,2025-05-20T11:00:00.000000000,0.563,0.071,0.0,0.0,0.0,0.0
376845,2025-05-20T12:00:00.000000000,0.511,0.02,0.0,0.0,0.5017376721348444,0.0
376845,2025-05-20T13:00:00.000000000,0.492,0.0,0.0,0.0,0.4311075442233389,0.0
376845,2025-05-20T14:00:00.000000000,0.486,0.0,0.0,0.0,0.4756543468895167,0.0
376845,2025-05-20T15:00:00.000000000,0.493,0.0,0.0,0.0,0.4311075442233389,0.0
376845,2025-05-20T16:00:00.000000000,0.535,0.0,0.0,0.0,1.0339547355676,0.0
376845,2025-05-20T17:00:00.000000000,1.242,0.0,0.0,0.033,0.4522086612757389,0.0
376845,2025-05-20T18:00:00.000000000,0.767,0.0,0.0,0.013,0.977098947954189,0.0
376845,2025-05-20T19:00:00.000000000,0.582,0.0,0.0,0.004,0.977098947954189,0.0
376845,2025-05-20T20:00:00.000000000,0.588,0.0,0.0,0.0,0.0,0.0
376845,2025-05-20T21:00:00.000000000,0.5389999999999999,0.0,0.0,0.0,0.4522086612757389,0.0
376845,2025-05-20T22:00:00.000000000,0.39,0.0,0.0,0.0,0.0,0.0
376845,2025-05-20T23:00:00.000000000,0.322,0.0,0.0,0.0,0.4311075442233389,0.0
376845,2025-05-21T00:00:00.000000000,0.419,0.069,0.0,0.0,0.0,0.0
376845,2025-05-21T01:00:00.000000000,0.46299999999999997,0.125,0.0,0.0,0.4311075442233389,0.0
376845,2025-05-21T02:00:00.000000000,0.5,0.168,0.0,0.0,0.0,0.0
376845,2025-05-21T03:00:00.000000000,0.5740000000000001,0.237,0.0,0.0,0.0,0.0
376845,2025-05-21T04:00:00.000000000,0.704,0.356,0.0,0.0,0.4311075442233389,0.0
376845,2025-05-21T05:00:00.000000000,0.829,0.46799999999999997,0.0,0.0,0.0,0.0
376845,2025-05-21T06:00:00.000000000,0.8109999999999999,0.43699999999999994,0.0,0.0,0.4311075442233389,0.0
376845,2025-05-21T07:00:00.000000000,0.5940000000000001,0.251,0.0,0.0,0.0,0.0
376845,2025-05-21T08:00:00.000000000,0.484,0.148,0.0,0.0,0.0,0.0
376845,2025-05-21T09:00:00.000000000,0.40900000000000003,0.08,0.0,0.0,0.4311075442233389,0.0
376845,2025-05-21T10:00:00.000000000,0.332,0.014,0.0,0.0,0.0,0.0
376845,2025-05-21T11:00:00.000000000,0.316,0.0,0.0,0.0,0.4407788895390222,0.0
376845,2025-05-21T12:00:00.000000000,0.319,0.0,0.0,0.0,0.0,0.0
376845,2025-05-21T13:00:00.000000000,0.32,0.0,0.0,0.0,0.4311075442233389,0.0
376845,2025-05-21T14:00:00.000000000,0.32,0.0,0.0,0.0,0.0,0.0
376845,2025-05-21T15:00:00.000000000,0.317,0.0,0.0,0.0,0.0,0.0
376845,2025-05-21T16:00:00.000000000,0.346,0.0,0.0,0.0,0.4311075442233389,0.0
376845,2025-05-21T17:00:00.000000000,0.8760000000000001,0.0,0.0,0.014,0.0,0.0
376845,2025-05-21T18:00:00.000000000,0.47,0.0,0.0,0.011,0.0,0.0
376845,2025-05-21T19:00:00.000000000,0.5920000000000001,0.0,0.0,0.034999999999999996,0.8926944797445889,0.0
376845,2025-05-21T20:00:00.000000000,0.603,0.0,0.0,0.012,0.4944108953805389,0.0
376845,2025-05-21T21:00:00.000000000,0.607,0.0,0.0,0.0,1.4407373809666446,0.0
376845,2025-05-21T22:00:00.000000000,0.474,0.0,0.0,0.0,1.262257099231761,0.0
376845,2025-05-21T23:00:00.000000000,0.40399999999999997,0.020999999999999998,0.0,0.0,1.2361737739864334,0.0
376845,2025-05-22T00:00:00.000000000,0.489,0.123,0.0,0.0,0.4311075442233389,0.0
376845,2025-05-22T01:00:00.000000000,0.42599999999999993,0.091,0.0,0.0,0.0,0.0
376845,2025-05-22T02:00:00.000000000,0.39,0.068,0.0,0.0,0.4750682047491722,0.0
376845,2025-05-22T03:00:00.000000000,0.424,0.09999999999999999,0.0,0.0,0.4311075442233389,0.0
376845,2025-05-22T04:00:00.000000000,0.442,0.12,0.0,0.0,0.0,0.0
376845,2025-05-22T05:00:00.000000000,0.48,0.14100000000000001,0.0,0.0,0.47213749404745,0.0
376845,2025-05-22T06:00:00.000000000,0.5720000000000001,0.192,0.0,0.0,0.48972175825778336,0.0
376845,2025-05-22T07:00:00.000000000,0.5630000000000001,0.20999999999999996,0.0,0.0,0.9249322974635334,0.0
376845,2025-05-22T08:00:00.000000000,0.45899999999999996,0.127,0.0,0.0,0.0,0.0
376845,2025-05-22T09:00:00.000000000,0.44999999999999996,0.06099999999999999,0.0,0.0,2.2179618590633776,0.0
376845,2025-05-22T10:00:00.000000000,0.40900000000000003,0.008,0.0,0.0,2.3879430797632666,0.0
376845,2025-05-22T11:00:00.000000000,0.337,0.0,0.0,0.0,0.9234669421126722,0.0
376845,2025-05-22T12:00:00.000000000,0.319,0.0,0.0,0.0,0.0,0.0
376845,2025-05-22T13:00:00.000000000,0.38300000000000006,0.0,0.0,0.0,0.4753612758193445,0.0
376845,2025-05-22T14:00:00.000000000,0.32,0.0,0.0,0.0,0.0,0.0
376845,2025-05-22T15:00:00.000000000,0.317,0.0,0.0,0.0,1.1227552698297834,0.0
376845,2025-05-22T16:00:00.000000000,0.599,0.0,0.0,0.0,0.0,0.0
376845,2025-05-22T17:00:00.000000000,0.682,0.0,0.0,0.0,0.4311075442233389,0.0
376845,2025-05-22T18:00:00.000000000,0.987,0.0,0.0,0.0,1.4970070264397113,0.0
376845,2025-05-22T19:00:00.000000000,0.754,0.018000000000000002,0.0,0.0,0.5140466570820778,0.0
376845,2025-05-22T20:00:00.000000000,1.099,0.223,0.0,0.0,3.9350652592024282,0.0
376845,2025-05-22T21:00:00.000000000,0.648,0.035,0.0,0.0,1.4211016192651056,0.0
376845,2025-05-22T22:00:00.000000000,0.661,0.09999999999999999,0.0,0.0,1.7121211919461223,0.0
376845,2025-05-22T23:00:00.000000000,0.652,0.19399999999999998,0.0,0.0,0.9252253685337055,0.0
376845,2025-05-23T00:00:00.000000000,0.726,0.30800000000000005,0.0,0.0,0.0,0.0
376845,2025-05-23T01:00:00.000000000,0.659,0.305,0.0,0.0,0.4311075442233389,0.0
376845,2025-05-23T02:00:00.000000000,0.664,0.318,0.0,0.0,0.0,0.0
376845,2025-05-23T03:00:00.000000000,0.7049999999999998,0.355,0.0,0.0,0.052459721560827774,0.0
376845,2025-05-23T04:00:00.000000000,0.7429999999999999,0.391,0.0,0.0,0.3786478226625111,0.0
376845,2025-05-23T05:00:00.000000000,0.7630000000000001,0.397,0.0,0.0,0.49030790039812777,0.0
376845,2025-05-23T06:00:00.000000000,0.827,0.424,0.0,0.0,1.0278002430939834,0.0
376845,2025-05-23T07:00:00.000000000,0.857,0.456,0.0,0.0,0.4311075442233389,0.0
376845,2025-05-23T08:00:00.000000000,0.872,0.423,0.0,0.0,0.4885494739770945,0.0
376845,2025-05-23T09:00:00.000000000,0.839,0.394,0.0,0.0,0.4519155902055667,0.0
376845,2025-05-23T10:00:00.000000000,0.7770000000000001,0.341,0.0,0.0,1.0582796343918945,0.0
376845,2025-05-23T11:00:00.000000000,0.635,0.21200000000000002,0.0,0.0,0.0,0.0
376845,2025-05-23T12:00:00.000000000,0.539,0.18000000000000002,0.0,0.0,0.4311075442233389,0.0
376845,2025-05-23T13:00:00.000000000,0.484,0.149,0.0,0.0,0.4519155902055667,0.0
376845,2025-05-23T14:00:00.000000000,0.469,0.135,0.0,0.0,0.0,0.0
376845,2025-05-23T15:00:00.000000000,0.52,0.12100000000000001,0.0,0.0,0.4311075442233389,0.0
376845,2025-05-23T16:00:00.000000000,0.541,0.092,0.0,0.0,0.4519155902055667,0.0
376845,2025-05-23T17:00:00.000000000,0.508,0.055,0.0,0.0,0.9243461553231889,0.0
376845,2025-05-23T18:00:00.000000000,0.36000000000000004,0.019000000000000003,0.0,0.0,0.4955831796612278,0.0
376845,2025-05-23T19:00:00.000000000,0.359,0.019999999999999997,0.0,0.0,0.47477513367900004,0.0
376845,2025-05-23T20:00:00.000000000,0.533,0.091,0.0,0.0,0.905882677902339,0.0
376845,2025-05-23T21:00:00.000000000,0.654,0.16399999999999998,0.0,0.0,0.0,0.0
376845,2025-05-23T22:00:00.000000000,0.6759999999999999,0.237,0.0,0.0,0.4311075442233389,0.0
376845,2025-05-23T23:00:00.000000000,0.6759999999999999,0.31999999999999995,0.0,0.0,0.0,0.0
376845,2025-05-24T00:00:00.000000000,0.842,0.453,0.0,0.0,0.4311075442233389,0.0
376845,2025-05-24T01:00:00.000000000,0.849,0.473,0.0,0.0,0.0,0.0
376845,2025-05-24T02:00:00.000000000,0.864,0.494,0.0,0.0,0.0,0.0
376845,2025-05-24T03:00:00.000000000,0.896,0.525,0.0,0.0,0.4311075442233389,0.0
376845,2025-05-24T04:00:00.000000000,1.2289999999999999,0.808,0.0,0.0,0.0,0.0
376845,2025-05-24T05:00:00.000000000,1.222,0.8050000000000002,0.0,0.0,0.4311075442233389,0.0
376845,2025-05-24T06:00:00.000000000,0.952,0.56,0.0,0.0,0.0,0.0
376845,2025-05-24T07:00:00.000000000,0.7430000000000001,0.317,0.0,0.0,0.9867702932698723,0.0
376845,2025-05-24T08:00:00.000000000,0.638,0.152,0.0,0.0,1.531296341649861,0.0
376845,2025-05-24T09:00:00.000000000,0.538,0.10200000000000001,0.0,0.0,1.0131466895853722,0.0
376845,2025-05-24T10:00:00.000000000,0.489,0.08,0.0,0.0,1.5828768500001722,0.0
376845,2025-05-24T11:00:00.000000000,0.424,0.022000000000000002,0.0,0.0,0.030186320227738886,0.0
376845,2025-05-24T12:00:00.000000000,0.42700000000000005,0.021,0.0,0.0,2.2584056667471444,0.0
376845,2025-05-24T13:00:00.000000000,0.389,0.005,0.0,0.0,2.029224089872467,0.0
376845,2025-05-24T14:00:00.000000000,0.32,0.0,0.0,0.0,1.7197410397706,0.0
376845,2025-05-24T15:00:00.000000000,0.5680000000000001,0.0,0.0,0.0,0.0,0.0
376845,2025-05-24T16:00:00.000000000,1.2100000000000002,0.0,0.0,0.0,0.4401927473986778,0.0
376845,2025-05-24T17:00:00.000000000,0.511,0.0,0.0,0.0,1.2651878099334835,0.0
376845,2025-05-24T18:00:00.000000000,0.427,0.0,0.0,0.0,0.0,0.0
376845,2025-05-24T19:00:00.000000000,0.577,0.0,0.0,0.0,0.4311075442233389,0.0
376845,2025-05-24T20:00:00.000000000,0.462,0.0,0.0,0.0,0.0,0.0
376845,2025-05-24T21:00:00.000000000,0.473,0.0,0.0,0.0,0.9263976528143945,0.0
376845,2025-05-24T22:00:00.000000000,0.384,0.016,0.0,0.0,0.9410512063230057,0.0
376845,2025-05-24T23:00:00.000000000,0.40199999999999997,0.07100000000000001,0.0,0.0,0.0,0.0
376845,2025-05-25T00:00:00.000000000,0.524,0.16399999999999998,0.0,0.0,0.4519155902055667,0.0
376845,2025-05-25T01:00:00.000000000,0.508,0.16499999999999998,0.0,0.0,0.0,0.0
376845,2025-05-25T02:00:00.000000000,0.5810000000000001,0.242,0.0,0.0,0.4311075442233389,0.0
376845,2025-05-25T03:00:00.000000000,0.659,0.316,0.0,0.0,0.0,0.0
376845,2025-05-25T04:00:00.000000000,0.7290000000000001,0.38,0.0,0.0,0.0,0.0
376845,2025-05-25T05:00:00.000000000,0.776,0.42,0.0,0.0,0.4311075442233389,0.0
376845,2025-05-25T06:00:00.000000000,0.734,0.37100000000000005,0.0,0.0,0.0,0.0
376845,2025-05-25T07:00:00.000000000,0.861,0.18300000000000002,0.0,0.0,0.9463264855861055,0.0
376845,2025-05-25T08:00:00.000000000,0.645,0.014,0.0,0.0,0.0,0.0
376845,2025-05-25T09:00:00.000000000,0.404,0.0,0.0,0.0,0.0,0.0
376845,2025-05-25T10:00:00.000000000,0.554,0.0,0.0,0.0,0.4311075442233389,0.0
376845,2025-05-25T11:00:00.000000000,0.904,0.0,0.0,0.0,0.9102787439549223,0.0
376845,2025-05-25T12:00:00.000000000,0.36100000000000004,0.0,0.0,0.0,0.919070876060089,0.0
376845,2025-05-25T13:00:00.000000000,0.32,0.0,0.0,0.0,0.4308144731531667,0.0
376845,2025-05-25T14:00:00.000000000,0.32,0.0,0.0,0.0,0.9302075767266333,0.0
376845,2025-05-25T15:00:00.000000000,0.32599999999999996,0.0,0.0,0.007,1.0017169178486556,0.0
376845,2025-05-25T16:00:00.000000000,0.391,0.0,0.0,0.04,0.4516225191353944,0.0
376845,2025-05-25T17:00:00.000000000,0.5,0.0,0.0,0.087,0.0,0.0
376845,2025-05-25T18:00:00.000000000,0.606,0.0,0.0,0.09800000000000002,0.18023870815591667,0.0
376845,2025-05-25T19:00:00.000000000,0.533,0.0,0.0,0.062,0.25057576499725,0.0
376845,2025-05-25T20:00:00.000000000,0.469,0.0,0.0,0.032,0.0,0.0
376845,2025-05-25T21:00:00.000000000,0.443,0.0,0.0,0.002,0.4308144731531667,0.0
376845,2025-05-25T22:00:00.000000000,0.43999999999999995,0.0,0.0,0.0,0.9589285416035112,0.0
376845,2025-05-25T23:00:00.000000000,0.38,0.0,0.0,0.0,1.6341642872803113,0.0
376845,2025-05-26T00:00:00.000000000,0.37,0.0,0.0,0.0,0.9401719931124889,0.0
376845,2025-05-26T01:00:00.000000000,0.341,0.002,0.0,0.0,0.9603938969543723,0.0
376845,2025-05-26T02:00:00.000000000,0.33999999999999997,0.017,0.0,0.0,0.0,0.0
376845,2025-05-26T03:00:00.000000000,0.382,0.063,0.0,0.0,0.4311075442233389,0.0
376845,2025-05-26T04:00:00.000000000,0.428,0.106,0.0,0.0,0.0,0.0
376845,2025-05-26T05:00:00.000000000,0.482,0.155,0.0,0.0,0.43110754422333886,0.0
376845,2025-05-26T06:00:00.000000000,0.492,0.161,0.0,0.0,0.0,0.0
376845,2025-05-26T07:00:00.000000000,0.479,0.146,0.0,0.0,0.0,0.0
376845,2025-05-26T08:00:00.000000000,0.471,0.11800000000000001,0.0,0.0,0.4311075442233389,0.0
376845,2025-05-26T09:00:00.000000000,0.46799999999999997,0.059,0.0,0.0,0.0,0.0
376845,2025-05-26T10:00:00.000000000,0.481,0.018000000000000002,0.0,0.0,0.4311075442233389,0.0
376845,2025-05-26T11:00:00.000000000,0.483,0.0,0.0,0.0,0.0,0.0
376845,2025-05-26T12:00:00.000000000,0.49,0.0,0.0,0.0,0.0,0.0
376845,2025-05-26T13:00:00.000000000,0.492,0.0,0.0,0.0,0.4311075442233389,0.0
376845,2025-05-26T14:00:00.000000000,0.929,0.0,0.0,0.0,0.44810566629332776,0.0
376845,2025-05-26T15:00:00.000000000,0.493,0.0,0.0,0.0,0.4311075442233389,0.0
376845,2025-05-26T16:00:00.000000000,0.46299999999999997,0.0,0.0,0.0,0.0,0.0
376845,2025-05-26T17:00:00.000000000,0.449,0.0,0.0,0.0,1.1166007773561666,0.0
376845,2025-05-26T18:00:00.000000000,0.671,0.0,0.0,0.0,0.9038311804111334,0.0
376845,2025-05-26T19:00:00.000000000,0.577,0.0,0.0,0.0,0.9729959529717778,0.0
376845,2025-05-26T20:00:00.000000000,0.588,0.0,0.0,0.0,1.45333943698405,0.0
376845,2025-05-26T21:00:00.000000000,0.607,0.0,0.0,0.0,0.43433132599523333,0.0
376845,2025-05-26T22:00:00.000000000,0.677,0.0,0.0,0.0,0.5058406671172555,0.0
376845,2025-05-26T23:00:00.000000000,0.874,0.0,0.0,0.0,0.9404650641826611,0.0
376845,2025-05-27T00:00:00.000000000,0.39999999999999997,0.052,0.0,0.0,0.49939310357346667,0.0
376845,2025-05-27T01:00:00.000000000,0.377,0.047,0.0,0.0,0.9302075767266333,0.0
376845,2025-05-27T02:00:00.000000000,0.381,0.06,0.0,0.0,0.0,0.0
376845,2025-05-27T03:00:00.000000000,0.385,0.066,0.0,0.0,0.15151774327903889,0.0
376845,2025-05-27T04:00:00.000000000,0.408,0.087,0.0,0.0,0.2792967298741278,0.0
376845,2025-05-27T05:00:00.000000000,0.423,0.102,0.0,0.0,0.0,0.0
376845,2025-05-27T06:00:00.000000000,0.48,0.115,0.0,0.0,0.4311075442233389,0.0
376845,2025-05-27T07:00:00.000000000,0.525,0.119,0.0,0.0,0.4914801846788167,0.0
376845,2025-05-27T08:00:00.000000000,0.507,0.09300000000000001,0.0,0.0,0.4516225191353944,0.0
376845,2025-05-27T09:00:00.000000000,1.242,0.099,0.0,0.0,2.6095048088134667,0.0
376845,2025-05-27T10:00:00.000000000,0.983,0.08399999999999999,0.0,0.0,2.7771414609519782,0.0
376845,2025-05-27T11:00:00.000000000,0.51,0.062,0.0,0.0,1.4562701476857722,0.0
376845,2025-05-27T12:00:00.000000000,0.56,0.064,0.0,0.0,0.4765335601000333,0.0
376845,2025-05-27T13:00:00.000000000,0.6130000000000001,0.11000000000000001,0.0,0.0,1.5444845398076112,0.0
376845,2025-05-27T14:00:00.000000000,0.7130000000000001,0.223,0.0,0.0,0.9231738710425,0.0
376845,2025-05-27T15:00:00.000000000,0.7899999999999999,0.271,0.0,0.0,0.9838395825681501,0.0
376845,2025-05-27T16:00:00.000000000,0.9919999999999999,0.332,0.0,0.0,1.3405070749677446,0.0
376845,2025-05-27T17:00:00.000000000,0.8180000000000001,0.23299999999999998,0.0,0.0,1.6066156066841222,0.0
376845,2025-05-27T18:00:00.000000000,0.879,0.272,0.0,0.0,0.9589285416035109,0.0
376845,2025-05-27T19:00:00.000000000,0.991,0.37,0.0,0.0,1.7806998223664223,0.0
376845,2025-05-27T20:00:00.000000000,0.9219999999999999,0.3,0.0,0.0,0.9190708760600889,0.0
376845,2025-05-27T21:00:00.000000000,0.879,0.244,0.0,0.0,1.1860586209869832,0.0
376845,2025-05-27T22:00:00.000000000,0.842,0.263,0.0,0.0,0.0,0.0
376845,2025-05-27T23:00:00.000000000,0.706,0.29100000000000004,0.0,0.0,1.4249115431773445,0.0
376845,2025-05-28T00:00:00.000000000,0.728,0.33599999999999997,0.0,0.0,0.0,0.0
376845,2025-05-28T01:00:00.000000000,0.676,0.316,0.0,0.0,0.0,0.0
376845,2025-05-28T02:00:00.000000000,0.658,0.308,0.0,0.0,0.4311075442233389,0.0
376845,2025-05-28T03:00:00.000000000,0.662,0.314,0.0,0.0,0.0,0.0
376845,2025-05-28T04:00:00.000000000,0.667,0.32,0.0,0.0,0.0,0.0
376845,2025-05-28T05:00:00.000000000,0.7130000000000001,0.361,0.0,0.0,0.4311075442233389,0.0
376845,2025-05-28T06:00:00.000000000,0.804,0.39,0.0,0.0,0.9331382874283556,0.0
376845,2025-05-28T07:00:00.000000000,0.879,0.372,0.0,0.0,0.9231738710425,0.0
376845,2025-05-28T08:00:00.000000000,1.428,0.263,0.0,0.0,0.49323861109985,0.0
376845,2025-05-28T09:00:00.000000000,1.6529999999999998,0.237,0.0,0.0,0.0,0.0
376845,2025-05-28T10:00:00.000000000,0.653,0.302,0.0,0.0,0.4311075442233389,0.0
376845,2025-05-28T11:00:00.000000000,0.669,0.315,0.0,0.0,0.9776850900945333,0.0
376845,2025-05-28T12:00:00.000000000,0.6759999999999999,0.32199999999999995,0.0,0.0,0.4516225191353944,0.0
376845,2025-05-28T13:00:00.000000000,0.7550000000000001,0.39,0.0,0.0,0.44927795057401665,0.0
376845,2025-05-28T14:00:00.000000000,0.85,0.479,0.0,0.0,0.0,0.0
376845,2025-05-28T15:00:00.000000000,0.8440000000000001,0.475,0.0,0.0,0.4311075442233389,0.0
376845,2025-05-28T16:00:00.000000000,1.5859999999999999,0.36800000000000005,0.0,0.0,0.0,0.0
376845,2025-05-28T17:00:00.000000000,1.126,0.35600000000000004,0.0,0.0,0.0,0.0
376845,2025-05-28T18:00:00.000000000,0.9179999999999999,0.30700000000000005,0.0,0.0,0.4311075442233389,0.0
376845,2025-05-28T19:00:00.000000000,0.976,0.35600000000000004,0.0,0.0,0.0,0.0
376845,2025-05-28T20:00:00.000000000,0.884,0.267,0.0,0.0,0.47389592046848333,0.0
376845,2025-05-28T21:00:00.000000000,0.895,0.256,0.0,0.0,0.0,0.0
376845,2025-05-28T22:00:00.000000000,0.7450000000000001,0.241,0.0,0.0,0.9477918409369667,0.0
376845,2025-05-28T23:00:00.000000000,0.63,0.233,0.0,0.0,0.4360897524162667,0.0
376845,2025-05-29T00:00:00.000000000,0.6619999999999999,0.28900000000000003,0.0,0.0,0.4311075442233389,0.0
376845,2025-05-29T01:00:00.000000000,0.611,0.258,0.0,0.0,0.0,0.0
376845,2025-05-29T02:00:00.000000000,0.594,0.251,0.0,0.0,0.0,0.0
376845,2025-05-29T03:00:00.000000000,0.653,0.30900000000000005,0.0,0.0,0.4311075442233389,0.0
376845,2025-05-29T04:00:00.000000000,0.7389999999999999,0.387,0.0,0.0,0.0,0.0
376845,2025-05-29T05:00:00.000000000,0.8059999999999999,0.445,0.0,0.0,0.0,0.0
376845,2025-05-29T06:00:00.000000000,1.412,0.335,0.0,0.0,0.4311075442233389,0.0
376845,2025-05-29T07:00:00.000000000,0.787,0.20299999999999999,0.0,0.0,0.0,0.0
376845,2025-05-29T08:00:00.000000000,0.42400000000000004,0.094,0.0,0.0,0.4311075442233389,0.0
376845,2025-05-29T09:00:00.000000000,0.35400000000000004,0.031999999999999994,0.0,0.0,0.0,0.0
376845,2025-05-29T10:00:00.000000000,0.325,0.008,0.0,0.0,0.47389592046848333,0.0
376845,2025-05-29T11:00:00.000000000,0.316,0.0,0.0,0.0,0.0,0.0
376845,2025-05-29T12:00:00.000000000,0.319,0.0,0.0,0.0,0.4311075442233389,0.0
376845,2025-05-29T13:00:00.000000000,0.32,0.0,0.0,0.0,0.0,0.0
376845,2025-05-29T14:00:00.000000000,0.32,0.0,0.0,0.0,0.0,0.0
376845,2025-05-29T15:00:00.000000000,0.413,0.0,0.0,0.007,0.4311075442233389,0.0
376845,2025-05-29T16:00:00.000000000,0.507,0.0,0.0,0.05700000000000001,0.0,0.0
376845,2025-05-29T17:00:00.000000000,0.551,0.0,0.0,0.088,0.4308144731531667,0.0
376845,2025-05-29T18:00:00.000000000,0.58,0.0,0.0,0.103,0.0,0.0
376845,2025-05-29T19:00:00.000000000,0.7030000000000001,0.0,0.0,0.10399999999999998,1.788612741261072,0.0
376845,2025-05-29T20:00:00.000000000,0.6859999999999999,0.0,0.0,0.082,0.945740343445761,0.0
376845,2025-05-29T21:00:00.000000000,0.647,0.0,0.0,0.033,1.5022823057028112,0.0
376845,2025-05-29T22:00:00.000000000,0.474,0.0,0.0,0.0,0.91526095214785,0.0
376845,2025-05-29T23:00:00.000000000,0.34700000000000003,0.0,0.0,0.0,0.0,0.0
376845,2025-05-30T00:00:00.000000000,0.39999999999999997,0.053,0.0,0.0,0.45132944806522224,0.0
376845,2025-05-30T01:00:00.000000000,0.427,0.093,0.0,0.0,0.0,0.0
376845,2025-05-30T02:00:00.000000000,0.452,0.124,0.0,0.0,0.45132944806522224,0.0
376845,2025-05-30T03:00:00.000000000,0.532,0.20099999999999998,0.0,0.0,0.0,0.0
376845,2025-05-30T04:00:00.000000000,0.576,0.243,0.0,0.0,0.4311075442233389,0.0
376845,2025-05-30T05:00:00.000000000,0.593,0.255,0.0,0.0,0.0,0.0
376845,2025-05-30T06:00:00.000000000,0.5780000000000001,0.2,0.0,0.0,1.0289725273746722,0.0
376845,2025-05-30T07:00:00.000000000,0.83,0.025,0.0,0.0,0.39886972650439445,0.0
376845,2025-05-30T08:00:00.000000000,0.42500000000000004,0.0,0.0,0.0,0.0,0.0
376845,2025-05-30T09:00:00.000000000,0.493,0.0,0.0,0.003,0.9756335926033277,0.0
376845,2025-05-30T10:00:00.000000000,0.46199999999999997,0.0,0.0,0.035,2.129747466941539,0.0
376845,2025-05-30T11:00:00.000000000,0.514,0.0,0.0,0.097,0.9659622472876446,0.0
376845,2025-05-30T12:00:00.000000000,0.509,0.0,0.0,0.10700000000000001,2.077580816450883,0.0
376845,2025-05-30T13:00:00.000000000,0.466,0.0,0.0,0.123,0.0,0.0
376845,2025-05-30T14:00:00.000000000,0.47,0.0,0.0,0.127,0.4308144731531667,0.0
376845,2025-05-30T15:00:00.000000000,0.483,0.0,0.0,0.139,0.9284491503056,0.0
376845,2025-05-30T16:00:00.000000000,0.591,0.0,0.0,0.188,1.2561026067581444,0.0
376845,2025-05-30T17:00:00.000000000,0.601,0.0,0.0,0.221,0.4308144731531667,0.0
376845,2025-05-30T18:00:00.000000000,0.752,0.0,0.0,0.273,0.0,0.0
376845,2025-05-30T19:00:00.000000000,0.9219999999999999,0.0,0.0,0.288,0.0,0.0
376845,2025-05-30T20:00:00.000000000,0.865,0.0,0.0,0.23199999999999998,0.4308144731531667,0.0
376845,2025-05-30T21:00:00.000000000,0.7950000000000002,0.0,0.0,0.155,0.0,0.0
376845,2025-05-30T22:00:00.000000000,0.522,0.0,0.0,0.068,0.9472056987966222,0.0
376845,2025-05-30T23:00:00.000000000,0.37700000000000006,0.0,0.0,0.005,0.5043753117663945,0.0
376845,2025-05-31T00:00:00.000000000,0.34099999999999997,0.0,0.0,0.0,0.4308144731531667,0.0
376845,2025-05-31T01:00:00.000000000,0.324,0.0,0.0,0.0,0.4311075442233389,0.0
376845,2025-05-31T02:00:00.000000000,0.313,0.0,0.0,0.0,0.4976346771524333,0.0
376845,2025-05-31T03:00:00.000000000,0.312,0.0,0.0,0.0,0.4733097783281389,0.0
376845,2025-05-31T04:00:00.000000000,0.317,0.007,0.0,0.0,0.0,0.0
376845,2025-05-31T05:00:00.000000000,0.36,0.045,0.0,0.0,0.4311075442233389,0.0
376845,2025-05-31T06:00:00.000000000,0.333,0.02,0.0,0.0,0.0,0.0
376845,2025-05-31T07:00:00.000000000,0.399,0.0,0.0,0.0,0.9879425775505611,0.0
376845,2025-05-31T08:00:00.000000000,0.403,0.0,0.0,0.0,1.6400257086837557,0.0
376845,2025-05-31T09:00:00.000000000,0.364,0.0,0.0,0.036,0.0,0.0
376845,2025-05-31T10:00:00.000000000,0.414,0.0,0.0,0.082,0.0,0.0
376845,2025-05-31T11:00:00.000000000,0.476,0.0,0.0,0.136,0.4308144731531667,0.0
376845,2025-05-31T12:00:00.000000000,0.6200000000000001,0.0,0.0,0.201,0.4730167072579667,0.0
376845,2025-05-31T13:00:00.000000000,0.671,0.0,0.0,0.224,0.0,0.0
376845,2025-05-31T14:00:00.000000000,0.659,0.0,0.0,0.235,0.4308144731531667,0.0
376845,2025-05-31T15:00:00.000000000,0.603,0.0,0.0,0.241,0.0,0.0
376845,2025-05-31T16:00:00.000000000,0.654,0.0,0.0,0.262,0.0,0.0
376845,2025-05-31T17:00:00.000000000,0.772,0.0,0.0,0.274,0.9266907238845667,0.0
376845,2025-05-31T18:00:00.000000000,1.6139999999999999,0.0,0.0,0.32,2.1115770605908613,0.0
376845,2025-05-31T19:00:00.000000000,0.8540000000000001,0.0,0.0,0.257,0.47418899153865557,0.0
376845,2025-05-31T20:00:00.000000000,0.62,0.0,0.0,0.18400000000000002,0.4308144731531667,0.0
376845,2025-05-31T21:00:00.000000000,0.673,0.0,0.0,0.167,0.49734160608226113,0.0
376845,2025-05-31T22:00:00.000000000,0.609,0.0,0.0,0.14,0.9946832121645223,0.0
376845,2025-05-31T23:00:00.000000000,0.504,0.0,0.0,0.10099999999999999,0.9618592523052334,0.0
376845,2025-06-01T00:00:00.000000000,0.391,0.0,0.0,0.028999999999999998,0.9269837949547388,0.0
376845,2025-06-01T01:00:00.000000000,0.324,0.0,0.0,0.0,1.0386438726903555,0.0
376845,2025-06-01T02:00:00.000000000,0.316,0.0,0.0,0.0,0.0,0.0
376845,2025-06-01T03:00:00.000000000,0.313,0.0,0.0,0.0,0.4311075442233389,0.0
376845,2025-06-01T04:00:00.000000000,0.309,0.0,0.0,0.0,0.0,0.0
376845,2025-06-01T05:00:00.000000000,0.312,0.003,0.0,0.0,0.0,0.0
376845,2025-06-01T06:00:00.000000000,0.32299999999999995,0.004,0.0,0.0,0.4311075442233389,0.0
376845,2025-06-01T07:00:00.000000000,0.323,0.0,0.0,0.0,0.4911871136086444,0.0
376845,2025-06-01T08:00:00.000000000,0.319,0.0,0.0,0.0,0.4311075442233389,0.0
376845,2025-06-01T09:00:00.000000000,0.362,0.0,0.0,0.0,1.0380577305500112,0.0
376845,2025-06-01T10:00:00.000000000,0.381,0.0,0.0,0.006,1.4668207062119722,0.0
376845,2025-06-01T11:00:00.000000000,0.383,0.0,0.0,0.009000000000000001,2.1262306140994722,0.0
376845,2025-06-01T12:00:00.000000000,0.335,0.0,0.0,0.001,0.4917732557489889,0.0
376845,2025-06-01T13:00:00.000000000,0.358,0.0,0.0,0.032,0.5319239923625834,0.0
376845,2025-06-01T14:00:00.000000000,0.381,0.0,0.0,0.052000000000000005,0.33849708604891665,0.0
376845,2025-06-01T15:00:00.000000000,0.41,0.0,0.0,0.052,0.45074330592487777,0.0
376845,2025-06-01T16:00:00.000000000,0.492,0.0,0.0,0.068,0.4970485350120889,0.0
376845,2025-06-01T17:00:00.000000000,0.8069999999999999,0.0,0.0,0.101,0.4308144731531667,0.0
376845,2025-06-01T18:00:00.000000000,0.7310000000000001,0.0,0.0,0.057,3.438895937400855,0.0
376845,2025-06-01T19:00:00.000000000,0.549,0.0,0.0,0.052,0.4308144731531667,0.0
376845,2025-06-01T20:00:00.000000000,0.544,0.0,0.0,0.045000000000000005,0.0,0.0
376845,2025-06-01T21:00:00.000000000,0.461,0.0,0.0,0.023,1.5386231184041665,0.0
376845,2025-06-01T22:00:00.000000000,0.41300000000000003,0.0,0.0,0.004,0.0,0.0
376845,2025-06-01T23:00:00.000000000,0.34,0.0,0.0,0.0,0.4730167072579667,0.0
376845,2025-06-02T00:00:00.000000000,0.34099999999999997,0.0,0.0,0.0,0.0,0.0
376845,2025-06-02T01:00:00.000000000,0.324,0.0,0.0,0.0,0.47272363618779445,0.0
376845,2025-06-02T02:00:00.000000000,0.321,0.005,0.0,0.0,0.4311075442233389,0.0
376845,2025-06-02T03:00:00.000000000,0.454,0.131,0.0,0.0,0.0,0.0
376845,2025-06-02T04:00:00.000000000,0.5640000000000001,0.238,0.0,0.0,0.0,0.0
376845,2025-06-02T05:00:00.000000000,0.636,0.296,0.0,0.0,0.4311075442233389,0.0
376845,2025-06-02T06:00:00.000000000,0.6839999999999999,0.314,0.0,0.0,0.0,0.0
376845,2025-06-02T07:00:00.000000000,0.646,0.252,0.0,0.0,0.9498433384281721,0.0
376845,2025-06-02T08:00:00.000000000,0.42699999999999994,0.04499999999999999,0.0,0.0,1.1500108793558,0.0
376845,2025-06-02T09:00:00.000000000,0.419,0.0,0.0,0.0,0.9149678810776778,0.0
376845,2025-06-02T10:00:00.000000000,0.856,0.0,0.0,0.0,0.9120371703759556,0.0
376845,2025-06-02T11:00:00.000000000,0.428,0.0,0.0,0.0,0.4425373159600556,0.0
376845,2025-06-02T12:00:00.000000000,0.434,0.0,0.0,0.0,0.0,0.0
376845,2025-06-02T13:00:00.000000000,0.445,0.0,0.0,0.009000000000000001,0.9322590742178389,0.0
376845,2025-06-02T14:00:00.000000000,0.458,0.0,0.0,0.023,1.6772457345956278,0.0
376845,2025-06-02T15:00:00.000000000,0.45299999999999996,0.0,0.0,0.052,0.9527740491298944,0.0
376845,2025-06-02T16:00:00.000000000,0.506,0.0,0.0,0.07899999999999999,0.47272363618779445,0.0
376845,2025-06-02T17:00:00.000000000,0.552,0.0,0.0,0.113,0.9999584914276223,0.0
376845,2025-06-02T18:00:00.000000000,0.6239999999999999,0.0,0.0,0.14900000000000002,0.47272363618779445,0.0
376845,2025-06-02T19:00:00.000000000,1.555,0.0,0.0,0.171,1.4715098433347278,0.0
376845,2025-06-02T20:00:00.000000000,0.616,0.0,0.0,0.108,0.4730167072579667,0.0
376845,2025-06-02T21:00:00.000000000,0.46699999999999997,0.0,0.0,0.028,1.50609222961505,0.0
376845,2025-06-02T22:00:00.000000000,0.40900000000000003,0.0,0.0,0.0,0.45074330592487777,0.0
376845,2025-06-02T23:00:00.000000000,0.358,0.0,0.0,0.0,0.49675546394191666,0.0
376845,2025-06-03T00:00:00.000000000,0.35,0.0,0.0,0.0,0.4311075442233389,0.0
376845,2025-06-03T01:00:00.000000000,0.382,0.053000000000000005,0.0,0.0,0.0,0.0
376845,2025-06-03T02:00:00.000000000,0.45799999999999996,0.133,0.0,0.0,0.0,0.0
376845,2025-06-03T03:00:00.000000000,0.545,0.214,0.0,0.0,0.4311075442233389,0.0
376845,2025-06-03T04:00:00.000000000,0.597,0.261,0.0,0.0,0.0,0.0
376845,2025-06-03T05:00:00.000000000,0.623,0.28500000000000003,0.0,0.0,0.34201393889098336,0.0
376845,2025-06-03T06:00:00.000000000,0.558,0.223,0.0,0.0,0.08909360533235555,0.0
376845,2025-06-03T07:00:00.000000000,0.40800000000000003,0.044,0.0,0.0,0.9513086937790334,0.0
376845,2025-06-03T08:00:00.000000000,0.532,0.0,0.0,0.0,0.4560185851879778,0.0
376845,2025-06-03T09:00:00.000000000,1.084,0.0,0.0,0.004,0.4472264530828111,0.0
376845,2025-06-03T10:00:00.000000000,0.412,0.0,0.0,0.033,0.0,0.0
376845,2025-06-03T11:00:00.000000000,0.949,0.0,0.0,0.092,0.8815577790780444,0.0
376845,2025-06-03T12:00:00.000000000,1.564,0.0,0.0,0.16899999999999998,2.19187853381805,0.0
376845,2025-06-03T13:00:00.000000000,0.891,0.0,0.0,0.162,2.774503821320428,0.0
376845,2025-06-03T14:00:00.000000000,0.537,0.0,0.0,0.136,0.0,0.0
376845,2025-06-03T15:00:00.000000000,0.6340000000000001,0.0,0.0,0.178,0.4308144731531667,0.0
376845,2025-06-03T16:00:00.000000000,0.673,0.0,0.0,0.22,0.2696253845584445,0.0
376845,2025-06-03T17:00:00.000000000,0.698,0.0,0.0,0.238,0.8211851386225667,0.0
376845,2025-06-03T18:00:00.000000000,0.7150000000000001,0.0,0.0,0.246,0.4308144731531667,0.0
376845,2025-06-03T19:00:00.000000000,0.68,0.0,0.0,0.21699999999999997,0.5228387891872445,0.0
376845,2025-06-03T20:00:00.000000000,0.732,0.0,0.0,0.18300000000000002,0.9184847339197446,0.0
376845,2025-06-03T21:00:00.000000000,0.616,0.0,0.0,0.131,0.0,0.0
376845,2025-06-03T22:00:00.000000000,0.522,0.0,0.0,0.09200000000000001,0.47243056511762227,0.0
376845,2025-06-03T23:00:00.000000000,0.41300000000000003,0.0,0.0,0.046,0.4308144731531667,0.0
376845,2025-06-04T00:00:00.000000000,0.356,0.0,0.0,0.005,0.0,0.0
376845,2025-06-04T01:00:00.000000000,0.319,0.0,0.0,0.0,0.0,0.0
376845,2025-06-04T02:00:00.000000000,0.306,0.0,0.0,0.0,0.4311075442233389,0.0
376845,2025-06-04T03:00:00.000000000,0.313,0.0,0.0,0.0,0.0,0.0
376845,2025-06-04T04:00:00.000000000,0.3,0.0,0.0,0.0,0.2728491663303389,0.0
376845,2025-06-04T05:00:00.000000000,0.305,0.0,0.0,0.0,0.158258377893,0.0
376845,2025-06-04T06:00:00.000000000,1.852,0.0,0.0,0.0,0.0,0.0
376845,2025-06-04T07:00:00.000000000,0.43300000000000005,0.0,0.0,0.0,0.4311075442233389,0.0
376845,2025-06-04T08:00:00.000000000,0.319,0.0,0.0,0.0,0.0,0.0
376845,2025-06-04T09:00:00.000000000,0.35,0.0,0.0,0.024,0.45074330592487777,0.0
376845,2025-06-04T10:00:00.000000000,0.417,0.0,0.0,0.083,0.9683068158490222,0.0
376845,2025-06-04T11:00:00.000000000,0.489,0.0,0.0,0.14500000000000002,0.0,0.0
376845,2025-06-04T12:00:00.000000000,0.537,0.0,0.0,0.185,0.4308144731531667,0.0
376845,2025-06-04T13:00:00.000000000,0.623,0.0,0.0,0.245,0.0,0.0
376845,2025-06-04T14:00:00.000000000,1.196,0.0,0.0,0.34900000000000003,0.0,0.0
376845,2025-06-04T15:00:00.000000000,0.77,0.0,0.0,0.334,0.4308144731531667,0.0
376845,2025-06-04T16:00:00.000000000,0.839,0.0,0.0,0.393,0.0,0.0
376845,2025-06-04T17:00:00.000000000,1.379,0.0,0.0,0.469,0.4864979764858889,0.0
376845,2025-06-04T18:00:00.000000000,0.9119999999999999,0.0,0.0,0.41600000000000004,0.9299145056564612,0.0
376845,2025-06-04T19:00:00.000000000,0.868,0.0,0.0,0.323,0.46158693552125,0.0
376845,2025-06-04T20:00:00.000000000,0.8090000000000002,0.0,0.0,0.247,0.8812647080078722,0.0
376845,2025-06-04T21:00:00.000000000,0.7210000000000001,0.0,0.0,0.202,0.6429979279578555,0.0
376845,2025-06-04T22:00:00.000000000,0.5720000000000001,0.0,0.0,0.181,0.27958980094429997,0.0
376845,2025-06-04T23:00:00.000000000,0.494,0.0,0.0,0.14300000000000002,0.45045023485470553,0.0
376845,2025-06-05T00:00:00.000000000,0.447,0.0,0.0,0.08700000000000001,0.0,0.0
376845,2025-06-05T01:00:00.000000000,0.37500000000000006,0.0,0.0,0.041999999999999996,0.4308144731531667,0.0
376845,2025-06-05T02:00:00.000000000,0.32699999999999996,0.0,0.0,0.009,0.0,0.0
376845,2025-06-05T03:00:00.000000000,0.34,0.0,0.0,0.023,0.0,0.0
376845,2025-06-05T04:00:00.000000000,0.309,0.0,0.0,0.0,0.4308144731531667,0.0
376845,2025-06-05T05:00:00.000000000,0.308,0.0,0.0,0.0,0.0,0.0
376845,2025-06-05T06:00:00.000000000,1.161,0.0,0.0,0.023,0.0,0.0
376845,2025-06-05T07:00:00.000000000,0.36,0.0,0.0,0.0,1.429893751370272,0.0
376845,2025-06-05T08:00:00.000000000,0.636,0.0,0.0,0.02,0.4733097783281389,0.0
376845,2025-06-05T09:00:00.000000000,0.635,0.0,0.0,0.033,0.4777058443807222,0.0
376845,2025-06-05T10:00:00.000000000,0.362,0.0,0.0,0.026,0.0,0.0
376845,2025-06-05T11:00:00.000000000,0.359,0.0,0.0,0.036,0.45045023485470553,0.0
376845,2025-06-05T12:00:00.000000000,0.383,0.0,0.0,0.054000000000000006,0.45045023485470553,0.0
376845,2025-06-05T13:00:00.000000000,0.429,0.0,0.0,0.092,0.4718444229772778,0.0
376845,2025-06-05T14:00:00.000000000,0.523,0.0,0.0,0.126,0.0,0.0
376845,2025-06-05T15:00:00.000000000,0.539,0.0,0.0,0.136,0.4308144731531667,0.0
376845,2025-06-05T16:00:00.000000000,0.6420000000000001,0.0,0.0,0.15300000000000002,0.0,0.0
376845,2025-06-05T17:00:00.000000000,0.616,0.0,0.0,0.155,0.0,0.0
376845,2025-06-05T18:00:00.000000000,0.608,0.0,0.0,0.156,0.4308144731531667,0.0
376845,2025-06-05T19:00:00.000000000,1.131,0.0,0.0,0.21300000000000002,1.2722215156176166,0.0
376845,2025-06-05T20:00:00.000000000,0.7110000000000001,0.0,0.0,0.17,1.4808881175802386,0.0
376845,2025-06-05T21:00:00.000000000,0.593,0.0,0.0,0.133,2.035085511275911,0.0
376845,2025-06-05T22:00:00.000000000,0.489,0.0,0.0,0.10999999999999999,0.4586562248195278,0.0
376845,2025-06-05T23:00:00.000000000,0.426,0.0,0.0,0.08600000000000001,0.45045023485470553,0.0
376845,2025-06-06T00:00:00.000000000,0.385,0.0,0.0,0.034999999999999996,0.4958762507314,0.0
376845,2025-06-06T01:00:00.000000000,0.368,0.0,0.0,0.037,0.4308144731531667,0.0
376845,2025-06-06T02:00:00.000000000,0.34500000000000003,0.0,0.0,0.024999999999999998,0.0,0.0
376845,2025-06-06T03:00:00.000000000,0.318,0.0,0.0,0.005,0.0,0.0
376845,2025-06-06T04:00:00.000000000,0.3,0.0,0.0,0.0,0.9214154446214666,0.0
376845,2025-06-06T05:00:00.000000000,0.305,0.0,0.0,0.0,0.46686221478434997,0.0
376845,2025-06-06T06:00:00.000000000,0.33499999999999996,0.0,0.0,0.0,0.9603938969543723,0.0
376845,2025-06-06T07:00:00.000000000,0.39099999999999996,0.0,0.0,0.02,0.44751952415298335,0.0
376845,2025-06-06T08:00:00.000000000,0.496,0.0,0.0,0.098,0.4308144731531667,0.0
376845,2025-06-06T09:00:00.000000000,0.568,0.0,0.0,0.16,0.0,0.0
376845,2025-06-06T10:00:00.000000000,0.5740000000000001,0.0,0.0,0.193,1.4524602237735333,0.0
376845,2025-06-06T11:00:00.000000000,0.596,0.0,0.0,0.236,0.0,0.0
376845,2025-06-06T12:00:00.000000000,0.653,0.0,0.0,0.28400000000000003,0.9272768660249111,0.0
376845,2025-06-06T13:00:00.000000000,0.7489999999999999,0.0,0.0,0.364,0.49529010859105554,0.0
376845,2025-06-06T14:00:00.000000000,0.842,0.0,0.0,0.445,0.45045023485470553,0.0
376845,2025-06-06T15:00:00.000000000,0.889,0.0,0.0,0.487,0.0,0.0
376845,2025-06-06T16:00:00.000000000,0.972,0.0,0.0,0.52,0.4308144731531667,0.0
376845,2025-06-06T17:00:00.000000000,0.8639999999999999,0.0,0.0,0.44599999999999995,0.0,0.0
376845,2025-06-06T18:00:00.000000000,0.88,0.0,0.0,0.387,0.0,0.0
376845,2025-06-06T19:00:00.000000000,0.896,0.0,0.0,0.34700000000000003,0.4308144731531667,0.0
376845,2025-06-06T20:00:00.000000000,0.852,0.0,0.0,0.28500000000000003,0.0,0.0
376845,2025-06-06T21:00:00.000000000,0.7260000000000001,0.0,0.0,0.22599999999999998,0.4308144731531667,0.0
376845,2025-06-06T22:00:00.000000000,0.618,0.0,0.0,0.17200000000000001,0.9609800390947167,0.0
376845,2025-06-06T23:00:00.000000000,0.494,0.0,0.0,0.127,0.9964416385855555,0.0
376845,2025-06-07T00:00:00.000000000,0.473,0.0,0.0,0.109,0.0,0.0
376845,2025-06-07T01:00:00.000000000,0.473,0.0,0.0,0.124,0.4718444229772778,0.0
376845,2025-06-07T02:00:00.000000000,0.435,0.0,0.0,0.1,0.0,0.0
376845,2025-06-07T03:00:00.000000000,0.395,0.0,0.0,0.068,0.4308144731531667,0.0
376845,2025-06-07T04:00:00.000000000,0.34600000000000003,0.0,0.0,0.038,0.48503262113502776,0.0
376845,2025-06-07T05:00:00.000000000,0.316,0.0,0.0,0.007,0.9756335926033278,0.0
376845,2025-06-07T06:00:00.000000000,0.311,0.0,0.0,0.0,0.9879425775505611,0.0
376845,2025-06-07T07:00:00.000000000,0.32999999999999996,0.0,0.0,0.0,0.4311075442233389,0.0
376845,2025-06-07T08:00:00.000000000,0.379,0.0,0.0,0.0,1.1113254980930667,0.0
376845,2025-06-07T09:00:00.000000000,0.34900000000000003,0.0,0.0,0.0,0.8153237172191222,0.0
376845,2025-06-07T10:00:00.000000000,0.317,0.0,0.0,0.0,0.0,0.0
376845,2025-06-07T11:00:00.000000000,0.316,0.0,0.0,0.0,0.4311075442233389,0.0
376845,2025-06-07T12:00:00.000000000,0.319,0.0,0.0,0.0,1.0445052940938,0.0
376845,2025-06-07T13:00:00.000000000,0.32,0.0,0.0,0.0,0.45045023485470553,0.0
376845,2025-06-07T14:00:00.000000000,0.32,0.0,0.0,0.0,0.0,0.0
376845,2025-06-07T15:00:00.000000000,0.32,0.0,0.0,0.0,0.4311075442233389,0.0
376845,2025-06-07T16:00:00.000000000,0.347,0.0,0.0,0.0,0.0,0.0
376845,2025-06-07T17:00:00.000000000,0.36,0.0,0.0,0.0,0.0,0.0
376845,2025-06-07T18:00:00.000000000,0.44099999999999995,0.0,0.0,0.0,0.4311075442233389,0.0
376845,2025-06-07T19:00:00.000000000,0.421,0.0,0.0,0.0,0.0,0.0
376845,2025-06-07T20:00:00.000000000,0.446,0.0,0.0,0.0,0.0,0.0
376845,2025-06-07T21:00:00.000000000,0.40800000000000003,0.0,0.0,0.0,0.4311075442233389,0.0
376845,2025-06-07T22:00:00.000000000,0.33,0.0,0.0,0.0,1.7856820305593502,0.0
376845,2025-06-07T23:00:00.000000000,0.353,0.027,0.0,0.0,0.4311075442233389,0.0
376845,2025-06-08T00:00:00.000000000,0.493,0.137,0.0,0.0,1.0066991260415832,0.0
376845,2025-06-08T01:00:00.000000000,0.487,0.14700000000000002,0.0,0.0,0.4548463009072889,0.0
376845,2025-06-08T02:00:00.000000000,0.538,0.20299999999999999,0.0,0.0,0.0,0.0
376845,2025-06-08T03:00:00.000000000,0.59,0.252,0.0,0.0,0.0,0.0
376845,2025-06-08T04:00:00.000000000,0.6639999999999999,0.32100000000000006,0.0,0.0,0.4311075442233389,0.0
376845,2025-06-08T05:00:00.000000000,0.776,0.421,0.0,0.0,1.136529610127878,0.0
376845,2025-06-08T06:00:00.000000000,0.776,0.403,0.0,0.0,0.47858505759123887,0.0
376845,2025-06-08T07:00:00.000000000,0.7889999999999999,0.389,0.0,0.0,0.8777478551658056,0.0
376845,2025-06-08T08:00:00.000000000,0.685,0.277,0.0,0.0,0.04571908694686667,0.0
376845,2025-06-08T09:00:00.000000000,1.1369999999999998,0.157,0.0,0.0,0.8789201394464945,0.0
376845,2025-06-08T10:00:00.000000000,0.46299999999999997,0.131,0.0,0.0,1.1227552698297834,0.0
376845,2025-06-08T11:00:00.000000000,0.381,0.059000000000000004,0.0,0.0,0.9026588961304445,0.0
376845,2025-06-08T12:00:00.000000000,0.324,0.004,0.0,0.0,0.4311075442233389,0.0
376845,2025-06-08T13:00:00.000000000,0.32,0.0,0.0,0.0,0.0,0.0
376845,2025-06-08T14:00:00.000000000,0.32,0.0,0.0,0.0,0.0,0.0
376845,2025-06-08T15:00:00.000000000,0.32,0.0,0.0,0.0,0.4311075442233389,0.0
376845,2025-06-08T16:00:00.000000000,0.347,0.0,0.0,0.0,0.0,0.0
376845,2025-06-08T17:00:00.000000000,0.363,0.0,0.0,0.002,0.4308144731531667,0.0
376845,2025-06-08T18:00:00.000000000,0.352,0.0,0.0,0.013000000000000001,0.0,0.0
376845,2025-06-08T19:00:00.000000000,0.448,0.0,0.0,0.02,0.0,0.0
376845,2025-06-08T20:00:00.000000000,0.52,0.0,0.0,0.006,0.4308144731531667,0.0
376845,2025-06-08T21:00:00.000000000,0.534,0.0,0.0,0.0,0.0,0.0
376845,2025-06-08T22:00:00.000000000,0.45299999999999996,0.0,0.0,0.0,0.4311075442233389,0.0
376845,2025-06-08T23:00:00.000000000,0.358,0.0,0.0,0.0,0.0,0.0
376845,2025-06-09T00:00:00.000000000,0.35,0.0,0.0,0.0,0.47155135190710556,0.0
376845,2025-06-09T01:00:00.000000000,0.324,0.0,0.0,0.0,0.45045023485470553,0.0
376845,2025-06-09T02:00:00.000000000,0.33599999999999997,0.019999999999999997,0.0,0.0,0.4311075442233389,0.0
376845,2025-06-09T03:00:00.000000000,0.381,0.062,0.0,0.0,0.4311075442233389,0.0
376845,2025-06-09T04:00:00.000000000,0.426,0.105,0.0,0.0,0.4311075442233389,0.0
376845,2025-06-09T05:00:00.000000000,0.46900000000000003,0.14300000000000002,0.0,0.0,1.2871681401964001,0.0
376845,2025-06-09T06:00:00.000000000,0.477,0.125,0.0,0.0,0.47711970224037775,0.0
376845,2025-06-09T07:00:00.000000000,0.45799999999999996,0.1,0.0,0.0,0.9917525014627999,0.0
376845,2025-06-09T08:00:00.000000000,0.413,0.02,0.0,0.0,0.4311075442233389,0.0
376845,2025-06-09T09:00:00.000000000,0.433,0.0,0.0,0.0,0.0,0.0
376845,2025-06-09T10:00:00.000000000,0.35900000000000004,0.0,0.0,0.0,0.9009004697094112,0.0
376845,2025-06-09T11:00:00.000000000,0.316,0.0,0.0,0.0,0.4712582808369334,0.0
376845,2025-06-09T12:00:00.000000000,0.319,0.0,0.0,0.0,0.4311075442233389,0.0
376845,2025-06-09T13:00:00.000000000,0.418,0.0,0.0,0.0,0.4712582808369334,0.0
376845,2025-06-09T14:00:00.000000000,0.519,0.0,0.0,0.006,0.8704210784115001,0.0
376845,2025-06-09T15:00:00.000000000,0.793,0.0,0.0,0.075,3.049990627282317,0.0
376845,2025-06-09T16:00:00.000000000,0.647,0.0,0.0,0.093,0.8299772707277333,0.0
376845,2025-06-09T17:00:00.000000000,1.818,0.0,0.0,0.202,1.0966719445844555,0.0
376845,2025-06-09T18:00:00.000000000,1.317,0.0,0.0,0.21000000000000002,0.4308144731531667,0.0
376845,2025-06-09T19:00:00.000000000,0.927,0.0,0.0,0.16999999999999998,1.2813067187929557,0.0
376845,2025-06-09T20:00:00.000000000,0.7460000000000001,0.0,0.0,0.139,1.8331595439272501,0.0
376845,2025-06-09T21:00:00.000000000,0.636,0.0,0.0,0.08600000000000001,0.9864772221997,0.0
376845,2025-06-09T22:00:00.000000000,0.537,0.0,0.0,0.041,0.7646224220793277,0.0
376845,2025-06-09T23:00:00.000000000,0.358,0.0,0.0,0.0,0.2318192165062278,0.0
376845,2025-06-10T00:00:00.000000000,0.35,0.0,0.0,0.0,0.46715528585452226,0.0
376845,2025-06-10T01:00:00.000000000,0.319,0.0,0.0,0.0,0.4311075442233389,0.0
376845,2025-06-10T02:00:00.000000000,0.306,0.0,0.0,0.0,0.0,0.0
376845,2025-06-10T03:00:00.000000000,0.313,0.0,0.0,0.0,0.0,0.0
376845,2025-06-10T04:00:00.000000000,0.309,0.0,0.0,0.0,0.4311075442233389,0.0
376845,2025-06-10T05:00:00.000000000,0.308,0.0,0.0,0.0,0.0,0.0
376845,2025-06-10T06:00:00.000000000,0.314,0.0,0.0,0.0,0.45015716378453335,0.0
376845,2025-06-10T07:00:00.000000000,0.33299999999999996,0.0,0.0,0.0,0.0,0.0
376845,2025-06-10T08:00:00.000000000,0.379,0.0,0.0,0.0,0.4873771896964056,0.0
376845,2025-06-10T09:00:00.000000000,0.935,0.0,0.0,0.098,0.8909360533235555,0.0
376845,2025-06-10T10:00:00.000000000,0.977,0.0,0.0,0.153,0.4906009714683,0.0
376845,2025-06-10T11:00:00.000000000,0.684,0.0,0.0,0.19,0.8443377531661722,0.0
376845,2025-06-10T12:00:00.000000000,0.606,0.0,0.0,0.182,0.46217307766159443,0.0
376845,2025-06-10T13:00:00.000000000,0.794,0.0,0.0,0.133,1.414947126791489,0.0
376845,2025-06-10T14:00:00.000000000,0.493,0.0,0.0,0.051,0.4917732557489889,0.0
376845,2025-06-10T15:00:00.000000000,0.531,0.0,0.0,0.07800000000000001,0.4308144731531667,0.0
376845,2025-06-10T16:00:00.000000000,0.5930000000000001,0.0,0.0,0.099,0.0,0.0
376845,2025-06-10T17:00:00.000000000,0.63,0.0,0.0,0.131,0.4308144731531667,0.0
376845,2025-06-10T18:00:00.000000000,0.598,0.0,0.0,0.14600000000000002,0.44986409271436106,0.0
376845,2025-06-10T19:00:00.000000000,0.618,0.0,0.0,0.146,0.4308144731531667,0.0
376845,2025-06-10T20:00:00.000000000,0.54,0.0,0.0,0.097,0.49411782431036666,0.0
376845,2025-06-10T21:00:00.000000000,0.477,0.0,0.0,0.035,0.9979069939364167,0.0
376845,2025-06-10T22:00:00.000000000,0.44599999999999995,0.0,0.0,0.031999999999999994,0.0,0.0
376845,2025-06-10T23:00:00.000000000,0.583,0.0,0.0,0.007,1.2654808810036555,0.0
376845,2025-06-11T00:00:00.000000000,0.618,0.0,0.0,0.0,4.047311479078389,0.0
376845,2025-06-11T01:00:00.000000000,0.377,0.0,0.0,0.0,1.7294123850862833,0.0
376845,2025-06-11T02:00:00.000000000,0.302,0.0,0.0,0.0,0.46217307766159443,0.0
376845,2025-06-11T03:00:00.000000000,0.297,0.0,0.0,0.0,0.47243056511762227,0.0
376845,2025-06-11T04:00:00.000000000,0.305,0.0,0.0,0.0,0.0,0.0
376845,2025-06-11T05:00:00.000000000,0.308,0.0,0.0,0.0,0.45015716378453335,0.0
376845,2025-06-11T06:00:00.000000000,0.359,0.0,0.0,0.0,1.4433750205981943,0.0
376845,2025-06-11T07:00:00.000000000,0.376,0.0,0.0,0.0,2.492862522884922,0.0
376845,2025-06-11T08:00:00.000000000,0.334,0.0,0.0,0.0,0.8411139713942777,0.0
376845,2025-06-11T09:00:00.000000000,0.32,0.0,0.0,0.0,0.4311075442233389,0.0
376845,2025-06-11T10:00:00.000000000,0.33799999999999997,0.0,0.0,0.016,0.4706721386965889,0.0
376845,2025-06-11T11:00:00.000000000,0.379,0.0,0.0,0.053000000000000005,0.4938247532401945,0.0
376845,2025-06-11T12:00:00.000000000,0.432,0.0,0.0,0.094,0.9246392263933612,0.0
376845,2025-06-11T13:00:00.000000000,0.479,0.0,0.0,0.133,0.0,0.0
376845,2025-06-11T14:00:00.000000000,0.502,0.0,0.0,0.154,0.0,0.0
376845,2025-06-11T15:00:00.000000000,0.494,0.0,0.0,0.147,0.4308144731531667,0.0
376845,2025-06-11T16:00:00.000000000,0.539,0.0,0.0,0.161,0.0,0.0
376845,2025-06-11T17:00:00.000000000,0.632,0.0,0.0,0.247,0.0,0.0
376845,2025-06-11T18:00:00.000000000,0.759,0.0,0.0,0.281,0.4308144731531667,0.0
376845,2025-06-11T19:00:00.000000000,0.8109999999999999,0.0,0.0,0.254,0.0,0.0
376845,2025-06-11T20:00:00.000000000,0.789,0.0,0.0,0.16,2.3401724953251946,0.0
376845,2025-06-11T21:00:00.000000000,0.8999999999999999,0.0,0.0,0.086,3.514801344575461,0.0
376845,2025-06-11T22:00:00.000000000,0.602,0.0,0.0,0.09400000000000001,0.4498640927143611,0.0
376845,2025-06-11T23:00:00.000000000,0.4179999999999999,0.0,0.0,0.03,1.5664648700705277,0.0
376845,2025-06-12T00:00:00.000000000,0.35,0.0,0.0,0.001,0.4308144731531667,0.0
376845,2025-06-12T01:00:00.000000000,0.324,0.0,0.0,0.0,0.4311075442233389,0.0
376845,2025-06-12T02:00:00.000000000,0.304,0.0,0.0,0.0,0.0,0.0
376845,2025-06-12T03:00:00.000000000,0.305,0.0,0.0,0.0,0.4935316821700222,0.0
376845,2025-06-12T04:00:00.000000000,0.505,0.0,0.0,0.0,0.4311075442233389,0.0
376845,2025-06-12T05:00:00.000000000,1.329,0.0,0.0,0.0,0.0,0.0
376845,2025-06-12T06:00:00.000000000,0.33499999999999996,0.0,0.0,0.0,1.0782084671636056,0.0
376845,2025-06-12T07:00:00.000000000,0.396,0.0,0.0,0.0,1.6596614703852945,0.0
376845,2025-06-12T08:00:00.000000000,0.41,0.0,0.0,0.052000000000000005,0.8106345800963666,0.0
376845,2025-06-12T09:00:00.000000000,0.42,0.0,0.0,0.08499999999999999,0.4498640927143611,0.0
376845,2025-06-12T10:00:00.000000000,0.441,0.0,0.0,0.10400000000000001,0.49323861109985,0.0
376845,2025-06-12T11:00:00.000000000,0.54,0.0,0.0,0.15300000000000002,0.8997281854287222,0.0
376845,2025-06-12T12:00:00.000000000,0.537,0.0,0.0,0.184,0.0,0.0
376845,2025-06-12T13:00:00.000000000,0.596,0.0,0.0,0.23399999999999999,0.4308144731531667,0.0
376845,2025-06-12T14:00:00.000000000,0.638,0.0,0.0,0.27,0.0,0.0
376845,2025-06-12T15:00:00.000000000,0.638,0.0,0.0,0.272,0.0,0.0
376845,2025-06-12T16:00:00.000000000,0.667,0.0,0.0,0.273,0.4308144731531667,0.0
376845,2025-06-12T17:00:00.000000000,0.625,0.0,0.0,0.225,0.0,0.0
376845,2025-06-12T18:00:00.000000000,0.6900000000000001,0.0,0.0,0.22599999999999998,0.0,0.0
376845,2025-06-12T19:00:00.000000000,0.646,0.0,0.0,0.188,0.4308144731531667,0.0
376845,2025-06-12T20:00:00.000000000,0.669,0.0,0.0,0.166,0.0,0.0
376845,2025-06-12T21:00:00.000000000,0.6880000000000001,0.0,0.0,0.129,0.0,0.0
376845,2025-06-12T22:00:00.000000000,0.47000000000000003,0.0,0.0,0.043000000000000003,0.8806785658675278,0.0
376845,2025-06-12T23:00:00.000000000,0.322,0.0,0.0,0.0,0.0,0.0
376845,2025-06-13T00:00:00.000000000,0.34099999999999997,0.0,0.0,0.0,1.1547000164785555,0.0
376845,2025-06-13T01:00:00.000000000,0.325,0.0,0.0,0.001,0.0,0.0
376845,2025-06-13T02:00:00.000000000,0.312,0.0,0.0,0.0,0.4308144731531667,0.0
376845,2025-06-13T03:00:00.000000000,0.309,0.0,0.0,0.0,0.0,0.0
376845,2025-06-13T04:00:00.000000000,0.309,0.0,0.0,0.0,0.0,0.0
376845,2025-06-13T05:00:00.000000000,0.308,0.0,0.0,0.0,0.4308144731531667,0.0
376845,2025-06-13T06:00:00.000000000,0.311,0.0,0.0,0.0,0.0,0.0
376845,2025-06-13T07:00:00.000000000,0.345,0.0,0.0,0.0,0.4498640927143611,0.0
376845,2025-06-13T08:00:00.000000000,0.506,0.0,0.0,0.038,0.0,0.0
376845,2025-06-13T09:00:00.000000000,0.7190000000000001,0.0,0.0,0.10999999999999999,2.608918666673122,0.0
376845,2025-06-13T10:00:00.000000000,0.645,0.0,0.0,0.169,2.0919412988893225,0.0
376845,2025-06-13T11:00:00.000000000,0.51,0.0,0.0,0.16399999999999998,0.0,0.0
376845,2025-06-13T12:00:00.000000000,0.532,0.0,0.0,0.181,0.942809632744039,0.0
376845,2025-06-13T13:00:00.000000000,0.567,0.0,0.0,0.209,0.0,0.0
376845,2025-06-13T14:00:00.000000000,0.599,0.0,0.0,0.236,0.4308144731531667,0.0
376845,2025-06-13T15:00:00.000000000,0.619,0.0,0.0,0.255,0.0,0.0
376845,2025-06-13T16:00:00.000000000,0.694,0.0,0.0,0.29600000000000004,0.4498640927143611,0.0
376845,2025-06-13T17:00:00.000000000,0.82,0.0,0.0,0.344,1.7821651777172833,0.0
376845,2025-06-13T18:00:00.000000000,0.8090000000000002,0.0,0.0,0.328,0.9955624253750389,0.0
376845,2025-06-13T19:00:00.000000000,0.78,0.0,0.0,0.302,0.0,0.0
376845,2025-06-13T20:00:00.000000000,0.756,0.0,0.0,0.259,0.4308144731531667,0.0
376845,2025-06-13T21:00:00.000000000,0.794,0.0,0.0,0.218,0.9202431603407778,0.0
376845,2025-06-13T22:00:00.000000000,0.723,0.0,0.0,0.197,0.9483779830773111,0.0
376845,2025-06-13T23:00:00.000000000,0.581,0.0,0.0,0.159,2.1397118833273945,0.0
376845,2025-06-14T00:00:00.000000000,0.529,0.0,0.0,0.14300000000000002,0.44898487950384447,0.0
376845,2025-06-14T01:00:00.000000000,0.483,0.0,0.0,0.136,0.0,0.0
376845,2025-06-14T02:00:00.000000000,0.462,0.0,0.0,0.134,0.4498640927143611,0.0
376845,2025-06-14T03:00:00.000000000,0.485,0.0,0.0,0.148,0.0,0.0
376845,2025-06-14T04:00:00.000000000,0.489,0.0,0.0,0.151,0.4498640927143611,0.0
376845,2025-06-14T05:00:00.000000000,0.493,0.0,0.0,0.155,0.0,0.0
376845,2025-06-14T06:00:00.000000000,0.532,0.0,0.0,0.166,1.4436680916683668,0.0
376845,2025-06-14T07:00:00.000000000,1.064,0.0,0.0,0.248,1.0480221469358666,0.0
376845,2025-06-14T08:00:00.000000000,0.787,0.0,0.0,0.34500000000000003,1.2484827589336667,0.0
376845,2025-06-14T09:00:00.000000000,0.996,0.0,0.0,0.55,0.6312750851509666,0.0
376845,2025-06-14T10:00:00.000000000,1.086,0.0,0.0,0.655,0.4308144731531667,0.0
376845,2025-06-14T11:00:00.000000000,1.22,0.0,0.0,0.7709999999999999,0.0,0.0
376845,2025-06-14T12:00:00.000000000,1.404,0.0,0.0,0.9279999999999999,0.4700859965562445,0.0
376845,2025-06-14T13:00:00.000000000,1.554,0.0,0.0,1.056,0.4700859965562445,0.0
376845,2025-06-14T14:00:00.000000000,1.577,0.0,0.0,1.08,0.0,0.0
376845,2025-06-14T15:00:00.000000000,1.6020000000000003,0.0,0.0,1.106,0.4308144731531667,0.0
376845,2025-06-14T16:00:00.000000000,1.6389999999999998,0.0,0.0,1.116,0.0,0.0
376845,2025-06-14T17:00:00.000000000,1.693,0.0,0.0,1.116,0.4308144731531667,0.0
376845,2025-06-14T18:00:00.000000000,1.71,0.0,0.0,1.11,0.47096520976676104,0.0
376845,2025-06-14T19:00:00.000000000,1.728,0.0,0.0,1.086,0.4308144731531667,0.0
376845,2025-06-14T20:00:00.000000000,2.605,0.0,0.0,1.054,1.7880265991207276,0.0
376845,2025-06-14T21:00:00.000000000,1.8699999999999999,0.0,0.0,1.03,2.1523139393448,0.0
376845,2025-06-14T22:00:00.000000000,1.5710000000000002,0.0,0.0,0.9219999999999999,1.4756128383171387,0.0
376845,2025-06-14T23:00:00.000000000,1.2080000000000002,0.0,0.0,0.7230000000000001,1.1174799905666835,0.0
376845,2025-06-15T00:00:00.000000000,1.109,0.0,0.0,0.653,0.4308144731531667,0.0
376845,2025-06-15T01:00:00.000000000,0.996,0.0,0.0,0.571,0.0,0.0
376845,2025-06-15T02:00:00.000000000,0.874,0.0,0.0,0.475,0.0,0.0
376845,2025-06-15T03:00:00.000000000,0.7349999999999999,0.0,0.0,0.36900000000000005,0.4308144731531667,0.0
376845,2025-06-15T04:00:00.000000000,2.04,0.0,0.0,0.40700000000000003,0.4483987373635,0.0
376845,2025-06-15T05:00:00.000000000,0.627,0.0,0.0,0.266,0.0,0.0
376845,2025-06-15T06:00:00.000000000,0.611,0.0,0.0,0.22999999999999998,0.9249322974635332,0.0
376845,2025-06-15T07:00:00.000000000,0.6679999999999999,0.0,0.0,0.21799999999999997,1.6933646434551,0.0
376845,2025-06-15T08:00:00.000000000,1.3399999999999999,0.0,0.0,0.23299999999999998,2.796484151583344,0.0
376845,2025-06-15T09:00:00.000000000,0.6,0.0,0.0,0.211,0.4859118343455444,0.0
376845,2025-06-15T10:00:00.000000000,0.6,0.0,0.0,0.239,0.4308144731531667,0.0
376845,2025-06-15T11:00:00.000000000,0.595,0.0,0.0,0.235,1.0512459287077611,0.0
376845,2025-06-15T12:00:00.000000000,0.5730000000000001,0.0,0.0,0.214,0.4697929254860722,0.0
376845,2025-06-15T13:00:00.000000000,0.5820000000000001,0.0,0.0,0.221,1.581411494649311,0.0
376845,2025-06-15T14:00:00.000000000,0.586,0.0,0.0,0.22299999999999998,0.0,0.0
376845,2025-06-15T15:00:00.000000000,0.547,0.0,0.0,0.192,0.4308144731531667,0.0
376845,2025-06-15T16:00:00.000000000,0.5830000000000001,0.0,0.0,0.16999999999999998,0.0,0.0
376845,2025-06-15T17:00:00.000000000,0.655,0.0,0.0,0.19999999999999998,0.0,0.0
376845,2025-06-15T18:00:00.000000000,0.673,0.0,0.0,0.208,0.4308144731531667,0.0
376845,2025-06-15T19:00:00.000000000,0.661,0.0,0.0,0.199,0.0,0.0
376845,2025-06-15T20:00:00.000000000,1.451,0.0,0.0,0.262,0.0,0.0
376845,2025-06-15T21:00:00.000000000,0.9440000000000001,0.0,0.0,0.21800000000000003,0.9662553183578166,0.0
376845,2025-06-15T22:00:00.000000000,0.559,0.0,0.0,0.168,0.0,0.0
376845,2025-06-15T23:00:00.000000000,0.47,0.0,0.0,0.121,0.5207872916960389,0.0
376845,2025-06-16T00:00:00.000000000,0.423,0.0,0.0,0.068,0.3798201069432,0.0
376845,2025-06-16T01:00:00.000000000,0.394,0.0,0.0,0.055999999999999994,0.4308144731531667,0.0
376845,2025-06-16T02:00:00.000000000,0.351,0.0,0.0,0.03,0.0,0.0
376845,2025-06-16T03:00:00.000000000,0.33,0.0,0.0,0.015,0.4308144731531667,0.0
376845,2025-06-16T04:00:00.000000000,0.323,0.0,0.0,0.011000000000000001,0.0,0.0
376845,2025-06-16T05:00:00.000000000,0.315,0.0,0.0,0.004,0.0,0.0
376845,2025-06-16T06:00:00.000000000,0.33799999999999997,0.0,0.0,0.02,0.4308144731531667,0.0
376845,2025-06-16T07:00:00.000000000,1.197,0.0,0.0,0.15899999999999997,0.0,0.0
376845,2025-06-16T08:00:00.000000000,0.8230000000000001,0.0,0.0,0.226,0.0,0.0
376845,2025-06-16T09:00:00.000000000,1.525,0.0,0.0,0.39,0.4308144731531667,0.0
376845,2025-06-16T10:00:00.000000000,2.6390000000000002,0.0,0.0,0.657,0.0,0.0
376845,2025-06-16T11:00:00.000000000,1.046,0.0,0.0,0.527,1.1467870975839056,0.0
376845,2025-06-16T12:00:00.000000000,1.014,0.0,0.0,0.507,0.94163734846335,0.0
376845,2025-06-16T13:00:00.000000000,1.013,0.0,0.0,0.518,0.4308144731531667,0.0
376845,2025-06-16T14:00:00.000000000,1.203,0.0,0.0,0.6599999999999999,0.4308144731531667,0.0
376845,2025-06-16T15:00:00.000000000,1.352,0.0,0.0,0.782,0.0,0.0
376845,2025-06-16T16:00:00.000000000,1.898,0.0,0.0,0.863,0.4308144731531667,0.0
376845,2025-06-16T17:00:00.000000000,1.439,0.0,0.0,0.808,1.0043545574802057,0.0
376845,2025-06-16T18:00:00.000000000,1.3659999999999999,0.0,0.0,0.734,0.0,0.0
376845,2025-06-16T19:00:00.000000000,1.2309999999999999,0.0,0.0,0.617,0.0,0.0
376845,2025-06-16T20:00:00.000000000,1.093,0.0,0.0,0.491,1.3832954512128888,0.0
376845,2025-06-16T21:00:00.000000000,1.028,0.0,0.0,0.419,0.7276954672376278,0.0
376845,2025-06-16T22:00:00.000000000,0.8789999999999999,0.0,0.0,0.376,0.4018004372061167,0.0
376845,2025-06-16T23:00:00.000000000,0.744,0.0,0.0,0.342,0.02901403594705,0.0
376845,2025-06-17T00:00:00.000000000,0.7229999999999999,0.0,0.0,0.322,0.0,0.0
376845,2025-06-17T01:00:00.000000000,0.655,0.0,0.0,0.278,0.4308144731531667,0.0
376845,2025-06-17T02:00:00.000000000,0.622,0.0,0.0,0.259,0.0,0.0
376845,2025-06-17T03:00:00.000000000,0.612,0.0,0.0,0.253,0.0,0.0
376845,2025-06-17T04:00:00.000000000,0.584,0.0,0.0,0.23,0.4308144731531667,0.0
376845,2025-06-17T05:00:00.000000000,0.586,0.0,0.0,0.23199999999999998,0.0,0.0
376845,2025-06-17T06:00:00.000000000,0.608,0.0,0.0,0.249,0.0,0.0
376845,2025-06-17T07:00:00.000000000,0.638,0.0,0.0,0.272,0.4308144731531667,0.0
376845,2025-06-17T08:00:00.000000000,0.69,0.0,0.0,0.302,0.0,0.0
376845,2025-06-17T09:00:00.000000000,0.7799999999999999,0.0,0.0,0.34299999999999997,0.4308144731531667,0.0
376845,2025-06-17T10:00:00.000000000,0.894,0.0,0.0,0.446,0.0,0.0
376845,2025-06-17T11:00:00.000000000,0.9349999999999999,0.0,0.0,0.493,0.0,0.0
376845,2025-06-17T12:00:00.000000000,1.046,0.0,0.0,0.45099999999999996,0.4355036102759222,0.0
376845,2025-06-17T13:00:00.000000000,1.415,0.0,0.0,0.619,4.4857458000560335,0.0
376845,2025-06-17T14:00:00.000000000,0.984,0.0,0.0,0.41899999999999993,1.2218132915479945,0.0
376845,2025-06-17T15:00:00.000000000,0.908,0.0,0.0,0.39999999999999997,0.4363828234864389,0.0
376845,2025-06-17T16:00:00.000000000,1.081,0.0,0.0,0.514,0.44400267131091664,0.0
376845,2025-06-17T17:00:00.000000000,1.115,0.0,0.0,0.529,0.6526692732735389,0.0
376845,2025-06-17T18:00:00.000000000,1.0699999999999998,0.0,0.0,0.476,0.6784595274486944,0.0
376845,2025-06-17T19:00:00.000000000,0.962,0.0,0.0,0.384,0.0,0.0
376845,2025-06-17T20:00:00.000000000,0.9329999999999999,0.0,0.0,0.35400000000000004,2.1083532788189667,0.0
376845,2025-06-17T21:00:00.000000000,1.409,0.0,0.0,0.393,0.47858505759123887,0.0
376845,2025-06-17T22:00:00.000000000,0.7830000000000001,0.0,0.0,0.294,0.43462439706540557,0.0
376845,2025-06-17T23:00:00.000000000,0.638,0.0,0.0,0.236,0.9451542013054166,0.0
376845,2025-06-18T00:00:00.000000000,1.272,0.0,0.0,0.235,0.48239498150347776,0.0
376845,2025-06-18T01:00:00.000000000,0.5640000000000001,0.0,0.0,0.2,0.4308144731531667,0.0
376845,2025-06-18T02:00:00.000000000,0.54,0.0,0.0,0.189,0.0,0.0
376845,2025-06-18T03:00:00.000000000,0.527,0.0,0.0,0.179,0.0,0.0
376845,2025-06-18T04:00:00.000000000,0.503,0.0,0.0,0.16,0.4308144731531667,0.0
376845,2025-06-18T05:00:00.000000000,0.475,0.0,0.0,0.138,0.0,0.0
376845,2025-06-18T06:00:00.000000000,0.484,0.0,0.0,0.124,0.48561876327537223,0.0
376845,2025-06-18T07:00:00.000000000,0.508,0.0,0.0,0.11699999999999999,0.8683695809202945,0.0
376845,2025-06-18T08:00:00.000000000,0.509,0.0,0.0,0.123,0.45250173234591107,0.0
376845,2025-06-18T09:00:00.000000000,1.879,0.0,0.0,0.277,0.0,0.0
376845,2025-06-18T10:00:00.000000000,0.527,0.0,0.0,0.175,1.0855352439179111,0.0
376845,2025-06-18T11:00:00.000000000,0.555,0.0,0.0,0.202,0.4692067833457278,0.0
376845,2025-06-18T12:00:00.000000000,0.599,0.0,0.0,0.237,0.4759474179596889,0.0
376845,2025-06-18T13:00:00.000000000,0.632,0.0,0.0,0.263,0.4061965032587,0.0
376845,2025-06-18T14:00:00.000000000,0.673,0.0,0.0,0.30100000000000005,0.4308144731531667,0.0
376845,2025-06-18T15:00:00.000000000,0.7389999999999999,0.0,0.0,0.356,0.0,0.0
376845,2025-06-18T16:00:00.000000000,0.85,0.0,0.0,0.427,0.0,0.0
376845,2025-06-18T17:00:00.000000000,0.9780000000000001,0.0,0.0,0.491,0.4308144731531667,0.0
376845,2025-06-18T18:00:00.000000000,2.109,0.0,0.0,0.662,0.0,0.0
376845,2025-06-18T19:00:00.000000000,1.133,0.0,0.0,0.529,0.0,0.0
376845,2025-06-18T20:00:00.000000000,1.034,0.0,0.0,0.43899999999999995,0.4308144731531667,0.0
376845,2025-06-18T21:00:00.000000000,0.966,0.0,0.0,0.36400000000000005,0.0,0.0
376845,2025-06-18T22:00:00.000000000,0.7789999999999999,0.0,0.0,0.289,0.9946832121645222,0.0
376845,2025-06-18T23:00:00.000000000,0.64,0.0,0.0,0.25,0.44927795057401665,0.0
376845,2025-06-19T00:00:00.000000000,0.584,0.0,0.0,0.203,1.3009424804944945,0.0
376845,2025-06-19T01:00:00.000000000,0.556,0.0,0.0,0.193,0.2045636069802111,0.0
376845,2025-06-19T02:00:00.000000000,0.52,0.0,0.0,0.171,0.0,0.0
376845,2025-06-19T03:00:00.000000000,0.495,0.0,0.0,0.152,0.4308144731531667,0.0
376845,2025-06-19T04:00:00.000000000,0.475,0.0,0.0,0.137,0.0,0.0
376845,2025-06-19T05:00:00.000000000,0.452,0.0,0.0,0.12,0.4768266311702056,0.0
376845,2025-06-19T06:00:00.000000000,0.492,0.0,0.0,0.11099999999999999,1.1083947873913444,0.0
376845,2025-06-19T07:00:00.000000000,0.5680000000000001,0.0,0.0,0.124,1.4949555289485055,0.0
376845,2025-06-19T08:00:00.000000000,0.61,0.0,0.0,0.172,1.41113720287925,0.0
376845,2025-06-19T09:00:00.000000000,0.629,0.0,0.0,0.214,0.4923593978893333,0.0
376845,2025-06-19T10:00:00.000000000,0.692,0.0,0.0,0.271,1.0157843292169222,0.0
376845,2025-06-19T11:00:00.000000000,1.942,0.0,0.0,0.436,1.4011727864933943,0.0
376845,2025-06-19T12:00:00.000000000,1.419,0.0,0.0,0.46199999999999997,0.4976346771524333,0.0
376845,2025-06-19T13:00:00.000000000,0.824,0.0,0.0,0.43,0.0,0.0
376845,2025-06-19T14:00:00.000000000,0.864,0.0,0.0,0.46499999999999997,0.8985559011480333,0.0
376845,2025-06-19T15:00:00.000000000,0.935,0.0,0.0,0.527,0.4911871136086444,0.0
376845,2025-06-19T16:00:00.000000000,1.079,0.0,0.0,0.6120000000000001,0.0,0.0
376845,2025-06-19T17:00:00.000000000,1.172,0.0,0.0,0.644,0.4308144731531667,0.0
376845,2025-06-19T18:00:00.000000000,1.4500000000000002,0.0,0.0,0.6639999999999999,0.0,0.0
376845,2025-06-19T19:00:00.000000000,3.2669999999999995,0.0,0.0,0.85,0.0,0.0
376845,2025-06-19T20:00:00.000000000,1.817,0.0,0.0,0.658,0.4308144731531667,0.0
376845,2025-06-19T21:00:00.000000000,1.0310000000000001,0.0,0.0,0.487,0.9823742272172888,0.0
376845,2025-06-19T22:00:00.000000000,0.9089999999999999,0.0,0.0,0.42200000000000004,0.0,0.0
376845,2025-06-19T23:00:00.000000000,0.78,0.0,0.0,0.35600000000000004,0.4308144731531667,0.0
376845,2025-06-20T00:00:00.000000000,0.7309999999999999,0.0,0.0,0.322,0.4873771896964056,0.0
376845,2025-06-20T01:00:00.000000000,0.673,0.0,0.0,0.294,0.4308144731531667,0.0
376845,2025-06-20T02:00:00.000000000,0.615,0.0,0.0,0.252,0.0,0.0
376845,2025-06-20T03:00:00.000000000,0.555,0.0,0.0,0.202,0.0,0.0
376845,2025-06-20T04:00:00.000000000,0.516,0.0,0.0,0.17800000000000002,0.4308144731531667,0.0
376845,2025-06-20T05:00:00.000000000,0.491,0.0,0.0,0.156,0.0,0.0
376845,2025-06-20T06:00:00.000000000,0.528,0.0,0.0,0.16,0.9433957748843833,0.0
376845,2025-06-20T07:00:00.000000000,0.576,0.0,0.0,0.17400000000000002,0.4750682047491722,0.0
376845,2025-06-20T08:00:00.000000000,0.52,0.0,0.0,0.131,0.48473955006485553,0.0
376845,2025-06-20T09:00:00.000000000,0.459,0.0,0.0,0.118,0.46891371227555556,0.0
376845,2025-06-20T10:00:00.000000000,0.476,0.0,0.0,0.134,0.92053623141095,0.0
376845,2025-06-20T11:00:00.000000000,0.54,0.0,0.0,0.189,0.9639107497964389,0.0
376845,2025-06-20T12:00:00.000000000,0.628,0.0,0.0,0.262,0.46891371227555556,0.0
376845,2025-06-20T13:00:00.000000000,0.773,0.0,0.0,0.386,0.0,0.0
376845,2025-06-20T14:00:00.000000000,0.9319999999999999,0.0,0.0,0.523,0.4308144731531667,0.0
376845,2025-06-20T15:00:00.000000000,1.024,0.0,0.0,0.603,0.0,0.0
376845,2025-06-20T16:00:00.000000000,0.957,0.0,0.0,0.52,0.0,0.0
376845,2025-06-20T17:00:00.000000000,1.407,0.0,0.0,0.489,0.4308144731531667,0.0
376845,2025-06-20T18:00:00.000000000,1.05,0.0,0.0,0.458,0.0,0.0
376845,2025-06-20T19:00:00.000000000,1.005,0.0,0.0,0.42200000000000004,0.4308144731531667,0.0
376845,2025-06-20T20:00:00.000000000,0.9309999999999999,0.0,0.0,0.371,0.4841534079245111,0.0
376845,2025-06-20T21:00:00.000000000,0.825,0.0,0.0,0.33,0.4841534079245111,0.0
376845,2025-06-20T22:00:00.000000000,0.7570000000000001,0.0,0.0,0.293,0.8997281854287222,0.0
376845,2025-06-20T23:00:00.000000000,0.64,0.0,0.0,0.237,0.0,0.0
376845,2025-06-21T00:00:00.000000000,0.57,0.0,0.0,0.187,0.0,0.0
376845,2025-06-21T01:00:00.000000000,0.514,0.0,0.0,0.159,0.4308144731531667,0.0
376845,2025-06-21T02:00:00.000000000,0.45499999999999996,0.0,0.0,0.11699999999999999,0.0,0.0
376845,2025-06-21T03:00:00.000000000,0.41200000000000003,0.0,0.0,0.084,0.0,0.0
376845,2025-06-21T04:00:00.000000000,0.373,0.0,0.0,0.051,0.4308144731531667,0.0
376845,2025-06-21T05:00:00.000000000,0.34,0.0,0.0,0.025,0.0,0.0
376845,2025-06-21T06:00:00.000000000,0.39999999999999997,0.0,0.0,0.053000000000000005,0.4645176462229722,0.0
376845,2025-06-21T07:00:00.000000000,0.5850000000000001,0.0,0.0,0.14600000000000002,0.9337244295686999,0.0
376845,2025-06-21T08:00:00.000000000,0.554,0.0,0.0,0.19799999999999998,0.0,0.0
376845,2025-06-21T09:00:00.000000000,0.626,0.0,0.0,0.259,0.4308144731531667,0.0
376845,2025-06-21T10:00:00.000000000,0.673,0.0,0.0,0.301,0.46891371227555556,0.0
376845,2025-06-21T11:00:00.000000000,0.678,0.0,0.0,0.307,1.0697094061286112,0.0
376845,2025-06-21T12:00:00.000000000,0.6880000000000001,0.0,0.0,0.312,0.0,0.0
376845,2025-06-21T13:00:00.000000000,0.687,0.0,0.0,0.311,0.4308144731531667,0.0
376845,2025-06-21T14:00:00.000000000,0.7050000000000001,0.0,0.0,0.327,0.0,0.0
376845,2025-06-21T15:00:00.000000000,0.7819999999999999,0.0,0.0,0.367,0.0,0.0
376845,2025-06-21T16:00:00.000000000,0.987,0.0,0.0,0.49,0.4308144731531667,0.0
376845,2025-06-21T17:00:00.000000000,2.0260000000000002,0.0,0.0,0.653,0.0,0.0
376845,2025-06-21T18:00:00.000000000,1.214,0.0,0.0,0.6,0.4595354380300445,0.0
376845,2025-06-21T19:00:00.000000000,1.1629999999999998,0.0,0.0,0.554,0.5272348552398278,0.0
376845,2025-06-21T20:00:00.000000000,1.7029999999999998,0.0,0.0,0.46299999999999997,2.027172592381261,0.0
376845,2025-06-21T21:00:00.000000000,0.961,0.0,0.0,0.35900000000000004,1.4589077873173222,0.0
376845,2025-06-21T22:00:00.000000000,0.792,0.0,0.0,0.299,0.46949985441590003,0.0
376845,2025-06-21T23:00:00.000000000,0.614,0.0,0.0,0.217,1.0046476285503778,0.0
376845,2025-06-22T00:00:00.000000000,0.534,0.0,0.0,0.16,0.4308144731531667,0.0
376845,2025-06-22T01:00:00.000000000,0.509,0.0,0.0,0.15300000000000002,0.0,0.0
376845,2025-06-22T02:00:00.000000000,0.477,0.0,0.0,0.136,0.0,0.0
376845,2025-06-22T03:00:00.000000000,0.434,0.0,0.0,0.101,0.4308144731531667,0.0
376845,2025-06-22T04:00:00.000000000,0.386,0.0,0.0,0.072,0.0,0.0
376845,2025-06-22T05:00:00.000000000,0.613,0.0,0.0,0.086,0.0,0.0
376845,2025-06-22T06:00:00.000000000,2.376,0.0,0.0,0.23399999999999999,0.4308144731531667,0.0
376845,2025-06-22T07:00:00.000000000,2.054,0.0,0.0,0.258,0.15855144896317225,0.0
376845,2025-06-22T08:00:00.000000000,2.185,0.0,0.0,0.28400000000000003,1.4126025582301112,0.0
376845,2025-06-22T09:00:00.000000000,1.083,0.0,0.0,0.254,1.6898477906130334,0.0
376845,2025-06-22T10:00:00.000000000,0.69,0.0,0.0,0.267,0.4686206412053833,0.0
376845,2025-06-22T11:00:00.000000000,0.7389999999999999,0.0,0.0,0.322,0.4686206412053833,0.0
376845,2025-06-22T12:00:00.000000000,0.7929999999999999,0.0,0.0,0.377,0.44898487950384447,0.0
376845,2025-06-22T13:00:00.000000000,0.7570000000000001,0.0,0.0,0.371,0.4308144731531667,0.0
376845,2025-06-22T14:00:00.000000000,0.744,0.0,0.0,0.361,0.44898487950384447,0.0
376845,2025-06-22T15:00:00.000000000,0.7149999999999999,0.0,0.0,0.335,0.0,0.0
376845,2025-06-22T16:00:00.000000000,0.7449999999999999,0.0,0.0,0.336,0.4308144731531667,0.0
376845,2025-06-22T17:00:00.000000000,0.982,0.0,0.0,0.33499999999999996,0.0,0.0
376845,2025-06-22T18:00:00.000000000,1.5910000000000002,0.0,0.0,0.395,0.0,0.0
376845,2025-06-22T19:00:00.000000000,0.875,0.0,0.0,0.309,0.4308144731531667,0.0
376845,2025-06-22T20:00:00.000000000,0.829,0.0,0.0,0.283,0.0,0.0
376845,2025-06-22T21:00:00.000000000,0.738,0.0,0.0,0.255,0.4308144731531667,0.0
376845,2025-06-22T22:00:00.000000000,0.684,0.0,0.0,0.23099999999999998,0.4308144731531667,0.0
376845,2025-06-22T23:00:00.000000000,0.608,0.0,0.0,0.21,0.4864979764858889,0.0
376845,2025-06-23T00:00:00.000000000,0.586,0.0,0.0,0.2,0.0,0.0
376845,2025-06-23T01:00:00.000000000,0.541,0.0,0.0,0.181,0.0,0.0
376845,2025-06-23T02:00:00.000000000,0.512,0.0,0.0,0.165,0.4308144731531667,0.0
376845,2025-06-23T03:00:00.000000000,0.497,0.0,0.0,0.154,0.0,0.0
376845,2025-06-23T04:00:00.000000000,0.478,0.0,0.0,0.14,0.4308144731531667,0.0
376845,2025-06-23T05:00:00.000000000,0.47,0.0,0.0,0.133,0.0,0.0
376845,2025-06-23T06:00:00.000000000,0.467,0.0,0.0,0.128,0.0,0.0
376845,2025-06-23T07:00:00.000000000,0.471,0.0,0.0,0.13,0.4308144731531667,0.0
376845,2025-06-23T08:00:00.000000000,0.535,0.0,0.0,0.14400000000000002,0.48503262113502776,0.0
376845,2025-06-23T09:00:00.000000000,0.608,0.0,0.0,0.158,0.5732470132568667,0.0
376845,2025-06-23T10:00:00.000000000,0.643,0.0,0.0,0.181,0.8194267122015333,0.0
376845,2025-06-23T11:00:00.000000000,0.648,0.0,0.0,0.19699999999999998,0.4680344990650389,0.0
376845,2025-06-23T12:00:00.000000000,0.6859999999999999,0.0,0.0,0.21200000000000002,1.1889893316887057,0.0
376845,2025-06-23T13:00:00.000000000,2.065,0.0,0.0,0.35900000000000004,0.0,0.0
376845,2025-06-23T14:00:00.000000000,0.7080000000000001,0.0,0.0,0.256,0.4308144731531667,0.0
376845,2025-06-23T15:00:00.000000000,0.7949999999999999,0.0,0.0,0.223,1.0339547355676,0.0
376845,2025-06-23T16:00:00.000000000,0.948,0.0,0.0,0.221,1.7660462688578114,0.0
376845,2025-06-23T17:00:00.000000000,0.7510000000000001,0.0,0.0,0.23299999999999998,0.0,0.0
376845,2025-06-23T18:00:00.000000000,0.7330000000000001,0.0,0.0,0.223,0.44898487950384447,0.0
376845,2025-06-23T19:00:00.000000000,0.754,0.0,0.0,0.20600000000000002,1.349299207072911,0.0
376845,2025-06-23T20:00:00.000000000,0.75,0.0,0.0,0.197,0.4308144731531667,0.0
376845,2025-06-23T21:00:00.000000000,0.9600000000000001,0.0,0.0,0.17600000000000002,1.3437308567396389,0.0
376845,2025-06-23T22:00:00.000000000,0.792,0.0,0.0,0.104,3.8708826948347115,0.0
376845,2025-06-23T23:00:00.000000000,0.497,0.0,0.0,0.11599999999999999,0.4308144731531667,0.0
376845,2025-06-24T00:00:00.000000000,0.41000000000000003,0.0,0.0,0.052000000000000005,0.0,0.0
376845,2025-06-24T01:00:00.000000000,0.373,0.0,0.0,0.04,0.9439819170247278,0.0
376845,2025-06-24T02:00:00.000000000,0.383,0.0,0.0,0.057,0.0,0.0
376845,2025-06-24T03:00:00.000000000,0.372,0.0,0.0,0.048,0.4308144731531667,0.0
376845,2025-06-24T04:00:00.000000000,0.337,0.0,0.0,0.022,0.0,0.0
376845,2025-06-24T05:00:00.000000000,0.308,0.0,0.0,0.0,0.0,0.0
376845,2025-06-24T06:00:00.000000000,0.36,0.0,0.0,0.04,0.4308144731531667,0.0
376845,2025-06-24T07:00:00.000000000,0.481,0.0,0.0,0.125,0.0,0.0
376845,2025-06-24T08:00:00.000000000,1.327,0.0,0.0,0.242,0.4308144731531667,0.0
376845,2025-06-24T09:00:00.000000000,0.9039999999999999,0.0,0.0,0.247,0.0,0.0
376845,2025-06-24T10:00:00.000000000,0.72,0.0,0.0,0.247,0.48327419471399446,0.0
376845,2025-06-24T11:00:00.000000000,0.681,0.0,0.0,0.248,0.4768266311702056,0.0
376845,2025-06-24T12:00:00.000000000,0.656,0.0,0.0,0.237,2.105129497047072,0.0
376845,2025-06-24T13:00:00.000000000,0.738,0.0,0.0,0.29300000000000004,0.4308144731531667,0.0
376845,2025-06-24T14:00:00.000000000,0.832,0.0,0.0,0.34,1.1746288492502668,0.0
376845,2025-06-24T15:00:00.000000000,0.922,0.0,0.0,0.413,0.0,0.0
376845,2025-06-24T16:00:00.000000000,1.04,0.0,0.0,0.479,0.4486918084336722,0.0
376845,2025-06-24T17:00:00.000000000,2.017,0.0,0.0,0.598,0.4486918084336722,0.0
376845,2025-06-24T18:00:00.000000000,1.2590000000000001,0.0,0.0,0.506,0.4525017323459111,0.0
376845,2025-06-24T19:00:00.000000000,1.097,0.0,0.0,0.44399999999999995,0.9410512063230055,0.0
376845,2025-06-24T20:00:00.000000000,0.961,0.0,0.0,0.377,0.4451749555916055,0.0
376845,2025-06-24T21:00:00.000000000,0.873,0.0,0.0,0.306,0.9489641252176556,0.0
376845,2025-06-24T22:00:00.000000000,0.6900000000000001,0.0,0.0,0.248,0.9220015867618111,0.0
376845,2025-06-24T23:00:00.000000000,0.575,0.0,0.0,0.20900000000000002,0.0,0.0
376845,2025-06-25T00:00:00.000000000,0.53,0.0,0.0,0.156,0.0,0.0
376845,2025-06-25T01:00:00.000000000,0.48,0.0,0.0,0.135,0.4308144731531667,0.0
376845,2025-06-25T02:00:00.000000000,0.452,0.0,0.0,0.118,0.0,0.0
376845,2025-06-25T03:00:00.000000000,0.416,0.0,0.0,0.08600000000000001,0.0,0.0
376845,2025-06-25T04:00:00.000000000,0.392,0.0,0.0,0.068,0.4308144731531667,0.0
376845,2025-06-25T05:00:00.000000000,0.35600000000000004,0.0,0.0,0.038000000000000006,0.46832757013521115,0.0
376845,2025-06-25T06:00:00.000000000,0.379,0.0,0.0,0.05600000000000001,0.0,0.0
376845,2025-06-25T07:00:00.000000000,0.48,0.0,0.0,0.135,0.0,0.0
376845,2025-06-25T08:00:00.000000000,0.6200000000000001,0.0,0.0,0.216,0.4308144731531667,0.0
376845,2025-06-25T09:00:00.000000000,0.677,0.0,0.0,0.277,0.0,0.0
376845,2025-06-25T10:00:00.000000000,0.688,0.0,0.0,0.314,0.4308144731531667,0.0
376845,2025-06-25T11:00:00.000000000,0.7530000000000001,0.0,0.0,0.37,0.0,0.0
376845,2025-06-25T12:00:00.000000000,0.798,0.0,0.0,0.409,0.44898487950384447,0.0
376845,2025-06-25T13:00:00.000000000,0.851,0.0,0.0,0.454,0.4680344990650389,0.0
376845,2025-06-25T14:00:00.000000000,0.935,0.0,0.0,0.513,0.0,0.0
376845,2025-06-25T15:00:00.000000000,1.017,0.0,0.0,0.547,0.4308144731531667,0.0
376845,2025-06-25T16:00:00.000000000,0.98,0.0,0.0,0.539,0.0,0.0
376845,2025-06-25T17:00:00.000000000,0.926,0.0,0.0,0.44799999999999995,0.4308144731531667,0.0
376845,2025-06-25T18:00:00.000000000,1.3880000000000001,0.0,0.0,0.44,0.4525017323459112,0.0
376845,2025-06-25T19:00:00.000000000,1.235,0.0,0.0,0.414,0.9832534404278055,0.0
376845,2025-06-25T20:00:00.000000000,0.9219999999999999,0.0,0.0,0.34400000000000003,0.0,0.0
376845,2025-06-25T21:00:00.000000000,0.8140000000000001,0.0,0.0,0.235,0.4308144731531667,0.0
376845,2025-06-25T22:00:00.000000000,0.651,0.0,0.0,0.18100000000000002,0.4486918084336722,0.0
376845,2025-06-25T23:00:00.000000000,0.514,0.0,0.0,0.13,0.4680344990650389,0.0
376845,2025-06-26T00:00:00.000000000,0.44599999999999995,0.0,0.0,0.082,0.0,0.0
376845,2025-06-26T01:00:00.000000000,0.40700000000000003,0.0,0.0,0.068,0.4308144731531667,0.0
376845,2025-06-26T02:00:00.000000000,0.398,0.0,0.0,0.07,0.4308144731531667,0.0
376845,2025-06-26T03:00:00.000000000,0.391,0.0,0.0,0.065,0.0,0.0
376845,2025-06-26T04:00:00.000000000,0.34,0.0,0.0,0.025,0.0,0.0
376845,2025-06-26T05:00:00.000000000,0.31,0.0,0.0,0.002,0.4308144731531667,0.0
376845,2025-06-26T06:00:00.000000000,0.355,0.0,0.0,0.016,0.47858505759123887,0.0
376845,2025-06-26T07:00:00.000000000,0.382,0.0,0.0,0.024,0.4788781286614111,0.0
376845,2025-06-26T08:00:00.000000000,0.39599999999999996,0.0,0.0,0.065,0.0,0.0
376845,2025-06-26T09:00:00.000000000,0.488,0.0,0.0,0.118,0.4308144731531667,0.0
376845,2025-06-26T10:00:00.000000000,0.5660000000000001,0.0,0.0,0.162,0.4680344990650389,0.0
376845,2025-06-26T11:00:00.000000000,1.086,0.0,0.0,0.255,0.39242216296060556,0.0
376845,2025-06-26T12:00:00.000000000,0.63,0.0,0.0,0.25,0.053925076911688886,0.0
376845,2025-06-26T13:00:00.000000000,0.645,0.0,0.0,0.274,0.0,0.0
376845,2025-06-26T14:00:00.000000000,0.6950000000000001,0.0,0.0,0.306,1.34255857245895,0.0
376845,2025-06-26T15:00:00.000000000,1.031,0.0,0.0,0.393,2.0679094711352,0.0
376845,2025-06-26T16:00:00.000000000,1.247,0.0,0.0,0.597,3.098054282790561,0.0
376845,2025-06-26T17:00:00.000000000,0.996,0.0,0.0,0.493,0.0,0.0
376845,2025-06-26T18:00:00.000000000,0.999,0.0,0.0,0.469,0.9504294805685167,0.0
376845,2025-06-26T19:00:00.000000000,1.034,0.0,0.0,0.44499999999999995,1.0043545574802057,0.0
376845,2025-06-26T20:00:00.000000000,0.983,0.0,0.0,0.394,0.4750682047491722,0.0
376845,2025-06-26T21:00:00.000000000,0.923,0.0,0.0,0.327,0.4680344990650389,0.0
376845,2025-06-26T22:00:00.000000000,0.788,0.0,0.0,0.281,0.0,0.0
376845,2025-06-26T23:00:00.000000000,0.611,0.0,0.0,0.22499999999999998,0.4486918084336722,0.0
376845,2025-06-27T00:00:00.000000000,0.53,0.0,0.0,0.157,0.4308144731531667,0.0
376845,2025-06-27T01:00:00.000000000,0.476,0.0,0.0,0.126,0.0,0.0
376845,2025-06-27T02:00:00.000000000,0.455,0.0,0.0,0.118,0.0,0.0
376845,2025-06-27T03:00:00.000000000,0.42200000000000004,0.0,0.0,0.09000000000000001,0.4308144731531667,0.0
376845,2025-06-27T04:00:00.000000000,0.384,0.0,0.0,0.06,0.0,0.0
376845,2025-06-27T05:00:00.000000000,0.381,0.0,0.0,0.059,0.4308144731531667,0.0
376845,2025-06-27T06:00:00.000000000,0.375,0.0,0.0,0.052000000000000005,0.0,0.0
376845,2025-06-27T07:00:00.000000000,0.537,0.0,0.0,0.062,0.4818088393631333,0.0
376845,2025-06-27T08:00:00.000000000,1.48,0.0,0.0,0.162,2.9805327836515003,0.0
376845,2025-06-27T09:00:00.000000000,1.6369999999999998,0.0,0.0,0.269,0.0,0.0
376845,2025-06-27T10:00:00.000000000,0.611,0.0,0.0,0.247,0.0,0.0
376845,2025-06-27T11:00:00.000000000,0.677,0.0,0.0,0.303,0.4308144731531667,0.0
376845,2025-06-27T12:00:00.000000000,0.702,0.0,0.0,0.324,1.0688301929180946,0.0
376845,2025-06-27T13:00:00.000000000,0.7130000000000001,0.0,0.0,0.332,0.4308144731531667,0.0
376845,2025-06-27T14:00:00.000000000,0.724,0.0,0.0,0.307,0.4618800065914222,0.0
376845,2025-06-27T15:00:00.000000000,1.7389999999999999,0.0,0.0,0.45699999999999996,0.5427676219589556,0.0
376845,2025-06-27T16:00:00.000000000,0.943,0.0,0.0,0.449,0.4308144731531667,0.0
376845,2025-06-27T17:00:00.000000000,0.876,0.0,0.0,0.388,0.0,0.0
376845,2025-06-27T18:00:00.000000000,1.0919999999999999,0.0,0.0,0.375,0.4803434840122722,0.0
376845,2025-06-27T19:00:00.000000000,1.1629999999999998,0.0,0.0,0.397,0.9011935407795834,0.0
376845,2025-06-27T20:00:00.000000000,0.883,0.0,0.0,0.36900000000000005,0.9164332364285388,0.0
376845,2025-06-27T21:00:00.000000000,0.7340000000000001,0.0,0.0,0.253,0.9302075767266333,0.0
376845,2025-06-27T22:00:00.000000000,0.614,0.0,0.0,0.185,0.4677414279948667,0.0
376845,2025-06-27T23:00:00.000000000,0.512,0.0,0.0,0.156,0.0,0.0
376845,2025-06-28T00:00:00.000000000,0.535,0.0,0.0,0.16199999999999998,0.0,0.0
376845,2025-06-28T01:00:00.000000000,0.529,0.0,0.0,0.17200000000000001,0.4308144731531667,0.0
376845,2025-06-28T02:00:00.000000000,0.505,0.0,0.0,0.16,0.4308144731531667,0.0
376845,2025-06-28T03:00:00.000000000,0.46399999999999997,0.0,0.0,0.128,0.0,0.0
376845,2025-06-28T04:00:00.000000000,0.4,0.0,0.0,0.075,0.4308144731531667,0.0
376845,2025-06-28T05:00:00.000000000,0.365,0.0,0.0,0.046000000000000006,0.0,0.0
376845,2025-06-28T06:00:00.000000000,0.395,0.0,0.0,0.049,0.4794642708017555,0.0
376845,2025-06-28T07:00:00.000000000,0.484,0.0,0.0,0.08399999999999999,2.244338255378878,0.0
376845,2025-06-28T08:00:00.000000000,2.299,0.0,0.0,0.295,1.2716353734772723,0.0
376845,2025-06-28T09:00:00.000000000,1.244,0.0,0.0,0.259,0.16939507855954444,0.0
376845,2025-06-28T10:00:00.000000000,0.631,0.0,0.0,0.216,0.0,0.0
376845,2025-06-28T11:00:00.000000000,0.6839999999999999,0.0,0.0,0.262,0.9466195566562778,0.0
376845,2025-06-28T12:00:00.000000000,0.677,0.0,0.0,0.264,1.528658702018311,0.0
376845,2025-06-28T13:00:00.000000000,0.62,0.0,0.0,0.252,1.0028892021293445,0.0
376845,2025-06-28T14:00:00.000000000,0.687,0.0,0.0,0.309,0.9668414604981611,0.0
376845,2025-06-28T15:00:00.000000000,0.71,0.0,0.0,0.33,0.4483987373635,0.0
376845,2025-06-28T16:00:00.000000000,0.7639999999999999,0.0,0.0,0.32399999999999995,0.0,0.0
376845,2025-06-28T17:00:00.000000000,0.844,0.0,0.0,0.361,0.4308144731531667,0.0
376845,2025-06-28T18:00:00.000000000,0.87,0.0,0.0,0.377,0.0,0.0
376845,2025-06-28T19:00:00.000000000,0.78,0.0,0.0,0.3,0.4308144731531667,0.0
376845,2025-06-28T20:00:00.000000000,0.8029999999999999,0.0,0.0,0.262,0.4785850575912389,0.0
376845,2025-06-28T21:00:00.000000000,0.651,0.0,0.0,0.18000000000000002,0.0,0.0
376845,2025-06-28T22:00:00.000000000,0.553,0.0,0.0,0.119,1.45861471624715,0.0
376845,2025-06-28T23:00:00.000000000,0.469,0.0,0.0,0.094,0.4677414279948667,0.0
376845,2025-06-29T00:00:00.000000000,0.389,0.0,0.0,0.034,0.4308144731531667,0.0
376845,2025-06-29T01:00:00.000000000,0.373,0.0,0.0,0.046,0.0,0.0
376845,2025-06-29T02:00:00.000000000,0.364,0.0,0.0,0.047,0.4308144731531667,0.0
376845,2025-06-29T03:00:00.000000000,0.378,0.0,0.0,0.054,0.0,0.0
376845,2025-06-29T04:00:00.000000000,0.363,0.0,0.0,0.042,0.0,0.0
376845,2025-06-29T05:00:00.000000000,0.328,0.0,0.0,0.015000000000000001,0.4308144731531667,0.0
376845,2025-06-29T06:00:00.000000000,0.33499999999999996,0.0,0.0,0.0,1.7566679946122996,0.0
376845,2025-06-29T07:00:00.000000000,0.373,0.0,0.0,0.003,0.5377854137660277,0.0
376845,2025-06-29T08:00:00.000000000,0.415,0.0,0.0,0.007,0.8756963576746001,0.0
376845,2025-06-29T09:00:00.000000000,0.377,0.0,0.0,0.048,0.0,0.0
376845,2025-06-29T10:00:00.000000000,0.395,0.0,0.0,0.06599999999999999,1.0169566134976111,0.0
376845,2025-06-29T11:00:00.000000000,0.46799999999999997,0.0,0.0,0.091,0.5328032055731,0.0
376845,2025-06-29T12:00:00.000000000,0.5680000000000001,0.0,0.0,0.162,1.4803019754398943,0.0
376845,2025-06-29T13:00:00.000000000,0.555,0.0,0.0,0.19799999999999998,0.45543244304763336,0.0
376845,2025-06-29T14:00:00.000000000,0.618,0.0,0.0,0.251,0.0,0.0
376845,2025-06-29T15:00:00.000000000,0.656,0.0,0.0,0.28500000000000003,0.4308144731531667,0.0
376845,2025-06-29T16:00:00.000000000,0.718,0.0,0.0,0.315,0.4308144731531667,0.0
376845,2025-06-29T17:00:00.000000000,0.7569999999999999,0.0,0.0,0.33599999999999997,0.0,0.0
376845,2025-06-29T18:00:00.000000000,1.001,0.0,0.0,0.358,0.4463472398722944,0.0
376845,2025-06-29T19:00:00.000000000,1.146,0.0,0.0,0.36100000000000004,0.4568977983984944,0.0
376845,2025-06-29T20:00:00.000000000,1.32,0.0,0.0,0.332,0.0,0.0
376845,2025-06-29T21:00:00.000000000,0.766,0.0,0.0,0.21499999999999997,0.4308144731531667,0.0
376845,2025-06-29T22:00:00.000000000,0.527,0.0,0.0,0.163,0.0,0.0
376845,2025-06-29T23:00:00.000000000,0.473,0.0,0.0,0.123,0.9348967138493889,0.0
376845,2025-06-30T00:00:00.000000000,0.405,0.0,0.0,0.051000000000000004,0.0,0.0
376845,2025-06-30T01:00:00.000000000,0.371,0.0,0.0,0.039,0.0,0.0
376845,2025-06-30T02:00:00.000000000,0.35200000000000004,0.0,0.0,0.031,0.4308144731531667,0.0
376845,2025-06-30T03:00:00.000000000,0.319,0.0,0.0,0.005,0.0,0.0
376845,2025-06-30T04:00:00.000000000,0.309,0.0,0.0,0.0,0.4308144731531667,0.0
376845,2025-06-30T05:00:00.000000000,0.308,0.0,0.0,0.0,0.0,0.0
376845,2025-06-30T06:00:00.000000000,0.314,0.0,0.0,0.0,0.0,0.0
376845,2025-06-30T07:00:00.000000000,0.363,0.0,0.0,0.038,0.4308144731531667,0.0
376845,2025-06-30T08:00:00.000000000,0.498,0.0,0.0,0.122,0.4815157682929611,0.0
376845,2025-06-30T09:00:00.000000000,0.6360000000000001,0.0,0.0,0.195,0.4829811236438222,0.0
376845,2025-06-30T10:00:00.000000000,0.7029999999999998,0.0,0.0,0.23199999999999998,0.9135025257268167,0.0
376845,2025-06-30T11:00:00.000000000,0.726,0.0,0.0,0.265,0.94163734846335,0.0
376845,2025-06-30T12:00:00.000000000,0.776,0.0,0.0,0.328,0.0,0.0
376845,2025-06-30T13:00:00.000000000,0.848,0.0,0.0,0.364,0.4308144731531667,0.0
376845,2025-06-30T14:00:00.000000000,0.858,0.0,0.0,0.398,0.35989127417148886,0.0
376845,2025-06-30T15:00:00.000000000,0.814,0.0,0.0,0.35800000000000004,1.0550558526200002,0.0
376845,2025-06-30T16:00:00.000000000,2.67,0.0,0.0,0.5670000000000001,0.9554116887614444,0.0
376845,2025-06-30T17:00:00.000000000,1.25,0.0,0.0,0.543,0.53544084520465,0.0
376845,2025-06-30T18:00:00.000000000,1.0790000000000002,0.0,0.0,0.485,0.4308144731531667,0.0
376845,2025-06-30T19:00:00.000000000,0.966,0.0,0.0,0.389,0.0,0.0
376845,2025-06-30T20:00:00.000000000,0.909,0.0,0.0,0.335,0.895332119376139,0.0
376845,2025-06-30T21:00:00.000000000,0.893,0.0,0.0,0.305,0.0,0.0
376845,2025-06-30T22:00:00.000000000,0.7890000000000001,0.0,0.0,0.252,0.9885287196909055,0.0
376845,2025-06-30T23:00:00.000000000,0.627,0.0,0.0,0.21500000000000002,0.9507225516386889,0.0
376845,2025-07-01T00:00:00.000000000,0.562,0.0,0.0,0.18300000000000002,0.0,0.0
376845,2025-07-01T01:00:00.000000000,0.515,0.0,0.0,0.16,0.0,0.0
376845,2025-07-01T02:00:00.000000000,0.475,0.0,0.0,0.134,0.4308144731531667,0.0
376845,2025-07-01T03:00:00.000000000,0.436,0.0,0.0,0.10300000000000001,0.0,0.0
376845,2025-07-01T04:00:00.000000000,0.402,0.0,0.0,0.076,0.4308144731531667,0.0
376845,2025-07-01T05:00:00.000000000,0.368,0.0,0.0,0.05,0.0,0.0
376845,2025-07-01T06:00:00.000000000,0.378,0.0,0.0,0.055,0.4308144731531667,0.0
376845,2025-07-01T07:00:00.000000000,0.441,0.0,0.0,0.104,0.0,0.0
376845,2025-07-01T08:00:00.000000000,1.8270000000000002,0.0,0.0,0.306,0.0,0.0
376845,2025-07-01T09:00:00.000000000,0.8940000000000001,0.0,0.0,0.314,0.4308144731531667,0.0
376845,2025-07-01T10:00:00.000000000,0.784,0.0,0.0,0.315,0.4800504129421,0.0
376845,2025-07-01T11:00:00.000000000,0.8099999999999999,0.0,0.0,0.32499999999999996,1.0254556745326056,0.0
376845,2025-07-01T12:00:00.000000000,1.7469999999999999,0.0,0.0,0.41999999999999993,2.072012466117611,0.0
376845,2025-07-01T13:00:00.000000000,0.78,0.0,0.0,0.34099999999999997,0.44810566629332776,0.0
376845,2025-07-01T14:00:00.000000000,0.81,0.0,0.0,0.369,0.4495710216441889,0.0
376845,2025-07-01T15:00:00.000000000,0.8640000000000001,0.0,0.0,0.37800000000000006,0.760812498167089,0.0
376845,2025-07-01T16:00:00.000000000,0.868,0.0,0.0,0.333,0.14946624578783332,0.0
376845,2025-07-01T17:00:00.000000000,1.276,0.0,0.0,0.316,0.0,0.0
376845,2025-07-01T18:00:00.000000000,0.748,0.0,0.0,0.205,0.9184847339197444,0.0
376845,2025-07-01T19:00:00.000000000,0.679,0.0,0.0,0.14500000000000002,0.4308144731531667,0.0
376845,2025-07-01T20:00:00.000000000,0.646,0.0,0.0,0.11199999999999999,1.2942018458805333,0.0
376845,2025-07-01T21:00:00.000000000,0.585,0.0,0.0,0.066,0.0,0.0
376845,2025-07-01T22:00:00.000000000,0.455,0.0,0.0,0.04,1.1831279102852612,0.0
376845,2025-07-01T23:00:00.000000000,0.404,0.0,0.0,0.038,0.4483987373635,0.0
376845,2025-07-02T00:00:00.000000000,0.356,0.0,0.0,0.007,0.0,0.0
376845,2025-07-02T01:00:00.000000000,0.324,0.0,0.0,0.0,0.4311075442233389,0.0
376845,2025-07-02T02:00:00.000000000,0.316,0.0,0.0,0.0,0.0,0.0
376845,2025-07-02T03:00:00.000000000,0.313,0.0,0.0,0.0,0.4311075442233389,0.0
376845,2025-07-02T04:00:00.000000000,0.306,0.0,0.0,0.0,0.4838603368543389,0.0
376845,2025-07-02T05:00:00.000000000,0.308,0.0,0.0,0.0,0.4659830015738333,0.0
376845,2025-07-02T06:00:00.000000000,0.311,0.0,0.0,0.0,0.0,0.0
376845,2025-07-02T07:00:00.000000000,0.357,0.0,0.0,0.0,0.4841534079245111,0.0
376845,2025-07-02T08:00:00.000000000,0.375,0.0,0.0,0.0,0.95218790698955,0.0
376845,2025-07-02T09:00:00.000000000,0.373,0.0,0.0,0.0,0.9586354705333389,0.0
376845,2025-07-02T10:00:00.000000000,0.369,0.0,0.0,0.0,0.47741277331055,0.0
376845,2025-07-02T11:00:00.000000000,0.35900000000000004,0.0,0.0,0.002,0.9357759270599055,0.0
376845,2025-07-02T12:00:00.000000000,0.33799999999999997,0.0,0.0,0.015,0.0,0.0
376845,2025-07-02T13:00:00.000000000,0.368,0.0,0.0,0.04,1.2414490532495333,0.0
376845,2025-07-02T14:00:00.000000000,0.464,0.0,0.0,0.11,0.28281358271619444,0.0
376845,2025-07-02T15:00:00.000000000,0.51,0.0,0.0,0.15,0.4308144731531667,0.0
376845,2025-07-02T16:00:00.000000000,0.5810000000000001,0.0,0.0,0.19699999999999998,0.4308144731531667,0.0
376845,2025-07-02T17:00:00.000000000,1.657,0.0,0.0,0.33899999999999997,0.0,0.0
376845,2025-07-02T18:00:00.000000000,0.821,0.0,0.0,0.28300000000000003,0.47389592046848333,0.0
376845,2025-07-02T19:00:00.000000000,0.832,0.0,0.0,0.274,0.4308144731531667,0.0
376845,2025-07-02T20:00:00.000000000,0.774,0.0,0.0,0.21999999999999997,0.0,0.0
376845,2025-07-02T21:00:00.000000000,0.7010000000000001,0.0,0.0,0.164,0.0,0.0
376845,2025-07-02T22:00:00.000000000,0.482,0.0,0.0,0.10399999999999998,0.44810566629332776,0.0
376845,2025-07-02T23:00:00.000000000,0.394,0.0,0.0,0.05900000000000001,0.5096505910294945,0.0
376845,2025-07-03T00:00:00.000000000,0.352,0.0,0.0,0.009,1.2452589771617721,0.0
376845,2025-07-03T01:00:00.000000000,0.332,0.0,0.0,0.007,0.4308144731531667,0.0
376845,2025-07-03T02:00:00.000000000,0.318,0.0,0.0,0.002,0.0,0.0
376845,2025-07-03T03:00:00.000000000,0.313,0.0,0.0,0.0,0.0,0.0
376845,2025-07-03T04:00:00.000000000,0.309,0.0,0.0,0.0,0.4311075442233389,0.0
376845,2025-07-03T05:00:00.000000000,0.308,0.0,0.0,0.0,0.0,0.0
376845,2025-07-03T06:00:00.000000000,0.311,0.0,0.0,0.0,0.0,0.0
376845,2025-07-03T07:00:00.000000000,0.357,0.0,0.0,0.0,0.8695418652009833,0.0
376845,2025-07-03T08:00:00.000000000,0.375,0.0,0.0,0.0,0.0,0.0
376845,2025-07-03T09:00:00.000000000,0.8140000000000001,0.0,0.0,0.023,0.8997281854287222,0.0
376845,2025-07-03T10:00:00.000000000,0.42900000000000005,0.0,0.0,0.059000000000000004,0.44370960024074446,0.0
376845,2025-07-03T11:00:00.000000000,0.42100000000000004,0.0,0.0,0.08800000000000001,1.5673440832810446,0.0
376845,2025-07-03T12:00:00.000000000,0.474,0.0,0.0,0.129,0.0,0.0
376845,2025-07-03T13:00:00.000000000,0.516,0.0,0.0,0.16499999999999998,0.44810566629332776,0.0
376845,2025-07-03T14:00:00.000000000,0.5670000000000001,0.0,0.0,0.208,0.4873771896964056,0.0
376845,2025-07-03T15:00:00.000000000,0.674,0.0,0.0,0.253,0.4308144731531667,0.0
376845,2025-07-03T16:00:00.000000000,0.7030000000000001,0.0,0.0,0.249,0.0,0.0
376845,2025-07-03T17:00:00.000000000,0.626,0.0,0.0,0.211,0.4797573418719278,0.0
376845,2025-07-03T18:00:00.000000000,1.2189999999999999,0.0,0.0,0.273,0.4308144731531667,0.0
376845,2025-07-03T19:00:00.000000000,0.7870000000000001,0.0,0.0,0.238,0.0,0.0
376845,2025-07-03T20:00:00.000000000,0.77,0.0,0.0,0.21800000000000003,0.9644968919367833,0.0
376845,2025-07-03T21:00:00.000000000,0.7380000000000001,0.0,0.0,0.196,0.9466195566562778,0.0
376845,2025-07-03T22:00:00.000000000,0.616,0.0,0.0,0.174,0.4870841186262333,0.0
376845,2025-07-03T23:00:00.000000000,0.524,0.0,0.0,0.153,0.9331382874283556,0.0
376845,2025-07-04T00:00:00.000000000,0.505,0.0,0.0,0.136,0.4665691437141778,0.0
376845,2025-07-04T01:00:00.000000000,0.481,0.0,0.0,0.132,0.0,0.0
376845,2025-07-04T02:00:00.000000000,0.456,0.0,0.0,0.119,0.4308144731531667,0.0
376845,2025-07-04T03:00:00.000000000,0.437,0.0,0.0,0.10500000000000001,0.0,0.0
376845,2025-07-04T04:00:00.000000000,0.421,0.0,0.0,0.092,0.0,0.0
376845,2025-07-04T05:00:00.000000000,0.427,0.0,0.0,0.098,0.4308144731531667,0.0
376845,2025-07-04T06:00:00.000000000,0.439,0.0,0.0,0.09300000000000001,0.4604146512405611,0.0
376845,2025-07-04T07:00:00.000000000,0.515,0.0,0.0,0.089,0.9855980089891834,0.0
376845,2025-07-04T08:00:00.000000000,0.42599999999999993,0.0,0.0,0.066,1.0037684153398612,0.0
376845,2025-07-04T09:00:00.000000000,0.402,0.0,0.0,0.07,0.0,0.0
376845,2025-07-04T10:00:00.000000000,0.427,0.0,0.0,0.093,0.4308144731531667,0.0
376845,2025-07-04T11:00:00.000000000,0.48200000000000004,0.0,0.0,0.127,0.0,0.0
376845,2025-07-04T12:00:00.000000000,0.5800000000000001,0.0,0.0,0.173,0.0,0.0
376845,2025-07-04T13:00:00.000000000,0.679,0.0,0.0,0.258,0.4308144731531667,0.0
376845,2025-07-04T14:00:00.000000000,0.7589999999999999,0.0,0.0,0.328,0.0,0.0
376845,2025-07-04T15:00:00.000000000,0.6960000000000001,0.0,0.0,0.271,0.004102994982411111,0.0
376845,2025-07-04T16:00:00.000000000,0.7290000000000001,0.0,0.0,0.271,1.5702747939827666,0.0
376845,2025-07-04T17:00:00.000000000,0.865,0.0,0.0,0.383,0.44810566629332776,0.0
376845,2025-07-04T18:00:00.000000000,0.98,0.0,0.0,0.475,0.4665691437141778,0.0
376845,2025-07-04T19:00:00.000000000,1.086,0.0,0.0,0.495,0.9565839730421333,0.0
376845,2025-07-04T20:00:00.000000000,1.05,0.0,0.0,0.45799999999999996,0.44810566629332776,0.0
376845,2025-07-04T21:00:00.000000000,0.96,0.0,0.0,0.36200000000000004,0.44810566629332776,0.0
376845,2025-07-04T22:00:00.000000000,0.7909999999999999,0.0,0.0,0.299,0.0,0.0
376845,2025-07-04T23:00:00.000000000,0.648,0.0,0.0,0.244,1.032489380216739,0.0
376845,2025-07-05T00:00:00.000000000,0.604,0.0,0.0,0.21499999999999997,0.4308144731531667,0.0
376845,2025-07-05T01:00:00.000000000,0.56,0.0,0.0,0.198,0.4308144731531667,0.0
376845,2025-07-05T02:00:00.000000000,0.531,0.0,0.0,0.181,0.0,0.0
376845,2025-07-05T03:00:00.000000000,0.504,0.0,0.0,0.17,0.040150736613594445,0.0
376845,2025-07-05T04:00:00.000000000,0.484,0.0,0.0,0.14600000000000002,0.3906637365395722,0.0
376845,2025-07-05T05:00:00.000000000,0.883,0.0,0.0,0.138,0.0,0.0
376845,2025-07-05T06:00:00.000000000,0.422,0.0,0.0,0.09300000000000001,0.4308144731531667,0.0
376845,2025-07-05T07:00:00.000000000,0.45899999999999996,0.0,0.0,0.08399999999999999,0.4753612758193445,0.0
376845,2025-07-05T08:00:00.000000000,0.523,0.0,0.0,0.122,1.8100069293836445,0.0
376845,2025-07-05T09:00:00.000000000,0.56,0.0,0.0,0.154,0.7036636394835055,0.0
376845,2025-07-05T10:00:00.000000000,0.6180000000000001,0.0,0.0,0.209,0.9307937188669777,0.0
376845,2025-07-05T11:00:00.000000000,0.6699999999999999,0.0,0.0,0.29800000000000004,0.05626964547306667,0.0
376845,2025-07-05T12:00:00.000000000,0.7550000000000001,0.0,0.0,0.369,0.37688939624147777,0.0
376845,2025-07-05T13:00:00.000000000,0.8049999999999999,0.0,0.0,0.415,1.0661925532865444,0.0
376845,2025-07-05T14:00:00.000000000,0.9089999999999999,0.0,0.0,0.505,1.074984685391711,0.0
376845,2025-07-05T15:00:00.000000000,1.057,0.0,0.0,0.5950000000000001,0.4308144731531667,0.0
376845,2025-07-05T16:00:00.000000000,1.258,0.0,0.0,0.7129999999999999,0.0,0.0
376845,2025-07-05T17:00:00.000000000,1.475,0.0,0.0,0.712,0.9642038208666112,0.0
376845,2025-07-05T18:00:00.000000000,1.7990000000000002,0.0,0.0,0.7030000000000001,0.44341652917057217,0.0
376845,2025-07-05T19:00:00.000000000,1.428,0.0,0.0,0.613,0.4665691437141778,0.0
376845,2025-07-05T20:00:00.000000000,1.3409999999999997,0.0,0.0,0.531,0.9331382874283556,0.0
376845,2025-07-05T21:00:00.000000000,0.998,0.0,0.0,0.41700000000000004,0.4308144731531667,0.0
376845,2025-07-05T22:00:00.000000000,0.8270000000000001,0.0,0.0,0.339,0.0,0.0
376845,2025-07-05T23:00:00.000000000,0.7160000000000001,0.0,0.0,0.302,0.4867910475560611,0.0
376845,2025-07-06T00:00:00.000000000,0.678,0.0,0.0,0.28300000000000003,0.4308144731531667,0.0
376845,2025-07-06T01:00:00.000000000,0.627,0.0,0.0,0.255,0.0,0.0
376845,2025-07-06T02:00:00.000000000,0.611,0.0,0.0,0.248,0.0,0.0
376845,2025-07-06T03:00:00.000000000,0.562,0.0,0.0,0.20899999999999996,0.4308144731531667,0.0
376845,2025-07-06T04:00:00.000000000,0.519,0.0,0.0,0.174,0.0,0.0
376845,2025-07-06T05:00:00.000000000,0.487,0.0,0.0,0.149,0.9609800390947167,0.0
376845,2025-07-06T06:00:00.000000000,0.778,0.0,0.0,0.133,2.182793330642711,0.0
376845,2025-07-06T07:00:00.000000000,0.594,0.0,0.0,0.14600000000000002,1.181369483864228,0.0
376845,2025-07-06T08:00:00.000000000,0.5650000000000001,0.0,0.0,0.159,0.9562909019719611,0.0
376845,2025-07-06T09:00:00.000000000,0.601,0.0,0.0,0.19,0.0,0.0
376845,2025-07-06T10:00:00.000000000,0.641,0.0,0.0,0.228,0.5495082565729167,0.0
376845,2025-07-06T11:00:00.000000000,0.669,0.0,0.0,0.254,1.3923806543882278,0.0
376845,2025-07-06T12:00:00.000000000,0.726,0.0,0.0,0.311,0.4478125952231556,0.0
376845,2025-07-06T13:00:00.000000000,0.7429999999999999,0.0,0.0,0.36,0.0,0.0
376845,2025-07-06T14:00:00.000000000,0.816,0.0,0.0,0.39899999999999997,0.4665691437141778,0.0
376845,2025-07-06T15:00:00.000000000,0.8210000000000002,0.0,0.0,0.416,0.4864979764858889,0.0
376845,2025-07-06T16:00:00.000000000,0.958,0.0,0.0,0.495,0.4308144731531667,0.0
376845,2025-07-06T17:00:00.000000000,0.992,0.0,0.0,0.506,0.0,0.0
376845,2025-07-06T18:00:00.000000000,1.013,0.0,0.0,0.504,0.4308144731531667,0.0
376845,2025-07-06T19:00:00.000000000,1.0270000000000001,0.0,0.0,0.482,0.5322170634327555,0.0
376845,2025-07-06T20:00:00.000000000,1.014,0.0,0.0,0.42699999999999994,0.4308144731531667,0.0
376845,2025-07-06T21:00:00.000000000,0.925,0.0,0.0,0.331,0.0,0.0
376845,2025-07-06T22:00:00.000000000,0.788,0.0,0.0,0.298,0.44810566629332776,0.0
376845,2025-07-06T23:00:00.000000000,0.653,0.0,0.0,0.262,0.0,0.0
376845,2025-07-07T00:00:00.000000000,0.6,0.0,0.0,0.21699999999999997,0.4308144731531667,0.0
376845,2025-07-07T01:00:00.000000000,0.557,0.0,0.0,0.195,0.44634723987229447,0.0
376845,2025-07-07T02:00:00.000000000,0.546,0.0,0.0,0.193,0.0,0.0
376845,2025-07-07T03:00:00.000000000,0.523,0.0,0.0,0.175,0.4308144731531667,0.0
376845,2025-07-07T04:00:00.000000000,0.509,0.0,0.0,0.165,0.0,0.0
376845,2025-07-07T05:00:00.000000000,0.486,0.0,0.0,0.147,0.0,0.0
376845,2025-07-07T06:00:00.000000000,0.492,0.0,0.0,0.14200000000000002,0.4308144731531667,0.0
376845,2025-07-07T07:00:00.000000000,1.4979999999999998,0.0,0.0,0.26,0.0,0.0
376845,2025-07-07T08:00:00.000000000,0.627,0.0,0.0,0.199,0.0,0.0
376845,2025-07-07T09:00:00.000000000,0.628,0.0,0.0,0.189,0.4308144731531667,0.0
376845,2025-07-07T10:00:00.000000000,0.61,0.0,0.0,0.19999999999999998,0.0,0.0
376845,2025-07-07T11:00:00.000000000,0.706,0.0,0.0,0.249,0.44810566629332776,0.0
376845,2025-07-07T12:00:00.000000000,0.786,0.0,0.0,0.302,0.0,0.0
376845,2025-07-07T13:00:00.000000000,0.847,0.0,0.0,0.354,0.0,0.0
376845,2025-07-07T14:00:00.000000000,0.869,0.0,0.0,0.386,0.9624453944455779,0.0
376845,2025-07-07T15:00:00.000000000,0.863,0.0,0.0,0.414,0.4478125952231556,0.0
376845,2025-07-07T16:00:00.000000000,0.9189999999999999,0.0,0.0,0.434,0.46627607264400556,0.0
376845,2025-07-07T17:00:00.000000000,0.8360000000000001,0.0,0.0,0.35700000000000004,0.4864979764858889,0.0
376845,2025-07-07T18:00:00.000000000,0.738,0.0,0.0,0.267,0.4478125952231556,0.0
376845,2025-07-07T19:00:00.000000000,0.682,0.0,0.0,0.219,0.9938039989540056,0.0
376845,2025-07-07T20:00:00.000000000,0.68,0.0,0.0,0.214,0.0,0.0
376845,2025-07-07T21:00:00.000000000,0.659,0.0,0.0,0.19000000000000003,1.0638479847251667,0.0
376845,2025-07-07T22:00:00.000000000,0.701,0.0,0.0,0.195,0.48268805257365,0.0
376845,2025-07-07T23:00:00.000000000,0.562,0.0,0.0,0.177,0.47799891545089446,0.0
376845,2025-07-08T00:00:00.000000000,0.517,0.0,0.0,0.147,0.4308144731531667,0.0
376845,2025-07-08T01:00:00.000000000,0.501,0.0,0.0,0.14700000000000002,0.0,0.0
376845,2025-07-08T02:00:00.000000000,0.477,0.0,0.0,0.136,0.4308144731531667,0.0
376845,2025-07-08T03:00:00.000000000,0.442,0.0,0.0,0.10800000000000001,0.0,0.0
376845,2025-07-08T04:00:00.000000000,0.396,0.0,0.0,0.072,0.0,0.0
376845,2025-07-08T05:00:00.000000000,0.331,0.0,0.0,0.016,0.4308144731531667,0.0
376845,2025-07-08T06:00:00.000000000,0.311,0.0,0.0,0.0,0.0,0.0
376845,2025-07-08T07:00:00.000000000,0.315,0.0,0.0,0.0,0.4308144731531667,0.0
376845,2025-07-08T08:00:00.000000000,1.083,0.0,0.0,0.075,0.0,0.0
376845,2025-07-08T09:00:00.000000000,0.624,0.0,0.0,0.05,0.4744820626088278,0.0
376845,2025-07-08T10:00:00.000000000,0.473,0.0,0.0,0.042,0.0,0.0
376845,2025-07-08T11:00:00.000000000,0.47,0.0,0.0,0.04,0.4308144731531667,0.0
376845,2025-07-08T12:00:00.000000000,0.492,0.0,0.0,0.07600000000000001,0.0,0.0
376845,2025-07-08T13:00:00.000000000,0.555,0.0,0.0,0.104,0.4308144731531667,0.0
376845,2025-07-08T14:00:00.000000000,0.545,0.0,0.0,0.132,0.4308144731531667,0.0
376845,2025-07-08T15:00:00.000000000,0.537,0.0,0.0,0.148,0.46627607264400556,0.0
376845,2025-07-08T16:00:00.000000000,0.597,0.0,0.0,0.14500000000000002,0.0,0.0
376845,2025-07-08T17:00:00.000000000,0.696,0.0,0.0,0.172,0.4478125952231556,0.0
376845,2025-07-08T18:00:00.000000000,1.6310000000000002,0.0,0.0,0.255,1.0166635424274388,0.0
376845,2025-07-08T19:00:00.000000000,0.6729999999999999,0.0,0.0,0.157,0.5073060224681167,0.0
376845,2025-07-08T20:00:00.000000000,0.576,0.0,0.0,0.126,0.46627607264400556,0.0
376845,2025-07-08T21:00:00.000000000,0.566,0.0,0.0,0.11100000000000002,0.4478125952231556,0.0
376845,2025-07-08T22:00:00.000000000,0.45999999999999996,0.0,0.0,0.08900000000000001,0.4478125952231556,0.0
376845,2025-07-08T23:00:00.000000000,0.42,0.0,0.0,0.08,0.0,0.0
376845,2025-07-09T00:00:00.000000000,0.4,0.0,0.0,0.05,0.4308144731531667,0.0
376845,2025-07-09T01:00:00.000000000,0.372,0.0,0.0,0.043,0.5070129513979444,0.0
376845,2025-07-09T02:00:00.000000000,0.338,0.0,0.0,0.019,0.0,0.0
376845,2025-07-09T03:00:00.000000000,0.313,0.0,0.0,0.0,0.4308144731531667,0.0
376845,2025-07-09T04:00:00.000000000,0.309,0.0,0.0,0.0,0.0,0.0
376845,2025-07-09T05:00:00.000000000,0.308,0.0,0.0,0.0,0.9615661812350611,0.0
376845,2025-07-09T06:00:00.000000000,0.359,0.0,0.0,0.0,0.9425165616738667,0.0
376845,2025-07-09T07:00:00.000000000,0.415,0.0,0.0,0.0,0.44488188452143335,0.0
376845,2025-07-09T08:00:00.000000000,0.431,0.0,0.0,0.0,1.531003270579689,0.0
376845,2025-07-09T09:00:00.000000000,0.387,0.0,0.0,0.0,0.47829198652106664,0.0
376845,2025-07-09T10:00:00.000000000,0.33,0.0,0.0,0.0,1.1256859805315056,0.0
376845,2025-07-09T11:00:00.000000000,0.316,0.0,0.0,0.0,1.620683018052389,0.0
376845,2025-07-09T12:00:00.000000000,0.33299999999999996,0.0,0.0,0.0,0.8797993526570111,0.0
376845,2025-07-09T13:00:00.000000000,2.137,0.0,0.0,0.201,0.48561876327537223,0.0
376845,2025-07-09T14:00:00.000000000,2.434,0.0,0.0,0.274,0.4308144731531667,0.0
376845,2025-07-09T15:00:00.000000000,2.464,0.0,0.0,0.32199999999999995,0.0,0.0
376845,2025-07-09T16:00:00.000000000,1.442,0.0,0.0,0.304,0.0,0.0
376845,2025-07-09T17:00:00.000000000,0.635,0.0,0.0,0.248,0.4659830015738334,0.0
376845,2025-07-09T18:00:00.000000000,0.879,0.0,0.0,0.246,0.4656899305036611,0.0
376845,2025-07-09T19:00:00.000000000,1.399,0.0,0.0,0.302,0.0,0.0
376845,2025-07-09T20:00:00.000000000,0.6910000000000001,0.0,0.0,0.22299999999999998,0.4308144731531667,0.0
376845,2025-07-09T21:00:00.000000000,0.5720000000000001,0.0,0.0,0.154,0.4815157682929611,0.0
376845,2025-07-09T22:00:00.000000000,0.443,0.0,0.0,0.09200000000000001,0.43227982850402774,0.0
376845,2025-07-09T23:00:00.000000000,0.381,0.0,0.0,0.04700000000000001,0.0,0.0
376845,2025-07-10T00:00:00.000000000,0.352,0.0,0.0,0.009,0.4308144731531667,0.0
376845,2025-07-10T01:00:00.000000000,0.324,0.0,0.0,0.0,0.0,0.0
376845,2025-07-10T02:00:00.000000000,0.316,0.0,0.0,0.0,0.0,0.0
376845,2025-07-10T03:00:00.000000000,0.313,0.0,0.0,0.0,0.4308144731531667,0.0
376845,2025-07-10T04:00:00.000000000,0.309,0.0,0.0,0.0,0.0,0.0
376845,2025-07-10T05:00:00.000000000,0.308,0.0,0.0,0.0,0.0,0.0
376845,2025-07-10T06:00:00.000000000,0.319,0.0,0.0,0.0,0.4642245751528,0.0
376845,2025-07-10T07:00:00.000000000,0.315,0.0,0.0,0.0,0.9302075767266333,0.0
376845,2025-07-10T08:00:00.000000000,0.484,0.0,0.0,0.057,0.0,0.0
376845,2025-07-10T09:00:00.000000000,0.7590000000000001,0.0,0.0,0.097,3.046180703370078,0.0
376845,2025-07-10T10:00:00.000000000,1.268,0.0,0.0,0.184,2.0435845723109054,0.0
376845,2025-07-10T11:00:00.000000000,0.613,0.0,0.0,0.20299999999999999,0.4451749555916055,0.0
376845,2025-07-10T12:00:00.000000000,0.611,0.0,0.0,0.21200000000000002,0.9668414604981612,0.0
376845,2025-07-10T13:00:00.000000000,0.573,0.0,0.0,0.213,0.4478125952231556,0.0
376845,2025-07-10T14:00:00.000000000,0.5810000000000001,0.0,0.0,0.22,1.0157843292169222,0.0
376845,2025-07-10T15:00:00.000000000,0.624,0.0,0.0,0.258,0.4475195241529833,0.0
376845,2025-07-10T16:00:00.000000000,0.7090000000000001,0.0,0.0,0.306,0.0,0.0
376845,2025-07-10T17:00:00.000000000,0.673,0.0,0.0,0.281,0.4308144731531667,0.0
376845,2025-07-10T18:00:00.000000000,0.868,0.0,0.0,0.34,0.0,0.0
376845,2025-07-10T19:00:00.000000000,1.1600000000000001,0.0,0.0,0.384,0.4486918084336722,0.0
376845,2025-07-10T20:00:00.000000000,0.8240000000000001,0.0,0.0,0.301,1.4266699695983778,0.0
376845,2025-07-10T21:00:00.000000000,0.716,0.0,0.0,0.236,0.47272363618779445,0.0
376845,2025-07-10T22:00:00.000000000,0.662,0.0,0.0,0.21200000000000002,0.4308144731531667,0.0
376845,2025-07-10T23:00:00.000000000,0.5650000000000001,0.0,0.0,0.177,0.0,0.0
376845,2025-07-11T00:00:00.000000000,0.515,0.0,0.0,0.14500000000000002,0.4308144731531667,0.0
376845,2025-07-11T01:00:00.000000000,0.478,0.0,0.0,0.129,0.0,0.0
376845,2025-07-11T02:00:00.000000000,0.447,0.0,0.0,0.111,0.4311075442233389,0.0
376845,2025-07-11T03:00:00.000000000,0.433,0.0,0.0,0.101,0.0,0.0
376845,2025-07-11T04:00:00.000000000,0.434,0.0,0.0,0.102,0.4308144731531667,0.0
376845,2025-07-11T05:00:00.000000000,1.1480000000000001,0.0,0.0,0.163,0.0,0.0
376845,2025-07-11T06:00:00.000000000,0.644,0.0,0.0,0.116,0.0,0.0
376845,2025-07-11T07:00:00.000000000,0.427,0.0,0.0,0.056999999999999995,0.8674903677097778,0.0
376845,2025-07-11T08:00:00.000000000,0.484,0.0,0.0,0.089,0.0,0.0
376845,2025-07-11T09:00:00.000000000,0.5900000000000001,0.0,0.0,0.181,1.4190501217739,0.0
376845,2025-07-11T10:00:00.000000000,0.7010000000000001,0.0,0.0,0.278,0.9727028819016055,0.0
376845,2025-07-11T11:00:00.000000000,0.7429999999999999,0.0,0.0,0.316,0.9709444554805722,0.0
376845,2025-07-11T12:00:00.000000000,0.7589999999999999,0.0,0.0,0.325,0.9331382874283556,0.0
376845,2025-07-11T13:00:00.000000000,0.658,0.0,0.0,0.28500000000000003,0.0,0.0
376845,2025-07-11T14:00:00.000000000,0.6759999999999999,0.0,0.0,0.30000000000000004,0.4308144731531667,0.0
376845,2025-07-11T15:00:00.000000000,0.7819999999999999,0.0,0.0,0.39399999999999996,0.2916057148213611,0.0
376845,2025-07-11T16:00:00.000000000,0.9269999999999999,0.0,0.0,0.494,0.15034545899835,0.0
376845,2025-07-11T17:00:00.000000000,0.997,0.0,0.0,0.543,0.4308144731531667,0.0
376845,2025-07-11T18:00:00.000000000,1.125,0.0,0.0,0.596,0.0,0.0
376845,2025-07-11T19:00:00.000000000,1.091,0.0,0.0,0.55,1.4433750205981946,0.0
376845,2025-07-11T20:00:00.000000000,1.108,0.0,0.0,0.507,0.0,0.0
376845,2025-07-11T21:00:00.000000000,1.013,0.0,0.0,0.40700000000000003,0.0,0.0
376845,2025-07-11T22:00:00.000000000,0.8669999999999999,0.0,0.0,0.32,0.4308144731531667,0.0
376845,2025-07-11T23:00:00.000000000,0.653,0.0,0.0,0.237,0.9559978309017889,0.0
376845,2025-07-12T00:00:00.000000000,0.573,0.0,0.0,0.19300000000000003,0.4656899305036611,0.0
376845,2025-07-12T01:00:00.000000000,0.513,0.0,0.0,0.157,0.5061337381874278,0.0
376845,2025-07-12T02:00:00.000000000,0.45399999999999996,0.0,0.0,0.11499999999999999,0.0,0.0
376845,2025-07-12T03:00:00.000000000,0.403,0.0,0.0,0.074,0.4308144731531667,0.0
376845,2025-07-12T04:00:00.000000000,0.35300000000000004,0.0,0.0,0.036,0.0,0.0
376845,2025-07-12T05:00:00.000000000,0.326,0.0,0.0,0.013999999999999999,0.0,0.0
376845,2025-07-12T06:00:00.000000000,0.382,0.0,0.0,0.039,0.4308144731531667,0.0
376845,2025-07-12T07:00:00.000000000,0.488,0.0,0.0,0.10300000000000001,1.2294331393724722,0.0
376845,2025-07-12T08:00:00.000000000,0.494,0.0,0.0,0.14700000000000002,0.0,0.0
376845,2025-07-12T09:00:00.000000000,1.298,0.0,0.0,0.247,0.43110754422333886,0.0
376845,2025-07-12T10:00:00.000000000,0.804,0.0,0.0,0.251,0.45074330592487777,0.0
376845,2025-07-12T11:00:00.000000000,0.62,0.0,0.0,0.257,0.0,0.0
376845,2025-07-12T12:00:00.000000000,0.6859999999999999,0.0,0.0,0.311,0.4475195241529833,0.0
376845,2025-07-12T13:00:00.000000000,0.728,0.0,0.0,0.346,0.0,0.0
376845,2025-07-12T14:00:00.000000000,0.788,0.0,0.0,0.363,0.9372412824107667,0.0
376845,2025-07-12T15:00:00.000000000,0.831,0.0,0.0,0.386,0.0,0.0
376845,2025-07-12T16:00:00.000000000,1.3780000000000001,0.0,0.0,0.5820000000000001,2.155244650046522,0.0
376845,2025-07-12T17:00:00.000000000,1.23,0.0,0.0,0.593,1.541553829105889,0.0
376845,2025-07-12T18:00:00.000000000,0.993,0.0,0.0,0.486,0.87305871804305,0.0
376845,2025-07-12T19:00:00.000000000,1.418,0.0,0.0,0.443,1.755202639261439,0.0
376845,2025-07-12T20:00:00.000000000,0.9099999999999999,0.0,0.0,0.35400000000000004,0.9829603693576334,0.0
376845,2025-07-12T21:00:00.000000000,0.871,0.0,0.0,0.28700000000000003,1.5529836008426057,0.0
376845,2025-07-12T22:00:00.000000000,0.7689999999999999,0.0,0.0,0.252,0.47155135190710556,0.0
376845,2025-07-12T23:00:00.000000000,0.604,0.0,0.0,0.20400000000000001,0.9281560792354278,0.0
376845,2025-07-13T00:00:00.000000000,0.502,0.0,0.0,0.133,0.9372412824107667,0.0
376845,2025-07-13T01:00:00.000000000,0.478,0.0,0.0,0.128,0.4308144731531667,0.0
376845,2025-07-13T02:00:00.000000000,0.444,0.0,0.0,0.10799999999999998,0.4308144731531667,0.0
376845,2025-07-13T03:00:00.000000000,0.398,0.0,0.0,0.06999999999999999,0.0,0.0
376845,2025-07-13T04:00:00.000000000,0.356,0.0,0.0,0.037,0.4308144731531667,0.0
376845,2025-07-13T05:00:00.000000000,0.323,0.0,0.0,0.012,0.0,0.0
376845,2025-07-13T06:00:00.000000000,0.33499999999999996,0.0,0.0,0.0,0.8965044036568277,0.0
376845,2025-07-13T07:00:00.000000000,0.329,0.0,0.0,0.004,0.4653968594334889,0.0
376845,2025-07-13T08:00:00.000000000,0.38399999999999995,0.0,0.0,0.028999999999999998,0.47711970224037775,0.0
376845,2025-07-13T09:00:00.000000000,0.431,0.0,0.0,0.047,0.4756543468895167,0.0
376845,2025-07-13T10:00:00.000000000,0.42200000000000004,0.0,0.0,0.054000000000000006,0.4768266311702056,0.0
376845,2025-07-13T11:00:00.000000000,0.382,0.0,0.0,0.055,0.8783339973061499,0.0
376845,2025-07-13T12:00:00.000000000,0.41,0.0,0.0,0.076,0.0,0.0
376845,2025-07-13T13:00:00.000000000,0.41100000000000003,0.0,0.0,0.076,1.6854517245604501,0.0
376845,2025-07-13T14:00:00.000000000,0.436,0.0,0.0,0.097,0.48503262113502776,0.0
376845,2025-07-13T15:00:00.000000000,0.438,0.0,0.0,0.098,0.0,0.0
376845,2025-07-13T16:00:00.000000000,0.429,0.0,0.0,0.069,0.4308144731531667,0.0
376845,2025-07-13T17:00:00.000000000,0.432,0.0,0.0,0.077,0.0,0.0
376845,2025-07-13T18:00:00.000000000,1.011,0.0,0.0,0.149,0.0,0.0
376845,2025-07-13T19:00:00.000000000,0.5820000000000001,0.0,0.0,0.116,0.4308144731531667,0.0
376845,2025-07-13T20:00:00.000000000,0.645,0.0,0.0,0.111,0.47917119973158334,0.0
376845,2025-07-13T21:00:00.000000000,0.627,0.0,0.0,0.10200000000000001,0.0,0.0
376845,2025-07-13T22:00:00.000000000,0.505,0.0,0.0,0.079,0.4308144731531667,0.0
376845,2025-07-13T23:00:00.000000000,0.41200000000000003,0.0,0.0,0.046,0.8390624739030722,0.0
376845,2025-07-14T00:00:00.000000000,0.354,0.0,0.0,0.01,0.0896797474727,0.0
376845,2025-07-14T01:00:00.000000000,0.328,0.0,0.0,0.003,0.4308144731531667,0.0
376845,2025-07-14T02:00:00.000000000,0.316,0.0,0.0,0.0,0.0,0.0
376845,2025-07-14T03:00:00.000000000,0.313,0.0,0.0,0.0,0.4475195241529833,0.0
376845,2025-07-14T04:00:00.000000000,0.45199999999999996,0.0,0.0,0.0,0.44400267131091664,0.0
376845,2025-07-14T05:00:00.000000000,0.564,0.0,0.0,0.0,0.4413650316793667,0.0
376845,2025-07-14T06:00:00.000000000,0.33499999999999996,0.0,0.0,0.0,0.4525017323459111,0.0
376845,2025-07-14T07:00:00.000000000,0.365,0.0,0.0,0.0,0.4311075442233389,0.0
376845,2025-07-14T08:00:00.000000000,0.375,0.0,0.0,0.0,0.0,0.0
376845,2025-07-14T09:00:00.000000000,0.387,0.0,0.0,0.0,0.4653968594334889,0.0
376845,2025-07-14T10:00:00.000000000,0.358,0.0,0.0,0.024,0.4475195241529833,0.0
376845,2025-07-14T11:00:00.000000000,0.39999999999999997,0.0,0.0,0.069,0.0,0.0
376845,2025-07-14T12:00:00.000000000,0.463,0.0,0.0,0.12,0.4308144731531667,0.0
376845,2025-07-14T13:00:00.000000000,1.032,0.0,0.0,0.20700000000000002,0.0,0.0
376845,2025-07-14T14:00:00.000000000,0.676,0.0,0.0,0.209,0.0,0.0
376845,2025-07-14T15:00:00.000000000,0.7190000000000001,0.0,0.0,0.241,0.4308144731531667,0.0
376845,2025-07-14T16:00:00.000000000,0.79,0.0,0.0,0.268,0.0,0.0
376845,2025-07-14T17:00:00.000000000,0.823,0.0,0.0,0.28200000000000003,0.4475195241529833,0.0
376845,2025-07-14T18:00:00.000000000,0.844,0.0,0.0,0.287,0.12221063626181666,0.0
376845,2025-07-14T19:00:00.000000000,0.837,0.0,0.0,0.28,0.3129999029439334,0.0
376845,2025-07-14T20:00:00.000000000,0.728,0.0,0.0,0.238,0.987942577550561,0.0
376845,2025-07-14T21:00:00.000000000,0.676,0.0,0.0,0.203,0.48473955006485553,0.0
376845,2025-07-14T22:00:00.000000000,0.62,0.0,0.0,0.176,0.4308144731531667,0.0
376845,2025-07-14T23:00:00.000000000,0.506,0.0,0.0,0.138,0.48503262113502776,0.0
376845,2025-07-15T00:00:00.000000000,0.441,0.0,0.0,0.085,0.4475195241529833,0.0
376845,2025-07-15T01:00:00.000000000,0.41400000000000003,0.0,0.0,0.075,0.0,0.0
376845,2025-07-15T02:00:00.000000000,0.386,0.0,0.0,0.057999999999999996,0.4308144731531667,0.0
376845,2025-07-15T03:00:00.000000000,0.35500000000000004,0.0,0.0,0.036,0.0,0.0
376845,2025-07-15T04:00:00.000000000,0.312,0.0,0.0,0.003,0.0,0.0
376845,2025-07-15T05:00:00.000000000,0.308,0.0,0.0,0.0,0.4308144731531667,0.0
376845,2025-07-15T06:00:00.000000000,0.313,0.0,0.0,0.001,0.0,0.0
376845,2025-07-15T07:00:00.000000000,0.444,0.0,0.0,0.071,0.0,0.0
376845,2025-07-15T08:00:00.000000000,1.327,0.0,0.0,0.22,0.9061757489725112,0.0
376845,2025-07-15T09:00:00.000000000,0.864,0.0,0.0,0.241,1.4574424319664612,0.0
376845,2025-07-15T10:00:00.000000000,1.0210000000000001,0.0,0.0,0.319,1.80678314761175,0.0
376845,2025-07-15T11:00:00.000000000,1.1139999999999999,0.0,0.0,0.428,3.408709617173117,0.0
376845,2025-07-15T12:00:00.000000000,0.826,0.0,0.0,0.33499999999999996,0.4730167072579667,0.0
376845,2025-07-15T13:00:00.000000000,0.854,0.0,0.0,0.358,0.4308144731531667,0.0
376845,2025-07-15T14:00:00.000000000,0.856,0.0,0.0,0.364,0.0,0.0
376845,2025-07-15T15:00:00.000000000,1.544,0.0,0.0,0.39599999999999996,1.7162241869285335,0.0
376845,2025-07-15T16:00:00.000000000,1.12,0.0,0.0,0.399,0.9706513844104001,0.0
376845,2025-07-15T17:00:00.000000000,1.404,0.0,0.0,0.44199999999999995,0.4765335601000333,0.0
376845,2025-07-15T18:00:00.000000000,0.956,0.0,0.0,0.382,0.4472264530828111,0.0
376845,2025-07-15T19:00:00.000000000,0.9,0.0,0.0,0.334,0.48444647899468335,0.0
376845,2025-07-15T20:00:00.000000000,0.869,0.0,0.0,0.299,1.0037684153398612,0.0
376845,2025-07-15T21:00:00.000000000,0.844,0.0,0.0,0.263,1.4328244620719945,0.0
376845,2025-07-15T22:00:00.000000000,0.7449999999999999,0.0,0.0,0.21599999999999997,1.5652925857898388,0.0
376845,2025-07-15T23:00:00.000000000,0.5750000000000001,0.0,0.0,0.18200000000000002,0.9436888459545556,0.0
376845,2025-07-16T00:00:00.000000000,0.481,0.0,0.0,0.11499999999999999,0.4472264530828111,0.0
376845,2025-07-16T01:00:00.000000000,0.45,0.0,0.0,0.105,0.0,0.0
376845,2025-07-16T02:00:00.000000000,0.433,0.0,0.0,0.098,0.4472264530828111,0.0
376845,2025-07-16T03:00:00.000000000,0.41500000000000004,0.0,0.0,0.084,0.0,0.0
376845,2025-07-16T04:00:00.000000000,0.377,0.0,0.0,0.05499999999999999,0.4308144731531667,0.0
376845,2025-07-16T05:00:00.000000000,0.366,0.0,0.0,0.046,0.0,0.0
376845,2025-07-16T06:00:00.000000000,0.413,0.0,0.0,0.065,0.45045023485470553,0.0
376845,2025-07-16T07:00:00.000000000,0.514,0.0,0.0,0.11099999999999999,0.2998117047861833,0.0
376845,2025-07-16T08:00:00.000000000,0.539,0.0,0.0,0.124,1.0761569696723998,0.0
376845,2025-07-16T09:00:00.000000000,0.52,0.0,0.0,0.122,0.4800504129421,0.0
376845,2025-07-16T10:00:00.000000000,0.524,0.0,0.0,0.128,0.9826672982874611,0.0
376845,2025-07-16T11:00:00.000000000,0.553,0.0,0.0,0.153,0.8780409262359778,0.0
376845,2025-07-16T12:00:00.000000000,0.598,0.0,0.0,0.188,0.06828555935012778,0.0
376845,2025-07-16T13:00:00.000000000,1.0879999999999999,0.0,0.0,0.252,0.8475615349380667,0.0
376845,2025-07-16T14:00:00.000000000,0.626,0.0,0.0,0.258,0.48444647899468335,0.0
376845,2025-07-16T15:00:00.000000000,0.658,0.0,0.0,0.286,0.4308144731531667,0.0
376845,2025-07-16T16:00:00.000000000,0.7049999999999998,0.0,0.0,0.302,0.0,0.0
376845,2025-07-16T17:00:00.000000000,0.94,0.0,0.0,0.30100000000000005,0.9829603693576333,0.0
376845,2025-07-16T18:00:00.000000000,1.004,0.0,0.0,0.318,0.4651037883633167,0.0
376845,2025-07-16T19:00:00.000000000,1.576,0.0,0.0,0.376,0.0,0.0
376845,2025-07-16T20:00:00.000000000,1.041,0.0,0.0,0.315,0.8619220173765055,0.0
376845,2025-07-16T21:00:00.000000000,0.6970000000000001,0.0,0.0,0.21999999999999997,0.46627607264400556,0.0
376845,2025-07-16T22:00:00.000000000,0.542,0.0,0.0,0.125,0.4914801846788167,0.0
376845,2025-07-16T23:00:00.000000000,0.44899999999999995,0.0,0.0,0.10400000000000001,0.0,0.0
376845,2025-07-17T00:00:00.000000000,0.384,0.0,0.0,0.035,0.9577562573228222,0.0
376845,2025-07-17T01:00:00.000000000,0.372,0.0,0.0,0.039,0.0,0.0
376845,2025-07-17T02:00:00.000000000,0.36,0.0,0.0,0.038,0.4308144731531667,0.0
376845,2025-07-17T03:00:00.000000000,0.34,0.0,0.0,0.022,0.0,0.0
376845,2025-07-17T04:00:00.000000000,0.313,0.0,0.0,0.003,0.0,0.0
376845,2025-07-17T05:00:00.000000000,0.308,0.0,0.0,0.0,0.4308144731531667,0.0
376845,2025-07-17T06:00:00.000000000,0.32699999999999996,0.0,0.0,0.007,0.0,0.0
376845,2025-07-17T07:00:00.000000000,1.364,0.0,0.0,0.147,0.0,0.0
376845,2025-07-17T08:00:00.000000000,0.5710000000000001,0.0,0.0,0.163,0.4308144731531667,0.0
376845,2025-07-17T09:00:00.000000000,0.687,0.0,0.0,0.24,0.0,0.0
376845,2025-07-17T10:00:00.000000000,1.13,0.0,0.0,0.29300000000000004,0.8970905457971722,0.0
376845,2025-07-17T11:00:00.000000000,0.883,0.0,0.0,0.301,1.0181288977783,0.0
376845,2025-07-17T12:00:00.000000000,1.1229999999999998,0.0,0.0,0.43400000000000005,3.6965054080822393,0.0
376845,2025-07-17T13:00:00.000000000,0.678,0.0,0.0,0.302,1.0119744053046833,0.0
376845,2025-07-17T14:00:00.000000000,0.732,0.0,0.0,0.34700000000000003,0.95218790698955,0.0
376845,2025-07-17T15:00:00.000000000,0.752,0.0,0.0,0.366,0.4308144731531667,0.0
376845,2025-07-17T16:00:00.000000000,0.827,0.0,0.0,0.407,0.0,0.0
376845,2025-07-17T17:00:00.000000000,0.922,0.0,0.0,0.426,0.4308144731531667,0.0
376845,2025-07-17T18:00:00.000000000,1.037,0.0,0.0,0.451,0.0,0.0
376845,2025-07-17T19:00:00.000000000,0.9089999999999999,0.0,0.0,0.41200000000000003,0.4700859965562445,0.0
376845,2025-07-17T20:00:00.000000000,0.895,0.0,0.0,0.339,0.0,0.0
376845,2025-07-17T21:00:00.000000000,0.8109999999999999,0.0,0.0,0.276,0.4472264530828111,0.0
376845,2025-07-17T22:00:00.000000000,0.668,0.0,0.0,0.21599999999999997,0.4308144731531667,0.0
376845,2025-07-17T23:00:00.000000000,0.524,0.0,0.0,0.13899999999999998,1.0600380608129278,0.0
376845,2025-07-18T00:00:00.000000000,0.43199999999999994,0.0,0.0,0.06999999999999999,0.4308144731531667,0.0
376845,2025-07-18T01:00:00.000000000,0.377,0.0,0.0,0.043,0.9633246076560944,0.0
376845,2025-07-18T02:00:00.000000000,0.357,0.0,0.0,0.033,0.0,0.0
376845,2025-07-18T03:00:00.000000000,0.332,0.0,0.0,0.016,0.4308144731531667,0.0
376845,2025-07-18T04:00:00.000000000,0.3,0.0,0.0,0.0,0.0,0.0
376845,2025-07-18T05:00:00.000000000,0.305,0.0,0.0,0.0,0.4308144731531667,0.0
376845,2025-07-18T06:00:00.000000000,0.32699999999999996,0.0,0.0,0.0,0.9263976528143945,0.0
376845,2025-07-18T07:00:00.000000000,0.347,0.0,0.0,0.026999999999999996,0.0,0.0
376845,2025-07-18T08:00:00.000000000,0.40700000000000003,0.0,0.0,0.07300000000000001,0.4648107172931445,0.0
376845,2025-07-18T09:00:00.000000000,0.437,0.0,0.0,0.09999999999999999,1.26870466277555,0.0
376845,2025-07-18T10:00:00.000000000,0.486,0.0,0.0,0.14200000000000002,0.1315889105073278,0.0
376845,2025-07-18T11:00:00.000000000,0.513,0.0,0.0,0.153,0.4712582808369334,0.0
376845,2025-07-18T12:00:00.000000000,0.51,0.0,0.0,0.161,0.0,0.0
376845,2025-07-18T13:00:00.000000000,0.525,0.0,0.0,0.17099999999999999,0.4308144731531667,0.0
376845,2025-07-18T14:00:00.000000000,0.5670000000000001,0.0,0.0,0.197,0.0,0.0
376845,2025-07-18T15:00:00.000000000,0.612,0.0,0.0,0.237,0.4308144731531667,0.0
376845,2025-07-18T16:00:00.000000000,0.7130000000000001,0.0,0.0,0.31000000000000005,0.0,0.0
376845,2025-07-18T17:00:00.000000000,0.708,0.0,0.0,0.313,0.0,0.0
376845,2025-07-18T18:00:00.000000000,0.73,0.0,0.0,0.315,0.43081447315316673,0.0
376845,2025-07-18T19:00:00.000000000,0.772,0.0,0.0,0.297,0.4648107172931445,0.0
376845,2025-07-18T20:00:00.000000000,0.81,0.0,0.0,0.28900000000000003,0.0,0.0
376845,2025-07-18T21:00:00.000000000,0.7060000000000001,0.0,0.0,0.25,0.8463892506573778,0.0
376845,2025-07-18T22:00:00.000000000,0.598,0.0,0.0,0.223,0.054218147981861115,0.0
376845,2025-07-18T23:00:00.000000000,0.572,0.0,0.0,0.20600000000000002,0.0,0.0
376845,2025-07-19T00:00:00.000000000,0.5780000000000001,0.0,0.0,0.199,0.9293283635161168,0.0
376845,2025-07-19T01:00:00.000000000,0.5660000000000001,0.0,0.0,0.20400000000000001,0.0,0.0
376845,2025-07-19T02:00:00.000000000,0.538,0.0,0.0,0.187,0.4308144731531667,0.0
376845,2025-07-19T03:00:00.000000000,0.524,0.0,0.0,0.178,0.0,0.0
376845,2025-07-19T04:00:00.000000000,0.505,0.0,0.0,0.163,0.0,0.0
376845,2025-07-19T05:00:00.000000000,0.475,0.0,0.0,0.137,0.4308144731531667,0.0
376845,2025-07-19T06:00:00.000000000,0.483,0.0,0.0,0.136,0.0,0.0
376845,2025-07-19T07:00:00.000000000,0.5790000000000001,0.0,0.0,0.14200000000000002,1.0483152180060389,0.0
376845,2025-07-19T08:00:00.000000000,0.5529999999999999,0.0,0.0,0.16,0.3519783552768389,0.0
376845,2025-07-19T09:00:00.000000000,0.5680000000000001,0.0,0.0,0.209,0.4308144731531667,0.0
376845,2025-07-19T10:00:00.000000000,0.639,0.0,0.0,0.271,0.0,0.0
376845,2025-07-19T11:00:00.000000000,0.7010000000000001,0.0,0.0,0.32699999999999996,0.4472264530828111,0.0
376845,2025-07-19T12:00:00.000000000,0.762,0.0,0.0,0.377,0.4472264530828111,0.0
376845,2025-07-19T13:00:00.000000000,0.8109999999999999,0.0,0.0,0.419,0.4308144731531667,0.0
376845,2025-07-19T14:00:00.000000000,0.88,0.0,0.0,0.477,0.0,0.0
376845,2025-07-19T15:00:00.000000000,0.978,0.0,0.0,0.5650000000000001,0.0,0.0
376845,2025-07-19T16:00:00.000000000,1.211,0.0,0.0,0.712,0.4308144731531667,0.0
376845,2025-07-19T17:00:00.000000000,1.212,0.0,0.0,0.681,0.0,0.0
376845,2025-07-19T18:00:00.000000000,1.044,0.0,0.0,0.529,0.4750682047491722,0.0
376845,2025-07-19T19:00:00.000000000,2.725,0.0,0.0,0.6230000000000001,0.27900365880395556,0.0
376845,2025-07-19T20:00:00.000000000,1.6390000000000002,0.0,0.0,0.505,0.15181081434921112,0.0
376845,2025-07-19T21:00:00.000000000,0.849,0.0,0.0,0.329,0.9914594303926277,0.0
376845,2025-07-19T22:00:00.000000000,0.653,0.0,0.0,0.23399999999999999,1.8598290113129223,0.0
376845,2025-07-19T23:00:00.000000000,0.5680000000000001,0.0,0.0,0.203,0.4472264530828111,0.0
376845,2025-07-20T00:00:00.000000000,0.517,0.0,0.0,0.146,0.24442127252363333,0.0
376845,2025-07-20T01:00:00.000000000,0.476,0.0,0.0,0.125,0.1951853327347,0.0
376845,2025-07-20T02:00:00.000000000,0.441,0.0,0.0,0.10600000000000001,0.4308144731531667,0.0
376845,2025-07-20T03:00:00.000000000,0.419,0.0,0.0,0.09000000000000001,0.0,0.0
376845,2025-07-20T04:00:00.000000000,0.399,0.0,0.0,0.074,0.0,0.0
376845,2025-07-20T05:00:00.000000000,0.377,0.0,0.0,0.056999999999999995,0.4308144731531667,0.0
376845,2025-07-20T06:00:00.000000000,0.409,0.0,0.0,0.06,0.9243461553231889,0.0
376845,2025-07-20T07:00:00.000000000,0.472,0.0,0.0,0.111,0.4325728995742,0.0
376845,2025-07-20T08:00:00.000000000,0.551,0.0,0.0,0.181,0.0,0.0
376845,2025-07-20T09:00:00.000000000,0.593,0.0,0.0,0.22999999999999998,0.0,0.0
376845,2025-07-20T10:00:00.000000000,0.652,0.0,0.0,0.28200000000000003,0.9117440993057833,0.0
376845,2025-07-20T11:00:00.000000000,0.706,0.0,0.0,0.32899999999999996,0.48356726578416664,0.0
376845,2025-07-20T12:00:00.000000000,0.754,0.0,0.0,0.367,0.0,0.0
376845,2025-07-20T13:00:00.000000000,0.7850000000000001,0.0,0.0,0.394,0.4308144731531667,0.0
376845,2025-07-20T14:00:00.000000000,0.878,0.0,0.0,0.474,0.0,0.0
376845,2025-07-20T15:00:00.000000000,0.991,0.0,0.0,0.572,0.4308144731531667,0.0
376845,2025-07-20T16:00:00.000000000,1.06,0.0,0.0,0.554,0.0,0.0
376845,2025-07-20T17:00:00.000000000,0.903,0.0,0.0,0.414,0.0,0.0
376845,2025-07-20T18:00:00.000000000,0.908,0.0,0.0,0.373,0.4311075442233389,0.0
376845,2025-07-20T19:00:00.000000000,1.9809999999999999,0.0,0.0,0.553,0.0,0.0
376845,2025-07-20T20:00:00.000000000,0.957,0.0,0.0,0.37500000000000006,0.9246392263933612,0.0
376845,2025-07-20T21:00:00.000000000,0.9,0.0,0.0,0.31,0.4308144731531667,0.0
376845,2025-07-20T22:00:00.000000000,0.764,0.0,0.0,0.245,0.5040822406962222,0.0
376845,2025-07-20T23:00:00.000000000,0.636,0.0,0.0,0.23199999999999998,0.4308144731531667,0.0
376845,2025-07-21T00:00:00.000000000,0.574,0.0,0.0,0.19,0.4308144731531667,0.0
376845,2025-07-21T01:00:00.000000000,0.526,0.0,0.0,0.168,0.0,0.0
376845,2025-07-21T02:00:00.000000000,0.487,0.0,0.0,0.144,0.0,0.0
376845,2025-07-21T03:00:00.000000000,0.46199999999999997,0.0,0.0,0.126,0.4724305651176222,0.0
376845,2025-07-21T04:00:00.000000000,0.446,0.0,0.0,0.113,0.39359444724129444,0.0
376845,2025-07-21T05:00:00.000000000,0.436,0.0,0.0,0.106,0.0,0.0
376845,2025-07-21T06:00:00.000000000,0.435,0.0,0.0,0.10200000000000001,0.4308144731531667,0.0
376845,2025-07-21T07:00:00.000000000,0.432,0.0,0.0,0.095,0.0,0.0
376845,2025-07-21T08:00:00.000000000,0.489,0.0,0.0,0.094,0.0,0.0
376845,2025-07-21T09:00:00.000000000,2.258,0.0,0.0,0.253,0.4308144731531667,0.0
376845,2025-07-21T10:00:00.000000000,2.584,0.0,0.0,0.33299999999999996,0.0,0.0
376845,2025-07-21T11:00:00.000000000,1.1360000000000001,0.0,0.0,0.252,0.0,0.0
376845,2025-07-21T12:00:00.000000000,0.7149999999999999,0.0,0.0,0.239,0.9143817389373333,0.0
376845,2025-07-21T13:00:00.000000000,0.756,0.0,0.0,0.274,0.48356726578416664,0.0
376845,2025-07-21T14:00:00.000000000,0.744,0.0,0.0,0.266,0.0,0.0
376845,2025-07-21T15:00:00.000000000,0.7450000000000001,0.0,0.0,0.263,0.48327419471399446,0.0
376845,2025-07-21T16:00:00.000000000,0.7890000000000001,0.0,0.0,0.265,0.4308144731531667,0.0
376845,2025-07-21T17:00:00.000000000,0.864,0.0,0.0,0.31400000000000006,0.0,0.0
376845,2025-07-21T18:00:00.000000000,1.117,0.0,0.0,0.332,2.2701285095540333,0.0
376845,2025-07-21T19:00:00.000000000,0.977,0.0,0.0,0.294,2.065564902573822,0.0
376845,2025-07-21T20:00:00.000000000,0.845,0.0,0.0,0.28,0.4472264530828111,0.0
376845,2025-07-21T21:00:00.000000000,0.8090000000000002,0.0,0.0,0.23299999999999998,0.50378916962605,0.0
376845,2025-07-21T22:00:00.000000000,0.665,0.0,0.0,0.192,0.9976139228662444,0.0
376845,2025-07-21T23:00:00.000000000,0.5630000000000001,0.0,0.0,0.171,0.0,0.0
376845,2025-07-22T00:00:00.000000000,0.509,0.0,0.0,0.132,0.4308144731531667,0.0
376845,2025-07-22T01:00:00.000000000,0.46099999999999997,0.0,0.0,0.119,0.0,0.0
376845,2025-07-22T02:00:00.000000000,0.41100000000000003,0.0,0.0,0.09300000000000001,0.4645176462229722,0.0
376845,2025-07-22T03:00:00.000000000,0.4,0.0,0.0,0.076,0.0,0.0
376845,2025-07-22T04:00:00.000000000,0.388,0.0,0.0,0.066,0.4308144731531667,0.0
376845,2025-07-22T05:00:00.000000000,0.376,0.0,0.0,0.056,0.0,0.0
376845,2025-07-22T06:00:00.000000000,0.395,0.0,0.0,0.069,0.0,0.0
376845,2025-07-22T07:00:00.000000000,0.451,0.0,0.0,0.112,0.4308144731531667,0.0
376845,2025-07-22T08:00:00.000000000,0.5660000000000001,0.0,0.0,0.16999999999999998,0.4680344990650389,0.0
376845,2025-07-22T09:00:00.000000000,0.7010000000000001,0.0,0.0,0.239,0.4659830015738333,0.0
376845,2025-07-22T10:00:00.000000000,0.76,0.0,0.0,0.28300000000000003,0.9398789220423167,0.0
376845,2025-07-22T11:00:00.000000000,0.7709999999999999,0.0,0.0,0.29200000000000004,1.0269210298834666,0.0
376845,2025-07-22T12:00:00.000000000,0.796,0.0,0.0,0.31,0.9389997088318,0.0
376845,2025-07-22T13:00:00.000000000,0.81,0.0,0.0,0.319,0.4469333820126389,0.0
376845,2025-07-22T14:00:00.000000000,0.7969999999999999,0.0,0.0,0.323,0.0,0.0
376845,2025-07-22T15:00:00.000000000,0.764,0.0,0.0,0.32699999999999996,0.4522086612757389,0.0
376845,2025-07-22T16:00:00.000000000,0.879,0.0,0.0,0.39799999999999996,0.0,0.0
376845,2025-07-22T17:00:00.000000000,0.91,0.0,0.0,0.419,0.9302075767266333,0.0
376845,2025-07-22T18:00:00.000000000,0.975,0.0,0.0,0.435,1.6157008098594612,0.0
376845,2025-07-22T19:00:00.000000000,1.041,0.0,0.0,0.45499999999999996,0.4539670876967723,0.0
376845,2025-07-22T20:00:00.000000000,0.94,0.0,0.0,0.36000000000000004,1.0831906753565335,0.0
376845,2025-07-22T21:00:00.000000000,0.888,0.0,0.0,0.299,0.5034960985558777,0.0
376845,2025-07-22T22:00:00.000000000,0.744,0.0,0.0,0.259,0.4308144731531667,0.0
376845,2025-07-22T23:00:00.000000000,0.592,0.0,0.0,0.196,0.0,0.0
376845,2025-07-23T00:00:00.000000000,0.51,0.0,0.0,0.136,0.45513937197746107,0.0
376845,2025-07-23T01:00:00.000000000,0.47,0.0,0.0,0.122,0.15444845398076112,0.0
376845,2025-07-23T02:00:00.000000000,0.438,0.0,0.0,0.10300000000000001,0.27636601917240555,0.0
376845,2025-07-23T03:00:00.000000000,0.40800000000000003,0.0,0.0,0.079,0.0,0.0
376845,2025-07-23T04:00:00.000000000,0.392,0.0,0.0,0.067,0.4308144731531667,0.0
376845,2025-07-23T05:00:00.000000000,0.373,0.0,0.0,0.05299999999999999,0.0,0.0
376845,2025-07-23T06:00:00.000000000,0.379,0.0,0.0,0.048,0.0,0.0
376845,2025-07-23T07:00:00.000000000,0.438,0.0,0.0,0.101,0.4730167072579667,0.0
376845,2025-07-23T08:00:00.000000000,0.55,0.0,0.0,0.19399999999999998,0.4308144731531667,0.0
376845,2025-07-23T09:00:00.000000000,0.626,0.0,0.0,0.235,0.4797573418719278,0.0
376845,2025-07-23T10:00:00.000000000,0.65,0.0,0.0,0.28,0.47360284939831115,0.0
376845,2025-07-23T11:00:00.000000000,0.718,0.0,0.0,0.32799999999999996,0.4308144731531667,0.0
376845,2025-07-23T12:00:00.000000000,0.778,0.0,0.0,0.389,0.9340175006388722,0.0
376845,2025-07-23T13:00:00.000000000,0.822,0.0,0.0,0.425,0.4645176462229722,0.0
376845,2025-07-23T14:00:00.000000000,0.821,0.0,0.0,0.424,0.0,0.0
376845,2025-07-23T15:00:00.000000000,0.802,0.0,0.0,0.41,0.0,0.0
376845,2025-07-23T16:00:00.000000000,0.865,0.0,0.0,0.439,0.4469333820126389,0.0
376845,2025-07-23T17:00:00.000000000,0.89,0.0,0.0,0.448,0.0,0.0
376845,2025-07-23T18:00:00.000000000,0.962,0.0,0.0,0.45899999999999996,0.9762197347436723,0.0
376845,2025-07-23T19:00:00.000000000,0.958,0.0,0.0,0.41800000000000004,0.8628012305870223,0.0
376845,2025-07-23T20:00:00.000000000,0.9109999999999999,0.0,0.0,0.335,0.9132094546566445,0.0
376845,2025-07-23T21:00:00.000000000,0.834,0.0,0.0,0.253,0.5032030274857056,0.0
376845,2025-07-23T22:00:00.000000000,0.728,0.0,0.0,0.201,1.462424640159389,0.0
376845,2025-07-23T23:00:00.000000000,0.555,0.0,0.0,0.14900000000000002,1.7382045171914502,0.0
376845,2025-07-24T00:00:00.000000000,0.482,0.0,0.0,0.11199999999999999,0.4642245751528,0.0
376845,2025-07-24T01:00:00.000000000,0.458,0.0,0.0,0.111,0.0,0.0
376845,2025-07-24T02:00:00.000000000,0.426,0.0,0.0,0.09300000000000001,0.4308144731531667,0.0
376845,2025-07-24T03:00:00.000000000,0.382,0.0,0.0,0.058,0.4829811236438222,0.0
376845,2025-07-24T04:00:00.000000000,0.343,0.0,0.0,0.026,0.0,0.0
376845,2025-07-24T05:00:00.000000000,0.7609999999999999,0.0,0.0,0.036000000000000004,0.0,0.0
376845,2025-07-24T06:00:00.000000000,0.364,0.0,0.0,0.016,0.4308144731531667,0.0
376845,2025-07-24T07:00:00.000000000,0.492,0.0,0.0,0.074,1.477078193668,0.0
376845,2025-07-24T08:00:00.000000000,0.5690000000000001,0.0,0.0,0.16099999999999998,0.0,0.0
376845,2025-07-24T09:00:00.000000000,0.51,0.0,0.0,0.158,0.9096926018145778,0.0
376845,2025-07-24T10:00:00.000000000,0.561,0.0,0.0,0.204,0.0,0.0
376845,2025-07-24T11:00:00.000000000,0.61,0.0,0.0,0.248,0.9337244295687,0.0
376845,2025-07-24T12:00:00.000000000,0.647,0.0,0.0,0.276,0.0,0.0
376845,2025-07-24T13:00:00.000000000,0.69,0.0,0.0,0.312,0.4308144731531667,0.0
376845,2025-07-24T14:00:00.000000000,0.708,0.0,0.0,0.316,0.0,0.0
376845,2025-07-24T15:00:00.000000000,0.891,0.0,0.0,0.43399999999999994,0.4308144731531667,0.0
376845,2025-07-24T16:00:00.000000000,1.087,0.0,0.0,0.5700000000000001,0.0,0.0
376845,2025-07-24T17:00:00.000000000,0.912,0.0,0.0,0.42,0.4308144731531667,0.0
376845,2025-07-24T18:00:00.000000000,0.978,0.0,0.0,0.453,0.47418899153865557,0.0
376845,2025-07-24T19:00:00.000000000,1.002,0.0,0.0,0.41900000000000004,1.4454265180894,0.0
376845,2025-07-24T20:00:00.000000000,0.9259999999999999,0.0,0.0,0.34900000000000003,0.4862049054157167,0.0
376845,2025-07-24T21:00:00.000000000,0.782,0.0,0.0,0.274,0.9691860290595389,0.0
376845,2025-07-24T22:00:00.000000000,0.649,0.0,0.0,0.213,0.4642245751528,0.0
376845,2025-07-24T23:00:00.000000000,0.538,0.0,0.0,0.17900000000000002,0.0,0.0
376845,2025-07-25T00:00:00.000000000,0.46499999999999997,0.0,0.0,0.101,0.4308144731531667,0.0
376845,2025-07-25T01:00:00.000000000,0.425,0.0,0.0,0.08299999999999999,0.0,0.0
376845,2025-07-25T02:00:00.000000000,0.392,0.0,0.0,0.064,0.4308144731531667,0.0
376845,2025-07-25T03:00:00.000000000,0.33,0.0,0.0,0.015000000000000001,0.0,0.0
376845,2025-07-25T04:00:00.000000000,0.309,0.0,0.0,0.0,0.0,0.0
376845,2025-07-25T05:00:00.000000000,0.308,0.0,0.0,0.0,0.4308144731531667,0.0
376845,2025-07-25T06:00:00.000000000,0.311,0.0,0.0,0.0,0.0,0.0
376845,2025-07-25T07:00:00.000000000,0.32199999999999995,0.0,0.0,0.006,0.0,0.0
376845,2025-07-25T08:00:00.000000000,0.444,0.0,0.0,0.06899999999999999,0.8616289463063334,0.0
376845,2025-07-25T09:00:00.000000000,0.509,0.0,0.0,0.124,0.43726203669695557,0.0
376845,2025-07-25T10:00:00.000000000,0.473,0.0,0.0,0.13,0.4800504129421,0.0
376845,2025-07-25T11:00:00.000000000,0.484,0.0,0.0,0.14,0.0,0.0
376845,2025-07-25T12:00:00.000000000,1.79,0.0,0.0,0.277,0.48268805257365,0.0
376845,2025-07-25T13:00:00.000000000,2.458,0.0,0.0,0.307,0.4469333820126389,0.0
376845,2025-07-25T14:00:00.000000000,1.005,0.0,0.0,0.20500000000000002,0.4308144731531667,0.0
376845,2025-07-25T15:00:00.000000000,0.573,0.0,0.0,0.214,0.0,0.0
376845,2025-07-25T16:00:00.000000000,0.564,0.0,0.0,0.184,0.9715305976209166,0.0
376845,2025-07-25T17:00:00.000000000,0.535,0.0,0.0,0.148,0.4308144731531667,0.0
376845,2025-07-25T18:00:00.000000000,2.026,0.0,0.0,0.267,0.8299772707277333,0.0
376845,2025-07-25T19:00:00.000000000,1.071,0.0,0.0,0.2,2.0356716534162556,0.0
376845,2025-07-25T20:00:00.000000000,1.296,0.0,0.0,0.14300000000000002,0.5125813017312167,0.0
376845,2025-07-25T21:00:00.000000000,1.053,0.0,0.0,0.10400000000000001,1.3818300958620278,0.0
376845,2025-07-25T22:00:00.000000000,0.524,0.0,0.0,0.05,1.441323523106989,0.0
376845,2025-07-25T23:00:00.000000000,0.38600000000000007,0.0,0.0,0.028,0.0,0.0
376845,2025-07-26T00:00:00.000000000,0.34099999999999997,0.0,0.0,0.0,0.4308144731531667,0.0
376845,2025-07-26T01:00:00.000000000,0.324,0.0,0.0,0.0,0.4308144731531667,0.0
376845,2025-07-26T02:00:00.000000000,0.316,0.0,0.0,0.0,0.0,0.0
376845,2025-07-26T03:00:00.000000000,0.313,0.0,0.0,0.0,0.4639315040826278,0.0
376845,2025-07-26T04:00:00.000000000,0.309,0.0,0.0,0.0,0.0,0.0
376845,2025-07-26T05:00:00.000000000,0.308,0.0,0.0,0.0,0.4311075442233389,0.0
376845,2025-07-26T06:00:00.000000000,0.311,0.0,0.0,0.0,0.0,0.0
376845,2025-07-26T07:00:00.000000000,0.343,0.0,0.0,0.0,0.0,0.0
376845,2025-07-26T08:00:00.000000000,0.319,0.0,0.0,0.0,0.4311075442233389,0.0
376845,2025-07-26T09:00:00.000000000,0.346,0.0,0.0,0.0,0.4777058443807222,0.0
376845,2025-07-26T10:00:00.000000000,0.403,0.0,0.0,0.026,0.4551393719774611,0.0
376845,2025-07-26T11:00:00.000000000,0.325,0.0,0.0,0.007,0.5245972156082778,0.0
376845,2025-07-26T12:00:00.000000000,0.33999999999999997,0.0,0.0,0.006,0.45015716378453335,0.0
376845,2025-07-26T13:00:00.000000000,1.05,0.0,0.0,0.041,0.44048581846885,0.0
376845,2025-07-26T14:00:00.000000000,0.382,0.0,0.0,0.04,1.0286794563044999,0.0
376845,2025-07-26T15:00:00.000000000,0.417,0.0,0.0,0.08299999999999999,0.0,0.0
376845,2025-07-26T16:00:00.000000000,0.46499999999999997,0.0,0.0,0.098,0.4308144731531667,0.0
376845,2025-07-26T17:00:00.000000000,0.532,0.0,0.0,0.129,0.4469333820126389,0.0
376845,2025-07-26T18:00:00.000000000,0.665,0.0,0.0,0.15100000000000002,0.8965044036568277,0.0
376845,2025-07-26T19:00:00.000000000,0.704,0.0,0.0,0.167,0.059493427244961115,0.0
376845,2025-07-26T20:00:00.000000000,0.679,0.0,0.0,0.14100000000000001,0.0,0.0
376845,2025-07-26T21:00:00.000000000,0.655,0.0,0.0,0.10400000000000001,0.4308144731531667,0.0
376845,2025-07-26T22:00:00.000000000,0.5780000000000001,0.0,0.0,0.076,0.0,0.0
376845,2025-07-26T23:00:00.000000000,0.42100000000000004,0.0,0.0,0.042,0.4469333820126389,0.0
376845,2025-07-27T00:00:00.000000000,0.347,0.0,0.0,0.004,0.0,0.0
376845,2025-07-27T01:00:00.000000000,0.324,0.0,0.0,0.0,0.4308144731531667,0.0
376845,2025-07-27T02:00:00.000000000,0.316,0.0,0.0,0.0,0.0,0.0
376845,2025-07-27T03:00:00.000000000,0.313,0.0,0.0,0.0,0.4311075442233389,0.0
376845,2025-07-27T04:00:00.000000000,0.309,0.0,0.0,0.0,0.0,0.0
376845,2025-07-27T05:00:00.000000000,0.308,0.0,0.0,0.0,0.4311075442233389,0.0
376845,2025-07-27T06:00:00.000000000,0.33499999999999996,0.0,0.0,0.0,0.0,0.0
376845,2025-07-27T07:00:00.000000000,0.407,0.0,0.0,0.0,1.4433750205981946,0.0
376845,2025-07-27T08:00:00.000000000,0.41700000000000004,0.0,0.0,0.0,0.47858505759123887,0.0
376845,2025-07-27T09:00:00.000000000,0.362,0.0,0.0,0.024,0.4862049054157167,0.0
376845,2025-07-27T10:00:00.000000000,0.398,0.0,0.0,0.067,0.4308144731531667,0.0
376845,2025-07-27T11:00:00.000000000,0.517,0.0,0.0,0.123,0.9331382874283556,0.0
376845,2025-07-27T12:00:00.000000000,0.535,0.0,0.0,0.135,0.43843432097764445,0.0
376845,2025-07-27T13:00:00.000000000,0.558,0.0,0.0,0.15400000000000003,0.0,0.0
376845,2025-07-27T14:00:00.000000000,0.623,0.0,0.0,0.212,0.4308144731531667,0.0
376845,2025-07-27T15:00:00.000000000,0.659,0.0,0.0,0.239,0.0,0.0
376845,2025-07-27T16:00:00.000000000,0.716,0.0,0.0,0.258,0.4308144731531667,0.0
376845,2025-07-27T17:00:00.000000000,0.722,0.0,0.0,0.274,0.0,0.0
376845,2025-07-27T18:00:00.000000000,0.7710000000000001,0.0,0.0,0.294,1.0278002430939834,0.0
376845,2025-07-27T19:00:00.000000000,0.744,0.0,0.0,0.27,0.8396486160434167,0.0
376845,2025-07-27T20:00:00.000000000,0.72,0.0,0.0,0.21100000000000002,0.4308144731531667,0.0
376845,2025-07-27T21:00:00.000000000,0.724,0.0,0.0,0.162,0.0,0.0
376845,2025-07-27T22:00:00.000000000,0.5660000000000001,0.0,0.0,0.10999999999999999,0.4466403109424667,0.0
376845,2025-07-27T23:00:00.000000000,0.46399999999999997,0.0,0.0,0.08700000000000001,0.0,0.0
376845,2025-07-28T00:00:00.000000000,0.399,0.0,0.0,0.042,0.4308144731531667,0.0
376845,2025-07-28T01:00:00.000000000,0.363,0.0,0.0,0.033,0.48239498150347776,0.0
376845,2025-07-28T02:00:00.000000000,0.326,0.0,0.0,0.009000000000000001,0.0,0.0
376845,2025-07-28T03:00:00.000000000,0.313,0.0,0.0,0.0,0.4308144731531667,0.0
376845,2025-07-28T04:00:00.000000000,0.309,0.0,0.0,0.0,0.0,0.0
376845,2025-07-28T05:00:00.000000000,0.308,0.0,0.0,0.0,0.0,0.0
376845,2025-07-28T06:00:00.000000000,0.311,0.0,0.0,0.0,0.4311075442233389,0.0
376845,2025-07-28T07:00:00.000000000,0.315,0.0,0.0,0.0,0.0,0.0
376845,2025-07-28T08:00:00.000000000,0.439,0.0,0.0,0.063,0.0,0.0
376845,2025-07-28T09:00:00.000000000,0.542,0.0,0.0,0.139,0.4308144731531667,0.0
376845,2025-07-28T10:00:00.000000000,1.1260000000000001,0.0,0.0,0.244,0.0,0.0
376845,2025-07-28T11:00:00.000000000,0.722,0.0,0.0,0.251,0.0,0.0
376845,2025-07-28T12:00:00.000000000,0.7690000000000001,0.0,0.0,0.287,0.4308144731531667,0.0
376845,2025-07-28T13:00:00.000000000,0.782,0.0,0.0,0.29800000000000004,0.5023238142751889,0.0
376845,2025-07-28T14:00:00.000000000,0.825,0.0,0.0,0.33799999999999997,0.4466403109424667,0.0
376845,2025-07-28T15:00:00.000000000,0.897,0.0,0.0,0.395,0.0,0.0
376845,2025-07-28T16:00:00.000000000,1.029,0.0,0.0,0.473,0.4428303870302278,0.0
376845,2025-07-28T17:00:00.000000000,1.431,0.0,0.0,0.46599999999999997,0.998493136076761,0.0
376845,2025-07-28T18:00:00.000000000,0.878,0.0,0.0,0.386,0.4360897524162667,0.0
376845,2025-07-28T19:00:00.000000000,0.914,0.0,0.0,0.34700000000000003,1.4354621017035445,0.0
376845,2025-07-28T20:00:00.000000000,0.882,0.0,0.0,0.311,0.0,0.0
376845,2025-07-28T21:00:00.000000000,0.7629999999999999,0.0,0.0,0.258,0.4636384330124556,0.0
376845,2025-07-28T22:00:00.000000000,0.671,0.0,0.0,0.218,0.4308144731531667,0.0
376845,2025-07-28T23:00:00.000000000,0.5720000000000001,0.0,0.0,0.17800000000000002,0.0,0.0
376845,2025-07-29T00:00:00.000000000,0.486,0.0,0.0,0.12,0.4308144731531667,0.0
376845,2025-07-29T01:00:00.000000000,0.45,0.0,0.0,0.104,0.0,0.0
376845,2025-07-29T02:00:00.000000000,0.429,0.0,0.0,0.09500000000000001,0.4308144731531667,0.0
376845,2025-07-29T03:00:00.000000000,0.383,0.0,0.0,0.07,0.0,0.0
376845,2025-07-29T04:00:00.000000000,0.37,0.0,0.0,0.054,0.4308144731531667,0.0
376845,2025-07-29T05:00:00.000000000,0.35000000000000003,0.0,0.0,0.033999999999999996,0.0,0.0
376845,2025-07-29T06:00:00.000000000,0.352,0.0,0.0,0.019,0.4659830015738334,0.0
376845,2025-07-29T07:00:00.000000000,0.386,0.0,0.0,0.057999999999999996,0.0,0.0
376845,2025-07-29T08:00:00.000000000,0.7090000000000001,0.0,0.0,0.107,1.2769106527403722,0.0
376845,2025-07-29T09:00:00.000000000,0.9249999999999999,0.0,0.0,0.254,3.6929885552401727,0.0
376845,2025-07-29T10:00:00.000000000,1.144,0.0,0.0,0.271,0.9806158007962555,0.0
376845,2025-07-29T11:00:00.000000000,0.782,0.0,0.0,0.304,0.42348769639886114,0.0
376845,2025-07-29T12:00:00.000000000,1.754,0.0,0.0,0.42699999999999994,0.4469333820126389,0.0
376845,2025-07-29T13:00:00.000000000,0.849,0.0,0.0,0.35500000000000004,0.9847187957786667,0.0
376845,2025-07-29T14:00:00.000000000,0.886,0.0,0.0,0.392,0.4308144731531667,0.0
376845,2025-07-29T15:00:00.000000000,0.917,0.0,0.0,0.412,0.0,0.0
376845,2025-07-29T16:00:00.000000000,0.984,0.0,0.0,0.435,0.4639315040826278,0.0
376845,2025-07-29T17:00:00.000000000,1.71,0.0,0.0,0.488,0.4466403109424667,0.0
376845,2025-07-29T18:00:00.000000000,1.675,0.0,0.0,0.495,0.4308144731531667,0.0
376845,2025-07-29T19:00:00.000000000,0.971,0.0,0.0,0.395,0.0,0.0
376845,2025-07-29T20:00:00.000000000,0.898,0.0,0.0,0.325,0.4466403109424667,0.0
376845,2025-07-29T21:00:00.000000000,0.857,0.0,0.0,0.275,0.43784817883729993,0.0
376845,2025-07-29T22:00:00.000000000,0.7360000000000001,0.0,0.0,0.22299999999999998,0.4308144731531667,0.0
376845,2025-07-29T23:00:00.000000000,0.555,0.0,0.0,0.17800000000000002,0.0,0.0
376845,2025-07-30T00:00:00.000000000,0.46399999999999997,0.0,0.0,0.102,1.0005446335679666,0.0
376845,2025-07-30T01:00:00.000000000,0.429,0.0,0.0,0.087,0.0,0.0
376845,2025-07-30T02:00:00.000000000,0.426,0.0,0.0,0.092,0.0,0.0
376845,2025-07-30T03:00:00.000000000,0.41000000000000003,0.0,0.0,0.081,0.4308144731531667,0.0
376845,2025-07-30T04:00:00.000000000,0.393,0.0,0.0,0.068,0.0,0.0
376845,2025-07-30T05:00:00.000000000,0.364,0.0,0.0,0.046000000000000006,0.4308144731531667,0.0
376845,2025-07-30T06:00:00.000000000,0.35,0.0,0.0,0.03,0.0,0.0
376845,2025-07-30T07:00:00.000000000,0.389,0.0,0.0,0.061,0.0,0.0
376845,2025-07-30T08:00:00.000000000,0.453,0.0,0.0,0.112,0.4308144731531667,0.0
376845,2025-07-30T09:00:00.000000000,0.53,0.0,0.0,0.175,0.0,0.0
376845,2025-07-30T10:00:00.000000000,0.596,0.0,0.0,0.23399999999999999,0.0,0.0
376845,2025-07-30T11:00:00.000000000,0.663,0.0,0.0,0.29300000000000004,0.4308144731531667,0.0
376845,2025-07-30T12:00:00.000000000,0.728,0.0,0.0,0.346,0.0,0.0
376845,2025-07-30T13:00:00.000000000,0.776,0.0,0.0,0.387,0.0,0.0
376845,2025-07-30T14:00:00.000000000,0.7810000000000001,0.0,0.0,0.392,0.4308144731531667,0.0
376845,2025-07-30T15:00:00.000000000,0.8069999999999999,0.0,0.0,0.415,0.0,0.0
376845,2025-07-30T16:00:00.000000000,0.843,0.0,0.0,0.422,0.4308144731531667,0.0
376845,2025-07-30T17:00:00.000000000,0.854,0.0,0.0,0.388,0.0,0.0
376845,2025-07-30T18:00:00.000000000,1.197,0.0,0.0,0.45399999999999996,0.8299772707277333,0.0
376845,2025-07-30T19:00:00.000000000,1.2429999999999999,0.0,0.0,0.54,2.8621320713019225,0.0
376845,2025-07-30T20:00:00.000000000,0.903,0.0,0.0,0.34800000000000003,0.0,0.0
376845,2025-07-30T21:00:00.000000000,0.778,0.0,0.0,0.29,0.4466403109424667,0.0
376845,2025-07-30T22:00:00.000000000,0.72,0.0,0.0,0.26,0.0,0.0
376845,2025-07-30T23:00:00.000000000,0.599,0.0,0.0,0.211,1.44806415772095,0.0
376845,2025-07-31T00:00:00.000000000,0.532,0.0,0.0,0.16,1.954197895908378,0.0
376845,2025-07-31T01:00:00.000000000,0.522,0.0,0.0,0.16599999999999998,0.06007956938530555,0.0
376845,2025-07-31T02:00:00.000000000,0.523,0.0,0.0,0.174,0.4308144731531667,0.0
376845,2025-07-31T03:00:00.000000000,0.509,0.0,0.0,0.166,0.0,0.0
376845,2025-07-31T04:00:00.000000000,0.482,0.0,0.0,0.144,0.0,0.0
376845,2025-07-31T05:00:00.000000000,0.45599999999999996,0.0,0.0,0.121,0.4308144731531667,0.0
376845,2025-07-31T06:00:00.000000000,0.446,0.0,0.0,0.111,0.0,0.0
376845,2025-07-31T07:00:00.000000000,0.491,0.0,0.0,0.11099999999999999,0.9685998869191945,0.0
376845,2025-07-31T08:00:00.000000000,0.945,0.0,0.0,0.169,0.0,0.0
376845,2025-07-31T09:00:00.000000000,0.517,0.0,0.0,0.16499999999999998,0.4308144731531667,0.0
376845,2025-07-31T10:00:00.000000000,0.561,0.0,0.0,0.206,0.0,0.0
376845,2025-07-31T11:00:00.000000000,0.628,0.0,0.0,0.263,0.4466403109424667,0.0
376845,2025-07-31T12:00:00.000000000,0.649,0.0,0.0,0.28,0.0,0.0
376845,2025-07-31T13:00:00.000000000,0.6699999999999999,0.0,0.0,0.29800000000000004,0.4308144731531667,0.0
376845,2025-07-31T14:00:00.000000000,0.7109999999999999,0.0,0.0,0.334,0.0,0.0
376845,2025-07-31T15:00:00.000000000,0.7170000000000001,0.0,0.0,0.33899999999999997,0.4308144731531667,0.0
376845,2025-07-31T16:00:00.000000000,0.964,0.0,0.0,0.487,0.0,0.0
376845,2025-07-31T17:00:00.000000000,1.0699999999999998,0.0,0.0,0.559,0.47477513367900004,0.0
376845,2025-07-31T18:00:00.000000000,1.0190000000000001,0.0,0.0,0.51,0.0,0.0
376845,2025-07-31T19:00:00.000000000,1.3479999999999999,0.0,0.0,0.537,1.2059874537586945,0.0
376845,2025-07-31T20:00:00.000000000,1.005,0.0,0.0,0.41800000000000004,0.43726203669695557,0.0
376845,2025-07-31T21:00:00.000000000,0.8439999999999999,0.0,0.0,0.328,0.4375551077671278,0.0
376845,2025-07-31T22:00:00.000000000,0.724,0.0,0.0,0.264,1.462424640159389,0.0
376845,2025-07-31T23:00:00.000000000,0.67,0.0,0.0,0.263,0.0,0.0
376845,2025-08-01T00:00:00.000000000,0.662,0.0,0.0,0.264,0.4466403109424667,0.0
376845,2025-08-01T01:00:00.000000000,0.634,0.0,0.0,0.267,0.0,0.0
376845,2025-08-01T02:00:00.000000000,0.638,0.0,0.0,0.281,0.0,0.0
376845,2025-08-01T03:00:00.000000000,0.6839999999999999,0.0,0.0,0.314,0.4466403109424667,0.0
376845,2025-08-01T04:00:00.000000000,0.734,0.0,0.0,0.36,0.0,0.0
376845,2025-08-01T05:00:00.000000000,0.7569999999999999,0.0,0.0,0.379,0.4308144731531667,0.0
376845,2025-08-01T06:00:00.000000000,0.7010000000000001,0.0,0.0,0.322,0.4466403109424667,0.0
376845,2025-08-01T07:00:00.000000000,0.6779999999999999,0.0,0.0,0.288,0.9759266636735,0.0
376845,2025-08-01T08:00:00.000000000,0.72,0.0,0.0,0.29100000000000004,0.6980952891502334,0.0
376845,2025-08-01T09:00:00.000000000,0.6759999999999999,0.0,0.0,0.254,0.6597029789576723,0.0
376845,2025-08-01T10:00:00.000000000,0.678,0.0,0.0,0.259,0.9583423994631667,0.0
376845,2025-08-01T11:00:00.000000000,0.6769999999999999,0.0,0.0,0.258,1.057400421181378,0.0
376845,2025-08-01T12:00:00.000000000,0.698,0.0,0.0,0.273,0.43110754422333886,0.0
376845,2025-08-01T13:00:00.000000000,0.639,0.0,0.0,0.256,0.47389592046848333,0.0
376845,2025-08-01T14:00:00.000000000,0.631,0.0,0.0,0.262,0.9284491503056,0.0
376845,2025-08-01T15:00:00.000000000,0.7230000000000001,0.0,0.0,0.33099999999999996,0.0,0.0
376845,2025-08-01T16:00:00.000000000,0.9249999999999999,0.0,0.0,0.439,0.4308144731531667,0.0
376845,2025-08-01T17:00:00.000000000,1.082,0.0,0.0,0.552,0.0,0.0
376845,2025-08-01T18:00:00.000000000,1.276,0.0,0.0,0.653,0.4308144731531667,0.0
376845,2025-08-01T19:00:00.000000000,1.718,0.0,0.0,0.674,0.0,0.0
376845,2025-08-01T20:00:00.000000000,1.161,0.0,0.0,0.536,0.4466403109424667,0.0
376845,2025-08-01T21:00:00.000000000,1.112,0.0,0.0,0.474,0.4466403109424667,0.0
376845,2025-08-01T22:00:00.000000000,0.9189999999999999,0.0,0.0,0.402,0.4821019104333056,0.0
376845,2025-08-01T23:00:00.000000000,0.7710000000000001,0.0,0.0,0.34800000000000003,0.0,0.0
376845,2025-08-02T00:00:00.000000000,0.7389999999999999,0.0,0.0,0.33,0.4308144731531667,0.0
376845,2025-08-02T01:00:00.000000000,0.684,0.0,0.0,0.303,0.0,0.0
376845,2025-08-02T02:00:00.000000000,0.643,0.0,0.0,0.276,0.4308144731531667,0.0
376845,2025-08-02T03:00:00.000000000,0.611,0.0,0.0,0.251,0.0,0.0
376845,2025-08-02T04:00:00.000000000,0.5660000000000001,0.0,0.0,0.21399999999999997,0.0,0.0
376845,2025-08-02T05:00:00.000000000,0.525,0.0,0.0,0.181,0.4308144731531667,0.0
376845,2025-08-02T06:00:00.000000000,0.519,0.0,0.0,0.173,0.0,0.0
376845,2025-08-02T07:00:00.000000000,0.554,0.0,0.0,0.19899999999999998,0.0,0.0
376845,2025-08-02T08:00:00.000000000,0.629,0.0,0.0,0.261,0.4308144731531667,0.0
376845,2025-08-02T09:00:00.000000000,0.7550000000000001,0.0,0.0,0.33199999999999996,0.4653968594334889,0.0
376845,2025-08-02T10:00:00.000000000,0.813,0.0,0.0,0.372,0.4938247532401945,0.0
376845,2025-08-02T11:00:00.000000000,0.842,0.0,0.0,0.398,0.0,0.0
376845,2025-08-02T12:00:00.000000000,0.86,0.0,0.0,0.41,0.4308144731531667,0.0
376845,2025-08-02T13:00:00.000000000,0.8250000000000001,0.0,0.0,0.418,0.5228387891872445,0.0
376845,2025-08-02T14:00:00.000000000,0.849,0.0,0.0,0.45,0.4466403109424667,0.0
376845,2025-08-02T15:00:00.000000000,0.891,0.0,0.0,0.487,0.0,0.0
376845,2025-08-02T16:00:00.000000000,1.013,0.0,0.0,0.5680000000000001,0.4308144731531667,0.0
376845,2025-08-02T17:00:00.000000000,1.073,0.0,0.0,0.59,0.89415983509545,0.0
376845,2025-08-02T18:00:00.000000000,1.207,0.0,0.0,0.611,0.46041465124056113,0.0
376845,2025-08-02T19:00:00.000000000,2.1420000000000003,0.0,0.0,0.683,0.4753612758193445,0.0
376845,2025-08-02T20:00:00.000000000,1.513,0.0,0.0,0.506,1.5084367981764277,0.0
376845,2025-08-02T21:00:00.000000000,1.296,0.0,0.0,0.41999999999999993,0.9126233125163,0.0
376845,2025-08-02T22:00:00.000000000,0.8320000000000001,0.0,0.0,0.328,0.8970905457971723,0.0
376845,2025-08-02T23:00:00.000000000,0.6960000000000001,0.0,0.0,0.288,0.4818088393631333,0.0
376845,2025-08-03T00:00:00.000000000,0.635,0.0,0.0,0.245,0.5231318602574166,0.0
376845,2025-08-03T01:00:00.000000000,0.594,0.0,0.0,0.22499999999999998,0.4633453619422833,0.0
376845,2025-08-03T02:00:00.000000000,0.54,0.0,0.0,0.189,0.4633453619422833,0.0
376845,2025-08-03T03:00:00.000000000,0.532,0.0,0.0,0.18500000000000003,0.0,0.0
376845,2025-08-03T04:00:00.000000000,0.488,0.0,0.0,0.149,0.4308144731531667,0.0
376845,2025-08-03T05:00:00.000000000,0.454,0.0,0.0,0.126,0.47711970224037775,0.0
376845,2025-08-03T06:00:00.000000000,0.446,0.0,0.0,0.111,0.4680344990650389,0.0
376845,2025-08-03T07:00:00.000000000,0.536,0.0,0.0,0.159,0.4308144731531667,0.0
376845,2025-08-03T08:00:00.000000000,0.639,0.0,0.0,0.23299999999999998,0.4308144731531667,0.0
376845,2025-08-03T09:00:00.000000000,0.644,0.0,0.0,0.274,0.44927795057401665,0.0
376845,2025-08-03T10:00:00.000000000,0.724,0.0,0.0,0.34299999999999997,0.0,0.0
376845,2025-08-03T11:00:00.000000000,0.768,0.0,0.0,0.383,0.4308144731531667,0.0
376845,2025-08-03T12:00:00.000000000,0.796,0.0,0.0,0.406,0.4636384330124556,0.0
376845,2025-08-03T13:00:00.000000000,0.83,0.0,0.0,0.435,0.0,0.0
376845,2025-08-03T14:00:00.000000000,0.888,0.0,0.0,0.485,0.0,0.0
376845,2025-08-03T15:00:00.000000000,0.984,0.0,0.0,0.557,0.4308144731531667,0.0
376845,2025-08-03T16:00:00.000000000,1.097,0.0,0.0,0.641,0.0,0.0
376845,2025-08-03T17:00:00.000000000,1.118,0.0,0.0,0.665,0.0,0.0
376845,2025-08-03T18:00:00.000000000,1.9260000000000002,0.0,0.0,0.747,0.4308144731531667,0.0
376845,2025-08-03T19:00:00.000000000,1.446,0.0,0.0,0.679,0.0,0.0
376845,2025-08-03T20:00:00.000000000,1.207,0.0,0.0,0.5740000000000001,0.0,0.0
376845,2025-08-03T21:00:00.000000000,1.153,0.0,0.0,0.508,0.4308144731531667,0.0
376845,2025-08-03T22:00:00.000000000,0.997,0.0,0.0,0.45499999999999996,0.4636384330124556,0.0
376845,2025-08-03T23:00:00.000000000,0.839,0.0,0.0,0.406,0.4466403109424667,0.0
376845,2025-08-04T00:00:00.000000000,0.764,0.0,0.0,0.34900000000000003,1.4703375590540388,0.0
376845,2025-08-04T01:00:00.000000000,0.686,0.0,0.0,0.31,0.9606869680245445,0.0
376845,2025-08-04T02:00:00.000000000,0.649,0.0,0.0,0.294,0.0,0.0
376845,2025-08-04T03:00:00.000000000,0.625,0.0,0.0,0.271,0.4466403109424667,0.0
376845,2025-08-04T04:00:00.000000000,0.603,0.0,0.0,0.245,0.0,0.0
376845,2025-08-04T05:00:00.000000000,0.572,0.0,0.0,0.22,0.4815157682929611,0.0
376845,2025-08-04T06:00:00.000000000,0.5750000000000001,0.0,0.0,0.22,0.4466403109424667,0.0
376845,2025-08-04T07:00:00.000000000,0.635,0.0,0.0,0.268,0.4308144731531667,0.0
376845,2025-08-04T08:00:00.000000000,0.7329999999999999,0.0,0.0,0.348,0.0,0.0
376845,2025-08-04T09:00:00.000000000,0.898,0.0,0.0,0.45599999999999996,0.0,0.0
376845,2025-08-04T10:00:00.000000000,1.054,0.0,0.0,0.546,0.9419304195335223,0.0
376845,2025-08-04T11:00:00.000000000,1.106,0.0,0.0,0.616,0.4991000325032945,0.0
376845,2025-08-04T12:00:00.000000000,1.7069999999999999,0.0,0.0,0.752,0.9513086937790334,0.0
376845,2025-08-04T13:00:00.000000000,1.3270000000000002,0.0,0.0,0.768,0.45308787448625554,0.0
376845,2025-08-04T14:00:00.000000000,1.3969999999999998,0.0,0.0,0.833,0.0,0.0
376845,2025-08-04T15:00:00.000000000,1.451,0.0,0.0,0.873,0.4308144731531667,0.0
376845,2025-08-04T16:00:00.000000000,1.6329999999999998,0.0,0.0,0.994,0.0,0.0
376845,2025-08-04T17:00:00.000000000,1.69,0.0,0.0,1.029,0.4308144731531667,0.0
376845,2025-08-04T18:00:00.000000000,1.577,0.0,0.0,0.97,0.4308144731531667,0.0
376845,2025-08-04T19:00:00.000000000,2.034,0.0,0.0,0.963,0.5222526470469,0.0
376845,2025-08-04T20:00:00.000000000,1.442,0.0,0.0,0.778,1.0087506235327888,0.0
376845,2025-08-04T21:00:00.000000000,2.609,0.0,0.0,0.826,0.9319660031476666,0.0
376845,2025-08-04T22:00:00.000000000,1.464,0.0,0.0,0.671,0.0,0.0
376845,2025-08-04T23:00:00.000000000,1.026,0.0,0.0,0.558,0.0,0.0
376845,2025-08-05T00:00:00.000000000,0.97,0.0,0.0,0.533,0.4633453619422833,0.0
376845,2025-08-05T01:00:00.000000000,0.8599999999999999,0.0,0.0,0.45299999999999996,0.4815157682929611,0.0
376845,2025-08-05T02:00:00.000000000,0.8,0.0,0.0,0.41000000000000003,0.4308144731531667,0.0
376845,2025-08-05T03:00:00.000000000,0.75,0.0,0.0,0.368,0.0,0.0
376845,2025-08-05T04:00:00.000000000,0.6990000000000001,0.0,0.0,0.326,0.0,0.0
376845,2025-08-05T05:00:00.000000000,0.681,0.0,0.0,0.312,0.4308144731531667,0.0
376845,2025-08-05T06:00:00.000000000,0.674,0.0,0.0,0.304,0.0,0.0
376845,2025-08-05T07:00:00.000000000,0.754,0.0,0.0,0.37,0.0,0.0
376845,2025-08-05T08:00:00.000000000,0.913,0.0,0.0,0.503,0.4308144731531667,0.0
376845,2025-08-05T09:00:00.000000000,1.136,0.0,0.0,0.624,0.4765335601000333,0.0
376845,2025-08-05T10:00:00.000000000,1.242,0.0,0.0,0.742,0.4308144731531667,0.0
376845,2025-08-05T11:00:00.000000000,1.376,0.0,0.0,0.862,0.0,0.0
376845,2025-08-05T12:00:00.000000000,1.555,0.0,0.0,1.013,0.0,0.0
376845,2025-08-05T13:00:00.000000000,1.7,0.0,0.0,1.09,0.9123302414461278,0.0
376845,2025-08-05T14:00:00.000000000,1.7189999999999999,0.0,0.0,1.114,0.0,0.0
376845,2025-08-05T15:00:00.000000000,1.738,0.0,0.0,1.128,0.4308144731531667,0.0
376845,2025-08-05T16:00:00.000000000,1.779,0.0,0.0,1.128,0.4308144731531667,0.0
376845,2025-08-05T17:00:00.000000000,1.788,0.0,0.0,1.12,0.0,0.0
376845,2025-08-05T18:00:00.000000000,1.7830000000000001,0.0,0.0,1.096,0.4466403109424667,0.0
376845,2025-08-05T19:00:00.000000000,1.766,0.0,0.0,1.073,0.46305229087211114,0.0
376845,2025-08-05T20:00:00.000000000,1.714,0.0,0.0,1.0130000000000001,2.3082277486764227,0.0
376845,2025-08-05T21:00:00.000000000,1.4409999999999998,0.0,0.0,0.849,1.5014030924922945,0.0
376845,2025-08-05T22:00:00.000000000,1.2939999999999998,0.0,0.0,0.748,0.0,0.0
376845,2025-08-05T23:00:00.000000000,1.116,0.0,0.0,0.645,0.4466403109424667,0.0
376845,2025-08-06T00:00:00.000000000,1.11,0.0,0.0,0.648,0.0,0.0
376845,2025-08-06T01:00:00.000000000,0.993,0.0,0.0,0.5740000000000001,0.4466403109424667,0.0
376845,2025-08-06T02:00:00.000000000,0.906,0.0,0.0,0.502,0.4466403109424667,0.0
376845,2025-08-06T03:00:00.000000000,0.896,0.0,0.0,0.496,0.0,0.0
376845,2025-08-06T04:00:00.000000000,0.891,0.0,0.0,0.494,0.4308144731531667,0.0
376845,2025-08-06T05:00:00.000000000,0.845,0.0,0.0,0.455,0.4756543468895167,0.0
376845,2025-08-06T06:00:00.000000000,0.873,0.0,0.0,0.436,0.9530671202000667,0.0
376845,2025-08-06T07:00:00.000000000,1.4210000000000003,0.0,0.0,0.54,0.4604146512405611,0.0
376845,2025-08-06T08:00:00.000000000,1.036,0.0,0.0,0.561,0.95218790698955,0.0
376845,2025-08-06T09:00:00.000000000,1.016,0.0,0.0,0.5920000000000001,0.72007561941315,0.0
376845,2025-08-06T10:00:00.000000000,1.122,0.0,0.0,0.6859999999999999,0.19196155096280557,0.0
376845,2025-08-06T11:00:00.000000000,1.2449999999999999,0.0,0.0,0.7969999999999999,0.4308144731531667,0.0
376845,2025-08-06T12:00:00.000000000,1.304,0.0,0.0,0.846,0.9753405215331556,0.0
376845,2025-08-06T13:00:00.000000000,1.3819999999999997,0.0,0.0,0.915,0.0,0.0
376845,2025-08-06T14:00:00.000000000,1.507,0.0,0.0,1.0110000000000001,0.0,0.0
376845,2025-08-06T15:00:00.000000000,1.6680000000000001,0.0,0.0,1.128,0.45719086946866666,0.0
376845,2025-08-06T16:00:00.000000000,1.7249999999999999,0.0,0.0,1.138,0.0,0.0
376845,2025-08-06T17:00:00.000000000,1.738,0.0,0.0,1.144,0.4308144731531667,0.0
376845,2025-08-06T18:00:00.000000000,1.721,0.0,0.0,1.12,0.4733097783281389,0.0
376845,2025-08-06T19:00:00.000000000,3.292,0.0,0.0,1.096,0.4815157682929611,0.0
376845,2025-08-06T20:00:00.000000000,1.919,0.0,0.0,1.065,0.46305229087211114,0.0
376845,2025-08-06T21:00:00.000000000,1.685,0.0,0.0,0.968,0.9096926018145779,0.0
376845,2025-08-06T22:00:00.000000000,1.3050000000000002,0.0,0.0,0.782,0.0,0.0
376845,2025-08-06T23:00:00.000000000,1.002,0.0,0.0,0.574,0.4308144731531667,0.0
376845,2025-08-07T00:00:00.000000000,0.971,0.0,0.0,0.53,0.0,0.0
376845,2025-08-07T01:00:00.000000000,0.869,0.0,0.0,0.45999999999999996,0.4308144731531667,0.0
376845,2025-08-07T02:00:00.000000000,0.7729999999999999,0.0,0.0,0.386,0.0,0.0
376845,2025-08-07T03:00:00.000000000,0.74,0.0,0.0,0.36,0.4308144731531667,0.0
376845,2025-08-07T04:00:00.000000000,0.7069999999999999,0.0,0.0,0.332,0.0,0.0
376845,2025-08-07T05:00:00.000000000,0.662,0.0,0.0,0.296,0.0,0.0
376845,2025-08-07T06:00:00.000000000,0.645,0.0,0.0,0.279,0.4308144731531666,0.0
376845,2025-08-07T07:00:00.000000000,0.702,0.0,0.0,0.32499999999999996,0.0,0.0
376845,2025-08-07T08:00:00.000000000,0.828,0.0,0.0,0.43,0.0,0.0
376845,2025-08-07T09:00:00.000000000,0.98,0.0,0.0,0.527,0.4308144731531667,0.0
376845,2025-08-07T10:00:00.000000000,1.146,0.0,0.0,0.661,0.9486710541474833,0.0
376845,2025-08-07T11:00:00.000000000,1.335,0.0,0.0,0.827,0.4308144731531667,0.0
376845,2025-08-07T12:00:00.000000000,1.8219999999999998,0.0,0.0,0.9299999999999999,0.0,0.0
376845,2025-08-07T13:00:00.000000000,1.3730000000000002,0.0,0.0,0.91,0.4463472398722944,0.0
376845,2025-08-07T14:00:00.000000000,1.46,0.0,0.0,0.983,0.4633453619422833,0.0
376845,2025-08-07T15:00:00.000000000,1.625,0.0,0.0,1.107,0.5008584589243278,0.0
376845,2025-08-07T16:00:00.000000000,1.737,0.0,0.0,1.152,0.9926317146733167,0.0
376845,2025-08-07T17:00:00.000000000,1.727,0.0,0.0,1.134,0.44341652917057217,0.0
376845,2025-08-07T18:00:00.000000000,1.705,0.0,0.0,1.104,0.4308144731531667,0.0
376845,2025-08-07T19:00:00.000000000,1.695,0.0,0.0,1.092,0.43931353418816116,0.0
376845,2025-08-07T20:00:00.000000000,1.6280000000000001,0.0,0.0,0.962,1.6467663432977167,0.0
376845,2025-08-07T21:00:00.000000000,1.5830000000000002,0.0,0.0,0.882,0.4308144731531667,0.0
376845,2025-08-07T22:00:00.000000000,1.402,0.0,0.0,0.8029999999999999,0.4762404890298611,0.0
376845,2025-08-07T23:00:00.000000000,1.145,0.0,0.0,0.683,0.4659830015738334,0.0
376845,2025-08-08T00:00:00.000000000,1.1269999999999998,0.0,0.0,0.667,0.4463472398722944,0.0
376845,2025-08-08T01:00:00.000000000,1.004,0.0,0.0,0.578,0.46305229087211114,0.0
376845,2025-08-08T02:00:00.000000000,0.9139999999999999,0.0,0.0,0.508,0.0,0.0
376845,2025-08-08T03:00:00.000000000,0.851,0.0,0.0,0.456,0.4308144731531667,0.0
376845,2025-08-08T04:00:00.000000000,0.855,0.0,0.0,0.46099999999999997,0.0,0.0
376845,2025-08-08T05:00:00.000000000,0.796,0.0,0.0,0.41300000000000003,0.4308144731531667,0.0
376845,2025-08-08T06:00:00.000000000,0.7789999999999999,0.0,0.0,0.388,0.0,0.0
376845,2025-08-08T07:00:00.000000000,0.852,0.0,0.0,0.41,0.4750682047491722,0.0
376845,2025-08-08T08:00:00.000000000,0.882,0.0,0.0,0.476,0.0,0.0
376845,2025-08-08T09:00:00.000000000,1.0,0.0,0.0,0.5790000000000001,0.4308144731531667,0.0
376845,2025-08-08T10:00:00.000000000,1.082,0.0,0.0,0.653,0.0,0.0
376845,2025-08-08T11:00:00.000000000,1.13,0.0,0.0,0.698,0.9442749880949,0.0
376845,2025-08-08T12:00:00.000000000,1.28,0.0,0.0,0.824,0.0,0.0
376845,2025-08-08T13:00:00.000000000,1.34,0.0,0.0,0.877,0.0,0.0
376845,2025-08-08T14:00:00.000000000,1.471,0.0,0.0,0.979,0.4308144731531667,0.0
376845,2025-08-08T15:00:00.000000000,1.593,0.0,0.0,1.098,0.4308144731531667,0.0
376845,2025-08-08T16:00:00.000000000,1.6409999999999998,0.0,0.0,1.086,0.0,0.0
376845,2025-08-08T17:00:00.000000000,1.625,0.0,0.0,1.037,0.44048581846885,0.0
376845,2025-08-08T18:00:00.000000000,2.217,0.0,0.0,0.999,0.4727236361877944,0.0
376845,2025-08-08T19:00:00.000000000,1.637,0.0,0.0,0.9029999999999999,0.42553919389006667,0.0
376845,2025-08-08T20:00:00.000000000,1.66,0.0,0.0,0.89,2.8486508020740002,0.0
376845,2025-08-08T21:00:00.000000000,1.573,0.0,0.0,0.704,1.6239067998242833,0.0
376845,2025-08-08T22:00:00.000000000,1.5380000000000003,0.0,0.0,0.8210000000000001,3.210886644806867,0.0
376845,2025-08-08T23:00:00.000000000,0.951,0.0,0.0,0.533,0.4308144731531667,0.0
376845,2025-08-09T00:00:00.000000000,0.9339999999999999,0.0,0.0,0.503,0.4812226972227889,0.0
376845,2025-08-09T01:00:00.000000000,0.8290000000000002,0.0,0.0,0.42699999999999994,0.8959182615164833,0.0
376845,2025-08-09T02:00:00.000000000,0.7729999999999999,0.0,0.0,0.387,0.0,0.0
376845,2025-08-09T03:00:00.000000000,0.7330000000000001,0.0,0.0,0.35400000000000004,0.0,0.0
376845,2025-08-09T04:00:00.000000000,0.698,0.0,0.0,0.327,0.4308144731531667,0.0
376845,2025-08-09T05:00:00.000000000,0.661,0.0,0.0,0.298,0.4768266311702056,0.0
376845,2025-08-09T06:00:00.000000000,0.6949999999999998,0.0,0.0,0.29,0.4633453619422834,0.0
376845,2025-08-09T07:00:00.000000000,0.7749999999999999,0.0,0.0,0.313,0.4123509957323167,0.0
376845,2025-08-09T08:00:00.000000000,0.702,0.0,0.0,0.322,0.0,0.0
376845,2025-08-09T09:00:00.000000000,0.778,0.0,0.0,0.387,0.4308144731531667,0.0
376845,2025-08-09T10:00:00.000000000,0.835,0.0,0.0,0.439,0.4466403109424667,0.0
376845,2025-08-09T11:00:00.000000000,0.861,0.0,0.0,0.46199999999999997,1.1441494579523555,0.0
376845,2025-08-09T12:00:00.000000000,0.902,0.0,0.0,0.494,0.0,0.0
376845,2025-08-09T13:00:00.000000000,0.902,0.0,0.0,0.494,0.4308144731531667,0.0
376845,2025-08-09T14:00:00.000000000,0.971,0.0,0.0,0.554,0.0,0.0
376845,2025-08-09T15:00:00.000000000,0.976,0.0,0.0,0.546,0.4308144731531667,0.0
376845,2025-08-09T16:00:00.000000000,1.115,0.0,0.0,0.5980000000000001,0.0,0.0
376845,2025-08-09T17:00:00.000000000,1.102,0.0,0.0,0.581,0.0,0.0
376845,2025-08-09T18:00:00.000000000,1.0310000000000001,0.0,0.0,0.511,0.4308144731531667,0.0
376845,2025-08-09T19:00:00.000000000,1.066,0.0,0.0,0.46199999999999997,0.0,0.0
376845,2025-08-09T20:00:00.000000000,0.9329999999999999,0.0,0.0,0.338,0.4463472398722944,0.0
376845,2025-08-09T21:00:00.000000000,1.008,0.0,0.0,0.276,0.9337244295686999,0.0
376845,2025-08-09T22:00:00.000000000,1.168,0.0,0.0,0.23399999999999999,0.9935109278838333,0.0
376845,2025-08-09T23:00:00.000000000,0.547,0.0,0.0,0.155,0.4308144731531667,0.0
376845,2025-08-10T00:00:00.000000000,0.44899999999999995,0.0,0.0,0.08199999999999999,0.0,0.0
376845,2025-08-10T01:00:00.000000000,0.376,0.0,0.0,0.042,0.0,0.0
376845,2025-08-10T02:00:00.000000000,0.329,0.0,0.0,0.013000000000000001,0.4308144731531667,0.0
376845,2025-08-10T03:00:00.000000000,0.313,0.0,0.0,0.0,0.0,0.0
376845,2025-08-10T04:00:00.000000000,0.306,0.0,0.0,0.0,0.0,0.0
376845,2025-08-10T05:00:00.000000000,0.308,0.0,0.0,0.0,0.4633453619422833,0.0
376845,2025-08-10T06:00:00.000000000,0.311,0.0,0.0,0.0,0.4308144731531667,0.0
376845,2025-08-10T07:00:00.000000000,0.315,0.0,0.0,0.0,0.0,0.0
376845,2025-08-10T08:00:00.000000000,0.319,0.0,0.0,0.0,0.0,0.0
376845,2025-08-10T09:00:00.000000000,0.374,0.0,0.0,0.044,0.4463472398722944,0.0
376845,2025-08-10T10:00:00.000000000,0.49,0.0,0.0,0.11,0.0,0.0
376845,2025-08-10T11:00:00.000000000,1.0190000000000001,0.0,0.0,0.188,0.4308144731531667,0.0
376845,2025-08-10T12:00:00.000000000,0.54,0.0,0.0,0.162,0.0,0.0
376845,2025-08-10T13:00:00.000000000,0.516,0.0,0.0,0.16299999999999998,0.0,0.0
376845,2025-08-10T14:00:00.000000000,0.548,0.0,0.0,0.189,0.4308144731531667,0.0
376845,2025-08-10T15:00:00.000000000,0.574,0.0,0.0,0.214,0.0,0.0
376845,2025-08-10T16:00:00.000000000,0.623,0.0,0.0,0.233,0.8721795048325334,0.0
376845,2025-08-10T17:00:00.000000000,0.7129999999999999,0.0,0.0,0.264,0.0,0.0
376845,2025-08-10T18:00:00.000000000,0.7959999999999999,0.0,0.0,0.257,0.4659830015738334,0.0
376845,2025-08-10T19:00:00.000000000,1.43,0.0,0.0,0.239,0.9343105717090445,0.0
376845,2025-08-10T20:00:00.000000000,1.47,0.0,0.0,0.245,0.4308144731531667,0.0
376845,2025-08-10T21:00:00.000000000,0.8250000000000001,0.0,0.0,0.17,0.46305229087211114,0.0
376845,2025-08-10T22:00:00.000000000,0.555,0.0,0.0,0.11699999999999999,0.97856430330505,0.0
376845,2025-08-10T23:00:00.000000000,0.471,0.0,0.0,0.10700000000000001,0.0,0.0
376845,2025-08-11T00:00:00.000000000,0.40700000000000003,0.0,0.0,0.055,0.46305229087211114,0.0
376845,2025-08-11T01:00:00.000000000,0.35900000000000004,0.0,0.0,0.028,0.4308144731531667,0.0
376845,2025-08-11T02:00:00.000000000,0.316,0.0,0.0,0.0,0.5005653878541555,0.0
376845,2025-08-11T03:00:00.000000000,0.313,0.0,0.0,0.0,0.0,0.0
376845,2025-08-11T04:00:00.000000000,0.309,0.0,0.0,0.0,0.4311075442233389,0.0
376845,2025-08-11T05:00:00.000000000,0.308,0.0,0.0,0.0,0.0,0.0
376845,2025-08-11T06:00:00.000000000,0.311,0.0,0.0,0.0,0.0,0.0
376845,2025-08-11T07:00:00.000000000,0.315,0.0,0.0,0.0,0.4311075442233389,0.0
376845,2025-08-11T08:00:00.000000000,0.356,0.0,0.0,0.031,0.0,0.0
376845,2025-08-11T09:00:00.000000000,0.496,0.0,0.0,0.11199999999999999,0.4308144731531667,0.0
376845,2025-08-11T10:00:00.000000000,1.342,0.0,0.0,0.238,0.0,0.0
376845,2025-08-11T11:00:00.000000000,1.39,0.0,0.0,0.291,0.0,0.0
376845,2025-08-11T12:00:00.000000000,0.7190000000000001,0.0,0.0,0.242,0.4308144731531667,0.0
376845,2025-08-11T13:00:00.000000000,0.73,0.0,0.0,0.25,0.0,0.0
376845,2025-08-11T14:00:00.000000000,0.75,0.0,0.0,0.271,0.9823742272172891,0.0
376845,2025-08-11T15:00:00.000000000,0.82,0.0,0.0,0.32699999999999996,0.4463472398722944,0.0
376845,2025-08-11T16:00:00.000000000,0.941,0.0,0.0,0.395,0.4434165291705722,0.0
376845,2025-08-11T17:00:00.000000000,1.3539999999999999,0.0,0.0,0.432,0.9518948359193778,0.0
376845,2025-08-11T18:00:00.000000000,0.89,0.0,0.0,0.392,0.4463472398722944,0.0
376845,2025-08-11T19:00:00.000000000,0.87,0.0,0.0,0.353,0.4308144731531667,0.0
376845,2025-08-11T20:00:00.000000000,0.884,0.0,0.0,0.295,0.9551186176912723,0.0
376845,2025-08-11T21:00:00.000000000,0.851,0.0,0.0,0.247,0.47272363618779445,0.0
376845,2025-08-11T22:00:00.000000000,0.682,0.0,0.0,0.199,0.9105718150250945,0.0
376845,2025-08-11T23:00:00.000000000,0.582,0.0,0.0,0.185,0.43403825492506104,0.0
376845,2025-08-12T00:00:00.000000000,0.53,0.0,0.0,0.152,0.0,0.0
376845,2025-08-12T01:00:00.000000000,0.475,0.0,0.0,0.126,0.4308144731531667,0.0
376845,2025-08-12T02:00:00.000000000,0.477,0.0,0.0,0.135,0.0,0.0
376845,2025-08-12T03:00:00.000000000,0.462,0.0,0.0,0.124,0.0,0.0
376845,2025-08-12T04:00:00.000000000,0.44,0.0,0.0,0.10700000000000001,0.4308144731531667,0.0
376845,2025-08-12T05:00:00.000000000,0.417,0.0,0.0,0.089,0.0,0.0
376845,2025-08-12T06:00:00.000000000,0.42,0.0,0.0,0.089,0.0,0.0
376845,2025-08-12T07:00:00.000000000,0.47400000000000003,0.0,0.0,0.11900000000000001,0.4308144731531667,0.0
376845,2025-08-12T08:00:00.000000000,1.046,0.0,0.0,0.21499999999999997,0.0,0.0
376845,2025-08-12T09:00:00.000000000,0.655,0.0,0.0,0.23399999999999999,0.0,0.0
376845,2025-08-12T10:00:00.000000000,0.69,0.0,0.0,0.267,0.4308144731531667,0.0
376845,2025-08-12T11:00:00.000000000,0.736,0.0,0.0,0.306,0.0,0.0
376845,2025-08-12T12:00:00.000000000,0.822,0.0,0.0,0.366,0.46305229087211114,0.0
376845,2025-08-12T13:00:00.000000000,0.907,0.0,0.0,0.40199999999999997,0.5002723167839833,0.0
376845,2025-08-12T14:00:00.000000000,0.946,0.0,0.0,0.44,0.4463472398722944,0.0
376845,2025-08-12T15:00:00.000000000,1.1099999999999999,0.0,0.0,0.504,0.4337451838548889,0.0
376845,2025-08-12T16:00:00.000000000,1.6869999999999998,0.0,0.0,0.815,2.608918666673122,0.0
376845,2025-08-12T17:00:00.000000000,1.267,0.0,0.0,0.619,1.541846900176061,0.0
376845,2025-08-12T18:00:00.000000000,1.037,0.0,0.0,0.501,0.8970905457971723,0.0
376845,2025-08-12T19:00:00.000000000,0.948,0.0,0.0,0.41899999999999993,0.46979292548607227,0.0
376845,2025-08-12T20:00:00.000000000,0.9289999999999999,0.0,0.0,0.333,0.4308144731531667,0.0
376845,2025-08-12T21:00:00.000000000,0.7789999999999999,0.0,0.0,0.258,0.4308144731531667,0.0
376845,2025-08-12T22:00:00.000000000,0.667,0.0,0.0,0.21100000000000002,0.0,0.0
376845,2025-08-12T23:00:00.000000000,0.5660000000000001,0.0,0.0,0.171,0.4308144731531667,0.0
376845,2025-08-13T00:00:00.000000000,0.45899999999999996,0.0,0.0,0.093,0.0,0.0
376845,2025-08-13T01:00:00.000000000,0.389,0.0,0.0,0.053000000000000005,0.4308144731531667,0.0
376845,2025-08-13T02:00:00.000000000,0.35000000000000003,0.0,0.0,0.03,0.0,0.0
376845,2025-08-13T03:00:00.000000000,0.331,0.0,0.0,0.015,0.0,0.0
376845,2025-08-13T04:00:00.000000000,0.309,0.0,0.0,0.0,0.4308144731531667,0.0
376845,2025-08-13T05:00:00.000000000,0.308,0.0,0.0,0.0,0.0,0.0
376845,2025-08-13T06:00:00.000000000,0.34299999999999997,0.0,0.0,0.0,1.4234461878264832,0.0
376845,2025-08-13T07:00:00.000000000,0.373,0.0,0.0,0.0,0.45132944806522224,0.0
376845,2025-08-13T08:00:00.000000000,0.415,0.0,0.0,0.032,0.4733097783281389,0.0
376845,2025-08-13T09:00:00.000000000,0.512,0.0,0.0,0.11399999999999999,0.9064688200426834,0.0
376845,2025-08-13T10:00:00.000000000,0.488,0.0,0.0,0.14400000000000002,0.49089404253847224,0.0
376845,2025-08-13T11:00:00.000000000,0.503,0.0,0.0,0.156,0.4627592198019389,0.0
376845,2025-08-13T12:00:00.000000000,0.538,0.0,0.0,0.183,0.4463472398722944,0.0
376845,2025-08-13T13:00:00.000000000,0.542,0.0,0.0,0.186,0.46305229087211114,0.0
376845,2025-08-13T14:00:00.000000000,0.556,0.0,0.0,0.198,0.0,0.0
376845,2025-08-13T15:00:00.000000000,0.582,0.0,0.0,0.221,0.4308144731531667,0.0
376845,2025-08-13T16:00:00.000000000,0.7010000000000001,0.0,0.0,0.27,0.0,0.0
376845,2025-08-13T17:00:00.000000000,1.0470000000000002,0.0,0.0,0.349,1.2692908049158944,0.0
376845,2025-08-13T18:00:00.000000000,1.2610000000000001,0.0,0.0,0.42400000000000004,2.820809050407639,0.0
376845,2025-08-13T19:00:00.000000000,1.542,0.0,0.0,0.35700000000000004,0.4522086612757389,0.0
376845,2025-08-13T20:00:00.000000000,0.848,0.0,0.0,0.28300000000000003,0.9196570182004333,0.0
376845,2025-08-13T21:00:00.000000000,0.784,0.0,0.0,0.21499999999999997,0.4938247532401945,0.0
376845,2025-08-13T22:00:00.000000000,0.527,0.0,0.0,0.163,0.8771617130254611,0.0
376845,2025-08-13T23:00:00.000000000,0.504,0.0,0.0,0.15,0.0,0.0
376845,2025-08-14T00:00:00.000000000,0.46199999999999997,0.0,0.0,0.09999999999999999,0.4308144731531667,0.0
376845,2025-08-14T01:00:00.000000000,0.426,0.0,0.0,0.08399999999999999,0.0,0.0
376845,2025-08-14T02:00:00.000000000,0.422,0.0,0.0,0.08900000000000001,0.4308144731531667,0.0
376845,2025-08-14T03:00:00.000000000,0.396,0.0,0.0,0.069,0.0,0.0
376845,2025-08-14T04:00:00.000000000,0.363,0.0,0.0,0.044000000000000004,0.4308144731531667,0.0
376845,2025-08-14T05:00:00.000000000,0.33,0.0,0.0,0.018000000000000002,0.0,0.0
376845,2025-08-14T06:00:00.000000000,0.311,0.0,0.0,0.0,0.0,0.0
376845,2025-08-14T07:00:00.000000000,0.344,0.0,0.0,0.011,0.4308144731531667,0.0
376845,2025-08-14T08:00:00.000000000,0.413,0.0,0.0,0.078,0.4308144731531667,0.0
376845,2025-08-14T09:00:00.000000000,0.483,0.0,0.0,0.137,0.0,0.0
376845,2025-08-14T10:00:00.000000000,0.539,0.0,0.0,0.186,0.4308144731531667,0.0
376845,2025-08-14T11:00:00.000000000,0.578,0.0,0.0,0.221,0.0,0.0
376845,2025-08-14T12:00:00.000000000,0.603,0.0,0.0,0.24,0.0,0.0
376845,2025-08-14T13:00:00.000000000,0.634,0.0,0.0,0.265,0.4308144731531667,0.0
376845,2025-08-14T14:00:00.000000000,0.65,0.0,0.0,0.279,0.0,0.0
376845,2025-08-14T15:00:00.000000000,0.648,0.0,0.0,0.278,0.0,0.0
376845,2025-08-14T16:00:00.000000000,0.7599999999999999,0.0,0.0,0.31999999999999995,0.4308144731531667,0.0
376845,2025-08-14T17:00:00.000000000,0.815,0.0,0.0,0.336,0.0,0.0
376845,2025-08-14T18:00:00.000000000,0.7670000000000001,0.0,0.0,0.288,0.4308144731531667,0.0
376845,2025-08-14T19:00:00.000000000,0.844,0.0,0.0,0.274,0.0,0.0
376845,2025-08-14T20:00:00.000000000,0.81,0.0,0.0,0.23299999999999998,1.1397533918997722,0.0
376845,2025-08-14T21:00:00.000000000,0.817,0.0,0.0,0.22,0.46305229087211114,0.0
376845,2025-08-14T22:00:00.000000000,0.7110000000000001,0.0,0.0,0.193,0.9677206737086778,0.0
376845,2025-08-14T23:00:00.000000000,0.553,0.0,0.0,0.162,0.4363828234864389,0.0
376845,2025-08-15T00:00:00.000000000,0.493,0.0,0.0,0.12,0.07033705684133333,0.0
376845,2025-08-15T01:00:00.000000000,0.473,0.0,0.0,0.123,0.36545962450476116,0.0
376845,2025-08-15T02:00:00.000000000,0.43,0.0,0.0,0.095,0.9908732882522834,0.0
376845,2025-08-15T03:00:00.000000000,0.41000000000000003,0.0,0.0,0.081,0.0,0.0
376845,2025-08-15T04:00:00.000000000,0.404,0.0,0.0,0.077,0.4308144731531667,0.0
376845,2025-08-15T05:00:00.000000000,0.396,0.0,0.0,0.07300000000000001,0.4718444229772778,0.0
376845,2025-08-15T06:00:00.000000000,0.394,0.0,0.0,0.068,0.5064268092576,0.0
376845,2025-08-15T07:00:00.000000000,0.422,0.0,0.0,0.08700000000000001,0.0,0.0
376845,2025-08-15T08:00:00.000000000,0.441,0.0,0.0,0.10099999999999999,0.4308144731531667,0.0
376845,2025-08-15T09:00:00.000000000,0.44999999999999996,0.0,0.0,0.10999999999999999,0.9844257247084944,0.0
376845,2025-08-15T10:00:00.000000000,0.466,0.0,0.0,0.124,0.0,0.0
376845,2025-08-15T11:00:00.000000000,0.478,0.0,0.0,0.134,0.4308144731531667,0.0
376845,2025-08-15T12:00:00.000000000,0.482,0.0,0.0,0.136,0.0,0.0
376845,2025-08-15T13:00:00.000000000,0.487,0.0,0.0,0.11599999999999999,0.0,0.0
376845,2025-08-15T14:00:00.000000000,0.528,0.0,0.0,0.128,0.4308144731531667,0.0
376845,2025-08-15T15:00:00.000000000,1.998,0.0,0.0,0.277,0.0,0.0
376845,2025-08-15T16:00:00.000000000,0.643,0.0,0.0,0.195,0.0,0.0
376845,2025-08-15T17:00:00.000000000,0.656,0.0,0.0,0.202,0.9744613083226389,0.0
376845,2025-08-15T18:00:00.000000000,0.654,0.0,0.0,0.194,0.4463472398722944,0.0
376845,2025-08-15T19:00:00.000000000,0.621,0.0,0.0,0.163,0.4308144731531667,0.0
376845,2025-08-15T20:00:00.000000000,0.7089999999999999,0.0,0.0,0.14900000000000002,0.4999792457138111,0.0
376845,2025-08-15T21:00:00.000000000,0.7170000000000001,0.0,0.0,0.137,0.8537160274116833,0.0
376845,2025-08-15T22:00:00.000000000,0.635,0.0,0.0,0.13,0.06594099078875,0.0
376845,2025-08-15T23:00:00.000000000,0.46699999999999997,0.0,0.0,0.10399999999999998,0.0,0.0
376845,2025-08-16T00:00:00.000000000,0.402,0.0,0.0,0.051000000000000004,0.4463472398722944,0.0
376845,2025-08-16T01:00:00.000000000,0.397,0.0,0.0,0.06,0.0,0.0
376845,2025-08-16T02:00:00.000000000,0.386,0.0,0.0,0.06,0.4308144731531667,0.0
376845,2025-08-16T03:00:00.000000000,0.372,0.0,0.0,0.053,0.0,0.0
376845,2025-08-16T04:00:00.000000000,0.34600000000000003,0.0,0.0,0.032999999999999995,0.9360689981300778,0.0
376845,2025-08-16T05:00:00.000000000,0.339,0.0,0.0,0.025,0.4308144731531667,0.0
376845,2025-08-16T06:00:00.000000000,0.325,0.0,0.0,0.011,0.0,0.0
376845,2025-08-16T07:00:00.000000000,0.363,0.0,0.0,0.004,0.0,0.0
376845,2025-08-16T08:00:00.000000000,0.375,0.0,0.0,0.0,1.557379666895189,0.0
376845,2025-08-16T09:00:00.000000000,0.389,0.0,0.0,0.012,0.932552145288011,0.0
376845,2025-08-16T10:00:00.000000000,0.384,0.0,0.0,0.056999999999999995,0.4694998544159,0.0
376845,2025-08-16T11:00:00.000000000,0.403,0.0,0.0,0.074,0.0,0.0
376845,2025-08-16T12:00:00.000000000,0.38599999999999995,0.0,0.0,0.055,1.5644133725793221,0.0
376845,2025-08-16T13:00:00.000000000,0.498,0.0,0.0,0.14900000000000002,0.46305229087211114,0.0
376845,2025-08-16T14:00:00.000000000,0.532,0.0,0.0,0.17800000000000002,0.0,0.0
376845,2025-08-16T15:00:00.000000000,0.556,0.0,0.0,0.19899999999999998,0.4308144731531667,0.0
376845,2025-08-16T16:00:00.000000000,0.66,0.0,0.0,0.264,0.0,0.0
376845,2025-08-16T17:00:00.000000000,0.6759999999999999,0.0,0.0,0.28300000000000003,0.0,0.0
376845,2025-08-16T18:00:00.000000000,1.019,0.0,0.0,0.345,0.4308144731531667,0.0
376845,2025-08-16T19:00:00.000000000,1.468,0.0,0.0,0.357,0.0,0.0
376845,2025-08-16T20:00:00.000000000,0.726,0.0,0.0,0.22399999999999998,0.0,0.0
376845,2025-08-16T21:00:00.000000000,0.7330000000000001,0.0,0.0,0.17300000000000001,0.4308144731531667,0.0
376845,2025-08-16T22:00:00.000000000,0.5740000000000001,0.0,0.0,0.132,0.0,0.0
376845,2025-08-16T23:00:00.000000000,0.43599999999999994,0.0,0.0,0.077,0.4463472398722944,0.0
376845,2025-08-17T00:00:00.000000000,0.364,0.0,0.0,0.019000000000000003,0.4809296261526167,0.0
376845,2025-08-17T01:00:00.000000000,0.326,0.0,0.0,0.002,0.9677206737086778,0.0
376845,2025-08-17T02:00:00.000000000,0.316,0.0,0.0,0.0,0.0,0.0
376845,2025-08-17T03:00:00.000000000,0.313,0.0,0.0,0.0,0.0,0.0
376845,2025-08-17T04:00:00.000000000,0.309,0.0,0.0,0.0,0.4311075442233389,0.0
376845,2025-08-17T05:00:00.000000000,0.308,0.0,0.0,0.0,0.0,0.0
376845,2025-08-17T06:00:00.000000000,0.33499999999999996,0.0,0.0,0.0,0.4653968594334889,0.0
376845,2025-08-17T07:00:00.000000000,0.323,0.0,0.0,0.0,0.46891371227555556,0.0
376845,2025-08-17T08:00:00.000000000,0.33199999999999996,0.0,0.0,0.011,0.0,0.0
376845,2025-08-17T09:00:00.000000000,0.416,0.0,0.0,0.08000000000000002,0.4308144731531667,0.0
376845,2025-08-17T10:00:00.000000000,0.481,0.0,0.0,0.136,0.4308144731531667,0.0
376845,2025-08-17T11:00:00.000000000,0.518,0.0,0.0,0.16999999999999998,0.4999792457138111,0.0
376845,2025-08-17T12:00:00.000000000,0.5790000000000001,0.0,0.0,0.219,0.4308144731531667,0.0
376845,2025-08-17T13:00:00.000000000,0.6779999999999999,0.0,0.0,0.303,0.0,0.0
376845,2025-08-17T14:00:00.000000000,0.6920000000000001,0.0,0.0,0.315,0.0,0.0
376845,2025-08-17T15:00:00.000000000,0.7090000000000001,0.0,0.0,0.33199999999999996,0.4308144731531667,0.0
376845,2025-08-17T16:00:00.000000000,0.819,0.0,0.0,0.40299999999999997,0.0,0.0
376845,2025-08-17T17:00:00.000000000,0.837,0.0,0.0,0.388,0.0,0.0
376845,2025-08-17T18:00:00.000000000,0.8440000000000001,0.0,0.0,0.393,0.4308144731531667,0.0
376845,2025-08-17T19:00:00.000000000,1.033,0.0,0.0,0.364,0.4167470617849,0.0
376845,2025-08-17T20:00:00.000000000,0.9349999999999999,0.0,0.0,0.3,0.0263763963155,0.0
376845,2025-08-17T21:00:00.000000000,0.741,0.0,0.0,0.22799999999999998,0.9307937188669777,0.0
376845,2025-08-17T22:00:00.000000000,0.5880000000000001,0.0,0.0,0.144,0.46305229087211114,0.0
376845,2025-08-17T23:00:00.000000000,0.613,0.0,0.0,0.083,0.4627592198019389,0.0
376845,2025-08-18T00:00:00.000000000,0.473,0.0,0.0,0.003,2.0514974912055557,0.0
376845,2025-08-18T01:00:00.000000000,0.347,0.0,0.0,0.024,0.47213749404745,0.0
376845,2025-08-18T02:00:00.000000000,0.325,0.0,0.0,0.02,0.8692487941308111,0.0
376845,2025-08-18T03:00:00.000000000,0.302,0.0,0.0,0.007,0.4756543468895167,0.0
376845,2025-08-18T04:00:00.000000000,0.306,0.0,0.0,0.001,0.4703790676264167,0.0
376845,2025-08-18T05:00:00.000000000,0.308,0.0,0.0,0.0,0.46305229087211114,0.0
376845,2025-08-18T06:00:00.000000000,0.311,0.0,0.0,0.0,0.4999792457138111,0.0
376845,2025-08-18T07:00:00.000000000,0.32899999999999996,0.0,0.0,0.011,0.44048581846885004,0.0
376845,2025-08-18T08:00:00.000000000,0.435,0.0,0.0,0.06,0.0,0.0
376845,2025-08-18T09:00:00.000000000,0.523,0.0,0.0,0.099,0.4308144731531667,0.0
376845,2025-08-18T10:00:00.000000000,0.46699999999999997,0.0,0.0,0.113,0.0,0.0
376845,2025-08-18T11:00:00.000000000,0.782,0.0,0.0,0.172,0.0,0.0
376845,2025-08-18T12:00:00.000000000,1.282,0.0,0.0,0.219,0.4308144731531667,0.0
376845,2025-08-18T13:00:00.000000000,0.6519999999999999,0.0,0.0,0.184,0.0,0.0
376845,2025-08-18T14:00:00.000000000,0.718,0.0,0.0,0.242,0.4463472398722944,0.0
376845,2025-08-18T15:00:00.000000000,0.764,0.0,0.0,0.277,0.46305229087211114,0.0
376845,2025-08-18T16:00:00.000000000,0.758,0.0,0.0,0.264,0.4633453619422833,0.0
376845,2025-08-18T17:00:00.000000000,0.827,0.0,0.0,0.279,0.0,0.0
376845,2025-08-18T18:00:00.000000000,1.0590000000000002,0.0,0.0,0.333,0.4308144731531667,0.0
376845,2025-08-18T19:00:00.000000000,1.355,0.0,0.0,0.304,0.9032450382707888,0.0
376845,2025-08-18T20:00:00.000000000,1.73,0.0,0.0,0.316,0.9014866118497555,0.0
376845,2025-08-18T21:00:00.000000000,0.7370000000000001,0.0,0.0,0.201,0.4308144731531667,0.0
376845,2025-08-18T22:00:00.000000000,0.596,0.0,0.0,0.152,1.0219388216905387,0.0
376845,2025-08-18T23:00:00.000000000,0.511,0.0,0.0,0.127,0.0,0.0
376845,2025-08-19T00:00:00.000000000,0.44599999999999995,0.0,0.0,0.081,0.0,0.0
376845,2025-08-19T01:00:00.000000000,0.391,0.0,0.0,0.061,0.4308144731531667,0.0
376845,2025-08-19T02:00:00.000000000,0.354,0.0,0.0,0.046,0.0,0.0
376845,2025-08-19T03:00:00.000000000,0.32,0.0,0.0,0.021,0.4308144731531667,0.0
376845,2025-08-19T04:00:00.000000000,0.304,0.0,0.0,0.0,0.0,0.0
376845,2025-08-19T05:00:00.000000000,0.308,0.0,0.0,0.0,0.0,0.0
376845,2025-08-19T06:00:00.000000000,0.311,0.0,0.0,0.0,0.4463472398722944,0.0
376845,2025-08-19T07:00:00.000000000,0.33399999999999996,0.0,0.0,0.004,0.4809296261526167,0.0
376845,2025-08-19T08:00:00.000000000,0.44899999999999995,0.0,0.0,0.061,0.9926317146733168,0.0
376845,2025-08-19T09:00:00.000000000,0.528,0.0,0.0,0.126,0.4756543468895167,0.0
376845,2025-08-19T10:00:00.000000000,0.6320000000000001,0.0,0.0,0.19499999999999998,0.4308144731531667,0.0
376845,2025-08-19T11:00:00.000000000,0.66,0.0,0.0,0.231,0.0,0.0
376845,2025-08-19T12:00:00.000000000,0.664,0.0,0.0,0.242,0.4463472398722944,0.0
376845,2025-08-19T13:00:00.000000000,0.732,0.0,0.0,0.264,0.5002723167839833,0.0
376845,2025-08-19T14:00:00.000000000,0.798,0.0,0.0,0.312,0.0,0.0
376845,2025-08-19T15:00:00.000000000,0.863,0.0,0.0,0.363,0.4308144731531667,0.0
376845,2025-08-19T16:00:00.000000000,0.888,0.0,0.0,0.392,0.9618592523052334,0.0
376845,2025-08-19T17:00:00.000000000,0.854,0.0,0.0,0.37,0.5210803627662112,0.0
376845,2025-08-19T18:00:00.000000000,1.113,0.0,0.0,0.394,0.4349174681355778,0.0
376845,2025-08-19T19:00:00.000000000,2.023,0.0,0.0,0.519,3.202387583771872,0.0
376845,2025-08-19T20:00:00.000000000,1.6110000000000002,0.0,0.0,0.388,0.8671972966396055,0.0
376845,2025-08-19T21:00:00.000000000,0.878,0.0,0.0,0.27,0.0,0.0
376845,2025-08-19T22:00:00.000000000,0.7080000000000001,0.0,0.0,0.22099999999999997,0.49616932180157225,0.0
376845,2025-08-19T23:00:00.000000000,0.571,0.0,0.0,0.17700000000000002,0.46305229087211114,0.0
376845,2025-08-20T00:00:00.000000000,0.489,0.0,0.0,0.118,0.4627592198019389,0.0
376845,2025-08-20T01:00:00.000000000,0.439,0.0,0.0,0.095,0.4308144731531667,0.0
376845,2025-08-20T02:00:00.000000000,0.403,0.0,0.0,0.074,0.0,0.0
376845,2025-08-20T03:00:00.000000000,0.36600000000000005,0.0,0.0,0.048999999999999995,0.0,0.0
376845,2025-08-20T04:00:00.000000000,0.332,0.0,0.0,0.021,0.4308144731531667,0.0
376845,2025-08-20T05:00:00.000000000,0.322,0.0,0.0,0.011000000000000001,0.0,0.0
376845,2025-08-20T06:00:00.000000000,0.317,0.0,0.0,0.005,0.4308144731531667,0.0
376845,2025-08-20T07:00:00.000000000,0.435,0.0,0.0,0.046,0.0,0.0
376845,2025-08-20T08:00:00.000000000,0.5690000000000001,0.0,0.0,0.112,0.9477918409369667,0.0
376845,2025-08-20T09:00:00.000000000,0.5690000000000001,0.0,0.0,0.15999999999999998,0.9545324755509277,0.0
376845,2025-08-20T10:00:00.000000000,0.5700000000000001,0.0,0.0,0.211,0.0,0.0
376845,2025-08-20T11:00:00.000000000,0.6,0.0,0.0,0.238,0.05890728510461667,0.0
376845,2025-08-20T12:00:00.000000000,0.613,0.0,0.0,0.248,0.37190718804855,0.0
376845,2025-08-20T13:00:00.000000000,0.62,0.0,0.0,0.253,1.3923806543882278,0.0
376845,2025-08-20T14:00:00.000000000,0.7010000000000001,0.0,0.0,0.324,0.0,0.0
376845,2025-08-20T15:00:00.000000000,0.8049999999999999,0.0,0.0,0.373,0.0,0.0
376845,2025-08-20T16:00:00.000000000,0.887,0.0,0.0,0.404,0.4308144731531667,0.0
376845,2025-08-20T17:00:00.000000000,1.367,0.0,0.0,0.43,0.4478125952231556,0.0
376845,2025-08-20T18:00:00.000000000,1.381,0.0,0.0,0.41900000000000004,0.0,0.0
376845,2025-08-20T19:00:00.000000000,1.224,0.0,0.0,0.348,0.45045023485470553,0.0
376845,2025-08-20T20:00:00.000000000,1.019,0.0,0.0,0.285,1.4685791326330055,0.0
376845,2025-08-20T21:00:00.000000000,1.211,0.0,0.0,0.25,1.1300820465840888,0.0
376845,2025-08-20T22:00:00.000000000,0.9460000000000001,0.0,0.0,0.216,1.2722215156176166,0.0
376845,2025-08-20T23:00:00.000000000,0.5650000000000001,0.0,0.0,0.17700000000000002,0.4425373159600555,0.0
376845,2025-08-21T00:00:00.000000000,0.482,0.0,0.0,0.11599999999999999,0.4463472398722944,0.0
376845,2025-08-21T01:00:00.000000000,0.466,0.0,0.0,0.11699999999999999,0.0,0.0
376845,2025-08-21T02:00:00.000000000,0.458,0.0,0.0,0.119,0.4308144731531667,0.0
376845,2025-08-21T03:00:00.000000000,0.439,0.0,0.0,0.10600000000000001,0.0,0.0
376845,2025-08-21T04:00:00.000000000,0.418,0.0,0.0,0.09000000000000001,0.0,0.0
376845,2025-08-21T05:00:00.000000000,0.388,0.0,0.0,0.067,0.4308144731531667,0.0
376845,2025-08-21T06:00:00.000000000,0.366,0.0,0.0,0.037,0.0,0.0
376845,2025-08-21T07:00:00.000000000,0.853,0.0,0.0,0.075,0.4762404890298611,0.0
376845,2025-08-21T08:00:00.000000000,0.431,0.0,0.0,0.093,0.3071384815404889,0.0
376845,2025-08-21T09:00:00.000000000,0.506,0.0,0.0,0.15700000000000003,0.5864352114146166,0.0
376845,2025-08-21T10:00:00.000000000,0.561,0.0,0.0,0.204,0.0,0.0
376845,2025-08-21T11:00:00.000000000,0.5780000000000001,0.0,0.0,0.219,1.4489433709314667,0.0
376845,2025-08-21T12:00:00.000000000,0.6739999999999999,0.0,0.0,0.288,0.0,0.0
376845,2025-08-21T13:00:00.000000000,0.693,0.0,0.0,0.27899999999999997,0.4308144731531667,0.0
376845,2025-08-21T14:00:00.000000000,0.651,0.0,0.0,0.277,0.0,0.0
376845,2025-08-21T15:00:00.000000000,0.708,0.0,0.0,0.32799999999999996,0.0,0.0
376845,2025-08-21T16:00:00.000000000,0.7789999999999999,0.0,0.0,0.365,0.4308144731531667,0.0
376845,2025-08-21T17:00:00.000000000,0.686,0.0,0.0,0.29200000000000004,1.2341222764952278,0.0
376845,2025-08-21T18:00:00.000000000,0.656,0.0,0.0,0.266,0.23035386115536668,0.0
376845,2025-08-21T19:00:00.000000000,0.7,0.0,0.0,0.249,0.0,0.0
376845,2025-08-21T20:00:00.000000000,0.841,0.0,0.0,0.26,0.4308144731531667,0.0
376845,2025-08-21T21:00:00.000000000,0.855,0.0,0.0,0.253,0.4571908694686667,0.0
376845,2025-08-21T22:00:00.000000000,0.7280000000000001,0.0,0.0,0.22199999999999998,0.9671345315683333,0.0
376845,2025-08-21T23:00:00.000000000,0.577,0.0,0.0,0.196,0.4308144731531667,0.0
376845,2025-08-22T00:00:00.000000000,0.557,0.0,0.0,0.179,0.4308144731531667,0.0
376845,2025-08-22T01:00:00.000000000,0.7589999999999999,0.0,0.0,0.188,0.8299772707277333,0.0
376845,2025-08-22T02:00:00.000000000,0.718,0.0,0.0,0.199,2.803517857267478,0.0
376845,2025-08-22T03:00:00.000000000,0.507,0.0,0.0,0.178,0.0,0.0
376845,2025-08-22T04:00:00.000000000,0.506,0.0,0.0,0.167,0.0,0.0
376845,2025-08-22T05:00:00.000000000,0.497,0.0,0.0,0.157,0.4308144731531667,0.0
376845,2025-08-22T06:00:00.000000000,0.476,0.0,0.0,0.13,0.4308144731531667,0.0
376845,2025-08-22T07:00:00.000000000,0.5680000000000001,0.0,0.0,0.133,1.0163704713572668,0.0
376845,2025-08-22T08:00:00.000000000,1.1959999999999997,0.0,0.0,0.17300000000000001,0.9340175006388722,0.0
376845,2025-08-22T09:00:00.000000000,0.502,0.0,0.0,0.15300000000000002,0.4308144731531667,0.0
376845,2025-08-22T10:00:00.000000000,0.5910000000000001,0.0,0.0,0.23,0.0,0.0
376845,2025-08-22T11:00:00.000000000,0.7559999999999999,0.0,0.0,0.33899999999999997,0.4463472398722944,0.0
376845,2025-08-22T12:00:00.000000000,0.796,0.0,0.0,0.395,0.46305229087211114,0.0
376845,2025-08-22T13:00:00.000000000,0.8119999999999999,0.0,0.0,0.42,0.0,0.0
376845,2025-08-22T14:00:00.000000000,0.933,0.0,0.0,0.513,0.0,0.0
376845,2025-08-22T15:00:00.000000000,1.084,0.0,0.0,0.606,0.9337244295686999,0.0
376845,2025-08-22T16:00:00.000000000,1.243,0.0,0.0,0.712,0.4308144731531667,0.0
376845,2025-08-22T17:00:00.000000000,1.2289999999999999,0.0,0.0,0.6940000000000001,0.0,0.0
376845,2025-08-22T18:00:00.000000000,1.834,0.0,0.0,0.666,0.4445888134512611,0.0
376845,2025-08-22T19:00:00.000000000,1.164,0.0,0.0,0.587,0.7611055692372611,0.0
376845,2025-08-22T20:00:00.000000000,1.143,0.0,0.0,0.519,0.1119531488057889,0.0
376845,2025-08-22T21:00:00.000000000,0.995,0.0,0.0,0.44499999999999995,0.4308144731531667,0.0
376845,2025-08-22T22:00:00.000000000,0.8400000000000001,0.0,0.0,0.35700000000000004,1.6192176627015278,0.0
376845,2025-08-22T23:00:00.000000000,0.7120000000000001,0.0,0.0,0.306,0.47829198652106664,0.0
376845,2025-08-23T00:00:00.000000000,0.661,0.0,0.0,0.267,0.0,0.0
376845,2025-08-23T01:00:00.000000000,0.613,0.0,0.0,0.243,0.4308144731531667,0.0
376845,2025-08-23T02:00:00.000000000,0.596,0.0,0.0,0.235,0.0,0.0
376845,2025-08-23T03:00:00.000000000,0.577,0.0,0.0,0.223,0.0,0.0
376845,2025-08-23T04:00:00.000000000,0.546,0.0,0.0,0.201,0.4308144731531667,0.0
376845,2025-08-23T05:00:00.000000000,0.501,0.0,0.0,0.163,0.9149678810776778,0.0
376845,2025-08-23T06:00:00.000000000,0.503,0.0,0.0,0.159,0.0,0.0
376845,2025-08-23T07:00:00.000000000,0.552,0.0,0.0,0.19799999999999998,0.0,0.0
376845,2025-08-23T08:00:00.000000000,0.6579999999999999,0.0,0.0,0.249,0.46217307766159443,0.0
376845,2025-08-23T09:00:00.000000000,0.6859999999999999,0.0,0.0,0.28500000000000003,1.5732055046844888,0.0
376845,2025-08-23T10:00:00.000000000,0.7490000000000001,0.0,0.0,0.365,0.0,0.0
376845,2025-08-23T11:00:00.000000000,0.826,0.0,0.0,0.433,0.0,0.0
376845,2025-08-23T12:00:00.000000000,0.888,0.0,0.0,0.472,0.4308144731531667,0.0
376845,2025-08-23T13:00:00.000000000,2.713,0.0,0.0,0.692,0.9524809780597221,0.0
376845,2025-08-23T14:00:00.000000000,3.125,0.0,0.0,0.844,0.0,0.0
376845,2025-08-23T15:00:00.000000000,1.7470000000000003,0.0,0.0,0.7300000000000001,0.0,0.0
376845,2025-08-23T16:00:00.000000000,1.159,0.0,0.0,0.6929999999999998,0.4308144731531667,0.0
376845,2025-08-23T17:00:00.000000000,1.1230000000000002,0.0,0.0,0.667,0.4308144731531667,0.0
376845,2025-08-23T18:00:00.000000000,1.107,0.0,0.0,0.635,0.4809296261526167,0.0
376845,2025-08-23T19:00:00.000000000,1.242,0.0,0.0,0.5609999999999999,0.9363620692002499,0.0
376845,2025-08-23T20:00:00.000000000,1.46,0.0,0.0,0.643,3.932427619570878,0.0
376845,2025-08-23T21:00:00.000000000,0.924,0.0,0.0,0.42000000000000004,0.47418899153865557,0.0
376845,2025-08-23T22:00:00.000000000,0.8799999999999999,0.0,0.0,0.36700000000000005,0.0,0.0
376845,2025-08-23T23:00:00.000000000,0.6950000000000001,0.0,0.0,0.29,0.9272768660249111,0.0
376845,2025-08-24T00:00:00.000000000,0.618,0.0,0.0,0.23099999999999998,0.0,0.0
376845,2025-08-24T01:00:00.000000000,0.545,0.0,0.0,0.185,0.0,0.0
376845,2025-08-24T02:00:00.000000000,0.503,0.0,0.0,0.157,0.4308144731531667,0.0
376845,2025-08-24T03:00:00.000000000,0.491,0.0,0.0,0.148,0.0,0.0
376845,2025-08-24T04:00:00.000000000,0.44299999999999995,0.0,0.0,0.12,0.5761777239585889,0.0
376845,2025-08-24T05:00:00.000000000,0.438,0.0,0.0,0.112,0.7660877774301889,0.0
376845,2025-08-24T06:00:00.000000000,0.472,0.0,0.0,0.114,0.46949985441590003,0.0
376845,2025-08-24T07:00:00.000000000,0.542,0.0,0.0,0.122,0.9642038208666112,0.0
376845,2025-08-24T08:00:00.000000000,0.608,0.0,0.0,0.14500000000000002,0.47858505759123887,0.0
376845,2025-08-24T09:00:00.000000000,0.522,0.0,0.0,0.158,0.4463472398722944,0.0
376845,2025-08-24T10:00:00.000000000,0.516,0.0,0.0,0.155,1.4580285741068055,0.0
376845,2025-08-24T11:00:00.000000000,0.61,0.0,0.0,0.20099999999999998,0.4586562248195278,0.0
376845,2025-08-24T12:00:00.000000000,0.646,0.0,0.0,0.22699999999999998,0.9598077548140278,0.0
376845,2025-08-24T13:00:00.000000000,0.643,0.0,0.0,0.261,0.4308144731531667,0.0
376845,2025-08-24T14:00:00.000000000,0.714,0.0,0.0,0.33499999999999996,0.0,0.0
376845,2025-08-24T15:00:00.000000000,0.772,0.0,0.0,0.384,0.4463472398722944,0.0
376845,2025-08-24T16:00:00.000000000,0.878,0.0,0.0,0.438,0.0,0.0
376845,2025-08-24T17:00:00.000000000,0.896,0.0,0.0,0.406,0.0,0.0
376845,2025-08-24T18:00:00.000000000,0.918,0.0,0.0,0.4,0.4308144731531667,0.0
376845,2025-08-24T19:00:00.000000000,0.963,0.0,0.0,0.377,0.4308144731531667,0.0
376845,2025-08-24T20:00:00.000000000,0.829,0.0,0.0,0.312,0.0,0.0
376845,2025-08-24T21:00:00.000000000,0.8620000000000001,0.0,0.0,0.28300000000000003,0.46305229087211114,0.0
376845,2025-08-24T22:00:00.000000000,0.7150000000000001,0.0,0.0,0.25,0.4777058443807222,0.0
376845,2025-08-24T23:00:00.000000000,0.614,0.0,0.0,0.214,1.0532974261989667,0.0
376845,2025-08-25T00:00:00.000000000,0.554,0.0,0.0,0.17900000000000002,0.0,0.0
376845,2025-08-25T01:00:00.000000000,0.518,0.0,0.0,0.16100000000000003,0.4308144731531667,0.0
376845,2025-08-25T02:00:00.000000000,0.519,0.0,0.0,0.17,0.0,0.0
376845,2025-08-25T03:00:00.000000000,0.508,0.0,0.0,0.163,0.4308144731531667,0.0
376845,2025-08-25T04:00:00.000000000,0.494,0.0,0.0,0.155,0.0,0.0
376845,2025-08-25T05:00:00.000000000,0.483,0.0,0.0,0.145,0.0,0.0
376845,2025-08-25T06:00:00.000000000,0.507,0.0,0.0,0.14300000000000002,0.4308144731531667,0.0
376845,2025-08-25T07:00:00.000000000,0.54,0.0,0.0,0.14400000000000002,0.0,0.0
376845,2025-08-25T08:00:00.000000000,0.963,0.0,0.0,0.16999999999999998,0.4407788895390222,0.0
376845,2025-08-25T09:00:00.000000000,0.8490000000000001,0.0,0.0,0.191,0.4560185851879778,0.0
376845,2025-08-25T10:00:00.000000000,0.641,0.0,0.0,0.191,0.4809296261526167,0.0
376845,2025-08-25T11:00:00.000000000,0.661,0.0,0.0,0.198,1.043039938742939,0.0
376845,2025-08-25T12:00:00.000000000,0.7069999999999999,0.0,0.0,0.23199999999999998,0.25907482603224447,0.0
376845,2025-08-25T13:00:00.000000000,1.0010000000000001,0.0,0.0,0.30600000000000005,0.6523762022033667,0.0
376845,2025-08-25T14:00:00.000000000,1.065,0.0,0.0,0.366,0.9870633643400446,0.0
376845,2025-08-25T15:00:00.000000000,1.1520000000000001,0.0,0.0,0.435,0.45543244304763336,0.0
376845,2025-08-25T16:00:00.000000000,1.7840000000000003,0.0,0.0,0.589,0.0,0.0
376845,2025-08-25T17:00:00.000000000,1.3619999999999999,0.0,0.0,0.5650000000000001,0.0,0.0
376845,2025-08-25T18:00:00.000000000,1.869,0.0,0.0,0.632,0.8607497330958167,0.0
376845,2025-08-25T19:00:00.000000000,1.093,0.0,0.0,0.488,0.04718444229772778,0.0
376845,2025-08-25T20:00:00.000000000,0.982,0.0,0.0,0.38000000000000006,1.4237392588966555,0.0
376845,2025-08-25T21:00:00.000000000,1.2810000000000001,0.0,0.0,0.336,0.44898487950384447,0.0
376845,2025-08-25T22:00:00.000000000,0.758,0.0,0.0,0.288,0.4308144731531667,0.0
376845,2025-08-25T23:00:00.000000000,0.642,0.0,0.0,0.242,0.4381412499074723,0.0
376845,2025-08-26T00:00:00.000000000,0.5640000000000001,0.0,0.0,0.18400000000000002,0.0,0.0
376845,2025-08-26T01:00:00.000000000,0.514,0.0,0.0,0.158,0.0,0.0
376845,2025-08-26T02:00:00.000000000,0.47,0.0,0.0,0.13,0.4308144731531667,0.0
376845,2025-08-26T03:00:00.000000000,0.432,0.0,0.0,0.1,0.0,0.0
376845,2025-08-26T04:00:00.000000000,0.403,0.0,0.0,0.076,0.4308144731531667,0.0
376845,2025-08-26T05:00:00.000000000,0.35100000000000003,0.0,0.0,0.034,0.0,0.0
376845,2025-08-26T06:00:00.000000000,0.352,0.0,0.0,0.014,0.0,0.0
376845,2025-08-26T07:00:00.000000000,0.447,0.0,0.0,0.066,0.4308144731531667,0.0
376845,2025-08-26T08:00:00.000000000,0.516,0.0,0.0,0.139,0.0,0.0
376845,2025-08-26T09:00:00.000000000,0.554,0.0,0.0,0.185,0.0,0.0
376845,2025-08-26T10:00:00.000000000,0.6659999999999999,0.0,0.0,0.248,0.4308144731531667,0.0
376845,2025-08-26T11:00:00.000000000,0.7799999999999999,0.0,0.0,0.31100000000000005,0.9516017648492057,0.0
376845,2025-08-26T12:00:00.000000000,0.845,0.0,0.0,0.35,0.4765335601000333,0.0
376845,2025-08-26T13:00:00.000000000,0.7749999999999999,0.0,0.0,0.29100000000000004,1.0034753442696889,0.0
376845,2025-08-26T14:00:00.000000000,0.738,0.0,0.0,0.26,1.4155332689318334,0.0
376845,2025-08-26T15:00:00.000000000,1.562,0.0,0.0,0.40800000000000003,0.9647899630069555,0.0
376845,2025-08-26T16:00:00.000000000,1.24,0.0,0.0,0.501,0.47829198652106664,0.0
376845,2025-08-26T17:00:00.000000000,1.204,0.0,0.0,0.475,2.559682726884189,0.0
376845,2025-08-26T18:00:00.000000000,1.771,0.0,0.0,0.488,1.179317986373022,0.0
376845,2025-08-26T19:00:00.000000000,0.982,0.0,0.0,0.394,1.0949135181634222,0.0
376845,2025-08-26T20:00:00.000000000,0.9369999999999999,0.0,0.0,0.342,1.2505342564248723,0.0
376845,2025-08-26T21:00:00.000000000,0.9369999999999999,0.0,0.0,0.325,0.4917732557489889,0.0
376845,2025-08-26T22:00:00.000000000,0.786,0.0,0.0,0.28900000000000003,0.5213734338363833,0.0
376845,2025-08-26T23:00:00.000000000,0.656,0.0,0.0,0.28,0.4308144731531667,0.0
376845,2025-08-27T00:00:00.000000000,0.673,0.0,0.0,0.278,0.0,0.0
376845,2025-08-27T01:00:00.000000000,0.619,0.0,0.0,0.247,0.9527740491298944,0.0
376845,2025-08-27T02:00:00.000000000,0.578,0.0,0.0,0.221,0.0,0.0
376845,2025-08-27T03:00:00.000000000,0.549,0.0,0.0,0.198,0.0,0.0
376845,2025-08-27T04:00:00.000000000,0.52,0.0,0.0,0.17400000000000002,0.4308144731531667,0.0
376845,2025-08-27T05:00:00.000000000,0.49,0.0,0.0,0.15,0.0,0.0
376845,2025-08-27T06:00:00.000000000,0.46799999999999997,0.0,0.0,0.131,0.0,0.0
376845,2025-08-27T07:00:00.000000000,0.522,0.0,0.0,0.137,0.9061757489725112,0.0
376845,2025-08-27T08:00:00.000000000,0.5670000000000001,0.0,0.0,0.19599999999999998,0.47360284939831115,0.0
376845,2025-08-27T09:00:00.000000000,0.61,0.0,0.0,0.244,0.4308144731531667,0.0
376845,2025-08-27T10:00:00.000000000,0.696,0.0,0.0,0.28400000000000003,0.4765335601000333,0.0
376845,2025-08-27T11:00:00.000000000,0.791,0.0,0.0,0.354,0.4756543468895167,0.0
376845,2025-08-27T12:00:00.000000000,0.7750000000000001,0.0,0.0,0.386,0.4970485350120889,0.0
376845,2025-08-27T13:00:00.000000000,0.778,0.0,0.0,0.389,0.4308144731531667,0.0
376845,2025-08-27T14:00:00.000000000,0.824,0.0,0.0,0.428,0.0,0.0
376845,2025-08-27T15:00:00.000000000,0.8360000000000001,0.0,0.0,0.441,1.0075783392521,0.0
376845,2025-08-27T16:00:00.000000000,0.964,0.0,0.0,0.497,1.0887590256898054,0.0
376845,2025-08-27T17:00:00.000000000,1.016,0.0,0.0,0.509,0.0,0.0
376845,2025-08-27T18:00:00.000000000,1.198,0.0,0.0,0.481,0.4308144731531667,0.0
376845,2025-08-27T19:00:00.000000000,1.125,0.0,0.0,0.4139999999999999,0.0,0.0
376845,2025-08-27T20:00:00.000000000,0.7790000000000001,0.0,0.0,0.28900000000000003,0.46305229087211114,0.0
376845,2025-08-27T21:00:00.000000000,0.843,0.0,0.0,0.241,0.4812226972227889,0.0
376845,2025-08-27T22:00:00.000000000,0.7450000000000001,0.0,0.0,0.222,0.45279480341608336,0.0
376845,2025-08-27T23:00:00.000000000,0.531,0.0,0.0,0.156,1.5283656309481388,0.0
376845,2025-08-28T00:00:00.000000000,0.45799999999999996,0.0,0.0,0.097,0.4463472398722944,0.0
376845,2025-08-28T01:00:00.000000000,0.433,0.0,0.0,0.09000000000000001,0.0,0.0
376845,2025-08-28T02:00:00.000000000,0.402,0.0,0.0,0.07100000000000001,0.4308144731531667,0.0
376845,2025-08-28T03:00:00.000000000,0.386,0.0,0.0,0.06,0.0,0.0
376845,2025-08-28T04:00:00.000000000,0.337,0.0,0.0,0.023,0.0,0.0
376845,2025-08-28T05:00:00.000000000,0.308,0.0,0.0,0.0,0.4308144731531667,0.0
376845,2025-08-28T06:00:00.000000000,0.311,0.0,0.0,0.0,0.0,0.0
376845,2025-08-28T07:00:00.000000000,0.38399999999999995,0.0,0.0,0.022,0.47799891545089446,0.0
376845,2025-08-28T08:00:00.000000000,0.474,0.0,0.0,0.094,0.46744835692469444,0.0
376845,2025-08-28T09:00:00.000000000,0.501,0.0,0.0,0.15100000000000002,0.0,0.0
376845,2025-08-28T10:00:00.000000000,0.562,0.0,0.0,0.205,0.4308144731531667,0.0
376845,2025-08-28T11:00:00.000000000,0.605,0.0,0.0,0.244,1.0005446335679666,0.0
376845,2025-08-28T12:00:00.000000000,0.652,0.0,0.0,0.28099999999999997,1.1394603208296,0.0
376845,2025-08-28T13:00:00.000000000,0.7069999999999999,0.0,0.0,0.32899999999999996,0.0,0.0
376845,2025-08-28T14:00:00.000000000,0.7569999999999999,0.0,0.0,0.373,0.4308144731531667,0.0
376845,2025-08-28T15:00:00.000000000,0.7669999999999999,0.0,0.0,0.382,0.0,0.0
376845,2025-08-28T16:00:00.000000000,0.834,0.0,0.0,0.415,0.4308144731531667,0.0
376845,2025-08-28T17:00:00.000000000,0.9359999999999999,0.0,0.0,0.456,0.0,0.0
376845,2025-08-28T18:00:00.000000000,0.8709999999999999,0.0,0.0,0.435,0.0,0.0
376845,2025-08-28T19:00:00.000000000,0.768,0.0,0.0,0.36500000000000005,0.4308144731531667,0.0
376845,2025-08-28T20:00:00.000000000,0.673,0.0,0.0,0.28400000000000003,0.0,0.0
376845,2025-08-28T21:00:00.000000000,0.7390000000000001,0.0,0.0,0.246,0.4463472398722944,0.0
376845,2025-08-28T22:00:00.000000000,0.617,0.0,0.0,0.18300000000000002,0.4308144731531667,0.0
376845,2025-08-28T23:00:00.000000000,0.508,0.0,0.0,0.151,0.0,0.0
376845,2025-08-29T00:00:00.000000000,0.46799999999999997,0.0,0.0,0.105,0.0,0.0
376845,2025-08-29T01:00:00.000000000,0.437,0.0,0.0,0.094,0.4311075442233389,0.0
376845,2025-08-29T02:00:00.000000000,0.41200000000000003,0.0,0.0,0.08,0.0,0.0
376845,2025-08-29T03:00:00.000000000,0.387,0.0,0.0,0.062,0.4308144731531667,0.0
376845,2025-08-29T04:00:00.000000000,0.377,0.0,0.0,0.055999999999999994,0.0,0.0
376845,2025-08-29T05:00:00.000000000,0.343,0.0,0.0,0.03,0.4744820626088278,0.0
376845,2025-08-29T06:00:00.000000000,0.391,0.0,0.0,0.028999999999999998,0.4539670876967722,0.0
376845,2025-08-29T07:00:00.000000000,0.638,0.0,0.0,0.055,0.4665691437141778,0.0
376845,2025-08-29T08:00:00.000000000,1.6460000000000001,0.0,0.0,0.141,3.929496908869156,0.0
376845,2025-08-29T09:00:00.000000000,0.586,0.0,0.0,0.09400000000000001,2.2645601592207614,0.0
376845,2025-08-29T10:00:00.000000000,0.377,0.0,0.0,0.037,1.6309405055084165,0.0
376845,2025-08-29T11:00:00.000000000,0.325,0.0,0.0,0.009000000000000001,0.9902871461119389,0.0
376845,2025-08-29T12:00:00.000000000,0.352,0.0,0.0,0.028,0.4463472398722944,0.0
376845,2025-08-29T13:00:00.000000000,0.416,0.0,0.0,0.081,0.0,0.0
376845,2025-08-29T14:00:00.000000000,0.546,0.0,0.0,0.19,0.4308144731531667,0.0
376845,2025-08-29T15:00:00.000000000,0.643,0.0,0.0,0.274,0.0,0.0
376845,2025-08-29T16:00:00.000000000,0.8009999999999999,0.0,0.0,0.385,0.0,0.0
376845,2025-08-29T17:00:00.000000000,0.849,0.0,0.0,0.431,0.4308144731531667,0.0
376845,2025-08-29T18:00:00.000000000,1.685,0.0,0.0,0.52,0.0,0.0
376845,2025-08-29T19:00:00.000000000,2.2110000000000003,0.0,0.0,0.565,0.9261045817442222,0.0
376845,2025-08-29T20:00:00.000000000,0.963,0.0,0.0,0.364,0.4393135341881611,0.0
376845,2025-08-29T21:00:00.000000000,0.976,0.0,0.0,0.357,0.4363828234864389,0.0
376845,2025-08-29T22:00:00.000000000,0.8849999999999999,0.0,0.0,0.326,0.0,0.0
376845,2025-08-29T23:00:00.000000000,0.687,0.0,0.0,0.247,0.4463472398722944,0.0
376845,2025-08-30T00:00:00.000000000,0.5760000000000001,0.0,0.0,0.18400000000000002,0.4308144731531667,0.0
376845,2025-08-30T01:00:00.000000000,0.495,0.0,0.0,0.14200000000000002,0.0,0.0
376845,2025-08-30T02:00:00.000000000,0.474,0.0,0.0,0.133,0.0,0.0
376845,2025-08-30T03:00:00.000000000,0.479,0.0,0.0,0.139,0.4308144731531667,0.0
376845,2025-08-30T04:00:00.000000000,0.43300000000000005,0.0,0.0,0.103,0.7130419137290166,0.0
376845,2025-08-30T05:00:00.000000000,0.428,0.0,0.0,0.1,0.29746713622480553,0.0
376845,2025-08-30T06:00:00.000000000,0.431,0.0,0.0,0.099,0.0,0.0
376845,2025-08-30T07:00:00.000000000,0.692,0.0,0.0,0.107,0.9510156227088611,0.0
376845,2025-08-30T08:00:00.000000000,0.698,0.0,0.0,0.133,0.0,0.0
376845,2025-08-30T09:00:00.000000000,0.518,0.0,0.0,0.166,0.4308144731531667,0.0
376845,2025-08-30T10:00:00.000000000,0.616,0.0,0.0,0.25,0.0,0.0
376845,2025-08-30T11:00:00.000000000,0.6819999999999999,0.0,0.0,0.309,0.5005653878541555,0.0
376845,2025-08-30T12:00:00.000000000,0.734,0.0,0.0,0.351,0.4308144731531667,0.0
376845,2025-08-30T13:00:00.000000000,0.746,0.0,0.0,0.359,0.0,0.0
376845,2025-08-30T14:00:00.000000000,0.7669999999999999,0.0,0.0,0.378,0.0,0.0
376845,2025-08-30T15:00:00.000000000,0.7609999999999999,0.0,0.0,0.376,0.4308144731531667,0.0
376845,2025-08-30T16:00:00.000000000,0.884,0.0,0.0,0.40099999999999997,0.0,0.0
376845,2025-08-30T17:00:00.000000000,0.87,0.0,0.0,0.383,0.0,0.0
376845,2025-08-30T18:00:00.000000000,1.56,0.0,0.0,0.413,0.4308144731531667,0.0
376845,2025-08-30T19:00:00.000000000,1.131,0.0,0.0,0.37000000000000005,0.0,0.0
376845,2025-08-30T20:00:00.000000000,0.77,0.0,0.0,0.263,0.963910749796439,0.0
376845,2025-08-30T21:00:00.000000000,0.7169999999999999,0.0,0.0,0.22799999999999998,0.4812226972227889,0.0
376845,2025-08-30T22:00:00.000000000,0.638,0.0,0.0,0.18600000000000003,1.0025961310591722,0.0
376845,2025-08-30T23:00:00.000000000,0.493,0.0,0.0,0.11099999999999999,1.496713955369539,0.0
376845,2025-08-31T00:00:00.000000000,0.40900000000000003,0.0,0.0,0.052000000000000005,0.99966542035745,0.0
376845,2025-08-31T01:00:00.000000000,0.387,0.0,0.0,0.054,0.0,0.0
376845,2025-08-31T02:00:00.000000000,0.34,0.0,0.0,0.02,0.4308144731531667,0.0
376845,2025-08-31T03:00:00.000000000,0.313,0.0,0.0,0.0,0.0,0.0
376845,2025-08-31T04:00:00.000000000,0.309,0.0,0.0,0.0,0.0,0.0
376845,2025-08-31T05:00:00.000000000,0.308,0.0,0.0,0.0,0.4311075442233389,0.0
376845,2025-08-31T06:00:00.000000000,0.33499999999999996,0.0,0.0,0.0,0.4656899305036611,0.0
376845,2025-08-31T07:00:00.000000000,0.365,0.0,0.0,0.0,0.0,0.0
376845,2025-08-31T08:00:00.000000000,0.581,0.0,0.0,0.0,0.9322590742178389,0.0
376845,2025-08-31T09:00:00.000000000,1.05,0.0,0.0,0.061,0.46627607264400556,0.0
376845,2025-08-31T10:00:00.000000000,0.439,0.0,0.0,0.05499999999999999,0.47829198652106664,0.0
376845,2025-08-31T11:00:00.000000000,0.41400000000000003,0.0,0.0,0.059000000000000004,0.97856430330505,0.0
376845,2025-08-31T12:00:00.000000000,0.387,0.0,0.0,0.056,0.0,0.0
376845,2025-08-31T13:00:00.000000000,0.413,0.0,0.0,0.077,1.0292655984448444,0.0
376845,2025-08-31T14:00:00.000000000,0.46499999999999997,0.0,0.0,0.121,0.4815157682929611,0.0
376845,2025-08-31T15:00:00.000000000,0.499,0.0,0.0,0.15000000000000002,0.4466403109424667,0.0
376845,2025-08-31T16:00:00.000000000,0.665,0.0,0.0,0.198,0.0,0.0
376845,2025-08-31T17:00:00.000000000,0.708,0.0,0.0,0.23,0.0,0.0
376845,2025-08-31T18:00:00.000000000,1.089,0.0,0.0,0.235,0.8768686419552889,0.0
376845,2025-08-31T19:00:00.000000000,1.689,0.0,0.0,0.253,0.0,0.0
376845,2025-08-31T20:00:00.000000000,0.8960000000000001,0.0,0.0,0.157,0.93108678993715,0.0
376845,2025-08-31T21:00:00.000000000,0.644,0.0,0.0,0.076,0.5005653878541555,0.0
376845,2025-08-31T22:00:00.000000000,0.482,0.0,0.0,0.055999999999999994,0.4466403109424667,0.0
376845,2025-08-31T23:00:00.000000000,0.405,0.0,0.0,0.052,0.4815157682929611,0.0
376845,2025-09-01T00:00:00.000000000,0.382,0.0,0.0,0.032999999999999995,0.0,0.0
376845,2025-09-01T01:00:00.000000000,0.387,0.0,0.0,0.052,0.4308144731531667,0.0
376845,2025-09-01T02:00:00.000000000,0.389,0.0,0.0,0.062,0.0,0.0
376845,2025-09-01T03:00:00.000000000,0.392,0.0,0.0,0.066,0.0,0.0
376845,2025-09-01T04:00:00.000000000,0.395,0.0,0.0,0.07,0.4308144731531667,0.0
376845,2025-09-01T05:00:00.000000000,0.4,0.0,0.0,0.076,0.0,0.0
376845,2025-09-01T06:00:00.000000000,0.401,0.0,0.0,0.073,0.17349807354195554,0.0
376845,2025-09-01T07:00:00.000000000,0.435,0.0,0.0,0.09699999999999999,0.2573163996112111,0.0
376845,2025-09-01T08:00:00.000000000,0.491,0.0,0.0,0.14200000000000002,0.0,0.0
376845,2025-09-01T09:00:00.000000000,0.524,0.0,0.0,0.172,0.4308144731531667,0.0
376845,2025-09-01T10:00:00.000000000,0.558,0.0,0.0,0.20199999999999999,0.0,0.0
376845,2025-09-01T11:00:00.000000000,0.645,0.0,0.0,0.278,0.0,0.0
376845,2025-09-01T12:00:00.000000000,0.7850000000000001,0.0,0.0,0.395,0.4308144731531667,0.0
376845,2025-09-01T13:00:00.000000000,0.844,0.0,0.0,0.445,0.0,0.0
376845,2025-09-01T14:00:00.000000000,0.915,0.0,0.0,0.508,0.0,0.0
376845,2025-09-01T15:00:00.000000000,0.998,0.0,0.0,0.5810000000000001,0.4308144731531667,0.0
376845,2025-09-01T16:00:00.000000000,1.0590000000000002,0.0,0.0,0.609,0.0,0.0
376845,2025-09-01T17:00:00.000000000,0.953,0.0,0.0,0.523,0.4308144731531667,0.0
376845,2025-09-01T18:00:00.000000000,0.8,0.0,0.0,0.39,0.0,0.0
376845,2025-09-01T19:00:00.000000000,0.653,0.0,0.0,0.265,0.0,0.0
376845,2025-09-01T20:00:00.000000000,1.2280000000000002,0.0,0.0,0.289,0.8956251904463111,0.0
376845,2025-09-01T21:00:00.000000000,0.7590000000000001,0.0,0.0,0.251,0.0,0.0
376845,2025-09-01T22:00:00.000000000,0.708,0.0,0.0,0.242,0.4308144731531667,0.0
376845,2025-09-01T23:00:00.000000000,0.611,0.0,0.0,0.21099999999999997,0.0,0.0
376845,2025-09-02T00:00:00.000000000,0.492,0.0,0.0,0.12,0.963910749796439,0.0
376845,2025-09-02T01:00:00.000000000,0.45999999999999996,0.0,0.0,0.118,0.9474987698667945,0.0
376845,2025-09-02T02:00:00.000000000,0.435,0.0,0.0,0.11299999999999999,0.4815157682929611,0.0
376845,2025-09-02T03:00:00.000000000,0.384,0.0,0.0,0.073,0.9263976528143945,0.0
376845,2025-09-02T04:00:00.000000000,0.372,0.0,0.0,0.05499999999999999,0.0,0.0
376845,2025-09-02T05:00:00.000000000,0.357,0.0,0.0,0.03900000000000001,0.43315904171454445,0.0
376845,2025-09-02T06:00:00.000000000,0.34900000000000003,0.0,0.0,0.029999999999999995,0.0,0.0
376845,2025-09-02T07:00:00.000000000,0.35,0.0,0.0,0.027000000000000003,0.0,0.0
376845,2025-09-02T08:00:00.000000000,0.46499999999999997,0.0,0.0,0.083,0.4308144731531667,0.0
376845,2025-09-02T09:00:00.000000000,0.887,0.0,0.0,0.131,0.9697721711998833,0.0
376845,2025-09-02T10:00:00.000000000,0.678,0.0,0.0,0.028999999999999998,3.557882791890778,0.0
376845,2025-09-02T11:00:00.000000000,0.6020000000000001,0.0,0.0,0.15300000000000002,0.4378481788373,0.0
376845,2025-09-02T12:00:00.000000000,0.665,0.0,0.0,0.191,0.4466403109424667,0.0
376845,2025-09-02T13:00:00.000000000,0.684,0.0,0.0,0.204,0.0,0.0
376845,2025-09-02T14:00:00.000000000,0.6950000000000001,0.0,0.0,0.217,0.4308144731531667,0.0
376845,2025-09-02T15:00:00.000000000,0.7130000000000001,0.0,0.0,0.24,0.45103637699505006,0.0
376845,2025-09-02T16:00:00.000000000,0.77,0.0,0.0,0.254,1.4805950465100668,0.0
376845,2025-09-02T17:00:00.000000000,0.85,0.0,0.0,0.289,0.4422442448898833,0.0
376845,2025-09-02T18:00:00.000000000,0.7659999999999999,0.0,0.0,0.239,1.9090649511018554,0.0
376845,2025-09-02T19:00:00.000000000,0.825,0.0,0.0,0.22699999999999998,0.9266907238845666,0.0
376845,2025-09-02T20:00:00.000000000,2.055,0.0,0.0,0.272,0.9290352924459444,0.0
376845,2025-09-02T21:00:00.000000000,0.803,0.0,0.0,0.159,0.903245038270789,0.0
376845,2025-09-02T22:00:00.000000000,0.522,0.0,0.0,0.085,0.6928200098871333,0.0
376845,2025-09-02T23:00:00.000000000,0.36600000000000005,0.0,0.0,0.015000000000000001,0.24354205931311665,0.0
376845,2025-09-03T00:00:00.000000000,0.34099999999999997,0.0,0.0,0.0,0.4240738385392056,0.0
376845,2025-09-03T01:00:00.000000000,0.324,0.0,0.0,0.0,0.0,0.0
376845,2025-09-03T02:00:00.000000000,0.316,0.0,0.0,0.0,0.4311075442233389,0.0
376845,2025-09-03T03:00:00.000000000,0.313,0.0,0.0,0.0,0.0,0.0
376845,2025-09-03T04:00:00.000000000,0.309,0.0,0.0,0.0,0.4311075442233389,0.0
376845,2025-09-03T05:00:00.000000000,0.308,0.0,0.0,0.0,0.0,0.0
376845,2025-09-03T06:00:00.000000000,0.356,0.017,0.0,0.0,0.9474987698667945,0.0
376845,2025-09-03T07:00:00.000000000,0.369,0.0,0.0,0.0,0.4870841186262333,0.0
376845,2025-09-03T08:00:00.000000000,0.424,0.0,0.0,0.0,0.4759474179596889,0.0
376845,2025-09-03T09:00:00.000000000,0.437,0.0,0.0,0.0,1.665815962858911,0.0
376845,2025-09-03T10:00:00.000000000,0.405,0.0,0.0,0.0,0.8701280073413278,0.0
376845,2025-09-03T11:00:00.000000000,0.376,0.0,0.0,0.0,0.9123302414461278,0.0
376845,2025-09-03T12:00:00.000000000,0.32499999999999996,0.0,0.0,0.005,0.4633453619422833,0.0
376845,2025-09-03T13:00:00.000000000,0.358,0.0,0.0,0.03,0.4466403109424667,0.0
376845,2025-09-03T14:00:00.000000000,0.388,0.0,0.0,0.056999999999999995,0.9864772221997,0.0
376845,2025-09-03T15:00:00.000000000,0.432,0.0,0.0,0.095,0.0,0.0
376845,2025-09-03T16:00:00.000000000,0.46799999999999997,0.0,0.0,0.101,0.4308144731531667,0.0
376845,2025-09-03T17:00:00.000000000,0.5860000000000001,0.0,0.0,0.15100000000000002,0.4759474179596889,0.0
376845,2025-09-03T18:00:00.000000000,0.633,0.0,0.0,0.163,0.4806365550824444,0.0
376845,2025-09-03T19:00:00.000000000,0.601,0.0,0.0,0.13,0.4308144731531667,0.0
376845,2025-09-03T20:00:00.000000000,0.633,0.0,0.0,0.098,0.0,0.0
376845,2025-09-03T21:00:00.000000000,0.672,0.0,0.0,0.07100000000000001,0.42788376245144444,0.0
376845,2025-09-03T22:00:00.000000000,0.453,0.0,0.0,0.018,0.4398996763285056,0.0
376845,2025-09-03T23:00:00.000000000,0.322,0.0,0.0,0.0,0.4633453619422833,0.0
376845,2025-09-04T00:00:00.000000000,0.34099999999999997,0.0,0.0,0.0,0.0,0.0
376845,2025-09-04T01:00:00.000000000,0.324,0.0,0.0,0.0,0.4311075442233389,0.0
376845,2025-09-04T02:00:00.000000000,0.316,0.0,0.0,0.0,0.4311075442233389,0.0
376845,2025-09-04T03:00:00.000000000,0.313,0.0,0.0,0.0,0.0,0.0
376845,2025-09-04T04:00:00.000000000,0.306,0.0,0.0,0.0,0.23533606934829446,0.0
376845,2025-09-04T05:00:00.000000000,0.305,0.0,0.0,0.0,0.7259370408165944,0.0
376845,2025-09-04T06:00:00.000000000,0.366,0.004,0.0,0.0,0.8800924237271833,0.0
376845,2025-09-04T07:00:00.000000000,0.6799999999999999,0.037000000000000005,0.0,0.0,2.320829804693828,0.0
376845,2025-09-04T08:00:00.000000000,0.5559999999999999,0.051000000000000004,0.0,0.0,2.0799253850122614,0.0
376845,2025-09-04T09:00:00.000000000,0.38,0.0,0.0,0.0,0.9609800390947166,0.0
376845,2025-09-04T10:00:00.000000000,0.332,0.0,0.0,0.0,0.9240530842530167,0.0
376845,2025-09-04T11:00:00.000000000,0.316,0.0,0.0,0.0,0.4466403109424667,0.0
376845,2025-09-04T12:00:00.000000000,0.319,0.0,0.0,0.0,0.0,0.0
376845,2025-09-04T13:00:00.000000000,0.323,0.0,0.0,0.002,1.0916897363915279,0.0
376845,2025-09-04T14:00:00.000000000,0.356,0.0,0.0,0.030000000000000002,0.0,0.0
376845,2025-09-04T15:00:00.000000000,0.404,0.0,0.0,0.056999999999999995,0.4308144731531667,0.0
376845,2025-09-04T16:00:00.000000000,0.523,0.0,0.0,0.092,0.0,0.0
376845,2025-09-04T17:00:00.000000000,0.5660000000000001,0.0,0.0,0.12,0.4744820626088278,0.0
376845,2025-09-04T18:00:00.000000000,0.595,0.0,0.0,0.133,0.4651037883633167,0.0
376845,2025-09-04T19:00:00.000000000,0.569,0.0,0.0,0.105,0.4308144731531667,0.0
376845,2025-09-04T20:00:00.000000000,0.6030000000000001,0.0,0.0,0.07200000000000001,0.9067618911128557,0.0
376845,2025-09-04T21:00:00.000000000,0.535,0.0,0.0,0.063,1.399121289002189,0.0
376845,2025-09-04T22:00:00.000000000,0.42400000000000004,0.0,0.0,0.051000000000000004,0.08088761536753335,0.0
376845,2025-09-04T23:00:00.000000000,0.34400000000000003,0.0,0.0,0.016,0.9322590742178389,0.0
376845,2025-09-05T00:00:00.000000000,0.34299999999999997,0.0,0.0,0.002,0.4308144731531667,0.0
376845,2025-09-05T01:00:00.000000000,0.324,0.0,0.0,0.0,0.0,0.0
376845,2025-09-05T02:00:00.000000000,0.316,0.0,0.0,0.0,0.0,0.0
376845,2025-09-05T03:00:00.000000000,0.313,0.0,0.0,0.0,0.4308144731531667,0.0
376845,2025-09-05T04:00:00.000000000,0.311,0.0,0.0,0.001,0.0,0.0
376845,2025-09-05T05:00:00.000000000,0.315,0.0,0.0,0.005,0.0,0.0
376845,2025-09-05T06:00:00.000000000,0.319,0.0,0.0,0.006,0.4308144731531667,0.0
376845,2025-09-05T07:00:00.000000000,0.363,0.0,0.0,0.002,0.4777058443807222,0.0
376845,2025-09-05T08:00:00.000000000,0.392,0.0,0.0,0.011,0.4308144731531667,0.0
376845,2025-09-05T09:00:00.000000000,0.437,0.0,0.0,0.049,0.9173124496390556,0.0
376845,2025-09-05T10:00:00.000000000,0.483,0.0,0.0,0.09,0.47477513367900004,0.0
376845,2025-09-05T11:00:00.000000000,0.504,0.0,0.0,0.12,0.9146748100075056,0.0
376845,2025-09-05T12:00:00.000000000,0.47,0.0,0.0,0.128,0.9691860290595389,0.0
376845,2025-09-05T13:00:00.000000000,0.485,0.0,0.0,0.139,0.4466403109424667,0.0
376845,2025-09-05T14:00:00.000000000,0.52,0.0,0.0,0.16899999999999998,0.0,0.0
376845,2025-09-05T15:00:00.000000000,0.603,0.0,0.0,0.24,0.4463472398722944,0.0
376845,2025-09-05T16:00:00.000000000,0.7329999999999999,0.0,0.0,0.32799999999999996,0.0,0.0
376845,2025-09-05T17:00:00.000000000,0.7510000000000001,0.0,0.0,0.347,0.4308144731531667,0.0
376845,2025-09-05T18:00:00.000000000,0.881,0.0,0.0,0.378,0.0,0.0
376845,2025-09-05T19:00:00.000000000,0.8460000000000001,0.0,0.0,0.34,0.0,0.0
376845,2025-09-05T20:00:00.000000000,0.896,0.0,0.0,0.296,0.4308144731531667,0.0
376845,2025-09-05T21:00:00.000000000,0.919,0.0,0.0,0.28,0.0,0.0
376845,2025-09-05T22:00:00.000000000,0.817,0.0,0.0,0.26,0.0,0.0
376845,2025-09-05T23:00:00.000000000,0.597,0.0,0.0,0.21300000000000002,0.7238855433253888,0.0
376845,2025-09-06T00:00:00.000000000,0.542,0.0,0.0,0.167,0.6119323945196,0.0
376845,2025-09-06T01:00:00.000000000,0.509,0.0,0.0,0.154,0.4308144731531667,0.0
376845,2025-09-06T02:00:00.000000000,0.48,0.0,0.0,0.138,0.0,0.0
376845,2025-09-06T03:00:00.000000000,0.449,0.0,0.0,0.11299999999999999,0.0,0.0
376845,2025-09-06T04:00:00.000000000,0.422,0.0,0.0,0.09300000000000001,0.4308144731531667,0.0
376845,2025-09-06T05:00:00.000000000,0.394,0.0,0.0,0.07,0.0,0.0
376845,2025-09-06T06:00:00.000000000,0.372,0.0,0.0,0.029,0.47360284939831115,0.0
376845,2025-09-06T07:00:00.000000000,0.39799999999999996,0.0,0.0,0.024,0.47711970224037775,0.0
376845,2025-09-06T08:00:00.000000000,0.42,0.0,0.0,0.084,0.9322590742178388,0.0
376845,2025-09-06T09:00:00.000000000,0.501,0.0,0.0,0.15300000000000002,0.0,0.0
376845,2025-09-06T10:00:00.000000000,0.562,0.0,0.0,0.204,0.4466403109424667,0.0
376845,2025-09-06T11:00:00.000000000,0.595,0.0,0.0,0.235,0.9102787439549223,0.0
376845,2025-09-06T12:00:00.000000000,0.616,0.0,0.0,0.25,0.5225457181170722,0.0
376845,2025-09-06T13:00:00.000000000,0.639,0.0,0.0,0.268,0.4308144731531667,0.0
376845,2025-09-06T14:00:00.000000000,0.6890000000000001,0.0,0.0,0.313,0.0,0.0
376845,2025-09-06T15:00:00.000000000,0.685,0.0,0.0,0.31,0.0,0.0
376845,2025-09-06T16:00:00.000000000,0.6890000000000001,0.0,0.0,0.28900000000000003,0.4308144731531667,0.0
376845,2025-09-06T17:00:00.000000000,0.962,0.0,0.0,0.33299999999999996,0.0,0.0
376845,2025-09-06T18:00:00.000000000,1.049,0.0,0.0,0.36100000000000004,0.0,0.0
376845,2025-09-06T19:00:00.000000000,0.9079999999999999,0.0,0.0,0.321,0.4308144731531667,0.0
376845,2025-09-06T20:00:00.000000000,0.918,0.0,0.0,0.288,0.0,0.0
376845,2025-09-06T21:00:00.000000000,0.888,0.0,0.0,0.253,0.4466403109424667,0.0
376845,2025-09-06T22:00:00.000000000,0.746,0.0,0.0,0.198,0.4818088393631333,0.0
376845,2025-09-06T23:00:00.000000000,0.549,0.0,0.0,0.14100000000000001,0.5228387891872445,0.0
376845,2025-09-07T00:00:00.000000000,0.44399999999999995,0.0,0.0,0.078,0.4308144731531667,0.0
376845,2025-09-07T01:00:00.000000000,0.432,0.0,0.0,0.089,0.4466403109424667,0.0
376845,2025-09-07T02:00:00.000000000,0.41300000000000003,0.0,0.0,0.082,0.4308144731531667,0.0
376845,2025-09-07T03:00:00.000000000,0.378,0.0,0.0,0.054,0.0,0.0
376845,2025-09-07T04:00:00.000000000,0.36200000000000004,0.0,0.0,0.043,0.5237180023977611,0.0
376845,2025-09-07T05:00:00.000000000,0.352,0.0,0.0,0.036,0.4466403109424667,0.0
376845,2025-09-07T06:00:00.000000000,0.335,0.0,0.0,0.019,0.0,0.0
376845,2025-09-07T07:00:00.000000000,0.365,0.0,0.0,0.029,0.4308144731531667,0.0
376845,2025-09-07T08:00:00.000000000,0.412,0.0,0.0,0.065,0.474775133679,0.0
376845,2025-09-07T09:00:00.000000000,0.46199999999999997,0.0,0.0,0.11800000000000001,0.4308144731531667,0.0
376845,2025-09-07T10:00:00.000000000,0.51,0.0,0.0,0.16099999999999998,0.0,0.0
376845,2025-09-07T11:00:00.000000000,0.54,0.0,0.0,0.187,0.4308144731531667,0.0
376845,2025-09-07T12:00:00.000000000,0.535,0.0,0.0,0.181,0.0,0.0
376845,2025-09-07T13:00:00.000000000,0.524,0.0,0.0,0.171,0.4308144731531667,0.0
376845,2025-09-07T14:00:00.000000000,0.508,0.0,0.0,0.156,0.0,0.0
376845,2025-09-07T15:00:00.000000000,0.528,0.0,0.0,0.175,0.4308144731531667,0.0
376845,2025-09-07T16:00:00.000000000,0.6399999999999999,0.0,0.0,0.231,0.0,0.0
376845,2025-09-07T17:00:00.000000000,0.673,0.0,0.0,0.264,0.0,0.0
376845,2025-09-07T18:00:00.000000000,0.643,0.0,0.0,0.255,0.4308144731531667,0.0
376845,2025-09-07T19:00:00.000000000,0.615,0.0,0.0,0.20900000000000002,0.0,0.0
376845,2025-09-07T20:00:00.000000000,0.675,0.0,0.0,0.185,0.0,0.0
376845,2025-09-07T21:00:00.000000000,0.778,0.0,0.0,0.186,0.8774547840956334,0.0
376845,2025-09-07T22:00:00.000000000,0.623,0.0,0.0,0.169,0.0,0.0
376845,2025-09-07T23:00:00.000000000,0.503,0.0,0.0,0.149,0.0,0.0
376845,2025-09-08T00:00:00.000000000,0.448,0.0,0.0,0.08900000000000001,0.9483779830773111,0.0
376845,2025-09-08T01:00:00.000000000,0.435,0.0,0.0,0.092,0.4636384330124556,0.0
376845,2025-09-08T02:00:00.000000000,0.432,0.0,0.0,0.098,0.4308144731531667,0.0
376845,2025-09-08T03:00:00.000000000,0.423,0.0,0.0,0.092,0.0,0.0
376845,2025-09-08T04:00:00.000000000,0.412,0.0,0.0,0.085,0.0,0.0
376845,2025-09-08T05:00:00.000000000,0.413,0.0,0.0,0.08499999999999999,0.4308144731531667,0.0
376845,2025-09-08T06:00:00.000000000,0.442,0.0,0.0,0.08700000000000001,0.0,0.0
376845,2025-09-08T07:00:00.000000000,0.45799999999999996,0.0,0.0,0.074,0.0,0.0
376845,2025-09-08T08:00:00.000000000,0.457,0.0,0.0,0.065,0.4308144731531667,0.0
376845,2025-09-08T09:00:00.000000000,0.603,0.0,0.0,0.087,0.4533809455564278,0.0
376845,2025-09-08T10:00:00.000000000,1.131,0.0,0.0,0.134,0.8970905457971723,0.0
376845,2025-09-08T11:00:00.000000000,0.554,0.0,0.0,0.148,0.4821019104333056,0.0
376845,2025-09-08T12:00:00.000000000,0.639,0.0,0.0,0.181,0.0,0.0
376845,2025-09-08T13:00:00.000000000,0.679,0.0,0.0,0.20199999999999999,0.4633453619422833,0.0
376845,2025-09-08T14:00:00.000000000,0.7130000000000001,0.0,0.0,0.235,0.4308144731531667,0.0
376845,2025-09-08T15:00:00.000000000,0.7549999999999999,0.0,0.0,0.264,0.9164332364285389,0.0
376845,2025-09-08T16:00:00.000000000,0.86,0.0,0.0,0.317,0.0,0.0
376845,2025-09-08T17:00:00.000000000,0.895,0.0,0.0,0.33,0.4466403109424667,0.0
376845,2025-09-08T18:00:00.000000000,0.902,0.0,0.0,0.312,0.942809632744039,0.0
376845,2025-09-08T19:00:00.000000000,1.836,0.0,0.0,0.362,0.9466195566562778,0.0
376845,2025-09-08T20:00:00.000000000,0.87,0.0,0.0,0.248,0.4712582808369334,0.0
376845,2025-09-08T21:00:00.000000000,0.868,0.0,0.0,0.237,0.9322590742178389,0.0
376845,2025-09-08T22:00:00.000000000,1.2189999999999999,0.0,0.0,0.252,0.4308144731531667,0.0
376845,2025-09-08T23:00:00.000000000,0.532,0.0,0.0,0.127,0.0,0.0
376845,2025-09-09T00:00:00.000000000,0.42500000000000004,0.0,0.0,0.063,0.4821019104333056,0.0
376845,2025-09-09T01:00:00.000000000,0.397,0.0,0.0,0.065,0.4821019104333056,0.0
376845,2025-09-09T02:00:00.000000000,0.35700000000000004,0.0,0.0,0.047,0.4308144731531667,0.0
376845,2025-09-09T03:00:00.000000000,0.381,0.0,0.0,0.008,0.4308144731531667,0.0
376845,2025-09-09T04:00:00.000000000,0.881,0.0,0.0,0.008,0.4601215801703889,0.0
376845,2025-09-09T05:00:00.000000000,0.308,0.0,0.0,0.0,0.0,0.0
376845,2025-09-09T06:00:00.000000000,0.314,0.0,0.0,0.0,0.8947459772357945,0.0
376845,2025-09-09T07:00:00.000000000,0.319,0.0,0.0,0.0,0.0,0.0
376845,2025-09-09T08:00:00.000000000,0.376,0.0,0.0,0.009,0.9838395825681501,0.0
376845,2025-09-09T09:00:00.000000000,0.47100000000000003,0.0,0.0,0.07600000000000001,0.9433957748843833,0.0
376845,2025-09-09T10:00:00.000000000,0.7570000000000001,0.0,0.0,0.09899999999999999,1.4231531167563112,0.0
376845,2025-09-09T11:00:00.000000000,0.703,0.0,0.0,0.14800000000000002,1.4471849445104334,0.0
376845,2025-09-09T12:00:00.000000000,1.028,0.0,0.0,0.2,0.43433132599523333,0.0
376845,2025-09-09T13:00:00.000000000,0.667,0.0,0.0,0.19,0.4498640927143611,0.0
376845,2025-09-09T14:00:00.000000000,0.692,0.0,0.0,0.216,0.9973208517960722,0.0
376845,2025-09-09T15:00:00.000000000,0.681,0.0,0.0,0.201,1.5424330423164057,0.0
376845,2025-09-09T16:00:00.000000000,0.685,0.0,0.0,0.213,0.0,0.0
376845,2025-09-09T17:00:00.000000000,0.7349999999999999,0.0,0.0,0.262,0.43843432097764445,0.0
376845,2025-09-09T18:00:00.000000000,0.7230000000000001,0.0,0.0,0.242,0.4308144731531667,0.0
376845,2025-09-09T19:00:00.000000000,0.633,0.0,0.0,0.158,0.9442749880949002,0.0
376845,2025-09-09T20:00:00.000000000,0.539,0.0,0.0,0.071,0.9838395825681501,0.0
376845,2025-09-09T21:00:00.000000000,0.544,0.0,0.0,0.019,0.9237600131828445,0.0
376845,2025-09-09T22:00:00.000000000,0.402,0.0,0.0,0.002,0.9653761051473,0.0
376845,2025-09-09T23:00:00.000000000,0.322,0.0,0.0,0.0,0.0,0.0
376845,2025-09-10T00:00:00.000000000,0.34099999999999997,0.0,0.0,0.0,0.0,0.0
376845,2025-09-10T01:00:00.000000000,0.324,0.0,0.0,0.0,0.4311075442233389,0.0
376845,2025-09-10T02:00:00.000000000,0.316,0.0,0.0,0.0,0.0,0.0
376845,2025-09-10T03:00:00.000000000,0.313,0.0,0.0,0.0,0.4311075442233389,0.0
376845,2025-09-10T04:00:00.000000000,0.312,0.002,0.0,0.0,0.0,0.0
376845,2025-09-10T05:00:00.000000000,0.344,0.032,0.0,0.0,0.0,0.0
376845,2025-09-10T06:00:00.000000000,1.042,0.032,0.0,0.0,1.4240323299668278,0.0
376845,2025-09-10T07:00:00.000000000,0.593,0.030000000000000002,0.0,0.0,0.49030790039812777,0.0
376845,2025-09-10T08:00:00.000000000,0.319,0.0,0.0,0.0,0.0,0.0
376845,2025-09-10T09:00:00.000000000,0.32,0.0,0.0,0.0,0.4311075442233389,0.0
376845,2025-09-10T10:00:00.000000000,0.317,0.0,0.0,0.0,0.4311075442233389,0.0
376845,2025-09-10T11:00:00.000000000,0.324,0.0,0.0,0.005,0.0,0.0
376845,2025-09-10T12:00:00.000000000,0.332,0.0,0.0,0.01,0.0,0.0
376845,2025-09-10T13:00:00.000000000,0.366,0.0,0.0,0.037,0.4308144731531667,0.0
376845,2025-09-10T14:00:00.000000000,0.41700000000000004,0.0,0.0,0.069,0.0,0.0
376845,2025-09-10T15:00:00.000000000,0.486,0.0,0.0,0.102,0.0,0.0
376845,2025-09-10T16:00:00.000000000,0.479,0.0,0.0,0.111,0.4308144731531667,0.0
376845,2025-09-10T17:00:00.000000000,0.5840000000000001,0.0,0.0,0.168,0.0,0.0
376845,2025-09-10T18:00:00.000000000,1.0670000000000002,0.0,0.0,0.20900000000000002,2.150555512923767,0.0
376845,2025-09-10T19:00:00.000000000,0.8170000000000001,0.0,0.0,0.119,2.8744410562491556,0.0
376845,2025-09-10T20:00:00.000000000,1.274,0.0,0.0,0.145,0.4308144731531667,0.0
376845,2025-09-10T21:00:00.000000000,2.4709999999999996,0.0,0.0,0.20900000000000002,0.0,0.0
376845,2025-09-10T22:00:00.000000000,0.618,0.0,0.0,0.041,0.4821019104333056,0.0
376845,2025-09-10T23:00:00.000000000,0.359,0.0,0.0,0.0,0.4466403109424667,0.0
376845,2025-09-11T00:00:00.000000000,0.347,0.0,0.0,0.0,0.4466403109424667,0.0
376845,2025-09-11T01:00:00.000000000,0.324,0.0,0.0,0.0,0.9551186176912723,0.0
376845,2025-09-11T02:00:00.000000000,0.316,0.0,0.0,0.0,0.4469333820126389,0.0
376845,2025-09-11T03:00:00.000000000,0.32799999999999996,0.014,0.0,0.0,0.0,0.0
376845,2025-09-11T04:00:00.000000000,0.436,0.118,0.0,0.0,0.0,0.0
376845,2025-09-11T05:00:00.000000000,0.461,0.14100000000000001,0.0,0.0,0.4311075442233389,0.0
376845,2025-09-11T06:00:00.000000000,0.438,0.09899999999999999,0.0,0.0,0.47711970224037775,0.0
376845,2025-09-11T07:00:00.000000000,0.42200000000000004,0.08800000000000001,0.0,0.0,0.4311075442233389,0.0
376845,2025-09-11T08:00:00.000000000,0.339,0.018000000000000002,0.0,0.0,0.0,0.0
376845,2025-09-11T09:00:00.000000000,0.32,0.0,0.0,0.0,0.4469333820126389,0.0
376845,2025-09-11T10:00:00.000000000,0.347,0.0,0.0,0.0,0.9495502673580001,0.0
376845,2025-09-11T11:00:00.000000000,0.391,0.0,0.0,0.013000000000000001,0.4847395500648556,0.0
376845,2025-09-11T12:00:00.000000000,0.429,0.0,0.0,0.041,0.48268805257365,0.0
376845,2025-09-11T13:00:00.000000000,0.389,0.0,0.0,0.046,0.9483779830773111,0.0
376845,2025-09-11T14:00:00.000000000,0.414,0.0,0.0,0.079,0.5023238142751889,0.0
376845,2025-09-11T15:00:00.000000000,0.46499999999999997,0.0,0.0,0.122,0.4308144731531667,0.0
376845,2025-09-11T16:00:00.000000000,0.561,0.0,0.0,0.164,0.4466403109424667,0.0
376845,2025-09-11T17:00:00.000000000,0.687,0.0,0.0,0.221,0.0,0.0
376845,2025-09-11T18:00:00.000000000,1.172,0.0,0.0,0.237,0.9041242514813055,0.0
376845,2025-09-11T19:00:00.000000000,0.748,0.0,0.0,0.163,0.4442957423810889,0.0
376845,2025-09-11T20:00:00.000000000,0.698,0.0,0.0,0.10300000000000001,0.44605416880212223,0.0
376845,2025-09-11T21:00:00.000000000,1.3159999999999998,0.0,0.0,0.09999999999999999,0.9070549621830278,0.0
376845,2025-09-11T22:00:00.000000000,0.401,0.0,0.0,0.031,0.0,0.0
376845,2025-09-11T23:00:00.000000000,0.322,0.0,0.0,0.0,0.9489641252176556,0.0
376845,2025-09-12T00:00:00.000000000,0.34099999999999997,0.0,0.0,0.0,0.0,0.0
376845,2025-09-12T01:00:00.000000000,0.324,0.0,0.0,0.0,0.9334313584985279,0.0
376845,2025-09-12T02:00:00.000000000,0.316,0.0,0.0,0.0,0.0,0.0
376845,2025-09-12T03:00:00.000000000,0.313,0.0,0.0,0.0,0.4311075442233389,0.0
376845,2025-09-12T04:00:00.000000000,0.309,0.0,0.0,0.0,0.0,0.0
376845,2025-09-12T05:00:00.000000000,0.308,0.0,0.0,0.0,0.4788781286614111,0.0
376845,2025-09-12T06:00:00.000000000,0.348,0.009000000000000001,0.0,0.0,0.9870633643400444,0.0
376845,2025-09-12T07:00:00.000000000,0.387,0.003,0.0,0.0,0.4516225191353944,0.0
376845,2025-09-12T08:00:00.000000000,0.319,0.0,0.0,0.0,0.0,0.0
376845,2025-09-12T09:00:00.000000000,0.32,0.0,0.0,0.0,0.4311075442233389,0.0
376845,2025-09-12T10:00:00.000000000,0.317,0.0,0.0,0.0,0.9850118668488389,0.0
376845,2025-09-12T11:00:00.000000000,0.316,0.0,0.0,0.0,0.9548255466211,0.0
376845,2025-09-12T12:00:00.000000000,0.352,0.0,0.0,0.028000000000000004,0.0,0.0
376845,2025-09-12T13:00:00.000000000,0.419,0.0,0.0,0.082,0.0,0.0
376845,2025-09-12T14:00:00.000000000,0.477,0.0,0.0,0.132,0.4308144731531667,0.0
376845,2025-09-12T15:00:00.000000000,0.521,0.0,0.0,0.16999999999999998,0.0,0.0
376845,2025-09-12T16:00:00.000000000,0.5780000000000001,0.0,0.0,0.195,0.0,0.0
376845,2025-09-12T17:00:00.000000000,0.718,0.0,0.0,0.25,0.4308144731531667,0.0
376845,2025-09-12T18:00:00.000000000,0.74,0.0,0.0,0.256,0.0,0.0
376845,2025-09-12T19:00:00.000000000,0.6970000000000001,0.0,0.0,0.21099999999999997,0.07707769145529444,0.0
376845,2025-09-12T20:00:00.000000000,0.792,0.0,0.0,0.18300000000000002,0.35373678169787226,0.0
376845,2025-09-12T21:00:00.000000000,0.752,0.0,0.0,0.14100000000000001,0.48268805257365,0.0
376845,2025-09-12T22:00:00.000000000,0.605,0.0,0.0,0.11199999999999999,0.4469333820126389,0.0
376845,2025-09-12T23:00:00.000000000,0.42299999999999993,0.0,0.0,0.06699999999999999,0.0,0.0
376845,2025-09-13T00:00:00.000000000,0.355,0.0,0.0,0.012,0.4308144731531667,0.0
376845,2025-09-13T01:00:00.000000000,0.333,0.0,0.0,0.008,0.5026168853453611,0.0
376845,2025-09-13T02:00:00.000000000,0.332,0.0,0.0,0.018,0.4469333820126389,0.0
376845,2025-09-13T03:00:00.000000000,0.318,0.0,0.0,0.005,0.0,0.0
376845,2025-09-13T04:00:00.000000000,0.309,0.0,0.0,0.0,0.4308144731531667,0.0
376845,2025-09-13T05:00:00.000000000,0.308,0.0,0.0,0.0,0.0,0.0
376845,2025-09-13T06:00:00.000000000,0.33799999999999997,0.0,0.0,0.0,0.8677834387799501,0.0
376845,2025-09-13T07:00:00.000000000,0.324,0.0,0.0,0.0,0.4311075442233389,0.0
376845,2025-09-13T08:00:00.000000000,0.364,0.0,0.0,0.0,0.0,0.0
376845,2025-09-13T09:00:00.000000000,0.38,0.0,0.0,0.0,0.4703790676264167,0.0
376845,2025-09-13T10:00:00.000000000,0.377,0.0,0.0,0.0,0.4311075442233389,0.0
376845,2025-09-13T11:00:00.000000000,0.381,0.0,0.0,0.005,0.9601008258842,0.0
376845,2025-09-13T12:00:00.000000000,0.411,0.0,0.0,0.027,0.908520317533889,0.0
376845,2025-09-13T13:00:00.000000000,0.461,0.0,0.0,0.069,0.0,0.0
376845,2025-09-13T14:00:00.000000000,0.491,0.0,0.0,0.09599999999999999,0.949550267358,0.0
376845,2025-09-13T15:00:00.000000000,0.44799999999999995,0.0,0.0,0.097,0.0,0.0
376845,2025-09-13T16:00:00.000000000,0.47800000000000004,0.0,0.0,0.096,0.4308144731531667,0.0
376845,2025-09-13T17:00:00.000000000,0.554,0.0,0.0,0.111,0.9902871461119389,0.0
376845,2025-09-13T18:00:00.000000000,0.5700000000000001,0.0,0.0,0.11299999999999999,1.439858167756128,0.0
376845,2025-09-13T19:00:00.000000000,0.634,0.0,0.0,0.113,0.9334313584985278,0.0
376845,2025-09-13T20:00:00.000000000,0.722,0.0,0.0,0.124,0.0,0.0
376845,2025-09-13T21:00:00.000000000,0.632,0.0,0.0,0.118,0.0,0.0
376845,2025-09-13T22:00:00.000000000,0.484,0.0,0.0,0.084,0.9524809780597223,0.0
376845,2025-09-13T23:00:00.000000000,0.37,0.0,0.0,0.039,0.48239498150347776,0.0
376845,2025-09-14T00:00:00.000000000,0.35,0.0,0.0,0.007,0.4308144731531667,0.0
376845,2025-09-14T01:00:00.000000000,0.34299999999999997,0.0,0.0,0.015,0.0,0.0
376845,2025-09-14T02:00:00.000000000,0.352,0.0,0.0,0.031,0.0,0.0
376845,2025-09-14T03:00:00.000000000,0.346,0.0,0.0,0.026,0.4308144731531667,0.0
376845,2025-09-14T04:00:00.000000000,0.341,0.0,0.0,0.026000000000000002,0.0,0.0
376845,2025-09-14T05:00:00.000000000,0.33,0.0,0.0,0.018000000000000002,0.47477513367900004,0.0
376845,2025-09-14T06:00:00.000000000,0.366,0.0,0.0,0.017,0.8616289463063334,0.0
376845,2025-09-14T07:00:00.000000000,0.369,0.0,0.0,0.0,0.9202431603407777,0.0
376845,2025-09-14T08:00:00.000000000,0.379,0.0,0.0,0.0,0.9993723492872777,0.0
376845,2025-09-14T09:00:00.000000000,0.38,0.0,0.0,0.0,0.9261045817442222,0.0
376845,2025-09-14T10:00:00.000000000,0.388,0.0,0.0,0.009000000000000001,0.0,0.0
376845,2025-09-14T11:00:00.000000000,0.353,0.0,0.0,0.019,1.0497805733569,0.0
376845,2025-09-14T12:00:00.000000000,0.371,0.0,0.0,0.044000000000000004,0.9334313584985278,0.0
376845,2025-09-14T13:00:00.000000000,0.433,0.0,0.0,0.095,0.0,0.0
376845,2025-09-14T14:00:00.000000000,0.548,0.0,0.0,0.15500000000000003,0.4469333820126389,0.0
376845,2025-09-14T15:00:00.000000000,0.569,0.0,0.0,0.185,0.0,0.0
376845,2025-09-14T16:00:00.000000000,0.7370000000000001,0.0,0.0,0.271,0.4308144731531667,0.0
376845,2025-09-14T17:00:00.000000000,0.79,0.0,0.0,0.329,0.0,0.0
376845,2025-09-14T18:00:00.000000000,0.7999999999999999,0.0,0.0,0.305,0.4759474179596889,0.0
376845,2025-09-14T19:00:00.000000000,1.862,0.0,0.0,0.386,1.4146540557213167,0.0
376845,2025-09-14T20:00:00.000000000,0.908,0.0,0.0,0.28,0.0,0.0
376845,2025-09-14T21:00:00.000000000,0.889,0.0,0.0,0.254,0.0,0.0
376845,2025-09-14T22:00:00.000000000,0.7490000000000001,0.0,0.0,0.21799999999999997,0.8264604178856666,0.0
376845,2025-09-14T23:00:00.000000000,0.558,0.0,0.0,0.17,0.09231738710425,0.0
376845,2025-09-15T00:00:00.000000000,0.482,0.0,0.0,0.11599999999999999,0.4308144731531667,0.0
376845,2025-09-15T01:00:00.000000000,0.47,0.0,0.0,0.121,0.0,0.0
376845,2025-09-15T02:00:00.000000000,0.446,0.0,0.0,0.10999999999999999,0.4642245751528,0.0
376845,2025-09-15T03:00:00.000000000,0.421,0.0,0.0,0.09000000000000001,0.0,0.0
376845,2025-09-15T04:00:00.000000000,0.396,0.0,0.0,0.071,0.0,0.0
376845,2025-09-15T05:00:00.000000000,0.387,0.0,0.0,0.063,0.4308144731531667,0.0
376845,2025-09-15T06:00:00.000000000,0.374,0.0,0.0,0.051000000000000004,0.0,0.0
376845,2025-09-15T07:00:00.000000000,0.451,0.0,0.0,0.063,0.4308144731531667,0.0
376845,2025-09-15T08:00:00.000000000,0.544,0.0,0.0,0.087,0.4862049054157167,0.0
376845,2025-09-15T09:00:00.000000000,0.513,0.0,0.0,0.098,0.0,0.0
376845,2025-09-15T10:00:00.000000000,0.478,0.0,0.0,0.085,0.4308144731531667,0.0
376845,2025-09-15T11:00:00.000000000,0.473,0.0,0.0,0.093,0.4829811236438222,0.0
376845,2025-09-15T12:00:00.000000000,0.423,0.0,0.0,0.087,0.9858910800593556,0.0
376845,2025-09-15T13:00:00.000000000,0.47500000000000003,0.0,0.0,0.10500000000000001,0.9562909019719611,0.0
376845,2025-09-15T14:00:00.000000000,0.659,0.0,0.0,0.188,0.0,0.0
376845,2025-09-15T15:00:00.000000000,0.7029999999999998,0.0,0.0,0.22,0.43140061529351115,0.0
376845,2025-09-15T16:00:00.000000000,0.8049999999999999,0.0,0.0,0.271,0.4829811236438222,0.0
376845,2025-09-15T17:00:00.000000000,0.8360000000000001,0.0,0.0,0.27899999999999997,0.9923386436031444,0.0
376845,2025-09-15T18:00:00.000000000,0.837,0.0,0.0,0.258,1.4553909344752556,0.0
376845,2025-09-15T19:00:00.000000000,0.835,0.0,0.0,0.239,0.9694791001297111,0.0
376845,2025-09-15T20:00:00.000000000,0.821,0.0,0.0,0.20800000000000002,0.9372412824107668,0.0
376845,2025-09-15T21:00:00.000000000,0.774,0.0,0.0,0.159,1.089638238900322,0.0
376845,2025-09-15T22:00:00.000000000,0.71,0.0,0.0,0.16899999999999998,0.4308144731531667,0.0
376845,2025-09-15T23:00:00.000000000,0.55,0.0,0.0,0.149,0.4308144731531667,0.0
376845,2025-09-16T00:00:00.000000000,0.457,0.0,0.0,0.097,0.0,0.0
376845,2025-09-16T01:00:00.000000000,0.448,0.0,0.0,0.102,0.4469333820126389,0.0
376845,2025-09-16T02:00:00.000000000,0.427,0.0,0.0,0.094,0.0,0.0
376845,2025-09-16T03:00:00.000000000,0.404,0.0,0.0,0.076,0.4308144731531667,0.0
376845,2025-09-16T04:00:00.000000000,0.391,0.0,0.0,0.067,0.0,0.0
376845,2025-09-16T05:00:00.000000000,0.4,0.0,0.0,0.076,0.0,0.0
376845,2025-09-16T06:00:00.000000000,0.392,0.0,0.0,0.067,0.4308144731531667,0.0
376845,2025-09-16T07:00:00.000000000,0.444,0.0,0.0,0.081,0.0,0.0
376845,2025-09-16T08:00:00.000000000,0.548,0.0,0.0,0.14100000000000001,0.0,0.0
376845,2025-09-16T09:00:00.000000000,0.6619999999999999,0.0,0.0,0.19999999999999998,0.4308144731531667,0.0
376845,2025-09-16T10:00:00.000000000,0.571,0.0,0.0,0.151,0.0,0.0
376845,2025-09-16T11:00:00.000000000,1.447,0.0,0.0,0.187,0.4308144731531667,0.0
376845,2025-09-16T12:00:00.000000000,0.532,0.0,0.0,0.129,0.0,0.0
376845,2025-09-16T13:00:00.000000000,0.47300000000000003,0.0,0.0,0.07799999999999999,0.0,0.0
376845,2025-09-16T14:00:00.000000000,1.1389999999999998,0.0,0.0,0.246,0.4308144731531667,0.0
376845,2025-09-16T15:00:00.000000000,0.714,0.0,0.0,0.22799999999999998,0.0,0.0
376845,2025-09-16T16:00:00.000000000,0.746,0.0,0.0,0.22,0.9474987698667945,0.0
376845,2025-09-16T17:00:00.000000000,0.793,0.0,0.0,0.244,0.9897010039715944,0.0
376845,2025-09-16T18:00:00.000000000,0.821,0.0,0.0,0.265,0.9897010039715944,0.0
376845,2025-09-16T19:00:00.000000000,1.29,0.0,0.0,0.253,0.9674276026385056,0.0
376845,2025-09-16T20:00:00.000000000,1.455,0.0,0.0,0.24,1.0562281369006887,0.0
376845,2025-09-16T21:00:00.000000000,1.047,0.0,0.0,0.165,2.749592780355789,0.0
376845,2025-09-16T22:00:00.000000000,0.5740000000000001,0.0,0.0,0.121,1.0559350658305167,0.0
376845,2025-09-16T23:00:00.000000000,0.44099999999999995,0.0,0.0,0.082,0.0,0.0
376845,2025-09-17T00:00:00.000000000,0.353,0.0,0.0,0.009,0.9366551402704222,0.0
376845,2025-09-17T01:00:00.000000000,0.324,0.0,0.0,0.0,0.0,0.0
376845,2025-09-17T02:00:00.000000000,0.316,0.0,0.0,0.0,0.0,0.0
376845,2025-09-17T03:00:00.000000000,0.309,0.0,0.0,0.0,0.4311075442233389,0.0
376845,2025-09-17T04:00:00.000000000,0.302,0.0,0.0,0.0,0.0,0.0
376845,2025-09-17T05:00:00.000000000,0.305,0.0,0.0,0.0,0.9776850900945334,0.0
376845,2025-09-17T06:00:00.000000000,0.33799999999999997,0.0,0.0,0.0,0.9451542013054167,0.0
376845,2025-09-17T07:00:00.000000000,0.35400000000000004,0.0,0.0,0.0,0.4800504129421,0.0
376845,2025-09-17T08:00:00.000000000,0.364,0.0,0.0,0.0,0.8965044036568277,0.0
376845,2025-09-17T09:00:00.000000000,0.335,0.0,0.0,0.0,0.9524809780597223,0.0
376845,2025-09-17T10:00:00.000000000,0.317,0.0,0.0,0.0,0.4935316821700222,0.0
376845,2025-09-17T11:00:00.000000000,0.32299999999999995,0.0,0.0,0.006,0.9724098108314333,0.0
376845,2025-09-17T12:00:00.000000000,0.395,0.0,0.0,0.063,0.4469333820126389,0.0
376845,2025-09-17T13:00:00.000000000,0.423,0.0,0.0,0.086,0.48327419471399446,0.0
376845,2025-09-17T14:00:00.000000000,0.471,0.0,0.0,0.126,0.0,0.0
376845,2025-09-17T15:00:00.000000000,0.613,0.0,0.0,0.196,0.4308144731531667,0.0
376845,2025-09-17T16:00:00.000000000,0.698,0.0,0.0,0.238,0.0,0.0
376845,2025-09-17T17:00:00.000000000,0.716,0.0,0.0,0.247,0.0,0.0
376845,2025-09-17T18:00:00.000000000,0.671,0.0,0.0,0.198,0.4308144731531667,0.0
376845,2025-09-17T19:00:00.000000000,0.602,0.0,0.0,0.131,0.0,0.0
376845,2025-09-17T20:00:00.000000000,0.542,0.0,0.0,0.073,0.4308144731531667,0.0
376845,2025-09-17T21:00:00.000000000,0.6839999999999999,0.0,0.0,0.083,0.9466195566562778,0.0
376845,2025-09-17T22:00:00.000000000,0.499,0.0,0.0,0.04,0.0,0.0
376845,2025-09-17T23:00:00.000000000,0.34700000000000003,0.0,0.0,0.0,0.4308144731531667,0.0
376845,2025-09-18T00:00:00.000000000,0.34099999999999997,0.0,0.0,0.0,0.4469333820126389,0.0
376845,2025-09-18T01:00:00.000000000,0.324,0.0,0.0,0.0,0.0,0.0
376845,2025-09-18T02:00:00.000000000,0.316,0.0,0.0,0.0,0.4308144731531667,0.0
376845,2025-09-18T03:00:00.000000000,0.313,0.0,0.0,0.0,0.0,0.0
376845,2025-09-18T04:00:00.000000000,0.309,0.0,0.0,0.0,0.0,0.0
376845,2025-09-18T05:00:00.000000000,0.308,0.0,0.0,0.0,0.4311075442233389,0.0
376845,2025-09-18T06:00:00.000000000,0.32899999999999996,0.0,0.0,0.0,0.4794642708017555,0.0
376845,2025-09-18T07:00:00.000000000,0.8119999999999999,0.0,0.0,0.015,0.4589492958897,0.0
376845,2025-09-18T08:00:00.000000000,0.379,0.0,0.0,0.0,0.9586354705333389,0.0
376845,2025-09-18T09:00:00.000000000,0.446,0.0,0.0,0.05499999999999999,0.8616289463063334,0.0
376845,2025-09-18T10:00:00.000000000,0.49,0.0,0.0,0.097,0.45015716378453335,0.0
376845,2025-09-18T11:00:00.000000000,0.536,0.0,0.0,0.137,1.2285539261619556,0.0
376845,2025-09-18T12:00:00.000000000,0.614,0.0,0.0,0.19999999999999998,0.7323846043603833,0.0
376845,2025-09-18T13:00:00.000000000,0.7249999999999999,0.0,0.0,0.29200000000000004,0.4469333820126389,0.0
376845,2025-09-18T14:00:00.000000000,0.7970000000000002,0.0,0.0,0.393,0.43198675743385556,0.0
376845,2025-09-18T15:00:00.000000000,0.8300000000000001,0.0,0.0,0.43299999999999994,0.0,0.0
376845,2025-09-18T16:00:00.000000000,0.9299999999999999,0.0,0.0,0.497,0.4472264530828111,0.0
376845,2025-09-18T17:00:00.000000000,1.045,0.0,0.0,0.491,0.4308144731531667,0.0
376845,2025-09-18T18:00:00.000000000,1.054,0.0,0.0,0.46499999999999997,0.0,0.0
376845,2025-09-18T19:00:00.000000000,1.155,0.0,0.0,0.38,0.4308144731531667,0.0
376845,2025-09-18T20:00:00.000000000,1.375,0.0,0.0,0.46699999999999997,3.2610017978063164,0.0
376845,2025-09-18T21:00:00.000000000,0.9259999999999999,0.0,0.0,0.313,0.924639226393361,0.0
376845,2025-09-18T22:00:00.000000000,0.74,0.0,0.0,0.271,0.9422234906036944,0.0
376845,2025-09-18T23:00:00.000000000,0.672,0.0,0.0,0.278,0.4308144731531667,0.0
376845,2025-09-19T00:00:00.000000000,0.656,0.0,0.0,0.265,0.48356726578416664,0.0
376845,2025-09-19T01:00:00.000000000,0.615,0.0,0.0,0.246,0.48356726578416664,0.0
376845,2025-09-19T02:00:00.000000000,0.593,0.0,0.0,0.23399999999999999,0.0,0.0
376845,2025-09-19T03:00:00.000000000,0.544,0.0,0.0,0.195,0.4308144731531667,0.0
376845,2025-09-19T04:00:00.000000000,0.4169999999999999,0.0,0.0,0.089,0.0,0.0
376845,2025-09-19T05:00:00.000000000,0.351,0.0,0.0,0.035,0.0,0.0
376845,2025-09-19T06:00:00.000000000,0.374,0.0,0.0,0.05099999999999999,0.4308144731531667,0.0
376845,2025-09-19T07:00:00.000000000,0.34,0.0,0.0,0.02,0.0,0.0
376845,2025-09-19T08:00:00.000000000,0.319,0.0,0.0,0.0,0.0,0.0
376845,2025-09-19T09:00:00.000000000,0.32,0.0,0.0,0.0,0.4311075442233389,0.0
376845,2025-09-19T10:00:00.000000000,0.317,0.0,0.0,0.0,0.0,0.0
376845,2025-09-19T11:00:00.000000000,0.316,0.0,0.0,0.0,0.4308144731531667,0.0
376845,2025-09-19T12:00:00.000000000,0.32699999999999996,0.0,0.0,0.007,0.0,0.0
376845,2025-09-19T13:00:00.000000000,0.366,0.0,0.0,0.03900000000000001,0.0,0.0
376845,2025-09-19T14:00:00.000000000,0.40099999999999997,0.0,0.0,0.067,0.4308144731531667,0.0
376845,2025-09-19T15:00:00.000000000,0.429,0.0,0.0,0.093,0.0,0.0
376845,2025-09-19T16:00:00.000000000,0.46699999999999997,0.0,0.0,0.10099999999999999,0.0,0.0
376845,2025-09-19T17:00:00.000000000,0.5760000000000001,0.0,0.0,0.14300000000000002,0.4308144731531667,0.0
376845,2025-09-19T18:00:00.000000000,0.594,0.0,0.0,0.11199999999999999,0.0,0.0
376845,2025-09-19T19:00:00.000000000,0.632,0.0,0.0,0.068,0.47858505759123887,0.0
376845,2025-09-19T20:00:00.000000000,0.625,0.0,0.0,0.043000000000000003,0.4308144731531667,0.0
376845,2025-09-19T21:00:00.000000000,0.586,0.0,0.0,0.0,0.0,0.0
376845,2025-09-19T22:00:00.000000000,0.44999999999999996,0.0,0.0,0.0,0.44722645308281117,0.0
376845,2025-09-19T23:00:00.000000000,0.359,0.0,0.0,0.0,1.6280097948066945,0.0
376845,2025-09-20T00:00:00.000000000,0.365,0.02,0.0,0.0,0.9263976528143945,0.0
376845,2025-09-20T01:00:00.000000000,0.415,0.08,0.0,0.0,0.0,0.0
376845,2025-09-20T02:00:00.000000000,0.43499999999999994,0.107,0.0,0.0,0.4472264530828111,0.0
376845,2025-09-20T03:00:00.000000000,0.419,0.096,0.0,0.0,0.3947667315219833,0.0
376845,2025-09-20T04:00:00.000000000,0.525,0.19299999999999998,0.0,0.0,0.05040822406962222,0.0
376845,2025-09-20T05:00:00.000000000,0.586,0.249,0.0,0.0,0.0,0.0
376845,2025-09-20T06:00:00.000000000,0.659,0.28400000000000003,0.0,0.0,1.202470600916628,0.0
376845,2025-09-20T07:00:00.000000000,1.476,0.189,0.0,0.0,0.57764307930945,0.0
376845,2025-09-20T08:00:00.000000000,0.636,0.178,0.0,0.0,0.6570653393261222,0.0
376845,2025-09-20T09:00:00.000000000,0.5680000000000001,0.14400000000000002,0.0,0.0,1.5594311643863945,0.0
376845,2025-09-20T10:00:00.000000000,0.518,0.154,0.0,0.0,0.0,0.0
376845,2025-09-20T11:00:00.000000000,0.43299999999999994,0.105,0.0,0.0,0.4472264530828111,0.0
376845,2025-09-20T12:00:00.000000000,0.36500000000000005,0.042,0.0,0.0,0.93108678993715,0.0
376845,2025-09-20T13:00:00.000000000,0.353,0.031,0.0,0.0,0.4651037883633167,0.0
376845,2025-09-20T14:00:00.000000000,0.366,0.042,0.0,0.0,0.4311075442233389,0.0
376845,2025-09-20T15:00:00.000000000,0.387,0.006,0.0,0.0,0.0,0.0
376845,2025-09-20T16:00:00.000000000,0.413,0.0,0.0,0.0,0.4311075442233389,0.0
376845,2025-09-20T17:00:00.000000000,0.421,0.0,0.0,0.0,0.0,0.0
376845,2025-09-20T18:00:00.000000000,0.435,0.0,0.0,0.0,0.0,0.0
376845,2025-09-20T19:00:00.000000000,0.47100000000000003,0.0,0.0,0.0,0.8100484379560222,0.0
376845,2025-09-20T20:00:00.000000000,0.5770000000000001,0.003,0.0,0.0,0.10491944312165555,0.0
376845,2025-09-20T21:00:00.000000000,0.6970000000000001,0.105,0.0,0.0,0.9316729320774944,0.0
376845,2025-09-20T22:00:00.000000000,0.5880000000000001,0.179,0.0,0.0,0.0,0.0
376845,2025-09-20T23:00:00.000000000,0.5710000000000001,0.227,0.0,0.0,0.4311075442233389,0.0
376845,2025-09-21T00:00:00.000000000,0.708,0.33199999999999996,0.0,0.0,0.4472264530828111,0.0
376845,2025-09-21T01:00:00.000000000,0.7069999999999999,0.347,0.0,0.0,0.0,0.0
376845,2025-09-21T02:00:00.000000000,0.746,0.39,0.0,0.0,0.4311075442233389,0.0
376845,2025-09-21T03:00:00.000000000,0.7249999999999999,0.373,0.0,0.0,0.0,0.0
376845,2025-09-21T04:00:00.000000000,0.748,0.396,0.0,0.0,0.0,0.0
376845,2025-09-21T05:00:00.000000000,1.3519999999999999,0.362,0.0,0.0,0.4311075442233389,0.0
376845,2025-09-21T06:00:00.000000000,1.035,0.423,0.0,0.0,1.515470503860561,0.0
376845,2025-09-21T07:00:00.000000000,0.883,0.431,0.0,0.0,0.45572551411780554,0.0
376845,2025-09-21T08:00:00.000000000,0.8260000000000001,0.403,0.0,0.0,0.4756543468895167,0.0
376845,2025-09-21T09:00:00.000000000,0.6890000000000001,0.282,0.0,0.0,0.9624453944455778,0.0
376845,2025-09-21T10:00:00.000000000,0.506,0.118,0.0,0.0,0.9346036427792166,0.0
376845,2025-09-21T11:00:00.000000000,0.8359999999999999,0.047,0.0,0.0,0.9762197347436723,0.0
376845,2025-09-21T12:00:00.000000000,0.8069999999999999,0.0,0.0,0.0,0.8965044036568277,0.0
376845,2025-09-21T13:00:00.000000000,0.328,0.006,0.0,0.0,0.97856430330505,0.0
376845,2025-09-21T14:00:00.000000000,0.32,0.0,0.0,0.0,0.4475195241529833,0.0
376845,2025-09-21T15:00:00.000000000,0.32,0.0,0.0,0.0,0.4648107172931445,0.0
376845,2025-09-21T16:00:00.000000000,0.347,0.0,0.0,0.0,0.4311075442233389,0.0
376845,2025-09-21T17:00:00.000000000,0.362,0.0,0.0,0.0,0.0,0.0
376845,2025-09-21T18:00:00.000000000,0.435,0.0,0.0,0.0,0.0,0.0
376845,2025-09-21T19:00:00.000000000,0.552,0.0,0.0,0.0,0.4311075442233389,0.0
376845,2025-09-21T20:00:00.000000000,0.5740000000000001,0.0,0.0,0.0,0.0,0.0
376845,2025-09-21T21:00:00.000000000,0.591,0.005,0.0,0.0,0.4762404890298611,0.0
376845,2025-09-21T22:00:00.000000000,0.46699999999999997,0.044,0.0,0.0,1.0055268417608945,0.0
376845,2025-09-21T23:00:00.000000000,0.429,0.093,0.0,0.0,0.9316729320774944,0.0
376845,2025-09-22T00:00:00.000000000,0.518,0.15799999999999997,0.0,0.0,0.0,0.0
376845,2025-09-22T01:00:00.000000000,0.483,0.14200000000000002,0.0,0.0,0.0,0.0
376845,2025-09-22T02:00:00.000000000,0.462,0.133,0.0,0.0,0.43110754422333886,0.0
376845,2025-09-22T03:00:00.000000000,0.449,0.124,0.0,0.0,0.0,0.0
376845,2025-09-22T04:00:00.000000000,0.447,0.13,0.0,0.0,0.4431234581004,0.0
376845,2025-09-22T05:00:00.000000000,0.495,0.16699999999999998,0.0,0.0,0.4311075442233389,0.0
376845,2025-09-22T06:00:00.000000000,0.536,0.177,0.0,0.0,0.4560185851879778,0.0
376845,2025-09-22T07:00:00.000000000,0.546,0.16,0.0,0.0,0.0,0.0
376845,2025-09-22T08:00:00.000000000,0.508,0.11499999999999999,0.0,0.0,0.4475195241529833,0.0
376845,2025-09-22T09:00:00.000000000,0.519,0.073,0.0,0.0,0.13246812371784444,0.0
376845,2025-09-22T10:00:00.000000000,0.583,0.067,0.0,0.0,0.30332855762825,0.0
376845,2025-09-22T11:00:00.000000000,1.037,0.036000000000000004,0.0,0.0,1.465355350861111,0.0
376845,2025-09-22T12:00:00.000000000,0.474,0.032,0.0,0.0,0.6005026227828834,0.0
376845,2025-09-22T13:00:00.000000000,0.539,0.022000000000000002,0.0,0.0,0.7637432088688112,0.0
376845,2025-09-22T14:00:00.000000000,1.0,0.0,0.0,0.0,0.9630315365859222,0.0
376845,2025-09-22T15:00:00.000000000,0.46,0.018000000000000002,0.0,0.0,0.6506177757823333,0.0
376845,2025-09-22T16:00:00.000000000,0.56,0.07,0.0,0.0,0.23768063790967225,0.0
376845,2025-09-22T17:00:00.000000000,0.521,0.016,0.0,0.0,0.4768266311702056,0.0
376845,2025-09-22T18:00:00.000000000,0.485,0.002,0.0,0.0,0.4768266311702056,0.0
376845,2025-09-22T19:00:00.000000000,0.897,0.022,0.0,0.0,1.3994143600723612,0.0
376845,2025-09-22T20:00:00.000000000,0.525,0.064,0.0,0.0,0.4595354380300445,0.0
376845,2025-09-22T21:00:00.000000000,0.552,0.084,0.0,0.0,1.4671137772821445,0.0
376845,2025-09-22T22:00:00.000000000,0.488,0.063,0.0,0.0,0.4311075442233389,0.0
376845,2025-09-22T23:00:00.000000000,0.46299999999999997,0.094,0.0,0.0,0.0,0.0
376845,2025-09-23T00:00:00.000000000,0.547,0.18,0.0,0.0,0.4311075442233389,0.0
376845,2025-09-23T01:00:00.000000000,0.542,0.198,0.0,0.0,0.0,0.0
376845,2025-09-23T02:00:00.000000000,0.6,0.261,0.0,0.0,0.0,0.0
376845,2025-09-23T03:00:00.000000000,0.5850000000000001,0.248,0.0,0.0,0.4311075442233389,0.0
376845,2025-09-23T04:00:00.000000000,0.639,0.302,0.0,0.0,0.4311075442233389,0.0
376845,2025-09-23T05:00:00.000000000,0.669,0.32599999999999996,0.0,0.0,0.0,0.0
376845,2025-09-23T06:00:00.000000000,0.7349999999999999,0.359,0.0,0.0,0.0,0.0
376845,2025-09-23T07:00:00.000000000,1.958,0.195,0.0,0.0,0.4311075442233389,0.0
376845,2025-09-23T08:00:00.000000000,1.2439999999999998,0.079,0.0,0.0,0.9782712322348778,0.0
376845,2025-09-23T09:00:00.000000000,0.473,0.030999999999999996,0.0,0.0,0.0,0.0
376845,2025-09-23T10:00:00.000000000,0.438,0.004,0.0,0.0,0.4475195241529833,0.0
376845,2025-09-23T11:00:00.000000000,2.057,0.0,0.0,0.028,0.4536740166266,0.0
376845,2025-09-23T12:00:00.000000000,1.1960000000000002,0.0,0.0,0.020999999999999998,1.4043965682652888,0.0
376845,2025-09-23T13:00:00.000000000,0.498,0.0,0.0,0.0,2.1004403599243164,0.0
376845,2025-09-23T14:00:00.000000000,0.834,0.0,0.0,0.04,0.9061757489725112,0.0
376845,2025-09-23T15:00:00.000000000,0.476,0.0,0.0,0.03,0.4777058443807222,0.0
376845,2025-09-23T16:00:00.000000000,0.5,0.0,0.0,0.028999999999999998,0.504961453906739,0.0
376845,2025-09-23T17:00:00.000000000,0.5,0.0,0.0,0.065,0.4472264530828111,0.0
376845,2025-09-23T18:00:00.000000000,0.573,0.0,0.0,0.052,0.45777701160901113,0.0
376845,2025-09-23T19:00:00.000000000,0.8059999999999999,0.0,0.0,0.009,0.4560185851879778,0.0
376845,2025-09-23T20:00:00.000000000,0.453,0.0,0.0,0.0,0.43081447315316673,0.0
376845,2025-09-23T21:00:00.000000000,0.459,0.0,0.0,0.0,0.0,0.0
376845,2025-09-23T22:00:00.000000000,0.475,0.0,0.0,0.0,1.6142354545086002,0.0
376845,2025-09-23T23:00:00.000000000,0.46399999999999997,0.082,0.0,0.0,0.0,0.0
376845,2025-09-24T00:00:00.000000000,0.6140000000000001,0.242,0.0,0.0,0.4653968594334889,0.0
376845,2025-09-24T01:00:00.000000000,0.633,0.28,0.0,0.0,0.0,0.0
376845,2025-09-24T02:00:00.000000000,0.664,0.317,0.0,0.0,0.4311075442233389,0.0
376845,2025-09-24T03:00:00.000000000,0.664,0.318,0.0,0.0,0.0,0.0
376845,2025-09-24T04:00:00.000000000,0.65,0.306,0.0,0.0,0.0,0.0
376845,2025-09-24T05:00:00.000000000,0.667,0.324,0.0,0.0,0.43110754422333886,0.0
376845,2025-09-24T06:00:00.000000000,0.74,0.388,0.0,0.0,0.0,0.0
376845,2025-09-24T07:00:00.000000000,0.748,0.389,0.0,0.0,0.4311075442233389,0.0
376845,2025-09-24T08:00:00.000000000,0.586,0.2,0.0,0.0,0.4812226972227889,0.0
376845,2025-09-24T09:00:00.000000000,0.44799999999999995,0.062,0.0,0.0,0.47213749404745,0.0
376845,2025-09-24T10:00:00.000000000,0.398,0.020000000000000004,0.0,0.0,0.9313798610073222,0.0
376845,2025-09-24T11:00:00.000000000,0.34600000000000003,0.0,0.0,0.0,0.47829198652106664,0.0
376845,2025-09-24T12:00:00.000000000,0.319,0.0,0.0,0.0,0.4595354380300445,0.0
376845,2025-09-24T13:00:00.000000000,0.32,0.0,0.0,0.0,0.9366551402704222,0.0
376845,2025-09-24T14:00:00.000000000,0.32,0.0,0.0,0.0,0.0,0.0
376845,2025-09-24T15:00:00.000000000,0.32,0.0,0.0,0.0,0.4311075442233389,0.0
376845,2025-09-24T16:00:00.000000000,0.347,0.0,0.0,0.0,0.4308144731531667,0.0
376845,2025-09-24T17:00:00.000000000,0.372,0.0,0.0,0.009000000000000001,0.0,0.0
376845,2025-09-24T18:00:00.000000000,0.497,0.0,0.0,0.032,0.4308144731531667,0.0
376845,2025-09-24T19:00:00.000000000,0.46199999999999997,0.0,0.0,0.013999999999999999,0.0,0.0
376845,2025-09-24T20:00:00.000000000,0.524,0.0,0.0,0.008,0.4809296261526167,0.0
376845,2025-09-24T21:00:00.000000000,0.588,0.0,0.0,0.002,0.0,0.0
376845,2025-09-24T22:00:00.000000000,0.44999999999999996,0.0,0.0,0.0,0.8704210784115001,0.0
376845,2025-09-24T23:00:00.000000000,0.359,0.0,0.0,0.0,1.3572121259675611,0.0
376845,2025-09-25T00:00:00.000000000,0.35,0.0,0.0,0.0,0.4651037883633167,0.0
376845,2025-09-25T01:00:00.000000000,0.325,0.0,0.0,0.0,0.4311075442233389,0.0
376845,2025-09-25T02:00:00.000000000,0.316,0.0,0.0,0.0,0.0,0.0
376845,2025-09-25T03:00:00.000000000,0.313,0.0,0.0,0.0,0.0,0.0
376845,2025-09-25T04:00:00.000000000,0.309,0.0,0.0,0.0,0.4311075442233389,0.0
376845,2025-09-25T05:00:00.000000000,0.308,0.0,0.0,0.0,0.0,0.0
376845,2025-09-25T06:00:00.000000000,0.32899999999999996,0.014,0.0,0.0,0.23533606934829446,0.0
376845,2025-09-25T07:00:00.000000000,0.384,0.020999999999999998,0.0,0.0,0.6427048568876834,0.0
376845,2025-09-25T08:00:00.000000000,0.34900000000000003,0.0,0.0,0.0,0.0,0.0
376845,2025-09-25T09:00:00.000000000,0.365,0.0,0.0,0.0,0.0,0.0
376845,2025-09-25T10:00:00.000000000,0.381,0.0,0.0,0.017,0.4311075442233389,0.0
376845,2025-09-25T11:00:00.000000000,0.376,0.0,0.0,0.051,0.0,0.0
376845,2025-09-25T12:00:00.000000000,0.42,0.0,0.0,0.08399999999999999,0.4308144731531667,0.0
376845,2025-09-25T13:00:00.000000000,0.485,0.0,0.0,0.138,0.3836300308554389,0.0
376845,2025-09-25T14:00:00.000000000,0.628,0.0,0.0,0.211,0.5005653878541556,0.0
376845,2025-09-25T15:00:00.000000000,0.634,0.0,0.0,0.242,0.0,0.0
376845,2025-09-25T16:00:00.000000000,0.6990000000000001,0.0,0.0,0.271,0.4308144731531667,0.0
376845,2025-09-25T17:00:00.000000000,1.221,0.0,0.0,0.30900000000000005,0.0,0.0
376845,2025-09-25T18:00:00.000000000,0.842,0.0,0.0,0.261,0.4651037883633167,0.0
376845,2025-09-25T19:00:00.000000000,0.752,0.0,0.0,0.167,0.9756335926033277,0.0
376845,2025-09-25T20:00:00.000000000,0.664,0.0,0.0,0.077,0.5055475960470833,0.0
376845,2025-09-25T21:00:00.000000000,0.56,0.0,0.0,0.058,0.4308144731531667,0.0
376845,2025-09-25T22:00:00.000000000,0.42200000000000004,0.0,0.0,0.003,0.4568977983984945,0.0
376845,2025-09-25T23:00:00.000000000,0.34700000000000003,0.0,0.0,0.0,0.9322590742178388,0.0
376845,2025-09-26T00:00:00.000000000,0.34099999999999997,0.0,0.0,0.0,0.4894286871876111,0.0
376845,2025-09-26T01:00:00.000000000,0.324,0.0,0.0,0.0,0.0,0.0
376845,2025-09-26T02:00:00.000000000,0.316,0.0,0.0,0.0,1.1089809295316888,0.0
376845,2025-09-26T03:00:00.000000000,0.313,0.0,0.0,0.0,0.4311075442233389,0.0
376845,2025-09-26T04:00:00.000000000,0.309,0.0,0.0,0.0,0.0,0.0
376845,2025-09-26T05:00:00.000000000,0.352,0.038,0.0,0.0,0.0,0.0
376845,2025-09-26T06:00:00.000000000,0.421,0.097,0.0,0.0,0.47418899153865557,0.0
376845,2025-09-26T07:00:00.000000000,0.425,0.098,0.0,0.0,0.4311075442233389,0.0
376845,2025-09-26T08:00:00.000000000,0.382,0.058,0.0,0.0,0.0,0.0
376845,2025-09-26T09:00:00.000000000,0.32,0.0,0.0,0.0,0.0,0.0
376845,2025-09-26T10:00:00.000000000,0.317,0.0,0.0,0.0,0.4653968594334889,0.0
376845,2025-09-26T11:00:00.000000000,0.316,0.0,0.0,0.0,0.4311075442233389,0.0
376845,2025-09-26T12:00:00.000000000,0.344,0.0,0.0,0.021,0.0,0.0
376845,2025-09-26T13:00:00.000000000,0.383,0.0,0.0,0.053,0.0,0.0
376845,2025-09-26T14:00:00.000000000,0.422,0.0,0.0,0.087,0.4308144731531667,0.0
376845,2025-09-26T15:00:00.000000000,0.457,0.0,0.0,0.11699999999999999,0.0,0.0
376845,2025-09-26T16:00:00.000000000,0.51,0.0,0.0,0.138,0.4308144731531667,0.0
376845,2025-09-26T17:00:00.000000000,0.513,0.0,0.0,0.144,0.0,0.0
376845,2025-09-26T18:00:00.000000000,0.611,0.0,0.0,0.147,0.0,0.0
376845,2025-09-26T19:00:00.000000000,1.5190000000000001,0.0,0.0,0.188,0.9387066377616278,0.0
376845,2025-09-26T20:00:00.000000000,0.643,0.0,0.0,0.107,0.0,0.0
376845,2025-09-26T21:00:00.000000000,0.585,0.0,0.0,0.078,0.35930513203114445,0.0
376845,2025-09-26T22:00:00.000000000,0.46299999999999997,0.0,0.0,0.037,1.1072225031106555,0.0
376845,2025-09-26T23:00:00.000000000,0.384,0.0,0.0,0.024999999999999998,0.8962113325866556,0.0
376845,2025-09-27T00:00:00.000000000,0.351,0.0,0.0,0.008,0.5058406671172555,0.0
376845,2025-09-27T01:00:00.000000000,0.34400000000000003,0.0,0.0,0.016,0.4475195241529833,0.0
376845,2025-09-27T02:00:00.000000000,0.328,0.0,0.0,0.01,0.0,0.0
376845,2025-09-27T03:00:00.000000000,0.313,0.0,0.0,0.0,0.4656899305036611,0.0
376845,2025-09-27T04:00:00.000000000,0.309,0.0,0.0,0.0,0.0,0.0
376845,2025-09-27T05:00:00.000000000,0.308,0.0,0.0,0.0,0.20925274410296665,0.0
376845,2025-09-27T06:00:00.000000000,0.33799999999999997,0.0,0.0,0.0,0.6708396796242166,0.0
376845,2025-09-27T07:00:00.000000000,1.032,0.0,0.0,0.016,0.4311075442233389,0.0
376845,2025-09-27T08:00:00.000000000,0.551,0.0,0.0,0.01,0.0,0.0
376845,2025-09-27T09:00:00.000000000,0.32,0.0,0.0,0.0,0.0,0.0
376845,2025-09-27T10:00:00.000000000,0.33699999999999997,0.0,0.0,0.016,0.4653968594334889,0.0
376845,2025-09-27T11:00:00.000000000,0.39899999999999997,0.0,0.0,0.069,0.4475195241529833,0.0
376845,2025-09-27T12:00:00.000000000,0.453,0.0,0.0,0.112,0.0,0.0
376845,2025-09-27T13:00:00.000000000,0.459,0.0,0.0,0.118,0.4308144731531667,0.0
376845,2025-09-27T14:00:00.000000000,0.501,0.0,0.0,0.15100000000000002,0.0,0.0
376845,2025-09-27T15:00:00.000000000,0.5860000000000001,0.0,0.0,0.224,0.4308144731531667,0.0
376845,2025-09-27T16:00:00.000000000,0.78,0.0,0.0,0.323,0.0,0.0
376845,2025-09-27T17:00:00.000000000,0.756,0.0,0.0,0.28200000000000003,0.0,0.0
376845,2025-09-27T18:00:00.000000000,0.7569999999999999,0.0,0.0,0.249,0.4308144731531667,0.0
376845,2025-09-27T19:00:00.000000000,1.814,0.0,0.0,0.34500000000000003,0.0,0.0
376845,2025-09-27T20:00:00.000000000,0.86,0.0,0.0,0.24,0.4653968594334889,0.0
376845,2025-09-27T21:00:00.000000000,0.6950000000000001,0.0,0.0,0.17200000000000001,0.9504294805685166,0.0
376845,2025-09-27T22:00:00.000000000,0.481,0.0,0.0,0.052,0.48503262113502776,0.0
376845,2025-09-27T23:00:00.000000000,0.359,0.0,0.0,0.0,0.4475195241529833,0.0
376845,2025-09-28T00:00:00.000000000,0.35,0.0,0.0,0.0,0.4653968594334889,0.0
376845,2025-09-28T01:00:00.000000000,0.325,0.0,0.0,0.0,0.0,0.0
376845,2025-09-28T02:00:00.000000000,0.316,0.0,0.0,0.0,0.4311075442233389,0.0
376845,2025-09-28T03:00:00.000000000,0.313,0.0,0.0,0.0,0.0,0.0
376845,2025-09-28T04:00:00.000000000,0.31899999999999995,0.008,0.0,0.0,0.4311075442233389,0.0
376845,2025-09-28T05:00:00.000000000,0.398,0.07899999999999999,0.0,0.0,0.4375551077671278,0.0
376845,2025-09-28T06:00:00.000000000,0.43,0.098,0.0,0.0,0.0,0.0
376845,2025-09-28T07:00:00.000000000,0.46599999999999997,0.09600000000000002,0.0,0.0,0.4311075442233389,0.0
376845,2025-09-28T08:00:00.000000000,0.384,0.059000000000000004,0.0,0.0,0.0,0.0
376845,2025-09-28T09:00:00.000000000,0.338,0.017,0.0,0.0,0.0,0.0
376845,2025-09-28T10:00:00.000000000,0.322,0.005,0.0,0.0,0.4311075442233389,0.0
376845,2025-09-28T11:00:00.000000000,0.316,0.0,0.0,0.0,1.4811811886504112,0.0
376845,2025-09-28T12:00:00.000000000,0.319,0.0,0.0,0.0,0.4311075442233389,0.0
376845,2025-09-28T13:00:00.000000000,0.35000000000000003,0.0,0.0,0.0,0.0,0.0
376845,2025-09-28T14:00:00.000000000,0.32,0.0,0.0,0.0,0.0,0.0
376845,2025-09-28T15:00:00.000000000,0.353,0.0,0.0,0.028999999999999998,0.4308144731531667,0.0
376845,2025-09-28T16:00:00.000000000,0.39399999999999996,0.0,0.0,0.039,0.0,0.0
376845,2025-09-28T17:00:00.000000000,0.399,0.0,0.0,0.048999999999999995,1.2282608550917833,0.0
376845,2025-09-28T18:00:00.000000000,0.372,0.0,0.0,0.027000000000000003,0.4308144731531667,0.0
376845,2025-09-28T19:00:00.000000000,0.359,0.0,0.0,0.019000000000000003,0.0,0.0
376845,2025-09-28T20:00:00.000000000,0.35300000000000004,0.0,0.0,0.014000000000000002,0.0,0.0
376845,2025-09-28T21:00:00.000000000,0.471,0.0,0.0,0.010000000000000002,0.4308144731531667,0.0
376845,2025-09-28T22:00:00.000000000,0.41800000000000004,0.0,0.0,0.0,0.0,0.0
376845,2025-09-28T23:00:00.000000000,0.341,0.0,0.0,0.0,0.0,0.0
376845,2025-09-29T00:00:00.000000000,0.34099999999999997,0.0,0.0,0.0,0.4311075442233389,0.0
376845,2025-09-29T01:00:00.000000000,0.324,0.0,0.0,0.0,0.0,0.0
376845,2025-09-29T02:00:00.000000000,0.316,0.0,0.0,0.0,0.4308144731531667,0.0
376845,2025-09-29T03:00:00.000000000,0.313,0.0,0.0,0.0,0.0,0.0
376845,2025-09-29T04:00:00.000000000,0.309,0.0,0.0,0.0,0.4311075442233389,0.0
376845,2025-09-29T05:00:00.000000000,0.308,0.0,0.0,0.0,0.0,0.0
376845,2025-09-29T06:00:00.000000000,0.32199999999999995,0.0,0.0,0.0,0.3821646755045778,0.0
376845,2025-09-29T07:00:00.000000000,0.384,0.0,0.0,0.0,0.5931758460285779,0.0
376845,2025-09-29T08:00:00.000000000,0.41200000000000003,0.015,0.0,0.0,0.850785316709961,0.0
376845,2025-09-29T09:00:00.000000000,0.404,0.022,0.0,0.0,0.9454472723755889,0.0
376845,2025-09-29T10:00:00.000000000,0.377,0.0,0.0,0.0,0.48444647899468335,0.0
376845,2025-09-29T11:00:00.000000000,0.376,0.0,0.0,0.0,0.9135025257268167,0.0
376845,2025-09-29T12:00:00.000000000,0.379,0.0,0.0,0.0,0.99966542035745,0.0
376845,2025-09-29T13:00:00.000000000,1.346,0.0,0.0,0.0,1.1438563868821834,0.0
376845,2025-09-29T14:00:00.000000000,1.6260000000000001,0.0,0.0,0.0,0.46070772231073337,0.0
376845,2025-09-29T15:00:00.000000000,0.731,0.0,0.0,0.0,0.9542394044807556,0.0
376845,2025-09-29T16:00:00.000000000,0.46699999999999997,0.0,0.0,0.0,0.9041242514813055,0.0
376845,2025-09-29T17:00:00.000000000,0.505,0.0,0.0,0.0,0.4595354380300445,0.0
376845,2025-09-29T18:00:00.000000000,0.562,0.027000000000000003,0.0,0.0,0.9261045817442223,0.0
376845,2025-09-29T19:00:00.000000000,0.657,0.096,0.0,0.0,1.4454265180894,0.0
376845,2025-09-29T20:00:00.000000000,0.659,0.078,0.0,0.0,0.4498640927143611,0.0
376845,2025-09-29T21:00:00.000000000,1.0630000000000002,0.068,0.0,0.0,0.9170193785688834,0.0
376845,2025-09-29T22:00:00.000000000,1.6010000000000002,0.0,0.0,0.0,0.48561876327537223,0.0
376845,2025-09-29T23:00:00.000000000,0.431,0.097,0.0,0.0,0.48561876327537223,0.0
376845,2025-09-30T00:00:00.000000000,0.531,0.16999999999999998,0.0,0.0,0.0,0.0
376845,2025-09-30T01:00:00.000000000,0.477,0.137,0.0,0.0,0.4311075442233389,0.0
376845,2025-09-30T02:00:00.000000000,0.426,0.1,0.0,0.0,0.0,0.0
376845,2025-09-30T03:00:00.000000000,0.45,0.125,0.0,0.0,0.4311075442233389,0.0
376845,2025-09-30T04:00:00.000000000,0.497,0.16799999999999998,0.0,0.0,0.0,0.0
376845,2025-09-30T05:00:00.000000000,0.534,0.20199999999999999,0.0,0.0,0.0,0.0
376845,2025-09-30T06:00:00.000000000,0.549,0.213,0.0,0.0,0.4311075442233389,0.0
376845,2025-09-30T07:00:00.000000000,0.542,0.20199999999999999,0.0,0.0,0.0,0.0
376845,2025-09-30T08:00:00.000000000,0.5800000000000001,0.17800000000000002,0.0,0.0,0.4311075442233389,0.0
376845,2025-09-30T09:00:00.000000000,0.567,0.115,0.0,0.0,0.4311075442233389,0.0
376845,2025-09-30T10:00:00.000000000,0.489,0.048999999999999995,0.0,0.0,0.0,0.0
376845,2025-09-30T11:00:00.000000000,0.518,0.008,0.0,0.0,0.4580700826791833,0.0
376845,2025-09-30T12:00:00.000000000,0.731,0.0,0.0,0.0,0.46715528585452226,0.0
376845,2025-09-30T13:00:00.000000000,0.681,0.0,0.0,0.0,3.650786321135372,0.0
376845,2025-09-30T14:00:00.000000000,0.438,0.0,0.0,0.0,0.49235939788933336,0.0
376845,2025-09-30T15:00:00.000000000,0.441,0.0,0.0,0.0,0.44605416880212223,0.0
376845,2025-09-30T16:00:00.000000000,0.483,0.0,0.0,0.0,0.9650830340771278,0.0
376845,2025-09-30T17:00:00.000000000,0.505,0.0,0.0,0.0,1.5307101995095167,0.0
376845,2025-09-30T18:00:00.000000000,0.54,0.0,0.0,0.0,0.9659622472876445,0.0
376845,2025-09-30T19:00:00.000000000,2.412,0.0,0.0,0.085,0.4375551077671278,0.0
376845,2025-09-30T20:00:00.000000000,0.869,0.0,0.0,0.005,0.43843432097764445,0.0
376845,2025-09-30T21:00:00.000000000,0.582,0.0,0.0,0.0,1.425497685317689,0.0
376845,2025-09-30T22:00:00.000000000,0.41800000000000004,0.0,0.0,0.0,0.8877122715516611,0.0
376845,2025-09-30T23:00:00.000000000,0.359,0.0,0.0,0.0,0.4568977983984944,0.0
376845,2025-10-01T00:00:00.000000000,0.419,0.05700000000000001,0.0,0.0,0.46100079338090555,0.0
376845,2025-10-01T01:00:00.000000000,0.4,0.067,0.0,0.0,0.9217085156916389,0.0
376845,2025-10-01T02:00:00.000000000,0.394,0.08099999999999999,0.0,0.0,0.0,0.0
376845,2025-10-01T03:00:00.000000000,0.413,0.09999999999999999,0.0,0.0,0.4311075442233389,0.0
376845,2025-10-01T04:00:00.000000000,0.434,0.121,0.0,0.0,0.0,0.0
376845,2025-10-01T05:00:00.000000000,0.469,0.15000000000000002,0.0,0.0,0.4311075442233389,0.0
376845,2025-10-01T06:00:00.000000000,0.6460000000000001,0.234,0.0,0.0,0.9302075767266333,0.0
376845,2025-10-01T07:00:00.000000000,0.6910000000000001,0.209,0.0,0.0,0.44810566629332776,0.0
376845,2025-10-01T08:00:00.000000000,0.591,0.098,0.0,0.0,0.4311075442233389,0.0
376845,2025-10-01T09:00:00.000000000,0.5529999999999999,0.063,0.0,0.0,1.4342898174228556,0.0
376845,2025-10-01T10:00:00.000000000,0.393,0.02,0.0,0.0,0.4478125952231556,0.0
376845,2025-10-01T11:00:00.000000000,0.306,0.002,0.0,0.0,0.46627607264400556,0.0
376845,2025-10-01T12:00:00.000000000,0.307,0.0,0.0,0.0,0.0,0.0
376845,2025-10-01T13:00:00.000000000,0.308,0.0,0.0,0.0,1.0626757004444778,0.0
376845,2025-10-01T14:00:00.000000000,0.316,0.0,0.0,0.007,0.4478125952231556,0.0
376845,2025-10-01T15:00:00.000000000,0.6079999999999999,0.0,0.0,0.06799999999999999,0.4475195241529833,0.0
376845,2025-10-01T16:00:00.000000000,1.101,0.0,0.0,0.123,0.9070549621830277,0.0
376845,2025-10-01T17:00:00.000000000,1.422,0.0,0.0,0.196,1.4975931685800554,0.0
376845,2025-10-01T18:00:00.000000000,2.278,0.0,0.0,0.21900000000000003,0.4398996763285055,0.0
376845,2025-10-01T19:00:00.000000000,0.584,0.0,0.0,0.033,1.1749219203204389,0.0
376845,2025-10-01T20:00:00.000000000,0.5690000000000001,0.0,0.0,0.0,1.3557467706167001,0.0
376845,2025-10-01T21:00:00.000000000,0.517,0.0,0.0,0.0,0.4478125952231556,0.0
376845,2025-10-01T22:00:00.000000000,0.42399999999999993,0.0,0.0,0.0,0.5075990935382889,0.0
376845,2025-10-01T23:00:00.000000000,0.35500000000000004,0.0,0.0,0.0,0.0,0.0
376845,2025-10-02T00:00:00.000000000,0.372,0.038,0.0,0.0,0.4311075442233389,0.0
376845,2025-10-02T01:00:00.000000000,0.363,0.047,0.0,0.0,0.0,0.0
376845,2025-10-02T02:00:00.000000000,0.372,0.063,0.0,0.0,0.4311075442233389,0.0
376845,2025-10-02T03:00:00.000000000,0.417,0.104,0.0,0.0,0.0,0.0
376845,2025-10-02T04:00:00.000000000,0.517,0.19799999999999998,0.0,0.0,0.0,0.0
376845,2025-10-02T05:00:00.000000000,0.588,0.265,0.0,0.0,0.4311075442233389,0.0
376845,2025-10-02T06:00:00.000000000,0.6759999999999999,0.302,0.0,0.0,0.48268805257365,0.0
376845,2025-10-02T07:00:00.000000000,0.673,0.315,0.0,0.0,0.4146955642936945,0.0
376845,2025-10-02T08:00:00.000000000,1.409,0.124,0.0,0.0,0.016411979929644445,0.0
376845,2025-10-02T09:00:00.000000000,0.402,0.08399999999999999,0.0,0.0,0.0,0.0
376845,2025-10-02T10:00:00.000000000,0.311,0.005,0.0,0.0,0.4478125952231556,0.0
376845,2025-10-02T11:00:00.000000000,0.304,0.0,0.0,0.0,0.4311075442233389,0.0
376845,2025-10-02T12:00:00.000000000,0.307,0.0,0.0,0.0,1.5055060874747055,0.0
376845,2025-10-02T13:00:00.000000000,0.372,0.0,0.0,0.05500000000000001,0.4308144731531667,0.0
376845,2025-10-02T14:00:00.000000000,0.5770000000000001,0.0,0.0,0.23099999999999998,0.0,0.0
376845,2025-10-02T15:00:00.000000000,0.607,0.0,0.0,0.257,0.0,0.0
376845,2025-10-02T16:00:00.000000000,0.553,0.0,0.0,0.188,0.4308144731531667,0.0
376845,2025-10-02T17:00:00.000000000,0.629,0.0,0.0,0.205,0.0,0.0
376845,2025-10-02T18:00:00.000000000,0.552,0.0,0.0,0.167,0.4308144731531667,0.0
376845,2025-10-02T19:00:00.000000000,0.459,0.0,0.0,0.11499999999999999,0.0,0.0
376845,2025-10-02T20:00:00.000000000,0.536,0.0,0.0,0.109,0.0,0.0
376845,2025-10-02T21:00:00.000000000,0.604,0.0,0.0,0.10600000000000001,0.8924014086744168,0.0
376845,2025-10-02T22:00:00.000000000,0.7330000000000001,0.0,0.0,0.079,1.354281415265839,0.0
376845,2025-10-02T23:00:00.000000000,0.5589999999999999,0.0,0.0,0.012,2.9729129358270225,0.0
376845,2025-10-03T00:00:00.000000000,0.338,0.0,0.0,0.007,0.0,0.0
376845,2025-10-03T01:00:00.000000000,0.312,0.0,0.0,0.0,0.4478125952231556,0.0
376845,2025-10-03T02:00:00.000000000,0.304,0.0,0.0,0.0,0.0,0.0
376845,2025-10-03T03:00:00.000000000,0.301,0.0,0.0,0.0,0.8806785658675278,0.0
376845,2025-10-03T04:00:00.000000000,0.351,0.046000000000000006,0.0,0.0,0.0,0.0
376845,2025-10-03T05:00:00.000000000,0.363,0.059,0.0,0.0,0.0,0.0
376845,2025-10-03T06:00:00.000000000,0.8400000000000001,0.052,0.0,0.0,0.4311075442233389,0.0
376845,2025-10-03T07:00:00.000000000,1.059,0.047,0.0,0.0,0.0,0.0
376845,2025-10-03T08:00:00.000000000,0.653,0.08,0.0,0.0,0.4311075442233389,0.0
376845,2025-10-03T09:00:00.000000000,0.485,0.16,0.0,0.0,0.0,0.0
376845,2025-10-03T10:00:00.000000000,0.489,0.165,0.0,0.0,0.44810566629332776,0.0
376845,2025-10-03T11:00:00.000000000,0.49,0.16599999999999998,0.0,0.0,0.9750474504629834,0.0
376845,2025-10-03T12:00:00.000000000,0.503,0.13699999999999998,0.0,0.0,0.4311075442233389,0.0
376845,2025-10-03T13:00:00.000000000,0.673,0.065,0.0,0.0,0.0,0.0
376845,2025-10-03T14:00:00.000000000,0.639,0.09,0.0,0.0,0.4311075442233389,0.0
376845,2025-10-03T15:00:00.000000000,0.35300000000000004,0.043,0.0,0.0,0.0,0.0
376845,2025-10-03T16:00:00.000000000,0.366,0.03,0.0,0.0,0.4311075442233389,0.0
376845,2025-10-03T17:00:00.000000000,0.448,0.024,0.0,0.0,0.9987862071469333,0.0
376845,2025-10-03T18:00:00.000000000,0.477,0.008,0.0,0.0,0.4800504129421,0.0
376845,2025-10-03T19:00:00.000000000,0.5780000000000001,0.05,0.0,0.0,0.4829811236438222,0.0
376845,2025-10-03T20:00:00.000000000,0.698,0.079,0.0,0.0,0.9422234906036944,0.0
376845,2025-10-03T21:00:00.000000000,0.5850000000000001,0.099,0.0,0.0,1.4890941075450612,0.0
376845,2025-10-03T22:00:00.000000000,0.5820000000000001,0.14200000000000002,0.0,0.0,1.749048146787822,0.0
376845,2025-10-03T23:00:00.000000000,0.474,0.126,0.0,0.0,0.4311075442233389,0.0
376845,2025-10-04T00:00:00.000000000,0.516,0.16799999999999998,0.0,0.0,0.0,0.0
376845,2025-10-04T01:00:00.000000000,0.505,0.17200000000000001,0.0,0.0,0.0,0.0
376845,2025-10-04T02:00:00.000000000,0.51,0.186,0.0,0.0,0.4311075442233389,0.0
376845,2025-10-04T03:00:00.000000000,0.538,0.212,0.0,0.0,0.0,0.0
376845,2025-10-04T04:00:00.000000000,0.5890000000000001,0.264,0.0,0.0,0.4311075442233389,0.0
376845,2025-10-04T05:00:00.000000000,0.6659999999999999,0.322,0.0,0.0,0.0,0.0
376845,2025-10-04T06:00:00.000000000,0.7709999999999999,0.369,0.0,0.0,0.4311075442233389,0.0
376845,2025-10-04T07:00:00.000000000,0.825,0.40700000000000003,0.0,0.0,0.9193639471302611,0.0
376845,2025-10-04T08:00:00.000000000,0.72,0.374,0.0,0.0,0.0,0.0
376845,2025-10-04T09:00:00.000000000,0.641,0.301,0.0,0.0,0.953360191270239,0.0
376845,2025-10-04T10:00:00.000000000,0.543,0.214,0.0,0.0,0.4867910475560611,0.0
376845,2025-10-04T11:00:00.000000000,0.525,0.2,0.0,0.0,0.9425165616738667,0.0
376845,2025-10-04T12:00:00.000000000,0.49,0.16599999999999998,0.0,0.0,0.0,0.0
376845,2025-10-04T13:00:00.000000000,0.523,0.196,0.0,0.0,0.4311075442233389,0.0
376845,2025-10-04T14:00:00.000000000,0.538,0.20800000000000002,0.0,0.0,0.0,0.0
376845,2025-10-04T15:00:00.000000000,0.518,0.192,0.0,0.0,0.0,0.0
376845,2025-10-04T16:00:00.000000000,0.5950000000000001,0.235,0.0,0.0,0.4311075442233389,0.0
376845,2025-10-04T17:00:00.000000000,0.681,0.23399999999999999,0.0,0.0,0.0,0.0
376845,2025-10-04T18:00:00.000000000,1.2149999999999999,0.145,0.0,0.0,0.0,0.0
376845,2025-10-04T19:00:00.000000000,1.133,0.251,0.0,0.0,1.3205782421960335,0.0
376845,2025-10-04T20:00:00.000000000,1.353,0.463,0.0,0.0,2.9324691281432558,0.0
376845,2025-10-04T21:00:00.000000000,0.982,0.319,0.0,0.0,0.9706513844104001,0.0
376845,2025-10-04T22:00:00.000000000,0.9139999999999999,0.368,0.0,0.0,0.8792132105166667,0.0
376845,2025-10-04T23:00:00.000000000,0.844,0.459,0.0,0.0,0.3338079489261611,0.0
376845,2025-10-05T00:00:00.000000000,0.978,0.5820000000000001,0.0,0.0,0.10990165131458333,0.0
376845,2025-10-05T01:00:00.000000000,0.986,0.603,0.0,0.0,0.0,0.0
376845,2025-10-05T02:00:00.000000000,1.04,0.659,0.0,0.0,0.4311075442233389,0.0
376845,2025-10-05T03:00:00.000000000,1.158,0.76,0.0,0.0,0.0,0.0
376845,2025-10-05T04:00:00.000000000,1.2149999999999999,0.813,0.0,0.0,0.0,0.0
376845,2025-10-05T05:00:00.000000000,1.375,0.95,0.0,0.0,0.4311075442233389,0.0
376845,2025-10-05T06:00:00.000000000,1.44,0.939,0.0,0.0,0.4542601587669445,0.0
376845,2025-10-05T07:00:00.000000000,1.4140000000000001,0.9119999999999999,0.0,0.0,0.9984931360767612,0.0
376845,2025-10-05T08:00:00.000000000,1.125,0.652,0.0,0.0,0.8841954187095945,0.0
376845,2025-10-05T09:00:00.000000000,0.8919999999999999,0.508,0.0,0.0,1.0236972481115723,0.0
376845,2025-10-05T10:00:00.000000000,0.864,0.427,0.0,0.0,0.964203820866611,0.0
376845,2025-10-05T11:00:00.000000000,0.896,0.475,0.0,0.0,1.4378066702649221,0.0
376845,2025-10-05T12:00:00.000000000,0.88,0.517,0.0,0.0,0.4311075442233389,0.0
376845,2025-10-05T13:00:00.000000000,0.9279999999999999,0.5569999999999999,0.0,0.0,1.0532974261989665,0.0
376845,2025-10-05T14:00:00.000000000,0.879,0.513,0.0,0.0,0.46686221478434997,0.0
376845,2025-10-05T15:00:00.000000000,0.867,0.505,0.0,0.0,0.0,0.0
376845,2025-10-05T16:00:00.000000000,0.942,0.548,0.0,0.0,0.4311075442233389,0.0
376845,2025-10-05T17:00:00.000000000,1.025,0.599,0.0,0.0,0.0,0.0
376845,2025-10-05T18:00:00.000000000,1.074,0.545,0.0,0.0,0.4311075442233389,0.0
376845,2025-10-05T19:00:00.000000000,1.2140000000000002,0.5830000000000001,0.0,0.0,0.0,0.0
376845,2025-10-05T20:00:00.000000000,1.801,0.631,0.0,0.0,0.9108648860952666,0.0
376845,2025-10-05T21:00:00.000000000,1.331,0.659,0.0,0.0,0.0,0.0
376845,2025-10-05T22:00:00.000000000,1.234,0.742,0.0,0.0,0.9334313584985278,0.0
376845,2025-10-05T23:00:00.000000000,1.153,0.7489999999999999,0.0,0.0,0.4311075442233389,0.0
376845,2025-10-06T00:00:00.000000000,1.43,0.971,0.0,0.0,0.0,0.0
376845,2025-10-06T01:00:00.000000000,1.3760000000000001,0.939,0.0,0.0,0.10814322489355,0.0
376845,2025-10-06T02:00:00.000000000,1.3639999999999999,0.9359999999999999,0.0,0.0,0.33585944641736665,0.0
376845,2025-10-06T03:00:00.000000000,1.484,1.0430000000000001,0.0,0.0,0.4311075442233389,0.0
376845,2025-10-06T04:00:00.000000000,1.6010000000000002,1.149,0.0,0.0,0.0,0.0
376845,2025-10-06T05:00:00.000000000,1.641,1.174,0.0,0.0,0.030186320227738886,0.0
376845,2025-10-06T06:00:00.000000000,1.694,1.1829999999999998,0.0,0.0,0.5659202365025612,0.0
376845,2025-10-06T07:00:00.000000000,1.73,1.1849999999999998,0.0,0.0,0.038978452332905554,0.0
376845,2025-10-06T08:00:00.000000000,1.6749999999999998,1.13,0.0,0.0,0.00791291889465,0.0
376845,2025-10-06T09:00:00.000000000,1.5259999999999998,0.982,0.0,0.0,0.4311075442233389,0.0
376845,2025-10-06T10:00:00.000000000,1.433,0.849,0.0,0.0,1.4885079654047166,0.0
376845,2025-10-06T11:00:00.000000000,1.1469999999999998,0.619,0.0,0.0,2.190999320607533,0.0
376845,2025-10-06T12:00:00.000000000,1.021,0.562,0.0,0.0,0.4445888134512611,0.0
376845,2025-10-06T13:00:00.000000000,0.977,0.522,0.0,0.0,0.9360689981300778,0.0
376845,2025-10-06T14:00:00.000000000,0.806,0.45099999999999996,0.0,0.0,0.0,0.0
376845,2025-10-06T15:00:00.000000000,0.76,0.411,0.0,0.0,0.4483987373635,0.0
376845,2025-10-06T16:00:00.000000000,0.967,0.431,0.0,0.0,1.0037684153398612,0.0
376845,2025-10-06T17:00:00.000000000,0.969,0.363,0.0,0.0,0.4483987373635,0.0
376845,2025-10-06T18:00:00.000000000,1.086,0.425,0.0,0.0,0.4308144731531667,0.0
376845,2025-10-06T19:00:00.000000000,1.213,0.62,0.0,0.0,0.0,0.0
376845,2025-10-06T20:00:00.000000000,1.417,0.6819999999999999,0.0,0.0,0.4873771896964056,0.0
376845,2025-10-06T21:00:00.000000000,1.524,0.796,0.0,0.0,0.4311075442233389,0.0
376845,2025-10-06T22:00:00.000000000,1.472,0.894,0.0,0.0,0.0,0.0
376845,2025-10-06T23:00:00.000000000,1.5470000000000002,1.041,0.0,0.0,0.46686221478434997,0.0
376845,2025-10-07T00:00:00.000000000,1.6340000000000001,1.1389999999999998,0.0,0.0,0.45748394053883884,0.0
376845,2025-10-07T01:00:00.000000000,1.586,1.12,0.0,0.0,0.47418899153865557,0.0
376845,2025-10-07T02:00:00.000000000,1.6030000000000002,1.139,0.0,0.0,0.5310447791520667,0.0
376845,2025-10-07T03:00:00.000000000,1.601,1.14,0.0,0.0,0.4126440668024889,0.0
376845,2025-10-07T04:00:00.000000000,1.604,1.1429999999999998,0.0,0.0,0.3950598025921555,0.0
376845,2025-10-07T05:00:00.000000000,1.6230000000000002,1.1569999999999998,0.0,0.0,0.8337871946399723,0.0
376845,2025-10-07T06:00:00.000000000,1.6709999999999998,1.16,0.0,0.0,1.0591588476024112,0.0
376845,2025-10-07T07:00:00.000000000,1.633,1.152,0.0,0.0,1.497886239650228,0.0
376845,2025-10-07T08:00:00.000000000,1.56,1.104,0.0,0.0,0.05509736119237778,0.0
376845,2025-10-07T09:00:00.000000000,1.2280000000000002,0.8200000000000001,0.0,0.0,0.0,0.0
376845,2025-10-07T10:00:00.000000000,0.948,0.499,0.0,0.0,0.46715528585452226,0.0
376845,2025-10-07T11:00:00.000000000,0.7709999999999999,0.343,0.0,0.0,0.4311075442233389,0.0
376845,2025-10-07T12:00:00.000000000,1.135,0.21,0.0,0.0,0.0,0.0
376845,2025-10-07T13:00:00.000000000,0.72,0.21299999999999997,0.0,0.0,0.0,0.0
376845,2025-10-07T14:00:00.000000000,0.633,0.137,0.0,0.0,0.4311075442233389,0.0
376845,2025-10-07T15:00:00.000000000,0.615,0.114,0.0,0.0,0.4483987373635,0.0
376845,2025-10-07T16:00:00.000000000,0.7069999999999999,0.155,0.0,0.0,0.0,0.0
376845,2025-10-07T17:00:00.000000000,1.525,0.068,0.0,0.0,0.9076411043233722,0.0
376845,2025-10-07T18:00:00.000000000,0.8009999999999999,0.16799999999999998,0.0,0.0,0.0,0.0
376845,2025-10-07T19:00:00.000000000,0.863,0.19899999999999998,0.0,0.0,0.4483987373635,0.0
376845,2025-10-07T20:00:00.000000000,0.873,0.31100000000000005,0.0,0.0,0.4483987373635,0.0
376845,2025-10-07T21:00:00.000000000,1.0270000000000001,0.36,0.0,0.0,0.4829811236438222,0.0
376845,2025-10-07T22:00:00.000000000,0.848,0.382,0.0,0.0,0.4311075442233389,0.0
376845,2025-10-07T23:00:00.000000000,0.8320000000000001,0.431,0.0,0.0,1.4694583458435222,0.0
376845,2025-10-08T00:00:00.000000000,0.882,0.497,0.0,0.0,0.0,0.0
376845,2025-10-08T01:00:00.000000000,0.851,0.485,0.0,0.0,0.4483987373635,0.0
376845,2025-10-08T02:00:00.000000000,0.883,0.522,0.0,0.0,0.0,0.0
376845,2025-10-08T03:00:00.000000000,0.896,0.535,0.0,0.0,0.4311075442233389,0.0
376845,2025-10-08T04:00:00.000000000,0.903,0.543,0.0,0.0,0.0,0.0
376845,2025-10-08T05:00:00.000000000,0.908,0.535,0.0,0.0,0.9316729320774944,0.0
376845,2025-10-08T06:00:00.000000000,0.908,0.504,0.0,0.0,0.4422442448898833,0.0
376845,2025-10-08T07:00:00.000000000,0.942,0.504,0.0,0.0,0.0,0.0
376845,2025-10-08T08:00:00.000000000,0.922,0.477,0.0,0.0,0.4311075442233389,0.0
376845,2025-10-08T09:00:00.000000000,0.8400000000000001,0.402,0.0,0.0,0.9715305976209166,0.0
376845,2025-10-08T10:00:00.000000000,0.736,0.308,0.0,0.0,0.4809296261526167,0.0
376845,2025-10-08T11:00:00.000000000,0.6900000000000001,0.327,0.0,0.0,0.9474987698667945,0.0
376845,2025-10-08T12:00:00.000000000,0.652,0.313,0.0,0.0,1.65907532824495,0.0
376845,2025-10-08T13:00:00.000000000,0.579,0.245,0.0,0.0,0.4483987373635,0.0
376845,2025-10-08T14:00:00.000000000,0.521,0.193,0.0,0.0,0.0,0.0
376845,2025-10-08T15:00:00.000000000,0.426,0.08800000000000001,0.0,0.0,0.4311075442233389,0.0
376845,2025-10-08T16:00:00.000000000,1.3240000000000003,0.01,0.0,0.0,0.0,0.0
376845,2025-10-08T17:00:00.000000000,0.546,0.033,0.0,0.0,0.48239498150347776,0.0
376845,2025-10-08T18:00:00.000000000,0.507,0.034,0.0,0.0,0.9305006477968056,0.0
376845,2025-10-08T19:00:00.000000000,1.298,0.01,0.0,0.0,0.0,0.0
376845,2025-10-08T20:00:00.000000000,1.331,0.005,0.0,0.0,0.4311075442233389,0.0
376845,2025-10-08T21:00:00.000000000,0.666,0.033,0.0,0.0,0.4311075442233389,0.0
376845,2025-10-08T22:00:00.000000000,0.492,0.069,0.0,0.0,0.0,0.0
376845,2025-10-08T23:00:00.000000000,0.396,0.076,0.0,0.0,0.4311075442233389,0.0
376845,2025-10-09T00:00:00.000000000,0.46699999999999997,0.124,0.0,0.0,0.9741682372524667,0.0
376845,2025-10-09T01:00:00.000000000,0.44599999999999995,0.12,0.0,0.0,0.4882564029069222,0.0
376845,2025-10-09T02:00:00.000000000,0.449,0.132,0.0,0.0,0.0,0.0
376845,2025-10-09T03:00:00.000000000,0.47,0.152,0.0,0.0,0.4311075442233389,0.0
376845,2025-10-09T04:00:00.000000000,0.53,0.20699999999999996,0.0,0.0,0.0,0.0
376845,2025-10-09T05:00:00.000000000,0.7070000000000001,0.362,0.0,0.0,0.0,0.0
376845,2025-10-09T06:00:00.000000000,1.303,0.567,0.0,0.0,3.279758346297339,0.0
376845,2025-10-09T07:00:00.000000000,1.5890000000000002,0.41899999999999993,0.0,0.0,2.716182678356155,0.0
376845,2025-10-09T08:00:00.000000000,0.764,0.27799999999999997,0.0,0.0,0.9354828559897335,0.0
376845,2025-10-09T09:00:00.000000000,0.536,0.126,0.0,0.0,0.47917119973158334,0.0
376845,2025-10-09T10:00:00.000000000,0.488,0.088,0.0,0.0,0.9586354705333389,0.0
376845,2025-10-09T11:00:00.000000000,0.44999999999999996,0.053000000000000005,0.0,0.0,1.1218760566192667,0.0
376845,2025-10-09T12:00:00.000000000,0.383,0.048999999999999995,0.0,0.0,0.0,0.0
376845,2025-10-09T13:00:00.000000000,0.40199999999999997,0.086,0.0,0.0,0.4311075442233389,0.0
376845,2025-10-09T14:00:00.000000000,0.47,0.148,0.0,0.0,1.442495807387678,0.0
376845,2025-10-09T15:00:00.000000000,0.444,0.125,0.0,0.0,0.9366551402704222,0.0
376845,2025-10-09T16:00:00.000000000,0.506,0.156,0.0,0.0,0.9665483894279889,0.0
376845,2025-10-09T17:00:00.000000000,0.504,0.10400000000000001,0.0,0.0,0.0,0.0
376845,2025-10-09T18:00:00.000000000,0.5720000000000001,0.095,0.0,0.0,0.0,0.0
376845,2025-10-09T19:00:00.000000000,0.9690000000000001,0.041999999999999996,0.0,0.0,0.43110754422333886,0.0
376845,2025-10-09T20:00:00.000000000,0.581,0.08399999999999999,0.0,0.0,0.0,0.0
376845,2025-10-09T21:00:00.000000000,0.7030000000000001,0.104,0.0,0.0,1.6321127897891057,0.0
376845,2025-10-09T22:00:00.000000000,0.511,0.08600000000000001,0.0,0.0,0.0,0.0
376845,2025-10-09T23:00:00.000000000,0.385,0.066,0.0,0.0,0.43110754422333886,0.0
376845,2025-10-10T00:00:00.000000000,0.421,0.083,0.0,0.0,0.4311075442233389,0.0
376845,2025-10-10T01:00:00.000000000,0.378,0.056999999999999995,0.0,0.0,0.0,0.0
376845,2025-10-10T02:00:00.000000000,0.367,0.057999999999999996,0.0,0.0,0.9369482113405944,0.0
376845,2025-10-10T03:00:00.000000000,0.368,0.06,0.0,0.0,0.0,0.0
376845,2025-10-10T04:00:00.000000000,0.376,0.069,0.0,0.0,0.0,0.0
376845,2025-10-10T05:00:00.000000000,0.365,0.061,0.0,0.0,0.4311075442233389,0.0
376845,2025-10-10T06:00:00.000000000,0.39799999999999996,0.036000000000000004,0.0,0.0,0.6040194756249501,0.0
376845,2025-10-10T07:00:00.000000000,0.473,0.05,0.0,0.0,0.7643293510091556,0.0
376845,2025-10-10T08:00:00.000000000,0.43899999999999995,0.101,0.0,0.0,0.4829811236438222,0.0
376845,2025-10-10T09:00:00.000000000,0.392,0.077,0.0,0.0,0.0,0.0
376845,2025-10-10T10:00:00.000000000,0.407,0.092,0.0,0.0,0.4311075442233389,0.0
376845,2025-10-10T11:00:00.000000000,0.498,0.175,0.0,0.0,0.4885494739770945,0.0
376845,2025-10-10T12:00:00.000000000,0.5790000000000001,0.186,0.0,0.0,0.4311075442233389,0.0
376845,2025-10-10T13:00:00.000000000,0.5680000000000001,0.235,0.0,0.0,0.47917119973158334,0.0
376845,2025-10-10T14:00:00.000000000,0.628,0.28800000000000003,0.0,0.0,0.43110754422333886,0.0
376845,2025-10-10T15:00:00.000000000,0.652,0.312,0.0,0.0,0.0,0.0
376845,2025-10-10T16:00:00.000000000,1.236,0.32699999999999996,0.0,0.0,0.9618592523052333,0.0
376845,2025-10-10T17:00:00.000000000,0.8640000000000001,0.37500000000000006,0.0,0.0,0.0,0.0
376845,2025-10-10T18:00:00.000000000,0.866,0.254,0.0,0.0,0.4311075442233389,0.0
376845,2025-10-10T19:00:00.000000000,0.888,0.219,0.0,0.0,0.0,0.0
376845,2025-10-10T20:00:00.000000000,0.877,0.203,0.0,0.0,0.0,0.0
376845,2025-10-10T21:00:00.000000000,0.8240000000000001,0.174,0.0,0.0,0.9712375265507445,0.0
376845,2025-10-10T22:00:00.000000000,0.682,0.197,0.0,0.0,0.9524809780597222,0.0
376845,2025-10-10T23:00:00.000000000,0.603,0.241,0.0,0.0,1.6370949979820333,0.0
376845,2025-10-11T00:00:00.000000000,0.7249999999999999,0.358,0.0,0.0,0.4486918084336722,0.0
376845,2025-10-11T01:00:00.000000000,0.776,0.41900000000000004,0.0,0.0,0.4311075442233389,0.0
376845,2025-10-11T02:00:00.000000000,0.766,0.417,0.0,0.0,0.11429771736716667,0.0
376845,2025-10-11T03:00:00.000000000,0.7529999999999999,0.408,0.0,0.0,0.32560195896133887,0.0
376845,2025-10-11T04:00:00.000000000,0.818,0.46799999999999997,0.0,0.0,0.0,0.0
376845,2025-10-11T05:00:00.000000000,0.866,0.51,0.0,0.0,0.4311075442233389,0.0
376845,2025-10-11T06:00:00.000000000,0.911,0.511,0.0,0.0,1.0008377046381387,0.0
376845,2025-10-11T07:00:00.000000000,0.96,0.519,0.0,0.0,0.4686206412053833,0.0
376845,2025-10-11T08:00:00.000000000,0.879,0.514,0.0,0.0,0.0,0.0
376845,2025-10-11T09:00:00.000000000,0.6980000000000001,0.35400000000000004,0.0,0.0,0.4311075442233389,0.0
376845,2025-10-11T10:00:00.000000000,0.54,0.21099999999999997,0.0,0.0,0.4486918084336722,0.0
376845,2025-10-11T11:00:00.000000000,0.43299999999999994,0.11699999999999999,0.0,0.0,0.9847187957786666,0.0
376845,2025-10-11T12:00:00.000000000,0.343,0.032999999999999995,0.0,0.0,0.4677414279948667,0.0
376845,2025-10-11T13:00:00.000000000,0.311,0.003,0.0,0.0,0.0,0.0
376845,2025-10-11T14:00:00.000000000,0.308,0.0,0.0,0.0,0.4311075442233389,0.0
376845,2025-10-11T15:00:00.000000000,0.305,0.0,0.0,0.0,0.0,0.0
376845,2025-10-11T16:00:00.000000000,0.331,0.0,0.0,0.0,0.0,0.0
376845,2025-10-11T17:00:00.000000000,0.325,0.0,0.0,0.0,0.4311075442233389,0.0
376845,2025-10-11T18:00:00.000000000,0.6040000000000001,0.0,0.0,0.0,0.0,0.0
376845,2025-10-11T19:00:00.000000000,1.1560000000000001,0.0,0.0,0.0,0.4311075442233389,0.0
376845,2025-10-11T20:00:00.000000000,0.5790000000000001,0.08199999999999999,0.0,0.0,0.0,0.0
376845,2025-10-11T21:00:00.000000000,0.7169999999999999,0.11499999999999999,0.0,0.0,0.0,0.0
376845,2025-10-11T22:00:00.000000000,0.7030000000000001,0.15400000000000003,0.0,0.0,0.4311075442233389,0.0
376845,2025-10-11T23:00:00.000000000,0.589,0.188,0.0,0.0,1.531296341649861,0.0
376845,2025-10-12T00:00:00.000000000,0.5770000000000001,0.221,0.0,0.0,0.4486918084336722,0.0
376845,2025-10-12T01:00:00.000000000,0.5630000000000001,0.22499999999999998,0.0,0.0,0.4680344990650389,0.0
376845,2025-10-12T02:00:00.000000000,0.615,0.28300000000000003,0.0,0.0,0.0,0.0
376845,2025-10-12T03:00:00.000000000,0.668,0.33399999999999996,0.0,0.0,0.4311075442233389,0.0
376845,2025-10-12T04:00:00.000000000,1.493,0.28500000000000003,0.0,0.0,0.4853256922052,0.0
376845,2025-10-12T05:00:00.000000000,0.692,0.357,0.0,0.0,0.0,0.0
376845,2025-10-12T06:00:00.000000000,0.726,0.373,0.0,0.0,0.4311075442233389,0.0
376845,2025-10-12T07:00:00.000000000,0.842,0.428,0.0,0.0,0.9647899630069555,0.0
376845,2025-10-12T08:00:00.000000000,0.8159999999999998,0.43899999999999995,0.0,0.0,1.5175220013517667,0.0
376845,2025-10-12T09:00:00.000000000,0.585,0.252,0.0,0.0,0.0,0.0
376845,2025-10-12T10:00:00.000000000,0.43700000000000006,0.12,0.0,0.0,0.4486918084336722,0.0
376845,2025-10-12T11:00:00.000000000,0.36400000000000005,0.056,0.0,0.0,0.4680344990650389,0.0
376845,2025-10-12T12:00:00.000000000,0.324,0.016,0.0,0.0,0.43726203669695557,0.0
376845,2025-10-12T13:00:00.000000000,0.308,0.0,0.0,0.0,0.0,0.0
376845,2025-10-12T14:00:00.000000000,0.308,0.0,0.0,0.0,0.4311075442233389,0.0
376845,2025-10-12T15:00:00.000000000,0.305,0.0,0.0,0.0,0.0,0.0
376845,2025-10-12T16:00:00.000000000,0.331,0.0,0.0,0.0,0.0,0.0
376845,2025-10-12T17:00:00.000000000,0.325,0.0,0.0,0.0,0.4308144731531667,0.0
376845,2025-10-12T18:00:00.000000000,0.469,0.0,0.0,0.0,0.0,0.0
376845,2025-10-12T19:00:00.000000000,1.0190000000000001,0.096,0.0,0.0,2.107180994538278,0.0
376845,2025-10-12T20:00:00.000000000,0.659,0.12,0.0,0.0,0.4381412499074723,0.0
376845,2025-10-12T21:00:00.000000000,0.7590000000000001,0.189,0.0,0.0,0.48561876327537223,0.0
376845,2025-10-12T22:00:00.000000000,0.631,0.186,0.0,0.0,0.9867702932698723,0.0
376845,2025-10-12T23:00:00.000000000,0.684,0.28800000000000003,0.0,0.0,0.9351897849195612,0.0
376845,2025-10-13T00:00:00.000000000,0.683,0.298,0.0,0.0,0.0,0.0
376845,2025-10-13T01:00:00.000000000,0.553,0.21500000000000002,0.0,0.0,0.4311075442233389,0.0
376845,2025-10-13T02:00:00.000000000,0.54,0.213,0.0,0.0,0.0,0.0
376845,2025-10-13T03:00:00.000000000,0.618,0.28800000000000003,0.0,0.0,0.4677414279948667,0.0
376845,2025-10-13T04:00:00.000000000,0.667,0.333,0.0,0.0,0.4311075442233389,0.0
376845,2025-10-13T05:00:00.000000000,0.673,0.34,0.0,0.0,0.0,0.0
376845,2025-10-13T06:00:00.000000000,0.675,0.34,0.0,0.0,0.4311075442233389,0.0
376845,2025-10-13T07:00:00.000000000,0.732,0.33,0.0,0.0,0.0,0.0
376845,2025-10-13T08:00:00.000000000,0.756,0.328,0.0,0.0,0.0,0.0
376845,2025-10-13T09:00:00.000000000,0.738,0.312,0.0,0.0,0.4311075442233389,0.0
376845,2025-10-13T10:00:00.000000000,0.673,0.253,0.0,0.0,0.0,0.0
376845,2025-10-13T11:00:00.000000000,0.679,0.259,0.0,0.0,0.4680344990650389,0.0
376845,2025-10-13T12:00:00.000000000,0.7110000000000001,0.22299999999999998,0.0,0.0,0.9688929579893666,0.0
376845,2025-10-13T13:00:00.000000000,0.687,0.181,0.0,0.0,0.0,0.0
376845,2025-10-13T14:00:00.000000000,0.673,0.17300000000000001,0.0,0.0,0.9436888459545556,0.0
376845,2025-10-13T15:00:00.000000000,0.6819999999999999,0.175,0.0,0.0,0.9592216126736833,0.0
376845,2025-10-13T16:00:00.000000000,0.8119999999999999,0.248,0.0,0.0,1.0755708275320555,0.0
376845,2025-10-13T17:00:00.000000000,0.7470000000000001,0.246,0.0,0.0,0.0,0.0
376845,2025-10-13T18:00:00.000000000,0.83,0.29200000000000004,0.0,0.0,0.4311075442233389,0.0
376845,2025-10-13T19:00:00.000000000,1.4129999999999998,0.30100000000000005,0.0,0.0,0.5119951595908723,0.0
376845,2025-10-13T20:00:00.000000000,1.02,0.33599999999999997,0.0,0.0,1.0040614864100335,0.0
376845,2025-10-13T21:00:00.000000000,1.0230000000000001,0.356,0.0,0.0,0.06213106687651111,0.0
376845,2025-10-13T22:00:00.000000000,0.994,0.418,0.0,0.0,0.4311075442233389,0.0
376845,2025-10-13T23:00:00.000000000,0.9329999999999999,0.479,0.0,0.0,1.4641830665804223,0.0
376845,2025-10-14T00:00:00.000000000,0.974,0.553,0.0,0.0,0.9606869680245445,0.0
376845,2025-10-14T01:00:00.000000000,0.941,0.5630000000000001,0.0,0.0,0.0,0.0
376845,2025-10-14T02:00:00.000000000,1.233,0.819,0.0,0.0,0.4311075442233389,0.0
376845,2025-10-14T03:00:00.000000000,1.019,0.64,0.0,0.0,0.0,0.0
376845,2025-10-14T04:00:00.000000000,0.886,0.527,0.0,0.0,0.4311075442233389,0.0
376845,2025-10-14T05:00:00.000000000,0.871,0.514,0.0,0.0,0.0,0.0
376845,2025-10-14T06:00:00.000000000,0.855,0.499,0.0,0.0,0.0,0.0
376845,2025-10-14T07:00:00.000000000,0.896,0.513,0.0,0.0,0.4311075442233389,0.0
376845,2025-10-14T08:00:00.000000000,0.963,0.531,0.0,0.0,0.9618592523052333,0.0
376845,2025-10-14T09:00:00.000000000,1.009,0.551,0.0,0.0,0.9583423994631667,0.0
376845,2025-10-14T10:00:00.000000000,0.984,0.45599999999999996,0.0,0.0,1.0081644813924444,0.0
376845,2025-10-14T11:00:00.000000000,0.9359999999999999,0.414,0.0,0.0,0.9498433384281723,0.0
376845,2025-10-14T12:00:00.000000000,0.863,0.423,0.0,0.0,1.0307309537957055,0.0
376845,2025-10-14T13:00:00.000000000,0.84,0.339,0.0,0.0,0.4311075442233389,0.0
376845,2025-10-14T14:00:00.000000000,0.7850000000000001,0.293,0.0,0.0,0.0,0.0
376845,2025-10-14T15:00:00.000000000,0.7229999999999999,0.292,0.0,0.0,0.44898487950384447,0.0
376845,2025-10-14T16:00:00.000000000,0.854,0.30700000000000005,0.0,0.0,0.0,0.0
376845,2025-10-14T17:00:00.000000000,0.897,0.293,0.0,0.0,0.0,0.0
376845,2025-10-14T18:00:00.000000000,0.9490000000000001,0.30000000000000004,0.0,0.0,0.4311075442233389,0.0
376845,2025-10-14T19:00:00.000000000,1.078,0.393,0.0,0.0,0.8994351143585501,0.0
376845,2025-10-14T20:00:00.000000000,1.058,0.369,0.0,0.0,0.46832757013521115,0.0
376845,2025-10-14T21:00:00.000000000,1.046,0.377,0.0,0.0,1.0371785173394945,0.0
376845,2025-10-14T22:00:00.000000000,0.938,0.43,0.0,0.0,1.0137328317257166,0.0
376845,2025-10-14T23:00:00.000000000,0.877,0.46,0.0,0.0,0.4586562248195278,0.0
376845,2025-10-15T00:00:00.000000000,1.349,0.492,0.0,0.0,0.4445888134512611,0.0
376845,2025-10-15T01:00:00.000000000,0.8859999999999999,0.504,0.0,0.0,0.0,0.0
376845,2025-10-15T02:00:00.000000000,0.907,0.539,0.0,0.0,0.4311075442233389,0.0
376845,2025-10-15T03:00:00.000000000,0.9279999999999999,0.562,0.0,0.0,0.5386646269765445,0.0
376845,2025-10-15T04:00:00.000000000,0.9359999999999999,0.571,0.0,0.0,0.4311075442233389,0.0
376845,2025-10-15T05:00:00.000000000,0.933,0.569,0.0,0.0,0.0,0.0
376845,2025-10-15T06:00:00.000000000,1.009,0.559,0.0,0.0,0.92053623141095,0.0
376845,2025-10-15T07:00:00.000000000,1.017,0.539,0.0,0.0,0.48239498150347776,0.0
376845,2025-10-15T08:00:00.000000000,0.909,0.542,0.0,0.0,0.4768266311702056,0.0
376845,2025-10-15T09:00:00.000000000,0.9329999999999999,0.505,0.0,0.0,0.4809296261526167,0.0
376845,2025-10-15T10:00:00.000000000,0.944,0.496,0.0,0.0,1.045677578374489,0.0
376845,2025-10-15T11:00:00.000000000,1.088,0.494,0.0,0.0,1.433703675282511,0.0
376845,2025-10-15T12:00:00.000000000,0.847,0.488,0.0,0.0,0.0,0.0
376845,2025-10-15T13:00:00.000000000,0.938,0.5660000000000001,0.0,0.0,0.44898487950384447,0.0
376845,2025-10-15T14:00:00.000000000,0.998,0.619,0.0,0.0,0.0,0.0
376845,2025-10-15T15:00:00.000000000,0.9430000000000001,0.533,0.0,0.0,0.4645176462229722,0.0
376845,2025-10-15T16:00:00.000000000,1.9180000000000001,0.544,0.0,0.0,0.0,0.0
376845,2025-10-15T17:00:00.000000000,0.991,0.49,0.0,0.0,0.4311075442233389,0.0
376845,2025-10-15T18:00:00.000000000,0.998,0.476,0.0,0.0,0.0,0.0
376845,2025-10-15T19:00:00.000000000,1.0510000000000002,0.511,0.0,0.0,0.4311075442233389,0.0
376845,2025-10-15T20:00:00.000000000,1.281,0.599,0.0,0.0,0.9313798610073223,0.0
376845,2025-10-15T21:00:00.000000000,1.325,0.622,0.0,0.0,0.5386646269765445,0.0
376845,2025-10-15T22:00:00.000000000,1.171,0.654,0.0,0.0,1.1420979604611499,0.0
376845,2025-10-15T23:00:00.000000000,1.064,0.673,0.0,0.0,0.49001482932795554,0.0
376845,2025-10-16T00:00:00.000000000,1.254,0.82,0.0,0.0,0.9700652422700555,0.0
376845,2025-10-16T01:00:00.000000000,1.435,0.99,0.0,0.0,0.0,0.0
376845,2025-10-16T02:00:00.000000000,1.432,0.995,0.0,0.0,0.44898487950384447,0.0
376845,2025-10-16T03:00:00.000000000,1.436,1.0,0.0,0.0,0.0,0.0
376845,2025-10-16T04:00:00.000000000,1.467,1.0270000000000001,0.0,0.0,0.4311075442233389,0.0
376845,2025-10-16T05:00:00.000000000,1.537,1.09,0.0,0.0,0.0,0.0
376845,2025-10-16T06:00:00.000000000,1.6030000000000002,1.143,0.0,0.0,0.44370960024074446,0.0
376845,2025-10-16T07:00:00.000000000,1.6520000000000001,1.145,0.0,0.0,0.054218147981861115,0.0
376845,2025-10-16T08:00:00.000000000,1.5410000000000001,1.0859999999999999,0.0,0.0,0.0,0.0
376845,2025-10-16T09:00:00.000000000,1.332,0.9079999999999999,0.0,0.0,0.4311075442233389,0.0
376845,2025-10-16T10:00:00.000000000,1.0830000000000002,0.6969999999999998,0.0,0.0,0.0,0.0
376845,2025-10-16T11:00:00.000000000,1.1380000000000001,0.688,0.0,0.0,0.44898487950384447,0.0
376845,2025-10-16T12:00:00.000000000,1.058,0.674,0.0,0.0,0.0,0.0
376845,2025-10-16T13:00:00.000000000,0.9039999999999999,0.536,0.0,0.0,0.4311075442233389,0.0
376845,2025-10-16T14:00:00.000000000,0.849,0.489,0.0,0.0,0.0,0.0
376845,2025-10-16T15:00:00.000000000,0.893,0.508,0.0,0.0,0.44898487950384447,0.0
376845,2025-10-16T16:00:00.000000000,0.974,0.486,0.0,0.0,0.0,0.0
376845,2025-10-16T17:00:00.000000000,0.945,0.44899999999999995,0.0,0.0,0.0,0.0
376845,2025-10-16T18:00:00.000000000,1.017,0.493,0.0,0.0,0.8748171444640833,0.0
376845,2025-10-16T19:00:00.000000000,1.11,0.596,0.0,0.0,0.4706721386965889,0.0
376845,2025-10-16T20:00:00.000000000,1.6400000000000001,0.6910000000000001,0.0,0.0,2.1511416550641114,0.0
376845,2025-10-16T21:00:00.000000000,1.508,0.78,0.0,0.0,2.86183900023175,0.0
376845,2025-10-16T22:00:00.000000000,1.454,0.878,0.0,0.0,1.030144811655361,0.0
376845,2025-10-16T23:00:00.000000000,1.4379999999999997,0.974,0.0,0.0,0.4311075442233389,0.0
376845,2025-10-17T00:00:00.000000000,1.609,1.124,0.0,0.0,0.5304586370117221,0.0
376845,2025-10-17T01:00:00.000000000,1.6190000000000002,1.144,0.0,0.0,0.08967974747270001,0.0
376845,2025-10-17T02:00:00.000000000,1.608,1.144,0.0,0.0,0.13129583943715556,0.0
376845,2025-10-17T03:00:00.000000000,1.612,1.148,0.0,0.0,0.5544904647658444,0.0
376845,2025-10-17T04:00:00.000000000,1.604,1.142,0.0,0.0,0.2722630241899945,0.0
376845,2025-10-17T05:00:00.000000000,1.6,1.14,0.0,0.0,0.7725353409739778,0.0
376845,2025-10-17T06:00:00.000000000,1.603,1.14,0.0,0.0,0.3622358427328667,0.0
376845,2025-10-17T07:00:00.000000000,1.6099999999999999,1.1429999999999998,0.0,0.0,0.3258950300315111,0.0
376845,2025-10-17T08:00:00.000000000,1.55,1.0939999999999999,0.0,0.0,0.4610007933809056,0.0
376845,2025-10-17T09:00:00.000000000,1.306,0.8859999999999999,0.0,0.0,0.0,0.0
376845,2025-10-17T10:00:00.000000000,0.996,0.6,0.0,0.0,0.4311075442233389,0.0
376845,2025-10-17T11:00:00.000000000,0.9049999999999999,0.482,0.0,0.0,0.0,0.0
376845,2025-10-17T12:00:00.000000000,0.796,0.42300000000000004,0.0,0.0,0.0,0.0
376845,2025-10-17T13:00:00.000000000,0.6940000000000001,0.328,0.0,0.0,0.4311075442233389,0.0
376845,2025-10-17T14:00:00.000000000,0.62,0.28200000000000003,0.0,0.0,0.0,0.0
376845,2025-10-17T15:00:00.000000000,0.582,0.249,0.0,0.0,1.5260210623867612,0.0
376845,2025-10-17T16:00:00.000000000,0.6060000000000001,0.247,0.0,0.0,0.0,0.0
376845,2025-10-17T17:00:00.000000000,0.592,0.241,0.0,0.0,0.44927795057401665,0.0
376845,2025-10-17T18:00:00.000000000,0.581,0.232,0.0,0.0,0.0,0.0
376845,2025-10-17T19:00:00.000000000,1.1560000000000001,0.318,0.0,0.0,2.214445006221311,0.0
376845,2025-10-17T20:00:00.000000000,1.72,0.3,0.0,0.0,2.5133774977969776,0.0
376845,2025-10-17T21:00:00.000000000,1.045,0.32,0.0,0.0,0.44810566629332776,0.0
376845,2025-10-17T22:00:00.000000000,0.9289999999999999,0.381,0.0,0.0,0.0,0.0
376845,2025-10-17T23:00:00.000000000,0.7310000000000001,0.359,0.0,0.0,0.8803854947973555,0.0
376845,2025-10-18T00:00:00.000000000,0.783,0.41,0.0,0.0,0.44898487950384447,0.0
376845,2025-10-18T01:00:00.000000000,0.7450000000000001,0.391,0.0,0.0,0.4311075442233389,0.0
376845,2025-10-18T02:00:00.000000000,0.635,0.298,0.0,0.0,0.0,0.0
376845,2025-10-18T03:00:00.000000000,0.62,0.287,0.0,0.0,0.43110754422333886,0.0
376845,2025-10-18T04:00:00.000000000,0.6719999999999999,0.335,0.0,0.0,0.0,0.0
376845,2025-10-18T05:00:00.000000000,0.7270000000000001,0.384,0.0,0.0,0.4311075442233389,0.0
376845,2025-10-18T06:00:00.000000000,0.7879999999999999,0.385,0.0,0.0,1.4656484219312833,0.0
376845,2025-10-18T07:00:00.000000000,0.7929999999999999,0.39,0.0,0.0,0.0,0.0
376845,2025-10-18T08:00:00.000000000,0.764,0.412,0.0,0.0,0.4311075442233389,0.0
376845,2025-10-18T09:00:00.000000000,0.77,0.418,0.0,0.0,0.0,0.0
376845,2025-10-18T10:00:00.000000000,0.818,0.463,0.0,0.0,0.46891371227555556,0.0
376845,2025-10-18T11:00:00.000000000,0.972,0.6010000000000001,0.0,0.0,1.4911456050362668,0.0
376845,2025-10-18T12:00:00.000000000,0.994,0.617,0.0,0.0,0.0,0.0
376845,2025-10-18T13:00:00.000000000,0.865,0.503,0.0,0.0,0.0,0.0
376845,2025-10-18T14:00:00.000000000,0.7100000000000001,0.36200000000000004,0.0,0.0,0.43110754422333897,0.0
376845,2025-10-18T15:00:00.000000000,0.605,0.269,0.0,0.0,0.0,0.0
376845,2025-10-18T16:00:00.000000000,0.63,0.269,0.0,0.0,0.0,0.0
376845,2025-10-18T17:00:00.000000000,0.646,0.179,0.0,0.0,0.4311075442233389,0.0
376845,2025-10-18T18:00:00.000000000,1.619,0.178,0.0,0.0,0.44605416880212223,0.0
376845,2025-10-18T19:00:00.000000000,1.19,0.28500000000000003,0.0,0.0,0.4311075442233389,0.0
376845,2025-10-18T20:00:00.000000000,0.9299999999999999,0.364,0.0,0.0,0.0,0.0
376845,2025-10-18T21:00:00.000000000,0.984,0.456,0.0,0.0,0.9375343534809389,0.0
376845,2025-10-18T22:00:00.000000000,1.041,0.613,0.0,0.0,0.9724098108314333,0.0
376845,2025-10-18T23:00:00.000000000,1.234,0.815,0.0,0.0,0.9217085156916389,0.0
376845,2025-10-19T00:00:00.000000000,1.4980000000000002,1.0270000000000001,0.0,0.0,1.0380577305500112,0.0
376845,2025-10-19T01:00:00.000000000,1.512,1.053,0.0,0.0,0.9222946578319833,0.0
376845,2025-10-19T02:00:00.000000000,1.5259999999999998,1.074,0.0,0.0,0.0,0.0
376845,2025-10-19T03:00:00.000000000,1.5420000000000003,1.088,0.0,0.0,0.0,0.0
376845,2025-10-19T04:00:00.000000000,1.491,1.045,0.0,0.0,0.4311075442233389,0.0
376845,2025-10-19T05:00:00.000000000,1.5060000000000002,1.053,0.0,0.0,0.0,0.0
376845,2025-10-19T06:00:00.000000000,1.5530000000000002,1.0590000000000002,0.0,0.0,0.4311075442233389,0.0
376845,2025-10-19T07:00:00.000000000,1.5699999999999998,1.045,0.0,0.0,0.9410512063230055,0.0
376845,2025-10-19T08:00:00.000000000,1.438,0.9219999999999999,0.0,0.0,1.3299565164415446,0.0
376845,2025-10-19T09:00:00.000000000,1.093,0.624,0.0,0.0,0.9146748100075055,0.0
376845,2025-10-19T10:00:00.000000000,0.869,0.45099999999999996,0.0,0.0,0.44927795057401665,0.0
376845,2025-10-19T11:00:00.000000000,0.673,0.333,0.0,0.0,0.9457403434457612,0.0
376845,2025-10-19T12:00:00.000000000,0.574,0.24,0.0,0.0,0.4311075442233389,0.0
376845,2025-10-19T13:00:00.000000000,0.508,0.18100000000000002,0.0,0.0,0.4311075442233389,0.0
376845,2025-10-19T14:00:00.000000000,0.46699999999999997,0.144,0.0,0.0,0.0,0.0
376845,2025-10-19T15:00:00.000000000,0.41400000000000003,0.098,0.0,0.0,0.4311075442233389,0.0
376845,2025-10-19T16:00:00.000000000,0.425,0.061,0.0,0.0,0.0,0.0
376845,2025-10-19T17:00:00.000000000,0.475,0.027,0.0,0.0,0.07473312289391666,0.0
376845,2025-10-19T18:00:00.000000000,1.135,0.019999999999999997,0.0,0.0,0.3563744213294222,0.0
376845,2025-10-19T19:00:00.000000000,1.3170000000000002,0.035,0.0,0.0,0.0,0.0
376845,2025-10-19T20:00:00.000000000,0.8109999999999999,0.14400000000000002,0.0,0.0,0.9466195566562778,0.0
376845,2025-10-19T21:00:00.000000000,0.86,0.20800000000000002,0.0,0.0,0.9565839730421333,0.0
376845,2025-10-19T22:00:00.000000000,0.7469999999999999,0.31299999999999994,0.0,0.0,0.4762404890298611,0.0
376845,2025-10-19T23:00:00.000000000,0.769,0.413,0.0,0.0,1.4410304520368167,0.0
376845,2025-10-20T00:00:00.000000000,0.958,0.5650000000000001,0.0,0.0,0.0,0.0
376845,2025-10-20T01:00:00.000000000,0.953,0.5750000000000001,0.0,0.0,0.0,0.0
376845,2025-10-20T02:00:00.000000000,0.937,0.568,0.0,0.0,0.4311075442233389,0.0
376845,2025-10-20T03:00:00.000000000,0.9269999999999999,0.5609999999999999,0.0,0.0,0.0,0.0
376845,2025-10-20T04:00:00.000000000,0.911,0.549,0.0,0.0,0.4311075442233389,0.0
376845,2025-10-20T05:00:00.000000000,0.962,0.596,0.0,0.0,0.0,0.0
376845,2025-10-20T06:00:00.000000000,1.105,0.7150000000000001,0.0,0.0,0.0,0.0
376845,2025-10-20T07:00:00.000000000,1.283,0.863,0.0,0.0,0.4311075442233389,0.0
376845,2025-10-20T08:00:00.000000000,1.3110000000000002,0.886,0.0,0.0,0.0,0.0
376845,2025-10-20T09:00:00.000000000,1.056,0.668,0.0,0.0,0.0,0.0
376845,2025-10-20T10:00:00.000000000,0.898,0.476,0.0,0.0,0.4311075442233389,0.0
376845,2025-10-20T11:00:00.000000000,0.7789999999999999,0.35100000000000003,0.0,0.0,0.0,0.0
376845,2025-10-20T12:00:00.000000000,0.833,0.256,0.0,0.0,0.4522086612757389,0.0
376845,2025-10-20T13:00:00.000000000,2.084,0.07600000000000001,0.0,0.0,0.4442957423810889,0.0
376845,2025-10-20T14:00:00.000000000,1.5710000000000002,0.0,0.0,0.0,0.4859118343455444,0.0
376845,2025-10-20T15:00:00.000000000,0.476,0.01,0.0,0.0,0.4730167072579667,0.0
376845,2025-10-20T16:00:00.000000000,0.48700000000000004,0.002,0.0,0.0,0.49851389036295,0.0
376845,2025-10-20T17:00:00.000000000,0.652,0.0,0.0,0.0,0.8718864337623611,0.0
376845,2025-10-20T18:00:00.000000000,0.9179999999999999,0.106,0.0,0.0,3.3442339817352273,0.0
376845,2025-10-20T19:00:00.000000000,0.841,0.18,0.0,0.0,0.0,0.0
376845,2025-10-20T20:00:00.000000000,0.978,0.29800000000000004,0.0,0.0,1.3956044361601223,0.0
376845,2025-10-20T21:00:00.000000000,1.0030000000000001,0.33899999999999997,0.0,0.0,0.0,0.0
376845,2025-10-20T22:00:00.000000000,1.0070000000000001,0.429,0.0,0.0,0.46949985441590003,0.0
376845,2025-10-20T23:00:00.000000000,0.943,0.517,0.0,0.0,0.44927795057401665,0.0
376845,2025-10-21T00:00:00.000000000,0.972,0.5770000000000001,0.0,0.0,1.0069921971117557,0.0
376845,2025-10-21T01:00:00.000000000,0.8979999999999999,0.527,0.0,0.0,0.4311075442233389,0.0
376845,2025-10-21T02:00:00.000000000,0.895,0.532,0.0,0.0,0.0,0.0
376845,2025-10-21T03:00:00.000000000,0.892,0.531,0.0,0.0,0.0,0.0
376845,2025-10-21T04:00:00.000000000,1.002,0.627,0.0,0.0,0.4311075442233389,0.0
376845,2025-10-21T05:00:00.000000000,1.164,0.768,0.0,0.0,0.0,0.0
376845,2025-10-21T06:00:00.000000000,1.176,0.776,0.0,0.0,0.0,0.0
376845,2025-10-21T07:00:00.000000000,1.212,0.8050000000000002,0.0,0.0,0.4311075442233389,0.0
376845,2025-10-21T08:00:00.000000000,1.236,0.707,0.0,0.0,0.4838603368543389,0.0
376845,2025-10-21T09:00:00.000000000,0.955,0.485,0.0,0.0,0.4311075442233389,0.0
376845,2025-10-21T10:00:00.000000000,0.7490000000000001,0.323,0.0,0.0,0.0,0.0
376845,2025-10-21T11:00:00.000000000,0.604,0.19,0.0,0.0,0.0,0.0
376845,2025-10-21T12:00:00.000000000,0.579,0.165,0.0,0.0,0.4311075442233389,0.0
376845,2025-10-21T13:00:00.000000000,1.417,0.048,0.0,0.0,1.0072852681819278,0.0
376845,2025-10-21T14:00:00.000000000,0.556,0.06799999999999999,0.0,0.0,0.919070876060089,0.0
376845,2025-10-21T15:00:00.000000000,0.519,0.027,0.0,0.0,0.0,0.0
376845,2025-10-21T16:00:00.000000000,0.5870000000000001,0.048,0.0,0.0,0.5158050835031112,0.0
376845,2025-10-21T17:00:00.000000000,1.2,0.01,0.0,0.0,0.4311075442233389,0.0
376845,2025-10-21T18:00:00.000000000,2.167,0.0,0.0,0.0,0.0,0.0
376845,2025-10-21T19:00:00.000000000,0.76,0.10499999999999998,0.0,0.0,0.4495710216441889,0.0
376845,2025-10-21T20:00:00.000000000,0.843,0.175,0.0,0.0,0.9469126277264501,0.0
376845,2025-10-21T21:00:00.000000000,0.8200000000000001,0.276,0.0,0.0,0.0,0.0
376845,2025-10-21T22:00:00.000000000,0.73,0.277,0.0,0.0,0.0,0.0
376845,2025-10-21T23:00:00.000000000,0.837,0.443,0.0,0.0,0.9413442773931777,0.0
376845,2025-10-22T00:00:00.000000000,0.981,0.5850000000000001,0.0,0.0,0.0,0.0
376845,2025-10-22T01:00:00.000000000,0.993,0.6080000000000001,0.0,0.0,0.4311075442233389,0.0
376845,2025-10-22T02:00:00.000000000,1.144,0.746,0.0,0.0,0.0,0.0
376845,2025-10-22T03:00:00.000000000,1.195,0.792,0.0,0.0,0.0,0.0
376845,2025-10-22T04:00:00.000000000,1.241,0.833,0.0,0.0,0.4311075442233389,0.0
376845,2025-10-22T05:00:00.000000000,1.278,0.866,0.0,0.0,0.0,0.0
376845,2025-10-22T06:00:00.000000000,1.983,0.8420000000000001,0.0,0.0,0.4636384330124556,0.0
376845,2025-10-22T07:00:00.000000000,3.0180000000000002,0.7289999999999999,0.0,0.0,1.0603311318831001,0.0
376845,2025-10-22T08:00:00.000000000,1.518,0.788,0.0,0.0,0.4639315040826278,0.0
376845,2025-10-22T09:00:00.000000000,1.0630000000000002,0.598,0.0,0.0,0.4311075442233389,0.0
376845,2025-10-22T10:00:00.000000000,0.876,0.43799999999999994,0.0,0.0,0.0,0.0
376845,2025-10-22T11:00:00.000000000,0.7370000000000001,0.313,0.0,0.0,0.9615661812350611,0.0
376845,2025-10-22T12:00:00.000000000,0.586,0.17200000000000001,0.0,0.0,0.4917732557489889,0.0
376845,2025-10-22T13:00:00.000000000,0.514,0.108,0.0,0.0,0.9316729320774945,0.0
376845,2025-10-22T14:00:00.000000000,0.49,0.088,0.0,0.0,0.4311075442233389,0.0
376845,2025-10-22T15:00:00.000000000,0.487,0.101,0.0,0.0,0.4495710216441889,0.0
376845,2025-10-22T16:00:00.000000000,0.557,0.112,0.0,0.0,0.0,0.0
376845,2025-10-22T17:00:00.000000000,0.553,0.095,0.0,0.0,0.4495710216441889,0.0
376845,2025-10-22T18:00:00.000000000,0.982,0.067,0.0,0.0,0.4495710216441889,0.0
376845,2025-10-22T19:00:00.000000000,0.526,0.112,0.0,0.0,0.0,0.0
376845,2025-10-22T20:00:00.000000000,1.416,0.045,0.0,0.0,0.4697929254860722,0.0
376845,2025-10-22T21:00:00.000000000,0.5650000000000001,0.07999999999999999,0.0,0.0,0.0,0.0
376845,2025-10-22T22:00:00.000000000,0.553,0.115,0.0,0.0,0.4311075442233389,0.0
376845,2025-10-22T23:00:00.000000000,0.541,0.158,0.0,0.0,0.9395858509721444,0.0
376845,2025-10-23T00:00:00.000000000,0.5810000000000001,0.19999999999999998,0.0,0.0,0.0,0.0
376845,2025-10-23T01:00:00.000000000,0.532,0.187,0.0,0.0,0.0,0.0
376845,2025-10-23T02:00:00.000000000,0.533,0.207,0.0,0.0,0.4311075442233389,0.0
376845,2025-10-23T03:00:00.000000000,0.5609999999999999,0.23399999999999999,0.0,0.0,0.0,0.0
376845,2025-10-23T04:00:00.000000000,0.514,0.192,0.0,0.0,0.4311075442233389,0.0
376845,2025-10-23T05:00:00.000000000,0.512,0.188,0.0,0.0,0.0,0.0
376845,2025-10-23T06:00:00.000000000,0.524,0.2,0.0,0.0,0.0,0.0
376845,2025-10-23T07:00:00.000000000,0.9800000000000001,0.155,0.0,0.0,0.4311075442233389,0.0
376845,2025-10-23T08:00:00.000000000,0.518,0.19,0.0,0.0,0.0,0.0
376845,2025-10-23T09:00:00.000000000,0.485,0.16,0.0,0.0,1.37421024803755,0.0
376845,2025-10-23T10:00:00.000000000,0.404,0.08900000000000001,0.0,0.0,0.4311075442233389,0.0
376845,2025-10-23T11:00:00.000000000,0.351,0.043000000000000003,0.0,0.0,0.4697929254860722,0.0
376845,2025-10-23T12:00:00.000000000,0.32,0.012,0.0,0.0,0.4311075442233389,0.0
376845,2025-10-23T13:00:00.000000000,0.308,0.0,0.0,0.0,0.0,0.0
376845,2025-10-23T14:00:00.000000000,0.308,0.0,0.0,0.0,0.0,0.0
376845,2025-10-23T15:00:00.000000000,0.305,0.0,0.0,0.0,0.4311075442233389,0.0
376845,2025-10-23T16:00:00.000000000,0.393,0.009000000000000001,0.0,0.0,0.0,0.0
376845,2025-10-23T17:00:00.000000000,0.976,0.0,0.0,0.0,0.2033913226995222,0.0
376845,2025-10-23T18:00:00.000000000,0.483,0.014000000000000002,0.0,0.0,0.22771622152381668,0.0
376845,2025-10-23T19:00:00.000000000,0.5700000000000001,0.040999999999999995,0.0,0.0,0.0,0.0
376845,2025-10-23T20:00:00.000000000,0.694,0.038,0.0,0.0,0.4311075442233389,0.0
376845,2025-10-23T21:00:00.000000000,0.6930000000000001,0.056999999999999995,0.0,0.0,0.4311075442233389,0.0
376845,2025-10-23T22:00:00.000000000,0.547,0.11,0.0,0.0,0.4498640927143611,0.0
376845,2025-10-23T23:00:00.000000000,0.498,0.13,0.0,0.0,0.0,0.0
376845,2025-10-24T00:00:00.000000000,0.542,0.193,0.0,0.0,0.4311075442233389,0.0
376845,2025-10-24T01:00:00.000000000,0.508,0.177,0.0,0.0,0.0,0.0
376845,2025-10-24T02:00:00.000000000,0.5,0.17800000000000002,0.0,0.0,0.4311075442233389,0.0
376845,2025-10-24T03:00:00.000000000,0.551,0.225,0.0,0.0,0.9756335926033278,0.0
376845,2025-10-24T04:00:00.000000000,0.758,0.412,0.0,0.0,0.0,0.0
376845,2025-10-24T05:00:00.000000000,0.8480000000000001,0.495,0.0,0.0,0.0,0.0
376845,2025-10-24T06:00:00.000000000,0.8150000000000001,0.449,0.0,0.0,0.4311075442233389,0.0
376845,2025-10-24T07:00:00.000000000,0.966,0.475,0.0,0.0,0.9559978309017889,0.0
376845,2025-10-24T08:00:00.000000000,0.883,0.45999999999999996,0.0,0.0,0.4853256922052,0.0
376845,2025-10-24T09:00:00.000000000,0.7730000000000001,0.421,0.0,0.0,0.4756543468895167,0.0
376845,2025-10-24T10:00:00.000000000,0.7649999999999999,0.416,0.0,0.0,0.4311075442233389,0.0
376845,2025-10-24T11:00:00.000000000,0.788,0.436,0.0,0.0,0.9938039989540056,0.0
376845,2025-10-24T12:00:00.000000000,0.802,0.448,0.0,0.0,0.4703790676264167,0.0
376845,2025-10-24T13:00:00.000000000,0.788,0.435,0.0,0.0,0.0,0.0
376845,2025-10-24T14:00:00.000000000,0.894,0.527,0.0,0.0,0.4311075442233389,0.0
376845,2025-10-24T15:00:00.000000000,1.16,0.7629999999999999,0.0,0.0,0.0,0.0
376845,2025-10-24T16:00:00.000000000,1.682,1.145,0.0,0.0,0.5064268092576,0.0
376845,2025-10-24T17:00:00.000000000,1.8090000000000002,1.202,0.0,0.0,1.6754873081745942,0.0
376845,2025-10-24T18:00:00.000000000,1.799,1.174,0.0,0.0,0.0,0.0
376845,2025-10-24T19:00:00.000000000,1.709,1.082,0.0,0.0,0.4311075442233389,0.0
376845,2025-10-24T20:00:00.000000000,1.794,1.113,0.0,0.0,0.5213734338363833,0.0
376845,2025-10-24T21:00:00.000000000,1.922,1.166,0.0,0.0,1.5497598190707114,0.0
376845,2025-10-24T22:00:00.000000000,1.736,1.148,0.0,0.0,2.6235722201817335,0.0
376845,2025-10-24T23:00:00.000000000,1.656,1.148,0.0,0.0,3.364162814506939,0.0
376845,2025-10-25T00:00:00.000000000,1.651,1.159,0.0,0.0,2.1397118833273945,0.0
376845,2025-10-25T01:00:00.000000000,1.652,1.176,0.0,0.0,1.2716353734772723,0.0
376845,2025-10-25T02:00:00.000000000,1.6409999999999998,1.176,0.0,0.0,1.6977607095076834,0.0
376845,2025-10-25T03:00:00.000000000,1.64,1.176,0.0,0.0,1.5878590581931,0.0
376845,2025-10-25T04:00:00.000000000,1.64,1.176,0.0,0.0,1.4149471267914888,0.0
376845,2025-10-25T05:00:00.000000000,1.642,1.176,0.0,0.0,2.8964213865120723,0.0
376845,2025-10-25T06:00:00.000000000,2.177,1.182,0.0,0.0,1.0515389997779332,0.0
376845,2025-10-25T07:00:00.000000000,1.7910000000000001,1.188,0.0,0.0,2.8334111064250447,0.0
376845,2025-10-25T08:00:00.000000000,1.741,1.1849999999999998,0.0,0.0,2.4629692737273556,0.0
376845,2025-10-25T09:00:00.000000000,1.724,1.1669999999999998,0.0,0.0,3.296756468367328,0.0
376845,2025-10-25T10:00:00.000000000,1.665,1.154,0.0,0.0,2.359222114886389,0.0
376845,2025-10-25T11:00:00.000000000,1.634,1.17,0.0,0.0,1.5717401493336278,0.0
376845,2025-10-25T12:00:00.000000000,1.656,1.188,0.0,0.0,2.2979702612203945,0.0
376845,2025-10-25T13:00:00.000000000,1.672,1.204,0.0,0.0,2.1083532788189667,0.0
376845,2025-10-25T14:00:00.000000000,1.678,1.2089999999999999,0.0,0.0,1.8539675899094776,0.0
376845,2025-10-25T15:00:00.000000000,1.684,1.216,0.0,0.0,1.4043965682652888,0.0
376845,2025-10-25T16:00:00.000000000,1.7109999999999999,1.216,0.0,0.0,1.4682860615628333,0.0
376845,2025-10-25T17:00:00.000000000,1.737,1.216,0.0,0.0,1.4067411368266667,0.0
376845,2025-10-25T18:00:00.000000000,1.846,1.216,0.0,0.0,0.3616497005925222,0.0
376845,2025-10-25T19:00:00.000000000,1.981,1.212,0.0,0.0,1.0679509797075777,0.0
376845,2025-10-25T20:00:00.000000000,1.986,1.212,0.0,0.0,1.0020099889188279,0.0
376845,2025-10-25T21:00:00.000000000,1.852,1.212,0.0,0.0,0.4416581027495389,0.0
376845,2025-10-25T22:00:00.000000000,1.731,1.212,0.0,0.0,1.3299565164415443,0.0
376845,2025-10-25T23:00:00.000000000,1.691,1.2169999999999999,0.0,0.0,0.8636804437975388,0.0
376845,2025-10-26T00:00:00.000000000,1.717,1.224,0.0,0.0,0.738539096834,0.0
376845,2025-10-26T01:00:00.000000000,1.6640000000000001,1.1929999999999998,0.0,0.0,0.06652713292909444,0.0
376845,2025-10-26T02:00:00.000000000,1.647,1.1869999999999998,0.0,0.0,0.1726188603314389,0.0
376845,2025-10-26T03:00:00.000000000,1.664,1.2,0.0,0.0,1.0228180349010556,0.0
376845,2025-10-26T04:00:00.000000000,1.661,1.2,0.0,0.0,0.27079766883913337,0.0
376845,2025-10-26T05:00:00.000000000,1.6689999999999998,1.204,0.0,0.0,0.7344361018515888,0.0
376845,2025-10-26T06:00:00.000000000,1.73,1.2069999999999999,0.0,0.0,1.327905018950339,0.0
376845,2025-10-26T07:00:00.000000000,1.744,1.2,0.0,0.0,1.213314230513,0.0
376845,2025-10-26T08:00:00.000000000,1.668,1.2,0.0,0.0,0.8038939454824057,0.0
376845,2025-10-26T09:00:00.000000000,1.668,1.2,0.0,0.0,0.692233867746789,0.0
376845,2025-10-26T10:00:00.000000000,1.671,1.206,0.0,0.0,0.6822694513609333,0.0
376845,2025-10-26T11:00:00.000000000,1.672,1.206,0.0,0.0,0.533975489853789,0.0
376845,2025-10-26T12:00:00.000000000,1.671,1.2029999999999998,0.0,0.0,1.0069921971117557,0.0
376845,2025-10-26T13:00:00.000000000,1.658,1.192,0.0,0.0,0.08088761536753333,0.0
376845,2025-10-26T14:00:00.000000000,1.561,1.112,0.0,0.0,0.4311075442233389,0.0
376845,2025-10-26T15:00:00.000000000,1.539,1.094,0.0,0.0,0.0,0.0
376845,2025-10-26T16:00:00.000000000,1.599,1.1239999999999999,0.0,0.0,0.0,0.0
376845,2025-10-26T17:00:00.000000000,1.6709999999999998,1.109,0.0,0.0,0.4311075442233389,0.0
376845,2025-10-26T18:00:00.000000000,1.689,1.082,0.0,0.0,0.0,0.0
376845,2025-10-26T19:00:00.000000000,1.782,1.045,0.0,0.0,0.46188000659142225,0.0
376845,2025-10-26T20:00:00.000000000,2.342,0.958,0.0,0.0,0.9395858509721444,0.0
376845,2025-10-26T21:00:00.000000000,1.7400000000000002,0.998,0.0,0.0,1.4167055532125223,0.0
376845,2025-10-26T22:00:00.000000000,1.5430000000000001,0.994,0.0,0.0,0.4311075442233389,0.0
376845,2025-10-26T23:00:00.000000000,1.439,1.001,0.0,0.0,0.0,0.0
376845,2025-10-27T00:00:00.000000000,1.5470000000000002,1.078,0.0,0.0,0.5187357942048333,0.0
376845,2025-10-27T01:00:00.000000000,1.484,1.038,0.0,0.0,0.4311075442233389,0.0
376845,2025-10-27T02:00:00.000000000,1.528,1.082,0.0,0.0,0.4706721386965889,0.0
376845,2025-10-27T03:00:00.000000000,1.588,1.134,0.0,0.0,0.0,0.0
376845,2025-10-27T04:00:00.000000000,1.573,1.124,0.0,0.0,0.4311075442233389,0.0
376845,2025-10-27T05:00:00.000000000,1.594,1.1400000000000001,0.0,0.0,0.0,0.0
376845,2025-10-27T06:00:00.000000000,1.6199999999999999,1.1589999999999998,0.0,0.0,0.011429771736716667,0.0
376845,2025-10-27T07:00:00.000000000,1.6159999999999999,1.154,0.0,0.0,0.5351477741344778,0.0
376845,2025-10-27T08:00:00.000000000,1.6309999999999998,1.162,0.0,0.0,0.38011317801337224,0.0
376845,2025-10-27T09:00:00.000000000,1.561,1.105,0.0,0.0,0.0316516755786,0.0
376845,2025-10-27T10:00:00.000000000,1.401,0.9169999999999999,0.0,0.0,0.9155540232180223,0.0
376845,2025-10-27T11:00:00.000000000,1.744,0.757,0.0,0.0,0.48972175825778336,0.0
376845,2025-10-27T12:00:00.000000000,1.506,0.724,0.0,0.0,1.3205782421960335,0.0
376845,2025-10-27T13:00:00.000000000,1.3850000000000002,0.6980000000000001,0.0,0.0,2.0400677194688392,0.0
376845,2025-10-27T14:00:00.000000000,1.102,0.558,0.0,0.0,0.4061965032587,0.0
376845,2025-10-27T15:00:00.000000000,1.077,0.529,0.0,0.0,0.0263763963155,0.0
376845,2025-10-27T16:00:00.000000000,1.1589999999999998,0.561,0.0,0.0,0.9348967138493889,0.0
376845,2025-10-27T17:00:00.000000000,1.2109999999999999,0.5760000000000001,0.0,0.0,0.9709444554805722,0.0
376845,2025-10-27T18:00:00.000000000,1.253,0.574,0.0,0.0,0.9096926018145779,0.0
376845,2025-10-27T19:00:00.000000000,1.31,0.5980000000000001,0.0,0.0,0.9700652422700555,0.0
376845,2025-10-27T20:00:00.000000000,1.706,0.754,0.0,0.0,2.5294964066564503,0.0
376845,2025-10-27T21:00:00.000000000,1.806,0.978,0.0,0.0,2.4905179543235447,0.0
376845,2025-10-27T22:00:00.000000000,1.285,0.768,0.0,0.0,0.43110754422333897,0.0
376845,2025-10-27T23:00:00.000000000,1.2570000000000001,0.7939999999999999,0.0,0.0,0.4498640927143611,0.0
376845,2025-10-28T00:00:00.000000000,1.419,0.942,0.0,0.0,0.0,0.0
376845,2025-10-28T01:00:00.000000000,1.399,0.954,0.0,0.0,0.4311075442233389,0.0
376845,2025-10-28T02:00:00.000000000,1.281,0.866,0.0,0.0,0.0,0.0
376845,2025-10-28T03:00:00.000000000,1.259,0.85,0.0,0.0,0.4311075442233389,0.0
376845,2025-10-28T04:00:00.000000000,1.288,0.878,0.0,0.0,0.0,0.0
376845,2025-10-28T05:00:00.000000000,1.305,0.893,0.0,0.0,0.0,0.0
376845,2025-10-28T06:00:00.000000000,1.336,0.918,0.0,0.0,0.43110754422333897,0.0
376845,2025-10-28T07:00:00.000000000,1.421,0.9299999999999999,0.0,0.0,0.16118908859472222,0.0
376845,2025-10-28T08:00:00.000000000,1.2,0.7769999999999999,0.0,0.0,0.26991845562861666,0.0
376845,2025-10-28T09:00:00.000000000,1.042,0.62,0.0,0.0,0.0,0.0
376845,2025-10-28T10:00:00.000000000,1.006,0.494,0.0,0.0,0.4311075442233389,0.0
376845,2025-10-28T11:00:00.000000000,0.8009999999999999,0.29,0.0,0.0,0.0,0.0
376845,2025-10-28T12:00:00.000000000,0.827,0.17800000000000002,0.0,0.0,0.9281560792354278,0.0
376845,2025-10-28T13:00:00.000000000,0.987,0.212,0.0,0.0,3.557882791890778,0.0
376845,2025-10-28T14:00:00.000000000,1.8600000000000003,0.011,0.0,0.0,1.0831906753565335,0.0
376845,2025-10-28T15:00:00.000000000,0.489,0.0,0.0,0.0,0.0,0.0
376845,2025-10-28T16:00:00.000000000,0.534,0.0,0.0,0.0,0.9498433384281721,0.0
376845,2025-10-28T17:00:00.000000000,0.5690000000000001,0.0,0.0,0.0,0.4867910475560611,0.0
376845,2025-10-28T18:00:00.000000000,1.4929999999999999,0.0,0.0,0.0,1.4653553508611112,0.0
376845,2025-10-28T19:00:00.000000000,0.6910000000000001,0.043,0.0,0.0,0.4885494739770945,0.0
376845,2025-10-28T20:00:00.000000000,0.845,0.17400000000000002,0.0,0.0,1.948043403434761,0.0
376845,2025-10-28T21:00:00.000000000,0.9269999999999999,0.30300000000000005,0.0,0.0,0.4926524689595056,0.0
376845,2025-10-28T22:00:00.000000000,0.798,0.335,0.0,0.0,0.4495710216441889,0.0
376845,2025-10-28T23:00:00.000000000,0.659,0.28200000000000003,0.0,0.0,0.4311075442233389,0.0
376845,2025-10-29T00:00:00.000000000,0.722,0.353,0.0,0.0,0.0,0.0
376845,2025-10-29T01:00:00.000000000,0.776,0.42,0.0,0.0,0.0,0.0
376845,2025-10-29T02:00:00.000000000,0.83,0.475,0.0,0.0,0.4311075442233389,0.0
376845,2025-10-29T03:00:00.000000000,0.883,0.523,0.0,0.0,0.0,0.0
376845,2025-10-29T04:00:00.000000000,0.917,0.554,0.0,0.0,0.0,0.0
376845,2025-10-29T05:00:00.000000000,0.959,0.591,0.0,0.0,0.4311075442233389,0.0
376845,2025-10-29T06:00:00.000000000,1.029,0.639,0.0,0.0,0.0,0.0
376845,2025-10-29T07:00:00.000000000,1.1190000000000002,0.659,0.0,0.0,0.9768058768840167,0.0
376845,2025-10-29T08:00:00.000000000,1.176,0.622,0.0,0.0,1.5172289302815942,0.0
376845,2025-10-29T09:00:00.000000000,1.152,0.602,0.0,0.0,1.477371264738172,0.0
376845,2025-10-29T10:00:00.000000000,1.045,0.588,0.0,0.0,1.4949555289485055,0.0
376845,2025-10-29T11:00:00.000000000,0.972,0.523,0.0,0.0,1.6033918249122276,0.0
376845,2025-10-29T12:00:00.000000000,0.964,0.513,0.0,0.0,0.9542394044807556,0.0
376845,2025-10-29T13:00:00.000000000,0.961,0.509,0.0,0.0,0.49030790039812777,0.0
376845,2025-10-29T14:00:00.000000000,0.858,0.497,0.0,0.0,1.1418048893909778,0.0
376845,2025-10-29T15:00:00.000000000,0.8200000000000001,0.46499999999999997,0.0,0.0,0.49411782431036666,0.0
376845,2025-10-29T16:00:00.000000000,0.7749999999999999,0.39699999999999996,0.0,0.0,0.4311075442233389,0.0
376845,2025-10-29T17:00:00.000000000,0.847,0.385,0.0,0.0,0.45015716378453335,0.0
376845,2025-10-29T18:00:00.000000000,0.921,0.377,0.0,0.0,0.9398789220423167,0.0
376845,2025-10-29T19:00:00.000000000,0.9410000000000001,0.378,0.0,0.0,0.5418884087484389,0.0
376845,2025-10-29T20:00:00.000000000,0.971,0.40099999999999997,0.0,0.0,0.45455322983711666,0.0
376845,2025-10-29T21:00:00.000000000,1.073,0.437,0.0,0.0,1.453632508054222,0.0
376845,2025-10-29T22:00:00.000000000,0.943,0.433,0.0,0.0,0.4753612758193445,0.0
376845,2025-10-29T23:00:00.000000000,0.859,0.46399999999999997,0.0,0.0,0.4316936863636833,0.0
376845,2025-10-30T00:00:00.000000000,0.954,0.561,0.0,0.0,0.4311075442233389,0.0
376845,2025-10-30T01:00:00.000000000,0.9259999999999999,0.55,0.0,0.0,0.0,0.0
376845,2025-10-30T02:00:00.000000000,0.955,0.583,0.0,0.0,0.4311075442233389,0.0
376845,2025-10-30T03:00:00.000000000,0.9259999999999999,0.5609999999999999,0.0,0.0,0.0,0.0
376845,2025-10-30T04:00:00.000000000,0.897,0.537,0.0,0.0,0.4311075442233389,0.0
376845,2025-10-30T05:00:00.000000000,0.928,0.561,0.0,0.0,0.0,0.0
376845,2025-10-30T06:00:00.000000000,1.014,0.622,0.0,0.0,0.0,0.0
376845,2025-10-30T07:00:00.000000000,1.121,0.6929999999999998,0.0,0.0,0.4311075442233389,0.0
376845,2025-10-30T08:00:00.000000000,1.045,0.663,0.0,0.0,0.0,0.0
376845,2025-10-30T09:00:00.000000000,1.002,0.623,0.0,0.0,0.0,0.0
376845,2025-10-30T10:00:00.000000000,1.053,0.67,0.0,0.0,0.45045023485470553,0.0
376845,2025-10-30T11:00:00.000000000,1.017,0.64,0.0,0.0,0.9697721711998832,0.0
376845,2025-10-30T12:00:00.000000000,0.999,0.621,0.0,0.0,0.0,0.0
376845,2025-10-30T13:00:00.000000000,1.0310000000000001,0.649,0.0,0.0,0.4311075442233389,0.0
376845,2025-10-30T14:00:00.000000000,1.025,0.643,0.0,0.0,0.0,0.0
376845,2025-10-30T15:00:00.000000000,1.03,0.608,0.0,0.0,0.48796333183675,0.0
376845,2025-10-30T16:00:00.000000000,1.16,0.6739999999999999,0.0,0.0,0.4311075442233389,0.0
376845,2025-10-30T17:00:00.000000000,1.085,0.681,0.0,0.0,0.0,0.0
376845,2025-10-30T18:00:00.000000000,1.23,0.71,0.0,0.0,0.0,0.0
376845,2025-10-30T19:00:00.000000000,1.243,0.68,0.0,0.0,0.4311075442233389,0.0
376845,2025-10-30T20:00:00.000000000,1.314,0.595,0.0,0.0,0.47155135190710556,0.0
376845,2025-10-30T21:00:00.000000000,1.196,0.509,0.0,0.0,0.4311075442233389,0.0
376845,2025-10-30T22:00:00.000000000,1.044,0.483,0.0,0.0,0.47155135190710556,0.0
376845,2025-10-30T23:00:00.000000000,0.9079999999999999,0.488,0.0,0.0,0.4311075442233389,0.0
376845,2025-10-31T00:00:00.000000000,0.91,0.506,0.0,0.0,1.4225669746159666,0.0
376845,2025-10-31T01:00:00.000000000,0.825,0.45099999999999996,0.0,0.0,1.1075155741808278,0.0
376845,2025-10-31T02:00:00.000000000,0.68,0.339,0.0,0.0,0.0,0.0
376845,2025-10-31T03:00:00.000000000,0.632,0.297,0.0,0.0,0.4311075442233389,0.0
376845,2025-10-31T04:00:00.000000000,0.641,0.307,0.0,0.0,0.4882564029069222,0.0
376845,2025-10-31T05:00:00.000000000,0.639,0.299,0.0,0.0,0.4311075442233389,0.0
376845,2025-10-31T06:00:00.000000000,0.7069999999999999,0.28500000000000003,0.0,0.0,0.4885494739770945,0.0
376845,2025-10-31T07:00:00.000000000,0.8089999999999999,0.314,0.0,0.0,1.6042710381227447,0.0
376845,2025-10-31T08:00:00.000000000,0.7280000000000001,0.32,0.0,0.0,0.9826672982874611,0.0
376845,2025-10-31T09:00:00.000000000,0.679,0.295,0.0,0.0,0.0,0.0
376845,2025-10-31T10:00:00.000000000,0.671,0.252,0.0,0.0,0.4311075442233389,0.0
376845,2025-10-31T11:00:00.000000000,0.627,0.214,0.0,0.0,0.0,0.0
376845,2025-10-31T12:00:00.000000000,0.641,0.222,0.0,0.0,0.45045023485470553,0.0
376845,2025-10-31T13:00:00.000000000,0.613,0.197,0.0,0.0,0.0,0.0
376845,2025-10-31T14:00:00.000000000,0.558,0.147,0.0,0.0,0.9047103936216501,0.0
376845,2025-10-31T15:00:00.000000000,0.79,0.126,0.0,0.0,0.0,0.0
376845,2025-10-31T16:00:00.000000000,0.891,0.11,0.0,0.0,0.9454472723755889,0.0
376845,2025-10-31T17:00:00.000000000,0.653,0.076,0.0,0.0,0.47155135190710556,0.0
376845,2025-10-31T18:00:00.000000000,0.62,0.107,0.0,0.0,0.4437096002407444,0.0
376845,2025-10-31T19:00:00.000000000,0.5700000000000001,0.149,0.0,0.0,0.0,0.0
376845,2025-10-31T20:00:00.000000000,0.6970000000000001,0.152,0.0,0.0,0.9993723492872777,0.0
376845,2025-10-31T21:00:00.000000000,0.806,0.15800000000000003,0.0,0.0,1.0409884412517334,0.0
376845,2025-10-31T22:00:00.000000000,0.7120000000000001,0.224,0.0,0.0,0.0,0.0
376845,2025-10-31T23:00:00.000000000,0.665,0.268,0.0,0.0,0.47155135190710556,0.0
376845,2025-11-01T00:00:00.000000000,0.754,0.358,0.0,0.0,0.0,0.0
376845,2025-11-01T01:00:00.000000000,0.7630000000000001,0.403,0.0,0.0,0.4311075442233389,0.0
376845,2025-11-01T02:00:00.000000000,0.792,0.442,0.0,0.0,0.0,0.0
376845,2025-11-01T03:00:00.000000000,0.854,0.497,0.0,0.0,0.45045023485470553,0.0
376845,2025-11-01T04:00:00.000000000,0.923,0.56,0.0,0.0,0.0,0.0
376845,2025-11-01T05:00:00.000000000,1.055,0.6729999999999999,0.0,0.0,0.4311075442233389,0.0
376845,2025-11-01T06:00:00.000000000,1.138,0.743,0.0,0.0,0.0,0.0
376845,2025-11-01T07:00:00.000000000,1.03,0.593,0.0,0.0,0.9612731101648889,0.0
376845,2025-11-01T08:00:00.000000000,0.999,0.541,0.0,0.0,0.48239498150347776,0.0
376845,2025-11-01T09:00:00.000000000,0.904,0.538,0.0,0.0,0.9894079329014223,0.0
376845,2025-11-01T10:00:00.000000000,0.862,0.503,0.0,0.0,0.4788781286614111,0.0
376845,2025-11-01T11:00:00.000000000,0.8029999999999999,0.45199999999999996,0.0,0.0,0.9882356486207334,0.0
376845,2025-11-01T12:00:00.000000000,0.7930000000000001,0.44,0.0,0.0,2.7343530847068336,0.0
376845,2025-11-01T13:00:00.000000000,0.75,0.401,0.0,0.0,0.0,0.0
376845,2025-11-01T14:00:00.000000000,0.671,0.328,0.0,0.0,0.0,0.0
376845,2025-11-01T15:00:00.000000000,0.595,0.26,0.0,0.0,0.4311075442233389,0.0
376845,2025-11-01T16:00:00.000000000,0.6320000000000001,0.27,0.0,0.0,0.0,0.0
376845,2025-11-01T17:00:00.000000000,0.6779999999999999,0.242,0.0,0.0,0.0,0.0
376845,2025-11-01T18:00:00.000000000,0.789,0.255,0.0,0.0,0.4311075442233389,0.0
376845,2025-11-01T19:00:00.000000000,0.9,0.321,0.0,0.0,0.4311075442233389,0.0
376845,2025-11-01T20:00:00.000000000,0.994,0.33299999999999996,0.0,0.0,0.4311075442233389,0.0
376845,2025-11-01T21:00:00.000000000,0.921,0.43,0.0,0.0,0.5207872916960389,0.0
376845,2025-11-01T22:00:00.000000000,1.005,0.532,0.0,0.0,1.16319907751355,0.0
376845,2025-11-01T23:00:00.000000000,0.975,0.576,0.0,0.0,0.4311075442233389,0.0
376845,2025-11-02T00:00:00.000000000,1.121,0.706,0.0,0.0,0.0,0.0
376845,2025-11-02T01:00:00.000000000,1.4659999999999997,1.0150000000000001,0.0,0.0,0.9029519672006168,0.0
376845,2025-11-02T02:00:00.000000000,1.418,0.984,0.0,0.0,0.4955831796612278,0.0
376845,2025-11-02T03:00:00.000000000,1.505,1.058,0.0,0.0,0.4311075442233389,0.0
376845,2025-11-02T04:00:00.000000000,1.596,1.139,0.0,0.0,0.0,0.0
376845,2025-11-02T05:00:00.000000000,1.58,1.114,0.0,0.0,0.4829811236438222,0.0
376845,2025-11-02T06:00:00.000000000,1.597,1.086,0.0,0.0,1.573205504684489,0.0
376845,2025-11-02T07:00:00.000000000,1.574,1.048,0.0,0.0,0.0,0.0
376845,2025-11-02T08:00:00.000000000,1.9979999999999998,0.997,0.0,0.0,0.89943511435855,0.0
376845,2025-11-02T09:00:00.000000000,1.454,1.012,0.0,0.0,0.934896713849389,0.0
376845,2025-11-02T10:00:00.000000000,1.417,0.984,0.0,0.0,1.1646644328644111,0.0
376845,2025-11-02T11:00:00.000000000,1.363,0.9390000000000001,0.0,0.0,0.45074330592487777,0.0
376845,2025-11-02T12:00:00.000000000,1.384,0.954,0.0,0.0,0.9439819170247278,0.0
376845,2025-11-02T13:00:00.000000000,1.272,0.8560000000000001,0.0,0.0,0.0,0.0
376845,2025-11-02T14:00:00.000000000,1.119,0.7250000000000001,0.0,0.0,0.4311075442233389,0.0
376845,2025-11-02T15:00:00.000000000,0.955,0.582,0.0,0.0,0.0,0.0
376845,2025-11-02T16:00:00.000000000,1.006,0.6070000000000001,0.0,0.0,0.0,0.0
376845,2025-11-02T17:00:00.000000000,1.105,0.589,0.0,0.0,0.4311075442233389,0.0
376845,2025-11-02T18:00:00.000000000,1.24,0.522,0.0,0.0,0.4469333820126389,0.0
376845,2025-11-02T19:00:00.000000000,1.44,0.554,0.0,0.0,0.9017796829199278,0.0
376845,2025-11-02T20:00:00.000000000,1.791,0.6,0.0,0.0,0.0,0.0
376845,2025-11-02T21:00:00.000000000,2.162,0.715,0.0,0.0,1.0078714103222723,0.0
376845,2025-11-02T22:00:00.000000000,1.537,0.912,0.0,0.0,0.4955831796612278,0.0
376845,2025-11-02T23:00:00.000000000,1.485,0.998,0.0,0.0,0.45045023485470553,0.0
376845,2025-11-03T00:00:00.000000000,1.601,1.122,0.0,0.0,0.45074330592487777,0.0
376845,2025-11-03T01:00:00.000000000,1.583,1.1190000000000002,0.0,0.0,0.004396066052583333,0.0
376845,2025-11-03T02:00:00.000000000,1.605,1.145,0.0,0.0,0.45103637699505,0.0
376845,2025-11-03T03:00:00.000000000,1.625,1.162,0.0,0.0,0.38275081764492225,0.0
376845,2025-11-03T04:00:00.000000000,1.6210000000000002,1.16,0.0,0.0,0.5682648050639388,0.0
376845,2025-11-03T05:00:00.000000000,1.62,1.16,0.0,0.0,1.0324893802167388,0.0
376845,2025-11-03T06:00:00.000000000,1.6179999999999999,1.154,0.0,0.0,0.9545324755509278,0.0
376845,2025-11-03T07:00:00.000000000,1.6150000000000002,1.148,0.0,0.0,1.5151774327903889,0.0
376845,2025-11-03T08:00:00.000000000,1.622,1.1529999999999998,0.0,0.0,0.8414070424644501,0.0
376845,2025-11-03T09:00:00.000000000,1.638,1.17,0.0,0.0,0.24735198322535557,0.0
376845,2025-11-03T10:00:00.000000000,1.7249999999999999,1.1360000000000001,0.0,0.0,0.4311075442233389,0.0
376845,2025-11-03T11:00:00.000000000,1.649,1.03,0.0,0.0,0.4311075442233389,0.0
376845,2025-11-03T12:00:00.000000000,1.5460000000000003,0.9369999999999999,0.0,0.0,0.0,0.0
376845,2025-11-03T13:00:00.000000000,1.3699999999999999,0.7829999999999999,0.0,0.0,0.0,0.0
376845,2025-11-03T14:00:00.000000000,1.197,0.635,0.0,0.0,0.9266907238845667,0.0
376845,2025-11-03T15:00:00.000000000,1.156,0.582,0.0,0.0,0.9527740491298944,0.0
376845,2025-11-03T16:00:00.000000000,1.315,0.661,0.0,0.0,0.9466195566562778,0.0
376845,2025-11-03T17:00:00.000000000,1.363,0.647,0.0,0.0,0.9949762832346944,0.0
376845,2025-11-03T18:00:00.000000000,1.846,0.837,0.0,0.0,1.364831973792039,0.0
376845,2025-11-03T19:00:00.000000000,2.14,1.103,0.0,0.0,3.2920673312445725,0.0
376845,2025-11-03T20:00:00.000000000,1.5899999999999999,0.855,0.0,0.0,0.4357966813460945,0.0
376845,2025-11-03T21:00:00.000000000,1.68,0.985,0.0,0.0,0.4387273920478167,0.0
376845,2025-11-03T22:00:00.000000000,1.6500000000000001,1.049,0.0,0.0,0.4818088393631333,0.0
376845,2025-11-03T23:00:00.000000000,1.5659999999999998,1.062,0.0,0.0,0.43521053920575004,0.0
376845,2025-11-04T00:00:00.000000000,1.676,1.166,0.0,0.0,0.692526938816961,0.0
376845,2025-11-04T01:00:00.000000000,1.645,1.172,0.0,0.0,0.5158050835031112,0.0
376845,2025-11-04T02:00:00.000000000,1.638,1.175,0.0,0.0,0.0,0.0
376845,2025-11-04T03:00:00.000000000,1.642,1.181,0.0,0.0,0.4311075442233389,0.0
376845,2025-11-04T04:00:00.000000000,1.6429999999999998,1.182,0.0,0.0,0.1002303059989,0.0
376845,2025-11-04T05:00:00.000000000,1.64,1.18,0.0,0.0,0.2787105877337833,0.0
376845,2025-11-04T06:00:00.000000000,1.643,1.18,0.0,0.0,0.705715136974711,0.0
376845,2025-11-04T07:00:00.000000000,1.6469999999999998,1.18,0.0,0.0,0.33673865962788335,0.0
376845,2025-11-04T08:00:00.000000000,1.648,1.18,0.0,0.0,0.40942028503059447,0.0
376845,2025-11-04T09:00:00.000000000,1.648,1.18,0.0,0.0,0.8279257732365279,0.0
376845,2025-11-04T10:00:00.000000000,1.6509999999999998,1.1849999999999998,0.0,0.0,0.1808248502962611,0.0
376845,2025-11-04T11:00:00.000000000,1.572,1.121,0.0,0.0,0.43110754422333886,0.0
376845,2025-11-04T12:00:00.000000000,1.5190000000000001,1.013,0.0,0.0,0.0,0.0
376845,2025-11-04T13:00:00.000000000,1.4929999999999999,0.971,0.0,0.0,0.0,0.0
376845,2025-11-04T14:00:00.000000000,1.435,0.9219999999999999,0.0,0.0,0.4311075442233389,0.0
376845,2025-11-04T15:00:00.000000000,1.9460000000000002,0.773,0.0,0.0,0.0,0.0
376845,2025-11-04T16:00:00.000000000,2.6499999999999995,0.726,0.0,0.0,0.45074330592487777,0.0
376845,2025-11-04T17:00:00.000000000,1.5790000000000002,0.836,0.0,0.0,0.0,0.0
376845,2025-11-04T18:00:00.000000000,1.8780000000000001,0.925,0.0,0.0,1.6300612922979,0.0
376845,2025-11-04T19:00:00.000000000,2.308,1.196,0.0,0.0,6.218088895844039,0.0
376845,2025-11-04T20:00:00.000000000,1.962,1.1099999999999999,0.0,0.0,1.6945369277357891,0.0
376845,2025-11-04T21:00:00.000000000,1.898,1.17,0.0,0.0,0.8566467381134055,0.0
376845,2025-11-04T22:00:00.000000000,1.767,1.164,0.0,0.0,0.8680765098501223,0.0
376845,2025-11-04T23:00:00.000000000,1.6849999999999998,1.156,0.0,0.0,1.1593891536013112,0.0
376845,2025-11-05T00:00:00.000000000,1.666,1.156,0.0,0.0,1.4978862396502277,0.0
376845,2025-11-05T01:00:00.000000000,1.631,1.156,0.0,0.0,1.0201803952695054,0.0
376845,2025-11-05T02:00:00.000000000,1.6220000000000003,1.158,0.0,0.0,1.1503039504259722,0.0
376845,2025-11-05T03:00:00.000000000,1.6219999999999999,1.158,0.0,0.0,1.7452382228755832,0.0
376845,2025-11-05T04:00:00.000000000,1.605,1.143,0.0,0.0,1.9234254335402945,0.0
376845,2025-11-05T05:00:00.000000000,1.598,1.138,0.0,0.0,2.33958635318485,0.0
376845,2025-11-05T06:00:00.000000000,1.639,1.148,0.0,0.0,2.3791509476580996,0.0
376845,2025-11-05T07:00:00.000000000,2.597,1.135,0.0,0.0,1.690433932753378,0.0
376845,2025-11-05T08:00:00.000000000,1.621,1.13,0.0,0.0,2.3181921650622774,0.0
376845,2025-11-05T09:00:00.000000000,1.631,1.14,0.0,0.0,2.113921629152239,0.0
376845,2025-11-05T10:00:00.000000000,1.611,1.1449999999999998,0.0,0.0,1.6297682212277278,0.0
376845,2025-11-05T11:00:00.000000000,1.635,1.17,0.0,0.0,0.7649154931494999,0.0
376845,2025-11-05T12:00:00.000000000,2.242,1.08,0.0,0.0,0.4311075442233389,0.0
376845,2025-11-05T13:00:00.000000000,1.8860000000000001,1.096,0.0,0.0,0.0,0.0
376845,2025-11-05T14:00:00.000000000,1.553,1.1030000000000002,0.0,0.0,0.4311075442233389,0.0
376845,2025-11-05T15:00:00.000000000,1.558,1.085,0.0,0.0,0.0,0.0
376845,2025-11-05T16:00:00.000000000,2.161,1.093,0.0,0.0,0.0,0.0
376845,2025-11-05T17:00:00.000000000,1.78,1.146,0.0,0.0,1.1048779345492779,0.0
376845,2025-11-05T18:00:00.000000000,1.849,1.182,0.0,0.0,0.5662133075727334,0.0
376845,2025-11-05T19:00:00.000000000,2.158,1.156,0.0,0.0,1.6409049218942724,0.0
376845,2025-11-05T20:00:00.000000000,2.036,1.176,0.0,0.0,2.9597247376692724,0.0
376845,2025-11-05T21:00:00.000000000,1.899,1.172,0.0,0.0,0.68314866457145,0.0
376845,2025-11-05T22:00:00.000000000,1.842,1.172,0.0,0.0,0.7145072690798777,0.0
376845,2025-11-05T23:00:00.000000000,1.698,1.172,0.0,0.0,0.8525437431309943,0.0
376845,2025-11-06T00:00:00.000000000,1.694,1.174,0.0,0.0,1.6795903031570056,0.0
376845,2025-11-06T01:00:00.000000000,1.7,1.18,0.0,0.0,1.2282608550917833,0.0
376845,2025-11-06T02:00:00.000000000,1.6669999999999998,1.18,0.0,0.0,0.5032030274857056,0.0
376845,2025-11-06T03:00:00.000000000,1.649,1.18,0.0,0.0,0.45777701160901113,0.0
376845,2025-11-06T04:00:00.000000000,1.6409999999999998,1.178,0.0,0.0,0.9759266636735,0.0
376845,2025-11-06T05:00:00.000000000,1.637,1.176,0.0,0.0,0.7660877774301889,0.0
376845,2025-11-06T06:00:00.000000000,1.636,1.176,0.0,0.0,0.8261673468154944,0.0
376845,2025-11-06T07:00:00.000000000,1.6809999999999998,1.176,0.0,0.0,2.265146301361106,0.0
376845,2025-11-06T08:00:00.000000000,1.742,1.176,0.0,0.0,1.3888638015461614,0.0
376845,2025-11-06T09:00:00.000000000,2.6740000000000004,1.178,0.0,0.0,0.9334313584985278,0.0
376845,2025-11-06T10:00:00.000000000,1.74,1.18,0.0,0.0,0.7356083861322777,0.0
376845,2025-11-06T11:00:00.000000000,1.733,1.176,0.0,0.0,1.1722842806888887,0.0
376845,2025-11-06T12:00:00.000000000,1.737,1.181,0.0,0.0,0.9955624253750389,0.0
376845,2025-11-06T13:00:00.000000000,1.747,1.188,0.0,0.0,0.8103415090261945,0.0
376845,2025-11-06T14:00:00.000000000,1.7530000000000001,1.194,0.0,0.0,0.5512666829939501,0.0
376845,2025-11-06T15:00:00.000000000,1.718,1.185,0.0,0.0,0.9480849120071388,0.0
376845,2025-11-06T16:00:00.000000000,1.653,1.19,0.0,0.0,0.4311075442233389,0.0
376845,2025-11-06T17:00:00.000000000,1.69,1.197,0.0,0.0,0.43462439706540557,0.0
376845,2025-11-06T18:00:00.000000000,1.674,1.188,0.0,0.0,1.3724518216165165,0.0
376845,2025-11-06T19:00:00.000000000,2.513,1.153,0.0,0.0,0.17027429177006112,0.0
376845,2025-11-06T20:00:00.000000000,3.114,1.038,0.0,0.0,0.4311075442233389,0.0
376845,2025-11-06T21:00:00.000000000,1.923,1.1449999999999998,0.0,0.0,0.4906009714683,0.0
376845,2025-11-06T22:00:00.000000000,1.822,1.182,0.0,0.0,0.43931353418816116,0.0
376845,2025-11-06T23:00:00.000000000,1.744,1.174,0.0,0.0,0.019049619561194445,0.0
376845,2025-11-07T00:00:00.000000000,1.68,1.1849999999999998,0.0,0.0,0.7379529546936555,0.0
376845,2025-11-07T01:00:00.000000000,1.67,1.18,0.0,0.0,1.258447175319522,0.0
376845,2025-11-07T02:00:00.000000000,1.652,1.18,0.0,0.0,0.9486710541474833,0.0
376845,2025-11-07T03:00:00.000000000,1.644,1.18,0.0,0.0,0.39857665543422227,0.0
376845,2025-11-07T04:00:00.000000000,1.638,1.1749999999999998,0.0,0.0,1.0541766394094834,0.0
376845,2025-11-07T05:00:00.000000000,1.629,1.168,0.0,0.0,0.8537160274116833,0.0
376845,2025-11-07T06:00:00.000000000,1.623,1.163,0.0,0.0,1.4492364420016388,0.0
376845,2025-11-07T07:00:00.000000000,2.303,1.152,0.0,0.0,1.0787946093039502,0.0
376845,2025-11-07T08:00:00.000000000,3.4510000000000005,1.148,0.0,0.0,0.8015493769210278,0.0
376845,2025-11-07T09:00:00.000000000,3.4410000000000003,1.13,0.0,0.0,0.14507017973525,0.0
376845,2025-11-07T10:00:00.000000000,1.867,1.138,0.0,0.0,0.0017584264210333334,0.0
376845,2025-11-07T11:00:00.000000000,1.532,1.008,0.0,0.0,1.1078086452509999,0.0
376845,2025-11-07T12:00:00.000000000,1.4269999999999998,0.976,0.0,0.0,0.4730167072579667,0.0
376845,2025-11-07T13:00:00.000000000,1.427,0.994,0.0,0.0,0.45103637699505,0.0
376845,2025-11-07T14:00:00.000000000,1.4369999999999998,1.002,0.0,0.0,0.9483779830773111,0.0
376845,2025-11-07T15:00:00.000000000,1.4369999999999998,1.001,0.0,0.0,1.26870466277555,0.0
376845,2025-11-07T16:00:00.000000000,1.4189999999999998,0.987,0.0,0.0,0.19459919059435557,0.0
376845,2025-11-07T17:00:00.000000000,1.53,1.061,0.0,0.0,0.0,0.0
376845,2025-11-07T18:00:00.000000000,1.483,1.026,0.0,0.0,0.4311075442233389,0.0
376845,2025-11-07T19:00:00.000000000,1.612,1.014,0.0,0.0,0.0,0.0
376845,2025-11-07T20:00:00.000000000,2.275,0.994,0.0,0.0,1.5963581192280945,0.0
376845,2025-11-07T21:00:00.000000000,1.81,1.044,0.0,0.0,0.4311075442233389,0.0
376845,2025-11-07T22:00:00.000000000,1.7590000000000001,1.052,0.0,0.0,0.0,0.0
376845,2025-11-07T23:00:00.000000000,1.673,1.028,0.0,0.0,0.0,0.0
376845,2025-11-08T00:00:00.000000000,1.532,0.994,0.0,0.0,0.9284491503056,0.0
376845,2025-11-08T01:00:00.000000000,1.631,1.123,0.0,0.0,0.03077246236808333,0.0
376845,2025-11-08T02:00:00.000000000,1.637,1.156,0.0,0.0,0.8311495550084222,0.0
376845,2025-11-08T03:00:00.000000000,1.592,1.128,0.0,0.0,0.8396486160434166,0.0
376845,2025-11-08T04:00:00.000000000,1.5890000000000002,1.128,0.0,0.0,1.2871681401964001,0.0
376845,2025-11-08T05:00:00.000000000,1.592,1.131,0.0,0.0,0.7177310508517721,0.0
376845,2025-11-08T06:00:00.000000000,1.594,1.134,0.0,0.0,0.6368434354842389,0.0
376845,2025-11-08T07:00:00.000000000,1.637,1.131,0.0,0.0,1.669332815700978,0.0
376845,2025-11-08T08:00:00.000000000,2.153,1.14,0.0,0.0,0.7482104421496834,0.0
376845,2025-11-08T09:00:00.000000000,1.701,1.144,0.0,0.0,1.351643775634289,0.0
376845,2025-11-08T10:00:00.000000000,1.712,1.152,0.0,0.0,0.5125813017312166,0.0
376845,2025-11-08T11:00:00.000000000,1.706,1.152,0.0,0.0,0.7763452648862167,0.0
376845,2025-11-08T12:00:00.000000000,1.5690000000000002,1.1139999999999999,0.0,0.0,0.7180241219219445,0.0
376845,2025-11-08T13:00:00.000000000,1.5510000000000002,1.097,0.0,0.0,0.45132944806522224,0.0
376845,2025-11-08T14:00:00.000000000,1.5580000000000003,1.101,0.0,0.0,0.4976346771524333,0.0
376845,2025-11-08T15:00:00.000000000,1.558,1.1,0.0,0.0,0.4311075442233389,0.0
376845,2025-11-08T16:00:00.000000000,1.5579999999999998,1.102,0.0,0.0,0.0,0.0
376845,2025-11-08T17:00:00.000000000,1.735,1.1469999999999998,0.0,0.0,0.0,0.0
376845,2025-11-08T18:00:00.000000000,2.656,0.96,0.0,0.0,0.4311075442233389,0.0
376845,2025-11-08T19:00:00.000000000,1.9889999999999999,0.996,0.0,0.0,0.0,0.0
376845,2025-11-08T20:00:00.000000000,1.726,1.076,0.0,0.0,0.0,0.0
376845,2025-11-08T21:00:00.000000000,1.806,1.074,0.0,0.0,1.4199293349844166,0.0
376845,2025-11-08T22:00:00.000000000,2.222,1.0670000000000002,0.0,0.0,0.5914174196075443,0.0
376845,2025-11-08T23:00:00.000000000,1.9490000000000003,1.132,0.0,0.0,4.134353586919539,0.0
376845,2025-11-09T00:00:00.000000000,1.5990000000000002,1.0830000000000002,0.0,0.0,0.0,0.0
376845,2025-11-09T01:00:00.000000000,1.6349999999999998,1.137,0.0,0.0,0.5392507691168889,0.0
376845,2025-11-09T02:00:00.000000000,1.5859999999999999,1.119,0.0,0.0,0.5351477741344778,0.0
376845,2025-11-09T03:00:00.000000000,1.566,1.11,0.0,0.0,0.0,0.0
376845,2025-11-09T04:00:00.000000000,1.5750000000000002,1.1190000000000002,0.0,0.0,0.4311075442233389,0.0
376845,2025-11-09T05:00:00.000000000,1.577,1.1230000000000002,0.0,0.0,0.0,0.0
376845,2025-11-09T06:00:00.000000000,1.597,1.136,0.0,0.0,1.821143630050189,0.0
376845,2025-11-09T07:00:00.000000000,1.613,1.124,0.0,0.0,0.9905802171821111,0.0
376845,2025-11-09T08:00:00.000000000,1.5500000000000003,1.096,0.0,0.0,0.0,0.0
376845,2025-11-09T09:00:00.000000000,1.6629999999999998,1.1150000000000002,0.0,0.0,1.2956672012313943,0.0
376845,2025-11-09T10:00:00.000000000,1.5530000000000002,1.097,0.0,0.0,0.15210388541938333,0.0
376845,2025-11-09T11:00:00.000000000,1.517,1.069,0.0,0.0,2.5646649350771167,0.0
376845,2025-11-09T12:00:00.000000000,1.535,1.0870000000000002,0.0,0.0,0.0,0.0
376845,2025-11-09T13:00:00.000000000,1.537,1.085,0.0,0.0,0.45103637699505,0.0
376845,2025-11-09T14:00:00.000000000,1.488,1.044,0.0,0.0,1.0014238467784833,0.0
376845,2025-11-09T15:00:00.000000000,1.475,1.03,0.0,0.0,0.0,0.0
376845,2025-11-09T16:00:00.000000000,1.5059999999999998,1.058,0.0,0.0,0.4311075442233389,0.0
376845,2025-11-09T17:00:00.000000000,1.665,1.173,0.0,0.0,0.0949550267358,0.0
376845,2025-11-09T18:00:00.000000000,1.74,1.134,0.0,0.0,0.024911040964638892,0.0
376845,2025-11-09T19:00:00.000000000,1.9089999999999998,1.1449999999999998,0.0,0.0,0.5401299823274055,0.0
376845,2025-11-09T20:00:00.000000000,1.9829999999999999,1.136,0.0,0.0,2.5986611792170944,0.0
376845,2025-11-09T21:00:00.000000000,1.883,1.136,0.0,0.0,0.32560195896133887,0.0
376845,2025-11-09T22:00:00.000000000,1.8670000000000002,1.136,0.0,0.0,1.2185895097761001,0.0
376845,2025-11-09T23:00:00.000000000,1.69,1.136,0.0,0.0,1.6403187797539278,0.0
376845,2025-11-10T00:00:00.000000000,1.6139999999999999,1.141,0.0,0.0,0.8765755708851167,0.0
376845,2025-11-10T01:00:00.000000000,1.6409999999999998,1.148,0.0,0.0,0.7693115592020834,0.0
376845,2025-11-10T02:00:00.000000000,1.624,1.148,0.0,0.0,0.8859538451306277,0.0
376845,2025-11-10T03:00:00.000000000,1.6090000000000002,1.146,0.0,0.0,0.2283023636641611,0.0
376845,2025-11-10T04:00:00.000000000,1.544,1.094,0.0,0.0,0.0,0.0
376845,2025-11-10T05:00:00.000000000,1.5030000000000001,1.061,0.0,0.0,0.4311075442233389,0.0
376845,2025-11-10T06:00:00.000000000,1.297,0.8859999999999999,0.0,0.0,0.0,0.0
376845,2025-11-10T07:00:00.000000000,1.272,0.866,0.0,0.0,0.0,0.0
376845,2025-11-10T08:00:00.000000000,1.29,0.8089999999999999,0.0,0.0,0.4311075442233389,0.0
376845,2025-11-10T09:00:00.000000000,1.0830000000000002,0.617,0.0,0.0,0.0,0.0
376845,2025-11-10T10:00:00.000000000,1.487,0.653,0.0,0.0,0.5014446010646721,0.0
376845,2025-11-10T11:00:00.000000000,1.879,1.0030000000000001,0.0,0.0,3.990162620394806,0.0
376845,2025-11-10T12:00:00.000000000,1.323,0.744,0.0,0.0,0.5439399062396444,0.0
376845,2025-11-10T13:00:00.000000000,1.557,0.942,0.0,0.0,0.9302075767266333,0.0
376845,2025-11-10T14:00:00.000000000,1.495,0.8879999999999999,0.0,0.0,0.47360284939831115,0.0
376845,2025-11-10T15:00:00.000000000,1.4140000000000001,0.839,0.0,0.0,0.9823742272172888,0.0
376845,2025-11-10T16:00:00.000000000,1.6139999999999999,0.975,0.0,0.0,0.49851389036295,0.0
376845,2025-11-10T17:00:00.000000000,1.883,1.176,0.0,0.0,2.3642043230793166,0.0
376845,2025-11-10T18:00:00.000000000,1.816,1.17,0.0,0.0,2.966172301213061,0.0
376845,2025-11-10T19:00:00.000000000,1.836,1.166,0.0,0.0,2.3284496525183056,0.0
376845,2025-11-10T20:00:00.000000000,1.84,1.176,0.0,0.0,1.921373936049089,0.0
376845,2025-11-10T21:00:00.000000000,2.293,1.182,0.0,0.0,1.7719076902612558,0.0
376845,2025-11-10T22:00:00.000000000,1.883,1.19,0.0,0.0,3.1971123045087717,0.0
376845,2025-11-10T23:00:00.000000000,1.8590000000000002,1.188,0.0,0.0,2.813189202583161,0.0
376845,2025-11-11T00:00:00.000000000,1.7389999999999999,1.188,0.0,0.0,2.709735114812367,0.0
376845,2025-11-11T01:00:00.000000000,1.686,1.184,0.0,0.0,2.4339552377803058,0.0
376845,2025-11-11T02:00:00.000000000,1.6449999999999998,1.17,0.0,0.0,3.2607087267361443,0.0
376845,2025-11-11T03:00:00.000000000,1.625,1.16,0.0,0.0,2.7446105721628613,0.0
376845,2025-11-11T04:00:00.000000000,1.63,1.166,0.0,0.0,1.84371010245345,0.0
376845,2025-11-11T05:00:00.000000000,1.64,1.18,0.0,0.0,2.0500321358546945,0.0
376845,2025-11-11T06:00:00.000000000,1.636,1.176,0.0,0.0,1.5295379152288278,0.0
376845,2025-11-11T07:00:00.000000000,1.635,1.172,0.0,0.0,1.5846352764212055,0.0
376845,2025-11-11T08:00:00.000000000,1.663,1.174,0.0,0.0,1.9049619561194446,0.0
376845,2025-11-11T09:00:00.000000000,2.6980000000000004,1.18,0.0,0.0,1.1163077062859945,0.0
376845,2025-11-11T10:00:00.000000000,1.843,1.192,0.0,0.0,1.3601428366692834,0.0
376845,2025-11-11T11:00:00.000000000,1.867,1.221,0.0,0.0,0.17789413959453887,0.0
376845,2025-11-11T12:00:00.000000000,1.829,1.228,0.0,0.0,0.3437723653120167,0.0
376845,2025-11-11T13:00:00.000000000,1.7910000000000001,1.23,0.0,0.0,0.950722551638689,0.0
376845,2025-11-11T14:00:00.000000000,1.9929999999999999,1.229,0.0,0.0,1.014025902795889,0.0
376845,2025-11-11T15:00:00.000000000,2.032,1.134,0.0,0.0,0.4311075442233389,0.0
376845,2025-11-11T16:00:00.000000000,1.6909999999999998,1.049,0.0,0.0,0.0,0.0
376845,2025-11-11T17:00:00.000000000,1.825,1.105,0.0,0.0,0.45132944806522224,0.0
376845,2025-11-11T18:00:00.000000000,1.717,1.066,0.0,0.0,0.45132944806522224,0.0
376845,2025-11-11T19:00:00.000000000,1.802,1.105,0.0,0.0,0.4419511738197111,0.0
376845,2025-11-11T20:00:00.000000000,1.826,1.0150000000000001,0.0,0.0,0.4311075442233389,0.0
376845,2025-11-11T21:00:00.000000000,1.829,1.0630000000000002,0.0,0.0,0.0,0.0
376845,2025-11-11T22:00:00.000000000,1.848,1.157,0.0,0.0,0.9375343534809388,0.0
376845,2025-11-11T23:00:00.000000000,1.774,1.198,0.0,0.0,0.9132094546566445,0.0
376845,2025-11-12T00:00:00.000000000,1.698,1.183,0.0,0.0,3.0995196381414223,0.0
376845,2025-11-12T01:00:00.000000000,1.668,1.178,0.0,0.0,1.6133562412980833,0.0
376845,2025-11-12T02:00:00.000000000,1.664,1.192,0.0,0.0,1.6760734503149388,0.0
376845,2025-11-12T03:00:00.000000000,1.658,1.1929999999999998,0.0,0.0,0.8666111544992611,0.0
376845,2025-11-12T04:00:00.000000000,1.6549999999999998,1.192,0.0,0.0,2.0356716534162556,0.0
376845,2025-11-12T05:00:00.000000000,1.6349999999999998,1.174,0.0,0.0,1.6086671041753275,0.0
376845,2025-11-12T06:00:00.000000000,1.616,1.155,0.0,0.0,2.1830864017128833,0.0
376845,2025-11-12T07:00:00.000000000,1.6300000000000001,1.1529999999999998,0.0,0.0,3.0581966172471384,0.0
376845,2025-11-12T08:00:00.000000000,1.7109999999999999,1.166,0.0,0.0,4.051414474060801,0.0
376845,2025-11-12T09:00:00.000000000,1.743,1.1849999999999998,0.0,0.0,2.748127425004928,0.0
376845,2025-11-12T10:00:00.000000000,1.6849999999999998,1.194,0.0,0.0,0.8106345800963667,0.0
376845,2025-11-12T11:00:00.000000000,1.668,1.202,0.0,0.0,0.48356726578416676,0.0
376845,2025-11-12T12:00:00.000000000,1.6969999999999998,1.208,0.0,0.0,1.1699397121275112,0.0
376845,2025-11-12T13:00:00.000000000,1.7630000000000001,1.204,0.0,0.0,1.0014238467784833,0.0
376845,2025-11-12T14:00:00.000000000,1.6270000000000002,1.168,0.0,0.0,0.49089404253847224,0.0
376845,2025-11-12T15:00:00.000000000,1.552,1.1030000000000002,0.0,0.0,0.0,0.0
376845,2025-11-12T16:00:00.000000000,1.5370000000000001,1.092,0.0,0.0,0.4311075442233389,0.0
376845,2025-11-12T17:00:00.000000000,1.677,1.1869999999999998,0.0,0.0,1.2490689010740113,0.0
376845,2025-11-12T18:00:00.000000000,1.7269999999999999,1.2,0.0,0.0,0.4724305651176222,0.0
376845,2025-11-12T19:00:00.000000000,1.864,1.194,0.0,0.0,0.3150514004351389,0.0
376845,2025-11-12T20:00:00.000000000,2.448,1.186,0.0,0.0,0.6022610492039167,0.0
376845,2025-11-12T21:00:00.000000000,1.929,1.175,0.0,0.0,0.5210803627662111,0.0
376845,2025-11-12T22:00:00.000000000,1.74,1.164,0.0,0.0,0.9961485675153834,0.0
376845,2025-11-12T23:00:00.000000000,1.648,1.168,0.0,0.0,2.203894447695111,0.0
376845,2025-11-13T00:00:00.000000000,1.646,1.172,0.0,0.0,1.3396278617572277,0.0
376845,2025-11-13T01:00:00.000000000,1.658,1.168,0.0,0.0,1.850450737067411,0.0
376845,2025-11-13T02:00:00.000000000,1.643,1.1689999999999998,0.0,0.0,1.992883277171111,0.0
376845,2025-11-13T03:00:00.000000000,1.632,1.1669999999999998,0.0,0.0,0.7965671687281,0.0
376845,2025-11-13T04:00:00.000000000,1.624,1.16,0.0,0.0,0.8129791486577445,0.0
376845,2025-11-13T05:00:00.000000000,1.6230000000000002,1.1609999999999998,0.0,0.0,1.0755708275320555,0.0
376845,2025-11-13T06:00:00.000000000,1.618,1.158,0.0,0.0,0.5873144246251334,0.0
376845,2025-11-13T07:00:00.000000000,1.636,1.1449999999999998,0.0,0.0,1.4630107822997334,0.0
376845,2025-11-13T08:00:00.000000000,1.609,1.142,0.0,0.0,1.4301868224404446,0.0
376845,2025-11-13T09:00:00.000000000,1.691,1.155,0.0,0.0,1.330835729652061,0.0
376845,2025-11-13T10:00:00.000000000,1.5150000000000001,1.066,0.0,0.0,0.9401719931124889,0.0
376845,2025-11-13T11:00:00.000000000,1.377,0.95,0.0,0.0,1.2669462363545168,0.0
376845,2025-11-13T12:00:00.000000000,1.209,0.8089999999999999,0.0,0.0,0.0,0.0
376845,2025-11-13T13:00:00.000000000,1.15,0.7549999999999999,0.0,0.0,0.4516225191353944,0.0
376845,2025-11-13T14:00:00.000000000,1.068,0.682,0.0,0.0,0.9897010039715946,0.0
376845,2025-11-13T15:00:00.000000000,1.088,0.698,0.0,0.0,0.0,0.0
376845,2025-11-13T16:00:00.000000000,1.307,0.888,0.0,0.0,0.0,0.0
376845,2025-11-13T17:00:00.000000000,1.689,1.1099999999999999,0.0,0.0,1.644421774736339,0.0
376845,2025-11-13T18:00:00.000000000,1.625,1.139,0.0,0.0,0.19811604343642222,0.0
376845,2025-11-13T19:00:00.000000000,2.712,0.954,0.0,0.0,0.4311075442233389,0.0
376845,2025-11-13T20:00:00.000000000,1.932,1.0950000000000002,0.0,0.0,0.0,0.0
376845,2025-11-13T21:00:00.000000000,1.76,1.124,0.0,0.0,2.4878803146919943,0.0
376845,2025-11-13T22:00:00.000000000,1.8150000000000002,1.124,0.0,0.0,0.6113462523792556,0.0
376845,2025-11-13T23:00:00.000000000,1.7970000000000002,1.128,0.0,0.0,1.6570238307537444,0.0
376845,2025-11-14T00:00:00.000000000,1.6139999999999999,1.123,0.0,0.0,0.9612731101648888,0.0
376845,2025-11-14T01:00:00.000000000,1.617,1.1260000000000001,0.0,0.0,1.0635549136549944,0.0
376845,2025-11-14T02:00:00.000000000,1.5579999999999998,1.092,0.0,0.0,0.03135860450842778,0.0
376845,2025-11-14T03:00:00.000000000,1.565,1.1059999999999999,0.0,0.0,0.012895127087577778,0.0
376845,2025-11-14T04:00:00.000000000,1.585,1.124,0.0,0.0,0.5577142465377389,0.0
376845,2025-11-14T05:00:00.000000000,1.572,1.115,0.0,0.0,0.028427893806705556,0.0
376845,2025-11-14T06:00:00.000000000,1.486,1.044,0.0,0.0,0.0,0.0
376845,2025-11-14T07:00:00.000000000,1.434,0.999,0.0,0.0,0.4311075442233389,0.0
376845,2025-11-14T08:00:00.000000000,1.431,0.993,0.0,0.0,0.0,0.0
376845,2025-11-14T09:00:00.000000000,1.3619999999999999,0.915,0.0,0.0,0.4311075442233389,0.0
376845,2025-11-14T10:00:00.000000000,1.223,0.7970000000000002,0.0,0.0,0.0,0.0
376845,2025-11-14T11:00:00.000000000,1.19,0.7909999999999999,0.0,0.0,0.0,0.0
376845,2025-11-14T12:00:00.000000000,1.17,0.7750000000000001,0.0,0.0,0.4311075442233389,0.0
376845,2025-11-14T13:00:00.000000000,1.1869999999999998,0.7869999999999999,0.0,0.0,0.0,0.0
376845,2025-11-14T14:00:00.000000000,1.295,0.882,0.0,0.0,0.4999792457138111,0.0
376845,2025-11-14T15:00:00.000000000,1.4049999999999998,0.977,0.0,0.0,0.4311075442233389,0.0
376845,2025-11-14T16:00:00.000000000,1.513,1.024,0.0,0.0,0.0,0.0
376845,2025-11-14T17:00:00.000000000,1.847,1.119,0.0,0.0,0.4311075442233389,0.0
376845,2025-11-14T18:00:00.000000000,1.839,1.0579999999999998,0.0,0.0,0.0,0.0
376845,2025-11-14T19:00:00.000000000,1.764,1.109,0.0,0.0,0.0,0.0
376845,2025-11-14T20:00:00.000000000,2.4629999999999996,1.1889999999999998,0.0,0.0,0.9208293024811222,0.0
376845,2025-11-14T21:00:00.000000000,1.9309999999999998,1.184,0.0,0.0,1.0852421728477388,0.0
376845,2025-11-14T22:00:00.000000000,1.854,1.19,0.0,0.0,1.5260210623867612,0.0
376845,2025-11-14T23:00:00.000000000,1.857,1.188,0.0,0.0,2.849823086354689,0.0
376845,2025-11-15T00:00:00.000000000,1.758,1.176,0.0,0.0,2.2941603373081554,0.0
376845,2025-11-15T01:00:00.000000000,1.7009999999999998,1.184,0.0,0.0,2.257233382466455,0.0
376845,2025-11-15T02:00:00.000000000,1.648,1.174,0.0,0.0,1.16847435677665,0.0
376845,2025-11-15T03:00:00.000000000,1.625,1.16,0.0,0.0,1.0128536185152,0.0
376845,2025-11-15T04:00:00.000000000,1.624,1.16,0.0,0.0,1.080259964654811,0.0
376845,2025-11-15T05:00:00.000000000,1.627,1.165,0.0,0.0,1.1212899144789221,0.0
376845,2025-11-15T06:00:00.000000000,1.8609999999999998,1.175,0.0,0.0,2.4793812536570004,0.0
376845,2025-11-15T07:00:00.000000000,1.952,1.1749999999999998,0.0,0.0,6.828849006082949,0.0
376845,2025-11-15T08:00:00.000000000,1.782,1.164,0.0,0.0,2.363032038798628,0.0
376845,2025-11-15T09:00:00.000000000,1.8030000000000002,1.157,0.0,0.0,2.0131051810129943,0.0
376845,2025-11-15T10:00:00.000000000,2.9950000000000006,0.871,0.0,0.0,0.9703583133402278,0.0
376845,2025-11-15T11:00:00.000000000,2.98,0.7950000000000002,0.0,0.0,0.4800504129421,0.0
376845,2025-11-15T12:00:00.000000000,1.4659999999999997,0.953,0.0,0.0,1.2561026067581444,0.0
376845,2025-11-15T13:00:00.000000000,1.384,0.956,0.0,0.0,0.2605401813831056,0.0
376845,2025-11-15T14:00:00.000000000,1.4169999999999998,0.982,0.0,0.0,0.5002723167839833,0.0
376845,2025-11-15T15:00:00.000000000,1.487,1.044,0.0,0.0,1.4662345640716279,0.0
376845,2025-11-15T16:00:00.000000000,1.6039999999999999,1.076,0.0,0.0,0.0,0.0
376845,2025-11-15T17:00:00.000000000,2.359,1.111,0.0,0.0,0.0,0.0
376845,2025-11-15T18:00:00.000000000,3.3299999999999996,0.9269999999999999,0.0,0.0,0.4311075442233389,0.0
376845,2025-11-15T19:00:00.000000000,1.798,0.978,0.0,0.0,0.0,0.0
376845,2025-11-15T20:00:00.000000000,1.708,0.908,0.0,0.0,0.47477513367900004,0.0
376845,2025-11-15T21:00:00.000000000,1.6849999999999998,0.9339999999999999,0.0,0.0,1.0181288977783,0.0
376845,2025-11-15T22:00:00.000000000,1.913,1.002,0.0,0.0,1.9922971350307668,0.0
376845,2025-11-15T23:00:00.000000000,1.8120000000000003,1.0859999999999999,0.0,0.0,3.2144034976489335,0.0
376845,2025-11-16T00:00:00.000000000,1.499,0.999,0.0,0.0,0.0,0.0
376845,2025-11-16T01:00:00.000000000,1.526,1.029,0.0,0.0,0.4311075442233389,0.0
376845,2025-11-16T02:00:00.000000000,1.362,0.9189999999999999,0.0,0.0,0.0,0.0
376845,2025-11-16T03:00:00.000000000,1.362,0.936,0.0,0.0,0.4311075442233389,0.0
376845,2025-11-16T04:00:00.000000000,1.426,0.993,0.0,0.0,0.0,0.0
376845,2025-11-16T05:00:00.000000000,1.451,1.017,0.0,0.0,0.5005653878541555,0.0
376845,2025-11-16T06:00:00.000000000,1.536,1.089,0.0,0.0,0.4311075442233389,0.0
376845,2025-11-16T07:00:00.000000000,1.6150000000000002,1.1409999999999998,0.0,0.0,0.0,0.0
376845,2025-11-16T08:00:00.000000000,1.662,1.136,0.0,0.0,1.1886962606185334,0.0
376845,2025-11-16T09:00:00.000000000,1.633,1.142,0.0,0.0,0.832321839289111,0.0
376845,2025-11-16T10:00:00.000000000,2.576,1.09,0.0,0.0,0.004689137122755556,0.0
376845,2025-11-16T11:00:00.000000000,1.673,1.124,0.0,0.0,0.009671345315683333,0.0
376845,2025-11-16T12:00:00.000000000,1.5139999999999998,0.99,0.0,0.0,0.8915221954639,0.0
376845,2025-11-16T13:00:00.000000000,1.4309999999999998,0.914,0.0,0.0,0.4911871136086444,0.0
376845,2025-11-16T14:00:00.000000000,1.495,0.97,0.0,0.0,1.0028892021293445,0.0
376845,2025-11-16T15:00:00.000000000,1.4929999999999999,1.049,0.0,0.0,0.4311075442233389,0.0
376845,2025-11-16T16:00:00.000000000,1.4969999999999999,1.053,0.0,0.0,0.0,0.0
376845,2025-11-16T17:00:00.000000000,1.5490000000000002,1.0750000000000002,0.0,0.0,0.4311075442233389,0.0
376845,2025-11-16T18:00:00.000000000,1.5300000000000002,0.992,0.0,0.0,0.0,0.0
376845,2025-11-16T19:00:00.000000000,1.6780000000000002,0.9109999999999999,0.0,0.0,0.0,0.0
376845,2025-11-16T20:00:00.000000000,1.685,0.888,0.0,0.0,0.4311075442233389,0.0
376845,2025-11-16T21:00:00.000000000,1.644,0.902,0.0,0.0,0.98911486183125,0.0
376845,2025-11-16T22:00:00.000000000,1.539,0.992,0.0,0.0,1.9196155096280556,0.0
376845,2025-11-16T23:00:00.000000000,1.581,1.1110000000000002,0.0,0.0,2.3316734342901997,0.0
376845,2025-11-17T00:00:00.000000000,1.5430000000000001,1.085,0.0,0.0,0.4311075442233389,0.0
376845,2025-11-17T01:00:00.000000000,1.634,1.149,0.0,0.0,0.5509736119237778,0.0
376845,2025-11-17T02:00:00.000000000,1.636,1.164,0.0,0.0,0.5193219363451778,0.0
376845,2025-11-17T03:00:00.000000000,1.6030000000000002,1.143,0.0,0.0,0.0,0.0
376845,2025-11-17T04:00:00.000000000,1.5510000000000002,1.102,0.0,0.0,0.0,0.0
376845,2025-11-17T05:00:00.000000000,1.561,1.11,0.0,0.0,0.4311075442233389,0.0
376845,2025-11-17T06:00:00.000000000,1.605,1.15,0.0,0.0,0.0,0.0
376845,2025-11-17T07:00:00.000000000,1.5910000000000002,1.123,0.0,0.0,0.0,0.0
376845,2025-11-17T08:00:00.000000000,1.638,1.104,0.0,0.0,0.4311075442233389,0.0
376845,2025-11-17T09:00:00.000000000,2.024,1.1260000000000001,0.0,0.0,3.0118913881599276,0.0
376845,2025-11-17T10:00:00.000000000,1.915,1.1280000000000001,0.0,0.0,2.6725150889004947,0.0
376845,2025-11-17T11:00:00.000000000,1.707,1.074,0.0,0.0,0.4378481788373,0.0
376845,2025-11-17T12:00:00.000000000,1.6280000000000001,1.0070000000000001,0.0,0.0,1.0005446335679666,0.0
376845,2025-11-17T13:00:00.000000000,1.62,0.995,0.0,0.0,0.9269837949547389,0.0
376845,2025-11-17T14:00:00.000000000,1.603,0.98,0.0,0.0,0.9835465114979778,0.0
376845,2025-11-17T15:00:00.000000000,1.492,0.944,0.0,0.0,0.9199500892706056,0.0
376845,2025-11-17T16:00:00.000000000,1.5270000000000001,0.917,0.0,0.0,0.43755510776712775,0.0
376845,2025-11-17T17:00:00.000000000,1.756,1.0350000000000001,0.0,0.0,0.44048581846885,0.0
376845,2025-11-17T18:00:00.000000000,2.207,0.964,0.0,0.0,0.45719086946866666,0.0
376845,2025-11-17T19:00:00.000000000,1.808,0.982,0.0,0.0,0.4929455400296778,0.0
376845,2025-11-17T20:00:00.000000000,1.826,1.006,0.0,0.0,0.8950390483059667,0.0
376845,2025-11-17T21:00:00.000000000,2.0260000000000002,1.048,0.0,0.0,0.987649506480389,0.0
376845,2025-11-17T22:00:00.000000000,2.416,0.983,0.0,0.0,0.4311075442233389,0.0
376845,2025-11-17T23:00:00.000000000,1.67,1.0230000000000001,0.0,0.0,0.0,0.0
376845,2025-11-18T00:00:00.000000000,1.608,1.054,0.0,0.0,1.1236344830403,0.0
376845,2025-11-18T01:00:00.000000000,1.6249999999999998,1.123,0.0,0.0,1.159096082531139,0.0
376845,2025-11-18T02:00:00.000000000,1.5749999999999997,1.109,0.0,0.0,0.02520411203481111,0.0
376845,2025-11-18T03:00:00.000000000,1.556,1.101,0.0,0.0,0.0,0.0
376845,2025-11-18T04:00:00.000000000,1.548,1.0950000000000002,0.0,0.0,0.4311075442233389,0.0
376845,2025-11-18T05:00:00.000000000,1.5450000000000002,1.094,0.0,0.0,0.0,0.0
376845,2025-11-18T06:00:00.000000000,1.584,1.129,0.0,0.0,0.4311075442233389,0.0
376845,2025-11-18T07:00:00.000000000,1.6090000000000002,1.146,0.0,0.0,0.031651675578600005,0.0
376845,2025-11-18T08:00:00.000000000,1.6010000000000002,1.136,0.0,0.0,0.017877335280505557,0.0
376845,2025-11-18T09:00:00.000000000,1.417,0.981,0.0,0.0,0.4311075442233389,0.0
376845,2025-11-18T10:00:00.000000000,1.288,0.876,0.0,0.0,0.0,0.0
376845,2025-11-18T11:00:00.000000000,1.24,0.8340000000000001,0.0,0.0,0.4311075442233389,0.0
376845,2025-11-18T12:00:00.000000000,1.1540000000000001,0.7590000000000001,0.0,0.0,0.0,0.0
376845,2025-11-18T13:00:00.000000000,1.232,0.827,0.0,0.0,0.0,0.0
376845,2025-11-18T14:00:00.000000000,1.196,0.796,0.0,0.0,0.4311075442233389,0.0
376845,2025-11-18T15:00:00.000000000,1.203,0.741,0.0,0.0,0.0,0.0
376845,2025-11-18T16:00:00.000000000,1.228,0.645,0.0,0.0,0.0,0.0
376845,2025-11-18T17:00:00.000000000,1.206,0.65,0.0,0.0,0.4311075442233389,0.0
376845,2025-11-18T18:00:00.000000000,1.123,0.539,0.0,0.0,0.0,0.0
376845,2025-11-18T19:00:00.000000000,1.311,0.557,0.0,0.0,0.4328659706443722,0.0
376845,2025-11-18T20:00:00.000000000,1.5430000000000001,0.7689999999999999,0.0,0.0,0.4522086612757389,0.0
376845,2025-11-18T21:00:00.000000000,1.651,0.909,0.0,0.0,0.9932178568136611,0.0
376845,2025-11-18T22:00:00.000000000,1.865,1.139,0.0,0.0,0.5131674438715611,0.0
376845,2025-11-18T23:00:00.000000000,1.806,1.136,0.0,0.0,2.9597247376692724,0.0
376845,2025-11-19T00:00:00.000000000,1.668,1.142,0.0,0.0,1.1661297882152721,0.0
376845,2025-11-19T01:00:00.000000000,1.674,1.154,0.0,0.0,1.4348759595632,0.0
376845,2025-11-19T02:00:00.000000000,1.643,1.158,0.0,0.0,0.9331382874283556,0.0
376845,2025-11-19T03:00:00.000000000,1.6190000000000002,1.154,0.0,0.0,1.6306474344382444,0.0
376845,2025-11-19T04:00:00.000000000,1.62,1.157,0.0,0.0,1.2777898659508888,0.0
376845,2025-11-19T05:00:00.000000000,1.609,1.148,0.0,0.0,1.8073692897520948,0.0
376845,2025-11-19T06:00:00.000000000,1.618,1.1529999999999998,0.0,0.0,1.9577147487504445,0.0
376845,2025-11-19T07:00:00.000000000,1.68,1.154,0.0,0.0,2.203601376624939,0.0
376845,2025-11-19T08:00:00.000000000,2.161,1.154,0.0,0.0,3.6806795702929387,0.0
376845,2025-11-19T09:00:00.000000000,2.872,1.168,0.0,0.0,1.908185737891339,0.0
376845,2025-11-19T10:00:00.000000000,2.289,1.168,0.0,0.0,7.601970489197273,0.0
376845,2025-11-19T11:00:00.000000000,1.736,1.171,0.0,0.0,2.7695216131275,0.0
376845,2025-11-19T12:00:00.000000000,1.736,1.18,0.0,0.0,2.521290416691628,0.0
376845,2025-11-19T13:00:00.000000000,1.739,1.18,0.0,0.0,2.855098365617789,0.0
376845,2025-11-19T14:00:00.000000000,1.648,1.18,0.0,0.0,2.308227748676422,0.0
376845,2025-11-19T15:00:00.000000000,1.644,1.176,0.0,0.0,2.4231116081839335,0.0
376845,2025-11-19T16:00:00.000000000,1.663,1.17,0.0,0.0,1.7135865472969833,0.0
376845,2025-11-19T17:00:00.000000000,1.785,1.168,0.0,0.0,3.9192394214131276,0.0
376845,2025-11-19T18:00:00.000000000,1.657,1.1689999999999998,0.0,0.0,2.3085208197465947,0.0
376845,2025-11-19T19:00:00.000000000,1.658,1.173,0.0,0.0,1.9506810430663113,0.0
376845,2025-11-19T20:00:00.000000000,1.698,1.169,0.0,0.0,3.109484054527278,0.0
376845,2025-11-19T21:00:00.000000000,2.069,1.154,0.0,0.0,3.0397331398262892,0.0
376845,2025-11-19T22:00:00.000000000,3.1079999999999997,1.1489999999999998,0.0,0.0,3.001340829633728,0.0
376845,2025-11-19T23:00:00.000000000,1.82,1.15,0.0,0.0,2.6417426265324107,0.0
376845,2025-11-20T00:00:00.000000000,1.6869999999999998,1.16,0.0,0.0,2.602471103129333,0.0
376845,2025-11-20T01:00:00.000000000,1.6529999999999998,1.162,0.0,0.0,2.5535282344105723,0.0
376845,2025-11-20T02:00:00.000000000,1.629,1.154,0.0,0.0,2.167260563923583,0.0
376845,2025-11-20T03:00:00.000000000,1.616,1.152,0.0,0.0,2.515428995288183,0.0
376845,2025-11-20T04:00:00.000000000,1.613,1.152,0.0,0.0,2.5643718640069446,0.0
376845,2025-11-20T05:00:00.000000000,1.612,1.152,0.0,0.0,2.216496503712517,0.0
376845,2025-11-20T06:00:00.000000000,1.612,1.152,0.0,0.0,2.58752447855055,0.0
376845,2025-11-20T07:00:00.000000000,1.612,1.152,0.0,0.0,2.0784600296614,0.0
376845,2025-11-20T08:00:00.000000000,1.6150000000000002,1.152,0.0,0.0,2.2762830020276503,0.0
376845,2025-11-20T09:00:00.000000000,1.688,1.152,0.0,0.0,3.4330345159974107,0.0
376845,2025-11-20T10:00:00.000000000,1.778,1.152,0.0,0.0,3.5731224875397336,0.0
376845,2025-11-20T11:00:00.000000000,1.8010000000000002,1.155,0.0,0.0,2.23408076792285,0.0
376845,2025-11-20T12:00:00.000000000,1.723,1.1669999999999998,0.0,0.0,2.7167688204965,0.0
376845,2025-11-20T13:00:00.000000000,1.708,1.17,0.0,0.0,3.12560296338675,0.0
376845,2025-11-20T14:00:00.000000000,1.6549999999999998,1.164,0.0,0.0,2.0330340137847056,0.0
376845,2025-11-20T15:00:00.000000000,1.633,1.165,0.0,0.0,1.8612943666637833,0.0
376845,2025-11-20T16:00:00.000000000,1.737,1.168,0.0,0.0,0.987649506480389,0.0
376845,2025-11-20T17:00:00.000000000,1.7870000000000001,1.17,0.0,0.0,1.590789768894822,0.0
376845,2025-11-20T18:00:00.000000000,1.73,1.168,0.0,0.0,1.6338712162101388,0.0
376845,2025-11-20T19:00:00.000000000,2.288,1.15,0.0,0.0,1.6904339327533777,0.0
376845,2025-11-20T20:00:00.000000000,1.851,1.144,0.0,0.0,1.6206830180523888,0.0
376845,2025-11-20T21:00:00.000000000,2.309,1.138,0.0,0.0,3.206197507684111,0.0
376845,2025-11-20T22:00:00.000000000,2.166,1.128,0.0,0.0,4.3679312298468,0.0
376845,2025-11-20T23:00:00.000000000,1.702,1.1269999999999998,0.0,0.0,2.8158268422147112,0.0
376845,2025-11-21T00:00:00.000000000,1.6429999999999998,1.127,0.0,0.0,3.8890531011853895,0.0
376845,2025-11-21T01:00:00.000000000,1.619,1.126,0.0,0.0,3.7897020083970063,0.0
376845,2025-11-21T02:00:00.000000000,1.6019999999999999,1.121,0.0,0.0,3.7363630736256614,0.0
376845,2025-11-21T03:00:00.000000000,1.5940000000000003,1.124,0.0,0.0,3.8597459941681667,0.0
376845,2025-11-21T04:00:00.000000000,1.588,1.124,0.0,0.0,3.5007339332071945,0.0
376845,2025-11-21T05:00:00.000000000,1.585,1.124,0.0,0.0,3.4043135511205334,0.0
376845,2025-11-21T06:00:00.000000000,1.582,1.122,0.0,0.0,3.1059672016852113,0.0
376845,2025-11-21T07:00:00.000000000,1.591,1.128,0.0,0.0,4.6949985441590005,0.0
376845,2025-11-21T08:00:00.000000000,1.613,1.148,0.0,0.0,2.8650627820036445,0.0
376845,2025-11-21T09:00:00.000000000,1.617,1.146,0.0,0.0,2.470882192622006,0.0
376845,2025-11-21T10:00:00.000000000,1.627,1.159,0.0,0.0,1.700105278069061,0.0
376845,2025-11-21T11:00:00.000000000,1.64,1.173,0.0,0.0,1.4761989804574833,0.0
376845,2025-11-21T12:00:00.000000000,1.5219999999999998,1.078,0.0,0.0,0.06887170149047223,0.0
376845,2025-11-21T13:00:00.000000000,1.3170000000000002,0.903,0.0,0.0,0.0,0.0
376845,2025-11-21T14:00:00.000000000,1.243,0.835,0.0,0.0,0.4311075442233389,0.0
376845,2025-11-21T15:00:00.000000000,1.094,0.706,0.0,0.0,0.0,0.0
376845,2025-11-21T16:00:00.000000000,1.104,0.7150000000000001,0.0,0.0,0.4311075442233389,0.0
376845,2025-11-21T17:00:00.000000000,1.186,0.764,0.0,0.0,0.0,0.0
376845,2025-11-21T18:00:00.000000000,1.194,0.777,0.0,0.0,0.0,0.0
376845,2025-11-21T19:00:00.000000000,1.364,0.8029999999999999,0.0,0.0,0.4311075442233389,0.0
376845,2025-11-21T20:00:00.000000000,1.358,0.766,0.0,0.0,0.0,0.0
376845,2025-11-21T21:00:00.000000000,1.331,0.7650000000000001,0.0,0.0,0.0,0.0
376845,2025-11-21T22:00:00.000000000,1.3050000000000002,0.661,0.0,0.0,0.4311075442233389,0.0
376845,2025-11-21T23:00:00.000000000,1.22,0.658,0.0,0.0,0.0,0.0
376845,2025-11-22T00:00:00.000000000,1.132,0.6839999999999999,0.0,0.0,1.6315266476487609,0.0
376845,2025-11-22T01:00:00.000000000,1.276,0.841,0.0,0.0,0.4762404890298611,0.0
376845,2025-11-22T02:00:00.000000000,1.2950000000000002,0.8699999999999999,0.0,0.0,0.4525017323459111,0.0
376845,2025-11-22T03:00:00.000000000,1.1849999999999998,0.785,0.0,0.0,0.4311075442233389,0.0
376845,2025-11-22T04:00:00.000000000,1.428,0.994,0.0,0.0,0.0,0.0
376845,2025-11-22T05:00:00.000000000,1.5100000000000002,1.065,0.0,0.0,0.0,0.0
376845,2025-11-22T06:00:00.000000000,1.4889999999999999,1.048,0.0,0.0,0.4311075442233389,0.0
376845,2025-11-22T07:00:00.000000000,1.468,1.0150000000000001,0.0,0.0,0.0,0.0
376845,2025-11-22T08:00:00.000000000,1.5110000000000001,1.0310000000000001,0.0,0.0,0.4311075442233389,0.0
376845,2025-11-22T09:00:00.000000000,1.409,0.8959999999999999,0.0,0.0,0.9387066377616278,0.0
376845,2025-11-22T10:00:00.000000000,1.135,0.66,0.0,0.0,0.4894286871876111,0.0
376845,2025-11-22T11:00:00.000000000,0.949,0.499,0.0,0.0,0.4976346771524333,0.0
376845,2025-11-22T12:00:00.000000000,0.8320000000000001,0.414,0.0,0.0,2.053548988696761,0.0
376845,2025-11-22T13:00:00.000000000,0.726,0.378,0.0,0.0,0.4311075442233389,0.0
376845,2025-11-22T14:00:00.000000000,0.652,0.311,0.0,0.0,0.4525017323459111,0.0
376845,2025-11-22T15:00:00.000000000,0.602,0.265,0.0,0.0,1.3906222279671945,0.0
376845,2025-11-22T16:00:00.000000000,0.5640000000000001,0.23399999999999999,0.0,0.0,0.4525017323459111,0.0
376845,2025-11-22T17:00:00.000000000,0.7110000000000001,0.341,0.0,0.0,0.0,0.0
376845,2025-11-22T18:00:00.000000000,0.825,0.451,0.0,0.0,0.4311075442233389,0.0
376845,2025-11-22T19:00:00.000000000,1.01,0.491,0.0,0.0,0.0,0.0
376845,2025-11-22T20:00:00.000000000,2.1759999999999997,0.36500000000000005,0.0,0.0,0.4612938644510778,0.0
376845,2025-11-22T21:00:00.000000000,1.6510000000000002,0.415,0.0,0.0,0.9228807999723279,0.0
376845,2025-11-22T22:00:00.000000000,0.957,0.461,0.0,0.0,0.0,0.0
376845,2025-11-22T23:00:00.000000000,0.952,0.505,0.0,0.0,0.4759474179596889,0.0
376845,2025-11-23T00:00:00.000000000,0.927,0.552,0.0,0.0,0.43110754422333886,0.0
376845,2025-11-23T01:00:00.000000000,1.033,0.63,0.0,0.0,0.0,0.0
376845,2025-11-23T02:00:00.000000000,0.941,0.5640000000000001,0.0,0.0,0.9630315365859223,0.0
376845,2025-11-23T03:00:00.000000000,0.9740000000000001,0.6020000000000001,0.0,0.0,0.0,0.0
376845,2025-11-23T04:00:00.000000000,1.098,0.7130000000000001,0.0,0.0,0.4311075442233389,0.0
376845,2025-11-23T05:00:00.000000000,1.004,0.631,0.0,0.0,0.0,0.0
376845,2025-11-23T06:00:00.000000000,1.058,0.6799999999999999,0.0,0.0,0.4311075442233389,0.0
376845,2025-11-23T07:00:00.000000000,1.135,0.732,0.0,0.0,0.0,0.0
376845,2025-11-23T08:00:00.000000000,1.292,0.8099999999999999,0.0,0.0,1.4703375590540388,0.0
376845,2025-11-23T09:00:00.000000000,1.4969999999999999,0.7390000000000001,0.0,0.0,0.5289932816608611,0.0
376845,2025-11-23T10:00:00.000000000,1.8259999999999998,0.6040000000000001,0.0,0.0,0.4311075442233389,0.0
376845,2025-11-23T11:00:00.000000000,1.093,0.627,0.0,0.0,0.0,0.0
376845,2025-11-23T12:00:00.000000000,1.026,0.569,0.0,0.0,0.4765335601000333,0.0
376845,2025-11-23T13:00:00.000000000,0.954,0.499,0.0,0.0,0.4311075442233389,0.0
376845,2025-11-23T14:00:00.000000000,0.875,0.449,0.0,0.0,0.43110754422333886,0.0
376845,2025-11-23T15:00:00.000000000,0.8079999999999999,0.429,0.0,0.0,0.0,0.0
376845,2025-11-23T16:00:00.000000000,0.911,0.454,0.0,0.0,0.4311075442233389,0.0
376845,2025-11-23T17:00:00.000000000,0.942,0.549,0.0,0.0,0.0,0.0
376845,2025-11-23T18:00:00.000000000,0.9279999999999999,0.542,0.0,0.0,0.4311075442233389,0.0
376845,2025-11-23T19:00:00.000000000,1.225,0.595,0.0,0.0,0.4311075442233389,0.0
376845,2025-11-23T20:00:00.000000000,1.776,0.56,0.0,0.0,1.7047944151918166,0.0
376845,2025-11-23T21:00:00.000000000,1.3170000000000002,0.618,0.0,0.0,0.8487338192187557,0.0
376845,2025-11-23T22:00:00.000000000,1.474,0.876,0.0,0.0,0.0,0.0
376845,2025-11-23T23:00:00.000000000,1.514,0.97,0.0,0.0,0.4311075442233389,0.0
376845,2025-11-24T00:00:00.000000000,1.5500000000000003,1.061,0.0,0.0,0.0,0.0
376845,2025-11-24T01:00:00.000000000,1.629,1.139,0.0,0.0,0.3704418326976889,0.0
376845,2025-11-24T02:00:00.000000000,1.612,1.14,0.0,0.0,1.4926109603871276,0.0
376845,2025-11-24T03:00:00.000000000,1.5980000000000003,1.134,0.0,0.0,0.8311495550084222,0.0
376845,2025-11-24T04:00:00.000000000,1.594,1.131,0.0,0.0,1.5817045657194835,0.0
376845,2025-11-24T05:00:00.000000000,1.594,1.133,0.0,0.0,1.196316108443011,0.0
376845,2025-11-24T06:00:00.000000000,1.588,1.128,0.0,0.0,1.7572541367526444,0.0
376845,2025-11-24T07:00:00.000000000,1.5939999999999999,1.131,0.0,0.0,1.3047524044067333,0.0
376845,2025-11-24T08:00:00.000000000,1.603,1.138,0.0,0.0,1.1177730616368555,0.0
376845,2025-11-24T09:00:00.000000000,1.612,1.1429999999999998,0.0,0.0,1.0761569696724,0.0
376845,2025-11-24T10:00:00.000000000,1.612,1.146,0.0,0.0,0.0474775133679,0.0
376845,2025-11-24T11:00:00.000000000,1.485,0.9259999999999999,0.0,0.0,0.0,0.0
376845,2025-11-24T12:00:00.000000000,1.2189999999999999,0.657,0.0,0.0,1.381830095862028,0.0
376845,2025-11-24T13:00:00.000000000,1.0350000000000001,0.552,0.0,0.0,0.02901403594705,0.0
376845,2025-11-24T14:00:00.000000000,1.061,0.5940000000000001,0.0,0.0,0.0,0.0
376845,2025-11-24T15:00:00.000000000,1.0979999999999999,0.546,0.0,0.0,0.4527948034160833,0.0
376845,2025-11-24T16:00:00.000000000,0.9249999999999999,0.422,0.0,0.0,0.0,0.0
376845,2025-11-24T17:00:00.000000000,1.042,0.527,0.0,0.0,0.9389997088318001,0.0
376845,2025-11-24T18:00:00.000000000,1.158,0.606,0.0,0.0,0.4768266311702056,0.0
376845,2025-11-24T19:00:00.000000000,1.216,0.635,0.0,0.0,1.5037476610536722,0.0
376845,2025-11-24T20:00:00.000000000,1.174,0.603,0.0,0.0,0.9756335926033277,0.0
376845,2025-11-24T21:00:00.000000000,1.136,0.594,0.0,0.0,0.4527948034160833,0.0
376845,2025-11-24T22:00:00.000000000,1.19,0.56,0.0,0.0,0.49411782431036666,0.0
376845,2025-11-24T23:00:00.000000000,1.059,0.555,0.0,0.0,0.4527948034160833,0.0
376845,2025-11-25T00:00:00.000000000,1.016,0.585,0.0,0.0,0.4311075442233389,0.0
376845,2025-11-25T01:00:00.000000000,1.093,0.658,0.0,0.0,0.0,0.0
376845,2025-11-25T02:00:00.000000000,0.987,0.6,0.0,0.0,0.0,0.0
376845,2025-11-25T03:00:00.000000000,0.946,0.578,0.0,0.0,0.4311075442233389,0.0
376845,2025-11-25T04:00:00.000000000,0.976,0.605,0.0,0.0,0.0,0.0
376845,2025-11-25T05:00:00.000000000,1.024,0.649,0.0,0.0,0.4311075442233389,0.0
376845,2025-11-25T06:00:00.000000000,1.324,0.906,0.0,0.0,0.0,0.0
376845,2025-11-25T07:00:00.000000000,1.335,0.913,0.0,0.0,0.4311075442233389,0.0
376845,2025-11-25T08:00:00.000000000,1.3880000000000001,0.957,0.0,0.0,0.0,0.0
376845,2025-11-25T09:00:00.000000000,1.3719999999999999,0.9219999999999999,0.0,0.0,0.0,0.0
376845,2025-11-25T10:00:00.000000000,1.093,0.624,0.0,0.0,0.4311075442233389,0.0
376845,2025-11-25T11:00:00.000000000,0.9309999999999999,0.484,0.0,0.0,0.0,0.0
376845,2025-11-25T12:00:00.000000000,0.852,0.41100000000000003,0.0,0.0,0.0,0.0
376845,2025-11-25T13:00:00.000000000,0.881,0.372,0.0,0.0,0.4311075442233389,0.0
376845,2025-11-25T14:00:00.000000000,1.222,0.397,0.0,0.0,0.4586562248195278,0.0
376845,2025-11-25T15:00:00.000000000,1.588,0.513,0.0,0.0,4.346537041724227,0.0
376845,2025-11-25T16:00:00.000000000,1.069,0.43499999999999994,0.0,0.0,1.44806415772095,0.0
376845,2025-11-25T17:00:00.000000000,1.102,0.472,0.0,0.0,1.1467870975839056,0.0
376845,2025-11-25T18:00:00.000000000,1.155,0.46499999999999997,0.0,0.0,0.4357966813460945,0.0
376845,2025-11-25T19:00:00.000000000,1.23,0.485,0.0,0.0,0.4419511738197111,0.0
376845,2025-11-25T20:00:00.000000000,1.287,0.544,0.0,0.0,0.9562909019719612,0.0
376845,2025-11-25T21:00:00.000000000,1.25,0.559,0.0,0.0,0.6799248827995557,0.0
376845,2025-11-25T22:00:00.000000000,1.233,0.598,0.0,0.0,0.6403602883263055,0.0
376845,2025-11-25T23:00:00.000000000,1.2469999999999999,0.661,0.0,0.0,0.4366758945566111,0.0
376845,2025-11-26T00:00:00.000000000,1.373,0.874,0.0,0.0,1.0808461067951556,0.0
376845,2025-11-26T01:00:00.000000000,1.484,0.996,0.0,0.0,0.4519155902055667,0.0
376845,2025-11-26T02:00:00.000000000,1.451,0.993,0.0,0.0,0.4018004372061167,0.0
376845,2025-11-26T03:00:00.000000000,1.5299999999999998,1.076,0.0,0.0,0.03370317306980556,0.0
376845,2025-11-26T04:00:00.000000000,1.546,1.095,0.0,0.0,0.44341652917057217,0.0
376845,2025-11-26T05:00:00.000000000,1.5550000000000002,1.103,0.0,0.0,0.9598077548140278,0.0
376845,2025-11-26T06:00:00.000000000,1.6139999999999999,1.155,0.0,0.0,0.44136503167936664,0.0
376845,2025-11-26T07:00:00.000000000,1.627,1.151,0.0,0.0,0.78337897057035,0.0
376845,2025-11-26T08:00:00.000000000,1.688,1.1429999999999998,0.0,0.0,1.1752149913906111,0.0
376845,2025-11-26T09:00:00.000000000,2.162,1.14,0.0,0.0,0.8443377531661722,0.0
376845,2025-11-26T10:00:00.000000000,1.499,0.971,0.0,0.0,0.4311075442233389,0.0
376845,2025-11-26T11:00:00.000000000,1.0350000000000001,0.575,0.0,0.0,0.9504294805685167,0.0
376845,2025-11-26T12:00:00.000000000,0.91,0.46499999999999997,0.0,0.0,0.4979277482226056,0.0
376845,2025-11-26T13:00:00.000000000,0.756,0.384,0.0,0.0,0.9571701151824779,0.0
376845,2025-11-26T14:00:00.000000000,0.603,0.268,0.0,0.0,0.4527948034160833,0.0
376845,2025-11-26T15:00:00.000000000,0.545,0.214,0.0,0.0,0.0,0.0
376845,2025-11-26T16:00:00.000000000,0.529,0.201,0.0,0.0,0.929914505656461,0.0
376845,2025-11-26T17:00:00.000000000,0.753,0.323,0.0,0.0,0.0,0.0
376845,2025-11-26T18:00:00.000000000,0.992,0.45899999999999996,0.0,0.0,0.4311075442233389,0.0
376845,2025-11-26T19:00:00.000000000,1.091,0.526,0.0,0.0,0.0,0.0
376845,2025-11-26T20:00:00.000000000,1.406,0.7990000000000002,0.0,0.0,0.0,0.0
376845,2025-11-26T21:00:00.000000000,1.4889999999999999,0.894,0.0,0.0,0.4311075442233389,0.0
376845,2025-11-26T22:00:00.000000000,1.579,0.997,0.0,0.0,0.47711970224037775,0.0
376845,2025-11-26T23:00:00.000000000,1.591,1.037,0.0,0.0,2.384133155851028,0.0
376845,2025-11-27T00:00:00.000000000,1.643,1.129,0.0,0.0,0.5313378502222389,0.0
376845,2025-11-27T01:00:00.000000000,1.6199999999999999,1.13,0.0,0.0,0.7822066862896611,0.0
376845,2025-11-27T02:00:00.000000000,1.6059999999999999,1.133,0.0,0.0,0.5594726729587722,0.0
376845,2025-11-27T03:00:00.000000000,1.5950000000000002,1.13,0.0,0.0,0.1465355350861111,0.0
376845,2025-11-27T04:00:00.000000000,1.597,1.134,0.0,0.0,0.05568350333272222,0.0
376845,2025-11-27T05:00:00.000000000,1.6,1.136,0.0,0.0,0.681683309220589,0.0
376845,2025-11-27T06:00:00.000000000,1.6070000000000002,1.142,0.0,0.0,0.2107180994538278,0.0
376845,2025-11-27T07:00:00.000000000,1.6609999999999998,1.152,0.0,0.0,0.5908312774672,0.0
376845,2025-11-27T08:00:00.000000000,1.6270000000000002,1.146,0.0,0.0,0.6787525985188667,0.0
376845,2025-11-27T09:00:00.000000000,1.5710000000000002,1.1099999999999999,0.0,0.0,0.533975489853789,0.0
376845,2025-11-27T10:00:00.000000000,1.157,0.756,0.0,0.0,0.0,0.0
376845,2025-11-27T11:00:00.000000000,0.9329999999999999,0.565,0.0,0.0,0.4662760726440055,0.0
376845,2025-11-27T12:00:00.000000000,0.7560000000000001,0.40599999999999997,0.0,0.0,0.4311075442233389,0.0
376845,2025-11-27T13:00:00.000000000,0.5780000000000001,0.244,0.0,0.0,0.0,0.0
376845,2025-11-27T14:00:00.000000000,0.491,0.166,0.0,0.0,0.4311075442233389,0.0
376845,2025-11-27T15:00:00.000000000,0.485,0.14200000000000002,0.0,0.0,0.0,0.0
376845,2025-11-27T16:00:00.000000000,0.551,0.13,0.0,0.0,0.0,0.0
376845,2025-11-27T17:00:00.000000000,0.771,0.26,0.0,0.0,0.4311075442233389,0.0
376845,2025-11-27T18:00:00.000000000,0.961,0.432,0.0,0.0,0.0,0.0
376845,2025-11-27T19:00:00.000000000,1.058,0.496,0.0,0.0,0.4311075442233389,0.0
376845,2025-11-27T20:00:00.000000000,1.1520000000000001,0.5820000000000001,0.0,0.0,0.4530878744862556,0.0
376845,2025-11-27T21:00:00.000000000,1.977,0.777,0.0,0.0,0.47741277331055,0.0
376845,2025-11-27T22:00:00.000000000,1.565,0.879,0.0,0.0,1.138288036548911,0.0
376845,2025-11-27T23:00:00.000000000,1.525,0.953,0.0,0.0,0.5043753117663945,0.0
376845,2025-11-28T00:00:00.000000000,1.528,1.048,0.0,0.0,0.44224424488988334,0.0
376845,2025-11-28T01:00:00.000000000,1.6199999999999999,1.13,0.0,0.0,0.28955421733015557,0.0
376845,2025-11-28T02:00:00.000000000,1.6059999999999999,1.133,0.0,0.0,0.6711327506943889,0.0
376845,2025-11-28T03:00:00.000000000,1.5890000000000002,1.124,0.0,0.0,0.768725417061739,0.0
376845,2025-11-28T04:00:00.000000000,1.588,1.124,0.0,0.0,0.7262301118867667,0.0
376845,2025-11-28T05:00:00.000000000,1.585,1.124,0.0,0.0,0.9249322974635333,0.0
376845,2025-11-28T06:00:00.000000000,2.067,1.124,0.0,0.0,0.27519373489171667,0.0
376845,2025-11-28T07:00:00.000000000,1.664,1.124,0.0,0.0,1.1848863367062945,0.0
376845,2025-11-28T08:00:00.000000000,1.686,1.124,0.0,0.0,1.2988909830032889,0.0
376845,2025-11-28T09:00:00.000000000,1.592,1.124,0.0,0.0,0.9346036427792168,0.0
376845,2025-11-28T10:00:00.000000000,1.422,0.982,0.0,0.0,0.5131674438715611,0.0
376845,2025-11-28T11:00:00.000000000,1.026,0.647,0.0,0.0,1.7226717504723221,0.0
376845,2025-11-28T12:00:00.000000000,0.9339999999999999,0.565,0.0,0.0,0.4311075442233389,0.0
376845,2025-11-28T13:00:00.000000000,0.7949999999999999,0.43899999999999995,0.0,0.0,0.0,0.0
376845,2025-11-28T14:00:00.000000000,0.673,0.329,0.0,0.0,0.4311075442233389,0.0
376845,2025-11-28T15:00:00.000000000,0.637,0.297,0.0,0.0,0.0,0.0
376845,2025-11-28T16:00:00.000000000,0.635,0.297,0.0,0.0,0.0,0.0
376845,2025-11-28T17:00:00.000000000,0.8069999999999999,0.428,0.0,0.0,0.4311075442233389,0.0
376845,2025-11-28T18:00:00.000000000,1.0270000000000001,0.519,0.0,0.0,0.4486918084336722,0.0
376845,2025-11-28T19:00:00.000000000,1.345,0.505,0.0,0.0,0.4627592198019389,0.0
376845,2025-11-28T20:00:00.000000000,1.1889999999999998,0.456,0.0,0.0,0.4311075442233389,0.0
376845,2025-11-28T21:00:00.000000000,1.048,0.378,0.0,0.0,1.077329253953089,0.0
376845,2025-11-28T22:00:00.000000000,0.8170000000000001,0.277,0.0,0.0,0.4311075442233389,0.0
376845,2025-11-28T23:00:00.000000000,0.7410000000000001,0.294,0.0,0.0,0.9656691762174722,0.0
376845,2025-11-29T00:00:00.000000000,0.6950000000000001,0.306,0.0,0.0,0.47741277331055,0.0
376845,2025-11-29T01:00:00.000000000,0.7289999999999999,0.359,0.0,0.0,0.4530878744862556,0.0
376845,2025-11-29T02:00:00.000000000,0.684,0.333,0.0,0.0,0.4311075442233389,0.0
376845,2025-11-29T03:00:00.000000000,0.642,0.304,0.0,0.0,0.0,0.0
376845,2025-11-29T04:00:00.000000000,0.614,0.281,0.0,0.0,0.4533809455564278,0.0
376845,2025-11-29T05:00:00.000000000,0.612,0.28200000000000003,0.0,0.0,0.0,0.0
376845,2025-11-29T06:00:00.000000000,0.602,0.272,0.0,0.0,0.4311075442233389,0.0
376845,2025-11-29T07:00:00.000000000,0.633,0.247,0.0,0.0,0.4730167072579667,0.0
376845,2025-11-29T08:00:00.000000000,0.7349999999999999,0.245,0.0,0.0,1.0392300148307,0.0
376845,2025-11-29T09:00:00.000000000,0.75,0.237,0.0,0.0,2.225581706887856,0.0
376845,2025-11-29T10:00:00.000000000,0.595,0.239,0.0,0.0,1.4823534729311,0.0
376845,2025-11-29T11:00:00.000000000,0.544,0.216,0.0,0.0,0.4530878744862556,0.0
376845,2025-11-29T12:00:00.000000000,0.525,0.201,0.0,0.0,0.4530878744862556,0.0
376845,2025-11-29T13:00:00.000000000,0.514,0.186,0.0,0.0,0.4777058443807222,0.0
376845,2025-11-29T14:00:00.000000000,0.493,0.16699999999999998,0.0,0.0,0.5052545249769111,0.0
376845,2025-11-29T15:00:00.000000000,0.486,0.163,0.0,0.0,0.4311075442233389,0.0
376845,2025-11-29T16:00:00.000000000,0.452,0.134,0.0,0.0,0.0,0.0
376845,2025-11-29T17:00:00.000000000,0.531,0.18,0.0,0.0,0.4311075442233389,0.0
376845,2025-11-29T18:00:00.000000000,0.5890000000000001,0.2,0.0,0.0,0.0,0.0
376845,2025-11-29T19:00:00.000000000,1.69,0.055,0.0,0.0,0.0,0.0
376845,2025-11-29T20:00:00.000000000,0.804,0.10999999999999999,0.0,0.0,0.4311075442233389,0.0
376845,2025-11-29T21:00:00.000000000,0.7249999999999999,0.088,0.0,0.0,0.0,0.0
376845,2025-11-29T22:00:00.000000000,0.6880000000000001,0.109,0.0,0.0,0.0,0.0
376845,2025-11-29T23:00:00.000000000,0.623,0.163,0.0,0.0,0.4530878744862556,0.0
376845,2025-11-30T00:00:00.000000000,0.683,0.28500000000000003,0.0,0.0,1.4970070264397108,0.0
376845,2025-11-30T01:00:00.000000000,0.818,0.425,0.0,0.0,1.2502411853547,0.0
376845,2025-11-30T02:00:00.000000000,0.9349999999999999,0.561,0.0,0.0,0.8311495550084221,0.0
376845,2025-11-30T03:00:00.000000000,1.053,0.672,0.0,0.0,0.0,0.0
376845,2025-11-30T04:00:00.000000000,1.126,0.736,0.0,0.0,0.4311075442233389,0.0
376845,2025-11-30T05:00:00.000000000,1.5170000000000001,1.0710000000000002,0.0,0.0,0.0,0.0
376845,2025-11-30T06:00:00.000000000,1.559,1.099,0.0,0.0,0.9545324755509279,0.0
376845,2025-11-30T07:00:00.000000000,1.642,1.134,0.0,0.0,0.57236780004635,0.0
376845,2025-11-30T08:00:00.000000000,1.719,1.117,0.0,0.0,2.8644766398633,0.0
376845,2025-11-30T09:00:00.000000000,1.78,1.155,0.0,0.0,2.0567727704686556,0.0
376845,2025-11-30T10:00:00.000000000,1.632,1.164,0.0,0.0,1.4715098433347278,0.0
376845,2025-11-30T11:00:00.000000000,1.6349999999999998,1.17,0.0,0.0,1.802973223699511,0.0
376845,2025-11-30T12:00:00.000000000,1.584,1.1280000000000001,0.0,0.0,0.4533809455564278,0.0
376845,2025-11-30T13:00:00.000000000,1.5260000000000002,1.0750000000000002,0.0,0.0,0.7716561277634612,0.0
376845,2025-11-30T14:00:00.000000000,1.4260000000000002,0.991,0.0,0.0,0.12836512873543335,0.0
376845,2025-11-30T15:00:00.000000000,1.3,0.886,0.0,0.0,0.0,0.0
376845,2025-11-30T16:00:00.000000000,1.228,0.8240000000000001,0.0,0.0,0.4311075442233389,0.0
376845,2025-11-30T17:00:00.000000000,1.512,0.864,0.0,0.0,0.0,0.0
376845,2025-11-30T18:00:00.000000000,2.094,1.181,0.0,0.0,4.8260013125259835,0.0
376845,2025-11-30T19:00:00.000000000,2.322,0.7690000000000001,0.0,0.0,0.5495082565729167,0.0
376845,2025-11-30T20:00:00.000000000,1.4149999999999998,0.657,0.0,0.0,0.8657319412887445,0.0
376845,2025-11-30T21:00:00.000000000,1.9010000000000002,0.593,0.0,0.0,1.5617757329477724,0.0
376845,2025-11-30T22:00:00.000000000,1.379,0.631,0.0,0.0,0.9606869680245445,0.0
376845,2025-11-30T23:00:00.000000000,1.988,0.8009999999999999,0.0,0.0,0.0,0.0
376845,2025-12-01T00:00:00.000000000,2.6159999999999997,0.905,0.0,0.0,0.4311075442233389,0.0
376845,2025-12-01T01:00:00.000000000,1.653,1.167,0.0,0.0,0.9366551402704222,0.0
376845,2025-12-01T02:00:00.000000000,1.6320000000000001,1.164,0.0,0.0,1.3091484704593168,0.0
376845,2025-12-01T03:00:00.000000000,1.6179999999999999,1.1589999999999998,0.0,0.0,1.4885079654047169,0.0
376845,2025-12-01T04:00:00.000000000,1.6230000000000002,1.156,0.0,0.0,2.6704635914092885,0.0
376845,2025-12-01T05:00:00.000000000,1.62,1.156,0.0,0.0,3.1722012635441335,0.0
376845,2025-12-01T06:00:00.000000000,1.612,1.156,0.0,0.0,2.543270746954544,0.0
376845,2025-12-01T07:00:00.000000000,1.6840000000000002,1.156,0.0,0.0,2.694788490233584,0.0
376845,2025-12-01T08:00:00.000000000,1.733,1.154,0.0,0.0,2.1253514008889556,0.0
376845,2025-12-01T09:00:00.000000000,1.8419999999999996,1.147,0.0,0.0,3.2258332693856504,0.0
376845,2025-12-01T10:00:00.000000000,1.869,1.139,0.0,0.0,5.5715741150441165,0.0
376845,2025-12-01T11:00:00.000000000,1.857,1.132,0.0,0.0,4.214948131216901,0.0
376845,2025-12-01T12:00:00.000000000,1.8590000000000002,1.132,0.0,0.0,4.657192376106783,0.0
376845,2025-12-01T13:00:00.000000000,1.833,1.134,0.0,0.0,3.973164498324817,0.0
376845,2025-12-01T14:00:00.000000000,1.736,1.14,0.0,0.0,3.1332228112112275,0.0
376845,2025-12-01T15:00:00.000000000,1.732,1.136,0.0,0.0,3.9995408946403166,0.0
376845,2025-12-01T16:00:00.000000000,1.74,1.132,0.0,0.0,4.4795913075824165,0.0
376845,2025-12-01T17:00:00.000000000,2.575,1.134,0.0,0.0,3.855642999185756,0.0
376845,2025-12-01T18:00:00.000000000,3.7979999999999996,1.132,0.0,0.0,3.4066581196819112,0.0
376845,2025-12-01T19:00:00.000000000,2.5789999999999997,1.124,0.0,0.0,3.467323831207561,0.0
376845,2025-12-01T20:00:00.000000000,2.06,1.124,0.0,0.0,5.577435536447561,0.0
376845,2025-12-01T21:00:00.000000000,1.987,1.12,0.0,0.0,4.6592438735979895,0.0
376845,2025-12-01T22:00:00.000000000,1.7489999999999999,1.11,0.0,0.0,4.160729983235039,0.0
376845,2025-12-01T23:00:00.000000000,1.702,1.096,0.0,0.0,6.009129222811245,0.0
376845,2025-12-02T00:00:00.000000000,1.646,1.088,0.0,0.0,5.511201474588638,0.0
376845,2025-12-02T01:00:00.000000000,1.607,1.088,0.0,0.0,5.893952292233562,0.0
376845,2025-12-02T02:00:00.000000000,1.5550000000000002,1.086,0.0,0.0,5.375802640169073,0.0
376845,2025-12-02T03:00:00.000000000,1.5410000000000001,1.08,0.0,0.0,5.498013276430888,0.0
376845,2025-12-02T04:00:00.000000000,1.5370000000000001,1.08,0.0,0.0,5.9475842980750775,0.0
376845,2025-12-02T05:00:00.000000000,1.531,1.0750000000000002,0.0,0.0,5.641325029745106,0.0
376845,2025-12-02T06:00:00.000000000,1.5190000000000001,1.0630000000000002,0.0,0.0,5.943481303092668,0.0
376845,2025-12-02T07:00:00.000000000,1.5219999999999998,1.064,0.0,0.0,6.398620675070128,0.0
376845,2025-12-02T08:00:00.000000000,1.619,1.0630000000000002,0.0,0.0,6.630732962646528,0.0
376845,2025-12-02T09:00:00.000000000,1.664,1.0710000000000002,0.0,0.0,6.983590531133883,0.0
376845,2025-12-02T10:00:00.000000000,1.7149999999999999,1.0870000000000002,0.0,0.0,5.394559188660095,0.0
376845,2025-12-02T11:00:00.000000000,1.694,1.102,0.0,0.0,4.313126939724595,0.0
376845,2025-12-02T12:00:00.000000000,2.091,1.12,0.0,0.0,7.72037120154685,0.0
376845,2025-12-02T13:00:00.000000000,2.029,1.134,0.0,0.0,7.436385334549968,0.0
376845,2025-12-02T14:00:00.000000000,1.8769999999999998,1.144,0.0,0.0,2.9415543313185943,0.0
376845,2025-12-02T15:00:00.000000000,2.5170000000000003,1.1409999999999998,0.0,0.0,3.0491114140718003,0.0
376845,2025-12-02T16:00:00.000000000,2.217,1.136,0.0,0.0,2.5520628790597106,0.0
376845,2025-12-02T17:00:00.000000000,1.9689999999999999,1.134,0.0,0.0,3.27858606201665,0.0
376845,2025-12-02T18:00:00.000000000,2.033,1.123,0.0,0.0,3.5827938328554163,0.0
376845,2025-12-02T19:00:00.000000000,3.042,1.117,0.0,0.0,3.4711337551198,0.0
376845,2025-12-02T20:00:00.000000000,2.0509999999999997,1.1150000000000002,0.0,0.0,4.525896536669627,0.0
376845,2025-12-02T21:00:00.000000000,1.967,1.102,0.0,0.0,4.4620070433720835,0.0
376845,2025-12-02T22:00:00.000000000,1.891,1.088,0.0,0.0,4.428010799232106,0.0
376845,2025-12-02T23:00:00.000000000,1.7409999999999999,1.094,0.0,0.0,4.847395500648555,0.0
376845,2025-12-03T00:00:00.000000000,1.6649999999999998,1.109,0.0,0.0,4.1094425459548996,0.0
376845,2025-12-03T01:00:00.000000000,1.642,1.11,0.0,0.0,4.912750349296961,0.0
376845,2025-12-03T02:00:00.000000000,1.565,1.096,0.0,0.0,5.212268983012972,0.0
376845,2025-12-03T03:00:00.000000000,1.549,1.088,0.0,0.0,5.0290995641553335,0.0
376845,2025-12-03T04:00:00.000000000,1.5419999999999998,1.0830000000000002,0.0,0.0,5.192633221311433,0.0
376845,2025-12-03T05:00:00.000000000,1.535,1.08,0.0,0.0,5.735107772200218,0.0
376845,2025-12-03T06:00:00.000000000,1.556,1.088,0.0,0.0,4.983673548278639,0.0
376845,2025-12-03T07:00:00.000000000,1.585,1.081,0.0,0.0,6.238896941826267,0.0
376845,2025-12-03T08:00:00.000000000,1.5430000000000001,1.0830000000000002,0.0,0.0,5.420935584975594,0.0
376845,2025-12-03T09:00:00.000000000,1.5619999999999998,1.102,0.0,0.0,5.1416388551014665,0.0
376845,2025-12-03T10:00:00.000000000,1.5779999999999998,1.114,0.0,0.0,4.250409730707738,0.0
376845,2025-12-03T11:00:00.000000000,1.581,1.122,0.0,0.0,4.438268286688134,0.0
376845,2025-12-03T12:00:00.000000000,1.58,1.121,0.0,0.0,3.9992478235701445,0.0
376845,2025-12-03T13:00:00.000000000,1.587,1.124,0.0,0.0,3.6795072860122495,0.0
376845,2025-12-03T14:00:00.000000000,1.592,1.13,0.0,0.0,3.502492359628228,0.0
376845,2025-12-03T15:00:00.000000000,1.784,1.14,0.0,0.0,2.547666813007128,0.0
376845,2025-12-03T16:00:00.000000000,2.0109999999999997,1.14,0.0,0.0,7.366927490919149,0.0
376845,2025-12-03T17:00:00.000000000,1.894,1.14,0.0,0.0,5.789618991252251,0.0
376845,2025-12-03T18:00:00.000000000,2.0,1.136,0.0,0.0,2.6766180838829055,0.0
376845,2025-12-03T19:00:00.000000000,2.088,1.1280000000000001,0.0,0.0,3.371489591261244,0.0
376845,2025-12-03T20:00:00.000000000,3.5789999999999997,1.118,0.0,0.0,5.609380283096333,0.0
376845,2025-12-03T21:00:00.000000000,2.413,1.106,0.0,0.0,4.4080819664603945,0.0
376845,2025-12-03T22:00:00.000000000,1.8969999999999998,1.094,0.0,0.0,4.667449863562811,0.0
376845,2025-12-03T23:00:00.000000000,1.732,1.0870000000000002,0.0,0.0,5.2251641101005495,0.0
376845,2025-12-04T00:00:00.000000000,1.642,1.085,0.0,0.0,6.815953878995372,0.0
376845,2025-12-04T01:00:00.000000000,1.5590000000000002,1.074,0.0,0.0,6.010887649232278,0.0
376845,2025-12-04T02:00:00.000000000,1.532,1.06,0.0,0.0,6.4976786967883395,0.0
376845,2025-12-04T03:00:00.000000000,1.5270000000000001,1.066,0.0,0.0,5.879298738724951,0.0
376845,2025-12-04T04:00:00.000000000,1.532,1.076,0.0,0.0,5.648944877569583,0.0
376845,2025-12-04T05:00:00.000000000,1.532,1.076,0.0,0.0,6.105256533827734,0.0
376845,2025-12-04T06:00:00.000000000,1.568,1.076,0.0,0.0,7.470381578689945,0.0
376845,2025-12-04T07:00:00.000000000,2.666,1.0790000000000002,0.0,0.0,7.0635989332908995,0.0
376845,2025-12-04T08:00:00.000000000,1.628,1.09,0.0,0.0,7.095250608869501,0.0
376845,2025-12-04T09:00:00.000000000,1.599,1.104,0.0,0.0,4.948798090928145,0.0
376845,2025-12-04T10:00:00.000000000,1.708,1.112,0.0,0.0,5.451414976273506,0.0
376845,2025-12-04T11:00:00.000000000,1.581,1.121,0.0,0.0,4.327487422163033,0.0
376845,2025-12-04T12:00:00.000000000,1.588,1.1289999999999998,0.0,0.0,4.419218667126939,0.0
376845,2025-12-04T13:00:00.000000000,1.6010000000000002,1.14,0.0,0.0,3.5904136806798945,0.0
376845,2025-12-04T14:00:00.000000000,1.7080000000000002,1.144,0.0,0.0,4.02767571737685,0.0
376845,2025-12-04T15:00:00.000000000,1.746,1.15,0.0,0.0,2.3712380287634502,0.0
376845,2025-12-04T16:00:00.000000000,2.416,1.164,0.0,0.0,1.743186725384378,0.0
376845,2025-12-04T17:00:00.000000000,3.577,1.158,0.0,0.0,2.0409469326793555,0.0
376845,2025-12-04T18:00:00.000000000,2.105,1.147,0.0,0.0,2.0101744703112723,0.0
376845,2025-12-04T19:00:00.000000000,2.3049999999999997,1.138,0.0,0.0,3.380281723366411,0.0
376845,2025-12-04T20:00:00.000000000,2.074,1.138,0.0,0.0,2.7800721716537002,0.0
376845,2025-12-04T21:00:00.000000000,2.011,1.144,0.0,0.0,3.2375561121925394,0.0
376845,2025-12-04T22:00:00.000000000,2.31,1.141,0.0,0.0,3.5130429181544276,0.0
376845,2025-12-04T23:00:00.000000000,2.069,1.136,0.0,0.0,6.710741364803545,0.0
376845,2025-12-05T00:00:00.000000000,1.633,1.136,0.0,0.0,1.5875659871229277,0.0
376845,2025-12-05T01:00:00.000000000,1.621,1.136,0.0,0.0,3.045008419089389,0.0
376845,2025-12-05T02:00:00.000000000,1.604,1.136,0.0,0.0,1.8680350012777445,0.0
376845,2025-12-05T03:00:00.000000000,1.593,1.136,0.0,0.0,1.8460546710148278,0.0
376845,2025-12-05T04:00:00.000000000,1.592,1.136,0.0,0.0,2.161106071449967,0.0
376845,2025-12-05T05:00:00.000000000,1.592,1.136,0.0,0.0,1.6901408616832057,0.0
376845,2025-12-05T06:00:00.000000000,1.615,1.136,0.0,0.0,2.103371070626039,0.0
376845,2025-12-05T07:00:00.000000000,1.6270000000000002,1.136,0.0,0.0,3.2111797158770385,0.0
376845,2025-12-05T08:00:00.000000000,1.5950000000000002,1.136,0.0,0.0,1.7276539586652502,0.0
376845,2025-12-05T09:00:00.000000000,1.596,1.136,0.0,0.0,1.7616502028052279,0.0
376845,2025-12-05T10:00:00.000000000,1.596,1.136,0.0,0.0,2.1895339652566723,0.0
376845,2025-12-05T11:00:00.000000000,1.599,1.139,0.0,0.0,2.0444637855214225,0.0
376845,2025-12-05T12:00:00.000000000,1.6050000000000002,1.148,0.0,0.0,1.3135445365119,0.0
376845,2025-12-05T13:00:00.000000000,1.6070000000000002,1.148,0.0,0.0,1.7437728675247222,0.0
376845,2025-12-05T14:00:00.000000000,1.608,1.148,0.0,0.0,1.2848235716350223,0.0
376845,2025-12-05T15:00:00.000000000,1.608,1.148,0.0,0.0,1.7546164971210945,0.0
376845,2025-12-05T16:00:00.000000000,1.608,1.148,0.0,0.0,1.3607289788096277,0.0
376845,2025-12-05T17:00:00.000000000,1.808,1.148,0.0,0.0,1.483525757211789,0.0
376845,2025-12-05T18:00:00.000000000,1.842,1.148,0.0,0.0,1.6318197187189334,0.0
376845,2025-12-05T19:00:00.000000000,1.866,1.148,0.0,0.0,1.0925689496020445,0.0
376845,2025-12-05T20:00:00.000000000,1.966,1.148,0.0,0.0,1.0231111059712277,0.0
376845,2025-12-05T21:00:00.000000000,2.015,1.148,0.0,0.0,3.216748066210311,0.0
376845,2025-12-05T22:00:00.000000000,1.948,1.148,0.0,0.0,1.6819348717183833,0.0
376845,2025-12-05T23:00:00.000000000,1.852,1.145,0.0,0.0,2.166674421783239,0.0
376845,2025-12-06T00:00:00.000000000,1.6969999999999998,1.1409999999999998,0.0,0.0,2.015449749574372,0.0
376845,2025-12-06T01:00:00.000000000,1.641,1.136,0.0,0.0,3.05174905370335,0.0
376845,2025-12-06T02:00:00.000000000,1.604,1.136,0.0,0.0,3.6244099248198727,0.0
376845,2025-12-06T03:00:00.000000000,1.593,1.135,0.0,0.0,1.818505990418639,0.0
376845,2025-12-06T04:00:00.000000000,1.592,1.136,0.0,0.0,1.8545537320498224,0.0
376845,2025-12-06T05:00:00.000000000,1.592,1.136,0.0,0.0,2.4638484869378723,0.0
376845,2025-12-06T06:00:00.000000000,1.602,1.136,0.0,0.0,1.9421819820313166,0.0
376845,2025-12-06T07:00:00.000000000,2.142,1.136,0.0,0.0,2.0459291408722833,0.0
376845,2025-12-06T08:00:00.000000000,2.276,1.136,0.0,0.0,1.4726821276154165,0.0
376845,2025-12-06T09:00:00.000000000,1.755,1.131,0.0,0.0,3.6220653562584944,0.0
376845,2025-12-06T10:00:00.000000000,1.585,1.124,0.0,0.0,2.2305639150807828,0.0
376845,2025-12-06T11:00:00.000000000,1.588,1.128,0.0,0.0,2.2504927478524945,0.0
376845,2025-12-06T12:00:00.000000000,1.5979999999999999,1.138,0.0,0.0,2.271593864904894,0.0
376845,2025-12-06T13:00:00.000000000,1.6060000000000003,1.1449999999999998,0.0,0.0,1.631819718718933,0.0
376845,2025-12-06T14:00:00.000000000,1.615,1.152,0.0,0.0,1.423153116756311,0.0
376845,2025-12-06T15:00:00.000000000,1.62,1.16,0.0,0.0,0.8249950625348055,0.0
376845,2025-12-06T16:00:00.000000000,1.6190000000000002,1.1589999999999998,0.0,0.0,0.8050662297630944,0.0
376845,2025-12-06T17:00:00.000000000,1.642,1.155,0.0,0.0,1.8979282504353112,0.0
376845,2025-12-06T18:00:00.000000000,2.051,1.152,0.0,0.0,1.4700444879838668,0.0
376845,2025-12-06T19:00:00.000000000,2.1329999999999996,1.148,0.0,0.0,1.8955836818739331,0.0
376845,2025-12-06T20:00:00.000000000,1.852,1.1449999999999998,0.0,0.0,1.7724938324016,0.0
376845,2025-12-06T21:00:00.000000000,1.9,1.1349999999999998,0.0,0.0,2.1951023155899447,0.0
376845,2025-12-06T22:00:00.000000000,1.935,1.132,0.0,0.0,3.270380072051828,0.0
376845,2025-12-06T23:00:00.000000000,1.807,1.132,0.0,0.0,2.907265016108444,0.0
376845,2025-12-07T00:00:00.000000000,1.6600000000000001,1.132,0.0,0.0,3.700901474134822,0.0
376845,2025-12-07T01:00:00.000000000,1.614,1.129,0.0,0.0,3.5877760410483446,0.0
376845,2025-12-07T02:00:00.000000000,1.592,1.124,0.0,0.0,3.1619437760881057,0.0
376845,2025-12-07T03:00:00.000000000,1.576,1.117,0.0,0.0,3.81666454685285,0.0
376845,2025-12-07T04:00:00.000000000,1.5700000000000003,1.112,0.0,0.0,3.6346674122759,0.0
376845,2025-12-07T05:00:00.000000000,1.573,1.117,0.0,0.0,3.8834847508521166,0.0
376845,2025-12-07T06:00:00.000000000,1.556,1.101,0.0,0.0,4.039398560183739,0.0
376845,2025-12-07T07:00:00.000000000,1.5830000000000002,1.102,0.0,0.0,3.974336782605506,0.0
376845,2025-12-07T08:00:00.000000000,1.726,1.116,0.0,0.0,4.942350527384356,0.0
376845,2025-12-07T09:00:00.000000000,1.6230000000000002,1.13,0.0,0.0,3.04647377444025,0.0
376845,2025-12-07T10:00:00.000000000,1.605,1.1429999999999998,0.0,0.0,2.7583849124609556,0.0
376845,2025-12-07T11:00:00.000000000,1.6180000000000003,1.158,0.0,0.0,2.5379954676914442,0.0
376845,2025-12-07T12:00:00.000000000,1.6309999999999998,1.173,0.0,0.0,2.419887826412039,0.0
376845,2025-12-07T13:00:00.000000000,1.634,1.172,0.0,0.0,1.9131679460842668,0.0
376845,2025-12-07T14:00:00.000000000,1.628,1.168,0.0,0.0,3.1062602727553834,0.0
376845,2025-12-07T15:00:00.000000000,1.6239999999999999,1.162,0.0,0.0,2.7938465119517946,0.0
376845,2025-12-07T16:00:00.000000000,2.412,1.156,0.0,0.0,2.273352291325928,0.0
376845,2025-12-07T17:00:00.000000000,2.176,1.156,0.0,0.0,2.1657952085727223,0.0
376845,2025-12-07T18:00:00.000000000,2.4589999999999996,1.153,0.0,0.0,3.1115355520184833,0.0
376845,2025-12-07T19:00:00.000000000,3.2219999999999995,1.152,0.0,0.0,2.2754037888171332,0.0
376845,2025-12-07T20:00:00.000000000,2.497,1.154,0.0,0.0,3.303204031911117,0.0
376845,2025-12-07T21:00:00.000000000,1.882,1.156,0.0,0.0,2.447143435938055,0.0
376845,2025-12-07T22:00:00.000000000,1.7950000000000002,1.156,0.0,0.0,3.246641315367878,0.0
376845,2025-12-07T23:00:00.000000000,1.761,1.156,0.0,0.0,3.058489688317311,0.0
376845,2025-12-08T00:00:00.000000000,1.71,1.156,0.0,0.0,2.9667584433534055,0.0
376845,2025-12-08T01:00:00.000000000,1.66,1.156,0.0,0.0,3.348336976717639,0.0
376845,2025-12-08T02:00:00.000000000,1.618,1.15,0.0,0.0,3.0722640286154057,0.0
376845,2025-12-08T03:00:00.000000000,1.605,1.144,0.0,0.0,3.950011883781211,0.0
376845,2025-12-08T04:00:00.000000000,1.61,1.1529999999999998,0.0,0.0,2.9720337226165054,0.0
376845,2025-12-08T05:00:00.000000000,1.6090000000000002,1.152,0.0,0.0,3.712624316941711,0.0
376845,2025-12-08T06:00:00.000000000,1.5990000000000002,1.144,0.0,0.0,3.389659997611922,0.0
376845,2025-12-08T07:00:00.000000000,1.667,1.14,0.0,0.0,3.6466833261529614,0.0
376845,2025-12-08T08:00:00.000000000,1.7209999999999999,1.142,0.0,0.0,3.7946842165899333,0.0
376845,2025-12-08T09:00:00.000000000,1.774,1.147,0.0,0.0,3.6247029958900443,0.0
376845,2025-12-08T10:00:00.000000000,1.872,1.14,0.0,0.0,4.090392926393705,0.0
376845,2025-12-08T11:00:00.000000000,1.8690000000000002,1.143,0.0,0.0,2.269542367413689,0.0
376845,2025-12-08T12:00:00.000000000,3.044,1.144,0.0,0.0,2.024534952749711,0.0
376845,2025-12-08T13:00:00.000000000,3.641,1.15,0.0,0.0,1.4278422538790667,0.0
376845,2025-12-08T14:00:00.000000000,1.896,1.1609999999999998,0.0,0.0,2.02306959739885,0.0
376845,2025-12-08T15:00:00.000000000,1.897,1.168,0.0,0.0,1.6306474344382444,0.0
376845,2025-12-08T16:00:00.000000000,1.923,1.168,0.0,0.0,3.1393773036848445,0.0
376845,2025-12-08T17:00:00.000000000,2.0010000000000003,1.168,0.0,0.0,3.9212909189043335,0.0
376845,2025-12-08T18:00:00.000000000,2.074,1.166,0.0,0.0,2.8181714107760887,0.0
376845,2025-12-08T19:00:00.000000000,2.119,1.16,0.0,0.0,2.0805115271526056,0.0
376845,2025-12-08T20:00:00.000000000,2.093,1.158,0.0,0.0,1.9553701801890666,0.0
376845,2025-12-08T21:00:00.000000000,2.025,1.158,0.0,0.0,1.8483992395762057,0.0
376845,2025-12-08T22:00:00.000000000,1.951,1.152,0.0,0.0,2.650534758637578,0.0
376845,2025-12-08T23:00:00.000000000,1.888,1.152,0.0,0.0,1.9884872111185279,0.0
376845,2025-12-09T00:00:00.000000000,1.7750000000000001,1.152,0.0,0.0,1.7212063951214613,0.0
376845,2025-12-09T01:00:00.000000000,1.692,1.146,0.0,0.0,3.2316946907890944,0.0
376845,2025-12-09T02:00:00.000000000,1.6509999999999998,1.136,0.0,0.0,2.4025966332718776,0.0
376845,2025-12-09T03:00:00.000000000,1.63,1.1349999999999998,0.0,0.0,3.003099256054761,0.0
376845,2025-12-09T04:00:00.000000000,1.5970000000000002,1.132,0.0,0.0,3.2231956297541,0.0
376845,2025-12-09T05:00:00.000000000,1.588,1.132,0.0,0.0,2.8337041774952167,0.0
376845,2025-12-09T06:00:00.000000000,1.584,1.1280000000000001,0.0,0.0,3.4019689825591555,0.0
376845,2025-12-09T07:00:00.000000000,1.5850000000000002,1.1260000000000001,0.0,0.0,3.211179715877039,0.0
376845,2025-12-09T08:00:00.000000000,1.59,1.1280000000000001,0.0,0.0,3.6147385795041886,0.0
376845,2025-12-09T09:00:00.000000000,2.33,1.124,0.0,0.0,2.804983212618339,0.0
376845,2025-12-09T10:00:00.000000000,2.141,1.124,0.0,0.0,2.8674073505650224,0.0
376845,2025-12-09T11:00:00.000000000,1.8210000000000002,1.1289999999999998,0.0,0.0,3.6223584273286664,0.0
376845,2025-12-09T12:00:00.000000000,1.854,1.142,0.0,0.0,3.3984521297170893,0.0
376845,2025-12-09T13:00:00.000000000,2.592,1.155,0.0,0.0,2.783589024495767,0.0
376845,2025-12-09T14:00:00.000000000,1.8599999999999999,1.16,0.0,0.0,4.153989348621078,0.0
376845,2025-12-09T15:00:00.000000000,1.8849999999999998,1.156,0.0,0.0,1.9193224385578835,0.0
376845,2025-12-09T16:00:00.000000000,1.911,1.156,0.0,0.0,2.4069926993244612,0.0
376845,2025-12-09T17:00:00.000000000,1.9939999999999998,1.1589999999999998,0.0,0.0,1.7253093901038723,0.0
376845,2025-12-09T18:00:00.000000000,2.075,1.168,0.0,0.0,1.8363833256991446,0.0
376845,2025-12-09T19:00:00.000000000,2.125,1.168,0.0,0.0,2.0517905622757278,0.0
376845,2025-12-09T20:00:00.000000000,2.042,1.163,0.0,0.0,1.1930923266711166,0.0
376845,2025-12-09T21:00:00.000000000,1.824,1.152,0.0,0.0,2.3281565814481335,0.0
376845,2025-12-09T22:00:00.000000000,1.784,1.144,0.0,0.0,2.0406538616091834,0.0
376845,2025-12-09T23:00:00.000000000,1.78,1.144,0.0,0.0,1.5037476610536724,0.0
376845,2025-12-10T00:00:00.000000000,1.699,1.144,0.0,0.0,1.6028056827718835,0.0
376845,2025-12-10T01:00:00.000000000,1.657,1.138,0.0,0.0,3.1839241063510224,0.0
376845,2025-12-10T02:00:00.000000000,1.6,1.132,0.0,0.0,3.1710289792634443,0.0
376845,2025-12-10T03:00:00.000000000,1.594,1.136,0.0,0.0,1.9802812211537058,0.0
376845,2025-12-10T04:00:00.000000000,1.594,1.1369999999999998,0.0,0.0,2.5605619400947055,0.0
376845,2025-12-10T05:00:00.000000000,1.584,1.128,0.0,0.0,2.3973213540087777,0.0
376845,2025-12-10T06:00:00.000000000,1.581,1.126,0.0,0.0,2.9878595604058056,0.0
376845,2025-12-10T07:00:00.000000000,1.648,1.12,0.0,0.0,2.8038109283376498,0.0
376845,2025-12-10T08:00:00.000000000,1.704,1.125,0.0,0.0,2.5456153155159225,0.0
376845,2025-12-10T09:00:00.000000000,1.836,1.143,0.0,0.0,2.2466828239402554,0.0
376845,2025-12-10T10:00:00.000000000,1.876,1.144,0.0,0.0,2.148504015432561,0.0
376845,2025-12-10T11:00:00.000000000,1.735,1.141,0.0,0.0,3.4787536029442774,0.0
376845,2025-12-10T12:00:00.000000000,1.6949999999999998,1.136,0.0,0.0,3.2917742601744,0.0
376845,2025-12-10T13:00:00.000000000,1.668,1.139,0.0,0.0,2.734060013636661,0.0
376845,2025-12-10T14:00:00.000000000,1.608,1.148,0.0,0.0,1.9260630731718442,0.0
376845,2025-12-10T15:00:00.000000000,1.676,1.148,0.0,0.0,1.9234254335402947,0.0
376845,2025-12-10T16:00:00.000000000,1.756,1.148,0.0,0.0,1.808248502962611,0.0
376845,2025-12-10T17:00:00.000000000,1.941,1.1509999999999998,0.0,0.0,1.2877542823367443,0.0
376845,2025-12-10T18:00:00.000000000,1.9060000000000001,1.156,0.0,0.0,0.9220015867618111,0.0
376845,2025-12-10T19:00:00.000000000,1.863,1.1449999999999998,0.0,0.0,1.4729751986855888,0.0
376845,2025-12-10T20:00:00.000000000,1.9010000000000002,1.136,0.0,0.0,1.6819348717183833,0.0
376845,2025-12-10T21:00:00.000000000,2.006,1.136,0.0,0.0,1.5119536510184943,0.0
376845,2025-12-10T22:00:00.000000000,1.94,1.136,0.0,0.0,0.9222946578319833,0.0
376845,2025-12-10T23:00:00.000000000,1.783,1.136,0.0,0.0,1.0280933141641557,0.0
376845,2025-12-11T00:00:00.000000000,1.606,1.136,0.0,0.0,1.542726113386578,0.0
376845,2025-12-11T01:00:00.000000000,1.6249999999999998,1.136,0.0,0.0,1.8665696459268835,0.0
376845,2025-12-11T02:00:00.000000000,1.608,1.136,0.0,0.0,1.210969661951622,0.0
376845,2025-12-11T03:00:00.000000000,1.597,1.136,0.0,0.0,1.5119536510184945,0.0
376845,2025-12-11T04:00:00.000000000,1.596,1.136,0.0,0.0,1.0362993041289779,0.0
376845,2025-12-11T05:00:00.000000000,1.5979999999999999,1.142,0.0,0.0,1.0149051160064055,0.0
376845,2025-12-11T06:00:00.000000000,1.6,1.1449999999999998,0.0,0.0,1.49554167108885,0.0
376845,2025-12-11T07:00:00.000000000,1.618,1.136,0.0,0.0,1.143270244741839,0.0
376845,2025-12-11T08:00:00.000000000,1.715,1.136,0.0,0.0,2.1227137612574056,0.0
376845,2025-12-11T09:00:00.000000000,1.7690000000000001,1.142,0.0,0.0,2.1209553348363723,0.0
376845,2025-12-11T10:00:00.000000000,1.7489999999999999,1.154,0.0,0.0,2.1133354870118946,0.0
376845,2025-12-11T11:00:00.000000000,1.618,1.158,0.0,0.0,0.9897010039715943,0.0
376845,2025-12-11T12:00:00.000000000,1.614,1.155,0.0,0.0,1.7443590096650667,0.0
376845,2025-12-11T13:00:00.000000000,1.624,1.164,0.0,0.0,1.0201803952695054,0.0
376845,2025-12-11T14:00:00.000000000,1.63,1.17,0.0,0.0,1.1051710056194501,0.0
376845,2025-12-11T15:00:00.000000000,1.702,1.173,0.0,0.0,0.5064268092576,0.0
376845,2025-12-11T16:00:00.000000000,1.772,1.164,0.0,0.0,0.02784175166636111,0.0
376845,2025-12-11T17:00:00.000000000,1.824,1.164,0.0,0.0,0.7487965842900277,0.0
376845,2025-12-11T18:00:00.000000000,2.095,1.153,0.0,0.0,0.07971533108684445,0.0
376845,2025-12-11T19:00:00.000000000,2.279,1.1469999999999998,0.0,0.0,0.5307517080818944,0.0
376845,2025-12-11T20:00:00.000000000,2.206,1.164,0.0,0.0,2.2938672662379833,0.0
376845,2025-12-11T21:00:00.000000000,2.186,1.164,0.0,0.0,1.9058411693299613,0.0
376845,2025-12-11T22:00:00.000000000,2.194,1.164,0.0,0.0,4.842999434595972,0.0
376845,2025-12-11T23:00:00.000000000,1.8969999999999998,1.158,0.0,0.0,0.5263556420293112,0.0
376845,2025-12-12T00:00:00.000000000,1.746,1.14,0.0,0.0,0.77810369130725,0.0
376845,2025-12-12T01:00:00.000000000,1.6709999999999998,1.124,0.0,0.0,2.042119216960044,0.0
376845,2025-12-12T02:00:00.000000000,1.592,1.124,0.0,0.0,1.2880473534069168,0.0
376845,2025-12-12T03:00:00.000000000,1.584,1.124,0.0,0.0,1.5057991585448778,0.0
376845,2025-12-12T04:00:00.000000000,1.581,1.124,0.0,0.0,0.8581120934642668,0.0
376845,2025-12-12T05:00:00.000000000,1.58,1.124,0.0,0.0,1.1714050674783723,0.0
376845,2025-12-12T06:00:00.000000000,1.629,1.124,0.0,0.0,1.153820803268039,0.0
376845,2025-12-12T07:00:00.000000000,1.746,1.124,0.0,0.0,2.1822071885023666,0.0
376845,2025-12-12T08:00:00.000000000,1.7990000000000002,1.1340000000000001,0.0,0.0,1.0732262589706778,0.0
376845,2025-12-12T09:00:00.000000000,1.6440000000000001,1.152,0.0,0.0,0.5556627490465333,0.0
376845,2025-12-12T10:00:00.000000000,1.612,1.152,0.0,0.0,2.2707146516943775,0.0
376845,2025-12-12T11:00:00.000000000,1.615,1.155,0.0,0.0,1.4515810105630167,0.0
376845,2025-12-12T12:00:00.000000000,1.624,1.164,0.0,0.0,0.6128116077301167,0.0
376845,2025-12-12T13:00:00.000000000,1.62,1.158,0.0,0.0,0.3818716044344056,0.0
376845,2025-12-12T14:00:00.000000000,1.607,1.146,0.0,0.0,0.8607497330958166,0.0
376845,2025-12-12T15:00:00.000000000,1.6,1.14,0.0,0.0,1.407034207896839,0.0
376845,2025-12-12T16:00:00.000000000,1.6,1.14,0.0,0.0,0.8601635909554722,0.0
376845,2025-12-12T17:00:00.000000000,1.8,1.14,0.0,0.0,1.5318824837902056,0.0
376845,2025-12-12T18:00:00.000000000,1.834,1.14,0.0,0.0,0.9970277807259,0.0
376845,2025-12-12T19:00:00.000000000,1.858,1.14,0.0,0.0,1.86481121950585,0.0
376845,2025-12-12T20:00:00.000000000,1.846,1.14,0.0,0.0,2.4468503648678834,0.0
376845,2025-12-12T21:00:00.000000000,1.8570000000000002,1.14,0.0,0.0,1.3580913391780778,0.0
376845,2025-12-12T22:00:00.000000000,1.8119999999999998,1.134,0.0,0.0,1.0726401168303332,0.0
376845,2025-12-12T23:00:00.000000000,1.8639999999999999,1.124,0.0,0.0,2.564078792936772,0.0
376845,2025-12-13T00:00:00.000000000,1.713,1.124,0.0,0.0,2.5379954676914447,0.0
376845,2025-12-13T01:00:00.000000000,1.6340000000000003,1.1289999999999998,0.0,0.0,2.04417071445125,0.0
376845,2025-12-13T02:00:00.000000000,1.599,1.131,0.0,0.0,2.3428101349567445,0.0
376845,2025-12-13T03:00:00.000000000,1.586,1.127,0.0,0.0,2.121834548046889,0.0
376845,2025-12-13T04:00:00.000000000,1.608,1.136,0.0,0.0,2.565837219357806,0.0
376845,2025-12-13T05:00:00.000000000,1.6239999999999999,1.1429999999999998,0.0,0.0,2.4072857703946333,0.0
376845,2025-12-13T06:00:00.000000000,1.641,1.14,0.0,0.0,2.566716432568322,0.0
376845,2025-12-13T07:00:00.000000000,2.2929999999999997,1.132,0.0,0.0,3.2777068488061336,0.0
376845,2025-12-13T08:00:00.000000000,1.909,1.1260000000000001,0.0,0.0,3.5432292383821666,0.0
376845,2025-12-13T09:00:00.000000000,1.692,1.13,0.0,0.0,2.7413867903909668,0.0
376845,2025-12-13T10:00:00.000000000,1.624,1.129,0.0,0.0,2.676031941742561,0.0
376845,2025-12-13T11:00:00.000000000,1.5870000000000002,1.128,0.0,0.0,2.6039364584801947,0.0
376845,2025-12-13T12:00:00.000000000,1.596,1.136,0.0,0.0,1.8513299502779277,0.0
376845,2025-12-13T13:00:00.000000000,1.5979999999999999,1.136,0.0,0.0,2.7082697594615057,0.0
376845,2025-12-13T14:00:00.000000000,1.6,1.136,0.0,0.0,1.9922971350307668,0.0
376845,2025-12-13T15:00:00.000000000,1.6,1.138,0.0,0.0,1.3560398416868722,0.0
376845,2025-12-13T16:00:00.000000000,1.6,1.139,0.0,0.0,1.6954161409463055,0.0
376845,2025-12-13T17:00:00.000000000,1.748,1.133,0.0,0.0,1.8838608390670446,0.0
376845,2025-12-13T18:00:00.000000000,2.0810000000000004,1.124,0.0,0.0,6.765838725995922,0.0
376845,2025-12-13T19:00:00.000000000,1.936,1.124,0.0,0.0,4.356501458110083,0.0
376845,2025-12-13T20:00:00.000000000,1.774,1.124,0.0,0.0,2.243165971098189,0.0
376845,2025-12-13T21:00:00.000000000,1.6400000000000001,1.118,0.0,0.0,3.525644974171833,0.0
376845,2025-12-13T22:00:00.000000000,1.907,1.104,0.0,0.0,3.921583989974506,0.0
376845,2025-12-13T23:00:00.000000000,1.751,1.104,0.0,0.0,3.98019820400895,0.0
376845,2025-12-14T00:00:00.000000000,1.6059999999999999,1.108,0.0,0.0,4.068998738271134,0.0
376845,2025-12-14T01:00:00.000000000,1.5950000000000002,1.11,0.0,0.0,4.039984702324083,0.0
376845,2025-12-14T02:00:00.000000000,1.576,1.108,0.0,0.0,3.837472592835078,0.0
376845,2025-12-14T03:00:00.000000000,1.568,1.11,0.0,0.0,4.158678485743834,0.0
376845,2025-12-14T04:00:00.000000000,1.565,1.1070000000000002,0.0,0.0,3.902241299343139,0.0
376845,2025-12-14T05:00:00.000000000,1.5610000000000002,1.105,0.0,0.0,4.292611964812539,0.0
376845,2025-12-14T06:00:00.000000000,1.594,1.102,0.0,0.0,4.739545346825178,0.0
376845,2025-12-14T07:00:00.000000000,2.298,1.114,0.0,0.0,3.343354768524711,0.0
376845,2025-12-14T08:00:00.000000000,3.519,1.12,0.0,0.0,2.8920253204594886,0.0
376845,2025-12-14T09:00:00.000000000,2.241,1.121,0.0,0.0,4.034123280920639,0.0
376845,2025-12-14T10:00:00.000000000,1.621,1.124,0.0,0.0,4.045553052657355,0.0
376845,2025-12-14T11:00:00.000000000,1.585,1.124,0.0,0.0,3.8878808169047003,0.0
376845,2025-12-14T12:00:00.000000000,1.588,1.13,0.0,0.0,3.4043135511205334,0.0
376845,2025-12-14T13:00:00.000000000,1.5950000000000002,1.134,0.0,0.0,3.0951235720888395,0.0
376845,2025-12-14T14:00:00.000000000,1.5890000000000002,1.1269999999999998,0.0,0.0,3.4048996932608784,0.0
376845,2025-12-14T15:00:00.000000000,1.584,1.124,0.0,0.0,3.2132312133682444,0.0
376845,2025-12-14T16:00:00.000000000,1.586,1.1260000000000001,0.0,0.0,2.941847402388767,0.0
376845,2025-12-14T17:00:00.000000000,1.621,1.134,0.0,0.0,3.386143144769856,0.0
376845,2025-12-14T18:00:00.000000000,2.264,1.147,0.0,0.0,1.9512671852066554,0.0
376845,2025-12-14T19:00:00.000000000,1.867,1.148,0.0,0.0,2.046222211942456,0.0
376845,2025-12-14T20:00:00.000000000,1.9500000000000002,1.132,0.0,0.0,1.6980537805778557,0.0
376845,2025-12-14T21:00:00.000000000,1.9449999999999998,1.124,0.0,0.0,1.8284704068044944,0.0
376845,2025-12-14T22:00:00.000000000,1.764,1.124,0.0,0.0,2.92514235138895,0.0
376845,2025-12-14T23:00:00.000000000,2.6990000000000003,1.124,0.0,0.0,2.1839656149234,0.0
376845,2025-12-15T00:00:00.000000000,1.685,1.1289999999999998,0.0,0.0,2.1675536349937556,0.0
376845,2025-12-15T01:00:00.000000000,1.679,1.132,0.0,0.0,2.7563334149697503,0.0
376845,2025-12-15T02:00:00.000000000,1.6110000000000002,1.128,0.0,0.0,3.270380072051828,0.0
376845,2025-12-15T03:00:00.000000000,1.597,1.138,0.0,0.0,2.1115770605908613,0.0
376845,2025-12-15T04:00:00.000000000,1.6010000000000002,1.144,0.0,0.0,2.4456780805871943,0.0
376845,2025-12-15T05:00:00.000000000,2.1180000000000003,1.144,0.0,0.0,1.895290610803761,0.0
376845,2025-12-15T06:00:00.000000000,1.672,1.136,0.0,0.0,2.8574429341791667,0.0
376845,2025-12-15T07:00:00.000000000,2.167,1.136,0.0,0.0,4.0077468846051385,0.0
376845,2025-12-15T08:00:00.000000000,1.6219999999999999,1.14,0.0,0.0,3.1968192334386,0.0
376845,2025-12-15T09:00:00.000000000,1.7040000000000002,1.142,0.0,0.0,3.280930630578028,0.0
376845,2025-12-15T10:00:00.000000000,1.884,1.144,0.0,0.0,4.042036199815288,0.0
376845,2025-12-15T11:00:00.000000000,1.89,1.1449999999999998,0.0,0.0,9.028054316655306,0.0
376845,2025-12-15T12:00:00.000000000,1.8070000000000002,1.146,0.0,0.0,3.3398379156826445,0.0
376845,2025-12-15T13:00:00.000000000,1.839,1.14,0.0,0.0,4.266528639567211,0.0
376845,2025-12-15T14:00:00.000000000,1.812,1.144,0.0,0.0,4.405737397899016,0.0
376845,2025-12-15T15:00:00.000000000,1.871,1.14,0.0,0.0,3.264518650648383,0.0
376845,2025-12-15T16:00:00.000000000,3.323,1.132,0.0,0.0,3.1176900444921003,0.0
376845,2025-12-15T17:00:00.000000000,2.1380000000000003,1.131,0.0,0.0,9.955038111610044,0.0
376845,2025-12-15T18:00:00.000000000,1.832,1.12,0.0,0.0,6.3936384668772,0.0
376845,2025-12-15T19:00:00.000000000,1.871,1.0910000000000002,0.0,0.0,5.832993509637739,0.0
376845,2025-12-15T20:00:00.000000000,1.996,1.061,0.0,0.0,8.372454332680045,0.0
376845,2025-12-15T21:00:00.000000000,1.873,1.052,0.0,0.0,6.567429611489328,0.0
376845,2025-12-15T22:00:00.000000000,1.686,1.0470000000000002,0.0,0.0,6.847019412433628,0.0
376845,2025-12-15T23:00:00.000000000,1.398,0.793,0.0,0.0,7.225374164025967,0.0
376845,2025-12-16T00:00:00.000000000,1.6019999999999999,1.046,0.0,0.0,6.910029692520656,0.0
376845,2025-12-16T01:00:00.000000000,1.592,1.0470000000000002,0.0,0.0,7.39740688221706,0.0
376845,2025-12-16T02:00:00.000000000,1.556,1.042,0.0,0.0,6.809799386521757,0.0
376845,2025-12-16T03:00:00.000000000,1.548,1.054,0.0,0.0,6.793680477662284,0.0
376845,2025-12-16T04:00:00.000000000,1.5350000000000001,1.069,0.0,0.0,5.919742546408716,0.0
376845,2025-12-16T05:00:00.000000000,1.535,1.0790000000000002,0.0,0.0,5.642790385095966,0.0
376845,2025-12-16T06:00:00.000000000,1.5420000000000003,1.0870000000000002,0.0,0.0,5.87783338337409,0.0
376845,2025-12-16T07:00:00.000000000,1.803,1.093,0.0,0.0,6.870172026977233,0.0
376845,2025-12-16T08:00:00.000000000,2.445,1.104,0.0,0.0,4.42332166210935,0.0
376845,2025-12-16T09:00:00.000000000,1.702,1.108,0.0,0.0,4.828052810017189,0.0
376845,2025-12-16T10:00:00.000000000,1.706,1.1110000000000002,0.0,0.0,4.856187632753722,0.0
376845,2025-12-16T11:00:00.000000000,1.712,1.119,0.0,0.0,4.3248497825314836,0.0
376845,2025-12-16T12:00:00.000000000,1.724,1.132,0.0,0.0,3.158719994316211,0.0
376845,2025-12-16T13:00:00.000000000,1.915,1.133,0.0,0.0,3.081056160720572,0.0
376845,2025-12-16T14:00:00.000000000,2.075,1.131,0.0,0.0,6.848777838854661,0.0
376845,2025-12-16T15:00:00.000000000,1.86,1.1289999999999998,0.0,0.0,2.3946837143772277,0.0
376845,2025-12-16T16:00:00.000000000,1.784,1.142,0.0,0.0,1.4416165941771613,0.0
376845,2025-12-16T17:00:00.000000000,1.81,1.148,0.0,0.0,2.37651330802655,0.0
376845,2025-12-16T18:00:00.000000000,1.842,1.148,0.0,0.0,3.0702125311242003,0.0
376845,2025-12-16T19:00:00.000000000,1.9869999999999997,1.148,0.0,0.0,2.8325318932145276,0.0
376845,2025-12-16T20:00:00.000000000,1.967,1.1489999999999998,0.0,0.0,2.9169363614241277,0.0
376845,2025-12-16T21:00:00.000000000,2.009,1.144,0.0,0.0,3.3278220018055835,0.0
376845,2025-12-16T22:00:00.000000000,1.935,1.134,0.0,0.0,3.8122684808002667,0.0
376845,2025-12-16T23:00:00.000000000,1.7699999999999998,1.126,0.0,0.0,3.7559988353272002,0.0
376845,2025-12-17T00:00:00.000000000,1.666,1.11,0.0,0.0,4.328952777513894,0.0
376845,2025-12-17T01:00:00.000000000,1.588,1.084,0.0,0.0,6.124892295529273,0.0
376845,2025-12-17T02:00:00.000000000,1.529,1.061,0.0,0.0,6.225122601528172,0.0
376845,2025-12-17T03:00:00.000000000,1.5090000000000001,1.05,0.0,0.0,6.4516665387713,0.0
376845,2025-12-17T04:00:00.000000000,1.5,1.0430000000000001,0.0,0.0,7.112834873079833,0.0
376845,2025-12-17T05:00:00.000000000,0.505,0.048,0.0,0.0,9.35424241775699,0.0
376845,2025-12-17T06:00:00.000000000,0.517,0.048,0.0,0.0,10.047062427644121,0.0
376845,2025-12-17T07:00:00.000000000,0.5890000000000001,0.048,0.0,0.0,10.0177553206269,0.0
376845,2025-12-17T08:00:00.000000000,0.5730000000000001,0.048,0.0,0.0,10.711161472654378,0.0
376845,2025-12-17T09:00:00.000000000,0.642,0.048,0.0,0.0,10.867661424126343,0.0
376845,2025-12-17T10:00:00.000000000,0.512,0.048,0.0,0.0,9.994602706083295,0.0
376845,2025-12-17T11:00:00.000000000,0.756,0.29500000000000004,0.0,0.0,10.74193393502246,0.0
376845,2025-12-17T12:00:00.000000000,1.512,1.054,0.0,0.0,6.95018042913425,0.0
376845,2025-12-17T13:00:00.000000000,1.537,1.074,0.0,0.0,6.942560581309772,0.0
376845,2025-12-17T14:00:00.000000000,1.548,1.084,0.0,0.0,6.211934403370422,0.0
376845,2025-12-17T15:00:00.000000000,1.548,1.084,0.0,0.0,5.688802543113005,0.0
376845,2025-12-17T16:00:00.000000000,1.5390000000000001,1.078,0.0,0.0,6.267910977773316,0.0
376845,2025-12-17T17:00:00.000000000,1.6949999999999998,1.072,0.0,0.0,6.274065470246933,0.0
376845,2025-12-17T18:00:00.000000000,1.981,1.073,0.0,0.0,5.650996375060789,0.0
376845,2025-12-17T19:00:00.000000000,2.672,1.068,0.0,0.0,5.716058152639023,0.0
376845,2025-12-17T20:00:00.000000000,2.3310000000000004,1.074,0.0,0.0,5.235128526486406,0.0
376845,2025-12-17T21:00:00.000000000,1.7950000000000002,1.0670000000000002,0.0,0.0,6.507936184244366,0.0
376845,2025-12-17T22:00:00.000000000,1.704,1.0630000000000002,0.0,0.0,7.062719720080383,0.0
376845,2025-12-17T23:00:00.000000000,1.729,1.06,0.0,0.0,6.206952195177495,0.0
376845,2025-12-18T00:00:00.000000000,1.592,1.062,0.0,0.0,6.546621565507101,0.0
376845,2025-12-18T01:00:00.000000000,1.537,1.052,0.0,0.0,8.088761536753335,0.0
376845,2025-12-18T02:00:00.000000000,1.5220000000000002,1.053,0.0,0.0,6.737117761119045,0.0
376845,2025-12-18T03:00:00.000000000,1.536,1.052,0.0,0.0,7.059789009378662,0.0
376845,2025-12-18T04:00:00.000000000,1.5170000000000001,1.052,0.0,0.0,6.60845956131344,0.0
376845,2025-12-18T05:00:00.000000000,1.513,1.058,0.0,0.0,7.024620480957994,0.0
376845,2025-12-18T06:00:00.000000000,1.5210000000000001,1.0670000000000002,0.0,0.0,6.932010022783572,0.0
376845,2025-12-18T07:00:00.000000000,1.5420000000000003,1.062,0.0,0.0,7.224201879745278,0.0
376845,2025-12-18T08:00:00.000000000,1.543,1.052,0.0,0.0,7.803017243335416,0.0
376845,2025-12-18T09:00:00.000000000,1.646,1.052,0.0,0.0,8.36395527164505,0.0
376845,2025-12-18T10:00:00.000000000,1.654,1.058,0.0,0.0,8.235004000769273,0.0
376845,2025-12-18T11:00:00.000000000,1.66,1.068,0.0,0.0,7.9888243018246055,0.0
376845,2025-12-18T12:00:00.000000000,1.663,1.07,0.0,0.0,8.292445930523028,0.0
376845,2025-12-18T13:00:00.000000000,1.573,1.08,0.0,0.0,8.335234306768173,0.0
376845,2025-12-18T14:00:00.000000000,1.544,1.0830000000000002,0.0,0.0,7.552734549408339,0.0
376845,2025-12-18T15:00:00.000000000,1.552,1.088,0.0,0.0,6.113755594862727,0.0
376845,2025-12-18T16:00:00.000000000,1.593,1.093,0.0,0.0,6.449615041280095,0.0
376845,2025-12-18T17:00:00.000000000,1.76,1.1,0.0,0.0,5.866403611637373,0.0
376845,2025-12-18T18:00:00.000000000,1.794,1.1,0.0,0.0,5.90157214005804,0.0
376845,2025-12-18T19:00:00.000000000,2.353,1.104,0.0,0.0,5.227215607591755,0.0
376845,2025-12-18T20:00:00.000000000,2.629,1.106,0.0,0.0,5.230146318293478,0.0
376845,2025-12-18T21:00:00.000000000,2.546,1.094,0.0,0.0,5.9900796032500505,0.0
376845,2025-12-18T22:00:00.000000000,1.8889999999999998,1.0870000000000002,0.0,0.0,7.626881530161912,0.0
376845,2025-12-18T23:00:00.000000000,1.828,1.088,0.0,0.0,7.354911577042089,0.0
376845,2025-12-19T00:00:00.000000000,1.6769999999999998,1.088,0.0,0.0,5.693784751305933,0.0
376845,2025-12-19T01:00:00.000000000,1.6039999999999999,1.085,0.0,0.0,6.858449184170344,0.0
376845,2025-12-19T02:00:00.000000000,1.5420000000000003,1.074,0.0,0.0,7.178482792798412,0.0
376845,2025-12-19T03:00:00.000000000,1.52,1.061,0.0,0.0,7.713044424792545,0.0
376845,2025-12-19T04:00:00.000000000,1.525,1.046,0.0,0.0,8.084951612841095,0.0
376845,2025-12-19T05:00:00.000000000,0.512,0.048,0.0,0.0,10.5716596432524,0.0
376845,2025-12-19T06:00:00.000000000,0.517,0.048,0.0,0.0,11.463767980856645,0.0
376845,2025-12-19T07:00:00.000000000,0.5760000000000001,0.048,0.0,0.0,11.677123719942022,0.0
376845,2025-12-19T08:00:00.000000000,0.865,0.048,0.0,0.0,12.13167694977914,0.0
376845,2025-12-19T09:00:00.000000000,0.906,0.048,0.0,0.0,11.740427071099221,0.0
376845,2025-12-19T10:00:00.000000000,0.512,0.048,0.0,0.0,11.622026358749645,0.0
376845,2025-12-19T11:00:00.000000000,0.509,0.048,0.0,0.0,11.829227605361405,0.0
376845,2025-12-19T12:00:00.000000000,0.508,0.048,0.0,0.0,11.421858817822018,0.0
376845,2025-12-19T13:00:00.000000000,0.511,0.048,0.0,0.0,11.557257652241585,0.0
376845,2025-12-19T14:00:00.000000000,1.2610000000000001,0.798,0.0,0.0,8.727363398658607,0.0
376845,2025-12-19T15:00:00.000000000,1.552,1.056,0.0,0.0,7.529288863794561,0.0
376845,2025-12-19T16:00:00.000000000,1.5099999999999998,1.05,0.0,0.0,8.169063009980523,0.0
376845,2025-12-19T17:00:00.000000000,0.96,0.29700000000000004,0.0,0.0,10.2973451215712,0.0
376845,2025-12-19T18:00:00.000000000,0.746,0.048,0.0,0.0,11.405153766822199,0.0
376845,2025-12-19T19:00:00.000000000,0.9480000000000001,0.048,0.0,0.0,10.934774699195783,0.0
376845,2025-12-19T20:00:00.000000000,0.987,0.048,0.0,0.0,11.111496554509632,0.0
376845,2025-12-19T21:00:00.000000000,0.9189999999999999,0.048,0.0,0.0,12.015620805990938,0.0
376845,2025-12-19T22:00:00.000000000,0.852,0.048,0.0,0.0,11.439150010962177,0.0
376845,2025-12-19T23:00:00.000000000,0.999,0.048,0.0,0.0,14.17350309566901,0.0
376845,2025-12-20T00:00:00.000000000,0.865,0.048,0.0,0.0,17.086629533180904,0.0
376845,2025-12-20T01:00:00.000000000,0.569,0.048,0.0,0.0,13.97274941260104,0.0
376845,2025-12-20T02:00:00.000000000,0.52,0.048,0.0,0.0,13.630149331569712,0.0
376845,2025-12-20T03:00:00.000000000,0.509,0.048,0.0,0.0,14.061549946863224,0.0
376845,2025-12-20T04:00:00.000000000,0.508,0.048,0.0,0.0,14.1430237043711,0.0
376845,2025-12-20T05:00:00.000000000,0.505,0.048,0.0,0.0,14.061549946863224,0.0
376845,2025-12-20T06:00:00.000000000,0.504,0.048,0.0,0.0,13.630149331569712,0.0
376845,2025-12-20T07:00:00.000000000,0.5760000000000001,0.048,0.0,0.0,14.123974084809905,0.0
376845,2025-12-20T08:00:00.000000000,0.6040000000000001,0.048,0.0,0.0,16.215915383699226,0.0
376845,2025-12-20T09:00:00.000000000,0.642,0.048,0.0,0.0,14.561529192577034,0.0
376845,2025-12-20T10:00:00.000000000,0.512,0.048,0.0,0.0,14.143316775441273,0.0
376845,2025-12-20T11:00:00.000000000,0.509,0.048,0.0,0.0,14.11254431307319,0.0
376845,2025-12-20T12:00:00.000000000,0.508,0.048,0.0,0.0,13.762031313147212,0.0
376845,2025-12-20T13:00:00.000000000,0.511,0.048,0.0,0.0,13.358765520590232,0.0
376845,2025-12-20T14:00:00.000000000,0.762,0.29800000000000004,0.0,0.0,11.140803661526855,0.0
376845,2025-12-20T15:00:00.000000000,1.532,1.068,0.0,0.0,7.770779425616473,0.0
376845,2025-12-20T16:00:00.000000000,1.549,1.088,0.0,0.0,7.489724269321311,0.0
376845,2025-12-20T17:00:00.000000000,1.5750000000000002,1.088,0.0,0.0,7.315933124709183,0.0
376845,2025-12-20T18:00:00.000000000,1.685,1.093,0.0,0.0,6.776682355592295,0.0
376845,2025-12-20T19:00:00.000000000,2.007,1.104,0.0,0.0,6.530502656647628,0.0
376845,2025-12-20T20:00:00.000000000,2.043,1.1070000000000002,0.0,0.0,5.602932719552545,0.0
376845,2025-12-20T21:00:00.000000000,1.886,1.1110000000000002,0.0,0.0,5.719868076551261,0.0
376845,2025-12-20T22:00:00.000000000,1.922,1.12,0.0,0.0,5.330376624292378,0.0
376845,2025-12-20T23:00:00.000000000,1.746,1.132,0.0,0.0,5.314550786503077,0.0
376845,2025-12-21T00:00:00.000000000,1.598,1.13,0.0,0.0,4.918904841770578,0.0
376845,2025-12-21T01:00:00.000000000,1.608,1.122,0.0,0.0,5.416539518923011,0.0
376845,2025-12-21T02:00:00.000000000,1.605,1.136,0.0,0.0,3.749551271783411,0.0
376845,2025-12-21T03:00:00.000000000,1.608,1.149,0.0,0.0,3.544694593733028,0.0
376845,2025-12-21T04:00:00.000000000,1.616,1.156,0.0,0.0,2.7440244300225167,0.0
376845,2025-12-21T05:00:00.000000000,1.6110000000000002,1.154,0.0,0.0,2.992255626458389,0.0
376845,2025-12-21T06:00:00.000000000,1.6019999999999999,1.146,0.0,0.0,2.558803513673672,0.0
376845,2025-12-21T07:00:00.000000000,1.68,1.14,0.0,0.0,3.0259587995281945,0.0
376845,2025-12-21T08:00:00.000000000,1.725,1.146,0.0,0.0,2.315554525430728,0.0
376845,2025-12-21T09:00:00.000000000,1.6469999999999998,1.156,0.0,0.0,1.955663251259239,0.0
376845,2025-12-21T10:00:00.000000000,1.616,1.156,0.0,0.0,2.2947464794485,0.0
376845,2025-12-21T11:00:00.000000000,1.618,1.158,0.0,0.0,2.937451336336183,0.0
376845,2025-12-21T12:00:00.000000000,1.617,1.158,0.0,0.0,3.466737689067217,0.0
376845,2025-12-21T13:00:00.000000000,1.613,1.152,0.0,0.0,3.097761211720389,0.0
376845,2025-12-21T14:00:00.000000000,1.612,1.15,0.0,0.0,2.6235722201817335,0.0
376845,2025-12-21T15:00:00.000000000,1.616,1.156,0.0,0.0,2.384133155851028,0.0
376845,2025-12-21T16:00:00.000000000,1.613,1.153,0.0,0.0,2.4113887653770445,0.0
376845,2025-12-21T17:00:00.000000000,1.6360000000000001,1.1489999999999998,0.0,0.0,3.6091702291709167,0.0
376845,2025-12-21T18:00:00.000000000,1.6260000000000001,1.148,0.0,0.0,3.271552356332517,0.0
376845,2025-12-21T19:00:00.000000000,1.7630000000000001,1.142,0.0,0.0,3.9007759439922776,0.0
376845,2025-12-21T20:00:00.000000000,2.191,1.134,0.0,0.0,6.799248827995557,0.0
376845,2025-12-21T21:00:00.000000000,2.052,1.126,0.0,0.0,8.041870165525777,0.0
376845,2025-12-21T22:00:00.000000000,1.923,1.12,0.0,0.0,5.635170537271489,0.0
376845,2025-12-21T23:00:00.000000000,1.694,1.11,0.0,0.0,4.810761616877028,0.0
376845,2025-12-22T00:00:00.000000000,1.5620000000000003,1.096,0.0,0.0,6.07975935072275,0.0
376845,2025-12-22T01:00:00.000000000,1.5810000000000002,1.096,0.0,0.0,5.983338968636089,0.0
376845,2025-12-22T02:00:00.000000000,1.5580000000000003,1.09,0.0,0.0,5.610845638447194,0.0
376845,2025-12-22T03:00:00.000000000,1.5410000000000001,1.081,0.0,0.0,6.750305959276795,0.0
376845,2025-12-22T04:00:00.000000000,1.5370000000000001,1.08,0.0,0.0,5.924724754601645,0.0
376845,2025-12-22T05:00:00.000000000,1.537,1.084,0.0,0.0,5.836217291409634,0.0
376845,2025-12-22T06:00:00.000000000,1.5430000000000001,1.076,0.0,0.0,6.6099249166643,0.0
376845,2025-12-22T07:00:00.000000000,1.536,1.064,0.0,0.0,6.502953976051439,0.0
376845,2025-12-22T08:00:00.000000000,1.62,1.064,0.0,0.0,7.4164565017782556,0.0
376845,2025-12-22T09:00:00.000000000,1.692,1.064,0.0,0.0,6.890100859748945,0.0
376845,2025-12-22T10:00:00.000000000,1.567,1.0710000000000002,0.0,0.0,7.274903174885072,0.0
376845,2025-12-22T11:00:00.000000000,1.5470000000000002,1.0870000000000002,0.0,0.0,6.157716255388561,0.0
376845,2025-12-22T12:00:00.000000000,1.552,1.093,0.0,0.0,5.4388129202561,0.0
376845,2025-12-22T13:00:00.000000000,2.653,1.088,0.0,0.0,5.361735228800805,0.0
376845,2025-12-22T14:00:00.000000000,1.829,1.094,0.0,0.0,5.447605052361267,0.0
376845,2025-12-22T15:00:00.000000000,1.836,1.105,0.0,0.0,4.999792457138112,0.0
376845,2025-12-22T16:00:00.000000000,2.144,1.108,0.0,0.0,7.7863121923356005,0.0
376845,2025-12-22T17:00:00.000000000,1.9890000000000003,1.108,0.0,0.0,6.719826567978883,0.0
376845,2025-12-22T18:00:00.000000000,2.0140000000000002,1.104,0.0,0.0,4.752440473912756,0.0
376845,2025-12-22T19:00:00.000000000,2.8129999999999997,1.104,0.0,0.0,4.827466667876845,0.0
376845,2025-12-22T20:00:00.000000000,2.043,1.108,0.0,0.0,4.29671495979495,0.0
376845,2025-12-22T21:00:00.000000000,1.977,1.1110000000000002,0.0,0.0,3.8480231513612777,0.0
376845,2025-12-22T22:00:00.000000000,1.916,1.114,0.0,0.0,6.096171330652394,0.0
376845,2025-12-22T23:00:00.000000000,2.575,1.121,0.0,0.0,4.144904145445739,0.0
376845,2025-12-23T00:00:00.000000000,1.678,1.124,0.0,0.0,3.4702545419092834,0.0
376845,2025-12-23T01:00:00.000000000,1.658,1.1260000000000001,0.0,0.0,3.9488395995005225,0.0
376845,2025-12-23T02:00:00.000000000,1.6,1.132,0.0,0.0,3.6378911940477945,0.0
376845,2025-12-23T03:00:00.000000000,1.592,1.132,0.0,0.0,3.104794917404522,0.0
376845,2025-12-23T04:00:00.000000000,1.5890000000000002,1.132,0.0,0.0,3.4945794407335775,0.0
376845,2025-12-23T05:00:00.000000000,1.588,1.132,0.0,0.0,3.688299418117417,0.0
376845,2025-12-23T06:00:00.000000000,1.588,1.132,0.0,0.0,3.2278847668768558,0.0
376845,2025-12-23T07:00:00.000000000,1.5870000000000002,1.13,0.0,0.0,3.542056954101478,0.0
376845,2025-12-23T08:00:00.000000000,1.5830000000000002,1.122,0.0,0.0,4.3301250617945835,0.0
376845,2025-12-23T09:00:00.000000000,1.58,1.12,0.0,0.0,3.6733527935386334,0.0
376845,2025-12-23T10:00:00.000000000,1.6789999999999998,1.12,0.0,0.0,3.945615817728628,0.0
376845,2025-12-23T11:00:00.000000000,1.709,1.12,0.0,0.0,3.9142572132202003,0.0
376845,2025-12-23T12:00:00.000000000,1.813,1.121,0.0,0.0,3.299394107998878,0.0
376845,2025-12-23T13:00:00.000000000,2.326,1.124,0.0,0.0,3.331045783577478,0.0
376845,2025-12-23T14:00:00.000000000,1.86,1.124,0.0,0.0,3.045008419089389,0.0
376845,2025-12-23T15:00:00.000000000,1.854,1.124,0.0,0.0,3.499561648926506,0.0
376845,2025-12-23T16:00:00.000000000,1.8849999999999998,1.1289999999999998,0.0,0.0,2.8410309542495225,0.0
376845,2025-12-23T17:00:00.000000000,1.9689999999999999,1.134,0.0,0.0,4.421270164618145,0.0
376845,2025-12-23T18:00:00.000000000,2.0349999999999997,1.1269999999999998,0.0,0.0,2.9814119968620165,0.0
376845,2025-12-23T19:00:00.000000000,2.0810000000000004,1.122,0.0,0.0,5.118779311628034,0.0
376845,2025-12-23T20:00:00.000000000,1.883,1.116,0.0,0.0,5.583296957851005,0.0
376845,2025-12-23T21:00:00.000000000,1.913,1.102,0.0,0.0,7.2552674131835335,0.0
376845,2025-12-23T22:00:00.000000000,1.883,1.081,0.0,0.0,7.892110848667773,0.0
376845,2025-12-23T23:00:00.000000000,1.773,1.0670000000000002,0.0,0.0,9.770110266331372,0.0
376845,2025-12-24T00:00:00.000000000,1.5590000000000002,1.062,0.0,0.0,8.393262378662273,0.0
376845,2025-12-24T01:00:00.000000000,1.537,1.052,0.0,0.0,9.655519477894034,0.0
376845,2025-12-24T02:00:00.000000000,1.516,1.0470000000000002,0.0,0.0,9.746371509647423,0.0
376845,2025-12-24T03:00:00.000000000,0.509,0.048,0.0,0.0,12.813946401140072,0.0
376845,2025-12-24T04:00:00.000000000,0.508,0.048,0.0,0.0,12.942311529875505,0.0
376845,2025-12-24T05:00:00.000000000,0.505,0.048,0.0,0.0,13.567432122552855,0.0
376845,2025-12-24T06:00:00.000000000,0.513,0.048,0.0,0.0,13.000925743909951,0.0
376845,2025-12-24T07:00:00.000000000,0.507,0.048,0.0,0.0,13.211643843363778,0.0
376845,2025-12-24T08:00:00.000000000,0.511,0.048,0.0,0.0,13.325648489660772,0.0
376845,2025-12-24T09:00:00.000000000,0.512,0.048,0.0,0.0,14.06125687579305,0.0
376845,2025-12-24T10:00:00.000000000,0.6110000000000001,0.048,0.0,0.0,14.611351274506312,0.0
376845,2025-12-24T11:00:00.000000000,0.641,0.048,0.0,0.0,14.107562104880262,0.0
376845,2025-12-24T12:00:00.000000000,0.609,0.048,0.0,0.0,14.966553411555044,0.0
376845,2025-12-24T13:00:00.000000000,0.511,0.048,0.0,0.0,13.10496597382109,0.0
376845,2025-12-24T14:00:00.000000000,0.546,0.048,0.0,0.0,12.58564403747591,0.0
376845,2025-12-24T15:00:00.000000000,0.512,0.048,0.0,0.0,15.200131054482306,0.0
376845,2025-12-24T16:00:00.000000000,0.512,0.048,0.0,0.0,13.868123040549555,0.0
376845,2025-12-24T17:00:00.000000000,0.536,0.048,0.0,0.0,13.747670830708772,0.0
376845,2025-12-24T18:00:00.000000000,1.712,0.048,0.0,0.0,14.087340201038378,0.0
376845,2025-12-24T19:00:00.000000000,0.953,0.048,0.0,0.0,12.990961327524095,0.0
376845,2025-12-24T20:00:00.000000000,0.987,0.048,0.0,0.0,13.440532349168283,0.0
376845,2025-12-24T21:00:00.000000000,0.9189999999999999,0.048,0.0,0.0,13.609634356657654,0.0
376845,2025-12-24T22:00:00.000000000,0.852,0.048,0.0,0.0,14.778108713434307,0.0
376845,2025-12-24T23:00:00.000000000,0.757,0.048,0.0,0.0,13.356714023099029,0.0
376845,2025-12-25T00:00:00.000000000,0.549,0.048,0.0,0.0,14.390082616526282,0.0
376845,2025-12-25T01:00:00.000000000,0.537,0.048,0.0,0.0,14.745870895715361,0.0
376845,2025-12-25T02:00:00.000000000,0.52,0.048,0.0,0.0,13.630149331569712,0.0
376845,2025-12-25T03:00:00.000000000,0.509,0.048,0.0,0.0,13.630149331569712,0.0
376845,2025-12-25T04:00:00.000000000,0.508,0.048,0.0,0.0,14.061549946863224,0.0
376845,2025-12-25T05:00:00.000000000,0.505,0.048,0.0,0.0,13.630149331569712,0.0
376845,2025-12-25T06:00:00.000000000,0.53,0.048,0.0,0.0,14.061549946863224,0.0
376845,2025-12-25T07:00:00.000000000,0.507,0.048,0.0,0.0,13.630149331569712,0.0
376845,2025-12-25T08:00:00.000000000,0.6040000000000001,0.048,0.0,0.0,14.590543228524085,0.0
376845,2025-12-25T09:00:00.000000000,0.642,0.048,0.0,0.0,14.118698805546806,0.0
376845,2025-12-25T10:00:00.000000000,0.644,0.048,0.0,0.0,15.309153492586372,0.0
376845,2025-12-25T11:00:00.000000000,0.641,0.048,0.0,0.0,15.892657993299268,0.0
376845,2025-12-25T12:00:00.000000000,0.643,0.048,0.0,0.0,14.061549946863224,0.0
376845,2025-12-25T13:00:00.000000000,0.613,0.048,0.0,0.0,13.630149331569712,0.0
376845,2025-12-25T14:00:00.000000000,0.512,0.048,0.0,0.0,14.79862368834636,0.0
376845,2025-12-25T15:00:00.000000000,0.512,0.048,0.0,0.0,14.396530180070073,0.0
376845,2025-12-25T16:00:00.000000000,0.512,0.048,0.0,0.0,14.085874845687517,0.0
376845,2025-12-25T17:00:00.000000000,0.536,0.048,0.0,0.0,15.135069276904073,0.0
376845,2025-12-25T18:00:00.000000000,0.529,0.048,0.0,0.0,13.630149331569712,0.0
376845,2025-12-25T19:00:00.000000000,1.3650000000000002,0.048,0.0,0.0,14.061549946863224,0.0
376845,2025-12-25T20:00:00.000000000,0.819,0.048,0.0,0.0,13.630149331569712,0.0
376845,2025-12-25T21:00:00.000000000,0.8719999999999999,0.048,0.0,0.0,14.562701476857722,0.0
376845,2025-12-25T22:00:00.000000000,0.6910000000000001,0.048,0.0,0.0,13.630149331569712,0.0
376845,2025-12-25T23:00:00.000000000,0.657,0.048,0.0,0.0,13.630149331569712,0.0
376845,2025-12-26T00:00:00.000000000,0.606,0.048,0.0,0.0,14.14947126791489,0.0
376845,2025-12-26T01:00:00.000000000,0.556,0.048,0.0,0.0,13.982713828986896,0.0
376845,2025-12-26T02:00:00.000000000,0.52,0.048,0.0,0.0,14.08616791675769,0.0
376845,2025-12-26T03:00:00.000000000,0.509,0.048,0.0,0.0,13.630149331569712,0.0
376845,2025-12-26T04:00:00.000000000,0.508,0.048,0.0,0.0,13.630149331569712,0.0
376845,2025-12-26T05:00:00.000000000,0.532,0.048,0.0,0.0,14.061549946863224,0.0
376845,2025-12-26T06:00:00.000000000,0.552,0.048,0.0,0.0,14.118991876616978,0.0
376845,2025-12-26T07:00:00.000000000,0.543,0.048,0.0,0.0,14.572372822173406,0.0
376845,2025-12-26T08:00:00.000000000,0.511,0.048,0.0,0.0,13.630149331569712,0.0
376845,2025-12-26T09:00:00.000000000,0.6110000000000001,0.048,0.0,0.0,14.113716597353879,0.0
376845,2025-12-26T10:00:00.000000000,0.644,0.048,0.0,0.0,15.312084203288094,0.0
376845,2025-12-26T11:00:00.000000000,0.641,0.048,0.0,0.0,14.62043647768165,0.0
376845,2025-12-26T12:00:00.000000000,0.643,0.048,0.0,0.0,14.567390613980479,0.0
376845,2025-12-26T13:00:00.000000000,0.647,0.048,0.0,0.0,14.093787764582167,0.0
376845,2025-12-26T14:00:00.000000000,0.648,0.048,0.0,0.0,14.778401784504478,0.0
376845,2025-12-26T15:00:00.000000000,0.648,0.048,0.0,0.0,12.850873355981774,0.0
376845,2025-12-26T16:00:00.000000000,0.698,0.048,0.0,0.0,12.468415609407021,0.0
376845,2025-12-26T17:00:00.000000000,1.354,0.048,0.0,0.0,12.93351939777034,0.0
376845,2025-12-26T18:00:00.000000000,0.959,0.048,0.0,0.0,13.608462072376968,0.0
376845,2025-12-26T19:00:00.000000000,1.009,0.048,0.0,0.0,13.744153977866706,0.0
376845,2025-12-26T20:00:00.000000000,0.987,0.048,0.0,0.0,15.235592653973145,0.0
376845,2025-12-26T21:00:00.000000000,0.9189999999999999,0.048,0.0,0.0,13.612565067359379,0.0
376845,2025-12-26T22:00:00.000000000,0.852,0.048,0.0,0.0,15.105176027746506,0.0
376845,2025-12-26T23:00:00.000000000,0.664,0.048,0.0,0.0,14.666741706768862,0.0
376845,2025-12-27T00:00:00.000000000,0.518,0.048,0.0,0.0,13.630149331569712,0.0
376845,2025-12-27T01:00:00.000000000,0.537,0.048,0.0,0.0,14.811518815433939,0.0
376845,2025-12-27T02:00:00.000000000,0.52,0.048,0.0,0.0,13.757342176024455,0.0
376845,2025-12-27T03:00:00.000000000,0.509,0.048,0.0,0.0,12.797241350140256,0.0
376845,2025-12-27T04:00:00.000000000,0.508,0.048,0.0,0.0,12.37727050658346,0.0
376845,2025-12-27T05:00:00.000000000,0.505,0.048,0.0,0.0,12.511203985652166,0.0
376845,2025-12-27T06:00:00.000000000,0.504,0.048,0.0,0.0,11.725480446520438,0.0
376845,2025-12-27T07:00:00.000000000,0.507,0.048,0.0,0.0,11.259204373876432,0.0
376845,2025-12-27T08:00:00.000000000,0.511,0.048,0.0,0.0,11.348591050278962,0.0
376845,2025-12-27T09:00:00.000000000,0.6110000000000001,0.048,0.0,0.0,11.286166912332279,0.0
376845,2025-12-27T10:00:00.000000000,0.8919999999999999,0.29600000000000004,0.0,0.0,10.262176593150533,0.0
376845,2025-12-27T11:00:00.000000000,1.541,1.0470000000000002,0.0,0.0,8.03014732271889,0.0
376845,2025-12-27T12:00:00.000000000,1.513,1.056,0.0,0.0,7.701907724126,0.0
376845,2025-12-27T13:00:00.000000000,1.519,1.0590000000000002,0.0,0.0,7.604608128828822,0.0
376845,2025-12-27T14:00:00.000000000,1.528,1.0670000000000002,0.0,0.0,7.264938758499216,0.0
376845,2025-12-27T15:00:00.000000000,1.529,1.068,0.0,0.0,7.099353603851911,0.0
376845,2025-12-27T16:00:00.000000000,1.5710000000000002,1.0710000000000002,0.0,0.0,6.800421112276245,0.0
376845,2025-12-27T17:00:00.000000000,1.738,1.076,0.0,0.0,6.6110972009449895,0.0
376845,2025-12-27T18:00:00.000000000,1.7590000000000001,1.064,0.0,0.0,6.7154305019263,0.0
376845,2025-12-27T19:00:00.000000000,1.782,1.064,0.0,0.0,6.789870553750045,0.0
376845,2025-12-27T20:00:00.000000000,1.77,1.06,0.0,0.0,6.304837932615016,0.0
376845,2025-12-27T21:00:00.000000000,1.74,1.066,0.0,0.0,6.5867723021206945,0.0
376845,2025-12-27T22:00:00.000000000,1.8290000000000002,1.076,0.0,0.0,8.670507611045196,0.0
376845,2025-12-27T23:00:00.000000000,1.6809999999999998,1.076,0.0,0.0,6.412688086438394,0.0
376845,2025-12-28T00:00:00.000000000,1.577,1.0790000000000002,0.0,0.0,6.153320189335979,0.0
376845,2025-12-28T01:00:00.000000000,1.5700000000000003,1.084,0.0,0.0,6.296338871580023,0.0
376845,2025-12-28T02:00:00.000000000,1.552,1.084,0.0,0.0,5.557213632605678,0.0
376845,2025-12-28T03:00:00.000000000,1.544,1.084,0.0,0.0,5.8344588649886004,0.0
376845,2025-12-28T04:00:00.000000000,1.544,1.084,0.0,0.0,5.3966106861513,0.0
376845,2025-12-28T05:00:00.000000000,1.5410000000000001,1.084,0.0,0.0,5.8406133574622165,0.0
376845,2025-12-28T06:00:00.000000000,1.5379999999999998,1.0830000000000002,0.0,0.0,5.4464327680805775,0.0
376845,2025-12-28T07:00:00.000000000,1.566,1.086,0.0,0.0,5.241869161100366,0.0
376845,2025-12-28T08:00:00.000000000,1.768,1.096,0.0,0.0,5.853215413479623,0.0
376845,2025-12-28T09:00:00.000000000,1.721,1.096,0.0,0.0,5.940550592390944,0.0
376845,2025-12-28T10:00:00.000000000,1.5939999999999999,1.098,0.0,0.0,5.535526373412933,0.0
376845,2025-12-28T11:00:00.000000000,1.564,1.104,0.0,0.0,5.062802737225139,0.0
376845,2025-12-28T12:00:00.000000000,1.567,1.11,0.0,0.0,4.905423572542656,0.0
376845,2025-12-28T13:00:00.000000000,1.575,1.114,0.0,0.0,6.024661989530372,0.0
376845,2025-12-28T14:00:00.000000000,1.573,1.1110000000000002,0.0,0.0,5.321291421117039,0.0
376845,2025-12-28T15:00:00.000000000,1.578,1.117,0.0,0.0,4.528534176301178,0.0
376845,2025-12-28T16:00:00.000000000,1.612,1.114,0.0,0.0,4.7122897372991615,0.0
376845,2025-12-28T17:00:00.000000000,1.588,1.101,0.0,0.0,6.023489705249684,0.0
376845,2025-12-28T18:00:00.000000000,1.682,1.09,0.0,0.0,5.853508484549794,0.0
376845,2025-12-28T19:00:00.000000000,2.6069999999999998,1.084,0.0,0.0,6.208124479458183,0.0
376845,2025-12-28T20:00:00.000000000,2.38,1.078,0.0,0.0,7.5474592701452385,0.0
376845,2025-12-28T21:00:00.000000000,1.7349999999999999,1.0630000000000002,0.0,0.0,7.400923735059127,0.0
376845,2025-12-28T22:00:00.000000000,1.9060000000000001,1.056,0.0,0.0,9.309988686160983,0.0
376845,2025-12-28T23:00:00.000000000,1.363,0.55,0.0,0.0,16.346625080996038,0.0
376845,2025-12-29T00:00:00.000000000,0.554,0.048,0.0,0.0,10.976683862230413,0.0
376845,2025-12-29T01:00:00.000000000,1.036,0.549,0.0,0.0,10.125605474450278,0.0
376845,2025-12-29T02:00:00.000000000,1.5390000000000001,1.07,0.0,0.0,8.343733367803168,0.0
376845,2025-12-29T03:00:00.000000000,1.5300000000000002,1.0710000000000002,0.0,0.0,6.587358444261039,0.0
376845,2025-12-29T04:00:00.000000000,1.528,1.07,0.0,0.0,6.493282630735755,0.0
376845,2025-12-29T05:00:00.000000000,1.528,1.072,0.0,0.0,6.900944489345316,0.0
376845,2025-12-29T06:00:00.000000000,1.528,1.072,0.0,0.0,6.838227280328462,0.0
376845,2025-12-29T07:00:00.000000000,1.621,1.07,0.0,0.0,7.4343338370587615,0.0
376845,2025-12-29T08:00:00.000000000,1.643,1.064,0.0,0.0,7.710113714090823,0.0
376845,2025-12-29T09:00:00.000000000,1.65,1.056,0.0,0.0,8.179906639576895,0.0
376845,2025-12-29T10:00:00.000000000,1.652,1.056,0.0,0.0,7.368978988410356,0.0
376845,2025-12-29T11:00:00.000000000,2.617,1.056,0.0,0.0,6.265566409211939,0.0
376845,2025-12-29T12:00:00.000000000,1.651,1.056,0.0,0.0,7.221271169043556,0.0
376845,2025-12-29T13:00:00.000000000,1.757,1.056,0.0,0.0,7.262887261008011,0.0
376845,2025-12-29T14:00:00.000000000,1.688,1.056,0.0,0.0,6.715723572996472,0.0
376845,2025-12-29T15:00:00.000000000,1.7550000000000001,1.058,0.0,0.0,7.462468659795295,0.0
376845,2025-12-29T16:00:00.000000000,1.7009999999999998,1.056,0.0,0.0,6.475991437595595,0.0
376845,2025-12-29T17:00:00.000000000,1.7650000000000001,1.056,0.0,0.0,7.433161552778073,0.0
376845,2025-12-29T18:00:00.000000000,3.4890000000000003,1.056,0.0,0.0,6.968350835484928,0.0
376845,2025-12-29T19:00:00.000000000,3.4530000000000003,1.056,0.0,0.0,6.1632846057218345,0.0
376845,2025-12-29T20:00:00.000000000,1.992,1.056,0.0,0.0,6.7476683196452445,0.0
376845,2025-12-29T21:00:00.000000000,1.877,1.056,0.0,0.0,7.327655967516073,0.0
376845,2025-12-29T22:00:00.000000000,1.696,1.056,0.0,0.0,6.552776057980717,0.0
376845,2025-12-29T23:00:00.000000000,1.664,1.056,0.0,0.0,7.589954575320212,0.0
376845,2025-12-30T00:00:00.000000000,2.5799999999999996,1.056,0.0,0.0,6.305131003685188,0.0
376845,2025-12-30T01:00:00.000000000,1.603,1.056,0.0,0.0,7.114007157360523,0.0
376845,2025-12-30T02:00:00.000000000,1.5739999999999998,1.062,0.0,0.0,7.077080202518822,0.0
376845,2025-12-30T03:00:00.000000000,1.566,1.072,0.0,0.0,6.6465588004358285,0.0
376845,2025-12-30T04:00:00.000000000,1.558,1.0710000000000002,0.0,0.0,6.398620675070128,0.0
376845,2025-12-30T05:00:00.000000000,1.5379999999999998,1.074,0.0,0.0,6.189661002037333,0.0
376845,2025-12-30T06:00:00.000000000,1.54,1.085,0.0,0.0,6.340885674246199,0.0
376845,2025-12-30T07:00:00.000000000,1.539,1.081,0.0,0.0,5.921794043899921,0.0
376845,2025-12-30T08:00:00.000000000,1.666,1.08,0.0,0.0,5.838561859971011,0.0
376845,2025-12-30T09:00:00.000000000,1.744,1.086,0.0,0.0,7.3809949022874175,0.0
376845,2025-12-30T10:00:00.000000000,1.96,1.093,0.0,0.0,5.849112418497212,0.0
376845,2025-12-30T11:00:00.000000000,2.088,1.0990000000000002,0.0,0.0,4.835965728911839,0.0
376845,2025-12-30T12:00:00.000000000,1.774,1.116,0.0,0.0,5.280554542363101,0.0
376845,2025-12-30T13:00:00.000000000,1.7109999999999999,1.116,0.0,0.0,6.810092457591928,0.0
376845,2025-12-30T14:00:00.000000000,1.716,1.118,0.0,0.0,5.879884880865294,0.0
376845,2025-12-30T15:00:00.000000000,1.652,1.124,0.0,0.0,4.926524689595056,0.0
376845,2025-12-30T16:00:00.000000000,1.879,1.124,0.0,0.0,4.771197022403777,0.0
376845,2025-12-30T17:00:00.000000000,1.956,1.122,0.0,0.0,4.750095905351378,0.0
376845,2025-12-30T18:00:00.000000000,2.671,1.12,0.0,0.0,4.044966910517011,0.0
376845,2025-12-30T19:00:00.000000000,2.2800000000000002,1.121,0.0,0.0,4.520621257406527,0.0
376845,2025-12-30T20:00:00.000000000,2.056,1.12,0.0,0.0,3.4960447960844387,0.0
376845,2025-12-30T21:00:00.000000000,1.9789999999999999,1.112,0.0,0.0,4.291732751602023,0.0
376845,2025-12-30T22:00:00.000000000,1.9169999999999998,1.116,0.0,0.0,4.343899402092678,0.0
376845,2025-12-30T23:00:00.000000000,1.757,1.114,0.0,0.0,4.956124867682449,0.0
376845,2025-12-31T00:00:00.000000000,1.604,1.106,0.0,0.0,4.349760823496123,0.0
376845,2025-12-31T01:00:00.000000000,1.5939999999999999,1.108,0.0,0.0,5.302534872626017,0.0
376845,2025-12-31T02:00:00.000000000,1.579,1.108,0.0,0.0,5.1894094395395385,0.0
376845,2025-12-31T03:00:00.000000000,1.569,1.108,0.0,0.0,4.5634096336516725,0.0
376845,2025-12-31T04:00:00.000000000,1.568,1.108,0.0,0.0,4.507139988178606,0.0
376845,2025-12-31T05:00:00.000000000,1.568,1.1110000000000002,0.0,0.0,4.943815882735217,0.0
376845,2025-12-31T06:00:00.000000000,1.569,1.116,0.0,0.0,4.369982727338005,0.0
376845,2025-12-31T07:00:00.000000000,1.64,1.116,0.0,0.0,4.3248497825314836,0.0
376845,2025-12-31T08:00:00.000000000,1.688,1.11,0.0,0.0,4.9449881670159055,0.0
376845,2025-12-31T09:00:00.000000000,1.5630000000000002,1.1,0.0,0.0,4.796694205508761,0.0
376845,2025-12-31T10:00:00.000000000,1.5659999999999998,1.104,0.0,0.0,5.094161341733567,0.0
376845,2025-12-31T11:00:00.000000000,1.573,1.113,0.0,0.0,4.360897524162667,0.0
376845,2025-12-31T12:00:00.000000000,1.6130000000000002,1.121,0.0,0.0,4.424493946390038,0.0
376845,2025-12-31T13:00:00.000000000,2.196,1.13,0.0,0.0,3.2486928128590837,0.0
376845,2025-12-31T14:00:00.000000000,1.634,1.14,0.0,0.0,4.0678264539904445,0.0
376845,2025-12-31T15:00:00.000000000,1.698,1.136,0.0,0.0,3.7231748754679113,0.0
376845,2025-12-31T16:00:00.000000000,1.7779999999999998,1.132,0.0,0.0,3.6888855602577615,0.0
376845,2025-12-31T17:00:00.000000000,1.6589999999999998,1.134,0.0,0.0,5.56131662758809,0.0
376845,2025-12-31T18:00:00.000000000,1.6210000000000002,1.142,0.0,0.0,3.8902253854660778,0.0
376845,2025-12-31T19:00:00.000000000,1.9250000000000003,1.143,0.0,0.0,3.224367914034789,0.0
376845,2025-12-31T20:00:00.000000000,2.068,1.132,0.0,0.0,4.271510847760139,0.0
376845,2025-12-31T21:00:00.000000000,2.4939999999999998,1.138,0.0,0.0,3.33133885464765,0.0
376845,2025-12-31T22:00:00.000000000,1.9089999999999998,1.144,0.0,0.0,3.28386134127975,0.0
376845,2025-12-31T23:00:00.000000000,1.749,1.14,0.0,0.0,5.76969015848054,0.0
