bldg_id,timestamp,electricity.total,electrictiy.heating,electricity.secondary_heating,electricity.cooling,natural_gas.total,natural_gas.heating
111024,2025-01-01T00:00:00.000000000,0.972,0.6699999999999999,0.0,0.0,0.10902243810406667,0.0
111024,2025-01-01T01:00:00.000000000,1.35,0.99,0.0,0.0,0.6471009229402668,0.0
111024,2025-01-01T02:00:00.000000000,1.3730000000000002,1.014,0.0,0.0,0.0,0.0
111024,2025-01-01T03:00:00.000000000,1.444,1.081,0.0,0.0,0.3235504614701334,0.0
111024,2025-01-01T04:00:00.000000000,1.4969999999999999,1.1329999999999998,0.0,0.0,0.0,0.0
111024,2025-01-01T05:00:00.000000000,1.556,1.199,0.0,0.0,0.3235504614701334,0.0
111024,2025-01-01T06:00:00.000000000,1.7530000000000001,1.354,0.0,0.0,0.7587610006758834,0.0
111024,2025-01-01T07:00:00.000000000,1.739,1.306,0.0,0.0,0.0,0.0
111024,2025-01-01T08:00:00.000000000,1.6039999999999999,1.2409999999999999,0.0,0.0,1.1649575039345834,0.0
111024,2025-01-01T09:00:00.000000000,1.576,0.941,0.0,0.0,0.3519783552768389,0.0
111024,2025-01-01T10:00:00.000000000,1.708,0.94,0.0,0.0,4.547583795862373,0.0
111024,2025-01-01T11:00:00.000000000,1.15,0.64,0.0,0.0,1.2388114136179833,0.0
111024,2025-01-01T12:00:00.000000000,1.226,0.7329999999999999,0.0,0.0,0.0,0.0
111024,2025-01-01T13:00:00.000000000,1.271,0.889,0.0,0.0,0.3235504614701334,0.0
111024,2025-01-01T14:00:00.000000000,1.435,0.9369999999999999,0.0,0.0,1.3284911610906833,0.0
111024,2025-01-01T15:00:00.000000000,1.31,0.8,0.0,0.0,0.34318622317167224,0.0
111024,2025-01-01T16:00:00.000000000,1.833,0.7510000000000001,0.0,0.0,2.037137008767117,0.0
111024,2025-01-01T17:00:00.000000000,2.5999999999999996,1.196,0.0,0.0,5.5284926677288,0.0
111024,2025-01-01T18:00:00.000000000,1.718,1.208,0.0,0.0,3.5438153805225108,0.0
111024,2025-01-01T19:00:00.000000000,1.771,1.084,0.0,0.0,0.7089389187466055,0.0
111024,2025-01-01T20:00:00.000000000,1.691,1.0510000000000002,0.0,0.0,0.34318622317167224,0.0
111024,2025-01-01T21:00:00.000000000,1.708,1.065,0.0,0.0,0.7089389187466055,0.0
111024,2025-01-01T22:00:00.000000000,1.7750000000000001,1.057,0.0,0.0,2.070254039696578,0.0
111024,2025-01-01T23:00:00.000000000,1.6019999999999999,1.085,0.0,0.0,0.6863724463433445,0.0
111024,2025-01-02T00:00:00.000000000,1.514,1.1449999999999998,0.0,0.0,0.0,0.0
111024,2025-01-02T01:00:00.000000000,1.5650000000000002,1.1969999999999998,0.0,0.0,0.3235504614701334,0.0
111024,2025-01-02T02:00:00.000000000,1.578,1.212,0.0,0.0,0.0,0.0
111024,2025-01-02T03:00:00.000000000,1.598,1.2269999999999999,0.0,0.0,0.7754660516757,0.0
111024,2025-01-02T04:00:00.000000000,1.592,1.224,0.0,0.0,0.3235504614701334,0.0
111024,2025-01-02T05:00:00.000000000,1.641,1.232,0.0,0.0,0.8349594789206611,0.0
111024,2025-01-02T06:00:00.000000000,1.807,1.325,0.0,0.0,1.6664021049992557,0.0
111024,2025-01-02T07:00:00.000000000,1.8000000000000003,1.257,0.0,0.0,1.2484827589336667,0.0
111024,2025-01-02T08:00:00.000000000,1.884,1.2209999999999999,0.0,0.0,1.1186522748473722,0.0
111024,2025-01-02T09:00:00.000000000,1.783,1.1529999999999998,0.0,0.0,1.2731007288281333,0.0
111024,2025-01-02T10:00:00.000000000,2.122,1.357,0.0,0.0,4.3248497825314836,0.0
111024,2025-01-02T11:00:00.000000000,1.556,1.052,0.0,0.0,1.0486082890762112,0.0
111024,2025-01-02T12:00:00.000000000,1.585,1.082,0.0,0.0,0.7326776754305555,0.0
111024,2025-01-02T13:00:00.000000000,1.67,1.164,0.0,0.0,1.557672737965361,0.0
111024,2025-01-02T14:00:00.000000000,1.761,1.252,0.0,0.0,1.507557584965911,0.0
111024,2025-01-02T15:00:00.000000000,1.871,1.3860000000000001,0.0,0.0,2.245803610729739,0.0
111024,2025-01-02T16:00:00.000000000,1.8980000000000001,1.37,0.0,0.0,1.1784387731625057,0.0
111024,2025-01-02T17:00:00.000000000,2.029,1.113,0.0,0.0,2.3498438406408777,0.0
111024,2025-01-02T18:00:00.000000000,2.1300000000000003,1.066,0.0,0.0,1.9524394694873446,0.0
111024,2025-01-02T19:00:00.000000000,2.29,1.161,0.0,0.0,1.4914386761064389,0.0
111024,2025-01-02T20:00:00.000000000,2.2270000000000003,1.0910000000000002,0.0,0.0,0.8721795048325333,0.0
111024,2025-01-02T21:00:00.000000000,1.977,1.122,0.0,0.0,0.3235504614701334,0.0
111024,2025-01-02T22:00:00.000000000,1.8270000000000002,1.218,0.0,0.0,0.0,0.0
111024,2025-01-02T23:00:00.000000000,1.712,1.2890000000000001,0.0,0.0,1.1848863367062945,0.0
111024,2025-01-03T00:00:00.000000000,1.676,1.3,0.0,0.0,0.689596228115239,0.0
111024,2025-01-03T01:00:00.000000000,1.747,1.3739999999999999,0.0,0.0,0.0,0.0
111024,2025-01-03T02:00:00.000000000,1.753,1.38,0.0,0.0,0.3235504614701334,0.0
111024,2025-01-03T03:00:00.000000000,1.7469999999999999,1.3760000000000001,0.0,0.0,0.0,0.0
111024,2025-01-03T04:00:00.000000000,1.7550000000000001,1.3849999999999998,0.0,0.0,0.3235504614701334,0.0
111024,2025-01-03T05:00:00.000000000,1.8,1.4089999999999998,0.0,0.0,2.119196908415339,0.0
111024,2025-01-03T06:00:00.000000000,2.0420000000000003,1.483,0.0,0.0,2.147917873292217,0.0
111024,2025-01-03T07:00:00.000000000,2.1529999999999996,1.401,0.0,0.0,0.34113472568046666,0.0
111024,2025-01-03T08:00:00.000000000,2.628,1.23,0.0,0.0,1.1198245591280611,0.0
111024,2025-01-03T09:00:00.000000000,1.889,1.2109999999999999,0.0,0.0,1.3337664403537832,0.0
111024,2025-01-03T10:00:00.000000000,1.7810000000000001,1.112,0.0,0.0,0.7476243000093389,0.0
111024,2025-01-03T11:00:00.000000000,1.7289999999999999,1.069,0.0,0.0,2.716182678356155,0.0
111024,2025-01-03T12:00:00.000000000,1.594,1.09,0.0,0.0,2.07582239002985,0.0
111024,2025-01-03T13:00:00.000000000,1.554,1.0510000000000002,0.0,0.0,1.193385397741289,0.0
111024,2025-01-03T14:00:00.000000000,1.5190000000000001,1.017,0.0,0.0,2.1048364259769,0.0
111024,2025-01-03T15:00:00.000000000,1.518,1.0030000000000001,0.0,0.0,1.3956044361601223,0.0
111024,2025-01-03T16:00:00.000000000,1.6349999999999998,1.073,0.0,0.0,1.2253301443900613,0.0
111024,2025-01-03T17:00:00.000000000,1.7469999999999999,1.117,0.0,0.0,1.8272981225238056,0.0
111024,2025-01-03T18:00:00.000000000,2.2190000000000003,1.189,0.0,0.0,2.3445685613777782,0.0
111024,2025-01-03T19:00:00.000000000,2.1799999999999997,1.195,0.0,0.0,1.6505762672099555,0.0
111024,2025-01-03T20:00:00.000000000,1.899,1.2530000000000001,0.0,0.0,0.71480034015005,0.0
111024,2025-01-03T21:00:00.000000000,1.888,1.327,0.0,0.0,1.5509321033514,0.0
111024,2025-01-03T22:00:00.000000000,2.008,1.4829999999999999,0.0,0.0,3.5953958888728224,0.0
111024,2025-01-03T23:00:00.000000000,1.923,1.4529999999999998,0.0,0.0,0.3235504614701334,0.0
111024,2025-01-04T00:00:00.000000000,1.858,1.4789999999999999,0.0,0.0,0.0,0.0
111024,2025-01-04T01:00:00.000000000,1.8939999999999997,1.518,0.0,0.0,0.3235504614701334,0.0
111024,2025-01-04T02:00:00.000000000,1.9180000000000001,1.5430000000000001,0.0,0.0,0.0,0.0
111024,2025-01-04T03:00:00.000000000,1.933,1.559,0.0,0.0,0.3235504614701334,0.0
111024,2025-01-04T04:00:00.000000000,1.9859999999999998,1.6139999999999999,0.0,0.0,0.0,0.0
111024,2025-01-04T05:00:00.000000000,2.083,1.712,0.0,0.0,0.3235504614701334,0.0
111024,2025-01-04T06:00:00.000000000,2.416,1.9449999999999998,0.0,0.0,0.7798621177282834,0.0
111024,2025-01-04T07:00:00.000000000,2.526,2.005,0.0,0.0,1.0641410557953388,0.0
111024,2025-01-04T08:00:00.000000000,2.442,1.985,0.0,0.0,0.3552021370487333,0.0
111024,2025-01-04T09:00:00.000000000,2.534,1.881,0.0,0.0,0.0,0.0
111024,2025-01-04T10:00:00.000000000,2.528,1.9570000000000003,0.0,0.0,0.689596228115239,0.0
111024,2025-01-04T11:00:00.000000000,2.579,2.162,0.0,0.0,1.1268582648121943,0.0
111024,2025-01-04T12:00:00.000000000,2.693,2.162,0.0,0.0,0.0,0.0
111024,2025-01-04T13:00:00.000000000,2.8,2.265,0.0,0.0,0.3235504614701334,0.0
111024,2025-01-04T14:00:00.000000000,2.8409999999999997,2.306,0.0,0.0,0.0,0.0
111024,2025-01-04T15:00:00.000000000,2.895,2.255,0.0,0.0,0.4346243970654056,0.0
111024,2025-01-04T16:00:00.000000000,2.741,1.8800000000000001,0.0,0.0,3.779151449870806,0.0
111024,2025-01-04T17:00:00.000000000,3.087,2.047,0.0,0.0,2.4008382068508447,0.0
111024,2025-01-04T18:00:00.000000000,3.851,2.802,0.0,0.0,0.3235504614701334,0.0
111024,2025-01-04T19:00:00.000000000,3.5709999999999997,2.767,0.0,0.0,0.7016121419923,0.0
111024,2025-01-04T20:00:00.000000000,4.13,3.263,0.0,0.0,0.3434792942418444,0.0
111024,2025-01-04T21:00:00.000000000,4.281000000000001,3.433,0.0,0.0,1.079966893584639,0.0
111024,2025-01-04T22:00:00.000000000,3.564,2.806,0.0,0.0,0.7830858995001778,0.0
111024,2025-01-04T23:00:00.000000000,3.1630000000000003,2.649,0.0,0.0,1.1658367171451,0.0
111024,2025-01-05T00:00:00.000000000,3.1630000000000003,2.737,0.0,0.0,0.0,0.0
111024,2025-01-05T01:00:00.000000000,3.246,2.8439999999999994,0.0,0.0,0.3434792942418444,0.0
111024,2025-01-05T02:00:00.000000000,3.5,3.095,0.0,0.0,0.6869585884836888,0.0
111024,2025-01-05T03:00:00.000000000,3.7880000000000003,3.38,0.0,0.0,0.0,0.0
111024,2025-01-05T04:00:00.000000000,4.098999999999999,3.674,0.0,0.0,0.6769941720978334,0.0
111024,2025-01-05T05:00:00.000000000,4.416,3.9339999999999997,0.0,0.0,0.7104042740974666,0.0
111024,2025-01-05T06:00:00.000000000,4.619,3.9960000000000004,0.0,0.0,1.8944113975932444,0.0
111024,2025-01-05T07:00:00.000000000,4.123,3.4349999999999996,0.0,0.0,1.3604359077394557,0.0
111024,2025-01-05T08:00:00.000000000,3.635,3.0749999999999997,0.0,0.0,0.0,0.0
111024,2025-01-05T09:00:00.000000000,3.2169999999999996,2.6620000000000004,0.0,0.0,1.4931971025274722,0.0
111024,2025-01-05T10:00:00.000000000,2.984,2.44,0.0,0.0,1.8762409912425668,0.0
111024,2025-01-05T11:00:00.000000000,2.7390000000000003,2.2060000000000004,0.0,0.0,1.2930295615998446,0.0
111024,2025-01-05T12:00:00.000000000,2.559,2.03,0.0,0.0,1.1866447631273278,0.0
111024,2025-01-05T13:00:00.000000000,2.3249999999999997,1.804,0.0,0.0,0.3434792942418444,0.0
111024,2025-01-05T14:00:00.000000000,2.222,1.704,0.0,0.0,0.3235504614701334,0.0
111024,2025-01-05T15:00:00.000000000,2.162,1.796,0.0,0.0,1.2555164646177999,0.0
111024,2025-01-05T16:00:00.000000000,2.2710000000000004,1.7710000000000001,0.0,0.0,1.0099229078134777,0.0
111024,2025-01-05T17:00:00.000000000,2.8580000000000005,1.7109999999999999,0.0,0.0,1.3803647405111668,0.0
111024,2025-01-05T18:00:00.000000000,3.669,2.472,0.0,0.0,1.5298309862989998,0.0
111024,2025-01-05T19:00:00.000000000,3.516,2.503,0.0,0.0,0.3660457666451056,0.0
111024,2025-01-05T20:00:00.000000000,3.496,2.632,0.0,0.0,0.3235504614701334,0.0
111024,2025-01-05T21:00:00.000000000,3.553,2.96,0.0,0.0,0.0,0.0
111024,2025-01-05T22:00:00.000000000,3.7889999999999997,3.1870000000000003,0.0,0.0,0.3434792942418444,0.0
111024,2025-01-05T23:00:00.000000000,3.745,3.281,0.0,0.0,0.689596228115239,0.0
111024,2025-01-06T00:00:00.000000000,3.76,3.344,0.0,0.0,0.0,0.0
111024,2025-01-06T01:00:00.000000000,3.8489999999999998,3.436,0.0,0.0,0.6670297557119778,0.0
111024,2025-01-06T02:00:00.000000000,3.9050000000000002,3.493,0.0,0.0,0.32355046147013333,0.0
111024,2025-01-06T03:00:00.000000000,3.98,3.569,0.0,0.0,0.0,0.0
111024,2025-01-06T04:00:00.000000000,4.0009999999999994,3.59,0.0,0.0,0.3235504614701334,0.0
111024,2025-01-06T05:00:00.000000000,3.9829999999999997,3.5709999999999997,0.0,0.0,0.0,0.0
111024,2025-01-06T06:00:00.000000000,4.086,3.66,0.0,0.0,0.3235504614701334,0.0
111024,2025-01-06T07:00:00.000000000,3.897,3.298,0.0,0.0,1.2218132915479947,0.0
111024,2025-01-06T08:00:00.000000000,3.6119999999999997,2.755,0.0,0.0,2.545029173375578,0.0
111024,2025-01-06T09:00:00.000000000,3.194,2.433,0.0,0.0,1.7399629436124835,0.0
111024,2025-01-06T10:00:00.000000000,3.058,2.401,0.0,0.0,2.0054853331885165,0.0
111024,2025-01-06T11:00:00.000000000,2.747,2.2190000000000003,0.0,0.0,0.6670297557119778,0.0
111024,2025-01-06T12:00:00.000000000,2.581,2.054,0.0,0.0,0.3434792942418444,0.0
111024,2025-01-06T13:00:00.000000000,2.52,1.921,0.0,0.0,0.7074735633957445,0.0
111024,2025-01-06T14:00:00.000000000,2.3160000000000003,1.6099999999999999,0.0,0.0,1.4914386761064389,0.0
111024,2025-01-06T15:00:00.000000000,2.284,1.714,0.0,0.0,0.4730167072579667,0.0
111024,2025-01-06T16:00:00.000000000,2.423,1.847,0.0,0.0,0.5726608711165222,0.0
111024,2025-01-06T17:00:00.000000000,2.7750000000000004,2.121,0.0,0.0,0.3434792942418444,0.0
111024,2025-01-06T18:00:00.000000000,3.796,3.048,0.0,0.0,0.0,0.0
111024,2025-01-06T19:00:00.000000000,4.107,3.3040000000000003,0.0,0.0,1.1872309052676722,0.0
111024,2025-01-06T20:00:00.000000000,4.134,3.378,0.0,0.0,2.5488390972878165,0.0
111024,2025-01-06T21:00:00.000000000,4.041,3.4419999999999997,0.0,0.0,1.1497178082856276,0.0
111024,2025-01-06T22:00:00.000000000,3.6530000000000005,3.064,0.0,0.0,0.3235504614701334,0.0
111024,2025-01-06T23:00:00.000000000,3.628,3.008,0.0,0.0,0.7098181319571222,0.0
111024,2025-01-07T00:00:00.000000000,3.589,3.1000000000000005,0.0,0.0,1.6989329937883721,0.0
111024,2025-01-07T01:00:00.000000000,3.5759999999999996,3.104,0.0,0.0,0.3235504614701334,0.0
111024,2025-01-07T02:00:00.000000000,3.56,3.135,0.0,0.0,0.0,0.0
111024,2025-01-07T03:00:00.000000000,3.55,3.1440000000000006,0.0,0.0,0.3235504614701334,0.0
111024,2025-01-07T04:00:00.000000000,3.541,3.06,0.0,0.0,0.0,0.0
111024,2025-01-07T05:00:00.000000000,3.538,2.984,0.0,0.0,3.0121844592301,0.0
111024,2025-01-07T06:00:00.000000000,5.019,4.006,0.0,0.0,6.446977401648544,0.0
111024,2025-01-07T07:00:00.000000000,3.441,2.868,0.0,0.0,1.11572156414565,0.0
111024,2025-01-07T08:00:00.000000000,3.173,2.736,0.0,0.0,1.056228136900689,0.0
111024,2025-01-07T09:00:00.000000000,2.9499999999999997,2.553,0.0,0.0,0.3434792942418444,0.0
111024,2025-01-07T10:00:00.000000000,2.74,2.351,0.0,0.0,0.7839651127106944,0.0
111024,2025-01-07T11:00:00.000000000,2.844,2.197,0.0,0.0,0.6898892991854111,0.0
111024,2025-01-07T12:00:00.000000000,2.935,2.248,0.0,0.0,2.9110749400206832,0.0
111024,2025-01-07T13:00:00.000000000,2.766,2.1109999999999998,0.0,0.0,3.026838012738711,0.0
111024,2025-01-07T14:00:00.000000000,2.332,1.771,0.0,0.0,0.34435850745236113,0.0
111024,2025-01-07T15:00:00.000000000,2.356,1.816,0.0,0.0,0.6910615834661,0.0
111024,2025-01-07T16:00:00.000000000,2.44,1.859,0.0,0.0,1.4228600456861389,0.0
111024,2025-01-07T17:00:00.000000000,2.605,1.814,0.0,0.0,1.0330755223570833,0.0
111024,2025-01-07T18:00:00.000000000,2.9699999999999998,2.0869999999999997,0.0,0.0,2.0128121099428222,0.0
111024,2025-01-07T19:00:00.000000000,2.848,1.846,0.0,0.0,0.9940970700241778,0.0
111024,2025-01-07T20:00:00.000000000,2.849,1.939,0.0,0.0,2.1227137612574056,0.0
111024,2025-01-07T21:00:00.000000000,2.761,1.899,0.0,0.0,1.586686773912411,0.0
111024,2025-01-07T22:00:00.000000000,2.518,1.78,0.0,0.0,0.3434792942418444,0.0
111024,2025-01-07T23:00:00.000000000,2.279,1.802,0.0,0.0,0.3235504614701334,0.0
111024,2025-01-08T00:00:00.000000000,2.184,1.794,0.0,0.0,0.0,0.0
111024,2025-01-08T01:00:00.000000000,2.161,1.774,0.0,0.0,0.3235504614701334,0.0
111024,2025-01-08T02:00:00.000000000,2.1270000000000002,1.744,0.0,0.0,0.0,0.0
111024,2025-01-08T03:00:00.000000000,2.0540000000000003,1.674,0.0,0.0,0.3235504614701334,0.0
111024,2025-01-08T04:00:00.000000000,2.0700000000000003,1.69,0.0,0.0,0.7883611787632778,0.0
111024,2025-01-08T05:00:00.000000000,2.1130000000000004,1.7,0.0,0.0,0.36897647734682776,0.0
111024,2025-01-08T06:00:00.000000000,2.277,1.7930000000000001,0.0,0.0,1.0867075281986,0.0
111024,2025-01-08T07:00:00.000000000,2.332,1.738,0.0,0.0,1.9899525664693891,0.0
111024,2025-01-08T08:00:00.000000000,2.145,1.6149999999999998,0.0,0.0,0.6599960500278444,0.0
111024,2025-01-08T09:00:00.000000000,2.06,1.5310000000000001,0.0,0.0,0.3434792942418444,0.0
111024,2025-01-08T10:00:00.000000000,2.019,1.4969999999999999,0.0,0.0,0.0,0.0
111024,2025-01-08T11:00:00.000000000,1.9189999999999998,1.405,0.0,0.0,0.69369922309765,0.0
111024,2025-01-08T12:00:00.000000000,1.903,1.278,0.0,0.0,0.3434792942418444,0.0
111024,2025-01-08T13:00:00.000000000,1.888,1.2269999999999999,0.0,0.0,0.6869585884836888,0.0
111024,2025-01-08T14:00:00.000000000,1.856,1.198,0.0,0.0,0.3434792942418444,0.0
111024,2025-01-08T15:00:00.000000000,1.752,1.229,0.0,0.0,0.6869585884836888,0.0
111024,2025-01-08T16:00:00.000000000,1.9980000000000002,1.272,0.0,0.0,1.5805322814387945,0.0
111024,2025-01-08T17:00:00.000000000,2.197,1.262,0.0,0.0,1.8826885547863557,0.0
111024,2025-01-08T18:00:00.000000000,2.974,1.944,0.0,0.0,2.2997286876414282,0.0
111024,2025-01-08T19:00:00.000000000,3.039,1.8750000000000002,0.0,0.0,0.72007561941315,0.0
111024,2025-01-08T20:00:00.000000000,3.425,2.2510000000000003,0.0,0.0,5.42034944283525,0.0
111024,2025-01-08T21:00:00.000000000,3.244,2.047,0.0,0.0,1.9911248507500778,0.0
111024,2025-01-08T22:00:00.000000000,2.924,2.143,0.0,0.0,3.7222956622573946,0.0
111024,2025-01-08T23:00:00.000000000,3.149,2.3729999999999998,0.0,0.0,4.631988264071972,0.0
111024,2025-01-09T00:00:00.000000000,2.472,2.0789999999999997,0.0,0.0,0.3235504614701334,0.0
111024,2025-01-09T01:00:00.000000000,2.551,2.1610000000000005,0.0,0.0,0.3235504614701334,0.0
111024,2025-01-09T02:00:00.000000000,2.6260000000000003,2.237,0.0,0.0,0.0,0.0
111024,2025-01-09T03:00:00.000000000,2.785,2.3939999999999997,0.0,0.0,0.3235504614701334,0.0
111024,2025-01-09T04:00:00.000000000,2.953,2.56,0.0,0.0,0.0,0.0
111024,2025-01-09T05:00:00.000000000,3.075,2.682,0.0,0.0,0.7276954672376278,0.0
111024,2025-01-09T06:00:00.000000000,3.583,3.0629999999999997,0.0,0.0,0.36018434524166115,0.0
111024,2025-01-09T07:00:00.000000000,3.824,3.286,0.0,0.0,1.521624996334178,0.0
111024,2025-01-09T08:00:00.000000000,3.2430000000000003,2.689,0.0,0.0,1.545363753018128,0.0
111024,2025-01-09T09:00:00.000000000,3.111,2.085,0.0,0.0,1.4093787764582166,0.0
111024,2025-01-09T10:00:00.000000000,2.775,2.0920000000000005,0.0,0.0,1.023111105971228,0.0
111024,2025-01-09T11:00:00.000000000,2.363,1.842,0.0,0.0,0.0,0.0
111024,2025-01-09T12:00:00.000000000,2.261,1.74,0.0,0.0,0.3235504614701334,0.0
111024,2025-01-09T13:00:00.000000000,2.064,1.549,0.0,0.0,0.8449238953065167,0.0
111024,2025-01-09T14:00:00.000000000,2.094,1.385,0.0,0.0,0.69369922309765,0.0
111024,2025-01-09T15:00:00.000000000,1.8290000000000002,1.305,0.0,0.0,1.8393140364008667,0.0
111024,2025-01-09T16:00:00.000000000,1.9260000000000002,1.36,0.0,0.0,2.1710704878358222,0.0
111024,2025-01-09T17:00:00.000000000,2.1430000000000002,1.462,0.0,0.0,1.7795275380857336,0.0
111024,2025-01-09T18:00:00.000000000,3.1310000000000002,2.151,0.0,0.0,1.2657739520738278,0.0
111024,2025-01-09T19:00:00.000000000,3.069,2.064,0.0,0.0,1.0532974261989665,0.0
111024,2025-01-09T20:00:00.000000000,2.915,1.833,0.0,0.0,0.0,0.0
111024,2025-01-09T21:00:00.000000000,2.8449999999999998,1.8330000000000002,0.0,0.0,1.3686418977042778,0.0
111024,2025-01-09T22:00:00.000000000,2.6100000000000003,1.872,0.0,0.0,0.0,0.0
111024,2025-01-09T23:00:00.000000000,2.439,1.9,0.0,0.0,1.168181285706478,0.0
111024,2025-01-10T00:00:00.000000000,2.3040000000000003,1.894,0.0,0.0,0.3235504614701334,0.0
111024,2025-01-10T01:00:00.000000000,2.2220000000000004,1.838,0.0,0.0,0.0,0.0
111024,2025-01-10T02:00:00.000000000,2.2190000000000003,1.835,0.0,0.0,0.3235504614701334,0.0
111024,2025-01-10T03:00:00.000000000,2.226,1.844,0.0,0.0,0.0,0.0
111024,2025-01-10T04:00:00.000000000,2.228,1.842,0.0,0.0,0.3235504614701334,0.0
111024,2025-01-10T05:00:00.000000000,2.257,1.8800000000000001,0.0,0.0,0.3235504614701334,0.0
111024,2025-01-10T06:00:00.000000000,2.411,2.019,0.0,0.0,0.0,0.0
111024,2025-01-10T07:00:00.000000000,2.4299999999999997,1.97,0.0,0.0,1.3000632672839778,0.0
111024,2025-01-10T08:00:00.000000000,2.402,1.904,0.0,0.0,0.1664643678578222,0.0
111024,2025-01-10T09:00:00.000000000,2.346,1.964,0.0,0.0,0.3434792942418444,0.0
111024,2025-01-10T10:00:00.000000000,2.388,1.894,0.0,0.0,0.3232573903999611,0.0
111024,2025-01-10T11:00:00.000000000,2.457,1.816,0.0,0.0,0.3434792942418444,0.0
111024,2025-01-10T12:00:00.000000000,2.3979999999999997,1.721,0.0,0.0,0.3434792942418444,0.0
111024,2025-01-10T13:00:00.000000000,2.3449999999999998,1.671,0.0,0.0,0.0,0.0
111024,2025-01-10T14:00:00.000000000,2.415,1.739,0.0,0.0,0.3235504614701334,0.0
111024,2025-01-10T15:00:00.000000000,2.453,1.7449999999999999,0.0,0.0,0.0,0.0
111024,2025-01-10T16:00:00.000000000,2.492,1.865,0.0,0.0,1.1690604989169944,0.0
111024,2025-01-10T17:00:00.000000000,2.902,1.963,0.0,0.0,1.0664856243567167,0.0
111024,2025-01-10T18:00:00.000000000,3.609,2.0460000000000003,0.0,0.0,1.5861006317720665,0.0
111024,2025-01-10T19:00:00.000000000,2.701,1.911,0.0,0.0,2.304124753694011,0.0
111024,2025-01-10T20:00:00.000000000,2.6630000000000003,1.994,0.0,0.0,1.078501538233778,0.0
111024,2025-01-10T21:00:00.000000000,2.825,2.049,0.0,0.0,1.3548675574061835,0.0
111024,2025-01-10T22:00:00.000000000,2.6990000000000003,1.955,0.0,0.0,1.0620895583041334,0.0
111024,2025-01-10T23:00:00.000000000,2.492,1.9509999999999998,0.0,0.0,1.0459706494446612,0.0
111024,2025-01-11T00:00:00.000000000,2.432,2.04,0.0,0.0,0.36663190878545,0.0
111024,2025-01-11T01:00:00.000000000,2.587,2.194,0.0,0.0,0.3235504614701334,0.0
111024,2025-01-11T02:00:00.000000000,2.7819999999999996,2.388,0.0,0.0,0.0,0.0
111024,2025-01-11T03:00:00.000000000,2.86,2.465,0.0,0.0,0.3235504614701334,0.0
111024,2025-01-11T04:00:00.000000000,3.112,2.714,0.0,0.0,0.0,0.0
111024,2025-01-11T05:00:00.000000000,3.267,2.8689999999999998,0.0,0.0,0.3232573903999611,0.0
111024,2025-01-11T06:00:00.000000000,3.413,3.001,0.0,0.0,0.8159098593594666,0.0
111024,2025-01-11T07:00:00.000000000,3.486,3.013,0.0,0.0,0.3235504614701334,0.0
111024,2025-01-11T08:00:00.000000000,3.377,2.59,0.0,0.0,1.480888117580239,0.0
111024,2025-01-11T09:00:00.000000000,2.947,2.3979999999999997,0.0,0.0,0.6737703903259389,0.0
111024,2025-01-11T10:00:00.000000000,2.655,2.121,0.0,0.0,0.3341010199963333,0.0
111024,2025-01-11T11:00:00.000000000,2.5570000000000004,1.954,0.0,0.0,0.3235504614701334,0.0
111024,2025-01-11T12:00:00.000000000,2.459,1.7830000000000001,0.0,0.0,0.7098181319571222,0.0
111024,2025-01-11T13:00:00.000000000,2.3939999999999997,1.758,0.0,0.0,1.064434126865511,0.0
111024,2025-01-11T14:00:00.000000000,2.3609999999999998,1.8019999999999998,0.0,0.0,0.6992675734309223,0.0
111024,2025-01-11T15:00:00.000000000,2.4349999999999996,1.896,0.0,0.0,1.4820604018609276,0.0
111024,2025-01-11T16:00:00.000000000,2.887,2.191,0.0,0.0,0.7168518376412556,0.0
111024,2025-01-11T17:00:00.000000000,3.4669999999999996,2.412,0.0,0.0,1.061796487233961,0.0
111024,2025-01-11T18:00:00.000000000,4.1739999999999995,3.202,0.0,0.0,2.725267881531494,0.0
111024,2025-01-11T19:00:00.000000000,4.189,2.9079999999999995,0.0,0.0,1.9421819820313169,0.0
111024,2025-01-11T20:00:00.000000000,5.123,3.671,0.0,0.0,6.219847322265073,0.0
111024,2025-01-11T21:00:00.000000000,4.022,2.971,0.0,0.0,2.32376051539555,0.0
111024,2025-01-11T22:00:00.000000000,3.819,3.0869999999999997,0.0,0.0,1.4445473048788835,0.0
111024,2025-01-11T23:00:00.000000000,3.692,3.263,0.0,0.0,0.7851373969913833,0.0
111024,2025-01-12T00:00:00.000000000,3.6900000000000004,3.2729999999999997,0.0,0.0,0.66732282678215,0.0
111024,2025-01-12T01:00:00.000000000,3.642,3.228,0.0,0.0,0.0,0.0
111024,2025-01-12T02:00:00.000000000,3.6390000000000002,3.2270000000000003,0.0,0.0,0.3235504614701334,0.0
111024,2025-01-12T03:00:00.000000000,3.693,3.2809999999999997,0.0,0.0,0.0,0.0
111024,2025-01-12T04:00:00.000000000,3.7,3.288,0.0,0.0,0.3235504614701334,0.0
111024,2025-01-12T05:00:00.000000000,3.571,3.165,0.0,0.0,0.0,0.0
111024,2025-01-12T06:00:00.000000000,3.551,3.1310000000000002,0.0,0.0,0.3235504614701334,0.0
111024,2025-01-12T07:00:00.000000000,3.284,2.875,0.0,0.0,0.0,0.0
111024,2025-01-12T08:00:00.000000000,2.952,2.287,0.0,0.0,2.2882989159047114,0.0
111024,2025-01-12T09:00:00.000000000,2.504,1.885,0.0,0.0,0.3235504614701334,0.0
111024,2025-01-12T10:00:00.000000000,2.203,1.675,0.0,0.0,0.0,0.0
111024,2025-01-12T11:00:00.000000000,2.0380000000000003,1.52,0.0,0.0,0.3235504614701334,0.0
111024,2025-01-12T12:00:00.000000000,2.201,1.492,0.0,0.0,0.3434792942418444,0.0
111024,2025-01-12T13:00:00.000000000,2.1879999999999997,1.519,0.0,0.0,3.3445270528054,0.0
111024,2025-01-12T14:00:00.000000000,2.363,1.58,0.0,0.0,4.775593088456361,0.0
111024,2025-01-12T15:00:00.000000000,1.858,1.3290000000000002,0.0,0.0,1.2980117697927722,0.0
111024,2025-01-12T16:00:00.000000000,1.866,1.2970000000000002,0.0,0.0,0.6761149588873167,0.0
111024,2025-01-12T17:00:00.000000000,1.904,1.2650000000000001,0.0,0.0,3.2536750210520116,0.0
111024,2025-01-12T18:00:00.000000000,2.194,1.474,0.0,0.0,1.0421607255324221,0.0
111024,2025-01-12T19:00:00.000000000,2.2070000000000003,1.292,0.0,0.0,1.5063853006852224,0.0
111024,2025-01-12T20:00:00.000000000,1.975,1.196,0.0,0.0,1.0149051160064055,0.0
111024,2025-01-12T21:00:00.000000000,1.637,1.04,0.0,0.0,0.5682648050639388,0.0
111024,2025-01-12T22:00:00.000000000,1.301,0.831,0.0,0.0,2.164329853221861,0.0
111024,2025-01-12T23:00:00.000000000,1.448,1.069,0.0,0.0,0.5292863527310334,0.0
111024,2025-01-13T00:00:00.000000000,1.688,1.31,0.0,0.0,0.0,0.0
111024,2025-01-13T01:00:00.000000000,1.7149999999999999,1.34,0.0,0.0,1.5186942856324555,0.0
111024,2025-01-13T02:00:00.000000000,1.742,1.37,0.0,0.0,0.3669249798556222,0.0
111024,2025-01-13T03:00:00.000000000,1.788,1.416,0.0,0.0,0.3235504614701334,0.0
111024,2025-01-13T04:00:00.000000000,1.788,1.4169999999999998,0.0,0.0,0.0,0.0
111024,2025-01-13T05:00:00.000000000,1.786,1.416,0.0,0.0,0.3235504614701334,0.0
111024,2025-01-13T06:00:00.000000000,1.883,1.4980000000000002,0.0,0.0,0.0,0.0
111024,2025-01-13T07:00:00.000000000,1.9299999999999997,1.4409999999999998,0.0,0.0,0.3235504614701334,0.0
111024,2025-01-13T08:00:00.000000000,1.885,1.3980000000000001,0.0,0.0,0.0,0.0
111024,2025-01-13T09:00:00.000000000,1.678,1.31,0.0,0.0,0.3235504614701334,0.0
111024,2025-01-13T10:00:00.000000000,1.568,1.172,0.0,0.0,0.0,0.0
111024,2025-01-13T11:00:00.000000000,1.423,1.073,0.0,0.0,0.6471009229402668,0.0
111024,2025-01-13T12:00:00.000000000,1.351,1.0030000000000001,0.0,0.0,2.0854937353455334,0.0
111024,2025-01-13T13:00:00.000000000,1.252,0.9079999999999999,0.0,0.0,0.4788781286614111,0.0
111024,2025-01-13T14:00:00.000000000,1.275,0.895,0.0,0.0,0.3235504614701334,0.0
111024,2025-01-13T15:00:00.000000000,1.393,0.924,0.0,0.0,0.0,0.0
111024,2025-01-13T16:00:00.000000000,1.4520000000000002,0.991,0.0,0.0,0.3235504614701334,0.0
111024,2025-01-13T17:00:00.000000000,1.774,1.0750000000000002,0.0,0.0,0.0,0.0
111024,2025-01-13T18:00:00.000000000,2.3659999999999997,1.35,0.0,0.0,0.3235504614701334,0.0
111024,2025-01-13T19:00:00.000000000,2.425,1.436,0.0,0.0,1.5565004536846723,0.0
111024,2025-01-13T20:00:00.000000000,2.248,1.356,0.0,0.0,0.3235504614701334,0.0
111024,2025-01-13T21:00:00.000000000,2.237,1.436,0.0,0.0,0.7104042740974666,0.0
111024,2025-01-13T22:00:00.000000000,2.18,1.4539999999999997,0.0,0.0,0.34377236531201666,0.0
111024,2025-01-13T23:00:00.000000000,2.036,1.508,0.0,0.0,0.7106973451676388,0.0
111024,2025-01-14T00:00:00.000000000,1.944,1.542,0.0,0.0,0.3235504614701334,0.0
111024,2025-01-14T01:00:00.000000000,1.906,1.5290000000000001,0.0,0.0,0.0,0.0
111024,2025-01-14T02:00:00.000000000,1.972,1.5950000000000002,0.0,0.0,0.3235504614701334,0.0
111024,2025-01-14T03:00:00.000000000,2.013,1.636,0.0,0.0,0.0,0.0
111024,2025-01-14T04:00:00.000000000,2.0820000000000003,1.704,0.0,0.0,0.32325739039996115,0.0
111024,2025-01-14T05:00:00.000000000,2.205,1.824,0.0,0.0,0.0,0.0
111024,2025-01-14T06:00:00.000000000,2.4530000000000003,1.973,0.0,0.0,1.9940555614518,0.0
111024,2025-01-14T07:00:00.000000000,2.548,2.018,0.0,0.0,0.3672180509257944,0.0
111024,2025-01-14T08:00:00.000000000,2.41,1.907,0.0,0.0,0.3235504614701334,0.0
111024,2025-01-14T09:00:00.000000000,2.088,1.557,0.0,0.0,0.3235504614701334,0.0
111024,2025-01-14T10:00:00.000000000,1.777,1.2610000000000001,0.0,0.0,0.0,0.0
111024,2025-01-14T11:00:00.000000000,1.541,1.039,0.0,0.0,0.3235504614701334,0.0
111024,2025-01-14T12:00:00.000000000,1.355,0.859,0.0,0.0,0.34377236531201666,0.0
111024,2025-01-14T13:00:00.000000000,1.3470000000000002,0.851,0.0,0.0,0.34377236531201666,0.0
111024,2025-01-14T14:00:00.000000000,1.4089999999999998,0.911,0.0,0.0,0.7156795533605667,0.0
111024,2025-01-14T15:00:00.000000000,1.416,0.9019999999999999,0.0,0.0,0.6875447306240333,0.0
111024,2025-01-14T16:00:00.000000000,1.46,0.905,0.0,0.0,0.7857235391317278,0.0
111024,2025-01-14T17:00:00.000000000,1.698,1.0670000000000002,0.0,0.0,0.7106973451676388,0.0
111024,2025-01-14T18:00:00.000000000,1.996,0.9319999999999999,0.0,0.0,2.4934486650252667,0.0
111024,2025-01-14T19:00:00.000000000,1.772,0.7290000000000001,0.0,0.0,3.8981383043607276,0.0
111024,2025-01-14T20:00:00.000000000,1.4569999999999999,0.6839999999999999,0.0,0.0,2.5450291733755783,0.0
111024,2025-01-14T21:00:00.000000000,1.646,1.048,0.0,0.0,0.8273396310961834,0.0
111024,2025-01-14T22:00:00.000000000,1.764,1.129,0.0,0.0,3.0168735963528555,0.0
111024,2025-01-14T23:00:00.000000000,1.6809999999999998,1.1829999999999998,0.0,0.0,0.953360191270239,0.0
111024,2025-01-15T00:00:00.000000000,1.623,1.252,0.0,0.0,0.3235504614701334,0.0
111024,2025-01-15T01:00:00.000000000,1.653,1.283,0.0,0.0,0.0,0.0
111024,2025-01-15T02:00:00.000000000,1.625,1.2570000000000001,0.0,0.0,0.3235504614701334,0.0
111024,2025-01-15T03:00:00.000000000,1.68,1.312,0.0,0.0,0.0,0.0
111024,2025-01-15T04:00:00.000000000,1.711,1.343,0.0,0.0,0.792464173745689,0.0
111024,2025-01-15T05:00:00.000000000,1.788,1.38,0.0,0.0,2.783589024495767,0.0
111024,2025-01-15T06:00:00.000000000,1.9489999999999998,1.446,0.0,0.0,2.1118701316610333,0.0
111024,2025-01-15T07:00:00.000000000,1.8459999999999999,1.311,0.0,0.0,0.0,0.0
111024,2025-01-15T08:00:00.000000000,1.682,1.202,0.0,0.0,0.3235504614701334,0.0
111024,2025-01-15T09:00:00.000000000,1.745,1.0310000000000001,0.0,0.0,1.6212691601927334,0.0
111024,2025-01-15T10:00:00.000000000,1.553,0.887,0.0,0.0,0.3308772382244389,0.0
111024,2025-01-15T11:00:00.000000000,1.834,1.076,0.0,0.0,4.61850699484405,0.0
111024,2025-01-15T12:00:00.000000000,1.283,0.78,0.0,0.0,0.9595146837438555,0.0
111024,2025-01-15T13:00:00.000000000,1.2069999999999999,0.718,0.0,0.0,3.007495322107345,0.0
111024,2025-01-15T14:00:00.000000000,1.137,0.648,0.0,0.0,1.07351933004085,0.0
111024,2025-01-15T15:00:00.000000000,1.156,0.652,0.0,0.0,1.44278887845785,0.0
111024,2025-01-15T16:00:00.000000000,1.312,0.764,0.0,0.0,1.0512459287077611,0.0
111024,2025-01-15T17:00:00.000000000,1.65,0.958,0.0,0.0,0.69897450236075,0.0
111024,2025-01-15T18:00:00.000000000,2.402,1.389,0.0,0.0,2.9148848639329223,0.0
111024,2025-01-15T19:00:00.000000000,2.579,1.3770000000000002,0.0,0.0,2.817878339705917,0.0
111024,2025-01-15T20:00:00.000000000,2.505,1.479,0.0,0.0,2.0520836333459003,0.0
111024,2025-01-15T21:00:00.000000000,2.7889999999999997,1.629,0.0,0.0,0.49089404253847224,0.0
111024,2025-01-15T22:00:00.000000000,2.842,1.728,0.0,0.0,1.3469546385115332,0.0
111024,2025-01-15T23:00:00.000000000,2.3329999999999997,1.859,0.0,0.0,0.3235504614701334,0.0
111024,2025-01-16T00:00:00.000000000,2.3579999999999997,1.971,0.0,0.0,0.0,0.0
111024,2025-01-16T01:00:00.000000000,2.487,2.101,0.0,0.0,0.3235504614701334,0.0
111024,2025-01-16T02:00:00.000000000,2.604,2.2180000000000004,0.0,0.0,0.0,0.0
111024,2025-01-16T03:00:00.000000000,2.734,2.3449999999999998,0.0,0.0,0.34377236531201666,0.0
111024,2025-01-16T04:00:00.000000000,2.8229999999999995,2.4339999999999997,0.0,0.0,0.3235504614701334,0.0
111024,2025-01-16T05:00:00.000000000,2.912,2.511,0.0,0.0,0.8255812046751501,0.0
111024,2025-01-16T06:00:00.000000000,3.2369999999999997,2.684,0.0,0.0,0.7789829045177666,0.0
111024,2025-01-16T07:00:00.000000000,3.179,2.64,0.0,0.0,0.11107393559527222,0.0
111024,2025-01-16T08:00:00.000000000,3.087,2.466,0.0,0.0,1.9843842161361167,0.0
111024,2025-01-16T09:00:00.000000000,3.066,2.255,0.0,0.0,0.8179613568506722,0.0
111024,2025-01-16T10:00:00.000000000,3.41,2.2969999999999997,0.0,0.0,7.33000053607745,0.0
111024,2025-01-16T11:00:00.000000000,2.245,1.5699999999999998,0.0,0.0,1.184593265636122,0.0
111024,2025-01-16T12:00:00.000000000,1.883,1.148,0.0,0.0,3.974629853675678,0.0
111024,2025-01-16T13:00:00.000000000,1.9829999999999999,1.301,0.0,0.0,3.190078598824639,0.0
111024,2025-01-16T14:00:00.000000000,1.901,1.277,0.0,0.0,0.3253088878911667,0.0
111024,2025-01-16T15:00:00.000000000,1.786,1.157,0.0,0.0,1.3569190548973888,0.0
111024,2025-01-16T16:00:00.000000000,2.0060000000000002,1.1159999999999999,0.0,0.0,1.6526277647011611,0.0
111024,2025-01-16T17:00:00.000000000,2.332,1.174,0.0,0.0,0.34377236531201666,0.0
111024,2025-01-16T18:00:00.000000000,2.703,1.3810000000000002,0.0,0.0,1.143270244741839,0.0
111024,2025-01-16T19:00:00.000000000,2.405,1.337,0.0,0.0,0.3235504614701334,0.0
111024,2025-01-16T20:00:00.000000000,2.2760000000000002,1.377,0.0,0.0,0.9009004697094112,0.0
111024,2025-01-16T21:00:00.000000000,2.202,1.351,0.0,0.0,1.0574004211813777,0.0
111024,2025-01-16T22:00:00.000000000,1.916,1.348,0.0,0.0,0.34377236531201666,0.0
111024,2025-01-16T23:00:00.000000000,1.7970000000000002,1.403,0.0,0.0,0.34377236531201666,0.0
111024,2025-01-17T00:00:00.000000000,1.4580000000000002,1.092,0.0,0.0,0.3235504614701334,0.0
111024,2025-01-17T01:00:00.000000000,1.308,0.952,0.0,0.0,0.0,0.0
111024,2025-01-17T02:00:00.000000000,1.2830000000000001,0.929,0.0,0.0,0.3235504614701334,0.0
111024,2025-01-17T03:00:00.000000000,1.254,0.903,0.0,0.0,0.0,0.0
111024,2025-01-17T04:00:00.000000000,1.253,0.904,0.0,0.0,1.2449659060916,0.0
111024,2025-01-17T05:00:00.000000000,1.2950000000000002,0.876,0.0,0.0,0.7523134371320945,0.0
111024,2025-01-17T06:00:00.000000000,1.333,0.816,0.0,0.0,1.3510576334939446,0.0
111024,2025-01-17T07:00:00.000000000,1.1640000000000001,0.7870000000000001,0.0,0.0,0.3235504614701334,0.0
111024,2025-01-17T08:00:00.000000000,1.109,0.6880000000000001,0.0,0.0,0.0,0.0
111024,2025-01-17T09:00:00.000000000,1.145,0.625,0.0,0.0,0.8789201394464945,0.0
111024,2025-01-17T10:00:00.000000000,1.183,0.611,0.0,0.0,0.0,0.0
111024,2025-01-17T11:00:00.000000000,1.093,0.605,0.0,0.0,1.1711119964082,0.0
111024,2025-01-17T12:00:00.000000000,1.1,0.611,0.0,0.0,0.0,0.0
111024,2025-01-17T13:00:00.000000000,1.0830000000000002,0.594,0.0,0.0,0.3235504614701334,0.0
111024,2025-01-17T14:00:00.000000000,1.056,0.5670000000000001,0.0,0.0,1.6951230698761333,0.0
111024,2025-01-17T15:00:00.000000000,1.0550000000000002,0.528,0.0,0.0,1.01021597888365,0.0
111024,2025-01-17T16:00:00.000000000,1.142,0.54,0.0,0.0,2.3196575204131387,0.0
111024,2025-01-17T17:00:00.000000000,1.471,0.759,0.0,0.0,1.769563121699878,0.0
111024,2025-01-17T18:00:00.000000000,1.664,0.9460000000000001,0.0,0.0,1.148838595075111,0.0
111024,2025-01-17T19:00:00.000000000,1.647,0.964,0.0,0.0,1.2435005507407388,0.0
111024,2025-01-17T20:00:00.000000000,1.5550000000000002,0.975,0.0,0.0,1.2625501703019333,0.0
111024,2025-01-17T21:00:00.000000000,1.467,1.0670000000000002,0.0,0.0,0.3235504614701334,0.0
111024,2025-01-17T22:00:00.000000000,1.496,1.101,0.0,0.0,0.7338499597112444,0.0
111024,2025-01-17T23:00:00.000000000,1.583,1.199,0.0,0.0,0.6471009229402668,0.0
111024,2025-01-18T00:00:00.000000000,1.702,1.3250000000000002,0.0,0.0,0.3235504614701334,0.0
111024,2025-01-18T01:00:00.000000000,1.702,1.33,0.0,0.0,0.0,0.0
111024,2025-01-18T02:00:00.000000000,1.71,1.338,0.0,0.0,0.3235504614701334,0.0
111024,2025-01-18T03:00:00.000000000,1.711,1.342,0.0,0.0,0.0,0.0
111024,2025-01-18T04:00:00.000000000,1.72,1.352,0.0,0.0,0.3235504614701334,0.0
111024,2025-01-18T05:00:00.000000000,1.7349999999999999,1.37,0.0,0.0,0.0,0.0
111024,2025-01-18T06:00:00.000000000,1.8860000000000001,1.504,0.0,0.0,0.3235504614701334,0.0
111024,2025-01-18T07:00:00.000000000,2.1,1.413,0.0,0.0,0.11107393559527222,0.0
111024,2025-01-18T08:00:00.000000000,2.443,1.355,0.0,0.0,5.081559285716161,0.0
111024,2025-01-18T09:00:00.000000000,2.4250000000000003,1.4840000000000002,0.0,0.0,5.767931732059505,0.0
111024,2025-01-18T10:00:00.000000000,1.4429999999999998,0.9369999999999999,0.0,0.0,0.0,0.0
111024,2025-01-18T11:00:00.000000000,1.392,0.752,0.0,0.0,0.6471009229402668,0.0
111024,2025-01-18T12:00:00.000000000,1.1360000000000001,0.535,0.0,0.0,1.3290773032310277,0.0
111024,2025-01-18T13:00:00.000000000,1.5870000000000002,0.607,0.0,0.0,7.59376449923245,0.0
111024,2025-01-18T14:00:00.000000000,0.8799999999999999,0.367,0.0,0.0,1.3613151209499723,0.0
111024,2025-01-18T15:00:00.000000000,0.834,0.331,0.0,0.0,1.0811391778653279,0.0
111024,2025-01-18T16:00:00.000000000,1.0430000000000001,0.33699999999999997,0.0,0.0,3.001340829633728,0.0
111024,2025-01-18T17:00:00.000000000,1.6880000000000002,0.362,0.0,0.0,1.0738124011110224,0.0
111024,2025-01-18T18:00:00.000000000,1.645,0.503,0.0,0.0,2.483484248639411,0.0
111024,2025-01-18T19:00:00.000000000,2.019,0.45399999999999996,0.0,0.0,1.5119536510184943,0.0
111024,2025-01-18T20:00:00.000000000,1.2690000000000001,0.456,0.0,0.0,0.0,0.0
111024,2025-01-18T21:00:00.000000000,1.0330000000000001,0.495,0.0,0.0,0.3235504614701334,0.0
111024,2025-01-18T22:00:00.000000000,0.913,0.533,0.0,0.0,1.5647064436494944,0.0
111024,2025-01-18T23:00:00.000000000,0.978,0.514,0.0,0.0,0.3235504614701334,0.0
111024,2025-01-19T00:00:00.000000000,0.9109999999999999,0.515,0.0,0.0,0.0,0.0
111024,2025-01-19T01:00:00.000000000,0.865,0.517,0.0,0.0,0.6904754413257557,0.0
111024,2025-01-19T02:00:00.000000000,0.859,0.513,0.0,0.0,0.0,0.0
111024,2025-01-19T03:00:00.000000000,0.837,0.492,0.0,0.0,0.3235504614701334,0.0
111024,2025-01-19T04:00:00.000000000,0.832,0.49,0.0,0.0,0.0,0.0
111024,2025-01-19T05:00:00.000000000,0.834,0.483,0.0,0.0,0.3235504614701334,0.0
111024,2025-01-19T06:00:00.000000000,1.217,0.491,0.0,0.0,2.61917615412915,0.0
111024,2025-01-19T07:00:00.000000000,1.042,0.45699999999999996,0.0,0.0,1.3542814152658391,0.0
111024,2025-01-19T08:00:00.000000000,0.9339999999999999,0.436,0.0,0.0,0.3235504614701334,0.0
111024,2025-01-19T09:00:00.000000000,0.899,0.399,0.0,0.0,0.37688939624147777,0.0
111024,2025-01-19T10:00:00.000000000,0.961,0.35,0.0,0.0,1.6033918249122276,0.0
111024,2025-01-19T11:00:00.000000000,0.9369999999999999,0.293,0.0,0.0,0.7868958234124167,0.0
111024,2025-01-19T12:00:00.000000000,0.911,0.269,0.0,0.0,0.9202431603407778,0.0
111024,2025-01-19T13:00:00.000000000,0.806,0.279,0.0,0.0,0.7344361018515888,0.0
111024,2025-01-19T14:00:00.000000000,0.7630000000000001,0.276,0.0,0.0,0.6476870650806111,0.0
111024,2025-01-19T15:00:00.000000000,0.758,0.255,0.0,0.0,0.07619847824477778,0.0
111024,2025-01-19T16:00:00.000000000,0.8109999999999999,0.266,0.0,0.0,0.3235504614701334,0.0
111024,2025-01-19T17:00:00.000000000,1.158,0.281,0.0,0.0,1.6971745673673388,0.0
111024,2025-01-19T18:00:00.000000000,1.285,0.33599999999999997,0.0,0.0,1.7147588315776723,0.0
111024,2025-01-19T19:00:00.000000000,1.006,0.336,0.0,0.0,2.0022615514166224,0.0
111024,2025-01-19T20:00:00.000000000,1.043,0.359,0.0,0.0,0.0,0.0
111024,2025-01-19T21:00:00.000000000,1.671,0.397,0.0,0.0,1.0617964872339611,0.0
111024,2025-01-19T22:00:00.000000000,1.008,0.459,0.0,0.0,0.7534857214127834,0.0
111024,2025-01-19T23:00:00.000000000,0.9730000000000001,0.61,0.0,0.0,1.0711747614794722,0.0
111024,2025-01-20T00:00:00.000000000,1.1489999999999998,0.793,0.0,0.0,0.0,0.0
111024,2025-01-20T01:00:00.000000000,1.2710000000000001,0.915,0.0,0.0,0.3235504614701334,0.0
111024,2025-01-20T02:00:00.000000000,1.408,1.05,0.0,0.0,0.0,0.0
111024,2025-01-20T03:00:00.000000000,1.499,1.141,0.0,0.0,0.3235504614701334,0.0
111024,2025-01-20T04:00:00.000000000,1.596,1.218,0.0,0.0,0.0,0.0
111024,2025-01-20T05:00:00.000000000,1.704,1.3,0.0,0.0,0.3235504614701334,0.0
111024,2025-01-20T06:00:00.000000000,1.8729999999999998,1.4809999999999999,0.0,0.0,0.0,0.0
111024,2025-01-20T07:00:00.000000000,1.808,1.4369999999999998,0.0,0.0,0.3235504614701334,0.0
111024,2025-01-20T08:00:00.000000000,1.804,1.323,0.0,0.0,0.8487338192187556,0.0
111024,2025-01-20T09:00:00.000000000,1.646,1.169,0.0,0.0,0.7347291729217612,0.0
111024,2025-01-20T10:00:00.000000000,1.5030000000000001,0.996,0.0,0.0,0.0,0.0
111024,2025-01-20T11:00:00.000000000,1.4369999999999998,0.8640000000000001,0.0,0.0,0.3235504614701334,0.0
111024,2025-01-20T12:00:00.000000000,1.6199999999999999,0.774,0.0,0.0,0.3505129999259778,0.0
111024,2025-01-20T13:00:00.000000000,1.4300000000000002,0.784,0.0,0.0,2.4755713297447612,0.0
111024,2025-01-20T14:00:00.000000000,1.475,0.828,0.0,0.0,2.318192165062278,0.0
111024,2025-01-20T15:00:00.000000000,1.506,0.954,0.0,0.0,1.5858075607018944,0.0
111024,2025-01-20T16:00:00.000000000,1.64,1.082,0.0,0.0,2.297677190150222,0.0
111024,2025-01-20T17:00:00.000000000,1.923,1.083,0.0,0.0,0.4346243970654056,0.0
111024,2025-01-20T18:00:00.000000000,2.312,1.2650000000000001,0.0,0.0,2.091355156748978,0.0
111024,2025-01-20T19:00:00.000000000,2.519,1.5299999999999998,0.0,0.0,0.3235504614701334,0.0
111024,2025-01-20T20:00:00.000000000,2.721,1.818,0.0,0.0,1.2648947388633112,0.0
111024,2025-01-20T21:00:00.000000000,2.864,2.1820000000000004,0.0,0.0,1.1010680106370387,0.0
111024,2025-01-20T22:00:00.000000000,3.1450000000000005,2.5149999999999997,0.0,0.0,0.7344361018515888,0.0
111024,2025-01-20T23:00:00.000000000,3.2039999999999997,2.669,0.0,0.0,0.0,0.0
111024,2025-01-21T00:00:00.000000000,3.0709999999999997,2.665,0.0,0.0,0.3235504614701334,0.0
111024,2025-01-21T01:00:00.000000000,3.0060000000000002,2.604,0.0,0.0,0.0,0.0
111024,2025-01-21T02:00:00.000000000,3.021,2.62,0.0,0.0,0.3235504614701334,0.0
111024,2025-01-21T03:00:00.000000000,3.024,2.626,0.0,0.0,0.34377236531201666,0.0
111024,2025-01-21T04:00:00.000000000,2.9099999999999997,2.514,0.0,0.0,0.3235504614701334,0.0
111024,2025-01-21T05:00:00.000000000,2.8609999999999998,2.467,0.0,0.0,0.0,0.0
111024,2025-01-21T06:00:00.000000000,2.8649999999999998,2.458,0.0,0.0,0.3235504614701334,0.0
111024,2025-01-21T07:00:00.000000000,2.631,2.234,0.0,0.0,0.0,0.0
111024,2025-01-21T08:00:00.000000000,2.387,1.8679999999999999,0.0,0.0,0.8789201394464945,0.0
111024,2025-01-21T09:00:00.000000000,2.054,1.6400000000000001,0.0,0.0,0.0,0.0
111024,2025-01-21T10:00:00.000000000,2.104,1.5030000000000001,0.0,0.0,1.202470600916628,0.0
111024,2025-01-21T11:00:00.000000000,2.192,1.5190000000000001,0.0,0.0,0.8194267122015333,0.0
111024,2025-01-21T12:00:00.000000000,2.2279999999999998,1.518,0.0,0.0,1.0928620206722166,0.0
111024,2025-01-21T13:00:00.000000000,2.282,1.46,0.0,0.0,1.2654808810036555,0.0
111024,2025-01-21T14:00:00.000000000,2.115,1.373,0.0,0.0,0.6904754413257557,0.0
111024,2025-01-21T15:00:00.000000000,2.047,1.186,0.0,0.0,1.2900988508981222,0.0
111024,2025-01-21T16:00:00.000000000,2.231,1.2550000000000001,0.0,0.0,1.5987026877894723,0.0
111024,2025-01-21T17:00:00.000000000,2.33,1.2229999999999999,0.0,0.0,1.2429144086003945,0.0
111024,2025-01-21T18:00:00.000000000,2.609,1.5859999999999999,0.0,0.0,1.1608545089521722,0.0
111024,2025-01-21T19:00:00.000000000,2.379,1.5339999999999998,0.0,0.0,1.2748591552491666,0.0
111024,2025-01-21T20:00:00.000000000,2.447,1.5479999999999998,0.0,0.0,1.6192176627015278,0.0
111024,2025-01-21T21:00:00.000000000,2.815,1.5590000000000002,0.0,0.0,1.9210808649789166,0.0
111024,2025-01-21T22:00:00.000000000,2.319,1.517,0.0,0.0,0.7332638175709001,0.0
111024,2025-01-21T23:00:00.000000000,2.1260000000000003,1.708,0.0,0.0,1.4973000975098834,0.0
111024,2025-01-22T00:00:00.000000000,2.0900000000000003,1.646,0.0,0.0,0.34377236531201666,0.0
111024,2025-01-22T01:00:00.000000000,2.0420000000000003,1.6609999999999998,0.0,0.0,0.3235504614701334,0.0
111024,2025-01-22T02:00:00.000000000,2.1310000000000002,1.747,0.0,0.0,0.0,0.0
111024,2025-01-22T03:00:00.000000000,2.1950000000000003,1.812,0.0,0.0,0.3235504614701334,0.0
111024,2025-01-22T04:00:00.000000000,2.2110000000000003,1.83,0.0,0.0,0.0,0.0
111024,2025-01-22T05:00:00.000000000,2.3289999999999997,1.948,0.0,0.0,0.32325739039996115,0.0
111024,2025-01-22T06:00:00.000000000,2.4739999999999998,1.942,0.0,0.0,0.7942226001667222,0.0
111024,2025-01-22T07:00:00.000000000,2.398,1.739,0.0,0.0,0.7171449087114278,0.0
111024,2025-01-22T08:00:00.000000000,2.176,1.645,0.0,0.0,0.32355046147013333,0.0
111024,2025-01-22T09:00:00.000000000,2.09,1.558,0.0,0.0,0.0,0.0
111024,2025-01-22T10:00:00.000000000,1.942,1.42,0.0,0.0,0.3235504614701334,0.0
111024,2025-01-22T11:00:00.000000000,1.72,1.2109999999999999,0.0,0.0,0.0,0.0
111024,2025-01-22T12:00:00.000000000,1.723,1.215,0.0,0.0,1.1927992556009444,0.0
111024,2025-01-22T13:00:00.000000000,1.605,1.1,0.0,0.0,1.6297682212277278,0.0
111024,2025-01-22T14:00:00.000000000,1.4449999999999998,0.945,0.0,0.0,0.3235504614701334,0.0
111024,2025-01-22T15:00:00.000000000,1.364,0.853,0.0,0.0,0.6878378016942055,0.0
111024,2025-01-22T16:00:00.000000000,1.539,0.878,0.0,0.0,1.8387278942605223,0.0
111024,2025-01-22T17:00:00.000000000,1.9000000000000001,1.01,0.0,0.0,0.6210175976949389,0.0
111024,2025-01-22T18:00:00.000000000,2.3310000000000004,1.391,0.0,0.0,1.0005446335679666,0.0
111024,2025-01-22T19:00:00.000000000,2.3649999999999998,1.4060000000000001,0.0,0.0,1.5494667480005389,0.0
111024,2025-01-22T20:00:00.000000000,2.758,1.358,0.0,0.0,0.3338079489261611,0.0
111024,2025-01-22T21:00:00.000000000,2.144,1.397,0.0,0.0,2.309106961886939,0.0
111024,2025-01-22T22:00:00.000000000,2.047,1.396,0.0,0.0,1.1476663107944223,0.0
111024,2025-01-22T23:00:00.000000000,1.837,1.446,0.0,0.0,0.6907685123959277,0.0
111024,2025-01-23T00:00:00.000000000,1.832,1.45,0.0,0.0,0.3235504614701334,0.0
111024,2025-01-23T01:00:00.000000000,1.8590000000000002,1.482,0.0,0.0,0.0,0.0
111024,2025-01-23T02:00:00.000000000,1.8730000000000002,1.497,0.0,0.0,0.3235504614701334,0.0
111024,2025-01-23T03:00:00.000000000,1.8900000000000001,1.515,0.0,0.0,0.3478753602944278,0.0
111024,2025-01-23T04:00:00.000000000,1.871,1.48,0.0,0.0,0.0,0.0
111024,2025-01-23T05:00:00.000000000,1.834,1.423,0.0,0.0,0.3235504614701334,0.0
111024,2025-01-23T06:00:00.000000000,1.773,1.264,0.0,0.0,1.2218132915479947,0.0
111024,2025-01-23T07:00:00.000000000,1.6360000000000001,0.974,0.0,0.0,1.953025611627689,0.0
111024,2025-01-23T08:00:00.000000000,1.6070000000000002,1.093,0.0,0.0,1.8103000004538168,0.0
111024,2025-01-23T09:00:00.000000000,1.402,0.8919999999999999,0.0,0.0,1.0512459287077611,0.0
111024,2025-01-23T10:00:00.000000000,1.1280000000000001,0.593,0.0,0.0,1.5151774327903889,0.0
111024,2025-01-23T11:00:00.000000000,1.062,0.5740000000000001,0.0,0.0,0.6910615834661,0.0
111024,2025-01-23T12:00:00.000000000,1.038,0.549,0.0,0.0,1.201298316635939,0.0
111024,2025-01-23T13:00:00.000000000,0.9199999999999999,0.547,0.0,0.0,0.0,0.0
111024,2025-01-23T14:00:00.000000000,0.93,0.557,0.0,0.0,1.0817253200056722,0.0
111024,2025-01-23T15:00:00.000000000,1.924,0.562,0.0,0.0,1.5749639311055221,0.0
111024,2025-01-23T16:00:00.000000000,1.496,0.498,0.0,0.0,1.93338984992615,0.0
111024,2025-01-23T17:00:00.000000000,1.39,0.453,0.0,0.0,2.912540295371545,0.0
111024,2025-01-23T18:00:00.000000000,1.799,0.9440000000000001,0.0,0.0,0.0,0.0
111024,2025-01-23T19:00:00.000000000,2.567,0.843,0.0,0.0,1.5608965197372555,0.0
111024,2025-01-23T20:00:00.000000000,1.9210000000000003,0.883,0.0,0.0,0.6893031570450667,0.0
111024,2025-01-23T21:00:00.000000000,1.485,0.947,0.0,0.0,0.49822081929277784,0.0
111024,2025-01-23T22:00:00.000000000,1.5430000000000001,0.988,0.0,0.0,2.150848583993939,0.0
111024,2025-01-23T23:00:00.000000000,1.471,0.993,0.0,0.0,0.3534437106277001,0.0
111024,2025-01-24T00:00:00.000000000,1.439,1.013,0.0,0.0,0.0,0.0
111024,2025-01-24T01:00:00.000000000,1.4049999999999998,1.04,0.0,0.0,0.3235504614701334,0.0
111024,2025-01-24T02:00:00.000000000,1.4259999999999997,1.062,0.0,0.0,0.0,0.0
111024,2025-01-24T03:00:00.000000000,1.427,1.065,0.0,0.0,0.3235504614701334,0.0
111024,2025-01-24T04:00:00.000000000,1.042,0.698,0.0,0.0,0.0,0.0
111024,2025-01-24T05:00:00.000000000,1.02,0.681,0.0,0.0,0.3235504614701334,0.0
111024,2025-01-24T06:00:00.000000000,1.046,0.694,0.0,0.0,1.0216457506203667,0.0
111024,2025-01-24T07:00:00.000000000,1.223,0.62,0.0,0.0,0.9530671202000667,0.0
111024,2025-01-24T08:00:00.000000000,1.321,0.555,0.0,0.0,3.3348557074897167,0.0
111024,2025-01-24T09:00:00.000000000,1.299,0.484,0.0,0.0,2.987566489335633,0.0
111024,2025-01-24T10:00:00.000000000,0.9570000000000001,0.45899999999999996,0.0,0.0,0.0,0.0
111024,2025-01-24T11:00:00.000000000,0.843,0.351,0.0,0.0,2.2830236366416115,0.0
111024,2025-01-24T12:00:00.000000000,0.823,0.29800000000000004,0.0,0.0,1.7848028173488335,0.0
111024,2025-01-24T13:00:00.000000000,0.845,0.35700000000000004,0.0,0.0,0.3235504614701334,0.0
111024,2025-01-24T14:00:00.000000000,0.821,0.333,0.0,0.0,1.193678468811461,0.0
111024,2025-01-24T15:00:00.000000000,0.6910000000000001,0.319,0.0,0.0,0.3440654363821889,0.0
111024,2025-01-24T16:00:00.000000000,0.8119999999999999,0.312,0.0,0.0,0.3440654363821889,0.0
111024,2025-01-24T17:00:00.000000000,0.9730000000000001,0.16099999999999998,0.0,0.0,2.4149056182191115,0.0
111024,2025-01-24T18:00:00.000000000,1.3319999999999999,0.33899999999999997,0.0,0.0,1.5611895908074278,0.0
111024,2025-01-24T19:00:00.000000000,1.295,0.329,0.0,0.0,0.34377236531201666,0.0
111024,2025-01-24T20:00:00.000000000,1.209,0.33699999999999997,0.0,0.0,0.3235504614701334,0.0
111024,2025-01-24T21:00:00.000000000,1.229,0.375,0.0,0.0,0.3332218067858167,0.0
111024,2025-01-24T22:00:00.000000000,1.759,0.422,0.0,0.0,1.0544697104796557,0.0
111024,2025-01-24T23:00:00.000000000,1.043,0.494,0.0,0.0,0.3338079489261611,0.0
111024,2025-01-25T00:00:00.000000000,0.914,0.562,0.0,0.0,0.3440654363821889,0.0
111024,2025-01-25T01:00:00.000000000,0.958,0.61,0.0,0.0,0.3440654363821889,0.0
111024,2025-01-25T02:00:00.000000000,0.989,0.644,0.0,0.0,0.3235504614701334,0.0
111024,2025-01-25T03:00:00.000000000,1.2309999999999999,0.876,0.0,0.0,0.0,0.0
111024,2025-01-25T04:00:00.000000000,1.326,0.971,0.0,0.0,0.3235504614701334,0.0
111024,2025-01-25T05:00:00.000000000,1.424,1.0710000000000002,0.0,0.0,0.0,0.0
111024,2025-01-25T06:00:00.000000000,1.669,1.2710000000000001,0.0,0.0,0.6901823702555834,0.0
111024,2025-01-25T07:00:00.000000000,1.816,1.311,0.0,0.0,0.0,0.0
111024,2025-01-25T08:00:00.000000000,1.75,1.31,0.0,0.0,1.177852631022161,0.0
111024,2025-01-25T09:00:00.000000000,1.948,1.269,0.0,0.0,1.147080168654078,0.0
111024,2025-01-25T10:00:00.000000000,1.8770000000000002,1.322,0.0,0.0,0.7162656955009111,0.0
111024,2025-01-25T11:00:00.000000000,1.8030000000000002,1.294,0.0,0.0,0.781913615219489,0.0
111024,2025-01-25T12:00:00.000000000,1.774,1.266,0.0,0.0,0.3235504614701334,0.0
111024,2025-01-25T13:00:00.000000000,1.822,1.3119999999999998,0.0,0.0,0.0,0.0
111024,2025-01-25T14:00:00.000000000,1.962,1.4489999999999998,0.0,0.0,0.3235504614701334,0.0
111024,2025-01-25T15:00:00.000000000,1.9129999999999998,1.387,0.0,0.0,0.3235504614701334,0.0
111024,2025-01-25T16:00:00.000000000,2.016,1.4460000000000002,0.0,0.0,1.9562493933995833,0.0
111024,2025-01-25T17:00:00.000000000,2.201,1.3010000000000002,0.0,0.0,2.047394496223145,0.0
111024,2025-01-25T18:00:00.000000000,2.7459999999999996,1.7220000000000002,0.0,0.0,0.7877750366229334,0.0
111024,2025-01-25T19:00:00.000000000,2.583,1.589,0.0,0.0,2.3952698565175723,0.0
111024,2025-01-25T20:00:00.000000000,2.405,1.5070000000000001,0.0,0.0,0.7115765583781556,0.0
111024,2025-01-25T21:00:00.000000000,2.3659999999999997,1.559,0.0,0.0,1.528365630948139,0.0
111024,2025-01-25T22:00:00.000000000,2.1959999999999997,1.545,0.0,0.0,1.9931763482412834,0.0
111024,2025-01-25T23:00:00.000000000,2.1,1.646,0.0,0.0,0.37014876162751664,0.0
111024,2025-01-26T00:00:00.000000000,2.263,1.8579999999999999,0.0,0.0,1.0409884412517334,0.0
111024,2025-01-26T01:00:00.000000000,2.465,2.077,0.0,0.0,0.0,0.0
111024,2025-01-26T02:00:00.000000000,2.681,2.292,0.0,0.0,0.3235504614701334,0.0
111024,2025-01-26T03:00:00.000000000,2.867,2.473,0.0,0.0,0.0,0.0
111024,2025-01-26T04:00:00.000000000,2.9499999999999997,2.5570000000000004,0.0,0.0,0.3235504614701334,0.0
111024,2025-01-26T05:00:00.000000000,2.945,2.5420000000000003,0.0,0.0,0.0,0.0
111024,2025-01-26T06:00:00.000000000,3.1479999999999997,2.73,0.0,0.0,0.32355046147013333,0.0
111024,2025-01-26T07:00:00.000000000,3.173,2.729,0.0,0.0,0.93636206920025,0.0
111024,2025-01-26T08:00:00.000000000,2.976,2.057,0.0,0.0,2.1417633808186003,0.0
111024,2025-01-26T09:00:00.000000000,3.0940000000000003,1.723,0.0,0.0,1.0409884412517334,0.0
111024,2025-01-26T10:00:00.000000000,2.384,1.551,0.0,0.0,1.1555792296890723,0.0
111024,2025-01-26T11:00:00.000000000,2.152,1.324,0.0,0.0,0.33029109608409446,0.0
111024,2025-01-26T12:00:00.000000000,2.194,1.3900000000000001,0.0,0.0,5.213148196223489,0.0
111024,2025-01-26T13:00:00.000000000,2.4050000000000002,1.4,0.0,0.0,6.534312580559867,0.0
111024,2025-01-26T14:00:00.000000000,1.6809999999999998,0.993,0.0,0.0,3.1513932175619055,0.0
111024,2025-01-26T15:00:00.000000000,1.3940000000000001,0.883,0.0,0.0,1.2546372514072832,0.0
111024,2025-01-26T16:00:00.000000000,1.587,1.029,0.0,0.0,1.1201176301982334,0.0
111024,2025-01-26T17:00:00.000000000,1.852,1.15,0.0,0.0,0.3440654363821889,0.0
111024,2025-01-26T18:00:00.000000000,2.221,1.5040000000000002,0.0,0.0,3.5696056346976666,0.0
111024,2025-01-26T19:00:00.000000000,1.9689999999999999,1.276,0.0,0.0,0.0,0.0
111024,2025-01-26T20:00:00.000000000,1.923,1.218,0.0,0.0,0.6676158978523223,0.0
111024,2025-01-26T21:00:00.000000000,1.833,1.229,0.0,0.0,0.3440654363821889,0.0
111024,2025-01-26T22:00:00.000000000,1.7049999999999998,1.256,0.0,0.0,0.3440654363821889,0.0
111024,2025-01-26T23:00:00.000000000,1.5910000000000002,1.207,0.0,0.0,0.3235504614701334,0.0
111024,2025-01-27T00:00:00.000000000,1.475,1.106,0.0,0.0,0.7112834873079833,0.0
111024,2025-01-27T01:00:00.000000000,1.42,1.056,0.0,0.0,0.0,0.0
111024,2025-01-27T02:00:00.000000000,1.213,0.861,0.0,0.0,0.3235504614701334,0.0
111024,2025-01-27T03:00:00.000000000,1.102,0.7569999999999999,0.0,0.0,0.0,0.0
111024,2025-01-27T04:00:00.000000000,1.0710000000000002,0.7270000000000001,0.0,0.0,0.3235504614701334,0.0
111024,2025-01-27T05:00:00.000000000,1.044,0.7009999999999998,0.0,0.0,0.3235504614701334,0.0
111024,2025-01-27T06:00:00.000000000,1.102,0.7449999999999999,0.0,0.0,0.0,0.0
111024,2025-01-27T07:00:00.000000000,1.168,0.708,0.0,0.0,0.3235504614701334,0.0
111024,2025-01-27T08:00:00.000000000,1.1609999999999998,0.663,0.0,0.0,0.0,0.0
111024,2025-01-27T09:00:00.000000000,1.211,0.592,0.0,0.0,0.32355046147013333,0.0
111024,2025-01-27T10:00:00.000000000,1.084,0.43,0.0,0.0,1.2218132915479947,0.0
111024,2025-01-27T11:00:00.000000000,0.912,0.40599999999999997,0.0,0.0,0.8050662297630945,0.0
111024,2025-01-27T12:00:00.000000000,0.861,0.373,0.0,0.0,0.3440654363821889,0.0
111024,2025-01-27T13:00:00.000000000,0.812,0.325,0.0,0.0,0.3440654363821889,0.0
111024,2025-01-27T14:00:00.000000000,1.499,0.22099999999999997,0.0,0.0,1.0190081109888167,0.0
111024,2025-01-27T15:00:00.000000000,1.608,0.186,0.0,0.0,0.3235504614701334,0.0
111024,2025-01-27T16:00:00.000000000,0.993,0.214,0.0,0.0,0.4785850575912389,0.0
111024,2025-01-27T17:00:00.000000000,1.128,0.237,0.0,0.0,3.944736604518111,0.0
111024,2025-01-27T18:00:00.000000000,1.198,0.363,0.0,0.0,0.9706513844104001,0.0
111024,2025-01-27T19:00:00.000000000,1.299,0.331,0.0,0.0,1.1432702447418388,0.0
111024,2025-01-27T20:00:00.000000000,1.1540000000000001,0.24999999999999997,0.0,0.0,1.0368854462693222,0.0
111024,2025-01-27T21:00:00.000000000,1.183,0.408,0.0,0.0,1.0409884412517334,0.0
111024,2025-01-27T22:00:00.000000000,1.056,0.511,0.0,0.0,0.0,0.0
111024,2025-01-27T23:00:00.000000000,1.197,0.826,0.0,0.0,0.3235504614701334,0.0
111024,2025-01-28T00:00:00.000000000,1.3,0.937,0.0,0.0,1.0365923751991502,0.0
111024,2025-01-28T01:00:00.000000000,1.3310000000000002,0.972,0.0,0.0,0.0,0.0
111024,2025-01-28T02:00:00.000000000,1.3470000000000002,0.99,0.0,0.0,0.3235504614701334,0.0
111024,2025-01-28T03:00:00.000000000,1.35,0.994,0.0,0.0,0.0,0.0
111024,2025-01-28T04:00:00.000000000,1.3820000000000001,1.0270000000000001,0.0,0.0,0.3235504614701334,0.0
111024,2025-01-28T05:00:00.000000000,1.483,1.127,0.0,0.0,0.0,0.0
111024,2025-01-28T06:00:00.000000000,1.6400000000000001,1.2650000000000001,0.0,0.0,0.3235504614701334,0.0
111024,2025-01-28T07:00:00.000000000,1.684,1.208,0.0,0.0,0.3683903352064833,0.0
111024,2025-01-28T08:00:00.000000000,1.6629999999999998,1.1489999999999998,0.0,0.0,0.6840278777819667,0.0
111024,2025-01-28T09:00:00.000000000,1.642,1.127,0.0,0.0,2.050911349065211,0.0
111024,2025-01-28T10:00:00.000000000,1.428,0.964,0.0,0.0,0.0,0.0
111024,2025-01-28T11:00:00.000000000,1.4109999999999998,0.951,0.0,0.0,1.2470174035828057,0.0
111024,2025-01-28T12:00:00.000000000,1.324,0.9039999999999999,0.0,0.0,0.7186102640622889,0.0
111024,2025-01-28T13:00:00.000000000,1.307,0.8140000000000001,0.0,0.0,1.969144520487161,0.0
111024,2025-01-28T14:00:00.000000000,1.224,0.7350000000000001,0.0,0.0,0.0,0.0
111024,2025-01-28T15:00:00.000000000,1.2719999999999998,0.6910000000000001,0.0,0.0,1.1253929094613335,0.0
111024,2025-01-28T16:00:00.000000000,1.772,0.6990000000000001,0.0,0.0,0.36223584273286663,0.0
111024,2025-01-28T17:00:00.000000000,1.413,0.7530000000000001,0.0,0.0,3.134981237632261,0.0
111024,2025-01-28T18:00:00.000000000,1.787,1.032,0.0,0.0,2.0169151049252334,0.0
111024,2025-01-28T19:00:00.000000000,1.8850000000000002,1.181,0.0,0.0,0.555369677976361,0.0
111024,2025-01-28T20:00:00.000000000,2.154,1.282,0.0,0.0,1.578773855017761,0.0
111024,2025-01-28T21:00:00.000000000,2.176,1.3230000000000002,0.0,0.0,1.963869241224061,0.0
111024,2025-01-28T22:00:00.000000000,2.047,1.3650000000000002,0.0,0.0,0.0,0.0
111024,2025-01-28T23:00:00.000000000,2.013,1.528,0.0,0.0,0.6752357456768001,0.0
111024,2025-01-29T00:00:00.000000000,2.206,1.7650000000000001,0.0,0.0,0.0,0.0
111024,2025-01-29T01:00:00.000000000,2.324,1.929,0.0,0.0,0.6676158978523223,0.0
111024,2025-01-29T02:00:00.000000000,2.543,2.1550000000000002,0.0,0.0,0.3235504614701334,0.0
111024,2025-01-29T03:00:00.000000000,2.7270000000000003,2.3369999999999997,0.0,0.0,0.0,0.0
111024,2025-01-29T04:00:00.000000000,2.764,2.376,0.0,0.0,0.3235504614701334,0.0
111024,2025-01-29T05:00:00.000000000,2.7729999999999997,2.3859999999999997,0.0,0.0,0.884781560849939,0.0
111024,2025-01-29T06:00:00.000000000,2.93,2.448,0.0,0.0,1.222692504758511,0.0
111024,2025-01-29T07:00:00.000000000,2.7859999999999996,2.295,0.0,0.0,0.3235504614701334,0.0
111024,2025-01-29T08:00:00.000000000,2.481,1.983,0.0,0.0,0.0,0.0
111024,2025-01-29T09:00:00.000000000,2.036,1.51,0.0,0.0,0.32325739039996115,0.0
111024,2025-01-29T10:00:00.000000000,1.688,1.177,0.0,0.0,0.0,0.0
111024,2025-01-29T11:00:00.000000000,1.432,1.0470000000000002,0.0,0.0,1.9837980739957723,0.0
111024,2025-01-29T12:00:00.000000000,1.3760000000000001,0.9179999999999999,0.0,0.0,0.3675111219959667,0.0
111024,2025-01-29T13:00:00.000000000,1.42,0.782,0.0,0.0,0.6881308727643778,0.0
111024,2025-01-29T14:00:00.000000000,1.45,0.8069999999999999,0.0,0.0,3.1695636239125835,0.0
111024,2025-01-29T15:00:00.000000000,1.393,0.755,0.0,0.0,2.4447988673766776,0.0
111024,2025-01-29T16:00:00.000000000,1.48,0.621,0.0,0.0,2.844547807091589,0.0
111024,2025-01-29T17:00:00.000000000,1.7720000000000002,0.634,0.0,0.0,1.8703795698391223,0.0
111024,2025-01-29T18:00:00.000000000,2.2199999999999998,0.914,0.0,0.0,1.4339967463526835,0.0
111024,2025-01-29T19:00:00.000000000,2.112,0.9159999999999999,0.0,0.0,2.78798509054835,0.0
111024,2025-01-29T20:00:00.000000000,1.7349999999999999,1.024,0.0,0.0,0.7086458476764333,0.0
111024,2025-01-29T21:00:00.000000000,1.901,1.153,0.0,0.0,0.7115765583781556,0.0
111024,2025-01-29T22:00:00.000000000,1.9140000000000001,1.24,0.0,0.0,2.868579634845711,0.0
111024,2025-01-29T23:00:00.000000000,3.016,1.759,0.0,0.0,6.869292813766717,0.0
111024,2025-01-30T00:00:00.000000000,1.9829999999999999,1.192,0.0,0.0,0.6623406185892222,0.0
111024,2025-01-30T01:00:00.000000000,1.674,1.268,0.0,0.0,0.32325739039996115,0.0
111024,2025-01-30T02:00:00.000000000,1.712,1.322,0.0,0.0,0.0,0.0
111024,2025-01-30T03:00:00.000000000,1.7129999999999999,1.344,0.0,0.0,0.3235504614701334,0.0
111024,2025-01-30T04:00:00.000000000,1.735,1.367,0.0,0.0,0.3440654363821889,0.0
111024,2025-01-30T05:00:00.000000000,1.784,1.391,0.0,0.0,0.7912918894650001,0.0
111024,2025-01-30T06:00:00.000000000,1.955,1.271,0.0,0.0,2.8108446340217834,0.0
111024,2025-01-30T07:00:00.000000000,1.958,1.321,0.0,0.0,0.3578397766802834,0.0
111024,2025-01-30T08:00:00.000000000,1.742,1.2229999999999999,0.0,0.0,0.3235504614701334,0.0
111024,2025-01-30T09:00:00.000000000,1.451,1.054,0.0,0.0,0.0,0.0
111024,2025-01-30T10:00:00.000000000,1.207,0.859,0.0,0.0,1.0591588476024112,0.0
111024,2025-01-30T11:00:00.000000000,1.0070000000000001,0.672,0.0,0.0,0.7174379797816001,0.0
111024,2025-01-30T12:00:00.000000000,0.897,0.563,0.0,0.0,0.3440654363821889,0.0
111024,2025-01-30T13:00:00.000000000,0.9359999999999999,0.488,0.0,0.0,0.6561861261156057,0.0
111024,2025-01-30T14:00:00.000000000,1.138,0.411,0.0,0.0,0.34172086782081107,0.0
111024,2025-01-30T15:00:00.000000000,1.061,0.432,0.0,0.0,0.3235504614701334,0.0
111024,2025-01-30T16:00:00.000000000,1.149,0.496,0.0,0.0,0.8809716369377,0.0
111024,2025-01-30T17:00:00.000000000,1.631,0.547,0.0,0.0,1.9140471592947834,0.0
111024,2025-01-30T18:00:00.000000000,2.1,0.873,0.0,0.0,2.0383092930478055,0.0
111024,2025-01-30T19:00:00.000000000,1.687,1.002,0.0,0.0,0.3440654363821889,0.0
111024,2025-01-30T20:00:00.000000000,1.637,0.998,0.0,0.0,0.0,0.0
111024,2025-01-30T21:00:00.000000000,1.6219999999999999,1.07,0.0,0.0,1.9117025907334055,0.0
111024,2025-01-30T22:00:00.000000000,1.655,1.105,0.0,0.0,1.6107186016665336,0.0
111024,2025-01-30T23:00:00.000000000,1.6269999999999998,1.147,0.0,0.0,1.6309405055084165,0.0
111024,2025-01-31T00:00:00.000000000,1.532,1.1409999999999998,0.0,0.0,0.6966299337993722,0.0
111024,2025-01-31T01:00:00.000000000,1.5310000000000001,1.166,0.0,0.0,0.0,0.0
111024,2025-01-31T02:00:00.000000000,1.5620000000000003,1.1969999999999998,0.0,0.0,0.7356083861322777,0.0
111024,2025-01-31T03:00:00.000000000,1.5670000000000002,1.204,0.0,0.0,0.3235504614701334,0.0
111024,2025-01-31T04:00:00.000000000,1.697,1.3270000000000002,0.0,0.0,0.8106345800963667,0.0
111024,2025-01-31T05:00:00.000000000,1.774,1.4059999999999997,0.0,0.0,1.5213319252640056,0.0
111024,2025-01-31T06:00:00.000000000,2.0380000000000003,1.5750000000000002,0.0,0.0,0.37688939624147777,0.0
111024,2025-01-31T07:00:00.000000000,2.136,1.62,0.0,0.0,1.0433330098131113,0.0
111024,2025-01-31T08:00:00.000000000,2.263,1.616,0.0,0.0,0.8346664078504888,0.0
111024,2025-01-31T09:00:00.000000000,2.149,1.619,0.0,0.0,1.0612103450936166,0.0
111024,2025-01-31T10:00:00.000000000,2.226,1.698,0.0,0.0,2.723216384040289,0.0
111024,2025-01-31T11:00:00.000000000,2.1910000000000003,1.746,0.0,0.0,2.2223579251159613,0.0
111024,2025-01-31T12:00:00.000000000,2.15,1.78,0.0,0.0,0.5017376721348444,0.0
111024,2025-01-31T13:00:00.000000000,2.243,1.87,0.0,0.0,0.7353153150621056,0.0
111024,2025-01-31T14:00:00.000000000,2.266,1.893,0.0,0.0,0.3235504614701334,0.0
111024,2025-01-31T15:00:00.000000000,2.188,1.776,0.0,0.0,0.0,0.0
111024,2025-01-31T16:00:00.000000000,2.368,1.73,0.0,0.0,0.3235504614701334,0.0
111024,2025-01-31T17:00:00.000000000,2.788,1.771,0.0,0.0,0.7745868384651833,0.0
111024,2025-01-31T18:00:00.000000000,5.603000000000001,3.358,0.0,0.0,7.613986403074334,0.0
111024,2025-01-31T19:00:00.000000000,3.817,2.421,0.0,0.0,1.4723890565452444,0.0
111024,2025-01-31T20:00:00.000000000,3.295,2.316,0.0,0.0,0.6808040960100723,0.0
111024,2025-01-31T21:00:00.000000000,3.156,2.1560000000000006,0.0,0.0,1.44278887845785,0.0
111024,2025-01-31T22:00:00.000000000,4.075,2.9640000000000004,0.0,0.0,7.895334630439667,0.0
111024,2025-01-31T23:00:00.000000000,4.404,3.377,0.0,0.0,7.971533108684444,0.0
111024,2025-02-01T00:00:00.000000000,3.2060000000000004,2.6870000000000003,0.0,0.0,2.321122875764,0.0
111024,2025-02-01T01:00:00.000000000,3.2600000000000002,2.82,0.0,0.0,1.784216675208489,0.0
111024,2025-02-01T02:00:00.000000000,3.429,2.999,0.0,0.0,0.23943906433070555,0.0
111024,2025-02-01T03:00:00.000000000,3.604,3.1820000000000004,0.0,0.0,0.3235504614701334,0.0
111024,2025-02-01T04:00:00.000000000,3.737,3.3299999999999996,0.0,0.0,0.38978452332905555,0.0
111024,2025-02-01T05:00:00.000000000,3.737,3.2849999999999997,0.0,0.0,1.143563315812011,0.0
111024,2025-02-01T06:00:00.000000000,3.772,3.2190000000000003,0.0,0.0,1.1734565649695778,0.0
111024,2025-02-01T07:00:00.000000000,3.3850000000000002,2.731,0.0,0.0,2.8609597870212333,0.0
111024,2025-02-01T08:00:00.000000000,3.231,2.682,0.0,0.0,0.3235504614701334,0.0
111024,2025-02-01T09:00:00.000000000,2.8829999999999996,2.416,0.0,0.0,0.0,0.0
111024,2025-02-01T10:00:00.000000000,2.737,2.202,0.0,0.0,1.1330127572858113,0.0
111024,2025-02-01T11:00:00.000000000,2.5300000000000002,2.005,0.0,0.0,0.3440654363821889,0.0
111024,2025-02-01T12:00:00.000000000,2.377,1.857,0.0,0.0,0.3440654363821889,0.0
111024,2025-02-01T13:00:00.000000000,2.2150000000000003,1.698,0.0,0.0,0.3235504614701334,0.0
111024,2025-02-01T14:00:00.000000000,2.1260000000000003,1.5780000000000003,0.0,0.0,0.6913546545362723,0.0
111024,2025-02-01T15:00:00.000000000,2.0740000000000003,1.518,0.0,0.0,0.0,0.0
111024,2025-02-01T16:00:00.000000000,2.122,1.571,0.0,0.0,0.3440654363821889,0.0
111024,2025-02-01T17:00:00.000000000,2.399,1.659,0.0,0.0,0.4551393719774611,0.0
111024,2025-02-01T18:00:00.000000000,3.1550000000000002,2.1510000000000002,0.0,0.0,1.6189245916313557,0.0
111024,2025-02-01T19:00:00.000000000,3.13,2.122,0.0,0.0,0.8707141494816723,0.0
111024,2025-02-01T20:00:00.000000000,2.803,1.852,0.0,0.0,0.6910615834661,0.0
111024,2025-02-01T21:00:00.000000000,2.536,1.893,0.0,0.0,1.098723442075661,0.0
111024,2025-02-01T22:00:00.000000000,2.5050000000000003,1.907,0.0,0.0,0.3235504614701334,0.0
111024,2025-02-01T23:00:00.000000000,2.457,1.951,0.0,0.0,1.9178570832070223,0.0
111024,2025-02-02T00:00:00.000000000,2.359,1.95,0.0,0.0,0.0,0.0
111024,2025-02-02T01:00:00.000000000,2.356,1.97,0.0,0.0,0.3235504614701334,0.0
111024,2025-02-02T02:00:00.000000000,2.381,1.996,0.0,0.0,0.0,0.0
111024,2025-02-02T03:00:00.000000000,2.3569999999999998,1.974,0.0,0.0,0.3235504614701334,0.0
111024,2025-02-02T04:00:00.000000000,2.382,1.999,0.0,0.0,0.0,0.0
111024,2025-02-02T05:00:00.000000000,2.445,2.027,0.0,0.0,0.3235504614701334,0.0
111024,2025-02-02T06:00:00.000000000,2.571,2.109,0.0,0.0,0.0,0.0
111024,2025-02-02T07:00:00.000000000,2.577,2.043,0.0,0.0,1.009922907813478,0.0
111024,2025-02-02T08:00:00.000000000,2.629,1.94,0.0,0.0,0.0,0.0
111024,2025-02-02T09:00:00.000000000,2.505,1.814,0.0,0.0,0.3232573903999611,0.0
111024,2025-02-02T10:00:00.000000000,2.359,1.6789999999999998,0.0,0.0,0.7889473209036223,0.0
111024,2025-02-02T11:00:00.000000000,2.157,1.4680000000000002,0.0,0.0,0.6664436135716334,0.0
111024,2025-02-02T12:00:00.000000000,1.842,1.186,0.0,0.0,3.2771207066657886,0.0
111024,2025-02-02T13:00:00.000000000,1.8689999999999998,1.323,0.0,0.0,1.7853889594891779,0.0
111024,2025-02-02T14:00:00.000000000,1.981,1.4689999999999999,0.0,0.0,0.3235504614701334,0.0
111024,2025-02-02T15:00:00.000000000,1.995,1.434,0.0,0.0,0.8446308242363445,0.0
111024,2025-02-02T16:00:00.000000000,2.1189999999999998,1.384,0.0,0.0,0.5521458962044667,0.0
111024,2025-02-02T17:00:00.000000000,2.197,1.404,0.0,0.0,0.7191964062026335,0.0
111024,2025-02-02T18:00:00.000000000,2.461,1.625,0.0,0.0,0.4785850575912389,0.0
111024,2025-02-02T19:00:00.000000000,2.0989999999999998,1.3699999999999997,0.0,0.0,2.1027849284856943,0.0
111024,2025-02-02T20:00:00.000000000,2.1450000000000005,1.472,0.0,0.0,1.1567515139697613,0.0
111024,2025-02-02T21:00:00.000000000,2.164,1.531,0.0,0.0,0.3235504614701334,0.0
111024,2025-02-02T22:00:00.000000000,2.261,1.626,0.0,0.0,1.4120164160897666,0.0
111024,2025-02-02T23:00:00.000000000,2.406,1.818,0.0,0.0,0.3440654363821889,0.0
111024,2025-02-03T00:00:00.000000000,2.442,2.028,0.0,0.0,0.3440654363821889,0.0
111024,2025-02-03T01:00:00.000000000,2.492,2.101,0.0,0.0,0.3235504614701334,0.0
111024,2025-02-03T02:00:00.000000000,2.58,2.188,0.0,0.0,0.0,0.0
111024,2025-02-03T03:00:00.000000000,2.7010000000000005,2.309,0.0,0.0,0.3235504614701334,0.0
111024,2025-02-03T04:00:00.000000000,2.8419999999999996,2.4459999999999997,0.0,0.0,0.0,0.0
111024,2025-02-03T05:00:00.000000000,2.887,2.4669999999999996,0.0,0.0,0.3235504614701334,0.0
111024,2025-02-03T06:00:00.000000000,2.982,2.572,0.0,0.0,0.3235504614701334,0.0
111024,2025-02-03T07:00:00.000000000,2.931,2.5260000000000002,0.0,0.0,0.0,0.0
111024,2025-02-03T08:00:00.000000000,2.9130000000000003,2.5120000000000005,0.0,0.0,0.3235504614701334,0.0
111024,2025-02-03T09:00:00.000000000,2.9749999999999996,2.575,0.0,0.0,0.7599332849565723,0.0
111024,2025-02-03T10:00:00.000000000,2.9029999999999996,2.509,0.0,0.0,0.0,0.0
111024,2025-02-03T11:00:00.000000000,2.8099999999999996,2.423,0.0,0.0,0.3235504614701334,0.0
111024,2025-02-03T12:00:00.000000000,2.743,2.3599999999999994,0.0,0.0,0.0,0.0
111024,2025-02-03T13:00:00.000000000,2.968,2.466,0.0,0.0,0.3235504614701334,0.0
111024,2025-02-03T14:00:00.000000000,2.996,2.459,0.0,0.0,0.0,0.0
111024,2025-02-03T15:00:00.000000000,2.884,2.342,0.0,0.0,0.3235504614701334,0.0
111024,2025-02-03T16:00:00.000000000,2.9109999999999996,2.29,0.0,0.0,0.8496130324292722,0.0
111024,2025-02-03T17:00:00.000000000,3.1470000000000002,2.159,0.0,0.0,2.6174177277081165,0.0
111024,2025-02-03T18:00:00.000000000,3.2479999999999998,2.1220000000000003,0.0,0.0,4.268580137058416,0.0
111024,2025-02-03T19:00:00.000000000,2.939,1.864,0.0,0.0,2.9330552702836,0.0
111024,2025-02-03T20:00:00.000000000,3.0300000000000002,2.058,0.0,0.0,2.6241583623220777,0.0
111024,2025-02-03T21:00:00.000000000,3.153,2.282,0.0,0.0,0.3678041930661389,0.0
111024,2025-02-03T22:00:00.000000000,3.132,2.429,0.0,0.0,1.22122714940765,0.0
111024,2025-02-03T23:00:00.000000000,3.066,2.6510000000000002,0.0,0.0,0.3235504614701334,0.0
111024,2025-02-04T00:00:00.000000000,3.162,2.756,0.0,0.0,0.6913546545362723,0.0
111024,2025-02-04T01:00:00.000000000,3.232,2.8279999999999994,0.0,0.0,0.3235504614701334,0.0
111024,2025-02-04T02:00:00.000000000,3.3099999999999996,2.9059999999999997,0.0,0.0,0.3235504614701334,0.0
111024,2025-02-04T03:00:00.000000000,3.407,3.004,0.0,0.0,0.0,0.0
111024,2025-02-04T04:00:00.000000000,3.529,3.124,0.0,0.0,0.3235504614701334,0.0
111024,2025-02-04T05:00:00.000000000,3.6350000000000002,3.227,0.0,0.0,0.8918152665340723,0.0
111024,2025-02-04T06:00:00.000000000,3.8689999999999998,3.362,0.0,0.0,1.0319032380763944,0.0
111024,2025-02-04T07:00:00.000000000,3.895,3.34,0.0,0.0,0.3505129999259778,0.0
111024,2025-02-04T08:00:00.000000000,3.905,3.226,0.0,0.0,1.541553829105889,0.0
111024,2025-02-04T09:00:00.000000000,3.7230000000000003,3.1590000000000003,0.0,0.0,1.2933226326700167,0.0
111024,2025-02-04T10:00:00.000000000,3.719,3.159,0.0,0.0,2.5875244785505505,0.0
111024,2025-02-04T11:00:00.000000000,3.8019999999999996,3.0620000000000003,0.0,0.0,0.9498433384281724,0.0
111024,2025-02-04T12:00:00.000000000,4.179,2.9639999999999995,0.0,0.0,2.1537792946956613,0.0
111024,2025-02-04T13:00:00.000000000,3.403,2.598,0.0,0.0,2.6426218397429277,0.0
111024,2025-02-04T14:00:00.000000000,3.312,2.623,0.0,0.0,0.7250578276060777,0.0
111024,2025-02-04T15:00:00.000000000,3.185,2.48,0.0,0.0,0.3235504614701334,0.0
111024,2025-02-04T16:00:00.000000000,3.355,2.5,0.0,0.0,0.8516645299204778,0.0
111024,2025-02-04T17:00:00.000000000,3.607,2.811,0.0,0.0,0.3440654363821889,0.0
111024,2025-02-04T18:00:00.000000000,4.798,3.839,0.0,0.0,0.8671972966396055,0.0
111024,2025-02-04T19:00:00.000000000,5.23,3.895,0.0,0.0,1.921373936049089,0.0
111024,2025-02-04T20:00:00.000000000,5.34,4.082,0.0,0.0,1.1957299663026668,0.0
111024,2025-02-04T21:00:00.000000000,5.32,4.2989999999999995,0.0,0.0,0.3235504614701334,0.0
111024,2025-02-04T22:00:00.000000000,5.095999999999999,4.457,0.0,0.0,0.7804482598686278,0.0
111024,2025-02-04T23:00:00.000000000,5.068,4.5809999999999995,0.0,0.0,0.3329287357156444,0.0
111024,2025-02-05T00:00:00.000000000,5.144,4.707,0.0,0.0,1.1960230373728389,0.0
111024,2025-02-05T01:00:00.000000000,4.983,4.551,0.0,0.0,0.3235504614701334,0.0
111024,2025-02-05T02:00:00.000000000,4.654999999999999,4.23,0.0,0.0,0.6676158978523223,0.0
111024,2025-02-05T03:00:00.000000000,4.63,4.205,0.0,0.0,0.0,0.0
111024,2025-02-05T04:00:00.000000000,4.5600000000000005,4.132,0.0,0.0,0.3235504614701334,0.0
111024,2025-02-05T05:00:00.000000000,4.6209999999999996,4.159,0.0,0.0,0.8059454429736111,0.0
111024,2025-02-05T06:00:00.000000000,5.353,4.7379999999999995,0.0,0.0,0.0,0.0
111024,2025-02-05T07:00:00.000000000,5.393999999999999,4.8950000000000005,0.0,0.0,0.3235504614701334,0.0
111024,2025-02-05T08:00:00.000000000,4.201,3.6319999999999997,0.0,0.0,1.2218132915479947,0.0
111024,2025-02-05T09:00:00.000000000,3.7180000000000004,3.142,0.0,0.0,1.6145285255787725,0.0
111024,2025-02-05T10:00:00.000000000,3.315,2.7689999999999997,0.0,0.0,0.0,0.0
111024,2025-02-05T11:00:00.000000000,3.031,2.496,0.0,0.0,0.3440654363821889,0.0
111024,2025-02-05T12:00:00.000000000,2.863,2.331,0.0,0.0,1.1749219203204389,0.0
111024,2025-02-05T13:00:00.000000000,2.7060000000000004,2.1790000000000003,0.0,0.0,0.6881308727643778,0.0
111024,2025-02-05T14:00:00.000000000,2.543,2.0200000000000005,0.0,0.0,0.7118696294483278,0.0
111024,2025-02-05T15:00:00.000000000,2.487,1.956,0.0,0.0,0.3235504614701334,0.0
111024,2025-02-05T16:00:00.000000000,2.584,2.022,0.0,0.0,1.1758011335309555,0.0
111024,2025-02-05T17:00:00.000000000,2.7809999999999997,2.092,0.0,0.0,0.9000212564988945,0.0
111024,2025-02-05T18:00:00.000000000,3.4,2.403,0.0,0.0,2.020138886697128,0.0
111024,2025-02-05T19:00:00.000000000,3.083,2.654,0.0,0.0,0.3235504614701334,0.0
111024,2025-02-05T20:00:00.000000000,3.163,2.6029999999999998,0.0,0.0,0.3235504614701334,0.0
111024,2025-02-05T21:00:00.000000000,3.452,2.686,0.0,0.0,1.2742730131088225,0.0
111024,2025-02-05T22:00:00.000000000,3.4989999999999997,2.743,0.0,0.0,2.109818634169828,0.0
111024,2025-02-05T23:00:00.000000000,3.103,2.5829999999999997,0.0,0.0,0.0,0.0
111024,2025-02-06T00:00:00.000000000,3.0660000000000003,2.64,0.0,0.0,0.3235504614701334,0.0
111024,2025-02-06T01:00:00.000000000,3.086,2.682,0.0,0.0,0.0,0.0
111024,2025-02-06T02:00:00.000000000,3.223,2.8219999999999996,0.0,0.0,1.1752149913906111,0.0
111024,2025-02-06T03:00:00.000000000,3.3839999999999995,2.981,0.0,0.0,0.3235504614701334,0.0
111024,2025-02-06T04:00:00.000000000,3.644,3.239,0.0,0.0,0.3235504614701334,0.0
111024,2025-02-06T05:00:00.000000000,3.92,3.5,0.0,0.0,0.3757171119607889,0.0
111024,2025-02-06T06:00:00.000000000,4.348000000000001,3.854,0.0,0.0,0.3235504614701334,0.0
111024,2025-02-06T07:00:00.000000000,3.971,3.5559999999999996,0.0,0.0,0.0,0.0
111024,2025-02-06T08:00:00.000000000,3.3989999999999996,2.9939999999999998,0.0,0.0,0.3235504614701334,0.0
111024,2025-02-06T09:00:00.000000000,3.022,2.627,0.0,0.0,0.0,0.0
111024,2025-02-06T10:00:00.000000000,2.745,2.2479999999999998,0.0,0.0,2.2077043716073503,0.0
111024,2025-02-06T11:00:00.000000000,2.503,1.978,0.0,0.0,0.3235504614701334,0.0
111024,2025-02-06T12:00:00.000000000,2.3569999999999998,1.836,0.0,0.0,0.0,0.0
111024,2025-02-06T13:00:00.000000000,2.2960000000000003,1.777,0.0,0.0,0.3235504614701334,0.0
111024,2025-02-06T14:00:00.000000000,2.213,1.658,0.0,0.0,0.4551393719774611,0.0
111024,2025-02-06T15:00:00.000000000,2.201,1.4249999999999998,0.0,0.0,1.4738544118961054,0.0
111024,2025-02-06T16:00:00.000000000,2.2199999999999998,1.491,0.0,0.0,0.43696896562678333,0.0
111024,2025-02-06T17:00:00.000000000,2.528,1.7229999999999999,0.0,0.0,1.772200761331428,0.0
111024,2025-02-06T18:00:00.000000000,3.372,2.093,0.0,0.0,4.233704679707922,0.0
111024,2025-02-06T19:00:00.000000000,3.9719999999999995,2.657,0.0,0.0,1.127444406952539,0.0
111024,2025-02-06T20:00:00.000000000,3.904,2.995,0.0,0.0,1.0354200909184612,0.0
111024,2025-02-06T21:00:00.000000000,4.237,3.408,0.0,0.0,2.0213111709778167,0.0
111024,2025-02-06T22:00:00.000000000,4.306,3.6250000000000004,0.0,0.0,0.7740006963248389,0.0
111024,2025-02-06T23:00:00.000000000,4.381,3.84,0.0,0.0,0.6913546545362723,0.0
111024,2025-02-07T00:00:00.000000000,4.426,3.9800000000000004,0.0,0.0,0.0,0.0
111024,2025-02-07T01:00:00.000000000,4.4990000000000006,4.076,0.0,0.0,0.3440654363821889,0.0
111024,2025-02-07T02:00:00.000000000,4.670999999999999,4.247,0.0,0.0,0.3235504614701334,0.0
111024,2025-02-07T03:00:00.000000000,4.813000000000001,4.388999999999999,0.0,0.0,0.3440654363821889,0.0
111024,2025-02-07T04:00:00.000000000,4.702,4.279,0.0,0.0,0.0,0.0
111024,2025-02-07T05:00:00.000000000,4.5409999999999995,4.1240000000000006,0.0,0.0,0.3235504614701334,0.0
111024,2025-02-07T06:00:00.000000000,4.724,4.235,0.0,0.0,0.8132722197279166,0.0
111024,2025-02-07T07:00:00.000000000,4.75,3.944,0.0,0.0,0.8024285901315444,0.0
111024,2025-02-07T08:00:00.000000000,4.011,3.3400000000000003,0.0,0.0,0.7540718635531277,0.0
111024,2025-02-07T09:00:00.000000000,3.7790000000000004,2.9619999999999997,0.0,0.0,4.340382549250612,0.0
111024,2025-02-07T10:00:00.000000000,2.45,1.9200000000000002,0.0,0.0,0.67259810604525,0.0
111024,2025-02-07T11:00:00.000000000,2.303,1.67,0.0,0.0,1.9981585564342113,0.0
111024,2025-02-07T12:00:00.000000000,2.1670000000000003,1.5,0.0,0.0,1.0764500407425723,0.0
111024,2025-02-07T13:00:00.000000000,2.095,1.4309999999999998,0.0,0.0,1.3232158818275834,0.0
111024,2025-02-07T14:00:00.000000000,2.053,1.393,0.0,0.0,1.2772037238105443,0.0
111024,2025-02-07T15:00:00.000000000,2.032,1.353,0.0,0.0,1.9580078198206166,0.0
111024,2025-02-07T16:00:00.000000000,1.972,1.157,0.0,0.0,2.6379327026201724,0.0
111024,2025-02-07T17:00:00.000000000,2.2359999999999998,1.367,0.0,0.0,1.3387486485467113,0.0
111024,2025-02-07T18:00:00.000000000,3.106,1.6119999999999999,0.0,0.0,1.0360062330588056,0.0
111024,2025-02-07T19:00:00.000000000,2.553,1.552,0.0,0.0,0.7350222439919334,0.0
111024,2025-02-07T20:00:00.000000000,2.492,1.5430000000000001,0.0,0.0,0.3440654363821889,0.0
111024,2025-02-07T21:00:00.000000000,2.4499999999999997,1.5370000000000001,0.0,0.0,0.3440654363821889,0.0
111024,2025-02-07T22:00:00.000000000,2.0149999999999997,1.5,0.0,0.0,0.6676158978523223,0.0
111024,2025-02-07T23:00:00.000000000,1.875,1.483,0.0,0.0,0.0,0.0
111024,2025-02-08T00:00:00.000000000,1.856,1.476,0.0,0.0,0.3440654363821889,0.0
111024,2025-02-08T01:00:00.000000000,1.848,1.471,0.0,0.0,0.3235504614701334,0.0
111024,2025-02-08T02:00:00.000000000,1.8130000000000002,1.438,0.0,0.0,0.0,0.0
111024,2025-02-08T03:00:00.000000000,1.782,1.4089999999999998,0.0,0.0,0.3235504614701334,0.0
111024,2025-02-08T04:00:00.000000000,1.799,1.411,0.0,0.0,1.6983468516480276,0.0
111024,2025-02-08T05:00:00.000000000,1.833,1.423,0.0,0.0,0.8103415090261945,0.0
111024,2025-02-08T06:00:00.000000000,1.9299999999999997,1.534,0.0,0.0,0.3235504614701334,0.0
111024,2025-02-08T07:00:00.000000000,1.9019999999999997,1.5259999999999998,0.0,0.0,0.0,0.0
111024,2025-02-08T08:00:00.000000000,1.967,1.478,0.0,0.0,0.8522506720608222,0.0
111024,2025-02-08T09:00:00.000000000,1.962,1.4340000000000002,0.0,0.0,1.7417213700335166,0.0
111024,2025-02-08T10:00:00.000000000,1.886,1.3679999999999999,0.0,0.0,0.6913546545362723,0.0
111024,2025-02-08T11:00:00.000000000,1.63,1.124,0.0,0.0,1.1107393559527223,0.0
111024,2025-02-08T12:00:00.000000000,1.627,1.1219999999999999,0.0,0.0,0.3235504614701334,0.0
111024,2025-02-08T13:00:00.000000000,1.5590000000000002,1.056,0.0,0.0,0.7543649346233,0.0
111024,2025-02-08T14:00:00.000000000,1.55,1.049,0.0,0.0,0.7118696294483278,0.0
111024,2025-02-08T15:00:00.000000000,1.7080000000000002,1.074,0.0,0.0,0.8551813827625445,0.0
111024,2025-02-08T16:00:00.000000000,1.682,1.03,0.0,0.0,1.9158055857158167,0.0
111024,2025-02-08T17:00:00.000000000,1.851,1.05,0.0,0.0,1.1324266151454667,0.0
111024,2025-02-08T18:00:00.000000000,2.2560000000000002,1.2830000000000001,0.0,0.0,0.3440654363821889,0.0
111024,2025-02-08T19:00:00.000000000,2.1470000000000002,1.1580000000000001,0.0,0.0,0.0,0.0
111024,2025-02-08T20:00:00.000000000,2.074,1.1360000000000001,0.0,0.0,1.5878590581931,0.0
111024,2025-02-08T21:00:00.000000000,1.994,1.144,0.0,0.0,0.6881308727643778,0.0
111024,2025-02-08T22:00:00.000000000,1.8370000000000002,1.201,0.0,0.0,0.85195760099065,0.0
111024,2025-02-08T23:00:00.000000000,1.7790000000000001,1.3030000000000002,0.0,0.0,0.3235504614701334,0.0
111024,2025-02-09T00:00:00.000000000,1.726,1.347,0.0,0.0,0.3235504614701334,0.0
111024,2025-02-09T01:00:00.000000000,1.691,1.3170000000000002,0.0,0.0,0.3440654363821889,0.0
111024,2025-02-09T02:00:00.000000000,1.661,1.2890000000000001,0.0,0.0,0.0,0.0
111024,2025-02-09T03:00:00.000000000,1.679,1.309,0.0,0.0,0.3235504614701334,0.0
111024,2025-02-09T04:00:00.000000000,1.739,1.367,0.0,0.0,0.0,0.0
111024,2025-02-09T05:00:00.000000000,1.7489999999999999,1.38,0.0,0.0,0.6998537155712667,0.0
111024,2025-02-09T06:00:00.000000000,1.9380000000000002,1.419,0.0,0.0,0.8317356971487667,0.0
111024,2025-02-09T07:00:00.000000000,1.9909999999999999,1.377,0.0,0.0,1.1977814637938724,0.0
111024,2025-02-09T08:00:00.000000000,1.877,1.352,0.0,0.0,0.35490906597856114,0.0
111024,2025-02-09T09:00:00.000000000,1.932,1.289,0.0,0.0,0.32325739039996115,0.0
111024,2025-02-09T10:00:00.000000000,1.727,1.174,0.0,0.0,0.3440654363821889,0.0
111024,2025-02-09T11:00:00.000000000,1.296,0.803,0.0,0.0,0.0,0.0
111024,2025-02-09T12:00:00.000000000,1.186,0.659,0.0,0.0,0.6881308727643778,0.0
111024,2025-02-09T13:00:00.000000000,1.2149999999999999,0.651,0.0,0.0,1.196316108443011,0.0
111024,2025-02-09T14:00:00.000000000,1.138,0.652,0.0,0.0,0.7118696294483278,0.0
111024,2025-02-09T15:00:00.000000000,1.012,0.6779999999999999,0.0,0.0,0.6881308727643778,0.0
111024,2025-02-09T16:00:00.000000000,1.049,0.708,0.0,0.0,1.249948114284528,0.0
111024,2025-02-09T17:00:00.000000000,1.2510000000000001,0.7129999999999999,0.0,0.0,1.7590125631736777,0.0
111024,2025-02-09T18:00:00.000000000,1.718,0.898,0.0,0.0,0.3235504614701334,0.0
111024,2025-02-09T19:00:00.000000000,1.869,0.8889999999999999,0.0,0.0,0.3235504614701334,0.0
111024,2025-02-09T20:00:00.000000000,1.8750000000000002,0.882,0.0,0.0,0.0,0.0
111024,2025-02-09T21:00:00.000000000,1.794,0.951,0.0,0.0,0.6913546545362723,0.0
111024,2025-02-09T22:00:00.000000000,1.6720000000000002,1.044,0.0,0.0,0.3440654363821889,0.0
111024,2025-02-09T23:00:00.000000000,1.5339999999999998,1.11,0.0,0.0,0.3235504614701334,0.0
111024,2025-02-10T00:00:00.000000000,1.49,1.122,0.0,0.0,0.0,0.0
111024,2025-02-10T01:00:00.000000000,1.524,1.158,0.0,0.0,0.3440654363821889,0.0
111024,2025-02-10T02:00:00.000000000,1.556,1.191,0.0,0.0,0.3235504614701334,0.0
111024,2025-02-10T03:00:00.000000000,1.563,1.202,0.0,0.0,0.0,0.0
111024,2025-02-10T04:00:00.000000000,1.581,1.218,0.0,0.0,0.3235504614701334,0.0
111024,2025-02-10T05:00:00.000000000,1.621,1.26,0.0,0.0,0.0,0.0
111024,2025-02-10T06:00:00.000000000,1.7389999999999999,1.3599999999999999,0.0,0.0,0.3235504614701334,0.0
111024,2025-02-10T07:00:00.000000000,1.7409999999999999,1.307,0.0,0.0,0.0,0.0
111024,2025-02-10T08:00:00.000000000,1.771,1.1849999999999998,0.0,0.0,1.0612103450936168,0.0
111024,2025-02-10T09:00:00.000000000,2.406,1.39,0.0,0.0,6.8736888798193005,0.0
111024,2025-02-10T10:00:00.000000000,1.4989999999999999,0.859,0.0,0.0,1.784509746278661,0.0
111024,2025-02-10T11:00:00.000000000,1.3940000000000001,0.748,0.0,0.0,0.6822694513609333,0.0
111024,2025-02-10T12:00:00.000000000,1.266,0.7009999999999998,0.0,0.0,1.5295379152288278,0.0
111024,2025-02-10T13:00:00.000000000,1.158,0.672,0.0,0.0,1.7039152019813,0.0
111024,2025-02-10T14:00:00.000000000,1.138,0.651,0.0,0.0,0.0,0.0
111024,2025-02-10T15:00:00.000000000,1.15,0.654,0.0,0.0,1.5787738550177612,0.0
111024,2025-02-10T16:00:00.000000000,1.15,0.6719999999999999,0.0,0.0,0.6913546545362723,0.0
111024,2025-02-10T17:00:00.000000000,1.133,0.776,0.0,0.0,0.3440654363821889,0.0
111024,2025-02-10T18:00:00.000000000,1.734,1.056,0.0,0.0,0.7118696294483278,0.0
111024,2025-02-10T19:00:00.000000000,1.895,1.136,0.0,0.0,0.3235504614701334,0.0
111024,2025-02-10T20:00:00.000000000,2.1180000000000003,1.2570000000000001,0.0,0.0,2.070254039696578,0.0
111024,2025-02-10T21:00:00.000000000,2.113,1.3170000000000002,0.0,0.0,0.3440654363821889,0.0
111024,2025-02-10T22:00:00.000000000,1.919,1.337,0.0,0.0,0.6881308727643778,0.0
111024,2025-02-10T23:00:00.000000000,1.714,1.2870000000000001,0.0,0.0,2.1021987863453497,0.0
111024,2025-02-11T00:00:00.000000000,1.5750000000000002,1.205,0.0,0.0,0.3235504614701334,0.0
111024,2025-02-11T01:00:00.000000000,1.5699999999999998,1.205,0.0,0.0,0.3440654363821889,0.0
111024,2025-02-11T02:00:00.000000000,1.6110000000000002,1.244,0.0,0.0,0.0,0.0
111024,2025-02-11T03:00:00.000000000,1.625,1.257,0.0,0.0,0.3235504614701334,0.0
111024,2025-02-11T04:00:00.000000000,1.596,1.231,0.0,0.0,0.0,0.0
111024,2025-02-11T05:00:00.000000000,1.569,1.2049999999999998,0.0,0.0,0.6670297557119778,0.0
111024,2025-02-11T06:00:00.000000000,1.591,1.134,0.0,0.0,0.5023238142751889,0.0
111024,2025-02-11T07:00:00.000000000,1.288,0.762,0.0,0.0,1.407327278967011,0.0
111024,2025-02-11T08:00:00.000000000,1.186,0.687,0.0,0.0,1.1163077062859945,0.0
111024,2025-02-11T09:00:00.000000000,1.1429999999999998,0.643,0.0,0.0,0.7224201879745278,0.0
111024,2025-02-11T10:00:00.000000000,1.101,0.606,0.0,0.0,1.0711747614794724,0.0
111024,2025-02-11T11:00:00.000000000,1.062,0.5509999999999999,0.0,0.0,1.0342478066377723,0.0
111024,2025-02-11T12:00:00.000000000,1.111,0.527,0.0,0.0,1.683986369209589,0.0
111024,2025-02-11T13:00:00.000000000,1.4140000000000001,0.622,0.0,0.0,2.070254039696578,0.0
111024,2025-02-11T14:00:00.000000000,1.833,0.823,0.0,0.0,6.5079361842443655,0.0
111024,2025-02-11T15:00:00.000000000,1.754,1.057,0.0,0.0,2.6974261298651334,0.0
111024,2025-02-11T16:00:00.000000000,1.604,1.061,0.0,0.0,0.0,0.0
111024,2025-02-11T17:00:00.000000000,1.741,1.0579999999999998,0.0,0.0,1.2435005507407388,0.0
111024,2025-02-11T18:00:00.000000000,2.295,1.321,0.0,0.0,1.0635549136549944,0.0
111024,2025-02-11T19:00:00.000000000,2.188,1.198,0.0,0.0,1.2376391293372946,0.0
111024,2025-02-11T20:00:00.000000000,2.4650000000000003,1.142,0.0,0.0,1.2402767689688443,0.0
111024,2025-02-11T21:00:00.000000000,2.0290000000000004,1.1809999999999998,0.0,0.0,1.213607301583172,0.0
111024,2025-02-11T22:00:00.000000000,1.851,1.219,0.0,0.0,1.1028264370580723,0.0
111024,2025-02-11T23:00:00.000000000,1.761,1.2710000000000001,0.0,0.0,0.3335148778559889,0.0
111024,2025-02-12T00:00:00.000000000,1.735,1.302,0.0,0.0,1.997865485364039,0.0
111024,2025-02-12T01:00:00.000000000,1.668,1.27,0.0,0.0,0.3440654363821889,0.0
111024,2025-02-12T02:00:00.000000000,1.678,1.308,0.0,0.0,0.32325739039996115,0.0
111024,2025-02-12T03:00:00.000000000,1.716,1.3470000000000002,0.0,0.0,0.0,0.0
111024,2025-02-12T04:00:00.000000000,1.696,1.33,0.0,0.0,0.3235504614701334,0.0
111024,2025-02-12T05:00:00.000000000,1.695,1.334,0.0,0.0,0.7074735633957445,0.0
111024,2025-02-12T06:00:00.000000000,1.8479999999999999,1.379,0.0,0.0,0.3235504614701334,0.0
111024,2025-02-12T07:00:00.000000000,1.8219999999999998,1.388,0.0,0.0,0.0,0.0
111024,2025-02-12T08:00:00.000000000,1.867,1.46,0.0,0.0,0.32325739039996115,0.0
111024,2025-02-12T09:00:00.000000000,1.952,1.4299999999999997,0.0,0.0,0.0,0.0
111024,2025-02-12T10:00:00.000000000,1.917,1.4020000000000001,0.0,0.0,0.7045428526940223,0.0
111024,2025-02-12T11:00:00.000000000,1.923,1.2959999999999998,0.0,0.0,0.4346243970654056,0.0
111024,2025-02-12T12:00:00.000000000,1.728,1.0979999999999999,0.0,0.0,0.4442957423810889,0.0
111024,2025-02-12T13:00:00.000000000,1.62,1.119,0.0,0.0,2.0248280238198832,0.0
111024,2025-02-12T14:00:00.000000000,1.524,1.0270000000000001,0.0,0.0,1.5518113165619165,0.0
111024,2025-02-12T15:00:00.000000000,1.624,0.958,0.0,0.0,0.6676158978523223,0.0
111024,2025-02-12T16:00:00.000000000,1.6949999999999998,1.069,0.0,0.0,0.8516645299204778,0.0
111024,2025-02-12T17:00:00.000000000,1.852,0.963,0.0,0.0,2.1212484059065444,0.0
111024,2025-02-12T18:00:00.000000000,2.393,1.3880000000000001,0.0,0.0,1.3604359077394557,0.0
111024,2025-02-12T19:00:00.000000000,2.6479999999999997,1.578,0.0,0.0,1.1303751176542611,0.0
111024,2025-02-12T20:00:00.000000000,2.806,1.711,0.0,0.0,0.3440654363821889,0.0
111024,2025-02-12T21:00:00.000000000,3.184,2.166,0.0,0.0,2.3381209978339887,0.0
111024,2025-02-12T22:00:00.000000000,3.6170000000000004,2.558,0.0,0.0,4.933558395279189,0.0
111024,2025-02-12T23:00:00.000000000,2.908,2.392,0.0,0.0,1.1840071234957779,0.0
111024,2025-02-13T00:00:00.000000000,2.921,2.5199999999999996,0.0,0.0,1.3185267447048277,0.0
111024,2025-02-13T01:00:00.000000000,3.002,2.603,0.0,0.0,0.3235504614701334,0.0
111024,2025-02-13T02:00:00.000000000,3.028,2.62,0.0,0.0,0.0,0.0
111024,2025-02-13T03:00:00.000000000,3.203,2.8049999999999997,0.0,0.0,0.3235504614701334,0.0
111024,2025-02-13T04:00:00.000000000,3.4099999999999997,3.0100000000000002,0.0,0.0,0.0,0.0
111024,2025-02-13T05:00:00.000000000,3.5690000000000004,3.119,0.0,0.0,0.7593471428162278,0.0
111024,2025-02-13T06:00:00.000000000,3.864,3.314,0.0,0.0,2.1133354870118946,0.0
111024,2025-02-13T07:00:00.000000000,3.7510000000000003,3.201,0.0,0.0,0.4346243970654056,0.0
111024,2025-02-13T08:00:00.000000000,3.56,2.99,0.0,0.0,0.4442957423810889,0.0
111024,2025-02-13T09:00:00.000000000,3.4,2.846,0.0,0.0,0.6471009229402668,0.0
111024,2025-02-13T10:00:00.000000000,3.2260000000000004,2.682,0.0,0.0,0.3440654363821889,0.0
111024,2025-02-13T11:00:00.000000000,3.066,2.567,0.0,0.0,0.7898265341141388,0.0
111024,2025-02-13T12:00:00.000000000,2.94,2.445,0.0,0.0,0.0,0.0
111024,2025-02-13T13:00:00.000000000,2.901,2.3689999999999998,0.0,0.0,1.5438983976672667,0.0
111024,2025-02-13T14:00:00.000000000,2.917,2.386,0.0,0.0,0.0,0.0
111024,2025-02-13T15:00:00.000000000,2.961,2.4139999999999997,0.0,0.0,0.4346243970654056,0.0
111024,2025-02-13T16:00:00.000000000,2.835,2.1580000000000004,0.0,0.0,1.700105278069061,0.0
111024,2025-02-13T17:00:00.000000000,3.3280000000000003,2.2030000000000003,0.0,0.0,0.6819763802907611,0.0
111024,2025-02-13T18:00:00.000000000,3.596,2.596,0.0,0.0,1.4471849445104334,0.0
111024,2025-02-13T19:00:00.000000000,3.429,2.413,0.0,0.0,2.203308305554767,0.0
111024,2025-02-13T20:00:00.000000000,3.3339999999999996,2.306,0.0,0.0,1.0368854462693222,0.0
111024,2025-02-13T21:00:00.000000000,3.347,2.339,0.0,0.0,0.6972160759397167,0.0
111024,2025-02-13T22:00:00.000000000,3.0509999999999997,2.441,0.0,0.0,1.1840071234957779,0.0
111024,2025-02-13T23:00:00.000000000,2.991,2.473,0.0,0.0,2.2038944476951112,0.0
111024,2025-02-14T00:00:00.000000000,2.814,2.395,0.0,0.0,0.0,0.0
111024,2025-02-14T01:00:00.000000000,2.768,2.3729999999999998,0.0,0.0,0.3235504614701334,0.0
111024,2025-02-14T02:00:00.000000000,2.965,2.568,0.0,0.0,0.3440654363821889,0.0
111024,2025-02-14T03:00:00.000000000,3.2960000000000003,2.894,0.0,0.0,0.3440654363821889,0.0
111024,2025-02-14T04:00:00.000000000,3.3149999999999995,2.9129999999999994,0.0,0.0,0.6931130809573056,0.0
111024,2025-02-14T05:00:00.000000000,3.157,2.725,0.0,0.0,0.7024913552028167,0.0
111024,2025-02-14T06:00:00.000000000,3.1270000000000002,2.6530000000000005,0.0,0.0,0.0,0.0
111024,2025-02-14T07:00:00.000000000,2.796,2.33,0.0,0.0,0.7467450867988221,0.0
111024,2025-02-14T08:00:00.000000000,2.621,1.97,0.0,0.0,0.3584259188206278,0.0
111024,2025-02-14T09:00:00.000000000,2.468,1.93,0.0,0.0,0.3235504614701334,0.0
111024,2025-02-14T10:00:00.000000000,2.493,1.9949999999999999,0.0,0.0,0.6881308727643778,0.0
111024,2025-02-14T11:00:00.000000000,2.348,1.896,0.0,0.0,0.3235504614701334,0.0
111024,2025-02-14T12:00:00.000000000,2.287,1.7610000000000001,0.0,0.0,0.0,0.0
111024,2025-02-14T13:00:00.000000000,2.255,1.657,0.0,0.0,0.3408416546102945,0.0
111024,2025-02-14T14:00:00.000000000,2.1950000000000003,1.564,0.0,0.0,1.4920248182467835,0.0
111024,2025-02-14T15:00:00.000000000,2.0570000000000004,1.5290000000000001,0.0,0.0,0.3235504614701334,0.0
111024,2025-02-14T16:00:00.000000000,2.0460000000000003,1.49,0.0,0.0,0.0,0.0
111024,2025-02-14T17:00:00.000000000,2.1710000000000003,1.552,0.0,0.0,1.9852634293466334,0.0
111024,2025-02-14T18:00:00.000000000,2.975,1.7360000000000002,0.0,0.0,1.5157635749307334,0.0
111024,2025-02-14T19:00:00.000000000,2.567,1.565,0.0,0.0,0.70424978162385,0.0
111024,2025-02-14T20:00:00.000000000,2.533,1.581,0.0,0.0,1.399121289002189,0.0
111024,2025-02-14T21:00:00.000000000,2.589,1.6219999999999999,0.0,0.0,0.6890100859748944,0.0
111024,2025-02-14T22:00:00.000000000,2.536,1.706,0.0,0.0,1.5494667480005389,0.0
111024,2025-02-14T23:00:00.000000000,2.379,1.81,0.0,0.0,1.4788366200890333,0.0
111024,2025-02-15T00:00:00.000000000,2.274,1.8410000000000002,0.0,0.0,0.6895962281152389,0.0
111024,2025-02-15T01:00:00.000000000,2.24,1.856,0.0,0.0,0.3572536345399389,0.0
111024,2025-02-15T02:00:00.000000000,2.2680000000000002,1.884,0.0,0.0,1.196316108443011,0.0
111024,2025-02-15T03:00:00.000000000,2.288,1.9049999999999998,0.0,0.0,0.3235504614701334,0.0
111024,2025-02-15T04:00:00.000000000,2.2979999999999996,1.914,0.0,0.0,0.0,0.0
111024,2025-02-15T05:00:00.000000000,2.328,1.949,0.0,0.0,0.3235504614701334,0.0
111024,2025-02-15T06:00:00.000000000,2.456,2.061,0.0,0.0,0.0,0.0
111024,2025-02-15T07:00:00.000000000,2.3469999999999995,1.96,0.0,0.0,0.32325739039996115,0.0
111024,2025-02-15T08:00:00.000000000,2.324,1.903,0.0,0.0,0.7590540717460555,0.0
111024,2025-02-15T09:00:00.000000000,2.4459999999999997,1.623,0.0,0.0,0.9222946578319833,0.0
111024,2025-02-15T10:00:00.000000000,2.285,1.532,0.0,0.0,0.3235504614701334,0.0
111024,2025-02-15T11:00:00.000000000,2.1130000000000004,1.277,0.0,0.0,1.0002515624977943,0.0
111024,2025-02-15T12:00:00.000000000,1.832,1.031,0.0,0.0,1.7047944151918168,0.0
111024,2025-02-15T13:00:00.000000000,1.634,0.905,0.0,0.0,1.5658787279301833,0.0
111024,2025-02-15T14:00:00.000000000,1.4379999999999997,0.702,0.0,0.0,2.528617193445933,0.0
111024,2025-02-15T15:00:00.000000000,1.6460000000000004,1.0310000000000001,0.0,0.0,1.1075155741808278,0.0
111024,2025-02-15T16:00:00.000000000,2.898,1.7,0.0,0.0,7.601384347056928,0.0
111024,2025-02-15T17:00:00.000000000,2.298,1.348,0.0,0.0,3.534437106277,0.0
111024,2025-02-15T18:00:00.000000000,3.54,2.2800000000000002,0.0,0.0,6.262928769580389,0.0
111024,2025-02-15T19:00:00.000000000,2.8739999999999997,1.5230000000000001,0.0,0.0,2.7680562577766388,0.0
111024,2025-02-15T20:00:00.000000000,3.1020000000000003,1.899,0.0,0.0,5.069250300768928,0.0
111024,2025-02-15T21:00:00.000000000,2.777,1.772,0.0,0.0,3.4819773847161724,0.0
111024,2025-02-15T22:00:00.000000000,2.576,1.798,0.0,0.0,2.5737501382524552,0.0
111024,2025-02-15T23:00:00.000000000,2.512,1.9619999999999997,0.0,0.0,1.0025961310591722,0.0
111024,2025-02-16T00:00:00.000000000,2.536,2.085,0.0,0.0,1.0506597865674168,0.0
111024,2025-02-16T01:00:00.000000000,2.6390000000000002,2.227,0.0,0.0,0.6696673953435277,0.0
111024,2025-02-16T02:00:00.000000000,2.778,2.386,0.0,0.0,0.3235504614701334,0.0
111024,2025-02-16T03:00:00.000000000,2.912,2.516,0.0,0.0,0.0,0.0
111024,2025-02-16T04:00:00.000000000,2.988,2.592,0.0,0.0,0.3235504614701334,0.0
111024,2025-02-16T05:00:00.000000000,3.052,2.6350000000000002,0.0,0.0,0.0,0.0
111024,2025-02-16T06:00:00.000000000,3.3449999999999998,2.7479999999999998,0.0,0.0,1.438685883475439,0.0
111024,2025-02-16T07:00:00.000000000,3.1220000000000003,2.4509999999999996,0.0,0.0,0.9536532623404113,0.0
111024,2025-02-16T08:00:00.000000000,2.6380000000000003,1.947,0.0,0.0,0.6755288167469723,0.0
111024,2025-02-16T09:00:00.000000000,2.1220000000000003,1.5910000000000002,0.0,0.0,1.0887590256898056,0.0
111024,2025-02-16T10:00:00.000000000,1.913,1.356,0.0,0.0,1.349006136002739,0.0
111024,2025-02-16T11:00:00.000000000,1.9129999999999998,1.017,0.0,0.0,3.533264821996311,0.0
111024,2025-02-16T12:00:00.000000000,2.0,1.3359999999999999,0.0,0.0,1.4703375590540388,0.0
111024,2025-02-16T13:00:00.000000000,2.101,1.471,0.0,0.0,0.93636206920025,0.0
111024,2025-02-16T14:00:00.000000000,2.4219999999999997,1.5779999999999998,0.0,0.0,0.70952506088695,0.0
111024,2025-02-16T15:00:00.000000000,2.7220000000000004,1.9,0.0,0.0,4.052879829411661,0.0
111024,2025-02-16T16:00:00.000000000,2.222,1.652,0.0,0.0,1.3238020239679278,0.0
111024,2025-02-16T17:00:00.000000000,2.384,1.652,0.0,0.0,0.94163734846335,0.0
111024,2025-02-16T18:00:00.000000000,2.4699999999999998,1.7049999999999998,0.0,0.0,2.1622783557306557,0.0
111024,2025-02-16T19:00:00.000000000,2.362,1.5090000000000001,0.0,0.0,3.581621548574728,0.0
111024,2025-02-16T20:00:00.000000000,2.5439999999999996,1.627,0.0,0.0,1.4360482438438888,0.0
111024,2025-02-16T21:00:00.000000000,3.2859999999999996,1.76,0.0,0.0,1.6822279427885556,0.0
111024,2025-02-16T22:00:00.000000000,2.636,1.79,0.0,0.0,1.4164124821423503,0.0
111024,2025-02-16T23:00:00.000000000,3.2779999999999996,2.261,0.0,0.0,7.5911268596009,0.0
111024,2025-02-17T00:00:00.000000000,3.3419999999999996,2.3819999999999997,0.0,0.0,7.985014377912367,0.0
111024,2025-02-17T01:00:00.000000000,3.265,2.3549999999999995,0.0,0.0,6.871930453398266,0.0
111024,2025-02-17T02:00:00.000000000,2.905,2.174,0.0,0.0,4.464644683003634,0.0
111024,2025-02-17T03:00:00.000000000,2.332,1.9459999999999997,0.0,0.0,0.3235504614701334,0.0
111024,2025-02-17T04:00:00.000000000,2.389,2.003,0.0,0.0,0.3440654363821889,0.0
111024,2025-02-17T05:00:00.000000000,2.44,2.0540000000000003,0.0,0.0,0.3440654363821889,0.0
111024,2025-02-17T06:00:00.000000000,2.481,2.0789999999999997,0.0,0.0,0.3235504614701334,0.0
111024,2025-02-17T07:00:00.000000000,2.473,2.079,0.0,0.0,0.0,0.0
111024,2025-02-17T08:00:00.000000000,2.564,2.0580000000000003,0.0,0.0,2.2358391943438836,0.0
111024,2025-02-17T09:00:00.000000000,2.575,2.032,0.0,0.0,0.8683695809202945,0.0
111024,2025-02-17T10:00:00.000000000,2.432,2.05,0.0,0.0,0.3235504614701334,0.0
111024,2025-02-17T11:00:00.000000000,2.4859999999999998,1.958,0.0,0.0,0.0,0.0
111024,2025-02-17T12:00:00.000000000,2.399,1.947,0.0,0.0,0.3235504614701334,0.0
111024,2025-02-17T13:00:00.000000000,2.367,1.99,0.0,0.0,1.5641203015091498,0.0
111024,2025-02-17T14:00:00.000000000,2.219,1.8479999999999999,0.0,0.0,0.3235504614701334,0.0
111024,2025-02-17T15:00:00.000000000,2.208,1.7169999999999999,0.0,0.0,0.3440654363821889,0.0
111024,2025-02-17T16:00:00.000000000,2.326,1.626,0.0,0.0,0.3235504614701334,0.0
111024,2025-02-17T17:00:00.000000000,2.364,1.519,0.0,0.0,0.0,0.0
111024,2025-02-17T18:00:00.000000000,2.669,1.649,0.0,0.0,1.545363753018128,0.0
111024,2025-02-17T19:00:00.000000000,2.2800000000000002,1.53,0.0,0.0,1.5922551242456835,0.0
111024,2025-02-17T20:00:00.000000000,2.4509999999999996,1.7730000000000001,0.0,0.0,0.6934061520274778,0.0
111024,2025-02-17T21:00:00.000000000,2.668,1.871,0.0,0.0,0.3678041930661389,0.0
111024,2025-02-17T22:00:00.000000000,2.645,1.9969999999999999,0.0,0.0,0.6881308727643778,0.0
111024,2025-02-17T23:00:00.000000000,2.595,2.068,0.0,0.0,0.7118696294483278,0.0
111024,2025-02-18T00:00:00.000000000,2.6180000000000003,2.11,0.0,0.0,0.3440654363821889,0.0
111024,2025-02-18T01:00:00.000000000,2.575,2.162,0.0,0.0,1.5928412663860279,0.0
111024,2025-02-18T02:00:00.000000000,2.683,2.2929999999999997,0.0,0.0,0.3235504614701334,0.0
111024,2025-02-18T03:00:00.000000000,2.9389999999999996,2.543,0.0,0.0,0.0,0.0
111024,2025-02-18T04:00:00.000000000,3.2889999999999997,2.877,0.0,0.0,0.4991000325032945,0.0
111024,2025-02-18T05:00:00.000000000,3.444,3.042,0.0,0.0,0.5219595759767278,0.0
111024,2025-02-18T06:00:00.000000000,3.7560000000000002,3.307,0.0,0.0,0.3235504614701334,0.0
111024,2025-02-18T07:00:00.000000000,3.549,3.102,0.0,0.0,0.0,0.0
111024,2025-02-18T08:00:00.000000000,2.9299999999999997,2.403,0.0,0.0,0.8786270683763223,0.0
111024,2025-02-18T09:00:00.000000000,2.293,1.7570000000000001,0.0,0.0,0.11107393559527222,0.0
111024,2025-02-18T10:00:00.000000000,1.934,1.384,0.0,0.0,1.3232158818275834,0.0
111024,2025-02-18T11:00:00.000000000,1.8800000000000001,1.371,0.0,0.0,0.0,0.0
111024,2025-02-18T12:00:00.000000000,1.845,1.337,0.0,0.0,0.3235504614701334,0.0
111024,2025-02-18T13:00:00.000000000,1.862,1.1629999999999998,0.0,0.0,0.8789201394464945,0.0
111024,2025-02-18T14:00:00.000000000,1.9860000000000002,1.254,0.0,0.0,0.3235504614701334,0.0
111024,2025-02-18T15:00:00.000000000,2.748,1.5699999999999998,0.0,0.0,6.537829433401933,0.0
111024,2025-02-18T16:00:00.000000000,2.137,1.206,0.0,0.0,1.4671137772821445,0.0
111024,2025-02-18T17:00:00.000000000,2.325,1.435,0.0,0.0,1.2279677840216112,0.0
111024,2025-02-18T18:00:00.000000000,2.775,1.834,0.0,0.0,1.4084995632477,0.0
111024,2025-02-18T19:00:00.000000000,3.684,2.356,0.0,0.0,6.213399758721284,0.0
111024,2025-02-18T20:00:00.000000000,2.768,1.82,0.0,0.0,2.4494880044994334,0.0
111024,2025-02-18T21:00:00.000000000,2.835,1.971,0.0,0.0,1.8677419302075722,0.0
111024,2025-02-18T22:00:00.000000000,2.9419999999999997,2.117,0.0,0.0,2.3205367336236558,0.0
111024,2025-02-18T23:00:00.000000000,2.716,2.311,0.0,0.0,0.3440654363821889,0.0
111024,2025-02-19T00:00:00.000000000,2.792,2.394,0.0,0.0,0.3235504614701334,0.0
111024,2025-02-19T01:00:00.000000000,2.949,2.551,0.0,0.0,1.7780621827348724,0.0
111024,2025-02-19T02:00:00.000000000,3.038,2.641,0.0,0.0,0.3235504614701334,0.0
111024,2025-02-19T03:00:00.000000000,3.239,2.8409999999999997,0.0,0.0,0.3235504614701334,0.0
111024,2025-02-19T04:00:00.000000000,3.697,3.29,0.0,0.0,0.0,0.0
111024,2025-02-19T05:00:00.000000000,3.959,3.553,0.0,0.0,1.2162449412147223,0.0
111024,2025-02-19T06:00:00.000000000,4.374,3.812,0.0,0.0,0.4821019104333055,0.0
111024,2025-02-19T07:00:00.000000000,4.211,3.623,0.0,0.0,1.1271513358823666,0.0
111024,2025-02-19T08:00:00.000000000,3.503,2.873,0.0,0.0,0.3572536345399389,0.0
111024,2025-02-19T09:00:00.000000000,2.721,2.027,0.0,0.0,0.6866655174135167,0.0
111024,2025-02-19T10:00:00.000000000,2.22,1.698,0.0,0.0,1.1570445850399333,0.0
111024,2025-02-19T11:00:00.000000000,2.042,1.528,0.0,0.0,1.2197617940567889,0.0
111024,2025-02-19T12:00:00.000000000,1.863,1.355,0.0,0.0,0.3440654363821889,0.0
111024,2025-02-19T13:00:00.000000000,1.817,1.2730000000000001,0.0,0.0,1.7355668775599,0.0
111024,2025-02-19T14:00:00.000000000,1.809,1.267,0.0,0.0,0.6910615834661,0.0
111024,2025-02-19T15:00:00.000000000,1.8190000000000002,1.304,0.0,0.0,0.3440654363821889,0.0
111024,2025-02-19T16:00:00.000000000,2.005,1.314,0.0,0.0,0.73590145720245,0.0
111024,2025-02-19T17:00:00.000000000,2.1830000000000003,1.343,0.0,0.0,1.2238647890392,0.0
111024,2025-02-19T18:00:00.000000000,2.61,1.632,0.0,0.0,1.3800716694409945,0.0
111024,2025-02-19T19:00:00.000000000,2.514,1.517,0.0,0.0,2.4656069133589056,0.0
111024,2025-02-19T20:00:00.000000000,2.2329999999999997,1.42,0.0,0.0,0.44546802666177776,0.0
111024,2025-02-19T21:00:00.000000000,2.124,1.4889999999999999,0.0,0.0,1.6376811401223776,0.0
111024,2025-02-19T22:00:00.000000000,1.9909999999999999,1.446,0.0,0.0,0.33058416715426664,0.0
111024,2025-02-19T23:00:00.000000000,1.8130000000000002,1.424,0.0,0.0,0.3232573903999611,0.0
111024,2025-02-20T00:00:00.000000000,1.788,1.412,0.0,0.0,0.0,0.0
111024,2025-02-20T01:00:00.000000000,1.769,1.3949999999999998,0.0,0.0,0.7889473209036223,0.0
111024,2025-02-20T02:00:00.000000000,1.746,1.3760000000000001,0.0,0.0,0.3232573903999611,0.0
111024,2025-02-20T03:00:00.000000000,1.7409999999999999,1.37,0.0,0.0,0.0,0.0
111024,2025-02-20T04:00:00.000000000,1.72,1.352,0.0,0.0,1.1954368952324945,0.0
111024,2025-02-20T05:00:00.000000000,1.7109999999999999,1.276,0.0,0.0,0.43462439706540557,0.0
111024,2025-02-20T06:00:00.000000000,1.553,0.964,0.0,0.0,2.731129302934939,0.0
111024,2025-02-20T07:00:00.000000000,1.512,0.873,0.0,0.0,2.0048991910481724,0.0
111024,2025-02-20T08:00:00.000000000,1.357,0.7040000000000001,0.0,0.0,0.7830858995001778,0.0
111024,2025-02-20T09:00:00.000000000,1.1380000000000001,0.599,0.0,0.0,0.7118696294483278,0.0
111024,2025-02-20T10:00:00.000000000,1.022,0.53,0.0,0.0,0.06388949329754444,0.0
111024,2025-02-20T11:00:00.000000000,0.967,0.476,0.0,0.0,0.3704418326976889,0.0
111024,2025-02-20T12:00:00.000000000,0.864,0.3,0.0,0.0,2.9096095846698224,0.0
111024,2025-02-20T13:00:00.000000000,0.882,0.32,0.0,0.0,4.4417851395302,0.0
111024,2025-02-20T14:00:00.000000000,0.872,0.312,0.0,0.0,2.9213324274767114,0.0
111024,2025-02-20T15:00:00.000000000,0.915,0.381,0.0,0.0,1.9738336576099167,0.0
111024,2025-02-20T16:00:00.000000000,1.034,0.509,0.0,0.0,0.3440654363821889,0.0
111024,2025-02-20T17:00:00.000000000,1.1179999999999999,0.533,0.0,0.0,0.7118696294483278,0.0
111024,2025-02-20T18:00:00.000000000,1.432,0.505,0.0,0.0,1.5658787279301833,0.0
111024,2025-02-20T19:00:00.000000000,1.455,0.451,0.0,0.0,2.211807366589761,0.0
111024,2025-02-20T20:00:00.000000000,1.376,0.523,0.0,0.0,1.0966719445844555,0.0
111024,2025-02-20T21:00:00.000000000,1.1509999999999998,0.541,0.0,0.0,0.6471009229402668,0.0
111024,2025-02-20T22:00:00.000000000,1.045,0.5700000000000001,0.0,0.0,0.0,0.0
111024,2025-02-20T23:00:00.000000000,0.942,0.578,0.0,0.0,0.3235504614701334,0.0
111024,2025-02-21T00:00:00.000000000,0.925,0.573,0.0,0.0,0.3440654363821889,0.0
111024,2025-02-21T01:00:00.000000000,0.924,0.576,0.0,0.0,0.0,0.0
111024,2025-02-21T02:00:00.000000000,0.921,0.575,0.0,0.0,0.32355046147013333,0.0
111024,2025-02-21T03:00:00.000000000,0.911,0.565,0.0,0.0,0.0,0.0
111024,2025-02-21T04:00:00.000000000,0.894,0.551,0.0,0.0,0.3235504614701334,0.0
111024,2025-02-21T05:00:00.000000000,0.892,0.553,0.0,0.0,1.5617757329477722,0.0
111024,2025-02-21T06:00:00.000000000,1.0590000000000002,0.543,0.0,0.0,2.1517277972044555,0.0
111024,2025-02-21T07:00:00.000000000,1.0909999999999997,0.506,0.0,0.0,0.7722422699038055,0.0
111024,2025-02-21T08:00:00.000000000,0.999,0.502,0.0,0.0,1.1585099403907946,0.0
111024,2025-02-21T09:00:00.000000000,1.052,0.417,0.0,0.0,1.5488806058601945,0.0
111024,2025-02-21T10:00:00.000000000,1.058,0.41100000000000003,0.0,0.0,1.7777691116647,0.0
111024,2025-02-21T11:00:00.000000000,0.867,0.379,0.0,0.0,0.3440654363821889,0.0
111024,2025-02-21T12:00:00.000000000,0.9109999999999999,0.349,0.0,0.0,1.6702120289114943,0.0
111024,2025-02-21T13:00:00.000000000,0.788,0.338,0.0,0.0,0.7889473209036223,0.0
111024,2025-02-21T14:00:00.000000000,0.7709999999999999,0.325,0.0,0.0,0.7889473209036223,0.0
111024,2025-02-21T15:00:00.000000000,0.962,0.322,0.0,0.0,0.6881308727643778,0.0
111024,2025-02-21T16:00:00.000000000,0.9809999999999999,0.348,0.0,0.0,1.4240323299668278,0.0
111024,2025-02-21T17:00:00.000000000,1.646,0.34600000000000003,0.0,0.0,7.970360824403755,0.0
111024,2025-02-21T18:00:00.000000000,1.963,0.523,0.0,0.0,7.987652017543916,0.0
111024,2025-02-21T19:00:00.000000000,1.434,0.41400000000000003,0.0,0.0,2.0670302579246833,0.0
111024,2025-02-21T20:00:00.000000000,1.334,0.414,0.0,0.0,1.9644553833644056,0.0
111024,2025-02-21T21:00:00.000000000,1.385,0.44899999999999995,0.0,0.0,2.3070554643957335,0.0
111024,2025-02-21T22:00:00.000000000,1.4100000000000001,0.469,0.0,0.0,2.2897642712555726,0.0
111024,2025-02-21T23:00:00.000000000,1.294,0.547,0.0,0.0,3.376178728384,0.0
111024,2025-02-22T00:00:00.000000000,0.873,0.522,0.0,0.0,0.3235504614701334,0.0
111024,2025-02-22T01:00:00.000000000,0.9,0.552,0.0,0.0,0.0,0.0
111024,2025-02-22T02:00:00.000000000,0.917,0.57,0.0,0.0,0.3232573903999611,0.0
111024,2025-02-22T03:00:00.000000000,0.923,0.578,0.0,0.0,0.0,0.0
111024,2025-02-22T04:00:00.000000000,0.933,0.59,0.0,0.0,0.3235504614701334,0.0
111024,2025-02-22T05:00:00.000000000,0.953,0.601,0.0,0.0,0.0,0.0
111024,2025-02-22T06:00:00.000000000,1.116,0.643,0.0,0.0,1.7780621827348724,0.0
111024,2025-02-22T07:00:00.000000000,1.2249999999999999,0.6,0.0,0.0,1.6203899469822167,0.0
111024,2025-02-22T08:00:00.000000000,1.052,0.521,0.0,0.0,2.182793330642711,0.0
111024,2025-02-22T09:00:00.000000000,1.081,0.582,0.0,0.0,1.828177335734322,0.0
111024,2025-02-22T10:00:00.000000000,1.167,0.559,0.0,0.0,2.0884244460472554,0.0
111024,2025-02-22T11:00:00.000000000,1.171,0.538,0.0,0.0,1.2396906268285002,0.0
111024,2025-02-22T12:00:00.000000000,1.1720000000000002,0.539,0.0,0.0,2.7372837954085556,0.0
111024,2025-02-22T13:00:00.000000000,1.286,0.536,0.0,0.0,4.1399219372528115,0.0
111024,2025-02-22T14:00:00.000000000,0.997,0.512,0.0,0.0,0.0,0.0
111024,2025-02-22T15:00:00.000000000,1.174,0.517,0.0,0.0,0.6881308727643778,0.0
111024,2025-02-22T16:00:00.000000000,1.112,0.545,0.0,0.0,0.3434792942418444,0.0
111024,2025-02-22T17:00:00.000000000,1.3639999999999999,0.542,0.0,0.0,1.190747758109739,0.0
111024,2025-02-22T18:00:00.000000000,1.56,0.5950000000000001,0.0,0.0,0.7678462038512223,0.0
111024,2025-02-22T19:00:00.000000000,1.817,0.8380000000000001,0.0,0.0,2.3442754903076057,0.0
111024,2025-02-22T20:00:00.000000000,1.708,0.782,0.0,0.0,0.3440654363821889,0.0
111024,2025-02-22T21:00:00.000000000,1.659,0.819,0.0,0.0,0.3235504614701334,0.0
111024,2025-02-22T22:00:00.000000000,1.5710000000000002,0.859,0.0,0.0,0.0,0.0
111024,2025-02-22T23:00:00.000000000,1.19,0.7170000000000001,0.0,0.0,0.7892403919737945,0.0
111024,2025-02-23T00:00:00.000000000,1.07,0.659,0.0,0.0,0.3235504614701334,0.0
111024,2025-02-23T01:00:00.000000000,1.378,0.986,0.0,0.0,0.0,0.0
111024,2025-02-23T02:00:00.000000000,1.365,1.0030000000000001,0.0,0.0,0.3235504614701334,0.0
111024,2025-02-23T03:00:00.000000000,1.382,1.021,0.0,0.0,0.0,0.0
111024,2025-02-23T04:00:00.000000000,1.1099999999999999,0.7610000000000001,0.0,0.0,0.32355046147013333,0.0
111024,2025-02-23T05:00:00.000000000,1.044,0.5880000000000001,0.0,0.0,2.4348344509908224,0.0
111024,2025-02-23T06:00:00.000000000,1.2650000000000001,0.6130000000000001,0.0,0.0,0.8050662297630945,0.0
111024,2025-02-23T07:00:00.000000000,1.19,0.651,0.0,0.0,0.0,0.0
111024,2025-02-23T08:00:00.000000000,1.15,0.652,0.0,0.0,0.3235504614701334,0.0
111024,2025-02-23T09:00:00.000000000,1.148,0.648,0.0,0.0,0.3678041930661389,0.0
111024,2025-02-23T10:00:00.000000000,1.069,0.652,0.0,0.0,1.5195734988429723,0.0
111024,2025-02-23T11:00:00.000000000,0.981,0.646,0.0,0.0,0.7118696294483278,0.0
111024,2025-02-23T12:00:00.000000000,0.999,0.627,0.0,0.0,1.0834837464267055,0.0
111024,2025-02-23T13:00:00.000000000,1.0790000000000002,0.592,0.0,0.0,0.3440654363821889,0.0
111024,2025-02-23T14:00:00.000000000,1.069,0.581,0.0,0.0,0.3440654363821889,0.0
111024,2025-02-23T15:00:00.000000000,1.123,0.587,0.0,0.0,1.0615034161637888,0.0
111024,2025-02-23T16:00:00.000000000,1.281,0.569,0.0,0.0,0.3478753602944278,0.0
111024,2025-02-23T17:00:00.000000000,1.1809999999999998,0.595,0.0,0.0,0.6913546545362723,0.0
111024,2025-02-23T18:00:00.000000000,1.3539999999999999,0.687,0.0,0.0,1.1749219203204389,0.0
111024,2025-02-23T19:00:00.000000000,1.189,0.664,0.0,0.0,0.7356083861322777,0.0
111024,2025-02-23T20:00:00.000000000,1.4169999999999998,1.022,0.0,0.0,1.3648319737920387,0.0
111024,2025-02-23T21:00:00.000000000,1.582,0.837,0.0,0.0,1.010509049953822,0.0
111024,2025-02-23T22:00:00.000000000,1.289,0.617,0.0,0.0,1.3103207547400055,0.0
111024,2025-02-23T23:00:00.000000000,1.085,0.634,0.0,0.0,0.3235504614701334,0.0
111024,2025-02-24T00:00:00.000000000,1.346,0.98,0.0,0.0,0.3235504614701334,0.0
111024,2025-02-24T01:00:00.000000000,1.36,0.999,0.0,0.0,0.0,0.0
111024,2025-02-24T02:00:00.000000000,1.387,1.026,0.0,0.0,0.3235504614701334,0.0
111024,2025-02-24T03:00:00.000000000,1.4009999999999998,1.038,0.0,0.0,0.0,0.0
111024,2025-02-24T04:00:00.000000000,1.414,1.054,0.0,0.0,0.3235504614701334,0.0
111024,2025-02-24T05:00:00.000000000,1.432,1.0710000000000002,0.0,0.0,0.0,0.0
111024,2025-02-24T06:00:00.000000000,1.628,1.168,0.0,0.0,0.726523182956939,0.0
111024,2025-02-24T07:00:00.000000000,1.596,0.9850000000000001,0.0,0.0,0.3235504614701334,0.0
111024,2025-02-24T08:00:00.000000000,1.176,0.677,0.0,0.0,0.3235504614701334,0.0
111024,2025-02-24T09:00:00.000000000,1.3510000000000002,0.663,0.0,0.0,0.3343940910665056,0.0
111024,2025-02-24T10:00:00.000000000,1.161,0.667,0.0,0.0,1.1280305490928835,0.0
111024,2025-02-24T11:00:00.000000000,1.117,0.628,0.0,0.0,0.0,0.0
111024,2025-02-24T12:00:00.000000000,1.0870000000000002,0.599,0.0,0.0,0.3235504614701334,0.0
111024,2025-02-24T13:00:00.000000000,1.078,0.591,0.0,0.0,0.3440654363821889,0.0
111024,2025-02-24T14:00:00.000000000,1.0670000000000002,0.581,0.0,0.0,0.3235504614701334,0.0
111024,2025-02-24T15:00:00.000000000,1.064,0.57,0.0,0.0,0.3235504614701334,0.0
111024,2025-02-24T16:00:00.000000000,1.105,0.578,0.0,0.0,1.1954368952324943,0.0
111024,2025-02-24T17:00:00.000000000,1.271,0.562,0.0,0.0,0.0,0.0
111024,2025-02-24T18:00:00.000000000,1.568,0.6180000000000001,0.0,0.0,0.78865424983345,0.0
111024,2025-02-24T19:00:00.000000000,1.8079999999999998,0.61,0.0,0.0,2.000796196065761,0.0
111024,2025-02-24T20:00:00.000000000,1.719,0.6579999999999999,0.0,0.0,2.7516442778469945,0.0
111024,2025-02-24T21:00:00.000000000,1.4849999999999999,0.684,0.0,0.0,2.7821236691449056,0.0
111024,2025-02-24T22:00:00.000000000,1.401,0.66,0.0,0.0,1.0445052940938,0.0
111024,2025-02-24T23:00:00.000000000,1.272,0.6990000000000001,0.0,0.0,1.8516230213481,0.0
111024,2025-02-25T00:00:00.000000000,1.21,0.7530000000000001,0.0,0.0,2.9526910319851387,0.0
111024,2025-02-25T01:00:00.000000000,1.187,0.786,0.0,0.0,0.34758228922425555,0.0
111024,2025-02-25T02:00:00.000000000,1.123,0.7550000000000001,0.0,0.0,0.3235504614701334,0.0
111024,2025-02-25T03:00:00.000000000,1.049,0.7029999999999998,0.0,0.0,0.0,0.0
111024,2025-02-25T04:00:00.000000000,1.053,0.71,0.0,0.0,0.3235504614701334,0.0
111024,2025-02-25T05:00:00.000000000,1.072,0.716,0.0,0.0,0.3440654363821889,0.0
111024,2025-02-25T06:00:00.000000000,1.201,0.748,0.0,0.0,0.3557882791890778,0.0
111024,2025-02-25T07:00:00.000000000,1.29,0.6920000000000001,0.0,0.0,0.3235504614701334,0.0
111024,2025-02-25T08:00:00.000000000,1.132,0.669,0.0,0.0,0.0,0.0
111024,2025-02-25T09:00:00.000000000,1.154,0.653,0.0,0.0,0.3235504614701334,0.0
111024,2025-02-25T10:00:00.000000000,1.1219999999999999,0.628,0.0,0.0,2.5409261783931667,0.0
111024,2025-02-25T11:00:00.000000000,1.1310000000000002,0.5660000000000001,0.0,0.0,0.36516655343458887,0.0
111024,2025-02-25T12:00:00.000000000,0.962,0.589,0.0,0.0,0.5210803627662112,0.0
111024,2025-02-25T13:00:00.000000000,0.891,0.557,0.0,0.0,1.1538208032680388,0.0
111024,2025-02-25T14:00:00.000000000,0.839,0.505,0.0,0.0,1.5380369762638222,0.0
111024,2025-02-25T15:00:00.000000000,0.904,0.404,0.0,0.0,0.6676158978523223,0.0
111024,2025-02-25T16:00:00.000000000,0.898,0.372,0.0,0.0,0.3440654363821889,0.0
111024,2025-02-25T17:00:00.000000000,1.041,0.454,0.0,0.0,0.32325739039996115,0.0
111024,2025-02-25T18:00:00.000000000,1.274,0.532,0.0,0.0,0.0,0.0
111024,2025-02-25T19:00:00.000000000,1.49,0.523,0.0,0.0,0.3235504614701334,0.0
111024,2025-02-25T20:00:00.000000000,1.573,0.528,0.0,0.0,1.562654946158289,0.0
111024,2025-02-25T21:00:00.000000000,1.609,0.56,0.0,0.0,0.3235504614701334,0.0
111024,2025-02-25T22:00:00.000000000,1.509,0.586,0.0,0.0,0.7118696294483278,0.0
111024,2025-02-25T23:00:00.000000000,1.2890000000000001,0.611,0.0,0.0,0.3346871621366778,0.0
111024,2025-02-26T00:00:00.000000000,1.088,0.638,0.0,0.0,0.3235504614701334,0.0
111024,2025-02-26T01:00:00.000000000,1.0470000000000002,0.662,0.0,0.0,0.0,0.0
111024,2025-02-26T02:00:00.000000000,1.084,0.722,0.0,0.0,0.3235504614701334,0.0
111024,2025-02-26T03:00:00.000000000,1.097,0.7489999999999999,0.0,0.0,0.0,0.0
111024,2025-02-26T04:00:00.000000000,1.141,0.7939999999999999,0.0,0.0,0.3235504614701334,0.0
111024,2025-02-26T05:00:00.000000000,1.246,0.887,0.0,0.0,1.2684115917053778,0.0
111024,2025-02-26T06:00:00.000000000,1.3889999999999998,0.9299999999999999,0.0,0.0,0.8821439212183888,0.0
111024,2025-02-26T07:00:00.000000000,1.1680000000000001,0.682,0.0,0.0,3.364455885577111,0.0
111024,2025-02-26T08:00:00.000000000,1.4180000000000001,0.7849999999999999,0.0,0.0,2.601005747778472,0.0
111024,2025-02-26T09:00:00.000000000,1.312,0.6940000000000001,0.0,0.0,0.692233867746789,0.0
111024,2025-02-26T10:00:00.000000000,1.14,0.646,0.0,0.0,1.3856400197742667,0.0
111024,2025-02-26T11:00:00.000000000,1.078,0.59,0.0,0.0,0.2579025417515556,0.0
111024,2025-02-26T12:00:00.000000000,1.032,0.545,0.0,0.0,2.00724375960955,0.0
111024,2025-02-26T13:00:00.000000000,0.965,0.478,0.0,0.0,0.3440654363821889,0.0
111024,2025-02-26T14:00:00.000000000,0.9049999999999999,0.42000000000000004,0.0,0.0,0.8510783877801333,0.0
111024,2025-02-26T15:00:00.000000000,0.849,0.35400000000000004,0.0,0.0,0.3235504614701334,0.0
111024,2025-02-26T16:00:00.000000000,0.866,0.33999999999999997,0.0,0.0,0.0,0.0
111024,2025-02-26T17:00:00.000000000,1.089,0.379,0.0,0.0,0.3235504614701334,0.0
111024,2025-02-26T18:00:00.000000000,1.388,0.513,0.0,0.0,0.7315053911498667,0.0
111024,2025-02-26T19:00:00.000000000,1.4769999999999999,0.509,0.0,0.0,0.0,0.0
111024,2025-02-26T20:00:00.000000000,1.5419999999999998,0.558,0.0,0.0,2.013691323153339,0.0
111024,2025-02-26T21:00:00.000000000,1.4389999999999998,0.608,0.0,0.0,1.156458442899589,0.0
111024,2025-02-26T22:00:00.000000000,1.363,0.661,0.0,0.0,2.145280233660667,0.0
111024,2025-02-26T23:00:00.000000000,1.1680000000000001,0.738,0.0,0.0,1.3053385465470777,0.0
111024,2025-02-27T00:00:00.000000000,1.18,0.822,0.0,0.0,0.3440654363821889,0.0
111024,2025-02-27T01:00:00.000000000,1.25,0.895,0.0,0.0,0.3235504614701334,0.0
111024,2025-02-27T02:00:00.000000000,1.284,0.928,0.0,0.0,0.0,0.0
111024,2025-02-27T03:00:00.000000000,1.339,0.984,0.0,0.0,0.3235504614701334,0.0
111024,2025-02-27T04:00:00.000000000,1.349,0.996,0.0,0.0,0.3235504614701334,0.0
111024,2025-02-27T05:00:00.000000000,1.353,1.0030000000000001,0.0,0.0,0.8499061034994444,0.0
111024,2025-02-27T06:00:00.000000000,1.538,1.0630000000000002,0.0,0.0,1.0782084671636056,0.0
111024,2025-02-27T07:00:00.000000000,1.581,0.807,0.0,0.0,2.821395192547983,0.0
111024,2025-02-27T08:00:00.000000000,1.3889999999999998,0.7750000000000001,0.0,0.0,0.0,0.0
111024,2025-02-27T09:00:00.000000000,1.172,0.671,0.0,0.0,0.3235504614701334,0.0
111024,2025-02-27T10:00:00.000000000,1.152,0.542,0.0,0.0,0.9044173225514778,0.0
111024,2025-02-27T11:00:00.000000000,1.097,0.45499999999999996,0.0,0.0,2.9893249157566664,0.0
111024,2025-02-27T12:00:00.000000000,0.895,0.256,0.0,0.0,2.2044805898354554,0.0
111024,2025-02-27T13:00:00.000000000,0.7750000000000001,0.289,0.0,0.0,0.8507853167099612,0.0
111024,2025-02-27T14:00:00.000000000,0.83,0.23199999999999998,0.0,0.0,0.6913546545362723,0.0
111024,2025-02-27T15:00:00.000000000,0.934,0.216,0.0,0.0,0.3440654363821889,0.0
111024,2025-02-27T16:00:00.000000000,1.124,0.223,0.0,0.0,1.1177730616368555,0.0
111024,2025-02-27T17:00:00.000000000,1.541,0.354,0.0,0.0,5.9956479535833225,0.0
111024,2025-02-27T18:00:00.000000000,1.3030000000000002,0.297,0.0,0.0,2.5500113815685053,0.0
111024,2025-02-27T19:00:00.000000000,1.232,0.18700000000000003,0.0,0.0,2.2214787119054447,0.0
111024,2025-02-27T20:00:00.000000000,1.6300000000000001,0.186,0.0,0.0,4.212017420515178,0.0
111024,2025-02-27T21:00:00.000000000,1.278,0.23399999999999999,0.0,0.0,3.9851804122018777,0.0
111024,2025-02-27T22:00:00.000000000,1.13,0.469,0.0,0.0,0.8068246561841278,0.0
111024,2025-02-27T23:00:00.000000000,1.041,0.5710000000000001,0.0,0.0,0.3440654363821889,0.0
111024,2025-02-28T00:00:00.000000000,0.988,0.637,0.0,0.0,0.3440654363821889,0.0
111024,2025-02-28T01:00:00.000000000,1.037,0.664,0.0,0.0,0.3235504614701334,0.0
111024,2025-02-28T02:00:00.000000000,1.05,0.694,0.0,0.0,0.0,0.0
111024,2025-02-28T03:00:00.000000000,1.094,0.746,0.0,0.0,0.3440654363821889,0.0
111024,2025-02-28T04:00:00.000000000,1.11,0.7630000000000001,0.0,0.0,0.3235504614701334,0.0
111024,2025-02-28T05:00:00.000000000,1.156,0.8099999999999999,0.0,0.0,0.8255812046751501,0.0
111024,2025-02-28T06:00:00.000000000,1.2919999999999998,0.732,0.0,0.0,2.0995611467138,0.0
111024,2025-02-28T07:00:00.000000000,1.226,0.529,0.0,0.0,2.523928056323178,0.0
111024,2025-02-28T08:00:00.000000000,0.963,0.619,0.0,0.0,0.3235504614701334,0.0
111024,2025-02-28T09:00:00.000000000,0.958,0.615,0.0,0.0,0.3235504614701334,0.0
111024,2025-02-28T10:00:00.000000000,0.961,0.623,0.0,0.0,0.0,0.0
111024,2025-02-28T11:00:00.000000000,0.944,0.608,0.0,0.0,1.1119116402334113,0.0
111024,2025-02-28T12:00:00.000000000,0.9470000000000001,0.573,0.0,0.0,1.201298316635939,0.0
111024,2025-02-28T13:00:00.000000000,1.051,0.501,0.0,0.0,0.9158470942881943,0.0
111024,2025-02-28T14:00:00.000000000,1.11,0.434,0.0,0.0,1.0131466895853722,0.0
111024,2025-02-28T15:00:00.000000000,1.149,0.399,0.0,0.0,4.054638255832694,0.0
111024,2025-02-28T16:00:00.000000000,1.013,0.344,0.0,0.0,1.6438356325959944,0.0
111024,2025-02-28T17:00:00.000000000,1.169,0.347,0.0,0.0,1.1837140524256056,0.0
111024,2025-02-28T18:00:00.000000000,1.424,0.368,0.0,0.0,3.504543857119433,0.0
111024,2025-02-28T19:00:00.000000000,1.4219999999999997,0.45399999999999996,0.0,0.0,1.8618805088041277,0.0
111024,2025-02-28T20:00:00.000000000,1.419,0.5,0.0,0.0,1.974126728680089,0.0
111024,2025-02-28T21:00:00.000000000,1.4109999999999998,0.581,0.0,0.0,2.434248308850478,0.0
111024,2025-02-28T22:00:00.000000000,1.2149999999999999,0.601,0.0,0.0,0.7473312289391667,0.0
111024,2025-02-28T23:00:00.000000000,1.095,0.626,0.0,0.0,0.6676158978523223,0.0
111024,2025-03-01T00:00:00.000000000,1.079,0.6739999999999999,0.0,0.0,1.5679302254213887,0.0
111024,2025-03-01T01:00:00.000000000,1.1429999999999998,0.762,0.0,0.0,0.3235504614701334,0.0
111024,2025-03-01T02:00:00.000000000,1.103,0.718,0.0,0.0,0.5181496520644889,0.0
111024,2025-03-01T03:00:00.000000000,1.192,0.827,0.0,0.0,0.3235504614701334,0.0
111024,2025-03-01T04:00:00.000000000,1.2209999999999999,0.858,0.0,0.0,1.2259162865304056,0.0
111024,2025-03-01T05:00:00.000000000,1.226,0.845,0.0,0.0,0.6995606445010945,0.0
111024,2025-03-01T06:00:00.000000000,1.375,0.9369999999999999,0.0,0.0,1.9415958398909723,0.0
111024,2025-03-01T07:00:00.000000000,1.274,0.798,0.0,0.0,0.007619847824477778,0.0
111024,2025-03-01T08:00:00.000000000,1.189,0.615,0.0,0.0,1.7006914202094054,0.0
111024,2025-03-01T09:00:00.000000000,1.3319999999999999,0.48,0.0,0.0,1.5866867739124113,0.0
111024,2025-03-01T10:00:00.000000000,1.52,0.545,0.0,0.0,5.377267995519933,0.0
111024,2025-03-01T11:00:00.000000000,0.8420000000000001,0.342,0.0,0.0,1.0808461067951556,0.0
111024,2025-03-01T12:00:00.000000000,0.738,0.298,0.0,0.0,0.8575259513239223,0.0
111024,2025-03-01T13:00:00.000000000,0.622,0.27,0.0,0.0,0.6676158978523223,0.0
111024,2025-03-01T14:00:00.000000000,0.592,0.24,0.0,0.0,0.3235504614701334,0.0
111024,2025-03-01T15:00:00.000000000,0.673,0.16,0.0,0.0,3.7568780485377165,0.0
111024,2025-03-01T16:00:00.000000000,0.912,0.247,0.0,0.0,0.3440654363821889,0.0
111024,2025-03-01T17:00:00.000000000,1.061,0.344,0.0,0.0,0.0,0.0
111024,2025-03-01T18:00:00.000000000,1.4169999999999998,0.5820000000000001,0.0,0.0,0.3235504614701334,0.0
111024,2025-03-01T19:00:00.000000000,1.4649999999999999,0.5820000000000001,0.0,0.0,1.2180033676357556,0.0
111024,2025-03-01T20:00:00.000000000,1.5,0.621,0.0,0.0,0.7115765583781556,0.0
111024,2025-03-01T21:00:00.000000000,1.46,0.688,0.0,0.0,0.49294554002967783,0.0
111024,2025-03-01T22:00:00.000000000,1.325,0.785,0.0,0.0,1.901445103277378,0.0
111024,2025-03-01T23:00:00.000000000,1.284,0.825,0.0,0.0,1.023111105971228,0.0
111024,2025-03-02T00:00:00.000000000,1.192,0.806,0.0,0.0,0.2013398252083167,0.0
111024,2025-03-02T01:00:00.000000000,1.21,0.838,0.0,0.0,0.3235504614701334,0.0
111024,2025-03-02T02:00:00.000000000,1.242,0.874,0.0,0.0,0.0,0.0
111024,2025-03-02T03:00:00.000000000,1.2469999999999999,0.879,0.0,0.0,0.3235504614701334,0.0
111024,2025-03-02T04:00:00.000000000,1.244,0.878,0.0,0.0,0.0,0.0
111024,2025-03-02T05:00:00.000000000,1.293,0.922,0.0,0.0,1.1321335440752944,0.0
111024,2025-03-02T06:00:00.000000000,1.265,0.787,0.0,0.0,1.4372205281245778,0.0
111024,2025-03-02T07:00:00.000000000,1.062,0.6970000000000001,0.0,0.0,0.32355046147013333,0.0
111024,2025-03-02T08:00:00.000000000,1.119,0.481,0.0,0.0,0.681976380290761,0.0
111024,2025-03-02T09:00:00.000000000,0.876,0.393,0.0,0.0,0.34728921815408337,0.0
111024,2025-03-02T10:00:00.000000000,0.836,0.362,0.0,0.0,1.1945576820219779,0.0
111024,2025-03-02T11:00:00.000000000,0.815,0.345,0.0,0.0,0.3235504614701334,0.0
111024,2025-03-02T12:00:00.000000000,0.804,0.335,0.0,0.0,0.3440654363821889,0.0
111024,2025-03-02T13:00:00.000000000,1.029,0.313,0.0,0.0,1.191040829179911,0.0
111024,2025-03-02T14:00:00.000000000,1.1869999999999998,0.436,0.0,0.0,5.506805408536056,0.0
111024,2025-03-02T15:00:00.000000000,0.9939999999999999,0.397,0.0,0.0,2.736697653268211,0.0
111024,2025-03-02T16:00:00.000000000,0.7430000000000001,0.385,0.0,0.0,1.6350435004908277,0.0
111024,2025-03-02T17:00:00.000000000,0.848,0.3,0.0,0.0,2.4752782586745887,0.0
111024,2025-03-02T18:00:00.000000000,1.137,0.41100000000000003,0.0,0.0,3.7325531497134223,0.0
111024,2025-03-02T19:00:00.000000000,1.2049999999999998,0.5650000000000001,0.0,0.0,1.154113874338211,0.0
111024,2025-03-02T20:00:00.000000000,1.1500000000000001,0.634,0.0,0.0,0.7194894772728055,0.0
111024,2025-03-02T21:00:00.000000000,1.31,0.7,0.0,0.0,1.1734565649695778,0.0
111024,2025-03-02T22:00:00.000000000,1.282,0.746,0.0,0.0,0.7115765583781556,0.0
111024,2025-03-02T23:00:00.000000000,1.271,0.8280000000000001,0.0,0.0,1.6385603533328943,0.0
111024,2025-03-03T00:00:00.000000000,1.2069999999999999,0.836,0.0,0.0,0.0,0.0
111024,2025-03-03T01:00:00.000000000,1.236,0.868,0.0,0.0,0.3235504614701334,0.0
111024,2025-03-03T02:00:00.000000000,1.26,0.893,0.0,0.0,0.0,0.0
111024,2025-03-03T03:00:00.000000000,1.317,0.951,0.0,0.0,0.3235504614701334,0.0
111024,2025-03-03T04:00:00.000000000,1.39,1.022,0.0,0.0,0.0,0.0
111024,2025-03-03T05:00:00.000000000,1.431,1.0630000000000002,0.0,0.0,0.3235504614701334,0.0
111024,2025-03-03T06:00:00.000000000,1.5499999999999998,1.165,0.0,0.0,0.0,0.0
111024,2025-03-03T07:00:00.000000000,1.413,1.036,0.0,0.0,0.3235504614701334,0.0
111024,2025-03-03T08:00:00.000000000,1.262,0.8939999999999999,0.0,0.0,0.0,0.0
111024,2025-03-03T09:00:00.000000000,1.168,0.653,0.0,0.0,1.053883568339311,0.0
111024,2025-03-03T10:00:00.000000000,1.175,0.487,0.0,0.0,2.5881106206908946,0.0
111024,2025-03-03T11:00:00.000000000,1.0670000000000002,0.447,0.0,0.0,0.7402975232550334,0.0
111024,2025-03-03T12:00:00.000000000,0.9149999999999999,0.414,0.0,0.0,0.0,0.0
111024,2025-03-03T13:00:00.000000000,0.876,0.405,0.0,0.0,1.1734565649695778,0.0
111024,2025-03-03T14:00:00.000000000,0.845,0.377,0.0,0.0,0.3235504614701334,0.0
111024,2025-03-03T15:00:00.000000000,0.802,0.328,0.0,0.0,0.3675111219959667,0.0
111024,2025-03-03T16:00:00.000000000,0.813,0.317,0.0,0.0,0.3235504614701334,0.0
111024,2025-03-03T17:00:00.000000000,0.9450000000000001,0.39999999999999997,0.0,0.0,1.7320500247178332,0.0
111024,2025-03-03T18:00:00.000000000,1.408,0.5730000000000001,0.0,0.0,0.5407161244677501,0.0
111024,2025-03-03T19:00:00.000000000,1.482,0.601,0.0,0.0,0.3672180509257944,0.0
111024,2025-03-03T20:00:00.000000000,1.492,0.5720000000000001,0.0,0.0,2.01779431813575,0.0
111024,2025-03-03T21:00:00.000000000,1.302,0.663,0.0,0.0,3.192423167386017,0.0
111024,2025-03-03T22:00:00.000000000,1.2530000000000001,0.7189999999999999,0.0,0.0,0.3440654363821889,0.0
111024,2025-03-03T23:00:00.000000000,1.209,0.8009999999999999,0.0,0.0,0.6910615834661,0.0
111024,2025-03-04T00:00:00.000000000,1.28,0.908,0.0,0.0,0.0,0.0
111024,2025-03-04T01:00:00.000000000,1.299,0.929,0.0,0.0,0.3235504614701334,0.0
111024,2025-03-04T02:00:00.000000000,1.32,0.952,0.0,0.0,0.0,0.0
111024,2025-03-04T03:00:00.000000000,1.3050000000000002,0.939,0.0,0.0,0.32325739039996115,0.0
111024,2025-03-04T04:00:00.000000000,1.2870000000000001,0.923,0.0,0.0,0.7740006963248389,0.0
111024,2025-03-04T05:00:00.000000000,1.368,0.983,0.0,0.0,0.7212479036938388,0.0
111024,2025-03-04T06:00:00.000000000,1.4980000000000002,1.0470000000000002,0.0,0.0,1.0963788735142834,0.0
111024,2025-03-04T07:00:00.000000000,1.424,0.9139999999999999,0.0,0.0,1.2215202204778222,0.0
111024,2025-03-04T08:00:00.000000000,1.275,0.672,0.0,0.0,2.392046074745678,0.0
111024,2025-03-04T09:00:00.000000000,1.064,0.5519999999999999,0.0,0.0,1.7047944151918166,0.0
111024,2025-03-04T10:00:00.000000000,0.9229999999999999,0.44799999999999995,0.0,0.0,0.3235504614701334,0.0
111024,2025-03-04T11:00:00.000000000,0.843,0.37100000000000005,0.0,0.0,1.1734565649695778,0.0
111024,2025-03-04T12:00:00.000000000,0.7350000000000001,0.325,0.0,0.0,0.6471009229402668,0.0
111024,2025-03-04T13:00:00.000000000,0.7149999999999999,0.276,0.0,0.0,0.0,0.0
111024,2025-03-04T14:00:00.000000000,0.6679999999999999,0.142,0.0,0.0,0.3235504614701334,0.0
111024,2025-03-04T15:00:00.000000000,0.679,0.083,0.0,0.0,0.0,0.0
111024,2025-03-04T16:00:00.000000000,0.722,0.088,0.0,0.0,1.1116185691632388,0.0
111024,2025-03-04T17:00:00.000000000,0.871,0.156,0.0,0.0,0.3235504614701334,0.0
111024,2025-03-04T18:00:00.000000000,1.157,0.32299999999999995,0.0,0.0,1.916098656785989,0.0
111024,2025-03-04T19:00:00.000000000,1.216,0.334,0.0,0.0,1.1552861586189,0.0
111024,2025-03-04T20:00:00.000000000,1.2570000000000001,0.381,0.0,0.0,0.7350222439919334,0.0
111024,2025-03-04T21:00:00.000000000,1.419,0.453,0.0,0.0,0.7171449087114279,0.0
111024,2025-03-04T22:00:00.000000000,1.2329999999999999,0.511,0.0,0.0,0.32325739039996115,0.0
111024,2025-03-04T23:00:00.000000000,1.048,0.5690000000000001,0.0,0.0,0.8499061034994444,0.0
111024,2025-03-05T00:00:00.000000000,1.014,0.622,0.0,0.0,0.3235504614701334,0.0
111024,2025-03-05T01:00:00.000000000,1.068,0.706,0.0,0.0,0.0,0.0
111024,2025-03-05T02:00:00.000000000,1.121,0.758,0.0,0.0,0.3235504614701334,0.0
111024,2025-03-05T03:00:00.000000000,1.196,0.833,0.0,0.0,0.0,0.0
111024,2025-03-05T04:00:00.000000000,1.2449999999999999,0.884,0.0,0.0,0.3235504614701334,0.0
111024,2025-03-05T05:00:00.000000000,1.195,0.835,0.0,0.0,0.7710699856231166,0.0
111024,2025-03-05T06:00:00.000000000,1.272,0.8380000000000001,0.0,0.0,0.7895334630439667,0.0
111024,2025-03-05T07:00:00.000000000,1.14,0.725,0.0,0.0,0.7235924722552167,0.0
111024,2025-03-05T08:00:00.000000000,1.072,0.591,0.0,0.0,0.0,0.0
111024,2025-03-05T09:00:00.000000000,0.988,0.508,0.0,0.0,0.3235504614701334,0.0
111024,2025-03-05T10:00:00.000000000,0.8200000000000001,0.38199999999999995,0.0,0.0,0.6664436135716334,0.0
111024,2025-03-05T11:00:00.000000000,0.679,0.13299999999999998,0.0,0.0,2.8685796348457115,0.0
111024,2025-03-05T12:00:00.000000000,0.6709999999999999,0.07500000000000001,0.0,0.0,1.9621108148030282,0.0
111024,2025-03-05T13:00:00.000000000,0.7689999999999999,0.29800000000000004,0.0,0.0,0.34377236531201666,0.0
111024,2025-03-05T14:00:00.000000000,0.79,0.321,0.0,0.0,0.3235504614701334,0.0
111024,2025-03-05T15:00:00.000000000,0.802,0.359,0.0,0.0,2.1153869845031,0.0
111024,2025-03-05T16:00:00.000000000,0.79,0.433,0.0,0.0,1.0612103450936168,0.0
111024,2025-03-05T17:00:00.000000000,0.881,0.397,0.0,0.0,1.7979910155065832,0.0
111024,2025-03-05T18:00:00.000000000,1.107,0.47400000000000003,0.0,0.0,0.7511411528514056,0.0
111024,2025-03-05T19:00:00.000000000,1.291,0.46599999999999997,0.0,0.0,0.4885494739770945,0.0
111024,2025-03-05T20:00:00.000000000,1.346,0.46699999999999997,0.0,0.0,0.18727241384005,0.0
111024,2025-03-05T21:00:00.000000000,1.3470000000000002,0.528,0.0,0.0,0.7353153150621056,0.0
111024,2025-03-05T22:00:00.000000000,1.26,0.585,0.0,0.0,0.0,0.0
111024,2025-03-05T23:00:00.000000000,1.155,0.628,0.0,0.0,1.2751522263193389,0.0
111024,2025-03-06T00:00:00.000000000,1.0710000000000002,0.6699999999999999,0.0,0.0,1.3973628625811556,0.0
111024,2025-03-06T01:00:00.000000000,1.1280000000000001,0.75,0.0,0.0,0.3235504614701334,0.0
111024,2025-03-06T02:00:00.000000000,1.19,0.825,0.0,0.0,0.0,0.0
111024,2025-03-06T03:00:00.000000000,1.223,0.859,0.0,0.0,0.3235504614701334,0.0
111024,2025-03-06T04:00:00.000000000,1.2730000000000001,0.909,0.0,0.0,0.0,0.0
111024,2025-03-06T05:00:00.000000000,1.366,1.002,0.0,0.0,2.17077741676565,0.0
111024,2025-03-06T06:00:00.000000000,1.4929999999999999,1.052,0.0,0.0,1.579653068228278,0.0
111024,2025-03-06T07:00:00.000000000,1.269,0.879,0.0,0.0,0.0,0.0
111024,2025-03-06T08:00:00.000000000,1.006,0.648,0.0,0.0,0.3235504614701334,0.0
111024,2025-03-06T09:00:00.000000000,0.894,0.537,0.0,0.0,0.0,0.0
111024,2025-03-06T10:00:00.000000000,0.8280000000000001,0.475,0.0,0.0,1.3607289788096277,0.0
111024,2025-03-06T11:00:00.000000000,0.764,0.41500000000000004,0.0,0.0,1.6986399227182,0.0
111024,2025-03-06T12:00:00.000000000,0.706,0.355,0.0,0.0,0.3235504614701334,0.0
111024,2025-03-06T13:00:00.000000000,0.677,0.325,0.0,0.0,0.3235504614701334,0.0
111024,2025-03-06T14:00:00.000000000,0.638,0.28600000000000003,0.0,0.0,0.0,0.0
111024,2025-03-06T15:00:00.000000000,0.602,0.252,0.0,0.0,0.3235504614701334,0.0
111024,2025-03-06T16:00:00.000000000,0.71,0.185,0.0,0.002,0.6664436135716334,0.0
111024,2025-03-06T17:00:00.000000000,0.846,0.048,0.0,0.008,2.5450291733755783,0.0
111024,2025-03-06T18:00:00.000000000,1.104,0.196,0.0,0.0,2.5878175496207225,0.0
111024,2025-03-06T19:00:00.000000000,1.149,0.191,0.0,0.0,2.934227554564289,0.0
111024,2025-03-06T20:00:00.000000000,1.2750000000000001,0.38899999999999996,0.0,0.0,1.0717609036198166,0.0
111024,2025-03-06T21:00:00.000000000,1.315,0.495,0.0,0.0,1.402051999703911,0.0
111024,2025-03-06T22:00:00.000000000,1.1989999999999998,0.554,0.0,0.0,0.3672180509257944,0.0
111024,2025-03-06T23:00:00.000000000,1.061,0.611,0.0,0.0,1.1025333659879002,0.0
111024,2025-03-07T00:00:00.000000000,1.061,0.673,0.0,0.0,2.324932799676239,0.0
111024,2025-03-07T01:00:00.000000000,1.0790000000000002,0.716,0.0,0.0,0.7848443259212111,0.0
111024,2025-03-07T02:00:00.000000000,1.1340000000000001,0.772,0.0,0.0,0.3235504614701334,0.0
111024,2025-03-07T03:00:00.000000000,1.199,0.835,0.0,0.0,1.226209357600578,0.0
111024,2025-03-07T04:00:00.000000000,1.253,0.89,0.0,0.0,0.0,0.0
111024,2025-03-07T05:00:00.000000000,1.366,1.004,0.0,0.0,0.3235504614701334,0.0
111024,2025-03-07T06:00:00.000000000,1.5839999999999999,1.183,0.0,0.0,0.7139211269395334,0.0
111024,2025-03-07T07:00:00.000000000,1.364,0.9709999999999999,0.0,0.0,0.7080597055360889,0.0
111024,2025-03-07T08:00:00.000000000,1.0939999999999999,0.641,0.0,0.0,0.7109904162378111,0.0
111024,2025-03-07T09:00:00.000000000,0.829,0.473,0.0,0.0,0.3235504614701334,0.0
111024,2025-03-07T10:00:00.000000000,0.7409999999999999,0.35700000000000004,0.0,0.0,0.0,0.0
111024,2025-03-07T11:00:00.000000000,0.704,0.23299999999999998,0.0,0.0,0.8490268902889277,0.0
111024,2025-03-07T12:00:00.000000000,0.5720000000000001,0.19000000000000003,0.0,0.0,1.1245136962508167,0.0
111024,2025-03-07T13:00:00.000000000,0.508,0.158,0.0,0.0,0.6887170149047223,0.0
111024,2025-03-07T14:00:00.000000000,0.512,0.07300000000000001,0.0,0.0,0.6972160759397167,0.0
111024,2025-03-07T15:00:00.000000000,0.484,0.008,0.0,0.003,1.2215202204778222,0.0
111024,2025-03-07T16:00:00.000000000,0.508,0.0,0.0,0.013999999999999999,0.66732282678215,0.0
111024,2025-03-07T17:00:00.000000000,0.5670000000000001,0.023,0.0,0.002,0.8036008744122334,0.0
111024,2025-03-07T18:00:00.000000000,0.986,0.193,0.0,0.0,1.602219540631539,0.0
111024,2025-03-07T19:00:00.000000000,1.036,0.08099999999999999,0.0,0.005,3.7938050033794166,0.0
111024,2025-03-07T20:00:00.000000000,1.097,0.218,0.0,0.0,0.34377236531201666,0.0
111024,2025-03-07T21:00:00.000000000,1.0390000000000001,0.22,0.0,0.0,0.3235504614701334,0.0
111024,2025-03-07T22:00:00.000000000,0.8919999999999999,0.248,0.0,0.0,0.3672180509257944,0.0
111024,2025-03-07T23:00:00.000000000,0.73,0.281,0.0,0.0,0.3235504614701334,0.0
111024,2025-03-08T00:00:00.000000000,0.738,0.33799999999999997,0.0,0.0,0.79392952909655,0.0
111024,2025-03-08T01:00:00.000000000,0.752,0.369,0.0,0.0,0.3672180509257944,0.0
111024,2025-03-08T02:00:00.000000000,0.76,0.396,0.0,0.0,0.3235504614701334,0.0
111024,2025-03-08T03:00:00.000000000,0.786,0.429,0.0,0.0,0.0,0.0
111024,2025-03-08T04:00:00.000000000,0.817,0.462,0.0,0.0,0.3235504614701334,0.0
111024,2025-03-08T05:00:00.000000000,0.9079999999999999,0.543,0.0,0.0,0.0,0.0
111024,2025-03-08T06:00:00.000000000,1.0999999999999999,0.7330000000000001,0.0,0.0,0.3235504614701334,0.0
111024,2025-03-08T07:00:00.000000000,0.959,0.599,0.0,0.0,0.35813284775045556,0.0
111024,2025-03-08T08:00:00.000000000,1.161,0.36699999999999994,0.0,0.0,0.9899940750417668,0.0
111024,2025-03-08T09:00:00.000000000,1.0470000000000002,0.28200000000000003,0.0,0.0,3.2454690310871888,0.0
111024,2025-03-08T10:00:00.000000000,1.334,0.246,0.0,0.0,7.236510864692511,0.0
111024,2025-03-08T11:00:00.000000000,1.134,0.143,0.0,0.0,7.5700257425485,0.0
111024,2025-03-08T12:00:00.000000000,0.653,0.018,0.0,0.001,3.2917742601743996,0.0
111024,2025-03-08T13:00:00.000000000,0.473,0.003,0.0,0.001,1.9413027688208002,0.0
111024,2025-03-08T14:00:00.000000000,0.476,0.001,0.0,0.006,2.019259673486611,0.0
111024,2025-03-08T15:00:00.000000000,0.723,0.009,0.0,0.038,2.4210601106927276,0.0
111024,2025-03-08T16:00:00.000000000,0.907,0.038,0.0,0.061,1.8604151534532667,0.0
111024,2025-03-08T17:00:00.000000000,0.952,0.046,0.0,0.019,0.34377236531201666,0.0
111024,2025-03-08T18:00:00.000000000,1.774,0.187,0.0,0.0,2.2197202854844114,0.0
111024,2025-03-08T19:00:00.000000000,1.4849999999999999,0.414,0.0,0.0,5.8581976216725495,0.0
111024,2025-03-08T20:00:00.000000000,0.942,0.30700000000000005,0.0,0.0,1.1927992556009444,0.0
111024,2025-03-08T21:00:00.000000000,1.1969999999999998,0.378,0.0,0.0,0.3235504614701334,0.0
111024,2025-03-08T22:00:00.000000000,1.1070000000000002,0.492,0.0,0.0,0.3669249798556222,0.0
111024,2025-03-08T23:00:00.000000000,0.988,0.552,0.0,0.0,1.1719912096187168,0.0
111024,2025-03-09T00:00:00.000000000,0.949,0.585,0.0,0.0,0.3235504614701334,0.0
111024,2025-03-09T01:00:00.000000000,0.956,0.594,0.0,0.0,1.5834629921405168,0.0
111024,2025-03-09T02:00:00.000000000,0.9219999999999999,0.562,0.0,0.0,0.0,0.0
111024,2025-03-09T03:00:00.000000000,0.882,0.525,0.0,0.0,0.3235504614701334,0.0
111024,2025-03-09T04:00:00.000000000,0.876,0.521,0.0,0.0,0.0,0.0
111024,2025-03-09T05:00:00.000000000,0.871,0.519,0.0,0.0,0.32355046147013333,0.0
111024,2025-03-09T06:00:00.000000000,0.9169999999999999,0.45299999999999996,0.0,0.0,1.07351933004085,0.0
111024,2025-03-09T07:00:00.000000000,0.967,0.393,0.0,0.0,2.1039572127663835,0.0
111024,2025-03-09T08:00:00.000000000,0.879,0.278,0.0,0.0,1.0658994822163723,0.0
111024,2025-03-09T09:00:00.000000000,0.6900000000000001,0.17800000000000002,0.0,0.0,0.7397113811146889,0.0
111024,2025-03-09T10:00:00.000000000,0.54,0.096,0.0,0.0,0.3235504614701334,0.0
111024,2025-03-09T11:00:00.000000000,0.505,0.036000000000000004,0.0,0.0,1.7077251258935389,0.0
111024,2025-03-09T12:00:00.000000000,0.819,0.0,0.0,0.028,0.4375551077671278,0.0
111024,2025-03-09T13:00:00.000000000,0.8410000000000001,0.0,0.0,0.061,2.857736005249339,0.0
111024,2025-03-09T14:00:00.000000000,0.911,0.0,0.0,0.047,5.895124576514251,0.0
111024,2025-03-09T15:00:00.000000000,0.494,0.0,0.0,0.022000000000000002,0.3235504614701334,0.0
111024,2025-03-09T16:00:00.000000000,0.76,0.0,0.0,0.004,0.33703173069805553,0.0
111024,2025-03-09T17:00:00.000000000,0.7210000000000001,0.066,0.0,0.0,2.6818933631460053,0.0
111024,2025-03-09T18:00:00.000000000,1.002,0.21400000000000002,0.0,0.0,1.8111792136643332,0.0
111024,2025-03-09T19:00:00.000000000,1.133,0.25,0.0,0.0,1.2637224545826222,0.0
111024,2025-03-09T20:00:00.000000000,1.1389999999999998,0.26,0.0,0.0,1.615407738789289,0.0
111024,2025-03-09T21:00:00.000000000,1.101,0.28200000000000003,0.0,0.0,0.7007329287817834,0.0
111024,2025-03-09T22:00:00.000000000,1.0050000000000001,0.249,0.0,0.0,0.34377236531201666,0.0
111024,2025-03-09T23:00:00.000000000,0.679,0.258,0.0,0.0,0.3235504614701334,0.0
111024,2025-03-10T00:00:00.000000000,0.675,0.31300000000000006,0.0,0.0,0.0,0.0
111024,2025-03-10T01:00:00.000000000,0.7049999999999998,0.346,0.0,0.0,0.3235504614701334,0.0
111024,2025-03-10T02:00:00.000000000,0.679,0.321,0.0,0.0,0.34377236531201666,0.0
111024,2025-03-10T03:00:00.000000000,0.66,0.305,0.0,0.0,0.0,0.0
111024,2025-03-10T04:00:00.000000000,0.647,0.293,0.0,0.0,0.3235504614701334,0.0
111024,2025-03-10T05:00:00.000000000,0.656,0.303,0.0,0.0,0.2904334305406722,0.0
111024,2025-03-10T06:00:00.000000000,0.7170000000000001,0.349,0.0,0.0,0.03311703092946111,0.0
111024,2025-03-10T07:00:00.000000000,0.812,0.36100000000000004,0.0,0.0,0.77282841204415,0.0
111024,2025-03-10T08:00:00.000000000,0.891,0.29,0.0,0.0,1.1886962606185334,0.0
111024,2025-03-10T09:00:00.000000000,0.927,0.322,0.0,0.0,0.8147375750787778,0.0
111024,2025-03-10T10:00:00.000000000,0.9029999999999999,0.397,0.0,0.0,0.0,0.0
111024,2025-03-10T11:00:00.000000000,0.941,0.44199999999999995,0.0,0.0,1.5318824837902056,0.0
111024,2025-03-10T12:00:00.000000000,1.062,0.397,0.0,0.0,1.067071766497061,0.0
111024,2025-03-10T13:00:00.000000000,1.0859999999999999,0.355,0.0,0.0,1.0483152180060389,0.0
111024,2025-03-10T14:00:00.000000000,0.856,0.35900000000000004,0.0,0.0,0.34377236531201666,0.0
111024,2025-03-10T15:00:00.000000000,0.896,0.361,0.0,0.0,0.7866027523422445,0.0
111024,2025-03-10T16:00:00.000000000,0.947,0.27099999999999996,0.0,0.0,1.5887382714036167,0.0
111024,2025-03-10T17:00:00.000000000,0.98,0.189,0.0,0.0,2.545029173375578,0.0
111024,2025-03-10T18:00:00.000000000,1.3729999999999998,0.528,0.0,0.0,3.621772285188322,0.0
111024,2025-03-10T19:00:00.000000000,1.826,0.494,0.0,0.0,1.6722635264027002,0.0
111024,2025-03-10T20:00:00.000000000,2.2779999999999996,0.468,0.0,0.0,0.6761149588873167,0.0
111024,2025-03-10T21:00:00.000000000,2.06,0.53,0.0,0.0,1.533640910211239,0.0
111024,2025-03-10T22:00:00.000000000,1.2710000000000001,0.598,0.0,0.0,2.0380162219776334,0.0
111024,2025-03-10T23:00:00.000000000,1.1500000000000001,0.626,0.0,0.0,1.2086250933902445,0.0
111024,2025-03-11T00:00:00.000000000,1.09,0.652,0.0,0.0,1.6798833742271777,0.0
111024,2025-03-11T01:00:00.000000000,1.0270000000000001,0.66,0.0,0.0,0.0,0.0
111024,2025-03-11T02:00:00.000000000,1.037,0.676,0.0,0.0,0.3235504614701334,0.0
111024,2025-03-11T03:00:00.000000000,1.0470000000000002,0.6890000000000001,0.0,0.0,0.0,0.0
111024,2025-03-11T04:00:00.000000000,1.069,0.7109999999999999,0.0,0.0,0.3235504614701334,0.0
111024,2025-03-11T05:00:00.000000000,1.0990000000000002,0.7409999999999999,0.0,0.0,0.0,0.0
111024,2025-03-11T06:00:00.000000000,1.19,0.815,0.0,0.0,0.3235504614701334,0.0
111024,2025-03-11T07:00:00.000000000,1.119,0.624,0.0,0.0,1.2218132915479947,0.0
111024,2025-03-11T08:00:00.000000000,1.0390000000000001,0.489,0.0,0.0,3.208249005175317,0.0
111024,2025-03-11T09:00:00.000000000,1.114,0.632,0.0,0.0,0.8296841996575611,0.0
111024,2025-03-11T10:00:00.000000000,1.082,0.635,0.0,0.0,0.3235504614701334,0.0
111024,2025-03-11T11:00:00.000000000,1.113,0.644,0.0,0.0,0.4018004372061167,0.0
111024,2025-03-11T12:00:00.000000000,1.1280000000000001,0.655,0.0,0.0,0.2687461713479278,0.0
111024,2025-03-11T13:00:00.000000000,1.235,0.759,0.0,0.0,1.4712167722645555,0.0
111024,2025-03-11T14:00:00.000000000,1.323,0.845,0.0,0.0,0.3235504614701334,0.0
111024,2025-03-11T15:00:00.000000000,1.491,0.912,0.0,0.0,0.0,0.0
111024,2025-03-11T16:00:00.000000000,1.4300000000000002,0.73,0.0,0.0,2.483777319709583,0.0
111024,2025-03-11T17:00:00.000000000,1.4909999999999999,0.738,0.0,0.0,1.616580023069978,0.0
111024,2025-03-11T18:00:00.000000000,1.877,1.0270000000000001,0.0,0.0,0.7106973451676388,0.0
111024,2025-03-11T19:00:00.000000000,1.7289999999999999,0.8400000000000001,0.0,0.0,0.34377236531201666,0.0
111024,2025-03-11T20:00:00.000000000,1.706,0.8210000000000001,0.0,0.0,1.5585519511758776,0.0
111024,2025-03-11T21:00:00.000000000,1.4589999999999999,0.64,0.0,0.0,1.1714050674783723,0.0
111024,2025-03-11T22:00:00.000000000,1.099,0.569,0.0,0.0,0.34377236531201666,0.0
111024,2025-03-11T23:00:00.000000000,1.0,0.552,0.0,0.0,0.0,0.0
111024,2025-03-12T00:00:00.000000000,0.9069999999999999,0.522,0.0,0.0,0.3235504614701334,0.0
111024,2025-03-12T01:00:00.000000000,0.869,0.506,0.0,0.0,0.3235504614701334,0.0
111024,2025-03-12T02:00:00.000000000,0.85,0.494,0.0,0.0,0.8563536670432333,0.0
111024,2025-03-12T03:00:00.000000000,0.826,0.469,0.0,0.0,0.0,0.0
111024,2025-03-12T04:00:00.000000000,0.815,0.449,0.0,0.0,0.6957507205888556,0.0
111024,2025-03-12T05:00:00.000000000,0.893,0.46599999999999997,0.0,0.0,0.6998537155712667,0.0
111024,2025-03-12T06:00:00.000000000,0.974,0.505,0.0,0.0,3.3374933471212667,0.0
111024,2025-03-12T07:00:00.000000000,0.947,0.42899999999999994,0.0,0.0,1.9439404084523502,0.0
111024,2025-03-12T08:00:00.000000000,1.0590000000000002,0.45499999999999996,0.0,0.0,2.0098813992411,0.0
111024,2025-03-12T09:00:00.000000000,0.978,0.38,0.0,0.0,0.8522506720608222,0.0
111024,2025-03-12T10:00:00.000000000,0.938,0.348,0.0,0.0,0.34318622317167224,0.0
111024,2025-03-12T11:00:00.000000000,0.897,0.291,0.0,0.0,0.8619220173765056,0.0
111024,2025-03-12T12:00:00.000000000,0.951,0.364,0.0,0.0,0.7106973451676388,0.0
111024,2025-03-12T13:00:00.000000000,0.987,0.489,0.0,0.0,0.6471009229402668,0.0
111024,2025-03-12T14:00:00.000000000,1.1620000000000001,0.565,0.0,0.0,1.2877542823367445,0.0
111024,2025-03-12T15:00:00.000000000,1.2120000000000002,0.57,0.0,0.0,3.024200373107161,0.0
111024,2025-03-12T16:00:00.000000000,1.143,0.441,0.0,0.0,2.343103206026917,0.0
111024,2025-03-12T17:00:00.000000000,1.588,0.746,0.0,0.0,0.3235504614701334,0.0
111024,2025-03-12T18:00:00.000000000,1.5509999999999997,0.666,0.0,0.0,0.6901823702555834,0.0
111024,2025-03-12T19:00:00.000000000,1.532,0.65,0.0,0.0,0.7655016352898444,0.0
111024,2025-03-12T20:00:00.000000000,1.431,0.758,0.0,0.0,0.0,0.0
111024,2025-03-12T21:00:00.000000000,1.4709999999999999,0.878,0.0,0.0,1.1711119964082,0.0
111024,2025-03-12T22:00:00.000000000,1.326,0.91,0.0,0.0,0.3361525174875389,0.0
111024,2025-03-12T23:00:00.000000000,1.2830000000000001,0.909,0.0,0.0,0.34377236531201666,0.0
111024,2025-03-13T00:00:00.000000000,1.333,0.962,0.0,0.0,0.1963576170153889,0.0
111024,2025-03-13T01:00:00.000000000,1.4009999999999998,1.029,0.0,0.0,0.12689977338457223,0.0
111024,2025-03-13T02:00:00.000000000,1.348,0.98,0.0,0.0,0.3235504614701334,0.0
111024,2025-03-13T03:00:00.000000000,1.355,0.99,0.0,0.0,0.0,0.0
111024,2025-03-13T04:00:00.000000000,1.4169999999999998,1.053,0.0,0.0,0.7827928284300055,0.0
111024,2025-03-13T05:00:00.000000000,1.646,1.154,0.0,0.0,0.34846150243477225,0.0
111024,2025-03-13T06:00:00.000000000,1.4689999999999999,0.9359999999999999,0.0,0.0,1.9158055857158167,0.0
111024,2025-03-13T07:00:00.000000000,1.596,1.102,0.0,0.0,0.0,0.0
111024,2025-03-13T08:00:00.000000000,1.512,1.018,0.0,0.0,0.3235504614701334,0.0
111024,2025-03-13T09:00:00.000000000,1.6500000000000001,0.825,0.0,0.0,1.0635549136549944,0.0
111024,2025-03-13T10:00:00.000000000,1.034,0.683,0.0,0.0,0.6699604664137,0.0
111024,2025-03-13T11:00:00.000000000,1.0550000000000002,0.583,0.0,0.0,0.0,0.0
111024,2025-03-13T12:00:00.000000000,1.018,0.549,0.0,0.0,0.6875447306240333,0.0
111024,2025-03-13T13:00:00.000000000,0.958,0.489,0.0,0.0,1.1007749395668667,0.0
111024,2025-03-13T14:00:00.000000000,0.97,0.403,0.0,0.0,0.3235504614701334,0.0
111024,2025-03-13T15:00:00.000000000,0.9179999999999999,0.23,0.0,0.0,1.5922551242456835,0.0
111024,2025-03-13T16:00:00.000000000,0.7949999999999999,0.353,0.0,0.0,0.34377236531201666,0.0
111024,2025-03-13T17:00:00.000000000,1.104,0.457,0.0,0.0,1.6300612922979,0.0
111024,2025-03-13T18:00:00.000000000,1.3699999999999999,0.488,0.0,0.0,2.4140264050085944,0.0
111024,2025-03-13T19:00:00.000000000,1.4420000000000002,0.5630000000000001,0.0,0.0,1.2423282664600501,0.0
111024,2025-03-13T20:00:00.000000000,1.5799999999999998,0.7579999999999999,0.0,0.0,0.0,0.0
111024,2025-03-13T21:00:00.000000000,1.66,0.975,0.0,0.0,0.7341430307814166,0.0
111024,2025-03-13T22:00:00.000000000,1.524,1.104,0.0,0.0,0.0,0.0
111024,2025-03-13T23:00:00.000000000,1.643,1.2590000000000001,0.0,0.0,0.3235504614701334,0.0
111024,2025-03-14T00:00:00.000000000,1.8490000000000002,1.456,0.0,0.0,1.689554719542861,0.0
111024,2025-03-14T01:00:00.000000000,1.8780000000000001,1.4889999999999999,0.0,0.0,1.0881728835494613,0.0
111024,2025-03-14T02:00:00.000000000,1.9489999999999998,1.564,0.0,0.0,0.6846140199223112,0.0
111024,2025-03-14T03:00:00.000000000,2.0260000000000002,1.642,0.0,0.0,0.0,0.0
111024,2025-03-14T04:00:00.000000000,2.072,1.684,0.0,0.0,1.122462198759611,0.0
111024,2025-03-14T05:00:00.000000000,2.192,1.708,0.0,0.0,0.8660250123589167,0.0
111024,2025-03-14T06:00:00.000000000,2.075,1.662,0.0,0.0,0.3235504614701334,0.0
111024,2025-03-14T07:00:00.000000000,1.7000000000000002,1.29,0.0,0.0,1.29508105909105,0.0
111024,2025-03-14T08:00:00.000000000,1.357,0.778,0.0,0.0,1.0820183910758447,0.0
111024,2025-03-14T09:00:00.000000000,1.135,0.538,0.0,0.0,1.5477083215795056,0.0
111024,2025-03-14T10:00:00.000000000,0.903,0.462,0.0,0.0,0.7323846043603833,0.0
111024,2025-03-14T11:00:00.000000000,0.883,0.41300000000000003,0.0,0.0,0.3235504614701334,0.0
111024,2025-03-14T12:00:00.000000000,0.742,0.39,0.0,0.0,0.8463892506573778,0.0
111024,2025-03-14T13:00:00.000000000,0.8090000000000002,0.341,0.0,0.0,0.0,0.0
111024,2025-03-14T14:00:00.000000000,0.7850000000000001,0.311,0.0,0.0,1.1004818684966944,0.0
111024,2025-03-14T15:00:00.000000000,0.7970000000000002,0.302,0.0,0.0,1.190747758109739,0.0
111024,2025-03-14T16:00:00.000000000,0.994,0.28500000000000003,0.0,0.0,0.3341010199963333,0.0
111024,2025-03-14T17:00:00.000000000,1.674,0.34099999999999997,0.0,0.0,0.3384970860489167,0.0
111024,2025-03-14T18:00:00.000000000,1.238,0.356,0.0,0.0,0.68314866457145,0.0
111024,2025-03-14T19:00:00.000000000,1.279,0.4,0.0,0.0,1.2821859320034723,0.0
111024,2025-03-14T20:00:00.000000000,1.2159999999999997,0.547,0.0,0.0,0.5119951595908722,0.0
111024,2025-03-14T21:00:00.000000000,1.034,0.613,0.0,0.0,0.0,0.0
111024,2025-03-14T22:00:00.000000000,1.135,0.6819999999999999,0.0,0.0,0.34377236531201666,0.0
111024,2025-03-14T23:00:00.000000000,1.131,0.7610000000000001,0.0,0.0,0.34377236531201666,0.0
111024,2025-03-15T00:00:00.000000000,1.182,0.814,0.0,0.0,0.7857235391317278,0.0
111024,2025-03-15T01:00:00.000000000,1.196,0.828,0.0,0.0,0.3235504614701334,0.0
111024,2025-03-15T02:00:00.000000000,1.2329999999999999,0.866,0.0,0.0,0.0,0.0
111024,2025-03-15T03:00:00.000000000,1.313,0.945,0.0,0.0,0.32355046147013333,0.0
111024,2025-03-15T04:00:00.000000000,1.338,0.974,0.0,0.0,0.0,0.0
111024,2025-03-15T05:00:00.000000000,1.451,1.069,0.0,0.0,0.3235504614701334,0.0
111024,2025-03-15T06:00:00.000000000,1.45,0.989,0.0,0.0,0.0,0.0
111024,2025-03-15T07:00:00.000000000,1.1960000000000002,0.7100000000000001,0.0,0.0,0.3235504614701334,0.0
111024,2025-03-15T08:00:00.000000000,0.939,0.45899999999999996,0.0,0.0,0.0,0.0
111024,2025-03-15T09:00:00.000000000,0.8109999999999999,0.337,0.0,0.0,0.3235504614701334,0.0
111024,2025-03-15T10:00:00.000000000,0.7000000000000001,0.22899999999999998,0.0,0.0,0.0,0.0
111024,2025-03-15T11:00:00.000000000,0.628,0.158,0.0,0.0,0.3235504614701334,0.0
111024,2025-03-15T12:00:00.000000000,0.584,0.11599999999999999,0.0,0.0,0.66732282678215,0.0
111024,2025-03-15T13:00:00.000000000,0.523,0.084,0.0,0.0,0.0,0.0
111024,2025-03-15T14:00:00.000000000,0.45699999999999996,0.046,0.0,0.0,0.3235504614701334,0.0
111024,2025-03-15T15:00:00.000000000,0.642,0.0,0.0,0.008,0.34377236531201666,0.0
111024,2025-03-15T16:00:00.000000000,0.7270000000000001,0.0,0.0,0.008,1.206866666969211,0.0
111024,2025-03-15T17:00:00.000000000,0.961,0.101,0.0,0.012,2.2721800070452387,0.0
111024,2025-03-15T18:00:00.000000000,1.046,0.16299999999999998,0.0,0.0,0.6192591712739055,0.0
111024,2025-03-15T19:00:00.000000000,1.0190000000000001,0.077,0.0,0.002,2.978481286160294,0.0
111024,2025-03-15T20:00:00.000000000,1.162,0.048,0.0,0.009000000000000001,3.363283601296422,0.0
111024,2025-03-15T21:00:00.000000000,0.859,0.215,0.0,0.0,0.6948715073783389,0.0
111024,2025-03-15T22:00:00.000000000,0.71,0.30400000000000005,0.0,0.0,0.6471009229402668,0.0
111024,2025-03-15T23:00:00.000000000,0.7250000000000001,0.36,0.0,0.0,0.0,0.0
111024,2025-03-16T00:00:00.000000000,0.74,0.38,0.0,0.0,0.34377236531201666,0.0
111024,2025-03-16T01:00:00.000000000,0.738,0.38,0.0,0.0,0.3235504614701334,0.0
111024,2025-03-16T02:00:00.000000000,0.7,0.344,0.0,0.0,0.0,0.0
111024,2025-03-16T03:00:00.000000000,0.704,0.349,0.0,0.0,0.32355046147013333,0.0
111024,2025-03-16T04:00:00.000000000,0.702,0.35,0.0,0.0,0.0,0.0
111024,2025-03-16T05:00:00.000000000,0.7689999999999999,0.40599999999999997,0.0,0.0,0.9691860290595389,0.0
111024,2025-03-16T06:00:00.000000000,0.839,0.391,0.0,0.0,0.9768058768840167,0.0
111024,2025-03-16T07:00:00.000000000,0.748,0.30000000000000004,0.0,0.0,1.2147795858638613,0.0
111024,2025-03-16T08:00:00.000000000,0.605,0.109,0.0,0.005,1.2218132915479947,0.0
111024,2025-03-16T09:00:00.000000000,0.536,0.047,0.0,0.002,0.6939922941678223,0.0
111024,2025-03-16T10:00:00.000000000,0.486,0.011,0.0,0.005,0.34377236531201666,0.0
111024,2025-03-16T11:00:00.000000000,0.968,0.0,0.0,0.049,0.33322180678581664,0.0
111024,2025-03-16T12:00:00.000000000,0.646,0.0,0.0,0.05199999999999999,0.6980952891502332,0.0
111024,2025-03-16T13:00:00.000000000,0.5,0.0,0.0,0.032,0.7104042740974666,0.0
111024,2025-03-16T14:00:00.000000000,0.487,0.0,0.0,0.013000000000000001,1.1286166912332276,0.0
111024,2025-03-16T15:00:00.000000000,0.652,0.0,0.0,0.014000000000000002,0.34377236531201666,0.0
111024,2025-03-16T16:00:00.000000000,0.899,0.0,0.0,0.012,1.1927992556009444,0.0
111024,2025-03-16T17:00:00.000000000,1.14,0.07300000000000001,0.0,0.0,1.1374088233383943,0.0
111024,2025-03-16T18:00:00.000000000,0.959,0.079,0.0,0.0,1.4172916953528667,0.0
111024,2025-03-16T19:00:00.000000000,1.0150000000000001,0.136,0.0,0.0,1.5122467220886668,0.0
111024,2025-03-16T20:00:00.000000000,0.9039999999999999,0.236,0.0,0.0,0.6767011010276611,0.0
111024,2025-03-16T21:00:00.000000000,0.7410000000000001,0.30200000000000005,0.0,0.0,0.3434792942418444,0.0
111024,2025-03-16T22:00:00.000000000,0.7189999999999999,0.345,0.0,0.0,0.13070969729681112,0.0
111024,2025-03-16T23:00:00.000000000,0.782,0.418,0.0,0.0,0.5363200584151666,0.0
111024,2025-03-17T00:00:00.000000000,0.86,0.499,0.0,0.0,0.0,0.0
111024,2025-03-17T01:00:00.000000000,0.895,0.536,0.0,0.0,0.32355046147013333,0.0
111024,2025-03-17T02:00:00.000000000,0.91,0.553,0.0,0.0,0.0,0.0
111024,2025-03-17T03:00:00.000000000,1.039,0.6809999999999999,0.0,0.0,0.3235504614701334,0.0
111024,2025-03-17T04:00:00.000000000,1.3850000000000002,1.016,0.0,0.0,0.0,0.0
111024,2025-03-17T05:00:00.000000000,1.5740000000000003,1.185,0.0,0.0,0.3235504614701334,0.0
111024,2025-03-17T06:00:00.000000000,1.647,1.2309999999999999,0.0,0.0,0.7669669906407055,0.0
111024,2025-03-17T07:00:00.000000000,1.731,1.198,0.0,0.0,0.7625709245881223,0.0
111024,2025-03-17T08:00:00.000000000,1.8690000000000002,1.2409999999999999,0.0,0.0,1.6177523073506668,0.0
111024,2025-03-17T09:00:00.000000000,2.241,1.4299999999999997,0.0,0.0,1.9852634293466331,0.0
111024,2025-03-17T10:00:00.000000000,1.9840000000000002,1.37,0.0,0.0,0.6948715073783389,0.0
111024,2025-03-17T11:00:00.000000000,1.952,1.3390000000000002,0.0,0.0,1.681641800648211,0.0
111024,2025-03-17T12:00:00.000000000,1.96,1.4339999999999997,0.0,0.0,0.6901823702555834,0.0
111024,2025-03-17T13:00:00.000000000,1.9389999999999998,1.415,0.0,0.0,0.715972624430739,0.0
111024,2025-03-17T14:00:00.000000000,1.9369999999999998,1.2,0.0,0.0,1.1690604989169944,0.0
111024,2025-03-17T15:00:00.000000000,1.974,1.3210000000000002,0.0,0.0,1.6069086777542945,0.0
111024,2025-03-17T16:00:00.000000000,1.9669999999999999,1.443,0.0,0.0,1.2607917438809,0.0
111024,2025-03-17T17:00:00.000000000,2.041,1.4729999999999999,0.0,0.0,2.3518953381320835,0.0
111024,2025-03-17T18:00:00.000000000,1.705,0.982,0.0,0.0,2.5649580061472887,0.0
111024,2025-03-17T19:00:00.000000000,1.845,1.183,0.0,0.0,1.3929667965285724,0.0
111024,2025-03-17T20:00:00.000000000,2.0229999999999997,1.189,0.0,0.0,0.3235504614701334,0.0
111024,2025-03-17T21:00:00.000000000,1.8820000000000001,1.221,0.0,0.0,0.0,0.0
111024,2025-03-17T22:00:00.000000000,1.742,1.274,0.0,0.0,0.7124557715886722,0.0
111024,2025-03-17T23:00:00.000000000,1.758,1.3370000000000002,0.0,0.0,0.747624300009339,0.0
111024,2025-03-18T00:00:00.000000000,1.82,1.4249999999999998,0.0,0.0,0.33498023320685005,0.0
111024,2025-03-18T01:00:00.000000000,1.92,1.5350000000000001,0.0,0.0,0.0,0.0
111024,2025-03-18T02:00:00.000000000,1.954,1.5710000000000002,0.0,0.0,0.3235504614701334,0.0
111024,2025-03-18T03:00:00.000000000,1.9849999999999999,1.604,0.0,0.0,0.3434792942418444,0.0
111024,2025-03-18T04:00:00.000000000,2.032,1.65,0.0,0.0,0.0,0.0
111024,2025-03-18T05:00:00.000000000,2.2369999999999997,1.835,0.0,0.0,0.3235504614701334,0.0
111024,2025-03-18T06:00:00.000000000,2.2929999999999997,1.864,0.0,0.0,1.7003983491392334,0.0
111024,2025-03-18T07:00:00.000000000,2.308,1.7930000000000001,0.0,0.0,0.7616917113776056,0.0
111024,2025-03-18T08:00:00.000000000,2.177,1.661,0.0,0.0,0.8897637690428667,0.0
111024,2025-03-18T09:00:00.000000000,2.0340000000000003,1.52,0.0,0.0,0.4070757164692167,0.0
111024,2025-03-18T10:00:00.000000000,1.96,1.4649999999999999,0.0,0.0,0.3235504614701334,0.0
111024,2025-03-18T11:00:00.000000000,1.769,1.2790000000000001,0.0,0.0,1.1784387731625054,0.0
111024,2025-03-18T12:00:00.000000000,1.6720000000000002,1.1,0.0,0.0,0.6945784363081667,0.0
111024,2025-03-18T13:00:00.000000000,1.529,1.0190000000000001,0.0,0.0,3.0315271498614664,0.0
111024,2025-03-18T14:00:00.000000000,1.42,0.939,0.0,0.0,0.3434792942418444,0.0
111024,2025-03-18T15:00:00.000000000,1.338,0.835,0.0,0.0,0.3235504614701334,0.0
111024,2025-03-18T16:00:00.000000000,1.342,0.7930000000000001,0.0,0.0,1.053590497269139,0.0
111024,2025-03-18T17:00:00.000000000,1.807,1.0070000000000001,0.0,0.0,0.3434792942418444,0.0
111024,2025-03-18T18:00:00.000000000,1.836,0.946,0.0,0.0,2.1042502838365555,0.0
111024,2025-03-18T19:00:00.000000000,1.989,0.923,0.0,0.0,1.0450914362341444,0.0
111024,2025-03-18T20:00:00.000000000,2.105,1.112,0.0,0.0,1.9008589611370335,0.0
111024,2025-03-18T21:00:00.000000000,2.113,1.418,0.0,0.0,1.2376391293372944,0.0
111024,2025-03-18T22:00:00.000000000,1.947,1.443,0.0,0.0,0.3235504614701334,0.0
111024,2025-03-18T23:00:00.000000000,1.6449999999999998,1.228,0.0,0.0,0.3434792942418444,0.0
111024,2025-03-19T00:00:00.000000000,1.775,1.384,0.0,0.0,0.0,0.0
111024,2025-03-19T01:00:00.000000000,2.037,1.648,0.0,0.0,0.3235504614701334,0.0
111024,2025-03-19T02:00:00.000000000,2.0570000000000004,1.671,0.0,0.0,0.0,0.0
111024,2025-03-19T03:00:00.000000000,1.9829999999999999,1.5990000000000002,0.0,0.0,0.71480034015005,0.0
111024,2025-03-19T04:00:00.000000000,1.831,1.414,0.0,0.0,2.7619017653030227,0.0
111024,2025-03-19T05:00:00.000000000,1.8499999999999999,1.325,0.0,0.0,1.884740052277561,0.0
111024,2025-03-19T06:00:00.000000000,1.852,1.169,0.0,0.0,1.1916269713202556,0.0
111024,2025-03-19T07:00:00.000000000,1.6320000000000001,1.002,0.0,0.0,0.8417001135346223,0.0
111024,2025-03-19T08:00:00.000000000,1.444,0.952,0.0,0.0,0.36663190878545,0.0
111024,2025-03-19T09:00:00.000000000,1.263,0.784,0.0,0.0,1.2388114136179835,0.0
111024,2025-03-19T10:00:00.000000000,1.204,0.7310000000000001,0.0,0.0,0.3434792942418444,0.0
111024,2025-03-19T11:00:00.000000000,1.203,0.7290000000000001,0.0,0.0,0.6869585884836888,0.0
111024,2025-03-19T12:00:00.000000000,1.14,0.669,0.0,0.0,0.9636176787262667,0.0
111024,2025-03-19T13:00:00.000000000,1.0990000000000002,0.629,0.0,0.0,0.44781259522315553,0.0
111024,2025-03-19T14:00:00.000000000,1.07,0.596,0.0,0.0,0.0,0.0
111024,2025-03-19T15:00:00.000000000,0.957,0.5680000000000001,0.0,0.0,0.3434792942418444,0.0
111024,2025-03-19T16:00:00.000000000,0.974,0.5589999999999999,0.0,0.0,1.4284283960194113,0.0
111024,2025-03-19T17:00:00.000000000,1.419,0.629,0.0,0.0,1.4946624578783334,0.0
111024,2025-03-19T18:00:00.000000000,1.512,0.628,0.0,0.0,1.0524182129884498,0.0
111024,2025-03-19T19:00:00.000000000,1.5190000000000001,0.64,0.0,0.0,1.1863516920571555,0.0
111024,2025-03-19T20:00:00.000000000,1.416,0.7450000000000001,0.0,0.0,0.0,0.0
111024,2025-03-19T21:00:00.000000000,1.358,0.8180000000000001,0.0,0.0,0.3235504614701334,0.0
111024,2025-03-19T22:00:00.000000000,1.3050000000000002,0.862,0.0,0.0,0.8452169663766889,0.0
111024,2025-03-19T23:00:00.000000000,1.303,0.929,0.0,0.0,0.3235504614701334,0.0
111024,2025-03-20T00:00:00.000000000,1.286,0.914,0.0,0.0,0.0,0.0
111024,2025-03-20T01:00:00.000000000,1.254,0.887,0.0,0.0,0.3235504614701334,0.0
111024,2025-03-20T02:00:00.000000000,1.252,0.886,0.0,0.0,0.3235504614701334,0.0
111024,2025-03-20T03:00:00.000000000,1.252,0.889,0.0,0.0,0.0,0.0
111024,2025-03-20T04:00:00.000000000,1.234,0.874,0.0,0.0,0.6948715073783389,0.0
111024,2025-03-20T05:00:00.000000000,1.607,0.879,0.0,0.0,1.2663600942141722,0.0
111024,2025-03-20T06:00:00.000000000,1.642,0.962,0.0,0.0,3.2671562902799334,0.0
111024,2025-03-20T07:00:00.000000000,1.976,1.102,0.0,0.0,5.769397087410367,0.0
111024,2025-03-20T08:00:00.000000000,1.206,0.752,0.0,0.0,0.36047741631183333,0.0
111024,2025-03-20T09:00:00.000000000,1.19,0.712,0.0,0.0,1.961231601592511,0.0
111024,2025-03-20T10:00:00.000000000,1.1489999999999998,0.677,0.0,0.0,0.7238855433253889,0.0
111024,2025-03-20T11:00:00.000000000,1.144,0.672,0.0,0.0,1.2021775298464557,0.0
111024,2025-03-20T12:00:00.000000000,1.16,0.688,0.0,0.0,1.0491944312165558,0.0
111024,2025-03-20T13:00:00.000000000,1.206,0.7329999999999999,0.0,0.0,0.3235504614701334,0.0
111024,2025-03-20T14:00:00.000000000,1.1829999999999998,0.7050000000000001,0.0,0.0,0.3235504614701334,0.0
111024,2025-03-20T15:00:00.000000000,1.2169999999999999,0.7169999999999999,0.0,0.0,0.0,0.0
111024,2025-03-20T16:00:00.000000000,1.366,0.684,0.0,0.0,0.3434792942418444,0.0
111024,2025-03-20T17:00:00.000000000,1.651,0.7909999999999999,0.0,0.0,1.9837980739957723,0.0
111024,2025-03-20T18:00:00.000000000,1.6219999999999999,0.7360000000000001,0.0,0.0,0.6951645784485111,0.0
111024,2025-03-20T19:00:00.000000000,1.5630000000000002,0.6819999999999999,0.0,0.0,0.3258950300315111,0.0
111024,2025-03-20T20:00:00.000000000,1.4659999999999997,0.7430000000000001,0.0,0.0,0.7098181319571222,0.0
111024,2025-03-20T21:00:00.000000000,1.261,0.813,0.0,0.0,1.0565212079708612,0.0
111024,2025-03-20T22:00:00.000000000,1.231,0.847,0.0,0.0,0.3434792942418444,0.0
111024,2025-03-20T23:00:00.000000000,1.238,0.864,0.0,0.0,0.3235504614701334,0.0
111024,2025-03-21T00:00:00.000000000,1.243,0.873,0.0,0.0,0.0,0.0
111024,2025-03-21T01:00:00.000000000,1.25,0.882,0.0,0.0,0.3235504614701334,0.0
111024,2025-03-21T02:00:00.000000000,1.338,0.968,0.0,0.0,0.0,0.0
111024,2025-03-21T03:00:00.000000000,1.362,0.992,0.0,0.0,0.3235504614701334,0.0
111024,2025-03-21T04:00:00.000000000,1.415,1.04,0.0,0.0,0.0,0.0
111024,2025-03-21T05:00:00.000000000,1.5759999999999998,1.099,0.0,0.0,0.4346243970654056,0.0
111024,2025-03-21T06:00:00.000000000,1.462,0.843,0.0,0.0,1.2232786468988557,0.0
111024,2025-03-21T07:00:00.000000000,1.369,0.938,0.0,0.0,0.062424137946683333,0.0
111024,2025-03-21T08:00:00.000000000,1.369,0.877,0.0,0.0,0.3235504614701334,0.0
111024,2025-03-21T09:00:00.000000000,1.387,0.87,0.0,0.0,0.7353153150621055,0.0
111024,2025-03-21T10:00:00.000000000,1.4649999999999999,0.865,0.0,0.0,1.1766803467414724,0.0
111024,2025-03-21T11:00:00.000000000,1.357,0.726,0.0,0.0,1.4325313910018223,0.0
111024,2025-03-21T12:00:00.000000000,1.396,0.8019999999999999,0.0,0.0,0.3235504614701334,0.0
111024,2025-03-21T13:00:00.000000000,1.3850000000000002,0.821,0.0,0.0,0.70952506088695,0.0
111024,2025-03-21T14:00:00.000000000,1.371,0.86,0.0,0.0,0.3434792942418444,0.0
111024,2025-03-21T15:00:00.000000000,1.549,0.9339999999999999,0.0,0.0,0.811220722236711,0.0
111024,2025-03-21T16:00:00.000000000,1.8039999999999998,0.833,0.0,0.0,1.1860586209869832,0.0
111024,2025-03-21T17:00:00.000000000,2.122,1.001,0.0,0.0,1.9679722362064722,0.0
111024,2025-03-21T18:00:00.000000000,1.723,1.0150000000000001,0.0,0.0,3.0159943831423393,0.0
111024,2025-03-21T19:00:00.000000000,1.7269999999999999,0.8999999999999999,0.0,0.0,0.3434792942418444,0.0
111024,2025-03-21T20:00:00.000000000,1.585,0.905,0.0,0.0,0.7329707465007278,0.0
111024,2025-03-21T21:00:00.000000000,1.459,1.004,0.0,0.0,1.5254349202464168,0.0
111024,2025-03-21T22:00:00.000000000,1.4059999999999997,1.014,0.0,0.0,0.0,0.0
111024,2025-03-21T23:00:00.000000000,1.429,1.05,0.0,0.0,0.3235504614701334,0.0
111024,2025-03-22T00:00:00.000000000,1.4219999999999997,1.044,0.0,0.0,0.3235504614701334,0.0
111024,2025-03-22T01:00:00.000000000,1.3450000000000002,0.972,0.0,0.0,0.0,0.0
111024,2025-03-22T02:00:00.000000000,1.336,0.967,0.0,0.0,0.3235504614701334,0.0
111024,2025-03-22T03:00:00.000000000,1.314,0.945,0.0,0.0,0.3461169338733945,0.0
111024,2025-03-22T04:00:00.000000000,1.3,0.916,0.0,0.0,0.8361317632013501,0.0
111024,2025-03-22T05:00:00.000000000,1.4009999999999998,1.0150000000000001,0.0,0.0,0.3235504614701334,0.0
111024,2025-03-22T06:00:00.000000000,1.401,1.025,0.0,0.0,0.0,0.0
111024,2025-03-22T07:00:00.000000000,1.338,0.966,0.0,0.0,1.1690604989169944,0.0
111024,2025-03-22T08:00:00.000000000,1.3350000000000002,0.873,0.0,0.0,0.3648734823644167,0.0
111024,2025-03-22T09:00:00.000000000,1.29,0.894,0.0,0.0,1.5386231184041668,0.0
111024,2025-03-22T10:00:00.000000000,1.163,0.73,0.0,0.0,0.5181496520644889,0.0
111024,2025-03-22T11:00:00.000000000,1.0230000000000001,0.612,0.0,0.0,0.3235504614701334,0.0
111024,2025-03-22T12:00:00.000000000,1.021,0.58,0.0,0.0,0.9750474504629834,0.0
111024,2025-03-22T13:00:00.000000000,1.025,0.556,0.0,0.0,0.6409464304666499,0.0
111024,2025-03-22T14:00:00.000000000,1.0790000000000002,0.46499999999999997,0.0,0.0,0.8417001135346223,0.0
111024,2025-03-22T15:00:00.000000000,1.058,0.494,0.0,0.0,0.0,0.0
111024,2025-03-22T16:00:00.000000000,1.099,0.555,0.0,0.0,0.3235504614701334,0.0
111024,2025-03-22T17:00:00.000000000,1.446,0.687,0.0,0.0,2.760729481022333,0.0
111024,2025-03-22T18:00:00.000000000,1.458,0.545,0.0,0.0,1.671970455332528,0.0
111024,2025-03-22T19:00:00.000000000,1.519,0.638,0.0,0.0,0.34758228922425555,0.0
111024,2025-03-22T20:00:00.000000000,1.5350000000000001,0.7110000000000001,0.0,0.0,0.6429979279578556,0.0
111024,2025-03-22T21:00:00.000000000,1.26,0.8119999999999999,0.0,0.0,2.3231743732552053,0.0
111024,2025-03-22T22:00:00.000000000,1.212,0.83,0.0,0.0,0.7317984622200389,0.0
111024,2025-03-22T23:00:00.000000000,1.238,0.843,0.0,0.0,0.6898892991854111,0.0
111024,2025-03-23T00:00:00.000000000,1.314,0.9420000000000001,0.0,0.0,0.0,0.0
111024,2025-03-23T01:00:00.000000000,1.4500000000000002,1.076,0.0,0.0,0.3235504614701334,0.0
111024,2025-03-23T02:00:00.000000000,1.486,1.112,0.0,0.0,0.0,0.0
111024,2025-03-23T03:00:00.000000000,1.4819999999999998,1.111,0.0,0.0,0.6793387406592112,0.0
111024,2025-03-23T04:00:00.000000000,1.5550000000000002,1.1649999999999998,0.0,0.0,0.0,0.0
111024,2025-03-23T05:00:00.000000000,1.683,1.27,0.0,0.0,0.3235504614701334,0.0
111024,2025-03-23T06:00:00.000000000,1.5070000000000001,1.101,0.0,0.0,0.0,0.0
111024,2025-03-23T07:00:00.000000000,1.286,0.798,0.0,0.0,0.3235504614701334,0.0
111024,2025-03-23T08:00:00.000000000,0.8869999999999999,0.529,0.0,0.0,0.78337897057035,0.0
111024,2025-03-23T09:00:00.000000000,0.734,0.38000000000000006,0.0,0.0,0.3660457666451056,0.0
111024,2025-03-23T10:00:00.000000000,0.624,0.274,0.0,0.0,0.3235504614701334,0.0
111024,2025-03-23T11:00:00.000000000,0.607,0.13799999999999998,0.0,0.007,0.9899940750417667,0.0
111024,2025-03-23T12:00:00.000000000,0.542,0.054,0.0,0.005,0.4070757164692167,0.0
111024,2025-03-23T13:00:00.000000000,0.503,0.034,0.0,0.0,0.3235504614701334,0.0
111024,2025-03-23T14:00:00.000000000,0.486,0.0,0.0,0.012,0.0,0.0
111024,2025-03-23T15:00:00.000000000,0.762,0.0,0.0,0.038000000000000006,1.6212691601927334,0.0
111024,2025-03-23T16:00:00.000000000,0.854,0.0,0.0,0.04,4.414529530004183,0.0
111024,2025-03-23T17:00:00.000000000,1.653,0.037000000000000005,0.0,0.024,4.967261568348994,0.0
111024,2025-03-23T18:00:00.000000000,0.97,0.086,0.0,0.003,1.7094835523145722,0.0
111024,2025-03-23T19:00:00.000000000,0.9369999999999999,0.179,0.0,0.0,0.5152189413627666,0.0
111024,2025-03-23T20:00:00.000000000,0.9749999999999999,0.367,0.0,0.0,2.564078792936772,0.0
111024,2025-03-23T21:00:00.000000000,0.912,0.522,0.0,0.0,0.8431654688854833,0.0
111024,2025-03-23T22:00:00.000000000,0.99,0.615,0.0,0.0,1.4594939294576665,0.0
111024,2025-03-23T23:00:00.000000000,1.124,0.754,0.0,0.0,0.3235504614701333,0.0
111024,2025-03-24T00:00:00.000000000,1.227,0.857,0.0,0.0,0.0,0.0
111024,2025-03-24T01:00:00.000000000,1.323,0.953,0.0,0.0,0.3235504614701334,0.0
111024,2025-03-24T02:00:00.000000000,1.414,1.045,0.0,0.0,0.0,0.0
111024,2025-03-24T03:00:00.000000000,1.4729999999999999,1.102,0.0,0.0,0.3235504614701334,0.0
111024,2025-03-24T04:00:00.000000000,1.585,1.1909999999999998,0.0,0.0,0.0,0.0
111024,2025-03-24T05:00:00.000000000,1.6840000000000002,1.288,0.0,0.0,0.3235504614701334,0.0
111024,2025-03-24T06:00:00.000000000,1.3119999999999998,0.938,0.0,0.0,0.0,0.0
111024,2025-03-24T07:00:00.000000000,1.0430000000000001,0.499,0.0,0.0,1.1716981385485445,0.0
111024,2025-03-24T08:00:00.000000000,0.968,0.36400000000000005,0.0,0.0,2.421646252833072,0.0
111024,2025-03-24T09:00:00.000000000,0.843,0.246,0.0,0.0,1.2757383684596835,0.0
111024,2025-03-24T10:00:00.000000000,0.6900000000000001,0.041,0.0,0.005,2.309106961886939,0.0
111024,2025-03-24T11:00:00.000000000,0.6910000000000001,0.10300000000000001,0.0,0.0,0.3235504614701334,0.0
111024,2025-03-24T12:00:00.000000000,0.672,0.084,0.0,0.0,0.8103415090261945,0.0
111024,2025-03-24T13:00:00.000000000,0.62,0.035,0.0,0.0,1.3566259838272166,0.0
111024,2025-03-24T14:00:00.000000000,0.484,0.0,0.0,0.012,0.32355046147013333,0.0
111024,2025-03-24T15:00:00.000000000,0.41900000000000004,0.0,0.0,0.03,0.3232573903999611,0.0
111024,2025-03-24T16:00:00.000000000,0.5630000000000001,0.0,0.0,0.055999999999999994,0.0,0.0
111024,2025-03-24T17:00:00.000000000,0.694,0.002,0.0,0.017,1.5588450222460501,0.0
111024,2025-03-24T18:00:00.000000000,0.941,0.05500000000000001,0.0,0.007,2.474399045464072,0.0
111024,2025-03-24T19:00:00.000000000,1.521,0.091,0.0,0.0,2.011053683521789,0.0
111024,2025-03-24T20:00:00.000000000,1.24,0.214,0.0,0.0,2.056772770468656,0.0
111024,2025-03-24T21:00:00.000000000,1.15,0.366,0.0,0.0,0.7165587665710833,0.0
111024,2025-03-24T22:00:00.000000000,0.993,0.484,0.0,0.0,0.3434792942418444,0.0
111024,2025-03-24T23:00:00.000000000,0.97,0.5910000000000001,0.0,0.0,1.7601848474543667,0.0
111024,2025-03-25T00:00:00.000000000,1.0150000000000001,0.654,0.0,0.0,0.7276954672376278,0.0
111024,2025-03-25T01:00:00.000000000,1.1260000000000001,0.7619999999999999,0.0,0.0,0.0,0.0
111024,2025-03-25T02:00:00.000000000,1.254,0.889,0.0,0.0,0.3235504614701334,0.0
111024,2025-03-25T03:00:00.000000000,1.316,0.951,0.0,0.0,0.3235504614701334,0.0
111024,2025-03-25T04:00:00.000000000,1.4,1.033,0.0,0.0,0.0,0.0
111024,2025-03-25T05:00:00.000000000,1.5570000000000002,1.171,0.0,0.0,0.3235504614701334,0.0
111024,2025-03-25T06:00:00.000000000,1.471,1.0910000000000002,0.0,0.0,0.3587189898908,0.0
111024,2025-03-25T07:00:00.000000000,1.2289999999999999,0.77,0.0,0.0,0.8071177272543,0.0
111024,2025-03-25T08:00:00.000000000,0.9099999999999999,0.42899999999999994,0.0,0.0,0.7388321679041723,0.0
111024,2025-03-25T09:00:00.000000000,0.811,0.14700000000000002,0.0,0.0,2.9749644333182275,0.0
111024,2025-03-25T10:00:00.000000000,0.736,0.05899999999999999,0.0,0.0,0.11576307271802778,0.0
111024,2025-03-25T11:00:00.000000000,0.595,0.004,0.0,0.003,0.34318622317167224,0.0
111024,2025-03-25T12:00:00.000000000,0.599,0.0,0.0,0.013,0.6863724463433445,0.0
111024,2025-03-25T13:00:00.000000000,0.794,0.0,0.0,0.019,1.1760942046011278,0.0
111024,2025-03-25T14:00:00.000000000,0.899,0.0,0.0,0.020999999999999998,4.2709247056197945,0.0
111024,2025-03-25T15:00:00.000000000,0.915,0.025,0.0,0.002,5.101781189558045,0.0
111024,2025-03-25T16:00:00.000000000,0.7469999999999999,0.03,0.0,0.0,0.7783967623774223,0.0
111024,2025-03-25T17:00:00.000000000,0.9480000000000001,0.11599999999999999,0.0,0.0,0.2872096487687778,0.0
111024,2025-03-25T18:00:00.000000000,1.0230000000000001,0.142,0.0,0.0,2.096630436012078,0.0
111024,2025-03-25T19:00:00.000000000,1.044,0.16899999999999998,0.0,0.0,1.185472478846639,0.0
111024,2025-03-25T20:00:00.000000000,0.824,0.219,0.0,0.0,1.9389582002594223,0.0
111024,2025-03-25T21:00:00.000000000,0.8089999999999999,0.22899999999999998,0.0,0.0,1.1488385950751112,0.0
111024,2025-03-25T22:00:00.000000000,0.661,0.257,0.0,0.0,0.0,0.0
111024,2025-03-25T23:00:00.000000000,0.683,0.321,0.0,0.0,0.3235504614701334,0.0
111024,2025-03-26T00:00:00.000000000,0.7049999999999998,0.346,0.0,0.0,0.0,0.0
111024,2025-03-26T01:00:00.000000000,0.696,0.336,0.0,0.0,0.3235504614701334,0.0
111024,2025-03-26T02:00:00.000000000,0.7,0.344,0.0,0.0,0.0,0.0
111024,2025-03-26T03:00:00.000000000,0.7169999999999999,0.363,0.0,0.0,0.3235504614701334,0.0
111024,2025-03-26T04:00:00.000000000,0.7210000000000001,0.37,0.0,0.0,0.0,0.0
111024,2025-03-26T05:00:00.000000000,0.778,0.415,0.0,0.0,0.702784426272989,0.0
111024,2025-03-26T06:00:00.000000000,0.855,0.40800000000000003,0.0,0.0,1.1552861586189,0.0
111024,2025-03-26T07:00:00.000000000,0.8089999999999999,0.35900000000000004,0.0,0.0,0.3235504614701334,0.0
111024,2025-03-26T08:00:00.000000000,0.7490000000000001,0.268,0.0,0.0,0.0,0.0
111024,2025-03-26T09:00:00.000000000,0.626,0.151,0.0,0.0,0.3235504614701334,0.0
111024,2025-03-26T10:00:00.000000000,0.543,0.074,0.0,0.0,0.9152609521478501,0.0
111024,2025-03-26T11:00:00.000000000,0.487,0.014,0.0,0.004,1.167302072495961,0.0
111024,2025-03-26T12:00:00.000000000,0.494,0.0,0.0,0.023,1.4038104261249444,0.0
111024,2025-03-26T13:00:00.000000000,0.513,0.0,0.0,0.045,0.7200756194131501,0.0
111024,2025-03-26T14:00:00.000000000,0.535,0.0,0.0,0.057999999999999996,0.4542601587669445,0.0
111024,2025-03-26T15:00:00.000000000,0.843,0.0,0.0,0.16499999999999998,2.2214787119054447,0.0
111024,2025-03-26T16:00:00.000000000,0.821,0.0,0.0,0.092,1.0371785173394943,0.0
111024,2025-03-26T17:00:00.000000000,0.866,0.0,0.0,0.03,0.7092319898167778,0.0
111024,2025-03-26T18:00:00.000000000,0.896,0.0,0.0,0.014000000000000002,0.71480034015005,0.0
111024,2025-03-26T19:00:00.000000000,0.899,0.019000000000000003,0.0,0.001,0.6444632833087167,0.0
111024,2025-03-26T20:00:00.000000000,0.913,0.094,0.0,0.0,0.7159726244307388,0.0
111024,2025-03-26T21:00:00.000000000,0.6940000000000001,0.204,0.0,0.0,0.0,0.0
111024,2025-03-26T22:00:00.000000000,0.6659999999999999,0.29200000000000004,0.0,0.0,3.2554334474730444,0.0
111024,2025-03-26T23:00:00.000000000,0.7049999999999998,0.319,0.0,0.0,0.34494464959270554,0.0
111024,2025-03-27T00:00:00.000000000,0.7270000000000001,0.367,0.0,0.0,0.0,0.0
111024,2025-03-27T01:00:00.000000000,0.7879999999999999,0.43,0.0,0.0,0.6972160759397167,0.0
111024,2025-03-27T02:00:00.000000000,0.86,0.503,0.0,0.0,0.0,0.0
111024,2025-03-27T03:00:00.000000000,1.18,0.559,0.0,0.0,0.6561861261156057,0.0
111024,2025-03-27T04:00:00.000000000,1.42,0.7450000000000001,0.0,0.0,0.3335148778559889,0.0
111024,2025-03-27T05:00:00.000000000,1.303,0.758,0.0,0.0,1.07351933004085,0.0
111024,2025-03-27T06:00:00.000000000,1.322,0.7390000000000001,0.0,0.0,0.3235504614701334,0.0
111024,2025-03-27T07:00:00.000000000,1.0570000000000002,0.487,0.0,0.0,0.7640362799389833,0.0
111024,2025-03-27T08:00:00.000000000,0.7989999999999999,0.318,0.0,0.0,0.0,0.0
111024,2025-03-27T09:00:00.000000000,0.643,0.169,0.0,0.0,0.59346891709875,0.0
111024,2025-03-27T10:00:00.000000000,0.537,0.067,0.0,0.0,0.7778106202370778,0.0
111024,2025-03-27T11:00:00.000000000,0.505,0.036000000000000004,0.0,0.0,1.5348131944919279,0.0
111024,2025-03-27T12:00:00.000000000,0.399,0.018000000000000002,0.0,0.0,0.0,0.0
111024,2025-03-27T13:00:00.000000000,0.355,0.002,0.0,0.001,0.34318622317167224,0.0
111024,2025-03-27T14:00:00.000000000,0.366,0.0,0.0,0.016,0.6863724463433445,0.0
111024,2025-03-27T15:00:00.000000000,0.497,0.0,0.0,0.034,0.7824997573598333,0.0
111024,2025-03-27T16:00:00.000000000,0.5680000000000001,0.0,0.0,0.026,0.34318622317167224,0.0
111024,2025-03-27T17:00:00.000000000,0.885,0.040999999999999995,0.0,0.019,1.07351933004085,0.0
111024,2025-03-27T18:00:00.000000000,0.975,0.095,0.0,0.0,0.3235504614701334,0.0
111024,2025-03-27T19:00:00.000000000,1.1159999999999999,0.11499999999999999,0.0,0.0,0.816202930429639,0.0
111024,2025-03-27T20:00:00.000000000,0.991,0.173,0.0,0.0,1.4603731426681834,0.0
111024,2025-03-27T21:00:00.000000000,0.778,0.16599999999999998,0.0,0.0,0.33263566464547223,0.0
111024,2025-03-27T22:00:00.000000000,0.637,0.20099999999999998,0.0,0.0,1.930459139224428,0.0
111024,2025-03-27T23:00:00.000000000,0.557,0.194,0.0,0.0,0.7089389187466055,0.0
111024,2025-03-28T00:00:00.000000000,0.553,0.192,0.0,0.0,0.0,0.0
111024,2025-03-28T01:00:00.000000000,0.556,0.198,0.0,0.0,0.3235504614701334,0.0
111024,2025-03-28T02:00:00.000000000,0.571,0.215,0.0,0.0,0.0,0.0
111024,2025-03-28T03:00:00.000000000,0.592,0.237,0.0,0.0,0.3235504614701334,0.0
111024,2025-03-28T04:00:00.000000000,0.622,0.272,0.0,0.0,0.0,0.0
111024,2025-03-28T05:00:00.000000000,0.736,0.31,0.0,0.0,2.470002979411489,0.0
111024,2025-03-28T06:00:00.000000000,0.651,0.292,0.0,0.0,0.0,0.0
111024,2025-03-28T07:00:00.000000000,0.7050000000000001,0.23800000000000002,0.0,0.0,0.8417001135346223,0.0
111024,2025-03-28T08:00:00.000000000,0.72,0.239,0.0,0.0,0.0,0.0
111024,2025-03-28T09:00:00.000000000,0.677,0.203,0.0,0.0,1.1397533918997722,0.0
111024,2025-03-28T10:00:00.000000000,0.602,0.221,0.0,0.0,0.34318622317167224,0.0
111024,2025-03-28T11:00:00.000000000,0.655,0.149,0.0,0.0,2.370358815552933,0.0
111024,2025-03-28T12:00:00.000000000,0.784,0.196,0.0,0.0,0.8021355190613721,0.0
111024,2025-03-28T13:00:00.000000000,0.7149999999999999,0.217,0.0,0.0,1.0899313099704946,0.0
111024,2025-03-28T14:00:00.000000000,0.7229999999999999,0.25,0.0,0.0,0.3235504614701334,0.0
111024,2025-03-28T15:00:00.000000000,0.6990000000000001,0.204,0.0,0.0,0.34318622317167224,0.0
111024,2025-03-28T16:00:00.000000000,0.6789999999999998,0.136,0.0,0.0,0.0,0.0
111024,2025-03-28T17:00:00.000000000,1.028,0.179,0.0,0.0,0.6714258217645612,0.0
111024,2025-03-28T18:00:00.000000000,1.272,0.178,0.0,0.0,3.0045646114056224,0.0
111024,2025-03-28T19:00:00.000000000,1.425,0.29300000000000004,0.0,0.0,4.857066845964239,0.0
111024,2025-03-28T20:00:00.000000000,1.9169999999999998,0.394,0.0,0.0,8.068832703981624,0.0
111024,2025-03-28T21:00:00.000000000,0.958,0.29900000000000004,0.0,0.0,2.1827933306427107,0.0
111024,2025-03-28T22:00:00.000000000,0.808,0.357,0.0,0.0,1.1837140524256056,0.0
111024,2025-03-28T23:00:00.000000000,0.786,0.385,0.0,0.0,0.0,0.0
111024,2025-03-29T00:00:00.000000000,0.772,0.404,0.0,0.0,0.34318622317167224,0.0
111024,2025-03-29T01:00:00.000000000,0.776,0.418,0.0,0.0,0.3235504614701334,0.0
111024,2025-03-29T02:00:00.000000000,0.7829999999999999,0.426,0.0,0.0,0.0,0.0
111024,2025-03-29T03:00:00.000000000,0.7830000000000001,0.427,0.0,0.0,0.715972624430739,0.0
111024,2025-03-29T04:00:00.000000000,0.814,0.428,0.0,0.0,0.3235504614701334,0.0
111024,2025-03-29T05:00:00.000000000,0.845,0.48,0.0,0.0,0.0,0.0
111024,2025-03-29T06:00:00.000000000,0.9249999999999999,0.476,0.0,0.0,1.1611475800223445,0.0
111024,2025-03-29T07:00:00.000000000,0.9969999999999999,0.45499999999999996,0.0,0.0,0.34318622317167224,0.0
111024,2025-03-29T08:00:00.000000000,1.067,0.37000000000000005,0.0,0.0,0.6978022180800612,0.0
111024,2025-03-29T09:00:00.000000000,1.143,0.29000000000000004,0.0,0.0,5.3333073349941,0.0
111024,2025-03-29T10:00:00.000000000,0.604,0.134,0.0,0.0,0.0,0.0
111024,2025-03-29T11:00:00.000000000,0.564,0.093,0.0,0.0,0.3235504614701334,0.0
111024,2025-03-29T12:00:00.000000000,0.482,0.101,0.0,0.0,0.6693743242733556,0.0
111024,2025-03-29T13:00:00.000000000,0.451,0.1,0.0,0.0,0.7816205441493166,0.0
111024,2025-03-29T14:00:00.000000000,0.5780000000000001,0.133,0.0,0.0,0.34318622317167224,0.0
111024,2025-03-29T15:00:00.000000000,0.7030000000000001,0.177,0.0,0.0,1.0518320708481057,0.0
111024,2025-03-29T16:00:00.000000000,0.8220000000000001,0.17,0.0,0.0,0.88360927656925,0.0
111024,2025-03-29T17:00:00.000000000,0.9750000000000001,0.30000000000000004,0.0,0.0,0.3235504614701334,0.0
111024,2025-03-29T18:00:00.000000000,1.0990000000000002,0.176,0.0,0.0,1.5649995147196667,0.0
111024,2025-03-29T19:00:00.000000000,1.026,0.07100000000000001,0.0,0.0,4.6738974271066,0.0
111024,2025-03-29T20:00:00.000000000,1.214,0.23199999999999998,0.0,0.0,3.027717225949228,0.0
111024,2025-03-29T21:00:00.000000000,0.981,0.33699999999999997,0.0,0.0,0.34318622317167224,0.0
111024,2025-03-29T22:00:00.000000000,0.7970000000000002,0.392,0.0,0.0,0.0,0.0
111024,2025-03-29T23:00:00.000000000,0.792,0.428,0.0,0.0,0.3235504614701334,0.0
111024,2025-03-30T00:00:00.000000000,0.7830000000000001,0.422,0.0,0.0,0.0,0.0
111024,2025-03-30T01:00:00.000000000,0.7869999999999999,0.427,0.0,0.0,0.3235504614701334,0.0
111024,2025-03-30T02:00:00.000000000,0.805,0.448,0.0,0.0,0.0,0.0
111024,2025-03-30T03:00:00.000000000,0.87,0.515,0.0,0.0,0.3235504614701334,0.0
111024,2025-03-30T04:00:00.000000000,0.871,0.52,0.0,0.0,0.7487965842900278,0.0
111024,2025-03-30T05:00:00.000000000,1.103,0.612,0.0,0.0,0.0,0.0
111024,2025-03-30T06:00:00.000000000,1.022,0.529,0.0,0.0,0.43462439706540557,0.0
111024,2025-03-30T07:00:00.000000000,1.059,0.242,0.0,0.0,3.030354865580778,0.0
111024,2025-03-30T08:00:00.000000000,1.0579999999999998,0.099,0.0,0.0,2.9260215645994667,0.0
111024,2025-03-30T09:00:00.000000000,1.0470000000000002,0.19399999999999998,0.0,0.0,1.8478130974358609,0.0
111024,2025-03-30T10:00:00.000000000,1.0250000000000001,0.181,0.0,0.0,4.408375037530567,0.0
111024,2025-03-30T11:00:00.000000000,0.8049999999999999,0.124,0.0,0.0,2.701822195917717,0.0
111024,2025-03-30T12:00:00.000000000,0.526,0.14400000000000002,0.0,0.0,1.2464312614424613,0.0
111024,2025-03-30T13:00:00.000000000,0.5760000000000001,0.137,0.0,0.0,1.0275071720238111,0.0
111024,2025-03-30T14:00:00.000000000,0.702,0.136,0.0,0.0,2.1634506400113445,0.0
111024,2025-03-30T15:00:00.000000000,0.663,0.137,0.0,0.0,0.0,0.0
111024,2025-03-30T16:00:00.000000000,0.7879999999999999,0.11099999999999999,0.0,0.0,1.1060502188299668,0.0
111024,2025-03-30T17:00:00.000000000,1.018,0.184,0.0,0.0,0.36575269557493334,0.0
111024,2025-03-30T18:00:00.000000000,0.868,0.23099999999999998,0.0,0.0,1.1634921485837224,0.0
111024,2025-03-30T19:00:00.000000000,0.885,0.25,0.0,0.0,0.34318622317167224,0.0
111024,2025-03-30T20:00:00.000000000,0.776,0.319,0.0,0.0,0.71480034015005,0.0
111024,2025-03-30T21:00:00.000000000,0.7490000000000001,0.36,0.0,0.0,0.6471009229402668,0.0
111024,2025-03-30T22:00:00.000000000,0.752,0.376,0.0,0.0,0.7288677515183166,0.0
111024,2025-03-30T23:00:00.000000000,0.7690000000000001,0.39,0.0,0.0,0.3563744213294222,0.0
111024,2025-03-31T00:00:00.000000000,0.7569999999999999,0.396,0.0,0.0,0.3235504614701334,0.0
111024,2025-03-31T01:00:00.000000000,0.7789999999999999,0.421,0.0,0.0,0.0,0.0
111024,2025-03-31T02:00:00.000000000,0.817,0.46,0.0,0.0,0.7989117372894777,0.0
111024,2025-03-31T03:00:00.000000000,0.907,0.552,0.0,0.0,0.3235504614701334,0.0
111024,2025-03-31T04:00:00.000000000,0.959,0.604,0.0,0.0,0.0,0.0
111024,2025-03-31T05:00:00.000000000,1.095,0.722,0.0,0.0,0.3235504614701334,0.0
111024,2025-03-31T06:00:00.000000000,1.082,0.631,0.0,0.0,0.7948087423070668,0.0
111024,2025-03-31T07:00:00.000000000,0.941,0.45899999999999996,0.0,0.0,0.36194277166269445,0.0
111024,2025-03-31T08:00:00.000000000,0.819,0.337,0.0,0.0,1.0796738225144666,0.0
111024,2025-03-31T09:00:00.000000000,0.7629999999999999,0.19799999999999998,0.0,0.0,0.6980952891502334,0.0
111024,2025-03-31T10:00:00.000000000,0.6920000000000001,0.103,0.0,0.0,0.3235504614701334,0.0
111024,2025-03-31T11:00:00.000000000,0.656,0.069,0.0,0.0,0.36516655343458887,0.0
111024,2025-03-31T12:00:00.000000000,0.742,0.079,0.0,0.0,0.6778733853083501,0.0
111024,2025-03-31T13:00:00.000000000,1.16,0.07800000000000001,0.0,0.0,1.5140051485097,0.0
111024,2025-03-31T14:00:00.000000000,0.6809999999999998,0.08499999999999999,0.0,0.0,0.36545962450476116,0.0
111024,2025-03-31T15:00:00.000000000,0.702,0.068,0.0,0.0,0.7098181319571222,0.0
111024,2025-03-31T16:00:00.000000000,0.768,0.048,0.0,0.005,0.34318622317167224,0.0
111024,2025-03-31T17:00:00.000000000,0.861,0.074,0.0,0.013000000000000001,1.5649995147196667,0.0
111024,2025-03-31T18:00:00.000000000,1.057,0.038,0.0,0.063,2.5646649350771167,0.0
111024,2025-03-31T19:00:00.000000000,0.847,0.048999999999999995,0.0,0.037,3.1036226331238335,0.0
111024,2025-03-31T20:00:00.000000000,0.6989999999999998,0.30600000000000005,0.0,0.0,1.0966719445844557,0.0
111024,2025-03-31T21:00:00.000000000,0.912,0.382,0.0,0.0,0.0,0.0
111024,2025-03-31T22:00:00.000000000,1.115,0.492,0.0,0.0,1.1242206251806444,0.0
111024,2025-03-31T23:00:00.000000000,0.967,0.5740000000000001,0.0,0.0,1.00494069962055,0.0
111024,2025-04-01T00:00:00.000000000,0.998,0.637,0.0,0.0,0.0,0.0
111024,2025-04-01T01:00:00.000000000,1.097,0.7350000000000001,0.0,0.0,0.3235504614701334,0.0
111024,2025-04-01T02:00:00.000000000,1.194,0.831,0.0,0.0,0.0,0.0
111024,2025-04-01T03:00:00.000000000,1.298,0.9329999999999999,0.0,0.0,0.3235504614701334,0.0
111024,2025-04-01T04:00:00.000000000,1.3960000000000001,1.029,0.0,0.0,0.0,0.0
111024,2025-04-01T05:00:00.000000000,1.6099999999999999,1.164,0.0,0.0,0.6860793752731723,0.0
111024,2025-04-01T06:00:00.000000000,1.438,0.9599999999999999,0.0,0.0,1.7346876643493834,0.0
111024,2025-04-01T07:00:00.000000000,1.029,0.553,0.0,0.0,1.1602683668118279,0.0
111024,2025-04-01T08:00:00.000000000,0.8859999999999999,0.326,0.0,0.0,0.7786898334475945,0.0
111024,2025-04-01T09:00:00.000000000,0.7350000000000001,0.153,0.0,0.0,0.6893031570450667,0.0
111024,2025-04-01T10:00:00.000000000,0.68,0.078,0.0,0.0,2.608039453462606,0.0
111024,2025-04-01T11:00:00.000000000,0.581,0.005,0.0,0.004,1.1139631377246166,0.0
111024,2025-04-01T12:00:00.000000000,0.593,0.0,0.0,0.022,1.1441494579523557,0.0
111024,2025-04-01T13:00:00.000000000,0.6,0.0,0.0,0.034,2.369186531272245,0.0
111024,2025-04-01T14:00:00.000000000,0.774,0.0,0.0,0.054000000000000006,2.2006706659232167,0.0
111024,2025-04-01T15:00:00.000000000,0.77,0.0,0.0,0.065,2.4064065571841167,0.0
111024,2025-04-01T16:00:00.000000000,1.001,0.0,0.0,0.05500000000000001,4.708479813386922,0.0
111024,2025-04-01T17:00:00.000000000,0.7729999999999999,0.005,0.0,0.021,0.6998537155712667,0.0
111024,2025-04-01T18:00:00.000000000,1.1880000000000002,0.026,0.0,0.002,1.114549279864961,0.0
111024,2025-04-01T19:00:00.000000000,0.6859999999999999,0.14100000000000001,0.0,0.0,1.0676579086374056,0.0
111024,2025-04-01T20:00:00.000000000,0.794,0.174,0.0,0.0,0.0,0.0
111024,2025-04-01T21:00:00.000000000,0.79,0.23299999999999998,0.0,0.0,1.0316101670062223,0.0
111024,2025-04-01T22:00:00.000000000,0.7349999999999999,0.281,0.0,0.0,0.3235504614701334,0.0
111024,2025-04-01T23:00:00.000000000,0.7210000000000001,0.34299999999999997,0.0,0.0,0.0,0.0
111024,2025-04-02T00:00:00.000000000,0.752,0.391,0.0,0.0,0.3235504614701334,0.0
111024,2025-04-02T01:00:00.000000000,0.758,0.401,0.0,0.0,0.0,0.0
111024,2025-04-02T02:00:00.000000000,0.772,0.416,0.0,0.0,0.3235504614701334,0.0
111024,2025-04-02T03:00:00.000000000,0.7809999999999999,0.427,0.0,0.0,0.0,0.0
111024,2025-04-02T04:00:00.000000000,0.8119999999999999,0.448,0.0,0.0,2.8964213865120723,0.0
111024,2025-04-02T05:00:00.000000000,0.9269999999999999,0.469,0.0,0.0,0.36545962450476116,0.0
111024,2025-04-02T06:00:00.000000000,0.806,0.42499999999999993,0.0,0.0,0.7112834873079834,0.0
111024,2025-04-02T07:00:00.000000000,0.7390000000000001,0.294,0.0,0.0,0.6986814312905778,0.0
111024,2025-04-02T08:00:00.000000000,0.611,0.13799999999999998,0.0,0.0,1.2036428851973167,0.0
111024,2025-04-02T09:00:00.000000000,0.5820000000000001,0.03,0.0,0.0,1.6599545414554666,0.0
111024,2025-04-02T10:00:00.000000000,0.584,0.005,0.0,0.007,1.432531391001822,0.0
111024,2025-04-02T11:00:00.000000000,0.6439999999999999,0.0,0.0,0.015,1.1113254980930667,0.0
111024,2025-04-02T12:00:00.000000000,0.712,0.0,0.0,0.03,0.685786304203,0.0
111024,2025-04-02T13:00:00.000000000,0.593,0.0,0.0,0.025,0.3235504614701334,0.0
111024,2025-04-02T14:00:00.000000000,0.469,0.0,0.0,0.008,0.0,0.0
111024,2025-04-02T15:00:00.000000000,0.483,0.003,0.0,0.004,0.3428931521015,0.0
111024,2025-04-02T16:00:00.000000000,0.528,0.025,0.0,0.0,1.0286794563045,0.0
111024,2025-04-02T17:00:00.000000000,0.737,0.035,0.0,0.005,0.8463892506573777,0.0
111024,2025-04-02T18:00:00.000000000,1.28,0.075,0.0,0.0,1.1497178082856279,0.0
111024,2025-04-02T19:00:00.000000000,1.006,0.09300000000000001,0.0,0.0,1.1889893316887055,0.0
111024,2025-04-02T20:00:00.000000000,0.941,0.091,0.0,0.0,0.3235504614701334,0.0
111024,2025-04-02T21:00:00.000000000,0.784,0.132,0.0,0.0,0.3235504614701334,0.0
111024,2025-04-02T22:00:00.000000000,0.61,0.154,0.0,0.0,0.3232573903999611,0.0
111024,2025-04-02T23:00:00.000000000,0.536,0.15800000000000003,0.0,0.0,0.0,0.0
111024,2025-04-03T00:00:00.000000000,0.541,0.181,0.0,0.0,0.3235504614701334,0.0
111024,2025-04-03T01:00:00.000000000,0.554,0.196,0.0,0.0,0.3428931521015,0.0
111024,2025-04-03T02:00:00.000000000,0.607,0.251,0.0,0.0,0.0,0.0
111024,2025-04-03T03:00:00.000000000,0.646,0.288,0.0,0.0,0.3235504614701334,0.0
111024,2025-04-03T04:00:00.000000000,0.69,0.298,0.0,0.0,0.0,0.0
111024,2025-04-03T05:00:00.000000000,0.77,0.33999999999999997,0.0,0.0,0.3235504614701334,0.0
111024,2025-04-03T06:00:00.000000000,0.86,0.31,0.0,0.0,0.0,0.0
111024,2025-04-03T07:00:00.000000000,0.7630000000000001,0.317,0.0,0.0,0.3232573903999611,0.0
111024,2025-04-03T08:00:00.000000000,0.774,0.301,0.0,0.0,0.3428931521015,0.0
111024,2025-04-03T09:00:00.000000000,0.7050000000000001,0.239,0.0,0.0,0.685786304203,0.0
111024,2025-04-03T10:00:00.000000000,0.659,0.198,0.0,0.0,0.0,0.0
111024,2025-04-03T11:00:00.000000000,0.626,0.164,0.0,0.0,0.3235504614701334,0.0
111024,2025-04-03T12:00:00.000000000,0.599,0.13399999999999998,0.0,0.0,0.45396708769677224,0.0
111024,2025-04-03T13:00:00.000000000,0.5509999999999999,0.021,0.0,0.02,2.152607010414972,0.0
111024,2025-04-03T14:00:00.000000000,0.559,0.097,0.0,0.0,0.0,0.0
111024,2025-04-03T15:00:00.000000000,0.595,0.122,0.0,0.0,1.59049669782465,0.0
111024,2025-04-03T16:00:00.000000000,0.636,0.132,0.0,0.0,0.9310867899371501,0.0
111024,2025-04-03T17:00:00.000000000,0.893,0.179,0.0,0.0,0.5234249313275889,0.0
111024,2025-04-03T18:00:00.000000000,0.9139999999999999,0.158,0.0,0.0,1.2725145866877887,0.0
111024,2025-04-03T19:00:00.000000000,0.998,0.184,0.0,0.0,0.3235504614701334,0.0
111024,2025-04-03T20:00:00.000000000,1.022,0.22899999999999998,0.0,0.0,1.475905909387311,0.0
111024,2025-04-03T21:00:00.000000000,0.8200000000000001,0.262,0.0,0.0,0.3428931521015,0.0
111024,2025-04-03T22:00:00.000000000,0.742,0.28600000000000003,0.0,0.0,0.3235504614701334,0.0
111024,2025-04-03T23:00:00.000000000,0.7090000000000001,0.31,0.0,0.0,0.8220643518330834,0.0
111024,2025-04-04T00:00:00.000000000,0.7,0.31,0.0,0.0,0.7071804923255722,0.0
111024,2025-04-04T01:00:00.000000000,0.688,0.325,0.0,0.0,0.0,0.0
111024,2025-04-04T02:00:00.000000000,0.687,0.33,0.0,0.0,0.3235504614701334,0.0
111024,2025-04-04T03:00:00.000000000,0.663,0.309,0.0,0.0,2.8360487460565946,0.0
111024,2025-04-04T04:00:00.000000000,0.66,0.289,0.0,0.0,0.4366758945566111,0.0
111024,2025-04-04T05:00:00.000000000,0.8099999999999999,0.299,0.0,0.0,1.0899313099704946,0.0
111024,2025-04-04T06:00:00.000000000,0.776,0.29,0.0,0.0,1.4896802496854056,0.0
111024,2025-04-04T07:00:00.000000000,0.666,0.14999999999999997,0.0,0.0,1.545363753018128,0.0
111024,2025-04-04T08:00:00.000000000,0.663,0.056999999999999995,0.0,0.0,3.806993201537167,0.0
111024,2025-04-04T09:00:00.000000000,0.673,0.005,0.0,0.013000000000000001,2.9072650161084446,0.0
111024,2025-04-04T10:00:00.000000000,0.607,0.024,0.0,0.036000000000000004,1.6661090339290836,0.0
111024,2025-04-04T11:00:00.000000000,0.605,0.088,0.0,0.0,0.3235504614701334,0.0
111024,2025-04-04T12:00:00.000000000,0.533,0.071,0.0,0.0,0.0,0.0
111024,2025-04-04T13:00:00.000000000,0.549,0.061000000000000006,0.0,0.0,2.829894253582978,0.0
111024,2025-04-04T14:00:00.000000000,0.599,0.026000000000000002,0.0,0.0,1.1822486970747446,0.0
111024,2025-04-04T15:00:00.000000000,0.6210000000000001,0.057999999999999996,0.0,0.0,1.529830986299,0.0
111024,2025-04-04T16:00:00.000000000,0.613,0.108,0.0,0.0,0.3795270358730278,0.0
111024,2025-04-04T17:00:00.000000000,0.758,0.19899999999999998,0.0,0.0,0.8797993526570111,0.0
111024,2025-04-04T18:00:00.000000000,0.7609999999999999,0.187,0.0,0.0,0.9155540232180222,0.0
111024,2025-04-04T19:00:00.000000000,0.648,0.211,0.0,0.0,0.8249950625348056,0.0
111024,2025-04-04T20:00:00.000000000,0.6749999999999999,0.22200000000000003,0.0,0.0,0.6664436135716334,0.0
111024,2025-04-04T21:00:00.000000000,0.7330000000000001,0.212,0.0,0.0,0.3648734823644167,0.0
111024,2025-04-04T22:00:00.000000000,0.608,0.23399999999999999,0.0,0.0,0.3232573903999611,0.0
111024,2025-04-04T23:00:00.000000000,0.603,0.24,0.0,0.0,0.0,0.0
111024,2025-04-05T00:00:00.000000000,0.608,0.248,0.0,0.0,0.3235504614701334,0.0
111024,2025-04-05T01:00:00.000000000,0.643,0.28400000000000003,0.0,0.0,0.0,0.0
111024,2025-04-05T02:00:00.000000000,0.6990000000000001,0.34299999999999997,0.0,0.0,0.3235504614701334,0.0
111024,2025-04-05T03:00:00.000000000,0.7489999999999999,0.394,0.0,0.0,0.8628012305870222,0.0
111024,2025-04-05T04:00:00.000000000,0.7849999999999999,0.414,0.0,0.0,1.191040829179911,0.0
111024,2025-04-05T05:00:00.000000000,0.834,0.361,0.0,0.0,1.545363753018128,0.0
111024,2025-04-05T06:00:00.000000000,0.893,0.417,0.0,0.0,1.2021775298464554,0.0
111024,2025-04-05T07:00:00.000000000,1.4500000000000002,0.398,0.0,0.0,1.0972580867247999,0.0
111024,2025-04-05T08:00:00.000000000,0.97,0.381,0.0,0.0,1.1438563868821834,0.0
111024,2025-04-05T09:00:00.000000000,0.938,0.357,0.0,0.0,1.1324266151454667,0.0
111024,2025-04-05T10:00:00.000000000,0.901,0.327,0.0,0.0,2.0432915012407333,0.0
111024,2025-04-05T11:00:00.000000000,0.8240000000000001,0.279,0.0,0.0,0.3428931521015,0.0
111024,2025-04-05T12:00:00.000000000,0.7020000000000001,0.295,0.0,0.0,1.6241998708944556,0.0
111024,2025-04-05T13:00:00.000000000,0.61,0.259,0.0,0.0,0.3428931521015,0.0
111024,2025-04-05T14:00:00.000000000,0.634,0.28300000000000003,0.0,0.0,0.3428931521015,0.0
111024,2025-04-05T15:00:00.000000000,0.7379999999999999,0.26,0.0,0.0,0.8364248342715223,0.0
111024,2025-04-05T16:00:00.000000000,0.7569999999999999,0.253,0.0,0.0,0.7300400357990056,0.0
111024,2025-04-05T17:00:00.000000000,0.904,0.327,0.0,0.0,0.84140704246445,0.0
111024,2025-04-05T18:00:00.000000000,1.065,0.397,0.0,0.0,0.3478753602944278,0.0
111024,2025-04-05T19:00:00.000000000,1.252,0.437,0.0,0.0,0.3428931521015,0.0
111024,2025-04-05T20:00:00.000000000,1.3170000000000002,0.466,0.0,0.0,1.2379322004074667,0.0
111024,2025-04-05T21:00:00.000000000,1.22,0.493,0.0,0.0,0.3235504614701334,0.0
111024,2025-04-05T22:00:00.000000000,0.991,0.534,0.0,0.0,1.5708609361231107,0.0
111024,2025-04-05T23:00:00.000000000,0.9219999999999999,0.541,0.0,0.0,0.3097761211720389,0.0
111024,2025-04-06T00:00:00.000000000,0.925,0.5640000000000001,0.0,0.0,0.3235504614701334,0.0
111024,2025-04-06T01:00:00.000000000,0.946,0.586,0.0,0.0,0.0,0.0
111024,2025-04-06T02:00:00.000000000,0.966,0.608,0.0,0.0,0.3478753602944278,0.0
111024,2025-04-06T03:00:00.000000000,1.005,0.65,0.0,0.0,0.3235504614701334,0.0
111024,2025-04-06T04:00:00.000000000,1.095,0.7330000000000001,0.0,0.0,0.7959810265877556,0.0
111024,2025-04-06T05:00:00.000000000,1.35,0.819,0.0,0.0,0.7139211269395334,0.0
111024,2025-04-06T06:00:00.000000000,1.28,0.666,0.0,0.0,0.6690812532031833,0.0
111024,2025-04-06T07:00:00.000000000,1.2129999999999999,0.563,0.0,0.0,3.0379747134052555,0.0
111024,2025-04-06T08:00:00.000000000,1.09,0.471,0.0,0.0,1.511074437807978,0.0
111024,2025-04-06T09:00:00.000000000,0.9989999999999999,0.442,0.0,0.0,0.8361317632013501,0.0
111024,2025-04-06T10:00:00.000000000,1.05,0.392,0.0,0.0,0.6676158978523223,0.0
111024,2025-04-06T11:00:00.000000000,1.077,0.378,0.0,0.0,5.042287762313084,0.0
111024,2025-04-06T12:00:00.000000000,0.7630000000000001,0.301,0.0,0.0,1.444254233808711,0.0
111024,2025-04-06T13:00:00.000000000,0.7329999999999999,0.272,0.0,0.0,0.6878378016942056,0.0
111024,2025-04-06T14:00:00.000000000,0.594,0.243,0.0,0.0,0.8361317632013501,0.0
111024,2025-04-06T15:00:00.000000000,0.5529999999999999,0.195,0.0,0.0,0.3235504614701334,0.0
111024,2025-04-06T16:00:00.000000000,0.7209999999999999,0.083,0.0,0.0,0.3235504614701334,0.0
111024,2025-04-06T17:00:00.000000000,1.115,0.043,0.0,0.003,1.272514586687789,0.0
111024,2025-04-06T18:00:00.000000000,1.178,0.14400000000000002,0.0,0.0,3.157547710035522,0.0
111024,2025-04-06T19:00:00.000000000,0.968,0.15500000000000003,0.0,0.0,0.3235504614701334,0.0
111024,2025-04-06T20:00:00.000000000,1.061,0.211,0.0,0.0,0.0,0.0
111024,2025-04-06T21:00:00.000000000,0.89,0.274,0.0,0.0,0.3428931521015,0.0
111024,2025-04-06T22:00:00.000000000,0.7429999999999999,0.32999999999999996,0.0,0.0,0.685786304203,0.0
111024,2025-04-06T23:00:00.000000000,0.77,0.40599999999999997,0.0,0.0,1.565292585789839,0.0
111024,2025-04-07T00:00:00.000000000,0.858,0.498,0.0,0.0,0.3232573903999611,0.0
111024,2025-04-07T01:00:00.000000000,0.9,0.542,0.0,0.0,0.0,0.0
111024,2025-04-07T02:00:00.000000000,0.908,0.551,0.0,0.0,1.1807833417238833,0.0
111024,2025-04-07T03:00:00.000000000,0.878,0.523,0.0,0.0,0.3367386596278834,0.0
111024,2025-04-07T04:00:00.000000000,0.892,0.537,0.0,0.0,0.0,0.0
111024,2025-04-07T05:00:00.000000000,0.918,0.55,0.0,0.0,0.3235504614701334,0.0
111024,2025-04-07T06:00:00.000000000,0.829,0.46599999999999997,0.0,0.0,0.0,0.0
111024,2025-04-07T07:00:00.000000000,0.826,0.379,0.0,0.0,1.7212063951214611,0.0
111024,2025-04-07T08:00:00.000000000,0.792,0.231,0.0,0.0,0.2877957909091222,0.0
111024,2025-04-07T09:00:00.000000000,0.682,0.101,0.0,0.0,1.7364460907704167,0.0
111024,2025-04-07T10:00:00.000000000,0.593,0.018000000000000002,0.0,0.001,1.037764659479839,0.0
111024,2025-04-07T11:00:00.000000000,0.46699999999999997,0.0,0.0,0.006,0.0,0.0
111024,2025-04-07T12:00:00.000000000,0.484,0.0,0.0,0.022000000000000002,0.32355046147013333,0.0
111024,2025-04-07T13:00:00.000000000,0.502,0.0,0.0,0.041999999999999996,0.7074735633957445,0.0
111024,2025-04-07T14:00:00.000000000,0.652,0.0,0.0,0.079,0.3426000810313278,0.0
111024,2025-04-07T15:00:00.000000000,0.5920000000000001,0.0,0.0,0.08199999999999999,1.0691232639882666,0.0
111024,2025-04-07T16:00:00.000000000,0.768,0.0,0.0,0.097,3.7768068813094273,0.0
111024,2025-04-07T17:00:00.000000000,0.734,0.0,0.0,0.02,0.7127488426588445,0.0
111024,2025-04-07T18:00:00.000000000,0.7729999999999999,0.003,0.0,0.017,0.3428931521015,0.0
111024,2025-04-07T19:00:00.000000000,0.823,0.009000000000000001,0.0,0.003,0.3648734823644167,0.0
111024,2025-04-07T20:00:00.000000000,1.371,0.07500000000000001,0.0,0.0,1.5289517730884834,0.0
111024,2025-04-07T21:00:00.000000000,0.8759999999999999,0.161,0.0,0.0,0.7572956453250222,0.0
111024,2025-04-07T22:00:00.000000000,0.685,0.247,0.0,0.0,2.018087389205922,0.0
111024,2025-04-07T23:00:00.000000000,0.6819999999999999,0.28300000000000003,0.0,0.0,1.5005238792817777,0.0
111024,2025-04-08T00:00:00.000000000,0.664,0.298,0.0,0.0,0.03663388377152778,0.0
111024,2025-04-08T01:00:00.000000000,0.668,0.31,0.0,0.0,0.3235504614701334,0.0
111024,2025-04-08T02:00:00.000000000,0.634,0.279,0.0,0.0,0.0,0.0
111024,2025-04-08T03:00:00.000000000,0.601,0.248,0.0,0.0,0.3235504614701334,0.0
111024,2025-04-08T04:00:00.000000000,0.597,0.23199999999999998,0.0,0.0,0.0,0.0
111024,2025-04-08T05:00:00.000000000,0.673,0.23199999999999998,0.0,0.0,0.3235504614701334,0.0
111024,2025-04-08T06:00:00.000000000,0.632,0.193,0.0,0.0,0.0,0.0
111024,2025-04-08T07:00:00.000000000,0.482,0.12200000000000001,0.0,0.0,0.3235504614701334,0.0
111024,2025-04-08T08:00:00.000000000,0.388,0.03,0.0,0.0,0.0,0.0
111024,2025-04-08T09:00:00.000000000,0.365,0.0,0.0,0.011,2.0635134050826167,0.0
111024,2025-04-08T10:00:00.000000000,0.42700000000000005,0.0,0.0,0.049,0.6881308727643778,0.0
111024,2025-04-08T11:00:00.000000000,0.412,0.0,0.0,0.061,0.0,0.0
111024,2025-04-08T12:00:00.000000000,0.44,0.0,0.0,0.08800000000000001,0.3235504614701334,0.0
111024,2025-04-08T13:00:00.000000000,0.46199999999999997,0.0,0.0,0.10999999999999999,0.0,0.0
111024,2025-04-08T14:00:00.000000000,0.613,0.0,0.0,0.115,1.5509321033514,0.0
111024,2025-04-08T15:00:00.000000000,0.772,0.0,0.0,0.157,1.2174172254954112,0.0
111024,2025-04-08T16:00:00.000000000,1.306,0.0,0.0,0.213,7.5597682550924725,0.0
111024,2025-04-08T17:00:00.000000000,1.004,0.0,0.0,0.166,2.3363625714129554,0.0
111024,2025-04-08T18:00:00.000000000,0.686,0.0,0.0,0.11399999999999999,0.32618810110168334,0.0
111024,2025-04-08T19:00:00.000000000,0.67,0.0,0.0,0.071,2.0406538616091834,0.0
111024,2025-04-08T20:00:00.000000000,0.722,0.0,0.0,0.045,0.70424978162385,0.0
111024,2025-04-08T21:00:00.000000000,0.395,0.006,0.0,0.003,1.539209260544511,0.0
111024,2025-04-08T22:00:00.000000000,0.387,0.015,0.0,0.0,0.36458041129424446,0.0
111024,2025-04-08T23:00:00.000000000,0.367,0.002,0.0,0.002,0.6963368627292,0.0
111024,2025-04-09T00:00:00.000000000,0.364,0.005,0.0,0.001,0.0,0.0
111024,2025-04-09T01:00:00.000000000,0.386,0.028999999999999998,0.0,0.0,0.3235504614701334,0.0
111024,2025-04-09T02:00:00.000000000,0.412,0.056,0.0,0.0,0.0,0.0
111024,2025-04-09T03:00:00.000000000,0.426,0.07200000000000001,0.0,0.0,0.3235504614701334,0.0
111024,2025-04-09T04:00:00.000000000,0.457,0.086,0.0,0.0,0.0,0.0
111024,2025-04-09T05:00:00.000000000,0.5850000000000001,0.09500000000000001,0.0,0.0,0.3235504614701334,0.0
111024,2025-04-09T06:00:00.000000000,0.589,0.07700000000000001,0.0,0.0,0.0,0.0
111024,2025-04-09T07:00:00.000000000,0.9969999999999999,0.07400000000000001,0.0,0.0,0.6591168368173279,0.0
111024,2025-04-09T08:00:00.000000000,0.959,0.127,0.0,0.0,1.2373460582671223,0.0
111024,2025-04-09T09:00:00.000000000,0.551,0.198,0.0,0.0,0.3235504614701334,0.0
111024,2025-04-09T10:00:00.000000000,0.622,0.272,0.0,0.0,1.1769734178116444,0.0
111024,2025-04-09T11:00:00.000000000,0.636,0.28500000000000003,0.0,0.0,0.3426000810313278,0.0
111024,2025-04-09T12:00:00.000000000,0.679,0.32699999999999996,0.0,0.0,0.3235504614701334,0.0
111024,2025-04-09T13:00:00.000000000,0.778,0.39899999999999997,0.0,0.0,0.0,0.0
111024,2025-04-09T14:00:00.000000000,1.005,0.543,0.0,0.0,0.3235504614701334,0.0
111024,2025-04-09T15:00:00.000000000,1.3980000000000001,0.567,0.0,0.0,1.3747963901778943,0.0
111024,2025-04-09T16:00:00.000000000,1.447,0.6639999999999999,0.0,0.0,2.2200133565545834,0.0
111024,2025-04-09T17:00:00.000000000,2.129,1.032,0.0,0.0,5.593847516377205,0.0
111024,2025-04-09T18:00:00.000000000,1.394,0.637,0.0,0.0,1.5529836008426057,0.0
111024,2025-04-09T19:00:00.000000000,1.424,0.6639999999999999,0.0,0.0,2.9397959048975615,0.0
111024,2025-04-09T20:00:00.000000000,1.3590000000000002,0.732,0.0,0.0,0.8343733367803167,0.0
111024,2025-04-09T21:00:00.000000000,1.1720000000000002,0.7209999999999999,0.0,0.0,0.7077666344659166,0.0
111024,2025-04-09T22:00:00.000000000,1.093,0.716,0.0,0.0,0.6661505425014611,0.0
111024,2025-04-09T23:00:00.000000000,1.074,0.708,0.0,0.0,1.1423910315313224,0.0
111024,2025-04-10T00:00:00.000000000,1.0830000000000002,0.72,0.0,0.0,0.0,0.0
111024,2025-04-10T01:00:00.000000000,1.0470000000000002,0.686,0.0,0.0,0.3235504614701334,0.0
111024,2025-04-10T02:00:00.000000000,1.0110000000000001,0.655,0.0,0.0,0.3235504614701334,0.0
111024,2025-04-10T03:00:00.000000000,1.0430000000000001,0.687,0.0,0.0,0.0,0.0
111024,2025-04-10T04:00:00.000000000,1.04,0.671,0.0,0.0,0.4592423669598722,0.0
111024,2025-04-10T05:00:00.000000000,1.697,0.554,0.0,0.0,2.4864149593411335,0.0
111024,2025-04-10T06:00:00.000000000,1.9069999999999998,0.588,0.0,0.0,0.6822694513609333,0.0
111024,2025-04-10T07:00:00.000000000,1.275,0.582,0.0,0.0,0.0,0.0
111024,2025-04-10T08:00:00.000000000,1.095,0.506,0.0,0.0,0.32355046147013333,0.0
111024,2025-04-10T09:00:00.000000000,0.966,0.41300000000000003,0.0,0.0,1.9119956618035778,0.0
111024,2025-04-10T10:00:00.000000000,1.248,0.336,0.0,0.0,1.5330547680708944,0.0
111024,2025-04-10T11:00:00.000000000,0.796,0.289,0.0,0.0,0.7071804923255722,0.0
111024,2025-04-10T12:00:00.000000000,0.648,0.21200000000000002,0.0,0.0,0.3235504614701334,0.0
111024,2025-04-10T13:00:00.000000000,0.632,0.171,0.0,0.0,1.1763872756713,0.0
111024,2025-04-10T14:00:00.000000000,0.603,0.14100000000000001,0.0,0.0,0.0,0.0
111024,2025-04-10T15:00:00.000000000,0.635,0.155,0.0,0.0,0.798911737289478,0.0
111024,2025-04-10T16:00:00.000000000,0.6300000000000001,0.10900000000000001,0.0,0.003,0.4070757164692167,0.0
111024,2025-04-10T17:00:00.000000000,0.874,0.23500000000000001,0.0,0.0,0.3235504614701334,0.0
111024,2025-04-10T18:00:00.000000000,1.001,0.246,0.0,0.0,0.3426000810313278,0.0
111024,2025-04-10T19:00:00.000000000,1.09,0.275,0.0,0.0,0.6599960500278444,0.0
111024,2025-04-10T20:00:00.000000000,1.017,0.33899999999999997,0.0,0.0,0.8062385140437833,0.0
111024,2025-04-10T21:00:00.000000000,0.9049999999999999,0.42,0.0,0.0,0.6881308727643778,0.0
111024,2025-04-10T22:00:00.000000000,0.861,0.486,0.0,0.0,0.0,0.0
111024,2025-04-10T23:00:00.000000000,0.906,0.541,0.0,0.0,1.1980745348640447,0.0
111024,2025-04-11T00:00:00.000000000,0.969,0.608,0.0,0.0,0.3235504614701334,0.0
111024,2025-04-11T01:00:00.000000000,1.0550000000000002,0.6950000000000001,0.0,0.0,0.3426000810313278,0.0
111024,2025-04-11T02:00:00.000000000,1.108,0.748,0.0,0.0,0.0,0.0
111024,2025-04-11T03:00:00.000000000,1.264,0.901,0.0,0.0,0.3235504614701334,0.0
111024,2025-04-11T04:00:00.000000000,1.3760000000000001,1.012,0.0,0.0,0.7552441478338167,0.0
111024,2025-04-11T05:00:00.000000000,1.5879999999999999,1.088,0.0,0.0,0.9023658250602723,0.0
111024,2025-04-11T06:00:00.000000000,1.4839999999999998,0.8320000000000001,0.0,0.0,1.766925482068328,0.0
111024,2025-04-11T07:00:00.000000000,1.048,0.573,0.0,0.0,0.3235504614701334,0.0
111024,2025-04-11T08:00:00.000000000,0.819,0.46199999999999997,0.0,0.0,0.0,0.0
111024,2025-04-11T09:00:00.000000000,0.73,0.34400000000000003,0.0,0.0,1.2865819980560556,0.0
111024,2025-04-11T10:00:00.000000000,0.602,0.055999999999999994,0.0,0.008,3.276241493455272,0.0
111024,2025-04-11T11:00:00.000000000,0.6419999999999999,0.07200000000000001,0.0,0.007,3.6036018788376447,0.0
111024,2025-04-11T12:00:00.000000000,0.736,0.16399999999999998,0.0,0.0,0.805652371903439,0.0
111024,2025-04-11T13:00:00.000000000,0.685,0.225,0.0,0.0,0.3235504614701334,0.0
111024,2025-04-11T14:00:00.000000000,0.7650000000000001,0.276,0.0,0.0,0.3642873402240723,0.0
111024,2025-04-11T15:00:00.000000000,0.794,0.318,0.0,0.0,0.6661505425014611,0.0
111024,2025-04-11T16:00:00.000000000,0.9279999999999999,0.332,0.0,0.0,1.8879638340494558,0.0
111024,2025-04-11T17:00:00.000000000,1.0799999999999998,0.29000000000000004,0.0,0.0,2.545029173375578,0.0
111024,2025-04-11T18:00:00.000000000,1.2249999999999999,0.41300000000000003,0.0,0.0,1.3985351468618443,0.0
111024,2025-04-11T19:00:00.000000000,1.355,0.438,0.0,0.0,0.3426000810313278,0.0
111024,2025-04-11T20:00:00.000000000,1.2890000000000001,0.497,0.0,0.0,0.0,0.0
111024,2025-04-11T21:00:00.000000000,1.053,0.495,0.0,0.0,0.3235504614701334,0.0
111024,2025-04-11T22:00:00.000000000,0.9109999999999999,0.455,0.0,0.0,0.3426000810313278,0.0
111024,2025-04-11T23:00:00.000000000,0.835,0.458,0.0,0.0,0.3426000810313278,0.0
111024,2025-04-12T00:00:00.000000000,0.808,0.448,0.0,0.0,0.3235504614701334,0.0
111024,2025-04-12T01:00:00.000000000,0.804,0.447,0.0,0.0,0.0,0.0
111024,2025-04-12T02:00:00.000000000,0.8069999999999999,0.451,0.0,0.0,0.7124557715886722,0.0
111024,2025-04-12T03:00:00.000000000,0.8049999999999999,0.451,0.0,0.0,0.0,0.0
111024,2025-04-12T04:00:00.000000000,0.8089999999999999,0.459,0.0,0.0,0.3235504614701334,0.0
111024,2025-04-12T05:00:00.000000000,0.853,0.49,0.0,0.0,0.0,0.0
111024,2025-04-12T06:00:00.000000000,0.855,0.46599999999999997,0.0,0.0,0.7218340458341834,0.0
111024,2025-04-12T07:00:00.000000000,0.971,0.405,0.0,0.0,0.792464173745689,0.0
111024,2025-04-12T08:00:00.000000000,0.915,0.31200000000000006,0.0,0.0,0.4070757164692167,0.0
111024,2025-04-12T09:00:00.000000000,0.897,0.316,0.0,0.0,0.32355046147013333,0.0
111024,2025-04-12T10:00:00.000000000,0.837,0.264,0.0,0.0,0.0,0.0
111024,2025-04-12T11:00:00.000000000,1.022,0.18700000000000003,0.0,0.0,0.6576514814664667,0.0
111024,2025-04-12T12:00:00.000000000,1.347,0.14200000000000002,0.0,0.0,0.40209350827628887,0.0
111024,2025-04-12T13:00:00.000000000,0.642,0.182,0.0,0.0,1.4008797154232222,0.0
111024,2025-04-12T14:00:00.000000000,0.6910000000000001,0.22899999999999998,0.0,0.0,0.3426000810313278,0.0
111024,2025-04-12T15:00:00.000000000,0.942,0.156,0.0,0.0,1.1960230373728389,0.0
111024,2025-04-12T16:00:00.000000000,0.8049999999999999,0.168,0.0,0.0,1.4527532948437056,0.0
111024,2025-04-12T17:00:00.000000000,1.039,0.263,0.0,0.0,1.5506390322812278,0.0
111024,2025-04-12T18:00:00.000000000,1.2040000000000002,0.252,0.0,0.0,2.275989930957478,0.0
111024,2025-04-12T19:00:00.000000000,2.194,0.46900000000000003,0.0,0.0,6.245344505370056,0.0
111024,2025-04-12T20:00:00.000000000,1.2469999999999999,0.394,0.0,0.0,1.1403395340401166,0.0
111024,2025-04-12T21:00:00.000000000,1.156,0.406,0.0,0.0,1.2839443584245056,0.0
111024,2025-04-12T22:00:00.000000000,1.069,0.517,0.0,0.0,1.4392720256157832,0.0
111024,2025-04-12T23:00:00.000000000,1.6820000000000002,0.644,0.0,0.0,1.1614406510925166,0.0
111024,2025-04-13T00:00:00.000000000,1.565,0.7129999999999999,0.0,0.0,0.3235504614701334,0.0
111024,2025-04-13T01:00:00.000000000,1.037,0.609,0.0,0.0,2.643794124023617,0.0
111024,2025-04-13T02:00:00.000000000,1.14,0.7689999999999999,0.0,0.0,1.4753197672469667,0.0
111024,2025-04-13T03:00:00.000000000,1.295,0.9319999999999999,0.0,0.0,0.0,0.0
111024,2025-04-13T04:00:00.000000000,1.456,1.084,0.0,0.0,1.1851794077764668,0.0
111024,2025-04-13T05:00:00.000000000,1.529,1.086,0.0,0.0,0.7502619396408889,0.0
111024,2025-04-13T06:00:00.000000000,1.333,0.736,0.0,0.0,3.3032040319111164,0.0
111024,2025-04-13T07:00:00.000000000,1.1549999999999998,0.40199999999999997,0.0,0.0,2.9008174525646555,0.0
111024,2025-04-13T08:00:00.000000000,1.1159999999999999,0.369,0.0,0.0,4.889304663683184,0.0
111024,2025-04-13T09:00:00.000000000,0.944,0.392,0.0,0.0,1.8985143925756556,0.0
111024,2025-04-13T10:00:00.000000000,0.794,0.333,0.0,0.0,1.2519996117757333,0.0
111024,2025-04-13T11:00:00.000000000,0.725,0.29100000000000004,0.0,0.0,0.8563536670432333,0.0
111024,2025-04-13T12:00:00.000000000,0.647,0.264,0.0,0.0,1.1816625549343998,0.0
111024,2025-04-13T13:00:00.000000000,0.6,0.10600000000000001,0.0,0.003,1.2493619721441835,0.0
111024,2025-04-13T14:00:00.000000000,0.585,0.123,0.0,0.0,0.0,0.0
111024,2025-04-13T15:00:00.000000000,0.551,0.076,0.0,0.0,1.1482524529347666,0.0
111024,2025-04-13T16:00:00.000000000,0.597,0.061,0.0,0.002,0.0,0.0
111024,2025-04-13T17:00:00.000000000,0.871,0.191,0.0,0.0,0.3235504614701334,0.0
111024,2025-04-13T18:00:00.000000000,0.939,0.185,0.0,0.0,0.0,0.0
111024,2025-04-13T19:00:00.000000000,1.079,0.265,0.0,0.0,1.0491944312165555,0.0
111024,2025-04-13T20:00:00.000000000,1.248,0.34099999999999997,0.0,0.0,0.3423070099611556,0.0
111024,2025-04-13T21:00:00.000000000,1.065,0.449,0.0,0.0,1.14737323972425,0.0
111024,2025-04-13T22:00:00.000000000,0.967,0.525,0.0,0.0,0.3235504614701334,0.0
111024,2025-04-13T23:00:00.000000000,0.929,0.558,0.0,0.0,0.6661505425014611,0.0
111024,2025-04-14T00:00:00.000000000,0.953,0.592,0.0,0.0,0.0,0.0
111024,2025-04-14T01:00:00.000000000,0.984,0.625,0.0,0.0,0.3235504614701334,0.0
111024,2025-04-14T02:00:00.000000000,1.062,0.7030000000000001,0.0,0.0,0.0,0.0
111024,2025-04-14T03:00:00.000000000,1.17,0.8099999999999999,0.0,0.0,0.3235504614701334,0.0
111024,2025-04-14T04:00:00.000000000,1.274,0.911,0.0,0.0,0.0,0.0
111024,2025-04-14T05:00:00.000000000,1.4329999999999998,0.977,0.0,0.0,0.8417001135346222,0.0
111024,2025-04-14T06:00:00.000000000,1.2839999999999998,0.809,0.0,0.0,0.0,0.0
111024,2025-04-14T07:00:00.000000000,1.016,0.43600000000000005,0.0,0.0,0.8417001135346222,0.0
111024,2025-04-14T08:00:00.000000000,0.891,0.331,0.0,0.0,0.0,0.0
111024,2025-04-14T09:00:00.000000000,0.7190000000000001,0.251,0.0,0.0,0.3232573903999611,0.0
111024,2025-04-14T10:00:00.000000000,0.676,0.158,0.0,0.0,0.7279885383078,0.0
111024,2025-04-14T11:00:00.000000000,0.649,0.07600000000000001,0.0,0.0,1.1734565649695776,0.0
111024,2025-04-14T12:00:00.000000000,0.635,0.063,0.0,0.0,0.34230700996115554,0.0
111024,2025-04-14T13:00:00.000000000,0.603,0.035,0.0,0.0,0.32325739039996115,0.0
111024,2025-04-14T14:00:00.000000000,0.731,0.012,0.0,0.0,0.34230700996115554,0.0
111024,2025-04-14T15:00:00.000000000,0.77,0.064,0.0,0.0,1.0453845073043166,0.0
111024,2025-04-14T16:00:00.000000000,1.308,0.188,0.0,0.0,7.088216903185367,0.0
111024,2025-04-14T17:00:00.000000000,0.882,0.123,0.0,0.0,1.5629480172284613,0.0
111024,2025-04-14T18:00:00.000000000,1.102,0.04,0.0,0.051,4.403978971477984,0.0
111024,2025-04-14T19:00:00.000000000,1.155,0.088,0.0,0.018000000000000002,2.9462434684413497,0.0
111024,2025-04-14T20:00:00.000000000,1.134,0.175,0.0,0.0,0.6658574714312889,0.0
111024,2025-04-14T21:00:00.000000000,0.979,0.255,0.0,0.0,1.1585099403907944,0.0
111024,2025-04-14T22:00:00.000000000,0.802,0.32599999999999996,0.0,0.0,0.34230700996115554,0.0
111024,2025-04-14T23:00:00.000000000,0.74,0.377,0.0,0.0,0.34230700996115554,0.0
111024,2025-04-15T00:00:00.000000000,0.7509999999999999,0.391,0.0,0.0,0.3235504614701334,0.0
111024,2025-04-15T01:00:00.000000000,0.7430000000000001,0.386,0.0,0.0,0.0,0.0
111024,2025-04-15T02:00:00.000000000,0.76,0.40499999999999997,0.0,0.0,0.32325739039996115,0.0
111024,2025-04-15T03:00:00.000000000,0.7669999999999999,0.41300000000000003,0.0,0.0,0.0,0.0
111024,2025-04-15T04:00:00.000000000,0.754,0.4,0.0,0.0,0.3235504614701334,0.0
111024,2025-04-15T05:00:00.000000000,0.8170000000000001,0.429,0.0,0.0,0.32355046147013333,0.0
111024,2025-04-15T06:00:00.000000000,0.836,0.368,0.0,0.0,1.074984685391711,0.0
111024,2025-04-15T07:00:00.000000000,0.7270000000000001,0.251,0.0,0.0,1.0401092280412167,0.0
111024,2025-04-15T08:00:00.000000000,0.7020000000000001,0.142,0.0,0.0,0.8736448601833944,0.0
111024,2025-04-15T09:00:00.000000000,0.625,0.045,0.0,0.0,1.5424330423164054,0.0
111024,2025-04-15T10:00:00.000000000,0.593,0.0,0.0,0.019,1.238225271477639,0.0
111024,2025-04-15T11:00:00.000000000,0.516,0.0,0.0,0.027,1.2015913877061113,0.0
111024,2025-04-15T12:00:00.000000000,0.55,0.0,0.0,0.033,1.1019472238475556,0.0
111024,2025-04-15T13:00:00.000000000,0.523,0.0,0.0,0.035,0.3639942691539,0.0
111024,2025-04-15T14:00:00.000000000,0.503,0.0,0.0,0.04,0.3235504614701334,0.0
111024,2025-04-15T15:00:00.000000000,0.644,0.0,0.0,0.051000000000000004,0.6846140199223111,0.0
111024,2025-04-15T16:00:00.000000000,0.687,0.0,0.0,0.048,0.7751729806055278,0.0
111024,2025-04-15T17:00:00.000000000,0.822,0.0,0.0,0.067,1.814402995436228,0.0
111024,2025-04-15T18:00:00.000000000,0.794,0.0,0.0,0.029000000000000005,1.2177102965655835,0.0
111024,2025-04-15T19:00:00.000000000,0.821,0.0,0.0,0.01,0.8264604178856666,0.0
111024,2025-04-15T20:00:00.000000000,0.876,0.027000000000000003,0.0,0.002,2.5637857218666,0.0
111024,2025-04-15T21:00:00.000000000,0.681,0.068,0.0,0.0,0.0,0.0
111024,2025-04-15T22:00:00.000000000,0.542,0.089,0.0,0.0,0.3235504614701334,0.0
111024,2025-04-15T23:00:00.000000000,0.499,0.101,0.0,0.0,0.7109904162378111,0.0
111024,2025-04-16T00:00:00.000000000,0.47,0.095,0.0,0.0,0.34230700996115554,0.0
111024,2025-04-16T01:00:00.000000000,0.469,0.106,0.0,0.0,0.0,0.0
111024,2025-04-16T02:00:00.000000000,0.45499999999999996,0.098,0.0,0.0,0.3235504614701334,0.0
111024,2025-04-16T03:00:00.000000000,0.46499999999999997,0.111,0.0,0.0,0.0,0.0
111024,2025-04-16T04:00:00.000000000,0.501,0.15000000000000002,0.0,0.0,0.3235504614701334,0.0
111024,2025-04-16T05:00:00.000000000,0.5970000000000001,0.214,0.0,0.0,2.1291613248011947,0.0
111024,2025-04-16T06:00:00.000000000,0.626,0.191,0.0,0.0,0.7710699856231166,0.0
111024,2025-04-16T07:00:00.000000000,0.6080000000000001,0.164,0.0,0.0,0.34230700996115554,0.0
111024,2025-04-16T08:00:00.000000000,0.579,0.10599999999999998,0.0,0.0,0.3235504614701334,0.0
111024,2025-04-16T09:00:00.000000000,0.522,0.056,0.0,0.0,0.0,0.0
111024,2025-04-16T10:00:00.000000000,0.471,0.009000000000000001,0.0,0.001,0.3235504614701334,0.0
111024,2025-04-16T11:00:00.000000000,0.487,0.0,0.0,0.025,0.3235504614701334,0.0
111024,2025-04-16T12:00:00.000000000,0.452,0.0,0.0,0.042,0.11107393559527222,0.0
111024,2025-04-16T13:00:00.000000000,0.6789999999999999,0.0,0.0,0.151,2.6092117377432946,0.0
111024,2025-04-16T14:00:00.000000000,0.5,0.0,0.0,0.038000000000000006,0.3235504614701334,0.0
111024,2025-04-16T15:00:00.000000000,0.546,0.07100000000000001,0.0,0.0,0.0,0.0
111024,2025-04-16T16:00:00.000000000,0.779,0.164,0.0,0.0,0.3235504614701334,0.0
111024,2025-04-16T17:00:00.000000000,1.2610000000000001,0.26,0.0,0.0,2.0881313749770833,0.0
111024,2025-04-16T18:00:00.000000000,1.018,0.263,0.0,0.0,1.038057730550011,0.0
111024,2025-04-16T19:00:00.000000000,0.843,0.303,0.0,0.0,0.34230700996115554,0.0
111024,2025-04-16T20:00:00.000000000,0.8200000000000001,0.14500000000000002,0.0,0.0,3.1598922785969004,0.0
111024,2025-04-16T21:00:00.000000000,0.8230000000000001,0.266,0.0,0.0,0.34230700996115554,0.0
111024,2025-04-16T22:00:00.000000000,0.7130000000000001,0.301,0.0,0.0,0.34230700996115554,0.0
111024,2025-04-16T23:00:00.000000000,0.6859999999999999,0.321,0.0,0.0,0.3637011980837278,0.0
111024,2025-04-17T00:00:00.000000000,0.6969999999999998,0.33599999999999997,0.0,0.0,0.3235504614701334,0.0
111024,2025-04-17T01:00:00.000000000,0.7090000000000001,0.352,0.0,0.0,0.34230700996115554,0.0
111024,2025-04-17T02:00:00.000000000,0.718,0.362,0.0,0.0,0.3235504614701334,0.0
111024,2025-04-17T03:00:00.000000000,0.7449999999999999,0.391,0.0,0.0,0.5498013276430889,0.0
111024,2025-04-17T04:00:00.000000000,0.8019999999999999,0.427,0.0,0.0,0.29981170478618335,0.0
111024,2025-04-17T05:00:00.000000000,0.8049999999999999,0.368,0.0,0.0,2.810258491881439,0.0
111024,2025-04-17T06:00:00.000000000,0.9390000000000001,0.46599999999999997,0.0,0.0,0.33791094390857224,0.0
111024,2025-04-17T07:00:00.000000000,0.969,0.46699999999999997,0.0,0.0,1.1652505750047555,0.0
111024,2025-04-17T08:00:00.000000000,0.892,0.41800000000000004,0.0,0.0,1.122462198759611,0.0
111024,2025-04-17T09:00:00.000000000,0.8009999999999999,0.335,0.0,0.0,0.0,0.0
111024,2025-04-17T10:00:00.000000000,0.766,0.303,0.0,0.0,1.2514134696353887,0.0
111024,2025-04-17T11:00:00.000000000,0.823,0.278,0.0,0.0,0.8721795048325333,0.0
111024,2025-04-17T12:00:00.000000000,0.7909999999999999,0.274,0.0,0.0,0.7294538936586611,0.0
111024,2025-04-17T13:00:00.000000000,0.758,0.298,0.0,0.0,1.0676579086374056,0.0
111024,2025-04-17T14:00:00.000000000,0.732,0.269,0.0,0.0,0.3531506395575278,0.0
111024,2025-04-17T15:00:00.000000000,0.71,0.235,0.0,0.0,0.3235504614701334,0.0
111024,2025-04-17T16:00:00.000000000,0.8019999999999999,0.29500000000000004,0.0,0.0,0.686958588483689,0.0
111024,2025-04-17T17:00:00.000000000,1.101,0.398,0.0,0.0,0.9946832121645223,0.0
111024,2025-04-17T18:00:00.000000000,1.084,0.30100000000000005,0.0,0.0,0.8885914847621779,0.0
111024,2025-04-17T19:00:00.000000000,1.2069999999999999,0.392,0.0,0.0,1.0530043551287944,0.0
111024,2025-04-17T20:00:00.000000000,1.297,0.448,0.0,0.0,1.1716981385485445,0.0
111024,2025-04-17T21:00:00.000000000,1.0830000000000002,0.524,0.0,0.0,1.6145285255787725,0.0
111024,2025-04-17T22:00:00.000000000,1.02,0.535,0.0,0.0,1.0532974261989667,0.0
111024,2025-04-17T23:00:00.000000000,0.949,0.536,0.0,0.0,1.0688301929180946,0.0
111024,2025-04-18T00:00:00.000000000,0.9279999999999999,0.557,0.0,0.0,0.0,0.0
111024,2025-04-18T01:00:00.000000000,0.919,0.5609999999999999,0.0,0.0,0.3235504614701334,0.0
111024,2025-04-18T02:00:00.000000000,0.918,0.562,0.0,0.0,0.0,0.0
111024,2025-04-18T03:00:00.000000000,0.933,0.578,0.0,0.0,0.3235504614701334,0.0
111024,2025-04-18T04:00:00.000000000,0.939,0.587,0.0,0.0,0.8153237172191222,0.0
111024,2025-04-18T05:00:00.000000000,1.048,0.584,0.0,0.0,1.172284280688889,0.0
111024,2025-04-18T06:00:00.000000000,1.017,0.531,0.0,0.0,1.2303123525829889,0.0
111024,2025-04-18T07:00:00.000000000,0.9229999999999999,0.508,0.0,0.0,0.5626964547306667,0.0
111024,2025-04-18T08:00:00.000000000,0.9009999999999999,0.415,0.0,0.0,1.2218132915479947,0.0
111024,2025-04-18T09:00:00.000000000,0.8360000000000001,0.292,0.0,0.0,3.250451239280117,0.0
111024,2025-04-18T10:00:00.000000000,0.7090000000000001,0.22799999999999998,0.0,0.0,2.9321760570730833,0.0
111024,2025-04-18T11:00:00.000000000,0.656,0.22899999999999998,0.0,0.0,2.5637857218666,0.0
111024,2025-04-18T12:00:00.000000000,0.7350000000000001,0.367,0.0,0.0,0.8050662297630945,0.0
111024,2025-04-18T13:00:00.000000000,0.869,0.382,0.0,0.0,0.8288049864470444,0.0
111024,2025-04-18T14:00:00.000000000,0.964,0.39,0.0,0.0,0.34230700996115554,0.0
111024,2025-04-18T15:00:00.000000000,0.964,0.43,0.0,0.0,0.8194267122015333,0.0
111024,2025-04-18T16:00:00.000000000,1.024,0.396,0.0,0.0,0.8417001135346223,0.0
111024,2025-04-18T17:00:00.000000000,1.242,0.527,0.0,0.0,0.7057151369747111,0.0
111024,2025-04-18T18:00:00.000000000,1.2670000000000001,0.512,0.0,0.0,1.0975511577949724,0.0
111024,2025-04-18T19:00:00.000000000,1.266,0.505,0.0,0.0,0.7054220659045389,0.0
111024,2025-04-18T20:00:00.000000000,1.366,0.516,0.0,0.0,0.6846140199223111,0.0
111024,2025-04-18T21:00:00.000000000,1.23,0.539,0.0,0.0,0.0,0.0
111024,2025-04-18T22:00:00.000000000,1.0270000000000001,0.571,0.0,0.0,0.686958588483689,0.0
111024,2025-04-18T23:00:00.000000000,0.952,0.572,0.0,0.0,0.030186320227738886,0.0
111024,2025-04-19T00:00:00.000000000,0.942,0.582,0.0,0.0,0.2933641412423944,0.0
111024,2025-04-19T01:00:00.000000000,0.948,0.588,0.0,0.0,0.3235504614701334,0.0
111024,2025-04-19T02:00:00.000000000,0.949,0.593,0.0,0.0,0.0,0.0
111024,2025-04-19T03:00:00.000000000,0.958,0.602,0.0,0.0,0.7757591227458722,0.0
111024,2025-04-19T04:00:00.000000000,0.976,0.604,0.0,0.0,1.6148215966489445,0.0
111024,2025-04-19T05:00:00.000000000,1.022,0.611,0.0,0.0,0.0,0.0
111024,2025-04-19T06:00:00.000000000,1.004,0.617,0.0,0.0,0.738539096834,0.0
111024,2025-04-19T07:00:00.000000000,1.073,0.598,0.0,0.0,1.7068459126830222,0.0
111024,2025-04-19T08:00:00.000000000,1.0750000000000002,0.601,0.0,0.0,0.7197825483429778,0.0
111024,2025-04-19T09:00:00.000000000,1.1629999999999998,0.611,0.0,0.0,1.476785122597828,0.0
111024,2025-04-19T10:00:00.000000000,1.025,0.591,0.0,0.0,0.3235504614701334,0.0
111024,2025-04-19T11:00:00.000000000,0.9249999999999999,0.5720000000000001,0.0,0.0,1.1371157522682223,0.0
111024,2025-04-19T12:00:00.000000000,0.913,0.559,0.0,0.0,1.6646436785782224,0.0
111024,2025-04-19T13:00:00.000000000,0.998,0.565,0.0,0.0,0.0,0.0
111024,2025-04-19T14:00:00.000000000,0.981,0.545,0.0,0.0,0.6840278777819667,0.0
111024,2025-04-19T15:00:00.000000000,1.008,0.531,0.0,0.0,0.0,0.0
111024,2025-04-19T16:00:00.000000000,1.259,0.43499999999999994,0.0,0.0,1.545363753018128,0.0
111024,2025-04-19T17:00:00.000000000,1.8170000000000002,0.545,0.0,0.0,10.020979102398794,0.0
111024,2025-04-19T18:00:00.000000000,1.801,0.493,0.0,0.0,9.005194773181874,0.0
111024,2025-04-19T19:00:00.000000000,1.4220000000000002,0.484,0.0,0.0,2.8035178572674777,0.0
111024,2025-04-19T20:00:00.000000000,1.279,0.487,0.0,0.0,0.7737076252546667,0.0
111024,2025-04-19T21:00:00.000000000,1.0750000000000002,0.516,0.0,0.0,0.0,0.0
111024,2025-04-19T22:00:00.000000000,0.952,0.539,0.0,0.0,0.3235504614701334,0.0
111024,2025-04-19T23:00:00.000000000,0.9410000000000001,0.5770000000000001,0.0,0.0,0.7737076252546667,0.0
111024,2025-04-20T00:00:00.000000000,0.96,0.6,0.0,0.0,0.8276327021663555,0.0
111024,2025-04-20T01:00:00.000000000,0.938,0.577,0.0,0.0,0.34201393889098336,0.0
111024,2025-04-20T02:00:00.000000000,0.938,0.581,0.0,0.0,0.0,0.0
111024,2025-04-20T03:00:00.000000000,0.93,0.575,0.0,0.0,1.0650202690058557,0.0
111024,2025-04-20T04:00:00.000000000,0.972,0.594,0.0,0.0,1.1963161084430112,0.0
111024,2025-04-20T05:00:00.000000000,1.302,0.611,0.0,0.0,2.906385802897928,0.0
111024,2025-04-20T06:00:00.000000000,1.45,0.547,0.0,0.0,0.9395858509721444,0.0
111024,2025-04-20T07:00:00.000000000,1.37,0.55,0.0,0.0,3.008081464247689,0.0
111024,2025-04-20T08:00:00.000000000,1.689,0.607,0.0,0.0,8.069125775051795,0.0
111024,2025-04-20T09:00:00.000000000,1.272,0.44499999999999995,0.0,0.0,3.9450296755882834,0.0
111024,2025-04-20T10:00:00.000000000,0.847,0.27,0.0,0.0,0.795101813377239,0.0
111024,2025-04-20T11:00:00.000000000,0.745,0.057999999999999996,0.0,0.001,2.1350227462046387,0.0
111024,2025-04-20T12:00:00.000000000,1.027,0.205,0.0,0.0,5.8608352613041,0.0
111024,2025-04-20T13:00:00.000000000,0.584,0.124,0.0,0.0,1.9090649511018556,0.0
111024,2025-04-20T14:00:00.000000000,0.5680000000000001,0.106,0.0,0.0,1.178731844232678,0.0
111024,2025-04-20T15:00:00.000000000,0.529,0.054000000000000006,0.0,0.0,0.9688929579893668,0.0
111024,2025-04-20T16:00:00.000000000,0.561,0.05499999999999999,0.0,0.001,0.6872516595538611,0.0
111024,2025-04-20T17:00:00.000000000,0.827,0.11,0.0,0.002,1.1752149913906111,0.0
111024,2025-04-20T18:00:00.000000000,0.7520000000000001,0.092,0.0,0.001,0.7051289948343668,0.0
111024,2025-04-20T19:00:00.000000000,0.746,0.14400000000000002,0.0,0.0,0.6655644003611167,0.0
111024,2025-04-20T20:00:00.000000000,0.845,0.222,0.0,0.0,1.1904546870395667,0.0
111024,2025-04-20T21:00:00.000000000,0.7290000000000001,0.28200000000000003,0.0,0.0,0.3232573903999611,0.0
111024,2025-04-20T22:00:00.000000000,0.6989999999999998,0.324,0.0,0.0,0.0,0.0
111024,2025-04-20T23:00:00.000000000,0.7029999999999998,0.338,0.0,0.0,0.3235504614701334,0.0
111024,2025-04-21T00:00:00.000000000,0.7110000000000001,0.35,0.0,0.0,0.0,0.0
111024,2025-04-21T01:00:00.000000000,0.7210000000000001,0.364,0.0,0.0,0.3235504614701334,0.0
111024,2025-04-21T02:00:00.000000000,0.728,0.372,0.0,0.0,0.0,0.0
111024,2025-04-21T03:00:00.000000000,0.736,0.38,0.0,0.0,0.3235504614701334,0.0
111024,2025-04-21T04:00:00.000000000,0.7610000000000001,0.387,0.0,0.0,0.0,0.0
111024,2025-04-21T05:00:00.000000000,0.864,0.429,0.0,0.0,1.1497178082856279,0.0
111024,2025-04-21T06:00:00.000000000,0.887,0.419,0.0,0.0,0.3736656144695833,0.0
111024,2025-04-21T07:00:00.000000000,0.885,0.409,0.0,0.0,1.0623826293743055,0.0
111024,2025-04-21T08:00:00.000000000,0.903,0.4,0.0,0.0,1.1845932656361222,0.0
111024,2025-04-21T09:00:00.000000000,0.967,0.385,0.0,0.0,1.9776435815221556,0.0
111024,2025-04-21T10:00:00.000000000,0.94,0.365,0.0,0.0,0.6992675734309223,0.0
111024,2025-04-21T11:00:00.000000000,0.839,0.349,0.0,0.0,0.34201393889098336,0.0
111024,2025-04-21T12:00:00.000000000,0.815,0.351,0.0,0.0,0.0,0.0
111024,2025-04-21T13:00:00.000000000,0.838,0.378,0.0,0.0,0.7734145541844943,0.0
111024,2025-04-21T14:00:00.000000000,0.884,0.423,0.0,0.0,2.42399082139445,0.0
111024,2025-04-21T15:00:00.000000000,0.9349999999999999,0.45899999999999996,0.0,0.0,1.2018844587762834,0.0
111024,2025-04-21T16:00:00.000000000,0.995,0.34400000000000003,0.0,0.0,1.2218132915479947,0.0
111024,2025-04-21T17:00:00.000000000,1.144,0.4,0.0,0.0,1.1749219203204389,0.0
111024,2025-04-21T18:00:00.000000000,1.1689999999999998,0.41300000000000003,0.0,0.0,0.34201393889098336,0.0
111024,2025-04-21T19:00:00.000000000,1.3130000000000002,0.426,0.0,0.0,2.530961762007311,0.0
111024,2025-04-21T20:00:00.000000000,1.214,0.439,0.0,0.0,1.3402140038975725,0.0
111024,2025-04-21T21:00:00.000000000,1.001,0.482,0.0,0.0,1.9410096977506277,0.0
111024,2025-04-21T22:00:00.000000000,0.902,0.53,0.0,0.0,1.4926109603871278,0.0
111024,2025-04-21T23:00:00.000000000,0.901,0.536,0.0,0.0,0.0,0.0
111024,2025-04-22T00:00:00.000000000,0.907,0.546,0.0,0.0,1.1681812857064777,0.0
111024,2025-04-22T01:00:00.000000000,0.905,0.547,0.0,0.0,0.0,0.0
111024,2025-04-22T02:00:00.000000000,0.899,0.543,0.0,0.0,0.3235504614701334,0.0
111024,2025-04-22T03:00:00.000000000,0.894,0.54,0.0,0.0,0.17467035782264445,0.0
111024,2025-04-22T04:00:00.000000000,0.915,0.562,0.0,0.0,1.0081644813924444,0.0
111024,2025-04-22T05:00:00.000000000,0.978,0.548,0.0,0.0,1.1133769955842723,0.0
111024,2025-04-22T06:00:00.000000000,0.961,0.493,0.0,0.0,0.0,0.0
111024,2025-04-22T07:00:00.000000000,0.87,0.45299999999999996,0.0,0.0,0.7687254170617389,0.0
111024,2025-04-22T08:00:00.000000000,0.878,0.403,0.0,0.0,0.3235504614701334,0.0
111024,2025-04-22T09:00:00.000000000,0.7090000000000001,0.35400000000000004,0.0,0.0,0.33585944641736665,0.0
111024,2025-04-22T10:00:00.000000000,0.664,0.312,0.0,0.0,0.34201393889098336,0.0
111024,2025-04-22T11:00:00.000000000,0.7109999999999999,0.276,0.0,0.0,0.0,0.0
111024,2025-04-22T12:00:00.000000000,0.738,0.197,0.0,0.0,1.4926109603871278,0.0
111024,2025-04-22T13:00:00.000000000,0.661,0.016,0.0,0.0,2.545029173375578,0.0
111024,2025-04-22T14:00:00.000000000,0.708,0.106,0.0,0.001,0.7775175491669056,0.0
111024,2025-04-22T15:00:00.000000000,0.7909999999999999,0.197,0.0,0.0,0.7174379797816001,0.0
111024,2025-04-22T16:00:00.000000000,0.762,0.258,0.0,0.0,0.6591168368173279,0.0
111024,2025-04-22T17:00:00.000000000,0.98,0.381,0.0,0.0,0.8880053426218333,0.0
111024,2025-04-22T18:00:00.000000000,1.1030000000000002,0.35000000000000003,0.0,0.0,0.34201393889098336,0.0
111024,2025-04-22T19:00:00.000000000,1.227,0.356,0.0,0.0,0.34201393889098336,0.0
111024,2025-04-22T20:00:00.000000000,1.333,0.372,0.0,0.0,1.9374928449085613,0.0
111024,2025-04-22T21:00:00.000000000,1.744,0.46399999999999997,0.0,0.0,10.783550026986916,0.0
111024,2025-04-22T22:00:00.000000000,1.533,0.52,0.0,0.0,7.701614653055827,0.0
111024,2025-04-22T23:00:00.000000000,0.8090000000000002,0.411,0.0,0.0,0.0,0.0
111024,2025-04-23T00:00:00.000000000,0.804,0.437,0.0,0.0,0.32355046147013333,0.0
111024,2025-04-23T01:00:00.000000000,0.825,0.466,0.0,0.0,0.0,0.0
111024,2025-04-23T02:00:00.000000000,0.838,0.482,0.0,0.0,0.3235504614701334,0.0
111024,2025-04-23T03:00:00.000000000,0.845,0.492,0.0,0.0,0.0,0.0
111024,2025-04-23T04:00:00.000000000,0.846,0.493,0.0,0.0,0.6799248827995557,0.0
111024,2025-04-23T05:00:00.000000000,0.945,0.522,0.0,0.0,0.35901206096097227,0.0
111024,2025-04-23T06:00:00.000000000,0.966,0.501,0.0,0.0,1.1207037723385778,0.0
111024,2025-04-23T07:00:00.000000000,0.964,0.489,0.0,0.0,1.167009001425789,0.0
111024,2025-04-23T08:00:00.000000000,0.963,0.489,0.0,0.0,0.6989745023607501,0.0
111024,2025-04-23T09:00:00.000000000,0.991,0.46699999999999997,0.0,0.0,0.7071804923255722,0.0
111024,2025-04-23T10:00:00.000000000,0.8999999999999999,0.494,0.0,0.0,1.9799881500835332,0.0
111024,2025-04-23T11:00:00.000000000,1.2469999999999999,0.472,0.0,0.0,1.4187570507037277,0.0
111024,2025-04-23T12:00:00.000000000,1.223,0.508,0.0,0.0,3.4177948203484556,0.0
111024,2025-04-23T13:00:00.000000000,1.627,0.567,0.0,0.0,9.033622666988578,0.0
111024,2025-04-23T14:00:00.000000000,0.802,0.423,0.0,0.0,0.3235504614701334,0.0
111024,2025-04-23T15:00:00.000000000,0.8019999999999999,0.41500000000000004,0.0,0.0,1.6403187797539278,0.0
111024,2025-04-23T16:00:00.000000000,1.0190000000000001,0.381,0.0,0.0,1.5617757329477722,0.0
111024,2025-04-23T17:00:00.000000000,1.233,0.438,0.0,0.0,2.436006735271511,0.0
111024,2025-04-23T18:00:00.000000000,1.3259999999999998,0.388,0.0,0.0,2.462383131587011,0.0
111024,2025-04-23T19:00:00.000000000,1.27,0.354,0.0,0.0,0.1702742917700611,0.0
111024,2025-04-23T20:00:00.000000000,1.169,0.377,0.0,0.0,0.8349594789206611,0.0
111024,2025-04-23T21:00:00.000000000,1.0370000000000001,0.384,0.0,0.0,1.19485075309215,0.0
111024,2025-04-23T22:00:00.000000000,0.8350000000000002,0.424,0.0,0.0,0.0,0.0
111024,2025-04-23T23:00:00.000000000,0.821,0.456,0.0,0.0,0.3235504614701334,0.0
111024,2025-04-24T00:00:00.000000000,0.834,0.474,0.0,0.0,0.4636384330124556,0.0
111024,2025-04-24T01:00:00.000000000,0.85,0.491,0.0,0.0,0.19078926668211668,0.0
111024,2025-04-24T02:00:00.000000000,0.856,0.5,0.0,0.0,0.3235504614701334,0.0
111024,2025-04-24T03:00:00.000000000,0.869,0.515,0.0,0.0,0.0,0.0
111024,2025-04-24T04:00:00.000000000,0.894,0.523,0.0,0.0,0.3235504614701334,0.0
111024,2025-04-24T05:00:00.000000000,0.9259999999999999,0.555,0.0,0.0,0.0,0.0
111024,2025-04-24T06:00:00.000000000,0.878,0.518,0.0,0.0,0.3235504614701334,0.0
111024,2025-04-24T07:00:00.000000000,1.001,0.526,0.0,0.0,0.36663190878545,0.0
111024,2025-04-24T08:00:00.000000000,1.068,0.508,0.0,0.0,1.631233576578589,0.0
111024,2025-04-24T09:00:00.000000000,1.238,0.45699999999999996,0.0,0.0,1.3818300958620278,0.0
111024,2025-04-24T10:00:00.000000000,1.226,0.41400000000000003,0.0,0.0,4.770317809193261,0.0
111024,2025-04-24T11:00:00.000000000,0.948,0.254,0.0,0.0,3.116224689141239,0.0
111024,2025-04-24T12:00:00.000000000,0.764,0.192,0.0,0.0,1.0641410557953388,0.0
111024,2025-04-24T13:00:00.000000000,0.7329999999999999,0.167,0.0,0.0,1.0565212079708612,0.0
111024,2025-04-24T14:00:00.000000000,0.7249999999999999,0.151,0.0,0.0,1.0465567915850056,0.0
111024,2025-04-24T15:00:00.000000000,0.7949999999999999,0.14200000000000002,0.0,0.0,1.0661925532865444,0.0
111024,2025-04-24T16:00:00.000000000,0.706,0.17099999999999999,0.0,0.0,0.0,0.0
111024,2025-04-24T17:00:00.000000000,0.987,0.273,0.0,0.0,0.6860793752731723,0.0
111024,2025-04-24T18:00:00.000000000,1.009,0.23500000000000001,0.0,0.0,1.7367391618405887,0.0
111024,2025-04-24T19:00:00.000000000,1.081,0.268,0.0,0.0,1.5084367981764277,0.0
111024,2025-04-24T20:00:00.000000000,1.1420000000000001,0.29300000000000004,0.0,0.0,1.227674712951439,0.0
111024,2025-04-24T21:00:00.000000000,0.943,0.327,0.0,0.0,0.70424978162385,0.0
111024,2025-04-24T22:00:00.000000000,0.7930000000000001,0.352,0.0,0.0,0.3235504614701334,0.0
111024,2025-04-24T23:00:00.000000000,0.7430000000000001,0.379,0.0,0.0,0.0,0.0
111024,2025-04-25T00:00:00.000000000,0.774,0.414,0.0,0.0,0.3235504614701334,0.0
111024,2025-04-25T01:00:00.000000000,0.7829999999999999,0.422,0.0,0.0,0.0,0.0
111024,2025-04-25T02:00:00.000000000,0.8119999999999999,0.455,0.0,0.0,0.3235504614701334,0.0
111024,2025-04-25T03:00:00.000000000,0.844,0.489,0.0,0.0,0.7165587665710833,0.0
111024,2025-04-25T04:00:00.000000000,0.871,0.498,0.0,0.0,1.0711747614794722,0.0
111024,2025-04-25T05:00:00.000000000,0.99,0.518,0.0,0.0,1.8152822086467446,0.0
111024,2025-04-25T06:00:00.000000000,0.8649999999999999,0.486,0.0,0.0,0.0,0.0
111024,2025-04-25T07:00:00.000000000,0.794,0.437,0.0,0.0,0.3235504614701334,0.0
111024,2025-04-25T08:00:00.000000000,0.822,0.377,0.0,0.0,0.34172086782081107,0.0
111024,2025-04-25T09:00:00.000000000,0.796,0.329,0.0,0.0,0.7045428526940223,0.0
111024,2025-04-25T10:00:00.000000000,0.788,0.326,0.0,0.0,0.0,0.0
111024,2025-04-25T11:00:00.000000000,0.782,0.32,0.0,0.0,0.3235504614701334,0.0
111024,2025-04-25T12:00:00.000000000,0.805,0.316,0.0,0.0,0.771363056693289,0.0
111024,2025-04-25T13:00:00.000000000,0.815,0.274,0.0,0.0,0.3235504614701333,0.0
111024,2025-04-25T14:00:00.000000000,0.8280000000000001,0.251,0.0,0.0,1.2772037238105443,0.0
111024,2025-04-25T15:00:00.000000000,1.336,0.181,0.0,0.0,1.079966893584639,0.0
111024,2025-04-25T16:00:00.000000000,0.861,0.257,0.0,0.0,0.7010259998519556,0.0
111024,2025-04-25T17:00:00.000000000,1.022,0.299,0.0,0.0,2.287126631624022,0.0
111024,2025-04-25T18:00:00.000000000,1.026,0.194,0.0,0.0,2.925728493529294,0.0
111024,2025-04-25T19:00:00.000000000,1.133,0.259,0.0,0.0,2.9110749400206832,0.0
111024,2025-04-25T20:00:00.000000000,1.243,0.393,0.0,0.0,0.3235504614701334,0.0
111024,2025-04-25T21:00:00.000000000,1.067,0.451,0.0,0.0,0.0,0.0
111024,2025-04-25T22:00:00.000000000,0.984,0.543,0.0,0.0,0.8241158493242888,0.0
111024,2025-04-25T23:00:00.000000000,0.998,0.633,0.0,0.0,0.3235504614701334,0.0
111024,2025-04-26T00:00:00.000000000,1.069,0.704,0.0,0.0,0.34172086782081107,0.0
111024,2025-04-26T01:00:00.000000000,1.077,0.714,0.0,0.0,0.0,0.0
111024,2025-04-26T02:00:00.000000000,1.0710000000000002,0.7109999999999999,0.0,0.0,0.3235504614701334,0.0
111024,2025-04-26T03:00:00.000000000,1.17,0.8079999999999999,0.0,0.0,0.3235504614701334,0.0
111024,2025-04-26T04:00:00.000000000,1.313,0.89,0.0,0.0,0.0,0.0
111024,2025-04-26T05:00:00.000000000,1.6239999999999999,1.072,0.0,0.0,0.6919407966766167,0.0
111024,2025-04-26T06:00:00.000000000,2.426,1.447,0.0,0.0,7.433747694918417,0.0
111024,2025-04-26T07:00:00.000000000,1.58,0.969,0.0,0.0,2.0333270848548777,0.0
111024,2025-04-26T08:00:00.000000000,1.4369999999999998,0.95,0.0,0.0,1.0632618425848221,0.0
111024,2025-04-26T09:00:00.000000000,1.496,1.0950000000000002,0.0,0.0,1.2071597380393835,0.0
111024,2025-04-26T10:00:00.000000000,1.428,1.033,0.0,0.0,0.0,0.0
111024,2025-04-26T11:00:00.000000000,1.5639999999999998,0.846,0.0,0.0,1.2042290273376612,0.0
111024,2025-04-26T12:00:00.000000000,1.697,0.9670000000000001,0.0,0.0,3.6578200268195054,0.0
111024,2025-04-26T13:00:00.000000000,2.286,1.281,0.0,0.0,7.202514620552534,0.0
111024,2025-04-26T14:00:00.000000000,1.428,0.952,0.0,0.0,0.0,0.0
111024,2025-04-26T15:00:00.000000000,1.448,0.873,0.0,0.0,0.34172086782081107,0.0
111024,2025-04-26T16:00:00.000000000,1.495,0.757,0.0,0.0,1.3525229888448056,0.0
111024,2025-04-26T17:00:00.000000000,1.768,0.913,0.0,0.0,0.3704418326976889,0.0
111024,2025-04-26T18:00:00.000000000,1.6500000000000001,0.8839999999999999,0.0,0.0,0.70424978162385,0.0
111024,2025-04-26T19:00:00.000000000,1.5820000000000003,0.7630000000000001,0.0,0.0,1.5749639311055224,0.0
111024,2025-04-26T20:00:00.000000000,1.627,0.7130000000000001,0.0,0.0,1.8563121584708555,0.0
111024,2025-04-26T21:00:00.000000000,1.425,0.73,0.0,0.0,0.6532554154138833,0.0
111024,2025-04-26T22:00:00.000000000,1.255,0.79,0.0,0.0,0.3625289138030389,0.0
111024,2025-04-26T23:00:00.000000000,1.217,0.8099999999999999,0.0,0.0,0.6834417356416221,0.0
111024,2025-04-27T00:00:00.000000000,1.2269999999999999,0.837,0.0,0.0,0.6723050349750777,0.0
111024,2025-04-27T01:00:00.000000000,1.1809999999999998,0.812,0.0,0.0,0.0105505585262,0.0
111024,2025-04-27T02:00:00.000000000,1.201,0.836,0.0,0.0,0.3235504614701334,0.0
111024,2025-04-27T03:00:00.000000000,1.254,0.889,0.0,0.0,0.0,0.0
111024,2025-04-27T04:00:00.000000000,1.276,0.9119999999999999,0.0,0.0,1.1649575039345834,0.0
111024,2025-04-27T05:00:00.000000000,1.3760000000000001,0.978,0.0,0.0,1.1617337221626889,0.0
111024,2025-04-27T06:00:00.000000000,1.496,0.88,0.0,0.0,1.7859751016295224,0.0
111024,2025-04-27T07:00:00.000000000,1.359,0.7610000000000001,0.0,0.0,0.6901823702555834,0.0
111024,2025-04-27T08:00:00.000000000,1.352,0.587,0.0,0.0,0.8220643518330834,0.0
111024,2025-04-27T09:00:00.000000000,1.536,0.5940000000000001,0.0,0.0,5.463137819080394,0.0
111024,2025-04-27T10:00:00.000000000,1.1320000000000001,0.43499999999999994,0.0,0.0,2.9101957268101666,0.0
111024,2025-04-27T11:00:00.000000000,0.924,0.351,0.0,0.0,0.3235504614701334,0.0
111024,2025-04-27T12:00:00.000000000,0.837,0.302,0.0,0.0,2.2244094226071667,0.0
111024,2025-04-27T13:00:00.000000000,0.7729999999999999,0.313,0.0,0.0,0.0,0.0
111024,2025-04-27T14:00:00.000000000,0.845,0.271,0.0,0.0,0.3235504614701334,0.0
111024,2025-04-27T15:00:00.000000000,0.732,0.256,0.0,0.0,0.7189033351324611,0.0
111024,2025-04-27T16:00:00.000000000,0.7709999999999999,0.174,0.0,0.002,0.6664436135716334,0.0
111024,2025-04-27T17:00:00.000000000,0.986,0.258,0.0,0.0,1.0175427556379555,0.0
111024,2025-04-27T18:00:00.000000000,1.214,0.28300000000000003,0.0,0.0,0.34172086782081107,0.0
111024,2025-04-27T19:00:00.000000000,1.131,0.318,0.0,0.0,1.0377646594798389,0.0
111024,2025-04-27T20:00:00.000000000,1.258,0.407,0.0,0.0,2.486414959341133,0.0
111024,2025-04-27T21:00:00.000000000,1.2149999999999999,0.525,0.0,0.0,0.3622358427328667,0.0
111024,2025-04-27T22:00:00.000000000,1.09,0.6319999999999999,0.0,0.0,0.8229435650436,0.0
111024,2025-04-27T23:00:00.000000000,1.104,0.708,0.0,0.0,0.3235504614701334,0.0
111024,2025-04-28T00:00:00.000000000,1.142,0.774,0.0,0.0,0.0,0.0
111024,2025-04-28T01:00:00.000000000,1.171,0.8049999999999999,0.0,0.0,0.3235504614701334,0.0
111024,2025-04-28T02:00:00.000000000,1.201,0.837,0.0,0.0,0.0,0.0
111024,2025-04-28T03:00:00.000000000,1.188,0.8240000000000001,0.0,0.0,0.6834417356416221,0.0
111024,2025-04-28T04:00:00.000000000,1.177,0.815,0.0,0.0,0.0,0.0
111024,2025-04-28T05:00:00.000000000,1.103,0.729,0.0,0.0,0.3235504614701334,0.0
111024,2025-04-28T06:00:00.000000000,0.8989999999999999,0.536,0.0,0.0,0.0,0.0
111024,2025-04-28T07:00:00.000000000,0.821,0.46099999999999997,0.0,0.0,0.3235504614701334,0.0
111024,2025-04-28T08:00:00.000000000,0.774,0.386,0.0,0.0,1.1418048893909778,0.0
111024,2025-04-28T09:00:00.000000000,0.73,0.16400000000000003,0.0,0.0,1.545363753018128,0.0
111024,2025-04-28T10:00:00.000000000,0.7030000000000001,0.016,0.0,0.002,2.658447677532228,0.0
111024,2025-04-28T11:00:00.000000000,1.162,0.14100000000000001,0.0,0.0,1.5254349202464166,0.0
111024,2025-04-28T12:00:00.000000000,0.7130000000000001,0.16899999999999998,0.0,0.0,1.8797578440846334,0.0
111024,2025-04-28T13:00:00.000000000,0.671,0.18400000000000002,0.0,0.0,0.8296841996575611,0.0
111024,2025-04-28T14:00:00.000000000,0.791,0.153,0.0,0.0,1.0289725273746722,0.0
111024,2025-04-28T15:00:00.000000000,0.6459999999999999,0.10999999999999999,0.0,0.0,1.5526905297724334,0.0
111024,2025-04-28T16:00:00.000000000,0.614,0.109,0.0,0.0,0.7039567105536777,0.0
111024,2025-04-28T17:00:00.000000000,0.8119999999999999,0.255,0.0,0.0,1.145907884373389,0.0
111024,2025-04-28T18:00:00.000000000,0.837,0.265,0.0,0.0,2.1174384819943057,0.0
111024,2025-04-28T19:00:00.000000000,0.874,0.276,0.0,0.0,1.2877542823367445,0.0
111024,2025-04-28T20:00:00.000000000,0.955,0.33499999999999996,0.0,0.0,1.215658799074378,0.0
111024,2025-04-28T21:00:00.000000000,0.972,0.378,0.0,0.0,1.5175220013517665,0.0
111024,2025-04-28T22:00:00.000000000,0.882,0.391,0.0,0.0,0.34172086782081107,0.0
111024,2025-04-28T23:00:00.000000000,0.901,0.502,0.0,0.0,1.4594939294576668,0.0
111024,2025-04-29T00:00:00.000000000,0.98,0.604,0.0,0.0,0.0,0.0
111024,2025-04-29T01:00:00.000000000,1.054,0.688,0.0,0.0,0.3235504614701334,0.0
111024,2025-04-29T02:00:00.000000000,1.143,0.7789999999999999,0.0,0.0,0.8047731586929222,0.0
111024,2025-04-29T03:00:00.000000000,1.1989999999999998,0.833,0.0,0.0,0.8200128543418778,0.0
111024,2025-04-29T04:00:00.000000000,1.2429999999999999,0.861,0.0,0.0,0.0,0.0
111024,2025-04-29T05:00:00.000000000,1.342,0.897,0.0,0.0,0.3235504614701334,0.0
111024,2025-04-29T06:00:00.000000000,1.101,0.544,0.0,0.0,1.5582588801057056,0.0
111024,2025-04-29T07:00:00.000000000,1.316,0.43999999999999995,0.0,0.0,2.7621948363731943,0.0
111024,2025-04-29T08:00:00.000000000,1.4660000000000002,0.45799999999999996,0.0,0.0,6.8792572301525725,0.0
111024,2025-04-29T09:00:00.000000000,1.192,0.365,0.0,0.0,5.466947742992634,0.0
111024,2025-04-29T10:00:00.000000000,0.7830000000000001,0.292,0.0,0.0,2.5456153155159225,0.0
111024,2025-04-29T11:00:00.000000000,0.74,0.277,0.0,0.0,0.7379529546936556,0.0
111024,2025-04-29T12:00:00.000000000,0.6980000000000001,0.236,0.0,0.0,1.0342478066377723,0.0
111024,2025-04-29T13:00:00.000000000,0.601,0.14100000000000001,0.0,0.0,0.7675531327810501,0.0
111024,2025-04-29T14:00:00.000000000,0.536,0.074,0.0,0.0,1.0357131619886335,0.0
111024,2025-04-29T15:00:00.000000000,0.698,0.015,0.0,0.003,0.3414277967506389,0.0
111024,2025-04-29T16:00:00.000000000,0.913,0.028999999999999998,0.0,0.008,4.205862928041562,0.0
111024,2025-04-29T17:00:00.000000000,1.032,0.072,0.0,0.0,4.296128817654606,0.0
111024,2025-04-29T18:00:00.000000000,0.814,0.056,0.0,0.005,1.0785015382337777,0.0
111024,2025-04-29T19:00:00.000000000,0.959,0.149,0.0,0.0,1.5368646919831335,0.0
111024,2025-04-29T20:00:00.000000000,1.1580000000000001,0.31000000000000005,0.0,0.0,1.865983503786539,0.0
111024,2025-04-29T21:00:00.000000000,1.1310000000000002,0.40499999999999997,0.0,0.0,1.043333009813111,0.0
111024,2025-04-29T22:00:00.000000000,0.988,0.495,0.0,0.0,0.0,0.0
111024,2025-04-29T23:00:00.000000000,0.9239999999999999,0.546,0.0,0.0,0.3235504614701334,0.0
111024,2025-04-30T00:00:00.000000000,0.9400000000000001,0.579,0.0,0.0,0.3361525174875389,0.0
111024,2025-04-30T01:00:00.000000000,0.968,0.609,0.0,0.0,0.0,0.0
111024,2025-04-30T02:00:00.000000000,1.02,0.662,0.0,0.0,0.3235504614701334,0.0
111024,2025-04-30T03:00:00.000000000,1.0470000000000002,0.688,0.0,0.0,0.0,0.0
111024,2025-04-30T04:00:00.000000000,0.9019999999999999,0.5509999999999999,0.0,0.0,0.6980952891502334,0.0
111024,2025-04-30T05:00:00.000000000,0.888,0.46399999999999997,0.0,0.0,0.69369922309765,0.0
111024,2025-04-30T06:00:00.000000000,0.868,0.402,0.0,0.0,0.7197825483429777,0.0
111024,2025-04-30T07:00:00.000000000,0.811,0.304,0.0,0.0,0.6734773192557667,0.0
111024,2025-04-30T08:00:00.000000000,0.859,0.21999999999999997,0.0,0.0,0.692233867746789,0.0
111024,2025-04-30T09:00:00.000000000,1.0779999999999998,0.165,0.0,0.0,5.827132088234295,0.0
111024,2025-04-30T10:00:00.000000000,0.609,0.035,0.0,0.0,1.550639032281228,0.0
111024,2025-04-30T11:00:00.000000000,0.579,0.0,0.0,0.008,1.7771829695243555,0.0
111024,2025-04-30T12:00:00.000000000,0.5249999999999999,0.0,0.0,0.009000000000000001,0.6837348067117944,0.0
111024,2025-04-30T13:00:00.000000000,0.478,0.0,0.0,0.019,1.6072017488244668,0.0
111024,2025-04-30T14:00:00.000000000,0.7350000000000001,0.0,0.0,0.109,2.9608970219499615,0.0
111024,2025-04-30T15:00:00.000000000,0.601,0.0,0.0,0.068,1.0700024771987835,0.0
111024,2025-04-30T16:00:00.000000000,0.6579999999999999,0.0,0.0,0.08299999999999999,0.7438143760971,0.0
111024,2025-04-30T17:00:00.000000000,0.768,0.0,0.0,0.05500000000000001,2.010760612451617,0.0
111024,2025-04-30T18:00:00.000000000,0.81,0.0,0.0,0.055,0.3414277967506389,0.0
111024,2025-04-30T19:00:00.000000000,0.847,0.012,0.0,0.02,1.893532184382728,0.0
111024,2025-04-30T20:00:00.000000000,0.8320000000000001,0.097,0.0,0.0,0.4226084831883445,0.0
111024,2025-04-30T21:00:00.000000000,0.796,0.19999999999999998,0.0,0.0,1.8149891375765723,0.0
111024,2025-04-30T22:00:00.000000000,0.8160000000000001,0.279,0.0,0.0,1.7203271819109445,0.0
111024,2025-04-30T23:00:00.000000000,0.804,0.396,0.0,0.0,1.2361737739864334,0.0
111024,2025-05-01T00:00:00.000000000,0.841,0.48,0.0,0.0,0.3332218067858167,0.0
111024,2025-05-01T01:00:00.000000000,0.922,0.562,0.0,0.0,0.0,0.0
111024,2025-05-01T02:00:00.000000000,0.983,0.625,0.0,0.0,0.3235504614701334,0.0
111024,2025-05-01T03:00:00.000000000,1.094,0.7350000000000001,0.0,0.0,0.0,0.0
111024,2025-05-01T04:00:00.000000000,1.204,0.833,0.0,0.0,0.3235504614701334,0.0
111024,2025-05-01T05:00:00.000000000,1.242,0.869,0.0,0.0,0.7555372189039888,0.0
111024,2025-05-01T06:00:00.000000000,1.0790000000000002,0.5519999999999999,0.0,0.0,0.905882677902339,0.0
111024,2025-05-01T07:00:00.000000000,0.9199999999999999,0.34,0.0,0.0,1.1051710056194501,0.0
111024,2025-05-01T08:00:00.000000000,0.7789999999999999,0.204,0.0,0.0,0.742642091816411,0.0
111024,2025-05-01T09:00:00.000000000,0.631,0.119,0.0,0.0,0.738539096834,0.0
111024,2025-05-01T10:00:00.000000000,0.506,0.051000000000000004,0.0,0.0,0.0,0.0
111024,2025-05-01T11:00:00.000000000,0.466,0.011,0.0,0.0,0.3235504614701334,0.0
111024,2025-05-01T12:00:00.000000000,0.481,0.026,0.0,0.0,1.0875867414091167,0.0
111024,2025-05-01T13:00:00.000000000,0.46,0.004,0.0,0.003,0.7077666344659167,0.0
111024,2025-05-01T14:00:00.000000000,0.466,0.003,0.0,0.008,0.4648107172931445,0.0
111024,2025-05-01T15:00:00.000000000,0.615,0.0,0.0,0.045000000000000005,2.2833167077117835,0.0
111024,2025-05-01T16:00:00.000000000,0.654,0.0,0.0,0.036,0.6854932331328278,0.0
111024,2025-05-01T17:00:00.000000000,0.698,0.008,0.0,0.008,2.0444637855214225,0.0
111024,2025-05-01T18:00:00.000000000,0.905,0.004,0.0,0.017,1.043039938742939,0.0
111024,2025-05-01T19:00:00.000000000,0.766,0.002,0.0,0.004,0.692233867746789,0.0
111024,2025-05-01T20:00:00.000000000,0.753,0.048,0.0,0.0,0.3338079489261611,0.0
111024,2025-05-01T21:00:00.000000000,0.6880000000000001,0.083,0.0,0.0,1.5770154285967277,0.0
111024,2025-05-01T22:00:00.000000000,0.533,0.093,0.0,0.0,0.0,0.0
111024,2025-05-01T23:00:00.000000000,0.476,0.113,0.0,0.0,0.3235504614701334,0.0
111024,2025-05-02T00:00:00.000000000,0.483,0.124,0.0,0.0,0.0,0.0
111024,2025-05-02T01:00:00.000000000,0.485,0.127,0.0,0.0,0.3235504614701334,0.0
111024,2025-05-02T02:00:00.000000000,0.486,0.13,0.0,0.0,0.0,0.0
111024,2025-05-02T03:00:00.000000000,0.501,0.14700000000000002,0.0,0.0,0.3235504614701334,0.0
111024,2025-05-02T04:00:00.000000000,0.517,0.16599999999999998,0.0,0.0,0.0,0.0
111024,2025-05-02T05:00:00.000000000,0.5850000000000001,0.20099999999999998,0.0,0.0,1.1204107012684055,0.0
111024,2025-05-02T06:00:00.000000000,0.635,0.17400000000000002,0.0,0.0,0.7962740976579278,0.0
111024,2025-05-02T07:00:00.000000000,0.7010000000000001,0.14800000000000002,0.0,0.0,0.702784426272989,0.0
111024,2025-05-02T08:00:00.000000000,0.64,0.14400000000000002,0.0,0.0,0.0,0.0
111024,2025-05-02T09:00:00.000000000,0.622,0.162,0.0,0.0,0.3235504614701334,0.0
111024,2025-05-02T10:00:00.000000000,0.643,0.188,0.0,0.0,0.3414277967506389,0.0
111024,2025-05-02T11:00:00.000000000,0.646,0.19000000000000003,0.0,0.0,0.3414277967506389,0.0
111024,2025-05-02T12:00:00.000000000,0.601,0.14600000000000002,0.0,0.0,0.3414277967506389,0.0
111024,2025-05-02T13:00:00.000000000,0.606,0.152,0.0,0.0,0.7684323459915666,0.0
111024,2025-05-02T14:00:00.000000000,0.568,0.139,0.0,0.0,0.6852001620626555,0.0
111024,2025-05-02T15:00:00.000000000,0.522,0.08000000000000002,0.0,0.0,1.0691232639882668,0.0
111024,2025-05-02T16:00:00.000000000,0.782,0.002,0.0,0.023,0.7701907724126,0.0
111024,2025-05-02T17:00:00.000000000,0.681,0.0,0.0,0.039,1.4718029144049,0.0
111024,2025-05-02T18:00:00.000000000,0.905,0.0,0.0,0.134,2.1109909184505167,0.0
111024,2025-05-02T19:00:00.000000000,0.842,0.023,0.0,0.046,0.65677226825595,0.0
111024,2025-05-02T20:00:00.000000000,0.914,0.102,0.0,0.0,0.3414277967506389,0.0
111024,2025-05-02T21:00:00.000000000,1.275,0.159,0.0,0.0,0.6629267607295667,0.0
111024,2025-05-02T22:00:00.000000000,0.788,0.375,0.0,0.0,0.6860793752731722,0.0
111024,2025-05-02T23:00:00.000000000,0.843,0.477,0.0,0.0,0.7678462038512223,0.0
111024,2025-05-03T00:00:00.000000000,0.897,0.537,0.0,0.0,0.3235504614701334,0.0
111024,2025-05-03T01:00:00.000000000,0.942,0.5830000000000001,0.0,0.0,0.0,0.0
111024,2025-05-03T02:00:00.000000000,0.994,0.635,0.0,0.0,0.3235504614701334,0.0
111024,2025-05-03T03:00:00.000000000,1.079,0.7189999999999999,0.0,0.0,0.805652371903439,0.0
111024,2025-05-03T04:00:00.000000000,1.2129999999999999,0.831,0.0,0.0,1.779234467015561,0.0
111024,2025-05-03T05:00:00.000000000,1.2610000000000001,0.774,0.0,0.0,1.5289517730884832,0.0
111024,2025-05-03T06:00:00.000000000,0.975,0.513,0.0,0.0,0.3235504614701334,0.0
111024,2025-05-03T07:00:00.000000000,0.841,0.343,0.0,0.0,0.7833789705703501,0.0
111024,2025-05-03T08:00:00.000000000,0.8049999999999999,0.22999999999999998,0.0,0.0,1.74347979645455,0.0
111024,2025-05-03T09:00:00.000000000,0.728,0.086,0.0,0.0,0.6948715073783389,0.0
111024,2025-05-03T10:00:00.000000000,0.957,0.004,0.0,0.011,1.6203899469822167,0.0
111024,2025-05-03T11:00:00.000000000,0.492,0.0,0.0,0.037000000000000005,1.878292488733772,0.0
111024,2025-05-03T12:00:00.000000000,0.5970000000000001,0.0,0.0,0.065,1.0392300148307,0.0
111024,2025-05-03T13:00:00.000000000,0.635,0.0,0.0,0.081,0.8141514329384334,0.0
111024,2025-05-03T14:00:00.000000000,0.45899999999999996,0.0,0.0,0.084,0.8460961795872055,0.0
111024,2025-05-03T15:00:00.000000000,0.514,0.0,0.0,0.102,0.1465355350861111,0.0
111024,2025-05-03T16:00:00.000000000,0.7739999999999999,0.0,0.0,0.112,1.1464940265137333,0.0
111024,2025-05-03T17:00:00.000000000,0.9450000000000001,0.0,0.0,0.032999999999999995,6.821815300398816,0.0
111024,2025-05-03T18:00:00.000000000,1.1909999999999998,0.002,0.0,0.024,6.8968414943629055,0.0
111024,2025-05-03T19:00:00.000000000,0.94,0.032,0.0,0.034,3.109484054527278,0.0
111024,2025-05-03T20:00:00.000000000,0.872,0.048,0.0,0.011000000000000001,0.6755288167469722,0.0
111024,2025-05-03T21:00:00.000000000,0.651,0.119,0.0,0.0,1.167302072495961,0.0
111024,2025-05-03T22:00:00.000000000,0.561,0.18599999999999997,0.0,0.0,0.8188405700611889,0.0
111024,2025-05-03T23:00:00.000000000,0.607,0.237,0.0,0.0,0.3235504614701334,0.0
111024,2025-05-04T00:00:00.000000000,0.633,0.274,0.0,0.0,0.0,0.0
111024,2025-05-04T01:00:00.000000000,0.6759999999999999,0.318,0.0,0.0,1.1995398902149055,0.0
111024,2025-05-04T02:00:00.000000000,0.6969999999999998,0.34,0.0,0.0,0.3235504614701334,0.0
111024,2025-05-04T03:00:00.000000000,0.708,0.355,0.0,0.0,0.3235504614701334,0.0
111024,2025-05-04T04:00:00.000000000,0.7250000000000001,0.368,0.0,0.0,0.0,0.0
111024,2025-05-04T05:00:00.000000000,0.734,0.26399999999999996,0.0,0.0,1.545363753018128,0.0
111024,2025-05-04T06:00:00.000000000,0.639,0.166,0.0,0.0,0.3704418326976889,0.0
111024,2025-05-04T07:00:00.000000000,0.529,0.06099999999999999,0.0,0.0,0.3232573903999611,0.0
111024,2025-05-04T08:00:00.000000000,0.5760000000000001,0.0,0.0,0.03,0.0,0.0
111024,2025-05-04T09:00:00.000000000,0.714,0.0,0.0,0.066,1.5793599971581056,0.0
111024,2025-05-04T10:00:00.000000000,0.756,0.0,0.0,0.093,0.7024913552028167,0.0
111024,2025-05-04T11:00:00.000000000,0.654,0.0,0.0,0.095,0.34113472568046666,0.0
111024,2025-05-04T12:00:00.000000000,0.632,0.0,0.0,0.099,0.3235504614701334,0.0
111024,2025-05-04T13:00:00.000000000,0.556,0.0,0.0,0.104,0.3414277967506389,0.0
111024,2025-05-04T14:00:00.000000000,0.575,0.0,0.0,0.119,0.0,0.0
111024,2025-05-04T15:00:00.000000000,0.7979999999999999,0.0,0.0,0.138,2.171656629976167,0.0
111024,2025-05-04T16:00:00.000000000,0.7390000000000001,0.0,0.0,0.12,1.2877542823367445,0.0
111024,2025-05-04T17:00:00.000000000,0.848,0.0,0.0,0.123,3.3401309867528166,0.0
111024,2025-05-04T18:00:00.000000000,0.938,0.0,0.0,0.15300000000000002,2.5828353414277947,0.0
111024,2025-05-04T19:00:00.000000000,0.9209999999999999,0.0,0.0,0.114,1.6936577145252723,0.0
111024,2025-05-04T20:00:00.000000000,0.89,0.0,0.0,0.024,0.36135662952235004,0.0
111024,2025-05-04T21:00:00.000000000,0.672,0.002,0.0,0.009000000000000001,0.3235504614701334,0.0
111024,2025-05-04T22:00:00.000000000,0.489,0.032,0.0,0.0,0.3235504614701334,0.0
111024,2025-05-04T23:00:00.000000000,0.43499999999999994,0.056,0.0,0.0,0.3235504614701334,0.0
111024,2025-05-05T00:00:00.000000000,0.431,0.07200000000000001,0.0,0.0,0.3235504614701334,0.0
111024,2025-05-05T01:00:00.000000000,0.444,0.087,0.0,0.0,0.0,0.0
111024,2025-05-05T02:00:00.000000000,0.448,0.093,0.0,0.0,0.3232573903999611,0.0
111024,2025-05-05T03:00:00.000000000,0.455,0.102,0.0,0.0,0.0,0.0
111024,2025-05-05T04:00:00.000000000,0.466,0.113,0.0,0.0,0.3235504614701334,0.0
111024,2025-05-05T05:00:00.000000000,0.515,0.14800000000000002,0.0,0.0,0.8428723978153111,0.0
111024,2025-05-05T06:00:00.000000000,0.548,0.102,0.0,0.0,0.35608135025925003,0.0
111024,2025-05-05T07:00:00.000000000,0.6090000000000001,0.054000000000000006,0.0,0.0,1.1453217422330446,0.0
111024,2025-05-05T08:00:00.000000000,0.594,0.018000000000000002,0.0,0.002,1.045970649444661,0.0
111024,2025-05-05T09:00:00.000000000,0.514,0.0,0.0,0.027,0.0,0.0
111024,2025-05-05T10:00:00.000000000,0.489,0.0,0.0,0.06,1.067950979707578,0.0
111024,2025-05-05T11:00:00.000000000,0.694,0.0,0.0,0.196,2.003726906767483,0.0
111024,2025-05-05T12:00:00.000000000,0.752,0.0,0.0,0.266,1.2297262104426445,0.0
111024,2025-05-05T13:00:00.000000000,0.7269999999999999,0.0,0.0,0.273,0.34113472568046666,0.0
111024,2025-05-05T14:00:00.000000000,0.746,0.0,0.0,0.29,1.4820604018609278,0.0
111024,2025-05-05T15:00:00.000000000,0.853,0.0,0.0,0.328,0.45074330592487777,0.0
111024,2025-05-05T16:00:00.000000000,0.977,0.0,0.0,0.358,1.7440659385948944,0.0
111024,2025-05-05T17:00:00.000000000,1.058,0.0,0.0,0.375,0.5694370893446278,0.0
111024,2025-05-05T18:00:00.000000000,1.195,0.0,0.0,0.318,0.7083527766062611,0.0
111024,2025-05-05T19:00:00.000000000,1.302,0.0,0.0,0.29800000000000004,5.154827053259217,0.0
111024,2025-05-05T20:00:00.000000000,1.4500000000000002,0.0,0.0,0.28,6.355832298824984,0.0
111024,2025-05-05T21:00:00.000000000,0.9099999999999999,0.0,0.0,0.194,0.34201393889098336,0.0
111024,2025-05-05T22:00:00.000000000,0.671,0.0,0.0,0.15,1.1500108793558002,0.0
111024,2025-05-05T23:00:00.000000000,0.539,0.0,0.0,0.11099999999999999,1.4946624578783334,0.0
111024,2025-05-06T00:00:00.000000000,0.46099999999999997,0.0,0.0,0.085,0.8261673468154944,0.0
111024,2025-05-06T01:00:00.000000000,0.422,0.0,0.0,0.062,0.3235504614701334,0.0
111024,2025-05-06T02:00:00.000000000,0.4,0.0,0.0,0.046000000000000006,0.0,0.0
111024,2025-05-06T03:00:00.000000000,0.388,0.0,0.0,0.032,0.3235504614701334,0.0
111024,2025-05-06T04:00:00.000000000,0.40299999999999997,0.0,0.0,0.031,0.0,0.0
111024,2025-05-06T05:00:00.000000000,0.46399999999999997,0.0,0.0,0.034,0.3235504614701334,0.0
111024,2025-05-06T06:00:00.000000000,0.511,0.0,0.0,0.047,0.0,0.0
111024,2025-05-06T07:00:00.000000000,0.45199999999999996,0.0,0.0,0.064,0.6846140199223112,0.0
111024,2025-05-06T08:00:00.000000000,0.541,0.0,0.0,0.10099999999999999,0.0,0.0
111024,2025-05-06T09:00:00.000000000,0.597,0.0,0.0,0.136,0.5720747289761778,0.0
111024,2025-05-06T10:00:00.000000000,0.621,0.0,0.0,0.16499999999999998,0.4290560467321333,0.0
111024,2025-05-06T11:00:00.000000000,0.7110000000000001,0.0,0.0,0.177,1.6241998708944556,0.0
111024,2025-05-06T12:00:00.000000000,0.663,0.0,0.0,0.181,0.3610635584521778,0.0
111024,2025-05-06T13:00:00.000000000,0.7450000000000001,0.0,0.0,0.191,0.34113472568046666,0.0
111024,2025-05-06T14:00:00.000000000,0.702,0.0,0.0,0.16799999999999998,0.8071177272543,0.0
111024,2025-05-06T15:00:00.000000000,0.702,0.0,0.0,0.151,0.7065943501852279,0.0
111024,2025-05-06T16:00:00.000000000,0.7830000000000001,0.0,0.0,0.16399999999999998,0.6822694513609333,0.0
111024,2025-05-06T17:00:00.000000000,0.864,0.0,0.0,0.182,0.34113472568046666,0.0
111024,2025-05-06T18:00:00.000000000,0.896,0.0,0.0,0.188,0.6843209488521389,0.0
111024,2025-05-06T19:00:00.000000000,0.9199999999999999,0.0,0.0,0.164,0.8167890725699833,0.0
111024,2025-05-06T20:00:00.000000000,0.943,0.0,0.0,0.133,0.6822694513609333,0.0
111024,2025-05-06T21:00:00.000000000,0.765,0.0,0.0,0.11699999999999999,2.525979553814383,0.0
111024,2025-05-06T22:00:00.000000000,0.7530000000000001,0.0,0.0,0.171,2.2214787119054447,0.0
111024,2025-05-06T23:00:00.000000000,0.46499999999999997,0.0,0.0,0.077,0.6195522423440778,0.0
111024,2025-05-07T00:00:00.000000000,0.398,0.0,0.0,0.038,0.0,0.0
111024,2025-05-07T01:00:00.000000000,0.372,0.0,0.0,0.015,0.6843209488521389,0.0
111024,2025-05-07T02:00:00.000000000,0.36,0.003,0.0,0.001,0.0,0.0
111024,2025-05-07T03:00:00.000000000,0.368,0.015,0.0,0.0,0.3235504614701334,0.0
111024,2025-05-07T04:00:00.000000000,0.374,0.024999999999999998,0.0,0.0,0.0,0.0
111024,2025-05-07T05:00:00.000000000,0.409,0.045,0.0,0.0,0.3235504614701334,0.0
111024,2025-05-07T06:00:00.000000000,0.46499999999999997,0.011,0.0,0.012,0.0,0.0
111024,2025-05-07T07:00:00.000000000,0.43,0.0,0.0,0.044,0.3235504614701334,0.0
111024,2025-05-07T08:00:00.000000000,0.5700000000000001,0.0,0.0,0.105,0.0,0.0
111024,2025-05-07T09:00:00.000000000,0.543,0.0,0.0,0.16299999999999998,0.32355046147013333,0.0
111024,2025-05-07T10:00:00.000000000,0.5920000000000001,0.0,0.0,0.24,0.34113472568046666,0.0
111024,2025-05-07T11:00:00.000000000,0.79,0.0,0.0,0.33299999999999996,0.34113472568046666,0.0
111024,2025-05-07T12:00:00.000000000,0.842,0.0,0.0,0.385,0.34113472568046666,0.0
111024,2025-05-07T13:00:00.000000000,0.947,0.0,0.0,0.46699999999999997,0.816202930429639,0.0
111024,2025-05-07T14:00:00.000000000,1.04,0.0,0.0,0.5800000000000001,0.3235504614701334,0.0
111024,2025-05-07T15:00:00.000000000,1.153,0.0,0.0,0.678,0.7241786143955611,0.0
111024,2025-05-07T16:00:00.000000000,1.3119999999999998,0.0,0.0,0.67,0.6696673953435277,0.0
111024,2025-05-07T17:00:00.000000000,2.156,0.0,0.0,0.7129999999999999,2.0142774652936835,0.0
111024,2025-05-07T18:00:00.000000000,1.5610000000000002,0.0,0.0,0.583,0.8537160274116833,0.0
111024,2025-05-07T19:00:00.000000000,1.237,0.0,0.0,0.42699999999999994,0.9542394044807554,0.0
111024,2025-05-07T20:00:00.000000000,1.371,0.0,0.0,0.349,0.8159098593594666,0.0
111024,2025-05-07T21:00:00.000000000,1.074,0.0,0.0,0.302,2.1127493448715504,0.0
111024,2025-05-07T22:00:00.000000000,0.7070000000000001,0.0,0.0,0.253,0.3235504614701334,0.0
111024,2025-05-07T23:00:00.000000000,0.597,0.0,0.0,0.218,0.0,0.0
111024,2025-05-08T00:00:00.000000000,0.5660000000000001,0.0,0.0,0.206,0.3235504614701334,0.0
111024,2025-05-08T01:00:00.000000000,0.5609999999999999,0.0,0.0,0.20400000000000001,0.8390624739030722,0.0
111024,2025-05-08T02:00:00.000000000,0.534,0.0,0.0,0.178,1.0729331879005057,0.0
111024,2025-05-08T03:00:00.000000000,0.512,0.0,0.0,0.158,0.0,0.0
111024,2025-05-08T04:00:00.000000000,0.488,0.0,0.0,0.137,0.3235504614701334,0.0
111024,2025-05-08T05:00:00.000000000,0.546,0.0,0.0,0.14400000000000002,1.18957547382905,0.0
111024,2025-05-08T06:00:00.000000000,0.6559999999999999,0.0,0.0,0.194,1.5239695648955556,0.0
111024,2025-05-08T07:00:00.000000000,0.711,0.0,0.0,0.27,0.7156795533605668,0.0
111024,2025-05-08T08:00:00.000000000,0.6819999999999999,0.0,0.0,0.32499999999999996,0.0,0.0
111024,2025-05-08T09:00:00.000000000,0.73,0.0,0.0,0.376,0.3235504614701334,0.0
111024,2025-05-08T10:00:00.000000000,0.8079999999999999,0.0,0.0,0.456,1.0814322489355002,0.0
111024,2025-05-08T11:00:00.000000000,0.886,0.0,0.0,0.531,0.3408416546102945,0.0
111024,2025-05-08T12:00:00.000000000,0.931,0.0,0.0,0.545,0.4346243970654056,0.0
111024,2025-05-08T13:00:00.000000000,1.194,0.0,0.0,0.679,1.4811811886504112,0.0
111024,2025-05-08T14:00:00.000000000,1.0030000000000001,0.0,0.0,0.46299999999999997,0.3235504614701334,0.0
111024,2025-05-08T15:00:00.000000000,0.9249999999999999,0.0,0.0,0.34500000000000003,0.0,0.0
111024,2025-05-08T16:00:00.000000000,0.92,0.0,0.0,0.3,0.3235504614701334,0.0
111024,2025-05-08T17:00:00.000000000,1.0590000000000002,0.0,0.0,0.338,1.3780201719497889,0.0
111024,2025-05-08T18:00:00.000000000,1.334,0.0,0.0,0.262,1.597237332438611,0.0
111024,2025-05-08T19:00:00.000000000,1.014,0.0,0.0,0.206,1.7332223089985221,0.0
111024,2025-05-08T20:00:00.000000000,1.424,0.0,0.0,0.193,0.7388321679041723,0.0
111024,2025-05-08T21:00:00.000000000,1.085,0.0,0.0,0.166,1.0362993041289779,0.0
111024,2025-05-08T22:00:00.000000000,0.8420000000000001,0.0,0.0,0.135,0.3241366036104778,0.0
111024,2025-05-08T23:00:00.000000000,0.722,0.0,0.0,0.09100000000000001,4.839189510683733,0.0
111024,2025-05-09T00:00:00.000000000,0.5690000000000001,0.0,0.0,0.094,1.847520026365689,0.0
111024,2025-05-09T01:00:00.000000000,0.44,0.0,0.0,0.082,0.0,0.0
111024,2025-05-09T02:00:00.000000000,0.425,0.0,0.0,0.069,0.6843209488521389,0.0
111024,2025-05-09T03:00:00.000000000,0.412,0.0,0.0,0.06,0.0,0.0
111024,2025-05-09T04:00:00.000000000,0.397,0.0,0.0,0.047,0.7121627005185001,0.0
111024,2025-05-09T05:00:00.000000000,0.44999999999999996,0.0,0.0,0.047,0.3235504614701334,0.0
111024,2025-05-09T06:00:00.000000000,0.436,0.0,0.0,0.07600000000000001,0.0,0.0
111024,2025-05-09T07:00:00.000000000,0.46799999999999997,0.0,0.0,0.11,0.3235504614701334,0.0
111024,2025-05-09T08:00:00.000000000,0.6220000000000001,0.0,0.0,0.183,0.0,0.0
111024,2025-05-09T09:00:00.000000000,0.7629999999999999,0.0,0.0,0.30300000000000005,0.32325739039996115,0.0
111024,2025-05-09T10:00:00.000000000,0.859,0.0,0.0,0.40499999999999997,0.0,0.0
111024,2025-05-09T11:00:00.000000000,0.963,0.0,0.0,0.504,0.3235504614701334,0.0
111024,2025-05-09T12:00:00.000000000,0.987,0.0,0.0,0.528,0.3408416546102945,0.0
111024,2025-05-09T13:00:00.000000000,1.091,0.0,0.0,0.631,0.3235504614701334,0.0
111024,2025-05-09T14:00:00.000000000,1.2810000000000001,0.0,0.0,0.815,0.39857665543422227,0.0
111024,2025-05-09T15:00:00.000000000,1.153,0.0,0.0,0.675,0.6500316336419889,0.0
111024,2025-05-09T16:00:00.000000000,0.927,0.0,0.0,0.394,0.8326149103592834,0.0
111024,2025-05-09T17:00:00.000000000,1.315,0.0,0.0,0.40299999999999997,3.4172086782081115,0.0
111024,2025-05-09T18:00:00.000000000,1.147,0.0,0.0,0.28099999999999997,2.468244552990456,0.0
111024,2025-05-09T19:00:00.000000000,1.15,0.02,0.0,0.131,4.290560467321334,0.0
111024,2025-05-09T20:00:00.000000000,1.2149999999999999,0.031,0.0,0.10999999999999999,1.4272561117387221,0.0
111024,2025-05-09T21:00:00.000000000,0.99,0.038,0.0,0.071,1.8563121584708557,0.0
111024,2025-05-09T22:00:00.000000000,0.441,0.046,0.0,0.021,0.6737703903259389,0.0
111024,2025-05-09T23:00:00.000000000,0.431,0.067,0.0,0.0,0.32355046147013333,0.0
111024,2025-05-10T00:00:00.000000000,0.446,0.087,0.0,0.0,0.0,0.0
111024,2025-05-10T01:00:00.000000000,0.489,0.13,0.0,0.0,1.0447983651639723,0.0
111024,2025-05-10T02:00:00.000000000,0.511,0.156,0.0,0.0,0.0,0.0
111024,2025-05-10T03:00:00.000000000,0.512,0.158,0.0,0.0,0.3235504614701334,0.0
111024,2025-05-10T04:00:00.000000000,0.526,0.177,0.0,0.0,0.0,0.0
111024,2025-05-10T05:00:00.000000000,0.552,0.188,0.0,0.0,0.3235504614701334,0.0
111024,2025-05-10T06:00:00.000000000,0.504,0.14400000000000002,0.0,0.0,0.0,0.0
111024,2025-05-10T07:00:00.000000000,0.505,0.14700000000000002,0.0,0.0,0.7045428526940223,0.0
111024,2025-05-10T08:00:00.000000000,0.5770000000000001,0.16499999999999998,0.0,0.0,0.3235504614701334,0.0
111024,2025-05-10T09:00:00.000000000,0.521,0.168,0.0,0.0,0.0,0.0
111024,2025-05-10T10:00:00.000000000,0.5870000000000001,0.094,0.0,0.022,1.545363753018128,0.0
111024,2025-05-10T11:00:00.000000000,0.6,0.097,0.0,0.018000000000000002,0.8885914847621779,0.0
111024,2025-05-10T12:00:00.000000000,0.608,0.152,0.0,0.0,0.3235504614701334,0.0
111024,2025-05-10T13:00:00.000000000,0.603,0.14900000000000002,0.0,0.0,0.0,0.0
111024,2025-05-10T14:00:00.000000000,0.653,0.198,0.0,0.0,0.7065943501852279,0.0
111024,2025-05-10T15:00:00.000000000,0.825,0.198,0.0,0.0,1.160561437882,0.0
111024,2025-05-10T16:00:00.000000000,1.3519999999999999,0.181,0.0,0.0,0.5846767849935833,0.0
111024,2025-05-10T17:00:00.000000000,0.848,0.265,0.0,0.0,1.5137120774395278,0.0
111024,2025-05-10T18:00:00.000000000,0.878,0.059000000000000004,0.0,0.034,2.922797782827572,0.0
111024,2025-05-10T19:00:00.000000000,0.9380000000000001,0.11499999999999999,0.0,0.002,2.2241163515369946,0.0
111024,2025-05-10T20:00:00.000000000,1.312,0.115,0.0,0.0,0.34875457350494443,0.0
111024,2025-05-10T21:00:00.000000000,0.9249999999999999,0.154,0.0,0.0,0.6690812532031833,0.0
111024,2025-05-10T22:00:00.000000000,0.7469999999999999,0.209,0.0,0.0,1.1716981385485443,0.0
111024,2025-05-10T23:00:00.000000000,0.631,0.254,0.0,0.0,0.7218340458341833,0.0
111024,2025-05-11T00:00:00.000000000,0.615,0.255,0.0,0.0,0.36047741631183333,0.0
111024,2025-05-11T01:00:00.000000000,0.643,0.28500000000000003,0.0,0.0,0.32355046147013333,0.0
111024,2025-05-11T02:00:00.000000000,0.665,0.31,0.0,0.0,0.0,0.0
111024,2025-05-11T03:00:00.000000000,0.669,0.315,0.0,0.0,0.6969230048695445,0.0
111024,2025-05-11T04:00:00.000000000,0.6969999999999998,0.32,0.0,0.0,1.1634921485837224,0.0
111024,2025-05-11T05:00:00.000000000,0.776,0.348,0.0,0.0,0.0,0.0
111024,2025-05-11T06:00:00.000000000,0.784,0.322,0.0,0.0,0.3235504614701334,0.0
111024,2025-05-11T07:00:00.000000000,0.79,0.321,0.0,0.0,0.0,0.0
111024,2025-05-11T08:00:00.000000000,0.7649999999999999,0.299,0.0,0.0,0.7104042740974668,0.0
111024,2025-05-11T09:00:00.000000000,0.706,0.246,0.0,0.0,1.518987356702628,0.0
111024,2025-05-11T10:00:00.000000000,0.569,0.13999999999999999,0.0,0.0,1.1670090014257888,0.0
111024,2025-05-11T11:00:00.000000000,0.42100000000000004,0.06999999999999999,0.0,0.0,0.3235504614701334,0.0
111024,2025-05-11T12:00:00.000000000,0.361,0.005,0.0,0.004,0.3408416546102945,0.0
111024,2025-05-11T13:00:00.000000000,0.372,0.0,0.0,0.021,1.1166007773561666,0.0
111024,2025-05-11T14:00:00.000000000,0.469,0.0,0.0,0.04,0.7013190709221278,0.0
111024,2025-05-11T15:00:00.000000000,0.49,0.0,0.0,0.05,0.3235504614701334,0.0
111024,2025-05-11T16:00:00.000000000,0.416,0.0,0.0,0.047,0.0,0.0
111024,2025-05-11T17:00:00.000000000,0.556,0.0,0.0,0.045,0.3235504614701334,0.0
111024,2025-05-11T18:00:00.000000000,0.7090000000000001,0.0,0.0,0.076,0.7230063301148723,0.0
111024,2025-05-11T19:00:00.000000000,0.819,0.0,0.0,0.059,0.6643921160804278,0.0
111024,2025-05-11T20:00:00.000000000,0.666,0.0,0.0,0.015,0.0,0.0
111024,2025-05-11T21:00:00.000000000,0.633,0.08,0.0,0.0,0.3235504614701334,0.0
111024,2025-05-11T22:00:00.000000000,0.594,0.184,0.0,0.0,1.0855352439179111,0.0
111024,2025-05-11T23:00:00.000000000,0.624,0.26,0.0,0.0,0.8332010524996278,0.0
111024,2025-05-12T00:00:00.000000000,0.662,0.298,0.0,0.0,0.24530048573415,0.0
111024,2025-05-12T01:00:00.000000000,0.694,0.334,0.0,0.0,0.3235504614701334,0.0
111024,2025-05-12T02:00:00.000000000,0.7419999999999999,0.386,0.0,0.0,0.0,0.0
111024,2025-05-12T03:00:00.000000000,0.847,0.492,0.0,0.0,0.3235504614701334,0.0
111024,2025-05-12T04:00:00.000000000,0.882,0.528,0.0,0.0,0.33204952250512776,0.0
111024,2025-05-12T05:00:00.000000000,0.859,0.471,0.0,0.0,1.06824405077775,0.0
111024,2025-05-12T06:00:00.000000000,0.6960000000000001,0.231,0.0,0.0,0.8707141494816723,0.0
111024,2025-05-12T07:00:00.000000000,0.46799999999999997,0.054000000000000006,0.0,0.0,0.3235504614701334,0.0
111024,2025-05-12T08:00:00.000000000,0.44999999999999996,0.0,0.0,0.037,0.0,0.0
111024,2025-05-12T09:00:00.000000000,0.438,0.0,0.0,0.084,0.3235504614701334,0.0
111024,2025-05-12T10:00:00.000000000,0.471,0.0,0.0,0.121,0.7701907724126,0.0
111024,2025-05-12T11:00:00.000000000,0.674,0.0,0.0,0.203,1.9052550271896167,0.0
111024,2025-05-12T12:00:00.000000000,0.653,0.0,0.0,0.18500000000000003,0.3704418326976889,0.0
111024,2025-05-12T13:00:00.000000000,0.611,0.0,0.0,0.158,0.3235504614701334,0.0
111024,2025-05-12T14:00:00.000000000,0.625,0.0,0.0,0.143,0.0,0.0
111024,2025-05-12T15:00:00.000000000,0.7170000000000001,0.0,0.0,0.139,0.32442967468065004,0.0
111024,2025-05-12T16:00:00.000000000,0.7490000000000001,0.0,0.0,0.13,1.5509321033514,0.0
111024,2025-05-12T17:00:00.000000000,0.7869999999999999,0.0,0.0,0.10500000000000001,1.5342270523515835,0.0
111024,2025-05-12T18:00:00.000000000,0.816,0.0,0.0,0.108,0.3408416546102945,0.0
111024,2025-05-12T19:00:00.000000000,0.848,0.0,0.0,0.092,1.1922131134606,0.0
111024,2025-05-12T20:00:00.000000000,0.883,0.0,0.0,0.07300000000000001,0.8129791486577445,0.0
111024,2025-05-12T21:00:00.000000000,0.7340000000000001,0.0,0.0,0.055,0.702784426272989,0.0
111024,2025-05-12T22:00:00.000000000,0.535,0.0,0.0,0.036,0.7010259998519557,0.0
111024,2025-05-12T23:00:00.000000000,0.45399999999999996,0.0,0.0,0.02,0.6840278777819667,0.0
111024,2025-05-13T00:00:00.000000000,0.384,0.005,0.0,0.004,0.0,0.0
111024,2025-05-13T01:00:00.000000000,0.402,0.039,0.0,0.0,0.3235504614701334,0.0
111024,2025-05-13T02:00:00.000000000,0.46299999999999997,0.10700000000000001,0.0,0.0,0.0,0.0
111024,2025-05-13T03:00:00.000000000,0.506,0.153,0.0,0.0,0.32355046147013333,0.0
111024,2025-05-13T04:00:00.000000000,0.496,0.14200000000000002,0.0,0.0,0.0,0.0
111024,2025-05-13T05:00:00.000000000,0.515,0.14800000000000002,0.0,0.0,0.3235504614701334,0.0
111024,2025-05-13T06:00:00.000000000,0.561,0.116,0.0,0.0,0.7224201879745278,0.0
111024,2025-05-13T07:00:00.000000000,0.5740000000000001,0.073,0.0,0.0,1.6971745673673388,0.0
111024,2025-05-13T08:00:00.000000000,0.7390000000000001,0.0,0.0,0.066,2.8263774007409115,0.0
111024,2025-05-13T09:00:00.000000000,0.572,0.0,0.0,0.004,0.34963378671546114,0.0
111024,2025-05-13T10:00:00.000000000,0.5509999999999999,0.004,0.0,0.005,0.7631570667284667,0.0
111024,2025-05-13T11:00:00.000000000,0.575,0.0,0.0,0.013000000000000001,0.7945156712368944,0.0
111024,2025-05-13T12:00:00.000000000,0.981,0.034999999999999996,0.0,0.0,7.2072037576752885,0.0
111024,2025-05-13T13:00:00.000000000,0.861,0.039,0.0,0.008,6.193470925949572,0.0
111024,2025-05-13T14:00:00.000000000,0.479,0.0,0.0,0.024,1.0600380608129278,0.0
111024,2025-05-13T15:00:00.000000000,0.603,0.0,0.0,0.024,1.043333009813111,0.0
111024,2025-05-13T16:00:00.000000000,0.565,0.0,0.0,0.010000000000000002,1.4117233450195945,0.0
111024,2025-05-13T17:00:00.000000000,0.7130000000000001,0.061,0.0,0.0,0.7789829045177667,0.0
111024,2025-05-13T18:00:00.000000000,0.734,0.026000000000000002,0.0,0.0,1.13154740193495,0.0
111024,2025-05-13T19:00:00.000000000,0.859,0.009,0.0,0.051000000000000004,2.6906854952511723,0.0
111024,2025-05-13T20:00:00.000000000,0.846,0.005,0.0,0.019,0.9800296586559112,0.0
111024,2025-05-13T21:00:00.000000000,0.6819999999999999,0.041,0.0,0.0,1.172284280688889,0.0
111024,2025-05-13T22:00:00.000000000,0.558,0.067,0.0,0.0,0.8120999354472278,0.0
111024,2025-05-13T23:00:00.000000000,0.506,0.10600000000000001,0.0,0.0,0.7224201879745278,0.0
111024,2025-05-14T00:00:00.000000000,0.479,0.113,0.0,0.0,0.3235504614701334,0.0
111024,2025-05-14T01:00:00.000000000,0.5,0.14,0.0,0.0,0.0,0.0
111024,2025-05-14T02:00:00.000000000,0.524,0.169,0.0,0.0,0.3235504614701334,0.0
111024,2025-05-14T03:00:00.000000000,0.547,0.19299999999999998,0.0,0.0,0.3235504614701334,0.0
111024,2025-05-14T04:00:00.000000000,0.56,0.209,0.0,0.0,0.0,0.0
111024,2025-05-14T05:00:00.000000000,0.5990000000000001,0.17700000000000002,0.0,0.0,0.3510991420663222,0.0
111024,2025-05-14T06:00:00.000000000,0.595,0.107,0.0,0.0,0.7086458476764333,0.0
111024,2025-05-14T07:00:00.000000000,0.5660000000000001,0.06799999999999999,0.0,0.0,0.8334941235698,0.0
111024,2025-05-14T08:00:00.000000000,0.5319999999999999,0.005,0.0,0.007,0.3235504614701334,0.0
111024,2025-05-14T09:00:00.000000000,0.393,0.0,0.0,0.04,0.7631570667284667,0.0
111024,2025-05-14T10:00:00.000000000,0.503,0.0,0.0,0.099,2.301194042992289,0.0
111024,2025-05-14T11:00:00.000000000,0.509,0.0,0.0,0.15700000000000003,0.6837348067117945,0.0
111024,2025-05-14T12:00:00.000000000,0.546,0.0,0.0,0.194,0.0,0.0
111024,2025-05-14T13:00:00.000000000,0.5720000000000001,0.0,0.0,0.22,0.3235504614701334,0.0
111024,2025-05-14T14:00:00.000000000,0.6819999999999999,0.0,0.0,0.279,0.3235504614701334,0.0
111024,2025-05-14T15:00:00.000000000,0.909,0.0,0.0,0.355,0.0,0.0
111024,2025-05-14T16:00:00.000000000,1.03,0.0,0.0,0.406,0.3235504614701334,0.0
111024,2025-05-14T17:00:00.000000000,1.036,0.0,0.0,0.35100000000000003,0.0,0.0
111024,2025-05-14T18:00:00.000000000,1.167,0.0,0.0,0.392,2.100733430994489,0.0
111024,2025-05-14T19:00:00.000000000,1.111,0.0,0.0,0.3,2.1133354870118946,0.0
111024,2025-05-14T20:00:00.000000000,1.0999999999999999,0.0,0.0,0.18,1.06824405077775,0.0
111024,2025-05-14T21:00:00.000000000,0.62,0.0,0.0,0.126,0.692526938816961,0.0
111024,2025-05-14T22:00:00.000000000,0.45499999999999996,0.0,0.0,0.081,0.6852001620626555,0.0
111024,2025-05-14T23:00:00.000000000,0.422,0.0,0.0,0.057999999999999996,0.0,0.0
111024,2025-05-15T00:00:00.000000000,0.389,0.0,0.0,0.03,0.8106345800963667,0.0
111024,2025-05-15T01:00:00.000000000,0.37,0.0,0.0,0.012,0.3235504614701334,0.0
111024,2025-05-15T02:00:00.000000000,0.375,0.02,0.0,0.0,0.0,0.0
111024,2025-05-15T03:00:00.000000000,0.437,0.083,0.0,0.0,0.3235504614701334,0.0
111024,2025-05-15T04:00:00.000000000,0.481,0.13,0.0,0.0,0.19665068808556113,0.0
111024,2025-05-15T05:00:00.000000000,0.6070000000000001,0.14700000000000002,0.0,0.0,0.1266067023144,0.0
111024,2025-05-15T06:00:00.000000000,0.492,0.031,0.0,0.001,0.3235504614701334,0.0
111024,2025-05-15T07:00:00.000000000,0.627,0.0,0.0,0.053000000000000005,2.2270470622387166,0.0
111024,2025-05-15T08:00:00.000000000,0.8479999999999999,0.0,0.0,0.11399999999999999,1.2555164646178,0.0
111024,2025-05-15T09:00:00.000000000,0.753,0.0,0.0,0.098,1.1385811076190835,0.0
111024,2025-05-15T10:00:00.000000000,0.6739999999999999,0.0,0.0,0.14100000000000001,0.3235504614701334,0.0
111024,2025-05-15T11:00:00.000000000,0.586,0.0,0.0,0.157,1.1640782907240668,0.0
111024,2025-05-15T12:00:00.000000000,0.5690000000000001,0.0,0.0,0.167,0.3235504614701334,0.0
111024,2025-05-15T13:00:00.000000000,0.54,0.0,0.0,0.162,0.0,0.0
111024,2025-05-15T14:00:00.000000000,0.5940000000000001,0.0,0.0,0.164,0.6831486645714501,0.0
111024,2025-05-15T15:00:00.000000000,0.6699999999999999,0.0,0.0,0.16999999999999998,0.11107393559527222,0.0
111024,2025-05-15T16:00:00.000000000,0.876,0.0,0.0,0.22599999999999998,1.97559208403095,0.0
111024,2025-05-15T17:00:00.000000000,0.823,0.0,0.0,0.176,1.2147795858638613,0.0
111024,2025-05-15T18:00:00.000000000,0.95,0.0,0.0,0.19999999999999998,2.087838303906911,0.0
111024,2025-05-15T19:00:00.000000000,0.9209999999999999,0.0,0.0,0.147,1.0515389997779332,0.0
111024,2025-05-15T20:00:00.000000000,0.914,0.009,0.0,0.09300000000000001,1.189282402758878,0.0
111024,2025-05-15T21:00:00.000000000,0.768,0.040999999999999995,0.0,0.044,0.3235504614701334,0.0
111024,2025-05-15T22:00:00.000000000,0.511,0.051000000000000004,0.0,0.002,0.0,0.0
111024,2025-05-15T23:00:00.000000000,0.449,0.08600000000000001,0.0,0.0,0.3235504614701334,0.0
111024,2025-05-16T00:00:00.000000000,0.483,0.123,0.0,0.0,0.3235504614701334,0.0
111024,2025-05-16T01:00:00.000000000,0.517,0.159,0.0,0.0,0.0,0.0
111024,2025-05-16T02:00:00.000000000,0.556,0.20099999999999998,0.0,0.0,1.1505970214961443,0.0
111024,2025-05-16T03:00:00.000000000,0.597,0.244,0.0,0.0,0.0,0.0
111024,2025-05-16T04:00:00.000000000,0.7150000000000001,0.363,0.0,0.0,0.32355046147013333,0.0
111024,2025-05-16T05:00:00.000000000,0.7290000000000001,0.36500000000000005,0.0,0.0,0.34758228922425555,0.0
111024,2025-05-16T06:00:00.000000000,0.9359999999999999,0.15000000000000002,0.0,0.0,1.204229027337661,0.0
111024,2025-05-16T07:00:00.000000000,1.471,0.0,0.0,0.087,2.636174276199139,0.0
111024,2025-05-16T08:00:00.000000000,1.285,0.0,0.0,0.08499999999999999,0.3546159949083889,0.0
111024,2025-05-16T09:00:00.000000000,0.7349999999999999,0.0,0.0,0.11599999999999999,0.7783967623774223,0.0
111024,2025-05-16T10:00:00.000000000,0.609,0.0,0.0,0.128,0.0,0.0
111024,2025-05-16T11:00:00.000000000,0.563,0.0,0.0,0.133,0.3235504614701334,0.0
111024,2025-05-16T12:00:00.000000000,0.479,0.0,0.0,0.127,0.0,0.0
111024,2025-05-16T13:00:00.000000000,0.486,0.0,0.0,0.134,0.6834417356416222,0.0
111024,2025-05-16T14:00:00.000000000,0.601,0.0,0.0,0.14500000000000002,1.169646641057339,0.0
111024,2025-05-16T15:00:00.000000000,0.7989999999999999,0.0,0.0,0.196,1.330542658581889,0.0
111024,2025-05-16T16:00:00.000000000,0.836,0.0,0.0,0.20600000000000002,1.14209796046115,0.0
111024,2025-05-16T17:00:00.000000000,0.865,0.0,0.0,0.181,0.0,0.0
111024,2025-05-16T18:00:00.000000000,0.872,0.0,0.0,0.163,1.0406953701815609,0.0
111024,2025-05-16T19:00:00.000000000,0.886,0.0,0.0,0.126,0.32677424324202775,0.0
111024,2025-05-16T20:00:00.000000000,0.7320000000000001,0.0,0.0,0.079,2.6944954191634114,0.0
111024,2025-05-16T21:00:00.000000000,0.588,0.0,0.0,0.048,1.0805530357249835,0.0
111024,2025-05-16T22:00:00.000000000,0.667,0.035,0.0,0.023,0.33732480176822777,0.0
111024,2025-05-16T23:00:00.000000000,0.946,0.176,0.0,0.001,5.114676316645622,0.0
111024,2025-05-17T00:00:00.000000000,0.439,0.07200000000000001,0.0,0.0,0.3235504614701334,0.0
111024,2025-05-17T01:00:00.000000000,0.448,0.09,0.0,0.0,0.3595982031013167,0.0
111024,2025-05-17T02:00:00.000000000,0.443,0.08700000000000001,0.0,0.0,0.3235504614701334,0.0
111024,2025-05-17T03:00:00.000000000,0.497,0.14200000000000002,0.0,0.0,1.557379666895189,0.0
111024,2025-05-17T04:00:00.000000000,0.516,0.14500000000000002,0.0,0.0,0.0,0.0
111024,2025-05-17T05:00:00.000000000,0.559,0.089,0.0,0.005,1.3604359077394557,0.0
111024,2025-05-17T06:00:00.000000000,0.506,0.045,0.0,0.0,0.7054220659045389,0.0
111024,2025-05-17T07:00:00.000000000,0.395,0.0,0.0,0.008,0.3405485835401222,0.0
111024,2025-05-17T08:00:00.000000000,0.42000000000000004,0.0,0.0,0.036000000000000004,1.1500108793558,0.0
111024,2025-05-17T09:00:00.000000000,0.55,0.0,0.0,0.091,0.3405485835401222,0.0
111024,2025-05-17T10:00:00.000000000,0.593,0.0,0.0,0.137,0.0,0.0
111024,2025-05-17T11:00:00.000000000,0.624,0.0,0.0,0.16799999999999998,0.3235504614701334,0.0
111024,2025-05-17T12:00:00.000000000,0.629,0.0,0.0,0.173,0.0,0.0
111024,2025-05-17T13:00:00.000000000,0.628,0.0,0.0,0.17400000000000002,0.7001467866414388,0.0
111024,2025-05-17T14:00:00.000000000,0.712,0.0,0.0,0.222,1.8460546710148278,0.0
111024,2025-05-17T15:00:00.000000000,0.692,0.0,0.0,0.224,0.6810971670802444,0.0
111024,2025-05-17T16:00:00.000000000,0.7349999999999999,0.0,0.0,0.239,0.0,0.0
111024,2025-05-17T17:00:00.000000000,0.846,0.0,0.0,0.23099999999999998,0.3235504614701334,0.0
111024,2025-05-17T18:00:00.000000000,0.911,0.0,0.0,0.2,1.0412815123219055,0.0
111024,2025-05-17T19:00:00.000000000,0.9199999999999999,0.0,0.0,0.16,0.07297469647288334,0.0
111024,2025-05-17T20:00:00.000000000,0.9790000000000001,0.0,0.0,0.112,2.883233188354322,0.0
111024,2025-05-17T21:00:00.000000000,0.9040000000000001,0.0,0.0,0.096,1.4369274570544055,0.0
111024,2025-05-17T22:00:00.000000000,0.6080000000000001,0.0,0.0,0.07100000000000001,0.35901206096097227,0.0
111024,2025-05-17T23:00:00.000000000,0.44899999999999995,0.0,0.0,0.049,0.3405485835401222,0.0
111024,2025-05-18T00:00:00.000000000,0.40700000000000003,0.0,0.0,0.041,0.3235504614701334,0.0
111024,2025-05-18T01:00:00.000000000,0.39,0.0,0.0,0.033,0.8085830826051611,0.0
111024,2025-05-18T02:00:00.000000000,0.387,0.0,0.0,0.031,0.1781872106647111,0.0
111024,2025-05-18T03:00:00.000000000,0.381,0.0,0.0,0.027000000000000003,0.14507017973525,0.0
111024,2025-05-18T04:00:00.000000000,0.37,0.003,0.0,0.018000000000000002,1.6951230698761333,0.0
111024,2025-05-18T05:00:00.000000000,0.496,0.0,0.0,0.017,0.8493199613591,0.0
111024,2025-05-18T06:00:00.000000000,0.535,0.0,0.0,0.027,2.5462014576562666,0.0
111024,2025-05-18T07:00:00.000000000,0.488,0.0,0.0,0.046,0.3235504614701334,0.0
111024,2025-05-18T08:00:00.000000000,0.536,0.0,0.0,0.069,0.3235504614701334,0.0
111024,2025-05-18T09:00:00.000000000,0.556,0.0,0.0,0.098,0.3801131780133722,0.0
111024,2025-05-18T10:00:00.000000000,0.665,0.0,0.0,0.131,1.5362785498427889,0.0
111024,2025-05-18T11:00:00.000000000,0.6439999999999999,0.0,0.0,0.136,1.1866447631273278,0.0
111024,2025-05-18T12:00:00.000000000,0.625,0.0,0.0,0.14500000000000002,1.0445052940938,0.0
111024,2025-05-18T13:00:00.000000000,0.605,0.0,0.0,0.151,0.32355046147013333,0.0
111024,2025-05-18T14:00:00.000000000,0.521,0.0,0.0,0.145,0.8088761536753333,0.0
111024,2025-05-18T15:00:00.000000000,0.5,0.0,0.0,0.143,1.0887590256898056,0.0
111024,2025-05-18T16:00:00.000000000,0.552,0.0,0.0,0.151,0.5061337381874278,0.0
111024,2025-05-18T17:00:00.000000000,0.937,0.0,0.0,0.177,1.318819815775,0.0
111024,2025-05-18T18:00:00.000000000,1.214,0.0,0.0,0.171,1.0922758785318722,0.0
111024,2025-05-18T19:00:00.000000000,0.9359999999999999,0.0,0.0,0.135,1.4873356811240277,0.0
111024,2025-05-18T20:00:00.000000000,0.9319999999999999,0.0,0.0,0.119,0.34816843136459996,0.0
111024,2025-05-18T21:00:00.000000000,0.748,0.0,0.0,0.10399999999999998,0.3405485835401222,0.0
111024,2025-05-18T22:00:00.000000000,0.483,0.0,0.0,0.07100000000000001,0.3405485835401222,0.0
111024,2025-05-18T23:00:00.000000000,0.415,0.0,0.0,0.053,1.5412607580357167,0.0
111024,2025-05-19T00:00:00.000000000,0.417,0.0,0.0,0.057,0.0,0.0
111024,2025-05-19T01:00:00.000000000,0.423,0.0,0.0,0.066,0.6925269388169611,0.0
111024,2025-05-19T02:00:00.000000000,0.419,0.0,0.0,0.064,0.8094622958156777,0.0
111024,2025-05-19T03:00:00.000000000,0.404,0.0,0.0,0.049999999999999996,0.6846140199223112,0.0
111024,2025-05-19T04:00:00.000000000,0.368,0.006,0.0,0.003,0.3235504614701334,0.0
111024,2025-05-19T05:00:00.000000000,0.463,0.089,0.0,0.0,0.0,0.0
111024,2025-05-19T06:00:00.000000000,0.546,0.184,0.0,0.0,0.34025551246995,0.0
111024,2025-05-19T07:00:00.000000000,0.61,0.25,0.0,0.0,0.7083527766062612,0.0
111024,2025-05-19T08:00:00.000000000,0.7159999999999999,0.248,0.0,0.0,1.08406988856705,0.0
111024,2025-05-19T09:00:00.000000000,0.8109999999999999,0.244,0.0,0.0,0.7238855433253889,0.0
111024,2025-05-19T10:00:00.000000000,0.714,0.258,0.0,0.0,0.34963378671546114,0.0
111024,2025-05-19T11:00:00.000000000,0.7489999999999999,0.293,0.0,0.0,1.644128703666167,0.0
111024,2025-05-19T12:00:00.000000000,0.7899999999999999,0.258,0.0,0.0,0.7795690466581111,0.0
111024,2025-05-19T13:00:00.000000000,0.838,0.162,0.0,0.0,0.8417001135346223,0.0
111024,2025-05-19T14:00:00.000000000,0.789,0.203,0.0,0.0,0.3235504614701334,0.0
111024,2025-05-19T15:00:00.000000000,0.811,0.23199999999999998,0.0,0.0,2.195981528800461,0.0
111024,2025-05-19T16:00:00.000000000,0.935,0.252,0.0,0.0,1.4926109603871278,0.0
111024,2025-05-19T17:00:00.000000000,1.116,0.252,0.0,0.0,3.17835575601775,0.0
111024,2025-05-19T18:00:00.000000000,0.8959999999999999,0.262,0.0,0.0,1.0509528576375888,0.0
111024,2025-05-19T19:00:00.000000000,0.9,0.277,0.0,0.0,1.6397326376135832,0.0
111024,2025-05-19T20:00:00.000000000,0.985,0.10800000000000001,0.0,0.0,3.139670374755017,0.0
111024,2025-05-19T21:00:00.000000000,0.8929999999999999,0.28800000000000003,0.0,0.0,0.6828555935012779,0.0
111024,2025-05-19T22:00:00.000000000,0.74,0.33099999999999996,0.0,0.0,0.7039567105536779,0.0
111024,2025-05-19T23:00:00.000000000,0.726,0.362,0.0,0.0,0.7684323459915666,0.0
111024,2025-05-20T00:00:00.000000000,0.7070000000000001,0.34700000000000003,0.0,0.0,0.0,0.0
111024,2025-05-20T01:00:00.000000000,0.6950000000000001,0.33799999999999997,0.0,0.0,0.3235504614701334,0.0
111024,2025-05-20T02:00:00.000000000,0.6930000000000001,0.337,0.0,0.0,0.0,0.0
111024,2025-05-20T03:00:00.000000000,0.673,0.317,0.0,0.0,0.3235504614701334,0.0
111024,2025-05-20T04:00:00.000000000,0.6819999999999999,0.312,0.0,0.0,0.11107393559527222,0.0
111024,2025-05-20T05:00:00.000000000,0.8039999999999999,0.29500000000000004,0.0,0.0,0.7306261779393499,0.0
111024,2025-05-20T06:00:00.000000000,0.966,0.318,0.0,0.0,2.981411996862017,0.0
111024,2025-05-20T07:00:00.000000000,0.8969999999999999,0.29000000000000004,0.0,0.0,0.33849708604891665,0.0
111024,2025-05-20T08:00:00.000000000,0.7360000000000001,0.21299999999999997,0.0,0.0,0.3235504614701334,0.0
111024,2025-05-20T09:00:00.000000000,0.632,0.11800000000000001,0.0,0.0,0.0,0.0
111024,2025-05-20T10:00:00.000000000,0.616,0.05800000000000001,0.0,0.0,1.1400464629699445,0.0
111024,2025-05-20T11:00:00.000000000,0.6970000000000001,0.008,0.0,0.044,1.7364460907704167,0.0
111024,2025-05-20T12:00:00.000000000,0.67,0.0,0.0,0.009000000000000001,1.2010052455657667,0.0
111024,2025-05-20T13:00:00.000000000,0.6839999999999999,0.0,0.0,0.026000000000000002,0.7602263560267444,0.0
111024,2025-05-20T14:00:00.000000000,0.612,0.036000000000000004,0.0,0.016,0.34025551246995,0.0
111024,2025-05-20T15:00:00.000000000,0.636,0.048,0.0,0.01,0.3235504614701334,0.0
111024,2025-05-20T16:00:00.000000000,0.677,0.048,0.0,0.006,0.11107393559527222,0.0
111024,2025-05-20T17:00:00.000000000,0.861,0.149,0.0,0.016,1.6083740331051555,0.0
111024,2025-05-20T18:00:00.000000000,0.7070000000000001,0.123,0.0,0.0,0.34025551246995,0.0
111024,2025-05-20T19:00:00.000000000,0.7859999999999999,0.11699999999999999,0.0,0.0,1.172577351759061,0.0
111024,2025-05-20T20:00:00.000000000,0.982,0.12,0.0,0.0,0.7057151369747111,0.0
111024,2025-05-20T21:00:00.000000000,1.021,0.14200000000000002,0.0,0.0,1.0837768174968778,0.0
111024,2025-05-20T22:00:00.000000000,0.7510000000000001,0.179,0.0,0.0,0.8490268902889277,0.0
111024,2025-05-20T23:00:00.000000000,0.587,0.224,0.0,0.0,1.1001887974265223,0.0
111024,2025-05-21T00:00:00.000000000,0.597,0.236,0.0,0.0,0.024324898824294446,0.0
111024,2025-05-21T01:00:00.000000000,0.608,0.25,0.0,0.0,0.3235504614701334,0.0
111024,2025-05-21T02:00:00.000000000,0.616,0.26,0.0,0.0,0.0,0.0
111024,2025-05-21T03:00:00.000000000,0.626,0.272,0.0,0.0,0.6825625224311056,0.0
111024,2025-05-21T04:00:00.000000000,0.624,0.273,0.0,0.0,0.3821646755045778,0.0
111024,2025-05-21T05:00:00.000000000,0.754,0.27,0.0,0.0,0.4346243970654056,0.0
111024,2025-05-21T06:00:00.000000000,0.661,0.24,0.0,0.0,1.116893848426339,0.0
111024,2025-05-21T07:00:00.000000000,0.661,0.249,0.0,0.0,0.0,0.0
111024,2025-05-21T08:00:00.000000000,0.736,0.076,0.0,0.012,1.3604359077394557,0.0
111024,2025-05-21T09:00:00.000000000,0.639,0.073,0.0,0.0,1.1494247372154556,0.0
111024,2025-05-21T10:00:00.000000000,0.921,0.10500000000000001,0.0,0.001,4.791125855175489,0.0
111024,2025-05-21T11:00:00.000000000,0.6120000000000001,0.0,0.0,0.012,0.32355046147013333,0.0
111024,2025-05-21T12:00:00.000000000,0.748,0.012,0.0,0.04,3.634960483346072,0.0
111024,2025-05-21T13:00:00.000000000,0.8260000000000001,0.01,0.0,0.024,3.832783455712322,0.0
111024,2025-05-21T14:00:00.000000000,0.644,0.0,0.0,0.065,1.2103835198112778,0.0
111024,2025-05-21T15:00:00.000000000,0.623,0.0,0.0,0.044,0.3235504614701334,0.0
111024,2025-05-21T16:00:00.000000000,0.5920000000000001,0.0,0.0,0.037,0.33058416715426664,0.0
111024,2025-05-21T17:00:00.000000000,0.5990000000000001,0.048,0.0,0.006,1.0969650156546278,0.0
111024,2025-05-21T18:00:00.000000000,0.573,0.016,0.0,0.007,0.6992675734309223,0.0
111024,2025-05-21T19:00:00.000000000,0.77,0.0,0.0,0.009000000000000001,0.7153864822903944,0.0
111024,2025-05-21T20:00:00.000000000,0.8200000000000001,0.061,0.0,0.001,1.1728704228292335,0.0
111024,2025-05-21T21:00:00.000000000,0.632,0.117,0.0,0.0,0.6828555935012779,0.0
111024,2025-05-21T22:00:00.000000000,0.518,0.14400000000000002,0.0,0.0,0.35901206096097227,0.0
111024,2025-05-21T23:00:00.000000000,0.556,0.192,0.0,0.0,1.1201176301982334,0.0
111024,2025-05-22T00:00:00.000000000,0.558,0.193,0.0,0.0,0.0,0.0
111024,2025-05-22T01:00:00.000000000,0.5650000000000001,0.206,0.0,0.0,0.3235504614701334,0.0
111024,2025-05-22T02:00:00.000000000,0.574,0.217,0.0,0.0,0.0,0.0
111024,2025-05-22T03:00:00.000000000,0.582,0.227,0.0,0.0,0.3235504614701334,0.0
111024,2025-05-22T04:00:00.000000000,0.584,0.232,0.0,0.0,0.0,0.0
111024,2025-05-22T05:00:00.000000000,0.618,0.254,0.0,0.0,0.8619220173765056,0.0
111024,2025-05-22T06:00:00.000000000,0.632,0.185,0.0,0.0,0.6649782582207722,0.0
111024,2025-05-22T07:00:00.000000000,0.483,0.0,0.0,0.049999999999999996,3.0411984951771505,0.0
111024,2025-05-22T08:00:00.000000000,0.555,0.015,0.0,0.009,1.053883568339311,0.0
111024,2025-05-22T09:00:00.000000000,0.6509999999999999,0.005,0.0,0.007,1.5002308082116056,0.0
111024,2025-05-22T10:00:00.000000000,1.258,0.0,0.0,0.028,1.06824405077775,0.0
111024,2025-05-22T11:00:00.000000000,1.178,0.0,0.0,0.033,1.0767431118127444,0.0
111024,2025-05-22T12:00:00.000000000,0.596,0.0,0.0,0.037000000000000005,0.6755288167469722,0.0
111024,2025-05-22T13:00:00.000000000,0.602,0.0,0.0,0.047,0.6992675734309222,0.0
111024,2025-05-22T14:00:00.000000000,0.7799999999999999,0.0,0.0,0.052,1.0313170959360498,0.0
111024,2025-05-22T15:00:00.000000000,0.966,0.002,0.0,0.027999999999999997,4.350933107776811,0.0
111024,2025-05-22T16:00:00.000000000,1.209,0.0,0.0,0.011,7.6251231037408775,0.0
111024,2025-05-22T17:00:00.000000000,0.7429999999999999,0.013000000000000001,0.0,0.032,0.7795690466581111,0.0
111024,2025-05-22T18:00:00.000000000,0.7350000000000001,0.01,0.0,0.015,1.05769349225155,0.0
111024,2025-05-22T19:00:00.000000000,0.9430000000000001,0.0,0.0,0.009000000000000001,0.7602263560267445,0.0
111024,2025-05-22T20:00:00.000000000,0.7789999999999999,0.07400000000000001,0.0,0.0,1.3103207547400058,0.0
111024,2025-05-22T21:00:00.000000000,0.65,0.134,0.0,0.0,0.5597657440289444,0.0
111024,2025-05-22T22:00:00.000000000,0.5750000000000001,0.169,0.0,0.0,0.7388321679041723,0.0
111024,2025-05-22T23:00:00.000000000,0.5640000000000001,0.186,0.0,0.0,0.3235504614701334,0.0
111024,2025-05-23T00:00:00.000000000,0.5650000000000001,0.206,0.0,0.0,0.3235504614701334,0.0
111024,2025-05-23T01:00:00.000000000,0.58,0.222,0.0,0.0,0.1213314230513,0.0
111024,2025-05-23T02:00:00.000000000,0.586,0.23,0.0,0.0,0.20192596734866108,0.0
111024,2025-05-23T03:00:00.000000000,0.597,0.242,0.0,0.0,0.3235504614701334,0.0
111024,2025-05-23T04:00:00.000000000,0.606,0.256,0.0,0.0,0.0,0.0
111024,2025-05-23T05:00:00.000000000,0.644,0.281,0.0,0.0,0.3235504614701334,0.0
111024,2025-05-23T06:00:00.000000000,0.598,0.238,0.0,0.0,0.8226504939734278,0.0
111024,2025-05-23T07:00:00.000000000,0.643,0.2,0.0,0.0,0.8000840215701667,0.0
111024,2025-05-23T08:00:00.000000000,0.645,0.097,0.0,0.0,0.34963378671546114,0.0
111024,2025-05-23T09:00:00.000000000,0.674,0.025,0.0,0.003,1.5192804277728,0.0
111024,2025-05-23T10:00:00.000000000,0.7769999999999999,0.0,0.0,0.076,2.228219346519406,0.0
111024,2025-05-23T11:00:00.000000000,0.5700000000000001,0.0,0.0,0.062,0.3235504614701334,0.0
111024,2025-05-23T12:00:00.000000000,0.631,0.0,0.0,0.134,1.5620688040179447,0.0
111024,2025-05-23T13:00:00.000000000,0.633,0.0,0.0,0.15,1.2285539261619556,0.0
111024,2025-05-23T14:00:00.000000000,0.57,0.0,0.0,0.11499999999999999,0.7526065082022666,0.0
111024,2025-05-23T15:00:00.000000000,0.579,0.0,0.0,0.11,0.3235504614701334,0.0
111024,2025-05-23T16:00:00.000000000,0.734,0.0,0.0,0.11599999999999999,1.5644133725793223,0.0
111024,2025-05-23T17:00:00.000000000,0.7529999999999999,0.0,0.0,0.06899999999999999,1.713293476226811,0.0
111024,2025-05-23T18:00:00.000000000,0.7390000000000001,0.0,0.0,0.069,0.7048359237641945,0.0
111024,2025-05-23T19:00:00.000000000,0.876,0.0,0.0,0.068,0.6995606445010945,0.0
111024,2025-05-23T20:00:00.000000000,0.807,0.0,0.0,0.047999999999999994,0.69897450236075,0.0
111024,2025-05-23T21:00:00.000000000,0.534,0.0,0.0,0.017,0.0,0.0
111024,2025-05-23T22:00:00.000000000,0.392,0.018000000000000002,0.0,0.0,0.34025551246995,0.0
111024,2025-05-23T23:00:00.000000000,0.409,0.045,0.0,0.0,0.34025551246995,0.0
111024,2025-05-24T00:00:00.000000000,0.418,0.057999999999999996,0.0,0.0,0.3235504614701334,0.0
111024,2025-05-24T01:00:00.000000000,0.432,0.07400000000000001,0.0,0.0,0.0,0.0
111024,2025-05-24T02:00:00.000000000,0.445,0.09,0.0,0.0,0.3235504614701334,0.0
111024,2025-05-24T03:00:00.000000000,0.459,0.10500000000000001,0.0,0.0,0.6371365065544111,0.0
111024,2025-05-24T04:00:00.000000000,0.489,0.096,0.0,0.0,0.5946412013794389,0.0
111024,2025-05-24T05:00:00.000000000,0.5940000000000001,0.08499999999999999,0.0,0.005,1.1552861586189,0.0
111024,2025-05-24T06:00:00.000000000,0.633,0.06999999999999999,0.0,0.0,0.36077048738200557,0.0
111024,2025-05-24T07:00:00.000000000,0.51,0.069,0.0,0.0,0.3235504614701334,0.0
111024,2025-05-24T08:00:00.000000000,0.468,0.085,0.0,0.0,0.33996244139977777,0.0
111024,2025-05-24T09:00:00.000000000,0.538,0.078,0.0,0.0,1.4181709085633833,0.0
111024,2025-05-24T10:00:00.000000000,0.515,0.06,0.0,0.0,0.4914801846788167,0.0
111024,2025-05-24T11:00:00.000000000,0.45599999999999996,0.053000000000000005,0.0,0.0,0.3235504614701334,0.0
111024,2025-05-24T12:00:00.000000000,0.4,0.021,0.0,0.001,0.0,0.0
111024,2025-05-24T13:00:00.000000000,0.47,0.0,0.0,0.017,0.3235504614701334,0.0
111024,2025-05-24T14:00:00.000000000,0.507,0.0,0.0,0.052000000000000005,0.3235504614701334,0.0
111024,2025-05-24T15:00:00.000000000,0.843,0.0,0.0,0.11299999999999999,0.33556637534719447,0.0
111024,2025-05-24T16:00:00.000000000,1.124,0.0,0.0,0.226,2.504292294621639,0.0
111024,2025-05-24T17:00:00.000000000,0.9189999999999999,0.0,0.0,0.162,0.6635129028699112,0.0
111024,2025-05-24T18:00:00.000000000,0.853,0.0,0.0,0.14400000000000002,0.34025551246995,0.0
111024,2025-05-24T19:00:00.000000000,0.7230000000000001,0.0,0.0,0.106,0.7250578276060777,0.0
111024,2025-05-24T20:00:00.000000000,0.658,0.0,0.0,0.053,2.3612736123775946,0.0
111024,2025-05-24T21:00:00.000000000,0.6819999999999999,0.0,0.0,0.017,3.8163714757826783,0.0
111024,2025-05-24T22:00:00.000000000,0.44499999999999995,0.017,0.0,0.002,0.6635129028699112,0.0
111024,2025-05-24T23:00:00.000000000,0.431,0.023,0.0,0.014,0.5181496520644889,0.0
111024,2025-05-25T00:00:00.000000000,0.418,0.052,0.0,0.0,0.3235504614701334,0.0
111024,2025-05-25T01:00:00.000000000,0.443,0.086,0.0,0.0,0.0,0.0
111024,2025-05-25T02:00:00.000000000,0.462,0.106,0.0,0.0,0.3235504614701334,0.0
111024,2025-05-25T03:00:00.000000000,0.474,0.12,0.0,0.0,0.0,0.0
111024,2025-05-25T04:00:00.000000000,0.478,0.129,0.0,0.0,1.109274000601861,0.0
111024,2025-05-25T05:00:00.000000000,0.6060000000000001,0.044,0.0,0.036000000000000004,1.545363753018128,0.0
111024,2025-05-25T06:00:00.000000000,0.7390000000000001,0.0,0.0,0.11099999999999999,1.9621108148030282,0.0
111024,2025-05-25T07:00:00.000000000,0.702,0.0,0.0,0.038,0.35021992885580555,0.0
111024,2025-05-25T08:00:00.000000000,0.756,0.0,0.0,0.069,0.7165587665710833,0.0
111024,2025-05-25T09:00:00.000000000,0.716,0.0,0.0,0.123,1.4190501217739002,0.0
111024,2025-05-25T10:00:00.000000000,0.7409999999999999,0.0,0.0,0.18,1.8489853817165502,0.0
111024,2025-05-25T11:00:00.000000000,0.6250000000000001,0.0,0.0,0.196,0.33996244139977777,0.0
111024,2025-05-25T12:00:00.000000000,0.659,0.0,0.0,0.20299999999999999,0.6819763802907612,0.0
111024,2025-05-25T13:00:00.000000000,0.6909999999999998,0.0,0.0,0.236,0.3584259188206278,0.0
111024,2025-05-25T14:00:00.000000000,0.7249999999999999,0.0,0.0,0.269,0.33996244139977777,0.0
111024,2025-05-25T15:00:00.000000000,0.762,0.0,0.0,0.29300000000000004,0.3587189898908,0.0
111024,2025-05-25T16:00:00.000000000,0.8010000000000002,0.0,0.0,0.305,0.3235504614701334,0.0
111024,2025-05-25T17:00:00.000000000,1.128,0.0,0.0,0.305,0.7555372189039888,0.0
111024,2025-05-25T18:00:00.000000000,1.978,0.0,0.0,0.295,1.6083740331051555,0.0
111024,2025-05-25T19:00:00.000000000,1.774,0.0,0.0,0.267,8.033078033420612,0.0
111024,2025-05-25T20:00:00.000000000,0.8340000000000001,0.0,0.0,0.18200000000000002,1.9330967788559779,0.0
111024,2025-05-25T21:00:00.000000000,0.515,0.0,0.0,0.125,1.1570445850399333,0.0
111024,2025-05-25T22:00:00.000000000,0.46799999999999997,0.0,0.0,0.09400000000000001,0.33996244139977777,0.0
111024,2025-05-25T23:00:00.000000000,0.429,0.0,0.0,0.066,0.0,0.0
111024,2025-05-26T00:00:00.000000000,0.401,0.0,0.0,0.041,0.3235504614701334,0.0
111024,2025-05-26T01:00:00.000000000,0.372,0.0,0.0,0.016,0.0,0.0
111024,2025-05-26T02:00:00.000000000,0.367,0.0,0.0,0.011,0.3235504614701334,0.0
111024,2025-05-26T03:00:00.000000000,0.362,0.0,0.0,0.010000000000000002,0.0,0.0
111024,2025-05-26T04:00:00.000000000,0.354,0.002,0.0,0.0,0.3235504614701334,0.0
111024,2025-05-26T05:00:00.000000000,0.386,0.02,0.0,0.0,0.3639942691539,0.0
111024,2025-05-26T06:00:00.000000000,0.523,0.0,0.0,0.028,1.2502411853547,0.0
111024,2025-05-26T07:00:00.000000000,0.7360000000000001,0.0,0.0,0.123,2.112456273801378,0.0
111024,2025-05-26T08:00:00.000000000,0.768,0.0,0.0,0.136,0.7036636394835056,0.0
111024,2025-05-26T09:00:00.000000000,0.7909999999999999,0.0,0.0,0.17099999999999999,0.32325739039996115,0.0
111024,2025-05-26T10:00:00.000000000,0.7190000000000001,0.0,0.0,0.185,0.7320915332902111,0.0
111024,2025-05-26T11:00:00.000000000,0.655,0.0,0.0,0.2,0.33996244139977777,0.0
111024,2025-05-26T12:00:00.000000000,0.782,0.0,0.0,0.223,0.3235504614701334,0.0
111024,2025-05-26T13:00:00.000000000,0.7789999999999999,0.0,0.0,0.249,0.0,0.0
111024,2025-05-26T14:00:00.000000000,0.8009999999999999,0.0,0.0,0.29000000000000004,0.7572956453250222,0.0
111024,2025-05-26T15:00:00.000000000,0.9950000000000001,0.0,0.0,0.39,1.3850538776339223,0.0
111024,2025-05-26T16:00:00.000000000,1.088,0.0,0.0,0.434,2.1209553348363723,0.0
111024,2025-05-26T17:00:00.000000000,1.006,0.0,0.0,0.322,1.1951438241623222,0.0
111024,2025-05-26T18:00:00.000000000,0.998,0.0,0.0,0.29,1.2549303224774555,0.0
111024,2025-05-26T19:00:00.000000000,1.0,0.0,0.0,0.241,0.6983883602204055,0.0
111024,2025-05-26T20:00:00.000000000,1.004,0.0,0.0,0.195,0.8033078033420612,0.0
111024,2025-05-26T21:00:00.000000000,0.869,0.0,0.0,0.154,1.6069086777542947,0.0
111024,2025-05-26T22:00:00.000000000,0.55,0.0,0.0,0.11099999999999999,0.6819763802907612,0.0
111024,2025-05-26T23:00:00.000000000,0.447,0.0,0.0,0.084,0.0,0.0
111024,2025-05-27T00:00:00.000000000,0.422,0.0,0.0,0.062,0.3235504614701334,0.0
111024,2025-05-27T01:00:00.000000000,0.4,0.0,0.0,0.042,0.0,0.0
111024,2025-05-27T02:00:00.000000000,0.383,0.0,0.0,0.027,0.3235504614701334,0.0
111024,2025-05-27T03:00:00.000000000,0.366,0.0,0.0,0.012,0.0,0.0
111024,2025-05-27T04:00:00.000000000,0.356,0.0,0.0,0.003,0.3235504614701334,0.0
111024,2025-05-27T05:00:00.000000000,0.376,0.006,0.0,0.003,0.0,0.0
111024,2025-05-27T06:00:00.000000000,0.497,0.0,0.0,0.053000000000000005,0.32355046147013333,0.0
111024,2025-05-27T07:00:00.000000000,0.562,0.0,0.0,0.118,0.0,0.0
111024,2025-05-27T08:00:00.000000000,0.73,0.0,0.0,0.181,0.3235504614701334,0.0
111024,2025-05-27T09:00:00.000000000,0.7020000000000001,0.0,0.0,0.214,0.0,0.0
111024,2025-05-27T10:00:00.000000000,0.662,0.0,0.0,0.23299999999999998,0.3235504614701334,0.0
111024,2025-05-27T11:00:00.000000000,0.611,0.0,0.0,0.23399999999999999,1.879171701944289,0.0
111024,2025-05-27T12:00:00.000000000,0.706,0.0,0.0,0.25,0.7411767364655499,0.0
111024,2025-05-27T13:00:00.000000000,0.7210000000000001,0.0,0.0,0.268,0.6799248827995555,0.0
111024,2025-05-27T14:00:00.000000000,0.7290000000000001,0.0,0.0,0.273,0.3584259188206278,0.0
111024,2025-05-27T15:00:00.000000000,0.738,0.0,0.0,0.269,0.3235504614701334,0.0
111024,2025-05-27T16:00:00.000000000,0.82,0.0,0.0,0.26,0.6819763802907612,0.0
111024,2025-05-27T17:00:00.000000000,0.9119999999999999,0.0,0.0,0.264,1.5011100214221222,0.0
111024,2025-05-27T18:00:00.000000000,0.968,0.0,0.0,0.26,0.3235504614701334,0.0
111024,2025-05-27T19:00:00.000000000,0.975,0.0,0.0,0.21600000000000003,1.0752777564618834,0.0
111024,2025-05-27T20:00:00.000000000,1.094,0.0,0.0,0.207,2.2229440672563054,0.0
111024,2025-05-27T21:00:00.000000000,1.049,0.0,0.0,0.257,2.9907902711075276,0.0
111024,2025-05-27T22:00:00.000000000,0.665,0.0,0.0,0.164,0.9759266636735,0.0
111024,2025-05-27T23:00:00.000000000,0.522,0.0,0.0,0.123,0.0,0.0
111024,2025-05-28T00:00:00.000000000,0.476,0.0,0.0,0.10200000000000001,0.3235504614701334,0.0
111024,2025-05-28T01:00:00.000000000,0.445,0.0,0.0,0.082,0.33996244139977777,0.0
111024,2025-05-28T02:00:00.000000000,0.418,0.0,0.0,0.061,0.0,0.0
111024,2025-05-28T03:00:00.000000000,0.393,0.0,0.0,0.04,0.3235504614701334,0.0
111024,2025-05-28T04:00:00.000000000,0.385,0.012,0.0,0.023,0.0,0.0
111024,2025-05-28T05:00:00.000000000,0.41400000000000003,0.017,0.0,0.015,0.7564164321145056,0.0
111024,2025-05-28T06:00:00.000000000,0.821,0.0,0.0,0.08199999999999999,1.9999169828552446,0.0
111024,2025-05-28T07:00:00.000000000,1.083,0.0,0.0,0.14600000000000002,5.092989057452878,0.0
111024,2025-05-28T08:00:00.000000000,0.985,0.0,0.0,0.186,3.0757808814574723,0.0
111024,2025-05-28T09:00:00.000000000,1.121,0.0,0.0,0.193,1.4304798935106167,0.0
111024,2025-05-28T10:00:00.000000000,0.7470000000000001,0.0,0.0,0.187,1.47971583329955,0.0
111024,2025-05-28T11:00:00.000000000,0.74,0.0,0.0,0.18,2.2789206416592,0.0
111024,2025-05-28T12:00:00.000000000,0.742,0.0,0.0,0.182,0.6614614053787056,0.0
111024,2025-05-28T13:00:00.000000000,0.744,0.0,0.0,0.188,1.552397458702261,0.0
111024,2025-05-28T14:00:00.000000000,0.6970000000000001,0.0,0.0,0.189,0.0,0.0
111024,2025-05-28T15:00:00.000000000,0.657,0.0,0.0,0.189,0.681683309220589,0.0
111024,2025-05-28T16:00:00.000000000,0.6889999999999998,0.0,0.0,0.195,0.6796318117293834,0.0
111024,2025-05-28T17:00:00.000000000,0.7549999999999999,0.0,0.0,0.17600000000000002,0.7561233610443333,0.0
111024,2025-05-28T18:00:00.000000000,0.7190000000000001,0.0,0.0,0.168,0.9946832121645223,0.0
111024,2025-05-28T19:00:00.000000000,0.774,0.0,0.0,0.14900000000000002,0.47741277331055004,0.0
111024,2025-05-28T20:00:00.000000000,0.718,0.0,0.0,0.11299999999999999,1.7625294160157443,0.0
111024,2025-05-28T21:00:00.000000000,0.53,0.0,0.0,0.08800000000000001,0.10374715884096666,0.0
111024,2025-05-28T22:00:00.000000000,0.492,0.0,0.0,0.073,0.33996244139977777,0.0
111024,2025-05-28T23:00:00.000000000,0.433,0.020999999999999998,0.0,0.04699999999999999,0.3396693703296056,0.0
111024,2025-05-29T00:00:00.000000000,0.422,0.047,0.0,0.015,0.3188613243473778,0.0
111024,2025-05-29T01:00:00.000000000,0.43,0.07200000000000001,0.0,0.0,0.004689137122755556,0.0
111024,2025-05-29T02:00:00.000000000,0.47,0.114,0.0,0.0,0.3235504614701334,0.0
111024,2025-05-29T03:00:00.000000000,0.513,0.158,0.0,0.0,0.0,0.0
111024,2025-05-29T04:00:00.000000000,0.519,0.169,0.0,0.0,0.3235504614701334,0.0
111024,2025-05-29T05:00:00.000000000,0.557,0.135,0.0,0.0,0.3733725433994111,0.0
111024,2025-05-29T06:00:00.000000000,0.5780000000000001,0.009,0.0,0.020999999999999998,1.1693535699871667,0.0
111024,2025-05-29T07:00:00.000000000,0.656,0.0,0.0,0.109,2.2425798289578447,0.0
111024,2025-05-29T08:00:00.000000000,0.708,0.0,0.0,0.08,1.9565424644697555,0.0
111024,2025-05-29T09:00:00.000000000,0.636,0.0,0.0,0.096,1.2106765908814499,0.0
111024,2025-05-29T10:00:00.000000000,0.548,0.0,0.0,0.093,0.7136280558693612,0.0
111024,2025-05-29T11:00:00.000000000,0.625,0.0,0.0,0.128,1.545363753018128,0.0
111024,2025-05-29T12:00:00.000000000,0.747,0.0,0.0,0.105,1.0404022991113888,0.0
111024,2025-05-29T13:00:00.000000000,0.521,0.0,0.0,0.069,1.2039359562674887,0.0
111024,2025-05-29T14:00:00.000000000,0.5760000000000001,0.0,0.0,0.067,0.6978022180800612,0.0
111024,2025-05-29T15:00:00.000000000,0.604,0.0,0.0,0.082,0.0,0.0
111024,2025-05-29T16:00:00.000000000,0.8300000000000001,0.0,0.0,0.079,1.0582796343918945,0.0
111024,2025-05-29T17:00:00.000000000,0.893,0.076,0.0,0.028,5.642204242955621,0.0
111024,2025-05-29T18:00:00.000000000,1.445,0.034,0.0,0.020999999999999998,8.666990758203127,0.0
111024,2025-05-29T19:00:00.000000000,1.61,0.0,0.0,0.08199999999999999,8.639735148677111,0.0
111024,2025-05-29T20:00:00.000000000,1.207,0.0,0.0,0.081,3.9969032550087666,0.0
111024,2025-05-29T21:00:00.000000000,0.8679999999999999,0.028999999999999998,0.0,0.067,0.3235504614701334,0.0
111024,2025-05-29T22:00:00.000000000,0.515,0.046,0.0,0.019,0.3578397766802834,0.0
111024,2025-05-29T23:00:00.000000000,0.454,0.09100000000000001,0.0,0.0,0.3235504614701334,0.0
111024,2025-05-30T00:00:00.000000000,0.505,0.14500000000000002,0.0,0.0,0.0,0.0
111024,2025-05-30T01:00:00.000000000,0.524,0.166,0.0,0.0,0.3235504614701334,0.0
111024,2025-05-30T02:00:00.000000000,0.522,0.16499999999999998,0.0,0.0,0.0,0.0
111024,2025-05-30T03:00:00.000000000,0.537,0.183,0.0,0.0,0.3235504614701334,0.0
111024,2025-05-30T04:00:00.000000000,0.551,0.199,0.0,0.0,0.0,0.0
111024,2025-05-30T05:00:00.000000000,0.5670000000000001,0.203,0.0,0.0,0.3235504614701334,0.0
111024,2025-05-30T06:00:00.000000000,0.557,0.088,0.0,0.0,0.8226504939734278,0.0
111024,2025-05-30T07:00:00.000000000,0.513,0.043,0.0,0.0,0.3235504614701334,0.0
111024,2025-05-30T08:00:00.000000000,0.453,0.013999999999999999,0.0,0.0,0.3235504614701334,0.0
111024,2025-05-30T09:00:00.000000000,0.621,0.0,0.0,0.015,0.0,0.0
111024,2025-05-30T10:00:00.000000000,0.597,0.0,0.0,0.035,0.6643921160804278,0.0
111024,2025-05-30T11:00:00.000000000,0.767,0.006,0.0,0.041999999999999996,4.440905926319683,0.0
111024,2025-05-30T12:00:00.000000000,0.668,0.0,0.0,0.108,0.49880696143312225,0.0
111024,2025-05-30T13:00:00.000000000,0.694,0.0,0.0,0.139,0.8006701637105111,0.0
111024,2025-05-30T14:00:00.000000000,0.738,0.0,0.0,0.178,0.6978022180800612,0.0
111024,2025-05-30T15:00:00.000000000,0.7950000000000002,0.0,0.0,0.216,0.5020307432050167,0.0
111024,2025-05-30T16:00:00.000000000,0.818,0.0,0.0,0.23,0.16089601752455002,0.0
111024,2025-05-30T17:00:00.000000000,0.927,0.0,0.0,0.221,1.024576461322089,0.0
111024,2025-05-30T18:00:00.000000000,1.045,0.0,0.0,0.259,5.007119233892417,0.0
111024,2025-05-30T19:00:00.000000000,0.948,0.006,0.0,0.171,2.7270263079525283,0.0
111024,2025-05-30T20:00:00.000000000,0.8939999999999999,0.032,0.0,0.104,1.1699397121275112,0.0
111024,2025-05-30T21:00:00.000000000,0.7510000000000001,0.041999999999999996,0.0,0.046,1.9931763482412832,0.0
111024,2025-05-30T22:00:00.000000000,0.562,0.05,0.0,0.011,0.0,0.0
111024,2025-05-30T23:00:00.000000000,0.544,0.11,0.0,0.0,0.3235504614701334,0.0
111024,2025-05-31T00:00:00.000000000,0.5710000000000001,0.192,0.0,0.0,0.3235504614701334,0.0
111024,2025-05-31T01:00:00.000000000,0.586,0.22899999999999998,0.0,0.0,0.3578397766802834,0.0
111024,2025-05-31T02:00:00.000000000,0.578,0.223,0.0,0.0,0.3235504614701334,0.0
111024,2025-05-31T03:00:00.000000000,0.608,0.254,0.0,0.0,0.0,0.0
111024,2025-05-31T04:00:00.000000000,0.6519999999999999,0.30000000000000004,0.0,0.0,0.7244716854657334,0.0
111024,2025-05-31T05:00:00.000000000,0.7290000000000001,0.306,0.0,0.0,1.1476663107944223,0.0
111024,2025-05-31T06:00:00.000000000,0.685,0.17,0.0,0.0,1.1646644328644111,0.0
111024,2025-05-31T07:00:00.000000000,0.534,0.029,0.0,0.017,0.8417001135346222,0.0
111024,2025-05-31T08:00:00.000000000,0.501,0.0,0.0,0.034,0.37220025911872223,0.0
111024,2025-05-31T09:00:00.000000000,0.6370000000000001,0.0,0.0,0.09799999999999999,0.3235504614701334,0.0
111024,2025-05-31T10:00:00.000000000,0.62,0.0,0.0,0.139,1.41641248214235,0.0
111024,2025-05-31T11:00:00.000000000,0.5780000000000001,0.0,0.0,0.174,1.0656064111462,0.0
111024,2025-05-31T12:00:00.000000000,0.5840000000000001,0.0,0.0,0.206,0.7171449087114279,0.0
111024,2025-05-31T13:00:00.000000000,0.592,0.0,0.0,0.24,0.697509147009889,0.0
111024,2025-05-31T14:00:00.000000000,0.631,0.0,0.0,0.279,0.3235504614701334,0.0
111024,2025-05-31T15:00:00.000000000,0.658,0.0,0.0,0.3,0.3578397766802834,0.0
111024,2025-05-31T16:00:00.000000000,0.868,0.0,0.0,0.33599999999999997,0.7742937673950112,0.0
111024,2025-05-31T17:00:00.000000000,1.1480000000000001,0.0,0.0,0.42899999999999994,0.9258115106740501,0.0
111024,2025-05-31T18:00:00.000000000,1.032,0.0,0.0,0.322,0.32355046147013333,0.0
111024,2025-05-31T19:00:00.000000000,0.909,0.0,0.0,0.244,0.0,0.0
111024,2025-05-31T20:00:00.000000000,0.9540000000000001,0.0,0.0,0.19,0.7010259998519557,0.0
111024,2025-05-31T21:00:00.000000000,0.826,0.0,0.0,0.14500000000000002,1.60632253561395,0.0
111024,2025-05-31T22:00:00.000000000,0.519,0.0,0.0,0.10799999999999998,0.7235924722552167,0.0
111024,2025-05-31T23:00:00.000000000,0.448,0.0,0.0,0.08700000000000001,0.3235504614701334,0.0
111024,2025-06-01T00:00:00.000000000,0.426,0.0,0.0,0.07,0.3235504614701334,0.0
111024,2025-06-01T01:00:00.000000000,0.412,0.0,0.0,0.055999999999999994,0.3235504614701334,0.0
111024,2025-06-01T02:00:00.000000000,0.402,0.0,0.0,0.048,0.0,0.0
111024,2025-06-01T03:00:00.000000000,0.397,0.0,0.0,0.045,0.3235504614701334,0.0
111024,2025-06-01T04:00:00.000000000,0.386,0.0,0.0,0.038,0.7907057473246556,0.0
111024,2025-06-01T05:00:00.000000000,0.429,0.002,0.0,0.021,1.9243046467508111,0.0
111024,2025-06-01T06:00:00.000000000,0.5750000000000001,0.0,0.0,0.031,0.35285756848735556,0.0
111024,2025-06-01T07:00:00.000000000,0.66,0.0,0.0,0.033,1.2004191034254224,0.0
111024,2025-06-01T08:00:00.000000000,0.8069999999999999,0.0,0.0,0.019000000000000003,0.6702535374838722,0.0
111024,2025-06-01T09:00:00.000000000,0.7,0.028999999999999998,0.0,0.001,2.0131051810129943,0.0
111024,2025-06-01T10:00:00.000000000,0.91,0.109,0.0,0.0,7.312416271867117,0.0
111024,2025-06-01T11:00:00.000000000,0.869,0.092,0.0,0.0,4.908354283244377,0.0
111024,2025-06-01T12:00:00.000000000,0.53,0.09799999999999999,0.0,0.0,1.04186765446225,0.0
111024,2025-06-01T13:00:00.000000000,0.5650000000000001,0.11499999999999999,0.0,0.0,2.1408841676080836,0.0
111024,2025-06-01T14:00:00.000000000,0.578,0.065,0.0,0.0,1.3103207547400055,0.0
111024,2025-06-01T15:00:00.000000000,0.577,0.048,0.0,0.0,1.0673648375672333,0.0
111024,2025-06-01T16:00:00.000000000,0.634,0.018000000000000002,0.0,0.003,3.0028061849845886,0.0
111024,2025-06-01T17:00:00.000000000,0.6900000000000001,0.012,0.0,0.016,0.8578190223940945,0.0
111024,2025-06-01T18:00:00.000000000,0.658,0.009,0.0,0.012,0.6793387406592112,0.0
111024,2025-06-01T19:00:00.000000000,0.7010000000000001,0.0,0.0,0.02,0.3235504614701334,0.0
111024,2025-06-01T20:00:00.000000000,0.7549999999999999,0.0,0.0,0.02,0.3575467056101111,0.0
111024,2025-06-01T21:00:00.000000000,0.676,0.0,0.0,0.015,0.3235504614701334,0.0
111024,2025-06-01T22:00:00.000000000,0.489,0.020999999999999998,0.0,0.002,0.25555797319017776,0.0
111024,2025-06-01T23:00:00.000000000,0.441,0.062,0.0,0.0,0.3947667315219834,0.0
111024,2025-06-02T00:00:00.000000000,0.429,0.072,0.0,0.0,0.0,0.0
111024,2025-06-02T01:00:00.000000000,0.438,0.08199999999999999,0.0,0.0,0.3396693703296056,0.0
111024,2025-06-02T02:00:00.000000000,0.462,0.108,0.0,0.0,0.3235504614701334,0.0
111024,2025-06-02T03:00:00.000000000,0.503,0.151,0.0,0.0,0.7309192490095223,0.0
111024,2025-06-02T04:00:00.000000000,0.5640000000000001,0.203,0.0,0.0,0.8584051645344388,0.0
111024,2025-06-02T05:00:00.000000000,0.557,0.17300000000000001,0.0,0.0,0.0,0.0
111024,2025-06-02T06:00:00.000000000,0.44799999999999995,0.08600000000000001,0.0,0.0,0.7127488426588444,0.0
111024,2025-06-02T07:00:00.000000000,0.439,0.007,0.0,0.006,0.7007329287817834,0.0
111024,2025-06-02T08:00:00.000000000,0.5740000000000001,0.0,0.0,0.062,0.7742937673950112,0.0
111024,2025-06-02T09:00:00.000000000,1.2109999999999999,0.0,0.0,0.19100000000000003,1.778941395945389,0.0
111024,2025-06-02T10:00:00.000000000,0.671,0.0,0.0,0.14300000000000002,0.6535484864840555,0.0
111024,2025-06-02T11:00:00.000000000,0.492,0.0,0.0,0.14100000000000001,0.79920480835965,0.0
111024,2025-06-02T12:00:00.000000000,0.5700000000000001,0.0,0.0,0.158,1.744945151805411,0.0
111024,2025-06-02T13:00:00.000000000,0.623,0.0,0.0,0.191,0.08205989964822223,0.0
111024,2025-06-02T14:00:00.000000000,0.7310000000000001,0.0,0.0,0.237,0.3396693703296056,0.0
111024,2025-06-02T15:00:00.000000000,0.7849999999999999,0.0,0.0,0.255,0.34377236531201666,0.0
111024,2025-06-02T16:00:00.000000000,0.816,0.0,0.0,0.253,1.7953533758750333,0.0
111024,2025-06-02T17:00:00.000000000,0.9119999999999999,0.0,0.0,0.273,1.4331175331421666,0.0
111024,2025-06-02T18:00:00.000000000,0.963,0.0,0.0,0.22999999999999998,1.2780829370210611,0.0
111024,2025-06-02T19:00:00.000000000,1.014,0.0,0.0,0.18700000000000003,0.9580493283929945,0.0
111024,2025-06-02T20:00:00.000000000,0.764,0.0,0.0,0.121,1.0817253200056722,0.0
111024,2025-06-02T21:00:00.000000000,0.602,0.0,0.0,0.082,0.3396693703296056,0.0
111024,2025-06-02T22:00:00.000000000,0.41800000000000004,0.0,0.0,0.048999999999999995,0.7227132590447001,0.0
111024,2025-06-02T23:00:00.000000000,0.4,0.0,0.0,0.039,0.6810971670802445,0.0
111024,2025-06-03T00:00:00.000000000,0.379,0.0,0.0,0.022000000000000002,0.0,0.0
111024,2025-06-03T01:00:00.000000000,0.39,0.03,0.0,0.004,0.3235504614701334,0.0
111024,2025-06-03T02:00:00.000000000,0.458,0.106,0.0,0.0,0.0,0.0
111024,2025-06-03T03:00:00.000000000,0.503,0.15100000000000002,0.0,0.0,0.3235504614701334,0.0
111024,2025-06-03T04:00:00.000000000,0.543,0.194,0.0,0.0,0.0,0.0
111024,2025-06-03T05:00:00.000000000,0.557,0.19100000000000003,0.0,0.0,0.3235504614701334,0.0
111024,2025-06-03T06:00:00.000000000,0.387,0.026000000000000002,0.0,0.002,0.8229435650436,0.0
111024,2025-06-03T07:00:00.000000000,0.5,0.0,0.0,0.052000000000000005,0.8320287682189389,0.0
111024,2025-06-03T08:00:00.000000000,0.633,0.0,0.0,0.103,1.9858495714869777,0.0
111024,2025-06-03T09:00:00.000000000,0.672,0.0,0.0,0.15100000000000002,0.7004398577116111,0.0
111024,2025-06-03T10:00:00.000000000,0.632,0.0,0.0,0.178,0.0,0.0
111024,2025-06-03T11:00:00.000000000,0.777,0.0,0.0,0.19899999999999998,0.3235504614701334,0.0
111024,2025-06-03T12:00:00.000000000,0.752,0.0,0.0,0.212,0.3522714263470111,0.0
111024,2025-06-03T13:00:00.000000000,1.23,0.0,0.0,0.28500000000000003,7.071218781115378,0.0
111024,2025-06-03T14:00:00.000000000,0.667,0.0,0.0,0.21499999999999997,1.1555792296890723,0.0
111024,2025-06-03T15:00:00.000000000,0.766,0.0,0.0,0.23500000000000001,1.5614826618776,0.0
111024,2025-06-03T16:00:00.000000000,0.845,0.0,0.0,0.254,2.1212484059065444,0.0
111024,2025-06-03T17:00:00.000000000,0.8069999999999999,0.0,0.0,0.187,0.3235504614701334,0.0
111024,2025-06-03T18:00:00.000000000,0.632,0.0,0.0,0.151,1.0685371218479223,0.0
111024,2025-06-03T19:00:00.000000000,0.6260000000000001,0.0,0.0,0.126,0.7986186662193056,0.0
111024,2025-06-03T20:00:00.000000000,0.672,0.0,0.0,0.112,0.6808040960100723,0.0
111024,2025-06-03T21:00:00.000000000,0.632,0.0,0.0,0.121,1.0058199128310668,0.0
111024,2025-06-03T22:00:00.000000000,0.484,0.0,0.0,0.103,0.6939922941678223,0.0
111024,2025-06-03T23:00:00.000000000,0.451,0.0,0.0,0.08,0.0,0.0
111024,2025-06-04T00:00:00.000000000,0.428,0.0,0.0,0.067,0.3235504614701334,0.0
111024,2025-06-04T01:00:00.000000000,0.406,0.0,0.0,0.051,0.3393762992594333,0.0
111024,2025-06-04T02:00:00.000000000,0.397,0.0,0.0,0.043000000000000003,0.7215409747640111,0.0
111024,2025-06-04T03:00:00.000000000,0.377,0.0,0.0,0.032,1.1467870975839056,0.0
111024,2025-06-04T04:00:00.000000000,0.378,0.0,0.0,0.023000000000000003,0.78865424983345,0.0
111024,2025-06-04T05:00:00.000000000,0.437,0.009,0.0,0.003,1.363952760581522,0.0
111024,2025-06-04T06:00:00.000000000,0.51,0.0,0.0,0.011,1.0870005992687721,0.0
111024,2025-06-04T07:00:00.000000000,0.457,0.0,0.0,0.01,0.7655016352898445,0.0
111024,2025-06-04T08:00:00.000000000,0.393,0.002,0.0,0.013000000000000001,1.1687674278468223,0.0
111024,2025-06-04T09:00:00.000000000,0.444,0.0,0.0,0.030999999999999996,1.1705258542678556,0.0
111024,2025-06-04T10:00:00.000000000,0.484,0.0,0.0,0.053,0.3927152340307778,0.0
111024,2025-06-04T11:00:00.000000000,0.42899999999999994,0.0,0.0,0.056999999999999995,0.28984728840032775,0.0
111024,2025-06-04T12:00:00.000000000,0.399,0.0,0.0,0.047,0.3396693703296056,0.0
111024,2025-06-04T13:00:00.000000000,0.386,0.0,0.0,0.034,0.3235504614701334,0.0
111024,2025-06-04T14:00:00.000000000,0.376,0.0,0.0,0.024,0.3572536345399389,0.0
111024,2025-06-04T15:00:00.000000000,0.382,0.0,0.0,0.024999999999999998,0.7977394530087889,0.0
111024,2025-06-04T16:00:00.000000000,0.654,0.0,0.0,0.093,1.2218132915479947,0.0
111024,2025-06-04T17:00:00.000000000,0.819,0.0,0.0,0.123,2.545029173375578,0.0
111024,2025-06-04T18:00:00.000000000,0.835,0.0,0.0,0.136,2.137953456906361,0.0
111024,2025-06-04T19:00:00.000000000,0.7350000000000001,0.0,0.0,0.05399999999999999,0.36135662952235004,0.0
111024,2025-06-04T20:00:00.000000000,0.764,0.0,0.0,0.028999999999999998,1.1863516920571555,0.0
111024,2025-06-04T21:00:00.000000000,0.577,0.0,0.0,0.009000000000000001,0.6966299337993722,0.0
111024,2025-06-04T22:00:00.000000000,0.41600000000000004,0.014,0.0,0.0,0.3393762992594333,0.0
111024,2025-06-04T23:00:00.000000000,0.398,0.036000000000000004,0.0,0.0,0.3235504614701334,0.0
111024,2025-06-05T00:00:00.000000000,0.419,0.061,0.0,0.0,0.0,0.0
111024,2025-06-05T01:00:00.000000000,0.426,0.07200000000000001,0.0,0.0,0.3235504614701334,0.0
111024,2025-06-05T02:00:00.000000000,0.434,0.081,0.0,0.0,0.0,0.0
111024,2025-06-05T03:00:00.000000000,0.43,0.079,0.0,0.0,0.3235504614701334,0.0
111024,2025-06-05T04:00:00.000000000,0.436,0.084,0.0,0.0,0.3672180509257944,0.0
111024,2025-06-05T05:00:00.000000000,0.513,0.11699999999999999,0.0,0.0,1.4756128383171387,0.0
111024,2025-06-05T06:00:00.000000000,0.507,0.08900000000000001,0.0,0.0,0.0,0.0
111024,2025-06-05T07:00:00.000000000,0.517,0.07,0.0,0.0,0.3235504614701334,0.0
111024,2025-06-05T08:00:00.000000000,0.485,0.04,0.0,0.0,0.0,0.0
111024,2025-06-05T09:00:00.000000000,0.43000000000000005,0.015,0.0,0.0,1.1204107012684055,0.0
111024,2025-06-05T10:00:00.000000000,0.359,0.0,0.0,0.01,0.3235504614701334,0.0
111024,2025-06-05T11:00:00.000000000,0.37,0.0,0.0,0.019000000000000003,0.3572536345399389,0.0
111024,2025-06-05T12:00:00.000000000,0.469,0.0,0.0,0.037,1.5644133725793223,0.0
111024,2025-06-05T13:00:00.000000000,0.486,0.0,0.0,0.054,0.0,0.0
111024,2025-06-05T14:00:00.000000000,0.5720000000000001,0.0,0.0,0.07800000000000001,0.3235504614701334,0.0
111024,2025-06-05T15:00:00.000000000,0.653,0.0,0.0,0.105,1.7768898984541832,0.0
111024,2025-06-05T16:00:00.000000000,0.718,0.0,0.0,0.081,1.399121289002189,0.0
111024,2025-06-05T17:00:00.000000000,0.684,0.0,0.0,0.039,1.4600800715980111,0.0
111024,2025-06-05T18:00:00.000000000,0.6859999999999999,0.0,0.0,0.048,1.0729331879005055,0.0
111024,2025-06-05T19:00:00.000000000,0.7330000000000001,0.0,0.0,0.05399999999999999,0.3950598025921555,0.0
111024,2025-06-05T20:00:00.000000000,0.776,0.0,0.0,0.041,2.0690817554158887,0.0
111024,2025-06-05T21:00:00.000000000,0.597,0.0,0.0,0.042,0.3235504614701334,0.0
111024,2025-06-05T22:00:00.000000000,0.42800000000000005,0.0,0.0,0.026,0.0,0.0
111024,2025-06-05T23:00:00.000000000,0.373,0.0,0.0,0.013000000000000001,0.3393762992594333,0.0
111024,2025-06-06T00:00:00.000000000,0.365,0.0,0.0,0.008,0.3235504614701334,0.0
111024,2025-06-06T01:00:00.000000000,0.359,0.0,0.0,0.003,0.0,0.0
111024,2025-06-06T02:00:00.000000000,0.363,0.009000000000000001,0.0,0.0,0.3235504614701334,0.0
111024,2025-06-06T03:00:00.000000000,0.381,0.03,0.0,0.0,0.0,0.0
111024,2025-06-06T04:00:00.000000000,0.401,0.053,0.0,0.0,0.3235504614701334,0.0
111024,2025-06-06T05:00:00.000000000,0.45899999999999996,0.06799999999999999,0.0,0.0,1.1825417681449166,0.0
111024,2025-06-06T06:00:00.000000000,0.486,0.011,0.0,0.011000000000000001,1.6019264695613669,0.0
111024,2025-06-06T07:00:00.000000000,0.5329999999999999,0.0,0.0,0.04,0.3449446495927056,0.0
111024,2025-06-06T08:00:00.000000000,0.5,0.0,0.0,0.059000000000000004,1.6406118508240999,0.0
111024,2025-06-06T09:00:00.000000000,0.615,0.0,0.0,0.138,0.0,0.0
111024,2025-06-06T10:00:00.000000000,0.7889999999999999,0.0,0.0,0.22399999999999998,1.190747758109739,0.0
111024,2025-06-06T11:00:00.000000000,1.237,0.0,0.0,0.275,0.6767011010276611,0.0
111024,2025-06-06T12:00:00.000000000,0.754,0.0,0.0,0.28099999999999997,3.38409164727865,0.0
111024,2025-06-06T13:00:00.000000000,0.6920000000000001,0.0,0.0,0.319,0.33498023320685005,0.0
111024,2025-06-06T14:00:00.000000000,0.798,0.0,0.0,0.365,0.3393762992594333,0.0
111024,2025-06-06T15:00:00.000000000,0.867,0.0,0.0,0.422,1.0726401168303332,0.0
111024,2025-06-06T16:00:00.000000000,0.925,0.0,0.0,0.455,0.3393762992594333,0.0
111024,2025-06-06T17:00:00.000000000,1.288,0.0,0.0,0.623,1.365125044862211,0.0
111024,2025-06-06T18:00:00.000000000,1.327,0.0,0.0,0.44299999999999995,0.3393762992594333,0.0
111024,2025-06-06T19:00:00.000000000,1.5739999999999998,0.0,0.0,0.372,5.576263252166871,0.0
111024,2025-06-06T20:00:00.000000000,1.361,0.0,0.0,0.281,5.646307237938034,0.0
111024,2025-06-06T21:00:00.000000000,0.72,0.0,0.0,0.197,1.9629900280135444,0.0
111024,2025-06-06T22:00:00.000000000,0.5930000000000001,0.0,0.0,0.147,2.6059879559714,0.0
111024,2025-06-06T23:00:00.000000000,0.5,0.0,0.0,0.118,0.3235504614701334,0.0
111024,2025-06-07T00:00:00.000000000,0.45199999999999996,0.0,0.0,0.09300000000000001,0.0,0.0
111024,2025-06-07T01:00:00.000000000,0.426,0.0,0.0,0.07,0.3235504614701334,0.0
111024,2025-06-07T02:00:00.000000000,0.40800000000000003,0.0,0.0,0.05499999999999999,0.3393762992594333,0.0
111024,2025-06-07T03:00:00.000000000,0.396,0.0,0.0,0.044000000000000004,0.0,0.0
111024,2025-06-07T04:00:00.000000000,0.383,0.0,0.0,0.034,0.7956879555175833,0.0
111024,2025-06-07T05:00:00.000000000,0.40800000000000003,0.0,0.0,0.031,0.6828555935012779,0.0
111024,2025-06-07T06:00:00.000000000,0.484,0.0,0.0,0.065,0.0,0.0
111024,2025-06-07T07:00:00.000000000,0.445,0.0,0.0,0.089,0.3235504614701334,0.0
111024,2025-06-07T08:00:00.000000000,0.548,0.0,0.0,0.127,0.0,0.0
111024,2025-06-07T09:00:00.000000000,0.55,0.0,0.0,0.156,0.3235504614701334,0.0
111024,2025-06-07T10:00:00.000000000,0.497,0.0,0.0,0.149,1.1755080624607832,0.0
111024,2025-06-07T11:00:00.000000000,0.498,0.0,0.0,0.147,0.2570233285410389,0.0
111024,2025-06-07T12:00:00.000000000,0.485,0.0,0.0,0.133,1.1503039504259722,0.0
111024,2025-06-07T13:00:00.000000000,0.482,0.0,0.0,0.13,0.3235504614701334,0.0
111024,2025-06-07T14:00:00.000000000,0.495,0.0,0.0,0.123,0.0,0.0
111024,2025-06-07T15:00:00.000000000,0.5710000000000001,0.0,0.0,0.128,0.3235504614701334,0.0
111024,2025-06-07T16:00:00.000000000,0.59,0.0,0.0,0.124,0.08762824998149445,0.0
111024,2025-06-07T17:00:00.000000000,0.77,0.0,0.0,0.13199999999999998,0.7540718635531278,0.0
111024,2025-06-07T18:00:00.000000000,0.742,0.0,0.0,0.105,0.3235504614701334,0.0
111024,2025-06-07T19:00:00.000000000,0.772,0.0,0.0,0.09200000000000001,0.0,0.0
111024,2025-06-07T20:00:00.000000000,0.7590000000000001,0.0,0.0,0.07,1.72765395866525,0.0
111024,2025-06-07T21:00:00.000000000,0.488,0.0,0.0,0.057999999999999996,0.5808668610813444,0.0
111024,2025-06-07T22:00:00.000000000,0.422,0.0,0.0,0.052000000000000005,0.3235504614701334,0.0
111024,2025-06-07T23:00:00.000000000,0.402,0.0,0.0,0.042,0.3393762992594333,0.0
111024,2025-06-08T00:00:00.000000000,0.388,0.0,0.0,0.030000000000000002,0.3569605634697667,0.0
111024,2025-06-08T01:00:00.000000000,0.375,0.0,0.0,0.018000000000000002,0.6805110249399,0.0
111024,2025-06-08T02:00:00.000000000,0.361,0.0,0.0,0.009000000000000001,0.0,0.0
111024,2025-06-08T03:00:00.000000000,0.364,0.013000000000000001,0.0,0.0,0.3235504614701334,0.0
111024,2025-06-08T04:00:00.000000000,0.39,0.041,0.0,0.0,0.8208920675523945,0.0
111024,2025-06-08T05:00:00.000000000,0.526,0.07500000000000001,0.0,0.0,1.4495295130718109,0.0
111024,2025-06-08T06:00:00.000000000,1.175,0.013,0.0,0.003,0.3311703092946111,0.0
111024,2025-06-08T07:00:00.000000000,0.754,0.008,0.0,0.041999999999999996,1.545363753018128,0.0
111024,2025-06-08T08:00:00.000000000,0.475,0.007,0.0,0.015,0.3332218067858167,0.0
111024,2025-06-08T09:00:00.000000000,0.445,0.0,0.0,0.009000000000000001,0.3235504614701334,0.0
111024,2025-06-08T10:00:00.000000000,0.458,0.0,0.0,0.026000000000000002,1.103705650268589,0.0
111024,2025-06-08T11:00:00.000000000,0.489,0.0,0.0,0.055999999999999994,0.3235504614701334,0.0
111024,2025-06-08T12:00:00.000000000,0.45499999999999996,0.0,0.0,0.084,0.7552441478338167,0.0
111024,2025-06-08T13:00:00.000000000,0.463,0.0,0.0,0.111,0.6802179538697279,0.0
111024,2025-06-08T14:00:00.000000000,0.533,0.0,0.0,0.121,1.5740847178950057,0.0
111024,2025-06-08T15:00:00.000000000,0.5990000000000001,0.0,0.0,0.113,1.159096082531139,0.0
111024,2025-06-08T16:00:00.000000000,0.61,0.0,0.0,0.098,0.7801551887984556,0.0
111024,2025-06-08T17:00:00.000000000,0.552,0.0,0.0,0.042,0.7004398577116111,0.0
111024,2025-06-08T18:00:00.000000000,0.5740000000000001,0.0,0.0,0.06,0.6995606445010945,0.0
111024,2025-06-08T19:00:00.000000000,0.635,0.0,0.0,0.063,0.795101813377239,0.0
111024,2025-06-08T20:00:00.000000000,0.568,0.0,0.0,0.049,0.3232573903999611,0.0
111024,2025-06-08T21:00:00.000000000,0.481,0.0,0.0,0.035,0.6626336896593945,0.0
111024,2025-06-08T22:00:00.000000000,0.438,0.0,0.0,0.025,1.531296341649861,0.0
111024,2025-06-08T23:00:00.000000000,0.401,0.0,0.0,0.025,0.4102994982411111,0.0
111024,2025-06-09T00:00:00.000000000,0.378,0.0,0.0,0.02,0.6456355675894057,0.0
111024,2025-06-09T01:00:00.000000000,0.373,0.0,0.0,0.017,0.0,0.0
111024,2025-06-09T02:00:00.000000000,0.366,0.0,0.0,0.012,0.3235504614701334,0.0
111024,2025-06-09T03:00:00.000000000,0.357,0.002,0.0,0.004,0.0,0.0
111024,2025-06-09T04:00:00.000000000,0.361,0.01,0.0,0.0,0.3235504614701334,0.0
111024,2025-06-09T05:00:00.000000000,0.40599999999999997,0.041999999999999996,0.0,0.0,0.3235504614701334,0.0
111024,2025-06-09T06:00:00.000000000,0.43300000000000005,0.05,0.0,0.0,1.0913966653213556,0.0
111024,2025-06-09T07:00:00.000000000,0.42300000000000004,0.019000000000000003,0.0,0.0,0.742642091816411,0.0
111024,2025-06-09T08:00:00.000000000,0.41200000000000003,0.014000000000000002,0.0,0.0,0.0,0.0
111024,2025-06-09T09:00:00.000000000,0.692,0.0,0.0,0.019,0.33146338036478334,0.0
111024,2025-06-09T10:00:00.000000000,0.7040000000000001,0.0,0.0,0.042,1.0163704713572668,0.0
111024,2025-06-09T11:00:00.000000000,0.836,0.0,0.0,0.035,5.7145927972881605,0.0
111024,2025-06-09T12:00:00.000000000,0.637,0.0,0.0,0.09899999999999999,1.689261648472689,0.0
111024,2025-06-09T13:00:00.000000000,0.5740000000000001,0.0,0.0,0.14300000000000002,0.3235504614701334,0.0
111024,2025-06-09T14:00:00.000000000,0.61,0.0,0.0,0.179,0.7514342239215778,0.0
111024,2025-06-09T15:00:00.000000000,0.648,0.0,0.0,0.206,0.3235504614701334,0.0
111024,2025-06-09T16:00:00.000000000,0.7759999999999999,0.0,0.0,0.267,1.9207877939087445,0.0
111024,2025-06-09T17:00:00.000000000,0.804,0.0,0.0,0.264,1.1904546870395667,0.0
111024,2025-06-09T18:00:00.000000000,1.0390000000000001,0.0,0.0,0.22399999999999998,1.1467870975839056,0.0
111024,2025-06-09T19:00:00.000000000,0.864,0.0,0.0,0.18400000000000002,1.0310240248658777,0.0
111024,2025-06-09T20:00:00.000000000,0.867,0.0,0.0,0.135,0.6781664563785222,0.0
111024,2025-06-09T21:00:00.000000000,0.65,0.0,0.0,0.083,1.4243254010370001,0.0
111024,2025-06-09T22:00:00.000000000,0.46699999999999997,0.0,0.0,0.05299999999999999,0.3232573903999611,0.0
111024,2025-06-09T23:00:00.000000000,0.396,0.0,0.0,0.035,0.0,0.0
111024,2025-06-10T00:00:00.000000000,0.391,0.0,0.0,0.033,0.3235504614701334,0.0
111024,2025-06-10T01:00:00.000000000,0.382,0.0,0.0,0.027000000000000003,0.0,0.0
111024,2025-06-10T02:00:00.000000000,0.372,0.0,0.0,0.018000000000000002,0.3235504614701334,0.0
111024,2025-06-10T03:00:00.000000000,0.359,0.0,0.0,0.008,0.0,0.0
111024,2025-06-10T04:00:00.000000000,0.356,0.004,0.0,0.001,0.3235504614701334,0.0
111024,2025-06-10T05:00:00.000000000,0.377,0.008,0.0,0.005,0.0,0.0
111024,2025-06-10T06:00:00.000000000,0.418,0.0,0.0,0.057,1.1394603208296,0.0
111024,2025-06-10T07:00:00.000000000,0.532,0.0,0.0,0.107,1.6388534244030666,0.0
111024,2025-06-10T08:00:00.000000000,0.641,0.0,0.0,0.173,0.8147375750787779,0.0
111024,2025-06-10T09:00:00.000000000,0.7520000000000001,0.0,0.0,0.238,1.12627212267185,0.0
111024,2025-06-10T10:00:00.000000000,0.677,0.0,0.0,0.246,0.0,0.0
111024,2025-06-10T11:00:00.000000000,0.696,0.0,0.0,0.262,0.3235504614701334,0.0
111024,2025-06-10T12:00:00.000000000,0.7149999999999999,0.0,0.0,0.281,0.6799248827995557,0.0
111024,2025-06-10T13:00:00.000000000,0.7389999999999999,0.0,0.0,0.31,0.3390832281892611,0.0
111024,2025-06-10T14:00:00.000000000,0.787,0.0,0.0,0.355,1.1681812857064777,0.0
111024,2025-06-10T15:00:00.000000000,0.907,0.0,0.0,0.46,0.3390832281892611,0.0
111024,2025-06-10T16:00:00.000000000,1.0290000000000001,0.0,0.0,0.486,0.7145072690798777,0.0
111024,2025-06-10T17:00:00.000000000,1.0939999999999999,0.0,0.0,0.46599999999999997,1.1503039504259722,0.0
111024,2025-06-10T18:00:00.000000000,1.299,0.0,0.0,0.398,0.7127488426588444,0.0
111024,2025-06-10T19:00:00.000000000,1.733,0.0,0.0,0.304,1.4797158332995501,0.0
111024,2025-06-10T20:00:00.000000000,0.871,0.0,0.0,0.23399999999999999,1.1166007773561666,0.0
111024,2025-06-10T21:00:00.000000000,0.711,0.0,0.0,0.19,0.41205792466214447,0.0
111024,2025-06-10T22:00:00.000000000,0.585,0.0,0.0,0.151,0.9533601912702389,0.0
111024,2025-06-10T23:00:00.000000000,0.503,0.0,0.0,0.121,1.0187150399186444,0.0
111024,2025-06-11T00:00:00.000000000,0.45499999999999996,0.0,0.0,0.095,0.33058416715426664,0.0
111024,2025-06-11T01:00:00.000000000,0.425,0.0,0.0,0.078,0.6708396796242166,0.0
111024,2025-06-11T02:00:00.000000000,0.405,0.0,0.0,0.063,0.68314866457145,0.0
111024,2025-06-11T03:00:00.000000000,0.391,0.0,0.0,0.042,0.33146338036478334,0.0
111024,2025-06-11T04:00:00.000000000,0.376,0.0,0.0,0.024,1.058865776532239,0.0
111024,2025-06-11T05:00:00.000000000,0.441,0.0,0.0,0.031,0.7247647565359057,0.0
111024,2025-06-11T06:00:00.000000000,0.508,0.0,0.0,0.066,1.0615034161637888,0.0
111024,2025-06-11T07:00:00.000000000,0.6240000000000001,0.0,0.0,0.11,1.5699817229125945,0.0
111024,2025-06-11T08:00:00.000000000,0.7,0.0,0.0,0.16899999999999998,0.8540090984818556,0.0
111024,2025-06-11T09:00:00.000000000,0.75,0.0,0.0,0.23099999999999998,1.9961070589430054,0.0
111024,2025-06-11T10:00:00.000000000,0.782,0.0,0.0,0.267,1.0667786954268887,0.0
111024,2025-06-11T11:00:00.000000000,0.851,0.0,0.0,0.315,2.5690610011297,0.0
111024,2025-06-11T12:00:00.000000000,1.0819999999999999,0.0,0.0,0.334,1.433703675282511,0.0
111024,2025-06-11T13:00:00.000000000,1.016,0.0,0.0,0.323,1.1163077062859945,0.0
111024,2025-06-11T14:00:00.000000000,0.7369999999999999,0.0,0.0,0.305,0.668788182133011,0.0
111024,2025-06-11T15:00:00.000000000,0.7029999999999998,0.0,0.0,0.258,0.7089389187466055,0.0
111024,2025-06-11T16:00:00.000000000,0.6989999999999998,0.0,0.0,0.23199999999999998,0.6767011010276611,0.0
111024,2025-06-11T17:00:00.000000000,0.845,0.0,0.0,0.224,0.12484827589336667,0.0
111024,2025-06-11T18:00:00.000000000,0.864,0.0,0.0,0.222,0.4070757164692167,0.0
111024,2025-06-11T19:00:00.000000000,1.1760000000000002,0.0,0.0,0.25,2.6481901900762006,0.0
111024,2025-06-11T20:00:00.000000000,0.9299999999999999,0.0,0.0,0.195,0.8156167882892944,0.0
111024,2025-06-11T21:00:00.000000000,0.7360000000000001,0.0,0.0,0.167,0.3235504614701334,0.0
111024,2025-06-11T22:00:00.000000000,0.549,0.0,0.0,0.146,0.3390832281892611,0.0
111024,2025-06-11T23:00:00.000000000,0.496,0.0,0.0,0.134,0.3235504614701334,0.0
111024,2025-06-12T00:00:00.000000000,0.484,0.0,0.0,0.127,0.3563744213294222,0.0
111024,2025-06-12T01:00:00.000000000,0.477,0.0,0.0,0.126,0.3235504614701334,0.0
111024,2025-06-12T02:00:00.000000000,0.476,0.0,0.0,0.122,0.0,0.0
111024,2025-06-12T03:00:00.000000000,0.469,0.0,0.0,0.11699999999999999,0.3235504614701334,0.0
111024,2025-06-12T04:00:00.000000000,0.463,0.0,0.0,0.114,0.0,0.0
111024,2025-06-12T05:00:00.000000000,0.514,0.0,0.0,0.10300000000000001,1.2713423024071,0.0
111024,2025-06-12T06:00:00.000000000,0.6320000000000001,0.0,0.0,0.124,0.53544084520465,0.0
111024,2025-06-12T07:00:00.000000000,0.574,0.0,0.0,0.128,1.0960858024441111,0.0
111024,2025-06-12T08:00:00.000000000,0.634,0.0,0.0,0.14800000000000002,0.692233867746789,0.0
111024,2025-06-12T09:00:00.000000000,0.601,0.0,0.0,0.165,0.3390832281892611,0.0
111024,2025-06-12T10:00:00.000000000,0.602,0.0,0.0,0.17,1.2156587990743777,0.0
111024,2025-06-12T11:00:00.000000000,0.842,0.0,0.0,0.18,0.3235504614701334,0.0
111024,2025-06-12T12:00:00.000000000,0.756,0.0,0.0,0.178,2.681307221005661,0.0
111024,2025-06-12T13:00:00.000000000,0.8400000000000001,0.0,0.0,0.17900000000000002,4.595940522440789,0.0
111024,2025-06-12T14:00:00.000000000,0.588,0.0,0.0,0.155,1.8897222604704889,0.0
111024,2025-06-12T15:00:00.000000000,0.732,0.0,0.0,0.21100000000000002,1.7502204310685112,0.0
111024,2025-06-12T16:00:00.000000000,0.629,0.0,0.0,0.167,0.33556637534719447,0.0
111024,2025-06-12T17:00:00.000000000,0.761,0.0,0.0,0.20600000000000002,1.5608965197372555,0.0
111024,2025-06-12T18:00:00.000000000,0.972,0.0,0.0,0.269,2.2490273925016333,0.0
111024,2025-06-12T19:00:00.000000000,0.862,0.0,0.0,0.18100000000000002,0.3390832281892611,0.0
111024,2025-06-12T20:00:00.000000000,0.7489999999999999,0.0,0.0,0.14800000000000002,0.0,0.0
111024,2025-06-12T21:00:00.000000000,0.636,0.0,0.0,0.11299999999999999,0.9029519672006168,0.0
111024,2025-06-12T22:00:00.000000000,0.497,0.0,0.0,0.094,0.5275279263100001,0.0
111024,2025-06-12T23:00:00.000000000,0.441,0.0,0.0,0.081,0.3264811721718555,0.0
111024,2025-06-13T00:00:00.000000000,0.431,0.0,0.0,0.073,0.0,0.0
111024,2025-06-13T01:00:00.000000000,0.421,0.0,0.0,0.065,0.3390832281892611,0.0
111024,2025-06-13T02:00:00.000000000,0.417,0.0,0.0,0.064,0.32355046147013333,0.0
111024,2025-06-13T03:00:00.000000000,0.41000000000000003,0.0,0.0,0.057999999999999996,0.0,0.0
111024,2025-06-13T04:00:00.000000000,0.392,0.0,0.0,0.043000000000000003,0.6808040960100723,0.0
111024,2025-06-13T05:00:00.000000000,0.426,0.0,0.0,0.02,0.7048359237641945,0.0
111024,2025-06-13T06:00:00.000000000,0.495,0.0,0.0,0.032,1.1652505750047555,0.0
111024,2025-06-13T07:00:00.000000000,0.563,0.0,0.0,0.05,0.33996244139977777,0.0
111024,2025-06-13T08:00:00.000000000,0.762,0.0,0.0,0.045000000000000005,0.34172086782081107,0.0
111024,2025-06-13T09:00:00.000000000,0.713,0.0,0.0,0.030999999999999996,3.953528736623278,0.0
111024,2025-06-13T10:00:00.000000000,0.724,0.0,0.0,0.064,4.084238433920089,0.0
111024,2025-06-13T11:00:00.000000000,0.508,0.0,0.0,0.077,0.6872516595538611,0.0
111024,2025-06-13T12:00:00.000000000,0.497,0.0,0.0,0.065,1.5043338031940168,0.0
111024,2025-06-13T13:00:00.000000000,0.498,0.0,0.0,0.069,0.7235924722552167,0.0
111024,2025-06-13T14:00:00.000000000,0.5,0.0,0.0,0.069,1.0404022991113888,0.0
111024,2025-06-13T15:00:00.000000000,0.505,0.0,0.0,0.062,1.3246812371784444,0.0
111024,2025-06-13T16:00:00.000000000,0.526,0.0,0.0,0.06,1.1801971995835387,0.0
111024,2025-06-13T17:00:00.000000000,1.062,0.0,0.0,0.027,1.0541766394094834,0.0
111024,2025-06-13T18:00:00.000000000,0.546,0.0,0.0,0.032,1.0424537966025944,0.0
111024,2025-06-13T19:00:00.000000000,0.724,0.0,0.0,0.044,1.6165800230699778,0.0
111024,2025-06-13T20:00:00.000000000,0.8160000000000001,0.0,0.0,0.043,2.8375141014074554,0.0
111024,2025-06-13T21:00:00.000000000,0.7000000000000001,0.0,0.0,0.038,1.2185895097761001,0.0
111024,2025-06-13T22:00:00.000000000,0.472,0.0,0.0,0.027,0.7502619396408889,0.0
111024,2025-06-13T23:00:00.000000000,0.38,0.0,0.0,0.019,0.3235504614701334,0.0
111024,2025-06-14T00:00:00.000000000,0.372,0.0,0.0,0.013999999999999999,0.3235504614701334,0.0
111024,2025-06-14T01:00:00.000000000,0.365,0.0,0.0,0.01,0.3235504614701334,0.0
111024,2025-06-14T02:00:00.000000000,0.361,0.0,0.0,0.007,0.0,0.0
111024,2025-06-14T03:00:00.000000000,0.34700000000000003,0.004,0.0,0.001,0.7649154931495,0.0
111024,2025-06-14T04:00:00.000000000,0.378,0.009000000000000001,0.0,0.005,0.8100484379560222,0.0
111024,2025-06-14T05:00:00.000000000,0.536,0.003,0.0,0.041999999999999996,0.9258115106740501,0.0
111024,2025-06-14T06:00:00.000000000,0.534,0.0,0.0,0.011,0.3235504614701334,0.0
111024,2025-06-14T07:00:00.000000000,0.547,0.0,0.0,0.01,1.0609172740234445,0.0
111024,2025-06-14T08:00:00.000000000,0.55,0.0,0.0,0.020999999999999998,1.545949895158472,0.0
111024,2025-06-14T09:00:00.000000000,0.5990000000000001,0.0,0.0,0.057999999999999996,1.090810523181011,0.0
111024,2025-06-14T10:00:00.000000000,0.546,0.0,0.0,0.093,0.7180241219219445,0.0
111024,2025-06-14T11:00:00.000000000,0.504,0.0,0.0,0.131,0.7918780316053444,0.0
111024,2025-06-14T12:00:00.000000000,0.625,0.0,0.0,0.193,0.6980952891502334,0.0
111024,2025-06-14T13:00:00.000000000,0.6890000000000001,0.0,0.0,0.259,0.3235504614701334,0.0
111024,2025-06-14T14:00:00.000000000,1.0,0.0,0.0,0.305,0.5899520642566833,0.0
111024,2025-06-14T15:00:00.000000000,1.058,0.0,0.0,0.308,0.8381832606925556,0.0
111024,2025-06-14T16:00:00.000000000,0.849,0.0,0.0,0.287,1.1306681887244334,0.0
111024,2025-06-14T17:00:00.000000000,0.863,0.0,0.0,0.243,1.1335988994261554,0.0
111024,2025-06-14T18:00:00.000000000,0.847,0.0,0.0,0.21100000000000002,1.1681812857064777,0.0
111024,2025-06-14T19:00:00.000000000,1.2029999999999998,0.0,0.0,0.188,0.6060709731161555,0.0
111024,2025-06-14T20:00:00.000000000,1.4779999999999998,0.0,0.0,0.165,1.0793807514442944,0.0
111024,2025-06-14T21:00:00.000000000,0.884,0.0,0.0,0.187,2.417250186780489,0.0
111024,2025-06-14T22:00:00.000000000,0.5720000000000001,0.0,0.0,0.126,1.8442962445937945,0.0
111024,2025-06-14T23:00:00.000000000,0.479,0.0,0.0,0.096,0.32530888789116663,0.0
111024,2025-06-15T00:00:00.000000000,0.443,0.0,0.0,0.085,0.3232573903999611,0.0
111024,2025-06-15T01:00:00.000000000,0.417,0.0,0.0,0.069,0.0,0.0
111024,2025-06-15T02:00:00.000000000,0.396,0.0,0.0,0.055,0.6992675734309223,0.0
111024,2025-06-15T03:00:00.000000000,0.379,0.0,0.0,0.039,1.0884659546196334,0.0
111024,2025-06-15T04:00:00.000000000,0.386,0.0,0.0,0.032,0.0,0.0
111024,2025-06-15T05:00:00.000000000,0.378,0.006,0.0,0.008,0.7493827264303722,0.0
111024,2025-06-15T06:00:00.000000000,0.378,0.0,0.0,0.019999999999999997,0.3235504614701334,0.0
111024,2025-06-15T07:00:00.000000000,0.414,0.0,0.0,0.057999999999999996,1.6725565974728722,0.0
111024,2025-06-15T08:00:00.000000000,0.479,0.0,0.0,0.123,1.4855772547029946,0.0
111024,2025-06-15T09:00:00.000000000,0.548,0.0,0.0,0.19499999999999998,0.8378901896223834,0.0
111024,2025-06-15T10:00:00.000000000,0.609,0.0,0.0,0.258,0.0,0.0
111024,2025-06-15T11:00:00.000000000,0.653,0.0,0.0,0.301,0.3232573903999611,0.0
111024,2025-06-15T12:00:00.000000000,0.656,0.0,0.0,0.303,0.0,0.0
111024,2025-06-15T13:00:00.000000000,0.641,0.0,0.0,0.269,0.3235504614701334,0.0
111024,2025-06-15T14:00:00.000000000,0.6949999999999998,0.0,0.0,0.263,0.0,0.0
111024,2025-06-15T15:00:00.000000000,0.6659999999999999,0.0,0.0,0.28600000000000003,0.3235504614701334,0.0
111024,2025-06-15T16:00:00.000000000,0.852,0.0,0.0,0.311,0.7880681076931055,0.0
111024,2025-06-15T17:00:00.000000000,0.866,0.0,0.0,0.3,0.0,0.0
111024,2025-06-15T18:00:00.000000000,0.923,0.0,0.0,0.284,0.3387901571190889,0.0
111024,2025-06-15T19:00:00.000000000,0.9219999999999999,0.0,0.0,0.241,0.3387901571190889,0.0
111024,2025-06-15T20:00:00.000000000,0.9259999999999999,0.0,0.0,0.19000000000000003,1.1608545089521725,0.0
111024,2025-06-15T21:00:00.000000000,0.7770000000000001,0.0,0.0,0.14600000000000002,0.3235504614701334,0.0
111024,2025-06-15T22:00:00.000000000,0.529,0.0,0.0,0.093,0.32355046147013333,0.0
111024,2025-06-15T23:00:00.000000000,0.45599999999999996,0.0,0.0,0.08,0.3232573903999611,0.0
111024,2025-06-16T00:00:00.000000000,0.412,0.0,0.0,0.054,0.7526065082022667,0.0
111024,2025-06-16T01:00:00.000000000,0.399,0.0,0.0,0.043,0.7487965842900278,0.0
111024,2025-06-16T02:00:00.000000000,0.388,0.0,0.0,0.034999999999999996,0.0,0.0
111024,2025-06-16T03:00:00.000000000,0.358,0.0,0.0,0.015,0.6854932331328278,0.0
111024,2025-06-16T04:00:00.000000000,0.366,0.002,0.0,0.008,0.7590540717460555,0.0
111024,2025-06-16T05:00:00.000000000,0.42,0.004,0.0,0.004,0.7180241219219445,0.0
111024,2025-06-16T06:00:00.000000000,0.723,0.0,0.0,0.038,1.5060922296150498,0.0
111024,2025-06-16T07:00:00.000000000,0.583,0.0,0.0,0.067,0.7526065082022667,0.0
111024,2025-06-16T08:00:00.000000000,0.469,0.0,0.0,0.069,0.7045428526940223,0.0
111024,2025-06-16T09:00:00.000000000,0.424,0.0,0.0,0.07100000000000001,0.3235504614701334,0.0
111024,2025-06-16T10:00:00.000000000,0.427,0.0,0.0,0.07700000000000001,1.1292028333735722,0.0
111024,2025-06-16T11:00:00.000000000,0.51,0.0,0.0,0.098,0.0,0.0
111024,2025-06-16T12:00:00.000000000,0.541,0.0,0.0,0.109,1.114256208794789,0.0
111024,2025-06-16T13:00:00.000000000,0.536,0.0,0.0,0.126,0.3493407156452889,0.0
111024,2025-06-16T14:00:00.000000000,0.512,0.0,0.0,0.14200000000000002,0.0,0.0
111024,2025-06-16T15:00:00.000000000,0.522,0.0,0.0,0.164,0.6822694513609333,0.0
111024,2025-06-16T16:00:00.000000000,0.647,0.0,0.0,0.18,1.438685883475439,0.0
111024,2025-06-16T17:00:00.000000000,0.557,0.0,0.0,0.157,1.5318824837902056,0.0
111024,2025-06-16T18:00:00.000000000,0.676,0.0,0.0,0.165,0.3757171119607889,0.0
111024,2025-06-16T19:00:00.000000000,0.915,0.006,0.0,0.155,0.3235504614701334,0.0
111024,2025-06-16T20:00:00.000000000,0.9099999999999999,0.03,0.0,0.10899999999999999,0.3387901571190889,0.0
111024,2025-06-16T21:00:00.000000000,0.7270000000000001,0.03899999999999999,0.0,0.059000000000000004,0.5410091955379223,0.0
111024,2025-06-16T22:00:00.000000000,0.493,0.047,0.0,0.012,0.5237180023977611,0.0
111024,2025-06-16T23:00:00.000000000,0.478,0.09599999999999999,0.0,0.0,0.0,0.0
111024,2025-06-17T00:00:00.000000000,0.504,0.14800000000000002,0.0,0.0,0.3235504614701334,0.0
111024,2025-06-17T01:00:00.000000000,0.538,0.182,0.0,0.0,0.3235504614701334,0.0
111024,2025-06-17T02:00:00.000000000,0.558,0.204,0.0,0.0,0.3387901571190889,0.0
111024,2025-06-17T03:00:00.000000000,0.657,0.307,0.0,0.0,0.0,0.0
111024,2025-06-17T04:00:00.000000000,0.647,0.29600000000000004,0.0,0.0,0.3235504614701334,0.0
111024,2025-06-17T05:00:00.000000000,0.637,0.257,0.0,0.0,0.0,0.0
111024,2025-06-17T06:00:00.000000000,0.529,0.08499999999999999,0.0,0.0,0.692233867746789,0.0
111024,2025-06-17T07:00:00.000000000,0.556,0.006,0.0,0.034999999999999996,2.1860171124146057,0.0
111024,2025-06-17T08:00:00.000000000,0.626,0.0,0.0,0.095,0.5140466570820778,0.0
111024,2025-06-17T09:00:00.000000000,0.654,0.0,0.0,0.132,1.804438579050372,0.0
111024,2025-06-17T10:00:00.000000000,0.7569999999999999,0.0,0.0,0.207,1.5497598190707111,0.0
111024,2025-06-17T11:00:00.000000000,0.706,0.0,0.0,0.192,0.0,0.0
111024,2025-06-17T12:00:00.000000000,0.6910000000000001,0.0,0.0,0.198,0.3235504614701334,0.0
111024,2025-06-17T13:00:00.000000000,0.63,0.0,0.0,0.2,0.6978022180800612,0.0
111024,2025-06-17T14:00:00.000000000,0.653,0.0,0.0,0.221,0.0,0.0
111024,2025-06-17T15:00:00.000000000,0.683,0.0,0.0,0.241,0.3235504614701334,0.0
111024,2025-06-17T16:00:00.000000000,0.7689999999999999,0.0,0.0,0.251,1.0767431118127444,0.0
111024,2025-06-17T17:00:00.000000000,0.859,0.0,0.0,0.239,1.6781249478061444,0.0
111024,2025-06-17T18:00:00.000000000,0.796,0.0,0.0,0.222,1.0447983651639723,0.0
111024,2025-06-17T19:00:00.000000000,0.751,0.0,0.0,0.18100000000000002,2.047101425152972,0.0
111024,2025-06-17T20:00:00.000000000,0.9359999999999999,0.0,0.0,0.159,0.3235504614701334,0.0
111024,2025-06-17T21:00:00.000000000,0.6910000000000001,0.0,0.0,0.126,0.0,0.0
111024,2025-06-17T22:00:00.000000000,0.528,0.0,0.0,0.094,0.6623406185892222,0.0
111024,2025-06-17T23:00:00.000000000,0.44599999999999995,0.0,0.0,0.074,0.3387901571190889,0.0
111024,2025-06-18T00:00:00.000000000,0.418,0.0,0.0,0.061,0.0,0.0
111024,2025-06-18T01:00:00.000000000,0.401,0.0,0.0,0.046000000000000006,0.3235504614701334,0.0
111024,2025-06-18T02:00:00.000000000,0.383,0.0,0.0,0.028999999999999998,0.0,0.0
111024,2025-06-18T03:00:00.000000000,0.371,0.0,0.0,0.024000000000000004,0.3235504614701334,0.0
111024,2025-06-18T04:00:00.000000000,0.366,0.0,0.0,0.016,0.0,0.0
111024,2025-06-18T05:00:00.000000000,0.37,0.0,0.0,0.01,0.3235504614701334,0.0
111024,2025-06-18T06:00:00.000000000,0.46099999999999997,0.0,0.0,0.036000000000000004,0.0,0.0
111024,2025-06-18T07:00:00.000000000,0.506,0.0,0.0,0.05499999999999999,1.385053877633922,0.0
111024,2025-06-18T08:00:00.000000000,0.542,0.0,0.0,0.084,0.7306261779393501,0.0
111024,2025-06-18T09:00:00.000000000,0.512,0.0,0.0,0.075,0.0,0.0
111024,2025-06-18T10:00:00.000000000,0.525,0.0,0.0,0.094,0.5855559982041,0.0
111024,2025-06-18T11:00:00.000000000,0.618,0.0,0.0,0.123,0.08733517891132223,0.0
111024,2025-06-18T12:00:00.000000000,0.68,0.0,0.0,0.14200000000000002,1.1321335440752944,0.0
111024,2025-06-18T13:00:00.000000000,1.024,0.0,0.0,0.177,7.016121419923,0.0
111024,2025-06-18T14:00:00.000000000,0.599,0.0,0.0,0.168,0.3387901571190889,0.0
111024,2025-06-18T15:00:00.000000000,0.607,0.0,0.0,0.189,0.5181496520644889,0.0
111024,2025-06-18T16:00:00.000000000,0.669,0.0,0.0,0.179,0.8399416871135889,0.0
111024,2025-06-18T17:00:00.000000000,0.8340000000000001,0.0,0.0,0.167,0.5568350333272223,0.0
111024,2025-06-18T18:00:00.000000000,1.0550000000000002,0.0,0.0,0.17099999999999999,0.6890100859748944,0.0
111024,2025-06-18T19:00:00.000000000,0.848,0.0,0.0,0.167,0.3235504614701334,0.0
111024,2025-06-18T20:00:00.000000000,0.7999999999999999,0.0,0.0,0.149,0.33849708604891665,0.0
111024,2025-06-18T21:00:00.000000000,1.249,0.0,0.0,0.16,1.0553489236901723,0.0
111024,2025-06-18T22:00:00.000000000,0.501,0.0,0.0,0.13,0.3387901571190889,0.0
111024,2025-06-18T23:00:00.000000000,0.482,0.0,0.0,0.12,0.3235504614701334,0.0
111024,2025-06-19T00:00:00.000000000,0.46699999999999997,0.0,0.0,0.108,1.07351933004085,0.0
111024,2025-06-19T01:00:00.000000000,0.465,0.0,0.0,0.109,0.0,0.0
111024,2025-06-19T02:00:00.000000000,0.458,0.0,0.0,0.105,0.3235504614701334,0.0
111024,2025-06-19T03:00:00.000000000,0.44,0.0,0.0,0.099,0.3384970860489167,0.0
111024,2025-06-19T04:00:00.000000000,0.443,0.0,0.0,0.09,0.36545962450476116,0.0
111024,2025-06-19T05:00:00.000000000,0.446,0.0,0.0,0.082,0.3235504614701334,0.0
111024,2025-06-19T06:00:00.000000000,0.453,0.0,0.0,0.095,0.0,0.0
111024,2025-06-19T07:00:00.000000000,0.655,0.0,0.0,0.166,1.545363753018128,0.0
111024,2025-06-19T08:00:00.000000000,0.7689999999999999,0.0,0.0,0.25,2.918694787845161,0.0
111024,2025-06-19T09:00:00.000000000,0.7950000000000002,0.0,0.0,0.275,2.1531931525553167,0.0
111024,2025-06-19T10:00:00.000000000,0.5750000000000001,0.0,0.0,0.205,0.3235504614701334,0.0
111024,2025-06-19T11:00:00.000000000,0.6020000000000001,0.0,0.0,0.211,0.32677424324202775,0.0
111024,2025-06-19T12:00:00.000000000,0.5700000000000001,0.0,0.0,0.218,1.088172883549461,0.0
111024,2025-06-19T13:00:00.000000000,0.6699999999999999,0.0,0.0,0.26,0.7889473209036223,0.0
111024,2025-06-19T14:00:00.000000000,1.07,0.0,0.0,0.304,1.1095670716720334,0.0
111024,2025-06-19T15:00:00.000000000,1.28,0.0,0.0,0.473,4.886080881911289,0.0
111024,2025-06-19T16:00:00.000000000,0.881,0.0,0.0,0.316,1.0647271979356834,0.0
111024,2025-06-19T17:00:00.000000000,0.886,0.0,0.0,0.289,0.78865424983345,0.0
111024,2025-06-19T18:00:00.000000000,0.905,0.0,0.0,0.265,0.6646851871506001,0.0
111024,2025-06-19T19:00:00.000000000,0.9209999999999999,0.0,0.0,0.239,0.0674063461396111,0.0
111024,2025-06-19T20:00:00.000000000,0.943,0.0,0.0,0.20900000000000002,0.6453424965192334,0.0
111024,2025-06-19T21:00:00.000000000,0.776,0.0,0.0,0.17700000000000002,1.0887590256898054,0.0
111024,2025-06-19T22:00:00.000000000,0.513,0.0,0.0,0.14100000000000001,1.1075155741808278,0.0
111024,2025-06-19T23:00:00.000000000,0.484,0.0,0.0,0.125,0.0,0.0
111024,2025-06-20T00:00:00.000000000,0.46799999999999997,0.0,0.0,0.111,0.3235504614701334,0.0
111024,2025-06-20T01:00:00.000000000,0.462,0.0,0.0,0.106,0.0,0.0
111024,2025-06-20T02:00:00.000000000,0.451,0.0,0.0,0.098,0.3235504614701334,0.0
111024,2025-06-20T03:00:00.000000000,0.425,0.0,0.0,0.081,0.3631150559433834,0.0
111024,2025-06-20T04:00:00.000000000,0.423,0.0,0.0,0.07,0.6910615834661,0.0
111024,2025-06-20T05:00:00.000000000,0.444,0.0,0.0,0.066,1.127444406952539,0.0
111024,2025-06-20T06:00:00.000000000,0.523,0.0,0.0,0.08299999999999999,0.72007561941315,0.0
111024,2025-06-20T07:00:00.000000000,0.541,0.0,0.0,0.094,1.08934516783015,0.0
111024,2025-06-20T08:00:00.000000000,0.631,0.0,0.0,0.145,2.23935604718595,0.0
111024,2025-06-20T09:00:00.000000000,0.762,0.0,0.0,0.21199999999999997,2.103371070626039,0.0
111024,2025-06-20T10:00:00.000000000,0.7090000000000001,0.0,0.0,0.196,0.9700652422700555,0.0
111024,2025-06-20T11:00:00.000000000,0.714,0.0,0.0,0.20099999999999998,1.4073272789670113,0.0
111024,2025-06-20T12:00:00.000000000,0.718,0.0,0.0,0.20400000000000001,1.9143402303649557,0.0
111024,2025-06-20T13:00:00.000000000,0.5800000000000001,0.0,0.0,0.208,0.3235504614701334,0.0
111024,2025-06-20T14:00:00.000000000,0.607,0.0,0.0,0.235,0.0,0.0
111024,2025-06-20T15:00:00.000000000,0.702,0.0,0.0,0.258,0.7883611787632778,0.0
111024,2025-06-20T16:00:00.000000000,0.8019999999999999,0.0,0.0,0.28200000000000003,0.4346243970654056,0.0
111024,2025-06-20T17:00:00.000000000,0.949,0.0,0.0,0.311,0.4070757164692167,0.0
111024,2025-06-20T18:00:00.000000000,0.907,0.0,0.0,0.268,0.3235504614701334,0.0
111024,2025-06-20T19:00:00.000000000,0.912,0.0,0.0,0.23099999999999998,0.6769941720978333,0.0
111024,2025-06-20T20:00:00.000000000,0.916,0.0,0.0,0.18000000000000002,0.3235504614701334,0.0
111024,2025-06-20T21:00:00.000000000,0.7350000000000001,0.0,0.0,0.135,0.35549520811890556,0.0
111024,2025-06-20T22:00:00.000000000,0.571,0.0,0.0,0.10299999999999998,0.7883611787632778,0.0
111024,2025-06-20T23:00:00.000000000,0.436,0.0,0.0,0.07500000000000001,0.3235504614701334,0.0
111024,2025-06-21T00:00:00.000000000,0.414,0.0,0.0,0.055999999999999994,0.3235504614701334,0.0
111024,2025-06-21T01:00:00.000000000,0.397,0.0,0.0,0.04,0.33849708604891665,0.0
111024,2025-06-21T02:00:00.000000000,0.386,0.0,0.0,0.033,0.0,0.0
111024,2025-06-21T03:00:00.000000000,0.387,0.0,0.0,0.036000000000000004,0.3235504614701334,0.0
111024,2025-06-21T04:00:00.000000000,0.394,0.0,0.0,0.041999999999999996,0.3628219848732111,0.0
111024,2025-06-21T05:00:00.000000000,0.436,0.0,0.0,0.040999999999999995,1.467699919422489,0.0
111024,2025-06-21T06:00:00.000000000,0.519,0.0,0.0,0.093,0.3235504614701334,0.0
111024,2025-06-21T07:00:00.000000000,0.776,0.0,0.0,0.131,1.103998721338761,0.0
111024,2025-06-21T08:00:00.000000000,0.579,0.0,0.0,0.137,0.6931130809573056,0.0
111024,2025-06-21T09:00:00.000000000,0.567,0.0,0.0,0.13,1.1922131134606,0.0
111024,2025-06-21T10:00:00.000000000,0.567,0.0,0.0,0.136,0.66204754751905,0.0
111024,2025-06-21T11:00:00.000000000,0.55,0.0,0.0,0.138,0.69369922309765,0.0
111024,2025-06-21T12:00:00.000000000,0.647,0.0,0.0,0.154,0.0,0.0
111024,2025-06-21T13:00:00.000000000,1.3719999999999999,0.0,0.0,0.16499999999999998,0.6682020399926667,0.0
111024,2025-06-21T14:00:00.000000000,1.387,0.0,0.0,0.165,1.0140259027958891,0.0
111024,2025-06-21T15:00:00.000000000,1.123,0.0,0.0,0.20500000000000002,6.41737722356115,0.0
111024,2025-06-21T16:00:00.000000000,0.7809999999999999,0.0,0.0,0.16399999999999998,0.4346243970654056,0.0
111024,2025-06-21T17:00:00.000000000,1.0190000000000001,0.0,0.0,0.213,2.9151779350030944,0.0
111024,2025-06-21T18:00:00.000000000,0.831,0.0,0.0,0.164,1.1382880365489112,0.0
111024,2025-06-21T19:00:00.000000000,0.796,0.0,0.0,0.11499999999999999,0.3235504614701334,0.0
111024,2025-06-21T20:00:00.000000000,0.835,0.0,0.0,0.1,0.0,0.0
111024,2025-06-21T21:00:00.000000000,0.7170000000000001,0.0,0.0,0.08600000000000001,0.35549520811890556,0.0
111024,2025-06-21T22:00:00.000000000,0.506,0.0,0.0,0.07100000000000001,0.3235504614701334,0.0
111024,2025-06-21T23:00:00.000000000,0.43599999999999994,0.0,0.0,0.05399999999999999,0.0,0.0
111024,2025-06-22T00:00:00.000000000,0.39,0.0,0.0,0.033,0.3235504614701334,0.0
111024,2025-06-22T01:00:00.000000000,0.382,0.0,0.0,0.026,0.11957299663026666,0.0
111024,2025-06-22T02:00:00.000000000,0.386,0.0,0.0,0.032,0.5580073176079111,0.0
111024,2025-06-22T03:00:00.000000000,0.371,0.0,0.0,0.026000000000000002,1.1749219203204389,0.0
111024,2025-06-22T04:00:00.000000000,0.381,0.0,0.0,0.024,0.8390624739030722,0.0
111024,2025-06-22T05:00:00.000000000,0.46099999999999997,0.0,0.0,0.02,0.7142141980097055,0.0
111024,2025-06-22T06:00:00.000000000,0.457,0.0,0.0,0.015,0.3672180509257944,0.0
111024,2025-06-22T07:00:00.000000000,0.551,0.0,0.0,0.07,1.3604359077394557,0.0
111024,2025-06-22T08:00:00.000000000,0.486,0.0,0.0,0.023,0.7754660516756999,0.0
111024,2025-06-22T09:00:00.000000000,0.53,0.003,0.0,0.006,2.0761154611000223,0.0
111024,2025-06-22T10:00:00.000000000,0.532,0.0,0.0,0.018000000000000002,0.7921711026755166,0.0
111024,2025-06-22T11:00:00.000000000,0.54,0.0,0.0,0.026999999999999996,1.4281353249492388,0.0
111024,2025-06-22T12:00:00.000000000,0.6819999999999999,0.0,0.0,0.129,2.476450542955278,0.0
111024,2025-06-22T13:00:00.000000000,0.528,0.0,0.0,0.06899999999999999,1.0084575524626167,0.0
111024,2025-06-22T14:00:00.000000000,0.556,0.0,0.0,0.043,0.3408416546102945,0.0
111024,2025-06-22T15:00:00.000000000,0.5790000000000001,0.0,0.0,0.024,0.789826534114139,0.0
111024,2025-06-22T16:00:00.000000000,0.8879999999999999,0.0,0.0,0.065,1.213314230513,0.0
111024,2025-06-22T17:00:00.000000000,1.834,0.013000000000000001,0.0,0.052000000000000005,6.51760752956005,0.0
111024,2025-06-22T18:00:00.000000000,1.148,0.011,0.0,0.05500000000000001,4.9153879889285115,0.0
111024,2025-06-22T19:00:00.000000000,0.74,0.0,0.0,0.06,1.6713843131921833,0.0
111024,2025-06-22T20:00:00.000000000,0.7770000000000001,0.0,0.0,0.041999999999999996,1.594306621736889,0.0
111024,2025-06-22T21:00:00.000000000,0.636,0.0,0.0,0.037,0.6942853652379944,0.0
111024,2025-06-22T22:00:00.000000000,0.515,0.0,0.0,0.027,0.816496001499811,0.0
111024,2025-06-22T23:00:00.000000000,0.388,0.0,0.0,0.017,0.5483359722922277,0.0
111024,2025-06-23T00:00:00.000000000,0.373,0.0,0.0,0.015,0.3235504614701334,0.0
111024,2025-06-23T01:00:00.000000000,0.367,0.0,0.0,0.01,0.0,0.0
111024,2025-06-23T02:00:00.000000000,0.357,0.0,0.0,0.004,0.3235504614701334,0.0
111024,2025-06-23T03:00:00.000000000,0.355,0.0,0.0,0.003,0.0,0.0
111024,2025-06-23T04:00:00.000000000,0.354,0.0,0.0,0.003,0.32355046147013333,0.0
111024,2025-06-23T05:00:00.000000000,0.38,0.014,0.0,0.002,0.3572536345399389,0.0
111024,2025-06-23T06:00:00.000000000,0.508,0.002,0.0,0.018000000000000002,0.7016121419923,0.0
111024,2025-06-23T07:00:00.000000000,0.7999999999999999,0.0,0.0,0.076,1.2191756519164443,0.0
111024,2025-06-23T08:00:00.000000000,0.934,0.0,0.0,0.034999999999999996,5.573332541465151,0.0
111024,2025-06-23T09:00:00.000000000,0.6990000000000001,0.0,0.0,0.07100000000000001,2.103664141696211,0.0
111024,2025-06-23T10:00:00.000000000,0.6749999999999999,0.0,0.0,0.08499999999999999,1.415240197861661,0.0
111024,2025-06-23T11:00:00.000000000,1.083,0.0,0.0,0.12,1.4553909344752556,0.0
111024,2025-06-23T12:00:00.000000000,0.658,0.0,0.0,0.14500000000000002,1.9020312454177222,0.0
111024,2025-06-23T13:00:00.000000000,0.702,0.0,0.0,0.193,1.0465567915850056,0.0
111024,2025-06-23T14:00:00.000000000,0.754,0.0,0.0,0.24,0.7033705684133333,0.0
111024,2025-06-23T15:00:00.000000000,0.962,0.0,0.0,0.387,1.9128748750140945,0.0
111024,2025-06-23T16:00:00.000000000,0.9329999999999999,0.0,0.0,0.35500000000000004,1.093155091742389,0.0
111024,2025-06-23T17:00:00.000000000,0.906,0.0,0.0,0.28500000000000003,2.081390740363122,0.0
111024,2025-06-23T18:00:00.000000000,0.7930000000000001,0.0,0.0,0.252,0.7101112030272945,0.0
111024,2025-06-23T19:00:00.000000000,0.728,0.0,0.0,0.196,1.9445265505926943,0.0
111024,2025-06-23T20:00:00.000000000,1.082,0.0,0.0,0.177,0.70952506088695,0.0
111024,2025-06-23T21:00:00.000000000,0.8,0.0,0.0,0.139,1.0348339487781169,0.0
111024,2025-06-23T22:00:00.000000000,0.541,0.0,0.0,0.10599999999999998,0.3552021370487333,0.0
111024,2025-06-23T23:00:00.000000000,0.46799999999999997,0.0,0.0,0.08700000000000001,0.3235504614701334,0.0
111024,2025-06-24T00:00:00.000000000,0.428,0.0,0.0,0.067,0.0,0.0
111024,2025-06-24T01:00:00.000000000,0.406,0.0,0.0,0.049,0.3235504614701334,0.0
111024,2025-06-24T02:00:00.000000000,0.394,0.0,0.0,0.041,0.0,0.0
111024,2025-06-24T03:00:00.000000000,0.39,0.0,0.0,0.038,0.3235504614701334,0.0
111024,2025-06-24T04:00:00.000000000,0.379,0.0,0.0,0.028999999999999998,0.3065523394001445,0.0
111024,2025-06-24T05:00:00.000000000,0.385,0.0,0.0,0.021,0.016705050999816666,0.0
111024,2025-06-24T06:00:00.000000000,0.498,0.0,0.0,0.07,0.3235504614701334,0.0
111024,2025-06-24T07:00:00.000000000,0.5830000000000001,0.0,0.0,0.135,0.0,0.0
111024,2025-06-24T08:00:00.000000000,0.724,0.0,0.0,0.216,0.3499268577856333,0.0
111024,2025-06-24T09:00:00.000000000,0.8099999999999999,0.0,0.0,0.29000000000000004,0.6813902381504168,0.0
111024,2025-06-24T10:00:00.000000000,0.945,0.0,0.0,0.347,2.1874824677654665,0.0
111024,2025-06-24T11:00:00.000000000,0.986,0.0,0.0,0.45,0.71480034015005,0.0
111024,2025-06-24T12:00:00.000000000,1.0150000000000001,0.0,0.0,0.499,1.5251418491762443,0.0
111024,2025-06-24T13:00:00.000000000,1.049,0.0,0.0,0.5740000000000001,0.0,0.0
111024,2025-06-24T14:00:00.000000000,1.084,0.0,0.0,0.645,0.7461589446584778,0.0
111024,2025-06-24T15:00:00.000000000,1.143,0.0,0.0,0.6910000000000001,0.0,0.0
111024,2025-06-24T16:00:00.000000000,1.5419999999999998,0.0,0.0,0.7329999999999999,0.7880681076931056,0.0
111024,2025-06-24T17:00:00.000000000,1.7640000000000002,0.0,0.0,0.9309999999999999,4.608249507388022,0.0
111024,2025-06-24T18:00:00.000000000,1.778,0.0,0.0,0.775,6.119030874125827,0.0
111024,2025-06-24T19:00:00.000000000,1.149,0.0,0.0,0.46599999999999997,1.0656064111462,0.0
111024,2025-06-24T20:00:00.000000000,1.053,0.0,0.0,0.319,1.8533814477691335,0.0
111024,2025-06-24T21:00:00.000000000,0.817,0.0,0.0,0.25,1.375382532318239,0.0
111024,2025-06-24T22:00:00.000000000,0.644,0.0,0.0,0.21000000000000002,0.6966299337993722,0.0
111024,2025-06-24T23:00:00.000000000,0.556,0.0,0.0,0.183,0.3235504614701334,0.0
111024,2025-06-25T00:00:00.000000000,0.521,0.0,0.0,0.163,0.0,0.0
111024,2025-06-25T01:00:00.000000000,0.502,0.0,0.0,0.146,0.32355046147013333,0.0
111024,2025-06-25T02:00:00.000000000,0.492,0.0,0.0,0.139,0.0,0.0
111024,2025-06-25T03:00:00.000000000,0.473,0.0,0.0,0.128,0.3235504614701334,0.0
111024,2025-06-25T04:00:00.000000000,0.473,0.0,0.0,0.119,0.0,0.0
111024,2025-06-25T05:00:00.000000000,0.528,0.0,0.0,0.119,1.1230483408999556,0.0
111024,2025-06-25T06:00:00.000000000,0.6619999999999999,0.0,0.0,0.175,0.0,0.0
111024,2025-06-25T07:00:00.000000000,0.6839999999999999,0.0,0.0,0.23600000000000002,1.6365088558416891,0.0
111024,2025-06-25T08:00:00.000000000,0.9169999999999999,0.0,0.0,0.369,1.1966091795131835,0.0
111024,2025-06-25T09:00:00.000000000,0.978,0.0,0.0,0.456,0.8806785658675278,0.0
111024,2025-06-25T10:00:00.000000000,1.1720000000000002,0.0,0.0,0.6100000000000001,0.3235504614701334,0.0
111024,2025-06-25T11:00:00.000000000,1.332,0.0,0.0,0.728,0.35490906597856114,0.0
111024,2025-06-25T12:00:00.000000000,1.1809999999999998,0.0,0.0,0.718,0.33849708604891665,0.0
111024,2025-06-25T13:00:00.000000000,1.254,0.0,0.0,0.815,0.33849708604891665,0.0
111024,2025-06-25T14:00:00.000000000,1.3679999999999999,0.0,0.0,0.924,0.33849708604891665,0.0
111024,2025-06-25T15:00:00.000000000,1.396,0.0,0.0,0.9359999999999999,0.7194894772728055,0.0
111024,2025-06-25T16:00:00.000000000,1.419,0.0,0.0,0.888,1.5330547680708944,0.0
111024,2025-06-25T17:00:00.000000000,1.475,0.0,0.0,0.872,1.7314638825774888,0.0
111024,2025-06-25T18:00:00.000000000,1.244,0.0,0.0,0.7200000000000001,0.0,0.0
111024,2025-06-25T19:00:00.000000000,1.085,0.0,0.0,0.545,0.3382040149787444,0.0
111024,2025-06-25T20:00:00.000000000,0.978,0.0,0.0,0.41200000000000003,0.6931130809573056,0.0
111024,2025-06-25T21:00:00.000000000,0.893,0.0,0.0,0.307,0.6948715073783389,0.0
111024,2025-06-25T22:00:00.000000000,0.7540000000000001,0.0,0.0,0.264,0.3543229238382167,0.0
111024,2025-06-25T23:00:00.000000000,0.615,0.0,0.0,0.236,0.3235504614701334,0.0
111024,2025-06-26T00:00:00.000000000,0.568,0.0,0.0,0.209,0.7628639956582945,0.0
111024,2025-06-26T01:00:00.000000000,0.546,0.0,0.0,0.193,0.3382040149787444,0.0
111024,2025-06-26T02:00:00.000000000,0.521,0.0,0.0,0.18,0.3235504614701334,0.0
111024,2025-06-26T03:00:00.000000000,0.52,0.0,0.0,0.17,0.0,0.0
111024,2025-06-26T04:00:00.000000000,0.517,0.0,0.0,0.16799999999999998,0.3235504614701334,0.0
111024,2025-06-26T05:00:00.000000000,0.556,0.0,0.0,0.178,0.36194277166269445,0.0
111024,2025-06-26T06:00:00.000000000,0.658,0.0,0.0,0.217,1.127737478022711,0.0
111024,2025-06-26T07:00:00.000000000,0.7450000000000001,0.0,0.0,0.29800000000000004,0.0,0.0
111024,2025-06-26T08:00:00.000000000,1.223,0.0,0.0,0.428,0.671425821764561,0.0
111024,2025-06-26T09:00:00.000000000,1.0190000000000001,0.0,0.0,0.5770000000000001,0.6708396796242166,0.0
111024,2025-06-26T10:00:00.000000000,1.159,0.0,0.0,0.7189999999999999,1.0266279588132945,0.0
111024,2025-06-26T11:00:00.000000000,1.24,0.0,0.0,0.7970000000000002,0.3235504614701334,0.0
111024,2025-06-26T12:00:00.000000000,1.198,0.0,0.0,0.756,0.3546159949083889,0.0
111024,2025-06-26T13:00:00.000000000,1.227,0.0,0.0,0.786,0.3232573903999611,0.0
111024,2025-06-26T14:00:00.000000000,1.352,0.0,0.0,0.907,0.7851373969913833,0.0
111024,2025-06-26T15:00:00.000000000,1.899,0.0,0.0,1.14,1.3689349687744499,0.0
111024,2025-06-26T16:00:00.000000000,2.081,0.0,0.0,1.199,2.1760526960287505,0.0
111024,2025-06-26T17:00:00.000000000,1.675,0.0,0.0,1.036,1.0465567915850056,0.0
111024,2025-06-26T18:00:00.000000000,1.494,0.0,0.0,0.8419999999999999,0.6928200098871333,0.0
111024,2025-06-26T19:00:00.000000000,1.34,0.0,0.0,0.649,0.35490906597856114,0.0
111024,2025-06-26T20:00:00.000000000,1.231,0.0,0.0,0.491,1.090517452110839,0.0
111024,2025-06-26T21:00:00.000000000,1.091,0.0,0.0,0.41200000000000003,0.7274023961674556,0.0
111024,2025-06-26T22:00:00.000000000,0.7550000000000001,0.0,0.0,0.319,0.7830858995001777,0.0
111024,2025-06-26T23:00:00.000000000,0.675,0.0,0.0,0.292,0.3235504614701334,0.0
111024,2025-06-27T00:00:00.000000000,0.63,0.0,0.0,0.267,0.0,0.0
111024,2025-06-27T01:00:00.000000000,0.606,0.0,0.0,0.251,0.3235504614701334,0.0
111024,2025-06-27T02:00:00.000000000,0.592,0.0,0.0,0.238,0.0,0.0
111024,2025-06-27T03:00:00.000000000,0.557,0.0,0.0,0.222,1.1608545089521722,0.0
111024,2025-06-27T04:00:00.000000000,0.5700000000000001,0.0,0.0,0.217,0.73590145720245,0.0
111024,2025-06-27T05:00:00.000000000,0.719,0.0,0.0,0.23199999999999998,0.6772872431680057,0.0
111024,2025-06-27T06:00:00.000000000,0.971,0.0,0.0,0.275,0.43462439706540557,0.0
111024,2025-06-27T07:00:00.000000000,1.607,0.0,0.0,0.6419999999999999,6.680261973505633,0.0
111024,2025-06-27T08:00:00.000000000,1.225,0.0,0.0,0.583,2.4615039183764944,0.0
111024,2025-06-27T09:00:00.000000000,1.137,0.0,0.0,0.61,0.6790456695890389,0.0
111024,2025-06-27T10:00:00.000000000,1.202,0.0,0.0,0.6799999999999999,1.0465567915850056,0.0
111024,2025-06-27T11:00:00.000000000,1.282,0.0,0.0,0.7569999999999999,0.6843209488521389,0.0
111024,2025-06-27T12:00:00.000000000,1.3090000000000002,0.0,0.0,0.7850000000000001,1.4167055532125223,0.0
111024,2025-06-27T13:00:00.000000000,1.373,0.0,0.0,0.852,1.0242833902519166,0.0
111024,2025-06-27T14:00:00.000000000,1.525,0.0,0.0,0.996,0.6849070909924835,0.0
111024,2025-06-27T15:00:00.000000000,1.563,0.0,0.0,1.0590000000000002,0.0,0.0
111024,2025-06-27T16:00:00.000000000,2.52,0.0,0.0,1.254,1.9052550271896167,0.0
111024,2025-06-27T17:00:00.000000000,2.53,0.0,0.0,1.3929999999999998,3.7436898503799667,0.0
111024,2025-06-27T18:00:00.000000000,1.731,0.0,0.0,1.047,2.6376396315500004,0.0
111024,2025-06-27T19:00:00.000000000,1.417,0.0,0.0,0.7240000000000001,0.7971533108684445,0.0
111024,2025-06-27T20:00:00.000000000,1.134,0.0,0.0,0.526,0.7068874212553999,0.0
111024,2025-06-27T21:00:00.000000000,0.8480000000000001,0.0,0.0,0.41600000000000004,0.3584259188206278,0.0
111024,2025-06-27T22:00:00.000000000,0.7329999999999999,0.0,0.0,0.361,0.6781664563785224,0.0
111024,2025-06-27T23:00:00.000000000,0.7290000000000001,0.0,0.0,0.356,0.715972624430739,0.0
111024,2025-06-28T00:00:00.000000000,0.692,0.0,0.0,0.335,0.0,0.0
111024,2025-06-28T01:00:00.000000000,0.669,0.0,0.0,0.313,0.3235504614701334,0.0
111024,2025-06-28T02:00:00.000000000,0.642,0.0,0.0,0.288,0.0,0.0
111024,2025-06-28T03:00:00.000000000,0.613,0.0,0.0,0.261,0.9858910800593557,0.0
111024,2025-06-28T04:00:00.000000000,0.599,0.0,0.0,0.238,0.6344988669228611,0.0
111024,2025-06-28T05:00:00.000000000,0.739,0.0,0.0,0.269,2.242286757887672,0.0
111024,2025-06-28T06:00:00.000000000,0.7209999999999999,0.0,0.0,0.269,1.1265651937420222,0.0
111024,2025-06-28T07:00:00.000000000,0.653,0.0,0.0,0.272,0.702784426272989,0.0
111024,2025-06-28T08:00:00.000000000,0.744,0.0,0.0,0.3,1.9351482763471834,0.0
111024,2025-06-28T09:00:00.000000000,0.7669999999999999,0.0,0.0,0.33,0.8285119153768722,0.0
111024,2025-06-28T10:00:00.000000000,0.788,0.0,0.0,0.355,0.6781664563785224,0.0
111024,2025-06-28T11:00:00.000000000,0.836,0.0,0.0,0.40099999999999997,0.3546159949083889,0.0
111024,2025-06-28T12:00:00.000000000,0.885,0.0,0.0,0.449,0.3382040149787444,0.0
111024,2025-06-28T13:00:00.000000000,0.894,0.0,0.0,0.459,0.6781664563785224,0.0
111024,2025-06-28T14:00:00.000000000,0.873,0.0,0.0,0.437,0.7446935893076166,0.0
111024,2025-06-28T15:00:00.000000000,0.874,0.0,0.0,0.427,1.6054433224034332,0.0
111024,2025-06-28T16:00:00.000000000,1.2239999999999998,0.0,0.0,0.61,1.2218132915479947,0.0
111024,2025-06-28T17:00:00.000000000,1.388,0.0,0.0,0.652,1.5172289302815944,0.0
111024,2025-06-28T18:00:00.000000000,1.8370000000000002,0.0,0.0,0.537,0.9864772221997,0.0
111024,2025-06-28T19:00:00.000000000,1.7510000000000001,0.0,0.0,0.42600000000000005,0.7672600617108778,0.0
111024,2025-06-28T20:00:00.000000000,1.057,0.0,0.0,0.309,1.6309405055084167,0.0
111024,2025-06-28T21:00:00.000000000,0.7749999999999999,0.0,0.0,0.251,0.7863096812720722,0.0
111024,2025-06-28T22:00:00.000000000,0.575,0.0,0.0,0.20500000000000002,0.7983255951491334,0.0
111024,2025-06-28T23:00:00.000000000,0.544,0.0,0.0,0.183,0.3235504614701334,0.0
111024,2025-06-29T00:00:00.000000000,0.519,0.0,0.0,0.163,1.1825417681449166,0.0
111024,2025-06-29T01:00:00.000000000,0.509,0.0,0.0,0.153,0.0,0.0
111024,2025-06-29T02:00:00.000000000,0.503,0.0,0.0,0.148,0.3235504614701334,0.0
111024,2025-06-29T03:00:00.000000000,0.49,0.0,0.0,0.138,0.0,0.0
111024,2025-06-29T04:00:00.000000000,0.48,0.0,0.0,0.132,0.3232573903999611,0.0
111024,2025-06-29T05:00:00.000000000,0.502,0.0,0.0,0.124,1.5491736769303666,0.0
111024,2025-06-29T06:00:00.000000000,0.633,0.0,0.0,0.14700000000000002,0.8645596570080556,0.0
111024,2025-06-29T07:00:00.000000000,0.614,0.0,0.0,0.16599999999999998,0.3235504614701334,0.0
111024,2025-06-29T08:00:00.000000000,0.6940000000000001,0.0,0.0,0.208,0.0,0.0
111024,2025-06-29T09:00:00.000000000,0.6819999999999999,0.0,0.0,0.248,0.3235504614701334,0.0
111024,2025-06-29T10:00:00.000000000,0.7070000000000001,0.0,0.0,0.274,0.0,0.0
111024,2025-06-29T11:00:00.000000000,0.678,0.0,0.0,0.286,0.3382040149787444,0.0
111024,2025-06-29T12:00:00.000000000,0.642,0.0,0.0,0.28900000000000003,1.1374088233383945,0.0
111024,2025-06-29T13:00:00.000000000,0.783,0.0,0.0,0.368,1.0046476285503778,0.0
111024,2025-06-29T14:00:00.000000000,0.9339999999999999,0.0,0.0,0.46799999999999997,2.0550143440476223,0.0
111024,2025-06-29T15:00:00.000000000,0.919,0.0,0.0,0.45,0.6778733853083501,0.0
111024,2025-06-29T16:00:00.000000000,1.097,0.0,0.0,0.502,0.0,0.0
111024,2025-06-29T17:00:00.000000000,1.269,0.0,0.0,0.532,0.3235504614701334,0.0
111024,2025-06-29T18:00:00.000000000,1.169,0.0,0.0,0.45099999999999996,1.0635549136549944,0.0
111024,2025-06-29T19:00:00.000000000,1.312,0.0,0.0,0.35500000000000004,2.0051922621183444,0.0
111024,2025-06-29T20:00:00.000000000,1.0190000000000001,0.0,0.0,0.28500000000000003,0.5369062005555112,0.0
111024,2025-06-29T21:00:00.000000000,0.779,0.0,0.0,0.242,0.4768266311702055,0.0
111024,2025-06-29T22:00:00.000000000,0.581,0.0,0.0,0.211,0.0,0.0
111024,2025-06-29T23:00:00.000000000,0.556,0.0,0.0,0.195,0.3235504614701334,0.0
111024,2025-06-30T00:00:00.000000000,0.548,0.0,0.0,0.19,0.3235504614701334,0.0
111024,2025-06-30T01:00:00.000000000,0.541,0.0,0.0,0.186,0.0,0.0
111024,2025-06-30T02:00:00.000000000,0.535,0.0,0.0,0.181,0.3235504614701334,0.0
111024,2025-06-30T03:00:00.000000000,0.528,0.0,0.0,0.177,0.0,0.0
111024,2025-06-30T04:00:00.000000000,0.522,0.0,0.0,0.17,0.6960437916590279,0.0
111024,2025-06-30T05:00:00.000000000,0.5700000000000001,0.0,0.0,0.176,0.0,0.0
111024,2025-06-30T06:00:00.000000000,0.6310000000000001,0.0,0.0,0.20199999999999999,0.6860793752731723,0.0
111024,2025-06-30T07:00:00.000000000,0.7779999999999999,0.0,0.0,0.263,0.6758218878171445,0.0
111024,2025-06-30T08:00:00.000000000,0.822,0.0,0.0,0.314,0.708059705536089,0.0
111024,2025-06-30T09:00:00.000000000,0.9100000000000001,0.0,0.0,0.376,0.32999802501392217,0.0
111024,2025-06-30T10:00:00.000000000,1.194,0.0,0.0,0.483,0.43022833101282226,0.0
111024,2025-06-30T11:00:00.000000000,1.125,0.0,0.0,0.648,1.6066156066841222,0.0
111024,2025-06-30T12:00:00.000000000,1.0630000000000002,0.0,0.0,0.624,0.3587189898908,0.0
111024,2025-06-30T13:00:00.000000000,1.112,0.0,0.0,0.653,0.6306889430106223,0.0
111024,2025-06-30T14:00:00.000000000,1.13,0.0,0.0,0.688,0.39330137617112226,0.0
111024,2025-06-30T15:00:00.000000000,1.2750000000000001,0.0,0.0,0.794,1.4029312129144278,0.0
111024,2025-06-30T16:00:00.000000000,1.52,0.0,0.0,0.96,2.2214787119054447,0.0
111024,2025-06-30T17:00:00.000000000,1.1960000000000002,0.0,0.0,0.666,0.9372412824107668,0.0
111024,2025-06-30T18:00:00.000000000,0.988,0.0,0.0,0.471,1.06824405077775,0.0
111024,2025-06-30T19:00:00.000000000,1.037,0.0,0.0,0.388,1.1596822246714833,0.0
111024,2025-06-30T20:00:00.000000000,0.9179999999999999,0.0,0.0,0.318,0.7326776754305555,0.0
111024,2025-06-30T21:00:00.000000000,0.871,0.0,0.0,0.286,0.7153864822903944,0.0
111024,2025-06-30T22:00:00.000000000,0.748,0.0,0.0,0.259,1.213314230513,0.0
111024,2025-06-30T23:00:00.000000000,0.613,0.0,0.0,0.23099999999999998,0.7619847824477778,0.0
111024,2025-07-01T00:00:00.000000000,0.567,0.0,0.0,0.20900000000000002,0.3382040149787444,0.0
111024,2025-07-01T01:00:00.000000000,0.542,0.0,0.0,0.187,0.0,0.0
111024,2025-07-01T02:00:00.000000000,0.517,0.0,0.0,0.164,0.3382040149787444,0.0
111024,2025-07-01T03:00:00.000000000,0.488,0.0,0.0,0.145,0.3235504614701334,0.0
111024,2025-07-01T04:00:00.000000000,0.491,0.0,0.0,0.136,0.0,0.0
111024,2025-07-01T05:00:00.000000000,0.559,0.0,0.0,0.14700000000000002,0.3235504614701334,0.0
111024,2025-07-01T06:00:00.000000000,0.627,0.0,0.0,0.186,0.3513922131364945,0.0
111024,2025-07-01T07:00:00.000000000,0.778,0.0,0.0,0.244,0.8701280073413278,0.0
111024,2025-07-01T08:00:00.000000000,0.834,0.0,0.0,0.30700000000000005,2.105129497047072,0.0
111024,2025-07-01T09:00:00.000000000,0.932,0.0,0.0,0.415,1.8665696459268835,0.0
111024,2025-07-01T10:00:00.000000000,1.038,0.0,0.0,0.524,1.5019892346326387,0.0
111024,2025-07-01T11:00:00.000000000,1.006,0.0,0.0,0.493,1.8768271333829114,0.0
111024,2025-07-01T12:00:00.000000000,0.862,0.0,0.0,0.40900000000000003,0.3235504614701334,0.0
111024,2025-07-01T13:00:00.000000000,0.865,0.0,0.0,0.435,0.3235504614701334,0.0
111024,2025-07-01T14:00:00.000000000,0.981,0.0,0.0,0.526,1.5192804277728,0.0
111024,2025-07-01T15:00:00.000000000,1.169,0.0,0.0,0.6260000000000001,0.8513714588503056,0.0
111024,2025-07-01T16:00:00.000000000,1.08,0.0,0.0,0.5800000000000001,0.5231318602574166,0.0
111024,2025-07-01T17:00:00.000000000,1.058,0.0,0.0,0.542,0.3235504614701334,0.0
111024,2025-07-01T18:00:00.000000000,0.987,0.0,0.0,0.471,0.3235504614701334,0.0
111024,2025-07-01T19:00:00.000000000,1.0510000000000002,0.0,0.0,0.405,0.0,0.0
111024,2025-07-01T20:00:00.000000000,1.5810000000000002,0.0,0.0,0.339,0.6778733853083501,0.0
111024,2025-07-01T21:00:00.000000000,0.8639999999999999,0.0,0.0,0.269,0.6696673953435277,0.0
111024,2025-07-01T22:00:00.000000000,0.668,0.0,0.0,0.23399999999999999,1.510195224597461,0.0
111024,2025-07-01T23:00:00.000000000,0.603,0.0,0.0,0.216,0.7649154931494999,0.0
111024,2025-07-02T00:00:00.000000000,0.559,0.0,0.0,0.202,0.0,0.0
111024,2025-07-02T01:00:00.000000000,0.532,0.0,0.0,0.184,0.3235504614701334,0.0
111024,2025-07-02T02:00:00.000000000,0.516,0.0,0.0,0.165,0.0,0.0
111024,2025-07-02T03:00:00.000000000,0.493,0.0,0.0,0.149,0.3235504614701334,0.0
111024,2025-07-02T04:00:00.000000000,0.495,0.0,0.0,0.135,1.5729124336143165,0.0
111024,2025-07-02T05:00:00.000000000,0.5970000000000001,0.0,0.0,0.14200000000000002,0.33468716213667776,0.0
111024,2025-07-02T06:00:00.000000000,0.7909999999999999,0.0,0.0,0.176,0.3382040149787444,0.0
111024,2025-07-02T07:00:00.000000000,0.909,0.0,0.0,0.233,1.2396906268285002,0.0
111024,2025-07-02T08:00:00.000000000,1.5059999999999998,0.0,0.0,0.422,8.054179150473011,0.0
111024,2025-07-02T09:00:00.000000000,1.2690000000000001,0.0,0.0,0.487,4.907475070033861,0.0
111024,2025-07-02T10:00:00.000000000,0.9369999999999999,0.0,0.0,0.425,1.0673648375672333,0.0
111024,2025-07-02T11:00:00.000000000,1.021,0.0,0.0,0.497,1.0401092280412167,0.0
111024,2025-07-02T12:00:00.000000000,1.266,0.0,0.0,0.685,2.2628017327997276,0.0
111024,2025-07-02T13:00:00.000000000,1.126,0.0,0.0,0.613,1.1045848634791056,0.0
111024,2025-07-02T14:00:00.000000000,1.16,0.0,0.0,0.642,0.6740634613961112,0.0
111024,2025-07-02T15:00:00.000000000,1.114,0.0,0.0,0.5609999999999999,1.8680350012777445,0.0
111024,2025-07-02T16:00:00.000000000,1.185,0.0,0.0,0.543,3.354491469191256,0.0
111024,2025-07-02T17:00:00.000000000,1.09,0.0,0.0,0.46299999999999997,0.4923593978893333,0.0
111024,2025-07-02T18:00:00.000000000,1.268,0.0,0.0,0.387,0.6740634613961112,0.0
111024,2025-07-02T19:00:00.000000000,1.055,0.0,0.0,0.311,1.1828348392150891,0.0
111024,2025-07-02T20:00:00.000000000,1.371,0.0,0.0,0.34,5.127864514803373,0.0
111024,2025-07-02T21:00:00.000000000,0.939,0.0,0.0,0.279,0.3235504614701334,0.0
111024,2025-07-02T22:00:00.000000000,0.726,0.0,0.0,0.249,1.180490270653711,0.0
111024,2025-07-02T23:00:00.000000000,0.593,0.0,0.0,0.23099999999999998,0.3235504614701334,0.0
111024,2025-07-03T00:00:00.000000000,0.573,0.0,0.0,0.214,0.0,0.0
111024,2025-07-03T01:00:00.000000000,0.555,0.0,0.0,0.199,0.3232573903999611,0.0
111024,2025-07-03T02:00:00.000000000,0.533,0.0,0.0,0.179,0.0,0.0
111024,2025-07-03T03:00:00.000000000,0.512,0.0,0.0,0.159,0.3235504614701334,0.0
111024,2025-07-03T04:00:00.000000000,0.502,0.0,0.0,0.145,0.7737076252546667,0.0
111024,2025-07-03T05:00:00.000000000,0.6060000000000001,0.0,0.0,0.152,0.7124557715886721,0.0
111024,2025-07-03T06:00:00.000000000,0.556,0.0,0.0,0.184,0.3235504614701334,0.0
111024,2025-07-03T07:00:00.000000000,0.6719999999999999,0.0,0.0,0.248,0.0,0.0
111024,2025-07-03T08:00:00.000000000,0.748,0.0,0.0,0.306,0.3235504614701334,0.0
111024,2025-07-03T09:00:00.000000000,0.778,0.0,0.0,0.344,0.3382040149787444,0.0
111024,2025-07-03T10:00:00.000000000,0.848,0.0,0.0,0.396,0.0,0.0
111024,2025-07-03T11:00:00.000000000,1.009,0.0,0.0,0.505,1.7675116242086721,0.0
111024,2025-07-03T12:00:00.000000000,0.9059999999999999,0.0,0.0,0.44999999999999996,1.2906849930384667,0.0
111024,2025-07-03T13:00:00.000000000,0.8340000000000001,0.0,0.0,0.382,0.6758218878171445,0.0
111024,2025-07-03T14:00:00.000000000,0.867,0.0,0.0,0.39599999999999996,1.4773712647381723,0.0
111024,2025-07-03T15:00:00.000000000,0.987,0.0,0.0,0.478,0.3235504614701334,0.0
111024,2025-07-03T16:00:00.000000000,1.104,0.0,0.0,0.538,0.0,0.0
111024,2025-07-03T17:00:00.000000000,1.0910000000000002,0.0,0.0,0.551,0.3235504614701334,0.0
111024,2025-07-03T18:00:00.000000000,1.108,0.0,0.0,0.496,1.0697094061286112,0.0
111024,2025-07-03T19:00:00.000000000,1.084,0.0,0.0,0.403,1.0404022991113888,0.0
111024,2025-07-03T20:00:00.000000000,1.017,0.0,0.0,0.28500000000000003,2.48201889328855,0.0
111024,2025-07-03T21:00:00.000000000,0.7629999999999999,0.0,0.0,0.242,0.39330137617112226,0.0
111024,2025-07-03T22:00:00.000000000,0.644,0.0,0.0,0.20800000000000002,1.2637224545826222,0.0
111024,2025-07-03T23:00:00.000000000,0.5640000000000001,0.0,0.0,0.192,0.26288474994448335,0.0
111024,2025-07-04T00:00:00.000000000,0.524,0.0,0.0,0.168,0.3235504614701334,0.0
111024,2025-07-04T01:00:00.000000000,0.501,0.0,0.0,0.145,0.0,0.0
111024,2025-07-04T02:00:00.000000000,0.483,0.0,0.0,0.129,0.3235504614701334,0.0
111024,2025-07-04T03:00:00.000000000,0.46499999999999997,0.0,0.0,0.112,0.0,0.0
111024,2025-07-04T04:00:00.000000000,0.453,0.0,0.0,0.10200000000000001,0.6840278777819666,0.0
111024,2025-07-04T05:00:00.000000000,0.523,0.0,0.0,0.113,0.3505129999259778,0.0
111024,2025-07-04T06:00:00.000000000,0.6339999999999999,0.0,0.0,0.174,1.0705886193391279,0.0
111024,2025-07-04T07:00:00.000000000,1.325,0.0,0.0,0.258,0.6708396796242166,0.0
111024,2025-07-04T08:00:00.000000000,2.1229999999999998,0.0,0.0,0.46099999999999997,5.432658427782483,0.0
111024,2025-07-04T09:00:00.000000000,1.5060000000000002,0.0,0.0,0.49,2.1174384819943053,0.0
111024,2025-07-04T10:00:00.000000000,1.362,0.0,0.0,0.5650000000000001,5.155413195399561,0.0
111024,2025-07-04T11:00:00.000000000,1.283,0.0,0.0,0.594,2.968809940844611,0.0
111024,2025-07-04T12:00:00.000000000,0.957,0.0,0.0,0.522,0.3235504614701334,0.0
111024,2025-07-04T13:00:00.000000000,0.964,0.0,0.0,0.531,1.0828976042863612,0.0
111024,2025-07-04T14:00:00.000000000,1.026,0.0,0.0,0.588,0.32355046147013333,0.0
111024,2025-07-04T15:00:00.000000000,1.074,0.0,0.0,0.625,0.7429351628865833,0.0
111024,2025-07-04T16:00:00.000000000,1.1199999999999999,0.0,0.0,0.647,1.11572156414565,0.0
111024,2025-07-04T17:00:00.000000000,1.307,0.0,0.0,0.6799999999999999,1.1629060064433778,0.0
111024,2025-07-04T18:00:00.000000000,1.216,0.0,0.0,0.573,0.0,0.0
111024,2025-07-04T19:00:00.000000000,1.1320000000000001,0.0,0.0,0.44999999999999996,1.5778946418072446,0.0
111024,2025-07-04T20:00:00.000000000,1.0630000000000002,0.0,0.0,0.332,1.5107813667378058,0.0
111024,2025-07-04T21:00:00.000000000,0.8140000000000001,0.0,0.0,0.279,0.33791094390857224,0.0
111024,2025-07-04T22:00:00.000000000,0.636,0.0,0.0,0.243,0.8285119153768722,0.0
111024,2025-07-04T23:00:00.000000000,0.588,0.0,0.0,0.227,0.6775803142381778,0.0
111024,2025-07-05T00:00:00.000000000,0.573,0.0,0.0,0.215,0.0,0.0
111024,2025-07-05T01:00:00.000000000,0.56,0.0,0.0,0.206,0.3235504614701334,0.0
111024,2025-07-05T02:00:00.000000000,0.548,0.0,0.0,0.198,0.0,0.0
111024,2025-07-05T03:00:00.000000000,0.54,0.0,0.0,0.191,0.3235504614701334,0.0
111024,2025-07-05T04:00:00.000000000,0.539,0.0,0.0,0.186,0.0,0.0
111024,2025-07-05T05:00:00.000000000,0.543,0.0,0.0,0.18,0.3235504614701334,0.0
111024,2025-07-05T06:00:00.000000000,0.6060000000000001,0.0,0.0,0.204,0.0,0.0
111024,2025-07-05T07:00:00.000000000,0.6859999999999999,0.0,0.0,0.241,0.6775803142381778,0.0
111024,2025-07-05T08:00:00.000000000,0.704,0.0,0.0,0.263,0.3235504614701334,0.0
111024,2025-07-05T09:00:00.000000000,0.698,0.0,0.0,0.264,0.32325739039996115,0.0
111024,2025-07-05T10:00:00.000000000,0.822,0.0,0.0,0.342,1.443961162738539,0.0
111024,2025-07-05T11:00:00.000000000,0.9339999999999999,0.0,0.0,0.426,2.5078091474637056,0.0
111024,2025-07-05T12:00:00.000000000,0.7110000000000001,0.0,0.0,0.281,0.7262301118867667,0.0
111024,2025-07-05T13:00:00.000000000,0.678,0.0,0.0,0.25,1.029851740585189,0.0
111024,2025-07-05T14:00:00.000000000,0.66,0.0,0.0,0.231,0.0,0.0
111024,2025-07-05T15:00:00.000000000,0.688,0.0,0.0,0.226,0.6772872431680057,0.0
111024,2025-07-05T16:00:00.000000000,0.7889999999999999,0.0,0.0,0.23,0.33791094390857224,0.0
111024,2025-07-05T17:00:00.000000000,0.742,0.0,0.0,0.23399999999999999,0.33791094390857224,0.0
111024,2025-07-05T18:00:00.000000000,0.7569999999999999,0.0,0.0,0.245,0.35402985276804444,0.0
111024,2025-07-05T19:00:00.000000000,0.854,0.0,0.0,0.247,2.0711332529070945,0.0
111024,2025-07-05T20:00:00.000000000,0.94,0.0,0.0,0.253,1.5635341593688055,0.0
111024,2025-07-05T21:00:00.000000000,0.7690000000000001,0.0,0.0,0.248,0.7285746804481444,0.0
111024,2025-07-05T22:00:00.000000000,0.662,0.0,0.0,0.239,1.0521251419182778,0.0
111024,2025-07-05T23:00:00.000000000,0.596,0.0,0.0,0.235,0.33791094390857224,0.0
111024,2025-07-06T00:00:00.000000000,0.584,0.0,0.0,0.23,0.33791094390857224,0.0
111024,2025-07-06T01:00:00.000000000,0.581,0.0,0.0,0.227,0.7089389187466055,0.0
111024,2025-07-06T02:00:00.000000000,0.58,0.0,0.0,0.225,0.3235504614701334,0.0
111024,2025-07-06T03:00:00.000000000,0.57,0.0,0.0,0.219,0.0,0.0
111024,2025-07-06T04:00:00.000000000,0.557,0.0,0.0,0.20600000000000002,0.5055475960470833,0.0
111024,2025-07-06T05:00:00.000000000,0.619,0.0,0.0,0.21,0.5219595759767278,0.0
111024,2025-07-06T06:00:00.000000000,0.602,0.0,0.0,0.244,0.3235504614701334,0.0
111024,2025-07-06T07:00:00.000000000,0.7089999999999999,0.0,0.0,0.264,0.0,0.0
111024,2025-07-06T08:00:00.000000000,0.7210000000000001,0.0,0.0,0.279,0.3235504614701334,0.0
111024,2025-07-06T09:00:00.000000000,0.7839999999999999,0.0,0.0,0.32999999999999996,0.6075363284670167,0.0
111024,2025-07-06T10:00:00.000000000,0.9640000000000001,0.0,0.0,0.44,1.1022402949177277,0.0
111024,2025-07-06T11:00:00.000000000,1.099,0.0,0.0,0.6000000000000001,1.5597242354565668,0.0
111024,2025-07-06T12:00:00.000000000,0.948,0.0,0.0,0.512,0.3235504614701334,0.0
111024,2025-07-06T13:00:00.000000000,0.919,0.0,0.0,0.486,0.35373678169787226,0.0
111024,2025-07-06T14:00:00.000000000,0.882,0.0,0.0,0.448,0.33791094390857224,0.0
111024,2025-07-06T15:00:00.000000000,0.848,0.0,0.0,0.404,0.32325739039996115,0.0
111024,2025-07-06T16:00:00.000000000,0.984,0.0,0.0,0.432,1.3747963901778946,0.0
111024,2025-07-06T17:00:00.000000000,0.941,0.0,0.0,0.325,1.0963788735142832,0.0
111024,2025-07-06T18:00:00.000000000,0.94,0.0,0.0,0.306,0.8765755708851166,0.0
111024,2025-07-06T19:00:00.000000000,0.954,0.0,0.0,0.276,1.7361530197002444,0.0
111024,2025-07-06T20:00:00.000000000,0.993,0.0,0.0,0.262,1.1957299663026668,0.0
111024,2025-07-06T21:00:00.000000000,0.843,0.0,0.0,0.246,0.33791094390857224,0.0
111024,2025-07-06T22:00:00.000000000,0.623,0.0,0.0,0.221,0.33791094390857224,0.0
111024,2025-07-06T23:00:00.000000000,0.568,0.0,0.0,0.206,0.0,0.0
111024,2025-07-07T00:00:00.000000000,0.557,0.0,0.0,0.202,0.3235504614701334,0.0
111024,2025-07-07T01:00:00.000000000,0.546,0.0,0.0,0.191,0.33791094390857224,0.0
111024,2025-07-07T02:00:00.000000000,0.536,0.0,0.0,0.183,0.35373678169787226,0.0
111024,2025-07-07T03:00:00.000000000,0.532,0.0,0.0,0.181,0.3235504614701334,0.0
111024,2025-07-07T04:00:00.000000000,0.525,0.0,0.0,0.173,0.0,0.0
111024,2025-07-07T05:00:00.000000000,0.54,0.0,0.0,0.173,0.32325739039996115,0.0
111024,2025-07-07T06:00:00.000000000,0.5720000000000001,0.0,0.0,0.211,0.33498023320685,0.0
111024,2025-07-07T07:00:00.000000000,0.7779999999999999,0.0,0.0,0.266,1.1567515139697613,0.0
111024,2025-07-07T08:00:00.000000000,0.931,0.0,0.0,0.322,1.4574424319664612,0.0
111024,2025-07-07T09:00:00.000000000,0.942,0.0,0.0,0.402,0.34553079173305,0.0
111024,2025-07-07T10:00:00.000000000,0.9229999999999999,0.0,0.0,0.431,0.7115765583781556,0.0
111024,2025-07-07T11:00:00.000000000,0.885,0.0,0.0,0.432,0.6468078518700945,0.0
111024,2025-07-07T12:00:00.000000000,0.9119999999999999,0.0,0.0,0.439,0.041029949824111116,0.0
111024,2025-07-07T13:00:00.000000000,0.874,0.0,0.0,0.443,0.33791094390857224,0.0
111024,2025-07-07T14:00:00.000000000,0.902,0.0,0.0,0.46799999999999997,1.5890313424737892,0.0
111024,2025-07-07T15:00:00.000000000,0.9359999999999999,0.0,0.0,0.489,0.33791094390857224,0.0
111024,2025-07-07T16:00:00.000000000,1.056,0.0,0.0,0.513,0.3235504614701334,0.0
111024,2025-07-07T17:00:00.000000000,1.152,0.0,0.0,0.529,1.2086250933902445,0.0
111024,2025-07-07T18:00:00.000000000,1.125,0.0,0.0,0.488,0.33791094390857224,0.0
111024,2025-07-07T19:00:00.000000000,1.065,0.0,0.0,0.389,1.1183592037771999,0.0
111024,2025-07-07T20:00:00.000000000,1.0270000000000001,0.0,0.0,0.298,0.33791094390857224,0.0
111024,2025-07-07T21:00:00.000000000,0.823,0.0,0.0,0.259,0.6822694513609333,0.0
111024,2025-07-07T22:00:00.000000000,0.664,0.0,0.0,0.22999999999999998,0.33791094390857224,0.0
111024,2025-07-07T23:00:00.000000000,0.587,0.0,0.0,0.20600000000000002,0.3235504614701334,0.0
111024,2025-07-08T00:00:00.000000000,0.562,0.0,0.0,0.2,0.0,0.0
111024,2025-07-08T01:00:00.000000000,0.536,0.0,0.0,0.189,0.3235504614701334,0.0
111024,2025-07-08T02:00:00.000000000,0.519,0.0,0.0,0.178,0.6945784363081667,0.0
111024,2025-07-08T03:00:00.000000000,0.53,0.0,0.0,0.181,0.0,0.0
111024,2025-07-08T04:00:00.000000000,0.529,0.0,0.0,0.179,0.3235504614701334,0.0
111024,2025-07-08T05:00:00.000000000,0.535,0.0,0.0,0.172,0.33791094390857224,0.0
111024,2025-07-08T06:00:00.000000000,0.531,0.0,0.0,0.17099999999999999,0.5295794238012056,0.0
111024,2025-07-08T07:00:00.000000000,0.6070000000000001,0.0,0.0,0.181,0.13979490047214999,0.0
111024,2025-07-08T08:00:00.000000000,0.5770000000000001,0.0,0.0,0.198,0.3291188118034056,0.0
111024,2025-07-08T09:00:00.000000000,0.6500000000000001,0.0,0.0,0.23500000000000001,0.8698349362711556,0.0
111024,2025-07-08T10:00:00.000000000,0.7149999999999999,0.0,0.0,0.28600000000000003,0.6831486645714501,0.0
111024,2025-07-08T11:00:00.000000000,0.7310000000000001,0.0,0.0,0.32,0.3235504614701334,0.0
111024,2025-07-08T12:00:00.000000000,0.7149999999999999,0.0,0.0,0.34299999999999997,0.0,0.0
111024,2025-07-08T13:00:00.000000000,0.7130000000000001,0.0,0.0,0.34199999999999997,0.7077666344659167,0.0
111024,2025-07-08T14:00:00.000000000,0.76,0.0,0.0,0.33,1.5436053265970946,0.0
111024,2025-07-08T15:00:00.000000000,0.764,0.0,0.0,0.324,0.33791094390857224,0.0
111024,2025-07-08T16:00:00.000000000,0.837,0.0,0.0,0.324,0.3235504614701334,0.0
111024,2025-07-08T17:00:00.000000000,0.848,0.0,0.0,0.316,0.3449446495927056,0.0
111024,2025-07-08T18:00:00.000000000,0.9000000000000001,0.0,0.0,0.299,0.6931130809573056,0.0
111024,2025-07-08T19:00:00.000000000,0.8440000000000001,0.0,0.0,0.277,1.6675743892799444,0.0
111024,2025-07-08T20:00:00.000000000,0.998,0.0,0.0,0.27,1.647059414367889,0.0
111024,2025-07-08T21:00:00.000000000,0.9189999999999999,0.0,0.0,0.262,1.1054640766896222,0.0
111024,2025-07-08T22:00:00.000000000,0.7770000000000001,0.0,0.0,0.258,0.32325739039996115,0.0
111024,2025-07-08T23:00:00.000000000,0.643,0.0,0.0,0.244,0.7086458476764333,0.0
111024,2025-07-09T00:00:00.000000000,0.595,0.0,0.0,0.237,0.33791094390857224,0.0
111024,2025-07-09T01:00:00.000000000,0.574,0.0,0.0,0.224,0.0,0.0
111024,2025-07-09T02:00:00.000000000,0.559,0.0,0.0,0.206,0.3235504614701334,0.0
111024,2025-07-09T03:00:00.000000000,0.548,0.0,0.0,0.196,0.3235504614701334,0.0
111024,2025-07-09T04:00:00.000000000,0.546,0.0,0.0,0.188,0.3235504614701334,0.0
111024,2025-07-09T05:00:00.000000000,0.545,0.0,0.0,0.183,0.33791094390857224,0.0
111024,2025-07-09T06:00:00.000000000,0.561,0.0,0.0,0.20299999999999999,0.0,0.0
111024,2025-07-09T07:00:00.000000000,0.716,0.0,0.0,0.248,0.3235504614701334,0.0
111024,2025-07-09T08:00:00.000000000,0.667,0.0,0.0,0.28900000000000003,0.0,0.0
111024,2025-07-09T09:00:00.000000000,0.6839999999999999,0.0,0.0,0.33099999999999996,0.3235504614701334,0.0
111024,2025-07-09T10:00:00.000000000,0.734,0.0,0.0,0.384,0.0,0.0
111024,2025-07-09T11:00:00.000000000,0.794,0.0,0.0,0.441,0.3235504614701334,0.0
111024,2025-07-09T12:00:00.000000000,0.7730000000000001,0.0,0.0,0.41900000000000004,1.1177730616368557,0.0
111024,2025-07-09T13:00:00.000000000,0.96,0.0,0.0,0.496,0.8885914847621779,0.0
111024,2025-07-09T14:00:00.000000000,1.039,0.0,0.0,0.518,0.4718444229772778,0.0
111024,2025-07-09T15:00:00.000000000,1.196,0.0,0.0,0.579,0.3235504614701334,0.0
111024,2025-07-09T16:00:00.000000000,1.258,0.0,0.0,0.597,0.0,0.0
111024,2025-07-09T17:00:00.000000000,1.32,0.0,0.0,0.588,0.33791094390857224,0.0
111024,2025-07-09T18:00:00.000000000,1.271,0.0,0.0,0.508,1.4422027363175056,0.0
111024,2025-07-09T19:00:00.000000000,1.243,0.0,0.0,0.41700000000000004,1.7713215481209112,0.0
111024,2025-07-09T20:00:00.000000000,1.243,0.0,0.0,0.34,2.453297928411672,0.0
111024,2025-07-09T21:00:00.000000000,0.9630000000000001,0.0,0.0,0.292,0.6046056177652945,0.0
111024,2025-07-09T22:00:00.000000000,0.616,0.0,0.0,0.245,0.0,0.0
111024,2025-07-09T23:00:00.000000000,0.581,0.0,0.0,0.219,1.1491316661452835,0.0
111024,2025-07-10T00:00:00.000000000,0.559,0.0,0.0,0.2,0.0,0.0
111024,2025-07-10T01:00:00.000000000,0.538,0.0,0.0,0.182,0.3235504614701334,0.0
111024,2025-07-10T02:00:00.000000000,0.522,0.0,0.0,0.167,0.0,0.0
111024,2025-07-10T03:00:00.000000000,0.5,0.0,0.0,0.148,0.3235504614701334,0.0
111024,2025-07-10T04:00:00.000000000,0.477,0.0,0.0,0.128,0.0,0.0
111024,2025-07-10T05:00:00.000000000,0.534,0.0,0.0,0.129,1.1086878584615167,0.0
111024,2025-07-10T06:00:00.000000000,0.5680000000000001,0.0,0.0,0.173,0.3390832281892611,0.0
111024,2025-07-10T07:00:00.000000000,0.669,0.0,0.0,0.224,0.7238855433253889,0.0
111024,2025-07-10T08:00:00.000000000,0.887,0.0,0.0,0.28800000000000003,1.8440031735236222,0.0
111024,2025-07-10T09:00:00.000000000,1.14,0.0,0.0,0.384,0.6664436135716334,0.0
111024,2025-07-10T10:00:00.000000000,1.712,0.0,0.0,0.706,6.726567202592844,0.0
111024,2025-07-10T11:00:00.000000000,1.2089999999999999,0.0,0.0,0.5660000000000001,1.325267379318789,0.0
111024,2025-07-10T12:00:00.000000000,1.056,0.0,0.0,0.522,1.0392300148307,0.0
111024,2025-07-10T13:00:00.000000000,1.0270000000000001,0.0,0.0,0.518,1.0342478066377723,0.0
111024,2025-07-10T14:00:00.000000000,1.05,0.0,0.0,0.536,0.3452377206628778,0.0
111024,2025-07-10T15:00:00.000000000,1.098,0.0,0.0,0.567,0.3376178728384,0.0
111024,2025-07-10T16:00:00.000000000,1.209,0.0,0.0,0.5660000000000001,0.34846150243477225,0.0
111024,2025-07-10T17:00:00.000000000,1.104,0.0,0.0,0.5980000000000001,1.5104882956676335,0.0
111024,2025-07-10T18:00:00.000000000,1.059,0.0,0.0,0.54,0.9858910800593556,0.0
111024,2025-07-10T19:00:00.000000000,0.964,0.0,0.0,0.42899999999999994,0.3376178728384,0.0
111024,2025-07-10T20:00:00.000000000,0.861,0.0,0.0,0.3,1.0960858024441111,0.0
111024,2025-07-10T21:00:00.000000000,0.8400000000000001,0.0,0.0,0.256,0.7186102640622889,0.0
111024,2025-07-10T22:00:00.000000000,0.6930000000000001,0.0,0.0,0.225,0.6954576495186833,0.0
111024,2025-07-10T23:00:00.000000000,0.591,0.0,0.0,0.20400000000000001,0.33468716213667776,0.0
111024,2025-07-11T00:00:00.000000000,0.549,0.0,0.0,0.191,0.3235504614701334,0.0
111024,2025-07-11T01:00:00.000000000,0.549,0.0,0.0,0.193,0.0,0.0
111024,2025-07-11T02:00:00.000000000,0.545,0.0,0.0,0.19,0.3235504614701334,0.0
111024,2025-07-11T03:00:00.000000000,0.521,0.0,0.0,0.18000000000000002,0.8833162054990777,0.0
111024,2025-07-11T04:00:00.000000000,0.521,0.0,0.0,0.17,0.5527320383448111,0.0
111024,2025-07-11T05:00:00.000000000,0.5890000000000001,0.0,0.0,0.179,0.3235504614701334,0.0
111024,2025-07-11T06:00:00.000000000,0.644,0.0,0.0,0.25,1.0368854462693222,0.0
111024,2025-07-11T07:00:00.000000000,0.603,0.0,0.0,0.246,0.3235504614701334,0.0
111024,2025-07-11T08:00:00.000000000,0.623,0.0,0.0,0.267,1.07879460930395,0.0
111024,2025-07-11T09:00:00.000000000,0.635,0.0,0.0,0.28200000000000003,1.22122714940765,0.0
111024,2025-07-11T10:00:00.000000000,0.648,0.0,0.0,0.299,0.3235504614701334,0.0
111024,2025-07-11T11:00:00.000000000,0.905,0.0,0.0,0.321,0.3335148778559889,0.0
111024,2025-07-11T12:00:00.000000000,1.104,0.0,0.0,0.385,4.146662571866772,0.0
111024,2025-07-11T13:00:00.000000000,1.286,0.0,0.0,0.45799999999999996,6.672349054610984,0.0
111024,2025-07-11T14:00:00.000000000,0.828,0.0,0.0,0.396,1.0676579086374056,0.0
111024,2025-07-11T15:00:00.000000000,0.909,0.0,0.0,0.422,1.4272561117387221,0.0
111024,2025-07-11T16:00:00.000000000,1.127,0.0,0.0,0.524,1.4026381418442557,0.0
111024,2025-07-11T17:00:00.000000000,1.058,0.0,0.0,0.426,1.757840278892989,0.0
111024,2025-07-11T18:00:00.000000000,1.089,0.0,0.0,0.382,1.3665904002130722,0.0
111024,2025-07-11T19:00:00.000000000,1.107,0.0,0.0,0.28400000000000003,1.030144811655361,0.0
111024,2025-07-11T20:00:00.000000000,0.948,0.0,0.0,0.22299999999999998,1.0632618425848224,0.0
111024,2025-07-11T21:00:00.000000000,0.7040000000000001,0.0,0.0,0.18100000000000002,0.0,0.0
111024,2025-07-11T22:00:00.000000000,0.516,0.0,0.0,0.14600000000000002,1.1678882146363054,0.0
111024,2025-07-11T23:00:00.000000000,0.492,0.0,0.0,0.131,0.32355046147013333,0.0
111024,2025-07-12T00:00:00.000000000,0.475,0.0,0.0,0.11699999999999999,0.0,0.0
111024,2025-07-12T01:00:00.000000000,0.464,0.0,0.0,0.109,0.3235504614701334,0.0
111024,2025-07-12T02:00:00.000000000,0.454,0.0,0.0,0.1,0.32882574073323334,0.0
111024,2025-07-12T03:00:00.000000000,0.443,0.0,0.0,0.09,0.0,0.0
111024,2025-07-12T04:00:00.000000000,0.435,0.0,0.0,0.085,0.3235504614701334,0.0
111024,2025-07-12T05:00:00.000000000,0.525,0.0,0.0,0.098,1.2235717179690278,0.0
111024,2025-07-12T06:00:00.000000000,0.6220000000000001,0.0,0.0,0.116,0.3352733042770222,0.0
111024,2025-07-12T07:00:00.000000000,0.614,0.0,0.0,0.14700000000000002,0.7628639956582945,0.0
111024,2025-07-12T08:00:00.000000000,0.653,0.0,0.0,0.191,0.6784595274486944,0.0
111024,2025-07-12T09:00:00.000000000,0.764,0.0,0.0,0.249,1.7619432738754002,0.0
111024,2025-07-12T10:00:00.000000000,0.8089999999999999,0.0,0.0,0.3,1.7601848474543667,0.0
111024,2025-07-12T11:00:00.000000000,0.774,0.0,0.0,0.322,0.33498023320685,0.0
111024,2025-07-12T12:00:00.000000000,0.6920000000000001,0.0,0.0,0.32,0.7068874212553999,0.0
111024,2025-07-12T13:00:00.000000000,0.675,0.0,0.0,0.323,1.0568142790410333,0.0
111024,2025-07-12T14:00:00.000000000,0.7729999999999999,0.0,0.0,0.34099999999999997,1.0808461067951556,0.0
111024,2025-07-12T15:00:00.000000000,0.7950000000000002,0.0,0.0,0.354,1.0664856243567167,0.0
111024,2025-07-12T16:00:00.000000000,0.8510000000000001,0.0,0.0,0.34,1.5266072045271055,0.0
111024,2025-07-12T17:00:00.000000000,0.8979999999999999,0.0,0.0,0.31,0.7482104421496834,0.0
111024,2025-07-12T18:00:00.000000000,0.902,0.0,0.0,0.267,0.0,0.0
111024,2025-07-12T19:00:00.000000000,0.835,0.0,0.0,0.23299999999999998,1.0952065892335945,0.0
111024,2025-07-12T20:00:00.000000000,1.048,0.0,0.0,0.228,0.6720119639049056,0.0
111024,2025-07-12T21:00:00.000000000,0.8539999999999999,0.0,0.0,0.215,0.7564164321145056,0.0
111024,2025-07-12T22:00:00.000000000,0.561,0.0,0.0,0.191,0.7083527766062612,0.0
111024,2025-07-12T23:00:00.000000000,0.545,0.0,0.0,0.183,0.3376178728384,0.0
111024,2025-07-13T00:00:00.000000000,0.536,0.0,0.0,0.178,0.3235504614701334,0.0
111024,2025-07-13T01:00:00.000000000,0.528,0.0,0.0,0.17200000000000001,0.3235504614701334,0.0
111024,2025-07-13T02:00:00.000000000,0.516,0.0,0.0,0.163,0.0,0.0
111024,2025-07-13T03:00:00.000000000,0.508,0.0,0.0,0.157,0.3232573903999611,0.0
111024,2025-07-13T04:00:00.000000000,0.499,0.0,0.0,0.15,0.0,0.0
111024,2025-07-13T05:00:00.000000000,0.546,0.0,0.0,0.139,1.0362993041289779,0.0
111024,2025-07-13T06:00:00.000000000,0.6719999999999999,0.0,0.0,0.152,0.7083527766062611,0.0
111024,2025-07-13T07:00:00.000000000,0.698,0.0,0.0,0.16499999999999998,0.6890100859748944,0.0
111024,2025-07-13T08:00:00.000000000,0.702,0.0,0.0,0.177,0.6998537155712667,0.0
111024,2025-07-13T09:00:00.000000000,0.6970000000000001,0.0,0.0,0.182,0.8636804437975388,0.0
111024,2025-07-13T10:00:00.000000000,0.692,0.0,0.0,0.183,1.2625501703019333,0.0
111024,2025-07-13T11:00:00.000000000,0.67,0.0,0.0,0.18,1.5131259352991835,0.0
111024,2025-07-13T12:00:00.000000000,0.607,0.0,0.0,0.177,0.3376178728384,0.0
111024,2025-07-13T13:00:00.000000000,0.6,0.0,0.0,0.171,0.0,0.0
111024,2025-07-13T14:00:00.000000000,0.603,0.0,0.0,0.162,0.6752357456768,0.0
111024,2025-07-13T15:00:00.000000000,0.764,0.0,0.0,0.162,0.71480034015005,0.0
111024,2025-07-13T16:00:00.000000000,1.2060000000000002,0.0,0.0,0.219,7.454262669830473,0.0
111024,2025-07-13T17:00:00.000000000,0.8499999999999999,0.0,0.0,0.193,1.2244509311795444,0.0
111024,2025-07-13T18:00:00.000000000,0.821,0.0,0.0,0.187,0.3235504614701334,0.0
111024,2025-07-13T19:00:00.000000000,0.855,0.0,0.0,0.177,1.4720959854750724,0.0
111024,2025-07-13T20:00:00.000000000,0.905,0.0,0.0,0.174,0.0,0.0
111024,2025-07-13T21:00:00.000000000,0.626,0.0,0.0,0.152,0.6728911771154222,0.0
111024,2025-07-13T22:00:00.000000000,0.511,0.0,0.0,0.14100000000000001,0.3235504614701334,0.0
111024,2025-07-13T23:00:00.000000000,0.499,0.0,0.0,0.137,0.3376178728384,0.0
111024,2025-07-14T00:00:00.000000000,0.496,0.0,0.0,0.139,0.3376178728384,0.0
111024,2025-07-14T01:00:00.000000000,0.494,0.0,0.0,0.14,0.3235504614701334,0.0
111024,2025-07-14T02:00:00.000000000,0.49,0.0,0.0,0.137,0.0,0.0
111024,2025-07-14T03:00:00.000000000,0.484,0.0,0.0,0.133,0.3235504614701334,0.0
111024,2025-07-14T04:00:00.000000000,0.48,0.0,0.0,0.128,0.0,0.0
111024,2025-07-14T05:00:00.000000000,0.489,0.0,0.0,0.125,0.3235504614701334,0.0
111024,2025-07-14T06:00:00.000000000,0.51,0.0,0.0,0.129,0.3566674923995945,0.0
111024,2025-07-14T07:00:00.000000000,0.583,0.0,0.0,0.137,1.0447983651639723,0.0
111024,2025-07-14T08:00:00.000000000,0.651,0.0,0.0,0.14800000000000002,0.7115765583781557,0.0
111024,2025-07-14T09:00:00.000000000,0.643,0.0,0.0,0.14800000000000002,1.13682268119805,0.0
111024,2025-07-14T10:00:00.000000000,0.603,0.0,0.0,0.151,0.0,0.0
111024,2025-07-14T11:00:00.000000000,0.579,0.0,0.0,0.148,1.0990165131458334,0.0
111024,2025-07-14T12:00:00.000000000,0.592,0.0,0.0,0.163,0.9946832121645222,0.0
111024,2025-07-14T13:00:00.000000000,0.671,0.0,0.0,0.213,0.9516017648492057,0.0
111024,2025-07-14T14:00:00.000000000,0.624,0.0,0.0,0.189,0.5084783067488056,0.0
111024,2025-07-14T15:00:00.000000000,0.6559999999999999,0.0,0.0,0.173,0.6752357456768,0.0
111024,2025-07-14T16:00:00.000000000,0.724,0.0,0.0,0.166,1.0940343049529055,0.0
111024,2025-07-14T17:00:00.000000000,0.7630000000000001,0.0,0.0,0.148,0.6822694513609333,0.0
111024,2025-07-14T18:00:00.000000000,0.782,0.0,0.0,0.15000000000000002,1.1766803467414724,0.0
111024,2025-07-14T19:00:00.000000000,0.827,0.0,0.0,0.15200000000000002,1.8138168532958834,0.0
111024,2025-07-14T20:00:00.000000000,0.7869999999999999,0.0,0.0,0.14700000000000002,0.781913615219489,0.0
111024,2025-07-14T21:00:00.000000000,1.145,0.0,0.0,0.145,0.6723050349750778,0.0
111024,2025-07-14T22:00:00.000000000,0.489,0.0,0.0,0.12,0.3376178728384,0.0
111024,2025-07-14T23:00:00.000000000,0.474,0.0,0.0,0.113,0.3235504614701334,0.0
111024,2025-07-15T00:00:00.000000000,0.46699999999999997,0.0,0.0,0.11,0.0,0.0
111024,2025-07-15T01:00:00.000000000,0.46,0.0,0.0,0.10400000000000001,0.3288257407332334,0.0
111024,2025-07-15T02:00:00.000000000,0.449,0.0,0.0,0.099,0.35168528420666667,0.0
111024,2025-07-15T03:00:00.000000000,0.456,0.0,0.0,0.105,0.3235504614701334,0.0
111024,2025-07-15T04:00:00.000000000,0.456,0.0,0.0,0.105,0.0,0.0
111024,2025-07-15T05:00:00.000000000,0.464,0.0,0.0,0.099,0.3235504614701334,0.0
111024,2025-07-15T06:00:00.000000000,0.483,0.0,0.0,0.122,0.0,0.0
111024,2025-07-15T07:00:00.000000000,0.527,0.0,0.0,0.14800000000000002,0.6895962281152389,0.0
111024,2025-07-15T08:00:00.000000000,0.8099999999999999,0.0,0.0,0.23399999999999999,1.5412607580357167,0.0
111024,2025-07-15T09:00:00.000000000,0.782,0.0,0.0,0.259,0.18492784527867223,0.0
111024,2025-07-15T10:00:00.000000000,0.7749999999999999,0.0,0.0,0.264,0.3235504614701334,0.0
111024,2025-07-15T11:00:00.000000000,0.7330000000000001,0.0,0.0,0.28300000000000003,0.0,0.0
111024,2025-07-15T12:00:00.000000000,0.7590000000000001,0.0,0.0,0.323,0.6907685123959277,0.0
111024,2025-07-15T13:00:00.000000000,0.9680000000000001,0.0,0.0,0.351,0.35315063955752773,0.0
111024,2025-07-15T14:00:00.000000000,1.58,0.0,0.0,0.66,6.155371686827184,0.0
111024,2025-07-15T15:00:00.000000000,1.9009999999999998,0.0,0.0,0.869,7.800379603703867,0.0
111024,2025-07-15T16:00:00.000000000,1.73,0.0,0.0,0.795,5.845595565655144,0.0
111024,2025-07-15T17:00:00.000000000,1.2690000000000001,0.0,0.0,0.626,1.2256232154602336,0.0
111024,2025-07-15T18:00:00.000000000,1.137,0.0,0.0,0.498,1.0500736444270724,0.0
111024,2025-07-15T19:00:00.000000000,1.056,0.0,0.0,0.37800000000000006,0.3376178728384,0.0
111024,2025-07-15T20:00:00.000000000,1.0350000000000001,0.0,0.0,0.306,0.3376178728384,0.0
111024,2025-07-15T21:00:00.000000000,0.9189999999999999,0.0,0.0,0.261,0.3376178728384,0.0
111024,2025-07-15T22:00:00.000000000,0.636,0.0,0.0,0.22399999999999998,0.6696673953435279,0.0
111024,2025-07-15T23:00:00.000000000,0.562,0.0,0.0,0.202,0.48561876327537223,0.0
111024,2025-07-16T00:00:00.000000000,0.546,0.0,0.0,0.188,0.18141099243660555,0.0
111024,2025-07-16T01:00:00.000000000,0.528,0.0,0.0,0.17300000000000001,0.3235504614701334,0.0
111024,2025-07-16T02:00:00.000000000,0.516,0.0,0.0,0.162,0.3235504614701334,0.0
111024,2025-07-16T03:00:00.000000000,0.493,0.0,0.0,0.15,1.090517452110839,0.0
111024,2025-07-16T04:00:00.000000000,0.504,0.0,0.0,0.152,0.03370317306980556,0.0
111024,2025-07-16T05:00:00.000000000,0.5750000000000001,0.0,0.0,0.153,0.7016121419923,0.0
111024,2025-07-16T06:00:00.000000000,0.7649999999999999,0.0,0.0,0.211,0.66732282678215,0.0
111024,2025-07-16T07:00:00.000000000,1.131,0.0,0.0,0.29300000000000004,1.2027636719868,0.0
111024,2025-07-16T08:00:00.000000000,1.237,0.0,0.0,0.398,4.795521921228072,0.0
111024,2025-07-16T09:00:00.000000000,2.098,0.0,0.0,0.5920000000000001,4.219344197269484,0.0
111024,2025-07-16T10:00:00.000000000,1.161,0.0,0.0,0.522,0.3235504614701334,0.0
111024,2025-07-16T11:00:00.000000000,1.036,0.0,0.0,0.523,0.7221271169043555,0.0
111024,2025-07-16T12:00:00.000000000,1.054,0.0,0.0,0.542,0.3235504614701334,0.0
111024,2025-07-16T13:00:00.000000000,1.0390000000000001,0.0,0.0,0.548,0.0,0.0
111024,2025-07-16T14:00:00.000000000,0.987,0.0,0.0,0.55,0.6611683343085334,0.0
111024,2025-07-16T15:00:00.000000000,1.008,0.0,0.0,0.561,1.2402767689688445,0.0
111024,2025-07-16T16:00:00.000000000,1.0430000000000001,0.0,0.0,0.548,0.3587189898908,0.0
111024,2025-07-16T17:00:00.000000000,1.165,0.0,0.0,0.541,0.6934061520274777,0.0
111024,2025-07-16T18:00:00.000000000,1.104,0.0,0.0,0.46499999999999997,1.5585519511758779,0.0
111024,2025-07-16T19:00:00.000000000,1.06,0.0,0.0,0.38200000000000006,1.0697094061286112,0.0
111024,2025-07-16T20:00:00.000000000,0.99,0.0,0.0,0.304,1.8788786308741163,0.0
111024,2025-07-16T21:00:00.000000000,0.788,0.0,0.0,0.267,0.7262301118867668,0.0
111024,2025-07-16T22:00:00.000000000,0.667,0.0,0.0,0.23099999999999998,1.0653133400760277,0.0
111024,2025-07-16T23:00:00.000000000,0.593,0.0,0.0,0.211,0.6764080299574889,0.0
111024,2025-07-17T00:00:00.000000000,0.554,0.0,0.0,0.193,0.0,0.0
111024,2025-07-17T01:00:00.000000000,0.538,0.0,0.0,0.182,0.3235504614701334,0.0
111024,2025-07-17T02:00:00.000000000,0.527,0.0,0.0,0.17200000000000001,0.3235504614701334,0.0
111024,2025-07-17T03:00:00.000000000,0.513,0.0,0.0,0.168,0.35021992885580555,0.0
111024,2025-07-17T04:00:00.000000000,0.515,0.0,0.0,0.16,1.0553489236901723,0.0
111024,2025-07-17T05:00:00.000000000,0.5730000000000001,0.0,0.0,0.16499999999999998,0.73590145720245,0.0
111024,2025-07-17T06:00:00.000000000,0.6759999999999999,0.0,0.0,0.214,0.3405485835401222,0.0
111024,2025-07-17T07:00:00.000000000,0.7449999999999999,0.0,0.0,0.278,0.6831486645714501,0.0
111024,2025-07-17T08:00:00.000000000,1.122,0.0,0.0,0.34299999999999997,1.0623826293743055,0.0
111024,2025-07-17T09:00:00.000000000,0.882,0.0,0.0,0.445,0.6611683343085334,0.0
111024,2025-07-17T10:00:00.000000000,1.0350000000000001,0.0,0.0,0.542,0.0,0.0
111024,2025-07-17T11:00:00.000000000,1.14,0.0,0.0,0.624,1.1529415900575222,0.0
111024,2025-07-17T12:00:00.000000000,1.166,0.0,0.0,0.651,0.7813274730791444,0.0
111024,2025-07-17T13:00:00.000000000,1.178,0.0,0.0,0.665,1.0442122230236277,0.0
111024,2025-07-17T14:00:00.000000000,1.1429999999999998,0.0,0.0,0.626,0.7016121419923,0.0
111024,2025-07-17T15:00:00.000000000,1.012,0.0,0.0,0.525,0.3458238628032222,0.0
111024,2025-07-17T16:00:00.000000000,1.0330000000000001,0.0,0.0,0.505,1.0239903191817445,0.0
111024,2025-07-17T17:00:00.000000000,1.485,0.0,0.0,0.7969999999999999,2.9421404734589385,0.0
111024,2025-07-17T18:00:00.000000000,1.2389999999999999,0.0,0.0,0.598,0.6907685123959277,0.0
111024,2025-07-17T19:00:00.000000000,1.329,0.0,0.0,0.485,0.38450924406595555,0.0
111024,2025-07-17T20:00:00.000000000,1.059,0.0,0.0,0.402,0.9507225516386889,0.0
111024,2025-07-17T21:00:00.000000000,1.0710000000000002,0.0,0.0,0.386,1.8598290113129223,0.0
111024,2025-07-17T22:00:00.000000000,0.748,0.0,0.0,0.293,0.3235504614701334,0.0
111024,2025-07-17T23:00:00.000000000,0.62,0.0,0.0,0.26,0.7071804923255722,0.0
111024,2025-07-18T00:00:00.000000000,0.594,0.0,0.0,0.236,0.0,0.0
111024,2025-07-18T01:00:00.000000000,0.579,0.0,0.0,0.224,0.3235504614701334,0.0
111024,2025-07-18T02:00:00.000000000,0.563,0.0,0.0,0.21,0.3235504614701334,0.0
111024,2025-07-18T03:00:00.000000000,0.536,0.0,0.0,0.195,0.3408416546102945,0.0
111024,2025-07-18T04:00:00.000000000,0.545,0.0,0.0,0.194,0.3279465275227167,0.0
111024,2025-07-18T05:00:00.000000000,0.6030000000000001,0.0,0.0,0.192,1.6016333984911943,0.0
111024,2025-07-18T06:00:00.000000000,0.7509999999999999,0.0,0.0,0.22299999999999998,0.7778106202370778,0.0
111024,2025-07-18T07:00:00.000000000,0.708,0.0,0.0,0.262,0.0,0.0
111024,2025-07-18T08:00:00.000000000,0.7609999999999999,0.0,0.0,0.32,0.6611683343085334,0.0
111024,2025-07-18T09:00:00.000000000,0.875,0.0,0.0,0.39899999999999997,0.7482104421496834,0.0
111024,2025-07-18T10:00:00.000000000,0.991,0.0,0.0,0.496,1.4929040314573,0.0
111024,2025-07-18T11:00:00.000000000,0.976,0.0,0.0,0.541,0.3376178728384,0.0
111024,2025-07-18T12:00:00.000000000,1.077,0.0,0.0,0.581,0.7071804923255722,0.0
111024,2025-07-18T13:00:00.000000000,1.133,0.0,0.0,0.602,0.6767011010276611,0.0
111024,2025-07-18T14:00:00.000000000,1.21,0.0,0.0,0.613,0.0,0.0
111024,2025-07-18T15:00:00.000000000,1.1889999999999998,0.0,0.0,0.574,0.7397113811146889,0.0
111024,2025-07-18T16:00:00.000000000,1.33,0.0,0.0,0.631,2.2613363774488664,0.0
111024,2025-07-18T17:00:00.000000000,1.205,0.0,0.0,0.477,1.5436053265970944,0.0
111024,2025-07-18T18:00:00.000000000,1.0470000000000002,0.0,0.0,0.38300000000000006,1.5714470782634555,0.0
111024,2025-07-18T19:00:00.000000000,1.004,0.0,0.0,0.327,0.6954576495186833,0.0
111024,2025-07-18T20:00:00.000000000,0.939,0.0,0.0,0.296,1.0913966653213554,0.0
111024,2025-07-18T21:00:00.000000000,0.7949999999999999,0.0,0.0,0.272,0.7083527766062612,0.0
111024,2025-07-18T22:00:00.000000000,0.7040000000000001,0.0,0.0,0.26,0.3235504614701334,0.0
111024,2025-07-18T23:00:00.000000000,0.602,0.0,0.0,0.241,0.0,0.0
111024,2025-07-19T00:00:00.000000000,0.583,0.0,0.0,0.226,0.3235504614701334,0.0
111024,2025-07-19T01:00:00.000000000,0.572,0.0,0.0,0.216,0.0,0.0
111024,2025-07-19T02:00:00.000000000,0.56,0.0,0.0,0.209,0.3235504614701334,0.0
111024,2025-07-19T03:00:00.000000000,0.531,0.0,0.0,0.183,1.6910200748937223,0.0
111024,2025-07-19T04:00:00.000000000,0.535,0.0,0.0,0.183,0.3235504614701334,0.0
111024,2025-07-19T05:00:00.000000000,0.5840000000000001,0.0,0.0,0.176,0.8314426260785945,0.0
111024,2025-07-19T06:00:00.000000000,0.553,0.0,0.0,0.181,0.3235504614701334,0.0
111024,2025-07-19T07:00:00.000000000,0.6280000000000001,0.0,0.0,0.194,0.3332218067858167,0.0
111024,2025-07-19T08:00:00.000000000,0.6920000000000001,0.0,0.0,0.22699999999999998,1.0272141009536389,0.0
111024,2025-07-19T09:00:00.000000000,0.655,0.0,0.0,0.221,0.0052752792631,0.0
111024,2025-07-19T10:00:00.000000000,0.6759999999999999,0.0,0.0,0.245,0.6558930550454334,0.0
111024,2025-07-19T11:00:00.000000000,0.7010000000000001,0.0,0.0,0.272,0.0,0.0
111024,2025-07-19T12:00:00.000000000,0.718,0.0,0.0,0.28700000000000003,0.6752357456768,0.0
111024,2025-07-19T13:00:00.000000000,0.7330000000000001,0.0,0.0,0.304,1.0785015382337777,0.0
111024,2025-07-19T14:00:00.000000000,0.7569999999999999,0.0,0.0,0.326,0.6764080299574889,0.0
111024,2025-07-19T15:00:00.000000000,0.7610000000000001,0.0,0.0,0.32,0.3235504614701334,0.0
111024,2025-07-19T16:00:00.000000000,0.8049999999999999,0.0,0.0,0.292,1.0462637205148335,0.0
111024,2025-07-19T17:00:00.000000000,0.875,0.0,0.0,0.259,1.4990585239309167,0.0
111024,2025-07-19T18:00:00.000000000,0.889,0.0,0.0,0.254,0.3376178728384,0.0
111024,2025-07-19T19:00:00.000000000,0.912,0.0,0.0,0.23399999999999999,1.5506390322812278,0.0
111024,2025-07-19T20:00:00.000000000,1.001,0.0,0.0,0.226,2.035964724486428,0.0
111024,2025-07-19T21:00:00.000000000,0.74,0.0,0.0,0.22,0.3531506395575278,0.0
111024,2025-07-19T22:00:00.000000000,0.623,0.0,0.0,0.198,1.086414457128428,0.0
111024,2025-07-19T23:00:00.000000000,0.549,0.0,0.0,0.188,0.0,0.0
111024,2025-07-20T00:00:00.000000000,0.54,0.0,0.0,0.183,0.3235504614701334,0.0
111024,2025-07-20T01:00:00.000000000,0.533,0.0,0.0,0.177,0.0,0.0
111024,2025-07-20T02:00:00.000000000,0.529,0.0,0.0,0.175,0.3235504614701334,0.0
111024,2025-07-20T03:00:00.000000000,0.523,0.0,0.0,0.17300000000000001,0.6866655174135167,0.0
111024,2025-07-20T04:00:00.000000000,0.52,0.0,0.0,0.167,0.7250578276060777,0.0
111024,2025-07-20T05:00:00.000000000,0.537,0.0,0.0,0.176,0.73062617793935,0.0
111024,2025-07-20T06:00:00.000000000,0.556,0.0,0.0,0.198,0.3235504614701334,0.0
111024,2025-07-20T07:00:00.000000000,0.6330000000000001,0.0,0.0,0.211,0.6884239438345501,0.0
111024,2025-07-20T08:00:00.000000000,0.692,0.0,0.0,0.251,0.3376178728384,0.0
111024,2025-07-20T09:00:00.000000000,0.7689999999999999,0.0,0.0,0.33399999999999996,0.7065943501852278,0.0
111024,2025-07-20T10:00:00.000000000,0.906,0.0,0.0,0.473,0.3235504614701334,0.0
111024,2025-07-20T11:00:00.000000000,0.939,0.0,0.0,0.561,0.0,0.0
111024,2025-07-20T12:00:00.000000000,0.975,0.0,0.0,0.618,0.3235504614701334,0.0
111024,2025-07-20T13:00:00.000000000,0.998,0.0,0.0,0.639,2.0538420597669336,0.0
111024,2025-07-20T14:00:00.000000000,1.108,0.0,0.0,0.7469999999999999,0.3235504614701334,0.0
111024,2025-07-20T15:00:00.000000000,1.27,0.0,0.0,0.818,0.6904754413257556,0.0
111024,2025-07-20T16:00:00.000000000,1.2790000000000001,0.0,0.0,0.802,0.0,0.0
111024,2025-07-20T17:00:00.000000000,1.468,0.0,0.0,0.7969999999999999,0.3235504614701334,0.0
111024,2025-07-20T18:00:00.000000000,1.3809999999999998,0.0,0.0,0.673,0.6661505425014611,0.0
111024,2025-07-20T19:00:00.000000000,1.042,0.0,0.0,0.505,0.7197825483429777,0.0
111024,2025-07-20T20:00:00.000000000,0.949,0.0,0.0,0.38700000000000007,1.95449096697855,0.0
111024,2025-07-20T21:00:00.000000000,0.874,0.0,0.0,0.32,1.5189873567026277,0.0
111024,2025-07-20T22:00:00.000000000,0.648,0.0,0.0,0.278,0.3311703092946111,0.0
111024,2025-07-20T23:00:00.000000000,0.607,0.0,0.0,0.245,0.3338079489261611,0.0
111024,2025-07-21T00:00:00.000000000,0.578,0.0,0.0,0.221,0.7065943501852278,0.0
111024,2025-07-21T01:00:00.000000000,0.557,0.0,0.0,0.2,0.33732480176822777,0.0
111024,2025-07-21T02:00:00.000000000,0.534,0.0,0.0,0.183,0.3235504614701334,0.0
111024,2025-07-21T03:00:00.000000000,0.519,0.0,0.0,0.17,0.0,0.0
111024,2025-07-21T04:00:00.000000000,0.509,0.0,0.0,0.158,0.3235504614701334,0.0
111024,2025-07-21T05:00:00.000000000,0.538,0.0,0.0,0.15799999999999997,0.3531506395575278,0.0
111024,2025-07-21T06:00:00.000000000,0.651,0.0,0.0,0.211,0.3235504614701334,0.0
111024,2025-07-21T07:00:00.000000000,0.7999999999999999,0.0,0.0,0.28700000000000003,0.0,0.0
111024,2025-07-21T08:00:00.000000000,0.898,0.0,0.0,0.372,0.3235504614701333,0.0
111024,2025-07-21T09:00:00.000000000,1.032,0.0,0.0,0.506,0.0,0.0
111024,2025-07-21T10:00:00.000000000,1.2730000000000001,0.0,0.0,0.5790000000000001,1.019594253129161,0.0
111024,2025-07-21T11:00:00.000000000,1.5439999999999998,0.0,0.0,0.829,4.310196229022872,0.0
111024,2025-07-21T12:00:00.000000000,1.561,0.0,0.0,0.9420000000000001,5.546663074079478,0.0
111024,2025-07-21T13:00:00.000000000,1.6239999999999999,0.0,0.0,1.0270000000000001,3.2272986247365107,0.0
111024,2025-07-21T14:00:00.000000000,1.322,0.0,0.0,0.8009999999999999,1.5714470782634555,0.0
111024,2025-07-21T15:00:00.000000000,1.34,0.0,0.0,0.825,0.2851581512775722,0.0
111024,2025-07-21T16:00:00.000000000,1.5790000000000002,0.0,0.0,0.966,1.3736241058972056,0.0
111024,2025-07-21T17:00:00.000000000,1.4889999999999999,0.0,0.0,0.858,0.32501581682099445,0.0
111024,2025-07-21T18:00:00.000000000,1.329,0.0,0.0,0.686,0.0,0.0
111024,2025-07-21T19:00:00.000000000,1.7329999999999999,0.0,0.0,0.538,1.9061342404001334,0.0
111024,2025-07-21T20:00:00.000000000,1.137,0.0,0.0,0.406,2.3800301608686167,0.0
111024,2025-07-21T21:00:00.000000000,0.975,0.0,0.0,0.317,1.5016961635624666,0.0
111024,2025-07-21T22:00:00.000000000,0.7450000000000001,0.0,0.0,0.28,0.6717188928347333,0.0
111024,2025-07-21T23:00:00.000000000,0.63,0.0,0.0,0.248,0.33732480176822777,0.0
111024,2025-07-22T00:00:00.000000000,0.587,0.0,0.0,0.22599999999999998,0.33732480176822777,0.0
111024,2025-07-22T01:00:00.000000000,0.562,0.0,0.0,0.20600000000000002,0.0,0.0
111024,2025-07-22T02:00:00.000000000,0.546,0.0,0.0,0.192,0.32325739039996115,0.0
111024,2025-07-22T03:00:00.000000000,0.532,0.0,0.0,0.18,0.0,0.0
111024,2025-07-22T04:00:00.000000000,0.535,0.0,0.0,0.181,0.3235504614701334,0.0
111024,2025-07-22T05:00:00.000000000,0.6010000000000001,0.0,0.0,0.189,0.3285326696630611,0.0
111024,2025-07-22T06:00:00.000000000,0.609,0.0,0.0,0.211,0.3625289138030389,0.0
111024,2025-07-22T07:00:00.000000000,0.62,0.0,0.0,0.261,0.3235504614701334,0.0
111024,2025-07-22T08:00:00.000000000,0.826,0.0,0.0,0.344,0.3631150559433834,0.0
111024,2025-07-22T09:00:00.000000000,0.994,0.0,0.0,0.475,0.6608752632383612,0.0
111024,2025-07-22T10:00:00.000000000,1.094,0.0,0.0,0.5780000000000001,0.0,0.0
111024,2025-07-22T11:00:00.000000000,1.232,0.0,0.0,0.722,1.1749219203204389,0.0
111024,2025-07-22T12:00:00.000000000,1.343,0.0,0.0,0.798,1.0412815123219057,0.0
111024,2025-07-22T13:00:00.000000000,1.267,0.0,0.0,0.7509999999999999,0.7866027523422444,0.0
111024,2025-07-22T14:00:00.000000000,1.283,0.0,0.0,0.762,0.3235504614701334,0.0
111024,2025-07-22T15:00:00.000000000,1.288,0.0,0.0,0.7510000000000001,0.7065943501852278,0.0
111024,2025-07-22T16:00:00.000000000,1.8480000000000003,0.0,0.0,0.764,1.154113874338211,0.0
111024,2025-07-22T17:00:00.000000000,1.32,0.0,0.0,0.6930000000000001,1.0491944312165555,0.0
111024,2025-07-22T18:00:00.000000000,1.217,0.0,0.0,0.5760000000000001,0.33146338036478334,0.0
111024,2025-07-22T19:00:00.000000000,1.135,0.0,0.0,0.45399999999999996,0.3235504614701334,0.0
111024,2025-07-22T20:00:00.000000000,1.275,0.0,0.0,0.371,0.6901823702555834,0.0
111024,2025-07-22T21:00:00.000000000,1.04,0.0,0.0,0.299,1.0146120449362332,0.0
111024,2025-07-22T22:00:00.000000000,0.916,0.0,0.0,0.28600000000000003,3.7014876162751666,0.0
111024,2025-07-22T23:00:00.000000000,0.64,0.0,0.0,0.259,0.3235504614701334,0.0
111024,2025-07-23T00:00:00.000000000,0.604,0.0,0.0,0.245,1.6306474344382444,0.0
111024,2025-07-23T01:00:00.000000000,0.583,0.0,0.0,0.237,0.33732480176822777,0.0
111024,2025-07-23T02:00:00.000000000,0.574,0.0,0.0,0.223,0.3235504614701334,0.0
111024,2025-07-23T03:00:00.000000000,0.568,0.0,0.0,0.216,0.0,0.0
111024,2025-07-23T04:00:00.000000000,0.558,0.0,0.0,0.209,0.3235504614701334,0.0
111024,2025-07-23T05:00:00.000000000,0.661,0.0,0.0,0.21,0.6843209488521389,0.0
111024,2025-07-23T06:00:00.000000000,0.679,0.0,0.0,0.225,1.4131887003704555,0.0
111024,2025-07-23T07:00:00.000000000,0.64,0.0,0.0,0.261,0.062424137946683333,0.0
111024,2025-07-23T08:00:00.000000000,0.6699999999999999,0.0,0.0,0.314,0.3235504614701334,0.0
111024,2025-07-23T09:00:00.000000000,0.7979999999999999,0.0,0.0,0.38199999999999995,0.6945784363081666,0.0
111024,2025-07-23T10:00:00.000000000,0.906,0.0,0.0,0.472,1.0790876803741223,0.0
111024,2025-07-23T11:00:00.000000000,1.033,0.0,0.0,0.5780000000000001,0.7162656955009111,0.0
111024,2025-07-23T12:00:00.000000000,1.408,0.0,0.0,0.838,1.7675116242086721,0.0
111024,2025-07-23T13:00:00.000000000,1.4520000000000002,0.0,0.0,0.8940000000000001,1.1476663107944223,0.0
111024,2025-07-23T14:00:00.000000000,1.3860000000000001,0.0,0.0,0.782,1.301821693705011,0.0
111024,2025-07-23T15:00:00.000000000,1.991,0.0,0.0,1.0270000000000001,6.334145039632239,0.0
111024,2025-07-23T16:00:00.000000000,1.7530000000000001,0.0,0.0,0.937,4.5314648870029,0.0
111024,2025-07-23T17:00:00.000000000,1.3510000000000002,0.0,0.0,0.722,1.0711747614794722,0.0
111024,2025-07-23T18:00:00.000000000,1.2469999999999999,0.0,0.0,0.605,1.4720959854750721,0.0
111024,2025-07-23T19:00:00.000000000,1.186,0.0,0.0,0.503,0.6878378016942055,0.0
111024,2025-07-23T20:00:00.000000000,1.261,0.0,0.0,0.439,1.3771409587392722,0.0
111024,2025-07-23T21:00:00.000000000,0.9289999999999999,0.0,0.0,0.36200000000000004,0.8868330583411445,0.0
111024,2025-07-23T22:00:00.000000000,0.735,0.0,0.0,0.323,0.3235504614701334,0.0
111024,2025-07-23T23:00:00.000000000,0.669,0.0,0.0,0.307,0.33732480176822777,0.0
111024,2025-07-24T00:00:00.000000000,0.653,0.0,0.0,0.295,0.7065943501852278,0.0
111024,2025-07-24T01:00:00.000000000,0.649,0.0,0.0,0.292,0.3232573903999611,0.0
111024,2025-07-24T02:00:00.000000000,0.641,0.0,0.0,0.287,0.0,0.0
111024,2025-07-24T03:00:00.000000000,0.641,0.0,0.0,0.288,0.3235504614701334,0.0
111024,2025-07-24T04:00:00.000000000,0.637,0.0,0.0,0.287,0.0,0.0
111024,2025-07-24T05:00:00.000000000,0.694,0.0,0.0,0.28700000000000003,0.6638059739400833,0.0
111024,2025-07-24T06:00:00.000000000,0.8069999999999999,0.0,0.0,0.301,0.6884239438345501,0.0
111024,2025-07-24T07:00:00.000000000,0.9930000000000001,0.0,0.0,0.407,2.1279890405205055,0.0
111024,2025-07-24T08:00:00.000000000,1.154,0.0,0.0,0.546,2.2214787119054447,0.0
111024,2025-07-24T09:00:00.000000000,0.8679999999999999,0.0,0.0,0.41500000000000004,0.8050662297630945,0.0
111024,2025-07-24T10:00:00.000000000,0.665,0.0,0.0,0.315,0.6898892991854111,0.0
111024,2025-07-24T11:00:00.000000000,0.645,0.0,0.0,0.292,0.33732480176822777,0.0
111024,2025-07-24T12:00:00.000000000,0.619,0.0,0.0,0.267,0.3235504614701334,0.0
111024,2025-07-24T13:00:00.000000000,0.599,0.0,0.0,0.247,0.3235504614701334,0.0
111024,2025-07-24T14:00:00.000000000,0.627,0.0,0.0,0.237,0.0,0.0
111024,2025-07-24T15:00:00.000000000,0.613,0.0,0.0,0.235,0.3235504614701334,0.0
111024,2025-07-24T16:00:00.000000000,0.7990000000000002,0.0,0.0,0.241,0.6394810751157889,0.0
111024,2025-07-24T17:00:00.000000000,0.837,0.0,0.0,0.22099999999999997,0.7901196051843112,0.0
111024,2025-07-24T18:00:00.000000000,0.844,0.0,0.0,0.209,0.6948715073783389,0.0
111024,2025-07-24T19:00:00.000000000,0.877,0.0,0.0,0.2,0.3235504614701334,0.0
111024,2025-07-24T20:00:00.000000000,1.089,0.0,0.0,0.196,0.6796318117293834,0.0
111024,2025-07-24T21:00:00.000000000,0.7400000000000001,0.0,0.0,0.176,1.1845932656361222,0.0
111024,2025-07-24T22:00:00.000000000,0.642,0.0,0.0,0.20500000000000002,2.066444115784339,0.0
111024,2025-07-24T23:00:00.000000000,0.523,0.0,0.0,0.163,0.3235504614701334,0.0
111024,2025-07-25T00:00:00.000000000,0.507,0.0,0.0,0.15,0.6872516595538611,0.0
111024,2025-07-25T01:00:00.000000000,0.495,0.0,0.0,0.14,0.0,0.0
111024,2025-07-25T02:00:00.000000000,0.486,0.0,0.0,0.132,0.3235504614701334,0.0
111024,2025-07-25T03:00:00.000000000,0.485,0.0,0.0,0.132,0.0,0.0
111024,2025-07-25T04:00:00.000000000,0.481,0.0,0.0,0.132,0.3235504614701334,0.0
111024,2025-07-25T05:00:00.000000000,0.532,0.0,0.0,0.125,0.7045428526940223,0.0
111024,2025-07-25T06:00:00.000000000,0.6470000000000001,0.0,0.0,0.14200000000000002,0.7127488426588444,0.0
111024,2025-07-25T07:00:00.000000000,0.829,0.0,0.0,0.199,1.5655856568600113,0.0
111024,2025-07-25T08:00:00.000000000,0.8989999999999999,0.0,0.0,0.274,3.4101749725239783,0.0
111024,2025-07-25T09:00:00.000000000,0.8340000000000001,0.0,0.0,0.287,1.8785855598039447,0.0
111024,2025-07-25T10:00:00.000000000,0.7060000000000001,0.0,0.0,0.236,0.33732480176822777,0.0
111024,2025-07-25T11:00:00.000000000,0.72,0.0,0.0,0.23199999999999998,0.7561233610443333,0.0
111024,2025-07-25T12:00:00.000000000,0.661,0.0,0.0,0.231,0.6898892991854111,0.0
111024,2025-07-25T13:00:00.000000000,0.625,0.0,0.0,0.23399999999999999,0.3235504614701334,0.0
111024,2025-07-25T14:00:00.000000000,0.612,0.0,0.0,0.241,0.3235504614701334,0.0
111024,2025-07-25T15:00:00.000000000,0.7630000000000001,0.0,0.0,0.258,1.1412187472506334,0.0
111024,2025-07-25T16:00:00.000000000,0.882,0.0,0.0,0.29300000000000004,1.6370949979820333,0.0
111024,2025-07-25T17:00:00.000000000,0.9039999999999999,0.0,0.0,0.266,2.1344366040642946,0.0
111024,2025-07-25T18:00:00.000000000,1.463,0.0,0.0,0.22999999999999998,1.2915642062489834,0.0
111024,2025-07-25T19:00:00.000000000,1.0390000000000001,0.0,0.0,0.20700000000000002,3.109484054527278,0.0
111024,2025-07-25T20:00:00.000000000,0.98,0.0,0.0,0.18400000000000002,2.32903579465865,0.0
111024,2025-07-25T21:00:00.000000000,0.8680000000000001,0.0,0.0,0.167,1.1925061845307723,0.0
111024,2025-07-25T22:00:00.000000000,0.65,0.0,0.0,0.153,0.32355046147013333,0.0
111024,2025-07-25T23:00:00.000000000,0.511,0.0,0.0,0.122,0.33732480176822777,0.0
111024,2025-07-26T00:00:00.000000000,0.456,0.0,0.0,0.1,0.0,0.0
111024,2025-07-26T01:00:00.000000000,0.433,0.0,0.0,0.083,0.3235504614701334,0.0
111024,2025-07-26T02:00:00.000000000,0.43,0.0,0.0,0.076,0.0,0.0
111024,2025-07-26T03:00:00.000000000,0.422,0.0,0.0,0.075,0.6939922941678223,0.0
111024,2025-07-26T04:00:00.000000000,0.422,0.0,0.0,0.07200000000000001,0.7824997573598333,0.0
111024,2025-07-26T05:00:00.000000000,0.47,0.0,0.0,0.064,1.1245136962508167,0.0
111024,2025-07-26T06:00:00.000000000,0.527,0.0,0.0,0.088,1.788026599120728,0.0
111024,2025-07-26T07:00:00.000000000,0.5780000000000001,0.0,0.0,0.133,0.3235504614701334,0.0
111024,2025-07-26T08:00:00.000000000,0.622,0.0,0.0,0.181,0.33732480176822777,0.0
111024,2025-07-26T09:00:00.000000000,0.726,0.0,0.0,0.23099999999999998,0.7051289948343668,0.0
111024,2025-07-26T10:00:00.000000000,0.7830000000000001,0.0,0.0,0.273,0.6925269388169611,0.0
111024,2025-07-26T11:00:00.000000000,0.8119999999999999,0.0,0.0,0.303,0.33732480176822777,0.0
111024,2025-07-26T12:00:00.000000000,0.822,0.0,0.0,0.314,1.0635549136549944,0.0
111024,2025-07-26T13:00:00.000000000,0.837,0.0,0.0,0.332,0.3563744213294222,0.0
111024,2025-07-26T14:00:00.000000000,1.0779999999999998,0.0,0.0,0.508,2.2396491182561222,0.0
111024,2025-07-26T15:00:00.000000000,0.998,0.0,0.0,0.427,0.6939922941678222,0.0
111024,2025-07-26T16:00:00.000000000,0.977,0.0,0.0,0.41500000000000004,0.7168518376412556,0.0
111024,2025-07-26T17:00:00.000000000,1.048,0.0,0.0,0.374,1.9735405865397446,0.0
111024,2025-07-26T18:00:00.000000000,1.058,0.0,0.0,0.331,1.0700024771987833,0.0
111024,2025-07-26T19:00:00.000000000,0.951,0.0,0.0,0.274,0.3235504614701334,0.0
111024,2025-07-26T20:00:00.000000000,0.915,0.0,0.0,0.22799999999999998,0.6898892991854111,0.0
111024,2025-07-26T21:00:00.000000000,0.606,0.0,0.0,0.17900000000000002,0.33732480176822777,0.0
111024,2025-07-26T22:00:00.000000000,0.589,0.0,0.0,0.154,1.1297889755139168,0.0
111024,2025-07-26T23:00:00.000000000,0.515,0.0,0.0,0.139,0.6898892991854111,0.0
111024,2025-07-27T00:00:00.000000000,0.483,0.0,0.0,0.125,0.0,0.0
111024,2025-07-27T01:00:00.000000000,0.469,0.0,0.0,0.112,0.32355046147013333,0.0
111024,2025-07-27T02:00:00.000000000,0.458,0.0,0.0,0.10500000000000001,0.0,0.0
111024,2025-07-27T03:00:00.000000000,0.44,0.0,0.0,0.08900000000000001,0.3235504614701334,0.0
111024,2025-07-27T04:00:00.000000000,0.427,0.0,0.0,0.076,0.33468716213667776,0.0
111024,2025-07-27T05:00:00.000000000,0.513,0.0,0.0,0.07500000000000001,0.35344371062769997,0.0
111024,2025-07-27T06:00:00.000000000,0.533,0.0,0.0,0.115,0.32325739039996115,0.0
111024,2025-07-27T07:00:00.000000000,0.675,0.0,0.0,0.17500000000000002,0.6711327506943889,0.0
111024,2025-07-27T08:00:00.000000000,0.6950000000000001,0.0,0.0,0.22499999999999998,0.18492784527867223,0.0
111024,2025-07-27T09:00:00.000000000,0.622,0.0,0.0,0.248,0.3235504614701334,0.0
111024,2025-07-27T10:00:00.000000000,0.627,0.0,0.0,0.277,0.3235504614701334,0.0
111024,2025-07-27T11:00:00.000000000,0.677,0.0,0.0,0.306,0.0,0.0
111024,2025-07-27T12:00:00.000000000,0.6940000000000001,0.0,0.0,0.302,1.5424330423164054,0.0
111024,2025-07-27T13:00:00.000000000,0.698,0.0,0.0,0.308,0.33732480176822777,0.0
111024,2025-07-27T14:00:00.000000000,0.891,0.0,0.0,0.31,0.3235504614701334,0.0
111024,2025-07-27T15:00:00.000000000,1.501,0.0,0.0,0.31,0.6635129028699112,0.0
111024,2025-07-27T16:00:00.000000000,1.068,0.0,0.0,0.352,1.5781877128774167,0.0
111024,2025-07-27T17:00:00.000000000,1.0350000000000001,0.0,0.0,0.375,1.8416586049622443,0.0
111024,2025-07-27T18:00:00.000000000,0.914,0.0,0.0,0.279,1.1177730616368555,0.0
111024,2025-07-27T19:00:00.000000000,0.941,0.0,0.0,0.263,1.0169566134976111,0.0
111024,2025-07-27T20:00:00.000000000,1.099,0.0,0.0,0.249,1.1394603208296,0.0
111024,2025-07-27T21:00:00.000000000,0.75,0.0,0.0,0.22699999999999998,0.6749426746066278,0.0
111024,2025-07-27T22:00:00.000000000,0.641,0.0,0.0,0.20700000000000002,0.6849070909924834,0.0
111024,2025-07-27T23:00:00.000000000,0.5660000000000001,0.0,0.0,0.188,0.33732480176822777,0.0
111024,2025-07-28T00:00:00.000000000,0.539,0.0,0.0,0.18,0.32355046147013333,0.0
111024,2025-07-28T01:00:00.000000000,0.525,0.0,0.0,0.171,0.7734145541844943,0.0
111024,2025-07-28T02:00:00.000000000,0.513,0.0,0.0,0.172,0.7197825483429778,0.0
111024,2025-07-28T03:00:00.000000000,0.523,0.0,0.0,0.174,0.6605821921681889,0.0
111024,2025-07-28T04:00:00.000000000,0.523,0.0,0.0,0.17200000000000001,0.0,0.0
111024,2025-07-28T05:00:00.000000000,0.533,0.0,0.0,0.153,0.6934061520274779,0.0
111024,2025-07-28T06:00:00.000000000,0.593,0.0,0.0,0.152,0.36545962450476116,0.0
111024,2025-07-28T07:00:00.000000000,0.661,0.0,0.0,0.149,0.6520831311331945,0.0
111024,2025-07-28T08:00:00.000000000,0.644,0.0,0.0,0.14100000000000001,0.37718246731165,0.0
111024,2025-07-28T09:00:00.000000000,0.568,0.0,0.0,0.134,0.3235504614701334,0.0
111024,2025-07-28T10:00:00.000000000,0.6020000000000001,0.0,0.0,0.133,0.33732480176822777,0.0
111024,2025-07-28T11:00:00.000000000,0.59,0.0,0.0,0.14,0.33732480176822777,0.0
111024,2025-07-28T12:00:00.000000000,0.568,0.0,0.0,0.138,0.33732480176822777,0.0
111024,2025-07-28T13:00:00.000000000,0.573,0.0,0.0,0.14400000000000002,0.0,0.0
111024,2025-07-28T14:00:00.000000000,0.58,0.0,0.0,0.15,1.0436260808832833,0.0
111024,2025-07-28T15:00:00.000000000,0.6279999999999999,0.0,0.0,0.16599999999999998,0.35490906597856114,0.0
111024,2025-07-28T16:00:00.000000000,0.654,0.0,0.0,0.169,1.1523554479171778,0.0
111024,2025-07-28T17:00:00.000000000,0.671,0.0,0.0,0.161,0.3311703092946111,0.0
111024,2025-07-28T18:00:00.000000000,0.686,0.0,0.0,0.176,0.0,0.0
111024,2025-07-28T19:00:00.000000000,0.692,0.0,0.0,0.163,1.1523554479171778,0.0
111024,2025-07-28T20:00:00.000000000,0.7150000000000001,0.0,0.0,0.156,0.7382460257638278,0.0
111024,2025-07-28T21:00:00.000000000,0.671,0.0,0.0,0.152,0.0,0.0
111024,2025-07-28T22:00:00.000000000,0.539,0.0,0.0,0.139,0.33732480176822777,0.0
111024,2025-07-28T23:00:00.000000000,0.513,0.0,0.0,0.14,0.33732480176822777,0.0
111024,2025-07-29T00:00:00.000000000,0.491,0.0,0.0,0.131,1.0424537966025944,0.0
111024,2025-07-29T01:00:00.000000000,0.489,0.0,0.0,0.134,0.0,0.0
111024,2025-07-29T02:00:00.000000000,0.485,0.0,0.0,0.132,0.3235504614701334,0.0
111024,2025-07-29T03:00:00.000000000,0.476,0.0,0.0,0.132,0.0,0.0
111024,2025-07-29T04:00:00.000000000,0.489,0.0,0.0,0.134,0.3235504614701334,0.0
111024,2025-07-29T05:00:00.000000000,0.541,0.0,0.0,0.128,0.2540926178393167,0.0
111024,2025-07-29T06:00:00.000000000,0.584,0.0,0.0,0.14300000000000002,0.06916477256064445,0.0
111024,2025-07-29T07:00:00.000000000,0.623,0.0,0.0,0.155,0.3235504614701334,0.0
111024,2025-07-29T08:00:00.000000000,0.6909999999999998,0.0,0.0,0.186,1.1576307271802777,0.0
111024,2025-07-29T09:00:00.000000000,0.748,0.0,0.0,0.23199999999999998,1.0902243810406667,0.0
111024,2025-07-29T10:00:00.000000000,0.7590000000000001,0.0,0.0,0.268,0.6746496035364555,0.0
111024,2025-07-29T11:00:00.000000000,0.71,0.0,0.0,0.28,0.3235504614701334,0.0
111024,2025-07-29T12:00:00.000000000,0.7309999999999999,0.0,0.0,0.301,1.1520623768470055,0.0
111024,2025-07-29T13:00:00.000000000,0.7870000000000001,0.0,0.0,0.358,0.0,0.0
111024,2025-07-29T14:00:00.000000000,0.869,0.0,0.0,0.436,0.32355046147013333,0.0
111024,2025-07-29T15:00:00.000000000,0.852,0.0,0.0,0.474,0.0,0.0
111024,2025-07-29T16:00:00.000000000,0.903,0.0,0.0,0.481,1.1567515139697613,0.0
111024,2025-07-29T17:00:00.000000000,0.888,0.0,0.0,0.483,0.33732480176822777,0.0
111024,2025-07-29T18:00:00.000000000,0.873,0.0,0.0,0.42,0.6898892991854111,0.0
111024,2025-07-29T19:00:00.000000000,1.0270000000000001,0.0,0.0,0.35200000000000004,0.33732480176822777,0.0
111024,2025-07-29T20:00:00.000000000,1.1969999999999998,0.0,0.0,0.297,0.3235504614701334,0.0
111024,2025-07-29T21:00:00.000000000,0.9149999999999999,0.0,0.0,0.258,0.0,0.0
111024,2025-07-29T22:00:00.000000000,0.7280000000000001,0.0,0.0,0.23199999999999998,0.3235504614701334,0.0
111024,2025-07-29T23:00:00.000000000,0.6,0.0,0.0,0.20700000000000002,0.45572551411780554,0.0
111024,2025-07-30T00:00:00.000000000,0.553,0.0,0.0,0.193,0.21452802336606666,0.0
111024,2025-07-30T01:00:00.000000000,0.534,0.0,0.0,0.177,0.33732480176822777,0.0
111024,2025-07-30T02:00:00.000000000,0.518,0.0,0.0,0.165,0.0,0.0
111024,2025-07-30T03:00:00.000000000,0.502,0.0,0.0,0.15,0.3235504614701334,0.0
111024,2025-07-30T04:00:00.000000000,0.486,0.0,0.0,0.133,1.2030567430569723,0.0
111024,2025-07-30T05:00:00.000000000,0.6140000000000001,0.0,0.0,0.14400000000000002,0.7089389187466055,0.0
111024,2025-07-30T06:00:00.000000000,0.901,0.0,0.0,0.25,2.994307123949594,0.0
111024,2025-07-30T07:00:00.000000000,1.068,0.0,0.0,0.278,1.1599752957416554,0.0
111024,2025-07-30T08:00:00.000000000,0.882,0.0,0.0,0.33399999999999996,0.0,0.0
111024,2025-07-30T09:00:00.000000000,0.881,0.0,0.0,0.425,1.043333009813111,0.0
111024,2025-07-30T10:00:00.000000000,0.947,0.0,0.0,0.513,0.0,0.0
111024,2025-07-30T11:00:00.000000000,0.954,0.0,0.0,0.54,0.3235504614701334,0.0
111024,2025-07-30T12:00:00.000000000,0.906,0.0,0.0,0.549,0.6608752632383612,0.0
111024,2025-07-30T13:00:00.000000000,0.9760000000000001,0.0,0.0,0.58,0.7051289948343668,0.0
111024,2025-07-30T14:00:00.000000000,0.99,0.0,0.0,0.595,0.0,0.0
111024,2025-07-30T15:00:00.000000000,1.182,0.0,0.0,0.701,1.5734985757546611,0.0
111024,2025-07-30T16:00:00.000000000,1.2049999999999998,0.0,0.0,0.678,1.2555164646178,0.0
111024,2025-07-30T17:00:00.000000000,1.305,0.0,0.0,0.679,0.6881308727643778,0.0
111024,2025-07-30T18:00:00.000000000,1.208,0.0,0.0,0.5680000000000001,0.33732480176822777,0.0
111024,2025-07-30T19:00:00.000000000,0.9710000000000001,0.0,0.0,0.44199999999999995,0.33732480176822777,0.0
111024,2025-07-30T20:00:00.000000000,0.878,0.0,0.0,0.36100000000000004,0.5914174196075445,0.0
111024,2025-07-30T21:00:00.000000000,0.856,0.0,0.0,0.335,0.7836720416405223,0.0
111024,2025-07-30T22:00:00.000000000,0.7220000000000001,0.0,0.0,0.321,0.3235504614701334,0.0
111024,2025-07-30T23:00:00.000000000,0.674,0.0,0.0,0.312,0.0,0.0
111024,2025-07-31T00:00:00.000000000,0.658,0.0,0.0,0.299,0.3235504614701334,0.0
111024,2025-07-31T01:00:00.000000000,0.642,0.0,0.0,0.286,0.0,0.0
111024,2025-07-31T02:00:00.000000000,0.637,0.0,0.0,0.28400000000000003,0.3235504614701334,0.0
111024,2025-07-31T03:00:00.000000000,0.628,0.0,0.0,0.28300000000000003,0.6942853652379946,0.0
111024,2025-07-31T04:00:00.000000000,0.629,0.0,0.0,0.28,0.0,0.0
111024,2025-07-31T05:00:00.000000000,0.6789999999999999,0.0,0.0,0.28600000000000003,0.6746496035364555,0.0
111024,2025-07-31T06:00:00.000000000,0.664,0.0,0.0,0.305,0.0,0.0
111024,2025-07-31T07:00:00.000000000,0.69,0.0,0.0,0.334,0.3235504614701334,0.0
111024,2025-07-31T08:00:00.000000000,0.7849999999999999,0.0,0.0,0.366,0.6761149588873168,0.0
111024,2025-07-31T09:00:00.000000000,0.909,0.0,0.0,0.471,0.001172284280688889,0.0
111024,2025-07-31T10:00:00.000000000,1.18,0.0,0.0,0.7040000000000001,1.3592636234587667,0.0
111024,2025-07-31T11:00:00.000000000,1.108,0.0,0.0,0.669,0.3235504614701334,0.0
111024,2025-07-31T12:00:00.000000000,1.2679999999999998,0.0,0.0,0.7749999999999999,0.38714688369750555,0.0
111024,2025-07-31T13:00:00.000000000,1.46,0.0,0.0,0.8979999999999999,0.9870633643400445,0.0
111024,2025-07-31T14:00:00.000000000,1.368,0.0,0.0,0.844,0.3235504614701334,0.0
111024,2025-07-31T15:00:00.000000000,1.422,0.0,0.0,0.882,0.6608752632383612,0.0
111024,2025-07-31T16:00:00.000000000,1.4529999999999998,0.0,0.0,0.88,0.3235504614701334,0.0
111024,2025-07-31T17:00:00.000000000,1.5,0.0,0.0,0.869,0.3522714263470111,0.0
111024,2025-07-31T18:00:00.000000000,1.357,0.0,0.0,0.7110000000000001,1.28980577982795,0.0
111024,2025-07-31T19:00:00.000000000,1.268,0.0,0.0,0.584,0.48532569220520005,0.0
111024,2025-07-31T20:00:00.000000000,1.217,0.0,0.0,0.525,1.153820803268039,0.0
111024,2025-07-31T21:00:00.000000000,0.954,0.0,0.0,0.45899999999999996,0.6746496035364555,0.0
111024,2025-07-31T22:00:00.000000000,0.712,0.0,0.0,0.342,0.3522714263470111,0.0
111024,2025-07-31T23:00:00.000000000,0.668,0.0,0.0,0.306,0.3235504614701334,0.0
111024,2025-08-01T00:00:00.000000000,0.629,0.0,0.0,0.272,0.3235504614701334,0.0
111024,2025-08-01T01:00:00.000000000,0.596,0.0,0.0,0.24,0.0,0.0
111024,2025-08-01T02:00:00.000000000,0.5609999999999999,0.0,0.0,0.20800000000000002,0.3235504614701334,0.0
111024,2025-08-01T03:00:00.000000000,0.534,0.0,0.0,0.186,0.11107393559527222,0.0
111024,2025-08-01T04:00:00.000000000,0.547,0.0,0.0,0.17800000000000002,0.7306261779393501,0.0
111024,2025-08-01T05:00:00.000000000,0.6010000000000001,0.0,0.0,0.176,0.0,0.0
111024,2025-08-01T06:00:00.000000000,0.605,0.0,0.0,0.23199999999999998,0.3235504614701334,0.0
111024,2025-08-01T07:00:00.000000000,0.657,0.0,0.0,0.30000000000000004,0.7441074471672722,0.0
111024,2025-08-01T08:00:00.000000000,0.7579999999999999,0.0,0.0,0.40099999999999997,0.33732480176822777,0.0
111024,2025-08-01T09:00:00.000000000,0.893,0.0,0.0,0.536,0.7115765583781555,0.0
111024,2025-08-01T10:00:00.000000000,1.079,0.0,0.0,0.6599999999999999,0.74645201572865,0.0
111024,2025-08-01T11:00:00.000000000,1.2309999999999999,0.0,0.0,0.7889999999999999,0.7221271169043555,0.0
111024,2025-08-01T12:00:00.000000000,1.2029999999999998,0.0,0.0,0.839,0.0,0.0
111024,2025-08-01T13:00:00.000000000,1.189,0.0,0.0,0.8260000000000001,0.3235504614701334,0.0
111024,2025-08-01T14:00:00.000000000,1.1429999999999998,0.0,0.0,0.7810000000000001,0.33732480176822777,0.0
111024,2025-08-01T15:00:00.000000000,1.264,0.0,0.0,0.829,0.6925269388169611,0.0
111024,2025-08-01T16:00:00.000000000,1.635,0.0,0.0,1.016,1.3604359077394557,0.0
111024,2025-08-01T17:00:00.000000000,1.5420000000000003,0.0,0.0,0.9239999999999999,0.0,0.0
111024,2025-08-01T18:00:00.000000000,1.927,0.0,0.0,0.802,0.6635129028699112,0.0
111024,2025-08-01T19:00:00.000000000,1.346,0.0,0.0,0.562,1.4070342078968388,0.0
111024,2025-08-01T20:00:00.000000000,1.103,0.0,0.0,0.43100000000000005,0.10023030599890001,0.0
111024,2025-08-01T21:00:00.000000000,0.8709999999999999,0.0,0.0,0.34400000000000003,0.3235504614701334,0.0
111024,2025-08-01T22:00:00.000000000,0.672,0.0,0.0,0.302,1.0972580867248,0.0
111024,2025-08-01T23:00:00.000000000,0.644,0.0,0.0,0.28200000000000003,0.6922338677467889,0.0
111024,2025-08-02T00:00:00.000000000,0.622,0.0,0.0,0.264,0.3235504614701334,0.0
111024,2025-08-02T01:00:00.000000000,0.61,0.0,0.0,0.253,0.0,0.0
111024,2025-08-02T02:00:00.000000000,0.599,0.0,0.0,0.244,0.3232573903999611,0.0
111024,2025-08-02T03:00:00.000000000,0.585,0.0,0.0,0.23299999999999998,0.0,0.0
111024,2025-08-02T04:00:00.000000000,0.571,0.0,0.0,0.222,0.3235504614701334,0.0
111024,2025-08-02T05:00:00.000000000,0.5760000000000001,0.0,0.0,0.214,0.0,0.0
111024,2025-08-02T06:00:00.000000000,0.593,0.0,0.0,0.23399999999999999,0.3235504614701334,0.0
111024,2025-08-02T07:00:00.000000000,0.73,0.0,0.0,0.30600000000000005,0.0,0.0
111024,2025-08-02T08:00:00.000000000,0.855,0.0,0.0,0.41,0.3235504614701334,0.0
111024,2025-08-02T09:00:00.000000000,0.965,0.0,0.0,0.525,0.0,0.0
111024,2025-08-02T10:00:00.000000000,1.1400000000000001,0.0,0.0,0.6779999999999999,0.9899940750417668,0.0
111024,2025-08-02T11:00:00.000000000,1.5719999999999998,0.0,0.0,1.009,2.2244094226071667,0.0
111024,2025-08-02T12:00:00.000000000,1.624,0.0,0.0,1.065,1.5245557070359,0.0
111024,2025-08-02T13:00:00.000000000,1.4529999999999998,0.0,0.0,0.988,0.6972160759397167,0.0
111024,2025-08-02T14:00:00.000000000,1.464,0.0,0.0,0.996,1.1438563868821834,0.0
111024,2025-08-02T15:00:00.000000000,1.406,0.0,0.0,0.9079999999999999,0.8226504939734278,0.0
111024,2025-08-02T16:00:00.000000000,1.308,0.0,0.0,0.828,0.3235504614701334,0.0
111024,2025-08-02T17:00:00.000000000,1.57,0.0,0.0,0.9630000000000001,1.9694375915573334,0.0
111024,2025-08-02T18:00:00.000000000,1.81,0.0,0.0,1.017,3.7516027692746166,0.0
111024,2025-08-02T19:00:00.000000000,1.5710000000000002,0.0,0.0,0.672,2.756919557110095,0.0
111024,2025-08-02T20:00:00.000000000,1.484,0.0,0.0,0.527,0.28926114625998334,0.0
111024,2025-08-02T21:00:00.000000000,1.043,0.0,0.0,0.4169999999999999,0.33703173069805553,0.0
111024,2025-08-02T22:00:00.000000000,0.7450000000000001,0.0,0.0,0.309,1.05769349225155,0.0
111024,2025-08-02T23:00:00.000000000,0.643,0.0,0.0,0.27,0.3235504614701334,0.0
111024,2025-08-03T00:00:00.000000000,0.604,0.0,0.0,0.246,0.6758218878171445,0.0
111024,2025-08-03T01:00:00.000000000,0.579,0.0,0.0,0.223,0.7156795533605667,0.0
111024,2025-08-03T02:00:00.000000000,0.567,0.0,0.0,0.215,0.0,0.0
111024,2025-08-03T03:00:00.000000000,0.552,0.0,0.0,0.20500000000000002,0.3235504614701334,0.0
111024,2025-08-03T04:00:00.000000000,0.535,0.0,0.0,0.18000000000000002,0.7921711026755166,0.0
111024,2025-08-03T05:00:00.000000000,0.621,0.0,0.0,0.183,1.4685791326330055,0.0
111024,2025-08-03T06:00:00.000000000,0.838,0.0,0.0,0.317,2.3826678005001667,0.0
111024,2025-08-03T07:00:00.000000000,0.944,0.0,0.0,0.44199999999999995,2.661085317163778,0.0
111024,2025-08-03T08:00:00.000000000,0.956,0.0,0.0,0.488,2.0541351308371056,0.0
111024,2025-08-03T09:00:00.000000000,1.085,0.0,0.0,0.6000000000000001,0.953653262340411,0.0
111024,2025-08-03T10:00:00.000000000,1.196,0.0,0.0,0.674,1.631526647648761,0.0
111024,2025-08-03T11:00:00.000000000,1.4360000000000002,0.0,0.0,0.7450000000000001,0.6884239438345501,0.0
111024,2025-08-03T12:00:00.000000000,1.904,0.0,0.0,1.005,5.943481303092667,0.0
111024,2025-08-03T13:00:00.000000000,1.5979999999999999,0.0,0.0,0.9119999999999999,3.095123572088839,0.0
111024,2025-08-03T14:00:00.000000000,1.264,0.0,0.0,0.819,1.8229020564712222,0.0
111024,2025-08-03T15:00:00.000000000,1.336,0.0,0.0,0.878,0.33732480176822777,0.0
111024,2025-08-03T16:00:00.000000000,1.398,0.0,0.0,0.9189999999999999,0.8551813827625445,0.0
111024,2025-08-03T17:00:00.000000000,1.549,0.0,0.0,0.871,0.0,0.0
111024,2025-08-03T18:00:00.000000000,1.337,0.0,0.0,0.6920000000000001,0.7065943501852278,0.0
111024,2025-08-03T19:00:00.000000000,1.8110000000000002,0.0,0.0,0.67,7.545114701583861,0.0
111024,2025-08-03T20:00:00.000000000,1.309,0.0,0.0,0.481,1.1796110574431944,0.0
111024,2025-08-03T21:00:00.000000000,0.9299999999999999,0.0,0.0,0.35200000000000004,0.6895962281152388,0.0
111024,2025-08-03T22:00:00.000000000,0.734,0.0,0.0,0.297,0.0,0.0
111024,2025-08-03T23:00:00.000000000,0.644,0.0,0.0,0.268,0.6919407966766167,0.0
111024,2025-08-04T00:00:00.000000000,0.614,0.0,0.0,0.255,0.3235504614701334,0.0
111024,2025-08-04T01:00:00.000000000,0.603,0.0,0.0,0.246,0.0,0.0
111024,2025-08-04T02:00:00.000000000,0.592,0.0,0.0,0.239,0.3235504614701334,0.0
111024,2025-08-04T03:00:00.000000000,0.575,0.0,0.0,0.232,0.34054858354012224,0.0
111024,2025-08-04T04:00:00.000000000,0.574,0.0,0.0,0.223,0.7485035132198555,0.0
111024,2025-08-04T05:00:00.000000000,0.628,0.0,0.0,0.218,0.3686834062766556,0.0
111024,2025-08-04T06:00:00.000000000,0.664,0.0,0.0,0.221,1.1482524529347666,0.0
111024,2025-08-04T07:00:00.000000000,0.672,0.0,0.0,0.224,1.5286587020183113,0.0
111024,2025-08-04T08:00:00.000000000,0.605,0.0,0.0,0.226,0.0,0.0
111024,2025-08-04T09:00:00.000000000,0.582,0.0,0.0,0.229,0.3235504614701334,0.0
111024,2025-08-04T10:00:00.000000000,0.603,0.0,0.0,0.23199999999999998,1.1409256761804611,0.0
111024,2025-08-04T11:00:00.000000000,0.666,0.0,0.0,0.23299999999999998,1.4923178893169555,0.0
111024,2025-08-04T12:00:00.000000000,0.685,0.0,0.0,0.253,0.3235504614701334,0.0
111024,2025-08-04T13:00:00.000000000,0.6930000000000001,0.0,0.0,0.263,0.0,0.0
111024,2025-08-04T14:00:00.000000000,0.678,0.0,0.0,0.246,0.3235504614701334,0.0
111024,2025-08-04T15:00:00.000000000,0.676,0.0,0.0,0.23399999999999999,0.3522714263470111,0.0
111024,2025-08-04T16:00:00.000000000,0.788,0.0,0.0,0.24,0.4483987373635,0.0
111024,2025-08-04T17:00:00.000000000,1.042,0.0,0.0,0.33299999999999996,2.913712579652233,0.0
111024,2025-08-04T18:00:00.000000000,0.9309999999999999,0.0,0.0,0.259,0.3332218067858167,0.0
111024,2025-08-04T19:00:00.000000000,0.9339999999999999,0.0,0.0,0.222,2.4518325730608113,0.0
111024,2025-08-04T20:00:00.000000000,0.986,0.0,0.0,0.224,0.3235504614701334,0.0
111024,2025-08-04T21:00:00.000000000,0.8109999999999999,0.0,0.0,0.20700000000000002,1.6637644653677057,0.0
111024,2025-08-04T22:00:00.000000000,0.636,0.0,0.0,0.203,0.0,0.0
111024,2025-08-04T23:00:00.000000000,0.57,0.0,0.0,0.191,0.33732480176822777,0.0
111024,2025-08-05T00:00:00.000000000,0.543,0.0,0.0,0.185,0.3235504614701334,0.0
111024,2025-08-05T01:00:00.000000000,0.536,0.0,0.0,0.181,0.0,0.0
111024,2025-08-05T02:00:00.000000000,0.529,0.0,0.0,0.175,0.3235504614701334,0.0
111024,2025-08-05T03:00:00.000000000,0.509,0.0,0.0,0.166,0.0,0.0
111024,2025-08-05T04:00:00.000000000,0.509,0.0,0.0,0.154,0.3235504614701334,0.0
111024,2025-08-05T05:00:00.000000000,0.556,0.0,0.0,0.14200000000000002,0.0,0.0
111024,2025-08-05T06:00:00.000000000,0.566,0.0,0.0,0.14600000000000002,0.3235504614701334,0.0
111024,2025-08-05T07:00:00.000000000,0.574,0.0,0.0,0.148,0.0,0.0
111024,2025-08-05T08:00:00.000000000,0.561,0.0,0.0,0.14100000000000001,1.0269210298834666,0.0
111024,2025-08-05T09:00:00.000000000,0.585,0.0,0.0,0.148,1.0626757004444778,0.0
111024,2025-08-05T10:00:00.000000000,0.595,0.0,0.0,0.16399999999999998,0.8138583618682612,0.0
111024,2025-08-05T11:00:00.000000000,0.5710000000000001,0.0,0.0,0.179,0.3235504614701334,0.0
111024,2025-08-05T12:00:00.000000000,0.686,0.0,0.0,0.237,0.5181496520644889,0.0
111024,2025-08-05T13:00:00.000000000,0.662,0.0,0.0,0.231,0.33703173069805553,0.0
111024,2025-08-05T14:00:00.000000000,0.67,0.0,0.0,0.239,0.3235504614701334,0.0
111024,2025-08-05T15:00:00.000000000,0.706,0.0,0.0,0.262,0.3683903352064833,0.0
111024,2025-08-05T16:00:00.000000000,0.837,0.0,0.0,0.325,0.8417001135346223,0.0
111024,2025-08-05T17:00:00.000000000,0.8739999999999999,0.0,0.0,0.303,0.3522714263470111,0.0
111024,2025-08-05T18:00:00.000000000,0.8420000000000001,0.0,0.0,0.28200000000000003,0.8264604178856666,0.0
111024,2025-08-05T19:00:00.000000000,1.14,0.0,0.0,0.264,0.6863724463433444,0.0
111024,2025-08-05T20:00:00.000000000,0.984,0.0,0.0,0.22299999999999998,0.3235504614701334,0.0
111024,2025-08-05T21:00:00.000000000,0.8579999999999999,0.0,0.0,0.191,0.0,0.0
111024,2025-08-05T22:00:00.000000000,0.615,0.0,0.0,0.16,1.5119536510184945,0.0
111024,2025-08-05T23:00:00.000000000,0.506,0.0,0.0,0.145,0.3235504614701334,0.0
111024,2025-08-06T00:00:00.000000000,0.486,0.0,0.0,0.126,0.0,0.0
111024,2025-08-06T01:00:00.000000000,0.469,0.0,0.0,0.113,0.3235504614701334,0.0
111024,2025-08-06T02:00:00.000000000,0.452,0.0,0.0,0.1,0.3680972641363111,0.0
111024,2025-08-06T03:00:00.000000000,0.441,0.0,0.0,0.09,0.3235504614701334,0.0
111024,2025-08-06T04:00:00.000000000,0.427,0.0,0.0,0.078,0.7625709245881221,0.0
111024,2025-08-06T05:00:00.000000000,0.6890000000000001,0.0,0.0,0.07,0.3323425935753,0.0
111024,2025-08-06T06:00:00.000000000,0.871,0.0,0.0,0.082,5.917104906777166,0.0
111024,2025-08-06T07:00:00.000000000,0.5650000000000001,0.0,0.0,0.119,0.32501581682099445,0.0
111024,2025-08-06T08:00:00.000000000,0.603,0.0,0.0,0.16100000000000003,0.3235504614701334,0.0
111024,2025-08-06T09:00:00.000000000,0.637,0.0,0.0,0.223,0.33732480176822777,0.0
111024,2025-08-06T10:00:00.000000000,0.605,0.0,0.0,0.254,0.33732480176822777,0.0
111024,2025-08-06T11:00:00.000000000,0.617,0.0,0.0,0.266,1.04186765446225,0.0
111024,2025-08-06T12:00:00.000000000,0.639,0.0,0.0,0.261,0.11107393559527222,0.0
111024,2025-08-06T13:00:00.000000000,0.7929999999999999,0.0,0.0,0.331,1.2493619721441835,0.0
111024,2025-08-06T14:00:00.000000000,0.795,0.0,0.0,0.33799999999999997,0.6664436135716334,0.0
111024,2025-08-06T15:00:00.000000000,0.907,0.0,0.0,0.383,0.6939922941678223,0.0
111024,2025-08-06T16:00:00.000000000,0.967,0.0,0.0,0.397,0.0,0.0
111024,2025-08-06T17:00:00.000000000,1.0150000000000001,0.0,0.0,0.381,0.3522714263470111,0.0
111024,2025-08-06T18:00:00.000000000,1.464,0.0,0.0,0.318,1.4688722037031778,0.0
111024,2025-08-06T19:00:00.000000000,1.125,0.0,0.0,0.266,3.0473529876507666,0.0
111024,2025-08-06T20:00:00.000000000,1.29,0.0,0.0,0.243,6.892738499380496,0.0
111024,2025-08-06T21:00:00.000000000,0.748,0.0,0.0,0.22099999999999997,1.023111105971228,0.0
111024,2025-08-06T22:00:00.000000000,0.624,0.0,0.0,0.189,2.0852006642753613,0.0
111024,2025-08-06T23:00:00.000000000,0.554,0.0,0.0,0.17200000000000001,0.8988489722182055,0.0
111024,2025-08-07T00:00:00.000000000,0.502,0.0,0.0,0.145,0.3329287357156444,0.0
111024,2025-08-07T01:00:00.000000000,0.475,0.0,0.0,0.128,0.3235504614701334,0.0
111024,2025-08-07T02:00:00.000000000,0.451,0.0,0.0,0.11,0.0,0.0
111024,2025-08-07T03:00:00.000000000,0.443,0.0,0.0,0.094,0.3235504614701334,0.0
111024,2025-08-07T04:00:00.000000000,0.441,0.0,0.0,0.084,0.0,0.0
111024,2025-08-07T05:00:00.000000000,0.504,0.0,0.0,0.065,1.5699817229125945,0.0
111024,2025-08-07T06:00:00.000000000,0.7739999999999999,0.0,0.0,0.09799999999999999,1.8270050514536333,0.0
111024,2025-08-07T07:00:00.000000000,1.483,0.0,0.0,0.15400000000000003,1.917857083207022,0.0
111024,2025-08-07T08:00:00.000000000,0.9610000000000001,0.0,0.0,0.219,1.350764562423772,0.0
111024,2025-08-07T09:00:00.000000000,1.032,0.0,0.0,0.30300000000000005,0.3352733042770222,0.0
111024,2025-08-07T10:00:00.000000000,1.149,0.0,0.0,0.46799999999999997,4.341847904601472,0.0
111024,2025-08-07T11:00:00.000000000,1.153,0.0,0.0,0.519,3.3029109608409444,0.0
111024,2025-08-07T12:00:00.000000000,0.879,0.0,0.0,0.445,0.42993525994265,0.0
111024,2025-08-07T13:00:00.000000000,0.9309999999999999,0.0,0.0,0.498,1.032782451286911,0.0
111024,2025-08-07T14:00:00.000000000,0.953,0.0,0.0,0.516,0.78337897057035,0.0
111024,2025-08-07T15:00:00.000000000,1.082,0.0,0.0,0.5660000000000001,0.7731214831143222,0.0
111024,2025-08-07T16:00:00.000000000,1.154,0.0,0.0,0.58,0.33703173069805553,0.0
111024,2025-08-07T17:00:00.000000000,1.163,0.0,0.0,0.5549999999999999,0.3235504614701334,0.0
111024,2025-08-07T18:00:00.000000000,1.109,0.0,0.0,0.44399999999999995,0.3235504614701334,0.0
111024,2025-08-07T19:00:00.000000000,1.183,0.0,0.0,0.339,0.0,0.0
111024,2025-08-07T20:00:00.000000000,1.2089999999999999,0.0,0.0,0.258,2.3111584593781442,0.0
111024,2025-08-07T21:00:00.000000000,0.734,0.0,0.0,0.20599999999999996,0.0,0.0
111024,2025-08-07T22:00:00.000000000,0.536,0.0,0.0,0.164,0.3235504614701334,0.0
111024,2025-08-07T23:00:00.000000000,0.497,0.0,0.0,0.135,0.0,0.0
111024,2025-08-08T00:00:00.000000000,0.475,0.0,0.0,0.11699999999999999,0.3235504614701334,0.0
111024,2025-08-08T01:00:00.000000000,0.457,0.0,0.0,0.10200000000000001,0.0,0.0
111024,2025-08-08T02:00:00.000000000,0.438,0.0,0.0,0.084,0.32355046147013333,0.0
111024,2025-08-08T03:00:00.000000000,0.418,0.0,0.0,0.07,0.7877750366229334,0.0
111024,2025-08-08T04:00:00.000000000,0.40800000000000003,0.0,0.0,0.056999999999999995,0.6728911771154222,0.0
111024,2025-08-08T05:00:00.000000000,0.407,0.0,0.0,0.047,0.0,0.0
111024,2025-08-08T06:00:00.000000000,0.45,0.0,0.0,0.092,0.8534229563415111,0.0
111024,2025-08-08T07:00:00.000000000,0.6699999999999999,0.0,0.0,0.179,0.6895962281152389,0.0
111024,2025-08-08T08:00:00.000000000,0.69,0.0,0.0,0.247,1.127444406952539,0.0
111024,2025-08-08T09:00:00.000000000,0.744,0.0,0.0,0.307,1.1796110574431946,0.0
111024,2025-08-08T10:00:00.000000000,0.7879999999999999,0.0,0.0,0.356,0.7672600617108778,0.0
111024,2025-08-08T11:00:00.000000000,0.7169999999999999,0.0,0.0,0.364,0.3235504614701334,0.0
111024,2025-08-08T12:00:00.000000000,0.8079999999999999,0.0,0.0,0.413,0.3522714263470111,0.0
111024,2025-08-08T13:00:00.000000000,0.92,0.0,0.0,0.482,0.7868958234124167,0.0
111024,2025-08-08T14:00:00.000000000,1.1589999999999998,0.0,0.0,0.667,2.1868963256251224,0.0
111024,2025-08-08T15:00:00.000000000,1.004,0.0,0.0,0.555,0.6758218878171445,0.0
111024,2025-08-08T16:00:00.000000000,1.021,0.0,0.0,0.546,0.3522714263470111,0.0
111024,2025-08-08T17:00:00.000000000,1.1280000000000001,0.0,0.0,0.544,0.33732480176822777,0.0
111024,2025-08-08T18:00:00.000000000,1.13,0.0,0.0,0.46099999999999997,0.3522714263470111,0.0
111024,2025-08-08T19:00:00.000000000,1.218,0.0,0.0,0.333,2.369772673412589,0.0
111024,2025-08-08T20:00:00.000000000,1.338,0.0,0.0,0.32699999999999996,3.945322746658456,0.0
111024,2025-08-08T21:00:00.000000000,1.2610000000000001,0.0,0.0,0.287,5.236593881837266,0.0
111024,2025-08-08T22:00:00.000000000,0.7180000000000001,0.0,0.0,0.25,1.02604181667295,0.0
111024,2025-08-08T23:00:00.000000000,0.596,0.0,0.0,0.224,0.33673865962788335,0.0
111024,2025-08-09T00:00:00.000000000,0.5640000000000001,0.0,0.0,0.20800000000000002,0.0,0.0
111024,2025-08-09T01:00:00.000000000,0.548,0.0,0.0,0.191,0.3235504614701334,0.0
111024,2025-08-09T02:00:00.000000000,0.539,0.0,0.0,0.185,0.0,0.0
111024,2025-08-09T03:00:00.000000000,0.53,0.0,0.0,0.178,0.3235504614701334,0.0
111024,2025-08-09T04:00:00.000000000,0.514,0.0,0.0,0.164,0.3235504614701334,0.0
111024,2025-08-09T05:00:00.000000000,0.552,0.0,0.0,0.14400000000000002,0.6860793752731723,0.0
111024,2025-08-09T06:00:00.000000000,0.591,0.0,0.0,0.15000000000000002,0.7256439697464222,0.0
111024,2025-08-09T07:00:00.000000000,0.601,0.0,0.0,0.15300000000000002,0.7942226001667222,0.0
111024,2025-08-09T08:00:00.000000000,0.614,0.0,0.0,0.172,1.1347711837068444,0.0
111024,2025-08-09T09:00:00.000000000,0.642,0.0,0.0,0.20500000000000002,0.9794435165155667,0.0
111024,2025-08-09T10:00:00.000000000,0.661,0.0,0.0,0.22999999999999998,0.9047103936216498,0.0
111024,2025-08-09T11:00:00.000000000,0.696,0.0,0.0,0.265,0.3235504614701334,0.0
111024,2025-08-09T12:00:00.000000000,0.9269999999999999,0.0,0.0,0.43,1.7771829695243557,0.0
111024,2025-08-09T13:00:00.000000000,0.8480000000000001,0.0,0.0,0.386,2.0142774652936835,0.0
111024,2025-08-09T14:00:00.000000000,0.7649999999999999,0.0,0.0,0.33399999999999996,0.6758218878171445,0.0
111024,2025-08-09T15:00:00.000000000,0.873,0.0,0.0,0.428,0.07619847824477778,0.0
111024,2025-08-09T16:00:00.000000000,1.193,0.0,0.0,0.629,2.0274656634514336,0.0
111024,2025-08-09T17:00:00.000000000,1.422,0.0,0.0,0.701,3.8193021864844,0.0
111024,2025-08-09T18:00:00.000000000,1.3549999999999998,0.0,0.0,0.618,2.5640787929367725,0.0
111024,2025-08-09T19:00:00.000000000,1.093,0.0,0.0,0.37700000000000006,0.3417208678208111,0.0
111024,2025-08-09T20:00:00.000000000,0.963,0.0,0.0,0.3,0.6919407966766167,0.0
111024,2025-08-09T21:00:00.000000000,0.6950000000000001,0.0,0.0,0.262,0.3355663753471944,0.0
111024,2025-08-09T22:00:00.000000000,0.608,0.0,0.0,0.236,0.692233867746789,0.0
111024,2025-08-09T23:00:00.000000000,0.584,0.0,0.0,0.222,0.0,0.0
111024,2025-08-10T00:00:00.000000000,0.567,0.0,0.0,0.20800000000000002,0.3235504614701334,0.0
111024,2025-08-10T01:00:00.000000000,0.551,0.0,0.0,0.195,0.0,0.0
111024,2025-08-10T02:00:00.000000000,0.539,0.0,0.0,0.186,0.3235504614701334,0.0
111024,2025-08-10T03:00:00.000000000,0.529,0.0,0.0,0.177,0.0,0.0
111024,2025-08-10T04:00:00.000000000,0.509,0.0,0.0,0.16,0.6860793752731723,0.0
111024,2025-08-10T05:00:00.000000000,0.5660000000000001,0.0,0.0,0.15899999999999997,0.6679089689224945,0.0
111024,2025-08-10T06:00:00.000000000,1.057,0.0,0.0,0.221,0.6854932331328278,0.0
111024,2025-08-10T07:00:00.000000000,1.6360000000000001,0.0,0.0,0.30700000000000005,1.5307101995095165,0.0
111024,2025-08-10T08:00:00.000000000,1.128,0.0,0.0,0.419,0.0,0.0
111024,2025-08-10T09:00:00.000000000,0.9550000000000001,0.0,0.0,0.516,0.3235504614701334,0.0
111024,2025-08-10T10:00:00.000000000,1.0670000000000002,0.0,0.0,0.629,1.0579865633217223,0.0
111024,2025-08-10T11:00:00.000000000,1.202,0.0,0.0,0.7609999999999999,1.1529415900575222,0.0
111024,2025-08-10T12:00:00.000000000,1.453,0.0,0.0,0.909,0.8305634128680778,0.0
111024,2025-08-10T13:00:00.000000000,1.479,0.0,0.0,0.935,0.7168518376412556,0.0
111024,2025-08-10T14:00:00.000000000,1.4489999999999998,0.0,0.0,0.982,0.3235504614701334,0.0
111024,2025-08-10T15:00:00.000000000,1.424,0.0,0.0,0.965,0.6743565324662832,0.0
111024,2025-08-10T16:00:00.000000000,1.364,0.0,0.0,0.882,1.2584471753195223,0.0
111024,2025-08-10T17:00:00.000000000,1.468,0.0,0.0,0.844,0.800670163710511,0.0
111024,2025-08-10T18:00:00.000000000,1.8810000000000002,0.0,0.0,0.9129999999999999,3.3410101999633337,0.0
111024,2025-08-10T19:00:00.000000000,2.017,0.0,0.0,0.784,2.559975797954361,0.0
111024,2025-08-10T20:00:00.000000000,1.455,0.0,0.0,0.49,0.9483779830773112,0.0
111024,2025-08-10T21:00:00.000000000,1.03,0.0,0.0,0.342,0.7039567105536777,0.0
111024,2025-08-10T22:00:00.000000000,0.675,0.0,0.0,0.271,0.0,0.0
111024,2025-08-10T23:00:00.000000000,0.611,0.0,0.0,0.251,0.3235504614701334,0.0
111024,2025-08-11T00:00:00.000000000,0.596,0.0,0.0,0.239,0.0,0.0
111024,2025-08-11T01:00:00.000000000,0.584,0.0,0.0,0.228,0.32355046147013333,0.0
111024,2025-08-11T02:00:00.000000000,0.576,0.0,0.0,0.222,0.0,0.0
111024,2025-08-11T03:00:00.000000000,0.57,0.0,0.0,0.218,0.3235504614701334,0.0
111024,2025-08-11T04:00:00.000000000,0.564,0.0,0.0,0.212,0.35930513203114445,0.0
111024,2025-08-11T05:00:00.000000000,0.62,0.0,0.0,0.21,0.681683309220589,0.0
111024,2025-08-11T06:00:00.000000000,0.694,0.0,0.0,0.226,0.8217712807629111,0.0
111024,2025-08-11T07:00:00.000000000,0.844,0.0,0.0,0.29300000000000004,0.7306261779393501,0.0
111024,2025-08-11T08:00:00.000000000,0.875,0.0,0.0,0.346,0.0,0.0
111024,2025-08-11T09:00:00.000000000,1.04,0.0,0.0,0.475,0.33703173069805553,0.0
111024,2025-08-11T10:00:00.000000000,1.0950000000000002,0.0,0.0,0.5760000000000001,0.3235504614701334,0.0
111024,2025-08-11T11:00:00.000000000,1.193,0.0,0.0,0.6719999999999999,0.3235504614701334,0.0
111024,2025-08-11T12:00:00.000000000,1.3010000000000002,0.0,0.0,0.758,0.0,0.0
111024,2025-08-11T13:00:00.000000000,1.3059999999999998,0.0,0.0,0.786,0.6916477256064445,0.0
111024,2025-08-11T14:00:00.000000000,1.27,0.0,0.0,0.8019999999999999,0.44810566629332776,0.0
111024,2025-08-11T15:00:00.000000000,1.677,0.0,0.0,1.05,2.355119119903978,0.0
111024,2025-08-11T16:00:00.000000000,1.393,0.0,0.0,0.7989999999999999,1.1154284930754779,0.0
111024,2025-08-11T17:00:00.000000000,1.351,0.0,0.0,0.706,0.46920678334572774,0.0
111024,2025-08-11T18:00:00.000000000,1.252,0.0,0.0,0.583,0.7367806704129666,0.0
111024,2025-08-11T19:00:00.000000000,1.167,0.0,0.0,0.44999999999999996,1.0582796343918945,0.0
111024,2025-08-11T20:00:00.000000000,1.029,0.0,0.0,0.36200000000000004,0.9006073986392389,0.0
111024,2025-08-11T21:00:00.000000000,0.767,0.0,0.0,0.305,0.5574211754675666,0.0
111024,2025-08-11T22:00:00.000000000,0.651,0.0,0.0,0.28200000000000003,0.3235504614701334,0.0
111024,2025-08-11T23:00:00.000000000,0.632,0.0,0.0,0.271,0.3235504614701334,0.0
111024,2025-08-12T00:00:00.000000000,0.612,0.0,0.0,0.254,0.0,0.0
111024,2025-08-12T01:00:00.000000000,0.597,0.0,0.0,0.242,0.3235504614701334,0.0
111024,2025-08-12T02:00:00.000000000,0.582,0.0,0.0,0.228,0.3235504614701334,0.0
111024,2025-08-12T03:00:00.000000000,0.572,0.0,0.0,0.221,0.0,0.0
111024,2025-08-12T04:00:00.000000000,0.6159999999999999,0.0,0.0,0.237,0.9899940750417667,0.0
111024,2025-08-12T05:00:00.000000000,0.7080000000000001,0.0,0.0,0.264,0.9258115106740501,0.0
111024,2025-08-12T06:00:00.000000000,0.641,0.0,0.0,0.244,0.32355046147013333,0.0
111024,2025-08-12T07:00:00.000000000,0.7289999999999999,0.0,0.0,0.28,0.0,0.0
111024,2025-08-12T08:00:00.000000000,0.9089999999999999,0.0,0.0,0.342,0.8417001135346222,0.0
111024,2025-08-12T09:00:00.000000000,0.882,0.0,0.0,0.302,0.738539096834,0.0
111024,2025-08-12T10:00:00.000000000,0.9319999999999999,0.0,0.0,0.312,0.6576514814664667,0.0
111024,2025-08-12T11:00:00.000000000,1.272,0.0,0.0,0.42700000000000005,5.913001911794756,0.0
111024,2025-08-12T12:00:00.000000000,1.547,0.0,0.0,0.396,1.1192384169877165,0.0
111024,2025-08-12T13:00:00.000000000,1.665,0.0,0.0,0.423,0.6884239438345501,0.0
111024,2025-08-12T14:00:00.000000000,0.839,0.0,0.0,0.424,0.3575467056101111,0.0
111024,2025-08-12T15:00:00.000000000,0.865,0.0,0.0,0.439,0.7309192490095223,0.0
111024,2025-08-12T16:00:00.000000000,0.959,0.0,0.0,0.46,0.3522714263470111,0.0
111024,2025-08-12T17:00:00.000000000,1.12,0.0,0.0,0.482,0.3235504614701334,0.0
111024,2025-08-12T18:00:00.000000000,0.965,0.0,0.0,0.40800000000000003,0.0,0.0
111024,2025-08-12T19:00:00.000000000,0.88,0.0,0.0,0.28500000000000003,1.2352945607759167,0.0
111024,2025-08-12T20:00:00.000000000,1.18,0.0,0.0,0.34700000000000003,3.027717225949228,0.0
111024,2025-08-12T21:00:00.000000000,0.8789999999999999,0.0,0.0,0.21000000000000002,0.3238435325403056,0.0
111024,2025-08-12T22:00:00.000000000,0.681,0.0,0.0,0.17,0.33732480176822777,0.0
111024,2025-08-12T23:00:00.000000000,0.538,0.0,0.0,0.146,0.0,0.0
111024,2025-08-13T00:00:00.000000000,0.483,0.0,0.0,0.124,0.33732480176822777,0.0
111024,2025-08-13T01:00:00.000000000,0.452,0.0,0.0,0.10600000000000001,0.3235504614701334,0.0
111024,2025-08-13T02:00:00.000000000,0.431,0.0,0.0,0.09000000000000001,0.0,0.0
111024,2025-08-13T03:00:00.000000000,0.399,0.0,0.0,0.068,1.6453009879468556,0.0
111024,2025-08-13T04:00:00.000000000,0.417,0.0,0.0,0.065,1.64852476971875,0.0
111024,2025-08-13T05:00:00.000000000,0.53,0.0,0.0,0.077,1.396776720440811,0.0
111024,2025-08-13T06:00:00.000000000,0.6479999999999999,0.0,0.0,0.128,1.188110118478189,0.0
111024,2025-08-13T07:00:00.000000000,0.5780000000000001,0.0,0.0,0.15300000000000002,1.0292655984448444,0.0
111024,2025-08-13T08:00:00.000000000,0.5870000000000001,0.0,0.0,0.183,0.11107393559527222,0.0
111024,2025-08-13T09:00:00.000000000,0.7100000000000001,0.0,0.0,0.242,1.2631363124422776,0.0
111024,2025-08-13T10:00:00.000000000,0.744,0.0,0.0,0.231,0.33732480176822777,0.0
111024,2025-08-13T11:00:00.000000000,0.7010000000000001,0.0,0.0,0.247,1.0453845073043166,0.0
111024,2025-08-13T12:00:00.000000000,0.7709999999999999,0.0,0.0,0.259,0.3730794723292389,0.0
111024,2025-08-13T13:00:00.000000000,0.7170000000000001,0.0,0.0,0.247,0.3235504614701334,0.0
111024,2025-08-13T14:00:00.000000000,0.7549999999999999,0.0,0.0,0.242,0.0,0.0
111024,2025-08-13T15:00:00.000000000,0.7589999999999999,0.0,0.0,0.23,0.3235504614701334,0.0
111024,2025-08-13T16:00:00.000000000,0.8660000000000001,0.0,0.0,0.225,0.33029109608409446,0.0
111024,2025-08-13T17:00:00.000000000,1.304,0.0,0.0,0.23399999999999999,1.5667579411407,0.0
111024,2025-08-13T18:00:00.000000000,0.909,0.0,0.0,0.247,0.6972160759397167,0.0
111024,2025-08-13T19:00:00.000000000,0.962,0.0,0.0,0.248,1.5858075607018944,0.0
111024,2025-08-13T20:00:00.000000000,1.03,0.0,0.0,0.267,1.0342478066377723,0.0
111024,2025-08-13T21:00:00.000000000,0.853,0.0,0.0,0.262,0.8244089203944611,0.0
111024,2025-08-13T22:00:00.000000000,0.7210000000000001,0.0,0.0,0.265,0.3235504614701334,0.0
111024,2025-08-13T23:00:00.000000000,0.617,0.0,0.0,0.255,0.0,0.0
111024,2025-08-14T00:00:00.000000000,0.609,0.0,0.0,0.251,0.33732480176822777,0.0
111024,2025-08-14T01:00:00.000000000,0.605,0.0,0.0,0.249,0.3235504614701334,0.0
111024,2025-08-14T02:00:00.000000000,0.601,0.0,0.0,0.247,0.0,0.0
111024,2025-08-14T03:00:00.000000000,0.592,0.0,0.0,0.241,0.3235504614701334,0.0
111024,2025-08-14T04:00:00.000000000,0.58,0.0,0.0,0.231,0.0,0.0
111024,2025-08-14T05:00:00.000000000,0.659,0.0,0.0,0.233,0.4346243970654056,0.0
111024,2025-08-14T06:00:00.000000000,0.964,0.0,0.0,0.348,2.2214787119054447,0.0
111024,2025-08-14T07:00:00.000000000,1.03,0.0,0.0,0.36300000000000004,1.8738964226811887,0.0
111024,2025-08-14T08:00:00.000000000,1.31,0.0,0.0,0.494,4.9007344354199,0.0
111024,2025-08-14T09:00:00.000000000,1.013,0.0,0.0,0.494,1.4146540557213165,0.0
111024,2025-08-14T10:00:00.000000000,1.221,0.0,0.0,0.704,2.5588035136736726,0.0
111024,2025-08-14T11:00:00.000000000,1.0710000000000002,0.0,0.0,0.602,1.5409676869655444,0.0
111024,2025-08-14T12:00:00.000000000,0.964,0.0,0.0,0.526,0.6893031570450666,0.0
111024,2025-08-14T13:00:00.000000000,0.974,0.0,0.0,0.54,0.33732480176822777,0.0
111024,2025-08-14T14:00:00.000000000,0.993,0.0,0.0,0.556,0.3235504614701334,0.0
111024,2025-08-14T15:00:00.000000000,0.975,0.0,0.0,0.525,0.0,0.0
111024,2025-08-14T16:00:00.000000000,0.9580000000000001,0.0,0.0,0.45999999999999996,0.6893031570450666,0.0
111024,2025-08-14T17:00:00.000000000,1.032,0.0,0.0,0.437,0.33585944641736665,0.0
111024,2025-08-14T18:00:00.000000000,1.28,0.0,0.0,0.38400000000000006,1.14209796046115,0.0
111024,2025-08-14T19:00:00.000000000,1.0,0.0,0.0,0.28400000000000003,1.1163077062859945,0.0
111024,2025-08-14T20:00:00.000000000,1.016,0.0,0.0,0.252,0.6893031570450666,0.0
111024,2025-08-14T21:00:00.000000000,0.7929999999999999,0.0,0.0,0.21899999999999997,0.3235504614701334,0.0
111024,2025-08-14T22:00:00.000000000,0.617,0.0,0.0,0.182,0.0,0.0
111024,2025-08-14T23:00:00.000000000,0.534,0.0,0.0,0.162,0.7731214831143222,0.0
111024,2025-08-15T00:00:00.000000000,0.514,0.0,0.0,0.156,0.3235504614701334,0.0
111024,2025-08-15T01:00:00.000000000,0.498,0.0,0.0,0.144,0.0,0.0
111024,2025-08-15T02:00:00.000000000,0.484,0.0,0.0,0.131,0.33703173069805553,0.0
111024,2025-08-15T03:00:00.000000000,0.46099999999999997,0.0,0.0,0.118,0.011429771736716667,0.0
111024,2025-08-15T04:00:00.000000000,0.444,0.0,0.0,0.096,0.3118276186632445,0.0
111024,2025-08-15T05:00:00.000000000,0.46900000000000003,0.0,0.0,0.092,0.35344371062769997,0.0
111024,2025-08-15T06:00:00.000000000,0.63,0.0,0.0,0.14500000000000002,0.34377236531201666,0.0
111024,2025-08-15T07:00:00.000000000,0.642,0.0,0.0,0.195,1.0620895583041334,0.0
111024,2025-08-15T08:00:00.000000000,0.7090000000000001,0.0,0.0,0.267,0.33703173069805553,0.0
111024,2025-08-15T09:00:00.000000000,0.9039999999999999,0.0,0.0,0.33099999999999996,0.3291188118034055,0.0
111024,2025-08-15T10:00:00.000000000,1.583,0.0,0.0,0.434,2.0139843942235114,0.0
111024,2025-08-15T11:00:00.000000000,0.951,0.0,0.0,0.45499999999999996,1.180197199583539,0.0
111024,2025-08-15T12:00:00.000000000,0.9169999999999999,0.0,0.0,0.46199999999999997,0.33732480176822777,0.0
111024,2025-08-15T13:00:00.000000000,0.94,0.0,0.0,0.46599999999999997,0.8756963576746,0.0
111024,2025-08-15T14:00:00.000000000,0.8300000000000001,0.0,0.0,0.45499999999999996,0.3235504614701334,0.0
111024,2025-08-15T15:00:00.000000000,0.871,0.0,0.0,0.444,0.3683903352064833,0.0
111024,2025-08-15T16:00:00.000000000,0.996,0.0,0.0,0.448,0.3235504614701334,0.0
111024,2025-08-15T17:00:00.000000000,1.053,0.0,0.0,0.41700000000000004,1.1104462848825498,0.0
111024,2025-08-15T18:00:00.000000000,0.972,0.0,0.0,0.309,0.7098181319571223,0.0
111024,2025-08-15T19:00:00.000000000,1.198,0.0,0.0,0.277,0.7063012791150556,0.0
111024,2025-08-15T20:00:00.000000000,1.3079999999999998,0.0,0.0,0.314,1.9090649511018556,0.0
111024,2025-08-15T21:00:00.000000000,1.0839999999999999,0.0,0.0,0.239,1.0708816904093,0.0
111024,2025-08-15T22:00:00.000000000,0.657,0.0,0.0,0.17800000000000002,1.0500736444270722,0.0
111024,2025-08-15T23:00:00.000000000,0.536,0.0,0.0,0.154,0.32325739039996115,0.0
111024,2025-08-16T00:00:00.000000000,0.492,0.0,0.0,0.134,0.0,0.0
111024,2025-08-16T01:00:00.000000000,0.46099999999999997,0.0,0.0,0.11399999999999999,1.0861213860582555,0.0
111024,2025-08-16T02:00:00.000000000,0.443,0.0,0.0,0.101,0.7927572448158612,0.0
111024,2025-08-16T03:00:00.000000000,0.445,0.0,0.0,0.095,0.3235504614701334,0.0
111024,2025-08-16T04:00:00.000000000,0.427,0.0,0.0,0.078,1.6907270038235502,0.0
111024,2025-08-16T05:00:00.000000000,0.507,0.0,0.0,0.066,0.3736656144695833,0.0
111024,2025-08-16T06:00:00.000000000,0.6520000000000001,0.0,0.0,0.09,1.1667159303556167,0.0
111024,2025-08-16T07:00:00.000000000,0.77,0.0,0.0,0.133,0.6875447306240334,0.0
111024,2025-08-16T08:00:00.000000000,1.053,0.0,0.0,0.242,5.952273435197833,0.0
111024,2025-08-16T09:00:00.000000000,0.7480000000000001,0.0,0.0,0.237,1.6751942371044222,0.0
111024,2025-08-16T10:00:00.000000000,0.7,0.0,0.0,0.268,1.040695370181561,0.0
111024,2025-08-16T11:00:00.000000000,0.7329999999999999,0.0,0.0,0.302,0.6790456695890389,0.0
111024,2025-08-16T12:00:00.000000000,0.827,0.0,0.0,0.33599999999999997,0.6784595274486944,0.0
111024,2025-08-16T13:00:00.000000000,0.847,0.0,0.0,0.359,1.0887590256898056,0.0
111024,2025-08-16T14:00:00.000000000,0.77,0.0,0.0,0.358,0.3235504614701334,0.0
111024,2025-08-16T15:00:00.000000000,0.8230000000000001,0.0,0.0,0.358,0.3235504614701334,0.0
111024,2025-08-16T16:00:00.000000000,0.914,0.0,0.0,0.34900000000000003,1.1239275541104723,0.0
111024,2025-08-16T17:00:00.000000000,1.094,0.0,0.0,0.417,2.501947726060261,0.0
111024,2025-08-16T18:00:00.000000000,1.5770000000000002,0.0,0.0,0.498,2.5508905947790224,0.0
111024,2025-08-16T19:00:00.000000000,1.254,0.0,0.0,0.34700000000000003,1.8457615999446555,0.0
111024,2025-08-16T20:00:00.000000000,0.859,0.0,0.0,0.238,0.7083527766062612,0.0
111024,2025-08-16T21:00:00.000000000,0.826,0.0,0.0,0.219,0.3235504614701334,0.0
111024,2025-08-16T22:00:00.000000000,0.565,0.0,0.0,0.194,0.3235504614701334,0.0
111024,2025-08-16T23:00:00.000000000,0.54,0.0,0.0,0.179,0.3522714263470111,0.0
111024,2025-08-17T00:00:00.000000000,0.528,0.0,0.0,0.171,0.3235504614701334,0.0
111024,2025-08-17T01:00:00.000000000,0.519,0.0,0.0,0.163,0.3522714263470111,0.0
111024,2025-08-17T02:00:00.000000000,0.514,0.0,0.0,0.161,0.3235504614701334,0.0
111024,2025-08-17T03:00:00.000000000,0.506,0.0,0.0,0.155,0.0,0.0
111024,2025-08-17T04:00:00.000000000,0.493,0.0,0.0,0.144,0.5946412013794389,0.0
111024,2025-08-17T05:00:00.000000000,0.547,0.0,0.0,0.14,0.46041465124056113,0.0
111024,2025-08-17T06:00:00.000000000,0.598,0.0,0.0,0.157,0.6980952891502332,0.0
111024,2025-08-17T07:00:00.000000000,0.73,0.0,0.0,0.194,0.3235504614701334,0.0
111024,2025-08-17T08:00:00.000000000,0.7070000000000001,0.0,0.0,0.22,0.0,0.0
111024,2025-08-17T09:00:00.000000000,0.687,0.0,0.0,0.25,0.3235504614701334,0.0
111024,2025-08-17T10:00:00.000000000,0.722,0.0,0.0,0.28900000000000003,0.33703173069805553,0.0
111024,2025-08-17T11:00:00.000000000,0.7689999999999999,0.0,0.0,0.33699999999999997,0.3235504614701334,0.0
111024,2025-08-17T12:00:00.000000000,1.056,0.0,0.0,0.372,0.7171449087114277,0.0
111024,2025-08-17T13:00:00.000000000,1.1840000000000002,0.0,0.0,0.527,3.9840081279211885,0.0
111024,2025-08-17T14:00:00.000000000,0.919,0.0,0.0,0.481,2.113628558082067,0.0
111024,2025-08-17T15:00:00.000000000,0.988,0.0,0.0,0.496,0.6931130809573055,0.0
111024,2025-08-17T16:00:00.000000000,1.127,0.0,0.0,0.504,1.0594519186725833,0.0
111024,2025-08-17T17:00:00.000000000,1.252,0.0,0.0,0.594,1.5477083215795058,0.0
111024,2025-08-17T18:00:00.000000000,1.1689999999999998,0.0,0.0,0.502,1.5043338031940166,0.0
111024,2025-08-17T19:00:00.000000000,1.137,0.0,0.0,0.41800000000000004,0.3235504614701334,0.0
111024,2025-08-17T20:00:00.000000000,1.106,0.0,0.0,0.342,0.6758218878171445,0.0
111024,2025-08-17T21:00:00.000000000,0.787,0.0,0.0,0.306,0.3680972641363111,0.0
111024,2025-08-17T22:00:00.000000000,0.6950000000000001,0.0,0.0,0.292,0.3235504614701334,0.0
111024,2025-08-17T23:00:00.000000000,0.635,0.0,0.0,0.274,0.33703173069805553,0.0
111024,2025-08-18T00:00:00.000000000,0.615,0.0,0.0,0.257,0.3235504614701334,0.0
111024,2025-08-18T01:00:00.000000000,0.607,0.0,0.0,0.25,0.0,0.0
111024,2025-08-18T02:00:00.000000000,0.595,0.0,0.0,0.242,0.3235504614701334,0.0
111024,2025-08-18T03:00:00.000000000,0.578,0.0,0.0,0.226,0.0,0.0
111024,2025-08-18T04:00:00.000000000,0.554,0.0,0.0,0.20400000000000001,0.7156795533605668,0.0
111024,2025-08-18T05:00:00.000000000,0.6110000000000001,0.0,0.0,0.20099999999999998,0.8660250123589168,0.0
111024,2025-08-18T06:00:00.000000000,0.7349999999999999,0.0,0.0,0.226,0.8674903677097778,0.0
111024,2025-08-18T07:00:00.000000000,0.933,0.0,0.0,0.352,2.081976882503467,0.0
111024,2025-08-18T08:00:00.000000000,0.9089999999999999,0.0,0.0,0.367,1.0705886193391279,0.0
111024,2025-08-18T09:00:00.000000000,0.855,0.0,0.0,0.395,0.7057151369747111,0.0
111024,2025-08-18T10:00:00.000000000,0.824,0.0,0.0,0.45,0.6919407966766167,0.0
111024,2025-08-18T11:00:00.000000000,0.863,0.0,0.0,0.507,0.8241158493242888,0.0
111024,2025-08-18T12:00:00.000000000,0.961,0.0,0.0,0.543,1.069416335058439,0.0
111024,2025-08-18T13:00:00.000000000,1.013,0.0,0.0,0.5770000000000001,0.3235504614701334,0.0
111024,2025-08-18T14:00:00.000000000,1.091,0.0,0.0,0.6519999999999999,0.0,0.0
111024,2025-08-18T15:00:00.000000000,1.335,0.0,0.0,0.796,0.8417001135346223,0.0
111024,2025-08-18T16:00:00.000000000,1.338,0.0,0.0,0.7589999999999999,0.49060097146829995,0.0
111024,2025-08-18T17:00:00.000000000,1.371,0.0,0.0,0.7280000000000001,0.19049619561194445,0.0
111024,2025-08-18T18:00:00.000000000,1.2149999999999999,0.0,0.0,0.549,0.6895962281152388,0.0
111024,2025-08-18T19:00:00.000000000,1.16,0.0,0.0,0.44399999999999995,0.3235504614701334,0.0
111024,2025-08-18T20:00:00.000000000,1.093,0.0,0.0,0.332,1.1892824027588778,0.0
111024,2025-08-18T21:00:00.000000000,0.8660000000000001,0.0,0.0,0.291,0.33732480176822777,0.0
111024,2025-08-18T22:00:00.000000000,0.6990000000000001,0.0,0.0,0.253,0.3578397766802834,0.0
111024,2025-08-18T23:00:00.000000000,0.615,0.0,0.0,0.23399999999999999,0.3235504614701334,0.0
111024,2025-08-19T00:00:00.000000000,0.572,0.0,0.0,0.214,0.0,0.0
111024,2025-08-19T01:00:00.000000000,0.559,0.0,0.0,0.204,0.3235504614701334,0.0
111024,2025-08-19T02:00:00.000000000,0.55,0.0,0.0,0.195,0.0,0.0
111024,2025-08-19T03:00:00.000000000,0.531,0.0,0.0,0.188,0.3235504614701334,0.0
111024,2025-08-19T04:00:00.000000000,0.539,0.0,0.0,0.184,0.3572536345399389,0.0
111024,2025-08-19T05:00:00.000000000,0.6370000000000001,0.0,0.0,0.181,0.6787525985188667,0.0
111024,2025-08-19T06:00:00.000000000,0.766,0.0,0.0,0.22399999999999998,0.8803854947973556,0.0
111024,2025-08-19T07:00:00.000000000,0.768,0.0,0.0,0.23199999999999998,1.107808645251,0.0
111024,2025-08-19T08:00:00.000000000,0.786,0.0,0.0,0.278,1.1945576820219777,0.0
111024,2025-08-19T09:00:00.000000000,0.978,0.0,0.0,0.43599999999999994,1.545363753018128,0.0
111024,2025-08-19T10:00:00.000000000,0.9610000000000001,0.0,0.0,0.432,1.9383720581190778,0.0
111024,2025-08-19T11:00:00.000000000,1.059,0.0,0.0,0.455,1.0389369437605278,0.0
111024,2025-08-19T12:00:00.000000000,1.4909999999999999,0.0,0.0,0.721,5.262677207082595,0.0
111024,2025-08-19T13:00:00.000000000,1.822,0.0,0.0,0.865,7.266111042779905,0.0
111024,2025-08-19T14:00:00.000000000,1.504,0.0,0.0,0.741,2.7062182619703,0.0
111024,2025-08-19T15:00:00.000000000,1.408,0.0,0.0,0.596,0.6928200098871333,0.0
111024,2025-08-19T16:00:00.000000000,1.408,0.0,0.0,0.624,2.55059752370885,0.0
111024,2025-08-19T17:00:00.000000000,1.52,0.0,0.0,0.5780000000000001,1.557379666895189,0.0
111024,2025-08-19T18:00:00.000000000,1.189,0.0,0.0,0.44999999999999996,0.6872516595538611,0.0
111024,2025-08-19T19:00:00.000000000,1.065,0.0,0.0,0.35300000000000004,1.5184012145622832,0.0
111024,2025-08-19T20:00:00.000000000,1.0870000000000002,0.0,0.0,0.326,0.7092319898167777,0.0
111024,2025-08-19T21:00:00.000000000,0.992,0.0,0.0,0.381,1.0368854462693222,0.0
111024,2025-08-19T22:00:00.000000000,0.712,0.0,0.0,0.289,0.3235504614701334,0.0
111024,2025-08-19T23:00:00.000000000,0.633,0.0,0.0,0.272,0.32677424324202775,0.0
111024,2025-08-20T00:00:00.000000000,0.618,0.0,0.0,0.261,0.0,0.0
111024,2025-08-20T01:00:00.000000000,0.605,0.0,0.0,0.248,0.3235504614701334,0.0
111024,2025-08-20T02:00:00.000000000,0.591,0.0,0.0,0.236,0.0,0.0
111024,2025-08-20T03:00:00.000000000,0.574,0.0,0.0,0.222,0.3235504614701334,0.0
111024,2025-08-20T04:00:00.000000000,0.549,0.0,0.0,0.197,0.36545962450476116,0.0
111024,2025-08-20T05:00:00.000000000,0.5890000000000001,0.0,0.0,0.178,0.6840278777819667,0.0
111024,2025-08-20T06:00:00.000000000,0.669,0.0,0.0,0.184,0.0,0.0
111024,2025-08-20T07:00:00.000000000,0.634,0.0,0.0,0.188,0.3235504614701334,0.0
111024,2025-08-20T08:00:00.000000000,0.6719999999999999,0.0,0.0,0.20500000000000002,0.43462439706540557,0.0
111024,2025-08-20T09:00:00.000000000,0.819,0.0,0.0,0.268,0.9258115106740501,0.0
111024,2025-08-20T10:00:00.000000000,0.8310000000000001,0.0,0.0,0.29400000000000004,0.9899940750417668,0.0
111024,2025-08-20T11:00:00.000000000,1.0230000000000001,0.0,0.0,0.451,3.317857585419728,0.0
111024,2025-08-20T12:00:00.000000000,1.0190000000000001,0.0,0.0,0.505,3.1446525829479444,0.0
111024,2025-08-20T13:00:00.000000000,0.8,0.0,0.0,0.36200000000000004,1.056228136900689,0.0
111024,2025-08-20T14:00:00.000000000,0.9800000000000001,0.0,0.0,0.441,1.602512611701711,0.0
111024,2025-08-20T15:00:00.000000000,1.14,0.0,0.0,0.528,3.253968092122183,0.0
111024,2025-08-20T16:00:00.000000000,0.938,0.0,0.0,0.396,0.6482732072209556,0.0
111024,2025-08-20T17:00:00.000000000,1.052,0.0,0.0,0.337,0.6805110249399,0.0
111024,2025-08-20T18:00:00.000000000,1.085,0.0,0.0,0.315,2.997237834651316,0.0
111024,2025-08-20T19:00:00.000000000,0.829,0.0,0.0,0.243,1.4659414930014556,0.0
111024,2025-08-20T20:00:00.000000000,0.99,0.0,0.0,0.223,1.0582796343918943,0.0
111024,2025-08-20T21:00:00.000000000,0.8759999999999999,0.0,0.0,0.20500000000000002,0.3235504614701334,0.0
111024,2025-08-20T22:00:00.000000000,0.5780000000000001,0.0,0.0,0.17600000000000002,0.33732480176822777,0.0
111024,2025-08-20T23:00:00.000000000,0.519,0.0,0.0,0.159,0.0,0.0
111024,2025-08-21T00:00:00.000000000,0.505,0.0,0.0,0.147,0.6605821921681889,0.0
111024,2025-08-21T01:00:00.000000000,0.496,0.0,0.0,0.14,0.0,0.0
111024,2025-08-21T02:00:00.000000000,0.487,0.0,0.0,0.132,0.3235504614701334,0.0
111024,2025-08-21T03:00:00.000000000,0.476,0.0,0.0,0.125,0.34230700996115554,0.0
111024,2025-08-21T04:00:00.000000000,0.492,0.0,0.0,0.128,0.11107393559527222,0.0
111024,2025-08-21T05:00:00.000000000,0.5860000000000001,0.0,0.0,0.145,1.6124770280875667,0.0
111024,2025-08-21T06:00:00.000000000,0.6030000000000001,0.0,0.0,0.096,0.7822066862896612,0.0
111024,2025-08-21T07:00:00.000000000,0.633,0.0,0.0,0.098,0.3569605634697667,0.0
111024,2025-08-21T08:00:00.000000000,0.59,0.0,0.0,0.082,2.424283892464622,0.0
111024,2025-08-21T09:00:00.000000000,0.519,0.0,0.0,0.08399999999999999,0.3235504614701334,0.0
111024,2025-08-21T10:00:00.000000000,0.512,0.0,0.0,0.082,1.5365716209129612,0.0
111024,2025-08-21T11:00:00.000000000,0.516,0.0,0.0,0.08399999999999999,0.3522714263470111,0.0
111024,2025-08-21T12:00:00.000000000,0.525,0.0,0.0,0.095,0.33732480176822777,0.0
111024,2025-08-21T13:00:00.000000000,0.541,0.0,0.0,0.11,0.0,0.0
111024,2025-08-21T14:00:00.000000000,0.549,0.0,0.0,0.11699999999999999,0.6758218878171445,0.0
111024,2025-08-21T15:00:00.000000000,0.5650000000000001,0.0,0.0,0.123,0.705715136974711,0.0
111024,2025-08-21T16:00:00.000000000,0.688,0.0,0.0,0.186,1.3742102480375502,0.0
111024,2025-08-21T17:00:00.000000000,0.655,0.0,0.0,0.139,0.3522714263470111,0.0
111024,2025-08-21T18:00:00.000000000,0.768,0.0,0.0,0.137,0.35549520811890556,0.0
111024,2025-08-21T19:00:00.000000000,0.86,0.0,0.0,0.14500000000000002,0.7567095031846778,0.0
111024,2025-08-21T20:00:00.000000000,0.7670000000000001,0.0,0.0,0.148,0.7206617615534945,0.0
111024,2025-08-21T21:00:00.000000000,0.795,0.0,0.0,0.157,1.1107393559527223,0.0
111024,2025-08-21T22:00:00.000000000,0.5770000000000001,0.0,0.0,0.152,0.0,0.0
111024,2025-08-21T23:00:00.000000000,0.513,0.0,0.0,0.151,0.33732480176822777,0.0
111024,2025-08-22T00:00:00.000000000,0.506,0.0,0.0,0.148,0.33703173069805553,0.0
111024,2025-08-22T01:00:00.000000000,0.495,0.0,0.0,0.14,0.0,0.0
111024,2025-08-22T02:00:00.000000000,0.485,0.0,0.0,0.135,0.3235504614701334,0.0
111024,2025-08-22T03:00:00.000000000,0.482,0.0,0.0,0.133,0.0,0.0
111024,2025-08-22T04:00:00.000000000,0.474,0.0,0.0,0.124,0.6799248827995557,0.0
111024,2025-08-22T05:00:00.000000000,0.619,0.0,0.0,0.142,1.3906222279671945,0.0
111024,2025-08-22T06:00:00.000000000,0.841,0.0,0.0,0.22999999999999998,2.993134839668906,0.0
111024,2025-08-22T07:00:00.000000000,0.5609999999999999,0.0,0.0,0.137,0.04777058443807222,0.0
111024,2025-08-22T08:00:00.000000000,0.49,0.0,0.0,0.134,0.3235504614701334,0.0
111024,2025-08-22T09:00:00.000000000,0.514,0.0,0.0,0.16099999999999998,0.3522714263470111,0.0
111024,2025-08-22T10:00:00.000000000,0.55,0.0,0.0,0.20099999999999998,0.6895962281152388,0.0
111024,2025-08-22T11:00:00.000000000,0.7649999999999999,0.0,0.0,0.29600000000000004,1.3742102480375498,0.0
111024,2025-08-22T12:00:00.000000000,0.7130000000000001,0.0,0.0,0.281,0.3235504614701334,0.0
111024,2025-08-22T13:00:00.000000000,0.726,0.0,0.0,0.296,0.0,0.0
111024,2025-08-22T14:00:00.000000000,0.7330000000000001,0.0,0.0,0.301,0.3235504614701334,0.0
111024,2025-08-22T15:00:00.000000000,0.7349999999999999,0.0,0.0,0.292,0.0,0.0
111024,2025-08-22T16:00:00.000000000,0.887,0.0,0.0,0.267,0.6854932331328278,0.0
111024,2025-08-22T17:00:00.000000000,1.457,0.0,0.0,0.273,1.894704468663417,0.0
111024,2025-08-22T18:00:00.000000000,0.949,0.0,0.0,0.257,1.2100904487411055,0.0
111024,2025-08-22T19:00:00.000000000,0.951,0.0,0.0,0.236,1.1145492798649612,0.0
111024,2025-08-22T20:00:00.000000000,0.977,0.0,0.0,0.214,0.71480034015005,0.0
111024,2025-08-22T21:00:00.000000000,0.7709999999999999,0.0,0.0,0.197,0.32355046147013333,0.0
111024,2025-08-22T22:00:00.000000000,0.646,0.0,0.0,0.179,1.0691232639882668,0.0
111024,2025-08-22T23:00:00.000000000,0.5700000000000001,0.0,0.0,0.177,0.0,0.0
111024,2025-08-23T00:00:00.000000000,0.532,0.0,0.0,0.17200000000000001,0.3235504614701334,0.0
111024,2025-08-23T01:00:00.000000000,0.521,0.0,0.0,0.166,0.0,0.0
111024,2025-08-23T02:00:00.000000000,0.516,0.0,0.0,0.162,0.3235504614701334,0.0
111024,2025-08-23T03:00:00.000000000,0.505,0.0,0.0,0.153,0.33732480176822777,0.0
111024,2025-08-23T04:00:00.000000000,0.5850000000000001,0.0,0.0,0.193,1.0368854462693222,0.0
111024,2025-08-23T05:00:00.000000000,0.552,0.0,0.0,0.14300000000000002,0.3235504614701334,0.0
111024,2025-08-23T06:00:00.000000000,0.601,0.0,0.0,0.138,0.7074735633957444,0.0
111024,2025-08-23T07:00:00.000000000,0.7129999999999999,0.0,0.0,0.177,0.3423070099611556,0.0
111024,2025-08-23T08:00:00.000000000,0.6880000000000001,0.0,0.0,0.224,0.0,0.0
111024,2025-08-23T09:00:00.000000000,0.7029999999999998,0.0,0.0,0.267,1.0474360047955222,0.0
111024,2025-08-23T10:00:00.000000000,0.666,0.0,0.0,0.297,0.7467450867988222,0.0
111024,2025-08-23T11:00:00.000000000,0.801,0.0,0.0,0.305,0.33703173069805553,0.0
111024,2025-08-23T12:00:00.000000000,0.781,0.0,0.0,0.302,1.1338919704963277,0.0
111024,2025-08-23T13:00:00.000000000,1.35,0.0,0.0,0.46299999999999997,7.2482337074994,0.0
111024,2025-08-23T14:00:00.000000000,1.073,0.0,0.0,0.4059999999999999,2.6106770930941554,0.0
111024,2025-08-23T15:00:00.000000000,0.908,0.0,0.0,0.356,0.0,0.0
111024,2025-08-23T16:00:00.000000000,0.9119999999999999,0.0,0.0,0.324,0.3235504614701334,0.0
111024,2025-08-23T17:00:00.000000000,0.9289999999999999,0.0,0.0,0.297,0.33732480176822777,0.0
111024,2025-08-23T18:00:00.000000000,0.9299999999999999,0.0,0.0,0.268,0.33703173069805553,0.0
111024,2025-08-23T19:00:00.000000000,0.957,0.0,0.0,0.242,0.3235504614701334,0.0
111024,2025-08-23T20:00:00.000000000,0.879,0.0,0.0,0.21100000000000002,0.0,0.0
111024,2025-08-23T21:00:00.000000000,0.7070000000000001,0.0,0.0,0.181,0.6746496035364555,0.0
111024,2025-08-23T22:00:00.000000000,0.532,0.0,0.0,0.16,0.3522714263470111,0.0
111024,2025-08-23T23:00:00.000000000,0.511,0.0,0.0,0.149,0.3235504614701334,0.0
111024,2025-08-24T00:00:00.000000000,0.494,0.0,0.0,0.136,0.0,0.0
111024,2025-08-24T01:00:00.000000000,0.46799999999999997,0.0,0.0,0.11199999999999999,0.3235504614701334,0.0
111024,2025-08-24T02:00:00.000000000,0.447,0.0,0.0,0.093,0.0,0.0
111024,2025-08-24T03:00:00.000000000,0.478,0.0,0.0,0.10900000000000001,0.9899940750417667,0.0
111024,2025-08-24T04:00:00.000000000,0.54,0.0,0.0,0.134,2.153486223625489,0.0
111024,2025-08-24T05:00:00.000000000,0.532,0.0,0.0,0.06,0.34904764457511667,0.0
111024,2025-08-24T06:00:00.000000000,0.7599999999999999,0.0,0.0,0.133,1.7267747454547333,0.0
111024,2025-08-24T07:00:00.000000000,0.7709999999999999,0.0,0.0,0.20400000000000001,3.0417846373174946,0.0
111024,2025-08-24T08:00:00.000000000,0.726,0.0,0.0,0.218,1.304459333336561,0.0
111024,2025-08-24T09:00:00.000000000,0.687,0.0,0.0,0.251,1.067950979707578,0.0
111024,2025-08-24T10:00:00.000000000,0.746,0.0,0.0,0.29500000000000004,0.8422862556749667,0.0
111024,2025-08-24T11:00:00.000000000,0.821,0.0,0.0,0.329,1.0574004211813777,0.0
111024,2025-08-24T12:00:00.000000000,0.854,0.0,0.0,0.34299999999999997,0.66732282678215,0.0
111024,2025-08-24T13:00:00.000000000,0.772,0.0,0.0,0.341,0.007619847824477778,0.0
111024,2025-08-24T14:00:00.000000000,0.762,0.0,0.0,0.331,0.3235504614701334,0.0
111024,2025-08-24T15:00:00.000000000,0.884,0.0,0.0,0.372,0.0,0.0
111024,2025-08-24T16:00:00.000000000,0.875,0.0,0.0,0.406,0.3235504614701334,0.0
111024,2025-08-24T17:00:00.000000000,0.858,0.0,0.0,0.342,1.1810764127940556,0.0
111024,2025-08-24T18:00:00.000000000,0.9329999999999999,0.0,0.0,0.3,0.33732480176822777,0.0
111024,2025-08-24T19:00:00.000000000,0.9259999999999999,0.0,0.0,0.255,0.7740006963248389,0.0
111024,2025-08-24T20:00:00.000000000,0.794,0.0,0.0,0.218,0.7045428526940222,0.0
111024,2025-08-24T21:00:00.000000000,0.6809999999999999,0.0,0.0,0.18500000000000003,0.33732480176822777,0.0
111024,2025-08-24T22:00:00.000000000,0.522,0.0,0.0,0.152,0.3235504614701334,0.0
111024,2025-08-24T23:00:00.000000000,0.487,0.0,0.0,0.126,0.3235504614701334,0.0
111024,2025-08-25T00:00:00.000000000,0.46299999999999997,0.0,0.0,0.10600000000000001,0.0,0.0
111024,2025-08-25T01:00:00.000000000,0.443,0.0,0.0,0.09000000000000001,0.3235504614701334,0.0
111024,2025-08-25T02:00:00.000000000,0.426,0.0,0.0,0.073,0.0,0.0
111024,2025-08-25T03:00:00.000000000,0.411,0.0,0.0,0.062,0.3235504614701334,0.0
111024,2025-08-25T04:00:00.000000000,0.4,0.0,0.0,0.048,0.3610635584521778,0.0
111024,2025-08-25T05:00:00.000000000,0.437,0.0,0.0,0.027,0.7004398577116111,0.0
111024,2025-08-25T06:00:00.000000000,0.44,0.0,0.0,0.064,0.3235504614701334,0.0
111024,2025-08-25T07:00:00.000000000,0.5640000000000001,0.0,0.0,0.139,0.0,0.0
111024,2025-08-25T08:00:00.000000000,0.63,0.0,0.0,0.207,0.3235504614701334,0.0
111024,2025-08-25T09:00:00.000000000,0.661,0.0,0.0,0.245,1.5140051485096997,0.0
111024,2025-08-25T10:00:00.000000000,0.716,0.0,0.0,0.28500000000000003,0.7133349847991889,0.0
111024,2025-08-25T11:00:00.000000000,0.762,0.0,0.0,0.309,1.0635549136549944,0.0
111024,2025-08-25T12:00:00.000000000,0.835,0.0,0.0,0.323,1.5260210623867612,0.0
111024,2025-08-25T13:00:00.000000000,0.859,0.0,0.0,0.35,0.7197825483429778,0.0
111024,2025-08-25T14:00:00.000000000,0.981,0.0,0.0,0.424,0.3235504614701334,0.0
111024,2025-08-25T15:00:00.000000000,1.149,0.0,0.0,0.46499999999999997,1.169646641057339,0.0
111024,2025-08-25T16:00:00.000000000,1.6800000000000002,0.0,0.0,0.637,7.587903077829006,0.0
111024,2025-08-25T17:00:00.000000000,1.6,0.0,0.0,0.583,7.679341251722739,0.0
111024,2025-08-25T18:00:00.000000000,1.543,0.0,0.0,0.44899999999999995,7.484448990058212,0.0
111024,2025-08-25T19:00:00.000000000,1.4729999999999999,0.0,0.0,0.289,6.606408063822234,0.0
111024,2025-08-25T20:00:00.000000000,1.1019999999999999,0.0,0.0,0.245,0.6878378016942055,0.0
111024,2025-08-25T21:00:00.000000000,1.0110000000000001,0.0,0.0,0.199,0.6942853652379944,0.0
111024,2025-08-25T22:00:00.000000000,0.665,0.0,0.0,0.157,0.6755288167469722,0.0
111024,2025-08-25T23:00:00.000000000,0.488,0.0,0.0,0.127,0.0,0.0
111024,2025-08-26T00:00:00.000000000,0.46099999999999997,0.0,0.0,0.10300000000000001,0.3235504614701334,0.0
111024,2025-08-26T01:00:00.000000000,0.438,0.0,0.0,0.082,0.0,0.0
111024,2025-08-26T02:00:00.000000000,0.419,0.0,0.0,0.065,0.32325739039996115,0.0
111024,2025-08-26T03:00:00.000000000,0.401,0.0,0.0,0.05,0.0,0.0
111024,2025-08-26T04:00:00.000000000,0.394,0.0,0.0,0.042,0.3235504614701334,0.0
111024,2025-08-26T05:00:00.000000000,0.387,0.0,0.0,0.020999999999999998,0.0,0.0
111024,2025-08-26T06:00:00.000000000,0.465,0.0,0.0,0.059,1.6039779670525722,0.0
111024,2025-08-26T07:00:00.000000000,0.735,0.0,0.0,0.186,1.3657111870025556,0.0
111024,2025-08-26T08:00:00.000000000,0.7569999999999999,0.0,0.0,0.22999999999999998,0.34230700996115554,0.0
111024,2025-08-26T09:00:00.000000000,0.82,0.0,0.0,0.30100000000000005,0.34318622317167224,0.0
111024,2025-08-26T10:00:00.000000000,1.036,0.0,0.0,0.361,1.1341850415665,0.0
111024,2025-08-26T11:00:00.000000000,0.842,0.0,0.0,0.409,0.6564791971857777,0.0
111024,2025-08-26T12:00:00.000000000,0.868,0.0,0.0,0.434,0.0,0.0
111024,2025-08-26T13:00:00.000000000,0.885,0.0,0.0,0.452,0.3235504614701334,0.0
111024,2025-08-26T14:00:00.000000000,1.051,0.0,0.0,0.5700000000000001,1.545363753018128,0.0
111024,2025-08-26T15:00:00.000000000,1.147,0.0,0.0,0.615,1.0368854462693222,0.0
111024,2025-08-26T16:00:00.000000000,1.158,0.0,0.0,0.5710000000000001,1.7988702287171,0.0
111024,2025-08-26T17:00:00.000000000,0.958,0.0,0.0,0.472,0.6746496035364555,0.0
111024,2025-08-26T18:00:00.000000000,0.761,0.0,0.0,0.337,0.3522714263470111,0.0
111024,2025-08-26T19:00:00.000000000,0.909,0.0,0.0,0.276,0.32325739039996115,0.0
111024,2025-08-26T20:00:00.000000000,1.005,0.0,0.0,0.243,0.6878378016942055,0.0
111024,2025-08-26T21:00:00.000000000,0.8459999999999999,0.0,0.0,0.20900000000000002,1.0969650156546278,0.0
111024,2025-08-26T22:00:00.000000000,0.613,0.0,0.0,0.18000000000000002,1.5737916468248334,0.0
111024,2025-08-26T23:00:00.000000000,0.543,0.0,0.0,0.171,0.03809923912238889,0.0
111024,2025-08-27T00:00:00.000000000,0.519,0.0,0.0,0.16,0.6919407966766167,0.0
111024,2025-08-27T01:00:00.000000000,0.509,0.0,0.0,0.153,0.3522714263470111,0.0
111024,2025-08-27T02:00:00.000000000,0.49,0.0,0.0,0.137,0.6758218878171445,0.0
111024,2025-08-27T03:00:00.000000000,0.46699999999999997,0.0,0.0,0.123,1.5805322814387943,0.0
111024,2025-08-27T04:00:00.000000000,0.488,0.0,0.0,0.127,0.7133349847991889,0.0
111024,2025-08-27T05:00:00.000000000,0.54,0.0,0.0,0.13,0.721247903693839,0.0
111024,2025-08-27T06:00:00.000000000,0.546,0.0,0.0,0.15200000000000002,0.0,0.0
111024,2025-08-27T07:00:00.000000000,0.63,0.0,0.0,0.184,0.3235504614701334,0.0
111024,2025-08-27T08:00:00.000000000,0.7309999999999999,0.0,0.0,0.223,1.0896382389003223,0.0
111024,2025-08-27T09:00:00.000000000,0.817,0.0,0.0,0.345,1.7291193140161112,0.0
111024,2025-08-27T10:00:00.000000000,0.7709999999999999,0.0,0.0,0.33899999999999997,0.32355046147013333,0.0
111024,2025-08-27T11:00:00.000000000,0.7949999999999999,0.0,0.0,0.363,0.3686834062766556,0.0
111024,2025-08-27T12:00:00.000000000,0.841,0.0,0.0,0.407,0.6758218878171445,0.0
111024,2025-08-27T13:00:00.000000000,0.869,0.0,0.0,0.436,0.0,0.0
111024,2025-08-27T14:00:00.000000000,0.879,0.0,0.0,0.444,0.7060082080448833,0.0
111024,2025-08-27T15:00:00.000000000,0.933,0.0,0.0,0.48,0.8132722197279167,0.0
111024,2025-08-27T16:00:00.000000000,1.361,0.0,0.0,0.655,1.818505990418639,0.0
111024,2025-08-27T17:00:00.000000000,1.0270000000000001,0.0,0.0,0.44999999999999996,0.5005653878541555,0.0
111024,2025-08-27T18:00:00.000000000,1.005,0.0,0.0,0.341,2.273352291325928,0.0
111024,2025-08-27T19:00:00.000000000,0.9079999999999999,0.0,0.0,0.279,0.7734145541844945,0.0
111024,2025-08-27T20:00:00.000000000,0.8180000000000001,0.0,0.0,0.242,0.3235504614701334,0.0
111024,2025-08-27T21:00:00.000000000,0.7109999999999999,0.0,0.0,0.216,0.7101112030272945,0.0
111024,2025-08-27T22:00:00.000000000,0.639,0.0,0.0,0.202,0.3235504614701334,0.0
111024,2025-08-27T23:00:00.000000000,0.5700000000000001,0.0,0.0,0.188,0.0,0.0
111024,2025-08-28T00:00:00.000000000,0.538,0.0,0.0,0.178,0.3235504614701334,0.0
111024,2025-08-28T01:00:00.000000000,0.521,0.0,0.0,0.167,0.0,0.0
111024,2025-08-28T02:00:00.000000000,0.515,0.0,0.0,0.161,0.7376598836234833,0.0
111024,2025-08-28T03:00:00.000000000,0.509,0.0,0.0,0.158,0.0,0.0
111024,2025-08-28T04:00:00.000000000,0.501,0.0,0.0,0.152,0.6476870650806112,0.0
111024,2025-08-28T05:00:00.000000000,0.556,0.0,0.0,0.149,0.36633883771527775,0.0
111024,2025-08-28T06:00:00.000000000,0.6669999999999999,0.0,0.0,0.16199999999999998,0.36135662952235004,0.0
111024,2025-08-28T07:00:00.000000000,0.624,0.0,0.0,0.176,0.3235504614701334,0.0
111024,2025-08-28T08:00:00.000000000,1.112,0.0,0.0,0.219,0.33263566464547223,0.0
111024,2025-08-28T09:00:00.000000000,0.7470000000000001,0.0,0.0,0.248,1.5512251744215724,0.0
111024,2025-08-28T10:00:00.000000000,0.7149999999999999,0.0,0.0,0.28300000000000003,0.6869585884836888,0.0
111024,2025-08-28T11:00:00.000000000,0.7749999999999999,0.0,0.0,0.30400000000000005,3.014529027791478,0.0
111024,2025-08-28T12:00:00.000000000,0.844,0.0,0.0,0.348,1.019301182058989,0.0
111024,2025-08-28T13:00:00.000000000,1.076,0.0,0.0,0.46599999999999997,1.446891873440261,0.0
111024,2025-08-28T14:00:00.000000000,0.7689999999999999,0.0,0.0,0.414,1.1385811076190833,0.0
111024,2025-08-28T15:00:00.000000000,0.835,0.0,0.0,0.428,0.8320287682189389,0.0
111024,2025-08-28T16:00:00.000000000,1.0539999999999998,0.0,0.0,0.473,1.7074320548233666,0.0
111024,2025-08-28T17:00:00.000000000,1.139,0.0,0.0,0.389,0.6916477256064445,0.0
111024,2025-08-28T18:00:00.000000000,1.118,0.0,0.0,0.315,1.1640782907240668,0.0
111024,2025-08-28T19:00:00.000000000,1.2149999999999999,0.0,0.0,0.42,3.319029869700417,0.0
111024,2025-08-28T20:00:00.000000000,1.0670000000000002,0.0,0.0,0.29200000000000004,1.1072225031106555,0.0
111024,2025-08-28T21:00:00.000000000,0.883,0.0,0.0,0.245,0.33732480176822777,0.0
111024,2025-08-28T22:00:00.000000000,0.622,0.0,0.0,0.219,0.33732480176822777,0.0
111024,2025-08-28T23:00:00.000000000,0.566,0.0,0.0,0.205,0.3235504614701334,0.0
111024,2025-08-29T00:00:00.000000000,0.559,0.0,0.0,0.2,0.0,0.0
111024,2025-08-29T01:00:00.000000000,0.548,0.0,0.0,0.192,0.3235504614701334,0.0
111024,2025-08-29T02:00:00.000000000,0.526,0.0,0.0,0.18100000000000002,0.7842581837808668,0.0
111024,2025-08-29T03:00:00.000000000,0.512,0.0,0.0,0.172,0.37425175660992777,0.0
111024,2025-08-29T04:00:00.000000000,0.522,0.0,0.0,0.167,0.6986814312905778,0.0
111024,2025-08-29T05:00:00.000000000,0.5670000000000001,0.0,0.0,0.157,1.09462044709325,0.0
111024,2025-08-29T06:00:00.000000000,0.605,0.0,0.0,0.164,1.5330547680708944,0.0
111024,2025-08-29T07:00:00.000000000,0.517,0.0,0.0,0.161,2.0265864502409165,0.0
111024,2025-08-29T08:00:00.000000000,0.6010000000000001,0.0,0.0,0.181,1.5436053265970946,0.0
111024,2025-08-29T09:00:00.000000000,0.6909999999999998,0.0,0.0,0.193,1.5245557070359,0.0
111024,2025-08-29T10:00:00.000000000,0.728,0.0,0.0,0.214,0.3595982031013167,0.0
111024,2025-08-29T11:00:00.000000000,0.8079999999999999,0.0,0.0,0.23399999999999999,0.7045428526940223,0.0
111024,2025-08-29T12:00:00.000000000,0.786,0.0,0.0,0.235,0.3235504614701334,0.0
111024,2025-08-29T13:00:00.000000000,1.077,0.0,0.0,0.263,1.22122714940765,0.0
111024,2025-08-29T14:00:00.000000000,0.873,0.0,0.0,0.23600000000000002,2.7794860295133557,0.0
111024,2025-08-29T15:00:00.000000000,0.98,0.0,0.0,0.245,4.275027700602205,0.0
111024,2025-08-29T16:00:00.000000000,0.784,0.0,0.0,0.218,0.7596402138864,0.0
111024,2025-08-29T17:00:00.000000000,0.802,0.0,0.0,0.201,0.33732480176822777,0.0
111024,2025-08-29T18:00:00.000000000,0.7149999999999999,0.0,0.0,0.191,0.0,0.0
111024,2025-08-29T19:00:00.000000000,0.64,0.0,0.0,0.17500000000000002,0.6761149588873168,0.0
111024,2025-08-29T20:00:00.000000000,0.8,0.0,0.0,0.169,0.8950390483059666,0.0
111024,2025-08-29T21:00:00.000000000,0.968,0.0,0.0,0.186,0.6769941720978334,0.0
111024,2025-08-29T22:00:00.000000000,0.634,0.0,0.0,0.166,0.3525644974171834,0.0
111024,2025-08-29T23:00:00.000000000,0.538,0.0,0.0,0.156,0.3235504614701334,0.0
111024,2025-08-30T00:00:00.000000000,0.508,0.0,0.0,0.15,0.0,0.0
111024,2025-08-30T01:00:00.000000000,0.5,0.0,0.0,0.144,0.3235504614701334,0.0
111024,2025-08-30T02:00:00.000000000,0.493,0.0,0.0,0.139,0.0,0.0
111024,2025-08-30T03:00:00.000000000,0.485,0.0,0.0,0.134,0.3235504614701334,0.0
111024,2025-08-30T04:00:00.000000000,0.478,0.0,0.0,0.12,0.8481476770784112,0.0
111024,2025-08-30T05:00:00.000000000,0.59,0.0,0.0,0.14300000000000002,1.3915014411777111,0.0
111024,2025-08-30T06:00:00.000000000,0.5680000000000001,0.0,0.0,0.128,0.32355046147013333,0.0
111024,2025-08-30T07:00:00.000000000,0.599,0.0,0.0,0.151,0.36077048738200557,0.0
111024,2025-08-30T08:00:00.000000000,0.598,0.0,0.0,0.155,1.0688301929180946,0.0
111024,2025-08-30T09:00:00.000000000,0.606,0.0,0.0,0.16899999999999998,1.5043338031940168,0.0
111024,2025-08-30T10:00:00.000000000,0.647,0.0,0.0,0.217,0.3235504614701334,0.0
111024,2025-08-30T11:00:00.000000000,0.7,0.0,0.0,0.269,0.07473312289391666,0.0
111024,2025-08-30T12:00:00.000000000,0.75,0.0,0.0,0.318,0.25174804927793887,0.0
111024,2025-08-30T13:00:00.000000000,0.879,0.0,0.0,0.37,0.3525644974171834,0.0
111024,2025-08-30T14:00:00.000000000,0.926,0.0,0.0,0.412,0.33732480176822777,0.0
111024,2025-08-30T15:00:00.000000000,0.916,0.0,0.0,0.385,0.3235504614701334,0.0
111024,2025-08-30T16:00:00.000000000,1.0310000000000001,0.0,0.0,0.42599999999999993,1.3894499436865053,0.0
111024,2025-08-30T17:00:00.000000000,0.964,0.0,0.0,0.331,0.6608752632383612,0.0
111024,2025-08-30T18:00:00.000000000,0.955,0.0,0.0,0.293,0.33732480176822777,0.0
111024,2025-08-30T19:00:00.000000000,0.974,0.0,0.0,0.259,0.6898892991854111,0.0
111024,2025-08-30T20:00:00.000000000,0.998,0.0,0.0,0.23399999999999999,0.3235504614701334,0.0
111024,2025-08-30T21:00:00.000000000,0.8439999999999999,0.0,0.0,0.20500000000000002,0.33732480176822777,0.0
111024,2025-08-30T22:00:00.000000000,0.635,0.0,0.0,0.17600000000000002,0.0,0.0
111024,2025-08-30T23:00:00.000000000,0.555,0.0,0.0,0.153,0.3235504614701334,0.0
111024,2025-08-31T00:00:00.000000000,0.49,0.0,0.0,0.13,0.0,0.0
111024,2025-08-31T01:00:00.000000000,0.456,0.0,0.0,0.11,0.3235504614701334,0.0
111024,2025-08-31T02:00:00.000000000,0.436,0.0,0.0,0.095,0.0,0.0
111024,2025-08-31T03:00:00.000000000,0.421,0.0,0.0,0.073,0.7171449087114279,0.0
111024,2025-08-31T04:00:00.000000000,0.41000000000000003,0.0,0.0,0.057999999999999996,0.6904754413257556,0.0
111024,2025-08-31T05:00:00.000000000,0.394,0.0,0.0,0.033,0.766087777430189,0.0
111024,2025-08-31T06:00:00.000000000,0.425,0.0,0.0,0.068,0.7379529546936555,0.0
111024,2025-08-31T07:00:00.000000000,0.491,0.0,0.0,0.134,0.0,0.0
111024,2025-08-31T08:00:00.000000000,0.557,0.0,0.0,0.20099999999999998,0.3235504614701334,0.0
111024,2025-08-31T09:00:00.000000000,0.631,0.0,0.0,0.278,0.0,0.0
111024,2025-08-31T10:00:00.000000000,0.69,0.0,0.0,0.34099999999999997,0.3235504614701334,0.0
111024,2025-08-31T11:00:00.000000000,0.9259999999999999,0.0,0.0,0.474,0.5181496520644889,0.0
111024,2025-08-31T12:00:00.000000000,0.874,0.0,0.0,0.441,0.3235504614701334,0.0
111024,2025-08-31T13:00:00.000000000,1.55,0.0,0.0,0.479,0.5289932816608611,0.0
111024,2025-08-31T14:00:00.000000000,1.307,0.0,0.0,0.472,0.47477513367900004,0.0
111024,2025-08-31T15:00:00.000000000,0.894,0.0,0.0,0.448,0.33204952250512776,0.0
111024,2025-08-31T16:00:00.000000000,0.892,0.0,0.0,0.422,1.5046268742641888,0.0
111024,2025-08-31T17:00:00.000000000,1.028,0.0,0.0,0.41900000000000004,0.6761149588873168,0.0
111024,2025-08-31T18:00:00.000000000,1.0,0.0,0.0,0.338,0.7745868384651833,0.0
111024,2025-08-31T19:00:00.000000000,1.0,0.0,0.0,0.285,1.1268582648121945,0.0
111024,2025-08-31T20:00:00.000000000,1.062,0.0,0.0,0.255,1.1447356000927,0.0
111024,2025-08-31T21:00:00.000000000,0.8999999999999999,0.0,0.0,0.22999999999999998,1.0163704713572668,0.0
111024,2025-08-31T22:00:00.000000000,0.653,0.0,0.0,0.196,0.3414277967506389,0.0
111024,2025-08-31T23:00:00.000000000,0.529,0.0,0.0,0.167,0.33732480176822777,0.0
111024,2025-09-01T00:00:00.000000000,0.502,0.0,0.0,0.14400000000000002,0.0,0.0
111024,2025-09-01T01:00:00.000000000,0.479,0.0,0.0,0.123,0.3235504614701334,0.0
111024,2025-09-01T02:00:00.000000000,0.455,0.0,0.0,0.101,0.0,0.0
111024,2025-09-01T03:00:00.000000000,0.433,0.0,0.0,0.082,0.3235504614701334,0.0
111024,2025-09-01T04:00:00.000000000,0.42,0.0,0.0,0.07,0.0,0.0
111024,2025-09-01T05:00:00.000000000,0.443,0.0,0.0,0.061,0.3235504614701334,0.0
111024,2025-09-01T06:00:00.000000000,0.524,0.0,0.0,0.08,0.7534857214127834,0.0
111024,2025-09-01T07:00:00.000000000,0.5840000000000001,0.0,0.0,0.107,0.3745448276801,0.0
111024,2025-09-01T08:00:00.000000000,0.732,0.0,0.0,0.138,1.0304378827255334,0.0
111024,2025-09-01T09:00:00.000000000,0.8680000000000001,0.0,0.0,0.192,2.330208078939339,0.0
111024,2025-09-01T10:00:00.000000000,0.9669999999999999,0.0,0.0,0.23099999999999998,3.889639243325733,0.0
111024,2025-09-01T11:00:00.000000000,0.74,0.0,0.0,0.217,1.0500736444270722,0.0
111024,2025-09-01T12:00:00.000000000,0.825,0.0,0.0,0.228,0.6860793752731722,0.0
111024,2025-09-01T13:00:00.000000000,1.517,0.0,0.0,0.248,1.4172916953528667,0.0
111024,2025-09-01T14:00:00.000000000,1.0030000000000001,0.0,0.0,0.254,0.7004398577116111,0.0
111024,2025-09-01T15:00:00.000000000,0.79,0.0,0.0,0.245,1.0474360047955222,0.0
111024,2025-09-01T16:00:00.000000000,0.696,0.0,0.0,0.215,1.0755708275320555,0.0
111024,2025-09-01T17:00:00.000000000,0.7210000000000001,0.0,0.0,0.18000000000000002,1.0582796343918945,0.0
111024,2025-09-01T18:00:00.000000000,0.7249999999999999,0.0,0.0,0.166,0.81503064614895,0.0
111024,2025-09-01T19:00:00.000000000,0.734,0.0,0.0,0.153,0.6898892991854111,0.0
111024,2025-09-01T20:00:00.000000000,0.7229999999999999,0.0,0.0,0.134,1.0664856243567167,0.0
111024,2025-09-01T21:00:00.000000000,0.651,0.0,0.0,0.126,0.3235504614701334,0.0
111024,2025-09-01T22:00:00.000000000,0.55,0.0,0.0,0.118,0.3525644974171834,0.0
111024,2025-09-01T23:00:00.000000000,0.49,0.0,0.0,0.119,0.0,0.0
111024,2025-09-02T00:00:00.000000000,0.476,0.0,0.0,0.118,0.3235504614701334,0.0
111024,2025-09-02T01:00:00.000000000,0.472,0.0,0.0,0.116,0.3235504614701334,0.0
111024,2025-09-02T02:00:00.000000000,0.469,0.0,0.0,0.116,0.0,0.0
111024,2025-09-02T03:00:00.000000000,0.468,0.0,0.0,0.116,0.3235504614701334,0.0
111024,2025-09-02T04:00:00.000000000,0.465,0.0,0.0,0.116,0.2813482273653333,0.0
111024,2025-09-02T05:00:00.000000000,0.473,0.0,0.0,0.11,0.0422022341048,0.0
111024,2025-09-02T06:00:00.000000000,0.494,0.0,0.0,0.11099999999999999,0.4768266311702056,0.0
111024,2025-09-02T07:00:00.000000000,0.52,0.0,0.0,0.114,0.5594726729587722,0.0
111024,2025-09-02T08:00:00.000000000,0.54,0.0,0.0,0.115,0.3232573903999611,0.0
111024,2025-09-02T09:00:00.000000000,0.635,0.0,0.0,0.126,0.7095250608869501,0.0
111024,2025-09-02T10:00:00.000000000,0.64,0.0,0.0,0.137,1.0702955482689558,0.0
111024,2025-09-02T11:00:00.000000000,0.593,0.0,0.0,0.155,0.7971533108684445,0.0
111024,2025-09-02T12:00:00.000000000,0.8300000000000001,0.0,0.0,0.268,2.0160358917147168,0.0
111024,2025-09-02T13:00:00.000000000,0.736,0.0,0.0,0.248,1.2411559821793612,0.0
111024,2025-09-02T14:00:00.000000000,0.7430000000000001,0.0,0.0,0.217,1.0512459287077611,0.0
111024,2025-09-02T15:00:00.000000000,0.839,0.0,0.0,0.221,0.8692487941308111,0.0
111024,2025-09-02T16:00:00.000000000,0.9029999999999999,0.0,0.0,0.226,0.8721795048325334,0.0
111024,2025-09-02T17:00:00.000000000,0.612,0.0,0.0,0.18200000000000002,0.6854932331328277,0.0
111024,2025-09-02T18:00:00.000000000,0.878,0.0,0.0,0.187,1.7355668775599,0.0
111024,2025-09-02T19:00:00.000000000,1.019,0.0,0.0,0.189,1.8551398741901666,0.0
111024,2025-09-02T20:00:00.000000000,1.0379999999999998,0.0,0.0,0.194,0.3510991420663222,0.0
111024,2025-09-02T21:00:00.000000000,0.8150000000000001,0.0,0.0,0.18,0.3235504614701334,0.0
111024,2025-09-02T22:00:00.000000000,0.595,0.0,0.0,0.163,0.33732480176822777,0.0
111024,2025-09-02T23:00:00.000000000,0.541,0.0,0.0,0.16,0.33732480176822777,0.0
111024,2025-09-03T00:00:00.000000000,0.52,0.0,0.0,0.159,0.3235504614701334,0.0
111024,2025-09-03T01:00:00.000000000,0.516,0.0,0.0,0.16,0.0,0.0
111024,2025-09-03T02:00:00.000000000,0.513,0.0,0.0,0.159,0.3235504614701334,0.0
111024,2025-09-03T03:00:00.000000000,0.509,0.0,0.0,0.156,0.0,0.0
111024,2025-09-03T04:00:00.000000000,0.504,0.0,0.0,0.155,0.3235504614701334,0.0
111024,2025-09-03T05:00:00.000000000,0.549,0.0,0.0,0.152,0.8217712807629112,0.0
111024,2025-09-03T06:00:00.000000000,0.728,0.0,0.0,0.186,0.7303331068691777,0.0
111024,2025-09-03T07:00:00.000000000,0.6940000000000001,0.0,0.0,0.175,0.0,0.0
111024,2025-09-03T08:00:00.000000000,0.675,0.0,0.0,0.182,0.3235504614701334,0.0
111024,2025-09-03T09:00:00.000000000,0.634,0.0,0.0,0.192,0.0,0.0
111024,2025-09-03T10:00:00.000000000,0.6970000000000001,0.0,0.0,0.216,0.7751729806055278,0.0
111024,2025-09-03T11:00:00.000000000,0.965,0.0,0.0,0.244,0.7092319898167778,0.0
111024,2025-09-03T12:00:00.000000000,1.0310000000000001,0.0,0.0,0.266,0.97856430330505,0.0
111024,2025-09-03T13:00:00.000000000,0.792,0.0,0.0,0.273,0.7060082080448833,0.0
111024,2025-09-03T14:00:00.000000000,0.7230000000000001,0.0,0.0,0.262,0.7168518376412556,0.0
111024,2025-09-03T15:00:00.000000000,1.276,0.0,0.0,0.363,2.6314851390763834,0.0
111024,2025-09-03T16:00:00.000000000,1.367,0.0,0.0,0.44999999999999996,5.767931732059505,0.0
111024,2025-09-03T17:00:00.000000000,1.29,0.0,0.0,0.332,3.420139388909834,0.0
111024,2025-09-03T18:00:00.000000000,1.18,0.0,0.0,0.279,0.41528170643403883,0.0
111024,2025-09-03T19:00:00.000000000,1.418,0.0,0.0,0.265,1.8964628950844498,0.0
111024,2025-09-03T20:00:00.000000000,0.9180000000000001,0.0,0.0,0.22499999999999998,1.8504507370674113,0.0
111024,2025-09-03T21:00:00.000000000,0.722,0.0,0.0,0.195,1.1772664888818167,0.0
111024,2025-09-03T22:00:00.000000000,0.659,0.0,0.0,0.194,0.33732480176822777,0.0
111024,2025-09-03T23:00:00.000000000,0.5630000000000001,0.0,0.0,0.18,0.0,0.0
111024,2025-09-04T00:00:00.000000000,0.531,0.0,0.0,0.17200000000000001,0.3235504614701334,0.0
111024,2025-09-04T01:00:00.000000000,0.521,0.0,0.0,0.166,0.3235504614701334,0.0
111024,2025-09-04T02:00:00.000000000,0.517,0.0,0.0,0.162,0.0,0.0
111024,2025-09-04T03:00:00.000000000,0.508,0.0,0.0,0.156,0.3235504614701334,0.0
111024,2025-09-04T04:00:00.000000000,0.498,0.0,0.0,0.14600000000000002,0.7312123200796945,0.0
111024,2025-09-04T05:00:00.000000000,0.5730000000000001,0.0,0.0,0.144,1.1494247372154556,0.0
111024,2025-09-04T06:00:00.000000000,0.634,0.0,0.0,0.14500000000000002,0.6875447306240334,0.0
111024,2025-09-04T07:00:00.000000000,0.594,0.0,0.0,0.14400000000000002,0.7060082080448833,0.0
111024,2025-09-04T08:00:00.000000000,0.608,0.0,0.0,0.16,0.17232578926126665,0.0
111024,2025-09-04T09:00:00.000000000,0.623,0.0,0.0,0.182,0.5034960985558778,0.0
111024,2025-09-04T10:00:00.000000000,0.6619999999999999,0.0,0.0,0.221,0.4346243970654056,0.0
111024,2025-09-04T11:00:00.000000000,0.788,0.0,0.0,0.318,1.3317149428625779,0.0
111024,2025-09-04T12:00:00.000000000,0.7789999999999999,0.0,0.0,0.34199999999999997,0.3235504614701334,0.0
111024,2025-09-04T13:00:00.000000000,0.947,0.0,0.0,0.446,0.6898892991854111,0.0
111024,2025-09-04T14:00:00.000000000,0.982,0.0,0.0,0.54,0.3235504614701334,0.0
111024,2025-09-04T15:00:00.000000000,1.0310000000000001,0.0,0.0,0.573,0.8159098593594666,0.0
111024,2025-09-04T16:00:00.000000000,1.1460000000000001,0.0,0.0,0.599,0.7051289948343668,0.0
111024,2025-09-04T17:00:00.000000000,1.5710000000000002,0.0,0.0,0.621,0.6854932331328278,0.0
111024,2025-09-04T18:00:00.000000000,1.468,0.0,0.0,0.538,2.0699609686264058,0.0
111024,2025-09-04T19:00:00.000000000,1.4009999999999998,0.0,0.0,0.41900000000000004,0.0,0.0
111024,2025-09-04T20:00:00.000000000,0.9279999999999999,0.0,0.0,0.28500000000000003,1.1283236201630555,0.0
111024,2025-09-04T21:00:00.000000000,0.676,0.0,0.0,0.241,0.0,0.0
111024,2025-09-04T22:00:00.000000000,0.575,0.0,0.0,0.20500000000000002,0.6708396796242166,0.0
111024,2025-09-04T23:00:00.000000000,0.546,0.0,0.0,0.184,0.3235504614701334,0.0
111024,2025-09-05T00:00:00.000000000,0.521,0.0,0.0,0.166,0.0,0.0
111024,2025-09-05T01:00:00.000000000,0.503,0.0,0.0,0.147,0.7177310508517722,0.0
111024,2025-09-05T02:00:00.000000000,0.484,0.0,0.0,0.139,0.3461169338733945,0.0
111024,2025-09-05T03:00:00.000000000,0.479,0.0,0.0,0.131,0.3235504614701334,0.0
111024,2025-09-05T04:00:00.000000000,0.46799999999999997,0.0,0.0,0.12,0.0,0.0
111024,2025-09-05T05:00:00.000000000,0.47700000000000004,0.0,0.0,0.099,0.3235504614701334,0.0
111024,2025-09-05T06:00:00.000000000,0.637,0.0,0.0,0.121,1.2391044846881556,0.0
111024,2025-09-05T07:00:00.000000000,0.7620000000000001,0.0,0.0,0.238,1.4811811886504112,0.0
111024,2025-09-05T08:00:00.000000000,0.681,0.0,0.0,0.23299999999999998,0.6998537155712666,0.0
111024,2025-09-05T09:00:00.000000000,0.708,0.0,0.0,0.266,1.1127908534439277,0.0
111024,2025-09-05T10:00:00.000000000,0.73,0.0,0.0,0.293,0.8156167882892944,0.0
111024,2025-09-05T11:00:00.000000000,0.7389999999999999,0.0,0.0,0.301,1.0339547355676,0.0
111024,2025-09-05T12:00:00.000000000,0.7489999999999999,0.0,0.0,0.312,0.7165587665710833,0.0
111024,2025-09-05T13:00:00.000000000,0.77,0.0,0.0,0.334,0.29600178087394446,0.0
111024,2025-09-05T14:00:00.000000000,0.782,0.0,0.0,0.344,0.7523134371320944,0.0
111024,2025-09-05T15:00:00.000000000,1.044,0.0,0.0,0.472,2.5590965847438447,0.0
111024,2025-09-05T16:00:00.000000000,1.1880000000000002,0.0,0.0,0.5389999999999999,1.81205842687485,0.0
111024,2025-09-05T17:00:00.000000000,1.1219999999999999,0.0,0.0,0.441,0.6972160759397167,0.0
111024,2025-09-05T18:00:00.000000000,1.054,0.0,0.0,0.324,0.7065943501852278,0.0
111024,2025-09-05T19:00:00.000000000,1.0350000000000001,0.0,0.0,0.253,0.3235504614701334,0.0
111024,2025-09-05T20:00:00.000000000,1.1550000000000002,0.0,0.0,0.191,0.0,0.0
111024,2025-09-05T21:00:00.000000000,0.9950000000000001,0.0,0.0,0.14300000000000002,4.315764579356145,0.0
111024,2025-09-05T22:00:00.000000000,1.046,0.0,0.0,0.121,6.882774082994639,0.0
111024,2025-09-05T23:00:00.000000000,0.862,0.0,0.0,0.108,6.2758238966679665,0.0
111024,2025-09-06T00:00:00.000000000,0.46099999999999997,0.0,0.0,0.10300000000000001,0.35285756848735556,0.0
111024,2025-09-06T01:00:00.000000000,0.444,0.0,0.0,0.08800000000000001,0.3235504614701334,0.0
111024,2025-09-06T02:00:00.000000000,0.421,0.0,0.0,0.067,0.0,0.0
111024,2025-09-06T03:00:00.000000000,0.41900000000000004,0.045,0.0,0.030999999999999996,0.7197825483429778,0.0
111024,2025-09-06T04:00:00.000000000,0.428,0.048,0.0,0.007,1.1271513358823666,0.0
111024,2025-09-06T05:00:00.000000000,0.518,0.103,0.0,0.0,0.7054220659045389,0.0
111024,2025-09-06T06:00:00.000000000,0.615,0.037,0.0,0.048,1.1652505750047557,0.0
111024,2025-09-06T07:00:00.000000000,0.5640000000000001,0.0,0.0,0.09,0.7150934112202222,0.0
111024,2025-09-06T08:00:00.000000000,0.602,0.0,0.0,0.15400000000000003,0.7098181319571222,0.0
111024,2025-09-06T09:00:00.000000000,0.647,0.0,0.0,0.205,1.0248695323922612,0.0
111024,2025-09-06T10:00:00.000000000,0.687,0.0,0.0,0.25,0.5796945768006556,0.0
111024,2025-09-06T11:00:00.000000000,0.65,0.0,0.0,0.277,0.4651037883633167,0.0
111024,2025-09-06T12:00:00.000000000,0.648,0.0,0.0,0.296,0.7109904162378111,0.0
111024,2025-09-06T13:00:00.000000000,0.667,0.0,0.0,0.315,1.0439191519534554,0.0
111024,2025-09-06T14:00:00.000000000,0.8049999999999999,0.0,0.0,0.383,0.11107393559527222,0.0
111024,2025-09-06T15:00:00.000000000,1.173,0.0,0.0,0.635,3.4019689825591555,0.0
111024,2025-09-06T16:00:00.000000000,1.4089999999999998,0.0,0.0,0.694,2.8929045336700057,0.0
111024,2025-09-06T17:00:00.000000000,1.397,0.0,0.0,0.5439999999999999,1.1781457020923334,0.0
111024,2025-09-06T18:00:00.000000000,1.17,0.0,0.0,0.313,0.7461589446584778,0.0
111024,2025-09-06T19:00:00.000000000,1.004,0.0,0.0,0.22299999999999998,0.6901823702555834,0.0
111024,2025-09-06T20:00:00.000000000,0.972,0.0,0.0,0.17700000000000002,0.33732480176822777,0.0
111024,2025-09-06T21:00:00.000000000,0.5700000000000001,0.0,0.0,0.134,0.0,0.0
111024,2025-09-06T22:00:00.000000000,0.475,0.0,0.0,0.10300000000000001,0.3235504614701334,0.0
111024,2025-09-06T23:00:00.000000000,0.437,0.0,0.0,0.076,0.7224201879745278,0.0
111024,2025-09-07T00:00:00.000000000,0.419,0.0,0.0,0.062,0.3235504614701334,0.0
111024,2025-09-07T01:00:00.000000000,0.403,0.0,0.0,0.046000000000000006,0.0,0.0
111024,2025-09-07T02:00:00.000000000,0.415,0.034,0.0,0.029,0.3235504614701334,0.0
111024,2025-09-07T03:00:00.000000000,0.415,0.048,0.0,0.017,0.3235504614701334,0.0
111024,2025-09-07T04:00:00.000000000,0.406,0.048,0.0,0.008,0.0,0.0
111024,2025-09-07T05:00:00.000000000,0.517,0.075,0.0,0.0,0.3235504614701334,0.0
111024,2025-09-07T06:00:00.000000000,0.621,0.022,0.0,0.032,1.0817253200056722,0.0
111024,2025-09-07T07:00:00.000000000,0.547,0.0,0.0,0.098,0.0,0.0
111024,2025-09-07T08:00:00.000000000,0.717,0.0,0.0,0.22799999999999998,1.545363753018128,0.0
111024,2025-09-07T09:00:00.000000000,0.9309999999999999,0.0,0.0,0.411,2.2214787119054447,0.0
111024,2025-09-07T10:00:00.000000000,0.778,0.0,0.0,0.374,1.3097346125996612,0.0
111024,2025-09-07T11:00:00.000000000,0.82,0.0,0.0,0.424,0.3235504614701334,0.0
111024,2025-09-07T12:00:00.000000000,0.913,0.0,0.0,0.472,0.0,0.0
111024,2025-09-07T13:00:00.000000000,1.0219999999999998,0.0,0.0,0.5630000000000001,0.8417001135346223,0.0
111024,2025-09-07T14:00:00.000000000,1.0190000000000001,0.0,0.0,0.576,0.3376178728384,0.0
111024,2025-09-07T15:00:00.000000000,1.065,0.0,0.0,0.606,0.6761149588873167,0.0
111024,2025-09-07T16:00:00.000000000,1.06,0.0,0.0,0.572,0.32355046147013333,0.0
111024,2025-09-07T17:00:00.000000000,1.2,0.0,0.0,0.513,0.35285756848735556,0.0
111024,2025-09-07T18:00:00.000000000,1.105,0.0,0.0,0.37300000000000005,0.7760521938160445,0.0
111024,2025-09-07T19:00:00.000000000,1.062,0.0,0.0,0.28,0.3376178728384,0.0
111024,2025-09-07T20:00:00.000000000,1.034,0.0,0.0,0.238,0.3376178728384,0.0
111024,2025-09-07T21:00:00.000000000,0.841,0.0,0.0,0.20500000000000002,0.6931130809573056,0.0
111024,2025-09-07T22:00:00.000000000,0.596,0.0,0.0,0.17200000000000001,0.3376178728384,0.0
111024,2025-09-07T23:00:00.000000000,0.516,0.0,0.0,0.154,0.0,0.0
111024,2025-09-08T00:00:00.000000000,0.496,0.0,0.0,0.139,0.35285756848735556,0.0
111024,2025-09-08T01:00:00.000000000,0.487,0.0,0.0,0.13,0.3235504614701334,0.0
111024,2025-09-08T02:00:00.000000000,0.476,0.0,0.0,0.122,0.3235504614701334,0.0
111024,2025-09-08T03:00:00.000000000,0.469,0.0,0.0,0.11699999999999999,0.0,0.0
111024,2025-09-08T04:00:00.000000000,0.458,0.0,0.0,0.10600000000000001,0.3235504614701334,0.0
111024,2025-09-08T05:00:00.000000000,0.451,0.0,0.0,0.085,0.0,0.0
111024,2025-09-08T06:00:00.000000000,0.472,0.0,0.0,0.11,0.32355046147013333,0.0
111024,2025-09-08T07:00:00.000000000,0.6070000000000001,0.0,0.0,0.174,0.11107393559527222,0.0
111024,2025-09-08T08:00:00.000000000,0.962,0.0,0.0,0.367,2.545029173375578,0.0
111024,2025-09-08T09:00:00.000000000,1.017,0.0,0.0,0.502,2.3255189418165836,0.0
111024,2025-09-08T10:00:00.000000000,0.958,0.0,0.0,0.454,0.9079341753935445,0.0
111024,2025-09-08T11:00:00.000000000,1.0590000000000002,0.0,0.0,0.531,0.20632203340124444,0.0
111024,2025-09-08T12:00:00.000000000,1.0230000000000001,0.0,0.0,0.558,0.6608752632383612,0.0
111024,2025-09-08T13:00:00.000000000,1.134,0.0,0.0,0.609,1.0811391778653276,0.0
111024,2025-09-08T14:00:00.000000000,1.219,0.0,0.0,0.685,0.33732480176822777,0.0
111024,2025-09-08T15:00:00.000000000,1.238,0.0,0.0,0.6819999999999999,0.6931130809573056,0.0
111024,2025-09-08T16:00:00.000000000,1.258,0.0,0.0,0.655,0.3235504614701334,0.0
111024,2025-09-08T17:00:00.000000000,1.254,0.0,0.0,0.5680000000000001,0.3235504614701334,0.0
111024,2025-09-08T18:00:00.000000000,1.148,0.0,0.0,0.41700000000000004,1.4700444879838668,0.0
111024,2025-09-08T19:00:00.000000000,1.077,0.0,0.0,0.297,0.7068874212553999,0.0
111024,2025-09-08T20:00:00.000000000,1.109,0.0,0.0,0.267,0.35813284775045556,0.0
111024,2025-09-08T21:00:00.000000000,0.889,0.0,0.0,0.23199999999999998,0.3235504614701334,0.0
111024,2025-09-08T22:00:00.000000000,0.597,0.0,0.0,0.195,0.3235504614701334,0.0
111024,2025-09-08T23:00:00.000000000,0.537,0.0,0.0,0.176,0.6764080299574889,0.0
111024,2025-09-09T00:00:00.000000000,0.516,0.0,0.0,0.157,0.0,0.0
111024,2025-09-09T01:00:00.000000000,0.492,0.0,0.0,0.137,0.3232573903999611,0.0
111024,2025-09-09T02:00:00.000000000,0.489,0.0,0.0,0.135,0.0,0.0
111024,2025-09-09T03:00:00.000000000,0.478,0.0,0.0,0.127,0.3235504614701334,0.0
111024,2025-09-09T04:00:00.000000000,0.483,0.0,0.0,0.12,0.3637011980837278,0.0
111024,2025-09-09T05:00:00.000000000,0.5710000000000001,0.0,0.0,0.108,1.598702687789472,0.0
111024,2025-09-09T06:00:00.000000000,0.5800000000000001,0.0,0.0,0.133,0.3343940910665056,0.0
111024,2025-09-09T07:00:00.000000000,0.539,0.0,0.0,0.181,0.3235504614701334,0.0
111024,2025-09-09T08:00:00.000000000,0.616,0.0,0.0,0.259,0.0,0.0
111024,2025-09-09T09:00:00.000000000,0.694,0.0,0.0,0.34099999999999997,1.3991212890021891,0.0
111024,2025-09-09T10:00:00.000000000,0.882,0.0,0.0,0.46299999999999997,0.7057151369747111,0.0
111024,2025-09-09T11:00:00.000000000,1.033,0.0,0.0,0.5900000000000001,0.0,0.0
111024,2025-09-09T12:00:00.000000000,1.163,0.0,0.0,0.7170000000000001,0.3235504614701334,0.0
111024,2025-09-09T13:00:00.000000000,1.2790000000000001,0.0,0.0,0.833,0.0,0.0
111024,2025-09-09T14:00:00.000000000,1.342,0.0,0.0,0.891,0.3235504614701334,0.0
111024,2025-09-09T15:00:00.000000000,1.268,0.0,0.0,0.876,0.3235504614701334,0.0
111024,2025-09-09T16:00:00.000000000,1.214,0.0,0.0,0.833,1.2364668450566056,0.0
111024,2025-09-09T17:00:00.000000000,1.283,0.0,0.0,0.76,1.1236344830403002,0.0
111024,2025-09-09T18:00:00.000000000,1.123,0.0,0.0,0.553,0.11107393559527222,0.0
111024,2025-09-09T19:00:00.000000000,1.3439999999999999,0.0,0.0,0.525,1.285995855915711,0.0
111024,2025-09-09T20:00:00.000000000,1.146,0.0,0.0,0.35200000000000004,0.0,0.0
111024,2025-09-09T21:00:00.000000000,0.8640000000000001,0.0,0.0,0.28800000000000003,0.6758218878171446,0.0
111024,2025-09-09T22:00:00.000000000,0.676,0.0,0.0,0.242,1.5749639311055221,0.0
111024,2025-09-09T23:00:00.000000000,0.595,0.0,0.0,0.223,0.3235504614701334,0.0
111024,2025-09-10T00:00:00.000000000,0.56,0.0,0.0,0.203,0.3235504614701334,0.0
111024,2025-09-10T01:00:00.000000000,0.544,0.0,0.0,0.188,0.0,0.0
111024,2025-09-10T02:00:00.000000000,0.532,0.0,0.0,0.177,0.3531506395575278,0.0
111024,2025-09-10T03:00:00.000000000,0.518,0.0,0.0,0.166,0.3235504614701334,0.0
111024,2025-09-10T04:00:00.000000000,0.503,0.0,0.0,0.15,0.0,0.0
111024,2025-09-10T05:00:00.000000000,0.519,0.0,0.0,0.14100000000000001,0.6471009229402668,0.0
111024,2025-09-10T06:00:00.000000000,0.702,0.0,0.0,0.171,0.8261673468154945,0.0
111024,2025-09-10T07:00:00.000000000,1.542,0.0,0.0,0.365,2.899645168283967,0.0
111024,2025-09-10T08:00:00.000000000,1.4180000000000001,0.0,0.0,0.487,3.362404388085906,0.0
111024,2025-09-10T09:00:00.000000000,0.952,0.0,0.0,0.484,0.3382040149787444,0.0
111024,2025-09-10T10:00:00.000000000,0.993,0.0,0.0,0.55,0.6752357456768,0.0
111024,2025-09-10T11:00:00.000000000,1.06,0.0,0.0,0.616,0.6136908209406333,0.0
111024,2025-09-10T12:00:00.000000000,1.0990000000000002,0.0,0.0,0.654,0.8771617130254611,0.0
111024,2025-09-10T13:00:00.000000000,1.141,0.0,0.0,0.6969999999999998,0.7394183100445167,0.0
111024,2025-09-10T14:00:00.000000000,1.184,0.0,0.0,0.712,0.4346243970654056,0.0
111024,2025-09-10T15:00:00.000000000,1.557,0.0,0.0,0.95,3.7038321848365445,0.0
111024,2025-09-10T16:00:00.000000000,1.317,0.0,0.0,0.7469999999999999,1.6388534244030668,0.0
111024,2025-09-10T17:00:00.000000000,1.2429999999999999,0.0,0.0,0.656,0.0,0.0
111024,2025-09-10T18:00:00.000000000,1.4860000000000002,0.0,0.0,0.683,2.1148008423627553,0.0
111024,2025-09-10T19:00:00.000000000,1.352,0.0,0.0,0.533,1.226209357600578,0.0
111024,2025-09-10T20:00:00.000000000,1.208,0.0,0.0,0.36100000000000004,0.3531506395575278,0.0
111024,2025-09-10T21:00:00.000000000,0.976,0.0,0.0,0.308,0.6767011010276611,0.0
111024,2025-09-10T22:00:00.000000000,0.7060000000000001,0.0,0.0,0.275,1.127444406952539,0.0
111024,2025-09-10T23:00:00.000000000,0.625,0.0,0.0,0.263,0.0,0.0
111024,2025-09-11T00:00:00.000000000,0.614,0.0,0.0,0.256,0.7106973451676389,0.0
111024,2025-09-11T01:00:00.000000000,0.615,0.0,0.0,0.261,0.3235504614701334,0.0
111024,2025-09-11T02:00:00.000000000,0.616,0.0,0.0,0.26,0.0,0.0
111024,2025-09-11T03:00:00.000000000,0.613,0.0,0.0,0.26,0.3235504614701334,0.0
111024,2025-09-11T04:00:00.000000000,0.609,0.0,0.0,0.26,0.0,0.0
111024,2025-09-11T05:00:00.000000000,0.6699999999999999,0.0,0.0,0.261,0.3235504614701334,0.0
111024,2025-09-11T06:00:00.000000000,0.815,0.0,0.0,0.28400000000000003,1.3147168207925888,0.0
111024,2025-09-11T07:00:00.000000000,0.833,0.0,0.0,0.265,1.670798171051839,0.0
111024,2025-09-11T08:00:00.000000000,0.867,0.0,0.0,0.281,1.2531718960564222,0.0
111024,2025-09-11T09:00:00.000000000,0.903,0.0,0.0,0.306,1.373037963756861,0.0
111024,2025-09-11T10:00:00.000000000,0.872,0.0,0.0,0.32099999999999995,2.275110717746961,0.0
111024,2025-09-11T11:00:00.000000000,1.195,0.0,0.0,0.571,1.4811811886504112,0.0
111024,2025-09-11T12:00:00.000000000,0.9420000000000001,0.0,0.0,0.501,0.3235504614701334,0.0
111024,2025-09-11T13:00:00.000000000,1.0390000000000001,0.0,0.0,0.535,0.3531506395575278,0.0
111024,2025-09-11T14:00:00.000000000,1.024,0.0,0.0,0.516,0.3376178728384,0.0
111024,2025-09-11T15:00:00.000000000,0.969,0.0,0.0,0.42000000000000004,0.6934061520274779,0.0
111024,2025-09-11T16:00:00.000000000,0.792,0.0,0.0,0.28800000000000003,0.9398789220423167,0.0
111024,2025-09-11T17:00:00.000000000,0.802,0.0,0.0,0.23099999999999998,0.4894286871876111,0.0
111024,2025-09-11T18:00:00.000000000,0.794,0.0,0.0,0.191,0.3235504614701334,0.0
111024,2025-09-11T19:00:00.000000000,0.955,0.0,0.0,0.17400000000000002,1.1714050674783723,0.0
111024,2025-09-11T20:00:00.000000000,0.949,0.0,0.0,0.153,0.3376178728384,0.0
111024,2025-09-11T21:00:00.000000000,0.6920000000000001,0.0,0.0,0.11499999999999999,0.6907685123959277,0.0
111024,2025-09-11T22:00:00.000000000,0.508,0.0,0.0,0.10600000000000001,0.3376178728384,0.0
111024,2025-09-11T23:00:00.000000000,0.461,0.0,0.0,0.1,0.0,0.0
111024,2025-09-12T00:00:00.000000000,0.447,0.0,0.0,0.08800000000000001,0.3235504614701334,0.0
111024,2025-09-12T01:00:00.000000000,0.427,0.0,0.0,0.07100000000000001,0.0,0.0
111024,2025-09-12T02:00:00.000000000,0.421,0.0,0.0,0.065,0.7180241219219445,0.0
111024,2025-09-12T03:00:00.000000000,0.399,0.0,0.0,0.05499999999999999,0.7024913552028167,0.0
111024,2025-09-12T04:00:00.000000000,0.4,0.0,0.0,0.042,0.7376598836234833,0.0
111024,2025-09-12T05:00:00.000000000,0.375,0.0,0.0,0.009000000000000001,0.0,0.0
111024,2025-09-12T06:00:00.000000000,0.379,0.0,0.0,0.022,0.3235504614701334,0.0
111024,2025-09-12T07:00:00.000000000,0.469,0.0,0.0,0.044,1.6983468516480278,0.0
111024,2025-09-12T08:00:00.000000000,0.528,0.0,0.0,0.079,1.0530043551287944,0.0
111024,2025-09-12T09:00:00.000000000,0.5630000000000001,0.0,0.0,0.122,0.33468716213667776,0.0
111024,2025-09-12T10:00:00.000000000,0.952,0.0,0.0,0.16499999999999998,0.33263566464547223,0.0
111024,2025-09-12T11:00:00.000000000,0.62,0.0,0.0,0.184,1.1124977823737554,0.0
111024,2025-09-12T12:00:00.000000000,0.685,0.0,0.0,0.23099999999999998,0.5181496520644889,0.0
111024,2025-09-12T13:00:00.000000000,0.667,0.0,0.0,0.231,0.6611683343085334,0.0
111024,2025-09-12T14:00:00.000000000,0.774,0.0,0.0,0.269,0.37014876162751664,0.0
111024,2025-09-12T15:00:00.000000000,0.845,0.0,0.0,0.3,0.3235504614701334,0.0
111024,2025-09-12T16:00:00.000000000,0.853,0.0,0.0,0.289,1.2059874537586945,0.0
111024,2025-09-12T17:00:00.000000000,0.7810000000000001,0.0,0.0,0.241,1.1661297882152724,0.0
111024,2025-09-12T18:00:00.000000000,0.803,0.0,0.0,0.194,0.44869180843367223,0.0
111024,2025-09-12T19:00:00.000000000,1.033,0.006,0.0,0.196,1.834331828207939,0.0
111024,2025-09-12T20:00:00.000000000,0.9349999999999999,0.029,0.0,0.11000000000000001,1.9691445204871614,0.0
111024,2025-09-12T21:00:00.000000000,0.778,0.036000000000000004,0.0,0.073,1.3548675574061835,0.0
111024,2025-09-12T22:00:00.000000000,0.5860000000000001,0.041999999999999996,0.0,0.046,0.20046061199780002,0.0
111024,2025-09-12T23:00:00.000000000,0.45099999999999996,0.047,0.0,0.015,0.3531506395575278,0.0
111024,2025-09-13T00:00:00.000000000,0.427,0.069,0.0,0.0,0.3235504614701334,0.0
111024,2025-09-13T01:00:00.000000000,0.46,0.104,0.0,0.0,0.0,0.0
111024,2025-09-13T02:00:00.000000000,0.484,0.13,0.0,0.0,0.3235504614701334,0.0
111024,2025-09-13T03:00:00.000000000,0.509,0.15799999999999997,0.0,0.0,0.7531926503426111,0.0
111024,2025-09-13T04:00:00.000000000,0.533,0.175,0.0,0.0,0.3745448276801,0.0
111024,2025-09-13T05:00:00.000000000,0.635,0.224,0.0,0.0,0.7716561277634612,0.0
111024,2025-09-13T06:00:00.000000000,0.549,0.106,0.0,0.0,1.0404022991113888,0.0
111024,2025-09-13T07:00:00.000000000,0.481,0.0,0.0,0.03,0.7323846043603833,0.0
111024,2025-09-13T08:00:00.000000000,0.559,0.0,0.0,0.112,0.3235504614701334,0.0
111024,2025-09-13T09:00:00.000000000,0.606,0.0,0.0,0.185,0.3376178728384,0.0
111024,2025-09-13T10:00:00.000000000,0.584,0.0,0.0,0.23299999999999998,0.6752357456768,0.0
111024,2025-09-13T11:00:00.000000000,0.631,0.0,0.0,0.28,0.7232994011850444,0.0
111024,2025-09-13T12:00:00.000000000,0.669,0.0,0.0,0.317,1.156751513969761,0.0
111024,2025-09-13T13:00:00.000000000,0.69,0.0,0.0,0.33799999999999997,0.7074735633957445,0.0
111024,2025-09-13T14:00:00.000000000,0.714,0.0,0.0,0.364,0.3235504614701334,0.0
111024,2025-09-13T15:00:00.000000000,0.738,0.0,0.0,0.38,0.0,0.0
111024,2025-09-13T16:00:00.000000000,0.868,0.0,0.0,0.41000000000000003,0.3235504614701334,0.0
111024,2025-09-13T17:00:00.000000000,1.323,0.0,0.0,0.493,1.2168310833550668,0.0
111024,2025-09-13T18:00:00.000000000,1.088,0.0,0.0,0.322,0.18023870815591667,0.0
111024,2025-09-13T19:00:00.000000000,1.197,0.0,0.0,0.302,1.4052757814758057,0.0
111024,2025-09-13T20:00:00.000000000,1.216,0.0,0.0,0.22499999999999998,0.6761149588873167,0.0
111024,2025-09-13T21:00:00.000000000,0.555,0.0,0.0,0.17200000000000001,1.5623618750881167,0.0
111024,2025-09-13T22:00:00.000000000,0.52,0.0,0.0,0.149,0.7150934112202223,0.0
111024,2025-09-13T23:00:00.000000000,0.489,0.0,0.0,0.128,0.3235504614701334,0.0
111024,2025-09-14T00:00:00.000000000,0.46,0.0,0.0,0.10200000000000001,0.3235504614701334,0.0
111024,2025-09-14T01:00:00.000000000,0.444,0.0,0.0,0.08700000000000001,0.0,0.0
111024,2025-09-14T02:00:00.000000000,0.43,0.0,0.0,0.076,0.7083527766062612,0.0
111024,2025-09-14T03:00:00.000000000,0.425,0.0,0.0,0.076,0.3235504614701334,0.0
111024,2025-09-14T04:00:00.000000000,0.421,0.0,0.0,0.072,0.7874819655527611,0.0
111024,2025-09-14T05:00:00.000000000,0.52,0.0,0.0,0.089,0.6664436135716334,0.0
111024,2025-09-14T06:00:00.000000000,0.762,0.0,0.0,0.175,3.0965889274397,0.0
111024,2025-09-14T07:00:00.000000000,1.121,0.0,0.0,0.175,1.0916897363915279,0.0
111024,2025-09-14T08:00:00.000000000,0.7430000000000001,0.0,0.0,0.227,1.1116185691632388,0.0
111024,2025-09-14T09:00:00.000000000,0.819,0.0,0.0,0.28800000000000003,1.0515389997779334,0.0
111024,2025-09-14T10:00:00.000000000,0.796,0.0,0.0,0.33599999999999997,0.08645596570080555,0.0
111024,2025-09-14T11:00:00.000000000,0.851,0.0,0.0,0.412,0.3235504614701334,0.0
111024,2025-09-14T12:00:00.000000000,0.898,0.0,0.0,0.458,0.7118696294483278,0.0
111024,2025-09-14T13:00:00.000000000,0.921,0.0,0.0,0.482,0.3376178728384,0.0
111024,2025-09-14T14:00:00.000000000,1.0190000000000001,0.0,0.0,0.532,1.044212223023628,0.0
111024,2025-09-14T15:00:00.000000000,1.086,0.0,0.0,0.534,1.9530256116276887,0.0
111024,2025-09-14T16:00:00.000000000,1.103,0.0,0.0,0.505,1.13682268119805,0.0
111024,2025-09-14T17:00:00.000000000,1.131,0.0,0.0,0.44799999999999995,0.7112834873079834,0.0
111024,2025-09-14T18:00:00.000000000,1.064,0.0,0.0,0.332,1.5269002755972778,0.0
111024,2025-09-14T19:00:00.000000000,1.119,0.0,0.0,0.287,1.1763872756713,0.0
111024,2025-09-14T20:00:00.000000000,0.966,0.0,0.0,0.272,0.6904754413257557,0.0
111024,2025-09-14T21:00:00.000000000,0.778,0.0,0.0,0.252,0.3531506395575278,0.0
111024,2025-09-14T22:00:00.000000000,0.671,0.0,0.0,0.236,0.3376178728384,0.0
111024,2025-09-14T23:00:00.000000000,0.612,0.0,0.0,0.23,0.3376178728384,0.0
111024,2025-09-15T00:00:00.000000000,0.577,0.0,0.0,0.218,1.1160146352158222,0.0
111024,2025-09-15T01:00:00.000000000,0.576,0.0,0.0,0.224,0.0,0.0
111024,2025-09-15T02:00:00.000000000,0.576,0.0,0.0,0.22,0.3235504614701334,0.0
111024,2025-09-15T03:00:00.000000000,0.572,0.0,0.0,0.22,0.0,0.0
111024,2025-09-15T04:00:00.000000000,0.566,0.0,0.0,0.215,0.3235504614701334,0.0
111024,2025-09-15T05:00:00.000000000,0.5880000000000001,0.0,0.0,0.207,1.2719284445474444,0.0
111024,2025-09-15T06:00:00.000000000,0.6739999999999999,0.0,0.0,0.227,0.3235504614701334,0.0
111024,2025-09-15T07:00:00.000000000,0.6869999999999999,0.0,0.0,0.259,0.0,0.0
111024,2025-09-15T08:00:00.000000000,0.643,0.0,0.0,0.28600000000000003,0.3235504614701334,0.0
111024,2025-09-15T09:00:00.000000000,0.661,0.0,0.0,0.307,0.7968602397982721,0.0
111024,2025-09-15T10:00:00.000000000,0.7650000000000001,0.0,0.0,0.349,1.1511831636364889,0.0
111024,2025-09-15T11:00:00.000000000,0.875,0.0,0.0,0.435,0.3235504614701334,0.0
111024,2025-09-15T12:00:00.000000000,0.9339999999999999,0.0,0.0,0.493,0.0,0.0
111024,2025-09-15T13:00:00.000000000,0.8869999999999999,0.0,0.0,0.469,0.3235504614701334,0.0
111024,2025-09-15T14:00:00.000000000,0.865,0.0,0.0,0.36400000000000005,0.0,0.0
111024,2025-09-15T15:00:00.000000000,1.0310000000000001,0.0,0.0,0.316,1.110739355952722,0.0
111024,2025-09-15T16:00:00.000000000,1.3599999999999999,0.0,0.0,0.39499999999999996,6.073897929319306,0.0
111024,2025-09-15T17:00:00.000000000,1.051,0.0,0.0,0.32,1.4272561117387224,0.0
111024,2025-09-15T18:00:00.000000000,1.03,0.0,0.0,0.301,0.6752357456768,0.0
111024,2025-09-15T19:00:00.000000000,1.057,0.0,0.0,0.279,2.303538611553667,0.0
111024,2025-09-15T20:00:00.000000000,1.23,0.0,0.0,0.28700000000000003,0.9009004697094111,0.0
111024,2025-09-15T21:00:00.000000000,0.865,0.0,0.0,0.27,0.3235504614701334,0.0
111024,2025-09-15T22:00:00.000000000,0.617,0.0,0.0,0.249,0.3376178728384,0.0
111024,2025-09-15T23:00:00.000000000,0.602,0.0,0.0,0.24,0.35344371062769997,0.0
111024,2025-09-16T00:00:00.000000000,0.597,0.0,0.0,0.238,0.3235504614701334,0.0
111024,2025-09-16T01:00:00.000000000,0.586,0.0,0.0,0.22999999999999998,0.0,0.0
111024,2025-09-16T02:00:00.000000000,0.57,0.0,0.0,0.215,0.3235504614701334,0.0
111024,2025-09-16T03:00:00.000000000,0.557,0.0,0.0,0.204,0.024324898824294446,0.0
111024,2025-09-16T04:00:00.000000000,0.552,0.0,0.0,0.2,1.0969650156546278,0.0
111024,2025-09-16T05:00:00.000000000,0.6160000000000001,0.0,0.0,0.20400000000000001,0.7262301118867667,0.0
111024,2025-09-16T06:00:00.000000000,0.738,0.0,0.0,0.222,0.6743565324662835,0.0
111024,2025-09-16T07:00:00.000000000,0.7730000000000001,0.0,0.0,0.227,0.7092319898167778,0.0
111024,2025-09-16T08:00:00.000000000,0.7810000000000001,0.0,0.0,0.24,0.7663808485003611,0.0
111024,2025-09-16T09:00:00.000000000,0.7910000000000001,0.0,0.0,0.26,1.0447983651639723,0.0
111024,2025-09-16T10:00:00.000000000,0.792,0.0,0.0,0.269,0.7417628786058945,0.0
111024,2025-09-16T11:00:00.000000000,0.766,0.0,0.0,0.263,1.0925689496020443,0.0
111024,2025-09-16T12:00:00.000000000,0.6930000000000001,0.0,0.0,0.256,0.7405905943252056,0.0
111024,2025-09-16T13:00:00.000000000,0.776,0.0,0.0,0.257,0.0,0.0
111024,2025-09-16T14:00:00.000000000,0.99,0.0,0.0,0.30700000000000005,4.768559382772228,0.0
111024,2025-09-16T15:00:00.000000000,0.968,0.0,0.0,0.311,3.767135535993744,0.0
111024,2025-09-16T16:00:00.000000000,0.7639999999999999,0.0,0.0,0.225,1.0632618425848224,0.0
111024,2025-09-16T17:00:00.000000000,0.87,0.0,0.0,0.192,0.6775803142381778,0.0
111024,2025-09-16T18:00:00.000000000,0.862,0.0,0.0,0.171,1.0465567915850056,0.0
111024,2025-09-16T19:00:00.000000000,1.1079999999999999,0.0,0.0,0.177,2.2941603373081554,0.0
111024,2025-09-16T20:00:00.000000000,1.08,0.0,0.0,0.186,0.6752357456768,0.0
111024,2025-09-16T21:00:00.000000000,0.7360000000000001,0.0,0.0,0.161,0.37014876162751664,0.0
111024,2025-09-16T22:00:00.000000000,0.5800000000000001,0.0,0.0,0.146,0.3376178728384,0.0
111024,2025-09-16T23:00:00.000000000,0.52,0.0,0.0,0.138,0.3235504614701334,0.0
111024,2025-09-17T00:00:00.000000000,0.492,0.0,0.0,0.131,0.0,0.0
111024,2025-09-17T01:00:00.000000000,0.481,0.0,0.0,0.124,0.32355046147013333,0.0
111024,2025-09-17T02:00:00.000000000,0.473,0.0,0.0,0.118,0.3610635584521778,0.0
111024,2025-09-17T03:00:00.000000000,0.45699999999999996,0.0,0.0,0.112,0.3235504614701334,0.0
111024,2025-09-17T04:00:00.000000000,0.451,0.0,0.0,0.096,0.7792759755879388,0.0
111024,2025-09-17T05:00:00.000000000,0.438,0.0,0.0,0.07200000000000001,0.0,0.0
111024,2025-09-17T06:00:00.000000000,0.508,0.0,0.0,0.082,0.3235504614701334,0.0
111024,2025-09-17T07:00:00.000000000,0.537,0.0,0.0,0.086,0.8211851386225667,0.0
111024,2025-09-17T08:00:00.000000000,0.6660000000000001,0.0,0.0,0.132,0.8417001135346223,0.0
111024,2025-09-17T09:00:00.000000000,0.653,0.0,0.0,0.123,0.3478753602944278,0.0
111024,2025-09-17T10:00:00.000000000,0.59,0.0,0.0,0.132,0.6904754413257556,0.0
111024,2025-09-17T11:00:00.000000000,0.584,0.0,0.0,0.14600000000000002,1.1752149913906111,0.0
111024,2025-09-17T12:00:00.000000000,0.588,0.0,0.0,0.173,1.722085608331978,0.0
111024,2025-09-17T13:00:00.000000000,0.6350000000000001,0.0,0.0,0.22,0.44107196060919446,0.0
111024,2025-09-17T14:00:00.000000000,0.704,0.0,0.0,0.266,1.533640910211239,0.0
111024,2025-09-17T15:00:00.000000000,0.8260000000000001,0.0,0.0,0.32199999999999995,0.8378901896223834,0.0
111024,2025-09-17T16:00:00.000000000,1.024,0.0,0.0,0.39,0.7306261779393499,0.0
111024,2025-09-17T17:00:00.000000000,0.964,0.0,0.0,0.28500000000000003,0.35344371062769997,0.0
111024,2025-09-17T18:00:00.000000000,0.965,0.0,0.0,0.236,0.6931130809573056,0.0
111024,2025-09-17T19:00:00.000000000,0.966,0.0,0.0,0.184,0.7033705684133333,0.0
111024,2025-09-17T20:00:00.000000000,0.94,0.0,0.0,0.14600000000000002,1.14737323972425,0.0
111024,2025-09-17T21:00:00.000000000,0.7530000000000001,0.0,0.0,0.11699999999999999,1.0310240248658777,0.0
111024,2025-09-17T22:00:00.000000000,0.518,0.0,0.0,0.082,1.6904339327533777,0.0
111024,2025-09-17T23:00:00.000000000,0.44799999999999995,0.0,0.0,0.069,0.35344371062769997,0.0
111024,2025-09-18T00:00:00.000000000,0.42,0.0,0.0,0.062,0.3235504614701334,0.0
111024,2025-09-18T01:00:00.000000000,0.417,0.0,0.0,0.062,0.0,0.0
111024,2025-09-18T02:00:00.000000000,0.394,0.0,0.0,0.047,1.2174172254954112,0.0
111024,2025-09-18T03:00:00.000000000,0.396,0.0,0.0,0.04700000000000001,0.3235504614701334,0.0
111024,2025-09-18T04:00:00.000000000,0.379,0.0,0.0,0.031,0.0,0.0
111024,2025-09-18T05:00:00.000000000,0.517,0.0,0.0,0.066,1.9032035296984113,0.0
111024,2025-09-18T06:00:00.000000000,0.62,0.0,0.0,0.098,1.280427505582439,0.0
111024,2025-09-18T07:00:00.000000000,0.6000000000000001,0.0,0.0,0.103,1.5503459612110557,0.0
111024,2025-09-18T08:00:00.000000000,0.617,0.0,0.0,0.16899999999999998,0.71480034015005,0.0
111024,2025-09-18T09:00:00.000000000,0.659,0.0,0.0,0.217,1.1415118183208055,0.0
111024,2025-09-18T10:00:00.000000000,0.692,0.0,0.0,0.255,1.4208085481949335,0.0
111024,2025-09-18T11:00:00.000000000,0.7639999999999999,0.0,0.0,0.28400000000000003,0.8853677029902833,0.0
111024,2025-09-18T12:00:00.000000000,0.7729999999999999,0.0,0.0,0.293,1.4641830665804223,0.0
111024,2025-09-18T13:00:00.000000000,0.738,0.0,0.0,0.302,1.575550073245867,0.0
111024,2025-09-18T14:00:00.000000000,0.7689999999999999,0.0,0.0,0.331,1.1286166912332276,0.0
111024,2025-09-18T15:00:00.000000000,0.821,0.0,0.0,0.36800000000000005,0.729453893658661,0.0
111024,2025-09-18T16:00:00.000000000,1.0910000000000002,0.0,0.0,0.35300000000000004,1.528365630948139,0.0
111024,2025-09-18T17:00:00.000000000,1.458,0.0,0.0,0.38199999999999995,5.026168853453611,0.0
111024,2025-09-18T18:00:00.000000000,1.2489999999999999,0.0,0.0,0.259,2.348378485290017,0.0
111024,2025-09-18T19:00:00.000000000,0.924,0.0,0.0,0.19400000000000003,0.8537160274116833,0.0
111024,2025-09-18T20:00:00.000000000,0.947,0.0,0.0,0.151,2.06527183150365,0.0
111024,2025-09-18T21:00:00.000000000,0.651,0.0,0.0,0.124,0.7581748585355389,0.0
111024,2025-09-18T22:00:00.000000000,0.512,0.0,0.0,0.099,0.3376178728384,0.0
111024,2025-09-18T23:00:00.000000000,0.436,0.0,0.0,0.076,0.3235504614701334,0.0
111024,2025-09-19T00:00:00.000000000,0.418,0.0,0.0,0.062,0.0,0.0
111024,2025-09-19T01:00:00.000000000,0.404,0.0,0.0,0.048,0.3235504614701334,0.0
111024,2025-09-19T02:00:00.000000000,0.391,0.0,0.0,0.038,0.0,0.0
111024,2025-09-19T03:00:00.000000000,0.382,0.0,0.0,0.03,0.32355046147013333,0.0
111024,2025-09-19T04:00:00.000000000,0.375,0.0,0.0,0.023,0.3727864012590667,0.0
111024,2025-09-19T05:00:00.000000000,0.439,0.006,0.0,0.006,1.6458871300872,0.0
111024,2025-09-19T06:00:00.000000000,0.5650000000000001,0.0,0.0,0.033,1.64852476971875,0.0
111024,2025-09-19T07:00:00.000000000,0.7909999999999999,0.0,0.0,0.16999999999999998,2.545029173375578,0.0
111024,2025-09-19T08:00:00.000000000,0.748,0.0,0.0,0.223,2.2214787119054447,0.0
111024,2025-09-19T09:00:00.000000000,0.7170000000000001,0.0,0.0,0.22499999999999998,1.553862814053122,0.0
111024,2025-09-19T10:00:00.000000000,0.768,0.0,0.0,0.244,1.2511203985652166,0.0
111024,2025-09-19T11:00:00.000000000,0.7469999999999999,0.0,0.0,0.28700000000000003,0.3235504614701334,0.0
111024,2025-09-19T12:00:00.000000000,0.756,0.0,0.0,0.32,0.3235504614701334,0.0
111024,2025-09-19T13:00:00.000000000,0.794,0.0,0.0,0.358,0.3707349037678611,0.0
111024,2025-09-19T14:00:00.000000000,0.797,0.0,0.0,0.401,1.442495807387678,0.0
111024,2025-09-19T15:00:00.000000000,0.8280000000000001,0.0,0.0,0.42200000000000004,0.0,0.0
111024,2025-09-19T16:00:00.000000000,1.0859999999999999,0.0,0.0,0.48,1.7349807354195559,0.0
111024,2025-09-19T17:00:00.000000000,1.056,0.0,0.0,0.304,2.447436507008228,0.0
111024,2025-09-19T18:00:00.000000000,0.992,0.0,0.0,0.263,0.0,0.0
111024,2025-09-19T19:00:00.000000000,1.568,0.0,0.0,0.235,0.6728911771154222,0.0
111024,2025-09-19T20:00:00.000000000,1.709,0.0,0.0,0.21400000000000002,0.3393762992594333,0.0
111024,2025-09-19T21:00:00.000000000,0.833,0.0,0.0,0.164,1.4800089043697222,0.0
111024,2025-09-19T22:00:00.000000000,0.619,0.0,0.0,0.132,0.9334313584985278,0.0
111024,2025-09-19T23:00:00.000000000,0.481,0.0,0.0,0.099,0.850492245639789,0.0
111024,2025-09-20T00:00:00.000000000,0.445,0.0,0.0,0.085,0.0,0.0
111024,2025-09-20T01:00:00.000000000,0.425,0.0,0.0,0.078,0.3235504614701334,0.0
111024,2025-09-20T02:00:00.000000000,0.40700000000000003,0.0,0.0,0.062,0.35373678169787226,0.0
111024,2025-09-20T03:00:00.000000000,0.412,0.0,0.0,0.06,0.01817040635067778,0.0
111024,2025-09-20T04:00:00.000000000,0.391,0.0,0.0,0.041999999999999996,2.1678467060639277,0.0
111024,2025-09-20T05:00:00.000000000,0.48,0.0,0.0,0.025,0.8311495550084221,0.0
111024,2025-09-20T06:00:00.000000000,0.6120000000000001,0.0,0.0,0.089,0.8417001135346223,0.0
111024,2025-09-20T07:00:00.000000000,0.5800000000000001,0.0,0.0,0.129,0.3235504614701334,0.0
111024,2025-09-20T08:00:00.000000000,0.635,0.0,0.0,0.186,0.0,0.0
111024,2025-09-20T09:00:00.000000000,0.668,0.0,0.0,0.226,0.33791094390857224,0.0
111024,2025-09-20T10:00:00.000000000,0.692,0.0,0.0,0.255,0.6772872431680057,0.0
111024,2025-09-20T11:00:00.000000000,0.7229999999999999,0.0,0.0,0.28400000000000003,0.0,0.0
111024,2025-09-20T12:00:00.000000000,0.727,0.0,0.0,0.311,0.33791094390857224,0.0
111024,2025-09-20T13:00:00.000000000,0.776,0.0,0.0,0.34099999999999997,0.3235504614701334,0.0
111024,2025-09-20T14:00:00.000000000,0.843,0.0,0.0,0.40399999999999997,0.3235504614701334,0.0
111024,2025-09-20T15:00:00.000000000,0.868,0.0,0.0,0.41,0.9026588961304445,0.0
111024,2025-09-20T16:00:00.000000000,1.2409999999999999,0.0,0.0,0.558,3.349509260998328,0.0
111024,2025-09-20T17:00:00.000000000,1.2550000000000001,0.0,0.0,0.402,2.5473737419369553,0.0
111024,2025-09-20T18:00:00.000000000,1.458,0.0,0.0,0.278,1.04186765446225,0.0
111024,2025-09-20T19:00:00.000000000,0.8,0.0,0.0,0.21599999999999997,1.5480013926496778,0.0
111024,2025-09-20T20:00:00.000000000,0.839,0.0,0.0,0.196,1.3123722522312111,0.0
111024,2025-09-20T21:00:00.000000000,0.655,0.0,0.0,0.179,1.0875867414091167,0.0
111024,2025-09-20T22:00:00.000000000,0.606,0.0,0.0,0.17,0.33791094390857224,0.0
111024,2025-09-20T23:00:00.000000000,0.539,0.0,0.0,0.157,0.37102797483803335,0.0
111024,2025-09-21T00:00:00.000000000,0.51,0.0,0.0,0.151,0.3235504614701334,0.0
111024,2025-09-21T01:00:00.000000000,0.493,0.0,0.0,0.145,0.3235504614701334,0.0
111024,2025-09-21T02:00:00.000000000,0.496,0.0,0.0,0.145,0.0,0.0
111024,2025-09-21T03:00:00.000000000,0.497,0.0,0.0,0.145,0.33791094390857224,0.0
111024,2025-09-21T04:00:00.000000000,0.492,0.0,0.0,0.143,0.0,0.0
111024,2025-09-21T05:00:00.000000000,0.492,0.0,0.0,0.131,1.0521251419182778,0.0
111024,2025-09-21T06:00:00.000000000,0.655,0.0,0.0,0.15800000000000003,0.3235504614701334,0.0
111024,2025-09-21T07:00:00.000000000,0.725,0.0,0.0,0.205,0.0,0.0
111024,2025-09-21T08:00:00.000000000,0.708,0.0,0.0,0.261,0.3235504614701334,0.0
111024,2025-09-21T09:00:00.000000000,0.7589999999999999,0.0,0.0,0.316,0.0,0.0
111024,2025-09-21T10:00:00.000000000,0.914,0.0,0.0,0.389,0.3235504614701334,0.0
111024,2025-09-21T11:00:00.000000000,1.09,0.0,0.0,0.476,0.6772872431680057,0.0
111024,2025-09-21T12:00:00.000000000,0.993,0.0,0.0,0.486,0.7139211269395334,0.0
111024,2025-09-21T13:00:00.000000000,0.955,0.0,0.0,0.515,0.0,0.0
111024,2025-09-21T14:00:00.000000000,1.001,0.0,0.0,0.558,0.3235504614701334,0.0
111024,2025-09-21T15:00:00.000000000,1.049,0.0,0.0,0.589,0.0,0.0
111024,2025-09-21T16:00:00.000000000,1.063,0.0,0.0,0.5800000000000001,1.343730856739639,0.0
111024,2025-09-21T17:00:00.000000000,1.068,0.0,0.0,0.507,0.4070757164692167,0.0
111024,2025-09-21T18:00:00.000000000,0.9049999999999999,0.0,0.0,0.34500000000000003,1.1025333659879,0.0
111024,2025-09-21T19:00:00.000000000,1.03,0.0,0.0,0.293,0.6916477256064444,0.0
111024,2025-09-21T20:00:00.000000000,0.949,0.0,0.0,0.255,0.33058416715426664,0.0
111024,2025-09-21T21:00:00.000000000,0.961,0.0,0.0,0.23199999999999998,1.1766803467414721,0.0
111024,2025-09-21T22:00:00.000000000,0.669,0.0,0.0,0.203,1.9574216776802724,0.0
111024,2025-09-21T23:00:00.000000000,0.576,0.0,0.0,0.194,0.33791094390857224,0.0
111024,2025-09-22T00:00:00.000000000,0.539,0.0,0.0,0.181,0.33791094390857224,0.0
111024,2025-09-22T01:00:00.000000000,0.513,0.0,0.0,0.166,0.33791094390857224,0.0
111024,2025-09-22T02:00:00.000000000,0.502,0.0,0.0,0.16,0.0,0.0
111024,2025-09-22T03:00:00.000000000,0.511,0.0,0.0,0.162,0.7423490207462389,0.0
111024,2025-09-22T04:00:00.000000000,0.521,0.0,0.0,0.172,0.0,0.0
111024,2025-09-22T05:00:00.000000000,0.537,0.0,0.0,0.171,0.6778733853083501,0.0
111024,2025-09-22T06:00:00.000000000,0.6460000000000001,0.0,0.0,0.188,0.8821439212183888,0.0
111024,2025-09-22T07:00:00.000000000,0.8410000000000001,0.0,0.0,0.259,2.6953746323739276,0.0
111024,2025-09-22T08:00:00.000000000,0.906,0.0,0.0,0.28200000000000003,1.2068666669692112,0.0
111024,2025-09-22T09:00:00.000000000,0.93,0.0,0.0,0.31100000000000005,1.16847435677665,0.0
111024,2025-09-22T10:00:00.000000000,1.009,0.0,0.0,0.396,0.80448008762275,0.0
111024,2025-09-22T11:00:00.000000000,1.081,0.0,0.0,0.49,1.0732262589706778,0.0
111024,2025-09-22T12:00:00.000000000,1.0430000000000001,0.0,0.0,0.515,0.7968602397982723,0.0
111024,2025-09-22T13:00:00.000000000,1.086,0.0,0.0,0.561,1.0099229078134777,0.0
111024,2025-09-22T14:00:00.000000000,1.1389999999999998,0.0,0.0,0.606,0.34230700996115554,0.0
111024,2025-09-22T15:00:00.000000000,1.108,0.0,0.0,0.556,1.0899313099704946,0.0
111024,2025-09-22T16:00:00.000000000,1.101,0.0,0.0,0.502,1.1652505750047557,0.0
111024,2025-09-22T17:00:00.000000000,1.1520000000000001,0.0,0.0,0.464,1.2232786468988555,0.0
111024,2025-09-22T18:00:00.000000000,1.437,0.0,0.0,0.5,2.7410937193207943,0.0
111024,2025-09-22T19:00:00.000000000,1.188,0.0,0.0,0.36200000000000004,0.6948715073783389,0.0
111024,2025-09-22T20:00:00.000000000,0.904,0.0,0.0,0.313,0.6778733853083501,0.0
111024,2025-09-22T21:00:00.000000000,0.819,0.0,0.0,0.294,0.0,0.0
111024,2025-09-22T22:00:00.000000000,0.7130000000000001,0.0,0.0,0.28,0.3235504614701334,0.0
111024,2025-09-22T23:00:00.000000000,0.646,0.0,0.0,0.27,0.3235504614701334,0.0
111024,2025-09-23T00:00:00.000000000,0.62,0.0,0.0,0.262,0.35402985276804444,0.0
111024,2025-09-23T01:00:00.000000000,0.613,0.0,0.0,0.259,0.3235504614701334,0.0
111024,2025-09-23T02:00:00.000000000,0.609,0.0,0.0,0.256,0.0,0.0
111024,2025-09-23T03:00:00.000000000,0.602,0.0,0.0,0.25,0.3235504614701334,0.0
111024,2025-09-23T04:00:00.000000000,0.594,0.0,0.0,0.242,0.0,0.0
111024,2025-09-23T05:00:00.000000000,0.645,0.0,0.0,0.23299999999999998,0.3235504614701334,0.0
111024,2025-09-23T06:00:00.000000000,0.672,0.0,0.0,0.225,0.0,0.0
111024,2025-09-23T07:00:00.000000000,0.68,0.0,0.0,0.228,0.3235504614701334,0.0
111024,2025-09-23T08:00:00.000000000,0.692,0.0,0.0,0.243,0.3235504614701334,0.0
111024,2025-09-23T09:00:00.000000000,0.702,0.0,0.0,0.259,0.35373678169787226,0.0
111024,2025-09-23T10:00:00.000000000,0.706,0.0,0.0,0.269,0.3235504614701334,0.0
111024,2025-09-23T11:00:00.000000000,0.6950000000000001,0.0,0.0,0.257,0.33791094390857224,0.0
111024,2025-09-23T12:00:00.000000000,0.734,0.0,0.0,0.254,1.641784135104789,0.0
111024,2025-09-23T13:00:00.000000000,0.8049999999999999,0.0,0.0,0.28500000000000003,0.49851389036295,0.0
111024,2025-09-23T14:00:00.000000000,0.828,0.0,0.0,0.302,1.1620267932328612,0.0
111024,2025-09-23T15:00:00.000000000,0.865,0.0,0.0,0.319,0.7080597055360889,0.0
111024,2025-09-23T16:00:00.000000000,0.9229999999999999,0.0,0.0,0.329,0.6919407966766167,0.0
111024,2025-09-23T17:00:00.000000000,1.116,0.0,0.0,0.39699999999999996,1.7651670556472945,0.0
111024,2025-09-23T18:00:00.000000000,1.025,0.0,0.0,0.295,0.0,0.0
111024,2025-09-23T19:00:00.000000000,1.037,0.0,0.0,0.258,1.1620267932328612,0.0
111024,2025-09-23T20:00:00.000000000,1.03,0.0,0.0,0.237,0.6157423184318389,0.0
111024,2025-09-23T21:00:00.000000000,0.8899999999999999,0.0,0.0,0.224,0.09583423994631667,0.0
111024,2025-09-23T22:00:00.000000000,0.632,0.0,0.0,0.198,0.6840278777819667,0.0
111024,2025-09-23T23:00:00.000000000,0.551,0.0,0.0,0.178,0.0,0.0
111024,2025-09-24T00:00:00.000000000,0.525,0.0,0.0,0.167,0.3235504614701334,0.0
111024,2025-09-24T01:00:00.000000000,0.513,0.0,0.0,0.157,0.0,0.0
111024,2025-09-24T02:00:00.000000000,0.502,0.0,0.0,0.147,0.3235504614701334,0.0
111024,2025-09-24T03:00:00.000000000,0.482,0.0,0.0,0.138,0.6978022180800612,0.0
111024,2025-09-24T04:00:00.000000000,0.5850000000000001,0.0,0.0,0.179,2.4392305170434057,0.0
111024,2025-09-24T05:00:00.000000000,0.701,0.0,0.0,0.17700000000000002,2.9629485194411664,0.0
111024,2025-09-24T06:00:00.000000000,0.636,0.0,0.0,0.131,1.022231892760711,0.0
111024,2025-09-24T07:00:00.000000000,0.568,0.0,0.0,0.118,0.02373875668395,0.0
111024,2025-09-24T08:00:00.000000000,0.56,0.0,0.0,0.112,0.33791094390857224,0.0
111024,2025-09-24T09:00:00.000000000,0.5630000000000001,0.0,0.0,0.121,0.6919407966766167,0.0
111024,2025-09-24T10:00:00.000000000,0.58,0.0,0.0,0.14300000000000002,0.0,0.0
111024,2025-09-24T11:00:00.000000000,0.601,0.0,0.0,0.162,0.3235504614701334,0.0
111024,2025-09-24T12:00:00.000000000,0.552,0.0,0.0,0.158,0.6945784363081667,0.0
111024,2025-09-24T13:00:00.000000000,0.49,0.0,0.0,0.139,0.32560195896133887,0.0
111024,2025-09-24T14:00:00.000000000,0.549,0.0,0.0,0.132,0.3382040149787444,0.0
111024,2025-09-24T15:00:00.000000000,0.704,0.0,0.0,0.163,0.5181496520644889,0.0
111024,2025-09-24T16:00:00.000000000,0.7449999999999999,0.0,0.0,0.151,0.33791094390857224,0.0
111024,2025-09-24T17:00:00.000000000,0.8119999999999999,0.0,0.0,0.133,0.3235504614701334,0.0
111024,2025-09-24T18:00:00.000000000,0.87,0.0,0.0,0.14,0.33791094390857224,0.0
111024,2025-09-24T19:00:00.000000000,0.9229999999999999,0.0,0.0,0.142,0.35402985276804444,0.0
111024,2025-09-24T20:00:00.000000000,0.928,0.0,0.0,0.134,0.33791094390857224,0.0
111024,2025-09-24T21:00:00.000000000,0.6880000000000001,0.0,0.0,0.11099999999999999,0.6471009229402668,0.0
111024,2025-09-24T22:00:00.000000000,0.534,0.0,0.0,0.09999999999999999,1.2810136477227834,0.0
111024,2025-09-24T23:00:00.000000000,0.48,0.0,0.0,0.101,0.3235504614701334,0.0
111024,2025-09-25T00:00:00.000000000,0.449,0.0,0.0,0.09000000000000001,0.0,0.0
111024,2025-09-25T01:00:00.000000000,0.436,0.0,0.0,0.081,0.3235504614701334,0.0
111024,2025-09-25T02:00:00.000000000,0.429,0.0,0.0,0.076,0.0,0.0
111024,2025-09-25T03:00:00.000000000,0.417,0.0,0.0,0.067,0.3235504614701334,0.0
111024,2025-09-25T04:00:00.000000000,0.40700000000000003,0.0,0.0,0.057999999999999996,0.0,0.0
111024,2025-09-25T05:00:00.000000000,0.405,0.0,0.0,0.044000000000000004,0.3235504614701334,0.0
111024,2025-09-25T06:00:00.000000000,0.411,0.0,0.0,0.052,0.2306469322255389,0.0
111024,2025-09-25T07:00:00.000000000,0.432,0.0,0.0,0.07500000000000001,0.09290352924459444,0.0
111024,2025-09-25T08:00:00.000000000,0.6010000000000001,0.0,0.0,0.108,0.3235504614701334,0.0
111024,2025-09-25T09:00:00.000000000,0.577,0.0,0.0,0.135,0.0,0.0
111024,2025-09-25T10:00:00.000000000,0.613,0.0,0.0,0.176,0.3235504614701334,0.0
111024,2025-09-25T11:00:00.000000000,0.6619999999999999,0.0,0.0,0.20400000000000001,1.2628432413721056,0.0
111024,2025-09-25T12:00:00.000000000,0.7530000000000001,0.0,0.0,0.231,1.1174799905666835,0.0
111024,2025-09-25T13:00:00.000000000,0.7510000000000001,0.0,0.0,0.252,0.3678041930661389,0.0
111024,2025-09-25T14:00:00.000000000,0.6970000000000001,0.0,0.0,0.259,0.6723050349750779,0.0
111024,2025-09-25T15:00:00.000000000,0.821,0.0,0.0,0.25,1.491731747176611,0.0
111024,2025-09-25T16:00:00.000000000,0.94,0.0,0.0,0.28,1.8832746969267002,0.0
111024,2025-09-25T17:00:00.000000000,0.9079999999999999,0.0,0.0,0.21599999999999997,1.1529415900575222,0.0
111024,2025-09-25T18:00:00.000000000,0.766,0.0,0.0,0.171,0.33791094390857224,0.0
111024,2025-09-25T19:00:00.000000000,0.7290000000000001,0.0,0.0,0.146,0.3382040149787444,0.0
111024,2025-09-25T20:00:00.000000000,0.7169999999999999,0.0,0.0,0.125,0.6802179538697277,0.0
111024,2025-09-25T21:00:00.000000000,0.6,0.0,0.0,0.10400000000000001,0.3235504614701334,0.0
111024,2025-09-25T22:00:00.000000000,0.46599999999999997,0.0,0.0,0.08399999999999999,0.7965671687281001,0.0
111024,2025-09-25T23:00:00.000000000,0.434,0.0,0.0,0.07300000000000001,1.5937204795965445,0.0
111024,2025-09-26T00:00:00.000000000,0.428,0.0,0.0,0.072,0.0,0.0
111024,2025-09-26T01:00:00.000000000,0.421,0.0,0.0,0.065,0.3235504614701334,0.0
111024,2025-09-26T02:00:00.000000000,0.415,0.0,0.0,0.06,0.0,0.0
111024,2025-09-26T03:00:00.000000000,0.408,0.0,0.0,0.056,0.32355046147013333,0.0
111024,2025-09-26T04:00:00.000000000,0.414,0.0,0.0,0.057999999999999996,0.0,0.0
111024,2025-09-26T05:00:00.000000000,0.456,0.0,0.0,0.047,1.1300820465840888,0.0
111024,2025-09-26T06:00:00.000000000,0.498,0.0,0.0,0.063,0.3235504614701334,0.0
111024,2025-09-26T07:00:00.000000000,0.418,0.0,0.0,0.06,0.1107808645251,0.0
111024,2025-09-26T08:00:00.000000000,0.422,0.0,0.0,0.067,0.2124765258748611,0.0
111024,2025-09-26T09:00:00.000000000,0.503,0.0,0.0,0.08399999999999999,0.3235504614701334,0.0
111024,2025-09-26T10:00:00.000000000,0.758,0.0,0.0,0.19599999999999998,2.100733430994489,0.0
111024,2025-09-26T11:00:00.000000000,0.607,0.0,0.0,0.157,0.6939922941678223,0.0
111024,2025-09-26T12:00:00.000000000,0.58,0.0,0.0,0.14,0.0,0.0
111024,2025-09-26T13:00:00.000000000,1.036,0.0,0.0,0.15000000000000002,0.692526938816961,0.0
111024,2025-09-26T14:00:00.000000000,0.657,0.0,0.0,0.145,0.3343940910665056,0.0
111024,2025-09-26T15:00:00.000000000,0.586,0.0,0.0,0.131,2.0151566785042,0.0
111024,2025-09-26T16:00:00.000000000,0.682,0.0,0.0,0.166,2.570526356480561,0.0
111024,2025-09-26T17:00:00.000000000,0.855,0.0,0.0,0.164,1.894997539733589,0.0
111024,2025-09-26T18:00:00.000000000,0.9369999999999999,0.0,0.0,0.176,1.6338712162101388,0.0
111024,2025-09-26T19:00:00.000000000,0.915,0.0,0.0,0.133,0.32325739039996115,0.0
111024,2025-09-26T20:00:00.000000000,0.916,0.0,0.0,0.123,1.188403189548361,0.0
111024,2025-09-26T21:00:00.000000000,0.7850000000000001,0.0,0.0,0.11699999999999999,1.1588030114609666,0.0
111024,2025-09-26T22:00:00.000000000,0.534,0.0,0.0,0.10400000000000001,0.0,0.0
111024,2025-09-26T23:00:00.000000000,0.449,0.0,0.0,0.08700000000000001,0.3543229238382167,0.0
111024,2025-09-27T00:00:00.000000000,0.44,0.0,0.0,0.081,0.3235504614701334,0.0
111024,2025-09-27T01:00:00.000000000,0.437,0.0,0.0,0.08,0.00263763963155,0.0
111024,2025-09-27T02:00:00.000000000,0.427,0.0,0.0,0.074,0.32061975076841115,0.0
111024,2025-09-27T03:00:00.000000000,0.404,0.0,0.0,0.05299999999999999,0.3235504614701334,0.0
111024,2025-09-27T04:00:00.000000000,0.391,0.0,0.0,0.041999999999999996,0.3578397766802834,0.0
111024,2025-09-27T05:00:00.000000000,0.46,0.0,0.0,0.032,0.6948715073783389,0.0
111024,2025-09-27T06:00:00.000000000,0.5700000000000001,0.0,0.0,0.043,0.7045428526940223,0.0
111024,2025-09-27T07:00:00.000000000,0.601,0.0,0.0,0.057999999999999996,0.3543229238382167,0.0
111024,2025-09-27T08:00:00.000000000,0.602,0.0,0.0,0.063,0.685786304203,0.0
111024,2025-09-27T09:00:00.000000000,0.531,0.0,0.0,0.067,0.0,0.0
111024,2025-09-27T10:00:00.000000000,0.43599999999999994,0.0,0.0,0.064,0.3235504614701334,0.0
111024,2025-09-27T11:00:00.000000000,0.524,0.0,0.0,0.086,0.3382040149787444,0.0
111024,2025-09-27T12:00:00.000000000,0.553,0.0,0.0,0.095,0.7074735633957444,0.0
111024,2025-09-27T13:00:00.000000000,0.546,0.0,0.0,0.08900000000000001,0.6775803142381778,0.0
111024,2025-09-27T14:00:00.000000000,0.523,0.0,0.0,0.084,0.0,0.0
111024,2025-09-27T15:00:00.000000000,0.539,0.0,0.0,0.087,0.3235504614701334,0.0
111024,2025-09-27T16:00:00.000000000,0.642,0.0,0.0,0.103,0.0,0.0
111024,2025-09-27T17:00:00.000000000,0.996,0.0,0.0,0.091,1.1415118183208055,0.0
111024,2025-09-27T18:00:00.000000000,1.099,0.0,0.0,0.10699999999999998,2.155244650046522,0.0
111024,2025-09-27T19:00:00.000000000,0.894,0.0,0.0,0.113,1.0362993041289776,0.0
111024,2025-09-27T20:00:00.000000000,0.896,0.0,0.0,0.10200000000000001,3.8902253854660778,0.0
111024,2025-09-27T21:00:00.000000000,0.8009999999999999,0.0,0.0,0.135,1.2467243325126334,0.0
111024,2025-09-27T22:00:00.000000000,0.635,0.0,0.0,0.16899999999999998,0.6893031570450667,0.0
111024,2025-09-27T23:00:00.000000000,0.553,0.0,0.0,0.193,0.0,0.0
111024,2025-09-28T00:00:00.000000000,0.581,0.0,0.0,0.224,0.3235504614701334,0.0
111024,2025-09-28T01:00:00.000000000,0.602,0.0,0.0,0.246,0.0,0.0
111024,2025-09-28T02:00:00.000000000,0.596,0.0,0.0,0.242,0.3235504614701334,0.0
111024,2025-09-28T03:00:00.000000000,0.594,0.0,0.0,0.242,0.0,0.0
111024,2025-09-28T04:00:00.000000000,0.575,0.0,0.0,0.22599999999999998,0.3235504614701334,0.0
111024,2025-09-28T05:00:00.000000000,0.562,0.0,0.0,0.18300000000000002,0.0,0.0
111024,2025-09-28T06:00:00.000000000,0.503,0.0,0.0,0.145,0.3235504614701334,0.0
111024,2025-09-28T07:00:00.000000000,0.49,0.0,0.0,0.135,0.0,0.0
111024,2025-09-28T08:00:00.000000000,0.5810000000000001,0.0,0.0,0.15600000000000003,1.0571073501112056,0.0
111024,2025-09-28T09:00:00.000000000,0.636,0.0,0.0,0.217,0.0,0.0
111024,2025-09-28T10:00:00.000000000,0.6659999999999999,0.0,0.0,0.251,1.110739355952722,0.0
111024,2025-09-28T11:00:00.000000000,0.722,0.0,0.0,0.28500000000000003,1.122169127689439,0.0
111024,2025-09-28T12:00:00.000000000,0.7489999999999999,0.0,0.0,0.312,1.0612103450936168,0.0
111024,2025-09-28T13:00:00.000000000,0.7000000000000001,0.0,0.0,0.326,0.0,0.0
111024,2025-09-28T14:00:00.000000000,0.7690000000000001,0.0,0.0,0.331,1.137994965478739,0.0
111024,2025-09-28T15:00:00.000000000,0.817,0.0,0.0,0.34099999999999997,0.3235504614701334,0.0
111024,2025-09-28T16:00:00.000000000,0.9149999999999999,0.0,0.0,0.321,1.5230903516850387,0.0
111024,2025-09-28T17:00:00.000000000,0.948,0.0,0.0,0.269,0.7408836653953778,0.0
111024,2025-09-28T18:00:00.000000000,1.177,0.0,0.0,0.21700000000000003,0.7039567105536778,0.0
111024,2025-09-28T19:00:00.000000000,1.092,0.0,0.0,0.166,3.947667315219834,0.0
111024,2025-09-28T20:00:00.000000000,1.053,0.0,0.0,0.158,2.3536537645531164,0.0
111024,2025-09-28T21:00:00.000000000,0.796,0.0,0.0,0.128,1.0796738225144666,0.0
111024,2025-09-28T22:00:00.000000000,0.5860000000000001,0.0,0.0,0.08700000000000001,1.28980577982795,0.0
111024,2025-09-28T23:00:00.000000000,0.43799999999999994,0.0,0.0,0.055999999999999994,0.17437728675247222,0.0
111024,2025-09-29T00:00:00.000000000,0.39,0.0,0.0,0.032,0.3382040149787444,0.0
111024,2025-09-29T01:00:00.000000000,0.372,0.0,0.0,0.017,0.3235504614701334,0.0
111024,2025-09-29T02:00:00.000000000,0.39699999999999996,0.041,0.0,0.002,0.3235504614701334,0.0
111024,2025-09-29T03:00:00.000000000,0.438,0.086,0.0,0.0,0.8279257732365278,0.0
111024,2025-09-29T04:00:00.000000000,0.459,0.107,0.0,0.0,0.3543229238382167,0.0
111024,2025-09-29T05:00:00.000000000,0.541,0.176,0.0,0.0,0.3235504614701334,0.0
111024,2025-09-29T06:00:00.000000000,0.5589999999999999,0.127,0.0,0.0,0.0,0.0
111024,2025-09-29T07:00:00.000000000,0.475,0.004,0.0,0.02,0.3235504614701334,0.0
111024,2025-09-29T08:00:00.000000000,0.494,0.0,0.0,0.069,0.0,0.0
111024,2025-09-29T09:00:00.000000000,0.56,0.0,0.0,0.117,0.3235504614701334,0.0
111024,2025-09-29T10:00:00.000000000,0.594,0.0,0.0,0.156,0.7312123200796945,0.0
111024,2025-09-29T11:00:00.000000000,0.6579999999999999,0.0,0.0,0.177,1.2692908049158944,0.0
111024,2025-09-29T12:00:00.000000000,0.72,0.0,0.0,0.197,0.3546159949083889,0.0
111024,2025-09-29T13:00:00.000000000,0.7130000000000001,0.0,0.0,0.215,0.3235504614701334,0.0
111024,2025-09-29T14:00:00.000000000,0.663,0.0,0.0,0.225,0.3235504614701334,0.0
111024,2025-09-29T15:00:00.000000000,0.678,0.0,0.0,0.228,0.3382040149787444,0.0
111024,2025-09-29T16:00:00.000000000,0.7849999999999999,0.0,0.0,0.216,1.0846560307073945,0.0
111024,2025-09-29T17:00:00.000000000,0.677,0.0,0.0,0.13699999999999998,0.6793387406592112,0.0
111024,2025-09-29T18:00:00.000000000,1.071,0.018,0.0,0.133,2.0098813992411,0.0
111024,2025-09-29T19:00:00.000000000,0.897,0.035,0.0,0.085,1.644714845806511,0.0
111024,2025-09-29T20:00:00.000000000,0.7849999999999999,0.04,0.0,0.05499999999999999,0.6725981060452499,0.0
111024,2025-09-29T21:00:00.000000000,0.8300000000000001,0.044,0.0,0.029,1.8917737579616944,0.0
111024,2025-09-29T22:00:00.000000000,0.5710000000000001,0.07300000000000001,0.0,0.001,1.5031615189133278,0.0
111024,2025-09-29T23:00:00.000000000,0.513,0.12,0.0,0.0,1.4105510607389058,0.0
111024,2025-09-30T00:00:00.000000000,0.506,0.14700000000000002,0.0,0.0,0.03077246236808333,0.0
111024,2025-09-30T01:00:00.000000000,0.54,0.184,0.0,0.0,0.3235504614701334,0.0
111024,2025-09-30T02:00:00.000000000,0.559,0.205,0.0,0.0,0.0,0.0
111024,2025-09-30T03:00:00.000000000,0.578,0.226,0.0,0.0,0.3235504614701334,0.0
111024,2025-09-30T04:00:00.000000000,0.5800000000000001,0.22399999999999998,0.0,0.0,0.37220025911872223,0.0
111024,2025-09-30T05:00:00.000000000,0.647,0.28200000000000003,0.0,0.0,0.3235504614701334,0.0
111024,2025-09-30T06:00:00.000000000,0.593,0.23099999999999998,0.0,0.0,0.0,0.0
111024,2025-09-30T07:00:00.000000000,0.439,0.057999999999999996,0.0,0.0,0.3235504614701334,0.0
111024,2025-09-30T08:00:00.000000000,0.484,0.0,0.0,0.034999999999999996,0.7839651127106944,0.0
111024,2025-09-30T09:00:00.000000000,0.6100000000000001,0.0,0.0,0.101,0.8282188443067,0.0
111024,2025-09-30T10:00:00.000000000,1.03,0.0,0.0,0.158,0.33263566464547223,0.0
111024,2025-09-30T11:00:00.000000000,0.684,0.0,0.0,0.16,1.4216877614054502,0.0
111024,2025-09-30T12:00:00.000000000,0.674,0.0,0.0,0.15,1.067950979707578,0.0
111024,2025-09-30T13:00:00.000000000,0.658,0.0,0.0,0.159,0.6834417356416222,0.0
111024,2025-09-30T14:00:00.000000000,0.7769999999999999,0.0,0.0,0.20199999999999999,0.4346243970654056,0.0
111024,2025-09-30T15:00:00.000000000,1.054,0.0,0.0,0.33699999999999997,2.2214787119054447,0.0
111024,2025-09-30T16:00:00.000000000,1.017,0.0,0.0,0.28,3.020683520265094,0.0
111024,2025-09-30T17:00:00.000000000,0.976,0.0,0.0,0.19500000000000003,0.7649154931495,0.0
111024,2025-09-30T18:00:00.000000000,0.792,0.0,0.0,0.152,0.6931130809573056,0.0
111024,2025-09-30T19:00:00.000000000,0.7009999999999998,0.0,0.0,0.12,0.3235504614701334,0.0
111024,2025-09-30T20:00:00.000000000,0.677,0.0,0.0,0.08900000000000001,0.97856430330505,0.0
111024,2025-09-30T21:00:00.000000000,0.6,0.0,0.0,0.075,0.48796333183675,0.0
111024,2025-09-30T22:00:00.000000000,0.491,0.0,0.0,0.057999999999999996,0.7613986403074333,0.0
111024,2025-09-30T23:00:00.000000000,0.469,0.0,0.0,0.051000000000000004,0.9624453944455778,0.0
111024,2025-10-01T00:00:00.000000000,0.482,0.0,0.0,0.043000000000000003,0.0,0.0
111024,2025-10-01T01:00:00.000000000,0.7249999999999999,0.0,0.0,0.036,0.6916477256064444,0.0
111024,2025-10-01T02:00:00.000000000,0.488,0.0,0.0,0.022,1.22122714940765,0.0
111024,2025-10-01T03:00:00.000000000,0.6829999999999999,0.03,0.0,0.007,4.355036102759223,0.0
111024,2025-10-01T04:00:00.000000000,0.351,0.0,0.0,0.011000000000000001,0.0,0.0
111024,2025-10-01T05:00:00.000000000,0.405,0.033,0.0,0.0,1.4844049704223057,0.0
111024,2025-10-01T06:00:00.000000000,0.396,0.028,0.0,0.0,1.0486082890762112,0.0
111024,2025-10-01T07:00:00.000000000,0.42500000000000004,0.009000000000000001,0.0,0.006,0.11107393559527222,0.0
111024,2025-10-01T08:00:00.000000000,0.762,0.0,0.0,0.11299999999999999,2.4339552377803058,0.0
111024,2025-10-01T09:00:00.000000000,0.4099999999999999,0.003,0.0,0.008,0.0,0.0
111024,2025-10-01T10:00:00.000000000,0.349,0.01,0.0,0.0,0.3382040149787444,0.0
111024,2025-10-01T11:00:00.000000000,0.344,0.003,0.0,0.001,0.3235504614701334,0.0
111024,2025-10-01T12:00:00.000000000,0.42200000000000004,0.0,0.0,0.020999999999999998,0.0,0.0
111024,2025-10-01T13:00:00.000000000,0.653,0.0,0.0,0.06,0.6834417356416222,0.0
111024,2025-10-01T14:00:00.000000000,0.853,0.0,0.0,0.08399999999999999,3.724054088678428,0.0
111024,2025-10-01T15:00:00.000000000,0.648,0.0,0.0,0.083,0.0,0.0
111024,2025-10-01T16:00:00.000000000,0.479,0.0,0.0,0.055999999999999994,0.3235504614701334,0.0
111024,2025-10-01T17:00:00.000000000,0.422,0.020999999999999998,0.0,0.012,0.7092319898167778,0.0
111024,2025-10-01T18:00:00.000000000,0.395,0.013,0.0,0.003,0.7013190709221278,0.0
111024,2025-10-01T19:00:00.000000000,0.634,0.017,0.0,0.002,2.1080602077487947,0.0
111024,2025-10-01T20:00:00.000000000,0.7400000000000001,0.032,0.0,0.002,0.7092319898167778,0.0
111024,2025-10-01T21:00:00.000000000,0.612,0.091,0.0,0.0,0.7587610006758834,0.0
111024,2025-10-01T22:00:00.000000000,0.5,0.093,0.0,0.0,0.7303331068691777,0.0
111024,2025-10-01T23:00:00.000000000,0.484,0.131,0.0,0.0,0.0,0.0
111024,2025-10-02T00:00:00.000000000,0.502,0.152,0.0,0.0,0.3235504614701334,0.0
111024,2025-10-02T01:00:00.000000000,0.516,0.16999999999999998,0.0,0.0,0.0,0.0
111024,2025-10-02T02:00:00.000000000,0.533,0.187,0.0,0.0,0.3235504614701334,0.0
111024,2025-10-02T03:00:00.000000000,0.559,0.215,0.0,0.0,0.0,0.0
111024,2025-10-02T04:00:00.000000000,0.591,0.25,0.0,0.0,0.3235504614701334,0.0
111024,2025-10-02T05:00:00.000000000,0.8079999999999999,0.37399999999999994,0.0,0.0,0.3563744213294222,0.0
111024,2025-10-02T06:00:00.000000000,0.812,0.35800000000000004,0.0,0.0,1.6124770280875667,0.0
111024,2025-10-02T07:00:00.000000000,0.6910000000000001,0.22799999999999998,0.0,0.0,0.0,0.0
111024,2025-10-02T08:00:00.000000000,0.5509999999999999,0.091,0.0,0.0,0.3235504614701334,0.0
111024,2025-10-02T09:00:00.000000000,0.474,0.019,0.0,0.0,0.0,0.0
111024,2025-10-02T10:00:00.000000000,0.472,0.0,0.0,0.020999999999999998,0.3235504614701334,0.0
111024,2025-10-02T11:00:00.000000000,0.501,0.0,0.0,0.051000000000000004,0.6740634613961112,0.0
111024,2025-10-02T12:00:00.000000000,0.547,0.0,0.0,0.09599999999999999,0.3235504614701334,0.0
111024,2025-10-02T13:00:00.000000000,0.603,0.0,0.0,0.15500000000000003,0.7106973451676388,0.0
111024,2025-10-02T14:00:00.000000000,0.646,0.0,0.0,0.193,1.1397533918997722,0.0
111024,2025-10-02T15:00:00.000000000,0.669,0.0,0.0,0.197,0.3724933301888944,0.0
111024,2025-10-02T16:00:00.000000000,1.144,0.0,0.0,0.211,1.0415745833920778,0.0
111024,2025-10-02T17:00:00.000000000,1.016,0.0,0.0,0.18400000000000002,0.33585944641736665,0.0
111024,2025-10-02T18:00:00.000000000,0.98,0.0,0.0,0.181,0.8935736929551056,0.0
111024,2025-10-02T19:00:00.000000000,0.534,0.0,0.0,0.096,2.047394496223144,0.0
111024,2025-10-02T20:00:00.000000000,0.448,0.0,0.0,0.065,0.6960437916590279,0.0
111024,2025-10-02T21:00:00.000000000,0.417,0.0,0.0,0.041,0.3235504614701334,0.0
111024,2025-10-02T22:00:00.000000000,0.377,0.0,0.0,0.014000000000000002,0.3382040149787444,0.0
111024,2025-10-02T23:00:00.000000000,0.37,0.017,0.0,0.0,0.3235504614701334,0.0
111024,2025-10-03T00:00:00.000000000,0.429,0.08,0.0,0.0,0.0,0.0
111024,2025-10-03T01:00:00.000000000,0.469,0.123,0.0,0.0,0.3235504614701334,0.0
111024,2025-10-03T02:00:00.000000000,0.493,0.14700000000000002,0.0,0.0,0.0,0.0
111024,2025-10-03T03:00:00.000000000,0.526,0.181,0.0,0.0,1.132719686215639,0.0
111024,2025-10-03T04:00:00.000000000,0.5650000000000001,0.20299999999999999,0.0,0.0,0.71480034015005,0.0
111024,2025-10-03T05:00:00.000000000,0.642,0.204,0.0,0.0,1.6335781451399665,0.0
111024,2025-10-03T06:00:00.000000000,0.65,0.198,0.0,0.0,1.6400257086837555,0.0
111024,2025-10-03T07:00:00.000000000,0.46299999999999997,0.023,0.0,0.008,0.0,0.0
111024,2025-10-03T08:00:00.000000000,0.411,0.0,0.0,0.067,0.33849708604891665,0.0
111024,2025-10-03T09:00:00.000000000,0.589,0.0,0.0,0.14300000000000002,0.33263566464547223,0.0
111024,2025-10-03T10:00:00.000000000,1.047,0.0,0.0,0.226,1.0656064111462,0.0
111024,2025-10-03T11:00:00.000000000,0.9889999999999999,0.0,0.0,0.271,1.0521251419182778,0.0
111024,2025-10-03T12:00:00.000000000,1.237,0.0,0.0,0.385,5.253298932837083,0.0
111024,2025-10-03T13:00:00.000000000,0.9219999999999999,0.0,0.0,0.34500000000000003,1.249068901074011,0.0
111024,2025-10-03T14:00:00.000000000,0.884,0.0,0.0,0.313,0.43462439706540557,0.0
111024,2025-10-03T15:00:00.000000000,1.067,0.0,0.0,0.41200000000000003,2.663722956795328,0.0
111024,2025-10-03T16:00:00.000000000,0.938,0.0,0.0,0.267,1.6157008098594612,0.0
111024,2025-10-03T17:00:00.000000000,1.189,0.0,0.0,0.22899999999999998,0.6652713292909445,0.0
111024,2025-10-03T18:00:00.000000000,0.8959999999999999,0.0,0.0,0.17500000000000002,1.2024706009166277,0.0
111024,2025-10-03T19:00:00.000000000,0.682,0.0,0.0,0.124,0.040736878753938895,0.0
111024,2025-10-03T20:00:00.000000000,0.454,0.0,0.0,0.072,0.2825205116460222,0.0
111024,2025-10-03T21:00:00.000000000,0.438,0.0,0.0,0.03,1.2352945607759167,0.0
111024,2025-10-03T22:00:00.000000000,0.46099999999999997,0.0,0.0,0.023,0.3235504614701334,0.0
111024,2025-10-03T23:00:00.000000000,0.375,0.0,0.0,0.008,0.3235504614701334,0.0
111024,2025-10-04T00:00:00.000000000,0.352,0.0,0.0,0.004,0.32325739039996115,0.0
111024,2025-10-04T01:00:00.000000000,0.351,0.0,0.0,0.004,0.0,0.0
111024,2025-10-04T02:00:00.000000000,0.355,0.0,0.0,0.01,0.3235504614701334,0.0
111024,2025-10-04T03:00:00.000000000,0.37,0.0,0.0,0.024,0.0,0.0
111024,2025-10-04T04:00:00.000000000,0.41200000000000003,0.0,0.0,0.037000000000000005,0.3235504614701334,0.0
111024,2025-10-04T05:00:00.000000000,0.613,0.0,0.0,0.05399999999999999,0.46100079338090555,0.0
111024,2025-10-04T06:00:00.000000000,0.8849999999999999,0.0,0.0,0.169,2.7539888464083724,0.0
111024,2025-10-04T07:00:00.000000000,0.853,0.0,0.0,0.15700000000000003,1.0348339487781166,0.0
111024,2025-10-04T08:00:00.000000000,0.6940000000000001,0.0,0.0,0.204,0.0,0.0
111024,2025-10-04T09:00:00.000000000,0.741,0.0,0.0,0.258,0.6693743242733555,0.0
111024,2025-10-04T10:00:00.000000000,0.864,0.0,0.0,0.301,1.069416335058439,0.0
111024,2025-10-04T11:00:00.000000000,0.8260000000000001,0.0,0.0,0.321,0.3235504614701334,0.0
111024,2025-10-04T12:00:00.000000000,0.7789999999999999,0.0,0.0,0.324,0.4495710216441889,0.0
111024,2025-10-04T13:00:00.000000000,0.833,0.0,0.0,0.36800000000000005,0.4442957423810889,0.0
111024,2025-10-04T14:00:00.000000000,0.796,0.0,0.0,0.34099999999999997,0.33849708604891665,0.0
111024,2025-10-04T15:00:00.000000000,0.899,0.0,0.0,0.36,0.3235504614701334,0.0
111024,2025-10-04T16:00:00.000000000,1.2080000000000002,0.0,0.0,0.45,2.3809093740791334,0.0
111024,2025-10-04T17:00:00.000000000,1.04,0.0,0.0,0.35300000000000004,0.79920480835965,0.0
111024,2025-10-04T18:00:00.000000000,0.858,0.0,0.0,0.248,0.7953948844474111,0.0
111024,2025-10-04T19:00:00.000000000,0.826,0.0,0.0,0.20900000000000002,0.692526938816961,0.0
111024,2025-10-04T20:00:00.000000000,0.999,0.0,0.0,0.19000000000000003,1.6719704553325276,0.0
111024,2025-10-04T21:00:00.000000000,0.8320000000000001,0.0,0.0,0.168,0.760812498167089,0.0
111024,2025-10-04T22:00:00.000000000,0.571,0.0,0.0,0.147,0.3235504614701334,0.0
111024,2025-10-04T23:00:00.000000000,0.487,0.0,0.0,0.136,0.3235504614701334,0.0
111024,2025-10-05T00:00:00.000000000,0.48,0.0,0.0,0.132,0.0,0.0
111024,2025-10-05T01:00:00.000000000,0.471,0.0,0.0,0.122,0.3235504614701334,0.0
111024,2025-10-05T02:00:00.000000000,0.459,0.0,0.0,0.11399999999999999,0.0,0.0
111024,2025-10-05T03:00:00.000000000,0.447,0.0,0.0,0.10400000000000001,0.3235504614701334,0.0
111024,2025-10-05T04:00:00.000000000,0.435,0.0,0.0,0.09500000000000001,0.38187160443440554,0.0
111024,2025-10-05T05:00:00.000000000,0.497,0.0,0.0,0.082,0.6555999839752611,0.0
111024,2025-10-05T06:00:00.000000000,0.5670000000000001,0.0,0.0,0.086,0.7162656955009111,0.0
111024,2025-10-05T07:00:00.000000000,0.678,0.0,0.0,0.099,0.6775803142381778,0.0
111024,2025-10-05T08:00:00.000000000,0.673,0.0,0.0,0.096,0.0,0.0
111024,2025-10-05T09:00:00.000000000,0.628,0.0,0.0,0.08600000000000001,1.1415118183208057,0.0
111024,2025-10-05T10:00:00.000000000,0.526,0.0,0.0,0.075,0.3332218067858167,0.0
111024,2025-10-05T11:00:00.000000000,0.523,0.0,0.0,0.072,0.7868958234124167,0.0
111024,2025-10-05T12:00:00.000000000,0.524,0.0,0.0,0.075,0.6934061520274778,0.0
111024,2025-10-05T13:00:00.000000000,0.5800000000000001,0.0,0.0,0.078,0.33849708604891665,0.0
111024,2025-10-05T14:00:00.000000000,0.643,0.0,0.0,0.078,0.3552021370487333,0.0
111024,2025-10-05T15:00:00.000000000,0.677,0.0,0.0,0.079,0.33058416715426664,0.0
111024,2025-10-05T16:00:00.000000000,0.842,0.0,0.0,0.129,1.9676791651363001,0.0
111024,2025-10-05T17:00:00.000000000,0.869,0.0,0.0,0.06999999999999999,1.5207457831236613,0.0
111024,2025-10-05T18:00:00.000000000,0.8440000000000001,0.0,0.0,0.06,0.4495710216441889,0.0
111024,2025-10-05T19:00:00.000000000,0.6960000000000001,0.0,0.0,0.06499999999999999,0.4442957423810889,0.0
111024,2025-10-05T20:00:00.000000000,0.736,0.0,0.0,0.038000000000000006,0.7408836653953778,0.0
111024,2025-10-05T21:00:00.000000000,0.57,0.0,0.0,0.032,0.3235504614701334,0.0
111024,2025-10-05T22:00:00.000000000,0.371,0.0,0.0,0.009000000000000001,0.20808045982227777,0.0
111024,2025-10-05T23:00:00.000000000,0.361,0.0,0.0,0.009000000000000001,0.11517693057768334,0.0
111024,2025-10-06T00:00:00.000000000,0.359,0.0,0.0,0.011000000000000001,0.3235504614701334,0.0
111024,2025-10-06T01:00:00.000000000,0.353,0.006,0.0,0.001,0.0,0.0
111024,2025-10-06T02:00:00.000000000,0.369,0.024,0.0,0.0,0.3235504614701334,0.0
111024,2025-10-06T03:00:00.000000000,0.363,0.02,0.0,0.0,0.0,0.0
111024,2025-10-06T04:00:00.000000000,0.347,0.001,0.0,0.003,0.3235504614701334,0.0
111024,2025-10-06T05:00:00.000000000,0.378,0.0,0.0,0.021,0.3505129999259778,0.0
111024,2025-10-06T06:00:00.000000000,0.493,0.0,0.0,0.055999999999999994,0.7010259998519557,0.0
111024,2025-10-06T07:00:00.000000000,0.482,0.0,0.0,0.073,0.8727656469728777,0.0
111024,2025-10-06T08:00:00.000000000,0.7859999999999999,0.0,0.0,0.22099999999999997,2.8032247861973056,0.0
111024,2025-10-06T09:00:00.000000000,0.7150000000000001,0.0,0.0,0.145,0.8024285901315444,0.0
111024,2025-10-06T10:00:00.000000000,0.698,0.0,0.0,0.134,1.6291820790873834,0.0
111024,2025-10-06T11:00:00.000000000,0.68,0.0,0.0,0.14500000000000002,0.3235504614701334,0.0
111024,2025-10-06T12:00:00.000000000,0.586,0.0,0.0,0.136,0.0,0.0
111024,2025-10-06T13:00:00.000000000,0.569,0.0,0.0,0.121,0.33849708604891665,0.0
111024,2025-10-06T14:00:00.000000000,0.622,0.0,0.0,0.111,0.33204952250512776,0.0
111024,2025-10-06T15:00:00.000000000,0.6569999999999999,0.0,0.0,0.09200000000000001,0.3235504614701334,0.0
111024,2025-10-06T16:00:00.000000000,0.547,0.0,0.0,0.033,1.4436680916683668,0.0
111024,2025-10-06T17:00:00.000000000,0.502,0.062,0.0,0.0,0.8103415090261945,0.0
111024,2025-10-06T18:00:00.000000000,0.909,0.02,0.0,0.066,2.5549935897614335,0.0
111024,2025-10-06T19:00:00.000000000,0.915,0.002,0.0,0.002,0.792464173745689,0.0
111024,2025-10-06T20:00:00.000000000,1.114,0.007,0.0,0.013000000000000001,1.6828140849289,0.0
111024,2025-10-06T21:00:00.000000000,0.891,0.0,0.0,0.017,1.0254556745326056,0.0
111024,2025-10-06T22:00:00.000000000,0.514,0.032,0.0,0.0,0.6679089689224944,0.0
111024,2025-10-06T23:00:00.000000000,0.447,0.06,0.0,0.0,0.6969230048695445,0.0
111024,2025-10-07T00:00:00.000000000,0.424,0.059,0.0,0.0,0.6866655174135167,0.0
111024,2025-10-07T01:00:00.000000000,0.42700000000000005,0.033,0.0,0.02,1.33728329319585,0.0
111024,2025-10-07T02:00:00.000000000,0.516,0.0,0.0,0.095,2.900231310424311,0.0
111024,2025-10-07T03:00:00.000000000,0.403,0.023,0.0,0.021,0.4442957423810889,0.0
111024,2025-10-07T04:00:00.000000000,0.393,0.051000000000000004,0.0,0.0,0.6787525985188667,0.0
111024,2025-10-07T05:00:00.000000000,0.429,0.07300000000000001,0.0,0.0,0.0,0.0
111024,2025-10-07T06:00:00.000000000,0.41400000000000003,0.062,0.0,0.0,0.3235504614701334,0.0
111024,2025-10-07T07:00:00.000000000,0.42900000000000005,0.052,0.0,0.0,0.5175635099241445,0.0
111024,2025-10-07T08:00:00.000000000,0.5800000000000001,0.030999999999999996,0.0,0.0,1.0289725273746722,0.0
111024,2025-10-07T09:00:00.000000000,0.508,0.024,0.0,0.0,0.3525644974171834,0.0
111024,2025-10-07T10:00:00.000000000,0.477,0.027000000000000003,0.0,0.0,1.486456467913511,0.0
111024,2025-10-07T11:00:00.000000000,0.461,0.01,0.0,0.0,0.7121627005185001,0.0
111024,2025-10-07T12:00:00.000000000,0.5800000000000001,0.004,0.0,0.016,0.34377236531201666,0.0
111024,2025-10-07T13:00:00.000000000,0.565,0.0,0.0,0.008,1.4697514169136945,0.0
111024,2025-10-07T14:00:00.000000000,0.5760000000000001,0.005,0.0,0.003,1.2215202204778224,0.0
111024,2025-10-07T15:00:00.000000000,0.672,0.0,0.0,0.016,0.6793387406592112,0.0
111024,2025-10-07T16:00:00.000000000,1.006,0.025,0.0,0.006,5.809254752953789,0.0
111024,2025-10-07T17:00:00.000000000,0.7100000000000001,0.04,0.0,0.0,1.4128956293002832,0.0
111024,2025-10-07T18:00:00.000000000,1.0,0.016,0.0,0.027,2.1634506400113445,0.0
111024,2025-10-07T19:00:00.000000000,1.136,0.0,0.0,0.046,1.948922616645278,0.0
111024,2025-10-07T20:00:00.000000000,1.0550000000000002,0.0,0.0,0.038,1.7135865472969833,0.0
111024,2025-10-07T21:00:00.000000000,0.663,0.013000000000000001,0.0,0.007,1.5359854787726168,0.0
111024,2025-10-07T22:00:00.000000000,1.196,0.0,0.0,0.01,0.6684951110628388,0.0
111024,2025-10-07T23:00:00.000000000,1.144,0.003,0.0,0.004,0.7634501377986389,0.0
111024,2025-10-08T00:00:00.000000000,0.472,0.040999999999999995,0.0,0.0,1.172284280688889,0.0
111024,2025-10-08T01:00:00.000000000,0.395,0.048,0.0,0.0,0.3235504614701334,0.0
111024,2025-10-08T02:00:00.000000000,0.401,0.055,0.0,0.0,0.0,0.0
111024,2025-10-08T03:00:00.000000000,0.40599999999999997,0.062,0.0,0.0,0.3235504614701334,0.0
111024,2025-10-08T04:00:00.000000000,0.405,0.064,0.0,0.0,0.0,0.0
111024,2025-10-08T05:00:00.000000000,0.506,0.091,0.0,0.0,0.3452377206628778,0.0
111024,2025-10-08T06:00:00.000000000,0.55,0.096,0.0,0.0,1.465062279790939,0.0
111024,2025-10-08T07:00:00.000000000,0.71,0.006,0.0,0.069,2.0265864502409165,0.0
111024,2025-10-08T08:00:00.000000000,0.618,0.04,0.0,0.0,0.3235504614701334,0.0
111024,2025-10-08T09:00:00.000000000,0.612,0.042,0.0,0.0,1.143563315812011,0.0
111024,2025-10-08T10:00:00.000000000,0.582,0.021,0.0,0.0,0.3235504614701334,0.0
111024,2025-10-08T11:00:00.000000000,0.42300000000000004,0.028,0.0,0.0,0.7883611787632778,0.0
111024,2025-10-08T12:00:00.000000000,0.493,0.0,0.0,0.038,0.8047731586929222,0.0
111024,2025-10-08T13:00:00.000000000,0.662,0.0,0.0,0.18000000000000002,0.99966542035745,0.0
111024,2025-10-08T14:00:00.000000000,0.7850000000000001,0.0,0.0,0.216,0.3235504614701334,0.0
111024,2025-10-08T15:00:00.000000000,0.842,0.0,0.0,0.241,0.7098181319571222,0.0
111024,2025-10-08T16:00:00.000000000,1.029,0.0,0.0,0.23199999999999998,0.7109904162378111,0.0
111024,2025-10-08T17:00:00.000000000,1.161,0.0,0.0,0.17800000000000002,0.36897647734682776,0.0
111024,2025-10-08T18:00:00.000000000,1.67,0.0,0.0,0.14900000000000002,1.8853261944179056,0.0
111024,2025-10-08T19:00:00.000000000,1.179,0.0,0.0,0.14200000000000002,1.7229648215424944,0.0
111024,2025-10-08T20:00:00.000000000,0.9239999999999999,0.0,0.0,0.10200000000000001,1.1280305490928835,0.0
111024,2025-10-08T21:00:00.000000000,0.68,0.012,0.0,0.035,0.33849708604891665,0.0
111024,2025-10-08T22:00:00.000000000,0.494,0.086,0.0,0.0,0.3235504614701334,0.0
111024,2025-10-08T23:00:00.000000000,0.514,0.16200000000000003,0.0,0.0,0.33849708604891665,0.0
111024,2025-10-09T00:00:00.000000000,0.558,0.208,0.0,0.0,0.3235504614701334,0.0
111024,2025-10-09T01:00:00.000000000,0.57,0.222,0.0,0.0,0.3235504614701334,0.0
111024,2025-10-09T02:00:00.000000000,0.6399999999999999,0.23299999999999998,0.0,0.0,0.0,0.0
111024,2025-10-09T03:00:00.000000000,0.772,0.251,0.0,0.0,0.6854932331328278,0.0
111024,2025-10-09T04:00:00.000000000,1.162,0.408,0.0,0.0,6.321542983614833,0.0
111024,2025-10-09T05:00:00.000000000,0.8959999999999999,0.335,0.0,0.0,2.8515815127757227,0.0
111024,2025-10-09T06:00:00.000000000,0.7750000000000001,0.302,0.0,0.0,1.0937412338827333,0.0
111024,2025-10-09T07:00:00.000000000,0.638,0.263,0.0,0.0,0.35549520811890556,0.0
111024,2025-10-09T08:00:00.000000000,0.469,0.123,0.0,0.0,0.3235504614701334,0.0
111024,2025-10-09T09:00:00.000000000,0.367,0.016,0.0,0.009000000000000001,0.3235504614701334,0.0
111024,2025-10-09T10:00:00.000000000,0.4590000000000001,0.0,0.0,0.065,0.7294538936586612,0.0
111024,2025-10-09T11:00:00.000000000,0.69,0.0,0.0,0.129,0.3235504614701334,0.0
111024,2025-10-09T12:00:00.000000000,0.7049999999999998,0.0,0.0,0.144,0.7974463819386167,0.0
111024,2025-10-09T13:00:00.000000000,0.702,0.0,0.0,0.145,0.7452797314479611,0.0
111024,2025-10-09T14:00:00.000000000,0.714,0.0,0.0,0.14700000000000002,0.7013190709221278,0.0
111024,2025-10-09T15:00:00.000000000,0.991,0.0,0.0,0.22699999999999998,1.4814742597205834,0.0
111024,2025-10-09T16:00:00.000000000,0.88,0.0,0.0,0.17600000000000002,0.30889690796152225,0.0
111024,2025-10-09T17:00:00.000000000,0.661,0.0,0.0,0.075,0.3235504614701334,0.0
111024,2025-10-09T18:00:00.000000000,0.6779999999999999,0.032,0.0,0.036,1.032489380216739,0.0
111024,2025-10-09T19:00:00.000000000,0.803,0.046,0.0,0.020000000000000004,0.3235504614701334,0.0
111024,2025-10-09T20:00:00.000000000,0.67,0.07400000000000001,0.0,0.0,0.0,0.0
111024,2025-10-09T21:00:00.000000000,0.643,0.121,0.0,0.0,1.111911640233411,0.0
111024,2025-10-09T22:00:00.000000000,0.592,0.123,0.0,0.0,0.6813902381504168,0.0
111024,2025-10-09T23:00:00.000000000,0.5680000000000001,0.186,0.0,0.0,0.7241786143955612,0.0
111024,2025-10-10T00:00:00.000000000,0.5710000000000001,0.221,0.0,0.0,0.0,0.0
111024,2025-10-10T01:00:00.000000000,0.611,0.263,0.0,0.0,0.3235504614701334,0.0
111024,2025-10-10T02:00:00.000000000,0.641,0.296,0.0,0.0,0.0,0.0
111024,2025-10-10T03:00:00.000000000,0.71,0.365,0.0,0.0,0.3235504614701334,0.0
111024,2025-10-10T04:00:00.000000000,0.7990000000000002,0.437,0.0,0.0,0.0,0.0
111024,2025-10-10T05:00:00.000000000,0.872,0.391,0.0,0.0,1.545363753018128,0.0
111024,2025-10-10T06:00:00.000000000,0.8160000000000001,0.29,0.0,0.0,2.2396491182561222,0.0
111024,2025-10-10T07:00:00.000000000,0.683,0.155,0.0,0.0,1.1107393559527223,0.0
111024,2025-10-10T08:00:00.000000000,0.5569999999999999,0.09599999999999999,0.0,0.0,0.3235504614701334,0.0
111024,2025-10-10T09:00:00.000000000,0.474,0.011,0.0,0.008,0.0,0.0
111024,2025-10-10T10:00:00.000000000,0.869,0.0,0.0,0.07300000000000001,1.5723262914739724,0.0
111024,2025-10-10T11:00:00.000000000,0.9329999999999999,0.0,0.0,0.13,4.644297249019205,0.0
111024,2025-10-10T12:00:00.000000000,1.118,0.0,0.0,0.176,7.210427539447184,0.0
111024,2025-10-10T13:00:00.000000000,1.1199999999999999,0.0,0.0,0.207,7.228597945797861,0.0
111024,2025-10-10T14:00:00.000000000,0.6920000000000001,0.0,0.0,0.207,1.8196782746993279,0.0
111024,2025-10-10T15:00:00.000000000,1.0150000000000001,0.0,0.0,0.276,2.537702396621272,0.0
111024,2025-10-10T16:00:00.000000000,1.081,0.0,0.0,0.237,0.7678462038512223,0.0
111024,2025-10-10T17:00:00.000000000,1.6059999999999999,0.0,0.0,0.133,0.33263566464547223,0.0
111024,2025-10-10T18:00:00.000000000,1.228,0.025,0.0,0.08700000000000001,1.0348339487781166,0.0
111024,2025-10-10T19:00:00.000000000,0.941,0.041999999999999996,0.0,0.044000000000000004,2.0309825162935002,0.0
111024,2025-10-10T20:00:00.000000000,0.9710000000000001,0.047,0.0,0.013999999999999999,1.701570633419922,0.0
111024,2025-10-10T21:00:00.000000000,0.855,0.078,0.0,0.0,1.4064480657564946,0.0
111024,2025-10-10T22:00:00.000000000,0.646,0.164,0.0,0.0,0.3235504614701334,0.0
111024,2025-10-10T23:00:00.000000000,0.595,0.206,0.0,0.0,0.0,0.0
111024,2025-10-11T00:00:00.000000000,0.588,0.22999999999999998,0.0,0.0,0.3235504614701334,0.0
111024,2025-10-11T01:00:00.000000000,0.608,0.26,0.0,0.0,0.3235504614701334,0.0
111024,2025-10-11T02:00:00.000000000,0.634,0.28800000000000003,0.0,0.0,0.0,0.0
111024,2025-10-11T03:00:00.000000000,0.655,0.31,0.0,0.0,0.3235504614701334,0.0
111024,2025-10-11T04:00:00.000000000,0.6890000000000001,0.348,0.0,0.0,0.8082900115349889,0.0
111024,2025-10-11T05:00:00.000000000,0.833,0.42,0.0,0.0,1.0878798124792888,0.0
111024,2025-10-11T06:00:00.000000000,0.754,0.21200000000000002,0.0,0.0,2.5555797319017777,0.0
111024,2025-10-11T07:00:00.000000000,0.744,0.131,0.0,0.0,0.99966542035745,0.0
111024,2025-10-11T08:00:00.000000000,0.619,0.018,0.0,0.05,2.100733430994489,0.0
111024,2025-10-11T09:00:00.000000000,0.51,0.0,0.0,0.040999999999999995,1.283358216284161,0.0
111024,2025-10-11T10:00:00.000000000,0.6020000000000001,0.0,0.0,0.067,1.0304378827255334,0.0
111024,2025-10-11T11:00:00.000000000,0.664,0.0,0.0,0.103,1.2745660841789945,0.0
111024,2025-10-11T12:00:00.000000000,0.687,0.0,0.0,0.126,0.9524809780597222,0.0
111024,2025-10-11T13:00:00.000000000,0.6890000000000001,0.0,0.0,0.131,1.9761782261712943,0.0
111024,2025-10-11T14:00:00.000000000,0.8619999999999999,0.0,0.0,0.139,2.7958980094430004,0.0
111024,2025-10-11T15:00:00.000000000,1.077,0.0,0.0,0.196,4.639021969756105,0.0
111024,2025-10-11T16:00:00.000000000,0.8440000000000001,0.0,0.0,0.133,2.202136021274078,0.0
111024,2025-10-11T17:00:00.000000000,0.6980000000000001,0.0,0.0,0.06999999999999999,1.3973628625811556,0.0
111024,2025-10-11T18:00:00.000000000,0.671,0.0,0.0,0.057,0.11107393559527222,0.0
111024,2025-10-11T19:00:00.000000000,0.627,0.0,0.0,0.055,1.1236344830403,0.0
111024,2025-10-11T20:00:00.000000000,0.39,0.0,0.0,0.008,0.0,0.0
111024,2025-10-11T21:00:00.000000000,0.533,0.011,0.0,0.0,0.6623406185892222,0.0
111024,2025-10-11T22:00:00.000000000,0.48,0.05600000000000001,0.0,0.0,0.8777478551658056,0.0
111024,2025-10-11T23:00:00.000000000,0.479,0.125,0.0,0.0,0.5679717339937667,0.0
111024,2025-10-12T00:00:00.000000000,0.528,0.176,0.0,0.0,0.0,0.0
111024,2025-10-12T01:00:00.000000000,0.557,0.209,0.0,0.0,0.3235504614701334,0.0
111024,2025-10-12T02:00:00.000000000,0.587,0.242,0.0,0.0,0.3235504614701334,0.0
111024,2025-10-12T03:00:00.000000000,0.615,0.272,0.0,0.0,0.0,0.0
111024,2025-10-12T04:00:00.000000000,0.639,0.29200000000000004,0.0,0.0,1.1283236201630555,0.0
111024,2025-10-12T05:00:00.000000000,0.782,0.34099999999999997,0.0,0.0,0.3610635584521778,0.0
111024,2025-10-12T06:00:00.000000000,0.686,0.337,0.0,0.0,0.3235504614701334,0.0
111024,2025-10-12T07:00:00.000000000,0.6,0.253,0.0,0.0,0.0,0.0
111024,2025-10-12T08:00:00.000000000,0.495,0.15,0.0,0.0,0.3235504614701334,0.0
111024,2025-10-12T09:00:00.000000000,0.43400000000000005,0.093,0.0,0.0,1.1755080624607834,0.0
111024,2025-10-12T10:00:00.000000000,0.358,0.017,0.0,0.002,0.0,0.0
111024,2025-10-12T11:00:00.000000000,0.379,0.0,0.0,0.039,0.3235504614701334,0.0
111024,2025-10-12T12:00:00.000000000,0.422,0.0,0.0,0.082,0.0,0.0
111024,2025-10-12T13:00:00.000000000,0.608,0.0,0.0,0.133,0.32355046147013333,0.0
111024,2025-10-12T14:00:00.000000000,0.73,0.0,0.0,0.163,0.0,0.0
111024,2025-10-12T15:00:00.000000000,0.8109999999999999,0.0,0.0,0.192,0.8789201394464945,0.0
111024,2025-10-12T16:00:00.000000000,0.87,0.0,0.0,0.157,0.0,0.0
111024,2025-10-12T17:00:00.000000000,1.1219999999999999,0.0,0.0,0.14,1.0817253200056722,0.0
111024,2025-10-12T18:00:00.000000000,0.994,0.0,0.0,0.10200000000000001,2.079339242871917,0.0
111024,2025-10-12T19:00:00.000000000,0.941,0.0,0.0,0.08700000000000001,1.6933646434551,0.0
111024,2025-10-12T20:00:00.000000000,1.059,0.0,0.0,0.069,2.8257912586005665,0.0
111024,2025-10-12T21:00:00.000000000,0.645,0.0,0.0,0.031000000000000003,1.3613151209499723,0.0
111024,2025-10-12T22:00:00.000000000,0.507,0.0,0.0,0.008,0.8159098593594667,0.0
111024,2025-10-12T23:00:00.000000000,0.41000000000000003,0.02,0.0,0.001,0.7909988183948278,0.0
111024,2025-10-13T00:00:00.000000000,0.42,0.064,0.0,0.0,0.3235504614701334,0.0
111024,2025-10-13T01:00:00.000000000,0.478,0.131,0.0,0.0,0.0,0.0
111024,2025-10-13T02:00:00.000000000,0.526,0.179,0.0,0.0,0.6793387406592112,0.0
111024,2025-10-13T03:00:00.000000000,0.552,0.207,0.0,0.0,0.0,0.0
111024,2025-10-13T04:00:00.000000000,0.599,0.23399999999999999,0.0,0.0,0.3235504614701334,0.0
111024,2025-10-13T05:00:00.000000000,0.672,0.28900000000000003,0.0,0.0,0.0,0.0
111024,2025-10-13T06:00:00.000000000,0.624,0.272,0.0,0.0,0.7496757975005444,0.0
111024,2025-10-13T07:00:00.000000000,0.601,0.13799999999999998,0.0,0.0,0.7098181319571222,0.0
111024,2025-10-13T08:00:00.000000000,0.491,0.004,0.0,0.025,0.0,0.0
111024,2025-10-13T09:00:00.000000000,0.5650000000000001,0.0,0.0,0.11,1.1359434679875333,0.0
111024,2025-10-13T10:00:00.000000000,0.733,0.0,0.0,0.19799999999999998,0.0,0.0
111024,2025-10-13T11:00:00.000000000,0.696,0.0,0.0,0.245,0.3387901571190889,0.0
111024,2025-10-13T12:00:00.000000000,0.734,0.0,0.0,0.28400000000000003,0.7907057473246556,0.0
111024,2025-10-13T13:00:00.000000000,0.766,0.0,0.0,0.317,0.3235504614701334,0.0
111024,2025-10-13T14:00:00.000000000,0.924,0.0,0.0,0.356,0.3235504614701334,0.0
111024,2025-10-13T15:00:00.000000000,1.2249999999999999,0.0,0.0,0.363,0.3499268577856333,0.0
111024,2025-10-13T16:00:00.000000000,1.653,0.0,0.0,0.332,0.3311703092946111,0.0
111024,2025-10-13T17:00:00.000000000,1.041,0.0,0.0,0.256,0.3235504614701334,0.0
111024,2025-10-13T18:00:00.000000000,1.032,0.0,0.0,0.194,1.4682860615628335,0.0
111024,2025-10-13T19:00:00.000000000,1.009,0.0,0.0,0.158,1.0688301929180946,0.0
111024,2025-10-13T20:00:00.000000000,0.9359999999999999,0.0,0.0,0.131,0.3235504614701334,0.0
111024,2025-10-13T21:00:00.000000000,0.7610000000000001,0.0,0.0,0.098,0.3387901571190889,0.0
111024,2025-10-13T22:00:00.000000000,0.552,0.0,0.0,0.07,0.6623406185892222,0.0
111024,2025-10-13T23:00:00.000000000,0.41600000000000004,0.0,0.0,0.05,0.0,0.0
111024,2025-10-14T00:00:00.000000000,0.389,0.0,0.0,0.039,0.35608135025925003,0.0
111024,2025-10-14T01:00:00.000000000,0.38,0.0,0.0,0.034,0.3235504614701334,0.0
111024,2025-10-14T02:00:00.000000000,0.367,0.0,0.0,0.021,0.7625709245881221,0.0
111024,2025-10-14T03:00:00.000000000,0.362,0.0,0.0,0.018,0.0,0.0
111024,2025-10-14T04:00:00.000000000,0.352,0.0,0.0,0.01,0.32355046147013333,0.0
111024,2025-10-14T05:00:00.000000000,0.372,0.014000000000000002,0.0,0.002,0.0,0.0
111024,2025-10-14T06:00:00.000000000,0.539,0.005,0.0,0.06,1.84371010245345,0.0
111024,2025-10-14T07:00:00.000000000,0.5800000000000001,0.0,0.0,0.028999999999999998,1.2810136477227834,0.0
111024,2025-10-14T08:00:00.000000000,0.505,0.0,0.0,0.042,0.5122882306610445,0.0
111024,2025-10-14T09:00:00.000000000,0.54,0.0,0.0,0.084,0.0,0.0
111024,2025-10-14T10:00:00.000000000,0.592,0.0,0.0,0.14100000000000001,0.6831486645714501,0.0
111024,2025-10-14T11:00:00.000000000,0.736,0.0,0.0,0.203,1.9879010689781835,0.0
111024,2025-10-14T12:00:00.000000000,0.79,0.0,0.0,0.22999999999999998,1.3349387246344722,0.0
111024,2025-10-14T13:00:00.000000000,1.254,0.0,0.0,0.246,1.1872309052676722,0.0
111024,2025-10-14T14:00:00.000000000,1.7469999999999999,0.0,0.0,0.273,1.9832119318554278,0.0
111024,2025-10-14T15:00:00.000000000,1.791,0.0,0.0,0.357,6.593219865664484,0.0
111024,2025-10-14T16:00:00.000000000,1.321,0.0,0.0,0.36900000000000005,5.533181804851556,0.0
111024,2025-10-14T17:00:00.000000000,1.2429999999999999,0.0,0.0,0.258,3.302031747630428,0.0
111024,2025-10-14T18:00:00.000000000,1.173,0.0,0.0,0.268,0.7983255951491333,0.0
111024,2025-10-14T19:00:00.000000000,1.252,0.0,0.0,0.22599999999999998,0.6834417356416222,0.0
111024,2025-10-14T20:00:00.000000000,1.0150000000000001,0.0,0.0,0.21,0.6717188928347333,0.0
111024,2025-10-14T21:00:00.000000000,0.859,0.0,0.0,0.197,0.713334984799189,0.0
111024,2025-10-14T22:00:00.000000000,0.681,0.0,0.0,0.184,0.7112834873079834,0.0
111024,2025-10-14T23:00:00.000000000,0.548,0.0,0.0,0.174,0.3273603853823722,0.0
111024,2025-10-15T00:00:00.000000000,0.513,0.0,0.0,0.165,0.3387901571190889,0.0
111024,2025-10-15T01:00:00.000000000,0.501,0.0,0.0,0.155,0.3235504614701334,0.0
111024,2025-10-15T02:00:00.000000000,0.477,0.0,0.0,0.132,0.0,0.0
111024,2025-10-15T03:00:00.000000000,0.445,0.0,0.0,0.10200000000000001,0.3235504614701334,0.0
111024,2025-10-15T04:00:00.000000000,0.421,0.0,0.0,0.08,0.0,0.0
111024,2025-10-15T05:00:00.000000000,0.46199999999999997,0.0,0.0,0.047999999999999994,0.692233867746789,0.0
111024,2025-10-15T06:00:00.000000000,0.499,0.0,0.0,0.038000000000000006,0.3235504614701334,0.0
111024,2025-10-15T07:00:00.000000000,0.489,0.0,0.0,0.026,0.0,0.0
111024,2025-10-15T08:00:00.000000000,0.492,0.0,0.0,0.031,0.3235504614701334,0.0
111024,2025-10-15T09:00:00.000000000,0.515,0.0,0.0,0.06,1.1661297882152724,0.0
111024,2025-10-15T10:00:00.000000000,0.54,0.0,0.0,0.089,0.32648117217185557,0.0
111024,2025-10-15T11:00:00.000000000,0.549,0.0,0.0,0.098,0.0,0.0
111024,2025-10-15T12:00:00.000000000,0.554,0.0,0.0,0.103,0.3235504614701334,0.0
111024,2025-10-15T13:00:00.000000000,0.556,0.0,0.0,0.10800000000000001,0.7918780316053444,0.0
111024,2025-10-15T14:00:00.000000000,0.649,0.0,0.0,0.157,1.4668207062119722,0.0
111024,2025-10-15T15:00:00.000000000,0.596,0.0,0.0,0.125,0.3235504614701334,0.0
111024,2025-10-15T16:00:00.000000000,0.622,0.0,0.0,0.10999999999999999,0.6796318117293834,0.0
111024,2025-10-15T17:00:00.000000000,0.628,0.0,0.0,0.039999999999999994,0.6948715073783389,0.0
111024,2025-10-15T18:00:00.000000000,0.64,0.0,0.0,0.031,0.6778733853083501,0.0
111024,2025-10-15T19:00:00.000000000,0.661,0.036000000000000004,0.0,0.009000000000000001,0.6799248827995557,0.0
111024,2025-10-15T20:00:00.000000000,0.863,0.05,0.0,0.004,0.3390832281892611,0.0
111024,2025-10-15T21:00:00.000000000,0.7370000000000001,0.07300000000000001,0.0,0.0,0.3387901571190889,0.0
111024,2025-10-15T22:00:00.000000000,0.587,0.133,0.0,0.0,0.3235504614701334,0.0
111024,2025-10-15T23:00:00.000000000,0.525,0.172,0.0,0.0,0.0,0.0
111024,2025-10-16T00:00:00.000000000,0.555,0.206,0.0,0.0,0.3235504614701334,0.0
111024,2025-10-16T01:00:00.000000000,0.583,0.236,0.0,0.0,0.3680972641363111,0.0
111024,2025-10-16T02:00:00.000000000,0.594,0.247,0.0,0.0,0.3235504614701334,0.0
111024,2025-10-16T03:00:00.000000000,0.615,0.271,0.0,0.0,0.0,0.0
111024,2025-10-16T04:00:00.000000000,0.633,0.292,0.0,0.0,0.3235504614701334,0.0
111024,2025-10-16T05:00:00.000000000,0.75,0.33699999999999997,0.0,0.0,0.8167890725699833,0.0
111024,2025-10-16T06:00:00.000000000,0.792,0.33,0.0,0.0,0.3235504614701334,0.0
111024,2025-10-16T07:00:00.000000000,0.7790000000000001,0.316,0.0,0.0,0.0,0.0
111024,2025-10-16T08:00:00.000000000,0.7389999999999999,0.277,0.0,0.0,0.3235504614701334,0.0
111024,2025-10-16T09:00:00.000000000,0.667,0.21,0.0,0.0,0.0,0.0
111024,2025-10-16T10:00:00.000000000,0.648,0.196,0.0,0.0,1.0518320708481055,0.0
111024,2025-10-16T11:00:00.000000000,0.577,0.07500000000000001,0.0,0.011,1.5603103775969114,0.0
111024,2025-10-16T12:00:00.000000000,0.528,0.057,0.0,0.006,0.7678462038512223,0.0
111024,2025-10-16T13:00:00.000000000,0.43999999999999995,0.072,0.0,0.0,1.1886962606185332,0.0
111024,2025-10-16T14:00:00.000000000,0.382,0.045000000000000005,0.0,0.0,0.3235504614701334,0.0
111024,2025-10-16T15:00:00.000000000,0.475,0.032,0.0,0.0,1.517815072421939,0.0
111024,2025-10-16T16:00:00.000000000,0.579,0.024,0.0,0.0,0.7139211269395334,0.0
111024,2025-10-16T17:00:00.000000000,0.823,0.09,0.0,0.0,0.0,0.0
111024,2025-10-16T18:00:00.000000000,0.712,0.10300000000000001,0.0,0.0,0.3235504614701334,0.0
111024,2025-10-16T19:00:00.000000000,0.766,0.14900000000000002,0.0,0.0,0.8135652907980888,0.0
111024,2025-10-16T20:00:00.000000000,0.9360000000000002,0.176,0.0,0.0,1.996986272153522,0.0
111024,2025-10-16T21:00:00.000000000,1.033,0.14400000000000002,0.0,0.0,0.7183171929921166,0.0
111024,2025-10-16T22:00:00.000000000,1.0990000000000002,0.28600000000000003,0.0,0.0,6.5741702461032885,0.0
111024,2025-10-16T23:00:00.000000000,0.643,0.255,0.0,0.0,1.1098601427422055,0.0
111024,2025-10-17T00:00:00.000000000,0.639,0.29,0.0,0.0,0.0,0.0
111024,2025-10-17T01:00:00.000000000,0.645,0.297,0.0,0.0,0.3390832281892611,0.0
111024,2025-10-17T02:00:00.000000000,0.646,0.301,0.0,0.0,0.32355046147013333,0.0
111024,2025-10-17T03:00:00.000000000,0.664,0.32,0.0,0.0,0.0,0.0
111024,2025-10-17T04:00:00.000000000,0.704,0.355,0.0,0.0,0.6860793752731723,0.0
111024,2025-10-17T05:00:00.000000000,0.851,0.333,0.0,0.0,2.514549782077667,0.0
111024,2025-10-17T06:00:00.000000000,0.901,0.319,0.0,0.0,1.1133769955842723,0.0
111024,2025-10-17T07:00:00.000000000,0.878,0.28400000000000003,0.0,0.0,0.78337897057035,0.0
111024,2025-10-17T08:00:00.000000000,0.863,0.28500000000000003,0.0,0.0,0.0,0.0
111024,2025-10-17T09:00:00.000000000,0.732,0.247,0.0,0.0,0.3235504614701334,0.0
111024,2025-10-17T10:00:00.000000000,0.587,0.219,0.0,0.0,1.1321335440752944,0.0
111024,2025-10-17T11:00:00.000000000,0.493,0.125,0.0,0.0,0.0,0.0
111024,2025-10-17T12:00:00.000000000,0.496,0.046,0.0,0.0,0.6781664563785222,0.0
111024,2025-10-17T13:00:00.000000000,0.461,0.0,0.0,0.013000000000000001,0.3235504614701334,0.0
111024,2025-10-17T14:00:00.000000000,0.49,0.0,0.0,0.038000000000000006,0.0,0.0
111024,2025-10-17T15:00:00.000000000,0.5940000000000001,0.0,0.0,0.056999999999999995,2.4483157202187447,0.0
111024,2025-10-17T16:00:00.000000000,0.659,0.0,0.0,0.07100000000000001,0.3235504614701334,0.0
111024,2025-10-17T17:00:00.000000000,0.7209999999999999,0.123,0.0,0.011,1.1271513358823666,0.0
111024,2025-10-17T18:00:00.000000000,0.8190000000000001,0.20900000000000002,0.0,0.0,0.37513096982044447,0.0
111024,2025-10-17T19:00:00.000000000,0.98,0.222,0.0,0.0,0.9899940750417668,0.0
111024,2025-10-17T20:00:00.000000000,1.052,0.32999999999999996,0.0,0.0,1.2373460582671223,0.0
111024,2025-10-17T21:00:00.000000000,0.985,0.46399999999999997,0.0,0.0,0.3235504614701334,0.0
111024,2025-10-17T22:00:00.000000000,0.97,0.546,0.0,0.0,1.5989957588596444,0.0
111024,2025-10-17T23:00:00.000000000,0.958,0.604,0.0,0.0,0.3235504614701334,0.0
111024,2025-10-18T00:00:00.000000000,1.0230000000000001,0.673,0.0,0.0,0.3235504614701334,0.0
111024,2025-10-18T01:00:00.000000000,1.066,0.714,0.0,0.0,0.0,0.0
111024,2025-10-18T02:00:00.000000000,1.109,0.758,0.0,0.0,0.3235504614701334,0.0
111024,2025-10-18T03:00:00.000000000,1.144,0.794,0.0,0.0,0.0,0.0
111024,2025-10-18T04:00:00.000000000,1.161,0.813,0.0,0.0,0.3235504614701334,0.0
111024,2025-10-18T05:00:00.000000000,1.275,0.892,0.0,0.0,0.0,0.0
111024,2025-10-18T06:00:00.000000000,1.193,0.6890000000000001,0.0,0.0,0.8789201394464945,0.0
111024,2025-10-18T07:00:00.000000000,0.944,0.481,0.0,0.0,0.34435850745236113,0.0
111024,2025-10-18T08:00:00.000000000,0.7150000000000001,0.252,0.0,0.0,1.51664278814125,0.0
111024,2025-10-18T09:00:00.000000000,0.563,0.107,0.0,0.0,0.3235504614701334,0.0
111024,2025-10-18T10:00:00.000000000,0.475,0.024999999999999998,0.0,0.0,1.0532974261989667,0.0
111024,2025-10-18T11:00:00.000000000,0.46199999999999997,0.0,0.0,0.011,1.4882148943345446,0.0
111024,2025-10-18T12:00:00.000000000,0.563,0.0,0.0,0.04,0.3235504614701334,0.0
111024,2025-10-18T13:00:00.000000000,0.895,0.0,0.0,0.053000000000000005,1.0535904972691388,0.0
111024,2025-10-18T14:00:00.000000000,0.46,0.0,0.0,0.064,0.3235504614701334,0.0
111024,2025-10-18T15:00:00.000000000,0.661,0.0,0.0,0.091,0.3390832281892611,0.0
111024,2025-10-18T16:00:00.000000000,0.628,0.0,0.0,0.081,0.3235504614701334,0.0
111024,2025-10-18T17:00:00.000000000,0.62,0.0,0.0,0.033,0.7505550107110611,0.0
111024,2025-10-18T18:00:00.000000000,1.024,0.0,0.0,0.033999999999999996,0.33585944641736665,0.0
111024,2025-10-18T19:00:00.000000000,1.172,0.0,0.0,0.032,1.0333685934272556,0.0
111024,2025-10-18T20:00:00.000000000,0.8109999999999999,0.0,0.0,0.003,1.8894291894003168,0.0
111024,2025-10-18T21:00:00.000000000,0.7250000000000001,0.004,0.0,0.006,0.681683309220589,0.0
111024,2025-10-18T22:00:00.000000000,0.474,0.035,0.0,0.0,0.3390832281892611,0.0
111024,2025-10-18T23:00:00.000000000,0.409,0.057,0.0,0.0,0.0,0.0
111024,2025-10-19T00:00:00.000000000,0.414,0.065,0.0,0.0,0.3235504614701334,0.0
111024,2025-10-19T01:00:00.000000000,0.43,0.08199999999999999,0.0,0.0,0.0,0.0
111024,2025-10-19T02:00:00.000000000,0.448,0.10200000000000001,0.0,0.0,0.6799248827995557,0.0
111024,2025-10-19T03:00:00.000000000,0.493,0.15,0.0,0.0,0.0,0.0
111024,2025-10-19T04:00:00.000000000,0.5780000000000001,0.226,0.0,0.0,2.0541351308371056,0.0
111024,2025-10-19T05:00:00.000000000,0.7349999999999999,0.255,0.0,0.0,0.6640990450102555,0.0
111024,2025-10-19T06:00:00.000000000,0.8,0.239,0.0,0.0,1.2584471753195223,0.0
111024,2025-10-19T07:00:00.000000000,1.268,0.124,0.0,0.0,1.1432702447418388,0.0
111024,2025-10-19T08:00:00.000000000,0.68,0.103,0.0,0.0,1.6189245916313555,0.0
111024,2025-10-19T09:00:00.000000000,0.625,0.056,0.0,0.0,1.876534062312739,0.0
111024,2025-10-19T10:00:00.000000000,0.548,0.012,0.0,0.002,0.8962113325866555,0.0
111024,2025-10-19T11:00:00.000000000,0.925,0.0,0.0,0.025,1.9503879719961388,0.0
111024,2025-10-19T12:00:00.000000000,0.566,0.0,0.0,0.043000000000000003,0.6986814312905778,0.0
111024,2025-10-19T13:00:00.000000000,0.43400000000000005,0.0,0.0,0.063,0.7909988183948277,0.0
111024,2025-10-19T14:00:00.000000000,0.736,0.0,0.0,0.208,2.545029173375578,0.0
111024,2025-10-19T15:00:00.000000000,0.704,0.0,0.0,0.166,2.169605132484961,0.0
111024,2025-10-19T16:00:00.000000000,0.774,0.0,0.0,0.10300000000000001,1.0556419947603446,0.0
111024,2025-10-19T17:00:00.000000000,0.899,0.0,0.0,0.040999999999999995,0.3235504614701334,0.0
111024,2025-10-19T18:00:00.000000000,0.976,0.0,0.0,0.036000000000000004,1.0430399387429388,0.0
111024,2025-10-19T19:00:00.000000000,0.882,0.0,0.0,0.028,0.33468716213667776,0.0
111024,2025-10-19T20:00:00.000000000,0.8200000000000001,0.01,0.0,0.002,1.0541766394094834,0.0
111024,2025-10-19T21:00:00.000000000,0.6110000000000001,0.09,0.0,0.0,1.4700444879838668,0.0
111024,2025-10-19T22:00:00.000000000,0.58,0.155,0.0,0.0,0.3563744213294222,0.0
111024,2025-10-19T23:00:00.000000000,0.554,0.196,0.0,0.0,1.1180661327070278,0.0
111024,2025-10-20T00:00:00.000000000,0.5700000000000001,0.22,0.0,0.0,0.0,0.0
111024,2025-10-20T01:00:00.000000000,0.602,0.254,0.0,0.0,0.3390832281892611,0.0
111024,2025-10-20T02:00:00.000000000,0.623,0.278,0.0,0.0,0.3235504614701334,0.0
111024,2025-10-20T03:00:00.000000000,0.641,0.297,0.0,0.0,0.0,0.0
111024,2025-10-20T04:00:00.000000000,0.662,0.318,0.0,0.0,0.3235504614701334,0.0
111024,2025-10-20T05:00:00.000000000,0.7329999999999999,0.356,0.0,0.0,0.3235504614701334,0.0
111024,2025-10-20T06:00:00.000000000,0.848,0.307,0.0,0.0,0.943102703814211,0.0
111024,2025-10-20T07:00:00.000000000,0.7409999999999999,0.249,0.0,0.0,0.5175635099241445,0.0
111024,2025-10-20T08:00:00.000000000,0.8049999999999999,0.169,0.0,0.0,2.7068044041106445,0.0
111024,2025-10-20T09:00:00.000000000,0.628,0.08600000000000001,0.0,0.0,0.0,0.0
111024,2025-10-20T10:00:00.000000000,0.399,0.061,0.0,0.0,0.7112834873079834,0.0
111024,2025-10-20T11:00:00.000000000,0.497,0.003,0.0,0.014,1.0409884412517334,0.0
111024,2025-10-20T12:00:00.000000000,0.5890000000000001,0.0,0.0,0.028000000000000004,1.5359854787726166,0.0
111024,2025-10-20T13:00:00.000000000,0.593,0.0,0.0,0.035,1.9254769310315,0.0
111024,2025-10-20T14:00:00.000000000,0.67,0.0,0.0,0.084,0.555369677976361,0.0
111024,2025-10-20T15:00:00.000000000,0.554,0.0,0.0,0.05399999999999999,0.6957507205888556,0.0
111024,2025-10-20T16:00:00.000000000,0.562,0.0,0.0,0.048,0.3390832281892611,0.0
111024,2025-10-20T17:00:00.000000000,0.89,0.0,0.0,0.043,0.6945784363081666,0.0
111024,2025-10-20T18:00:00.000000000,1.136,0.0,0.0,0.067,1.441616594177161,0.0
111024,2025-10-20T19:00:00.000000000,1.1649999999999998,0.0,0.0,0.076,0.0,0.0
111024,2025-10-20T20:00:00.000000000,1.081,0.0,0.0,0.064,0.6802179538697279,0.0
111024,2025-10-20T21:00:00.000000000,0.786,0.0,0.0,0.042,0.3804062490835445,0.0
111024,2025-10-20T22:00:00.000000000,0.43699999999999994,0.0,0.0,0.016,0.3235504614701334,0.0
111024,2025-10-20T23:00:00.000000000,0.36,0.0,0.0,0.008,0.3393762992594333,0.0
111024,2025-10-21T00:00:00.000000000,0.359,0.0,0.0,0.011,0.3235504614701334,0.0
111024,2025-10-21T01:00:00.000000000,0.357,0.0,0.0,0.01,0.3235504614701334,0.0
111024,2025-10-21T02:00:00.000000000,0.352,0.0,0.0,0.007,0.3393762992594333,0.0
111024,2025-10-21T03:00:00.000000000,0.356,0.0,0.0,0.012,0.0,0.0
111024,2025-10-21T04:00:00.000000000,0.357,0.0,0.0,0.015,0.3235504614701334,0.0
111024,2025-10-21T05:00:00.000000000,0.369,0.0,0.0,0.012,0.3235504614701334,0.0
111024,2025-10-21T06:00:00.000000000,0.37,0.003,0.0,0.016,0.9518948359193778,0.0
111024,2025-10-21T07:00:00.000000000,0.5730000000000001,0.0,0.0,0.05,0.67259810604525,0.0
111024,2025-10-21T08:00:00.000000000,0.715,0.0,0.0,0.08,1.1503039504259722,0.0
111024,2025-10-21T09:00:00.000000000,0.647,0.0,0.0,0.076,1.09989572635635,0.0
111024,2025-10-21T10:00:00.000000000,0.669,0.0,0.0,0.107,1.1078086452509999,0.0
111024,2025-10-21T11:00:00.000000000,0.661,0.0,0.0,0.155,0.3393762992594333,0.0
111024,2025-10-21T12:00:00.000000000,0.7330000000000001,0.0,0.0,0.245,1.802973223699511,0.0
111024,2025-10-21T13:00:00.000000000,0.637,0.0,0.0,0.188,0.3235504614701334,0.0
111024,2025-10-21T14:00:00.000000000,0.742,0.0,0.0,0.17400000000000002,0.3393762992594333,0.0
111024,2025-10-21T15:00:00.000000000,0.7569999999999999,0.0,0.0,0.158,0.3235504614701334,0.0
111024,2025-10-21T16:00:00.000000000,1.158,0.0,0.0,0.267,2.13385046192395,0.0
111024,2025-10-21T17:00:00.000000000,1.1969999999999998,0.0,0.0,0.295,2.578439275375211,0.0
111024,2025-10-21T18:00:00.000000000,1.371,0.0,0.0,0.235,2.8703380612667444,0.0
111024,2025-10-21T19:00:00.000000000,1.25,0.0,0.0,0.20600000000000002,1.5254349202464168,0.0
111024,2025-10-21T20:00:00.000000000,1.309,0.0,0.0,0.18200000000000002,1.4606662137383557,0.0
111024,2025-10-21T21:00:00.000000000,0.669,0.0,0.0,0.151,1.059158847602411,0.0
111024,2025-10-21T22:00:00.000000000,0.5770000000000001,0.0,0.0,0.14,0.0,0.0
111024,2025-10-21T23:00:00.000000000,0.511,0.0,0.0,0.122,0.3393762992594333,0.0
111024,2025-10-22T00:00:00.000000000,0.46399999999999997,0.0,0.0,0.108,0.3235504614701334,0.0
111024,2025-10-22T01:00:00.000000000,0.438,0.0,0.0,0.09100000000000001,0.0,0.0
111024,2025-10-22T02:00:00.000000000,0.406,0.0,0.0,0.061,0.6778733853083501,0.0
111024,2025-10-22T03:00:00.000000000,0.38,0.0,0.0,0.035,0.0,0.0
111024,2025-10-22T04:00:00.000000000,0.344,0.003,0.0,0.001,0.3235504614701334,0.0
111024,2025-10-22T05:00:00.000000000,0.39,0.037,0.0,0.0,0.0,0.0
111024,2025-10-22T06:00:00.000000000,0.385,0.037,0.0,0.0,0.3235504614701334,0.0
111024,2025-10-22T07:00:00.000000000,0.401,0.023,0.0,0.003,1.1755080624607834,0.0
111024,2025-10-22T08:00:00.000000000,0.505,0.0,0.0,0.044,0.3675111219959667,0.0
111024,2025-10-22T09:00:00.000000000,0.5660000000000001,0.0,0.0,0.109,0.3235504614701334,0.0
111024,2025-10-22T10:00:00.000000000,0.605,0.0,0.0,0.15500000000000003,0.3188613243473778,0.0
111024,2025-10-22T11:00:00.000000000,0.636,0.0,0.0,0.186,0.004689137122755556,0.0
111024,2025-10-22T12:00:00.000000000,0.654,0.0,0.0,0.204,0.6963368627291999,0.0
111024,2025-10-22T13:00:00.000000000,0.67,0.0,0.0,0.221,0.8478546060082388,0.0
111024,2025-10-22T14:00:00.000000000,0.6950000000000001,0.0,0.0,0.243,1.0040614864100332,0.0
111024,2025-10-22T15:00:00.000000000,0.7709999999999999,0.0,0.0,0.261,0.43462439706540557,0.0
111024,2025-10-22T16:00:00.000000000,1.088,0.0,0.0,0.36,1.9119956618035778,0.0
111024,2025-10-22T17:00:00.000000000,0.879,0.0,0.0,0.147,0.6963368627291999,0.0
111024,2025-10-22T18:00:00.000000000,0.6890000000000001,0.0,0.0,0.079,0.7139211269395334,0.0
111024,2025-10-22T19:00:00.000000000,0.759,0.043,0.0,0.04,0.6963368627291999,0.0
111024,2025-10-22T20:00:00.000000000,0.763,0.063,0.0,0.003,1.079966893584639,0.0
111024,2025-10-22T21:00:00.000000000,0.7010000000000001,0.068,0.0,0.0,0.7980325240789611,0.0
111024,2025-10-22T22:00:00.000000000,0.45299999999999996,0.028000000000000004,0.0,0.0,0.3235504614701334,0.0
111024,2025-10-22T23:00:00.000000000,0.404,0.049999999999999996,0.0,0.0,0.0,0.0
111024,2025-10-23T00:00:00.000000000,0.419,0.07100000000000001,0.0,0.0,0.3393762992594333,0.0
111024,2025-10-23T01:00:00.000000000,0.456,0.10999999999999999,0.0,0.0,0.32355046147013333,0.0
111024,2025-10-23T02:00:00.000000000,0.516,0.172,0.0,0.0,0.0,0.0
111024,2025-10-23T03:00:00.000000000,0.545,0.20099999999999998,0.0,0.0,0.3235504614701334,0.0
111024,2025-10-23T04:00:00.000000000,0.5650000000000001,0.224,0.0,0.0,0.0,0.0
111024,2025-10-23T05:00:00.000000000,0.6499999999999999,0.276,0.0,0.0,0.35021992885580555,0.0
111024,2025-10-23T06:00:00.000000000,0.8430000000000001,0.243,0.0,0.0,0.7663808485003611,0.0
111024,2025-10-23T07:00:00.000000000,0.77,0.196,0.0,0.0,0.9228807999723277,0.0
111024,2025-10-23T08:00:00.000000000,1.0899999999999999,0.137,0.0,0.0,7.1957739859385725,0.0
111024,2025-10-23T09:00:00.000000000,0.783,0.001,0.0,0.016,4.816329967210299,0.0
111024,2025-10-23T10:00:00.000000000,1.057,0.0,0.0,0.124,2.1622783557306557,0.0
111024,2025-10-23T11:00:00.000000000,0.696,0.0,0.0,0.133,0.6975091470098889,0.0
111024,2025-10-23T12:00:00.000000000,0.742,0.0,0.0,0.181,1.0374715884096668,0.0
111024,2025-10-23T13:00:00.000000000,0.7599999999999999,0.0,0.0,0.269,1.545363753018128,0.0
111024,2025-10-23T14:00:00.000000000,0.925,0.0,0.0,0.39399999999999996,2.2214787119054447,0.0
111024,2025-10-23T15:00:00.000000000,0.9239999999999999,0.0,0.0,0.396,1.8785855598039447,0.0
111024,2025-10-23T16:00:00.000000000,0.7630000000000001,0.0,0.0,0.248,0.3235504614701334,0.0
111024,2025-10-23T17:00:00.000000000,0.959,0.0,0.0,0.17500000000000002,0.7139211269395334,0.0
111024,2025-10-23T18:00:00.000000000,0.958,0.0,0.0,0.118,1.6461802011573723,0.0
111024,2025-10-23T19:00:00.000000000,0.9319999999999999,0.0,0.0,0.079,0.7051289948343666,0.0
111024,2025-10-23T20:00:00.000000000,0.8270000000000001,0.034,0.0,0.036000000000000004,0.7373668125533112,0.0
111024,2025-10-23T21:00:00.000000000,0.6579999999999999,0.074,0.0,0.0,0.6995606445010945,0.0
111024,2025-10-23T22:00:00.000000000,0.599,0.13,0.0,0.0,1.1535277321978668,0.0
111024,2025-10-23T23:00:00.000000000,0.531,0.18,0.0,0.0,0.3393762992594333,0.0
111024,2025-10-24T00:00:00.000000000,0.576,0.226,0.0,0.0,0.3235504614701334,0.0
111024,2025-10-24T01:00:00.000000000,0.608,0.26,0.0,0.0,0.3235504614701334,0.0
111024,2025-10-24T02:00:00.000000000,0.634,0.28900000000000003,0.0,0.0,0.0,0.0
111024,2025-10-24T03:00:00.000000000,0.662,0.318,0.0,0.0,0.3393762992594333,0.0
111024,2025-10-24T04:00:00.000000000,0.671,0.33,0.0,0.0,0.3235504614701334,0.0
111024,2025-10-24T05:00:00.000000000,0.79,0.377,0.0,0.0,0.7951018133772388,0.0
111024,2025-10-24T06:00:00.000000000,0.7270000000000001,0.33,0.0,0.0,0.0,0.0
111024,2025-10-24T07:00:00.000000000,0.688,0.254,0.0,0.0,0.3235504614701334,0.0
111024,2025-10-24T08:00:00.000000000,0.62,0.158,0.0,0.0,0.3235504614701334,0.0
111024,2025-10-24T09:00:00.000000000,0.536,0.05299999999999999,0.0,0.0,0.0,0.0
111024,2025-10-24T10:00:00.000000000,0.373,0.0,0.0,0.007,0.3393762992594333,0.0
111024,2025-10-24T11:00:00.000000000,0.41100000000000003,0.0,0.0,0.040999999999999995,1.7115350498057778,0.0
111024,2025-10-24T12:00:00.000000000,0.651,0.0,0.0,0.149,2.6877547845494503,0.0
111024,2025-10-24T13:00:00.000000000,0.556,0.0,0.0,0.08099999999999999,1.5928412663860279,0.0
111024,2025-10-24T14:00:00.000000000,0.55,0.0,0.0,0.097,0.7350222439919333,0.0
111024,2025-10-24T15:00:00.000000000,0.781,0.0,0.0,0.16999999999999998,1.9908317796799055,0.0
111024,2025-10-24T16:00:00.000000000,0.8049999999999999,0.0,0.0,0.214,2.2214787119054447,0.0
111024,2025-10-24T17:00:00.000000000,1.422,0.0,0.0,0.154,2.4799673957973445,0.0
111024,2025-10-24T18:00:00.000000000,1.036,0.0,0.0,0.096,1.0741054721811945,0.0
111024,2025-10-24T19:00:00.000000000,0.945,0.0,0.0,0.092,0.6717188928347333,0.0
111024,2025-10-24T20:00:00.000000000,0.7300000000000001,0.0,0.0,0.076,0.0,0.0
111024,2025-10-24T21:00:00.000000000,0.5750000000000001,0.0,0.0,0.055,1.1312543308647778,0.0
111024,2025-10-24T22:00:00.000000000,0.531,0.0,0.0,0.061,0.48767026076657777,0.0
111024,2025-10-24T23:00:00.000000000,0.526,0.0,0.0,0.10300000000000001,2.4184224710611777,0.0
111024,2025-10-25T00:00:00.000000000,0.419,0.0,0.0,0.056999999999999995,0.3235504614701334,0.0
111024,2025-10-25T01:00:00.000000000,0.40700000000000003,0.0,0.0,0.056,0.0,0.0
111024,2025-10-25T02:00:00.000000000,0.401,0.0,0.0,0.055,0.3235504614701334,0.0
111024,2025-10-25T03:00:00.000000000,0.396,0.0,0.0,0.052,0.0,0.0
111024,2025-10-25T04:00:00.000000000,0.386,0.0,0.0,0.046,0.6810971670802445,0.0
111024,2025-10-25T05:00:00.000000000,0.393,0.0,0.0,0.02,0.3519783552768389,0.0
111024,2025-10-25T06:00:00.000000000,0.406,0.0,0.0,0.006,0.11107393559527222,0.0
111024,2025-10-25T07:00:00.000000000,0.65,0.0,0.0,0.111,2.545029173375578,0.0
111024,2025-10-25T08:00:00.000000000,0.549,0.0,0.0,0.132,2.1104047763101725,0.0
111024,2025-10-25T09:00:00.000000000,0.408,0.0,0.0,0.065,0.32325739039996115,0.0
111024,2025-10-25T10:00:00.000000000,0.548,0.0,0.0,0.09699999999999999,0.3572536345399389,0.0
111024,2025-10-25T11:00:00.000000000,0.568,0.0,0.0,0.118,0.6810971670802445,0.0
111024,2025-10-25T12:00:00.000000000,1.0310000000000001,0.0,0.0,0.13,2.39761442507895,0.0
111024,2025-10-25T13:00:00.000000000,0.6990000000000001,0.0,0.0,0.15000000000000002,1.1878170474080167,0.0
111024,2025-10-25T14:00:00.000000000,0.534,0.0,0.0,0.168,0.0,0.0
111024,2025-10-25T15:00:00.000000000,0.6090000000000001,0.0,0.0,0.165,0.3235504614701334,0.0
111024,2025-10-25T16:00:00.000000000,0.815,0.0,0.0,0.18,2.525979553814383,0.0
111024,2025-10-25T17:00:00.000000000,0.924,0.022,0.0,0.066,0.7189033351324612,0.0
111024,2025-10-25T18:00:00.000000000,0.9159999999999999,0.048,0.0,0.030000000000000002,1.148545524004939,0.0
111024,2025-10-25T19:00:00.000000000,0.914,0.048,0.0,0.012000000000000002,1.1171869194965112,0.0
111024,2025-10-25T20:00:00.000000000,0.608,0.114,0.0,0.0,1.1374088233383943,0.0
111024,2025-10-25T21:00:00.000000000,0.587,0.21,0.0,0.0,0.3235504614701334,0.0
111024,2025-10-25T22:00:00.000000000,0.688,0.29400000000000004,0.0,0.0,1.5538628140531223,0.0
111024,2025-10-25T23:00:00.000000000,0.7569999999999999,0.382,0.0,0.0,1.488801036474889,0.0
111024,2025-10-26T00:00:00.000000000,0.768,0.419,0.0,0.0,0.33204952250512776,0.0
111024,2025-10-26T01:00:00.000000000,0.8,0.452,0.0,0.0,0.0,0.0
111024,2025-10-26T02:00:00.000000000,0.836,0.49,0.0,0.0,0.3235504614701334,0.0
111024,2025-10-26T03:00:00.000000000,0.877,0.532,0.0,0.0,0.0,0.0
111024,2025-10-26T04:00:00.000000000,0.928,0.5850000000000001,0.0,0.0,0.3235504614701334,0.0
111024,2025-10-26T05:00:00.000000000,1.0899999999999999,0.7309999999999999,0.0,0.0,0.0,0.0
111024,2025-10-26T06:00:00.000000000,1.051,0.6990000000000001,0.0,0.0,0.3235504614701334,0.0
111024,2025-10-26T07:00:00.000000000,0.8779999999999999,0.531,0.0,0.0,0.0,0.0
111024,2025-10-26T08:00:00.000000000,0.664,0.318,0.0,0.0,0.3235504614701334,0.0
111024,2025-10-26T09:00:00.000000000,0.504,0.163,0.0,0.0,0.3235504614701334,0.0
111024,2025-10-26T10:00:00.000000000,0.405,0.06699999999999999,0.0,0.0,0.3235504614701334,0.0
111024,2025-10-26T11:00:00.000000000,0.34700000000000003,0.008,0.0,0.0,0.0,0.0
111024,2025-10-26T12:00:00.000000000,0.344,0.003,0.0,0.001,0.3235504614701334,0.0
111024,2025-10-26T13:00:00.000000000,0.358,0.0,0.0,0.018000000000000002,0.0,0.0
111024,2025-10-26T14:00:00.000000000,0.38,0.0,0.0,0.042,0.3235504614701334,0.0
111024,2025-10-26T15:00:00.000000000,0.437,0.0,0.0,0.061,0.0,0.0
111024,2025-10-26T16:00:00.000000000,0.703,0.011,0.0,0.063,0.3235504614701334,0.0
111024,2025-10-26T17:00:00.000000000,0.912,0.11400000000000002,0.0,0.01,0.9029519672006167,0.0
111024,2025-10-26T18:00:00.000000000,0.9400000000000001,0.08499999999999999,0.0,0.0,0.7959810265877556,0.0
111024,2025-10-26T19:00:00.000000000,0.9930000000000001,0.198,0.0,0.0,0.0,0.0
111024,2025-10-26T20:00:00.000000000,0.902,0.349,0.0,0.0,3.0074953221073444,0.0
111024,2025-10-26T21:00:00.000000000,0.9309999999999999,0.411,0.0,0.0,1.363366618441178,0.0
111024,2025-10-26T22:00:00.000000000,0.9209999999999999,0.482,0.0,0.0,1.399121289002189,0.0
111024,2025-10-26T23:00:00.000000000,0.919,0.531,0.0,0.0,0.3393762992594333,0.0
111024,2025-10-27T00:00:00.000000000,0.943,0.577,0.0,0.0,0.3396693703296056,0.0
111024,2025-10-27T01:00:00.000000000,0.971,0.617,0.0,0.0,0.3235504614701334,0.0
111024,2025-10-27T02:00:00.000000000,1.009,0.661,0.0,0.0,0.0,0.0
111024,2025-10-27T03:00:00.000000000,1.03,0.683,0.0,0.0,0.32325739039996115,0.0
111024,2025-10-27T04:00:00.000000000,1.096,0.748,0.0,0.0,0.3396693703296056,0.0
111024,2025-10-27T05:00:00.000000000,1.227,0.862,0.0,0.0,0.0,0.0
111024,2025-10-27T06:00:00.000000000,1.168,0.8090000000000002,0.0,0.0,1.182834839215089,0.0
111024,2025-10-27T07:00:00.000000000,1.127,0.602,0.0,0.0,1.2297262104426445,0.0
111024,2025-10-27T08:00:00.000000000,0.9199999999999999,0.341,0.0,0.0,1.541846900176061,0.0
111024,2025-10-27T09:00:00.000000000,0.758,0.188,0.0,0.0,0.36458041129424446,0.0
111024,2025-10-27T10:00:00.000000000,1.1660000000000001,0.047,0.0,0.038,2.343689348167261,0.0
111024,2025-10-27T11:00:00.000000000,0.8610000000000001,0.0,0.0,0.069,2.2214787119054447,0.0
111024,2025-10-27T12:00:00.000000000,0.48,0.0,0.0,0.028999999999999998,0.6834417356416222,0.0
111024,2025-10-27T13:00:00.000000000,0.503,0.0,0.0,0.054,0.3396693703296056,0.0
111024,2025-10-27T14:00:00.000000000,0.52,0.0,0.0,0.068,0.0,0.0
111024,2025-10-27T15:00:00.000000000,0.526,0.0,0.0,0.05399999999999999,1.0524182129884498,0.0
111024,2025-10-27T16:00:00.000000000,0.544,0.0,0.0,0.03,0.7546580056934723,0.0
111024,2025-10-27T17:00:00.000000000,0.6460000000000001,0.059000000000000004,0.0,0.0,1.1236344830403,0.0
111024,2025-10-27T18:00:00.000000000,0.711,0.045000000000000005,0.0,0.0,1.4973000975098836,0.0
111024,2025-10-27T19:00:00.000000000,1.1030000000000002,0.0,0.0,0.014,0.3396693703296056,0.0
111024,2025-10-27T20:00:00.000000000,1.029,0.0,0.0,0.011,1.1505970214961445,0.0
111024,2025-10-27T21:00:00.000000000,0.926,0.0,0.0,0.039,0.8921083376042445,0.0
111024,2025-10-27T22:00:00.000000000,0.583,0.0,0.0,0.005,1.1497178082856276,0.0
111024,2025-10-27T23:00:00.000000000,0.738,0.0,0.0,0.024,5.407747386817844,0.0
111024,2025-10-28T00:00:00.000000000,0.373,0.001,0.0,0.007,0.9454472723755889,0.0
111024,2025-10-28T01:00:00.000000000,0.368,0.0,0.0,0.017,0.3235504614701334,0.0
111024,2025-10-28T02:00:00.000000000,0.369,0.0,0.0,0.024,0.3575467056101111,0.0
111024,2025-10-28T03:00:00.000000000,0.378,0.0,0.0,0.034,0.3235504614701334,0.0
111024,2025-10-28T04:00:00.000000000,0.386,0.0,0.0,0.043,0.0,0.0
111024,2025-10-28T05:00:00.000000000,0.419,0.0,0.0,0.043000000000000003,1.4339967463526833,0.0
111024,2025-10-28T06:00:00.000000000,0.558,0.0,0.0,0.083,1.4234461878264835,0.0
111024,2025-10-28T07:00:00.000000000,0.6200000000000001,0.0,0.0,0.069,0.5785222925199667,0.0
111024,2025-10-28T08:00:00.000000000,0.5880000000000001,0.0,0.0,0.095,0.6602891210980166,0.0
111024,2025-10-28T09:00:00.000000000,0.557,0.0,0.0,0.10200000000000001,0.0,0.0
111024,2025-10-28T10:00:00.000000000,0.524,0.0,0.0,0.072,0.6813902381504168,0.0
111024,2025-10-28T11:00:00.000000000,0.509,0.0,0.0,0.059,0.7476243000093389,0.0
111024,2025-10-28T12:00:00.000000000,0.536,0.0,0.0,0.059,0.7153864822903945,0.0
111024,2025-10-28T13:00:00.000000000,0.502,0.0,0.0,0.05399999999999999,0.3235504614701334,0.0
111024,2025-10-28T14:00:00.000000000,0.488,0.0,0.0,0.036,0.7997909504999945,0.0
111024,2025-10-28T15:00:00.000000000,0.506,0.0,0.0,0.035,0.4234876963988612,0.0
111024,2025-10-28T16:00:00.000000000,0.536,0.006,0.0,0.017,1.7294123850862835,0.0
111024,2025-10-28T17:00:00.000000000,0.821,0.03,0.0,0.008,1.0398161569710447,0.0
111024,2025-10-28T18:00:00.000000000,0.858,0.013999999999999999,0.0,0.006,1.5397954026848555,0.0
111024,2025-10-28T19:00:00.000000000,0.858,0.006,0.0,0.001,1.9427681241716614,0.0
111024,2025-10-28T20:00:00.000000000,0.762,0.007,0.0,0.002,0.3587189898908,0.0
111024,2025-10-28T21:00:00.000000000,0.5690000000000001,0.016,0.0,0.016,1.6312335765785888,0.0
111024,2025-10-28T22:00:00.000000000,0.482,0.046,0.0,0.0,0.3235504614701334,0.0
111024,2025-10-28T23:00:00.000000000,0.45499999999999996,0.067,0.0,0.0,0.0,0.0
111024,2025-10-29T00:00:00.000000000,0.456,0.092,0.0,0.0,0.3235504614701334,0.0
111024,2025-10-29T01:00:00.000000000,0.475,0.123,0.0,0.0,0.0,0.0
111024,2025-10-29T02:00:00.000000000,0.529,0.184,0.0,0.0,0.6986814312905778,0.0
111024,2025-10-29T03:00:00.000000000,0.58,0.23299999999999998,0.0,0.0,0.7227132590447001,0.0
111024,2025-10-29T04:00:00.000000000,0.624,0.262,0.0,0.0,1.0398161569710445,0.0
111024,2025-10-29T05:00:00.000000000,0.763,0.317,0.0,0.0,0.9167263074987112,0.0
111024,2025-10-29T06:00:00.000000000,0.875,0.198,0.0,0.0,1.3232158818275834,0.0
111024,2025-10-29T07:00:00.000000000,0.9039999999999999,0.238,0.0,0.0,0.8033078033420612,0.0
111024,2025-10-29T08:00:00.000000000,1.186,0.17600000000000002,0.0,0.0,0.6960437916590279,0.0
111024,2025-10-29T09:00:00.000000000,0.889,0.17099999999999999,0.0,0.0,4.167470617849,0.0
111024,2025-10-29T10:00:00.000000000,0.801,0.117,0.0,0.0,4.259201862812906,0.0
111024,2025-10-29T11:00:00.000000000,0.633,0.07200000000000001,0.0,0.0,1.0401092280412165,0.0
111024,2025-10-29T12:00:00.000000000,0.591,0.112,0.0,0.0,1.5377439051936501,0.0
111024,2025-10-29T13:00:00.000000000,0.561,0.113,0.0,0.0,1.0491944312165555,0.0
111024,2025-10-29T14:00:00.000000000,0.567,0.11399999999999999,0.0,0.0,1.5436053265970946,0.0
111024,2025-10-29T15:00:00.000000000,0.5750000000000001,0.10400000000000001,0.0,0.0,1.9257700021016722,0.0
111024,2025-10-29T16:00:00.000000000,0.653,0.098,0.0,0.0,0.8487338192187555,0.0
111024,2025-10-29T17:00:00.000000000,0.99,0.20500000000000002,0.0,0.0,1.5227972806148666,0.0
111024,2025-10-29T18:00:00.000000000,0.974,0.194,0.0,0.0,1.2273816418812666,0.0
111024,2025-10-29T19:00:00.000000000,1.061,0.207,0.0,0.0,0.3235504614701334,0.0
111024,2025-10-29T20:00:00.000000000,0.9209999999999999,0.266,0.0,0.0,0.3396693703296056,0.0
111024,2025-10-29T21:00:00.000000000,0.837,0.316,0.0,0.0,0.0,0.0
111024,2025-10-29T22:00:00.000000000,0.8010000000000002,0.362,0.0,0.0,0.4920663268191612,0.0
111024,2025-10-29T23:00:00.000000000,0.7770000000000001,0.389,0.0,0.0,0.1781872106647111,0.0
111024,2025-10-30T00:00:00.000000000,0.782,0.426,0.0,0.0,0.3235504614701334,0.0
111024,2025-10-30T01:00:00.000000000,0.822,0.473,0.0,0.0,0.0,0.0
111024,2025-10-30T02:00:00.000000000,0.843,0.496,0.0,0.0,0.3546159949083889,0.0
111024,2025-10-30T03:00:00.000000000,0.885,0.537,0.0,0.0,1.1306681887244334,0.0
111024,2025-10-30T04:00:00.000000000,0.8919999999999999,0.483,0.0,0.0,2.4635554158676998,0.0
111024,2025-10-30T05:00:00.000000000,0.998,0.416,0.0,0.0,3.114759333790378,0.0
111024,2025-10-30T06:00:00.000000000,1.0050000000000001,0.543,0.0,0.0,0.7678462038512223,0.0
111024,2025-10-30T07:00:00.000000000,0.9369999999999999,0.589,0.0,0.0,0.3396693703296056,0.0
111024,2025-10-30T08:00:00.000000000,0.884,0.539,0.0,0.0,0.697509147009889,0.0
111024,2025-10-30T09:00:00.000000000,0.8030000000000002,0.46099999999999997,0.0,0.0,0.3235504614701334,0.0
111024,2025-10-30T10:00:00.000000000,0.774,0.40800000000000003,0.0,0.0,0.0,0.0
111024,2025-10-30T11:00:00.000000000,0.7070000000000001,0.28900000000000003,0.0,0.0,0.9899940750417667,0.0
111024,2025-10-30T12:00:00.000000000,0.605,0.078,0.0,0.001,2.2214787119054447,0.0
111024,2025-10-30T13:00:00.000000000,0.573,0.058,0.0,0.013000000000000001,1.8785855598039447,0.0
111024,2025-10-30T14:00:00.000000000,0.521,0.068,0.0,0.0,0.0,0.0
111024,2025-10-30T15:00:00.000000000,0.714,0.0,0.0,0.054000000000000006,2.100733430994489,0.0
111024,2025-10-30T16:00:00.000000000,0.798,0.063,0.0,0.028999999999999998,1.8006286551381332,0.0
111024,2025-10-30T17:00:00.000000000,1.0679999999999998,0.28400000000000003,0.0,0.0,1.0269210298834668,0.0
111024,2025-10-30T18:00:00.000000000,1.16,0.32,0.0,0.0,0.7024913552028167,0.0
111024,2025-10-30T19:00:00.000000000,1.276,0.42,0.0,0.0,0.6813902381504168,0.0
111024,2025-10-30T20:00:00.000000000,1.2449999999999999,0.538,0.0,0.0,0.3235504614701334,0.0
111024,2025-10-30T21:00:00.000000000,1.246,0.61,0.0,0.0,0.0,0.0
111024,2025-10-30T22:00:00.000000000,1.133,0.692,0.0,0.0,0.3396693703296056,0.0
111024,2025-10-30T23:00:00.000000000,1.142,0.77,0.0,0.0,0.3235504614701334,0.0
111024,2025-10-31T00:00:00.000000000,1.1969999999999998,0.841,0.0,0.0,0.0,0.0
111024,2025-10-31T01:00:00.000000000,1.223,0.867,0.0,0.0,0.3235504614701334,0.0
111024,2025-10-31T02:00:00.000000000,1.205,0.851,0.0,0.0,0.0,0.0
111024,2025-10-31T03:00:00.000000000,1.145,0.7950000000000002,0.0,0.0,0.3235504614701334,0.0
111024,2025-10-31T04:00:00.000000000,1.082,0.736,0.0,0.0,0.0,0.0
111024,2025-10-31T05:00:00.000000000,1.267,0.7629999999999999,0.0,0.0,1.9442334795225222,0.0
111024,2025-10-31T06:00:00.000000000,1.1780000000000002,0.5940000000000001,0.0,0.0,0.99966542035745,0.0
111024,2025-10-31T07:00:00.000000000,1.092,0.629,0.0,0.0,0.3235504614701334,0.0
111024,2025-10-31T08:00:00.000000000,1.001,0.5389999999999999,0.0,0.0,0.0,0.0
111024,2025-10-31T09:00:00.000000000,0.904,0.44699999999999995,0.0,0.0,0.3235504614701334,0.0
111024,2025-10-31T10:00:00.000000000,0.8200000000000001,0.369,0.0,0.0,0.6679089689224945,0.0
111024,2025-10-31T11:00:00.000000000,1.021,0.307,0.0,0.0,0.34846150243477225,0.0
111024,2025-10-31T12:00:00.000000000,0.8299999999999998,0.279,0.0,0.0,0.9140886678671611,0.0
111024,2025-10-31T13:00:00.000000000,0.724,0.276,0.0,0.0,0.4416581027495389,0.0
111024,2025-10-31T14:00:00.000000000,0.669,0.176,0.0,0.0,2.3982005672192943,0.0
111024,2025-10-31T15:00:00.000000000,0.702,0.214,0.0,0.0,0.4442957423810889,0.0
111024,2025-10-31T16:00:00.000000000,0.816,0.30100000000000005,0.0,0.0,1.6030987538420556,0.0
111024,2025-10-31T17:00:00.000000000,1.009,0.421,0.0,0.0,0.33791094390857224,0.0
111024,2025-10-31T18:00:00.000000000,1.054,0.385,0.0,0.0,1.0398161569710445,0.0
111024,2025-10-31T19:00:00.000000000,1.205,0.351,0.0,0.0,0.32472274575082216,0.0
111024,2025-10-31T20:00:00.000000000,1.148,0.391,0.0,0.0,2.7454897853733775,0.0
111024,2025-10-31T21:00:00.000000000,1.005,0.41,0.0,0.0,0.8373040474820389,0.0
111024,2025-10-31T22:00:00.000000000,0.9510000000000001,0.426,0.0,0.0,0.6535484864840555,0.0
111024,2025-10-31T23:00:00.000000000,0.82,0.445,0.0,0.0,0.37806168052216665,0.0
111024,2025-11-01T00:00:00.000000000,0.8130000000000002,0.458,0.0,0.0,0.3235504614701334,0.0
111024,2025-11-01T01:00:00.000000000,0.821,0.474,0.0,0.0,0.3235504614701334,0.0
111024,2025-11-01T02:00:00.000000000,0.924,0.578,0.0,0.0,0.3235504614701334,0.0
111024,2025-11-01T03:00:00.000000000,0.954,0.608,0.0,0.0,0.0,0.0
111024,2025-11-01T04:00:00.000000000,0.981,0.638,0.0,0.0,0.3235504614701334,0.0
111024,2025-11-01T05:00:00.000000000,0.95,0.575,0.0,0.0,0.0,0.0
111024,2025-11-01T06:00:00.000000000,0.9129999999999999,0.486,0.0,0.0,0.3235504614701334,0.0
111024,2025-11-01T07:00:00.000000000,0.749,0.402,0.0,0.0,0.0,0.0
111024,2025-11-01T08:00:00.000000000,0.583,0.238,0.0,0.0,0.3235504614701334,0.0
111024,2025-11-01T09:00:00.000000000,0.44499999999999995,0.10300000000000001,0.0,0.0,0.0,0.0
111024,2025-11-01T10:00:00.000000000,0.39,0.007,0.0,0.012,0.8674903677097778,0.0
111024,2025-11-01T11:00:00.000000000,0.6799999999999999,0.0,0.0,0.14700000000000002,2.2214787119054447,0.0
111024,2025-11-01T12:00:00.000000000,0.643,0.0,0.0,0.143,1.619217662701528,0.0
111024,2025-11-01T13:00:00.000000000,0.556,0.0,0.0,0.097,0.0,0.0
111024,2025-11-01T14:00:00.000000000,0.5710000000000001,0.0,0.0,0.093,0.3235504614701334,0.0
111024,2025-11-01T15:00:00.000000000,0.657,0.0,0.0,0.07500000000000001,1.193678468811461,0.0
111024,2025-11-01T16:00:00.000000000,1.158,0.0,0.0,0.118,3.3811609365769275,0.0
111024,2025-11-01T17:00:00.000000000,1.6149999999999998,0.0,0.0,0.131,6.491817275384895,0.0
111024,2025-11-01T18:00:00.000000000,1.2540000000000002,0.0,0.0,0.131,5.326273629309966,0.0
111024,2025-11-01T19:00:00.000000000,0.895,0.0,0.0,0.046,1.8442962445937943,0.0
111024,2025-11-01T20:00:00.000000000,0.614,0.027999999999999997,0.0,0.002,1.909944164312372,0.0
111024,2025-11-01T21:00:00.000000000,0.5880000000000001,0.006,0.0,0.039,1.2218132915479947,0.0
111024,2025-11-01T22:00:00.000000000,0.46799999999999997,0.019999999999999997,0.0,0.021,0.9158470942881944,0.0
111024,2025-11-01T23:00:00.000000000,0.435,0.049,0.0,0.0,0.0,0.0
111024,2025-11-02T00:00:00.000000000,0.434,0.078,0.0,0.0,0.3235504614701334,0.0
111024,2025-11-02T01:00:00.000000000,0.431,0.08399999999999999,0.0,0.0,0.0,0.0
111024,2025-11-02T02:00:00.000000000,0.445,0.101,0.0,0.0,0.3235504614701334,0.0
111024,2025-11-02T03:00:00.000000000,0.453,0.112,0.0,0.0,0.0,0.0
111024,2025-11-02T04:00:00.000000000,0.486,0.14600000000000002,0.0,0.0,1.5031615189133278,0.0
111024,2025-11-02T05:00:00.000000000,0.6100000000000001,0.19499999999999998,0.0,0.0,1.2980117697927724,0.0
111024,2025-11-02T06:00:00.000000000,0.7169999999999999,0.24,0.0,0.0,0.7074735633957445,0.0
111024,2025-11-02T07:00:00.000000000,1.024,0.22999999999999998,0.0,0.0,1.0823114621460168,0.0
111024,2025-11-02T08:00:00.000000000,0.976,0.206,0.0,0.0,4.272096989900483,0.0
111024,2025-11-02T09:00:00.000000000,0.684,0.114,0.0,0.0,2.1001472888541444,0.0
111024,2025-11-02T10:00:00.000000000,0.5,0.043,0.0,0.0,1.0389369437605278,0.0
111024,2025-11-02T11:00:00.000000000,0.46699999999999997,0.011,0.0,0.0,1.090517452110839,0.0
111024,2025-11-02T12:00:00.000000000,0.461,0.0,0.0,0.005,1.9073065246808225,0.0
111024,2025-11-02T13:00:00.000000000,0.482,0.0,0.0,0.024,0.7142141980097055,0.0
111024,2025-11-02T14:00:00.000000000,0.51,0.0,0.0,0.033,0.33996244139977777,0.0
111024,2025-11-02T15:00:00.000000000,0.545,0.0,0.0,0.025,0.33996244139977777,0.0
111024,2025-11-02T16:00:00.000000000,0.665,0.0,0.0,0.016,1.30563161761725,0.0
111024,2025-11-02T17:00:00.000000000,1.058,0.011,0.0,0.062,3.259829513525628,0.0
111024,2025-11-02T18:00:00.000000000,1.014,0.066,0.0,0.036,2.816412984355056,0.0
111024,2025-11-02T19:00:00.000000000,0.7909999999999999,0.155,0.0,0.0,0.6986814312905778,0.0
111024,2025-11-02T20:00:00.000000000,0.754,0.216,0.0,0.0,0.8027216612017166,0.0
111024,2025-11-02T21:00:00.000000000,0.774,0.273,0.0,0.0,0.33996244139977777,0.0
111024,2025-11-02T22:00:00.000000000,0.7809999999999999,0.345,0.0,0.0,0.8252881336049778,0.0
111024,2025-11-02T23:00:00.000000000,0.796,0.43,0.0,0.0,0.7575887163951944,0.0
111024,2025-11-03T00:00:00.000000000,0.809,0.46,0.0,0.0,0.0,0.0
111024,2025-11-03T01:00:00.000000000,0.867,0.518,0.0,0.0,0.3235504614701334,0.0
111024,2025-11-03T02:00:00.000000000,0.954,0.606,0.0,0.0,0.0,0.0
111024,2025-11-03T03:00:00.000000000,0.998,0.653,0.0,0.0,0.3235504614701334,0.0
111024,2025-11-03T04:00:00.000000000,1.076,0.7290000000000001,0.0,0.0,0.3235504614701334,0.0
111024,2025-11-03T05:00:00.000000000,1.267,0.877,0.0,0.0,0.11107393559527222,0.0
111024,2025-11-03T06:00:00.000000000,1.4629999999999999,0.748,0.0,0.0,0.8079969404648166,0.0
111024,2025-11-03T07:00:00.000000000,1.59,0.843,0.0,0.0,4.265942497426867,0.0
111024,2025-11-03T08:00:00.000000000,1.136,0.45999999999999996,0.0,0.0,3.4810981715056553,0.0
111024,2025-11-03T09:00:00.000000000,0.797,0.24600000000000002,0.0,0.0,0.0,0.0
111024,2025-11-03T10:00:00.000000000,0.825,0.129,0.0,0.0,1.2062805248288668,0.0
111024,2025-11-03T11:00:00.000000000,0.7630000000000001,0.06999999999999999,0.0,0.0,0.7121627005185001,0.0
111024,2025-11-03T12:00:00.000000000,0.6599999999999999,0.023,0.0,0.012,1.2745660841789945,0.0
111024,2025-11-03T13:00:00.000000000,1.146,0.017,0.0,0.013000000000000001,0.6649782582207722,0.0
111024,2025-11-03T14:00:00.000000000,0.8380000000000001,0.0,0.0,0.02,1.7783552538050444,0.0
111024,2025-11-03T15:00:00.000000000,0.6719999999999999,0.02,0.0,0.003,0.19049619561194445,0.0
111024,2025-11-03T16:00:00.000000000,0.7839999999999999,0.078,0.0,0.0,1.520745783123661,0.0
111024,2025-11-03T17:00:00.000000000,1.4180000000000001,0.06,0.0,0.0,1.5034545899835001,0.0
111024,2025-11-03T18:00:00.000000000,1.107,0.043000000000000003,0.0,0.0,0.6863724463433445,0.0
111024,2025-11-03T19:00:00.000000000,0.9919999999999999,0.066,0.0,0.0,1.5172289302815944,0.0
111024,2025-11-03T20:00:00.000000000,0.64,0.105,0.0,0.0,0.3311703092946111,0.0
111024,2025-11-03T21:00:00.000000000,0.595,0.097,0.0,0.0,0.3235504614701334,0.0
111024,2025-11-03T22:00:00.000000000,0.514,0.108,0.0,0.0,0.06271720901685555,0.0
111024,2025-11-03T23:00:00.000000000,0.469,0.118,0.0,0.0,0.2605401813831056,0.0
111024,2025-11-04T00:00:00.000000000,0.472,0.124,0.0,0.0,0.3235504614701334,0.0
111024,2025-11-04T01:00:00.000000000,0.476,0.13,0.0,0.0,0.0,0.0
111024,2025-11-04T02:00:00.000000000,0.5,0.15500000000000003,0.0,0.0,0.3235504614701334,0.0
111024,2025-11-04T03:00:00.000000000,0.5800000000000001,0.237,0.0,0.0,0.0,0.0
111024,2025-11-04T04:00:00.000000000,0.654,0.313,0.0,0.0,0.3235504614701334,0.0
111024,2025-11-04T05:00:00.000000000,0.7409999999999999,0.385,0.0,0.0,0.0,0.0
111024,2025-11-04T06:00:00.000000000,0.7449999999999999,0.394,0.0,0.0,0.3235504614701334,0.0
111024,2025-11-04T07:00:00.000000000,0.686,0.338,0.0,0.0,0.0,0.0
111024,2025-11-04T08:00:00.000000000,0.6319999999999999,0.163,0.0,0.0,0.7690184881319112,0.0
111024,2025-11-04T09:00:00.000000000,0.616,0.031,0.0,0.001,1.6675743892799444,0.0
111024,2025-11-04T10:00:00.000000000,0.599,0.0,0.0,0.052,0.6060709731161555,0.0
111024,2025-11-04T11:00:00.000000000,0.507,0.0,0.0,0.078,0.3510991420663222,0.0
111024,2025-11-04T12:00:00.000000000,0.482,0.0,0.0,0.084,0.6819763802907612,0.0
111024,2025-11-04T13:00:00.000000000,0.43,0.0,0.0,0.092,0.32355046147013333,0.0
111024,2025-11-04T14:00:00.000000000,0.46499999999999997,0.0,0.0,0.091,0.7071804923255722,0.0
111024,2025-11-04T15:00:00.000000000,0.643,0.0,0.0,0.08700000000000001,0.0,0.0
111024,2025-11-04T16:00:00.000000000,0.895,0.0,0.0,0.068,0.7578817874653666,0.0
111024,2025-11-04T17:00:00.000000000,1.104,0.0,0.0,0.023,0.6939922941678223,0.0
111024,2025-11-04T18:00:00.000000000,1.34,0.017,0.0,0.003,6.756460451750411,0.0
111024,2025-11-04T19:00:00.000000000,1.48,0.01,0.0,0.005,8.243209990734094,0.0
111024,2025-11-04T20:00:00.000000000,0.8639999999999999,0.0,0.0,0.018000000000000002,2.4351275220609945,0.0
111024,2025-11-04T21:00:00.000000000,0.5840000000000001,0.02,0.0,0.0,1.9922971350307668,0.0
111024,2025-11-04T22:00:00.000000000,0.5670000000000001,0.012,0.0,0.037,1.942475053101489,0.0
111024,2025-11-04T23:00:00.000000000,0.46699999999999997,0.053000000000000005,0.0,0.0,0.33996244139977777,0.0
111024,2025-11-05T00:00:00.000000000,0.452,0.089,0.0,0.0,0.3235504614701334,0.0
111024,2025-11-05T01:00:00.000000000,0.494,0.14300000000000002,0.0,0.0,0.3587189898908,0.0
111024,2025-11-05T02:00:00.000000000,0.5630000000000001,0.217,0.0,0.0,0.3235504614701334,0.0
111024,2025-11-05T03:00:00.000000000,0.594,0.25,0.0,0.0,0.3587189898908,0.0
111024,2025-11-05T04:00:00.000000000,0.613,0.272,0.0,0.0,0.3235504614701334,0.0
111024,2025-11-05T05:00:00.000000000,0.7289999999999999,0.35,0.0,0.0,0.8578190223940945,0.0
111024,2025-11-05T06:00:00.000000000,0.6920000000000001,0.34400000000000003,0.0,0.0,0.689596228115239,0.0
111024,2025-11-05T07:00:00.000000000,0.815,0.256,0.0,0.0,0.7845512548510389,0.0
111024,2025-11-05T08:00:00.000000000,0.746,0.156,0.0,0.0,0.7016121419923,0.0
111024,2025-11-05T09:00:00.000000000,0.567,0.103,0.0,0.0,1.2432074796705666,0.0
111024,2025-11-05T10:00:00.000000000,0.399,0.027,0.0,0.005,0.0,0.0
111024,2025-11-05T11:00:00.000000000,0.513,0.0,0.0,0.056999999999999995,0.33996244139977777,0.0
111024,2025-11-05T12:00:00.000000000,0.432,0.0,0.0,0.092,0.6635129028699112,0.0
111024,2025-11-05T13:00:00.000000000,0.546,0.0,0.0,0.14600000000000002,0.0,0.0
111024,2025-11-05T14:00:00.000000000,0.659,0.0,0.0,0.181,0.3235504614701334,0.0
111024,2025-11-05T15:00:00.000000000,0.7949999999999999,0.0,0.0,0.23500000000000001,1.5081437271062557,0.0
111024,2025-11-05T16:00:00.000000000,0.748,0.0,0.0,0.164,0.3235504614701334,0.0
111024,2025-11-05T17:00:00.000000000,0.874,0.0,0.0,0.09300000000000001,0.0,0.0
111024,2025-11-05T18:00:00.000000000,0.949,0.0,0.0,0.08,0.3235504614701334,0.0
111024,2025-11-05T19:00:00.000000000,1.089,0.0,0.0,0.14500000000000002,2.100733430994489,0.0
111024,2025-11-05T20:00:00.000000000,0.818,0.0,0.0,0.053000000000000005,0.37718246731165,0.0
111024,2025-11-05T21:00:00.000000000,0.5529999999999999,0.0,0.0,0.015,1.05769349225155,0.0
111024,2025-11-05T22:00:00.000000000,0.404,0.011,0.0,0.002,0.3235504614701334,0.0
111024,2025-11-05T23:00:00.000000000,0.388,0.036000000000000004,0.0,0.0,0.0,0.0
111024,2025-11-06T00:00:00.000000000,0.401,0.049999999999999996,0.0,0.0,0.3235504614701334,0.0
111024,2025-11-06T01:00:00.000000000,0.409,0.06,0.0,0.0,0.0,0.0
111024,2025-11-06T02:00:00.000000000,0.414,0.067,0.0,0.0,0.34025551246995,0.0
111024,2025-11-06T03:00:00.000000000,0.416,0.07100000000000001,0.0,0.0,0.3232573903999611,0.0
111024,2025-11-06T04:00:00.000000000,0.421,0.077,0.0,0.0,0.0,0.0
111024,2025-11-06T05:00:00.000000000,0.428,0.087,0.0,0.0,1.0532974261989667,0.0
111024,2025-11-06T06:00:00.000000000,0.509,0.115,0.0,0.0,0.06740634613961112,0.0
111024,2025-11-06T07:00:00.000000000,0.489,0.113,0.0,0.0,1.169646641057339,0.0
111024,2025-11-06T08:00:00.000000000,0.51,0.073,0.0,0.0,0.0,0.0
111024,2025-11-06T09:00:00.000000000,0.518,0.05,0.0,0.0,1.1532346611276945,0.0
111024,2025-11-06T10:00:00.000000000,0.45799999999999996,0.026000000000000002,0.0,0.0,0.3789408937326833,0.0
111024,2025-11-06T11:00:00.000000000,0.461,0.0,0.0,0.004,0.3235504614701334,0.0
111024,2025-11-06T12:00:00.000000000,0.665,0.0,0.0,0.02,0.3338079489261611,0.0
111024,2025-11-06T13:00:00.000000000,0.5720000000000001,0.0,0.0,0.027,2.0556004861879664,0.0
111024,2025-11-06T14:00:00.000000000,0.7989999999999999,0.0,0.0,0.047,1.5896174846141333,0.0
111024,2025-11-06T15:00:00.000000000,0.71,0.0,0.0,0.046,3.2630532952975217,0.0
111024,2025-11-06T16:00:00.000000000,1.113,0.0,0.0,0.049,5.617879344131327,0.0
111024,2025-11-06T17:00:00.000000000,0.856,0.0,0.0,0.043000000000000003,1.3314218717924056,0.0
111024,2025-11-06T18:00:00.000000000,0.94,0.023,0.0,0.009,0.07209548326236667,0.0
111024,2025-11-06T19:00:00.000000000,1.284,0.012,0.0,0.015000000000000001,1.5078506560360831,0.0
111024,2025-11-06T20:00:00.000000000,1.013,0.0,0.0,0.007,0.7367806704129667,0.0
111024,2025-11-06T21:00:00.000000000,0.769,0.032,0.0,0.0,3.952356452342589,0.0
111024,2025-11-06T22:00:00.000000000,1.022,0.029,0.0,0.0,6.534312580559867,0.0
111024,2025-11-06T23:00:00.000000000,0.568,0.023,0.0,0.0,3.50542307032995,0.0
111024,2025-11-07T00:00:00.000000000,0.377,0.026000000000000002,0.0,0.0,0.34025551246995,0.0
111024,2025-11-07T01:00:00.000000000,0.38,0.032,0.0,0.0,0.0,0.0
111024,2025-11-07T02:00:00.000000000,0.398,0.052,0.0,0.0,0.3235504614701334,0.0
111024,2025-11-07T03:00:00.000000000,0.418,0.07400000000000001,0.0,0.0,0.0,0.0
111024,2025-11-07T04:00:00.000000000,0.455,0.11099999999999999,0.0,0.0,1.3073900440382835,0.0
111024,2025-11-07T05:00:00.000000000,0.522,0.15400000000000003,0.0,0.0,2.0620480497317555,0.0
111024,2025-11-07T06:00:00.000000000,0.6190000000000001,0.19699999999999998,0.0,0.0,0.7394183100445166,0.0
111024,2025-11-07T07:00:00.000000000,0.66,0.203,0.0,0.0,2.1347296751344667,0.0
111024,2025-11-07T08:00:00.000000000,0.7030000000000001,0.14300000000000002,0.0,0.0,1.193385397741289,0.0
111024,2025-11-07T09:00:00.000000000,0.881,0.06,0.0,0.0,0.8249950625348056,0.0
111024,2025-11-07T10:00:00.000000000,1.014,0.006,0.0,0.01,3.0057368956863106,0.0
111024,2025-11-07T11:00:00.000000000,1.435,0.0,0.0,0.044,8.400003013276233,0.0
111024,2025-11-07T12:00:00.000000000,1.009,0.0,0.0,0.061,7.591713001741244,0.0
111024,2025-11-07T13:00:00.000000000,0.54,0.0,0.0,0.076,2.079339242871917,0.0
111024,2025-11-07T14:00:00.000000000,0.537,0.0,0.0,0.08,0.6901823702555834,0.0
111024,2025-11-07T15:00:00.000000000,0.545,0.0,0.0,0.06899999999999999,1.7622363449455722,0.0
111024,2025-11-07T16:00:00.000000000,0.5650000000000001,0.0,0.0,0.046,0.4229015542585167,0.0
111024,2025-11-07T17:00:00.000000000,0.5960000000000001,0.0,0.0,0.010000000000000002,1.4328244620719943,0.0
111024,2025-11-07T18:00:00.000000000,0.822,0.099,0.0,0.0,1.5500528901408832,0.0
111024,2025-11-07T19:00:00.000000000,0.805,0.129,0.0,0.0,0.7051289948343668,0.0
111024,2025-11-07T20:00:00.000000000,0.5900000000000001,0.212,0.0,0.0,0.3235504614701334,0.0
111024,2025-11-07T21:00:00.000000000,0.6739999999999999,0.29200000000000004,0.0,0.0,0.6992675734309223,0.0
111024,2025-11-07T22:00:00.000000000,0.734,0.357,0.0,0.0,0.6638059739400834,0.0
111024,2025-11-07T23:00:00.000000000,0.7349999999999999,0.373,0.0,0.0,0.34025551246995,0.0
111024,2025-11-08T00:00:00.000000000,0.806,0.454,0.0,0.0,0.0,0.0
111024,2025-11-08T01:00:00.000000000,0.798,0.44899999999999995,0.0,0.0,0.3235504614701334,0.0
111024,2025-11-08T02:00:00.000000000,0.7569999999999999,0.40800000000000003,0.0,0.0,0.0,0.0
111024,2025-11-08T03:00:00.000000000,0.7330000000000001,0.386,0.0,0.0,0.3235504614701334,0.0
111024,2025-11-08T04:00:00.000000000,0.728,0.384,0.0,0.0,0.0,0.0
111024,2025-11-08T05:00:00.000000000,0.738,0.39,0.0,0.0,0.3235504614701334,0.0
111024,2025-11-08T06:00:00.000000000,0.813,0.412,0.0,0.0,0.0,0.0
111024,2025-11-08T07:00:00.000000000,0.686,0.337,0.0,0.0,0.3235504614701334,0.0
111024,2025-11-08T08:00:00.000000000,0.6459999999999999,0.238,0.0,0.0,0.0,0.0
111024,2025-11-08T09:00:00.000000000,0.6950000000000001,0.146,0.0,0.0,0.8929875508147611,0.0
111024,2025-11-08T10:00:00.000000000,0.928,0.105,0.0,0.0,6.641283521172728,0.0
111024,2025-11-08T11:00:00.000000000,0.479,0.021,0.0,0.0,0.6802179538697277,0.0
111024,2025-11-08T12:00:00.000000000,0.463,0.0,0.0,0.006,1.0518320708481055,0.0
111024,2025-11-08T13:00:00.000000000,0.473,0.0,0.0,0.017,0.3235504614701334,0.0
111024,2025-11-08T14:00:00.000000000,0.477,0.0,0.0,0.019,0.0,0.0
111024,2025-11-08T15:00:00.000000000,0.49,0.0,0.0,0.013999999999999999,0.3235504614701334,0.0
111024,2025-11-08T16:00:00.000000000,0.526,0.005,0.0,0.001,0.7197825483429778,0.0
111024,2025-11-08T17:00:00.000000000,0.6910000000000001,0.046,0.0,0.0,0.6992675734309223,0.0
111024,2025-11-08T18:00:00.000000000,1.127,0.218,0.0,0.0,1.499351595001089,0.0
111024,2025-11-08T19:00:00.000000000,1.717,0.21100000000000002,0.0,0.0,2.7320085161454557,0.0
111024,2025-11-08T20:00:00.000000000,1.59,0.229,0.0,0.0,1.5055060874747057,0.0
111024,2025-11-08T21:00:00.000000000,1.401,0.43700000000000006,0.0,0.0,3.9488395995005225,0.0
111024,2025-11-08T22:00:00.000000000,1.334,0.43900000000000006,0.0,0.0,4.290853538391506,0.0
111024,2025-11-08T23:00:00.000000000,0.7890000000000001,0.32299999999999995,0.0,0.0,1.14737323972425,0.0
111024,2025-11-09T00:00:00.000000000,0.744,0.364,0.0,0.0,0.0,0.0
111024,2025-11-09T01:00:00.000000000,0.7350000000000001,0.386,0.0,0.0,0.3235504614701334,0.0
111024,2025-11-09T02:00:00.000000000,0.756,0.408,0.0,0.0,0.0,0.0
111024,2025-11-09T03:00:00.000000000,0.791,0.446,0.0,0.0,0.3235504614701334,0.0
111024,2025-11-09T04:00:00.000000000,0.861,0.517,0.0,0.0,1.157630727180278,0.0
111024,2025-11-09T05:00:00.000000000,0.932,0.5700000000000001,0.0,0.0,0.6755288167469723,0.0
111024,2025-11-09T06:00:00.000000000,1.048,0.625,0.0,0.0,0.3675111219959667,0.0
111024,2025-11-09T07:00:00.000000000,1.002,0.5640000000000001,0.0,0.0,1.7449451518054109,0.0
111024,2025-11-09T08:00:00.000000000,1.061,0.44699999999999995,0.0,0.0,0.3235504614701334,0.0
111024,2025-11-09T09:00:00.000000000,1.137,0.395,0.0,0.0,2.9257284935292946,0.0
111024,2025-11-09T10:00:00.000000000,1.334,0.381,0.0,0.0,5.325980558239795,0.0
111024,2025-11-09T11:00:00.000000000,0.696,0.238,0.0,0.0,0.36399426915390004,0.0
111024,2025-11-09T12:00:00.000000000,0.626,0.125,0.0,0.004,1.7326361668581778,0.0
111024,2025-11-09T13:00:00.000000000,0.7069999999999999,0.163,0.0,0.0,0.07356083861322778,0.0
111024,2025-11-09T14:00:00.000000000,0.668,0.21,0.0,0.0,1.5248487781060724,0.0
111024,2025-11-09T15:00:00.000000000,0.742,0.265,0.0,0.0,1.1007749395668667,0.0
111024,2025-11-09T16:00:00.000000000,0.6930000000000001,0.313,0.0,0.0,1.193385397741289,0.0
111024,2025-11-09T17:00:00.000000000,0.867,0.329,0.0,0.0,1.5333478391410669,0.0
111024,2025-11-09T18:00:00.000000000,1.0250000000000001,0.37600000000000006,0.0,0.0,0.029600178087394447,0.0
111024,2025-11-09T19:00:00.000000000,1.108,0.303,0.0,0.0,1.373037963756861,0.0
111024,2025-11-09T20:00:00.000000000,0.8709999999999999,0.017,0.0,0.002,2.788278161618522,0.0
111024,2025-11-09T21:00:00.000000000,0.702,0.162,0.0,0.0,0.0738539096834,0.0
111024,2025-11-09T22:00:00.000000000,0.629,0.186,0.0,0.0,1.8856192654880777,0.0
111024,2025-11-09T23:00:00.000000000,0.529,0.16899999999999998,0.0,0.0,0.7804482598686278,0.0
111024,2025-11-10T00:00:00.000000000,0.502,0.14400000000000002,0.0,0.0,1.373917176967378,0.0
111024,2025-11-10T01:00:00.000000000,0.476,0.127,0.0,0.0,0.0,0.0
111024,2025-11-10T02:00:00.000000000,0.474,0.127,0.0,0.0,0.3235504614701334,0.0
111024,2025-11-10T03:00:00.000000000,0.462,0.11800000000000001,0.0,0.0,0.7945156712368944,0.0
111024,2025-11-10T04:00:00.000000000,0.453,0.11,0.0,0.0,0.0,0.0
111024,2025-11-10T05:00:00.000000000,0.482,0.14,0.0,0.0,0.3235504614701334,0.0
111024,2025-11-10T06:00:00.000000000,0.6090000000000001,0.254,0.0,0.0,0.0,0.0
111024,2025-11-10T07:00:00.000000000,0.636,0.28500000000000003,0.0,0.0,0.3235504614701334,0.0
111024,2025-11-10T08:00:00.000000000,0.7470000000000001,0.308,0.0,0.0,1.989952566469389,0.0
111024,2025-11-10T09:00:00.000000000,0.7830000000000001,0.313,0.0,0.0,0.35344371062769997,0.0
111024,2025-11-10T10:00:00.000000000,0.844,0.27,0.0,0.0,1.5556212404741556,0.0
111024,2025-11-10T11:00:00.000000000,0.88,0.303,0.0,0.0,1.8322803307167332,0.0
111024,2025-11-10T12:00:00.000000000,0.871,0.296,0.0,0.0,1.3475407806518778,0.0
111024,2025-11-10T13:00:00.000000000,0.881,0.307,0.0,0.0,1.2563956778283165,0.0
111024,2025-11-10T14:00:00.000000000,0.874,0.29600000000000004,0.0,0.0,1.6324058608592775,0.0
111024,2025-11-10T15:00:00.000000000,0.89,0.274,0.0,0.0,1.1394603208296,0.0
111024,2025-11-10T16:00:00.000000000,0.957,0.26,0.0,0.0,0.3235504614701334,0.0
111024,2025-11-10T17:00:00.000000000,0.952,0.32000000000000006,0.0,0.0,0.3405485835401222,0.0
111024,2025-11-10T18:00:00.000000000,1.113,0.46499999999999997,0.0,0.0,0.6995606445010945,0.0
111024,2025-11-10T19:00:00.000000000,1.167,0.481,0.0,0.0,2.1411772386782557,0.0
111024,2025-11-10T20:00:00.000000000,1.2449999999999999,0.375,0.0,0.0,1.4137748425108,0.0
111024,2025-11-10T21:00:00.000000000,1.3940000000000001,0.474,0.0,0.0,2.459745491955461,0.0
111024,2025-11-10T22:00:00.000000000,1.4420000000000002,0.6769999999999999,0.0,0.0,4.178314247445372,0.0
111024,2025-11-10T23:00:00.000000000,1.4,0.714,0.0,0.0,4.301404096917706,0.0
111024,2025-11-11T00:00:00.000000000,1.005,0.6299999999999999,0.0,0.0,0.3235504614701334,0.0
111024,2025-11-11T01:00:00.000000000,1.1110000000000002,0.756,0.0,0.0,0.3235504614701334,0.0
111024,2025-11-11T02:00:00.000000000,1.1320000000000001,0.78,0.0,0.0,0.0,0.0
111024,2025-11-11T03:00:00.000000000,1.204,0.851,0.0,0.0,0.3235504614701334,0.0
111024,2025-11-11T04:00:00.000000000,1.271,0.916,0.0,0.0,0.3595982031013167,0.0
111024,2025-11-11T05:00:00.000000000,1.371,0.995,0.0,0.0,0.6901823702555834,0.0
111024,2025-11-11T06:00:00.000000000,1.575,1.133,0.0,0.0,0.6907685123959277,0.0
111024,2025-11-11T07:00:00.000000000,1.548,1.074,0.0,0.0,0.7332638175709,0.0
111024,2025-11-11T08:00:00.000000000,1.317,0.8420000000000001,0.0,0.0,2.0090021860305836,0.0
111024,2025-11-11T09:00:00.000000000,1.205,0.629,0.0,0.0,1.145028671162872,0.0
111024,2025-11-11T10:00:00.000000000,1.297,0.511,0.0,0.0,0.6778733853083501,0.0
111024,2025-11-11T11:00:00.000000000,0.969,0.479,0.0,0.0,0.6690812532031833,0.0
111024,2025-11-11T12:00:00.000000000,0.7910000000000001,0.452,0.0,0.0,0.3235504614701334,0.0
111024,2025-11-11T13:00:00.000000000,0.7790000000000001,0.31,0.0,0.0,1.5623618750881167,0.0
111024,2025-11-11T14:00:00.000000000,0.7409999999999999,0.242,0.0,0.0,1.5081437271062557,0.0
111024,2025-11-11T15:00:00.000000000,0.84,0.363,0.0,0.0,0.0,0.0
111024,2025-11-11T16:00:00.000000000,1.4120000000000001,0.395,0.0,0.0,0.6670297557119778,0.0
111024,2025-11-11T17:00:00.000000000,1.959,0.469,0.0,0.0,2.4814327511482057,0.0
111024,2025-11-11T18:00:00.000000000,1.5040000000000002,0.849,0.0,0.0,0.6740634613961112,0.0
111024,2025-11-11T19:00:00.000000000,1.656,0.7829999999999999,0.0,0.0,1.0641410557953388,0.0
111024,2025-11-11T20:00:00.000000000,1.6389999999999998,0.858,0.0,0.0,0.3235504614701334,0.0
111024,2025-11-11T21:00:00.000000000,1.587,1.0390000000000001,0.0,0.0,1.2229855758286834,0.0
111024,2025-11-11T22:00:00.000000000,1.54,1.028,0.0,0.0,0.7613986403074333,0.0
111024,2025-11-11T23:00:00.000000000,1.4659999999999997,1.034,0.0,0.0,0.6471009229402668,0.0
111024,2025-11-12T00:00:00.000000000,1.5550000000000002,1.186,0.0,0.0,0.7458658735883056,0.0
111024,2025-11-12T01:00:00.000000000,1.619,1.251,0.0,0.0,0.3235504614701334,0.0
111024,2025-11-12T02:00:00.000000000,1.727,1.358,0.0,0.0,0.0,0.0
111024,2025-11-12T03:00:00.000000000,1.737,1.369,0.0,0.0,0.3235504614701334,0.0
111024,2025-11-12T04:00:00.000000000,1.824,1.455,0.0,0.0,0.0,0.0
111024,2025-11-12T05:00:00.000000000,1.8490000000000002,1.483,0.0,0.0,0.3235504614701334,0.0
111024,2025-11-12T06:00:00.000000000,2.081,1.615,0.0,0.0,1.613063170227911,0.0
111024,2025-11-12T07:00:00.000000000,1.963,1.374,0.0,0.0,2.5505975237088503,0.0
111024,2025-11-12T08:00:00.000000000,1.4360000000000002,0.897,0.0,0.0,0.48825640290692224,0.0
111024,2025-11-12T09:00:00.000000000,1.096,0.42999999999999994,0.0,0.0,3.006029966756483,0.0
111024,2025-11-12T10:00:00.000000000,0.8639999999999999,0.276,0.0,0.0,1.9254769310315003,0.0
111024,2025-11-12T11:00:00.000000000,0.7030000000000001,0.364,0.0,0.0,0.6831486645714501,0.0
111024,2025-11-12T12:00:00.000000000,0.653,0.314,0.0,0.0,1.064141055795339,0.0
111024,2025-11-12T13:00:00.000000000,0.594,0.255,0.0,0.0,0.8097553668858499,0.0
111024,2025-11-12T14:00:00.000000000,0.613,0.184,0.0,0.0,0.7001467866414388,0.0
111024,2025-11-12T15:00:00.000000000,0.538,0.198,0.0,0.0,0.3405485835401222,0.0
111024,2025-11-12T16:00:00.000000000,0.6779999999999999,0.152,0.0,0.0,1.545363753018128,0.0
111024,2025-11-12T17:00:00.000000000,0.878,0.251,0.0,0.0,1.2587402463896946,0.0
111024,2025-11-12T18:00:00.000000000,1.3559999999999999,0.469,0.0,0.0,2.6575684643217112,0.0
111024,2025-11-12T19:00:00.000000000,1.444,0.5750000000000001,0.0,0.0,0.3235504614701334,0.0
111024,2025-11-12T20:00:00.000000000,1.419,0.641,0.0,0.0,0.3405485835401222,0.0
111024,2025-11-12T21:00:00.000000000,1.4729999999999999,0.7749999999999999,0.0,0.0,1.0834837464267055,0.0
111024,2025-11-12T22:00:00.000000000,1.433,0.857,0.0,0.0,1.133012757285811,0.0
111024,2025-11-12T23:00:00.000000000,1.32,0.917,0.0,0.0,0.0,0.0
111024,2025-11-13T00:00:00.000000000,1.337,0.972,0.0,0.0,0.3405485835401222,0.0
111024,2025-11-13T01:00:00.000000000,1.3650000000000002,1.002,0.0,0.0,0.3235504614701334,0.0
111024,2025-11-13T02:00:00.000000000,1.389,1.028,0.0,0.0,0.0,0.0
111024,2025-11-13T03:00:00.000000000,1.366,1.008,0.0,0.0,0.3235504614701334,0.0
111024,2025-11-13T04:00:00.000000000,1.3559999999999999,0.997,0.0,0.0,1.1681812857064777,0.0
111024,2025-11-13T05:00:00.000000000,1.2640000000000002,0.914,0.0,0.0,0.771363056693289,0.0
111024,2025-11-13T06:00:00.000000000,1.0750000000000002,0.658,0.0,0.0,0.7153864822903945,0.0
111024,2025-11-13T07:00:00.000000000,1.2089999999999999,0.663,0.0,0.0,1.1948507530921502,0.0
111024,2025-11-13T08:00:00.000000000,0.895,0.309,0.0,0.0,2.58752447855055,0.0
111024,2025-11-13T09:00:00.000000000,0.6699999999999999,0.158,0.0,0.0,1.2590333174598667,0.0
111024,2025-11-13T10:00:00.000000000,0.652,0.19000000000000003,0.0,0.0,0.3235504614701334,0.0
111024,2025-11-13T11:00:00.000000000,0.589,0.128,0.0,0.0,1.2332430632847111,0.0
111024,2025-11-13T12:00:00.000000000,0.6769999999999999,0.0,0.0,0.05399999999999999,2.2214787119054447,0.0
111024,2025-11-13T13:00:00.000000000,0.671,0.0,0.0,0.053000000000000005,1.6362157847715166,0.0
111024,2025-11-13T14:00:00.000000000,0.587,0.0,0.0,0.012,0.3235504614701334,0.0
111024,2025-11-13T15:00:00.000000000,0.558,0.011,0.0,0.004,0.3595982031013167,0.0
111024,2025-11-13T16:00:00.000000000,0.69,0.03,0.0,0.0,0.8885914847621779,0.0
111024,2025-11-13T17:00:00.000000000,0.871,0.057999999999999996,0.0,0.0,1.417877837493211,0.0
111024,2025-11-13T18:00:00.000000000,1.078,0.169,0.0,0.0,2.775676105601117,0.0
111024,2025-11-13T19:00:00.000000000,1.0150000000000001,0.14600000000000002,0.0,0.0,0.6679089689224944,0.0
111024,2025-11-13T20:00:00.000000000,0.9289999999999999,0.15300000000000002,0.0,0.0,0.76227785351795,0.0
111024,2025-11-13T21:00:00.000000000,0.869,0.175,0.0,0.0,0.0,0.0
111024,2025-11-13T22:00:00.000000000,0.836,0.21,0.0,0.0,1.1494247372154556,0.0
111024,2025-11-13T23:00:00.000000000,0.7329999999999999,0.223,0.0,0.0,1.0345408777079446,0.0
111024,2025-11-14T00:00:00.000000000,0.649,0.226,0.0,0.0,0.0,0.0
111024,2025-11-14T01:00:00.000000000,0.593,0.231,0.0,0.0,0.3235504614701334,0.0
111024,2025-11-14T02:00:00.000000000,0.573,0.225,0.0,0.0,0.0,0.0
111024,2025-11-14T03:00:00.000000000,0.561,0.217,0.0,0.0,0.3235504614701334,0.0
111024,2025-11-14T04:00:00.000000000,0.553,0.21,0.0,0.0,0.0,0.0
111024,2025-11-14T05:00:00.000000000,0.549,0.208,0.0,0.0,0.3235504614701334,0.0
111024,2025-11-14T06:00:00.000000000,0.6070000000000001,0.23299999999999998,0.0,0.0,0.839941687113589,0.0
111024,2025-11-14T07:00:00.000000000,0.955,0.097,0.0,0.011,3.3656281698578,0.0
111024,2025-11-14T08:00:00.000000000,0.816,0.061,0.0,0.015,2.3498438406408777,0.0
111024,2025-11-14T09:00:00.000000000,0.45899999999999996,0.11499999999999999,0.0,0.0,0.3235504614701334,0.0
111024,2025-11-14T10:00:00.000000000,0.472,0.041,0.0,0.0,0.8375971185522112,0.0
111024,2025-11-14T11:00:00.000000000,0.541,0.0,0.0,0.024,1.3153029629329331,0.0
111024,2025-11-14T12:00:00.000000000,0.43699999999999994,0.0,0.0,0.03899999999999999,1.3214574554065501,0.0
111024,2025-11-14T13:00:00.000000000,0.493,0.0,0.0,0.067,0.0,0.0
111024,2025-11-14T14:00:00.000000000,0.542,0.0,0.0,0.083,0.7004398577116111,0.0
111024,2025-11-14T15:00:00.000000000,0.6789999999999999,0.0,0.0,0.08700000000000001,0.681683309220589,0.0
111024,2025-11-14T16:00:00.000000000,0.536,0.0,0.0,0.077,0.9348967138493889,0.0
111024,2025-11-14T17:00:00.000000000,0.602,0.0,0.0,0.017,0.3405485835401222,0.0
111024,2025-11-14T18:00:00.000000000,1.2510000000000001,0.153,0.0,0.0,1.0911035942511833,0.0
111024,2025-11-14T19:00:00.000000000,1.5750000000000002,0.216,0.0,0.0,1.1016541527773835,0.0
111024,2025-11-14T20:00:00.000000000,0.891,0.268,0.0,0.0,0.6810971670802445,0.0
111024,2025-11-14T21:00:00.000000000,1.004,0.31200000000000006,0.0,0.0,0.8839023476394223,0.0
111024,2025-11-14T22:00:00.000000000,1.088,0.431,0.0,0.0,0.9105718150250943,0.0
111024,2025-11-14T23:00:00.000000000,0.9189999999999999,0.484,0.0,0.0,0.3405485835401222,0.0
111024,2025-11-15T00:00:00.000000000,0.894,0.544,0.0,0.0,0.0,0.0
111024,2025-11-15T01:00:00.000000000,0.858,0.509,0.0,0.0,0.6471009229402668,0.0
111024,2025-11-15T02:00:00.000000000,0.932,0.584,0.0,0.0,0.36018434524166115,0.0
111024,2025-11-15T03:00:00.000000000,0.941,0.594,0.0,0.0,0.3235504614701334,0.0
111024,2025-11-15T04:00:00.000000000,0.944,0.598,0.0,0.0,0.0,0.0
111024,2025-11-15T05:00:00.000000000,0.8709999999999999,0.53,0.0,0.0,0.8402347581837611,0.0
111024,2025-11-15T06:00:00.000000000,0.9039999999999999,0.488,0.0,0.0,0.7001467866414389,0.0
111024,2025-11-15T07:00:00.000000000,0.905,0.35000000000000003,0.0,0.0,1.8604151534532667,0.0
111024,2025-11-15T08:00:00.000000000,0.788,0.412,0.0,0.0,0.0,0.0
111024,2025-11-15T09:00:00.000000000,0.74,0.395,0.0,0.0,0.32355046147013333,0.0
111024,2025-11-15T10:00:00.000000000,0.714,0.32099999999999995,0.0,0.0,0.5925897038882333,0.0
111024,2025-11-15T11:00:00.000000000,0.667,0.327,0.0,0.0,1.5368646919831335,0.0
111024,2025-11-15T12:00:00.000000000,0.6859999999999999,0.28700000000000003,0.0,0.0,0.0,0.0
111024,2025-11-15T13:00:00.000000000,0.702,0.246,0.0,0.0,0.3235504614701334,0.0
111024,2025-11-15T14:00:00.000000000,0.698,0.239,0.0,0.0,0.0,0.0
111024,2025-11-15T15:00:00.000000000,0.716,0.239,0.0,0.0,0.3235504614701334,0.0
111024,2025-11-15T16:00:00.000000000,0.748,0.228,0.0,0.0,0.0,0.0
111024,2025-11-15T17:00:00.000000000,0.7699999999999999,0.23299999999999998,0.0,0.0,0.7010259998519557,0.0
111024,2025-11-15T18:00:00.000000000,1.071,0.124,0.0,0.0,1.5254349202464166,0.0
111024,2025-11-15T19:00:00.000000000,1.0,0.131,0.0,0.0,0.3235504614701334,0.0
111024,2025-11-15T20:00:00.000000000,0.8999999999999999,0.124,0.0,0.0,1.9292868549437392,0.0
111024,2025-11-15T21:00:00.000000000,0.7970000000000002,0.10500000000000001,0.0,0.0,0.35901206096097227,0.0
111024,2025-11-15T22:00:00.000000000,0.577,0.135,0.0,0.0,2.3521884092022556,0.0
111024,2025-11-15T23:00:00.000000000,0.489,0.126,0.0,0.0,1.1034125791984166,0.0
111024,2025-11-16T00:00:00.000000000,0.457,0.10400000000000001,0.0,0.0,0.3235504614701334,0.0
111024,2025-11-16T01:00:00.000000000,0.441,0.093,0.0,0.0,0.3235504614701334,0.0
111024,2025-11-16T02:00:00.000000000,0.441,0.094,0.0,0.0,0.3235504614701334,0.0
111024,2025-11-16T03:00:00.000000000,0.44,0.096,0.0,0.0,0.0,0.0
111024,2025-11-16T04:00:00.000000000,0.436,0.093,0.0,0.0,0.3235504614701334,0.0
111024,2025-11-16T05:00:00.000000000,0.446,0.094,0.0,0.0,0.0,0.0
111024,2025-11-16T06:00:00.000000000,0.533,0.09700000000000002,0.0,0.0,0.3522714263470111,0.0
111024,2025-11-16T07:00:00.000000000,0.524,0.075,0.0,0.0,0.3235504614701334,0.0
111024,2025-11-16T08:00:00.000000000,0.427,0.079,0.0,0.0,0.0,0.0
111024,2025-11-16T09:00:00.000000000,0.41400000000000003,0.069,0.0,0.0,0.6837348067117945,0.0
111024,2025-11-16T10:00:00.000000000,0.376,0.033999999999999996,0.0,0.0,0.3235504614701334,0.0
111024,2025-11-16T11:00:00.000000000,0.361,0.023,0.0,0.0,0.7010259998519557,0.0
111024,2025-11-16T12:00:00.000000000,0.501,0.003,0.0,0.012,0.0,0.0
111024,2025-11-16T13:00:00.000000000,0.37200000000000005,0.0,0.0,0.003,0.3235504614701334,0.0
111024,2025-11-16T14:00:00.000000000,0.344,0.0,0.0,0.005,0.0,0.0
111024,2025-11-16T15:00:00.000000000,0.792,0.0,0.0,0.051,0.3235504614701334,0.0
111024,2025-11-16T16:00:00.000000000,1.174,0.0,0.0,0.092,6.79338740659211,0.0
111024,2025-11-16T17:00:00.000000000,1.26,0.0,0.0,0.096,3.868538126273333,0.0
111024,2025-11-16T18:00:00.000000000,1.2810000000000001,0.0,0.0,0.139,2.4518325730608113,0.0
111024,2025-11-16T19:00:00.000000000,0.9289999999999999,0.0,0.0,0.061,0.3408416546102945,0.0
111024,2025-11-16T20:00:00.000000000,0.8140000000000001,0.0,0.0,0.038,1.5497598190707111,0.0
111024,2025-11-16T21:00:00.000000000,0.686,0.0,0.0,0.03,0.3235504614701334,0.0
111024,2025-11-16T22:00:00.000000000,0.525,0.02,0.0,0.004,0.6834417356416222,0.0
111024,2025-11-16T23:00:00.000000000,0.534,0.084,0.0,0.0,0.36018434524166115,0.0
111024,2025-11-17T00:00:00.000000000,0.543,0.128,0.0,0.0,0.3408416546102945,0.0
111024,2025-11-17T01:00:00.000000000,0.592,0.228,0.0,0.0,0.3408416546102945,0.0
111024,2025-11-17T02:00:00.000000000,0.6,0.248,0.0,0.0,0.3235504614701334,0.0
111024,2025-11-17T03:00:00.000000000,0.621,0.276,0.0,0.0,0.0,0.0
111024,2025-11-17T04:00:00.000000000,0.652,0.308,0.0,0.0,0.3235504614701334,0.0
111024,2025-11-17T05:00:00.000000000,0.687,0.344,0.0,0.0,0.0,0.0
111024,2025-11-17T06:00:00.000000000,0.7789999999999999,0.40099999999999997,0.0,0.0,0.6837348067117945,0.0
111024,2025-11-17T07:00:00.000000000,0.7550000000000001,0.383,0.0,0.0,1.1538208032680388,0.0
111024,2025-11-17T08:00:00.000000000,0.704,0.325,0.0,0.0,0.3235504614701334,0.0
111024,2025-11-17T09:00:00.000000000,0.7529999999999999,0.28300000000000003,0.0,0.0,0.0,0.0
111024,2025-11-17T10:00:00.000000000,0.7170000000000001,0.254,0.0,0.0,0.3235504614701334,0.0
111024,2025-11-17T11:00:00.000000000,0.569,0.22999999999999998,0.0,0.0,0.0,0.0
111024,2025-11-17T12:00:00.000000000,0.6060000000000001,0.18,0.0,0.0,0.3235504614701334,0.0
111024,2025-11-17T13:00:00.000000000,0.562,0.193,0.0,0.0,0.36047741631183333,0.0
111024,2025-11-17T14:00:00.000000000,0.535,0.196,0.0,0.0,0.3235504614701334,0.0
111024,2025-11-17T15:00:00.000000000,0.7449999999999999,0.161,0.0,0.0,0.7045428526940223,0.0
111024,2025-11-17T16:00:00.000000000,0.766,0.21,0.0,0.0,0.0,0.0
111024,2025-11-17T17:00:00.000000000,0.903,0.31900000000000006,0.0,0.0,0.3408416546102945,0.0
111024,2025-11-17T18:00:00.000000000,1.161,0.511,0.0,0.0,0.8428723978153112,0.0
111024,2025-11-17T19:00:00.000000000,1.52,0.471,0.0,0.0,1.4410304520368167,0.0
111024,2025-11-17T20:00:00.000000000,1.337,0.503,0.0,0.0,0.33204952250512776,0.0
111024,2025-11-17T21:00:00.000000000,1.256,0.5650000000000001,0.0,0.0,1.1840071234957779,0.0
111024,2025-11-17T22:00:00.000000000,1.182,0.591,0.0,0.0,1.1538208032680388,0.0
111024,2025-11-17T23:00:00.000000000,1.0899999999999999,0.625,0.0,0.0,0.3235504614701334,0.0
111024,2025-11-18T00:00:00.000000000,1.2600000000000002,0.692,0.0,0.0,0.33468716213667776,0.0
111024,2025-11-18T01:00:00.000000000,1.154,0.8,0.0,0.0,0.6749426746066278,0.0
111024,2025-11-18T02:00:00.000000000,1.186,0.833,0.0,0.0,0.0,0.0
111024,2025-11-18T03:00:00.000000000,1.117,0.7290000000000001,0.0,0.0,1.5081437271062557,0.0
111024,2025-11-18T04:00:00.000000000,1.2329999999999999,0.881,0.0,0.0,0.3338079489261611,0.0
111024,2025-11-18T05:00:00.000000000,1.344,0.969,0.0,0.0,0.3543229238382167,0.0
111024,2025-11-18T06:00:00.000000000,1.5350000000000001,1.094,0.0,0.0,0.7798621177282834,0.0
111024,2025-11-18T07:00:00.000000000,1.5110000000000001,0.954,0.0,0.0,1.4861633968433388,0.0
111024,2025-11-18T08:00:00.000000000,1.286,0.75,0.0,0.0,1.2059874537586945,0.0
111024,2025-11-18T09:00:00.000000000,1.107,0.517,0.0,0.0,1.7030359887707835,0.0
111024,2025-11-18T10:00:00.000000000,1.038,0.573,0.0,0.0,1.971489089048539,0.0
111024,2025-11-18T11:00:00.000000000,1.048,0.47,0.0,0.0,0.6881308727643778,0.0
111024,2025-11-18T12:00:00.000000000,1.001,0.42600000000000005,0.0,0.0,1.7411352278931722,0.0
111024,2025-11-18T13:00:00.000000000,0.957,0.382,0.0,0.0,1.8797578440846334,0.0
111024,2025-11-18T14:00:00.000000000,0.911,0.331,0.0,0.0,1.5606034486670834,0.0
111024,2025-11-18T15:00:00.000000000,0.8119999999999999,0.122,0.0,0.0,2.5450291733755783,0.0
111024,2025-11-18T16:00:00.000000000,0.9229999999999999,0.20800000000000002,0.0,0.0,2.6306059258658667,0.0
111024,2025-11-18T17:00:00.000000000,1.3239999999999998,0.511,0.0,0.0,0.3408416546102945,0.0
111024,2025-11-18T18:00:00.000000000,1.963,0.82,0.0,0.0,1.5512251744215724,0.0
111024,2025-11-18T19:00:00.000000000,1.92,0.9570000000000001,0.0,0.0,2.6379327026201724,0.0
111024,2025-11-18T20:00:00.000000000,2.107,1.088,0.0,0.0,3.37354108875245,0.0
111024,2025-11-18T21:00:00.000000000,1.4909999999999999,0.9,0.0,0.0,0.0,0.0
111024,2025-11-18T22:00:00.000000000,1.387,0.88,0.0,0.0,0.3235504614701334,0.0
111024,2025-11-18T23:00:00.000000000,1.375,0.975,0.0,0.0,1.193385397741289,0.0
111024,2025-11-19T00:00:00.000000000,1.4379999999999997,1.074,0.0,0.0,0.36047741631183333,0.0
111024,2025-11-19T01:00:00.000000000,1.533,1.1680000000000001,0.0,0.0,0.3235504614701334,0.0
111024,2025-11-19T02:00:00.000000000,1.661,1.294,0.0,0.0,0.0,0.0
111024,2025-11-19T03:00:00.000000000,1.753,1.3849999999999998,0.0,0.0,0.3235504614701334,0.0
111024,2025-11-19T04:00:00.000000000,1.8250000000000002,1.456,0.0,0.0,0.0,0.0
111024,2025-11-19T05:00:00.000000000,1.92,1.552,0.0,0.0,1.1626129353732055,0.0
111024,2025-11-19T06:00:00.000000000,2.161,1.629,0.0,0.0,0.11107393559527222,0.0
111024,2025-11-19T07:00:00.000000000,1.7590000000000001,1.1600000000000001,0.0,0.0,3.8606252073786833,0.0
111024,2025-11-19T08:00:00.000000000,1.388,0.871,0.0,0.0,2.3773925212370663,0.0
111024,2025-11-19T09:00:00.000000000,1.158,0.687,0.0,0.0,0.0,0.0
111024,2025-11-19T10:00:00.000000000,0.995,0.532,0.0,0.0,0.3235504614701334,0.0
111024,2025-11-19T11:00:00.000000000,0.913,0.45499999999999996,0.0,0.0,0.4888425450472667,0.0
111024,2025-11-19T12:00:00.000000000,0.782,0.28500000000000003,0.0,0.0,1.3428516435291225,0.0
111024,2025-11-19T13:00:00.000000000,0.7729999999999999,0.317,0.0,0.0,0.7013190709221278,0.0
111024,2025-11-19T14:00:00.000000000,0.645,0.305,0.0,0.0,0.715972624430739,0.0
111024,2025-11-19T15:00:00.000000000,0.805,0.295,0.0,0.0,1.0357131619886335,0.0
111024,2025-11-19T16:00:00.000000000,1.145,0.353,0.0,0.0,0.8082900115349889,0.0
111024,2025-11-19T17:00:00.000000000,1.8170000000000002,0.5880000000000001,0.0,0.0,7.152106396482911,0.0
111024,2025-11-19T18:00:00.000000000,1.805,0.694,0.0,0.0,1.4468918734402612,0.0
111024,2025-11-19T19:00:00.000000000,1.8210000000000002,0.7040000000000001,0.0,0.0,0.6699604664137,0.0
111024,2025-11-19T20:00:00.000000000,1.565,0.7250000000000001,0.0,0.0,0.35930513203114445,0.0
111024,2025-11-19T21:00:00.000000000,1.434,0.7369999999999999,0.0,0.0,3.376178728384,0.0
111024,2025-11-19T22:00:00.000000000,1.2269999999999999,0.7170000000000001,0.0,0.0,0.8754032866044278,0.0
111024,2025-11-19T23:00:00.000000000,1.266,0.894,0.0,0.0,0.681683309220589,0.0
111024,2025-11-20T00:00:00.000000000,1.343,0.978,0.0,0.0,0.32325739039996115,0.0
111024,2025-11-20T01:00:00.000000000,1.416,1.053,0.0,0.0,0.0,0.0
111024,2025-11-20T02:00:00.000000000,1.4629999999999999,1.101,0.0,0.0,0.3235504614701334,0.0
111024,2025-11-20T03:00:00.000000000,1.53,1.165,0.0,0.0,0.8182544279208444,0.0
111024,2025-11-20T04:00:00.000000000,1.447,1.085,0.0,0.0,0.3235504614701334,0.0
111024,2025-11-20T05:00:00.000000000,1.442,1.085,0.0,0.0,1.0398161569710445,0.0
111024,2025-11-20T06:00:00.000000000,1.729,1.232,0.0,0.0,1.5776015707370723,0.0
111024,2025-11-20T07:00:00.000000000,1.654,1.074,0.0,0.0,1.0389369437605278,0.0
111024,2025-11-20T08:00:00.000000000,1.222,0.6930000000000001,0.0,0.0,0.738539096834,0.0
111024,2025-11-20T09:00:00.000000000,1.137,0.512,0.0,0.0,1.0705886193391279,0.0
111024,2025-11-20T10:00:00.000000000,1.1669999999999998,0.44199999999999995,0.0,0.0,4.7720762356142945,0.0
111024,2025-11-20T11:00:00.000000000,0.8439999999999999,0.271,0.0,0.0,2.7369907243383835,0.0
111024,2025-11-20T12:00:00.000000000,0.663,0.20700000000000002,0.0,0.0,1.560017306526739,0.0
111024,2025-11-20T13:00:00.000000000,0.625,0.168,0.0,0.0,1.1412187472506332,0.0
111024,2025-11-20T14:00:00.000000000,0.6,0.14200000000000002,0.0,0.0,1.5078506560360834,0.0
111024,2025-11-20T15:00:00.000000000,0.618,0.14100000000000001,0.0,0.0,0.8821439212183889,0.0
111024,2025-11-20T16:00:00.000000000,0.836,0.175,0.0,0.0,1.2393975557583279,0.0
111024,2025-11-20T17:00:00.000000000,1.069,0.257,0.0,0.0,0.8393555449732444,0.0
111024,2025-11-20T18:00:00.000000000,1.2730000000000001,0.343,0.0,0.0,1.2698769470562388,0.0
111024,2025-11-20T19:00:00.000000000,1.238,0.37,0.0,0.0,1.1702327831976833,0.0
111024,2025-11-20T20:00:00.000000000,1.156,0.378,0.0,0.0,1.1066363609703112,0.0
111024,2025-11-20T21:00:00.000000000,1.109,0.415,0.0,0.0,1.42168776140545,0.0
111024,2025-11-20T22:00:00.000000000,0.9329999999999999,0.485,0.0,0.0,1.2320707790040224,0.0
111024,2025-11-20T23:00:00.000000000,0.974,0.612,0.0,0.0,0.3235504614701334,0.0
111024,2025-11-21T00:00:00.000000000,1.066,0.71,0.0,0.0,0.0,0.0
111024,2025-11-21T01:00:00.000000000,1.1280000000000001,0.7730000000000001,0.0,0.0,0.3235504614701334,0.0
111024,2025-11-21T02:00:00.000000000,1.2069999999999999,0.852,0.0,0.0,0.0,0.0
111024,2025-11-21T03:00:00.000000000,1.27,0.914,0.0,0.0,0.3235504614701334,0.0
111024,2025-11-21T04:00:00.000000000,1.3050000000000002,0.95,0.0,0.0,0.0,0.0
111024,2025-11-21T05:00:00.000000000,1.306,0.954,0.0,0.0,0.3235504614701334,0.0
111024,2025-11-21T06:00:00.000000000,1.416,1.048,0.0,0.0,0.0,0.0
111024,2025-11-21T07:00:00.000000000,1.4080000000000001,0.988,0.0,0.0,0.3235504614701334,0.0
111024,2025-11-21T08:00:00.000000000,1.088,0.5449999999999999,0.0,0.0,1.2218132915479947,0.0
111024,2025-11-21T09:00:00.000000000,0.7210000000000001,0.22099999999999997,0.0,0.0,2.1379534569063607,0.0
111024,2025-11-21T10:00:00.000000000,0.577,0.235,0.0,0.0,0.0,0.0
111024,2025-11-21T11:00:00.000000000,0.5710000000000001,0.035,0.0,0.018000000000000002,2.100733430994489,0.0
111024,2025-11-21T12:00:00.000000000,0.491,0.0,0.0,0.047,2.9057996607575833,0.0
111024,2025-11-21T13:00:00.000000000,0.46599999999999997,0.0,0.0,0.055999999999999994,2.7750899634607724,0.0
111024,2025-11-21T14:00:00.000000000,0.377,0.037,0.0,0.0,0.0,0.0
111024,2025-11-21T15:00:00.000000000,0.524,0.07600000000000001,0.0,0.0,0.3235504614701334,0.0
111024,2025-11-21T16:00:00.000000000,0.7699999999999999,0.109,0.0,0.0,1.462717711229561,0.0
111024,2025-11-21T17:00:00.000000000,0.943,0.132,0.0,0.0,0.0,0.0
111024,2025-11-21T18:00:00.000000000,1.148,0.23800000000000002,0.0,0.0,0.3235504614701334,0.0
111024,2025-11-21T19:00:00.000000000,1.25,0.202,0.0,0.0,1.9175640121368498,0.0
111024,2025-11-21T20:00:00.000000000,1.451,0.181,0.0,0.0,1.6620060389466722,0.0
111024,2025-11-21T21:00:00.000000000,0.858,0.274,0.0,0.0,2.7915019433904167,0.0
111024,2025-11-21T22:00:00.000000000,0.846,0.345,0.0,0.0,4.064309601148378,0.0
111024,2025-11-21T23:00:00.000000000,0.794,0.357,0.0,0.0,1.14209796046115,0.0
111024,2025-11-22T00:00:00.000000000,0.7430000000000001,0.391,0.0,0.0,1.2792552213017498,0.0
111024,2025-11-22T01:00:00.000000000,0.766,0.418,0.0,0.0,0.3610635584521778,0.0
111024,2025-11-22T02:00:00.000000000,0.79,0.443,0.0,0.0,1.0453845073043166,0.0
111024,2025-11-22T03:00:00.000000000,0.817,0.472,0.0,0.0,0.0,0.0
111024,2025-11-22T04:00:00.000000000,0.817,0.473,0.0,0.0,0.34113472568046666,0.0
111024,2025-11-22T05:00:00.000000000,0.792,0.445,0.0,0.0,1.523090351685039,0.0
111024,2025-11-22T06:00:00.000000000,0.884,0.42,0.0,0.0,0.7106973451676388,0.0
111024,2025-11-22T07:00:00.000000000,0.909,0.343,0.0,0.0,1.125099838391161,0.0
111024,2025-11-22T08:00:00.000000000,0.892,0.335,0.0,0.0,1.2590333174598667,0.0
111024,2025-11-22T09:00:00.000000000,0.9019999999999999,0.312,0.0,0.0,1.2561026067581444,0.0
111024,2025-11-22T10:00:00.000000000,0.669,0.295,0.0,0.0,0.34113472568046666,0.0
111024,2025-11-22T11:00:00.000000000,0.607,0.268,0.0,0.0,0.3235504614701334,0.0
111024,2025-11-22T12:00:00.000000000,0.6950000000000001,0.267,0.0,0.0,0.8153237172191222,0.0
111024,2025-11-22T13:00:00.000000000,0.8089999999999999,0.351,0.0,0.0,0.34113472568046666,0.0
111024,2025-11-22T14:00:00.000000000,0.839,0.38,0.0,0.0,0.34113472568046666,0.0
111024,2025-11-22T15:00:00.000000000,0.87,0.392,0.0,0.0,0.3235504614701334,0.0
111024,2025-11-22T16:00:00.000000000,0.944,0.424,0.0,0.0,0.0,0.0
111024,2025-11-22T17:00:00.000000000,1.05,0.46599999999999997,0.0,0.0,1.0896382389003223,0.0
111024,2025-11-22T18:00:00.000000000,1.366,0.5830000000000001,0.0,0.0,0.34113472568046666,0.0
111024,2025-11-22T19:00:00.000000000,1.5530000000000002,0.68,0.0,0.0,1.0726401168303332,0.0
111024,2025-11-22T20:00:00.000000000,1.3940000000000001,0.618,0.0,0.0,1.13154740193495,0.0
111024,2025-11-22T21:00:00.000000000,1.313,0.62,0.0,0.0,1.1526485189873499,0.0
111024,2025-11-22T22:00:00.000000000,1.186,0.6459999999999999,0.0,0.0,0.3235504614701334,0.0
111024,2025-11-22T23:00:00.000000000,1.113,0.746,0.0,0.0,0.3610635584521778,0.0
111024,2025-11-23T00:00:00.000000000,1.148,0.79,0.0,0.0,0.3235504614701334,0.0
111024,2025-11-23T01:00:00.000000000,1.157,0.8010000000000002,0.0,0.0,0.7118696294483278,0.0
111024,2025-11-23T02:00:00.000000000,1.177,0.82,0.0,0.0,1.451874081633189,0.0
111024,2025-11-23T03:00:00.000000000,1.226,0.871,0.0,0.0,0.36077048738200557,0.0
111024,2025-11-23T04:00:00.000000000,1.301,0.942,0.0,0.0,1.1749219203204389,0.0
111024,2025-11-23T05:00:00.000000000,1.3539999999999999,0.965,0.0,0.0,0.4815157682929611,0.0
111024,2025-11-23T06:00:00.000000000,1.834,1.131,0.0,0.0,1.584928347491378,0.0
111024,2025-11-23T07:00:00.000000000,1.9060000000000001,1.026,0.0,0.0,1.8999797479265168,0.0
111024,2025-11-23T08:00:00.000000000,1.3920000000000001,0.788,0.0,0.0,2.2924019108871225,0.0
111024,2025-11-23T09:00:00.000000000,1.3410000000000002,0.865,0.0,0.0,0.0,0.0
111024,2025-11-23T10:00:00.000000000,1.3530000000000002,0.883,0.0,0.0,0.7068874212554,0.0
111024,2025-11-23T11:00:00.000000000,1.3579999999999999,0.9209999999999999,0.0,0.0,0.0,0.0
111024,2025-11-23T12:00:00.000000000,1.407,0.939,0.0,0.0,0.3235504614701334,0.0
111024,2025-11-23T13:00:00.000000000,1.359,0.895,0.0,0.0,0.0,0.0
111024,2025-11-23T14:00:00.000000000,1.296,0.83,0.0,0.0,0.3235504614701334,0.0
111024,2025-11-23T15:00:00.000000000,1.32,0.836,0.0,0.0,0.6822694513609333,0.0
111024,2025-11-23T16:00:00.000000000,1.4329999999999998,0.859,0.0,0.0,0.3669249798556222,0.0
111024,2025-11-23T17:00:00.000000000,1.4929999999999999,0.8360000000000001,0.0,0.0,0.9337244295686999,0.0
111024,2025-11-23T18:00:00.000000000,1.8850000000000002,1.218,0.0,0.0,0.3235504614701334,0.0
111024,2025-11-23T19:00:00.000000000,1.91,1.15,0.0,0.0,0.8170821436401555,0.0
111024,2025-11-23T20:00:00.000000000,1.92,1.127,0.0,0.0,2.1649159953622057,0.0
111024,2025-11-23T21:00:00.000000000,1.945,1.234,0.0,0.0,1.1904546870395667,0.0
111024,2025-11-23T22:00:00.000000000,1.988,1.339,0.0,0.0,1.1280305490928835,0.0
111024,2025-11-23T23:00:00.000000000,1.895,1.4060000000000001,0.0,0.0,0.34113472568046666,0.0
111024,2025-11-24T00:00:00.000000000,2.0,1.4019999999999997,0.0,0.0,0.6942853652379944,0.0
111024,2025-11-24T01:00:00.000000000,1.833,1.4449999999999998,0.0,0.0,0.6661505425014611,0.0
111024,2025-11-24T02:00:00.000000000,1.8010000000000002,1.427,0.0,0.0,0.0,0.0
111024,2025-11-24T03:00:00.000000000,1.6800000000000002,1.3139999999999998,0.0,0.0,0.3235504614701334,0.0
111024,2025-11-24T04:00:00.000000000,1.586,1.224,0.0,0.0,0.0,0.0
111024,2025-11-24T05:00:00.000000000,1.5950000000000002,1.232,0.0,0.0,0.3235504614701334,0.0
111024,2025-11-24T06:00:00.000000000,1.6349999999999998,1.2570000000000001,0.0,0.0,0.0,0.0
111024,2025-11-24T07:00:00.000000000,1.649,1.1869999999999998,0.0,0.0,0.8164960014998112,0.0
111024,2025-11-24T08:00:00.000000000,1.608,1.016,0.0,0.0,1.1479593818645943,0.0
111024,2025-11-24T09:00:00.000000000,1.565,0.989,0.0,0.0,0.3235504614701334,0.0
111024,2025-11-24T10:00:00.000000000,1.306,0.7280000000000001,0.0,0.0,0.926983794954739,0.0
111024,2025-11-24T11:00:00.000000000,1.375,0.676,0.0,0.0,4.202932217339839,0.0
111024,2025-11-24T12:00:00.000000000,1.0550000000000002,0.597,0.0,0.0,1.137994965478739,0.0
111024,2025-11-24T13:00:00.000000000,1.082,0.623,0.0,0.0,1.0664856243567167,0.0
111024,2025-11-24T14:00:00.000000000,1.1449999999999998,0.599,0.0,0.0,0.3396693703296056,0.0
111024,2025-11-24T15:00:00.000000000,1.107,0.528,0.0,0.0,0.34113472568046666,0.0
111024,2025-11-24T16:00:00.000000000,1.163,0.502,0.0,0.0,0.3235504614701334,0.0
111024,2025-11-24T17:00:00.000000000,1.238,0.605,0.0,0.0,0.34113472568046666,0.0
111024,2025-11-24T18:00:00.000000000,1.614,0.824,0.0,0.0,0.702784426272989,0.0
111024,2025-11-24T19:00:00.000000000,1.55,0.678,0.0,0.0,1.06824405077775,0.0
111024,2025-11-24T20:00:00.000000000,1.549,0.5720000000000001,0.0,0.0,1.5770154285967277,0.0
111024,2025-11-24T21:00:00.000000000,1.48,0.6699999999999999,0.0,0.0,1.0705886193391279,0.0
111024,2025-11-24T22:00:00.000000000,1.513,0.728,0.0,0.0,0.6901823702555834,0.0
111024,2025-11-24T23:00:00.000000000,1.8319999999999999,1.071,0.0,0.0,4.032950996639951,0.0
111024,2025-11-25T00:00:00.000000000,1.5110000000000001,1.13,0.0,0.0,0.04835672657841667,0.0
111024,2025-11-25T01:00:00.000000000,1.704,1.3350000000000002,0.0,0.0,0.3235504614701334,0.0
111024,2025-11-25T02:00:00.000000000,1.79,1.42,0.0,0.0,0.0,0.0
111024,2025-11-25T03:00:00.000000000,1.845,1.475,0.0,0.0,0.3235504614701334,0.0
111024,2025-11-25T04:00:00.000000000,1.94,1.567,0.0,0.0,0.0,0.0
111024,2025-11-25T05:00:00.000000000,2.148,1.751,0.0,0.0,0.3235504614701334,0.0
111024,2025-11-25T06:00:00.000000000,2.125,1.6320000000000001,0.0,0.0,1.5488806058601945,0.0
111024,2025-11-25T07:00:00.000000000,2.1860000000000004,1.6109999999999998,0.0,0.0,0.7455728025181334,0.0
111024,2025-11-25T08:00:00.000000000,2.14,1.5540000000000003,0.0,0.0,0.8185474989910168,0.0
111024,2025-11-25T09:00:00.000000000,1.821,1.2029999999999998,0.0,0.0,1.8495715238568944,0.0
111024,2025-11-25T10:00:00.000000000,1.698,1.1,0.0,0.0,1.1500108793558,0.0
111024,2025-11-25T11:00:00.000000000,1.552,0.966,0.0,0.0,1.090517452110839,0.0
111024,2025-11-25T12:00:00.000000000,1.402,0.9349999999999999,0.0,0.0,0.3414277967506389,0.0
111024,2025-11-25T13:00:00.000000000,1.202,0.8280000000000001,0.0,0.0,0.34113472568046666,0.0
111024,2025-11-25T14:00:00.000000000,1.086,0.742,0.0,0.0,0.34113472568046666,0.0
111024,2025-11-25T15:00:00.000000000,1.069,0.7270000000000001,0.0,0.0,0.6849070909924835,0.0
111024,2025-11-25T16:00:00.000000000,1.254,0.8099999999999999,0.0,0.0,0.0,0.0
111024,2025-11-25T17:00:00.000000000,1.727,0.9279999999999999,0.0,0.0,1.160561437882,0.0
111024,2025-11-25T18:00:00.000000000,2.2460000000000004,1.399,0.0,0.0,1.2543441803371111,0.0
111024,2025-11-25T19:00:00.000000000,2.614,1.73,0.0,0.0,3.911326502518478,0.0
111024,2025-11-25T20:00:00.000000000,2.064,1.4169999999999998,0.0,0.0,1.1368226811980497,0.0
111024,2025-11-25T21:00:00.000000000,2.0620000000000003,1.4420000000000002,0.0,0.0,1.9339759920664945,0.0
111024,2025-11-25T22:00:00.000000000,2.562,1.5919999999999999,0.0,0.0,2.3448616324479503,0.0
111024,2025-11-25T23:00:00.000000000,2.285,1.654,0.0,0.0,0.2567302574708667,0.0
111024,2025-11-26T00:00:00.000000000,2.1780000000000004,1.778,0.0,0.0,0.6849070909924835,0.0
111024,2025-11-26T01:00:00.000000000,2.18,1.8,0.0,0.0,0.0,0.0
111024,2025-11-26T02:00:00.000000000,2.208,1.8270000000000002,0.0,0.0,0.3235504614701334,0.0
111024,2025-11-26T03:00:00.000000000,2.239,1.858,0.0,0.0,0.7716561277634612,0.0
111024,2025-11-26T04:00:00.000000000,2.2960000000000003,1.912,0.0,0.0,0.7250578276060777,0.0
111024,2025-11-26T05:00:00.000000000,2.396,1.976,0.0,0.0,1.0899313099704944,0.0
111024,2025-11-26T06:00:00.000000000,2.511,2.042,0.0,0.0,0.0,0.0
111024,2025-11-26T07:00:00.000000000,2.323,1.889,0.0,0.0,0.3235504614701334,0.0
111024,2025-11-26T08:00:00.000000000,2.085,1.588,0.0,0.0,0.0,0.0
111024,2025-11-26T09:00:00.000000000,1.666,1.1789999999999998,0.0,0.0,1.1292028333735722,0.0
111024,2025-11-26T10:00:00.000000000,1.373,0.9029999999999999,0.0,0.0,1.6455940590170277,0.0
111024,2025-11-26T11:00:00.000000000,1.173,0.7110000000000001,0.0,0.0,0.3235504614701334,0.0
111024,2025-11-26T12:00:00.000000000,1.1860000000000002,0.639,0.0,0.0,0.0,0.0
111024,2025-11-26T13:00:00.000000000,1.124,0.637,0.0,0.0,0.6852001620626555,0.0
111024,2025-11-26T14:00:00.000000000,1.1179999999999999,0.527,0.0,0.0,1.9248907888911555,0.0
111024,2025-11-26T15:00:00.000000000,1.064,0.5650000000000001,0.0,0.0,0.9158470942881947,0.0
111024,2025-11-26T16:00:00.000000000,1.329,0.631,0.0,0.0,0.6852001620626555,0.0
111024,2025-11-26T17:00:00.000000000,1.467,0.653,0.0,0.0,0.3414277967506389,0.0
111024,2025-11-26T18:00:00.000000000,1.8569999999999998,0.939,0.0,0.0,0.3616497005925222,0.0
111024,2025-11-26T19:00:00.000000000,1.8039999999999998,0.9249999999999999,0.0,0.0,0.3414277967506389,0.0
111024,2025-11-26T20:00:00.000000000,1.731,0.943,0.0,0.0,0.6852001620626555,0.0
111024,2025-11-26T21:00:00.000000000,1.605,0.972,0.0,0.0,0.7124557715886722,0.0
111024,2025-11-26T22:00:00.000000000,1.364,0.941,0.0,0.0,0.3414277967506389,0.0
111024,2025-11-26T23:00:00.000000000,1.35,0.976,0.0,0.0,0.6849070909924835,0.0
111024,2025-11-27T00:00:00.000000000,1.35,0.984,0.0,0.0,0.0,0.0
111024,2025-11-27T01:00:00.000000000,1.3390000000000002,0.978,0.0,0.0,0.3235504614701334,0.0
111024,2025-11-27T02:00:00.000000000,1.364,1.0030000000000001,0.0,0.0,0.0,0.0
111024,2025-11-27T03:00:00.000000000,1.363,1.004,0.0,0.0,0.3235504614701334,0.0
111024,2025-11-27T04:00:00.000000000,1.384,1.0270000000000001,0.0,0.0,0.3610635584521778,0.0
111024,2025-11-27T05:00:00.000000000,1.438,1.0550000000000002,0.0,0.0,1.1608545089521722,0.0
111024,2025-11-27T06:00:00.000000000,1.8279999999999998,1.1449999999999998,0.0,0.0,1.5386231184041665,0.0
111024,2025-11-27T07:00:00.000000000,2.068,1.3170000000000002,0.0,0.0,3.9283246245884667,0.0
111024,2025-11-27T08:00:00.000000000,1.713,0.9929999999999999,0.0,0.0,4.2108451362344885,0.0
111024,2025-11-27T09:00:00.000000000,0.993,0.524,0.0,0.0,0.6872516595538611,0.0
111024,2025-11-27T10:00:00.000000000,0.916,0.452,0.0,0.0,1.50081695035195,0.0
111024,2025-11-27T11:00:00.000000000,0.857,0.399,0.0,0.0,1.0078714103222723,0.0
111024,2025-11-27T12:00:00.000000000,0.8140000000000001,0.356,0.0,0.0,0.37220025911872223,0.0
111024,2025-11-27T13:00:00.000000000,0.8180000000000001,0.362,0.0,0.0,1.908185737891339,0.0
111024,2025-11-27T14:00:00.000000000,0.83,0.371,0.0,0.0,0.6717188928347333,0.0
111024,2025-11-27T15:00:00.000000000,0.863,0.365,0.0,0.0,2.280679068080233,0.0
111024,2025-11-27T16:00:00.000000000,1.5279999999999998,0.417,0.0,0.0,1.6025126117017112,0.0
111024,2025-11-27T17:00:00.000000000,2.009,0.459,0.0,0.0,2.185430970274261,0.0
111024,2025-11-27T18:00:00.000000000,1.363,0.5860000000000001,0.0,0.0,1.725309390103872,0.0
111024,2025-11-27T19:00:00.000000000,1.3110000000000002,0.508,0.0,0.0,1.1664228592854444,0.0
111024,2025-11-27T20:00:00.000000000,1.137,0.5,0.0,0.0,0.3253088878911667,0.0
111024,2025-11-27T21:00:00.000000000,1.057,0.519,0.0,0.0,0.7232994011850444,0.0
111024,2025-11-27T22:00:00.000000000,1.024,0.522,0.0,0.0,0.3235504614701334,0.0
111024,2025-11-27T23:00:00.000000000,0.9189999999999999,0.526,0.0,0.0,0.3235504614701334,0.0
111024,2025-11-28T00:00:00.000000000,0.879,0.525,0.0,0.0,0.3414277967506389,0.0
111024,2025-11-28T01:00:00.000000000,0.888,0.54,0.0,0.0,0.3235504614701334,0.0
111024,2025-11-28T02:00:00.000000000,0.888,0.54,0.0,0.0,0.0,0.0
111024,2025-11-28T03:00:00.000000000,0.888,0.542,0.0,0.0,0.3235504614701334,0.0
111024,2025-11-28T04:00:00.000000000,0.876,0.53,0.0,0.0,0.0,0.0
111024,2025-11-28T05:00:00.000000000,0.869,0.506,0.0,0.0,0.3235504614701334,0.0
111024,2025-11-28T06:00:00.000000000,0.996,0.511,0.0,0.0,0.8302703417979056,0.0
111024,2025-11-28T07:00:00.000000000,1.0459999999999998,0.48,0.0,0.0,0.3387901571190889,0.0
111024,2025-11-28T08:00:00.000000000,1.0470000000000002,0.45899999999999996,0.0,0.0,1.0820183910758445,0.0
111024,2025-11-28T09:00:00.000000000,0.879,0.41000000000000003,0.0,0.0,1.0805530357249835,0.0
111024,2025-11-28T10:00:00.000000000,0.7100000000000001,0.338,0.0,0.0,0.6854932331328278,0.0
111024,2025-11-28T11:00:00.000000000,0.605,0.265,0.0,0.0,0.6854932331328278,0.0
111024,2025-11-28T12:00:00.000000000,0.5660000000000001,0.22599999999999998,0.0,0.0,1.32673273466965,0.0
111024,2025-11-28T13:00:00.000000000,0.555,0.18600000000000003,0.0,0.0,0.5029099564155334,0.0
111024,2025-11-28T14:00:00.000000000,0.614,0.155,0.0,0.0,0.0,0.0
111024,2025-11-28T15:00:00.000000000,0.63,0.153,0.0,0.0,0.32355046147013333,0.0
111024,2025-11-28T16:00:00.000000000,0.7369999999999999,0.16999999999999998,0.0,0.0,0.633033511572,0.0
111024,2025-11-28T17:00:00.000000000,0.9929999999999999,0.07400000000000001,0.0,0.005,2.01251903887265,0.0
111024,2025-11-28T18:00:00.000000000,1.323,0.221,0.0,0.0,1.053883568339311,0.0
111024,2025-11-28T19:00:00.000000000,1.1520000000000001,0.28400000000000003,0.0,0.0,2.1294543958713668,0.0
111024,2025-11-28T20:00:00.000000000,1.08,0.302,0.0,0.0,1.5676371543512166,0.0
111024,2025-11-28T21:00:00.000000000,0.8729999999999999,0.28900000000000003,0.0,0.0,0.3235504614701334,0.0
111024,2025-11-28T22:00:00.000000000,0.869,0.308,0.0,0.0,1.2165380122848946,0.0
111024,2025-11-28T23:00:00.000000000,0.8,0.29,0.0,0.0,0.36135662952235004,0.0
111024,2025-11-29T00:00:00.000000000,0.659,0.291,0.0,0.0,0.7690184881319112,0.0
111024,2025-11-29T01:00:00.000000000,0.637,0.288,0.0,0.0,0.32355046147013333,0.0
111024,2025-11-29T02:00:00.000000000,0.636,0.288,0.0,0.0,0.0,0.0
111024,2025-11-29T03:00:00.000000000,0.636,0.291,0.0,0.0,0.3235504614701334,0.0
111024,2025-11-29T04:00:00.000000000,0.636,0.292,0.0,0.0,0.0,0.0
111024,2025-11-29T05:00:00.000000000,0.633,0.293,0.0,0.0,0.3235504614701334,0.0
111024,2025-11-29T06:00:00.000000000,0.6910000000000001,0.317,0.0,0.0,0.7297469647288333,0.0
111024,2025-11-29T07:00:00.000000000,0.713,0.28600000000000003,0.0,0.0,0.33732480176822777,0.0
111024,2025-11-29T08:00:00.000000000,0.708,0.27,0.0,0.0,1.09462044709325,0.0
111024,2025-11-29T09:00:00.000000000,0.6960000000000001,0.22799999999999998,0.0,0.0,0.3566674923995945,0.0
111024,2025-11-29T10:00:00.000000000,0.5690000000000001,0.197,0.0,0.0,0.3235504614701334,0.0
111024,2025-11-29T11:00:00.000000000,0.493,0.154,0.0,0.0,1.6968814962971666,0.0
111024,2025-11-29T12:00:00.000000000,0.438,0.099,0.0,0.0,0.0,0.0
111024,2025-11-29T13:00:00.000000000,0.41300000000000003,0.074,0.0,0.0,0.6649782582207723,0.0
111024,2025-11-29T14:00:00.000000000,0.46199999999999997,0.034,0.0,0.0,0.36194277166269445,0.0
111024,2025-11-29T15:00:00.000000000,0.487,0.011,0.0,0.0,0.3235504614701334,0.0
111024,2025-11-29T16:00:00.000000000,0.5630000000000001,0.043000000000000003,0.0,0.0,0.0,0.0
111024,2025-11-29T17:00:00.000000000,0.667,0.081,0.0,0.0,0.3235504614701334,0.0
111024,2025-11-29T18:00:00.000000000,0.999,0.15200000000000002,0.0,0.0,0.0,0.0
111024,2025-11-29T19:00:00.000000000,1.012,0.143,0.0,0.0,1.5066783717553944,0.0
111024,2025-11-29T20:00:00.000000000,0.9299999999999999,0.154,0.0,0.0,1.9670930229959556,0.0
111024,2025-11-29T21:00:00.000000000,0.7170000000000001,0.18,0.0,0.0,1.1441494579523557,0.0
111024,2025-11-29T22:00:00.000000000,0.687,0.186,0.0,0.0,0.7033705684133333,0.0
111024,2025-11-29T23:00:00.000000000,0.632,0.196,0.0,0.0,0.36194277166269445,0.0
111024,2025-11-30T00:00:00.000000000,0.587,0.201,0.0,0.0,0.6854932331328278,0.0
111024,2025-11-30T01:00:00.000000000,0.561,0.198,0.0,0.0,0.0,0.0
111024,2025-11-30T02:00:00.000000000,0.53,0.179,0.0,0.0,0.3235504614701334,0.0
111024,2025-11-30T03:00:00.000000000,0.517,0.172,0.0,0.0,0.3235504614701334,0.0
111024,2025-11-30T04:00:00.000000000,0.525,0.181,0.0,0.0,0.0,0.0
111024,2025-11-30T05:00:00.000000000,0.541,0.201,0.0,0.0,1.109274000601861,0.0
111024,2025-11-30T06:00:00.000000000,0.736,0.216,0.0,0.0,0.9501364094983445,0.0
111024,2025-11-30T07:00:00.000000000,0.833,0.19,0.0,0.0,0.3566674923995945,0.0
111024,2025-11-30T08:00:00.000000000,0.663,0.094,0.0,0.0,1.5635341593688055,0.0
111024,2025-11-30T09:00:00.000000000,0.633,0.108,0.0,0.002,1.0269210298834668,0.0
111024,2025-11-30T10:00:00.000000000,0.63,0.12,0.0,0.001,0.8229435650436,0.0
111024,2025-11-30T11:00:00.000000000,0.62,0.162,0.0,0.0,0.0,0.0
111024,2025-11-30T12:00:00.000000000,0.624,0.167,0.0,0.0,0.3235504614701334,0.0
111024,2025-11-30T13:00:00.000000000,0.628,0.17200000000000001,0.0,0.0,0.7083527766062612,0.0
111024,2025-11-30T14:00:00.000000000,0.623,0.163,0.0,0.0,0.708059705536089,0.0
111024,2025-11-30T15:00:00.000000000,0.603,0.105,0.0,0.001,0.5925897038882333,0.0
111024,2025-11-30T16:00:00.000000000,0.8059999999999999,0.109,0.0,0.0,0.3235504614701334,0.0
111024,2025-11-30T17:00:00.000000000,0.9309999999999999,0.11900000000000001,0.0,0.0,0.8818508501482166,0.0
111024,2025-11-30T18:00:00.000000000,1.072,0.163,0.0,0.0,1.1634921485837222,0.0
111024,2025-11-30T19:00:00.000000000,1.004,0.135,0.0,0.0,0.3622358427328667,0.0
111024,2025-11-30T20:00:00.000000000,0.9239999999999999,0.14700000000000002,0.0,0.0,1.4671137772821445,0.0
111024,2025-11-30T21:00:00.000000000,0.867,0.173,0.0,0.0,1.5257279913165889,0.0
111024,2025-11-30T22:00:00.000000000,0.6910000000000001,0.219,0.0,0.0,1.1634921485837222,0.0
111024,2025-11-30T23:00:00.000000000,0.618,0.256,0.0,0.0,0.0,0.0
111024,2025-12-01T00:00:00.000000000,0.674,0.323,0.0,0.0,0.3235504614701334,0.0
111024,2025-12-01T01:00:00.000000000,0.702,0.356,0.0,0.0,0.0,0.0
111024,2025-12-01T02:00:00.000000000,0.7330000000000001,0.388,0.0,0.0,0.6670297557119778,0.0
111024,2025-12-01T03:00:00.000000000,0.7690000000000001,0.40399999999999997,0.0,0.0,0.3235504614701334,0.0
111024,2025-12-01T04:00:00.000000000,0.7769999999999999,0.429,0.0,0.0,0.0,0.0
111024,2025-12-01T05:00:00.000000000,0.7850000000000001,0.444,0.0,0.0,1.5292448441586557,0.0
111024,2025-12-01T06:00:00.000000000,0.9,0.46399999999999997,0.0,0.0,0.8358386921311778,0.0
111024,2025-12-01T07:00:00.000000000,0.9550000000000001,0.431,0.0,0.0,0.7039567105536777,0.0
111024,2025-12-01T08:00:00.000000000,1.05,0.4,0.0,0.0,1.1667159303556167,0.0
111024,2025-12-01T09:00:00.000000000,1.0350000000000001,0.38,0.0,0.0,0.7021982841326445,0.0
111024,2025-12-01T10:00:00.000000000,0.942,0.371,0.0,0.0,0.7130419137290167,0.0
111024,2025-12-01T11:00:00.000000000,0.8350000000000001,0.23199999999999998,0.0,0.0,2.2762830020276503,0.0
111024,2025-12-01T12:00:00.000000000,1.411,0.073,0.0,0.0,2.557338158322811,0.0
111024,2025-12-01T13:00:00.000000000,1.724,0.192,0.0,0.0,0.6139838920108056,0.0
111024,2025-12-01T14:00:00.000000000,1.2169999999999999,0.206,0.0,0.0,0.5190288652750056,0.0
111024,2025-12-01T15:00:00.000000000,1.432,0.33899999999999997,0.0,0.0,7.977101459017716,0.0
111024,2025-12-01T16:00:00.000000000,0.957,0.21200000000000002,0.0,0.0,2.344568561377778,0.0
111024,2025-12-01T17:00:00.000000000,1.907,0.213,0.0,0.0,8.35193935776799,0.0
111024,2025-12-01T18:00:00.000000000,1.434,0.246,0.0,0.0,2.372996455184483,0.0
111024,2025-12-01T19:00:00.000000000,1.174,0.239,0.0,0.0,1.0339547355676002,0.0
111024,2025-12-01T20:00:00.000000000,1.0619999999999998,0.235,0.0,0.0,0.7142141980097055,0.0
111024,2025-12-01T21:00:00.000000000,0.9279999999999999,0.269,0.0,0.0,1.1878170474080167,0.0
111024,2025-12-01T22:00:00.000000000,0.948,0.269,0.0,0.0,0.0,0.0
111024,2025-12-01T23:00:00.000000000,0.7630000000000001,0.28800000000000003,0.0,0.0,0.7194894772728055,0.0
111024,2025-12-02T00:00:00.000000000,0.653,0.303,0.0,0.0,0.3235504614701334,0.0
111024,2025-12-02T01:00:00.000000000,0.656,0.31,0.0,0.0,1.225330144390061,0.0
111024,2025-12-02T02:00:00.000000000,0.643,0.298,0.0,0.0,0.0,0.0
111024,2025-12-02T03:00:00.000000000,0.652,0.308,0.0,0.0,0.3235504614701334,0.0
111024,2025-12-02T04:00:00.000000000,0.654,0.293,0.0,0.0,0.0,0.0
111024,2025-12-02T05:00:00.000000000,0.671,0.288,0.0,0.0,0.3235504614701334,0.0
111024,2025-12-02T06:00:00.000000000,0.744,0.293,0.0,0.0,0.0,0.0
111024,2025-12-02T07:00:00.000000000,0.706,0.292,0.0,0.0,1.533640910211239,0.0
111024,2025-12-02T08:00:00.000000000,0.7729999999999999,0.275,0.0,0.0,0.36663190878545,0.0
111024,2025-12-02T09:00:00.000000000,0.861,0.225,0.0,0.0,2.7135450387246056,0.0
111024,2025-12-02T10:00:00.000000000,0.8929999999999999,0.225,0.0,0.0,2.2490273925016333,0.0
111024,2025-12-02T11:00:00.000000000,0.948,0.30700000000000005,0.0,0.0,0.3235504614701334,0.0
111024,2025-12-02T12:00:00.000000000,0.9279999999999999,0.404,0.0,0.0,0.7039567105536777,0.0
111024,2025-12-02T13:00:00.000000000,0.896,0.41,0.0,0.0,0.0,0.0
111024,2025-12-02T14:00:00.000000000,0.9369999999999999,0.487,0.0,0.0,0.3235504614701334,0.0
111024,2025-12-02T15:00:00.000000000,0.907,0.5730000000000001,0.0,0.0,1.0934481628125612,0.0
111024,2025-12-02T16:00:00.000000000,1.142,0.627,0.0,0.0,0.6834417356416221,0.0
111024,2025-12-02T17:00:00.000000000,1.3679999999999999,0.7350000000000001,0.0,0.0,1.2777898659508888,0.0
111024,2025-12-02T18:00:00.000000000,1.8949999999999998,1.1119999999999999,0.0,0.0,1.2956672012313943,0.0
111024,2025-12-02T19:00:00.000000000,1.929,1.181,0.0,0.0,0.32325739039996115,0.0
111024,2025-12-02T20:00:00.000000000,1.824,1.2570000000000001,0.0,0.0,0.3622358427328667,0.0
111024,2025-12-02T21:00:00.000000000,1.868,1.3780000000000001,0.0,0.0,0.6860793752731723,0.0
111024,2025-12-02T22:00:00.000000000,1.9329999999999998,1.383,0.0,0.0,1.2238647890391998,0.0
111024,2025-12-02T23:00:00.000000000,1.966,1.4820000000000002,0.0,0.0,0.0,0.0
111024,2025-12-03T00:00:00.000000000,2.029,1.595,0.0,0.0,0.6860793752731723,0.0
111024,2025-12-03T01:00:00.000000000,2.035,1.624,0.0,0.0,0.0,0.0
111024,2025-12-03T02:00:00.000000000,2.079,1.6789999999999998,0.0,0.0,0.3235504614701334,0.0
111024,2025-12-03T03:00:00.000000000,2.177,1.78,0.0,0.0,0.0,0.0
111024,2025-12-03T04:00:00.000000000,2.197,1.816,0.0,0.0,0.3235504614701334,0.0
111024,2025-12-03T05:00:00.000000000,2.2640000000000002,1.8909999999999998,0.0,0.0,0.34172086782081107,0.0
111024,2025-12-03T06:00:00.000000000,2.5,2.109,0.0,0.0,0.3587189898908,0.0
111024,2025-12-03T07:00:00.000000000,2.461,1.9689999999999999,0.0,0.0,0.7019052130624723,0.0
111024,2025-12-03T08:00:00.000000000,2.2960000000000003,1.577,0.0,0.0,3.2847405544902664,0.0
111024,2025-12-03T09:00:00.000000000,2.1340000000000003,1.285,0.0,0.0,1.7449451518054113,0.0
111024,2025-12-03T10:00:00.000000000,1.8719999999999999,1.06,0.0,0.0,0.3569605634697667,0.0
111024,2025-12-03T11:00:00.000000000,1.56,0.986,0.0,0.0,1.6391464954732389,0.0
111024,2025-12-03T12:00:00.000000000,1.293,0.9119999999999999,0.0,0.0,2.261336377448867,0.0
111024,2025-12-03T13:00:00.000000000,1.147,0.808,0.0,0.0,0.9559978309017889,0.0
111024,2025-12-03T14:00:00.000000000,1.038,0.702,0.0,0.0,0.9685998869191943,0.0
111024,2025-12-03T15:00:00.000000000,1.017,0.681,0.0,0.0,0.39535287366232774,0.0
111024,2025-12-03T16:00:00.000000000,1.137,0.794,0.0,0.0,1.1335988994261554,0.0
111024,2025-12-03T17:00:00.000000000,1.499,0.99,0.0,0.0,0.0,0.0
111024,2025-12-03T18:00:00.000000000,2.258,1.5410000000000001,0.0,0.0,0.3235504614701334,0.0
111024,2025-12-03T19:00:00.000000000,2.228,1.5470000000000002,0.0,0.0,0.0,0.0
111024,2025-12-03T20:00:00.000000000,2.105,1.4769999999999999,0.0,0.0,0.3235504614701334,0.0
111024,2025-12-03T21:00:00.000000000,1.879,1.25,0.0,0.0,0.3235504614701334,0.0
111024,2025-12-03T22:00:00.000000000,1.8129999999999997,1.131,0.0,0.0,2.1839656149234,0.0
111024,2025-12-03T23:00:00.000000000,1.751,1.296,0.0,0.0,0.8238227782541166,0.0
111024,2025-12-04T00:00:00.000000000,1.787,1.413,0.0,0.0,0.0,0.0
111024,2025-12-04T01:00:00.000000000,1.944,1.571,0.0,0.0,0.3235504614701334,0.0
111024,2025-12-04T02:00:00.000000000,2.16,1.783,0.0,0.0,0.771363056693289,0.0
111024,2025-12-04T03:00:00.000000000,2.243,1.865,0.0,0.0,0.0,0.0
111024,2025-12-04T04:00:00.000000000,2.309,1.9300000000000002,0.0,0.0,0.7092319898167778,0.0
111024,2025-12-04T05:00:00.000000000,2.399,1.986,0.0,0.0,1.5075575849659113,0.0
111024,2025-12-04T06:00:00.000000000,2.368,1.887,0.0,0.0,0.7332638175709,0.0
111024,2025-12-04T07:00:00.000000000,2.281,1.73,0.0,0.0,0.7256439697464223,0.0
111024,2025-12-04T08:00:00.000000000,2.156,1.371,0.0,0.0,1.16847435677665,0.0
111024,2025-12-04T09:00:00.000000000,1.8,0.98,0.0,0.0,1.6060294645437778,0.0
111024,2025-12-04T10:00:00.000000000,1.375,0.687,0.0,0.0,2.1561238632570388,0.0
111024,2025-12-04T11:00:00.000000000,1.129,0.528,0.0,0.0,0.3722002591187223,0.0
111024,2025-12-04T12:00:00.000000000,0.97,0.483,0.0,0.0,2.0608757654510668,0.0
111024,2025-12-04T13:00:00.000000000,0.889,0.402,0.0,0.0,0.4964623928717445,0.0
111024,2025-12-04T14:00:00.000000000,0.841,0.354,0.0,0.0,0.5433537640993,0.0
111024,2025-12-04T15:00:00.000000000,0.851,0.34199999999999997,0.0,0.0,0.1620683018052389,0.0
111024,2025-12-04T16:00:00.000000000,1.0030000000000001,0.42100000000000004,0.0,0.0,1.4662345640716277,0.0
111024,2025-12-04T17:00:00.000000000,1.3439999999999999,0.42,0.0,0.0,4.026796504166333,0.0
111024,2025-12-04T18:00:00.000000000,1.673,0.675,0.0,0.0,3.8365933796245617,0.0
111024,2025-12-04T19:00:00.000000000,1.583,0.7130000000000001,0.0,0.0,3.3454062660159165,0.0
111024,2025-12-04T20:00:00.000000000,1.771,0.884,0.0,0.0,2.655223895760334,0.0
111024,2025-12-04T21:00:00.000000000,2.0140000000000002,1.247,0.0,0.0,0.32355046147013333,0.0
111024,2025-12-04T22:00:00.000000000,2.089,1.4529999999999998,0.0,0.0,0.7523134371320945,0.0
111024,2025-12-04T23:00:00.000000000,2.071,1.569,0.0,0.0,1.5333478391410669,0.0
111024,2025-12-05T00:00:00.000000000,2.046,1.6669999999999998,0.0,0.0,0.3628219848732111,0.0
111024,2025-12-05T01:00:00.000000000,2.145,1.767,0.0,0.0,1.02604181667295,0.0
111024,2025-12-05T02:00:00.000000000,2.268,1.888,0.0,0.0,0.09554116887614444,0.0
111024,2025-12-05T03:00:00.000000000,2.328,1.948,0.0,0.0,0.3235504614701334,0.0
111024,2025-12-05T04:00:00.000000000,2.311,1.932,0.0,0.0,0.0,0.0
111024,2025-12-05T05:00:00.000000000,2.3039999999999994,1.928,0.0,0.0,0.3235504614701334,0.0
111024,2025-12-05T06:00:00.000000000,2.318,1.928,0.0,0.0,0.0,0.0
111024,2025-12-05T07:00:00.000000000,2.0780000000000003,1.666,0.0,0.0,0.6854932331328278,0.0
111024,2025-12-05T08:00:00.000000000,1.829,1.2730000000000001,0.0,0.0,0.37630325410113336,0.0
111024,2025-12-05T09:00:00.000000000,1.461,0.99,0.0,0.0,1.0383508016201835,0.0
111024,2025-12-05T10:00:00.000000000,1.105,0.763,0.0,0.0,0.0,0.0
111024,2025-12-05T11:00:00.000000000,0.9269999999999999,0.593,0.0,0.0,0.3235504614701334,0.0
111024,2025-12-05T12:00:00.000000000,0.912,0.54,0.0,0.0,0.7177310508517722,0.0
111024,2025-12-05T13:00:00.000000000,0.979,0.493,0.0,0.0,0.0,0.0
111024,2025-12-05T14:00:00.000000000,0.97,0.482,0.0,0.0,0.3235504614701334,0.0
111024,2025-12-05T15:00:00.000000000,0.8699999999999999,0.497,0.0,0.0,0.0,0.0
111024,2025-12-05T16:00:00.000000000,0.865,0.526,0.0,0.0,0.3235504614701334,0.0
111024,2025-12-05T17:00:00.000000000,0.9410000000000001,0.586,0.0,0.0,1.8507438081375833,0.0
111024,2025-12-05T18:00:00.000000000,1.858,0.628,0.0,0.0,1.9656276676450946,0.0
111024,2025-12-05T19:00:00.000000000,1.529,0.548,0.0,0.0,2.4365928774118553,0.0
111024,2025-12-05T20:00:00.000000000,1.42,0.544,0.0,0.0,1.9908317796799055,0.0
111024,2025-12-05T21:00:00.000000000,1.322,0.6990000000000001,0.0,0.0,0.0,0.0
111024,2025-12-05T22:00:00.000000000,1.237,0.704,0.0,0.0,0.6837348067117944,0.0
111024,2025-12-05T23:00:00.000000000,1.2570000000000001,0.79,0.0,0.0,1.1488385950751112,0.0
111024,2025-12-06T00:00:00.000000000,1.318,0.926,0.0,0.0,1.5304171284393444,0.0
111024,2025-12-06T01:00:00.000000000,1.395,1.036,0.0,0.0,0.3417208678208111,0.0
111024,2025-12-06T02:00:00.000000000,1.438,1.081,0.0,0.0,0.0,0.0
111024,2025-12-06T03:00:00.000000000,1.525,1.164,0.0,0.0,0.3235504614701334,0.0
111024,2025-12-06T04:00:00.000000000,1.6320000000000001,1.254,0.0,0.0,0.8144445040086056,0.0
111024,2025-12-06T05:00:00.000000000,1.715,1.325,0.0,0.0,0.3235504614701334,0.0
111024,2025-12-06T06:00:00.000000000,1.8979999999999997,1.4940000000000002,0.0,0.0,0.0,0.0
111024,2025-12-06T07:00:00.000000000,1.943,1.568,0.0,0.0,0.3235504614701334,0.0
111024,2025-12-06T08:00:00.000000000,1.99,1.6150000000000002,0.0,0.0,0.0,0.0
111024,2025-12-06T09:00:00.000000000,1.999,1.624,0.0,0.0,1.0468498626551779,0.0
111024,2025-12-06T10:00:00.000000000,1.9789999999999999,1.46,0.0,0.0,0.0,0.0
111024,2025-12-06T11:00:00.000000000,1.842,1.404,0.0,0.0,0.3235504614701334,0.0
111024,2025-12-06T12:00:00.000000000,2.0069999999999997,1.4300000000000002,0.0,0.0,0.7036636394835056,0.0
111024,2025-12-06T13:00:00.000000000,2.072,1.5350000000000001,0.0,0.0,0.8417001135346223,0.0
111024,2025-12-06T14:00:00.000000000,2.1630000000000003,1.639,0.0,0.0,0.34201393889098336,0.0
111024,2025-12-06T15:00:00.000000000,2.201,1.655,0.0,0.0,0.0,0.0
111024,2025-12-06T16:00:00.000000000,2.211,1.616,0.0,0.0,1.1479593818645943,0.0
111024,2025-12-06T17:00:00.000000000,2.172,1.259,0.0,0.0,2.975843646528744,0.0
111024,2025-12-06T18:00:00.000000000,2.636,1.391,0.0,0.0,1.2892196376876057,0.0
111024,2025-12-06T19:00:00.000000000,2.363,1.399,0.0,0.0,0.7936364580263778,0.0
111024,2025-12-06T20:00:00.000000000,2.214,1.355,0.0,0.0,0.6175007448528722,0.0
111024,2025-12-06T21:00:00.000000000,1.939,1.294,0.0,0.0,0.7719491988336333,0.0
111024,2025-12-06T22:00:00.000000000,1.853,1.298,0.0,0.0,1.4539255791243946,0.0
111024,2025-12-06T23:00:00.000000000,1.679,1.216,0.0,0.0,0.3235504614701334,0.0
111024,2025-12-07T00:00:00.000000000,1.6,1.226,0.0,0.0,0.0,0.0
111024,2025-12-07T01:00:00.000000000,1.6729999999999998,1.302,0.0,0.0,0.34201393889098336,0.0
111024,2025-12-07T02:00:00.000000000,1.7069999999999999,1.336,0.0,0.0,0.3235504614701334,0.0
111024,2025-12-07T03:00:00.000000000,1.719,1.35,0.0,0.0,0.5254764288187944,0.0
111024,2025-12-07T04:00:00.000000000,1.732,1.364,0.0,0.0,0.17848028173488334,0.0
111024,2025-12-07T05:00:00.000000000,1.7289999999999999,1.366,0.0,0.0,0.3235504614701334,0.0
111024,2025-12-07T06:00:00.000000000,1.826,1.4459999999999997,0.0,0.0,0.0,0.0
111024,2025-12-07T07:00:00.000000000,1.786,1.414,0.0,0.0,0.3235504614701334,0.0
111024,2025-12-07T08:00:00.000000000,1.7000000000000002,1.177,0.0,0.0,1.259033317459867,0.0
111024,2025-12-07T09:00:00.000000000,1.754,1.178,0.0,0.0,0.9158470942881947,0.0
111024,2025-12-07T10:00:00.000000000,1.9129999999999998,1.1800000000000002,0.0,0.0,0.0,0.0
111024,2025-12-07T11:00:00.000000000,1.938,1.102,0.0,0.0,1.0066991260415832,0.0
111024,2025-12-07T12:00:00.000000000,2.606,1.551,0.0,0.0,5.863472900935649,0.0
111024,2025-12-07T13:00:00.000000000,1.728,1.0590000000000002,0.0,0.0,1.5567935247548443,0.0
111024,2025-12-07T14:00:00.000000000,1.655,1.0,0.0,0.0,0.8578190223940945,0.0
111024,2025-12-07T15:00:00.000000000,1.655,0.956,0.0,0.0,1.4099649185985612,0.0
111024,2025-12-07T16:00:00.000000000,1.76,0.966,0.0,0.0,0.6849070909924834,0.0
111024,2025-12-07T17:00:00.000000000,1.8719999999999999,0.951,0.0,0.0,1.0278002430939832,0.0
111024,2025-12-07T18:00:00.000000000,2.167,1.151,0.0,0.0,1.9245977178209834,0.0
111024,2025-12-07T19:00:00.000000000,1.784,0.798,0.0,0.0,2.2965049058695337,0.0
111024,2025-12-07T20:00:00.000000000,1.809,0.879,0.0,0.0,0.7098181319571222,0.0
111024,2025-12-07T21:00:00.000000000,1.88,0.769,0.0,0.0,3.171908192473961,0.0
111024,2025-12-07T22:00:00.000000000,1.534,0.65,0.0,0.0,1.0826045332161889,0.0
111024,2025-12-07T23:00:00.000000000,1.175,0.677,0.0,0.0,2.1265236851696443,0.0
111024,2025-12-08T00:00:00.000000000,1.0630000000000002,0.654,0.0,0.0,0.7338499597112444,0.0
111024,2025-12-08T01:00:00.000000000,0.975,0.599,0.0,0.0,0.7807413309388,0.0
111024,2025-12-08T02:00:00.000000000,0.922,0.576,0.0,0.0,0.3235504614701334,0.0
111024,2025-12-08T03:00:00.000000000,0.883,0.539,0.0,0.0,0.34201393889098336,0.0
111024,2025-12-08T04:00:00.000000000,0.885,0.543,0.0,0.0,0.0,0.0
111024,2025-12-08T05:00:00.000000000,1.115,0.766,0.0,0.0,0.3235504614701334,0.0
111024,2025-12-08T06:00:00.000000000,1.551,1.175,0.0,0.0,0.0,0.0
111024,2025-12-08T07:00:00.000000000,1.492,1.124,0.0,0.0,0.3235504614701334,0.0
111024,2025-12-08T08:00:00.000000000,1.467,1.065,0.0,0.0,0.0,0.0
111024,2025-12-08T09:00:00.000000000,1.4369999999999998,0.9269999999999999,0.0,0.0,1.1561653718294167,0.0
111024,2025-12-08T10:00:00.000000000,1.2859999999999998,0.616,0.0,0.0,1.3009424804944945,0.0
111024,2025-12-08T11:00:00.000000000,1.174,0.534,0.0,0.0,1.905548098259789,0.0
111024,2025-12-08T12:00:00.000000000,1.024,0.5,0.0,0.0,0.7432282339567555,0.0
111024,2025-12-08T13:00:00.000000000,0.979,0.492,0.0,0.0,1.4776643358083443,0.0
111024,2025-12-08T14:00:00.000000000,0.959,0.472,0.0,0.0,0.3235504614701334,0.0
111024,2025-12-08T15:00:00.000000000,0.975,0.46599999999999997,0.0,0.0,1.6998122069988892,0.0
111024,2025-12-08T16:00:00.000000000,1.072,0.511,0.0,0.0,0.3713210459082055,0.0
111024,2025-12-08T17:00:00.000000000,1.4329999999999998,0.6539999999999999,0.0,0.0,2.406699628254289,0.0
111024,2025-12-08T18:00:00.000000000,2.0860000000000003,1.075,0.0,0.0,0.7262301118867667,0.0
111024,2025-12-08T19:00:00.000000000,2.008,1.0590000000000002,0.0,0.0,1.6558515464730554,0.0
111024,2025-12-08T20:00:00.000000000,1.9049999999999998,1.062,0.0,0.0,1.271049231336928,0.0
111024,2025-12-08T21:00:00.000000000,1.9209999999999998,1.158,0.0,0.0,1.0937412338827333,0.0
111024,2025-12-08T22:00:00.000000000,1.9029999999999998,1.24,0.0,0.0,1.0761569696724,0.0
111024,2025-12-08T23:00:00.000000000,1.868,1.3090000000000002,0.0,0.0,0.0580280718941,0.0
111024,2025-12-09T00:00:00.000000000,1.8,1.4049999999999998,0.0,0.0,0.3235504614701334,0.0
111024,2025-12-09T01:00:00.000000000,1.881,1.5070000000000001,0.0,0.0,0.0,0.0
111024,2025-12-09T02:00:00.000000000,1.948,1.5750000000000002,0.0,0.0,0.3235504614701334,0.0
111024,2025-12-09T03:00:00.000000000,1.9169999999999998,1.545,0.0,0.0,0.0,0.0
111024,2025-12-09T04:00:00.000000000,1.9009999999999998,1.5299999999999998,0.0,0.0,0.3235504614701334,0.0
111024,2025-12-09T05:00:00.000000000,1.97,1.598,0.0,0.0,0.0,0.0
111024,2025-12-09T06:00:00.000000000,2.0700000000000003,1.6820000000000002,0.0,0.0,0.3235504614701334,0.0
111024,2025-12-09T07:00:00.000000000,2.0500000000000003,1.5610000000000002,0.0,0.0,0.0,0.0
111024,2025-12-09T08:00:00.000000000,2.023,1.385,0.0,0.0,2.2888850580450555,0.0
111024,2025-12-09T09:00:00.000000000,1.629,1.077,0.0,0.0,0.0,0.0
111024,2025-12-09T10:00:00.000000000,1.303,0.8029999999999999,0.0,0.0,1.1819556260045723,0.0
111024,2025-12-09T11:00:00.000000000,1.093,0.606,0.0,0.0,1.2643085967229666,0.0
111024,2025-12-09T12:00:00.000000000,1.008,0.517,0.0,0.0,2.4110956943068724,0.0
111024,2025-12-09T13:00:00.000000000,1.013,0.338,0.0,0.0,1.896755966154622,0.0
111024,2025-12-09T14:00:00.000000000,0.991,0.387,0.0,0.0,0.3235504614701334,0.0
111024,2025-12-09T15:00:00.000000000,0.911,0.40199999999999997,0.0,0.0,0.3235504614701334,0.0
111024,2025-12-09T16:00:00.000000000,1.1829999999999998,0.46,0.0,0.0,0.34201393889098336,0.0
111024,2025-12-09T17:00:00.000000000,1.4060000000000001,0.538,0.0,0.0,0.9161401653583667,0.0
111024,2025-12-09T18:00:00.000000000,2.08,1.07,0.0,0.0,1.0541766394094836,0.0
111024,2025-12-09T19:00:00.000000000,1.971,0.9510000000000001,0.0,0.0,0.6743565324662834,0.0
111024,2025-12-09T20:00:00.000000000,2.008,0.848,0.0,0.0,0.6898892991854111,0.0
111024,2025-12-09T21:00:00.000000000,2.011,1.032,0.0,0.0,0.6957507205888556,0.0
111024,2025-12-09T22:00:00.000000000,2.085,1.19,0.0,0.0,2.36068747023725,0.0
111024,2025-12-09T23:00:00.000000000,1.7449999999999999,1.266,0.0,0.0,0.8745240733939111,0.0
111024,2025-12-10T00:00:00.000000000,1.715,1.2850000000000001,0.0,0.0,1.1740427071099222,0.0
111024,2025-12-10T01:00:00.000000000,1.726,1.326,0.0,0.0,0.0,0.0
111024,2025-12-10T02:00:00.000000000,1.689,1.3190000000000002,0.0,0.0,0.3235504614701334,0.0
111024,2025-12-10T03:00:00.000000000,1.751,1.382,0.0,0.0,0.0,0.0
111024,2025-12-10T04:00:00.000000000,1.818,1.4489999999999998,0.0,0.0,0.6409464304666501,0.0
111024,2025-12-10T05:00:00.000000000,1.877,1.509,0.0,0.0,0.8112207222367112,0.0
111024,2025-12-10T06:00:00.000000000,2.212,1.5679999999999998,0.0,0.0,1.4363413149140611,0.0
111024,2025-12-10T07:00:00.000000000,2.4719999999999995,1.548,0.0,0.0,1.8967559661546223,0.0
111024,2025-12-10T08:00:00.000000000,2.422,0.9530000000000001,0.0,0.0,2.7671770445661226,0.0
111024,2025-12-10T09:00:00.000000000,1.7750000000000001,0.654,0.0,0.0,2.3006079008519444,0.0
111024,2025-12-10T10:00:00.000000000,1.262,0.7650000000000001,0.0,0.0,0.6866655174135168,0.0
111024,2025-12-10T11:00:00.000000000,1.173,0.647,0.0,0.0,1.179317986373022,0.0
111024,2025-12-10T12:00:00.000000000,1.115,0.59,0.0,0.0,0.34230700996115554,0.0
111024,2025-12-10T13:00:00.000000000,0.897,0.562,0.0,0.0,0.3235504614701334,0.0
111024,2025-12-10T14:00:00.000000000,0.864,0.528,0.0,0.0,0.34201393889098336,0.0
111024,2025-12-10T15:00:00.000000000,0.967,0.40800000000000003,0.0,0.0,1.563827230438978,0.0
111024,2025-12-10T16:00:00.000000000,1.318,0.533,0.0,0.0,0.6324473694316556,0.0
111024,2025-12-10T17:00:00.000000000,1.651,0.64,0.0,0.0,0.6468078518700944,0.0
111024,2025-12-10T18:00:00.000000000,2.452,1.082,0.0,0.0,0.6816833092205888,0.0
111024,2025-12-10T19:00:00.000000000,2.591,1.349,0.0,0.0,4.418925596056766,0.0
111024,2025-12-10T20:00:00.000000000,2.504,1.37,0.0,0.0,4.3902046311798895,0.0
111024,2025-12-10T21:00:00.000000000,1.78,1.057,0.0,0.0,0.726523182956939,0.0
111024,2025-12-10T22:00:00.000000000,1.5779999999999998,1.097,0.0,0.0,1.602512611701711,0.0
111024,2025-12-10T23:00:00.000000000,1.4140000000000001,1.037,0.0,0.0,0.7288677515183166,0.0
111024,2025-12-11T00:00:00.000000000,1.318,0.956,0.0,0.0,0.3235504614701334,0.0
111024,2025-12-11T01:00:00.000000000,1.363,1.0030000000000001,0.0,0.0,0.0,0.0
111024,2025-12-11T02:00:00.000000000,1.334,0.974,0.0,0.0,0.3235504614701334,0.0
111024,2025-12-11T03:00:00.000000000,1.302,0.946,0.0,0.0,0.0,0.0
111024,2025-12-11T04:00:00.000000000,1.244,0.891,0.0,0.0,0.3235504614701334,0.0
111024,2025-12-11T05:00:00.000000000,1.3330000000000002,0.911,0.0,0.0,0.0,0.0
111024,2025-12-11T06:00:00.000000000,1.508,1.002,0.0,0.0,1.8061970054714056,0.0
111024,2025-12-11T07:00:00.000000000,1.549,1.0510000000000002,0.0,0.0,1.0729331879005057,0.0
111024,2025-12-11T08:00:00.000000000,1.3539999999999999,0.997,0.0,0.0,0.3235504614701334,0.0
111024,2025-12-11T09:00:00.000000000,1.093,0.745,0.0,0.0,0.34230700996115554,0.0
111024,2025-12-11T10:00:00.000000000,1.054,0.56,0.0,0.0,0.7742937673950111,0.0
111024,2025-12-11T11:00:00.000000000,1.02,0.533,0.0,0.0,0.6846140199223111,0.0
111024,2025-12-11T12:00:00.000000000,0.98,0.495,0.0,0.0,0.0,0.0
111024,2025-12-11T13:00:00.000000000,0.8569999999999999,0.485,0.0,0.0,0.3235504614701334,0.0
111024,2025-12-11T14:00:00.000000000,0.816,0.482,0.0,0.0,0.3637011980837278,0.0
111024,2025-12-11T15:00:00.000000000,0.825,0.491,0.0,0.0,0.6872516595538611,0.0
111024,2025-12-11T16:00:00.000000000,1.006,0.516,0.0,0.0,0.0,0.0
111024,2025-12-11T17:00:00.000000000,1.492,0.474,0.0,0.0,1.2323638500741945,0.0
111024,2025-12-11T18:00:00.000000000,1.897,0.645,0.0,0.0,4.0566897533239,0.0
111024,2025-12-11T19:00:00.000000000,2.0540000000000003,0.493,0.0,0.0,1.9553701801890666,0.0
111024,2025-12-11T20:00:00.000000000,1.8439999999999999,0.6,0.0,0.0,4.193553943094328,0.0
111024,2025-12-11T21:00:00.000000000,1.885,0.686,0.0,0.0,8.108397298454872,0.0
111024,2025-12-11T22:00:00.000000000,1.42,0.5760000000000001,0.0,0.0,5.356166878467533,0.0
111024,2025-12-11T23:00:00.000000000,0.945,0.545,0.0,0.0,0.3235504614701334,0.0
111024,2025-12-12T00:00:00.000000000,0.913,0.5630000000000001,0.0,0.0,0.6846140199223111,0.0
111024,2025-12-12T01:00:00.000000000,0.916,0.569,0.0,0.0,0.0,0.0
111024,2025-12-12T02:00:00.000000000,0.915,0.567,0.0,0.0,0.3235504614701334,0.0
111024,2025-12-12T03:00:00.000000000,0.91,0.566,0.0,0.0,0.0,0.0
111024,2025-12-12T04:00:00.000000000,0.914,0.57,0.0,0.0,0.3235504614701334,0.0
111024,2025-12-12T05:00:00.000000000,0.907,0.567,0.0,0.0,0.0,0.0
111024,2025-12-12T06:00:00.000000000,0.9349999999999999,0.583,0.0,0.0,0.3235504614701334,0.0
111024,2025-12-12T07:00:00.000000000,0.9149999999999999,0.5680000000000001,0.0,0.0,0.3557882791890778,0.0
111024,2025-12-12T08:00:00.000000000,1.093,0.497,0.0,0.0,0.9161401653583667,0.0
111024,2025-12-12T09:00:00.000000000,0.9299999999999999,0.551,0.0,0.0,0.0,0.0
111024,2025-12-12T10:00:00.000000000,0.891,0.554,0.0,0.0,0.3235504614701334,0.0
111024,2025-12-12T11:00:00.000000000,0.892,0.558,0.0,0.0,0.0,0.0
111024,2025-12-12T12:00:00.000000000,0.992,0.543,0.0,0.0,1.1532346611276945,0.0
111024,2025-12-12T13:00:00.000000000,1.0310000000000001,0.543,0.0,0.0,0.8296841996575611,0.0
111024,2025-12-12T14:00:00.000000000,1.0190000000000001,0.532,0.0,0.0,0.3235504614701334,0.0
111024,2025-12-12T15:00:00.000000000,1.205,0.516,0.0,0.0,0.7646224220793277,0.0
111024,2025-12-12T16:00:00.000000000,1.786,0.481,0.0,0.0,1.3522299177746335,0.0
111024,2025-12-12T17:00:00.000000000,1.3399999999999999,0.505,0.0,0.0,1.7121211919461221,0.0
111024,2025-12-12T18:00:00.000000000,1.5740000000000003,0.5770000000000001,0.0,0.0,3.7135035301522277,0.0
111024,2025-12-12T19:00:00.000000000,1.47,0.533,0.0,0.0,1.7124142630162946,0.0
111024,2025-12-12T20:00:00.000000000,1.374,0.541,0.0,0.0,1.6048571802630889,0.0
111024,2025-12-12T21:00:00.000000000,1.1840000000000002,0.5630000000000001,0.0,0.0,0.0,0.0
111024,2025-12-12T22:00:00.000000000,0.998,0.5740000000000001,0.0,0.0,0.34230700996115554,0.0
111024,2025-12-12T23:00:00.000000000,1.009,0.585,0.0,0.0,0.3235504614701334,0.0
111024,2025-12-13T00:00:00.000000000,0.984,0.575,0.0,0.0,0.0,0.0
111024,2025-12-13T01:00:00.000000000,0.944,0.583,0.0,0.0,0.3235504614701334,0.0
111024,2025-12-13T02:00:00.000000000,0.934,0.587,0.0,0.0,0.34230700996115554,0.0
111024,2025-12-13T03:00:00.000000000,0.942,0.597,0.0,0.0,0.0,0.0
111024,2025-12-13T04:00:00.000000000,0.955,0.611,0.0,0.0,0.32325739039996115,0.0
111024,2025-12-13T05:00:00.000000000,0.963,0.624,0.0,0.0,0.0,0.0
111024,2025-12-13T06:00:00.000000000,1.034,0.656,0.0,0.0,0.7045428526940223,0.0
111024,2025-12-13T07:00:00.000000000,1.2650000000000001,0.636,0.0,0.0,1.5740847178950057,0.0
111024,2025-12-13T08:00:00.000000000,1.1969999999999998,0.627,0.0,0.0,0.3235504614701334,0.0
111024,2025-12-13T09:00:00.000000000,1.057,0.637,0.0,0.0,0.0,0.0
111024,2025-12-13T10:00:00.000000000,1.121,0.628,0.0,0.0,0.3235504614701334,0.0
111024,2025-12-13T11:00:00.000000000,1.104,0.617,0.0,0.0,0.6872516595538611,0.0
111024,2025-12-13T12:00:00.000000000,1.082,0.59,0.0,0.0,0.4821019104333055,0.0
111024,2025-12-13T13:00:00.000000000,1.016,0.471,0.0,0.0,2.026586450240917,0.0
111024,2025-12-13T14:00:00.000000000,1.115,0.59,0.0,0.0,0.3637011980837278,0.0
111024,2025-12-13T15:00:00.000000000,1.112,0.601,0.0,0.0,0.3235504614701334,0.0
111024,2025-12-13T16:00:00.000000000,1.168,0.607,0.0,0.0,0.0,0.0
111024,2025-12-13T17:00:00.000000000,1.4180000000000001,0.569,0.0,0.0,1.1423910315313222,0.0
111024,2025-12-13T18:00:00.000000000,1.611,0.6140000000000001,0.0,0.0,1.206573595899039,0.0
111024,2025-12-13T19:00:00.000000000,1.4849999999999999,0.525,0.0,0.0,1.4096718475283891,0.0
111024,2025-12-13T20:00:00.000000000,1.3170000000000002,0.42500000000000004,0.0,0.0,3.9309622642200166,0.0
111024,2025-12-13T21:00:00.000000000,1.165,0.543,0.0,0.0,0.7057151369747111,0.0
111024,2025-12-13T22:00:00.000000000,1.089,0.558,0.0,0.0,0.8305634128680778,0.0
111024,2025-12-13T23:00:00.000000000,0.978,0.578,0.0,0.0,0.6846140199223111,0.0
111024,2025-12-14T00:00:00.000000000,0.965,0.573,0.0,0.0,0.4718444229772778,0.0
111024,2025-12-14T01:00:00.000000000,0.932,0.512,0.0,0.0,1.07351933004085,0.0
111024,2025-12-14T02:00:00.000000000,0.978,0.606,0.0,0.0,0.3235504614701334,0.0
111024,2025-12-14T03:00:00.000000000,0.967,0.602,0.0,0.0,0.0,0.0
111024,2025-12-14T04:00:00.000000000,0.963,0.609,0.0,0.0,0.3235504614701334,0.0
111024,2025-12-14T05:00:00.000000000,1.002,0.619,0.0,0.0,0.33966937032960554,0.0
111024,2025-12-14T06:00:00.000000000,1.074,0.629,0.0,0.0,0.34230700996115554,0.0
111024,2025-12-14T07:00:00.000000000,1.23,0.528,0.0,0.0,2.4046481307630834,0.0
111024,2025-12-14T08:00:00.000000000,1.3679999999999999,0.521,0.0,0.0,2.087838303906911,0.0
111024,2025-12-14T09:00:00.000000000,1.624,0.7009999999999998,0.0,0.0,7.120747791974484,0.0
111024,2025-12-14T10:00:00.000000000,1.5390000000000001,0.636,0.0,0.0,5.985976608267639,0.0
111024,2025-12-14T11:00:00.000000000,1.191,0.552,0.0,0.0,1.5872729160527554,0.0
111024,2025-12-14T12:00:00.000000000,1.188,0.55,0.0,0.0,1.6086671041753278,0.0
111024,2025-12-14T13:00:00.000000000,1.177,0.539,0.0,0.0,1.5960650481579222,0.0
111024,2025-12-14T14:00:00.000000000,1.165,0.524,0.0,0.0,0.0,0.0
111024,2025-12-14T15:00:00.000000000,1.1030000000000002,0.553,0.0,0.0,0.34230700996115554,0.0
111024,2025-12-14T16:00:00.000000000,1.056,0.43199999999999994,0.0,0.0,2.9875664893356335,0.0
111024,2025-12-14T17:00:00.000000000,1.1769999999999998,0.544,0.0,0.0,0.3604774163118334,0.0
111024,2025-12-14T18:00:00.000000000,1.6059999999999999,0.639,0.0,0.0,1.8856192654880775,0.0
111024,2025-12-14T19:00:00.000000000,1.6510000000000002,0.59,0.0,0.0,0.7915849605351722,0.0
111024,2025-12-14T20:00:00.000000000,1.4000000000000001,0.567,0.0,0.0,0.6866655174135168,0.0
111024,2025-12-14T21:00:00.000000000,1.375,0.583,0.0,0.0,2.450074146639778,0.0
111024,2025-12-14T22:00:00.000000000,1.327,0.6,0.0,0.0,1.1945576820219777,0.0
111024,2025-12-14T23:00:00.000000000,1.082,0.622,0.0,0.0,0.34230700996115554,0.0
111024,2025-12-15T00:00:00.000000000,0.98,0.629,0.0,0.0,0.7063012791150556,0.0
111024,2025-12-15T01:00:00.000000000,1.0030000000000001,0.655,0.0,0.0,0.3235504614701334,0.0
111024,2025-12-15T02:00:00.000000000,0.993,0.648,0.0,0.0,0.0,0.0
111024,2025-12-15T03:00:00.000000000,0.975,0.63,0.0,0.0,0.3235504614701334,0.0
111024,2025-12-15T04:00:00.000000000,0.975,0.634,0.0,0.0,0.0,0.0
111024,2025-12-15T05:00:00.000000000,0.965,0.621,0.0,0.0,0.3235504614701334,0.0
111024,2025-12-15T06:00:00.000000000,0.994,0.638,0.0,0.0,0.0,0.0
111024,2025-12-15T07:00:00.000000000,0.971,0.622,0.0,0.0,1.1693535699871667,0.0
111024,2025-12-15T08:00:00.000000000,1.325,0.601,0.0,0.0,0.33263566464547223,0.0
111024,2025-12-15T09:00:00.000000000,1.225,0.59,0.0,0.0,0.66732282678215,0.0
111024,2025-12-15T10:00:00.000000000,1.006,0.59,0.0,0.0,1.5907897688948223,0.0
111024,2025-12-15T11:00:00.000000000,1.04,0.59,0.0,0.0,1.1954368952324943,0.0
111024,2025-12-15T12:00:00.000000000,1.092,0.605,0.0,0.0,1.1719912096187166,0.0
111024,2025-12-15T13:00:00.000000000,1.0870000000000002,0.601,0.0,0.0,0.7757591227458722,0.0
111024,2025-12-15T14:00:00.000000000,1.092,0.604,0.0,0.0,0.34230700996115554,0.0
111024,2025-12-15T15:00:00.000000000,1.198,0.596,0.0,0.0,0.8317356971487667,0.0
111024,2025-12-15T16:00:00.000000000,1.495,0.569,0.0,0.0,0.6658574714312889,0.0
111024,2025-12-15T17:00:00.000000000,1.75,0.69,0.0,0.0,2.8196367661269504,0.0
111024,2025-12-15T18:00:00.000000000,2.884,1.366,0.0,0.0,9.861548440225105,0.0
111024,2025-12-15T19:00:00.000000000,2.583,1.104,0.0,0.0,7.354325434901744,0.0
111024,2025-12-15T20:00:00.000000000,1.684,0.628,0.0,0.0,1.5122467220886666,0.0
111024,2025-12-15T21:00:00.000000000,1.5419999999999998,0.655,0.0,0.0,0.3235504614701334,0.0
111024,2025-12-15T22:00:00.000000000,1.404,0.72,0.0,0.0,0.7391252389743445,0.0
111024,2025-12-15T23:00:00.000000000,1.2790000000000001,0.7790000000000001,0.0,0.0,1.0670717664970613,0.0
111024,2025-12-16T00:00:00.000000000,1.4060000000000001,0.805,0.0,0.0,0.33849708604891665,0.0
111024,2025-12-16T01:00:00.000000000,1.647,0.973,0.0,0.0,5.86347290093565,0.0
111024,2025-12-16T02:00:00.000000000,1.9100000000000001,1.076,0.0,0.0,6.218968109054556,0.0
111024,2025-12-16T03:00:00.000000000,1.246,0.871,0.0,0.0,0.8205989964822222,0.0
111024,2025-12-16T04:00:00.000000000,1.277,0.91,0.0,0.0,1.0181288977782998,0.0
111024,2025-12-16T05:00:00.000000000,1.166,0.775,0.0,0.0,0.7930503158860334,0.0
111024,2025-12-16T06:00:00.000000000,1.102,0.653,0.0,0.0,1.1294959044437445,0.0
111024,2025-12-16T07:00:00.000000000,1.1030000000000002,0.615,0.0,0.0,0.35344371062769997,0.0
111024,2025-12-16T08:00:00.000000000,1.151,0.591,0.0,0.0,1.92811457066305,0.0
111024,2025-12-16T09:00:00.000000000,1.2419999999999998,0.474,0.0,0.0,3.3480439056474665,0.0
111024,2025-12-16T10:00:00.000000000,1.763,0.661,0.0,0.0,7.936364580263778,0.0
111024,2025-12-16T11:00:00.000000000,1.318,0.537,0.0,0.0,4.143438790094878,0.0
111024,2025-12-16T12:00:00.000000000,1.112,0.474,0.0,0.0,0.692233867746789,0.0
111024,2025-12-16T13:00:00.000000000,1.04,0.478,0.0,0.0,1.0641410557953388,0.0
111024,2025-12-16T14:00:00.000000000,0.988,0.439,0.0,0.0,1.7273608875950779,0.0
111024,2025-12-16T15:00:00.000000000,1.085,0.36,0.0,0.0,2.449488004499433,0.0
111024,2025-12-16T16:00:00.000000000,1.2389999999999999,0.458,0.0,0.0,1.0248695323922612,0.0
111024,2025-12-16T17:00:00.000000000,1.611,0.46599999999999997,0.0,0.0,0.9964416385855555,0.0
111024,2025-12-16T18:00:00.000000000,2.266,0.601,0.0,0.0,3.458531699102395,0.0
111024,2025-12-16T19:00:00.000000000,1.438,0.503,0.0,0.0,0.3426000810313278,0.0
111024,2025-12-16T20:00:00.000000000,1.918,0.478,0.0,0.0,1.0952065892335945,0.0
111024,2025-12-16T21:00:00.000000000,1.162,0.501,0.0,0.0,0.0,0.0
111024,2025-12-16T22:00:00.000000000,1.0350000000000001,0.506,0.0,0.0,0.3235504614701334,0.0
111024,2025-12-16T23:00:00.000000000,0.957,0.518,0.0,0.0,0.6875447306240334,0.0
111024,2025-12-17T00:00:00.000000000,0.9359999999999999,0.524,0.0,0.0,0.0,0.0
111024,2025-12-17T01:00:00.000000000,0.88,0.531,0.0,0.0,0.3235504614701334,0.0
111024,2025-12-17T02:00:00.000000000,0.88,0.535,0.0,0.0,0.0,0.0
111024,2025-12-17T03:00:00.000000000,0.878,0.534,0.0,0.0,0.3235504614701334,0.0
111024,2025-12-17T04:00:00.000000000,0.862,0.52,0.0,0.0,0.0,0.0
111024,2025-12-17T05:00:00.000000000,0.849,0.51,0.0,0.0,0.3235504614701334,0.0
111024,2025-12-17T06:00:00.000000000,0.87,0.518,0.0,0.0,0.8241158493242888,0.0
111024,2025-12-17T07:00:00.000000000,0.895,0.43999999999999995,0.0,0.0,0.6623406185892222,0.0
111024,2025-12-17T08:00:00.000000000,0.887,0.39,0.0,0.0,1.05769349225155,0.0
111024,2025-12-17T09:00:00.000000000,0.9239999999999999,0.347,0.0,0.0,1.0811391778653276,0.0
111024,2025-12-17T10:00:00.000000000,0.815,0.323,0.0,0.0,0.0,0.0
111024,2025-12-17T11:00:00.000000000,0.7770000000000001,0.291,0.0,0.0,1.1845932656361224,0.0
111024,2025-12-17T12:00:00.000000000,0.865,0.265,0.0,0.0,1.5049199453343611,0.0
111024,2025-12-17T13:00:00.000000000,0.7020000000000001,0.253,0.0,0.0,0.0,0.0
111024,2025-12-17T14:00:00.000000000,0.613,0.279,0.0,0.0,1.1412187472506332,0.0
111024,2025-12-17T15:00:00.000000000,0.637,0.303,0.0,0.0,0.776931407026561,0.0
111024,2025-12-17T16:00:00.000000000,0.656,0.316,0.0,0.0,0.0,0.0
111024,2025-12-17T17:00:00.000000000,0.933,0.28800000000000003,0.0,0.0,0.3235504614701334,0.0
111024,2025-12-17T18:00:00.000000000,1.266,0.24500000000000002,0.0,0.0,1.0272141009536389,0.0
111024,2025-12-17T19:00:00.000000000,1.085,0.072,0.0,0.0,2.2214787119054447,0.0
111024,2025-12-17T20:00:00.000000000,1.057,0.217,0.0,0.0,0.5084783067488057,0.0
111024,2025-12-17T21:00:00.000000000,0.96,0.263,0.0,0.0,0.8417001135346222,0.0
111024,2025-12-17T22:00:00.000000000,0.949,0.266,0.0,0.0,0.7599332849565722,0.0
111024,2025-12-17T23:00:00.000000000,0.7909999999999999,0.29200000000000004,0.0,0.0,0.3235504614701334,0.0
111024,2025-12-18T00:00:00.000000000,0.724,0.314,0.0,0.0,0.3426000810313278,0.0
111024,2025-12-18T01:00:00.000000000,0.7190000000000001,0.336,0.0,0.0,1.1224621987596113,0.0
111024,2025-12-18T02:00:00.000000000,0.684,0.331,0.0,0.0,0.0,0.0
111024,2025-12-18T03:00:00.000000000,0.683,0.33899999999999997,0.0,0.0,0.3235504614701334,0.0
111024,2025-12-18T04:00:00.000000000,0.7009999999999998,0.358,0.0,0.0,0.3426000810313278,0.0
111024,2025-12-18T05:00:00.000000000,0.7369999999999999,0.397,0.0,0.0,1.1271513358823668,0.0
111024,2025-12-18T06:00:00.000000000,0.893,0.433,0.0,0.0,0.35813284775045556,0.0
111024,2025-12-18T07:00:00.000000000,0.8140000000000001,0.441,0.0,0.0,0.3235504614701334,0.0
111024,2025-12-18T08:00:00.000000000,0.7809999999999999,0.438,0.0,0.0,0.0,0.0
111024,2025-12-18T09:00:00.000000000,0.798,0.297,0.0,0.0,1.545363753018128,0.0
111024,2025-12-18T10:00:00.000000000,0.7430000000000001,0.366,0.0,0.0,0.3426000810313278,0.0
111024,2025-12-18T11:00:00.000000000,0.7220000000000001,0.349,0.0,0.0,0.7423490207462389,0.0
111024,2025-12-18T12:00:00.000000000,0.666,0.334,0.0,0.0,0.0,0.0
111024,2025-12-18T13:00:00.000000000,0.644,0.309,0.0,0.0,0.3235504614701334,0.0
111024,2025-12-18T14:00:00.000000000,0.638,0.305,0.0,0.0,1.222399433688339,0.0
111024,2025-12-18T15:00:00.000000000,0.8099999999999999,0.3,0.0,0.0,0.8334941235698,0.0
111024,2025-12-18T16:00:00.000000000,0.872,0.313,0.0,0.0,0.0,0.0
111024,2025-12-18T17:00:00.000000000,0.949,0.319,0.0,0.0,0.3235504614701334,0.0
111024,2025-12-18T18:00:00.000000000,1.349,0.351,0.0,0.0,0.0,0.0
111024,2025-12-18T19:00:00.000000000,1.129,0.328,0.0,0.0,1.1570445850399333,0.0
111024,2025-12-18T20:00:00.000000000,0.958,0.351,0.0,0.0,0.3235504614701334,0.0
111024,2025-12-18T21:00:00.000000000,0.964,0.398,0.0,0.0,2.210048940168728,0.0
111024,2025-12-18T22:00:00.000000000,0.965,0.397,0.0,0.0,1.3390417196168833,0.0
111024,2025-12-18T23:00:00.000000000,0.8989999999999999,0.402,0.0,0.0,1.6863309377709665,0.0
111024,2025-12-19T00:00:00.000000000,0.819,0.41,0.0,0.0,0.7570025742548501,0.0
111024,2025-12-19T01:00:00.000000000,0.778,0.419,0.0,0.0,0.3426000810313278,0.0
111024,2025-12-19T02:00:00.000000000,0.768,0.421,0.0,0.0,0.3426000810313278,0.0
111024,2025-12-19T03:00:00.000000000,0.7670000000000001,0.422,0.0,0.0,0.3426000810313278,0.0
111024,2025-12-19T04:00:00.000000000,0.764,0.421,0.0,0.0,0.3235504614701334,0.0
111024,2025-12-19T05:00:00.000000000,0.766,0.427,0.0,0.0,0.0,0.0
111024,2025-12-19T06:00:00.000000000,0.903,0.47,0.0,0.0,2.897593670792761,0.0
111024,2025-12-19T07:00:00.000000000,0.968,0.44899999999999995,0.0,0.0,0.0,0.0
111024,2025-12-19T08:00:00.000000000,0.845,0.46599999999999997,0.0,0.0,0.3235504614701334,0.0
111024,2025-12-19T09:00:00.000000000,0.808,0.46499999999999997,0.0,0.0,0.0,0.0
111024,2025-12-19T10:00:00.000000000,0.754,0.41700000000000004,0.0,0.0,0.7250578276060777,0.0
111024,2025-12-19T11:00:00.000000000,0.7189999999999999,0.386,0.0,0.0,0.3235504614701334,0.0
111024,2025-12-19T12:00:00.000000000,0.7010000000000001,0.368,0.0,0.0,0.3235504614701334,0.0
111024,2025-12-19T13:00:00.000000000,0.704,0.368,0.0,0.0,0.0,0.0
111024,2025-12-19T14:00:00.000000000,0.784,0.373,0.0,0.0,0.3235504614701334,0.0
111024,2025-12-19T15:00:00.000000000,1.024,0.377,0.0,0.0,0.0,0.0
111024,2025-12-19T16:00:00.000000000,1.2870000000000001,0.335,0.0,0.0,0.6787525985188667,0.0
111024,2025-12-19T17:00:00.000000000,1.263,0.299,0.0,0.0,0.7824997573598333,0.0
111024,2025-12-19T18:00:00.000000000,1.367,0.371,0.0,0.0,1.5937204795965445,0.0
111024,2025-12-19T19:00:00.000000000,1.302,0.365,0.0,0.0,1.7505135021386833,0.0
111024,2025-12-19T20:00:00.000000000,1.009,0.40399999999999997,0.0,0.0,1.8721379962601556,0.0
111024,2025-12-19T21:00:00.000000000,1.097,0.399,0.0,0.0,1.518987356702628,0.0
111024,2025-12-19T22:00:00.000000000,0.952,0.42,0.0,0.0,0.3235504614701334,0.0
111024,2025-12-19T23:00:00.000000000,0.9209999999999999,0.46,0.0,0.0,0.3426000810313278,0.0
111024,2025-12-20T00:00:00.000000000,0.933,0.523,0.0,0.0,0.0,0.0
111024,2025-12-20T01:00:00.000000000,1.088,0.702,0.0,0.0,0.3235504614701334,0.0
111024,2025-12-20T02:00:00.000000000,1.386,1.0030000000000001,0.0,0.0,0.3426000810313278,0.0
111024,2025-12-20T03:00:00.000000000,1.4289999999999998,1.049,0.0,0.0,0.0,0.0
111024,2025-12-20T04:00:00.000000000,1.4649999999999999,1.1030000000000002,0.0,0.0,0.3235504614701334,0.0
111024,2025-12-20T05:00:00.000000000,1.5750000000000002,1.206,0.0,0.0,1.2188825808462724,0.0
111024,2025-12-20T06:00:00.000000000,1.971,1.4979999999999998,0.0,0.0,1.6036848959824,0.0
111024,2025-12-20T07:00:00.000000000,1.9979999999999998,1.562,0.0,0.0,1.1204107012684057,0.0
111024,2025-12-20T08:00:00.000000000,1.9289999999999998,1.3719999999999999,0.0,0.0,0.0,0.0
111024,2025-12-20T09:00:00.000000000,1.7999999999999998,1.1320000000000001,0.0,0.0,1.0225249638308833,0.0
111024,2025-12-20T10:00:00.000000000,1.629,1.0110000000000001,0.0,0.0,0.4264184071005834,0.0
111024,2025-12-20T11:00:00.000000000,1.592,1.056,0.0,0.0,0.3642873402240723,0.0
111024,2025-12-20T12:00:00.000000000,1.459,0.964,0.0,0.0,0.6878378016942057,0.0
111024,2025-12-20T13:00:00.000000000,1.359,0.866,0.0,0.0,0.7288677515183167,0.0
111024,2025-12-20T14:00:00.000000000,1.371,0.876,0.0,0.0,0.3426000810313278,0.0
111024,2025-12-20T15:00:00.000000000,1.323,0.8090000000000002,0.0,0.0,0.3235504614701334,0.0
111024,2025-12-20T16:00:00.000000000,1.447,0.881,0.0,0.0,0.8343733367803167,0.0
111024,2025-12-20T17:00:00.000000000,2.075,0.973,0.0,0.0,0.66732282678215,0.0
111024,2025-12-20T18:00:00.000000000,2.192,1.33,0.0,0.0,1.576136215386211,0.0
111024,2025-12-20T19:00:00.000000000,2.2150000000000003,1.2610000000000001,0.0,0.0,0.6986814312905778,0.0
111024,2025-12-20T20:00:00.000000000,1.98,1.2870000000000001,0.0,0.0,0.3426000810313278,0.0
111024,2025-12-20T21:00:00.000000000,1.983,1.353,0.0,0.0,0.3235504614701334,0.0
111024,2025-12-20T22:00:00.000000000,2.055,1.3850000000000002,0.0,0.0,0.36458041129424446,0.0
111024,2025-12-20T23:00:00.000000000,1.958,1.4729999999999999,0.0,0.0,0.3235504614701334,0.0
111024,2025-12-21T00:00:00.000000000,1.976,1.598,0.0,0.0,0.3235504614701334,0.0
111024,2025-12-21T01:00:00.000000000,2.024,1.647,0.0,0.0,0.3235504614701334,0.0
111024,2025-12-21T02:00:00.000000000,2.018,1.644,0.0,0.0,0.0,0.0
111024,2025-12-21T03:00:00.000000000,2.036,1.6609999999999998,0.0,0.0,0.3235504614701334,0.0
111024,2025-12-21T04:00:00.000000000,2.12,1.747,0.0,0.0,0.0,0.0
111024,2025-12-21T05:00:00.000000000,2.247,1.873,0.0,0.0,0.3235504614701334,0.0
111024,2025-12-21T06:00:00.000000000,2.3949999999999996,1.9769999999999999,0.0,0.0,0.6998537155712667,0.0
111024,2025-12-21T07:00:00.000000000,2.315,1.6159999999999999,0.0,0.0,1.9653345965749225,0.0
111024,2025-12-21T08:00:00.000000000,1.9700000000000002,1.316,0.0,0.0,2.698891485215994,0.0
111024,2025-12-21T09:00:00.000000000,1.934,1.375,0.0,0.0,0.8176682857805,0.0
111024,2025-12-21T10:00:00.000000000,1.814,1.155,0.0,0.0,0.3235504614701334,0.0
111024,2025-12-21T11:00:00.000000000,1.7389999999999999,1.089,0.0,0.0,3.6337881990653833,0.0
111024,2025-12-21T12:00:00.000000000,2.343,1.3430000000000002,0.0,0.0,7.581162443215045,0.0
111024,2025-12-21T13:00:00.000000000,1.5919999999999999,0.882,0.0,0.0,3.433620658137756,0.0
111024,2025-12-21T14:00:00.000000000,1.183,0.658,0.0,0.0,0.0,0.0
111024,2025-12-21T15:00:00.000000000,1.229,0.604,0.0,0.0,1.0269210298834668,0.0
111024,2025-12-21T16:00:00.000000000,1.274,0.6950000000000001,0.0,0.0,0.5181496520644889,0.0
111024,2025-12-21T17:00:00.000000000,1.572,0.932,0.0,0.0,1.4296006803001002,0.0
111024,2025-12-21T18:00:00.000000000,2.103,1.314,0.0,0.0,0.9055896068321666,0.0
111024,2025-12-21T19:00:00.000000000,2.188,1.2329999999999999,0.0,0.0,1.1095670716720334,0.0
111024,2025-12-21T20:00:00.000000000,2.208,1.355,0.0,0.0,1.2059874537586945,0.0
111024,2025-12-21T21:00:00.000000000,2.3549999999999995,1.579,0.0,0.0,0.6945784363081666,0.0
111024,2025-12-21T22:00:00.000000000,2.2410000000000005,1.637,0.0,0.0,0.3426000810313278,0.0
111024,2025-12-21T23:00:00.000000000,2.176,1.744,0.0,0.0,0.7071804923255722,0.0
111024,2025-12-22T00:00:00.000000000,2.251,1.865,0.0,0.0,0.6661505425014611,0.0
111024,2025-12-22T01:00:00.000000000,2.218,1.836,0.0,0.0,0.3235504614701334,0.0
111024,2025-12-22T02:00:00.000000000,2.252,1.871,0.0,0.0,0.0,0.0
111024,2025-12-22T03:00:00.000000000,2.252,1.8739999999999999,0.0,0.0,0.3235504614701334,0.0
111024,2025-12-22T04:00:00.000000000,2.193,1.814,0.0,0.0,0.0,0.0
111024,2025-12-22T05:00:00.000000000,2.156,1.7790000000000001,0.0,0.0,0.3235504614701334,0.0
111024,2025-12-22T06:00:00.000000000,2.1830000000000003,1.767,0.0,0.0,1.0884659546196334,0.0
111024,2025-12-22T07:00:00.000000000,2.248,1.621,0.0,0.0,1.541553829105889,0.0
111024,2025-12-22T08:00:00.000000000,1.9889999999999999,1.393,0.0,0.0,0.0,0.0
111024,2025-12-22T09:00:00.000000000,1.655,1.216,0.0,0.0,1.6028056827718833,0.0
111024,2025-12-22T10:00:00.000000000,1.5070000000000001,1.0030000000000001,0.0,0.0,0.7822066862896612,0.0
111024,2025-12-22T11:00:00.000000000,1.4060000000000001,0.8740000000000001,0.0,0.0,0.3235504614701334,0.0
111024,2025-12-22T12:00:00.000000000,1.403,0.7370000000000001,0.0,0.0,0.0,0.0
111024,2025-12-22T13:00:00.000000000,1.379,0.706,0.0,0.0,1.1655436460749278,0.0
111024,2025-12-22T14:00:00.000000000,1.929,1.013,0.0,0.0,7.4407814006025506,0.0
111024,2025-12-22T15:00:00.000000000,2.217,1.0710000000000002,0.0,0.0,7.618968611267261,0.0
111024,2025-12-22T16:00:00.000000000,2.388,1.102,0.0,0.0,7.2312355854294115,0.0
111024,2025-12-22T17:00:00.000000000,1.657,0.746,0.0,0.0,1.5397954026848555,0.0
111024,2025-12-22T18:00:00.000000000,1.904,1.042,0.0,0.0,0.6881308727643778,0.0
111024,2025-12-22T19:00:00.000000000,1.856,0.9129999999999999,0.0,0.0,0.3648734823644167,0.0
111024,2025-12-22T20:00:00.000000000,1.702,0.866,0.0,0.0,1.1019472238475556,0.0
111024,2025-12-22T21:00:00.000000000,1.596,0.842,0.0,0.0,0.6664436135716334,0.0
111024,2025-12-22T22:00:00.000000000,1.561,0.871,0.0,0.0,0.7074735633957445,0.0
111024,2025-12-22T23:00:00.000000000,1.373,0.929,0.0,0.0,0.3235504614701334,0.0
111024,2025-12-23T00:00:00.000000000,1.3650000000000002,1.001,0.0,0.0,0.8358386921311778,0.0
111024,2025-12-23T01:00:00.000000000,1.4329999999999998,1.07,0.0,0.0,0.3235504614701334,0.0
111024,2025-12-23T02:00:00.000000000,1.4379999999999997,1.076,0.0,0.0,0.0,0.0
111024,2025-12-23T03:00:00.000000000,1.444,1.0830000000000002,0.0,0.0,0.3235504614701334,0.0
111024,2025-12-23T04:00:00.000000000,1.476,1.117,0.0,0.0,0.0,0.0
111024,2025-12-23T05:00:00.000000000,1.549,1.1749999999999998,0.0,0.0,1.4284283960194113,0.0
111024,2025-12-23T06:00:00.000000000,1.672,1.203,0.0,0.0,0.8704210784115,0.0
111024,2025-12-23T07:00:00.000000000,1.5990000000000002,1.096,0.0,0.0,0.0,0.0
111024,2025-12-23T08:00:00.000000000,1.517,1.0070000000000001,0.0,0.0,1.6675743892799446,0.0
111024,2025-12-23T09:00:00.000000000,1.4459999999999997,0.8220000000000001,0.0,0.0,2.5482529551474724,0.0
111024,2025-12-23T10:00:00.000000000,1.352,0.667,0.0,0.0,2.7935534408816225,0.0
111024,2025-12-23T11:00:00.000000000,1.138,0.65,0.0,0.0,0.49851389036295,0.0
111024,2025-12-23T12:00:00.000000000,1.18,0.616,0.0,0.0,2.1778111224497834,0.0
111024,2025-12-23T13:00:00.000000000,1.096,0.609,0.0,0.0,0.3235504614701334,0.0
111024,2025-12-23T14:00:00.000000000,1.0590000000000002,0.61,0.0,0.0,0.3428931521015,0.0
111024,2025-12-23T15:00:00.000000000,1.101,0.629,0.0,0.0,0.0,0.0
111024,2025-12-23T16:00:00.000000000,1.3090000000000002,0.7470000000000001,0.0,0.0,0.7789829045177666,0.0
111024,2025-12-23T17:00:00.000000000,1.5110000000000001,0.873,0.0,0.0,0.7077666344659167,0.0
111024,2025-12-23T18:00:00.000000000,2.053,1.117,0.0,0.0,1.1215829855490944,0.0
111024,2025-12-23T19:00:00.000000000,1.939,1.1310000000000002,0.0,0.0,2.616245443427428,0.0
111024,2025-12-23T20:00:00.000000000,2.033,0.966,0.0,0.0,0.7300400357990056,0.0
111024,2025-12-23T21:00:00.000000000,1.885,0.945,0.0,0.0,0.0,0.0
111024,2025-12-23T22:00:00.000000000,1.6989999999999998,0.963,0.0,0.0,0.3235504614701334,0.0
111024,2025-12-23T23:00:00.000000000,1.518,0.967,0.0,0.0,0.7564164321145056,0.0
111024,2025-12-24T00:00:00.000000000,1.2429999999999999,0.8280000000000001,0.0,0.0,0.3730794723292389,0.0
111024,2025-12-24T01:00:00.000000000,1.029,0.668,0.0,0.0,0.3235504614701334,0.0
111024,2025-12-24T02:00:00.000000000,1.0070000000000001,0.661,0.0,0.0,0.0,0.0
111024,2025-12-24T03:00:00.000000000,0.987,0.642,0.0,0.0,0.3235504614701334,0.0
111024,2025-12-24T04:00:00.000000000,0.973,0.63,0.0,0.0,0.3235504614701334,0.0
111024,2025-12-24T05:00:00.000000000,0.953,0.614,0.0,0.0,0.0,0.0
111024,2025-12-24T06:00:00.000000000,1.045,0.613,0.0,0.0,0.6834417356416222,0.0
111024,2025-12-24T07:00:00.000000000,1.032,0.586,0.0,0.0,0.8841954187095944,0.0
111024,2025-12-24T08:00:00.000000000,0.872,0.528,0.0,0.0,0.3235504614701334,0.0
111024,2025-12-24T09:00:00.000000000,0.8140000000000001,0.473,0.0,0.0,0.0,0.0
111024,2025-12-24T10:00:00.000000000,0.7710000000000001,0.432,0.0,0.0,0.3428931521015,0.0
111024,2025-12-24T11:00:00.000000000,0.7370000000000001,0.403,0.0,0.0,0.3235504614701334,0.0
111024,2025-12-24T12:00:00.000000000,0.7389999999999999,0.406,0.0,0.0,0.3235504614701334,0.0
111024,2025-12-24T13:00:00.000000000,0.833,0.385,0.0,0.0,0.0,0.0
111024,2025-12-24T14:00:00.000000000,0.857,0.37,0.0,0.0,0.32355046147013333,0.0
111024,2025-12-24T15:00:00.000000000,0.875,0.365,0.0,0.0,0.0,0.0
111024,2025-12-24T16:00:00.000000000,0.9319999999999999,0.373,0.0,0.0,0.3235504614701334,0.0
111024,2025-12-24T17:00:00.000000000,1.009,0.38,0.0,0.0,1.1444425290225277,0.0
111024,2025-12-24T18:00:00.000000000,1.295,0.36700000000000005,0.0,0.0,1.8686211434180888,0.0
111024,2025-12-24T19:00:00.000000000,1.233,0.28,0.0,0.0,1.4536325080542223,0.0
111024,2025-12-24T20:00:00.000000000,1.145,0.312,0.0,0.0,0.0,0.0
111024,2025-12-24T21:00:00.000000000,0.9040000000000001,0.37,0.0,0.0,1.256981819968661,0.0
111024,2025-12-24T22:00:00.000000000,0.79,0.41,0.0,0.0,0.6028471913442611,0.0
111024,2025-12-24T23:00:00.000000000,0.772,0.41,0.0,0.0,0.33703173069805553,0.0
111024,2025-12-25T00:00:00.000000000,0.822,0.47100000000000003,0.0,0.0,0.7136280558693612,0.0
111024,2025-12-25T01:00:00.000000000,0.911,0.563,0.0,0.0,0.0,0.0
111024,2025-12-25T02:00:00.000000000,0.948,0.6010000000000001,0.0,0.0,0.3235504614701334,0.0
111024,2025-12-25T03:00:00.000000000,1.227,0.874,0.0,0.0,0.0,0.0
111024,2025-12-25T04:00:00.000000000,1.214,0.861,0.0,0.0,0.3235504614701334,0.0
111024,2025-12-25T05:00:00.000000000,1.143,0.715,0.0,0.0,1.2218132915479947,0.0
111024,2025-12-25T06:00:00.000000000,1.44,0.9309999999999999,0.0,0.0,0.3235504614701334,0.0
111024,2025-12-25T07:00:00.000000000,1.594,1.0350000000000001,0.0,0.0,0.0,0.0
111024,2025-12-25T08:00:00.000000000,1.806,1.133,0.0,0.0,0.3235504614701334,0.0
111024,2025-12-25T09:00:00.000000000,2.03,1.252,0.0,0.0,5.534354089132245,0.0
111024,2025-12-25T10:00:00.000000000,1.607,0.965,0.0,0.0,3.285033625560439,0.0
111024,2025-12-25T11:00:00.000000000,1.2990000000000002,0.8069999999999999,0.0,0.0,1.4931971025274722,0.0
111024,2025-12-25T12:00:00.000000000,1.213,0.7250000000000001,0.0,0.0,1.0336616644974277,0.0
111024,2025-12-25T13:00:00.000000000,1.263,0.7730000000000001,0.0,0.0,1.0544697104796557,0.0
111024,2025-12-25T14:00:00.000000000,1.2149999999999999,0.764,0.0,0.0,0.7693115592020834,0.0
111024,2025-12-25T15:00:00.000000000,1.135,0.796,0.0,0.0,1.1608545089521722,0.0
111024,2025-12-25T16:00:00.000000000,1.2950000000000002,0.948,0.0,0.0,0.685786304203,0.0
111024,2025-12-25T17:00:00.000000000,1.4120000000000001,1.048,0.0,0.0,1.2944949169507056,0.0
111024,2025-12-25T18:00:00.000000000,2.0229999999999997,1.2349999999999999,0.0,0.0,0.5975719120811611,0.0
111024,2025-12-25T19:00:00.000000000,2.0759999999999996,1.126,0.0,0.0,0.3235504614701334,0.0
111024,2025-12-25T20:00:00.000000000,2.007,1.1589999999999998,0.0,0.0,0.0,0.0
111024,2025-12-25T21:00:00.000000000,1.903,1.2650000000000001,0.0,0.0,0.3235504614701334,0.0
111024,2025-12-25T22:00:00.000000000,2.026,1.47,0.0,0.0,1.494369386808161,0.0
111024,2025-12-25T23:00:00.000000000,1.96,1.569,0.0,0.0,0.3428931521015,0.0
111024,2025-12-26T00:00:00.000000000,1.9289999999999998,1.55,0.0,0.0,0.3232573903999611,0.0
111024,2025-12-26T01:00:00.000000000,2.095,1.714,0.0,0.0,0.7452797314479611,0.0
111024,2025-12-26T02:00:00.000000000,1.972,1.596,0.0,0.0,0.0,0.0
111024,2025-12-26T03:00:00.000000000,1.8450000000000002,1.471,0.0,0.0,0.6494454915016445,0.0
111024,2025-12-26T04:00:00.000000000,1.865,1.492,0.0,0.0,0.0,0.0
111024,2025-12-26T05:00:00.000000000,1.867,1.502,0.0,0.0,0.3235504614701334,0.0
111024,2025-12-26T06:00:00.000000000,1.996,1.6159999999999999,0.0,0.0,0.35402985276804444,0.0
111024,2025-12-26T07:00:00.000000000,2.138,1.519,0.0,0.0,1.1538208032680388,0.0
111024,2025-12-26T08:00:00.000000000,2.024,1.3499999999999999,0.0,0.0,0.4911871136086444,0.0
111024,2025-12-26T09:00:00.000000000,1.4640000000000002,0.883,0.0,0.0,2.545029173375578,0.0
111024,2025-12-26T10:00:00.000000000,1.262,0.854,0.0,0.0,0.7402975232550334,0.0
111024,2025-12-26T11:00:00.000000000,1.2409999999999999,0.863,0.0,0.0,1.0201803952695057,0.0
111024,2025-12-26T12:00:00.000000000,1.889,0.75,0.0,0.0,0.9609800390947166,0.0
111024,2025-12-26T13:00:00.000000000,1.306,0.7030000000000001,0.0,0.0,0.85723288025375,0.0
111024,2025-12-26T14:00:00.000000000,1.0699999999999998,0.696,0.0,0.0,0.0,0.0
111024,2025-12-26T15:00:00.000000000,1.1079999999999999,0.682,0.0,0.0,0.3235504614701334,0.0
111024,2025-12-26T16:00:00.000000000,1.312,0.7510000000000001,0.0,0.0,0.3235504614701334,0.0
111024,2025-12-26T17:00:00.000000000,1.649,0.866,0.0,0.0,2.4371790195522,0.0
111024,2025-12-26T18:00:00.000000000,2.1719999999999997,1.1580000000000001,0.0,0.0,0.0750261939640889,0.0
111024,2025-12-26T19:00:00.000000000,2.038,1.0870000000000002,0.0,0.0,0.3235504614701334,0.0
111024,2025-12-26T20:00:00.000000000,1.891,1.045,0.0,0.0,2.046515283012628,0.0
111024,2025-12-26T21:00:00.000000000,1.79,1.026,0.0,0.0,0.0,0.0
111024,2025-12-26T22:00:00.000000000,1.7389999999999999,1.1110000000000002,0.0,0.0,0.3235504614701334,0.0
111024,2025-12-26T23:00:00.000000000,1.6729999999999998,1.097,0.0,0.0,0.7136280558693612,0.0
111024,2025-12-27T00:00:00.000000000,1.486,1.097,0.0,0.0,0.3235504614701334,0.0
111024,2025-12-27T01:00:00.000000000,1.449,1.085,0.0,0.0,0.6887170149047223,0.0
111024,2025-12-27T02:00:00.000000000,1.487,1.1219999999999999,0.0,0.0,0.0,0.0
111024,2025-12-27T03:00:00.000000000,1.4709999999999999,1.1070000000000002,0.0,0.0,0.7309192490095223,0.0
111024,2025-12-27T04:00:00.000000000,1.454,1.092,0.0,0.0,0.8156167882892944,0.0
111024,2025-12-27T05:00:00.000000000,1.471,1.072,0.0,0.0,0.3566674923995945,0.0
111024,2025-12-27T06:00:00.000000000,1.635,1.1689999999999998,0.0,0.0,1.6584891861046056,0.0
111024,2025-12-27T07:00:00.000000000,1.549,1.119,0.0,0.0,0.7493827264303722,0.0
111024,2025-12-27T08:00:00.000000000,1.533,1.057,0.0,0.0,1.0963788735142834,0.0
111024,2025-12-27T09:00:00.000000000,1.384,0.837,0.0,0.0,0.36545962450476116,0.0
111024,2025-12-27T10:00:00.000000000,1.176,0.529,0.0,0.0,1.1620267932328612,0.0
111024,2025-12-27T11:00:00.000000000,1.101,0.463,0.0,0.0,0.3428931521015,0.0
111024,2025-12-27T12:00:00.000000000,1.069,0.43,0.0,0.0,0.3235504614701334,0.0
111024,2025-12-27T13:00:00.000000000,0.916,0.429,0.0,0.0,0.3428931521015,0.0
111024,2025-12-27T14:00:00.000000000,0.921,0.434,0.0,0.0,0.0,0.0
111024,2025-12-27T15:00:00.000000000,1.105,0.419,0.0,0.0,0.3235504614701334,0.0
111024,2025-12-27T16:00:00.000000000,1.252,0.46599999999999997,0.0,0.0,0.4911871136086444,0.0
111024,2025-12-27T17:00:00.000000000,1.436,0.492,0.0,0.0,2.1977399552214942,0.0
111024,2025-12-27T18:00:00.000000000,2.032,1.023,0.0,0.0,0.0,0.0
111024,2025-12-27T19:00:00.000000000,2.0060000000000002,1.055,0.0,0.0,1.4612523558787003,0.0
111024,2025-12-27T20:00:00.000000000,1.9689999999999999,1.121,0.0,0.0,1.1708189253380277,0.0
111024,2025-12-27T21:00:00.000000000,1.777,1.264,0.0,0.0,1.0509528576375888,0.0
111024,2025-12-27T22:00:00.000000000,1.776,1.373,0.0,0.0,0.3428931521015,0.0
111024,2025-12-27T23:00:00.000000000,1.819,1.3650000000000002,0.0,0.0,0.0,0.0
111024,2025-12-28T00:00:00.000000000,1.9510000000000003,1.3650000000000002,0.0,0.0,1.045677578374489,0.0
111024,2025-12-28T01:00:00.000000000,2.404,1.716,0.0,0.0,4.624075345177323,0.0
111024,2025-12-28T02:00:00.000000000,1.822,1.4259999999999997,0.0,0.0,1.053590497269139,0.0
111024,2025-12-28T03:00:00.000000000,1.873,1.481,0.0,0.0,0.6942853652379944,0.0
111024,2025-12-28T04:00:00.000000000,1.826,1.453,0.0,0.0,0.32999802501392217,0.0
111024,2025-12-28T05:00:00.000000000,1.858,1.492,0.0,0.0,1.851329950277928,0.0
111024,2025-12-28T06:00:00.000000000,2.033,1.5699999999999998,0.0,0.0,1.090517452110839,0.0
111024,2025-12-28T07:00:00.000000000,2.0020000000000002,1.491,0.0,0.0,0.8390624739030722,0.0
111024,2025-12-28T08:00:00.000000000,1.863,1.307,0.0,0.0,0.0,0.0
111024,2025-12-28T09:00:00.000000000,1.4580000000000002,1.0979999999999999,0.0,0.0,0.3235504614701334,0.0
111024,2025-12-28T10:00:00.000000000,1.139,0.795,0.0,0.0,0.6101739680985666,0.0
111024,2025-12-28T11:00:00.000000000,0.969,0.635,0.0,0.0,0.4369689656267834,0.0
111024,2025-12-28T12:00:00.000000000,1.052,0.602,0.0,0.0,0.36516655343458887,0.0
111024,2025-12-28T13:00:00.000000000,1.076,0.59,0.0,0.0,0.3235504614701334,0.0
111024,2025-12-28T14:00:00.000000000,1.005,0.595,0.0,0.0,0.0,0.0
111024,2025-12-28T15:00:00.000000000,1.0990000000000002,0.589,0.0,0.0,0.32355046147013333,0.0
111024,2025-12-28T16:00:00.000000000,1.2009999999999998,0.583,0.0,0.0,0.0,0.0
111024,2025-12-28T17:00:00.000000000,1.4729999999999999,0.5640000000000001,0.0,0.0,1.5280725598779668,0.0
111024,2025-12-28T18:00:00.000000000,1.5939999999999999,0.5750000000000001,0.0,0.0,0.9357759270599055,0.0
111024,2025-12-28T19:00:00.000000000,1.4889999999999999,0.553,0.0,0.0,2.215031148361656,0.0
111024,2025-12-28T20:00:00.000000000,1.37,0.537,0.0,0.0,0.6860793752731722,0.0
111024,2025-12-28T21:00:00.000000000,1.2910000000000001,0.54,0.0,0.0,1.1253929094613333,0.0
111024,2025-12-28T22:00:00.000000000,1.1520000000000001,0.541,0.0,0.0,3.0277172259492278,0.0
111024,2025-12-28T23:00:00.000000000,0.986,0.524,0.0,0.0,0.0,0.0
111024,2025-12-29T00:00:00.000000000,0.89,0.534,0.0,0.0,0.3235504614701334,0.0
111024,2025-12-29T01:00:00.000000000,0.864,0.516,0.0,0.0,0.3235504614701334,0.0
111024,2025-12-29T02:00:00.000000000,0.829,0.484,0.0,0.0,0.0,0.0
111024,2025-12-29T03:00:00.000000000,0.845,0.501,0.0,0.0,0.6939922941678223,0.0
111024,2025-12-29T04:00:00.000000000,0.874,0.514,0.0,0.0,0.6828555935012778,0.0
111024,2025-12-29T05:00:00.000000000,0.864,0.521,0.0,0.0,0.0,0.0
111024,2025-12-29T06:00:00.000000000,0.907,0.552,0.0,0.0,0.3235504614701334,0.0
111024,2025-12-29T07:00:00.000000000,1.014,0.495,0.0,0.0,0.6664436135716334,0.0
111024,2025-12-29T08:00:00.000000000,1.101,0.412,0.0,0.0,1.5081437271062557,0.0
111024,2025-12-29T09:00:00.000000000,1.2979999999999998,0.497,0.0,0.0,0.33791094390857224,0.0
111024,2025-12-29T10:00:00.000000000,1.716,0.474,0.0,0.0,0.6852001620626555,0.0
111024,2025-12-29T11:00:00.000000000,0.992,0.492,0.0,0.0,0.8396486160434168,0.0
111024,2025-12-29T12:00:00.000000000,0.967,0.48,0.0,0.0,0.6863724463433445,0.0
111024,2025-12-29T13:00:00.000000000,0.945,0.45799999999999996,0.0,0.0,0.07150934112202222,0.0
111024,2025-12-29T14:00:00.000000000,1.097,0.41600000000000004,0.0,0.0,1.9087718800316833,0.0
111024,2025-12-29T15:00:00.000000000,1.8409999999999997,0.365,0.0,0.0,1.8656904327163668,0.0
111024,2025-12-29T16:00:00.000000000,2.31,0.40800000000000003,0.0,0.0,5.103539615979079,0.0
111024,2025-12-29T17:00:00.000000000,1.4889999999999999,0.31899999999999995,0.0,0.0,1.5324686259305502,0.0
111024,2025-12-29T18:00:00.000000000,1.7,0.37799999999999995,0.0,0.0,2.6731012310408393,0.0
111024,2025-12-29T19:00:00.000000000,1.5280000000000002,0.381,0.0,0.0,0.6893031570450667,0.0
111024,2025-12-29T20:00:00.000000000,1.2489999999999999,0.368,0.0,0.0,1.5348131944919277,0.0
111024,2025-12-29T21:00:00.000000000,1.318,0.389,0.0,0.0,2.5538213054807444,0.0
111024,2025-12-29T22:00:00.000000000,1.1260000000000001,0.403,0.0,0.0,2.1186107662749945,0.0
111024,2025-12-29T23:00:00.000000000,0.9329999999999999,0.397,0.0,0.0,0.3235504614701334,0.0
111024,2025-12-30T00:00:00.000000000,0.847,0.438,0.0,0.0,0.7590540717460554,0.0
111024,2025-12-30T01:00:00.000000000,0.881,0.506,0.0,0.0,2.1587615028885887,0.0
111024,2025-12-30T02:00:00.000000000,0.878,0.532,0.0,0.0,0.6893031570450667,0.0
111024,2025-12-30T03:00:00.000000000,0.893,0.55,0.0,0.0,0.0,0.0
111024,2025-12-30T04:00:00.000000000,0.92,0.576,0.0,0.0,0.3235504614701334,0.0
111024,2025-12-30T05:00:00.000000000,0.951,0.608,0.0,0.0,0.0,0.0
111024,2025-12-30T06:00:00.000000000,1.002,0.646,0.0,0.0,0.32325739039996115,0.0
111024,2025-12-30T07:00:00.000000000,0.969,0.619,0.0,0.0,0.0,0.0
111024,2025-12-30T08:00:00.000000000,0.9329999999999999,0.588,0.0,0.0,0.3235504614701334,0.0
111024,2025-12-30T09:00:00.000000000,0.889,0.545,0.0,0.0,0.0,0.0
111024,2025-12-30T10:00:00.000000000,0.862,0.522,0.0,0.0,0.3235504614701334,0.0
111024,2025-12-30T11:00:00.000000000,0.881,0.545,0.0,0.0,0.721247903693839,0.0
111024,2025-12-30T12:00:00.000000000,0.992,0.543,0.0,0.0,0.0,0.0
111024,2025-12-30T13:00:00.000000000,1.0830000000000002,0.484,0.0,0.0,0.3235504614701334,0.0
111024,2025-12-30T14:00:00.000000000,0.995,0.46799999999999997,0.0,0.0,0.0,0.0
111024,2025-12-30T15:00:00.000000000,1.013,0.504,0.0,0.0,0.3235504614701334,0.0
111024,2025-12-30T16:00:00.000000000,1.254,0.519,0.0,0.0,0.7086458476764335,0.0
111024,2025-12-30T17:00:00.000000000,1.482,0.5760000000000001,0.0,0.0,1.001130775708311,0.0
111024,2025-12-30T18:00:00.000000000,1.783,0.7819999999999999,0.0,0.0,0.6169146027125278,0.0
111024,2025-12-30T19:00:00.000000000,1.758,0.7509999999999999,0.0,0.0,2.02306959739885,0.0
111024,2025-12-30T20:00:00.000000000,1.639,0.8049999999999999,0.0,0.0,1.437220528124578,0.0
111024,2025-12-30T21:00:00.000000000,1.653,0.9,0.0,0.0,0.34318622317167224,0.0
111024,2025-12-30T22:00:00.000000000,1.6829999999999998,0.991,0.0,0.0,1.1831279102852612,0.0
111024,2025-12-30T23:00:00.000000000,1.654,1.084,0.0,0.0,1.5737916468248334,0.0
111024,2025-12-31T00:00:00.000000000,1.649,1.167,0.0,0.0,1.5717401493336278,0.0
111024,2025-12-31T01:00:00.000000000,1.6600000000000001,1.269,0.0,0.0,0.0,0.0
111024,2025-12-31T02:00:00.000000000,1.733,1.3659999999999999,0.0,0.0,0.3235504614701334,0.0
111024,2025-12-31T03:00:00.000000000,1.8529999999999998,1.483,0.0,0.0,0.0,0.0
111024,2025-12-31T04:00:00.000000000,1.942,1.572,0.0,0.0,0.3235504614701334,0.0
111024,2025-12-31T05:00:00.000000000,1.951,1.584,0.0,0.0,0.7068874212553999,0.0
111024,2025-12-31T06:00:00.000000000,2.172,1.665,0.0,0.0,0.9926317146733167,0.0
111024,2025-12-31T07:00:00.000000000,2.012,1.342,0.0,0.0,2.48729417255165,0.0
111024,2025-12-31T08:00:00.000000000,2.3440000000000003,1.666,0.0,0.0,1.1479593818645946,0.0
111024,2025-12-31T09:00:00.000000000,2.436,1.8639999999999999,0.0,0.0,0.3235504614701334,0.0
111024,2025-12-31T10:00:00.000000000,2.4909999999999997,1.96,0.0,0.0,0.908520317533889,0.0
111024,2025-12-31T11:00:00.000000000,2.519,1.9940000000000002,0.0,0.0,0.6863724463433445,0.0
111024,2025-12-31T12:00:00.000000000,2.5340000000000003,2.008,0.0,0.0,0.8833162054990777,0.0
111024,2025-12-31T13:00:00.000000000,2.569,1.8960000000000001,0.0,0.0,0.19958139878728334,0.0
111024,2025-12-31T14:00:00.000000000,2.564,1.8860000000000001,0.0,0.0,0.3235504614701334,0.0
111024,2025-12-31T15:00:00.000000000,2.567,2.018,0.0,0.0,0.7142141980097056,0.0
111024,2025-12-31T16:00:00.000000000,2.657,2.057,0.0,0.0,0.3235504614701334,0.0
111024,2025-12-31T17:00:00.000000000,2.708,2.251,0.0,0.0,0.5741262264673834,0.0
111024,2025-12-31T18:00:00.000000000,3.1550000000000002,2.713,0.0,0.0,1.3243881661082724,0.0
111024,2025-12-31T19:00:00.000000000,3.077,2.648,0.0,0.0,0.34318622317167224,0.0
111024,2025-12-31T20:00:00.000000000,3.152,2.669,0.0,0.0,1.7115350498057778,0.0
111024,2025-12-31T21:00:00.000000000,3.458,2.667,0.0,0.0,1.1476663107944223,0.0
111024,2025-12-31T22:00:00.000000000,3.181,2.4469999999999996,0.0,0.0,1.545363753018128,0.0
111024,2025-12-31T23:00:00.000000000,3.517,2.721,0.0,0.0,0.3393762992594333,0.0
