bldg_id,timestamp,electricity.total,electrictiy.heating,electricity.secondary_heating,electricity.cooling,natural_gas.total,natural_gas.heating
240847,2025-01-01T00:00:00.000000000,3.33,2.373,0.0,0.0,0.0,0.0
240847,2025-01-01T01:00:00.000000000,4.391,3.622,0.0,0.0,0.0,0.0
240847,2025-01-01T02:00:00.000000000,4.289,3.7670000000000003,0.0,0.0,0.0,0.0
240847,2025-01-01T03:00:00.000000000,4.362,3.839,0.0,0.0,0.0,0.0
240847,2025-01-01T04:00:00.000000000,4.475,3.949,0.0,0.0,0.0,0.0
240847,2025-01-01T05:00:00.000000000,4.697,3.761,0.0,0.0,0.0,0.0
240847,2025-01-01T06:00:00.000000000,4.305,3.785,0.0,0.0,0.0,0.0
240847,2025-01-01T07:00:00.000000000,5.053,3.7039999999999997,0.0,0.0,0.0,0.0
240847,2025-01-01T08:00:00.000000000,4.65,3.1319999999999997,0.0,0.0,0.0,0.0
240847,2025-01-01T09:00:00.000000000,4.134,2.404,0.0,0.0,0.0,0.0
240847,2025-01-01T10:00:00.000000000,3.487,1.554,0.0,0.0,0.0,0.0
240847,2025-01-01T11:00:00.000000000,1.583,1.138,0.0,0.0,0.0,0.0
240847,2025-01-01T12:00:00.000000000,1.5939999999999999,1.05,0.0,0.0,0.0,0.0
240847,2025-01-01T13:00:00.000000000,3.009,1.127,0.0,0.0,0.0,0.0
240847,2025-01-01T14:00:00.000000000,1.79,1.1480000000000001,0.0,0.0,0.0,0.0
240847,2025-01-01T15:00:00.000000000,2.424,1.183,0.0,0.0,0.0,0.0
240847,2025-01-01T16:00:00.000000000,1.734,1.2850000000000001,0.0,0.0,0.0,0.0
240847,2025-01-01T17:00:00.000000000,2.274,1.7850000000000001,0.0,0.0,0.0,0.0
240847,2025-01-01T18:00:00.000000000,2.3810000000000002,1.899,0.0,0.0,0.0,0.0
240847,2025-01-01T19:00:00.000000000,4.2940000000000005,1.809,0.0,0.0,0.0,0.0
240847,2025-01-01T20:00:00.000000000,4.615,1.7309999999999999,0.0,0.0,0.0,0.0
240847,2025-01-01T21:00:00.000000000,4.996,2.082,0.0,0.0,0.0,0.0
240847,2025-01-01T22:00:00.000000000,4.66,2.484,0.0,0.0,0.0,0.0
240847,2025-01-01T23:00:00.000000000,3.6950000000000003,2.856,0.0,0.0,0.0,0.0
240847,2025-01-02T00:00:00.000000000,3.587,2.892,0.0,0.0,0.0,0.0
240847,2025-01-02T01:00:00.000000000,4.377,2.822,0.0,0.0,0.0,0.0
240847,2025-01-02T02:00:00.000000000,3.3,2.811,0.0,0.0,0.0,0.0
240847,2025-01-02T03:00:00.000000000,3.3560000000000003,2.867,0.0,0.0,0.0,0.0
240847,2025-01-02T04:00:00.000000000,3.202,2.7199999999999998,0.0,0.0,0.0,0.0
240847,2025-01-02T05:00:00.000000000,3.0180000000000002,2.5420000000000003,0.0,0.0,0.0,0.0
240847,2025-01-02T06:00:00.000000000,3.0,2.525,0.0,0.0,0.0,0.0
240847,2025-01-02T07:00:00.000000000,4.745,2.41,0.0,0.0,0.0,0.0
240847,2025-01-02T08:00:00.000000000,3.1639999999999997,1.94,0.0,0.0,0.0,0.0
240847,2025-01-02T09:00:00.000000000,2.8529999999999998,1.4029999999999998,0.0,0.0,0.0,0.0
240847,2025-01-02T10:00:00.000000000,1.676,1.23,0.0,0.0,0.0,0.0
240847,2025-01-02T11:00:00.000000000,1.452,1.008,0.0,0.0,0.0,0.0
240847,2025-01-02T12:00:00.000000000,1.432,0.886,0.0,0.0,0.0,0.0
240847,2025-01-02T13:00:00.000000000,2.13,0.835,0.0,0.0,0.0,0.0
240847,2025-01-02T14:00:00.000000000,1.265,0.819,0.0,0.0,0.0,0.0
240847,2025-01-02T15:00:00.000000000,1.241,0.796,0.0,0.0,0.0,0.0
240847,2025-01-02T16:00:00.000000000,1.2710000000000001,0.8220000000000001,0.0,0.0,0.0,0.0
240847,2025-01-02T17:00:00.000000000,1.802,0.865,0.0,0.0,0.0,0.0
240847,2025-01-02T18:00:00.000000000,2.09,0.7770000000000001,0.0,0.0,0.0,0.0
240847,2025-01-02T19:00:00.000000000,1.807,0.726,0.0,0.0,0.0,0.0
240847,2025-01-02T20:00:00.000000000,1.753,0.758,0.0,0.0,0.0,0.0
240847,2025-01-02T21:00:00.000000000,1.718,0.8,0.0,0.0,0.0,0.0
240847,2025-01-02T22:00:00.000000000,1.668,0.84,0.0,0.0,0.0,0.0
240847,2025-01-02T23:00:00.000000000,1.8050000000000002,0.944,0.0,0.0,0.0,0.0
240847,2025-01-03T00:00:00.000000000,3.062,0.9239999999999999,0.0,0.0,0.0,0.0
240847,2025-01-03T01:00:00.000000000,1.332,0.886,0.0,0.0,0.0,0.0
240847,2025-01-03T02:00:00.000000000,1.34,0.896,0.0,0.0,0.0,0.0
240847,2025-01-03T03:00:00.000000000,1.36,0.918,0.0,0.0,0.0,0.0
240847,2025-01-03T04:00:00.000000000,1.3559999999999999,0.915,0.0,0.0,0.0,0.0
240847,2025-01-03T05:00:00.000000000,1.378,0.938,0.0,0.0,0.0,0.0
240847,2025-01-03T06:00:00.000000000,1.6580000000000001,0.906,0.0,0.0,0.0,0.0
240847,2025-01-03T07:00:00.000000000,1.4600000000000002,0.913,0.0,0.0,0.0,0.0
240847,2025-01-03T08:00:00.000000000,1.356,0.909,0.0,0.0,0.0,0.0
240847,2025-01-03T09:00:00.000000000,1.286,0.8400000000000001,0.0,0.0,0.0,0.0
240847,2025-01-03T10:00:00.000000000,1.1749999999999998,0.7300000000000001,0.0,0.0,0.0,0.0
240847,2025-01-03T11:00:00.000000000,1.052,0.611,0.0,0.0,0.0,0.0
240847,2025-01-03T12:00:00.000000000,0.9279999999999999,0.483,0.0,0.0,0.0,0.0
240847,2025-01-03T13:00:00.000000000,0.679,0.233,0.0,0.0,0.0,0.0
240847,2025-01-03T14:00:00.000000000,0.633,0.18899999999999997,0.0,0.0,0.0,0.0
240847,2025-01-03T15:00:00.000000000,0.6739999999999999,0.231,0.0,0.0,0.0,0.0
240847,2025-01-03T16:00:00.000000000,0.8109999999999999,0.362,0.0,0.0,0.0,0.0
240847,2025-01-03T17:00:00.000000000,1.2349999999999999,0.542,0.0,0.0,0.0,0.0
240847,2025-01-03T18:00:00.000000000,1.3130000000000002,0.614,0.0,0.0,0.0,0.0
240847,2025-01-03T19:00:00.000000000,1.127,0.663,0.0,0.0,0.0,0.0
240847,2025-01-03T20:00:00.000000000,1.1989999999999998,0.734,0.0,0.0,0.0,0.0
240847,2025-01-03T21:00:00.000000000,1.77,0.75,0.0,0.0,0.0,0.0
240847,2025-01-03T22:00:00.000000000,2.036,0.8069999999999999,0.0,0.0,0.0,0.0
240847,2025-01-03T23:00:00.000000000,2.083,0.951,0.0,0.0,0.0,0.0
240847,2025-01-04T00:00:00.000000000,1.8210000000000002,1.021,0.0,0.0,0.0,0.0
240847,2025-01-04T01:00:00.000000000,1.522,1.074,0.0,0.0,0.0,0.0
240847,2025-01-04T02:00:00.000000000,1.73,1.08,0.0,0.0,0.0,0.0
240847,2025-01-04T03:00:00.000000000,1.95,1.094,0.0,0.0,0.0,0.0
240847,2025-01-04T04:00:00.000000000,1.691,1.085,0.0,0.0,0.0,0.0
240847,2025-01-04T05:00:00.000000000,1.5390000000000001,1.099,0.0,0.0,0.0,0.0
240847,2025-01-04T06:00:00.000000000,1.71,1.073,0.0,0.0,0.0,0.0
240847,2025-01-04T07:00:00.000000000,1.948,1.093,0.0,0.0,0.0,0.0
240847,2025-01-04T08:00:00.000000000,1.682,1.0870000000000002,0.0,0.0,0.0,0.0
240847,2025-01-04T09:00:00.000000000,1.408,0.961,0.0,0.0,0.0,0.0
240847,2025-01-04T10:00:00.000000000,1.224,0.7789999999999999,0.0,0.0,0.0,0.0
240847,2025-01-04T11:00:00.000000000,1.064,0.62,0.0,0.0,0.0,0.0
240847,2025-01-04T12:00:00.000000000,0.9259999999999999,0.48,0.0,0.0,0.0,0.0
240847,2025-01-04T13:00:00.000000000,0.846,0.402,0.0,0.0,0.0,0.0
240847,2025-01-04T14:00:00.000000000,0.788,0.343,0.0,0.0,0.0,0.0
240847,2025-01-04T15:00:00.000000000,0.8079999999999999,0.363,0.0,0.0,0.0,0.0
240847,2025-01-04T16:00:00.000000000,0.877,0.43,0.0,0.0,0.0,0.0
240847,2025-01-04T17:00:00.000000000,0.999,0.521,0.0,0.0,0.0,0.0
240847,2025-01-04T18:00:00.000000000,1.846,0.45399999999999996,0.0,0.0,0.0,0.0
240847,2025-01-04T19:00:00.000000000,1.5270000000000001,0.408,0.0,0.0,0.0,0.0
240847,2025-01-04T20:00:00.000000000,1.4169999999999998,0.42,0.0,0.0,0.0,0.0
240847,2025-01-04T21:00:00.000000000,1.377,0.45999999999999996,0.0,0.0,0.0,0.0
240847,2025-01-04T22:00:00.000000000,1.536,0.5880000000000001,0.0,0.0,0.0,0.0
240847,2025-01-04T23:00:00.000000000,1.5959999999999999,0.706,0.0,0.0,0.0,0.0
240847,2025-01-05T00:00:00.000000000,1.655,0.779,0.0,0.0,0.0,0.0
240847,2025-01-05T01:00:00.000000000,1.682,0.872,0.0,0.0,0.0,0.0
240847,2025-01-05T02:00:00.000000000,1.4929999999999999,1.048,0.0,0.0,0.0,0.0
240847,2025-01-05T03:00:00.000000000,1.7309999999999999,1.287,0.0,0.0,0.0,0.0
240847,2025-01-05T04:00:00.000000000,2.049,1.605,0.0,0.0,0.0,0.0
240847,2025-01-05T05:00:00.000000000,2.048,1.605,0.0,0.0,0.0,0.0
240847,2025-01-05T06:00:00.000000000,2.086,1.6409999999999998,0.0,0.0,0.0,0.0
240847,2025-01-05T07:00:00.000000000,2.118,1.6709999999999998,0.0,0.0,0.0,0.0
240847,2025-01-05T08:00:00.000000000,2.172,1.723,0.0,0.0,0.0,0.0
240847,2025-01-05T09:00:00.000000000,2.4139999999999997,1.6849999999999998,0.0,0.0,0.0,0.0
240847,2025-01-05T10:00:00.000000000,2.339,1.521,0.0,0.0,0.0,0.0
240847,2025-01-05T11:00:00.000000000,2.114,1.291,0.0,0.0,0.0,0.0
240847,2025-01-05T12:00:00.000000000,2.036,1.097,0.0,0.0,0.0,0.0
240847,2025-01-05T13:00:00.000000000,2.188,0.944,0.0,0.0,0.0,0.0
240847,2025-01-05T14:00:00.000000000,1.734,0.876,0.0,0.0,0.0,0.0
240847,2025-01-05T15:00:00.000000000,1.773,0.912,0.0,0.0,0.0,0.0
240847,2025-01-05T16:00:00.000000000,1.79,1.169,0.0,0.0,0.0,0.0
240847,2025-01-05T17:00:00.000000000,2.0780000000000003,1.5959999999999999,0.0,0.0,0.0,0.0
240847,2025-01-05T18:00:00.000000000,2.229,1.7550000000000001,0.0,0.0,0.0,0.0
240847,2025-01-05T19:00:00.000000000,2.414,1.9450000000000003,0.0,0.0,0.0,0.0
240847,2025-01-05T20:00:00.000000000,2.9970000000000003,2.136,0.0,0.0,0.0,0.0
240847,2025-01-05T21:00:00.000000000,3.2310000000000003,2.2929999999999997,0.0,0.0,0.0,0.0
240847,2025-01-05T22:00:00.000000000,3.2760000000000002,2.4269999999999996,0.0,0.0,0.0,0.0
240847,2025-01-05T23:00:00.000000000,4.063,2.8970000000000002,0.0,0.0,0.0,0.0
240847,2025-01-06T00:00:00.000000000,3.895,2.957,0.0,0.0,0.0,0.0
240847,2025-01-06T01:00:00.000000000,3.9059999999999997,3.012,0.0,0.0,0.0,0.0
240847,2025-01-06T02:00:00.000000000,4.217,3.3169999999999997,0.0,0.0,0.0,0.0
240847,2025-01-06T03:00:00.000000000,4.103999999999999,3.5940000000000003,0.0,0.0,0.0,0.0
240847,2025-01-06T04:00:00.000000000,4.1819999999999995,3.6700000000000004,0.0,0.0,0.0,0.0
240847,2025-01-06T05:00:00.000000000,4.301,3.786,0.0,0.0,0.0,0.0
240847,2025-01-06T06:00:00.000000000,4.531000000000001,4.004,0.0,0.0,0.0,0.0
240847,2025-01-06T07:00:00.000000000,4.523,3.9919999999999995,0.0,0.0,0.0,0.0
240847,2025-01-06T08:00:00.000000000,4.12,3.604,0.0,0.0,0.0,0.0
240847,2025-01-06T09:00:00.000000000,3.466,2.977,0.0,0.0,0.0,0.0
240847,2025-01-06T10:00:00.000000000,2.7910000000000004,2.147,0.0,0.0,0.0,0.0
240847,2025-01-06T11:00:00.000000000,2.419,1.596,0.0,0.0,0.0,0.0
240847,2025-01-06T12:00:00.000000000,2.067,1.233,0.0,0.0,0.0,0.0
240847,2025-01-06T13:00:00.000000000,2.0780000000000003,0.849,0.0,0.0,0.0,0.0
240847,2025-01-06T14:00:00.000000000,3.995,0.499,0.0,0.0,0.0,0.0
240847,2025-01-06T15:00:00.000000000,2.064,0.7849999999999999,0.0,0.0,0.0,0.0
240847,2025-01-06T16:00:00.000000000,11.837,2.6450000000000005,0.0,0.0,0.0,0.0
240847,2025-01-06T17:00:00.000000000,5.329,1.6869999999999998,0.0,0.0,0.0,0.0
240847,2025-01-06T18:00:00.000000000,2.923,1.4169999999999998,0.0,0.0,0.0,0.0
240847,2025-01-06T19:00:00.000000000,3.007,1.536,0.0,0.0,0.0,0.0
240847,2025-01-06T20:00:00.000000000,2.955,1.557,0.0,0.0,0.0,0.0
240847,2025-01-06T21:00:00.000000000,2.806,1.4809999999999999,0.0,0.0,0.0,0.0
240847,2025-01-06T22:00:00.000000000,2.362,1.469,0.0,0.0,0.0,0.0
240847,2025-01-06T23:00:00.000000000,2.577,2.0829999999999997,0.0,0.0,0.0,0.0
240847,2025-01-07T00:00:00.000000000,2.693,2.216,0.0,0.0,0.0,0.0
240847,2025-01-07T01:00:00.000000000,2.718,2.2489999999999997,0.0,0.0,0.0,0.0
240847,2025-01-07T02:00:00.000000000,2.958,2.4829999999999997,0.0,0.0,0.0,0.0
240847,2025-01-07T03:00:00.000000000,3.113,2.634,0.0,0.0,0.0,0.0
240847,2025-01-07T04:00:00.000000000,3.1590000000000003,2.68,0.0,0.0,0.0,0.0
240847,2025-01-07T05:00:00.000000000,3.5759999999999996,3.084,0.0,0.0,0.0,0.0
240847,2025-01-07T06:00:00.000000000,4.147,3.6300000000000003,0.0,0.0,0.0,0.0
240847,2025-01-07T07:00:00.000000000,3.818,3.056,0.0,0.0,0.0,0.0
240847,2025-01-07T08:00:00.000000000,4.013,2.738,0.0,0.0,0.0,0.0
240847,2025-01-07T09:00:00.000000000,3.223,2.319,0.0,0.0,0.0,0.0
240847,2025-01-07T10:00:00.000000000,2.305,1.4849999999999999,0.0,0.0,0.0,0.0
240847,2025-01-07T11:00:00.000000000,2.065,1.2429999999999999,0.0,0.0,0.0,0.0
240847,2025-01-07T12:00:00.000000000,1.9460000000000002,1.112,0.0,0.0,0.0,0.0
240847,2025-01-07T13:00:00.000000000,2.031,1.193,0.0,0.0,0.0,0.0
240847,2025-01-07T14:00:00.000000000,2.301,1.261,0.0,0.0,0.0,0.0
240847,2025-01-07T15:00:00.000000000,2.556,1.2790000000000001,0.0,0.0,0.0,0.0
240847,2025-01-07T16:00:00.000000000,2.347,1.355,0.0,0.0,0.0,0.0
240847,2025-01-07T17:00:00.000000000,2.6430000000000002,1.582,0.0,0.0,0.0,0.0
240847,2025-01-07T18:00:00.000000000,2.775,1.657,0.0,0.0,0.0,0.0
240847,2025-01-07T19:00:00.000000000,2.6950000000000003,1.6130000000000002,0.0,0.0,0.0,0.0
240847,2025-01-07T20:00:00.000000000,3.081,1.779,0.0,0.0,0.0,0.0
240847,2025-01-07T21:00:00.000000000,3.108,1.7930000000000001,0.0,0.0,0.0,0.0
240847,2025-01-07T22:00:00.000000000,3.6000000000000005,2.345,0.0,0.0,0.0,0.0
240847,2025-01-07T23:00:00.000000000,3.807,2.76,0.0,0.0,0.0,0.0
240847,2025-01-08T00:00:00.000000000,3.627,2.8099999999999996,0.0,0.0,0.0,0.0
240847,2025-01-08T01:00:00.000000000,3.112,2.636,0.0,0.0,0.0,0.0
240847,2025-01-08T02:00:00.000000000,3.312,2.8289999999999997,0.0,0.0,0.0,0.0
240847,2025-01-08T03:00:00.000000000,3.5450000000000004,3.057,0.0,0.0,0.0,0.0
240847,2025-01-08T04:00:00.000000000,3.134,2.66,0.0,0.0,0.0,0.0
240847,2025-01-08T05:00:00.000000000,3.156,2.6850000000000005,0.0,0.0,0.0,0.0
240847,2025-01-08T06:00:00.000000000,3.294,2.752,0.0,0.0,0.0,0.0
240847,2025-01-08T07:00:00.000000000,3.245,2.7659999999999996,0.0,0.0,0.0,0.0
240847,2025-01-08T08:00:00.000000000,3.105,2.628,0.0,0.0,0.0,0.0
240847,2025-01-08T09:00:00.000000000,2.692,2.2279999999999998,0.0,0.0,0.0,0.0
240847,2025-01-08T10:00:00.000000000,2.2110000000000003,1.7630000000000001,0.0,0.0,0.0,0.0
240847,2025-01-08T11:00:00.000000000,1.9040000000000001,1.459,0.0,0.0,0.0,0.0
240847,2025-01-08T12:00:00.000000000,1.92,1.158,0.0,0.0,0.0,0.0
240847,2025-01-08T13:00:00.000000000,1.4569999999999999,0.876,0.0,0.0,0.0,0.0
240847,2025-01-08T14:00:00.000000000,1.548,0.8089999999999999,0.0,0.0,0.0,0.0
240847,2025-01-08T15:00:00.000000000,2.0469999999999997,0.7859999999999999,0.0,0.0,0.0,0.0
240847,2025-01-08T16:00:00.000000000,2.1260000000000003,1.051,0.0,0.0,0.0,0.0
240847,2025-01-08T17:00:00.000000000,2.561,1.416,0.0,0.0,0.0,0.0
240847,2025-01-08T18:00:00.000000000,2.5970000000000004,1.477,0.0,0.0,0.0,0.0
240847,2025-01-08T19:00:00.000000000,2.7070000000000003,1.6239999999999999,0.0,0.0,0.0,0.0
240847,2025-01-08T20:00:00.000000000,2.8049999999999997,1.804,0.0,0.0,0.0,0.0
240847,2025-01-08T21:00:00.000000000,2.859,1.9329999999999998,0.0,0.0,0.0,0.0
240847,2025-01-08T22:00:00.000000000,2.924,1.988,0.0,0.0,0.0,0.0
240847,2025-01-08T23:00:00.000000000,3.092,2.118,0.0,0.0,0.0,0.0
240847,2025-01-09T00:00:00.000000000,2.8529999999999998,1.9829999999999999,0.0,0.0,0.0,0.0
240847,2025-01-09T01:00:00.000000000,2.3819999999999997,1.8860000000000001,0.0,0.0,0.0,0.0
240847,2025-01-09T02:00:00.000000000,2.287,1.838,0.0,0.0,0.0,0.0
240847,2025-01-09T03:00:00.000000000,2.252,1.806,0.0,0.0,0.0,0.0
240847,2025-01-09T04:00:00.000000000,2.2150000000000003,1.771,0.0,0.0,0.0,0.0
240847,2025-01-09T05:00:00.000000000,2.162,1.718,0.0,0.0,0.0,0.0
240847,2025-01-09T06:00:00.000000000,2.181,1.737,0.0,0.0,0.0,0.0
240847,2025-01-09T07:00:00.000000000,2.465,1.6869999999999998,0.0,0.0,0.0,0.0
240847,2025-01-09T08:00:00.000000000,2.186,1.5469999999999997,0.0,0.0,0.0,0.0
240847,2025-01-09T09:00:00.000000000,2.215,1.377,0.0,0.0,0.0,0.0
240847,2025-01-09T10:00:00.000000000,1.6470000000000002,1.202,0.0,0.0,0.0,0.0
240847,2025-01-09T11:00:00.000000000,1.369,0.9259999999999999,0.0,0.0,0.0,0.0
240847,2025-01-09T12:00:00.000000000,1.03,0.585,0.0,0.0,0.0,0.0
240847,2025-01-09T13:00:00.000000000,0.75,0.304,0.0,0.0,0.0,0.0
240847,2025-01-09T14:00:00.000000000,1.141,0.28200000000000003,0.0,0.0,0.0,0.0
240847,2025-01-09T15:00:00.000000000,7.459,0.8140000000000001,0.0,0.0,0.0,0.0
240847,2025-01-09T16:00:00.000000000,6.051,0.985,0.0,0.0,0.0,0.0
240847,2025-01-09T17:00:00.000000000,1.343,0.864,0.0,0.0,0.0,0.0
240847,2025-01-09T18:00:00.000000000,1.552,1.081,0.0,0.0,0.0,0.0
240847,2025-01-09T19:00:00.000000000,1.932,1.3659999999999999,0.0,0.0,0.0,0.0
240847,2025-01-09T20:00:00.000000000,2.322,1.458,0.0,0.0,0.0,0.0
240847,2025-01-09T21:00:00.000000000,2.7779999999999996,1.466,0.0,0.0,0.0,0.0
240847,2025-01-09T22:00:00.000000000,2.364,1.5339999999999998,0.0,0.0,0.0,0.0
240847,2025-01-09T23:00:00.000000000,2.471,1.742,0.0,0.0,0.0,0.0
240847,2025-01-10T00:00:00.000000000,2.298,1.833,0.0,0.0,0.0,0.0
240847,2025-01-10T01:00:00.000000000,2.3169999999999997,1.8609999999999998,0.0,0.0,0.0,0.0
240847,2025-01-10T02:00:00.000000000,2.3529999999999998,1.898,0.0,0.0,0.0,0.0
240847,2025-01-10T03:00:00.000000000,2.2929999999999997,1.8410000000000002,0.0,0.0,0.0,0.0
240847,2025-01-10T04:00:00.000000000,2.613,1.8319999999999999,0.0,0.0,0.0,0.0
240847,2025-01-10T05:00:00.000000000,2.6620000000000004,1.776,0.0,0.0,0.0,0.0
240847,2025-01-10T06:00:00.000000000,2.104,1.6560000000000001,0.0,0.0,0.0,0.0
240847,2025-01-10T07:00:00.000000000,1.903,1.455,0.0,0.0,0.0,0.0
240847,2025-01-10T08:00:00.000000000,1.869,1.42,0.0,0.0,0.0,0.0
240847,2025-01-10T09:00:00.000000000,1.794,1.346,0.0,0.0,0.0,0.0
240847,2025-01-10T10:00:00.000000000,1.7189999999999999,1.2730000000000001,0.0,0.0,0.0,0.0
240847,2025-01-10T11:00:00.000000000,1.6360000000000001,1.192,0.0,0.0,0.0,0.0
240847,2025-01-10T12:00:00.000000000,1.826,1.172,0.0,0.0,0.0,0.0
240847,2025-01-10T13:00:00.000000000,1.894,1.179,0.0,0.0,0.0,0.0
240847,2025-01-10T14:00:00.000000000,1.664,1.2169999999999999,0.0,0.0,0.0,0.0
240847,2025-01-10T15:00:00.000000000,1.708,1.262,0.0,0.0,0.0,0.0
240847,2025-01-10T16:00:00.000000000,2.0460000000000003,1.227,0.0,0.0,0.0,0.0
240847,2025-01-10T17:00:00.000000000,2.022,1.268,0.0,0.0,0.0,0.0
240847,2025-01-10T18:00:00.000000000,1.588,1.116,0.0,0.0,0.0,0.0
240847,2025-01-10T19:00:00.000000000,1.3729999999999998,0.909,0.0,0.0,0.0,0.0
240847,2025-01-10T20:00:00.000000000,1.416,0.95,0.0,0.0,0.0,0.0
240847,2025-01-10T21:00:00.000000000,2.019,0.9229999999999999,0.0,0.0,0.0,0.0
240847,2025-01-10T22:00:00.000000000,1.918,0.897,0.0,0.0,0.0,0.0
240847,2025-01-10T23:00:00.000000000,1.588,1.025,0.0,0.0,0.0,0.0
240847,2025-01-11T00:00:00.000000000,1.5450000000000002,1.088,0.0,0.0,0.0,0.0
240847,2025-01-11T01:00:00.000000000,1.573,1.125,0.0,0.0,0.0,0.0
240847,2025-01-11T02:00:00.000000000,1.6179999999999999,1.172,0.0,0.0,0.0,0.0
240847,2025-01-11T03:00:00.000000000,1.645,1.201,0.0,0.0,0.0,0.0
240847,2025-01-11T04:00:00.000000000,1.6489999999999998,1.208,0.0,0.0,0.0,0.0
240847,2025-01-11T05:00:00.000000000,2.221,1.287,0.0,0.0,0.0,0.0
240847,2025-01-11T06:00:00.000000000,2.2749999999999995,1.218,0.0,0.0,0.0,0.0
240847,2025-01-11T07:00:00.000000000,2.386,1.23,0.0,0.0,0.0,0.0
240847,2025-01-11T08:00:00.000000000,2.271,1.146,0.0,0.0,0.0,0.0
240847,2025-01-11T09:00:00.000000000,2.0380000000000003,0.996,0.0,0.0,0.0,0.0
240847,2025-01-11T10:00:00.000000000,1.6589999999999998,0.8049999999999999,0.0,0.0,0.0,0.0
240847,2025-01-11T11:00:00.000000000,1.508,0.659,0.0,0.0,0.0,0.0
240847,2025-01-11T12:00:00.000000000,1.496,0.642,0.0,0.0,0.0,0.0
240847,2025-01-11T13:00:00.000000000,1.45,0.641,0.0,0.0,0.0,0.0
240847,2025-01-11T14:00:00.000000000,1.13,0.683,0.0,0.0,0.0,0.0
240847,2025-01-11T15:00:00.000000000,1.127,0.681,0.0,0.0,0.0,0.0
240847,2025-01-11T16:00:00.000000000,1.235,0.7859999999999999,0.0,0.0,0.0,0.0
240847,2025-01-11T17:00:00.000000000,1.512,1.034,0.0,0.0,0.0,0.0
240847,2025-01-11T18:00:00.000000000,1.581,1.108,0.0,0.0,0.0,0.0
240847,2025-01-11T19:00:00.000000000,1.754,1.184,0.0,0.0,0.0,0.0
240847,2025-01-11T20:00:00.000000000,2.5620000000000003,1.303,0.0,0.0,0.0,0.0
240847,2025-01-11T21:00:00.000000000,2.891,1.275,0.0,0.0,0.0,0.0
240847,2025-01-11T22:00:00.000000000,2.798,1.335,0.0,0.0,0.0,0.0
240847,2025-01-11T23:00:00.000000000,2.042,1.564,0.0,0.0,0.0,0.0
240847,2025-01-12T00:00:00.000000000,2.418,1.556,0.0,0.0,0.0,0.0
240847,2025-01-12T01:00:00.000000000,2.229,1.51,0.0,0.0,0.0,0.0
240847,2025-01-12T02:00:00.000000000,1.976,1.5300000000000002,0.0,0.0,0.0,0.0
240847,2025-01-12T03:00:00.000000000,2.037,1.592,0.0,0.0,0.0,0.0
240847,2025-01-12T04:00:00.000000000,2.096,1.6529999999999998,0.0,0.0,0.0,0.0
240847,2025-01-12T05:00:00.000000000,2.375,1.692,0.0,0.0,0.0,0.0
240847,2025-01-12T06:00:00.000000000,2.741,1.661,0.0,0.0,0.0,0.0
240847,2025-01-12T07:00:00.000000000,2.8,1.62,0.0,0.0,0.0,0.0
240847,2025-01-12T08:00:00.000000000,2.806,1.589,0.0,0.0,0.0,0.0
240847,2025-01-12T09:00:00.000000000,6.538,1.848,0.0,0.0,0.0,0.0
240847,2025-01-12T10:00:00.000000000,9.904,2.035,0.0,0.0,0.0,0.0
240847,2025-01-12T11:00:00.000000000,2.335,1.115,0.0,0.0,0.0,0.0
240847,2025-01-12T12:00:00.000000000,2.0550000000000006,0.942,0.0,0.0,0.0,0.0
240847,2025-01-12T13:00:00.000000000,1.2510000000000001,0.804,0.0,0.0,0.0,0.0
240847,2025-01-12T14:00:00.000000000,1.172,0.726,0.0,0.0,0.0,0.0
240847,2025-01-12T15:00:00.000000000,1.183,0.7390000000000001,0.0,0.0,0.0,0.0
240847,2025-01-12T16:00:00.000000000,1.731,0.977,0.0,0.0,0.0,0.0
240847,2025-01-12T17:00:00.000000000,2.17,1.317,0.0,0.0,0.0,0.0
240847,2025-01-12T18:00:00.000000000,1.9569999999999999,1.486,0.0,0.0,0.0,0.0
240847,2025-01-12T19:00:00.000000000,3.2560000000000002,1.512,0.0,0.0,0.0,0.0
240847,2025-01-12T20:00:00.000000000,3.3430000000000004,1.523,0.0,0.0,0.0,0.0
240847,2025-01-12T21:00:00.000000000,2.595,1.673,0.0,0.0,0.0,0.0
240847,2025-01-12T22:00:00.000000000,2.3280000000000003,1.7550000000000001,0.0,0.0,0.0,0.0
240847,2025-01-12T23:00:00.000000000,2.441,1.9569999999999999,0.0,0.0,0.0,0.0
240847,2025-01-13T00:00:00.000000000,2.3419999999999996,1.8820000000000001,0.0,0.0,0.0,0.0
240847,2025-01-13T01:00:00.000000000,2.291,1.842,0.0,0.0,0.0,0.0
240847,2025-01-13T02:00:00.000000000,2.36,1.911,0.0,0.0,0.0,0.0
240847,2025-01-13T03:00:00.000000000,2.447,1.997,0.0,0.0,0.0,0.0
240847,2025-01-13T04:00:00.000000000,2.344,1.897,0.0,0.0,0.0,0.0
240847,2025-01-13T05:00:00.000000000,2.499,1.9480000000000002,0.0,0.0,0.0,0.0
240847,2025-01-13T06:00:00.000000000,3.165,2.096,0.0,0.0,0.0,0.0
240847,2025-01-13T07:00:00.000000000,3.18,2.121,0.0,0.0,0.0,0.0
240847,2025-01-13T08:00:00.000000000,3.112,2.2769999999999997,0.0,0.0,0.0,0.0
240847,2025-01-13T09:00:00.000000000,3.249,2.4029999999999996,0.0,0.0,0.0,0.0
240847,2025-01-13T10:00:00.000000000,3.4619999999999997,2.612,0.0,0.0,0.0,0.0
240847,2025-01-13T11:00:00.000000000,3.478,2.622,0.0,0.0,0.0,0.0
240847,2025-01-13T12:00:00.000000000,4.0329999999999995,2.758,0.0,0.0,0.0,0.0
240847,2025-01-13T13:00:00.000000000,4.1770000000000005,2.8869999999999996,0.0,0.0,0.0,0.0
240847,2025-01-13T14:00:00.000000000,3.866,2.9720000000000004,0.0,0.0,0.0,0.0
240847,2025-01-13T15:00:00.000000000,4.420999999999999,3.12,0.0,0.0,0.0,0.0
240847,2025-01-13T16:00:00.000000000,4.545999999999999,3.364,0.0,0.0,0.0,0.0
240847,2025-01-13T17:00:00.000000000,10.468,5.4399999999999995,0.068,0.0,0.0,0.0
240847,2025-01-13T18:00:00.000000000,19.026,7.918000000000001,0.025,0.0,0.0,0.0
240847,2025-01-13T19:00:00.000000000,5.184,3.643,0.0,0.0,0.0,0.0
240847,2025-01-13T20:00:00.000000000,5.121,3.662,0.0,0.0,0.0,0.0
240847,2025-01-13T21:00:00.000000000,5.259,3.878,0.0,0.0,0.0,0.0
240847,2025-01-13T22:00:00.000000000,5.425000000000001,4.359,0.0,0.0,0.0,0.0
240847,2025-01-13T23:00:00.000000000,5.734999999999999,4.865,0.0,0.0,0.0,0.0
240847,2025-01-14T00:00:00.000000000,5.578,4.997999999999999,0.0,0.0,0.0,0.0
240847,2025-01-14T01:00:00.000000000,6.134,5.539,0.0,0.0,0.0,0.0
240847,2025-01-14T02:00:00.000000000,6.213,5.614999999999999,0.0,0.0,0.0,0.0
240847,2025-01-14T03:00:00.000000000,6.4079999999999995,5.8020000000000005,0.0,0.0,0.0,0.0
240847,2025-01-14T04:00:00.000000000,6.53,5.92,0.0,0.0,0.0,0.0
240847,2025-01-14T05:00:00.000000000,6.742,6.120000000000001,0.0,0.0,0.0,0.0
240847,2025-01-14T06:00:00.000000000,6.894,6.263,0.0,0.0,0.0,0.0
240847,2025-01-14T07:00:00.000000000,7.021,6.382,0.0,0.0,0.0,0.0
240847,2025-01-14T08:00:00.000000000,23.000999999999998,7.923000000000001,5.194000000000001,0.0,0.0,0.0
240847,2025-01-14T09:00:00.000000000,10.904,6.322,1.297,0.0,0.0,0.0
240847,2025-01-14T10:00:00.000000000,7.518999999999999,5.486000000000001,0.0,0.0,0.0,0.0
240847,2025-01-14T11:00:00.000000000,5.793,4.757,0.0,0.0,0.0,0.0
240847,2025-01-14T12:00:00.000000000,7.0409999999999995,4.061999999999999,0.0,0.0,0.0,0.0
240847,2025-01-14T13:00:00.000000000,4.65,3.5519999999999996,0.0,0.0,0.0,0.0
240847,2025-01-14T14:00:00.000000000,5.289999999999999,3.42,0.0,0.0,0.0,0.0
240847,2025-01-14T15:00:00.000000000,4.605,3.392,0.0,0.0,0.0,0.0
240847,2025-01-14T16:00:00.000000000,5.470999999999999,3.83,0.0,0.0,0.0,0.0
240847,2025-01-14T17:00:00.000000000,6.183000000000001,4.712,0.0,0.0,0.0,0.0
240847,2025-01-14T18:00:00.000000000,6.757999999999999,4.82,0.0,0.0,0.0,0.0
240847,2025-01-14T19:00:00.000000000,6.229,5.017,0.0,0.0,0.0,0.0
240847,2025-01-14T20:00:00.000000000,6.416,5.276999999999999,0.0,0.0,0.0,0.0
240847,2025-01-14T21:00:00.000000000,6.756,5.488,0.0,0.0,0.0,0.0
240847,2025-01-14T22:00:00.000000000,7.216,5.928,0.0,0.0,0.0,0.0
240847,2025-01-14T23:00:00.000000000,7.364,6.68,0.0,0.0,0.0,0.0
240847,2025-01-15T00:00:00.000000000,7.585000000000001,6.907,0.0,0.0,0.0,0.0
240847,2025-01-15T01:00:00.000000000,7.506,6.841,0.0,0.0,0.0,0.0
240847,2025-01-15T02:00:00.000000000,8.123000000000001,6.804,0.0,0.0,0.0,0.0
240847,2025-01-15T03:00:00.000000000,7.694999999999999,7.019,0.0,0.0,0.0,0.0
240847,2025-01-15T04:00:00.000000000,7.689,7.0120000000000005,0.0,0.0,0.0,0.0
240847,2025-01-15T05:00:00.000000000,7.972999999999999,7.28,0.0,0.0,0.0,0.0
240847,2025-01-15T06:00:00.000000000,9.133000000000001,7.416,0.159,0.0,0.0,0.0
240847,2025-01-15T07:00:00.000000000,9.161999999999999,7.301,0.049,0.0,0.0,0.0
240847,2025-01-15T08:00:00.000000000,7.701,6.935,0.0,0.0,0.0,0.0
240847,2025-01-15T09:00:00.000000000,7.066,6.421,0.0,0.0,0.0,0.0
240847,2025-01-15T10:00:00.000000000,6.344,5.734,0.0,0.0,0.0,0.0
240847,2025-01-15T11:00:00.000000000,5.4750000000000005,4.813,0.0,0.0,0.0,0.0
240847,2025-01-15T12:00:00.000000000,5.276999999999999,3.945,0.0,0.0,0.0,0.0
240847,2025-01-15T13:00:00.000000000,3.601,3.106,0.0,0.0,0.0,0.0
240847,2025-01-15T14:00:00.000000000,3.143,2.6660000000000004,0.0,0.0,0.0,0.0
240847,2025-01-15T15:00:00.000000000,3.072,2.599,0.0,0.0,0.0,0.0
240847,2025-01-15T16:00:00.000000000,3.621,3.0269999999999997,0.0,0.0,0.0,0.0
240847,2025-01-15T17:00:00.000000000,5.5280000000000005,3.8819999999999997,0.0,0.0,0.0,0.0
240847,2025-01-15T18:00:00.000000000,5.62,4.395999999999999,0.0,0.0,0.0,0.0
240847,2025-01-15T19:00:00.000000000,6.078000000000001,4.867999999999999,0.0,0.0,0.0,0.0
240847,2025-01-15T20:00:00.000000000,6.455,5.306,0.0,0.0,0.0,0.0
240847,2025-01-15T21:00:00.000000000,7.254,5.6419999999999995,0.0,0.0,0.0,0.0
240847,2025-01-15T22:00:00.000000000,10.964,6.145,0.0,0.0,0.0,0.0
240847,2025-01-15T23:00:00.000000000,8.605,6.892,0.0,0.0,0.0,0.0
240847,2025-01-16T00:00:00.000000000,7.225,6.553,0.0,0.0,0.0,0.0
240847,2025-01-16T01:00:00.000000000,7.067,6.112,0.0,0.0,0.0,0.0
240847,2025-01-16T02:00:00.000000000,6.6419999999999995,6.013999999999999,0.0,0.0,0.0,0.0
240847,2025-01-16T03:00:00.000000000,5.6240000000000006,5.050000000000001,0.0,0.0,0.0,0.0
240847,2025-01-16T04:00:00.000000000,4.336,3.819,0.0,0.0,0.0,0.0
240847,2025-01-16T05:00:00.000000000,4.177,3.668,0.0,0.0,0.0,0.0
240847,2025-01-16T06:00:00.000000000,4.118,3.5140000000000002,0.0,0.0,0.0,0.0
240847,2025-01-16T07:00:00.000000000,5.306,3.1079999999999997,0.0,0.0,0.0,0.0
240847,2025-01-16T08:00:00.000000000,4.5600000000000005,2.7969999999999997,0.0,0.0,0.0,0.0
240847,2025-01-16T09:00:00.000000000,3.1689999999999996,2.6830000000000003,0.0,0.0,0.0,0.0
240847,2025-01-16T10:00:00.000000000,2.558,2.095,0.0,0.0,0.0,0.0
240847,2025-01-16T11:00:00.000000000,2.067,1.3319999999999999,0.0,0.0,0.0,0.0
240847,2025-01-16T12:00:00.000000000,2.0420000000000003,0.9299999999999999,0.0,0.0,0.0,0.0
240847,2025-01-16T13:00:00.000000000,1.104,0.657,0.0,0.0,0.0,0.0
240847,2025-01-16T14:00:00.000000000,0.998,0.551,0.0,0.0,0.0,0.0
240847,2025-01-16T15:00:00.000000000,1.032,0.5880000000000001,0.0,0.0,0.0,0.0
240847,2025-01-16T16:00:00.000000000,1.298,0.849,0.0,0.0,0.0,0.0
240847,2025-01-16T17:00:00.000000000,1.728,1.2469999999999999,0.0,0.0,0.0,0.0
240847,2025-01-16T18:00:00.000000000,1.883,1.4099999999999997,0.0,0.0,0.0,0.0
240847,2025-01-16T19:00:00.000000000,2.349,1.581,0.0,0.0,0.0,0.0
240847,2025-01-16T20:00:00.000000000,2.3469999999999995,1.8780000000000001,0.0,0.0,0.0,0.0
240847,2025-01-16T21:00:00.000000000,2.8209999999999997,2.127,0.0,0.0,0.0,0.0
240847,2025-01-16T22:00:00.000000000,3.666,2.596,0.0,0.0,0.0,0.0
240847,2025-01-16T23:00:00.000000000,3.792,3.263,0.0,0.0,0.0,0.0
240847,2025-01-17T00:00:00.000000000,4.538,3.809,0.0,0.0,0.0,0.0
240847,2025-01-17T01:00:00.000000000,5.276,4.327,0.0,0.0,0.0,0.0
240847,2025-01-17T02:00:00.000000000,5.520999999999999,4.952999999999999,0.0,0.0,0.0,0.0
240847,2025-01-17T03:00:00.000000000,6.3500000000000005,5.7490000000000006,0.0,0.0,0.0,0.0
240847,2025-01-17T04:00:00.000000000,6.936,6.3069999999999995,0.0,0.0,0.0,0.0
240847,2025-01-17T05:00:00.000000000,7.529,6.873,0.0,0.0,0.0,0.0
240847,2025-01-17T06:00:00.000000000,7.837,7.063000000000001,0.0,0.0,0.0,0.0
240847,2025-01-17T07:00:00.000000000,9.847,7.416,0.44800000000000006,0.0,0.0,0.0
240847,2025-01-17T08:00:00.000000000,9.626,7.416,0.9490000000000001,0.0,0.0,0.0
240847,2025-01-17T09:00:00.000000000,10.065,7.216,0.17500000000000002,0.0,0.0,0.0
240847,2025-01-17T10:00:00.000000000,7.018000000000001,6.3759999999999994,0.0,0.0,0.0,0.0
240847,2025-01-17T11:00:00.000000000,6.505999999999999,5.892,0.0,0.0,0.0,0.0
240847,2025-01-17T12:00:00.000000000,5.657,4.984999999999999,0.0,0.0,0.0,0.0
240847,2025-01-17T13:00:00.000000000,6.897,3.921,0.0,0.0,0.0,0.0
240847,2025-01-17T14:00:00.000000000,4.0489999999999995,3.537,0.0,0.0,0.0,0.0
240847,2025-01-17T15:00:00.000000000,3.9219999999999997,3.416,0.0,0.0,0.0,0.0
240847,2025-01-17T16:00:00.000000000,4.128,3.6100000000000003,0.0,0.0,0.0,0.0
240847,2025-01-17T17:00:00.000000000,5.047000000000001,4.464,0.0,0.0,0.0,0.0
240847,2025-01-17T18:00:00.000000000,5.513,4.919,0.0,0.0,0.0,0.0
240847,2025-01-17T19:00:00.000000000,5.7780000000000005,5.178000000000001,0.0,0.0,0.0,0.0
240847,2025-01-17T20:00:00.000000000,6.37,5.741,0.0,0.0,0.0,0.0
240847,2025-01-17T21:00:00.000000000,9.134,5.48,0.0,0.0,0.0,0.0
240847,2025-01-17T22:00:00.000000000,11.294999999999998,5.577,0.0,0.0,0.0,0.0
240847,2025-01-17T23:00:00.000000000,8.331999999999999,6.662,0.0,0.0,0.0,0.0
240847,2025-01-18T00:00:00.000000000,7.65,6.962,0.0,0.0,0.0,0.0
240847,2025-01-18T01:00:00.000000000,8.216000000000001,7.1080000000000005,0.0,0.0,0.0,0.0
240847,2025-01-18T02:00:00.000000000,7.787,7.098999999999999,0.0,0.0,0.0,0.0
240847,2025-01-18T03:00:00.000000000,7.882,7.192,0.0,0.0,0.0,0.0
240847,2025-01-18T04:00:00.000000000,8.552,7.317,0.156,0.0,0.0,0.0
240847,2025-01-18T05:00:00.000000000,8.632,7.252,0.6839999999999999,0.0,0.0,0.0
240847,2025-01-18T06:00:00.000000000,9.235999999999999,7.252,0.7689999999999999,0.0,0.0,0.0
240847,2025-01-18T07:00:00.000000000,9.979,7.301,0.372,0.0,0.0,0.0
240847,2025-01-18T08:00:00.000000000,7.9319999999999995,6.863,0.0,0.0,0.0,0.0
240847,2025-01-18T09:00:00.000000000,6.839,6.1160000000000005,0.0,0.0,0.0,0.0
240847,2025-01-18T10:00:00.000000000,5.606999999999999,5.0329999999999995,0.0,0.0,0.0,0.0
240847,2025-01-18T11:00:00.000000000,4.906000000000001,3.899,0.0,0.0,0.0,0.0
240847,2025-01-18T12:00:00.000000000,3.5869999999999997,3.0940000000000003,0.0,0.0,0.0,0.0
240847,2025-01-18T13:00:00.000000000,2.8890000000000002,2.4210000000000003,0.0,0.0,0.0,0.0
240847,2025-01-18T14:00:00.000000000,2.849,2.108,0.0,0.0,0.0,0.0
240847,2025-01-18T15:00:00.000000000,2.872,2.0060000000000002,0.0,0.0,0.0,0.0
240847,2025-01-18T16:00:00.000000000,3.177,2.356,0.0,0.0,0.0,0.0
240847,2025-01-18T17:00:00.000000000,3.763,3.23,0.0,0.0,0.0,0.0
240847,2025-01-18T18:00:00.000000000,5.946,3.339,0.0,0.0,0.0,0.0
240847,2025-01-18T19:00:00.000000000,5.673,3.6149999999999998,0.0,0.0,0.0,0.0
240847,2025-01-18T20:00:00.000000000,7.082,4.281,0.0,0.0,0.0,0.0
240847,2025-01-18T21:00:00.000000000,5.7989999999999995,4.759,0.0,0.0,0.0,0.0
240847,2025-01-18T22:00:00.000000000,6.239,5.023,0.0,0.0,0.0,0.0
240847,2025-01-18T23:00:00.000000000,6.211,5.555000000000001,0.0,0.0,0.0,0.0
240847,2025-01-19T00:00:00.000000000,6.051,5.445,0.0,0.0,0.0,0.0
240847,2025-01-19T01:00:00.000000000,6.081,5.482,0.0,0.0,0.0,0.0
240847,2025-01-19T02:00:00.000000000,6.428999999999999,5.811999999999999,0.0,0.0,0.0,0.0
240847,2025-01-19T03:00:00.000000000,6.706,6.077,0.0,0.0,0.0,0.0
240847,2025-01-19T04:00:00.000000000,7.246,6.151999999999999,0.0,0.0,0.0,0.0
240847,2025-01-19T05:00:00.000000000,7.03,6.306,0.0,0.0,0.0,0.0
240847,2025-01-19T06:00:00.000000000,7.1930000000000005,6.542,0.0,0.0,0.0,0.0
240847,2025-01-19T07:00:00.000000000,9.583,6.489,0.0,0.0,0.0,0.0
240847,2025-01-19T08:00:00.000000000,7.7410000000000005,5.917000000000001,0.0,0.0,0.0,0.0
240847,2025-01-19T09:00:00.000000000,6.0249999999999995,5.341,0.0,0.0,0.0,0.0
240847,2025-01-19T10:00:00.000000000,5.231,4.675,0.0,0.0,0.0,0.0
240847,2025-01-19T11:00:00.000000000,5.981999999999999,3.773,0.0,0.0,0.0,0.0
240847,2025-01-19T12:00:00.000000000,4.268,2.9699999999999998,0.0,0.0,0.0,0.0
240847,2025-01-19T13:00:00.000000000,2.6750000000000003,2.113,0.0,0.0,0.0,0.0
240847,2025-01-19T14:00:00.000000000,2.2,1.752,0.0,0.0,0.0,0.0
240847,2025-01-19T15:00:00.000000000,2.154,1.708,0.0,0.0,0.0,0.0
240847,2025-01-19T16:00:00.000000000,2.467,2.01,0.0,0.0,0.0,0.0
240847,2025-01-19T17:00:00.000000000,3.503,2.98,0.0,0.0,0.0,0.0
240847,2025-01-19T18:00:00.000000000,3.955,3.424,0.0,0.0,0.0,0.0
240847,2025-01-19T19:00:00.000000000,4.438,3.8939999999999997,0.0,0.0,0.0,0.0
240847,2025-01-19T20:00:00.000000000,5.484999999999999,4.383000000000001,0.0,0.0,0.0,0.0
240847,2025-01-19T21:00:00.000000000,6.476,4.7010000000000005,0.0,0.0,0.0,0.0
240847,2025-01-19T22:00:00.000000000,5.878,5.167,0.0,0.0,0.0,0.0
240847,2025-01-19T23:00:00.000000000,7.388,6.07,0.0,0.0,0.0,0.0
240847,2025-01-20T00:00:00.000000000,6.822,5.9350000000000005,0.0,0.0,0.0,0.0
240847,2025-01-20T01:00:00.000000000,7.4910000000000005,5.829,0.0,0.0,0.0,0.0
240847,2025-01-20T02:00:00.000000000,6.429,5.811,0.0,0.0,0.0,0.0
240847,2025-01-20T03:00:00.000000000,6.666,6.038,0.0,0.0,0.0,0.0
240847,2025-01-20T04:00:00.000000000,6.984999999999999,6.340999999999999,0.0,0.0,0.0,0.0
240847,2025-01-20T05:00:00.000000000,7.3100000000000005,6.647,0.0,0.0,0.0,0.0
240847,2025-01-20T06:00:00.000000000,7.508,6.377,0.0,0.0,0.0,0.0
240847,2025-01-20T07:00:00.000000000,6.61,5.984,0.0,0.0,0.0,0.0
240847,2025-01-20T08:00:00.000000000,5.763999999999999,5.18,0.0,0.0,0.0,0.0
240847,2025-01-20T09:00:00.000000000,5.424,4.214,0.0,0.0,0.0,0.0
240847,2025-01-20T10:00:00.000000000,4.703,3.6260000000000003,0.0,0.0,0.0,0.0
240847,2025-01-20T11:00:00.000000000,4.199,3.3209999999999997,0.0,0.0,0.0,0.0
240847,2025-01-20T12:00:00.000000000,4.426,3.001,0.0,0.0,0.0,0.0
240847,2025-01-20T13:00:00.000000000,3.6790000000000003,2.8069999999999995,0.0,0.0,0.0,0.0
240847,2025-01-20T14:00:00.000000000,4.249,2.689,0.0,0.0,0.0,0.0
240847,2025-01-20T15:00:00.000000000,8.841000000000001,3.649,0.0,0.0,0.0,0.0
240847,2025-01-20T16:00:00.000000000,14.682000000000002,5.076999999999999,0.0,0.0,0.0,0.0
240847,2025-01-20T17:00:00.000000000,5.526,3.371,0.0,0.0,0.0,0.0
240847,2025-01-20T18:00:00.000000000,4.927,3.453,0.0,0.0,0.0,0.0
240847,2025-01-20T19:00:00.000000000,5.103,3.6310000000000002,0.0,0.0,0.0,0.0
240847,2025-01-20T20:00:00.000000000,5.335,3.755,0.0,0.0,0.0,0.0
240847,2025-01-20T21:00:00.000000000,4.941,3.674,0.0,0.0,0.0,0.0
240847,2025-01-20T22:00:00.000000000,4.394,3.667,0.0,0.0,0.0,0.0
240847,2025-01-20T23:00:00.000000000,5.269,4.33,0.0,0.0,0.0,0.0
240847,2025-01-21T00:00:00.000000000,5.019,4.459,0.0,0.0,0.0,0.0
240847,2025-01-21T01:00:00.000000000,5.201,4.643,0.0,0.0,0.0,0.0
240847,2025-01-21T02:00:00.000000000,5.365,4.802,0.0,0.0,0.0,0.0
240847,2025-01-21T03:00:00.000000000,5.314,4.754999999999999,0.0,0.0,0.0,0.0
240847,2025-01-21T04:00:00.000000000,5.882999999999999,4.803,0.0,0.0,0.0,0.0
240847,2025-01-21T05:00:00.000000000,5.489000000000001,4.925000000000001,0.0,0.0,0.0,0.0
240847,2025-01-21T06:00:00.000000000,5.459,4.894,0.0,0.0,0.0,0.0
240847,2025-01-21T07:00:00.000000000,5.266,4.707,0.0,0.0,0.0,0.0
240847,2025-01-21T08:00:00.000000000,4.957000000000001,4.409,0.0,0.0,0.0,0.0
240847,2025-01-21T09:00:00.000000000,5.754,4.4399999999999995,0.0,0.0,0.0,0.0
240847,2025-01-21T10:00:00.000000000,6.036,4.216,0.0,0.0,0.0,0.0
240847,2025-01-21T11:00:00.000000000,4.789,3.8899999999999997,0.0,0.0,0.0,0.0
240847,2025-01-21T12:00:00.000000000,4.324,3.4299999999999997,0.0,0.0,0.0,0.0
240847,2025-01-21T13:00:00.000000000,3.961,3.077,0.0,0.0,0.0,0.0
240847,2025-01-21T14:00:00.000000000,5.01,3.218,0.0,0.0,0.0,0.0
240847,2025-01-21T15:00:00.000000000,4.205,3.471,0.0,0.0,0.0,0.0
240847,2025-01-21T16:00:00.000000000,4.535,4.002,0.0,0.0,0.0,0.0
240847,2025-01-21T17:00:00.000000000,6.270999999999999,5.051,0.0,0.0,0.0,0.0
240847,2025-01-21T18:00:00.000000000,6.265000000000001,5.638999999999999,0.0,0.0,0.0,0.0
240847,2025-01-21T19:00:00.000000000,7.231,5.8580000000000005,0.0,0.0,0.0,0.0
240847,2025-01-21T20:00:00.000000000,7.092,5.922000000000001,0.0,0.0,0.0,0.0
240847,2025-01-21T21:00:00.000000000,7.327,6.221,0.0,0.0,0.0,0.0
240847,2025-01-21T22:00:00.000000000,7.640000000000001,6.850999999999999,0.0,0.0,0.0,0.0
240847,2025-01-21T23:00:00.000000000,9.301,7.444999999999999,0.421,0.0,0.0,0.0
240847,2025-01-22T00:00:00.000000000,8.722999999999999,7.416,0.273,0.0,0.0,0.0
240847,2025-01-22T01:00:00.000000000,8.642,7.416,0.21000000000000002,0.0,0.0,0.0
240847,2025-01-22T02:00:00.000000000,8.546,7.416,0.426,0.0,0.0,0.0
240847,2025-01-22T03:00:00.000000000,8.501000000000001,7.416,0.385,0.0,0.0,0.0
240847,2025-01-22T04:00:00.000000000,8.670000000000002,7.416,0.5549999999999999,0.0,0.0,0.0
240847,2025-01-22T05:00:00.000000000,9.504,7.354000000000001,1.024,0.0,0.0,0.0
240847,2025-01-22T06:00:00.000000000,9.725,7.252,1.774,0.0,0.0,0.0
240847,2025-01-22T07:00:00.000000000,10.381,7.276,0.5750000000000001,0.0,0.0,0.0
240847,2025-01-22T08:00:00.000000000,8.893,7.4110000000000005,0.45500000000000007,0.0,0.0,0.0
240847,2025-01-22T09:00:00.000000000,8.446,7.441,0.211,0.0,0.0,0.0
240847,2025-01-22T10:00:00.000000000,7.4510000000000005,6.791,0.0,0.0,0.0,0.0
240847,2025-01-22T11:00:00.000000000,9.118,5.8469999999999995,0.0,0.0,0.0,0.0
240847,2025-01-22T12:00:00.000000000,5.393,4.825,0.0,0.0,0.0,0.0
240847,2025-01-22T13:00:00.000000000,4.519,3.9879999999999995,0.0,0.0,0.0,0.0
240847,2025-01-22T14:00:00.000000000,3.888,3.383,0.0,0.0,0.0,0.0
240847,2025-01-22T15:00:00.000000000,3.878,3.372,0.0,0.0,0.0,0.0
240847,2025-01-22T16:00:00.000000000,4.837999999999999,3.851,0.0,0.0,0.0,0.0
240847,2025-01-22T17:00:00.000000000,5.469,4.867,0.0,0.0,0.0,0.0
240847,2025-01-22T18:00:00.000000000,5.6659999999999995,5.0649999999999995,0.0,0.0,0.0,0.0
240847,2025-01-22T19:00:00.000000000,5.8469999999999995,5.243,0.0,0.0,0.0,0.0
240847,2025-01-22T20:00:00.000000000,6.208,5.585000000000001,0.0,0.0,0.0,0.0
240847,2025-01-22T21:00:00.000000000,6.792,5.709,0.0,0.0,0.0,0.0
240847,2025-01-22T22:00:00.000000000,7.316999999999999,5.778,0.0,0.0,0.0,0.0
240847,2025-01-22T23:00:00.000000000,6.9270000000000005,6.178999999999999,0.0,0.0,0.0,0.0
240847,2025-01-23T00:00:00.000000000,6.638,6.005000000000001,0.0,0.0,0.0,0.0
240847,2025-01-23T01:00:00.000000000,6.68,6.053,0.0,0.0,0.0,0.0
240847,2025-01-23T02:00:00.000000000,6.763999999999999,6.134,0.0,0.0,0.0,0.0
240847,2025-01-23T03:00:00.000000000,6.55,5.934,0.0,0.0,0.0,0.0
240847,2025-01-23T04:00:00.000000000,7.064,5.895,0.0,0.0,0.0,0.0
240847,2025-01-23T05:00:00.000000000,6.437,5.827,0.0,0.0,0.0,0.0
240847,2025-01-23T06:00:00.000000000,6.668,6.042999999999999,0.0,0.0,0.0,0.0
240847,2025-01-23T07:00:00.000000000,7.208,6.548,0.0,0.0,0.0,0.0
240847,2025-01-23T08:00:00.000000000,8.251999999999999,5.784000000000001,0.0,0.0,0.0,0.0
240847,2025-01-23T09:00:00.000000000,6.996,4.617,0.0,0.0,0.0,0.0
240847,2025-01-23T10:00:00.000000000,5.527,4.4239999999999995,0.0,0.0,0.0,0.0
240847,2025-01-23T11:00:00.000000000,4.493,3.968,0.0,0.0,0.0,0.0
240847,2025-01-23T12:00:00.000000000,5.504,3.7170000000000005,0.0,0.0,0.0,0.0
240847,2025-01-23T13:00:00.000000000,6.691000000000001,3.481,0.0,0.0,0.0,0.0
240847,2025-01-23T14:00:00.000000000,3.5440000000000005,3.052,0.0,0.0,0.0,0.0
240847,2025-01-23T15:00:00.000000000,3.536,3.0450000000000004,0.0,0.0,0.0,0.0
240847,2025-01-23T16:00:00.000000000,3.6559999999999997,3.1590000000000003,0.0,0.0,0.0,0.0
240847,2025-01-23T17:00:00.000000000,4.247,3.6959999999999997,0.0,0.0,0.0,0.0
240847,2025-01-23T18:00:00.000000000,4.667,3.683,0.0,0.0,0.0,0.0
240847,2025-01-23T19:00:00.000000000,4.2589999999999995,3.724,0.0,0.0,0.0,0.0
240847,2025-01-23T20:00:00.000000000,4.608,3.69,0.0,0.0,0.0,0.0
240847,2025-01-23T21:00:00.000000000,4.63,3.644,0.0,0.0,0.0,0.0
240847,2025-01-23T22:00:00.000000000,4.478,3.585,0.0,0.0,0.0,0.0
240847,2025-01-23T23:00:00.000000000,5.205,3.87,0.0,0.0,0.0,0.0
240847,2025-01-24T00:00:00.000000000,4.583,3.695,0.0,0.0,0.0,0.0
240847,2025-01-24T01:00:00.000000000,4.346,3.5600000000000005,0.0,0.0,0.0,0.0
240847,2025-01-24T02:00:00.000000000,3.9979999999999998,3.492,0.0,0.0,0.0,0.0
240847,2025-01-24T03:00:00.000000000,4.377,3.551,0.0,0.0,0.0,0.0
240847,2025-01-24T04:00:00.000000000,4.358,3.839,0.0,0.0,0.0,0.0
240847,2025-01-24T05:00:00.000000000,4.4799999999999995,3.958,0.0,0.0,0.0,0.0
240847,2025-01-24T06:00:00.000000000,5.6129999999999995,4.068,0.0,0.0,0.0,0.0
240847,2025-01-24T07:00:00.000000000,5.515999999999999,3.795,0.0,0.0,0.0,0.0
240847,2025-01-24T08:00:00.000000000,4.275,3.49,0.0,0.0,0.0,0.0
240847,2025-01-24T09:00:00.000000000,3.75,3.249,0.0,0.0,0.0,0.0
240847,2025-01-24T10:00:00.000000000,3.41,2.9219999999999997,0.0,0.0,0.0,0.0
240847,2025-01-24T11:00:00.000000000,3.8449999999999998,2.636,0.0,0.0,0.0,0.0
240847,2025-01-24T12:00:00.000000000,3.028,2.31,0.0,0.0,0.0,0.0
240847,2025-01-24T13:00:00.000000000,2.6109999999999998,1.734,0.0,0.0,0.0,0.0
240847,2025-01-24T14:00:00.000000000,2.1189999999999998,1.5740000000000003,0.0,0.0,0.0,0.0
240847,2025-01-24T15:00:00.000000000,1.866,1.4189999999999998,0.0,0.0,0.0,0.0
240847,2025-01-24T16:00:00.000000000,1.9849999999999999,1.533,0.0,0.0,0.0,0.0
240847,2025-01-24T17:00:00.000000000,2.63,2.135,0.0,0.0,0.0,0.0
240847,2025-01-24T18:00:00.000000000,3.6390000000000002,2.457,0.0,0.0,0.0,0.0
240847,2025-01-24T19:00:00.000000000,3.4130000000000003,2.615,0.0,0.0,0.0,0.0
240847,2025-01-24T20:00:00.000000000,3.9299999999999997,2.8899999999999997,0.0,0.0,0.0,0.0
240847,2025-01-24T21:00:00.000000000,4.4719999999999995,3.4859999999999998,0.0,0.0,0.0,0.0
240847,2025-01-24T22:00:00.000000000,4.572,3.672,0.0,0.0,0.0,0.0
240847,2025-01-24T23:00:00.000000000,5.547000000000001,4.047,0.0,0.0,0.0,0.0
240847,2025-01-25T00:00:00.000000000,4.32,3.734,0.0,0.0,0.0,0.0
240847,2025-01-25T01:00:00.000000000,4.228,3.352,0.0,0.0,0.0,0.0
240847,2025-01-25T02:00:00.000000000,3.596,3.1010000000000004,0.0,0.0,0.0,0.0
240847,2025-01-25T03:00:00.000000000,3.616,3.1210000000000004,0.0,0.0,0.0,0.0
240847,2025-01-25T04:00:00.000000000,3.4010000000000002,2.916,0.0,0.0,0.0,0.0
240847,2025-01-25T05:00:00.000000000,3.6180000000000003,2.742,0.0,0.0,0.0,0.0
240847,2025-01-25T06:00:00.000000000,3.377,2.891,0.0,0.0,0.0,0.0
240847,2025-01-25T07:00:00.000000000,3.1870000000000003,2.7030000000000003,0.0,0.0,0.0,0.0
240847,2025-01-25T08:00:00.000000000,3.072,2.592,0.0,0.0,0.0,0.0
240847,2025-01-25T09:00:00.000000000,2.971,2.495,0.0,0.0,0.0,0.0
240847,2025-01-25T10:00:00.000000000,2.923,2.4509999999999996,0.0,0.0,0.0,0.0
240847,2025-01-25T11:00:00.000000000,2.875,2.404,0.0,0.0,0.0,0.0
240847,2025-01-25T12:00:00.000000000,3.011,2.5330000000000004,0.0,0.0,0.0,0.0
240847,2025-01-25T13:00:00.000000000,3.065,2.5860000000000003,0.0,0.0,0.0,0.0
240847,2025-01-25T14:00:00.000000000,3.179,2.605,0.0,0.0,0.0,0.0
240847,2025-01-25T15:00:00.000000000,3.661,3.0690000000000004,0.0,0.0,0.0,0.0
240847,2025-01-25T16:00:00.000000000,3.572,3.0700000000000003,0.0,0.0,0.0,0.0
240847,2025-01-25T17:00:00.000000000,3.561,3.032,0.0,0.0,0.0,0.0
240847,2025-01-25T18:00:00.000000000,3.714,2.869,0.0,0.0,0.0,0.0
240847,2025-01-25T19:00:00.000000000,3.8249999999999997,2.5189999999999997,0.0,0.0,0.0,0.0
240847,2025-01-25T20:00:00.000000000,3.4799999999999995,2.4530000000000003,0.0,0.0,0.0,0.0
240847,2025-01-25T21:00:00.000000000,3.2140000000000004,2.2729999999999997,0.0,0.0,0.0,0.0
240847,2025-01-25T22:00:00.000000000,4.123,2.243,0.0,0.0,0.0,0.0
240847,2025-01-25T23:00:00.000000000,3.301,2.548,0.0,0.0,0.0,0.0
240847,2025-01-26T00:00:00.000000000,3.797,2.536,0.0,0.0,0.0,0.0
240847,2025-01-26T01:00:00.000000000,2.988,2.508,0.0,0.0,0.0,0.0
240847,2025-01-26T02:00:00.000000000,3.096,2.589,0.0,0.0,0.0,0.0
240847,2025-01-26T03:00:00.000000000,3.152,2.646,0.0,0.0,0.0,0.0
240847,2025-01-26T04:00:00.000000000,3.156,2.677,0.0,0.0,0.0,0.0
240847,2025-01-26T05:00:00.000000000,3.224,2.7439999999999998,0.0,0.0,0.0,0.0
240847,2025-01-26T06:00:00.000000000,3.5969999999999995,2.8549999999999995,0.0,0.0,0.0,0.0
240847,2025-01-26T07:00:00.000000000,4.325,3.007,0.0,0.0,0.0,0.0
240847,2025-01-26T08:00:00.000000000,3.838,2.977,0.0,0.0,0.0,0.0
240847,2025-01-26T09:00:00.000000000,3.728,2.8649999999999998,0.0,0.0,0.0,0.0
240847,2025-01-26T10:00:00.000000000,3.286,2.6240000000000006,0.0,0.0,0.0,0.0
240847,2025-01-26T11:00:00.000000000,2.8840000000000003,2.229,0.0,0.0,0.0,0.0
240847,2025-01-26T12:00:00.000000000,2.854,1.7839999999999998,0.0,0.0,0.0,0.0
240847,2025-01-26T13:00:00.000000000,2.218,1.575,0.0,0.0,0.0,0.0
240847,2025-01-26T14:00:00.000000000,2.789,1.439,0.0,0.0,0.0,0.0
240847,2025-01-26T15:00:00.000000000,1.905,1.4580000000000002,0.0,0.0,0.0,0.0
240847,2025-01-26T16:00:00.000000000,2.07,1.619,0.0,0.0,0.0,0.0
240847,2025-01-26T17:00:00.000000000,3.287,1.968,0.0,0.0,0.0,0.0
240847,2025-01-26T18:00:00.000000000,4.314,1.9809999999999999,0.0,0.0,0.0,0.0
240847,2025-01-26T19:00:00.000000000,4.602,1.951,0.0,0.0,0.0,0.0
240847,2025-01-26T20:00:00.000000000,3.633,2.377,0.0,0.0,0.0,0.0
240847,2025-01-26T21:00:00.000000000,3.557,2.607,0.0,0.0,0.0,0.0
240847,2025-01-26T22:00:00.000000000,3.6510000000000002,2.787,0.0,0.0,0.0,0.0
240847,2025-01-26T23:00:00.000000000,4.233,3.3529999999999998,0.0,0.0,0.0,0.0
240847,2025-01-27T00:00:00.000000000,4.915,3.468,0.0,0.0,0.0,0.0
240847,2025-01-27T01:00:00.000000000,4.127,3.613,0.0,0.0,0.0,0.0
240847,2025-01-27T02:00:00.000000000,4.2860000000000005,3.767,0.0,0.0,0.0,0.0
240847,2025-01-27T03:00:00.000000000,4.566,4.038,0.0,0.0,0.0,0.0
240847,2025-01-27T04:00:00.000000000,4.628,4.1,0.0,0.0,0.0,0.0
240847,2025-01-27T05:00:00.000000000,4.615,4.088,0.0,0.0,0.0,0.0
240847,2025-01-27T06:00:00.000000000,4.826,4.288,0.0,0.0,0.0,0.0
240847,2025-01-27T07:00:00.000000000,5.381,4.562,0.0,0.0,0.0,0.0
240847,2025-01-27T08:00:00.000000000,16.085,6.686999999999999,0.603,0.0,0.0,0.0
240847,2025-01-27T09:00:00.000000000,8.755,5.42,0.0,0.0,0.0,0.0
240847,2025-01-27T10:00:00.000000000,6.994,4.271,0.0,0.0,0.0,0.0
240847,2025-01-27T11:00:00.000000000,5.142,3.909,0.0,0.0,0.0,0.0
240847,2025-01-27T12:00:00.000000000,7.338999999999999,3.653,0.0,0.0,0.0,0.0
240847,2025-01-27T13:00:00.000000000,4.172000000000001,3.282,0.0,0.0,0.0,0.0
240847,2025-01-27T14:00:00.000000000,4.241,3.172,0.0,0.0,0.0,0.0
240847,2025-01-27T15:00:00.000000000,4.661,3.27,0.0,0.0,0.0,0.0
240847,2025-01-27T16:00:00.000000000,4.107,3.133,0.0,0.0,0.0,0.0
240847,2025-01-27T17:00:00.000000000,5.082999999999999,3.944,0.0,0.0,0.0,0.0
240847,2025-01-27T18:00:00.000000000,5.35,4.143000000000001,0.0,0.0,0.0,0.0
240847,2025-01-27T19:00:00.000000000,5.651,4.467,0.0,0.0,0.0,0.0
240847,2025-01-27T20:00:00.000000000,6.19,4.879,0.0,0.0,0.0,0.0
240847,2025-01-27T21:00:00.000000000,7.441999999999999,5.228,0.0,0.0,0.0,0.0
240847,2025-01-27T22:00:00.000000000,6.260999999999999,5.539,0.0,0.0,0.0,0.0
240847,2025-01-27T23:00:00.000000000,7.342999999999999,6.045,0.0,0.0,0.0,0.0
240847,2025-01-28T00:00:00.000000000,6.683,6.048,0.0,0.0,0.0,0.0
240847,2025-01-28T01:00:00.000000000,6.699,6.071,0.0,0.0,0.0,0.0
240847,2025-01-28T02:00:00.000000000,6.957,6.318,0.0,0.0,0.0,0.0
240847,2025-01-28T03:00:00.000000000,7.095,6.45,0.0,0.0,0.0,0.0
240847,2025-01-28T04:00:00.000000000,7.241,6.5169999999999995,0.0,0.0,0.0,0.0
240847,2025-01-28T05:00:00.000000000,8.856,6.618,0.0,0.0,0.0,0.0
240847,2025-01-28T06:00:00.000000000,9.133,6.7330000000000005,0.0,0.0,0.0,0.0
240847,2025-01-28T07:00:00.000000000,9.354000000000001,6.643,0.0,0.0,0.0,0.0
240847,2025-01-28T08:00:00.000000000,8.996,6.279,0.0,0.0,0.0,0.0
240847,2025-01-28T09:00:00.000000000,7.5040000000000004,5.891,0.0,0.0,0.0,0.0
240847,2025-01-28T10:00:00.000000000,8.407,5.138999999999999,0.0,0.0,0.0,0.0
240847,2025-01-28T11:00:00.000000000,5.3340000000000005,4.274,0.0,0.0,0.0,0.0
240847,2025-01-28T12:00:00.000000000,4.673,3.331,0.0,0.0,0.0,0.0
240847,2025-01-28T13:00:00.000000000,3.408,2.545,0.0,0.0,0.0,0.0
240847,2025-01-28T14:00:00.000000000,2.822,2.0789999999999997,0.0,0.0,0.0,0.0
240847,2025-01-28T15:00:00.000000000,3.63,1.991,0.0,0.0,0.0,0.0
240847,2025-01-28T16:00:00.000000000,4.503,2.4059999999999997,0.0,0.0,0.0,0.0
240847,2025-01-28T17:00:00.000000000,4.4190000000000005,3.306,0.0,0.0,0.0,0.0
240847,2025-01-28T18:00:00.000000000,5.966,3.5180000000000002,0.0,0.0,0.0,0.0
240847,2025-01-28T19:00:00.000000000,14.463000000000001,6.372,0.044,0.0,0.0,0.0
240847,2025-01-28T20:00:00.000000000,8.589,4.992999999999999,0.0,0.0,0.0,0.0
240847,2025-01-28T21:00:00.000000000,5.0889999999999995,4.397,0.0,0.0,0.0,0.0
240847,2025-01-28T22:00:00.000000000,5.859999999999999,4.905,0.0,0.0,0.0,0.0
240847,2025-01-28T23:00:00.000000000,6.0120000000000005,5.394,0.0,0.0,0.0,0.0
240847,2025-01-29T00:00:00.000000000,6.442,5.471,0.0,0.0,0.0,0.0
240847,2025-01-29T01:00:00.000000000,6.138999999999999,5.542,0.0,0.0,0.0,0.0
240847,2025-01-29T02:00:00.000000000,6.196000000000001,5.597999999999999,0.0,0.0,0.0,0.0
240847,2025-01-29T03:00:00.000000000,6.0089999999999995,5.419999999999999,0.0,0.0,0.0,0.0
240847,2025-01-29T04:00:00.000000000,5.948,5.367,0.0,0.0,0.0,0.0
240847,2025-01-29T05:00:00.000000000,6.638,5.522,0.0,0.0,0.0,0.0
240847,2025-01-29T06:00:00.000000000,7.167,5.526,0.0,0.0,0.0,0.0
240847,2025-01-29T07:00:00.000000000,7.53,5.322,0.0,0.0,0.0,0.0
240847,2025-01-29T08:00:00.000000000,5.680999999999999,4.855,0.0,0.0,0.0,0.0
240847,2025-01-29T09:00:00.000000000,4.827999999999999,4.286,0.0,0.0,0.0,0.0
240847,2025-01-29T10:00:00.000000000,4.035,3.527,0.0,0.0,0.0,0.0
240847,2025-01-29T11:00:00.000000000,4.1160000000000005,2.66,0.0,0.0,0.0,0.0
240847,2025-01-29T12:00:00.000000000,2.259,1.808,0.0,0.0,0.0,0.0
240847,2025-01-29T13:00:00.000000000,1.868,1.42,0.0,0.0,0.0,0.0
240847,2025-01-29T14:00:00.000000000,1.6309999999999998,1.183,0.0,0.0,0.0,0.0
240847,2025-01-29T15:00:00.000000000,1.557,1.111,0.0,0.0,0.0,0.0
240847,2025-01-29T16:00:00.000000000,1.684,1.235,0.0,0.0,0.0,0.0
240847,2025-01-29T17:00:00.000000000,2.234,1.751,0.0,0.0,0.0,0.0
240847,2025-01-29T18:00:00.000000000,2.729,2.243,0.0,0.0,0.0,0.0
240847,2025-01-29T19:00:00.000000000,3.976,2.765,0.0,0.0,0.0,0.0
240847,2025-01-29T20:00:00.000000000,4.943,3.263,0.0,0.0,0.0,0.0
240847,2025-01-29T21:00:00.000000000,4.672000000000001,3.681,0.0,0.0,0.0,0.0
240847,2025-01-29T22:00:00.000000000,4.874,3.9609999999999994,0.0,0.0,0.0,0.0
240847,2025-01-29T23:00:00.000000000,6.789999999999999,4.69,0.0,0.0,0.0,0.0
240847,2025-01-30T00:00:00.000000000,5.7,4.736,0.0,0.0,0.0,0.0
240847,2025-01-30T01:00:00.000000000,5.563,4.984,0.0,0.0,0.0,0.0
240847,2025-01-30T02:00:00.000000000,5.804,5.216,0.0,0.0,0.0,0.0
240847,2025-01-30T03:00:00.000000000,6.311,5.232,0.0,0.0,0.0,0.0
240847,2025-01-30T04:00:00.000000000,6.067,5.237,0.0,0.0,0.0,0.0
240847,2025-01-30T05:00:00.000000000,6.733,5.443999999999999,0.0,0.0,0.0,0.0
240847,2025-01-30T06:00:00.000000000,6.108,5.325,0.0,0.0,0.0,0.0
240847,2025-01-30T07:00:00.000000000,5.8629999999999995,4.928,0.0,0.0,0.0,0.0
240847,2025-01-30T08:00:00.000000000,4.425,3.8890000000000002,0.0,0.0,0.0,0.0
240847,2025-01-30T09:00:00.000000000,3.2510000000000003,2.769,0.0,0.0,0.0,0.0
240847,2025-01-30T10:00:00.000000000,2.8850000000000002,1.8880000000000001,0.0,0.0,0.0,0.0
240847,2025-01-30T11:00:00.000000000,2.406,1.33,0.0,0.0,0.0,0.0
240847,2025-01-30T12:00:00.000000000,1.395,0.948,0.0,0.0,0.0,0.0
240847,2025-01-30T13:00:00.000000000,1.328,0.883,0.0,0.0,0.0,0.0
240847,2025-01-30T14:00:00.000000000,1.3849999999999998,0.9400000000000001,0.0,0.0,0.0,0.0
240847,2025-01-30T15:00:00.000000000,1.44,0.995,0.0,0.0,0.0,0.0
240847,2025-01-30T16:00:00.000000000,1.589,1.138,0.0,0.0,0.0,0.0
240847,2025-01-30T17:00:00.000000000,3.645,1.4620000000000002,0.0,0.0,0.0,0.0
240847,2025-01-30T18:00:00.000000000,3.698,1.5670000000000002,0.0,0.0,0.0,0.0
240847,2025-01-30T19:00:00.000000000,2.429,1.7730000000000001,0.0,0.0,0.0,0.0
240847,2025-01-30T20:00:00.000000000,5.859,1.911,0.0,0.0,0.0,0.0
240847,2025-01-30T21:00:00.000000000,2.861,1.9489999999999998,0.0,0.0,0.0,0.0
240847,2025-01-30T22:00:00.000000000,3.496,1.896,0.0,0.0,0.0,0.0
240847,2025-01-30T23:00:00.000000000,2.67,2.085,0.0,0.0,0.0,0.0
240847,2025-01-31T00:00:00.000000000,5.263,2.221,0.0,0.0,0.0,0.0
240847,2025-01-31T01:00:00.000000000,2.791,2.3219999999999996,0.0,0.0,0.0,0.0
240847,2025-01-31T02:00:00.000000000,2.917,2.445,0.0,0.0,0.0,0.0
240847,2025-01-31T03:00:00.000000000,3.0040000000000004,2.53,0.0,0.0,0.0,0.0
240847,2025-01-31T04:00:00.000000000,3.59,2.4579999999999997,0.0,0.0,0.0,0.0
240847,2025-01-31T05:00:00.000000000,2.658,2.1990000000000003,0.0,0.0,0.0,0.0
240847,2025-01-31T06:00:00.000000000,2.159,1.713,0.0,0.0,0.0,0.0
240847,2025-01-31T07:00:00.000000000,1.983,1.536,0.0,0.0,0.0,0.0
240847,2025-01-31T08:00:00.000000000,2.3859999999999997,1.6560000000000001,0.0,0.0,0.0,0.0
240847,2025-01-31T09:00:00.000000000,2.387,1.563,0.0,0.0,0.0,0.0
240847,2025-01-31T10:00:00.000000000,2.5,1.681,0.0,0.0,0.0,0.0
240847,2025-01-31T11:00:00.000000000,3.981,1.7530000000000001,0.0,0.0,0.0,0.0
240847,2025-01-31T12:00:00.000000000,3.607,1.645,0.0,0.0,0.0,0.0
240847,2025-01-31T13:00:00.000000000,3.8529999999999998,1.618,0.0,0.0,0.0,0.0
240847,2025-01-31T14:00:00.000000000,3.194,1.4280000000000002,0.0,0.0,0.0,0.0
240847,2025-01-31T15:00:00.000000000,3.052,1.403,0.0,0.0,0.0,0.0
240847,2025-01-31T16:00:00.000000000,2.417,1.4909999999999999,0.0,0.0,0.0,0.0
240847,2025-01-31T17:00:00.000000000,3.641,1.811,0.0,0.0,0.0,0.0
240847,2025-01-31T18:00:00.000000000,2.718,2.08,0.0,0.0,0.0,0.0
240847,2025-01-31T19:00:00.000000000,2.652,2.172,0.0,0.0,0.0,0.0
240847,2025-01-31T20:00:00.000000000,2.8659999999999997,2.283,0.0,0.0,0.0,0.0
240847,2025-01-31T21:00:00.000000000,14.981000000000002,4.715,0.0,0.0,0.0,0.0
240847,2025-01-31T22:00:00.000000000,5.848,2.803,0.0,0.0,0.0,0.0
240847,2025-01-31T23:00:00.000000000,3.064,2.37,0.0,0.0,0.0,0.0
240847,2025-02-01T00:00:00.000000000,2.9909999999999997,2.506,0.0,0.0,0.0,0.0
240847,2025-02-01T01:00:00.000000000,3.594,2.8129999999999997,0.0,0.0,0.0,0.0
240847,2025-02-01T02:00:00.000000000,3.614,2.824,0.0,0.0,0.0,0.0
240847,2025-02-01T03:00:00.000000000,3.346,2.8569999999999998,0.0,0.0,0.0,0.0
240847,2025-02-01T04:00:00.000000000,3.324,2.7439999999999998,0.0,0.0,0.0,0.0
240847,2025-02-01T05:00:00.000000000,3.593,2.594,0.0,0.0,0.0,0.0
240847,2025-02-01T06:00:00.000000000,3.216,2.578,0.0,0.0,0.0,0.0
240847,2025-02-01T07:00:00.000000000,4.265000000000001,2.294,0.0,0.0,0.0,0.0
240847,2025-02-01T08:00:00.000000000,3.08,2.3289999999999997,0.0,0.0,0.0,0.0
240847,2025-02-01T09:00:00.000000000,2.7119999999999997,2.2409999999999997,0.0,0.0,0.0,0.0
240847,2025-02-01T10:00:00.000000000,2.44,1.983,0.0,0.0,0.0,0.0
240847,2025-02-01T11:00:00.000000000,2.521,1.872,0.0,0.0,0.0,0.0
240847,2025-02-01T12:00:00.000000000,4.614,1.8439999999999999,0.0,0.0,0.0,0.0
240847,2025-02-01T13:00:00.000000000,2.125,1.676,0.0,0.0,0.0,0.0
240847,2025-02-01T14:00:00.000000000,2.128,1.679,0.0,0.0,0.0,0.0
240847,2025-02-01T15:00:00.000000000,2.176,1.726,0.0,0.0,0.0,0.0
240847,2025-02-01T16:00:00.000000000,2.3009999999999997,1.842,0.0,0.0,0.0,0.0
240847,2025-02-01T17:00:00.000000000,2.782,2.276,0.0,0.0,0.0,0.0
240847,2025-02-01T18:00:00.000000000,2.8539999999999996,2.355,0.0,0.0,0.0,0.0
240847,2025-02-01T19:00:00.000000000,2.826,2.334,0.0,0.0,0.0,0.0
240847,2025-02-01T20:00:00.000000000,2.9410000000000003,2.445,0.0,0.0,0.0,0.0
240847,2025-02-01T21:00:00.000000000,3.16,2.319,0.0,0.0,0.0,0.0
240847,2025-02-01T22:00:00.000000000,3.375,2.201,0.0,0.0,0.0,0.0
240847,2025-02-01T23:00:00.000000000,3.268,2.5,0.0,0.0,0.0,0.0
240847,2025-02-02T00:00:00.000000000,3.4880000000000004,2.426,0.0,0.0,0.0,0.0
240847,2025-02-02T01:00:00.000000000,5.157,1.994,0.0,0.0,0.0,0.0
240847,2025-02-02T02:00:00.000000000,2.908,2.4339999999999997,0.0,0.0,0.0,0.0
240847,2025-02-02T03:00:00.000000000,3.092,2.6130000000000004,0.0,0.0,0.0,0.0
240847,2025-02-02T04:00:00.000000000,3.1270000000000002,2.648,0.0,0.0,0.0,0.0
240847,2025-02-02T05:00:00.000000000,3.1410000000000005,2.6630000000000003,0.0,0.0,0.0,0.0
240847,2025-02-02T06:00:00.000000000,3.2840000000000003,2.7030000000000003,0.0,0.0,0.0,0.0
240847,2025-02-02T07:00:00.000000000,3.6550000000000002,2.6810000000000005,0.0,0.0,0.0,0.0
240847,2025-02-02T08:00:00.000000000,3.068,2.585,0.0,0.0,0.0,0.0
240847,2025-02-02T09:00:00.000000000,2.901,2.4240000000000004,0.0,0.0,0.0,0.0
240847,2025-02-02T10:00:00.000000000,3.0429999999999997,2.466,0.0,0.0,0.0,0.0
240847,2025-02-02T11:00:00.000000000,4.561,2.216,0.0,0.0,0.0,0.0
240847,2025-02-02T12:00:00.000000000,2.633,1.7899999999999998,0.0,0.0,0.0,0.0
240847,2025-02-02T13:00:00.000000000,2.324,1.679,0.0,0.0,0.0,0.0
240847,2025-02-02T14:00:00.000000000,2.2390000000000003,1.787,0.0,0.0,0.0,0.0
240847,2025-02-02T15:00:00.000000000,3.479,1.732,0.0,0.0,0.0,0.0
240847,2025-02-02T16:00:00.000000000,2.5020000000000002,1.7069999999999999,0.0,0.0,0.0,0.0
240847,2025-02-02T17:00:00.000000000,3.072,1.87,0.0,0.0,0.0,0.0
240847,2025-02-02T18:00:00.000000000,2.8699999999999997,1.77,0.0,0.0,0.0,0.0
240847,2025-02-02T19:00:00.000000000,2.9069999999999996,1.8150000000000002,0.0,0.0,0.0,0.0
240847,2025-02-02T20:00:00.000000000,2.707,1.678,0.0,0.0,0.0,0.0
240847,2025-02-02T21:00:00.000000000,2.665,1.7129999999999999,0.0,0.0,0.0,0.0
240847,2025-02-02T22:00:00.000000000,2.924,1.771,0.0,0.0,0.0,0.0
240847,2025-02-02T23:00:00.000000000,3.113,1.878,0.0,0.0,0.0,0.0
240847,2025-02-03T00:00:00.000000000,2.291,1.829,0.0,0.0,0.0,0.0
240847,2025-02-03T01:00:00.000000000,2.97,1.828,0.0,0.0,0.0,0.0
240847,2025-02-03T02:00:00.000000000,2.352,1.9,0.0,0.0,0.0,0.0
240847,2025-02-03T03:00:00.000000000,2.2989999999999995,1.851,0.0,0.0,0.0,0.0
240847,2025-02-03T04:00:00.000000000,2.2430000000000003,1.8,0.0,0.0,0.0,0.0
240847,2025-02-03T05:00:00.000000000,2.2939999999999996,1.849,0.0,0.0,0.0,0.0
240847,2025-02-03T06:00:00.000000000,2.62,2.1609999999999996,0.0,0.0,0.0,0.0
240847,2025-02-03T07:00:00.000000000,2.8329999999999997,2.363,0.0,0.0,0.0,0.0
240847,2025-02-03T08:00:00.000000000,2.825,1.9780000000000002,0.0,0.0,0.0,0.0
240847,2025-02-03T09:00:00.000000000,4.6,1.631,0.0,0.0,0.0,0.0
240847,2025-02-03T10:00:00.000000000,12.86,2.324,0.0,0.0,0.0,0.0
240847,2025-02-03T11:00:00.000000000,9.713999999999999,1.587,0.0,0.0,0.0,0.0
240847,2025-02-03T12:00:00.000000000,1.3250000000000002,0.587,0.0,0.0,0.0,0.0
240847,2025-02-03T13:00:00.000000000,1.85,0.286,0.0,0.0,0.0,0.0
240847,2025-02-03T14:00:00.000000000,1.6829999999999998,0.157,0.0,0.0,0.0,0.0
240847,2025-02-03T15:00:00.000000000,1.2349999999999999,0.198,0.0,0.0,0.0,0.0
240847,2025-02-03T16:00:00.000000000,1.23,0.32200000000000006,0.0,0.0,0.0,0.0
240847,2025-02-03T17:00:00.000000000,1.216,0.738,0.0,0.0,0.0,0.0
240847,2025-02-03T18:00:00.000000000,1.508,0.94,0.0,0.0,0.0,0.0
240847,2025-02-03T19:00:00.000000000,3.824,0.962,0.0,0.0,0.0,0.0
240847,2025-02-03T20:00:00.000000000,2.8970000000000002,1.2670000000000001,0.0,0.0,0.0,0.0
240847,2025-02-03T21:00:00.000000000,2.737,1.416,0.0,0.0,0.0,0.0
240847,2025-02-03T22:00:00.000000000,2.772,1.55,0.0,0.0,0.0,0.0
240847,2025-02-03T23:00:00.000000000,2.798,1.6909999999999998,0.0,0.0,0.0,0.0
240847,2025-02-04T00:00:00.000000000,2.5629999999999997,1.718,0.0,0.0,0.0,0.0
240847,2025-02-04T01:00:00.000000000,2.6620000000000004,1.811,0.0,0.0,0.0,0.0
240847,2025-02-04T02:00:00.000000000,2.672,1.814,0.0,0.0,0.0,0.0
240847,2025-02-04T03:00:00.000000000,2.536,1.792,0.0,0.0,0.0,0.0
240847,2025-02-04T04:00:00.000000000,2.392,1.9409999999999998,0.0,0.0,0.0,0.0
240847,2025-02-04T05:00:00.000000000,2.5940000000000003,2.134,0.0,0.0,0.0,0.0
240847,2025-02-04T06:00:00.000000000,2.535,2.072,0.0,0.0,0.0,0.0
240847,2025-02-04T07:00:00.000000000,2.511,2.048,0.0,0.0,0.0,0.0
240847,2025-02-04T08:00:00.000000000,2.769,1.822,0.0,0.0,0.0,0.0
240847,2025-02-04T09:00:00.000000000,2.521,1.329,0.0,0.0,0.0,0.0
240847,2025-02-04T10:00:00.000000000,2.27,1.0739999999999998,0.0,0.0,0.0,0.0
240847,2025-02-04T11:00:00.000000000,2.107,0.887,0.0,0.0,0.0,0.0
240847,2025-02-04T12:00:00.000000000,2.028,0.783,0.0,0.0,0.0,0.0
240847,2025-02-04T13:00:00.000000000,1.949,0.908,0.0,0.0,0.0,0.0
240847,2025-02-04T14:00:00.000000000,1.827,0.996,0.0,0.0,0.0,0.0
240847,2025-02-04T15:00:00.000000000,5.407,1.234,0.0,0.0,0.0,0.0
240847,2025-02-04T16:00:00.000000000,12.056,1.762,0.0,0.0,0.0,0.0
240847,2025-02-04T17:00:00.000000000,2.484,1.06,0.0,0.0,0.0,0.0
240847,2025-02-04T18:00:00.000000000,2.7070000000000003,1.225,0.0,0.0,0.0,0.0
240847,2025-02-04T19:00:00.000000000,2.867,1.3850000000000002,0.0,0.0,0.0,0.0
240847,2025-02-04T20:00:00.000000000,2.78,1.349,0.0,0.0,0.0,0.0
240847,2025-02-04T21:00:00.000000000,2.214,1.5110000000000001,0.0,0.0,0.0,0.0
240847,2025-02-04T22:00:00.000000000,2.088,1.6230000000000002,0.0,0.0,0.0,0.0
240847,2025-02-04T23:00:00.000000000,2.175,1.6969999999999998,0.0,0.0,0.0,0.0
240847,2025-02-05T00:00:00.000000000,2.22,1.762,0.0,0.0,0.0,0.0
240847,2025-02-05T01:00:00.000000000,2.246,1.797,0.0,0.0,0.0,0.0
240847,2025-02-05T02:00:00.000000000,2.3129999999999997,1.8630000000000002,0.0,0.0,0.0,0.0
240847,2025-02-05T03:00:00.000000000,2.3089999999999997,1.862,0.0,0.0,0.0,0.0
240847,2025-02-05T04:00:00.000000000,2.387,1.9389999999999998,0.0,0.0,0.0,0.0
240847,2025-02-05T05:00:00.000000000,2.4909999999999997,2.0410000000000004,0.0,0.0,0.0,0.0
240847,2025-02-05T06:00:00.000000000,2.964,2.4000000000000004,0.0,0.0,0.0,0.0
240847,2025-02-05T07:00:00.000000000,4.704000000000001,2.547,0.0,0.0,0.0,0.0
240847,2025-02-05T08:00:00.000000000,2.759,1.936,0.0,0.0,0.0,0.0
240847,2025-02-05T09:00:00.000000000,2.63,1.804,0.0,0.0,0.0,0.0
240847,2025-02-05T10:00:00.000000000,2.395,1.6680000000000001,0.0,0.0,0.0,0.0
240847,2025-02-05T11:00:00.000000000,2.216,1.4869999999999999,0.0,0.0,0.0,0.0
240847,2025-02-05T12:00:00.000000000,2.2489999999999997,1.141,0.0,0.0,0.0,0.0
240847,2025-02-05T13:00:00.000000000,1.8880000000000001,1.054,0.0,0.0,0.0,0.0
240847,2025-02-05T14:00:00.000000000,1.8070000000000002,0.957,0.0,0.0,0.0,0.0
240847,2025-02-05T15:00:00.000000000,1.8,0.941,0.0,0.0,0.0,0.0
240847,2025-02-05T16:00:00.000000000,2.088,1.2389999999999999,0.0,0.0,0.0,0.0
240847,2025-02-05T17:00:00.000000000,2.23,1.748,0.0,0.0,0.0,0.0
240847,2025-02-05T18:00:00.000000000,2.424,1.949,0.0,0.0,0.0,0.0
240847,2025-02-05T19:00:00.000000000,2.7279999999999998,2.248,0.0,0.0,0.0,0.0
240847,2025-02-05T20:00:00.000000000,3.483,2.433,0.0,0.0,0.0,0.0
240847,2025-02-05T21:00:00.000000000,3.707,2.837,0.0,0.0,0.0,0.0
240847,2025-02-05T22:00:00.000000000,3.583,3.0759999999999996,0.0,0.0,0.0,0.0
240847,2025-02-05T23:00:00.000000000,3.891,3.358,0.0,0.0,0.0,0.0
240847,2025-02-06T00:00:00.000000000,3.9749999999999996,3.3599999999999994,0.0,0.0,0.0,0.0
240847,2025-02-06T01:00:00.000000000,4.284,3.3789999999999996,0.0,0.0,0.0,0.0
240847,2025-02-06T02:00:00.000000000,4.242,3.579,0.0,0.0,0.0,0.0
240847,2025-02-06T03:00:00.000000000,4.100999999999999,3.592,0.0,0.0,0.0,0.0
240847,2025-02-06T04:00:00.000000000,4.165,3.6540000000000004,0.0,0.0,0.0,0.0
240847,2025-02-06T05:00:00.000000000,4.224,3.712,0.0,0.0,0.0,0.0
240847,2025-02-06T06:00:00.000000000,4.3469999999999995,3.83,0.0,0.0,0.0,0.0
240847,2025-02-06T07:00:00.000000000,5.970000000000001,3.7640000000000002,0.0,0.0,0.0,0.0
240847,2025-02-06T08:00:00.000000000,5.481,3.0149999999999997,0.0,0.0,0.0,0.0
240847,2025-02-06T09:00:00.000000000,4.382,2.831,0.0,0.0,0.0,0.0
240847,2025-02-06T10:00:00.000000000,4.339,2.445,0.0,0.0,0.0,0.0
240847,2025-02-06T11:00:00.000000000,3.5679999999999996,1.873,0.0,0.0,0.0,0.0
240847,2025-02-06T12:00:00.000000000,2.3280000000000003,1.4909999999999999,0.0,0.0,0.0,0.0
240847,2025-02-06T13:00:00.000000000,1.8960000000000001,1.253,0.0,0.0,0.0,0.0
240847,2025-02-06T14:00:00.000000000,1.556,1.108,0.0,0.0,0.0,0.0
240847,2025-02-06T15:00:00.000000000,1.6960000000000002,1.149,0.0,0.0,0.0,0.0
240847,2025-02-06T16:00:00.000000000,2.191,1.346,0.0,0.0,0.0,0.0
240847,2025-02-06T17:00:00.000000000,2.648,1.7690000000000001,0.0,0.0,0.0,0.0
240847,2025-02-06T18:00:00.000000000,2.404,1.863,0.0,0.0,0.0,0.0
240847,2025-02-06T19:00:00.000000000,2.56,2.085,0.0,0.0,0.0,0.0
240847,2025-02-06T20:00:00.000000000,2.839,2.3529999999999998,0.0,0.0,0.0,0.0
240847,2025-02-06T21:00:00.000000000,3.156,2.434,0.0,0.0,0.0,0.0
240847,2025-02-06T22:00:00.000000000,2.952,2.467,0.0,0.0,0.0,0.0
240847,2025-02-06T23:00:00.000000000,3.1020000000000003,2.5980000000000003,0.0,0.0,0.0,0.0
240847,2025-02-07T00:00:00.000000000,2.9859999999999998,2.504,0.0,0.0,0.0,0.0
240847,2025-02-07T01:00:00.000000000,2.957,2.4850000000000003,0.0,0.0,0.0,0.0
240847,2025-02-07T02:00:00.000000000,3.16,2.6820000000000004,0.0,0.0,0.0,0.0
240847,2025-02-07T03:00:00.000000000,3.4509999999999996,2.962,0.0,0.0,0.0,0.0
240847,2025-02-07T04:00:00.000000000,3.465,2.9770000000000003,0.0,0.0,0.0,0.0
240847,2025-02-07T05:00:00.000000000,3.8179999999999996,3.024,0.0,0.0,0.0,0.0
240847,2025-02-07T06:00:00.000000000,3.817,3.149,0.0,0.0,0.0,0.0
240847,2025-02-07T07:00:00.000000000,3.981,3.114,0.0,0.0,0.0,0.0
240847,2025-02-07T08:00:00.000000000,6.129,2.956,0.0,0.0,0.0,0.0
240847,2025-02-07T09:00:00.000000000,3.6740000000000004,2.7150000000000003,0.0,0.0,0.0,0.0
240847,2025-02-07T10:00:00.000000000,4.866,2.497,0.0,0.0,0.0,0.0
240847,2025-02-07T11:00:00.000000000,3.4269999999999996,2.939,0.0,0.0,0.0,0.0
240847,2025-02-07T12:00:00.000000000,3.271,2.504,0.0,0.0,0.0,0.0
240847,2025-02-07T13:00:00.000000000,4.821,2.41,0.0,0.0,0.0,0.0
240847,2025-02-07T14:00:00.000000000,3.3489999999999998,2.862,0.0,0.0,0.0,0.0
240847,2025-02-07T15:00:00.000000000,3.295,2.81,0.0,0.0,0.0,0.0
240847,2025-02-07T16:00:00.000000000,3.548,3.048,0.0,0.0,0.0,0.0
240847,2025-02-07T17:00:00.000000000,3.975,3.4290000000000003,0.0,0.0,0.0,0.0
240847,2025-02-07T18:00:00.000000000,4.845,3.028,0.0,0.0,0.0,0.0
240847,2025-02-07T19:00:00.000000000,4.284,2.958,0.0,0.0,0.0,0.0
240847,2025-02-07T20:00:00.000000000,4.279999999999999,3.102,0.0,0.0,0.0,0.0
240847,2025-02-07T21:00:00.000000000,13.537,5.374,0.0,0.0,0.0,0.0
240847,2025-02-07T22:00:00.000000000,6.837,3.8939999999999997,0.0,0.0,0.0,0.0
240847,2025-02-07T23:00:00.000000000,6.34,3.455,0.0,0.0,0.0,0.0
240847,2025-02-08T00:00:00.000000000,4.853,3.2640000000000002,0.0,0.0,0.0,0.0
240847,2025-02-08T01:00:00.000000000,3.74,3.196,0.0,0.0,0.0,0.0
240847,2025-02-08T02:00:00.000000000,3.9799999999999995,3.473,0.0,0.0,0.0,0.0
240847,2025-02-08T03:00:00.000000000,4.352,3.8320000000000003,0.0,0.0,0.0,0.0
240847,2025-02-08T04:00:00.000000000,4.8309999999999995,4.199999999999999,0.0,0.0,0.0,0.0
240847,2025-02-08T05:00:00.000000000,5.506,4.3580000000000005,0.0,0.0,0.0,0.0
240847,2025-02-08T06:00:00.000000000,5.026,4.418,0.0,0.0,0.0,0.0
240847,2025-02-08T07:00:00.000000000,5.141,4.268000000000001,0.0,0.0,0.0,0.0
240847,2025-02-08T08:00:00.000000000,4.680999999999999,4.145,0.0,0.0,0.0,0.0
240847,2025-02-08T09:00:00.000000000,4.3420000000000005,3.82,0.0,0.0,0.0,0.0
240847,2025-02-08T10:00:00.000000000,3.802,3.3019999999999996,0.0,0.0,0.0,0.0
240847,2025-02-08T11:00:00.000000000,4.031,2.726,0.0,0.0,0.0,0.0
240847,2025-02-08T12:00:00.000000000,2.516,2.062,0.0,0.0,0.0,0.0
240847,2025-02-08T13:00:00.000000000,2.218,1.769,0.0,0.0,0.0,0.0
240847,2025-02-08T14:00:00.000000000,2.129,1.681,0.0,0.0,0.0,0.0
240847,2025-02-08T15:00:00.000000000,2.064,1.6190000000000002,0.0,0.0,0.0,0.0
240847,2025-02-08T16:00:00.000000000,2.1500000000000004,1.699,0.0,0.0,0.0,0.0
240847,2025-02-08T17:00:00.000000000,3.778,2.0249999999999995,0.0,0.0,0.0,0.0
240847,2025-02-08T18:00:00.000000000,5.987,1.815,0.0,0.0,0.0,0.0
240847,2025-02-08T19:00:00.000000000,5.024,2.3459999999999996,0.0,0.0,0.0,0.0
240847,2025-02-08T20:00:00.000000000,3.713,2.6550000000000002,0.0,0.0,0.0,0.0
240847,2025-02-08T21:00:00.000000000,3.7889999999999997,2.803,0.0,0.0,0.0,0.0
240847,2025-02-08T22:00:00.000000000,4.242,3.053,0.0,0.0,0.0,0.0
240847,2025-02-08T23:00:00.000000000,6.295000000000001,3.567,0.0,0.0,0.0,0.0
240847,2025-02-09T00:00:00.000000000,4.154999999999999,3.63,0.0,0.0,0.0,0.0
240847,2025-02-09T01:00:00.000000000,4.373,3.571,0.0,0.0,0.0,0.0
240847,2025-02-09T02:00:00.000000000,4.563,3.487,0.0,0.0,0.0,0.0
240847,2025-02-09T03:00:00.000000000,4.138,3.628,0.0,0.0,0.0,0.0
240847,2025-02-09T04:00:00.000000000,4.126,3.6189999999999998,0.0,0.0,0.0,0.0
240847,2025-02-09T05:00:00.000000000,4.181,3.673,0.0,0.0,0.0,0.0
240847,2025-02-09T06:00:00.000000000,4.412,3.7990000000000004,0.0,0.0,0.0,0.0
240847,2025-02-09T07:00:00.000000000,6.364,3.766,0.0,0.0,0.0,0.0
240847,2025-02-09T08:00:00.000000000,4.114000000000001,3.334,0.0,0.0,0.0,0.0
240847,2025-02-09T09:00:00.000000000,3.471,2.9829999999999997,0.0,0.0,0.0,0.0
240847,2025-02-09T10:00:00.000000000,3.003,2.533,0.0,0.0,0.0,0.0
240847,2025-02-09T11:00:00.000000000,2.7,2.0519999999999996,0.0,0.0,0.0,0.0
240847,2025-02-09T12:00:00.000000000,4.063000000000001,1.675,0.0,0.0,0.0,0.0
240847,2025-02-09T13:00:00.000000000,1.828,1.381,0.0,0.0,0.0,0.0
240847,2025-02-09T14:00:00.000000000,1.876,1.143,0.0,0.0,0.0,0.0
240847,2025-02-09T15:00:00.000000000,1.5330000000000001,1.088,0.0,0.0,0.0,0.0
240847,2025-02-09T16:00:00.000000000,1.907,1.1609999999999998,0.0,0.0,0.0,0.0
240847,2025-02-09T17:00:00.000000000,2.214,1.554,0.0,0.0,0.0,0.0
240847,2025-02-09T18:00:00.000000000,2.21,1.736,0.0,0.0,0.0,0.0
240847,2025-02-09T19:00:00.000000000,2.3499999999999996,1.882,0.0,0.0,0.0,0.0
240847,2025-02-09T20:00:00.000000000,2.8810000000000002,2.0010000000000003,0.0,0.0,0.0,0.0
240847,2025-02-09T21:00:00.000000000,3.3750000000000004,2.3070000000000004,0.0,0.0,0.0,0.0
240847,2025-02-09T22:00:00.000000000,4.104,2.6430000000000002,0.0,0.0,0.0,0.0
240847,2025-02-09T23:00:00.000000000,3.846,3.312,0.0,0.0,0.0,0.0
240847,2025-02-10T00:00:00.000000000,4.083,3.37,0.0,0.0,0.0,0.0
240847,2025-02-10T01:00:00.000000000,4.101999999999999,3.024,0.0,0.0,0.0,0.0
240847,2025-02-10T02:00:00.000000000,3.6460000000000004,3.148,0.0,0.0,0.0,0.0
240847,2025-02-10T03:00:00.000000000,3.75,3.2520000000000002,0.0,0.0,0.0,0.0
240847,2025-02-10T04:00:00.000000000,3.7,3.204,0.0,0.0,0.0,0.0
240847,2025-02-10T05:00:00.000000000,3.91,3.4069999999999996,0.0,0.0,0.0,0.0
240847,2025-02-10T06:00:00.000000000,4.04,3.529,0.0,0.0,0.0,0.0
240847,2025-02-10T07:00:00.000000000,3.866,3.275,0.0,0.0,0.0,0.0
240847,2025-02-10T08:00:00.000000000,3.578,2.723,0.0,0.0,0.0,0.0
240847,2025-02-10T09:00:00.000000000,2.989,2.151,0.0,0.0,0.0,0.0
240847,2025-02-10T10:00:00.000000000,2.992,1.637,0.0,0.0,0.0,0.0
240847,2025-02-10T11:00:00.000000000,4.011,1.4539999999999997,0.0,0.0,0.0,0.0
240847,2025-02-10T12:00:00.000000000,2.3890000000000002,1.552,0.0,0.0,0.0,0.0
240847,2025-02-10T13:00:00.000000000,4.017,1.7590000000000001,0.0,0.0,0.0,0.0
240847,2025-02-10T14:00:00.000000000,2.511,1.678,0.0,0.0,0.0,0.0
240847,2025-02-10T15:00:00.000000000,3.6439999999999997,1.8450000000000002,0.0,0.0,0.0,0.0
240847,2025-02-10T16:00:00.000000000,3.482,2.175,0.0,0.0,0.0,0.0
240847,2025-02-10T17:00:00.000000000,5.953999999999999,2.175,0.0,0.0,0.0,0.0
240847,2025-02-10T18:00:00.000000000,5.068,1.929,0.0,0.0,0.0,0.0
240847,2025-02-10T19:00:00.000000000,4.177,2.332,0.0,0.0,0.0,0.0
240847,2025-02-10T20:00:00.000000000,3.633,2.4779999999999998,0.0,0.0,0.0,0.0
240847,2025-02-10T21:00:00.000000000,4.222,2.575,0.0,0.0,0.0,0.0
240847,2025-02-10T22:00:00.000000000,3.2829999999999995,2.782,0.0,0.0,0.0,0.0
240847,2025-02-10T23:00:00.000000000,3.551,3.025,0.0,0.0,0.0,0.0
240847,2025-02-11T00:00:00.000000000,3.4259999999999997,2.9219999999999997,0.0,0.0,0.0,0.0
240847,2025-02-11T01:00:00.000000000,3.295,2.8059999999999996,0.0,0.0,0.0,0.0
240847,2025-02-11T02:00:00.000000000,3.242,2.759,0.0,0.0,0.0,0.0
240847,2025-02-11T03:00:00.000000000,3.425,2.937,0.0,0.0,0.0,0.0
240847,2025-02-11T04:00:00.000000000,3.472,2.9819999999999998,0.0,0.0,0.0,0.0
240847,2025-02-11T05:00:00.000000000,3.508,3.022,0.0,0.0,0.0,0.0
240847,2025-02-11T06:00:00.000000000,3.9530000000000003,3.449,0.0,0.0,0.0,0.0
240847,2025-02-11T07:00:00.000000000,4.311,3.791,0.0,0.0,0.0,0.0
240847,2025-02-11T08:00:00.000000000,5.365,3.9109999999999996,0.0,0.0,0.0,0.0
240847,2025-02-11T09:00:00.000000000,4.879,3.878,0.0,0.0,0.0,0.0
240847,2025-02-11T10:00:00.000000000,5.814,3.6310000000000002,0.0,0.0,0.0,0.0
240847,2025-02-11T11:00:00.000000000,4.928,3.025,0.0,0.0,0.0,0.0
240847,2025-02-11T12:00:00.000000000,4.063,2.539,0.0,0.0,0.0,0.0
240847,2025-02-11T13:00:00.000000000,3.5140000000000002,2.185,0.0,0.0,0.0,0.0
240847,2025-02-11T14:00:00.000000000,2.8120000000000003,1.976,0.0,0.0,0.0,0.0
240847,2025-02-11T15:00:00.000000000,2.796,1.937,0.0,0.0,0.0,0.0
240847,2025-02-11T16:00:00.000000000,3.076,2.1559999999999997,0.0,0.0,0.0,0.0
240847,2025-02-11T17:00:00.000000000,3.8729999999999993,2.806,0.0,0.0,0.0,0.0
240847,2025-02-11T18:00:00.000000000,4.266,2.836,0.0,0.0,0.0,0.0
240847,2025-02-11T19:00:00.000000000,4.75,3.215,0.0,0.0,0.0,0.0
240847,2025-02-11T20:00:00.000000000,5.566000000000001,3.3810000000000002,0.0,0.0,0.0,0.0
240847,2025-02-11T21:00:00.000000000,4.504999999999999,3.492,0.0,0.0,0.0,0.0
240847,2025-02-11T22:00:00.000000000,4.539999999999999,3.795,0.0,0.0,0.0,0.0
240847,2025-02-11T23:00:00.000000000,4.893000000000001,4.32,0.0,0.0,0.0,0.0
240847,2025-02-12T00:00:00.000000000,4.704,4.063000000000001,0.0,0.0,0.0,0.0
240847,2025-02-12T01:00:00.000000000,5.0329999999999995,4.01,0.0,0.0,0.0,0.0
240847,2025-02-12T02:00:00.000000000,4.656000000000001,4.121,0.0,0.0,0.0,0.0
240847,2025-02-12T03:00:00.000000000,4.984999999999999,4.436,0.0,0.0,0.0,0.0
240847,2025-02-12T04:00:00.000000000,5.417000000000001,4.851,0.0,0.0,0.0,0.0
240847,2025-02-12T05:00:00.000000000,5.339,4.777000000000001,0.0,0.0,0.0,0.0
240847,2025-02-12T06:00:00.000000000,4.969999999999999,4.361,0.0,0.0,0.0,0.0
240847,2025-02-12T07:00:00.000000000,4.734999999999999,3.8739999999999997,0.0,0.0,0.0,0.0
240847,2025-02-12T08:00:00.000000000,4.1899999999999995,3.312,0.0,0.0,0.0,0.0
240847,2025-02-12T09:00:00.000000000,3.841,2.9690000000000003,0.0,0.0,0.0,0.0
240847,2025-02-12T10:00:00.000000000,3.4010000000000002,2.5509999999999997,0.0,0.0,0.0,0.0
240847,2025-02-12T11:00:00.000000000,3.0660000000000003,1.94,0.0,0.0,0.0,0.0
240847,2025-02-12T12:00:00.000000000,2.8520000000000003,1.75,0.0,0.0,0.0,0.0
240847,2025-02-12T13:00:00.000000000,2.23,1.782,0.0,0.0,0.0,0.0
240847,2025-02-12T14:00:00.000000000,2.987,1.6440000000000001,0.0,0.0,0.0,0.0
240847,2025-02-12T15:00:00.000000000,2.2110000000000003,1.764,0.0,0.0,0.0,0.0
240847,2025-02-12T16:00:00.000000000,2.4749999999999996,2.018,0.0,0.0,0.0,0.0
240847,2025-02-12T17:00:00.000000000,3.108,2.599,0.0,0.0,0.0,0.0
240847,2025-02-12T18:00:00.000000000,3.502,2.989,0.0,0.0,0.0,0.0
240847,2025-02-12T19:00:00.000000000,4.005,3.383,0.0,0.0,0.0,0.0
240847,2025-02-12T20:00:00.000000000,4.694999999999999,3.657,0.0,0.0,0.0,0.0
240847,2025-02-12T21:00:00.000000000,4.735,3.845,0.0,0.0,0.0,0.0
240847,2025-02-12T22:00:00.000000000,4.892,3.9579999999999997,0.0,0.0,0.0,0.0
240847,2025-02-12T23:00:00.000000000,5.1770000000000005,4.345,0.0,0.0,0.0,0.0
240847,2025-02-13T00:00:00.000000000,5.0409999999999995,4.429,0.0,0.0,0.0,0.0
240847,2025-02-13T01:00:00.000000000,5.064,4.5120000000000005,0.0,0.0,0.0,0.0
240847,2025-02-13T02:00:00.000000000,5.270999999999999,4.712,0.0,0.0,0.0,0.0
240847,2025-02-13T03:00:00.000000000,5.795,5.214,0.0,0.0,0.0,0.0
240847,2025-02-13T04:00:00.000000000,6.719,6.085,0.0,0.0,0.0,0.0
240847,2025-02-13T05:00:00.000000000,7.497,6.816,0.0,0.0,0.0,0.0
240847,2025-02-13T06:00:00.000000000,7.949,7.013,0.046,0.0,0.0,0.0
240847,2025-02-13T07:00:00.000000000,11.496,6.87,0.229,0.0,0.0,0.0
240847,2025-02-13T08:00:00.000000000,6.817,5.646,0.0,0.0,0.0,0.0
240847,2025-02-13T09:00:00.000000000,5.976,4.321,0.0,0.0,0.0,0.0
240847,2025-02-13T10:00:00.000000000,4.726,4.101,0.0,0.0,0.0,0.0
240847,2025-02-13T11:00:00.000000000,3.9819999999999998,3.476,0.0,0.0,0.0,0.0
240847,2025-02-13T12:00:00.000000000,4.016,3.322,0.0,0.0,0.0,0.0
240847,2025-02-13T13:00:00.000000000,5.023,3.355,0.0,0.0,0.0,0.0
240847,2025-02-13T14:00:00.000000000,3.808,3.306,0.0,0.0,0.0,0.0
240847,2025-02-13T15:00:00.000000000,3.6850000000000005,3.189,0.0,0.0,0.0,0.0
240847,2025-02-13T16:00:00.000000000,3.8,3.296,0.0,0.0,0.0,0.0
240847,2025-02-13T17:00:00.000000000,4.615,3.773,0.0,0.0,0.0,0.0
240847,2025-02-13T18:00:00.000000000,4.93,3.759,0.0,0.0,0.0,0.0
240847,2025-02-13T19:00:00.000000000,5.07,3.9029999999999996,0.0,0.0,0.0,0.0
240847,2025-02-13T20:00:00.000000000,5.362,4.147,0.0,0.0,0.0,0.0
240847,2025-02-13T21:00:00.000000000,6.162,4.464,0.0,0.0,0.0,0.0
240847,2025-02-13T22:00:00.000000000,5.704,4.7299999999999995,0.0,0.0,0.0,0.0
240847,2025-02-13T23:00:00.000000000,6.824999999999999,5.4510000000000005,0.0,0.0,0.0,0.0
240847,2025-02-14T00:00:00.000000000,6.074,5.468,0.0,0.0,0.0,0.0
240847,2025-02-14T01:00:00.000000000,6.08,5.484,0.0,0.0,0.0,0.0
240847,2025-02-14T02:00:00.000000000,6.941999999999999,5.5760000000000005,0.0,0.0,0.0,0.0
240847,2025-02-14T03:00:00.000000000,6.2379999999999995,5.6370000000000005,0.0,0.0,0.0,0.0
240847,2025-02-14T04:00:00.000000000,6.24,5.641,0.0,0.0,0.0,0.0
240847,2025-02-14T05:00:00.000000000,6.259,5.66,0.0,0.0,0.0,0.0
240847,2025-02-14T06:00:00.000000000,7.191999999999999,5.765000000000001,0.0,0.0,0.0,0.0
240847,2025-02-14T07:00:00.000000000,7.961,5.573,0.0,0.0,0.0,0.0
240847,2025-02-14T08:00:00.000000000,7.073,5.109,0.0,0.0,0.0,0.0
240847,2025-02-14T09:00:00.000000000,12.073,5.869,0.371,0.0,0.0,0.0
240847,2025-02-14T10:00:00.000000000,19.073,8.434,0.599,0.0,0.0,0.0
240847,2025-02-14T11:00:00.000000000,11.273000000000001,5.909000000000001,0.0,0.0,0.0,0.0
240847,2025-02-14T12:00:00.000000000,5.317,3.3129999999999997,0.0,0.0,0.0,0.0
240847,2025-02-14T13:00:00.000000000,3.628,3.1330000000000005,0.0,0.0,0.0,0.0
240847,2025-02-14T14:00:00.000000000,3.4939999999999998,3.006,0.0,0.0,0.0,0.0
240847,2025-02-14T15:00:00.000000000,3.1900000000000004,2.711,0.0,0.0,0.0,0.0
240847,2025-02-14T16:00:00.000000000,3.0389999999999997,2.5620000000000003,0.0,0.0,0.0,0.0
240847,2025-02-14T17:00:00.000000000,3.8920000000000003,3.076,0.0,0.0,0.0,0.0
240847,2025-02-14T18:00:00.000000000,4.545,3.3909999999999996,0.0,0.0,0.0,0.0
240847,2025-02-14T19:00:00.000000000,7.22,4.158,0.0,0.0,0.0,0.0
240847,2025-02-14T20:00:00.000000000,5.912000000000001,4.762,0.0,0.0,0.0,0.0
240847,2025-02-14T21:00:00.000000000,6.089,5.005,0.0,0.0,0.0,0.0
240847,2025-02-14T22:00:00.000000000,6.444,5.341,0.0,0.0,0.0,0.0
240847,2025-02-14T23:00:00.000000000,8.298,6.177,0.0,0.0,0.0,0.0
240847,2025-02-15T00:00:00.000000000,7.256,6.308,0.0,0.0,0.0,0.0
240847,2025-02-15T01:00:00.000000000,7.214,6.551,0.0,0.0,0.0,0.0
240847,2025-02-15T02:00:00.000000000,6.843,6.205,0.0,0.0,0.0,0.0
240847,2025-02-15T03:00:00.000000000,6.29,5.6850000000000005,0.0,0.0,0.0,0.0
240847,2025-02-15T04:00:00.000000000,6.66,5.297,0.0,0.0,0.0,0.0
240847,2025-02-15T05:00:00.000000000,6.994000000000001,5.269,0.0,0.0,0.0,0.0
240847,2025-02-15T06:00:00.000000000,7.935,5.279999999999999,0.0,0.0,0.0,0.0
240847,2025-02-15T07:00:00.000000000,7.399000000000001,5.18,0.0,0.0,0.0,0.0
240847,2025-02-15T08:00:00.000000000,6.073,5.02,0.0,0.0,0.0,0.0
240847,2025-02-15T09:00:00.000000000,5.737,4.926,0.0,0.0,0.0,0.0
240847,2025-02-15T10:00:00.000000000,5.393,4.547000000000001,0.0,0.0,0.0,0.0
240847,2025-02-15T11:00:00.000000000,5.111,3.8149999999999995,0.0,0.0,0.0,0.0
240847,2025-02-15T12:00:00.000000000,3.577,3.0839999999999996,0.0,0.0,0.0,0.0
240847,2025-02-15T13:00:00.000000000,3.216,2.734,0.0,0.0,0.0,0.0
240847,2025-02-15T14:00:00.000000000,3.217,2.735,0.0,0.0,0.0,0.0
240847,2025-02-15T15:00:00.000000000,3.0799999999999996,2.607,0.0,0.0,0.0,0.0
240847,2025-02-15T16:00:00.000000000,3.436,2.7600000000000002,0.0,0.0,0.0,0.0
240847,2025-02-15T17:00:00.000000000,4.795,3.784,0.0,0.0,0.0,0.0
240847,2025-02-15T18:00:00.000000000,5.554,4.087,0.0,0.0,0.0,0.0
240847,2025-02-15T19:00:00.000000000,5.616,4.425000000000001,0.0,0.0,0.0,0.0
240847,2025-02-15T20:00:00.000000000,6.048,4.893000000000001,0.0,0.0,0.0,0.0
240847,2025-02-15T21:00:00.000000000,6.468999999999999,5.371,0.0,0.0,0.0,0.0
240847,2025-02-15T22:00:00.000000000,7.306,5.6850000000000005,0.0,0.0,0.0,0.0
240847,2025-02-15T23:00:00.000000000,8.524,6.3309999999999995,0.0,0.0,0.0,0.0
240847,2025-02-16T00:00:00.000000000,7.471,6.4510000000000005,0.0,0.0,0.0,0.0
240847,2025-02-16T01:00:00.000000000,7.4959999999999996,6.823,0.0,0.0,0.0,0.0
240847,2025-02-16T02:00:00.000000000,8.158000000000001,7.122,0.0,0.0,0.0,0.0
240847,2025-02-16T03:00:00.000000000,7.801,7.114,0.0,0.0,0.0,0.0
240847,2025-02-16T04:00:00.000000000,8.059,7.260999999999999,0.103,0.0,0.0,0.0
240847,2025-02-16T05:00:00.000000000,8.915999999999999,7.252,0.5720000000000001,0.0,0.0,0.0
240847,2025-02-16T06:00:00.000000000,8.546000000000001,7.252,0.597,0.0,0.0,0.0
240847,2025-02-16T07:00:00.000000000,9.785,7.292,0.45599999999999996,0.0,0.0,0.0
240847,2025-02-16T08:00:00.000000000,10.115,7.154,0.0,0.0,0.0,0.0
240847,2025-02-16T09:00:00.000000000,7.843,6.715,0.0,0.0,0.0,0.0
240847,2025-02-16T10:00:00.000000000,6.802,6.17,0.0,0.0,0.0,0.0
240847,2025-02-16T11:00:00.000000000,7.631,5.707,0.0,0.0,0.0,0.0
240847,2025-02-16T12:00:00.000000000,6.174,5.278,0.0,0.0,0.0,0.0
240847,2025-02-16T13:00:00.000000000,5.839,4.675,0.0,0.0,0.0,0.0
240847,2025-02-16T14:00:00.000000000,4.942,4.397,0.0,0.0,0.0,0.0
240847,2025-02-16T15:00:00.000000000,4.864,4.324,0.0,0.0,0.0,0.0
240847,2025-02-16T16:00:00.000000000,5.133,4.237,0.0,0.0,0.0,0.0
240847,2025-02-16T17:00:00.000000000,5.888000000000001,4.643,0.0,0.0,0.0,0.0
240847,2025-02-16T18:00:00.000000000,5.218,4.638,0.0,0.0,0.0,0.0
240847,2025-02-16T19:00:00.000000000,5.161,4.590999999999999,0.0,0.0,0.0,0.0
240847,2025-02-16T20:00:00.000000000,5.659,4.606,0.0,0.0,0.0,0.0
240847,2025-02-16T21:00:00.000000000,5.421,4.502,0.0,0.0,0.0,0.0
240847,2025-02-16T22:00:00.000000000,7.026000000000001,4.51,0.0,0.0,0.0,0.0
240847,2025-02-16T23:00:00.000000000,5.518,4.832,0.0,0.0,0.0,0.0
240847,2025-02-17T00:00:00.000000000,5.178,4.6129999999999995,0.0,0.0,0.0,0.0
240847,2025-02-17T01:00:00.000000000,4.934,4.389,0.0,0.0,0.0,0.0
240847,2025-02-17T02:00:00.000000000,4.84,4.301,0.0,0.0,0.0,0.0
240847,2025-02-17T03:00:00.000000000,4.717,4.184,0.0,0.0,0.0,0.0
240847,2025-02-17T04:00:00.000000000,5.043,4.004,0.0,0.0,0.0,0.0
240847,2025-02-17T05:00:00.000000000,4.164000000000001,3.6550000000000002,0.0,0.0,0.0,0.0
240847,2025-02-17T06:00:00.000000000,4.042999999999999,3.536,0.0,0.0,0.0,0.0
240847,2025-02-17T07:00:00.000000000,4.006,3.496,0.0,0.0,0.0,0.0
240847,2025-02-17T08:00:00.000000000,4.041,3.4399999999999995,0.0,0.0,0.0,0.0
240847,2025-02-17T09:00:00.000000000,4.183999999999999,3.3039999999999994,0.0,0.0,0.0,0.0
240847,2025-02-17T10:00:00.000000000,5.077,3.732,0.0,0.0,0.0,0.0
240847,2025-02-17T11:00:00.000000000,4.325,3.808,0.0,0.0,0.0,0.0
240847,2025-02-17T12:00:00.000000000,4.749,3.815,0.0,0.0,0.0,0.0
240847,2025-02-17T13:00:00.000000000,3.921,3.319,0.0,0.0,0.0,0.0
240847,2025-02-17T14:00:00.000000000,3.6019999999999994,2.92,0.0,0.0,0.0,0.0
240847,2025-02-17T15:00:00.000000000,3.6270000000000002,3.03,0.0,0.0,0.0,0.0
240847,2025-02-17T16:00:00.000000000,3.944,2.9890000000000003,0.0,0.0,0.0,0.0
240847,2025-02-17T17:00:00.000000000,5.042,3.362,0.0,0.0,0.0,0.0
240847,2025-02-17T18:00:00.000000000,5.055,3.311,0.0,0.0,0.0,0.0
240847,2025-02-17T19:00:00.000000000,5.4239999999999995,3.716,0.0,0.0,0.0,0.0
240847,2025-02-17T20:00:00.000000000,5.5969999999999995,3.778,0.0,0.0,0.0,0.0
240847,2025-02-17T21:00:00.000000000,6.152,3.5140000000000002,0.0,0.0,0.0,0.0
240847,2025-02-17T22:00:00.000000000,5.577,3.3259999999999996,0.0,0.0,0.0,0.0
240847,2025-02-17T23:00:00.000000000,4.3469999999999995,3.5069999999999997,0.0,0.0,0.0,0.0
240847,2025-02-18T00:00:00.000000000,3.9619999999999997,3.441,0.0,0.0,0.0,0.0
240847,2025-02-18T01:00:00.000000000,4.239,3.4130000000000003,0.0,0.0,0.0,0.0
240847,2025-02-18T02:00:00.000000000,3.811,3.306,0.0,0.0,0.0,0.0
240847,2025-02-18T03:00:00.000000000,3.718,3.149,0.0,0.0,0.0,0.0
240847,2025-02-18T04:00:00.000000000,3.64,3.041,0.0,0.0,0.0,0.0
240847,2025-02-18T05:00:00.000000000,3.583,2.955,0.0,0.0,0.0,0.0
240847,2025-02-18T06:00:00.000000000,3.683,2.959,0.0,0.0,0.0,0.0
240847,2025-02-18T07:00:00.000000000,3.912,3.082,0.0,0.0,0.0,0.0
240847,2025-02-18T08:00:00.000000000,4.551,2.913,0.0,0.0,0.0,0.0
240847,2025-02-18T09:00:00.000000000,4.683999999999999,2.939,0.0,0.0,0.0,0.0
240847,2025-02-18T10:00:00.000000000,3.652,2.794,0.0,0.0,0.0,0.0
240847,2025-02-18T11:00:00.000000000,3.5010000000000003,2.6430000000000002,0.0,0.0,0.0,0.0
240847,2025-02-18T12:00:00.000000000,3.56,2.69,0.0,0.0,0.0,0.0
240847,2025-02-18T13:00:00.000000000,4.224,2.653,0.0,0.0,0.0,0.0
240847,2025-02-18T14:00:00.000000000,3.457,2.595,0.0,0.0,0.0,0.0
240847,2025-02-18T15:00:00.000000000,4.684,2.248,0.0,0.0,0.0,0.0
240847,2025-02-18T16:00:00.000000000,3.388,2.2270000000000003,0.0,0.0,0.0,0.0
240847,2025-02-18T17:00:00.000000000,3.667,2.605,0.0,0.0,0.0,0.0
240847,2025-02-18T18:00:00.000000000,3.84,2.5220000000000002,0.0,0.0,0.0,0.0
240847,2025-02-18T19:00:00.000000000,4.333,2.5090000000000003,0.0,0.0,0.0,0.0
240847,2025-02-18T20:00:00.000000000,3.6390000000000002,2.582,0.0,0.0,0.0,0.0
240847,2025-02-18T21:00:00.000000000,3.6270000000000002,2.644,0.0,0.0,0.0,0.0
240847,2025-02-18T22:00:00.000000000,4.981,2.775,0.0,0.0,0.0,0.0
240847,2025-02-18T23:00:00.000000000,4.179,3.153,0.0,0.0,0.0,0.0
240847,2025-02-19T00:00:00.000000000,3.8489999999999998,3.155,0.0,0.0,0.0,0.0
240847,2025-02-19T01:00:00.000000000,4.7940000000000005,3.2729999999999997,0.0,0.0,0.0,0.0
240847,2025-02-19T02:00:00.000000000,3.8289999999999997,3.292,0.0,0.0,0.0,0.0
240847,2025-02-19T03:00:00.000000000,3.909,3.402,0.0,0.0,0.0,0.0
240847,2025-02-19T04:00:00.000000000,4.157,3.6420000000000003,0.0,0.0,0.0,0.0
240847,2025-02-19T05:00:00.000000000,4.494,3.968,0.0,0.0,0.0,0.0
240847,2025-02-19T06:00:00.000000000,4.935,4.387,0.0,0.0,0.0,0.0
240847,2025-02-19T07:00:00.000000000,5.145,4.327,0.0,0.0,0.0,0.0
240847,2025-02-19T08:00:00.000000000,4.481,3.8579999999999997,0.0,0.0,0.0,0.0
240847,2025-02-19T09:00:00.000000000,3.8979999999999997,3.027,0.0,0.0,0.0,0.0
240847,2025-02-19T10:00:00.000000000,4.308,2.159,0.0,0.0,0.0,0.0
240847,2025-02-19T11:00:00.000000000,2.093,1.5179999999999998,0.0,0.0,0.0,0.0
240847,2025-02-19T12:00:00.000000000,1.67,1.224,0.0,0.0,0.0,0.0
240847,2025-02-19T13:00:00.000000000,1.421,0.974,0.0,0.0,0.0,0.0
240847,2025-02-19T14:00:00.000000000,1.583,0.845,0.0,0.0,0.0,0.0
240847,2025-02-19T15:00:00.000000000,1.6079999999999999,0.7530000000000001,0.0,0.0,0.0,0.0
240847,2025-02-19T16:00:00.000000000,1.276,0.826,0.0,0.0,0.0,0.0
240847,2025-02-19T17:00:00.000000000,1.713,1.2309999999999999,0.0,0.0,0.0,0.0
240847,2025-02-19T18:00:00.000000000,2.974,1.291,0.0,0.0,0.0,0.0
240847,2025-02-19T19:00:00.000000000,2.564,1.477,0.0,0.0,0.0,0.0
240847,2025-02-19T20:00:00.000000000,2.626,1.596,0.0,0.0,0.0,0.0
240847,2025-02-19T21:00:00.000000000,2.672,1.72,0.0,0.0,0.0,0.0
240847,2025-02-19T22:00:00.000000000,2.6310000000000002,1.773,0.0,0.0,0.0,0.0
240847,2025-02-19T23:00:00.000000000,3.0949999999999998,2.1069999999999998,0.0,0.0,0.0,0.0
240847,2025-02-20T00:00:00.000000000,3.835,2.0439999999999996,0.0,0.0,0.0,0.0
240847,2025-02-20T01:00:00.000000000,2.3939999999999997,1.9369999999999998,0.0,0.0,0.0,0.0
240847,2025-02-20T02:00:00.000000000,2.495,2.036,0.0,0.0,0.0,0.0
240847,2025-02-20T03:00:00.000000000,2.579,2.118,0.0,0.0,0.0,0.0
240847,2025-02-20T04:00:00.000000000,2.94,2.165,0.0,0.0,0.0,0.0
240847,2025-02-20T05:00:00.000000000,5.752,2.609,0.0,0.0,0.0,0.0
240847,2025-02-20T06:00:00.000000000,9.095,4.029000000000001,0.0,0.0,0.0,0.0
240847,2025-02-20T07:00:00.000000000,4.2829999999999995,2.2039999999999997,0.0,0.0,0.0,0.0
240847,2025-02-20T08:00:00.000000000,2.265,1.726,0.0,0.0,0.0,0.0
240847,2025-02-20T09:00:00.000000000,1.951,1.5030000000000001,0.0,0.0,0.0,0.0
240847,2025-02-20T10:00:00.000000000,3.164,1.305,0.0,0.0,0.0,0.0
240847,2025-02-20T11:00:00.000000000,1.811,1.084,0.0,0.0,0.0,0.0
240847,2025-02-20T12:00:00.000000000,1.911,0.817,0.0,0.0,0.0,0.0
240847,2025-02-20T13:00:00.000000000,1.028,0.5820000000000001,0.0,0.0,0.0,0.0
240847,2025-02-20T14:00:00.000000000,0.8600000000000001,0.4149999999999999,0.0,0.0,0.0,0.0
240847,2025-02-20T15:00:00.000000000,0.7809999999999999,0.33699999999999997,0.0,0.0,0.0,0.0
240847,2025-02-20T16:00:00.000000000,0.87,0.423,0.0,0.0,0.0,0.0
240847,2025-02-20T17:00:00.000000000,1.2349999999999999,0.755,0.0,0.0,0.0,0.0
240847,2025-02-20T18:00:00.000000000,1.651,1.1780000000000002,0.0,0.0,0.0,0.0
240847,2025-02-20T19:00:00.000000000,2.006,1.539,0.0,0.0,0.0,0.0
240847,2025-02-20T20:00:00.000000000,2.757,1.7269999999999999,0.0,0.0,0.0,0.0
240847,2025-02-20T21:00:00.000000000,3.044,2.081,0.0,0.0,0.0,0.0
240847,2025-02-20T22:00:00.000000000,3.0090000000000003,2.405,0.0,0.0,0.0,0.0
240847,2025-02-20T23:00:00.000000000,3.213,2.605,0.0,0.0,0.0,0.0
240847,2025-02-21T00:00:00.000000000,3.405,2.525,0.0,0.0,0.0,0.0
240847,2025-02-21T01:00:00.000000000,3.176,2.516,0.0,0.0,0.0,0.0
240847,2025-02-21T02:00:00.000000000,3.02,2.544,0.0,0.0,0.0,0.0
240847,2025-02-21T03:00:00.000000000,3.432,2.943,0.0,0.0,0.0,0.0
240847,2025-02-21T04:00:00.000000000,3.569,3.077,0.0,0.0,0.0,0.0
240847,2025-02-21T05:00:00.000000000,3.581,3.091,0.0,0.0,0.0,0.0
240847,2025-02-21T06:00:00.000000000,4.831,2.974,0.0,0.0,0.0,0.0
240847,2025-02-21T07:00:00.000000000,3.559,2.743,0.0,0.0,0.0,0.0
240847,2025-02-21T08:00:00.000000000,2.8230000000000004,1.995,0.0,0.0,0.0,0.0
240847,2025-02-21T09:00:00.000000000,2.242,1.4180000000000001,0.0,0.0,0.0,0.0
240847,2025-02-21T10:00:00.000000000,2.102,1.084,0.0,0.0,0.0,0.0
240847,2025-02-21T11:00:00.000000000,1.6119999999999999,0.783,0.0,0.0,0.0,0.0
240847,2025-02-21T12:00:00.000000000,1.2309999999999999,0.39299999999999996,0.0,0.0,0.0,0.0
240847,2025-02-21T13:00:00.000000000,1.095,0.248,0.0,0.0,0.0,0.0
240847,2025-02-21T14:00:00.000000000,0.763,0.19099999999999998,0.0,0.0,0.0,0.0
240847,2025-02-21T15:00:00.000000000,1.077,0.155,0.0,0.0,0.0,0.0
240847,2025-02-21T16:00:00.000000000,1.249,0.40399999999999997,0.0,0.0,0.0,0.0
240847,2025-02-21T17:00:00.000000000,1.706,0.721,0.0,0.0,0.0,0.0
240847,2025-02-21T18:00:00.000000000,2.294,0.851,0.0,0.0,0.0,0.0
240847,2025-02-21T19:00:00.000000000,9.061,1.9290000000000003,0.0,0.0,0.0,0.0
240847,2025-02-21T20:00:00.000000000,4.746,1.452,0.0,0.0,0.0,0.0
240847,2025-02-21T21:00:00.000000000,2.575,1.376,0.0,0.0,0.0,0.0
240847,2025-02-21T22:00:00.000000000,2.364,1.509,0.0,0.0,0.0,0.0
240847,2025-02-21T23:00:00.000000000,2.2110000000000003,1.6400000000000001,0.0,0.0,0.0,0.0
240847,2025-02-22T00:00:00.000000000,2.048,1.5899999999999999,0.0,0.0,0.0,0.0
240847,2025-02-22T01:00:00.000000000,2.044,1.596,0.0,0.0,0.0,0.0
240847,2025-02-22T02:00:00.000000000,2.152,1.704,0.0,0.0,0.0,0.0
240847,2025-02-22T03:00:00.000000000,2.236,1.7870000000000001,0.0,0.0,0.0,0.0
240847,2025-02-22T04:00:00.000000000,2.377,1.926,0.0,0.0,0.0,0.0
240847,2025-02-22T05:00:00.000000000,2.527,2.0700000000000003,0.0,0.0,0.0,0.0
240847,2025-02-22T06:00:00.000000000,2.654,2.092,0.0,0.0,0.0,0.0
240847,2025-02-22T07:00:00.000000000,2.9610000000000003,2.1020000000000003,0.0,0.0,0.0,0.0
240847,2025-02-22T08:00:00.000000000,2.584,2.027,0.0,0.0,0.0,0.0
240847,2025-02-22T09:00:00.000000000,3.387,1.6760000000000002,0.0,0.0,0.0,0.0
240847,2025-02-22T10:00:00.000000000,2.8069999999999995,1.597,0.0,0.0,0.0,0.0
240847,2025-02-22T11:00:00.000000000,2.765,1.5430000000000001,0.0,0.0,0.0,0.0
240847,2025-02-22T12:00:00.000000000,2.6399999999999997,1.53,0.0,0.0,0.0,0.0
240847,2025-02-22T13:00:00.000000000,9.498000000000001,2.506,0.0,0.0,0.0,0.0
240847,2025-02-22T14:00:00.000000000,4.762,1.664,0.0,0.0,0.0,0.0
240847,2025-02-22T15:00:00.000000000,3.017,1.823,0.0,0.0,0.0,0.0
240847,2025-02-22T16:00:00.000000000,3.0540000000000003,2.125,0.0,0.0,0.0,0.0
240847,2025-02-22T17:00:00.000000000,3.232,2.1790000000000003,0.0,0.0,0.0,0.0
240847,2025-02-22T18:00:00.000000000,4.138,2.048,0.0,0.0,0.0,0.0
240847,2025-02-22T19:00:00.000000000,3.544,2.2379999999999995,0.0,0.0,0.0,0.0
240847,2025-02-22T20:00:00.000000000,2.742,1.706,0.0,0.0,0.0,0.0
240847,2025-02-22T21:00:00.000000000,2.778,1.5239999999999998,0.0,0.0,0.0,0.0
240847,2025-02-22T22:00:00.000000000,3.1529999999999996,1.9009999999999998,0.0,0.0,0.0,0.0
240847,2025-02-22T23:00:00.000000000,2.85,2.149,0.0,0.0,0.0,0.0
240847,2025-02-23T00:00:00.000000000,2.6319999999999997,2.1550000000000002,0.0,0.0,0.0,0.0
240847,2025-02-23T01:00:00.000000000,2.569,2.104,0.0,0.0,0.0,0.0
240847,2025-02-23T02:00:00.000000000,2.549,2.085,0.0,0.0,0.0,0.0
240847,2025-02-23T03:00:00.000000000,2.572,2.109,0.0,0.0,0.0,0.0
240847,2025-02-23T04:00:00.000000000,2.5690000000000004,2.108,0.0,0.0,0.0,0.0
240847,2025-02-23T05:00:00.000000000,2.651,2.188,0.0,0.0,0.0,0.0
240847,2025-02-23T06:00:00.000000000,2.56,2.101,0.0,0.0,0.0,0.0
240847,2025-02-23T07:00:00.000000000,2.887,2.411,0.0,0.0,0.0,0.0
240847,2025-02-23T08:00:00.000000000,2.9370000000000003,2.457,0.0,0.0,0.0,0.0
240847,2025-02-23T09:00:00.000000000,2.824,2.051,0.0,0.0,0.0,0.0
240847,2025-02-23T10:00:00.000000000,2.358,1.733,0.0,0.0,0.0,0.0
240847,2025-02-23T11:00:00.000000000,1.6560000000000001,1.212,0.0,0.0,0.0,0.0
240847,2025-02-23T12:00:00.000000000,2.188,1.066,0.0,0.0,0.0,0.0
240847,2025-02-23T13:00:00.000000000,2.148,0.934,0.0,0.0,0.0,0.0
240847,2025-02-23T14:00:00.000000000,2.191,0.979,0.0,0.0,0.0,0.0
240847,2025-02-23T15:00:00.000000000,2.0860000000000003,1.0430000000000001,0.0,0.0,0.0,0.0
240847,2025-02-23T16:00:00.000000000,1.9449999999999998,1.09,0.0,0.0,0.0,0.0
240847,2025-02-23T17:00:00.000000000,2.108,1.233,0.0,0.0,0.0,0.0
240847,2025-02-23T18:00:00.000000000,2.152,1.28,0.0,0.0,0.0,0.0
240847,2025-02-23T19:00:00.000000000,2.386,1.5259999999999998,0.0,0.0,0.0,0.0
240847,2025-02-23T20:00:00.000000000,3.071,1.693,0.0,0.0,0.0,0.0
240847,2025-02-23T21:00:00.000000000,2.9290000000000003,1.9700000000000002,0.0,0.0,0.0,0.0
240847,2025-02-23T22:00:00.000000000,3.098,2.318,0.0,0.0,0.0,0.0
240847,2025-02-23T23:00:00.000000000,3.088,2.584,0.0,0.0,0.0,0.0
240847,2025-02-24T00:00:00.000000000,3.164,2.6769999999999996,0.0,0.0,0.0,0.0
240847,2025-02-24T01:00:00.000000000,3.165,2.686,0.0,0.0,0.0,0.0
240847,2025-02-24T02:00:00.000000000,3.391,2.907,0.0,0.0,0.0,0.0
240847,2025-02-24T03:00:00.000000000,3.4229999999999996,2.918,0.0,0.0,0.0,0.0
240847,2025-02-24T04:00:00.000000000,3.329,2.8489999999999998,0.0,0.0,0.0,0.0
240847,2025-02-24T05:00:00.000000000,3.441,2.958,0.0,0.0,0.0,0.0
240847,2025-02-24T06:00:00.000000000,4.021,3.5149999999999997,0.0,0.0,0.0,0.0
240847,2025-02-24T07:00:00.000000000,4.090999999999999,3.5810000000000004,0.0,0.0,0.0,0.0
240847,2025-02-24T08:00:00.000000000,3.618,2.826,0.0,0.0,0.0,0.0
240847,2025-02-24T09:00:00.000000000,3.154,2.42,0.0,0.0,0.0,0.0
240847,2025-02-24T10:00:00.000000000,2.438,1.985,0.0,0.0,0.0,0.0
240847,2025-02-24T11:00:00.000000000,2.112,1.6669999999999998,0.0,0.0,0.0,0.0
240847,2025-02-24T12:00:00.000000000,1.821,1.374,0.0,0.0,0.0,0.0
240847,2025-02-24T13:00:00.000000000,1.653,1.206,0.0,0.0,0.0,0.0
240847,2025-02-24T14:00:00.000000000,1.649,1.2029999999999998,0.0,0.0,0.0,0.0
240847,2025-02-24T15:00:00.000000000,1.6869999999999998,1.2409999999999999,0.0,0.0,0.0,0.0
240847,2025-02-24T16:00:00.000000000,1.8489999999999998,1.3980000000000001,0.0,0.0,0.0,0.0
240847,2025-02-24T17:00:00.000000000,3.121,1.62,0.0,0.0,0.0,0.0
240847,2025-02-24T18:00:00.000000000,2.866,1.766,0.0,0.0,0.0,0.0
240847,2025-02-24T19:00:00.000000000,2.7909999999999995,1.704,0.0,0.0,0.0,0.0
240847,2025-02-24T20:00:00.000000000,2.835,1.804,0.0,0.0,0.0,0.0
240847,2025-02-24T21:00:00.000000000,3.316,2.0540000000000003,0.0,0.0,0.0,0.0
240847,2025-02-24T22:00:00.000000000,3.1870000000000003,2.295,0.0,0.0,0.0,0.0
240847,2025-02-24T23:00:00.000000000,3.34,2.702,0.0,0.0,0.0,0.0
240847,2025-02-25T00:00:00.000000000,3.019,2.536,0.0,0.0,0.0,0.0
240847,2025-02-25T01:00:00.000000000,3.03,2.555,0.0,0.0,0.0,0.0
240847,2025-02-25T02:00:00.000000000,3.1529999999999996,2.676,0.0,0.0,0.0,0.0
240847,2025-02-25T03:00:00.000000000,3.224,2.649,0.0,0.0,0.0,0.0
240847,2025-02-25T04:00:00.000000000,3.6140000000000003,2.7330000000000005,0.0,0.0,0.0,0.0
240847,2025-02-25T05:00:00.000000000,3.2489999999999997,2.75,0.0,0.0,0.0,0.0
240847,2025-02-25T06:00:00.000000000,3.425,2.941,0.0,0.0,0.0,0.0
240847,2025-02-25T07:00:00.000000000,3.4539999999999997,2.8810000000000002,0.0,0.0,0.0,0.0
240847,2025-02-25T08:00:00.000000000,3.5919999999999996,2.5540000000000003,0.0,0.0,0.0,0.0
240847,2025-02-25T09:00:00.000000000,5.33,2.515,0.0,0.0,0.0,0.0
240847,2025-02-25T10:00:00.000000000,4.775,2.517,0.0,0.0,0.0,0.0
240847,2025-02-25T11:00:00.000000000,3.983,1.964,0.0,0.0,0.0,0.0
240847,2025-02-25T12:00:00.000000000,3.7779999999999996,1.5339999999999998,0.0,0.0,0.0,0.0
240847,2025-02-25T13:00:00.000000000,2.449,1.5100000000000002,0.0,0.0,0.0,0.0
240847,2025-02-25T14:00:00.000000000,2.53,1.3170000000000002,0.0,0.0,0.0,0.0
240847,2025-02-25T15:00:00.000000000,2.4509999999999996,1.2169999999999999,0.0,0.0,0.0,0.0
240847,2025-02-25T16:00:00.000000000,2.6470000000000002,1.3410000000000002,0.0,0.0,0.0,0.0
240847,2025-02-25T17:00:00.000000000,4.221,1.61,0.0,0.0,0.0,0.0
240847,2025-02-25T18:00:00.000000000,3.0020000000000002,2.171,0.0,0.0,0.0,0.0
240847,2025-02-25T19:00:00.000000000,3.593,2.6390000000000002,0.0,0.0,0.0,0.0
240847,2025-02-25T20:00:00.000000000,3.969,2.902,0.0,0.0,0.0,0.0
240847,2025-02-25T21:00:00.000000000,4.192,3.3030000000000004,0.0,0.0,0.0,0.0
240847,2025-02-25T22:00:00.000000000,4.164000000000001,3.634,0.0,0.0,0.0,0.0
240847,2025-02-25T23:00:00.000000000,4.862,4.291,0.0,0.0,0.0,0.0
240847,2025-02-26T00:00:00.000000000,5.034,4.378,0.0,0.0,0.0,0.0
240847,2025-02-26T01:00:00.000000000,5.594,4.533,0.0,0.0,0.0,0.0
240847,2025-02-26T02:00:00.000000000,5.6160000000000005,5.042,0.0,0.0,0.0,0.0
240847,2025-02-26T03:00:00.000000000,5.7299999999999995,5.152,0.0,0.0,0.0,0.0
240847,2025-02-26T04:00:00.000000000,5.948,5.361000000000001,0.0,0.0,0.0,0.0
240847,2025-02-26T05:00:00.000000000,6.164,5.569,0.0,0.0,0.0,0.0
240847,2025-02-26T06:00:00.000000000,6.354,5.745,0.0,0.0,0.0,0.0
240847,2025-02-26T07:00:00.000000000,6.353999999999999,5.484999999999999,0.0,0.0,0.0,0.0
240847,2025-02-26T08:00:00.000000000,7.728,5.339999999999999,0.0,0.0,0.0,0.0
240847,2025-02-26T09:00:00.000000000,6.4479999999999995,4.882,0.0,0.0,0.0,0.0
240847,2025-02-26T10:00:00.000000000,5.591,4.219,0.0,0.0,0.0,0.0
240847,2025-02-26T11:00:00.000000000,4.343999999999999,3.544,0.0,0.0,0.0,0.0
240847,2025-02-26T12:00:00.000000000,5.133,2.633,0.0,0.0,0.0,0.0
240847,2025-02-26T13:00:00.000000000,2.3920000000000003,1.941,0.0,0.0,0.0,0.0
240847,2025-02-26T14:00:00.000000000,2.098,1.649,0.0,0.0,0.0,0.0
240847,2025-02-26T15:00:00.000000000,2.0170000000000003,1.5710000000000002,0.0,0.0,0.0,0.0
240847,2025-02-26T16:00:00.000000000,2.092,1.642,0.0,0.0,0.0,0.0
240847,2025-02-26T17:00:00.000000000,2.68,2.1870000000000003,0.0,0.0,0.0,0.0
240847,2025-02-26T18:00:00.000000000,3.294,2.5970000000000004,0.0,0.0,0.0,0.0
240847,2025-02-26T19:00:00.000000000,3.94,3.169,0.0,0.0,0.0,0.0
240847,2025-02-26T20:00:00.000000000,4.632999999999999,3.817,0.0,0.0,0.0,0.0
240847,2025-02-26T21:00:00.000000000,5.296,4.248000000000001,0.0,0.0,0.0,0.0
240847,2025-02-26T22:00:00.000000000,5.414,4.715,0.0,0.0,0.0,0.0
240847,2025-02-26T23:00:00.000000000,6.021000000000001,5.394,0.0,0.0,0.0,0.0
240847,2025-02-27T00:00:00.000000000,6.233,5.52,0.0,0.0,0.0,0.0
240847,2025-02-27T01:00:00.000000000,6.474,5.375,0.0,0.0,0.0,0.0
240847,2025-02-27T02:00:00.000000000,5.893000000000001,5.301,0.0,0.0,0.0,0.0
240847,2025-02-27T03:00:00.000000000,5.956,5.3629999999999995,0.0,0.0,0.0,0.0
240847,2025-02-27T04:00:00.000000000,5.956,5.366999999999999,0.0,0.0,0.0,0.0
240847,2025-02-27T05:00:00.000000000,5.946,5.3580000000000005,0.0,0.0,0.0,0.0
240847,2025-02-27T06:00:00.000000000,5.873,5.287000000000001,0.0,0.0,0.0,0.0
240847,2025-02-27T07:00:00.000000000,5.621,4.602,0.0,0.0,0.0,0.0
240847,2025-02-27T08:00:00.000000000,5.41,3.759,0.0,0.0,0.0,0.0
240847,2025-02-27T09:00:00.000000000,3.5559999999999996,3.0639999999999996,0.0,0.0,0.0,0.0
240847,2025-02-27T10:00:00.000000000,2.891,2.423,0.0,0.0,0.0,0.0
240847,2025-02-27T11:00:00.000000000,2.6910000000000003,1.9460000000000002,0.0,0.0,0.0,0.0
240847,2025-02-27T12:00:00.000000000,2.5909999999999997,1.5170000000000001,0.0,0.0,0.0,0.0
240847,2025-02-27T13:00:00.000000000,1.6760000000000002,1.2289999999999999,0.0,0.0,0.0,0.0
240847,2025-02-27T14:00:00.000000000,1.577,1.1320000000000001,0.0,0.0,0.0,0.0
240847,2025-02-27T15:00:00.000000000,1.524,1.078,0.0,0.0,0.0,0.0
240847,2025-02-27T16:00:00.000000000,1.643,1.194,0.0,0.0,0.0,0.0
240847,2025-02-27T17:00:00.000000000,2.102,1.62,0.0,0.0,0.0,0.0
240847,2025-02-27T18:00:00.000000000,2.766,1.7409999999999999,0.0,0.0,0.0,0.0
240847,2025-02-27T19:00:00.000000000,3.1470000000000002,1.863,0.0,0.0,0.0,0.0
240847,2025-02-27T20:00:00.000000000,3.2089999999999996,2.169,0.0,0.0,0.0,0.0
240847,2025-02-27T21:00:00.000000000,3.8920000000000003,2.7119999999999997,0.0,0.0,0.0,0.0
240847,2025-02-27T22:00:00.000000000,5.321,3.1020000000000003,0.0,0.0,0.0,0.0
240847,2025-02-27T23:00:00.000000000,5.35,3.3930000000000002,0.0,0.0,0.0,0.0
240847,2025-02-28T00:00:00.000000000,4.229,3.429,0.0,0.0,0.0,0.0
240847,2025-02-28T01:00:00.000000000,4.25,3.6340000000000003,0.0,0.0,0.0,0.0
240847,2025-02-28T02:00:00.000000000,5.267,3.621,0.0,0.0,0.0,0.0
240847,2025-02-28T03:00:00.000000000,3.879,3.377,0.0,0.0,0.0,0.0
240847,2025-02-28T04:00:00.000000000,3.7720000000000002,3.275,0.0,0.0,0.0,0.0
240847,2025-02-28T05:00:00.000000000,3.593,3.104,0.0,0.0,0.0,0.0
240847,2025-02-28T06:00:00.000000000,3.511,3.023,0.0,0.0,0.0,0.0
240847,2025-02-28T07:00:00.000000000,3.3129999999999997,2.766,0.0,0.0,0.0,0.0
240847,2025-02-28T08:00:00.000000000,3.0420000000000003,2.565,0.0,0.0,0.0,0.0
240847,2025-02-28T09:00:00.000000000,2.7800000000000002,2.3120000000000003,0.0,0.0,0.0,0.0
240847,2025-02-28T10:00:00.000000000,2.5380000000000003,1.9859999999999998,0.0,0.0,0.0,0.0
240847,2025-02-28T11:00:00.000000000,2.9539999999999997,1.746,0.0,0.0,0.0,0.0
240847,2025-02-28T12:00:00.000000000,2.154,1.707,0.0,0.0,0.0,0.0
240847,2025-02-28T13:00:00.000000000,2.131,1.683,0.0,0.0,0.0,0.0
240847,2025-02-28T14:00:00.000000000,2.136,1.686,0.0,0.0,0.0,0.0
240847,2025-02-28T15:00:00.000000000,2.164,1.717,0.0,0.0,0.0,0.0
240847,2025-02-28T16:00:00.000000000,2.234,1.781,0.0,0.0,0.0,0.0
240847,2025-02-28T17:00:00.000000000,2.713,2.2159999999999997,0.0,0.0,0.0,0.0
240847,2025-02-28T18:00:00.000000000,2.8649999999999998,2.37,0.0,0.0,0.0,0.0
240847,2025-02-28T19:00:00.000000000,3.7430000000000003,2.402,0.0,0.0,0.0,0.0
240847,2025-02-28T20:00:00.000000000,4.24,2.4059999999999997,0.0,0.0,0.0,0.0
240847,2025-02-28T21:00:00.000000000,3.731,2.646,0.0,0.0,0.0,0.0
240847,2025-02-28T22:00:00.000000000,3.91,2.6250000000000004,0.0,0.0,0.0,0.0
240847,2025-02-28T23:00:00.000000000,3.6170000000000004,2.9939999999999998,0.0,0.0,0.0,0.0
240847,2025-03-01T00:00:00.000000000,3.8640000000000003,2.548,0.0,0.0,0.0,0.0
240847,2025-03-01T01:00:00.000000000,2.649,2.1710000000000003,0.0,0.0,0.0,0.0
240847,2025-03-01T02:00:00.000000000,2.544,2.0700000000000003,0.0,0.0,0.0,0.0
240847,2025-03-01T03:00:00.000000000,2.445,1.976,0.0,0.0,0.0,0.0
240847,2025-03-01T04:00:00.000000000,2.503,2.0330000000000004,0.0,0.0,0.0,0.0
240847,2025-03-01T05:00:00.000000000,2.767,2.288,0.0,0.0,0.0,0.0
240847,2025-03-01T06:00:00.000000000,2.904,2.323,0.0,0.0,0.0,0.0
240847,2025-03-01T07:00:00.000000000,4.791,1.8840000000000001,0.0,0.0,0.0,0.0
240847,2025-03-01T08:00:00.000000000,2.282,1.5779999999999998,0.0,0.0,0.0,0.0
240847,2025-03-01T09:00:00.000000000,1.968,1.262,0.0,0.0,0.0,0.0
240847,2025-03-01T10:00:00.000000000,1.665,0.964,0.0,0.0,0.0,0.0
240847,2025-03-01T11:00:00.000000000,2.7909999999999995,0.619,0.0,0.0,0.0,0.0
240847,2025-03-01T12:00:00.000000000,1.899,0.525,0.0,0.0,0.0,0.0
240847,2025-03-01T13:00:00.000000000,1.021,0.503,0.0,0.0,0.0,0.0
240847,2025-03-01T14:00:00.000000000,1.072,0.312,0.0,0.0,0.0,0.0
240847,2025-03-01T15:00:00.000000000,1.24,0.376,0.0,0.0,0.0,0.0
240847,2025-03-01T16:00:00.000000000,1.128,0.6240000000000001,0.0,0.0,0.0,0.0
240847,2025-03-01T17:00:00.000000000,1.48,0.978,0.0,0.0,0.0,0.0
240847,2025-03-01T18:00:00.000000000,1.691,1.1969999999999998,0.0,0.0,0.0,0.0
240847,2025-03-01T19:00:00.000000000,2.111,1.289,0.0,0.0,0.0,0.0
240847,2025-03-01T20:00:00.000000000,2.3,1.3939999999999997,0.0,0.0,0.0,0.0
240847,2025-03-01T21:00:00.000000000,2.26,1.408,0.0,0.0,0.0,0.0
240847,2025-03-01T22:00:00.000000000,2.1990000000000003,1.466,0.0,0.0,0.0,0.0
240847,2025-03-01T23:00:00.000000000,2.311,1.674,0.0,0.0,0.0,0.0
240847,2025-03-02T00:00:00.000000000,2.273,1.764,0.0,0.0,0.0,0.0
240847,2025-03-02T01:00:00.000000000,2.396,1.722,0.0,0.0,0.0,0.0
240847,2025-03-02T02:00:00.000000000,2.3040000000000003,1.5510000000000002,0.0,0.0,0.0,0.0
240847,2025-03-02T03:00:00.000000000,1.8270000000000002,1.3639999999999999,0.0,0.0,0.0,0.0
240847,2025-03-02T04:00:00.000000000,1.806,1.348,0.0,0.0,0.0,0.0
240847,2025-03-02T05:00:00.000000000,1.84,1.382,0.0,0.0,0.0,0.0
240847,2025-03-02T06:00:00.000000000,1.842,1.381,0.0,0.0,0.0,0.0
240847,2025-03-02T07:00:00.000000000,2.076,1.3539999999999999,0.0,0.0,0.0,0.0
240847,2025-03-02T08:00:00.000000000,2.286,1.188,0.0,0.0,0.0,0.0
240847,2025-03-02T09:00:00.000000000,2.1470000000000002,1.0470000000000002,0.0,0.0,0.0,0.0
240847,2025-03-02T10:00:00.000000000,1.882,0.8959999999999999,0.0,0.0,0.0,0.0
240847,2025-03-02T11:00:00.000000000,1.135,0.661,0.0,0.0,0.0,0.0
240847,2025-03-02T12:00:00.000000000,1.072,0.608,0.0,0.0,0.0,0.0
240847,2025-03-02T13:00:00.000000000,1.202,0.7369999999999999,0.0,0.0,0.0,0.0
240847,2025-03-02T14:00:00.000000000,1.716,0.847,0.0,0.0,0.0,0.0
240847,2025-03-02T15:00:00.000000000,1.512,0.88,0.0,0.0,0.0,0.0
240847,2025-03-02T16:00:00.000000000,1.3150000000000002,0.846,0.0,0.0,0.0,0.0
240847,2025-03-02T17:00:00.000000000,1.551,1.048,0.0,0.0,0.0,0.0
240847,2025-03-02T18:00:00.000000000,2.096,1.173,0.0,0.0,0.0,0.0
240847,2025-03-02T19:00:00.000000000,2.053,1.343,0.0,0.0,0.0,0.0
240847,2025-03-02T20:00:00.000000000,2.362,1.455,0.0,0.0,0.0,0.0
240847,2025-03-02T21:00:00.000000000,2.4259999999999997,1.574,0.0,0.0,0.0,0.0
240847,2025-03-02T22:00:00.000000000,2.247,1.677,0.0,0.0,0.0,0.0
240847,2025-03-02T23:00:00.000000000,2.457,1.856,0.0,0.0,0.0,0.0
240847,2025-03-03T00:00:00.000000000,2.718,1.834,0.0,0.0,0.0,0.0
240847,2025-03-03T01:00:00.000000000,2.4610000000000003,1.868,0.0,0.0,0.0,0.0
240847,2025-03-03T02:00:00.000000000,2.447,1.978,0.0,0.0,0.0,0.0
240847,2025-03-03T03:00:00.000000000,2.439,1.972,0.0,0.0,0.0,0.0
240847,2025-03-03T04:00:00.000000000,2.596,2.125,0.0,0.0,0.0,0.0
240847,2025-03-03T05:00:00.000000000,2.7699999999999996,2.2939999999999996,0.0,0.0,0.0,0.0
240847,2025-03-03T06:00:00.000000000,2.624,2.15,0.0,0.0,0.0,0.0
240847,2025-03-03T07:00:00.000000000,2.292,1.825,0.0,0.0,0.0,0.0
240847,2025-03-03T08:00:00.000000000,2.116,1.646,0.0,0.0,0.0,0.0
240847,2025-03-03T09:00:00.000000000,2.029,1.441,0.0,0.0,0.0,0.0
240847,2025-03-03T10:00:00.000000000,1.9189999999999998,1.217,0.0,0.0,0.0,0.0
240847,2025-03-03T11:00:00.000000000,1.5470000000000002,0.8440000000000001,0.0,0.0,0.0,0.0
240847,2025-03-03T12:00:00.000000000,1.174,0.647,0.0,0.0,0.0,0.0
240847,2025-03-03T13:00:00.000000000,2.962,0.329,0.0,0.0,0.0,0.0
240847,2025-03-03T14:00:00.000000000,2.091,0.269,0.0,0.0,0.0,0.0
240847,2025-03-03T15:00:00.000000000,0.994,0.269,0.0,0.0,0.0,0.0
240847,2025-03-03T16:00:00.000000000,1.1300000000000001,0.366,0.0,0.0,0.0,0.0
240847,2025-03-03T17:00:00.000000000,1.576,0.71,0.0,0.0,0.0,0.0
240847,2025-03-03T18:00:00.000000000,1.85,0.927,0.0,0.0,0.0,0.0
240847,2025-03-03T19:00:00.000000000,2.515,1.1829999999999998,0.0,0.0,0.0,0.0
240847,2025-03-03T20:00:00.000000000,2.683,1.375,0.0,0.0,0.0,0.0
240847,2025-03-03T21:00:00.000000000,2.6519999999999997,1.502,0.0,0.0,0.0,0.0
240847,2025-03-03T22:00:00.000000000,2.332,1.599,0.0,0.0,0.0,0.0
240847,2025-03-03T23:00:00.000000000,2.336,1.8369999999999997,0.0,0.0,0.0,0.0
240847,2025-03-04T00:00:00.000000000,2.3899999999999997,1.911,0.0,0.0,0.0,0.0
240847,2025-03-04T01:00:00.000000000,2.354,1.886,0.0,0.0,0.0,0.0
240847,2025-03-04T02:00:00.000000000,2.3659999999999997,1.899,0.0,0.0,0.0,0.0
240847,2025-03-04T03:00:00.000000000,2.315,1.852,0.0,0.0,0.0,0.0
240847,2025-03-04T04:00:00.000000000,2.406,1.943,0.0,0.0,0.0,0.0
240847,2025-03-04T05:00:00.000000000,2.7279999999999998,2.0570000000000004,0.0,0.0,0.0,0.0
240847,2025-03-04T06:00:00.000000000,2.9999999999999996,2.04,0.0,0.0,0.0,0.0
240847,2025-03-04T07:00:00.000000000,4.773,1.557,0.0,0.0,0.0,0.0
240847,2025-03-04T08:00:00.000000000,2.75,1.521,0.0,0.0,0.0,0.0
240847,2025-03-04T09:00:00.000000000,2.067,1.3179999999999998,0.0,0.0,0.0,0.0
240847,2025-03-04T10:00:00.000000000,1.756,1.054,0.0,0.0,0.0,0.0
240847,2025-03-04T11:00:00.000000000,1.351,0.645,0.0,0.0,0.0,0.0
240847,2025-03-04T12:00:00.000000000,1.2519999999999998,0.335,0.0,0.0,0.0,0.0
240847,2025-03-04T13:00:00.000000000,1.112,0.07100000000000001,0.0,0.0,0.0,0.0
240847,2025-03-04T14:00:00.000000000,0.7069999999999999,0.0,0.0,0.0,0.0,0.0
240847,2025-03-04T15:00:00.000000000,0.7250000000000001,0.0,0.0,0.0,0.0,0.0
240847,2025-03-04T16:00:00.000000000,0.7649999999999999,0.0,0.0,0.0,0.0,0.0
240847,2025-03-04T17:00:00.000000000,0.956,0.09,0.0,0.0,0.0,0.0
240847,2025-03-04T18:00:00.000000000,1.603,0.39899999999999997,0.0,0.0,0.0,0.0
240847,2025-03-04T19:00:00.000000000,1.899,0.5930000000000001,0.0,0.0,0.0,0.0
240847,2025-03-04T20:00:00.000000000,2.101,0.8039999999999999,0.0,0.0,0.0,0.0
240847,2025-03-04T21:00:00.000000000,2.275,1.016,0.0,0.0,0.0,0.0
240847,2025-03-04T22:00:00.000000000,2.36,1.215,0.0,0.0,0.0,0.0
240847,2025-03-04T23:00:00.000000000,2.08,1.4009999999999998,0.0,0.0,0.0,0.0
240847,2025-03-05T00:00:00.000000000,1.907,1.4309999999999998,0.0,0.0,0.0,0.0
240847,2025-03-05T01:00:00.000000000,1.978,1.512,0.0,0.0,0.0,0.0
240847,2025-03-05T02:00:00.000000000,2.051,1.588,0.0,0.0,0.0,0.0
240847,2025-03-05T03:00:00.000000000,1.9929999999999999,1.5310000000000001,0.0,0.0,0.0,0.0
240847,2025-03-05T04:00:00.000000000,2.016,1.557,0.0,0.0,0.0,0.0
240847,2025-03-05T05:00:00.000000000,2.021,1.562,0.0,0.0,0.0,0.0
240847,2025-03-05T06:00:00.000000000,1.978,1.516,0.0,0.0,0.0,0.0
240847,2025-03-05T07:00:00.000000000,2.811,1.442,0.0,0.0,0.0,0.0
240847,2025-03-05T08:00:00.000000000,2.294,1.28,0.0,0.0,0.0,0.0
240847,2025-03-05T09:00:00.000000000,2.02,1.1480000000000001,0.0,0.0,0.0,0.0
240847,2025-03-05T10:00:00.000000000,1.559,0.9269999999999999,0.0,0.0,0.0,0.0
240847,2025-03-05T11:00:00.000000000,1.217,0.654,0.0,0.0,0.0,0.0
240847,2025-03-05T12:00:00.000000000,1.4169999999999998,0.545,0.0,0.0,0.0,0.0
240847,2025-03-05T13:00:00.000000000,1.196,0.639,0.0,0.0,0.0,0.0
240847,2025-03-05T14:00:00.000000000,1.2109999999999999,0.7449999999999999,0.0,0.0,0.0,0.0
240847,2025-03-05T15:00:00.000000000,1.158,0.6930000000000001,0.0,0.0,0.0,0.0
240847,2025-03-05T16:00:00.000000000,1.173,0.7040000000000001,0.0,0.0,0.0,0.0
240847,2025-03-05T17:00:00.000000000,1.294,0.7919999999999999,0.0,0.0,0.0,0.0
240847,2025-03-05T18:00:00.000000000,1.439,0.945,0.0,0.0,0.0,0.0
240847,2025-03-05T19:00:00.000000000,1.5550000000000002,1.069,0.0,0.0,0.0,0.0
240847,2025-03-05T20:00:00.000000000,1.677,1.191,0.0,0.0,0.0,0.0
240847,2025-03-05T21:00:00.000000000,6.417,1.7850000000000001,0.0,0.0,0.0,0.0
240847,2025-03-05T22:00:00.000000000,4.35,1.653,0.0,0.0,0.0,0.0
240847,2025-03-05T23:00:00.000000000,2.575,1.642,0.0,0.0,0.0,0.0
240847,2025-03-06T00:00:00.000000000,2.128,1.6520000000000001,0.0,0.0,0.0,0.0
240847,2025-03-06T01:00:00.000000000,2.12,1.653,0.0,0.0,0.0,0.0
240847,2025-03-06T02:00:00.000000000,2.1670000000000003,1.702,0.0,0.0,0.0,0.0
240847,2025-03-06T03:00:00.000000000,2.23,1.767,0.0,0.0,0.0,0.0
240847,2025-03-06T04:00:00.000000000,2.249,1.788,0.0,0.0,0.0,0.0
240847,2025-03-06T05:00:00.000000000,2.5239999999999996,1.8599999999999999,0.0,0.0,0.0,0.0
240847,2025-03-06T06:00:00.000000000,2.84,1.932,0.0,0.0,0.0,0.0
240847,2025-03-06T07:00:00.000000000,2.7379999999999995,1.663,0.0,0.0,0.0,0.0
240847,2025-03-06T08:00:00.000000000,2.53,1.4300000000000002,0.0,0.0,0.0,0.0
240847,2025-03-06T09:00:00.000000000,2.218,1.2870000000000001,0.0,0.0,0.0,0.0
240847,2025-03-06T10:00:00.000000000,1.584,1.072,0.0,0.0,0.0,0.0
240847,2025-03-06T11:00:00.000000000,1.179,0.7170000000000001,0.0,0.0,0.0,0.0
240847,2025-03-06T12:00:00.000000000,1.217,0.45199999999999996,0.0,0.0,0.0,0.0
240847,2025-03-06T13:00:00.000000000,1.124,0.251,0.0,0.0,0.0,0.0
240847,2025-03-06T14:00:00.000000000,0.538,0.046,0.0,0.0,0.0,0.0
240847,2025-03-06T15:00:00.000000000,0.464,0.0,0.0,0.0,0.0,0.0
240847,2025-03-06T16:00:00.000000000,0.506,0.036000000000000004,0.0,0.0,0.0,0.0
240847,2025-03-06T17:00:00.000000000,0.867,0.366,0.0,0.0,0.0,0.0
240847,2025-03-06T18:00:00.000000000,1.12,0.628,0.0,0.0,0.0,0.0
240847,2025-03-06T19:00:00.000000000,1.703,0.7719999999999999,0.0,0.0,0.0,0.0
240847,2025-03-06T20:00:00.000000000,1.942,1.038,0.0,0.0,0.0,0.0
240847,2025-03-06T21:00:00.000000000,1.774,1.2870000000000001,0.0,0.0,0.0,0.0
240847,2025-03-06T22:00:00.000000000,1.9289999999999998,1.4469999999999998,0.0,0.0,0.0,0.0
240847,2025-03-06T23:00:00.000000000,2.169,1.673,0.0,0.0,0.0,0.0
240847,2025-03-07T00:00:00.000000000,2.644,1.7550000000000001,0.0,0.0,0.0,0.0
240847,2025-03-07T01:00:00.000000000,2.504,1.876,0.0,0.0,0.0,0.0
240847,2025-03-07T02:00:00.000000000,2.691,2.2119999999999997,0.0,0.0,0.0,0.0
240847,2025-03-07T03:00:00.000000000,2.9509999999999996,2.466,0.0,0.0,0.0,0.0
240847,2025-03-07T04:00:00.000000000,3.061,2.574,0.0,0.0,0.0,0.0
240847,2025-03-07T05:00:00.000000000,3.107,2.619,0.0,0.0,0.0,0.0
240847,2025-03-07T06:00:00.000000000,3.106,2.616,0.0,0.0,0.0,0.0
240847,2025-03-07T07:00:00.000000000,2.917,2.0740000000000003,0.0,0.0,0.0,0.0
240847,2025-03-07T08:00:00.000000000,2.606,1.5819999999999999,0.0,0.0,0.0,0.0
240847,2025-03-07T09:00:00.000000000,2.146,1.29,0.0,0.0,0.0,0.0
240847,2025-03-07T10:00:00.000000000,1.861,0.9899999999999999,0.0,0.0,0.0,0.0
240847,2025-03-07T11:00:00.000000000,1.429,0.5559999999999999,0.0,0.0,0.0,0.0
240847,2025-03-07T12:00:00.000000000,1.089,0.284,0.0,0.0,0.0,0.0
240847,2025-03-07T13:00:00.000000000,0.532,0.067,0.0,0.0,0.0,0.0
240847,2025-03-07T14:00:00.000000000,0.464,0.0,0.0,0.0,0.0,0.0
240847,2025-03-07T15:00:00.000000000,0.464,0.0,0.0,0.0,0.0,0.0
240847,2025-03-07T16:00:00.000000000,0.47,0.0,0.0,0.0,0.0,0.0
240847,2025-03-07T17:00:00.000000000,0.607,0.10600000000000001,0.0,0.0,0.0,0.0
240847,2025-03-07T18:00:00.000000000,0.791,0.29900000000000004,0.0,0.0,0.0,0.0
240847,2025-03-07T19:00:00.000000000,1.229,0.41,0.0,0.0,0.0,0.0
240847,2025-03-07T20:00:00.000000000,1.417,0.512,0.0,0.0,0.0,0.0
240847,2025-03-07T21:00:00.000000000,1.404,0.555,0.0,0.0,0.0,0.0
240847,2025-03-07T22:00:00.000000000,1.322,0.591,0.0,0.0,0.0,0.0
240847,2025-03-07T23:00:00.000000000,1.2890000000000001,0.74,0.0,0.0,0.0,0.0
240847,2025-03-08T00:00:00.000000000,1.5310000000000001,0.845,0.0,0.0,0.0,0.0
240847,2025-03-08T01:00:00.000000000,1.8499999999999999,0.968,0.0,0.0,0.0,0.0
240847,2025-03-08T02:00:00.000000000,1.779,1.088,0.0,0.0,0.0,0.0
240847,2025-03-08T03:00:00.000000000,1.7069999999999999,1.2469999999999999,0.0,0.0,0.0,0.0
240847,2025-03-08T04:00:00.000000000,1.876,1.4169999999999998,0.0,0.0,0.0,0.0
240847,2025-03-08T05:00:00.000000000,1.9579999999999997,1.4980000000000002,0.0,0.0,0.0,0.0
240847,2025-03-08T06:00:00.000000000,2.123,1.6609999999999998,0.0,0.0,0.0,0.0
240847,2025-03-08T07:00:00.000000000,2.441,1.409,0.0,0.0,0.0,0.0
240847,2025-03-08T08:00:00.000000000,2.109,1.022,0.0,0.0,0.0,0.0
240847,2025-03-08T09:00:00.000000000,1.766,0.841,0.0,0.0,0.0,0.0
240847,2025-03-08T10:00:00.000000000,1.476,0.597,0.0,0.0,0.0,0.0
240847,2025-03-08T11:00:00.000000000,0.808,0.297,0.0,0.0,0.0,0.0
240847,2025-03-08T12:00:00.000000000,0.9239999999999999,0.161,0.0,0.0,0.0,0.0
240847,2025-03-08T13:00:00.000000000,0.861,0.0,0.0,0.0,0.0,0.0
240847,2025-03-08T14:00:00.000000000,0.895,0.012,0.0,0.0,0.0,0.0
240847,2025-03-08T15:00:00.000000000,0.556,0.048,0.0,0.0,0.0,0.0
240847,2025-03-08T16:00:00.000000000,0.6160000000000001,0.147,0.0,0.0,0.0,0.0
240847,2025-03-08T17:00:00.000000000,1.003,0.502,0.0,0.0,0.0,0.0
240847,2025-03-08T18:00:00.000000000,1.366,0.65,0.0,0.0,0.0,0.0
240847,2025-03-08T19:00:00.000000000,1.516,0.8089999999999999,0.0,0.0,0.0,0.0
240847,2025-03-08T20:00:00.000000000,1.7679999999999998,0.975,0.0,0.0,0.0,0.0
240847,2025-03-08T21:00:00.000000000,1.943,1.092,0.0,0.0,0.0,0.0
240847,2025-03-08T22:00:00.000000000,2.091,1.3079999999999998,0.0,0.0,0.0,0.0
240847,2025-03-08T23:00:00.000000000,2.457,1.5450000000000002,0.0,0.0,0.0,0.0
240847,2025-03-09T00:00:00.000000000,2.2920000000000003,1.586,0.0,0.0,0.0,0.0
240847,2025-03-09T01:00:00.000000000,2.049,1.584,0.0,0.0,0.0,0.0
240847,2025-03-09T02:00:00.000000000,1.9000000000000001,1.436,0.0,0.0,0.0,0.0
240847,2025-03-09T03:00:00.000000000,1.802,1.3410000000000002,0.0,0.0,0.0,0.0
240847,2025-03-09T04:00:00.000000000,1.771,1.312,0.0,0.0,0.0,0.0
240847,2025-03-09T05:00:00.000000000,1.734,1.2770000000000001,0.0,0.0,0.0,0.0
240847,2025-03-09T06:00:00.000000000,1.7910000000000001,1.222,0.0,0.0,0.0,0.0
240847,2025-03-09T07:00:00.000000000,10.007,1.571,0.0,0.0,0.0,0.0
240847,2025-03-09T08:00:00.000000000,1.716,0.7460000000000001,0.0,0.0,0.0,0.0
240847,2025-03-09T09:00:00.000000000,1.103,0.579,0.0,0.0,0.0,0.0
240847,2025-03-09T10:00:00.000000000,0.833,0.371,0.0,0.0,0.0,0.0
240847,2025-03-09T11:00:00.000000000,1.019,0.251,0.0,0.0,0.0,0.0
240847,2025-03-09T12:00:00.000000000,1.076,0.208,0.0,0.0,0.0,0.0
240847,2025-03-09T13:00:00.000000000,0.911,0.122,0.0,0.0,0.0,0.0
240847,2025-03-09T14:00:00.000000000,0.62,0.156,0.0,0.0,0.0,0.0
240847,2025-03-09T15:00:00.000000000,0.716,0.252,0.0,0.0,0.0,0.0
240847,2025-03-09T16:00:00.000000000,0.859,0.38999999999999996,0.0,0.0,0.0,0.0
240847,2025-03-09T17:00:00.000000000,1.111,0.6090000000000001,0.0,0.0,0.0,0.0
240847,2025-03-09T18:00:00.000000000,1.198,0.704,0.0,0.0,0.0,0.0
240847,2025-03-09T19:00:00.000000000,1.338,0.853,0.0,0.0,0.0,0.0
240847,2025-03-09T20:00:00.000000000,1.809,0.907,0.0,0.0,0.0,0.0
240847,2025-03-09T21:00:00.000000000,2.0629999999999997,0.883,0.0,0.0,0.0,0.0
240847,2025-03-09T22:00:00.000000000,1.577,0.8260000000000001,0.0,0.0,0.0,0.0
240847,2025-03-09T23:00:00.000000000,1.4900000000000002,0.857,0.0,0.0,0.0,0.0
240847,2025-03-10T00:00:00.000000000,1.3860000000000001,0.834,0.0,0.0,0.0,0.0
240847,2025-03-10T01:00:00.000000000,1.398,0.902,0.0,0.0,0.0,0.0
240847,2025-03-10T02:00:00.000000000,1.383,0.9219999999999999,0.0,0.0,0.0,0.0
240847,2025-03-10T03:00:00.000000000,1.332,0.872,0.0,0.0,0.0,0.0
240847,2025-03-10T04:00:00.000000000,1.7530000000000001,0.873,0.0,0.0,0.0,0.0
240847,2025-03-10T05:00:00.000000000,1.364,0.859,0.0,0.0,0.0,0.0
240847,2025-03-10T06:00:00.000000000,1.2970000000000002,0.836,0.0,0.0,0.0,0.0
240847,2025-03-10T07:00:00.000000000,1.339,0.875,0.0,0.0,0.0,0.0
240847,2025-03-10T08:00:00.000000000,1.3619999999999999,0.8959999999999999,0.0,0.0,0.0,0.0
240847,2025-03-10T09:00:00.000000000,1.2770000000000001,0.8089999999999999,0.0,0.0,0.0,0.0
240847,2025-03-10T10:00:00.000000000,1.222,0.757,0.0,0.0,0.0,0.0
240847,2025-03-10T11:00:00.000000000,1.013,0.552,0.0,0.0,0.0,0.0
240847,2025-03-10T12:00:00.000000000,0.853,0.38899999999999996,0.0,0.0,0.0,0.0
240847,2025-03-10T13:00:00.000000000,0.672,0.20599999999999996,0.0,0.0,0.0,0.0
240847,2025-03-10T14:00:00.000000000,0.762,0.297,0.0,0.0,0.0,0.0
240847,2025-03-10T15:00:00.000000000,1.387,0.37100000000000005,0.0,0.0,0.0,0.0
240847,2025-03-10T16:00:00.000000000,1.589,0.413,0.0,0.0,0.0,0.0
240847,2025-03-10T17:00:00.000000000,2.091,0.826,0.0,0.0,0.0,0.0
240847,2025-03-10T18:00:00.000000000,2.309,0.973,0.0,0.0,0.0,0.0
240847,2025-03-10T19:00:00.000000000,3.014,1.125,0.0,0.0,0.0,0.0
240847,2025-03-10T20:00:00.000000000,2.892,1.308,0.0,0.0,0.0,0.0
240847,2025-03-10T21:00:00.000000000,2.759,1.512,0.0,0.0,0.0,0.0
240847,2025-03-10T22:00:00.000000000,2.5300000000000002,1.5750000000000002,0.0,0.0,0.0,0.0
240847,2025-03-10T23:00:00.000000000,2.633,1.727,0.0,0.0,0.0,0.0
240847,2025-03-11T00:00:00.000000000,2.588,1.709,0.0,0.0,0.0,0.0
240847,2025-03-11T01:00:00.000000000,2.1710000000000003,1.704,0.0,0.0,0.0,0.0
240847,2025-03-11T02:00:00.000000000,2.165,1.7,0.0,0.0,0.0,0.0
240847,2025-03-11T03:00:00.000000000,2.1830000000000003,1.722,0.0,0.0,0.0,0.0
240847,2025-03-11T04:00:00.000000000,2.201,1.7409999999999999,0.0,0.0,0.0,0.0
240847,2025-03-11T05:00:00.000000000,2.216,1.7570000000000001,0.0,0.0,0.0,0.0
240847,2025-03-11T06:00:00.000000000,2.225,1.762,0.0,0.0,0.0,0.0
240847,2025-03-11T07:00:00.000000000,2.1870000000000003,1.72,0.0,0.0,0.0,0.0
240847,2025-03-11T08:00:00.000000000,2.2699999999999996,1.6219999999999999,0.0,0.0,0.0,0.0
240847,2025-03-11T09:00:00.000000000,2.2859999999999996,1.5780000000000003,0.0,0.0,0.0,0.0
240847,2025-03-11T10:00:00.000000000,2.267,1.565,0.0,0.0,0.0,0.0
240847,2025-03-11T11:00:00.000000000,2.2859999999999996,1.58,0.0,0.0,0.0,0.0
240847,2025-03-11T12:00:00.000000000,2.2969999999999997,1.581,0.0,0.0,0.0,0.0
240847,2025-03-11T13:00:00.000000000,2.738,1.589,0.0,0.0,0.0,0.0
240847,2025-03-11T14:00:00.000000000,2.93,1.534,0.0,0.0,0.0,0.0
240847,2025-03-11T15:00:00.000000000,2.383,1.654,0.0,0.0,0.0,0.0
240847,2025-03-11T16:00:00.000000000,2.8369999999999997,1.761,0.0,0.0,0.0,0.0
240847,2025-03-11T17:00:00.000000000,3.251,1.97,0.0,0.0,0.0,0.0
240847,2025-03-11T18:00:00.000000000,3.0919999999999996,1.763,0.0,0.0,0.0,0.0
240847,2025-03-11T19:00:00.000000000,2.753,1.428,0.0,0.0,0.0,0.0
240847,2025-03-11T20:00:00.000000000,2.609,1.291,0.0,0.0,0.0,0.0
240847,2025-03-11T21:00:00.000000000,2.555,1.2870000000000001,0.0,0.0,0.0,0.0
240847,2025-03-11T22:00:00.000000000,2.371,1.292,0.0,0.0,0.0,0.0
240847,2025-03-11T23:00:00.000000000,2.174,1.272,0.0,0.0,0.0,0.0
240847,2025-03-12T00:00:00.000000000,1.873,1.1769999999999998,0.0,0.0,0.0,0.0
240847,2025-03-12T01:00:00.000000000,1.5950000000000002,1.127,0.0,0.0,0.0,0.0
240847,2025-03-12T02:00:00.000000000,1.577,1.113,0.0,0.0,0.0,0.0
240847,2025-03-12T03:00:00.000000000,1.536,1.076,0.0,0.0,0.0,0.0
240847,2025-03-12T04:00:00.000000000,1.44,0.983,0.0,0.0,0.0,0.0
240847,2025-03-12T05:00:00.000000000,1.368,0.908,0.0,0.0,0.0,0.0
240847,2025-03-12T06:00:00.000000000,1.479,0.912,0.0,0.0,0.0,0.0
240847,2025-03-12T07:00:00.000000000,1.88,0.8180000000000001,0.0,0.0,0.0,0.0
240847,2025-03-12T08:00:00.000000000,1.491,0.76,0.0,0.0,0.0,0.0
240847,2025-03-12T09:00:00.000000000,1.219,0.7549999999999999,0.0,0.0,0.0,0.0
240847,2025-03-12T10:00:00.000000000,1.1969999999999998,0.734,0.0,0.0,0.0,0.0
240847,2025-03-12T11:00:00.000000000,1.174,0.708,0.0,0.0,0.0,0.0
240847,2025-03-12T12:00:00.000000000,1.484,0.598,0.0,0.0,0.0,0.0
240847,2025-03-12T13:00:00.000000000,1.189,0.6359999999999999,0.0,0.0,0.0,0.0
240847,2025-03-12T14:00:00.000000000,1.27,0.8039999999999999,0.0,0.0,0.0,0.0
240847,2025-03-12T15:00:00.000000000,1.405,0.9349999999999999,0.0,0.0,0.0,0.0
240847,2025-03-12T16:00:00.000000000,1.465,0.963,0.0,0.0,0.0,0.0
240847,2025-03-12T17:00:00.000000000,1.455,0.96,0.0,0.0,0.0,0.0
240847,2025-03-12T18:00:00.000000000,1.525,1.04,0.0,0.0,0.0,0.0
240847,2025-03-12T19:00:00.000000000,1.648,1.1620000000000001,0.0,0.0,0.0,0.0
240847,2025-03-12T20:00:00.000000000,2.254,1.401,0.0,0.0,0.0,0.0
240847,2025-03-12T21:00:00.000000000,2.381,1.649,0.0,0.0,0.0,0.0
240847,2025-03-12T22:00:00.000000000,2.3409999999999997,1.762,0.0,0.0,0.0,0.0
240847,2025-03-12T23:00:00.000000000,2.279,1.802,0.0,0.0,0.0,0.0
240847,2025-03-13T00:00:00.000000000,2.659,1.8699999999999997,0.0,0.0,0.0,0.0
240847,2025-03-13T01:00:00.000000000,2.6719999999999997,2.009,0.0,0.0,0.0,0.0
240847,2025-03-13T02:00:00.000000000,2.4909999999999997,2.02,0.0,0.0,0.0,0.0
240847,2025-03-13T03:00:00.000000000,2.569,2.1,0.0,0.0,0.0,0.0
240847,2025-03-13T04:00:00.000000000,2.771,2.2939999999999996,0.0,0.0,0.0,0.0
240847,2025-03-13T05:00:00.000000000,2.858,2.3779999999999997,0.0,0.0,0.0,0.0
240847,2025-03-13T06:00:00.000000000,2.856,2.372,0.0,0.0,0.0,0.0
240847,2025-03-13T07:00:00.000000000,3.0650000000000004,1.9960000000000002,0.0,0.0,0.0,0.0
240847,2025-03-13T08:00:00.000000000,2.7699999999999996,1.705,0.0,0.0,0.0,0.0
240847,2025-03-13T09:00:00.000000000,2.147,1.619,0.0,0.0,0.0,0.0
240847,2025-03-13T10:00:00.000000000,1.905,1.44,0.0,0.0,0.0,0.0
240847,2025-03-13T11:00:00.000000000,1.616,1.151,0.0,0.0,0.0,0.0
240847,2025-03-13T12:00:00.000000000,1.6500000000000001,0.869,0.0,0.0,0.0,0.0
240847,2025-03-13T13:00:00.000000000,1.3330000000000002,0.677,0.0,0.0,0.0,0.0
240847,2025-03-13T14:00:00.000000000,1.026,0.495,0.0,0.0,0.0,0.0
240847,2025-03-13T15:00:00.000000000,0.895,0.28500000000000003,0.0,0.0,0.0,0.0
240847,2025-03-13T16:00:00.000000000,0.9650000000000001,0.46499999999999997,0.0,0.0,0.0,0.0
240847,2025-03-13T17:00:00.000000000,1.157,0.665,0.0,0.0,0.0,0.0
240847,2025-03-13T18:00:00.000000000,1.5749999999999997,0.9840000000000001,0.0,0.0,0.0,0.0
240847,2025-03-13T19:00:00.000000000,2.479,1.155,0.0,0.0,0.0,0.0
240847,2025-03-13T20:00:00.000000000,2.728,1.4740000000000002,0.0,0.0,0.0,0.0
240847,2025-03-13T21:00:00.000000000,4.341,1.636,0.0,0.0,0.0,0.0
240847,2025-03-13T22:00:00.000000000,4.7540000000000004,1.802,0.0,0.0,0.0,0.0
240847,2025-03-13T23:00:00.000000000,2.742,2.173,0.0,0.0,0.0,0.0
240847,2025-03-14T00:00:00.000000000,3.0359999999999996,2.542,0.0,0.0,0.0,0.0
240847,2025-03-14T01:00:00.000000000,3.307,2.8049999999999997,0.0,0.0,0.0,0.0
240847,2025-03-14T02:00:00.000000000,3.492,2.9859999999999998,0.0,0.0,0.0,0.0
240847,2025-03-14T03:00:00.000000000,3.725,3.212,0.0,0.0,0.0,0.0
240847,2025-03-14T04:00:00.000000000,3.8019999999999996,3.2869999999999995,0.0,0.0,0.0,0.0
240847,2025-03-14T05:00:00.000000000,3.868,3.348,0.0,0.0,0.0,0.0
240847,2025-03-14T06:00:00.000000000,5.663,3.005,0.0,0.0,0.0,0.0
240847,2025-03-14T07:00:00.000000000,5.393,1.983,0.0,0.0,0.0,0.0
240847,2025-03-14T08:00:00.000000000,3.6220000000000003,1.3579999999999999,0.0,0.0,0.0,0.0
240847,2025-03-14T09:00:00.000000000,1.7029999999999998,1.238,0.0,0.0,0.0,0.0
240847,2025-03-14T10:00:00.000000000,1.496,1.032,0.0,0.0,0.0,0.0
240847,2025-03-14T11:00:00.000000000,1.186,0.7190000000000001,0.0,0.0,0.0,0.0
240847,2025-03-14T12:00:00.000000000,0.938,0.474,0.0,0.0,0.0,0.0
240847,2025-03-14T13:00:00.000000000,0.786,0.322,0.0,0.0,0.0,0.0
240847,2025-03-14T14:00:00.000000000,0.658,0.19399999999999998,0.0,0.0,0.0,0.0
240847,2025-03-14T15:00:00.000000000,0.985,0.08800000000000001,0.0,0.0,0.0,0.0
240847,2025-03-14T16:00:00.000000000,0.7919999999999999,0.274,0.0,0.0,0.0,0.0
240847,2025-03-14T17:00:00.000000000,1.823,0.354,0.0,0.0,0.0,0.0
240847,2025-03-14T18:00:00.000000000,1.254,0.658,0.0,0.0,0.0,0.0
240847,2025-03-14T19:00:00.000000000,2.027,0.79,0.0,0.0,0.0,0.0
240847,2025-03-14T20:00:00.000000000,1.8900000000000001,1.038,0.0,0.0,0.0,0.0
240847,2025-03-14T21:00:00.000000000,2.303,1.361,0.0,0.0,0.0,0.0
240847,2025-03-14T22:00:00.000000000,2.4499999999999997,1.5550000000000002,0.0,0.0,0.0,0.0
240847,2025-03-14T23:00:00.000000000,2.099,1.621,0.0,0.0,0.0,0.0
240847,2025-03-15T00:00:00.000000000,2.2399999999999998,1.77,0.0,0.0,0.0,0.0
240847,2025-03-15T01:00:00.000000000,2.393,1.9189999999999998,0.0,0.0,0.0,0.0
240847,2025-03-15T02:00:00.000000000,2.539,2.065,0.0,0.0,0.0,0.0
240847,2025-03-15T03:00:00.000000000,2.637,2.16,0.0,0.0,0.0,0.0
240847,2025-03-15T04:00:00.000000000,2.662,2.1500000000000004,0.0,0.0,0.0,0.0
240847,2025-03-15T05:00:00.000000000,2.806,2.311,0.0,0.0,0.0,0.0
240847,2025-03-15T06:00:00.000000000,2.6630000000000003,2.179,0.0,0.0,0.0,0.0
240847,2025-03-15T07:00:00.000000000,2.005,1.5350000000000001,0.0,0.0,0.0,0.0
240847,2025-03-15T08:00:00.000000000,2.005,1.116,0.0,0.0,0.0,0.0
240847,2025-03-15T09:00:00.000000000,1.504,0.8959999999999999,0.0,0.0,0.0,0.0
240847,2025-03-15T10:00:00.000000000,1.107,0.644,0.0,0.0,0.0,0.0
240847,2025-03-15T11:00:00.000000000,0.9249999999999999,0.335,0.0,0.0,0.0,0.0
240847,2025-03-15T12:00:00.000000000,0.5650000000000001,0.099,0.0,0.0,0.0,0.0
240847,2025-03-15T13:00:00.000000000,0.464,0.0,0.0,0.0,0.0,0.0
240847,2025-03-15T14:00:00.000000000,0.464,0.0,0.0,0.0,0.0,0.0
240847,2025-03-15T15:00:00.000000000,0.47,0.0,0.0,0.0,0.0,0.0
240847,2025-03-15T16:00:00.000000000,1.671,0.0,0.0,0.0,0.0,0.0
240847,2025-03-15T17:00:00.000000000,3.279,0.012,0.0,0.0,0.0,0.0
240847,2025-03-15T18:00:00.000000000,3.324,0.048,0.0,0.0,0.0,0.0
240847,2025-03-15T19:00:00.000000000,1.7089999999999999,0.179,0.0,0.0,0.0,0.0
240847,2025-03-15T20:00:00.000000000,1.4989999999999999,0.429,0.0,0.0,0.0,0.0
240847,2025-03-15T21:00:00.000000000,1.3279999999999998,0.554,0.0,0.0,0.0,0.0
240847,2025-03-15T22:00:00.000000000,1.272,0.7769999999999999,0.0,0.0,0.0,0.0
240847,2025-03-15T23:00:00.000000000,1.502,0.8200000000000001,0.0,0.0,0.0,0.0
240847,2025-03-16T00:00:00.000000000,1.666,0.78,0.0,0.0,0.0,0.0
240847,2025-03-16T01:00:00.000000000,1.335,0.7929999999999999,0.0,0.0,0.0,0.0
240847,2025-03-16T02:00:00.000000000,1.298,0.838,0.0,0.0,0.0,0.0
240847,2025-03-16T03:00:00.000000000,1.348,0.891,0.0,0.0,0.0,0.0
240847,2025-03-16T04:00:00.000000000,1.395,0.9380000000000001,0.0,0.0,0.0,0.0
240847,2025-03-16T05:00:00.000000000,1.4249999999999998,0.964,0.0,0.0,0.0,0.0
240847,2025-03-16T06:00:00.000000000,1.5839999999999999,0.95,0.0,0.0,0.0,0.0
240847,2025-03-16T07:00:00.000000000,1.604,0.796,0.0,0.0,0.0,0.0
240847,2025-03-16T08:00:00.000000000,1.746,0.618,0.0,0.0,0.0,0.0
240847,2025-03-16T09:00:00.000000000,1.341,0.48,0.0,0.0,0.0,0.0
240847,2025-03-16T10:00:00.000000000,0.973,0.26999999999999996,0.0,0.0,0.0,0.0
240847,2025-03-16T11:00:00.000000000,0.512,0.048,0.0,0.0,0.0,0.0
240847,2025-03-16T12:00:00.000000000,0.675,0.0,0.0,0.0,0.0,0.0
240847,2025-03-16T13:00:00.000000000,1.129,0.0,0.0,0.0,0.0,0.0
240847,2025-03-16T14:00:00.000000000,0.802,0.0,0.0,0.0,0.0,0.0
240847,2025-03-16T15:00:00.000000000,0.642,0.108,0.0,0.0,0.0,0.0
240847,2025-03-16T16:00:00.000000000,0.7779999999999999,0.276,0.0,0.0,0.0,0.0
240847,2025-03-16T17:00:00.000000000,0.854,0.362,0.0,0.0,0.0,0.0
240847,2025-03-16T18:00:00.000000000,0.9510000000000001,0.46599999999999997,0.0,0.0,0.0,0.0
240847,2025-03-16T19:00:00.000000000,1.294,0.6040000000000001,0.0,0.0,0.0,0.0
240847,2025-03-16T20:00:00.000000000,1.648,0.692,0.0,0.0,0.0,0.0
240847,2025-03-16T21:00:00.000000000,1.867,0.793,0.0,0.0,0.0,0.0
240847,2025-03-16T22:00:00.000000000,1.5090000000000001,0.96,0.0,0.0,0.0,0.0
240847,2025-03-16T23:00:00.000000000,1.5980000000000003,1.122,0.0,0.0,0.0,0.0
240847,2025-03-17T00:00:00.000000000,1.5539999999999998,1.089,0.0,0.0,0.0,0.0
240847,2025-03-17T01:00:00.000000000,1.616,1.154,0.0,0.0,0.0,0.0
240847,2025-03-17T02:00:00.000000000,1.804,1.343,0.0,0.0,0.0,0.0
240847,2025-03-17T03:00:00.000000000,1.9109999999999998,1.452,0.0,0.0,0.0,0.0
240847,2025-03-17T04:00:00.000000000,2.0490000000000004,1.5910000000000002,0.0,0.0,0.0,0.0
240847,2025-03-17T05:00:00.000000000,2.901,2.412,0.0,0.0,0.0,0.0
240847,2025-03-17T06:00:00.000000000,2.7100000000000004,2.223,0.0,0.0,0.0,0.0
240847,2025-03-17T07:00:00.000000000,2.685,2.199,0.0,0.0,0.0,0.0
240847,2025-03-17T08:00:00.000000000,3.323,2.498,0.0,0.0,0.0,0.0
240847,2025-03-17T09:00:00.000000000,3.6210000000000004,2.52,0.0,0.0,0.0,0.0
240847,2025-03-17T10:00:00.000000000,3.2180000000000004,2.702,0.0,0.0,0.0,0.0
240847,2025-03-17T11:00:00.000000000,3.251,2.507,0.0,0.0,0.0,0.0
240847,2025-03-17T12:00:00.000000000,2.974,2.4179999999999997,0.0,0.0,0.0,0.0
240847,2025-03-17T13:00:00.000000000,3.1660000000000004,2.664,0.0,0.0,0.0,0.0
240847,2025-03-17T14:00:00.000000000,3.368,2.668,0.0,0.0,0.0,0.0
240847,2025-03-17T15:00:00.000000000,3.3649999999999998,2.568,0.0,0.0,0.0,0.0
240847,2025-03-17T16:00:00.000000000,3.641,2.738,0.0,0.0,0.0,0.0
240847,2025-03-17T17:00:00.000000000,3.487,2.534,0.0,0.0,0.0,0.0
240847,2025-03-17T18:00:00.000000000,3.7270000000000003,2.7569999999999997,0.0,0.0,0.0,0.0
240847,2025-03-17T19:00:00.000000000,3.777,2.831,0.0,0.0,0.0,0.0
240847,2025-03-17T20:00:00.000000000,4.186,2.8760000000000003,0.0,0.0,0.0,0.0
240847,2025-03-17T21:00:00.000000000,4.025,2.904,0.0,0.0,0.0,0.0
240847,2025-03-17T22:00:00.000000000,4.158,3.1889999999999996,0.0,0.0,0.0,0.0
240847,2025-03-17T23:00:00.000000000,3.813,3.1599999999999997,0.0,0.0,0.0,0.0
240847,2025-03-18T00:00:00.000000000,3.7680000000000002,3.251,0.0,0.0,0.0,0.0
240847,2025-03-18T01:00:00.000000000,4.1290000000000004,3.601,0.0,0.0,0.0,0.0
240847,2025-03-18T02:00:00.000000000,4.263,3.7299999999999995,0.0,0.0,0.0,0.0
240847,2025-03-18T03:00:00.000000000,4.367,3.8329999999999997,0.0,0.0,0.0,0.0
240847,2025-03-18T04:00:00.000000000,4.4670000000000005,3.9290000000000003,0.0,0.0,0.0,0.0
240847,2025-03-18T05:00:00.000000000,4.625,4.077,0.0,0.0,0.0,0.0
240847,2025-03-18T06:00:00.000000000,4.575,3.972,0.0,0.0,0.0,0.0
240847,2025-03-18T07:00:00.000000000,4.385,3.614,0.0,0.0,0.0,0.0
240847,2025-03-18T08:00:00.000000000,4.292,3.146,0.0,0.0,0.0,0.0
240847,2025-03-18T09:00:00.000000000,3.664,2.773,0.0,0.0,0.0,0.0
240847,2025-03-18T10:00:00.000000000,3.3689999999999998,2.324,0.0,0.0,0.0,0.0
240847,2025-03-18T11:00:00.000000000,2.551,1.7369999999999999,0.0,0.0,0.0,0.0
240847,2025-03-18T12:00:00.000000000,2.1879999999999997,1.469,0.0,0.0,0.0,0.0
240847,2025-03-18T13:00:00.000000000,1.9129999999999998,1.2029999999999998,0.0,0.0,0.0,0.0
240847,2025-03-18T14:00:00.000000000,2.0,1.061,0.0,0.0,0.0,0.0
240847,2025-03-18T15:00:00.000000000,2.047,0.989,0.0,0.0,0.0,0.0
240847,2025-03-18T16:00:00.000000000,2.033,1.165,0.0,0.0,0.0,0.0
240847,2025-03-18T17:00:00.000000000,6.6000000000000005,2.192,0.0,0.0,0.0,0.0
240847,2025-03-18T18:00:00.000000000,11.373000000000001,3.685,0.0,0.0,0.0,0.0
240847,2025-03-18T19:00:00.000000000,3.093,1.774,0.0,0.0,0.0,0.0
240847,2025-03-18T20:00:00.000000000,3.317,2.044,0.0,0.0,0.0,0.0
240847,2025-03-18T21:00:00.000000000,3.482,2.5380000000000003,0.0,0.0,0.0,0.0
240847,2025-03-18T22:00:00.000000000,3.7589999999999995,3.21,0.0,0.0,0.0,0.0
240847,2025-03-18T23:00:00.000000000,3.871,3.3369999999999997,0.0,0.0,0.0,0.0
240847,2025-03-19T00:00:00.000000000,3.884,3.359,0.0,0.0,0.0,0.0
240847,2025-03-19T01:00:00.000000000,4.017,3.489,0.0,0.0,0.0,0.0
240847,2025-03-19T02:00:00.000000000,4.109999999999999,3.5810000000000004,0.0,0.0,0.0,0.0
240847,2025-03-19T03:00:00.000000000,4.2,3.667,0.0,0.0,0.0,0.0
240847,2025-03-19T04:00:00.000000000,4.12,3.5940000000000003,0.0,0.0,0.0,0.0
240847,2025-03-19T05:00:00.000000000,4.01,3.3880000000000003,0.0,0.0,0.0,0.0
240847,2025-03-19T06:00:00.000000000,4.309,3.22,0.0,0.0,0.0,0.0
240847,2025-03-19T07:00:00.000000000,3.744,2.596,0.0,0.0,0.0,0.0
240847,2025-03-19T08:00:00.000000000,3.091,1.964,0.0,0.0,0.0,0.0
240847,2025-03-19T09:00:00.000000000,2.7470000000000003,1.6309999999999998,0.0,0.0,0.0,0.0
240847,2025-03-19T10:00:00.000000000,2.404,1.4280000000000002,0.0,0.0,0.0,0.0
240847,2025-03-19T11:00:00.000000000,1.836,1.123,0.0,0.0,0.0,0.0
240847,2025-03-19T12:00:00.000000000,1.6119999999999999,0.879,0.0,0.0,0.0,0.0
240847,2025-03-19T13:00:00.000000000,1.601,0.7189999999999999,0.0,0.0,0.0,0.0
240847,2025-03-19T14:00:00.000000000,1.4109999999999998,0.5860000000000001,0.0,0.0,0.0,0.0
240847,2025-03-19T15:00:00.000000000,0.9329999999999999,0.46399999999999997,0.0,0.0,0.0,0.0
240847,2025-03-19T16:00:00.000000000,1.1260000000000001,0.625,0.0,0.0,0.0,0.0
240847,2025-03-19T17:00:00.000000000,1.434,0.829,0.0,0.0,0.0,0.0
240847,2025-03-19T18:00:00.000000000,2.077,1.145,0.0,0.0,0.0,0.0
240847,2025-03-19T19:00:00.000000000,2.3349999999999995,1.426,0.0,0.0,0.0,0.0
240847,2025-03-19T20:00:00.000000000,2.504,1.649,0.0,0.0,0.0,0.0
240847,2025-03-19T21:00:00.000000000,2.4059999999999997,1.833,0.0,0.0,0.0,0.0
240847,2025-03-19T22:00:00.000000000,2.799,2.283,0.0,0.0,0.0,0.0
240847,2025-03-19T23:00:00.000000000,2.78,2.285,0.0,0.0,0.0,0.0
240847,2025-03-20T00:00:00.000000000,2.901,2.412,0.0,0.0,0.0,0.0
240847,2025-03-20T01:00:00.000000000,3.6210000000000004,2.697,0.0,0.0,0.0,0.0
240847,2025-03-20T02:00:00.000000000,3.14,2.623,0.0,0.0,0.0,0.0
240847,2025-03-20T03:00:00.000000000,3.1029999999999998,2.6130000000000004,0.0,0.0,0.0,0.0
240847,2025-03-20T04:00:00.000000000,3.26,2.531,0.0,0.0,0.0,0.0
240847,2025-03-20T05:00:00.000000000,3.532,2.1430000000000002,0.0,0.0,0.0,0.0
240847,2025-03-20T06:00:00.000000000,3.626,1.805,0.0,0.0,0.0,0.0
240847,2025-03-20T07:00:00.000000000,2.789,1.6760000000000002,0.0,0.0,0.0,0.0
240847,2025-03-20T08:00:00.000000000,2.618,1.492,0.0,0.0,0.0,0.0
240847,2025-03-20T09:00:00.000000000,2.257,1.3030000000000002,0.0,0.0,0.0,0.0
240847,2025-03-20T10:00:00.000000000,1.839,1.135,0.0,0.0,0.0,0.0
240847,2025-03-20T11:00:00.000000000,1.798,0.946,0.0,0.0,0.0,0.0
240847,2025-03-20T12:00:00.000000000,1.854,0.936,0.0,0.0,0.0,0.0
240847,2025-03-20T13:00:00.000000000,2.027,1.148,0.0,0.0,0.0,0.0
240847,2025-03-20T14:00:00.000000000,2.1189999999999998,1.23,0.0,0.0,0.0,0.0
240847,2025-03-20T15:00:00.000000000,1.8279999999999998,1.3570000000000002,0.0,0.0,0.0,0.0
240847,2025-03-20T16:00:00.000000000,2.081,1.575,0.0,0.0,0.0,0.0
240847,2025-03-20T17:00:00.000000000,2.1130000000000004,1.617,0.0,0.0,0.0,0.0
240847,2025-03-20T18:00:00.000000000,2.158,1.669,0.0,0.0,0.0,0.0
240847,2025-03-20T19:00:00.000000000,2.551,1.6429999999999998,0.0,0.0,0.0,0.0
240847,2025-03-20T20:00:00.000000000,2.553,1.698,0.0,0.0,0.0,0.0
240847,2025-03-20T21:00:00.000000000,2.484,1.8,0.0,0.0,0.0,0.0
240847,2025-03-20T22:00:00.000000000,2.619,2.106,0.0,0.0,0.0,0.0
240847,2025-03-20T23:00:00.000000000,2.739,2.036,0.0,0.0,0.0,0.0
240847,2025-03-21T00:00:00.000000000,2.7609999999999997,2.003,0.0,0.0,0.0,0.0
240847,2025-03-21T01:00:00.000000000,2.5460000000000003,2.067,0.0,0.0,0.0,0.0
240847,2025-03-21T02:00:00.000000000,2.533,2.057,0.0,0.0,0.0,0.0
240847,2025-03-21T03:00:00.000000000,2.527,2.053,0.0,0.0,0.0,0.0
240847,2025-03-21T04:00:00.000000000,2.534,2.0620000000000003,0.0,0.0,0.0,0.0
240847,2025-03-21T05:00:00.000000000,2.591,2.114,0.0,0.0,0.0,0.0
240847,2025-03-21T06:00:00.000000000,2.649,2.1100000000000003,0.0,0.0,0.0,0.0
240847,2025-03-21T07:00:00.000000000,2.428,1.949,0.0,0.0,0.0,0.0
240847,2025-03-21T08:00:00.000000000,2.4779999999999998,1.894,0.0,0.0,0.0,0.0
240847,2025-03-21T09:00:00.000000000,2.4320000000000004,1.624,0.0,0.0,0.0,0.0
240847,2025-03-21T10:00:00.000000000,1.8459999999999999,1.3820000000000001,0.0,0.0,0.0,0.0
240847,2025-03-21T11:00:00.000000000,1.808,1.3410000000000002,0.0,0.0,0.0,0.0
240847,2025-03-21T12:00:00.000000000,1.9000000000000001,1.432,0.0,0.0,0.0,0.0
240847,2025-03-21T13:00:00.000000000,2.128,1.5990000000000002,0.0,0.0,0.0,0.0
240847,2025-03-21T14:00:00.000000000,2.2619999999999996,1.5350000000000001,0.0,0.0,0.0,0.0
240847,2025-03-21T15:00:00.000000000,2.11,1.571,0.0,0.0,0.0,0.0
240847,2025-03-21T16:00:00.000000000,2.3249999999999997,1.8160000000000003,0.0,0.0,0.0,0.0
240847,2025-03-21T17:00:00.000000000,2.517,1.9049999999999998,0.0,0.0,0.0,0.0
240847,2025-03-21T18:00:00.000000000,2.9520000000000004,2.048,0.0,0.0,0.0,0.0
240847,2025-03-21T19:00:00.000000000,2.882,1.975,0.0,0.0,0.0,0.0
240847,2025-03-21T20:00:00.000000000,3.056,1.859,0.0,0.0,0.0,0.0
240847,2025-03-21T21:00:00.000000000,2.537,1.904,0.0,0.0,0.0,0.0
240847,2025-03-21T22:00:00.000000000,2.691,2.175,0.0,0.0,0.0,0.0
240847,2025-03-21T23:00:00.000000000,2.6239999999999997,2.1310000000000002,0.0,0.0,0.0,0.0
240847,2025-03-22T00:00:00.000000000,2.5970000000000004,2.1140000000000003,0.0,0.0,0.0,0.0
240847,2025-03-22T01:00:00.000000000,2.4160000000000004,1.9419999999999997,0.0,0.0,0.0,0.0
240847,2025-03-22T02:00:00.000000000,2.396,1.924,0.0,0.0,0.0,0.0
240847,2025-03-22T03:00:00.000000000,2.473,2.0,0.0,0.0,0.0,0.0
240847,2025-03-22T04:00:00.000000000,2.5140000000000002,2.0410000000000004,0.0,0.0,0.0,0.0
240847,2025-03-22T05:00:00.000000000,2.308,1.841,0.0,0.0,0.0,0.0
240847,2025-03-22T06:00:00.000000000,2.923,1.935,0.0,0.0,0.0,0.0
240847,2025-03-22T07:00:00.000000000,3.223,1.7000000000000002,0.0,0.0,0.0,0.0
240847,2025-03-22T08:00:00.000000000,2.3840000000000003,1.518,0.0,0.0,0.0,0.0
240847,2025-03-22T09:00:00.000000000,2.1790000000000003,1.296,0.0,0.0,0.0,0.0
240847,2025-03-22T10:00:00.000000000,2.156,1.267,0.0,0.0,0.0,0.0
240847,2025-03-22T11:00:00.000000000,2.083,1.216,0.0,0.0,0.0,0.0
240847,2025-03-22T12:00:00.000000000,1.5750000000000002,1.1070000000000002,0.0,0.0,0.0,0.0
240847,2025-03-22T13:00:00.000000000,1.487,1.022,0.0,0.0,0.0,0.0
240847,2025-03-22T14:00:00.000000000,1.444,0.913,0.0,0.0,0.0,0.0
240847,2025-03-22T15:00:00.000000000,1.197,0.727,0.0,0.0,0.0,0.0
240847,2025-03-22T16:00:00.000000000,1.305,0.8029999999999999,0.0,0.0,0.0,0.0
240847,2025-03-22T17:00:00.000000000,1.862,0.7979999999999999,0.0,0.0,0.0,0.0
240847,2025-03-22T18:00:00.000000000,2.767,1.086,0.0,0.0,0.0,0.0
240847,2025-03-22T19:00:00.000000000,2.571,1.2590000000000001,0.0,0.0,0.0,0.0
240847,2025-03-22T20:00:00.000000000,2.2699999999999996,1.4180000000000001,0.0,0.0,0.0,0.0
240847,2025-03-22T21:00:00.000000000,2.127,1.5550000000000002,0.0,0.0,0.0,0.0
240847,2025-03-22T22:00:00.000000000,2.181,1.6849999999999998,0.0,0.0,0.0,0.0
240847,2025-03-22T23:00:00.000000000,2.553,1.662,0.0,0.0,0.0,0.0
240847,2025-03-23T00:00:00.000000000,2.309,1.693,0.0,0.0,0.0,0.0
240847,2025-03-23T01:00:00.000000000,2.243,1.778,0.0,0.0,0.0,0.0
240847,2025-03-23T02:00:00.000000000,2.288,1.823,0.0,0.0,0.0,0.0
240847,2025-03-23T03:00:00.000000000,2.3299999999999996,1.8659999999999999,0.0,0.0,0.0,0.0
240847,2025-03-23T04:00:00.000000000,2.386,1.9209999999999998,0.0,0.0,0.0,0.0
240847,2025-03-23T05:00:00.000000000,2.455,1.9829999999999999,0.0,0.0,0.0,0.0
240847,2025-03-23T06:00:00.000000000,2.407,1.933,0.0,0.0,0.0,0.0
240847,2025-03-23T07:00:00.000000000,2.088,1.6190000000000002,0.0,0.0,0.0,0.0
240847,2025-03-23T08:00:00.000000000,1.718,1.25,0.0,0.0,0.0,0.0
240847,2025-03-23T09:00:00.000000000,1.419,0.955,0.0,0.0,0.0,0.0
240847,2025-03-23T10:00:00.000000000,1.032,0.569,0.0,0.0,0.0,0.0
240847,2025-03-23T11:00:00.000000000,0.7500000000000001,0.285,0.0,0.0,0.0,0.0
240847,2025-03-23T12:00:00.000000000,0.76,0.077,0.0,0.0,0.0,0.0
240847,2025-03-23T13:00:00.000000000,0.642,0.0,0.0,0.0,0.0,0.0
240847,2025-03-23T14:00:00.000000000,0.464,0.0,0.0,0.0,0.0,0.0
240847,2025-03-23T15:00:00.000000000,0.47,0.0,0.0,0.0,0.0,0.0
240847,2025-03-23T16:00:00.000000000,0.502,0.0,0.0,0.0,0.0,0.0
240847,2025-03-23T17:00:00.000000000,0.518,0.024,0.0,0.0,0.0,0.0
240847,2025-03-23T18:00:00.000000000,1.1360000000000001,0.11499999999999999,0.0,0.0,0.0,0.0
240847,2025-03-23T19:00:00.000000000,1.657,0.34600000000000003,0.0,0.0,0.0,0.0
240847,2025-03-23T20:00:00.000000000,1.8769999999999998,0.5980000000000001,0.0,0.0,0.0,0.0
240847,2025-03-23T21:00:00.000000000,1.7269999999999999,0.9390000000000001,0.0,0.0,0.0,0.0
240847,2025-03-23T22:00:00.000000000,2.303,1.412,0.0,0.0,0.0,0.0
240847,2025-03-23T23:00:00.000000000,2.411,1.5230000000000001,0.0,0.0,0.0,0.0
240847,2025-03-24T00:00:00.000000000,2.403,1.665,0.0,0.0,0.0,0.0
240847,2025-03-24T01:00:00.000000000,2.346,1.876,0.0,0.0,0.0,0.0
240847,2025-03-24T02:00:00.000000000,2.44,1.97,0.0,0.0,0.0,0.0
240847,2025-03-24T03:00:00.000000000,2.461,1.9929999999999999,0.0,0.0,0.0,0.0
240847,2025-03-24T04:00:00.000000000,2.797,2.0140000000000002,0.0,0.0,0.0,0.0
240847,2025-03-24T05:00:00.000000000,2.859,2.184,0.0,0.0,0.0,0.0
240847,2025-03-24T06:00:00.000000000,2.204,1.732,0.0,0.0,0.0,0.0
240847,2025-03-24T07:00:00.000000000,1.656,1.07,0.0,0.0,0.0,0.0
240847,2025-03-24T08:00:00.000000000,1.268,0.8009999999999999,0.0,0.0,0.0,0.0
240847,2025-03-24T09:00:00.000000000,1.252,0.611,0.0,0.0,0.0,0.0
240847,2025-03-24T10:00:00.000000000,1.0090000000000001,0.306,0.0,0.0,0.0,0.0
240847,2025-03-24T11:00:00.000000000,0.8069999999999999,0.095,0.0,0.0,0.0,0.0
240847,2025-03-24T12:00:00.000000000,0.716,0.0,0.0,0.0,0.0,0.0
240847,2025-03-24T13:00:00.000000000,0.7069999999999999,0.0,0.0,0.0,0.0,0.0
240847,2025-03-24T14:00:00.000000000,1.041,0.0,0.0,0.0,0.0,0.0
240847,2025-03-24T15:00:00.000000000,1.107,0.0,0.0,0.039,0.0,0.0
240847,2025-03-24T16:00:00.000000000,0.881,0.0,0.0,0.015,0.0,0.0
240847,2025-03-24T17:00:00.000000000,0.935,0.012,0.0,0.0,0.0,0.0
240847,2025-03-24T18:00:00.000000000,1.9100000000000001,0.048,0.0,0.0,0.0,0.0
240847,2025-03-24T19:00:00.000000000,1.7440000000000002,0.159,0.0,0.0,0.0,0.0
240847,2025-03-24T20:00:00.000000000,1.487,0.47300000000000003,0.0,0.0,0.0,0.0
240847,2025-03-24T21:00:00.000000000,1.4000000000000001,0.831,0.0,0.0,0.0,0.0
240847,2025-03-24T22:00:00.000000000,1.9899999999999998,1.29,0.0,0.0,0.0,0.0
240847,2025-03-24T23:00:00.000000000,2.305,1.413,0.0,0.0,0.0,0.0
240847,2025-03-25T00:00:00.000000000,2.203,1.593,0.0,0.0,0.0,0.0
240847,2025-03-25T01:00:00.000000000,2.185,1.7189999999999999,0.0,0.0,0.0,0.0
240847,2025-03-25T02:00:00.000000000,2.368,1.9,0.0,0.0,0.0,0.0
240847,2025-03-25T03:00:00.000000000,2.5060000000000002,2.035,0.0,0.0,0.0,0.0
240847,2025-03-25T04:00:00.000000000,2.7279999999999998,2.2510000000000003,0.0,0.0,0.0,0.0
240847,2025-03-25T05:00:00.000000000,2.806,2.323,0.0,0.0,0.0,0.0
240847,2025-03-25T06:00:00.000000000,2.6220000000000003,2.141,0.0,0.0,0.0,0.0
240847,2025-03-25T07:00:00.000000000,2.015,1.5459999999999998,0.0,0.0,0.0,0.0
240847,2025-03-25T08:00:00.000000000,5.3580000000000005,1.262,0.0,0.0,0.0,0.0
240847,2025-03-25T09:00:00.000000000,8.616,1.1059999999999999,0.0,0.0,0.0,0.0
240847,2025-03-25T10:00:00.000000000,1.4300000000000002,0.302,0.0,0.0,0.0,0.0
240847,2025-03-25T11:00:00.000000000,1.2389999999999999,0.109,0.0,0.0,0.0,0.0
240847,2025-03-25T12:00:00.000000000,1.1469999999999998,0.012,0.0,0.0,0.0,0.0
240847,2025-03-25T13:00:00.000000000,0.7189999999999999,0.011000000000000001,0.0,0.0,0.0,0.0
240847,2025-03-25T14:00:00.000000000,0.8260000000000001,0.0,0.0,0.0,0.0,0.0
240847,2025-03-25T15:00:00.000000000,1.149,0.0,0.0,0.0,0.0,0.0
240847,2025-03-25T16:00:00.000000000,1.408,0.159,0.0,0.0,0.0,0.0
240847,2025-03-25T17:00:00.000000000,1.547,0.229,0.0,0.0,0.0,0.0
240847,2025-03-25T18:00:00.000000000,1.6849999999999998,0.33499999999999996,0.0,0.0,0.0,0.0
240847,2025-03-25T19:00:00.000000000,1.865,0.524,0.0,0.0,0.0,0.0
240847,2025-03-25T20:00:00.000000000,1.6959999999999997,0.6639999999999999,0.0,0.0,0.0,0.0
240847,2025-03-25T21:00:00.000000000,1.3719999999999999,0.6950000000000001,0.0,0.0,0.0,0.0
240847,2025-03-25T22:00:00.000000000,1.508,0.907,0.0,0.0,0.0,0.0
240847,2025-03-25T23:00:00.000000000,1.8070000000000002,0.948,0.0,0.0,0.0,0.0
240847,2025-03-26T00:00:00.000000000,1.424,0.96,0.0,0.0,0.0,0.0
240847,2025-03-26T01:00:00.000000000,1.4369999999999998,0.976,0.0,0.0,0.0,0.0
240847,2025-03-26T02:00:00.000000000,1.464,1.004,0.0,0.0,0.0,0.0
240847,2025-03-26T03:00:00.000000000,1.4669999999999999,1.008,0.0,0.0,0.0,0.0
240847,2025-03-26T04:00:00.000000000,1.465,1.009,0.0,0.0,0.0,0.0
240847,2025-03-26T05:00:00.000000000,1.482,1.0230000000000001,0.0,0.0,0.0,0.0
240847,2025-03-26T06:00:00.000000000,1.8489999999999998,1.013,0.0,0.0,0.0,0.0
240847,2025-03-26T07:00:00.000000000,1.915,0.9149999999999999,0.0,0.0,0.0,0.0
240847,2025-03-26T08:00:00.000000000,1.388,0.7320000000000001,0.0,0.0,0.0,0.0
240847,2025-03-26T09:00:00.000000000,0.9329999999999999,0.471,0.0,0.0,0.0,0.0
240847,2025-03-26T10:00:00.000000000,0.652,0.189,0.0,0.0,0.0,0.0
240847,2025-03-26T11:00:00.000000000,0.485,0.022,0.0,0.0,0.0,0.0
240847,2025-03-26T12:00:00.000000000,0.464,0.0,0.0,0.0,0.0,0.0
240847,2025-03-26T13:00:00.000000000,0.464,0.0,0.0,0.0,0.0,0.0
240847,2025-03-26T14:00:00.000000000,0.464,0.0,0.0,0.0,0.0,0.0
240847,2025-03-26T15:00:00.000000000,0.47,0.0,0.0,0.0,0.0,0.0
240847,2025-03-26T16:00:00.000000000,0.502,0.0,0.0,0.0,0.0,0.0
240847,2025-03-26T17:00:00.000000000,0.6,0.0,0.0,0.0,0.0,0.0
240847,2025-03-26T18:00:00.000000000,1.241,0.003,0.0,0.0,0.0,0.0
240847,2025-03-26T19:00:00.000000000,1.323,0.142,0.0,0.0,0.0,0.0
240847,2025-03-26T20:00:00.000000000,1.165,0.318,0.0,0.0,0.0,0.0
240847,2025-03-26T21:00:00.000000000,1.266,0.535,0.0,0.0,0.0,0.0
240847,2025-03-26T22:00:00.000000000,1.549,0.8099999999999999,0.0,0.0,0.0,0.0
240847,2025-03-26T23:00:00.000000000,1.833,0.9029999999999999,0.0,0.0,0.0,0.0
240847,2025-03-27T00:00:00.000000000,1.9149999999999998,1.02,0.0,0.0,0.0,0.0
240847,2025-03-27T01:00:00.000000000,1.6099999999999999,1.108,0.0,0.0,0.0,0.0
240847,2025-03-27T02:00:00.000000000,1.686,1.2249999999999999,0.0,0.0,0.0,0.0
240847,2025-03-27T03:00:00.000000000,1.8940000000000001,1.435,0.0,0.0,0.0,0.0
240847,2025-03-27T04:00:00.000000000,2.099,1.64,0.0,0.0,0.0,0.0
240847,2025-03-27T05:00:00.000000000,2.157,1.694,0.0,0.0,0.0,0.0
240847,2025-03-27T06:00:00.000000000,2.091,1.569,0.0,0.0,0.0,0.0
240847,2025-03-27T07:00:00.000000000,2.25,1.145,0.0,0.0,0.0,0.0
240847,2025-03-27T08:00:00.000000000,1.931,0.8320000000000001,0.0,0.0,0.0,0.0
240847,2025-03-27T09:00:00.000000000,1.729,0.636,0.0,0.0,0.0,0.0
240847,2025-03-27T10:00:00.000000000,1.331,0.336,0.0,0.0,0.0,0.0
240847,2025-03-27T11:00:00.000000000,1.0430000000000001,0.15999999999999998,0.0,0.0,0.0,0.0
240847,2025-03-27T12:00:00.000000000,0.9049999999999999,0.018,0.0,0.0,0.0,0.0
240847,2025-03-27T13:00:00.000000000,0.81,0.0,0.0,0.0,0.0,0.0
240847,2025-03-27T14:00:00.000000000,0.464,0.0,0.0,0.0,0.0,0.0
240847,2025-03-27T15:00:00.000000000,0.506,0.036000000000000004,0.0,0.0,0.0,0.0
240847,2025-03-27T16:00:00.000000000,0.5680000000000001,0.067,0.0,0.0,0.0,0.0
240847,2025-03-27T17:00:00.000000000,0.6719999999999999,0.178,0.0,0.0,0.0,0.0
240847,2025-03-27T18:00:00.000000000,1.175,0.354,0.0,0.0,0.0,0.0
240847,2025-03-27T19:00:00.000000000,1.375,0.471,0.0,0.0,0.0,0.0
240847,2025-03-27T20:00:00.000000000,1.411,0.561,0.0,0.0,0.0,0.0
240847,2025-03-27T21:00:00.000000000,1.271,0.5950000000000001,0.0,0.0,0.0,0.0
240847,2025-03-27T22:00:00.000000000,1.205,0.71,0.0,0.0,0.0,0.0
240847,2025-03-27T23:00:00.000000000,1.481,0.68,0.0,0.0,0.0,0.0
240847,2025-03-28T00:00:00.000000000,1.289,0.694,0.0,0.0,0.0,0.0
240847,2025-03-28T01:00:00.000000000,1.166,0.704,0.0,0.0,0.0,0.0
240847,2025-03-28T02:00:00.000000000,1.202,0.7430000000000001,0.0,0.0,0.0,0.0
240847,2025-03-28T03:00:00.000000000,1.246,0.788,0.0,0.0,0.0,0.0
240847,2025-03-28T04:00:00.000000000,1.333,0.877,0.0,0.0,0.0,0.0
240847,2025-03-28T05:00:00.000000000,1.3979999999999997,0.938,0.0,0.0,0.0,0.0
240847,2025-03-28T06:00:00.000000000,1.354,0.891,0.0,0.0,0.0,0.0
240847,2025-03-28T07:00:00.000000000,1.3,0.8340000000000001,0.0,0.0,0.0,0.0
240847,2025-03-28T08:00:00.000000000,1.8570000000000002,0.683,0.0,0.0,0.0,0.0
240847,2025-03-28T09:00:00.000000000,1.9889999999999999,0.596,0.0,0.0,0.0,0.0
240847,2025-03-28T10:00:00.000000000,1.376,0.597,0.0,0.0,0.0,0.0
240847,2025-03-28T11:00:00.000000000,1.236,0.647,0.0,0.0,0.0,0.0
240847,2025-03-28T12:00:00.000000000,1.1869999999999998,0.722,0.0,0.0,0.0,0.0
240847,2025-03-28T13:00:00.000000000,1.411,0.702,0.0,0.0,0.0,0.0
240847,2025-03-28T14:00:00.000000000,1.8379999999999999,0.5660000000000001,0.0,0.0,0.0,0.0
240847,2025-03-28T15:00:00.000000000,1.488,0.291,0.0,0.0,0.0,0.0
240847,2025-03-28T16:00:00.000000000,1.151,0.229,0.0,0.0,0.0,0.0
240847,2025-03-28T17:00:00.000000000,0.855,0.363,0.0,0.0,0.0,0.0
240847,2025-03-28T18:00:00.000000000,1.0550000000000002,0.5700000000000001,0.0,0.0,0.0,0.0
240847,2025-03-28T19:00:00.000000000,1.5830000000000002,0.679,0.0,0.0,0.0,0.0
240847,2025-03-28T20:00:00.000000000,1.752,0.7949999999999999,0.0,0.0,0.0,0.0
240847,2025-03-28T21:00:00.000000000,1.9250000000000003,0.868,0.0,0.0,0.0,0.0
240847,2025-03-28T22:00:00.000000000,1.564,1.069,0.0,0.0,0.0,0.0
240847,2025-03-28T23:00:00.000000000,1.565,1.089,0.0,0.0,0.0,0.0
240847,2025-03-29T00:00:00.000000000,1.539,1.0750000000000002,0.0,0.0,0.0,0.0
240847,2025-03-29T01:00:00.000000000,1.5310000000000001,1.069,0.0,0.0,0.0,0.0
240847,2025-03-29T02:00:00.000000000,1.565,1.104,0.0,0.0,0.0,0.0
240847,2025-03-29T03:00:00.000000000,1.573,1.114,0.0,0.0,0.0,0.0
240847,2025-03-29T04:00:00.000000000,1.5899999999999999,1.1340000000000001,0.0,0.0,0.0,0.0
240847,2025-03-29T05:00:00.000000000,1.6110000000000002,1.1509999999999998,0.0,0.0,0.0,0.0
240847,2025-03-29T06:00:00.000000000,1.594,1.13,0.0,0.0,0.0,0.0
240847,2025-03-29T07:00:00.000000000,1.5530000000000002,0.98,0.0,0.0,0.0,0.0
240847,2025-03-29T08:00:00.000000000,1.8479999999999999,0.7810000000000001,0.0,0.0,0.0,0.0
240847,2025-03-29T09:00:00.000000000,1.642,0.5820000000000001,0.0,0.0,0.0,0.0
240847,2025-03-29T10:00:00.000000000,1.1700000000000002,0.34800000000000003,0.0,0.0,0.0,0.0
240847,2025-03-29T11:00:00.000000000,0.638,0.17300000000000001,0.0,0.0,0.0,0.0
240847,2025-03-29T12:00:00.000000000,0.604,0.077,0.0,0.0,0.0,0.0
240847,2025-03-29T13:00:00.000000000,0.464,0.0,0.0,0.0,0.0,0.0
240847,2025-03-29T14:00:00.000000000,0.565,0.034,0.0,0.0,0.0,0.0
240847,2025-03-29T15:00:00.000000000,0.655,0.044,0.0,0.0,0.0,0.0
240847,2025-03-29T16:00:00.000000000,0.952,0.125,0.0,0.0,0.0,0.0
240847,2025-03-29T17:00:00.000000000,1.0939999999999999,0.275,0.0,0.0,0.0,0.0
240847,2025-03-29T18:00:00.000000000,1.3350000000000002,0.40399999999999997,0.0,0.0,0.0,0.0
240847,2025-03-29T19:00:00.000000000,1.4349999999999998,0.531,0.0,0.0,0.0,0.0
240847,2025-03-29T20:00:00.000000000,1.528,0.6779999999999999,0.0,0.0,0.0,0.0
240847,2025-03-29T21:00:00.000000000,1.5710000000000002,0.84,0.0,0.0,0.0,0.0
240847,2025-03-29T22:00:00.000000000,1.6449999999999998,1.0110000000000001,0.0,0.0,0.0,0.0
240847,2025-03-29T23:00:00.000000000,1.5860000000000003,1.034,0.0,0.0,0.0,0.0
240847,2025-03-30T00:00:00.000000000,1.578,1.0830000000000002,0.0,0.0,0.0,0.0
240847,2025-03-30T01:00:00.000000000,1.859,1.068,0.0,0.0,0.0,0.0
240847,2025-03-30T02:00:00.000000000,1.722,1.132,0.0,0.0,0.0,0.0
240847,2025-03-30T03:00:00.000000000,1.6849999999999998,1.227,0.0,0.0,0.0,0.0
240847,2025-03-30T04:00:00.000000000,1.965,1.505,0.0,0.0,0.0,0.0
240847,2025-03-30T05:00:00.000000000,2.031,1.571,0.0,0.0,0.0,0.0
240847,2025-03-30T06:00:00.000000000,1.756,1.291,0.0,0.0,0.0,0.0
240847,2025-03-30T07:00:00.000000000,1.987,1.026,0.0,0.0,0.0,0.0
240847,2025-03-30T08:00:00.000000000,1.8179999999999998,0.8140000000000001,0.0,0.0,0.0,0.0
240847,2025-03-30T09:00:00.000000000,1.354,0.649,0.0,0.0,0.0,0.0
240847,2025-03-30T10:00:00.000000000,0.8519999999999999,0.39099999999999996,0.0,0.0,0.0,0.0
240847,2025-03-30T11:00:00.000000000,0.9629999999999999,0.285,0.0,0.0,0.0,0.0
240847,2025-03-30T12:00:00.000000000,1.141,0.279,0.0,0.0,0.0,0.0
240847,2025-03-30T13:00:00.000000000,0.577,0.113,0.0,0.0,0.0,0.0
240847,2025-03-30T14:00:00.000000000,0.464,0.0,0.0,0.0,0.0,0.0
240847,2025-03-30T15:00:00.000000000,0.47,0.0,0.0,0.0,0.0,0.0
240847,2025-03-30T16:00:00.000000000,0.502,0.0,0.0,0.0,0.0,0.0
240847,2025-03-30T17:00:00.000000000,0.617,0.012,0.0,0.0,0.0,0.0
240847,2025-03-30T18:00:00.000000000,0.911,0.203,0.0,0.0,0.0,0.0
240847,2025-03-30T19:00:00.000000000,1.2449999999999999,0.34,0.0,0.0,0.0,0.0
240847,2025-03-30T20:00:00.000000000,1.3490000000000002,0.501,0.0,0.0,0.0,0.0
240847,2025-03-30T21:00:00.000000000,1.401,0.6699999999999999,0.0,0.0,0.0,0.0
240847,2025-03-30T22:00:00.000000000,1.652,0.912,0.0,0.0,0.0,0.0
240847,2025-03-30T23:00:00.000000000,1.9040000000000001,0.969,0.0,0.0,0.0,0.0
240847,2025-03-31T00:00:00.000000000,1.882,0.983,0.0,0.0,0.0,0.0
240847,2025-03-31T01:00:00.000000000,1.5619999999999998,1.046,0.0,0.0,0.0,0.0
240847,2025-03-31T02:00:00.000000000,1.6110000000000002,1.1500000000000001,0.0,0.0,0.0,0.0
240847,2025-03-31T03:00:00.000000000,1.77,1.311,0.0,0.0,0.0,0.0
240847,2025-03-31T04:00:00.000000000,1.984,1.5250000000000001,0.0,0.0,0.0,0.0
240847,2025-03-31T05:00:00.000000000,2.0740000000000003,1.612,0.0,0.0,0.0,0.0
240847,2025-03-31T06:00:00.000000000,1.977,1.453,0.0,0.0,0.0,0.0
240847,2025-03-31T07:00:00.000000000,1.8019999999999998,1.098,0.0,0.0,0.0,0.0
240847,2025-03-31T08:00:00.000000000,1.5739999999999998,0.869,0.0,0.0,0.0,0.0
240847,2025-03-31T09:00:00.000000000,1.379,0.677,0.0,0.0,0.0,0.0
240847,2025-03-31T10:00:00.000000000,1.081,0.378,0.0,0.0,0.0,0.0
240847,2025-03-31T11:00:00.000000000,0.853,0.13999999999999999,0.0,0.0,0.0,0.0
240847,2025-03-31T12:00:00.000000000,1.0579999999999998,0.008,0.0,0.0,0.0,0.0
240847,2025-03-31T13:00:00.000000000,0.7589999999999999,0.0,0.0,0.0,0.0,0.0
240847,2025-03-31T14:00:00.000000000,1.702,0.0,0.0,0.0,0.0,0.0
240847,2025-03-31T15:00:00.000000000,3.109,0.0,0.0,0.0,0.0,0.0
240847,2025-03-31T16:00:00.000000000,2.116,0.0,0.0,0.0,0.0,0.0
240847,2025-03-31T17:00:00.000000000,0.923,0.0,0.0,0.0,0.0,0.0
240847,2025-03-31T18:00:00.000000000,0.9650000000000001,0.035,0.0,0.0,0.0,0.0
240847,2025-03-31T19:00:00.000000000,1.313,0.30000000000000004,0.0,0.0,0.0,0.0
240847,2025-03-31T20:00:00.000000000,1.784,0.52,0.0,0.0,0.0,0.0
240847,2025-03-31T21:00:00.000000000,1.461,0.7310000000000001,0.0,0.0,0.0,0.0
240847,2025-03-31T22:00:00.000000000,1.556,1.0070000000000001,0.0,0.0,0.0,0.0
240847,2025-03-31T23:00:00.000000000,1.554,1.08,0.0,0.0,0.0,0.0
240847,2025-04-01T00:00:00.000000000,1.5980000000000003,1.133,0.0,0.0,0.0,0.0
240847,2025-04-01T01:00:00.000000000,1.658,1.197,0.0,0.0,0.0,0.0
240847,2025-04-01T02:00:00.000000000,1.755,1.2930000000000001,0.0,0.0,0.0,0.0
240847,2025-04-01T03:00:00.000000000,2.341,1.468,0.0,0.0,0.0,0.0
240847,2025-04-01T04:00:00.000000000,1.9409999999999998,1.4820000000000002,0.0,0.0,0.0,0.0
240847,2025-04-01T05:00:00.000000000,2.556,1.4409999999999998,0.0,0.0,0.0,0.0
240847,2025-04-01T06:00:00.000000000,2.1470000000000002,1.48,0.0,0.0,0.0,0.0
240847,2025-04-01T07:00:00.000000000,2.084,1.2830000000000001,0.0,0.0,0.0,0.0
240847,2025-04-01T08:00:00.000000000,2.115,1.0030000000000001,0.0,0.0,0.0,0.0
240847,2025-04-01T09:00:00.000000000,1.9040000000000001,0.807,0.0,0.0,0.0,0.0
240847,2025-04-01T10:00:00.000000000,1.6509999999999998,0.57,0.0,0.0,0.0,0.0
240847,2025-04-01T11:00:00.000000000,1.327,0.3,0.0,0.0,0.0,0.0
240847,2025-04-01T12:00:00.000000000,0.973,0.098,0.0,0.0,0.0,0.0
240847,2025-04-01T13:00:00.000000000,0.897,0.0,0.0,0.0,0.0,0.0
240847,2025-04-01T14:00:00.000000000,0.898,0.0,0.0,0.0,0.0,0.0
240847,2025-04-01T15:00:00.000000000,1.175,0.0,0.0,0.0,0.0,0.0
240847,2025-04-01T16:00:00.000000000,0.9159999999999999,0.036000000000000004,0.0,0.0,0.0,0.0
240847,2025-04-01T17:00:00.000000000,0.905,0.048,0.0,0.0,0.0,0.0
240847,2025-04-01T18:00:00.000000000,1.074,0.21500000000000002,0.0,0.0,0.0,0.0
240847,2025-04-01T19:00:00.000000000,1.346,0.48,0.0,0.0,0.0,0.0
240847,2025-04-01T20:00:00.000000000,1.97,0.6819999999999999,0.0,0.0,0.0,0.0
240847,2025-04-01T21:00:00.000000000,1.955,0.948,0.0,0.0,0.0,0.0
240847,2025-04-01T22:00:00.000000000,1.903,1.384,0.0,0.0,0.0,0.0
240847,2025-04-01T23:00:00.000000000,1.911,1.435,0.0,0.0,0.0,0.0
240847,2025-04-02T00:00:00.000000000,1.974,1.509,0.0,0.0,0.0,0.0
240847,2025-04-02T01:00:00.000000000,2.016,1.5510000000000002,0.0,0.0,0.0,0.0
240847,2025-04-02T02:00:00.000000000,2.048,1.5859999999999999,0.0,0.0,0.0,0.0
240847,2025-04-02T03:00:00.000000000,2.078,1.6180000000000003,0.0,0.0,0.0,0.0
240847,2025-04-02T04:00:00.000000000,2.093,1.634,0.0,0.0,0.0,0.0
240847,2025-04-02T05:00:00.000000000,2.364,1.893,0.0,0.0,0.0,0.0
240847,2025-04-02T06:00:00.000000000,3.223,2.084,0.0,0.0,0.0,0.0
240847,2025-04-02T07:00:00.000000000,3.304,2.157,0.0,0.0,0.0,0.0
240847,2025-04-02T08:00:00.000000000,2.867,1.735,0.0,0.0,0.0,0.0
240847,2025-04-02T09:00:00.000000000,2.355,1.52,0.0,0.0,0.0,0.0
240847,2025-04-02T10:00:00.000000000,1.95,1.4859999999999998,0.0,0.0,0.0,0.0
240847,2025-04-02T11:00:00.000000000,1.8599999999999999,1.3940000000000001,0.0,0.0,0.0,0.0
240847,2025-04-02T12:00:00.000000000,1.802,1.2309999999999999,0.0,0.0,0.0,0.0
240847,2025-04-02T13:00:00.000000000,1.93,1.036,0.0,0.0,0.0,0.0
240847,2025-04-02T14:00:00.000000000,1.408,0.9279999999999999,0.0,0.0,0.0,0.0
240847,2025-04-02T15:00:00.000000000,1.3310000000000002,0.863,0.0,0.0,0.0,0.0
240847,2025-04-02T16:00:00.000000000,1.3390000000000002,0.838,0.0,0.0,0.0,0.0
240847,2025-04-02T17:00:00.000000000,1.265,0.7710000000000001,0.0,0.0,0.0,0.0
240847,2025-04-02T18:00:00.000000000,1.4980000000000002,0.7310000000000001,0.0,0.0,0.0,0.0
240847,2025-04-02T19:00:00.000000000,1.594,0.726,0.0,0.0,0.0,0.0
240847,2025-04-02T20:00:00.000000000,1.5890000000000002,0.724,0.0,0.0,0.0,0.0
240847,2025-04-02T21:00:00.000000000,1.5020000000000002,0.7430000000000001,0.0,0.0,0.0,0.0
240847,2025-04-02T22:00:00.000000000,1.58,0.837,0.0,0.0,0.0,0.0
240847,2025-04-02T23:00:00.000000000,1.769,0.8200000000000001,0.0,0.0,0.0,0.0
240847,2025-04-03T00:00:00.000000000,1.402,0.843,0.0,0.0,0.0,0.0
240847,2025-04-03T01:00:00.000000000,1.352,0.888,0.0,0.0,0.0,0.0
240847,2025-04-03T02:00:00.000000000,1.369,0.908,0.0,0.0,0.0,0.0
240847,2025-04-03T03:00:00.000000000,1.3980000000000001,0.94,0.0,0.0,0.0,0.0
240847,2025-04-03T04:00:00.000000000,1.435,0.979,0.0,0.0,0.0,0.0
240847,2025-04-03T05:00:00.000000000,1.5620000000000003,1.068,0.0,0.0,0.0,0.0
240847,2025-04-03T06:00:00.000000000,1.736,1.0710000000000002,0.0,0.0,0.0,0.0
240847,2025-04-03T07:00:00.000000000,1.607,1.085,0.0,0.0,0.0,0.0
240847,2025-04-03T08:00:00.000000000,1.4009999999999998,0.9349999999999999,0.0,0.0,0.0,0.0
240847,2025-04-03T09:00:00.000000000,1.2320000000000002,0.767,0.0,0.0,0.0,0.0
240847,2025-04-03T10:00:00.000000000,1.615,0.716,0.0,0.0,0.0,0.0
240847,2025-04-03T11:00:00.000000000,1.221,0.637,0.0,0.0,0.0,0.0
240847,2025-04-03T12:00:00.000000000,0.914,0.449,0.0,0.0,0.0,0.0
240847,2025-04-03T13:00:00.000000000,0.8260000000000001,0.36000000000000004,0.0,0.0,0.0,0.0
240847,2025-04-03T14:00:00.000000000,0.873,0.28200000000000003,0.0,0.0,0.0,0.0
240847,2025-04-03T15:00:00.000000000,1.2610000000000001,0.128,0.0,0.0,0.0,0.0
240847,2025-04-03T16:00:00.000000000,2.777,0.156,0.0,0.0,0.0,0.0
240847,2025-04-03T17:00:00.000000000,1.345,0.491,0.0,0.0,0.0,0.0
240847,2025-04-03T18:00:00.000000000,1.5,0.6419999999999999,0.0,0.0,0.0,0.0
240847,2025-04-03T19:00:00.000000000,2.1029999999999998,0.8009999999999999,0.0,0.0,0.0,0.0
240847,2025-04-03T20:00:00.000000000,2.256,0.958,0.0,0.0,0.0,0.0
240847,2025-04-03T21:00:00.000000000,1.8730000000000002,1.098,0.0,0.0,0.0,0.0
240847,2025-04-03T22:00:00.000000000,1.842,1.346,0.0,0.0,0.0,0.0
240847,2025-04-03T23:00:00.000000000,2.02,1.5430000000000001,0.0,0.0,0.0,0.0
240847,2025-04-04T00:00:00.000000000,2.032,1.566,0.0,0.0,0.0,0.0
240847,2025-04-04T01:00:00.000000000,2.075,1.6099999999999999,0.0,0.0,0.0,0.0
240847,2025-04-04T02:00:00.000000000,2.095,1.632,0.0,0.0,0.0,0.0
240847,2025-04-04T03:00:00.000000000,2.0869999999999997,1.627,0.0,0.0,0.0,0.0
240847,2025-04-04T04:00:00.000000000,2.117,1.657,0.0,0.0,0.0,0.0
240847,2025-04-04T05:00:00.000000000,2.497,1.678,0.0,0.0,0.0,0.0
240847,2025-04-04T06:00:00.000000000,2.648,1.552,0.0,0.0,0.0,0.0
240847,2025-04-04T07:00:00.000000000,1.833,1.3030000000000002,0.0,0.0,0.0,0.0
240847,2025-04-04T08:00:00.000000000,1.591,1.124,0.0,0.0,0.0,0.0
240847,2025-04-04T09:00:00.000000000,1.464,1.0,0.0,0.0,0.0,0.0
240847,2025-04-04T10:00:00.000000000,1.625,0.849,0.0,0.0,0.0,0.0
240847,2025-04-04T11:00:00.000000000,1.5020000000000002,0.608,0.0,0.0,0.0,0.0
240847,2025-04-04T12:00:00.000000000,0.815,0.314,0.0,0.0,0.0,0.0
240847,2025-04-04T13:00:00.000000000,0.579,0.115,0.0,0.0,0.0,0.0
240847,2025-04-04T14:00:00.000000000,0.464,0.0,0.0,0.0,0.0,0.0
240847,2025-04-04T15:00:00.000000000,0.47,0.0,0.0,0.0,0.0,0.0
240847,2025-04-04T16:00:00.000000000,0.502,0.0,0.0,0.0,0.0,0.0
240847,2025-04-04T17:00:00.000000000,0.54,0.049,0.0,0.0,0.0,0.0
240847,2025-04-04T18:00:00.000000000,0.982,0.309,0.0,0.0,0.0,0.0
240847,2025-04-04T19:00:00.000000000,1.4149999999999998,0.549,0.0,0.0,0.0,0.0
240847,2025-04-04T20:00:00.000000000,1.6050000000000002,0.7410000000000001,0.0,0.0,0.0,0.0
240847,2025-04-04T21:00:00.000000000,1.5030000000000001,0.9279999999999999,0.0,0.0,0.0,0.0
240847,2025-04-04T22:00:00.000000000,1.908,1.194,0.0,0.0,0.0,0.0
240847,2025-04-04T23:00:00.000000000,2.1630000000000003,1.3690000000000002,0.0,0.0,0.0,0.0
240847,2025-04-05T00:00:00.000000000,1.879,1.414,0.0,0.0,0.0,0.0
240847,2025-04-05T01:00:00.000000000,1.92,1.456,0.0,0.0,0.0,0.0
240847,2025-04-05T02:00:00.000000000,2.009,1.546,0.0,0.0,0.0,0.0
240847,2025-04-05T03:00:00.000000000,2.1470000000000002,1.6869999999999998,0.0,0.0,0.0,0.0
240847,2025-04-05T04:00:00.000000000,2.1430000000000002,1.684,0.0,0.0,0.0,0.0
240847,2025-04-05T05:00:00.000000000,2.1430000000000002,1.682,0.0,0.0,0.0,0.0
240847,2025-04-05T06:00:00.000000000,2.104,1.4719999999999998,0.0,0.0,0.0,0.0
240847,2025-04-05T07:00:00.000000000,1.641,1.061,0.0,0.0,0.0,0.0
240847,2025-04-05T08:00:00.000000000,1.3439999999999999,0.877,0.0,0.0,0.0,0.0
240847,2025-04-05T09:00:00.000000000,1.1139999999999999,0.651,0.0,0.0,0.0,0.0
240847,2025-04-05T10:00:00.000000000,1.1350000000000002,0.351,0.0,0.0,0.0,0.0
240847,2025-04-05T11:00:00.000000000,0.9299999999999999,0.074,0.0,0.0,0.0,0.0
240847,2025-04-05T12:00:00.000000000,0.464,0.0,0.0,0.0,0.0,0.0
240847,2025-04-05T13:00:00.000000000,0.464,0.0,0.0,0.0,0.0,0.0
240847,2025-04-05T14:00:00.000000000,0.47400000000000003,0.0,0.0,0.011,0.0,0.0
240847,2025-04-05T15:00:00.000000000,0.5940000000000001,0.0,0.0,0.12499999999999999,0.0,0.0
240847,2025-04-05T16:00:00.000000000,0.62,0.0,0.0,0.12,0.0,0.0
240847,2025-04-05T17:00:00.000000000,0.533,0.0,0.0,0.04,0.0,0.0
240847,2025-04-05T18:00:00.000000000,0.485,0.0,0.0,0.0,0.0,0.0
240847,2025-04-05T19:00:00.000000000,0.7719999999999999,0.0,0.0,0.0,0.0,0.0
240847,2025-04-05T20:00:00.000000000,0.891,0.026,0.0,0.0,0.0,0.0
240847,2025-04-05T21:00:00.000000000,1.048,0.29000000000000004,0.0,0.0,0.0,0.0
240847,2025-04-05T22:00:00.000000000,1.201,0.5630000000000001,0.0,0.0,0.0,0.0
240847,2025-04-05T23:00:00.000000000,1.547,0.716,0.0,0.0,0.0,0.0
240847,2025-04-06T00:00:00.000000000,1.728,0.825,0.0,0.0,0.0,0.0
240847,2025-04-06T01:00:00.000000000,1.4929999999999999,0.958,0.0,0.0,0.0,0.0
240847,2025-04-06T02:00:00.000000000,1.5260000000000002,1.065,0.0,0.0,0.0,0.0
240847,2025-04-06T03:00:00.000000000,1.8639999999999999,1.404,0.0,0.0,0.0,0.0
240847,2025-04-06T04:00:00.000000000,1.9929999999999999,1.5350000000000001,0.0,0.0,0.0,0.0
240847,2025-04-06T05:00:00.000000000,2.092,1.5939999999999999,0.0,0.0,0.0,0.0
240847,2025-04-06T06:00:00.000000000,2.45,1.187,0.0,0.0,0.0,0.0
240847,2025-04-06T07:00:00.000000000,4.024,0.5730000000000001,0.0,0.0,0.0,0.0
240847,2025-04-06T08:00:00.000000000,3.131,0.366,0.0,0.0,0.0,0.0
240847,2025-04-06T09:00:00.000000000,1.349,0.40700000000000003,0.0,0.0,0.0,0.0
240847,2025-04-06T10:00:00.000000000,1.1829999999999998,0.281,0.0,0.0,0.0,0.0
240847,2025-04-06T11:00:00.000000000,0.9680000000000001,0.14,0.0,0.0,0.0,0.0
240847,2025-04-06T12:00:00.000000000,0.47,0.006,0.0,0.0,0.0,0.0
240847,2025-04-06T13:00:00.000000000,0.464,0.0,0.0,0.0,0.0,0.0
240847,2025-04-06T14:00:00.000000000,0.464,0.0,0.0,0.0,0.0,0.0
240847,2025-04-06T15:00:00.000000000,0.47,0.0,0.0,0.0,0.0,0.0
240847,2025-04-06T16:00:00.000000000,0.502,0.0,0.0,0.0,0.0,0.0
240847,2025-04-06T17:00:00.000000000,0.6779999999999999,0.0,0.0,0.0,0.0,0.0
240847,2025-04-06T18:00:00.000000000,0.895,0.036000000000000004,0.0,0.0,0.0,0.0
240847,2025-04-06T19:00:00.000000000,0.9960000000000001,0.13,0.0,0.0,0.0,0.0
240847,2025-04-06T20:00:00.000000000,1.2449999999999999,0.38,0.0,0.0,0.0,0.0
240847,2025-04-06T21:00:00.000000000,1.31,0.552,0.0,0.0,0.0,0.0
240847,2025-04-06T22:00:00.000000000,1.5090000000000001,0.87,0.0,0.0,0.0,0.0
240847,2025-04-06T23:00:00.000000000,2.005,1.064,0.0,0.0,0.0,0.0
240847,2025-04-07T00:00:00.000000000,1.9130000000000003,1.324,0.0,0.0,0.0,0.0
240847,2025-04-07T01:00:00.000000000,1.9329999999999998,1.469,0.0,0.0,0.0,0.0
240847,2025-04-07T02:00:00.000000000,2.03,1.568,0.0,0.0,0.0,0.0
240847,2025-04-07T03:00:00.000000000,1.9980000000000002,1.5379999999999998,0.0,0.0,0.0,0.0
240847,2025-04-07T04:00:00.000000000,1.894,1.435,0.0,0.0,0.0,0.0
240847,2025-04-07T05:00:00.000000000,2.9210000000000003,1.15,0.0,0.0,0.0,0.0
240847,2025-04-07T06:00:00.000000000,2.1300000000000003,1.037,0.0,0.0,0.0,0.0
240847,2025-04-07T07:00:00.000000000,1.9389999999999998,0.8240000000000001,0.0,0.0,0.0,0.0
240847,2025-04-07T08:00:00.000000000,1.4209999999999998,0.549,0.0,0.0,0.0,0.0
240847,2025-04-07T09:00:00.000000000,0.8140000000000001,0.35100000000000003,0.0,0.0,0.0,0.0
240847,2025-04-07T10:00:00.000000000,1.0290000000000001,0.176,0.0,0.0,0.0,0.0
240847,2025-04-07T11:00:00.000000000,1.16,0.026,0.0,0.0,0.0,0.0
240847,2025-04-07T12:00:00.000000000,1.1309999999999998,0.0,0.0,0.0,0.0,0.0
240847,2025-04-07T13:00:00.000000000,1.069,0.0,0.0,0.0,0.0,0.0
240847,2025-04-07T14:00:00.000000000,1.138,0.0,0.0,0.0,0.0,0.0
240847,2025-04-07T15:00:00.000000000,1.169,0.0,0.0,0.0,0.0,0.0
240847,2025-04-07T16:00:00.000000000,1.264,0.0,0.0,0.0,0.0,0.0
240847,2025-04-07T17:00:00.000000000,1.792,0.0,0.0,0.0,0.0,0.0
240847,2025-04-07T18:00:00.000000000,2.814,0.0,0.0,0.0,0.0,0.0
240847,2025-04-07T19:00:00.000000000,1.5819999999999999,0.091,0.0,0.0,0.0,0.0
240847,2025-04-07T20:00:00.000000000,1.041,0.272,0.0,0.0,0.0,0.0
240847,2025-04-07T21:00:00.000000000,0.915,0.435,0.0,0.0,0.0,0.0
240847,2025-04-07T22:00:00.000000000,1.074,0.5820000000000001,0.0,0.0,0.0,0.0
240847,2025-04-07T23:00:00.000000000,1.095,0.622,0.0,0.0,0.0,0.0
240847,2025-04-08T00:00:00.000000000,1.108,0.645,0.0,0.0,0.0,0.0
240847,2025-04-08T01:00:00.000000000,1.2049999999999998,0.743,0.0,0.0,0.0,0.0
240847,2025-04-08T02:00:00.000000000,1.317,0.858,0.0,0.0,0.0,0.0
240847,2025-04-08T03:00:00.000000000,1.3929999999999998,0.9359999999999999,0.0,0.0,0.0,0.0
240847,2025-04-08T04:00:00.000000000,1.4689999999999999,1.012,0.0,0.0,0.0,0.0
240847,2025-04-08T05:00:00.000000000,1.4869999999999999,1.0270000000000001,0.0,0.0,0.0,0.0
240847,2025-04-08T06:00:00.000000000,2.971,0.778,0.0,0.0,0.0,0.0
240847,2025-04-08T07:00:00.000000000,8.593,1.175,0.0,0.0,0.0,0.0
240847,2025-04-08T08:00:00.000000000,3.1390000000000002,0.94,0.0,0.0,0.0,0.0
240847,2025-04-08T09:00:00.000000000,1.73,0.8280000000000001,0.0,0.0,0.0,0.0
240847,2025-04-08T10:00:00.000000000,1.8819999999999997,0.7570000000000001,0.0,0.0,0.0,0.0
240847,2025-04-08T11:00:00.000000000,1.599,0.6920000000000001,0.0,0.0,0.0,0.0
240847,2025-04-08T12:00:00.000000000,1.1909999999999998,0.484,0.0,0.0,0.0,0.0
240847,2025-04-08T13:00:00.000000000,0.983,0.286,0.0,0.0,0.0,0.0
240847,2025-04-08T14:00:00.000000000,0.835,0.12399999999999999,0.0,0.0,0.0,0.0
240847,2025-04-08T15:00:00.000000000,1.1260000000000001,0.037,0.0,0.0,0.0,0.0
240847,2025-04-08T16:00:00.000000000,1.229,0.134,0.0,0.0,0.0,0.0
240847,2025-04-08T17:00:00.000000000,1.3399999999999999,0.189,0.0,0.0,0.0,0.0
240847,2025-04-08T18:00:00.000000000,1.228,0.369,0.0,0.0,0.0,0.0
240847,2025-04-08T19:00:00.000000000,1.535,0.5670000000000001,0.0,0.0,0.0,0.0
240847,2025-04-08T20:00:00.000000000,2.008,0.726,0.0,0.0,0.0,0.0
240847,2025-04-08T21:00:00.000000000,1.981,0.9929999999999999,0.0,0.0,0.0,0.0
240847,2025-04-08T22:00:00.000000000,1.947,1.4500000000000002,0.0,0.0,0.0,0.0
240847,2025-04-08T23:00:00.000000000,1.967,1.4899999999999998,0.0,0.0,0.0,0.0
240847,2025-04-09T00:00:00.000000000,2.0020000000000002,1.536,0.0,0.0,0.0,0.0
240847,2025-04-09T01:00:00.000000000,2.107,1.642,0.0,0.0,0.0,0.0
240847,2025-04-09T02:00:00.000000000,2.049,1.588,0.0,0.0,0.0,0.0
240847,2025-04-09T03:00:00.000000000,2.12,1.552,0.0,0.0,0.0,0.0
240847,2025-04-09T04:00:00.000000000,2.332,1.552,0.0,0.0,0.0,0.0
240847,2025-04-09T05:00:00.000000000,2.0389999999999997,1.578,0.0,0.0,0.0,0.0
240847,2025-04-09T06:00:00.000000000,2.113,1.2710000000000001,0.0,0.0,0.0,0.0
240847,2025-04-09T07:00:00.000000000,2.06,0.956,0.0,0.0,0.0,0.0
240847,2025-04-09T08:00:00.000000000,1.85,0.7530000000000001,0.0,0.0,0.0,0.0
240847,2025-04-09T09:00:00.000000000,1.6280000000000001,0.509,0.0,0.0,0.0,0.0
240847,2025-04-09T10:00:00.000000000,1.411,0.28099999999999997,0.0,0.0,0.0,0.0
240847,2025-04-09T11:00:00.000000000,0.768,0.142,0.0,0.0,0.0,0.0
240847,2025-04-09T12:00:00.000000000,0.48,0.015,0.0,0.0,0.0,0.0
240847,2025-04-09T13:00:00.000000000,0.464,0.0,0.0,0.0,0.0,0.0
240847,2025-04-09T14:00:00.000000000,0.653,0.0,0.0,0.0,0.0,0.0
240847,2025-04-09T15:00:00.000000000,1.1260000000000001,0.0,0.0,0.027,0.0,0.0
240847,2025-04-09T16:00:00.000000000,0.7629999999999999,0.0,0.0,0.01,0.0,0.0
240847,2025-04-09T17:00:00.000000000,0.854,0.0,0.0,0.0,0.0,0.0
240847,2025-04-09T18:00:00.000000000,0.883,0.024,0.0,0.0,0.0,0.0
240847,2025-04-09T19:00:00.000000000,0.9770000000000001,0.111,0.0,0.0,0.0,0.0
240847,2025-04-09T20:00:00.000000000,1.2349999999999999,0.466,0.0,0.0,0.0,0.0
240847,2025-04-09T21:00:00.000000000,1.384,0.8079999999999999,0.0,0.0,0.0,0.0
240847,2025-04-09T22:00:00.000000000,2.076,1.2520000000000002,0.0,0.0,0.0,0.0
240847,2025-04-09T23:00:00.000000000,2.0389999999999997,1.453,0.0,0.0,0.0,0.0
240847,2025-04-10T00:00:00.000000000,1.995,1.528,0.0,0.0,0.0,0.0
240847,2025-04-10T01:00:00.000000000,2.1180000000000003,1.654,0.0,0.0,0.0,0.0
240847,2025-04-10T02:00:00.000000000,2.3609999999999998,1.8929999999999998,0.0,0.0,0.0,0.0
240847,2025-04-10T03:00:00.000000000,2.438,1.97,0.0,0.0,0.0,0.0
240847,2025-04-10T04:00:00.000000000,2.738,2.2600000000000002,0.0,0.0,0.0,0.0
240847,2025-04-10T05:00:00.000000000,2.865,2.3789999999999996,0.0,0.0,0.0,0.0
240847,2025-04-10T06:00:00.000000000,2.2830000000000004,1.812,0.0,0.0,0.0,0.0
240847,2025-04-10T07:00:00.000000000,2.219,1.165,0.0,0.0,0.0,0.0
240847,2025-04-10T08:00:00.000000000,1.685,0.6990000000000001,0.0,0.0,0.0,0.0
240847,2025-04-10T09:00:00.000000000,1.301,0.41,0.0,0.0,0.0,0.0
240847,2025-04-10T10:00:00.000000000,0.798,0.081,0.0,0.0,0.0,0.0
240847,2025-04-10T11:00:00.000000000,0.463,0.0,0.0,0.0,0.0,0.0
240847,2025-04-10T12:00:00.000000000,0.464,0.0,0.0,0.0,0.0,0.0
240847,2025-04-10T13:00:00.000000000,0.501,0.0,0.0,0.037,0.0,0.0
240847,2025-04-10T14:00:00.000000000,0.637,0.0,0.0,0.17200000000000001,0.0,0.0
240847,2025-04-10T15:00:00.000000000,1.05,0.0,0.0,0.247,0.0,0.0
240847,2025-04-10T16:00:00.000000000,0.7130000000000001,0.0,0.0,0.146,0.0,0.0
240847,2025-04-10T17:00:00.000000000,0.538,0.0,0.0,0.044000000000000004,0.0,0.0
240847,2025-04-10T18:00:00.000000000,0.7789999999999999,0.012,0.0,0.0,0.0,0.0
240847,2025-04-10T19:00:00.000000000,0.736,0.048,0.0,0.0,0.0,0.0
240847,2025-04-10T20:00:00.000000000,1.0330000000000001,0.23300000000000004,0.0,0.0,0.0,0.0
240847,2025-04-10T21:00:00.000000000,1.226,0.47,0.0,0.0,0.0,0.0
240847,2025-04-10T22:00:00.000000000,1.538,0.901,0.0,0.0,0.0,0.0
240847,2025-04-10T23:00:00.000000000,1.715,0.8300000000000001,0.0,0.0,0.0,0.0
240847,2025-04-11T00:00:00.000000000,2.279,0.84,0.0,0.0,0.0,0.0
240847,2025-04-11T01:00:00.000000000,1.686,1.018,0.0,0.0,0.0,0.0
240847,2025-04-11T02:00:00.000000000,1.5820000000000003,1.121,0.0,0.0,0.0,0.0
240847,2025-04-11T03:00:00.000000000,1.648,1.19,0.0,0.0,0.0,0.0
240847,2025-04-11T04:00:00.000000000,1.807,1.349,0.0,0.0,0.0,0.0
240847,2025-04-11T05:00:00.000000000,1.92,1.46,0.0,0.0,0.0,0.0
240847,2025-04-11T06:00:00.000000000,1.6710000000000003,1.207,0.0,0.0,0.0,0.0
240847,2025-04-11T07:00:00.000000000,1.4489999999999998,0.982,0.0,0.0,0.0,0.0
240847,2025-04-11T08:00:00.000000000,1.452,0.8779999999999999,0.0,0.0,0.0,0.0
240847,2025-04-11T09:00:00.000000000,1.689,0.622,0.0,0.0,0.0,0.0
240847,2025-04-11T10:00:00.000000000,1.44,0.488,0.0,0.0,0.0,0.0
240847,2025-04-11T11:00:00.000000000,0.895,0.42999999999999994,0.0,0.0,0.0,0.0
240847,2025-04-11T12:00:00.000000000,0.741,0.27699999999999997,0.0,0.0,0.0,0.0
240847,2025-04-11T13:00:00.000000000,0.567,0.102,0.0,0.0,0.0,0.0
240847,2025-04-11T14:00:00.000000000,0.834,0.048,0.0,0.0,0.0,0.0
240847,2025-04-11T15:00:00.000000000,0.752,0.048,0.0,0.0,0.0,0.0
240847,2025-04-11T16:00:00.000000000,0.556,0.05500000000000001,0.0,0.0,0.0,0.0
240847,2025-04-11T17:00:00.000000000,0.7230000000000001,0.138,0.0,0.0,0.0,0.0
240847,2025-04-11T18:00:00.000000000,0.923,0.438,0.0,0.0,0.0,0.0
240847,2025-04-11T19:00:00.000000000,1.436,0.663,0.0,0.0,0.0,0.0
240847,2025-04-11T20:00:00.000000000,1.755,0.889,0.0,0.0,0.0,0.0
240847,2025-04-11T21:00:00.000000000,2.278,1.097,0.0,0.0,0.0,0.0
240847,2025-04-11T22:00:00.000000000,2.1769999999999996,1.3639999999999999,0.0,0.0,0.0,0.0
240847,2025-04-11T23:00:00.000000000,1.878,1.401,0.0,0.0,0.0,0.0
240847,2025-04-12T00:00:00.000000000,1.874,1.409,0.0,0.0,0.0,0.0
240847,2025-04-12T01:00:00.000000000,1.938,1.4729999999999999,0.0,0.0,0.0,0.0
240847,2025-04-12T02:00:00.000000000,2.037,1.5750000000000002,0.0,0.0,0.0,0.0
240847,2025-04-12T03:00:00.000000000,2.114,1.6549999999999998,0.0,0.0,0.0,0.0
240847,2025-04-12T04:00:00.000000000,2.2119999999999997,1.752,0.0,0.0,0.0,0.0
240847,2025-04-12T05:00:00.000000000,2.304,1.8410000000000002,0.0,0.0,0.0,0.0
240847,2025-04-12T06:00:00.000000000,2.056,1.593,0.0,0.0,0.0,0.0
240847,2025-04-12T07:00:00.000000000,2.371,1.311,0.0,0.0,0.0,0.0
240847,2025-04-12T08:00:00.000000000,2.047,0.997,0.0,0.0,0.0,0.0
240847,2025-04-12T09:00:00.000000000,1.416,0.726,0.0,0.0,0.0,0.0
240847,2025-04-12T10:00:00.000000000,1.129,0.612,0.0,0.0,0.0,0.0
240847,2025-04-12T11:00:00.000000000,0.9299999999999999,0.46399999999999997,0.0,0.0,0.0,0.0
240847,2025-04-12T12:00:00.000000000,1.09,0.409,0.0,0.0,0.0,0.0
240847,2025-04-12T13:00:00.000000000,1.205,0.326,0.0,0.0,0.0,0.0
240847,2025-04-12T14:00:00.000000000,1.221,0.33599999999999997,0.0,0.0,0.0,0.0
240847,2025-04-12T15:00:00.000000000,0.883,0.414,0.0,0.0,0.0,0.0
240847,2025-04-12T16:00:00.000000000,1.2,0.6990000000000001,0.0,0.0,0.0,0.0
240847,2025-04-12T17:00:00.000000000,1.474,0.98,0.0,0.0,0.0,0.0
240847,2025-04-12T18:00:00.000000000,1.7169999999999999,1.23,0.0,0.0,0.0,0.0
240847,2025-04-12T19:00:00.000000000,1.935,1.4489999999999998,0.0,0.0,0.0,0.0
240847,2025-04-12T20:00:00.000000000,2.321,1.5490000000000002,0.0,0.0,0.0,0.0
240847,2025-04-12T21:00:00.000000000,2.63,1.655,0.0,0.0,0.0,0.0
240847,2025-04-12T22:00:00.000000000,2.831,1.8859999999999997,0.0,0.0,0.0,0.0
240847,2025-04-12T23:00:00.000000000,2.375,1.866,0.0,0.0,0.0,0.0
240847,2025-04-13T00:00:00.000000000,2.384,1.9109999999999998,0.0,0.0,0.0,0.0
240847,2025-04-13T01:00:00.000000000,2.438,1.966,0.0,0.0,0.0,0.0
240847,2025-04-13T02:00:00.000000000,2.4930000000000003,2.021,0.0,0.0,0.0,0.0
240847,2025-04-13T03:00:00.000000000,2.601,2.127,0.0,0.0,0.0,0.0
240847,2025-04-13T04:00:00.000000000,2.692,2.216,0.0,0.0,0.0,0.0
240847,2025-04-13T05:00:00.000000000,2.5650000000000004,2.0909999999999997,0.0,0.0,0.0,0.0
240847,2025-04-13T06:00:00.000000000,3.675,1.48,0.0,0.0,0.0,0.0
240847,2025-04-13T07:00:00.000000000,3.923,0.981,0.0,0.0,0.0,0.0
240847,2025-04-13T08:00:00.000000000,1.765,0.967,0.0,0.0,0.0,0.0
240847,2025-04-13T09:00:00.000000000,1.246,0.7120000000000001,0.0,0.0,0.0,0.0
240847,2025-04-13T10:00:00.000000000,1.038,0.5760000000000001,0.0,0.0,0.0,0.0
240847,2025-04-13T11:00:00.000000000,1.3399999999999999,0.554,0.0,0.0,0.0,0.0
240847,2025-04-13T12:00:00.000000000,1.2229999999999999,0.544,0.0,0.0,0.0,0.0
240847,2025-04-13T13:00:00.000000000,1.058,0.592,0.0,0.0,0.0,0.0
240847,2025-04-13T14:00:00.000000000,0.9359999999999999,0.472,0.0,0.0,0.0,0.0
240847,2025-04-13T15:00:00.000000000,0.8200000000000001,0.35100000000000003,0.0,0.0,0.0,0.0
240847,2025-04-13T16:00:00.000000000,0.916,0.417,0.0,0.0,0.0,0.0
240847,2025-04-13T17:00:00.000000000,1.079,0.4,0.0,0.0,0.0,0.0
240847,2025-04-13T18:00:00.000000000,1.4160000000000001,0.558,0.0,0.0,0.0,0.0
240847,2025-04-13T19:00:00.000000000,2.0660000000000003,0.88,0.0,0.0,0.0,0.0
240847,2025-04-13T20:00:00.000000000,2.355,1.1280000000000001,0.0,0.0,0.0,0.0
240847,2025-04-13T21:00:00.000000000,1.871,1.388,0.0,0.0,0.0,0.0
240847,2025-04-13T22:00:00.000000000,2.145,1.647,0.0,0.0,0.0,0.0
240847,2025-04-13T23:00:00.000000000,2.145,1.6680000000000001,0.0,0.0,0.0,0.0
240847,2025-04-14T00:00:00.000000000,2.158,1.6909999999999998,0.0,0.0,0.0,0.0
240847,2025-04-14T01:00:00.000000000,2.1620000000000004,1.697,0.0,0.0,0.0,0.0
240847,2025-04-14T02:00:00.000000000,2.168,1.7049999999999998,0.0,0.0,0.0,0.0
240847,2025-04-14T03:00:00.000000000,2.1890000000000005,1.728,0.0,0.0,0.0,0.0
240847,2025-04-14T04:00:00.000000000,2.3489999999999998,1.884,0.0,0.0,0.0,0.0
240847,2025-04-14T05:00:00.000000000,2.443,1.972,0.0,0.0,0.0,0.0
240847,2025-04-14T06:00:00.000000000,2.058,1.375,0.0,0.0,0.0,0.0
240847,2025-04-14T07:00:00.000000000,1.6159999999999999,0.958,0.0,0.0,0.0,0.0
240847,2025-04-14T08:00:00.000000000,1.1560000000000001,0.6890000000000001,0.0,0.0,0.0,0.0
240847,2025-04-14T09:00:00.000000000,1.13,0.43999999999999995,0.0,0.0,0.0,0.0
240847,2025-04-14T10:00:00.000000000,0.975,0.28300000000000003,0.0,0.0,0.0,0.0
240847,2025-04-14T11:00:00.000000000,0.918,0.214,0.0,0.0,0.0,0.0
240847,2025-04-14T12:00:00.000000000,0.865,0.161,0.0,0.0,0.0,0.0
240847,2025-04-14T13:00:00.000000000,0.738,0.041,0.0,0.0,0.0,0.0
240847,2025-04-14T14:00:00.000000000,0.9329999999999998,0.004,0.0,0.0,0.0,0.0
240847,2025-04-14T15:00:00.000000000,1.2129999999999999,0.036000000000000004,0.0,0.0,0.0,0.0
240847,2025-04-14T16:00:00.000000000,0.955,0.048,0.0,0.0,0.0,0.0
240847,2025-04-14T17:00:00.000000000,0.9650000000000001,0.11,0.0,0.0,0.0,0.0
240847,2025-04-14T18:00:00.000000000,1.284,0.425,0.0,0.0,0.0,0.0
240847,2025-04-14T19:00:00.000000000,1.55,0.684,0.0,0.0,0.0,0.0
240847,2025-04-14T20:00:00.000000000,1.845,0.981,0.0,0.0,0.0,0.0
240847,2025-04-14T21:00:00.000000000,1.8749999999999998,1.177,0.0,0.0,0.0,0.0
240847,2025-04-14T22:00:00.000000000,1.957,1.461,0.0,0.0,0.0,0.0
240847,2025-04-14T23:00:00.000000000,1.9940000000000002,1.517,0.0,0.0,0.0,0.0
240847,2025-04-15T00:00:00.000000000,2.214,1.5310000000000001,0.0,0.0,0.0,0.0
240847,2025-04-15T01:00:00.000000000,2.228,1.566,0.0,0.0,0.0,0.0
240847,2025-04-15T02:00:00.000000000,2.048,1.5859999999999999,0.0,0.0,0.0,0.0
240847,2025-04-15T03:00:00.000000000,2.076,1.616,0.0,0.0,0.0,0.0
240847,2025-04-15T04:00:00.000000000,2.1820000000000004,1.723,0.0,0.0,0.0,0.0
240847,2025-04-15T05:00:00.000000000,2.8529999999999998,1.737,0.0,0.0,0.0,0.0
240847,2025-04-15T06:00:00.000000000,2.163,1.498,0.0,0.0,0.0,0.0
240847,2025-04-15T07:00:00.000000000,1.773,1.077,0.0,0.0,0.0,0.0
240847,2025-04-15T08:00:00.000000000,1.432,0.9069999999999999,0.0,0.0,0.0,0.0
240847,2025-04-15T09:00:00.000000000,1.327,0.7529999999999999,0.0,0.0,0.0,0.0
240847,2025-04-15T10:00:00.000000000,1.5010000000000001,0.648,0.0,0.0,0.0,0.0
240847,2025-04-15T11:00:00.000000000,2.162,0.545,0.0,0.0,0.0,0.0
240847,2025-04-15T12:00:00.000000000,7.904,0.954,0.0,0.0,0.0,0.0
240847,2025-04-15T13:00:00.000000000,1.397,0.276,0.0,0.0,0.0,0.0
240847,2025-04-15T14:00:00.000000000,1.1320000000000001,0.12000000000000001,0.0,0.0,0.0,0.0
240847,2025-04-15T15:00:00.000000000,0.7909999999999999,0.048,0.0,0.0,0.0,0.0
240847,2025-04-15T16:00:00.000000000,1.434,0.063,0.0,0.0,0.0,0.0
240847,2025-04-15T17:00:00.000000000,1.3559999999999999,0.179,0.0,0.0,0.0,0.0
240847,2025-04-15T18:00:00.000000000,1.5140000000000002,0.441,0.0,0.0,0.0,0.0
240847,2025-04-15T19:00:00.000000000,1.645,0.7779999999999999,0.0,0.0,0.0,0.0
240847,2025-04-15T20:00:00.000000000,2.033,1.063,0.0,0.0,0.0,0.0
240847,2025-04-15T21:00:00.000000000,2.496,1.311,0.0,0.0,0.0,0.0
240847,2025-04-15T22:00:00.000000000,2.3049999999999997,1.7189999999999999,0.0,0.0,0.0,0.0
240847,2025-04-15T23:00:00.000000000,2.451,1.9689999999999999,0.0,0.0,0.0,0.0
240847,2025-04-16T00:00:00.000000000,2.546,2.07,0.0,0.0,0.0,0.0
240847,2025-04-16T01:00:00.000000000,2.5540000000000003,2.078,0.0,0.0,0.0,0.0
240847,2025-04-16T02:00:00.000000000,2.795,2.314,0.0,0.0,0.0,0.0
240847,2025-04-16T03:00:00.000000000,2.9379999999999997,2.453,0.0,0.0,0.0,0.0
240847,2025-04-16T04:00:00.000000000,3.02,2.532,0.0,0.0,0.0,0.0
240847,2025-04-16T05:00:00.000000000,3.04,2.55,0.0,0.0,0.0,0.0
240847,2025-04-16T06:00:00.000000000,2.3930000000000002,1.866,0.0,0.0,0.0,0.0
240847,2025-04-16T07:00:00.000000000,2.261,1.15,0.0,0.0,0.0,0.0
240847,2025-04-16T08:00:00.000000000,1.759,0.861,0.0,0.0,0.0,0.0
240847,2025-04-16T09:00:00.000000000,0.975,0.513,0.0,0.0,0.0,0.0
240847,2025-04-16T10:00:00.000000000,0.774,0.312,0.0,0.0,0.0,0.0
240847,2025-04-16T11:00:00.000000000,0.674,0.208,0.0,0.0,0.0,0.0
240847,2025-04-16T12:00:00.000000000,0.528,0.062,0.0,0.0,0.0,0.0
240847,2025-04-16T13:00:00.000000000,0.464,0.0,0.0,0.0,0.0,0.0
240847,2025-04-16T14:00:00.000000000,0.464,0.0,0.0,0.0,0.0,0.0
240847,2025-04-16T15:00:00.000000000,0.47,0.0,0.0,0.0,0.0,0.0
240847,2025-04-16T16:00:00.000000000,0.72,0.0,0.0,0.0,0.0,0.0
240847,2025-04-16T17:00:00.000000000,0.6960000000000001,0.012,0.0,0.0,0.0,0.0
240847,2025-04-16T18:00:00.000000000,1.2690000000000001,0.048,0.0,0.0,0.0,0.0
240847,2025-04-16T19:00:00.000000000,1.178,0.313,0.0,0.0,0.0,0.0
240847,2025-04-16T20:00:00.000000000,1.6889999999999998,0.613,0.0,0.0,0.0,0.0
240847,2025-04-16T21:00:00.000000000,2.1260000000000003,0.9410000000000001,0.0,0.0,0.0,0.0
240847,2025-04-16T22:00:00.000000000,2.425,1.4989999999999999,0.0,0.0,0.0,0.0
240847,2025-04-16T23:00:00.000000000,2.1879999999999997,1.712,0.0,0.0,0.0,0.0
240847,2025-04-17T00:00:00.000000000,2.376,1.9040000000000001,0.0,0.0,0.0,0.0
240847,2025-04-17T01:00:00.000000000,2.6109999999999998,2.133,0.0,0.0,0.0,0.0
240847,2025-04-17T02:00:00.000000000,2.7550000000000003,2.274,0.0,0.0,0.0,0.0
240847,2025-04-17T03:00:00.000000000,2.917,2.432,0.0,0.0,0.0,0.0
240847,2025-04-17T04:00:00.000000000,3.015,2.528,0.0,0.0,0.0,0.0
240847,2025-04-17T05:00:00.000000000,3.074,2.482,0.0,0.0,0.0,0.0
240847,2025-04-17T06:00:00.000000000,2.738,1.9139999999999997,0.0,0.0,0.0,0.0
240847,2025-04-17T07:00:00.000000000,1.593,1.126,0.0,0.0,0.0,0.0
240847,2025-04-17T08:00:00.000000000,1.1400000000000001,0.676,0.0,0.0,0.0,0.0
240847,2025-04-17T09:00:00.000000000,5.834,0.32,0.0,0.0,0.0,0.0
240847,2025-04-17T10:00:00.000000000,5.446000000000001,0.182,0.0,0.0,0.0,0.0
240847,2025-04-17T11:00:00.000000000,1.126,0.0,0.0,0.0,0.0,0.0
240847,2025-04-17T12:00:00.000000000,1.111,0.0,0.0,0.0,0.0,0.0
240847,2025-04-17T13:00:00.000000000,0.7010000000000001,0.0,0.0,0.003,0.0,0.0
240847,2025-04-17T14:00:00.000000000,0.533,0.0,0.0,0.07,0.0,0.0
240847,2025-04-17T15:00:00.000000000,0.92,0.0,0.0,0.134,0.0,0.0
240847,2025-04-17T16:00:00.000000000,0.842,0.0,0.0,0.074,0.0,0.0
240847,2025-04-17T17:00:00.000000000,0.51,0.0,0.0,0.016,0.0,0.0
240847,2025-04-17T18:00:00.000000000,0.497,0.012,0.0,0.0,0.0,0.0
240847,2025-04-17T19:00:00.000000000,0.746,0.048,0.0,0.0,0.0,0.0
240847,2025-04-17T20:00:00.000000000,1.409,0.12200000000000001,0.0,0.0,0.0,0.0
240847,2025-04-17T21:00:00.000000000,1.557,0.375,0.0,0.0,0.0,0.0
240847,2025-04-17T22:00:00.000000000,1.5990000000000002,0.6180000000000001,0.0,0.0,0.0,0.0
240847,2025-04-17T23:00:00.000000000,1.234,0.698,0.0,0.0,0.0,0.0
240847,2025-04-18T00:00:00.000000000,1.2690000000000001,0.8049999999999999,0.0,0.0,0.0,0.0
240847,2025-04-18T01:00:00.000000000,1.452,0.989,0.0,0.0,0.0,0.0
240847,2025-04-18T02:00:00.000000000,1.661,1.199,0.0,0.0,0.0,0.0
240847,2025-04-18T03:00:00.000000000,1.6,1.142,0.0,0.0,0.0,0.0
240847,2025-04-18T04:00:00.000000000,1.57,1.112,0.0,0.0,0.0,0.0
240847,2025-04-18T05:00:00.000000000,1.399,0.939,0.0,0.0,0.0,0.0
240847,2025-04-18T06:00:00.000000000,1.2650000000000001,0.641,0.0,0.0,0.0,0.0
240847,2025-04-18T07:00:00.000000000,1.274,0.35000000000000003,0.0,0.0,0.0,0.0
240847,2025-04-18T08:00:00.000000000,0.627,0.162,0.0,0.0,0.0,0.0
240847,2025-04-18T09:00:00.000000000,0.46699999999999997,0.006,0.0,0.0,0.0,0.0
240847,2025-04-18T10:00:00.000000000,0.46,0.0,0.0,0.0,0.0,0.0
240847,2025-04-18T11:00:00.000000000,0.855,0.0,0.0,0.0,0.0,0.0
240847,2025-04-18T12:00:00.000000000,1.1389999999999998,0.0,0.0,0.032,0.0,0.0
240847,2025-04-18T13:00:00.000000000,0.6160000000000001,0.0,0.0,0.15,0.0,0.0
240847,2025-04-18T14:00:00.000000000,0.7470000000000001,0.0,0.0,0.28300000000000003,0.0,0.0
240847,2025-04-18T15:00:00.000000000,0.796,0.0,0.0,0.327,0.0,0.0
240847,2025-04-18T16:00:00.000000000,1.172,0.0,0.0,0.237,0.0,0.0
240847,2025-04-18T17:00:00.000000000,0.792,0.0,0.0,0.13999999999999999,0.0,0.0
240847,2025-04-18T18:00:00.000000000,0.584,0.0,0.0,0.006,0.0,0.0
240847,2025-04-18T19:00:00.000000000,0.902,0.036000000000000004,0.0,0.0,0.0,0.0
240847,2025-04-18T20:00:00.000000000,0.915,0.051000000000000004,0.0,0.0,0.0,0.0
240847,2025-04-18T21:00:00.000000000,1.026,0.269,0.0,0.0,0.0,0.0
240847,2025-04-18T22:00:00.000000000,1.052,0.559,0.0,0.0,0.0,0.0
240847,2025-04-18T23:00:00.000000000,1.18,0.706,0.0,0.0,0.0,0.0
240847,2025-04-19T00:00:00.000000000,1.301,0.836,0.0,0.0,0.0,0.0
240847,2025-04-19T01:00:00.000000000,1.426,0.965,0.0,0.0,0.0,0.0
240847,2025-04-19T02:00:00.000000000,1.571,1.11,0.0,0.0,0.0,0.0
240847,2025-04-19T03:00:00.000000000,1.762,1.303,0.0,0.0,0.0,0.0
240847,2025-04-19T04:00:00.000000000,1.94,1.4820000000000002,0.0,0.0,0.0,0.0
240847,2025-04-19T05:00:00.000000000,2.069,1.608,0.0,0.0,0.0,0.0
240847,2025-04-19T06:00:00.000000000,1.798,1.1680000000000001,0.0,0.0,0.0,0.0
240847,2025-04-19T07:00:00.000000000,1.595,0.575,0.0,0.0,0.0,0.0
240847,2025-04-19T08:00:00.000000000,1.3900000000000001,0.262,0.0,0.0,0.0,0.0
240847,2025-04-19T09:00:00.000000000,1.143,0.022,0.0,0.0,0.0,0.0
240847,2025-04-19T10:00:00.000000000,0.884,0.0,0.0,0.0,0.0,0.0
240847,2025-04-19T11:00:00.000000000,1.065,0.0,0.0,0.0,0.0,0.0
240847,2025-04-19T12:00:00.000000000,0.743,0.0,0.0,0.0,0.0,0.0
240847,2025-04-19T13:00:00.000000000,0.521,0.0,0.0,0.057,0.0,0.0
240847,2025-04-19T14:00:00.000000000,0.629,0.0,0.0,0.166,0.0,0.0
240847,2025-04-19T15:00:00.000000000,0.728,0.0,0.0,0.26,0.0,0.0
240847,2025-04-19T16:00:00.000000000,0.7030000000000001,0.0,0.0,0.202,0.0,0.0
240847,2025-04-19T17:00:00.000000000,0.61,0.0,0.0,0.117,0.0,0.0
240847,2025-04-19T18:00:00.000000000,0.8959999999999999,0.0,0.0,0.007,0.0,0.0
240847,2025-04-19T19:00:00.000000000,1.298,0.0,0.0,0.0,0.0,0.0
240847,2025-04-19T20:00:00.000000000,0.966,0.0,0.0,0.0,0.0,0.0
240847,2025-04-19T21:00:00.000000000,0.743,0.047,0.0,0.0,0.0,0.0
240847,2025-04-19T22:00:00.000000000,0.7589999999999999,0.265,0.0,0.0,0.0,0.0
240847,2025-04-19T23:00:00.000000000,0.7490000000000001,0.276,0.0,0.0,0.0,0.0
240847,2025-04-20T00:00:00.000000000,0.825,0.361,0.0,0.0,0.0,0.0
240847,2025-04-20T01:00:00.000000000,0.92,0.45799999999999996,0.0,0.0,0.0,0.0
240847,2025-04-20T02:00:00.000000000,1.017,0.558,0.0,0.0,0.0,0.0
240847,2025-04-20T03:00:00.000000000,1.136,0.679,0.0,0.0,0.0,0.0
240847,2025-04-20T04:00:00.000000000,1.2189999999999999,0.762,0.0,0.0,0.0,0.0
240847,2025-04-20T05:00:00.000000000,1.2510000000000001,0.792,0.0,0.0,0.0,0.0
240847,2025-04-20T06:00:00.000000000,1.021,0.5579999999999999,0.0,0.0,0.0,0.0
240847,2025-04-20T07:00:00.000000000,0.794,0.21800000000000003,0.0,0.0,0.0,0.0
240847,2025-04-20T08:00:00.000000000,1.0819999999999999,0.007,0.0,0.0,0.0,0.0
240847,2025-04-20T09:00:00.000000000,0.502,0.0,0.0,0.0,0.0,0.0
240847,2025-04-20T10:00:00.000000000,0.545,0.0,0.0,0.08499999999999999,0.0,0.0
240847,2025-04-20T11:00:00.000000000,0.7739999999999999,0.0,0.0,0.31000000000000005,0.0,0.0
240847,2025-04-20T12:00:00.000000000,0.9309999999999999,0.0,0.0,0.46699999999999997,0.0,0.0
240847,2025-04-20T13:00:00.000000000,1.085,0.0,0.0,0.62,0.0,0.0
240847,2025-04-20T14:00:00.000000000,1.178,0.0,0.0,0.7130000000000001,0.0,0.0
240847,2025-04-20T15:00:00.000000000,1.385,0.0,0.0,0.6940000000000001,0.0,0.0
240847,2025-04-20T16:00:00.000000000,1.589,0.0,0.0,0.494,0.0,0.0
240847,2025-04-20T17:00:00.000000000,1.312,0.0,0.0,0.36100000000000004,0.0,0.0
240847,2025-04-20T18:00:00.000000000,1.013,0.0,0.0,0.156,0.0,0.0
240847,2025-04-20T19:00:00.000000000,5.584,0.0,0.0,0.0,0.0,0.0
240847,2025-04-20T20:00:00.000000000,1.191,0.0,0.0,0.0,0.0,0.0
240847,2025-04-20T21:00:00.000000000,0.976,0.0,0.0,0.0,0.0,0.0
240847,2025-04-20T22:00:00.000000000,0.609,0.0,0.0,0.0,0.0,0.0
240847,2025-04-20T23:00:00.000000000,0.533,0.06,0.0,0.0,0.0,0.0
240847,2025-04-21T00:00:00.000000000,0.638,0.17600000000000002,0.0,0.0,0.0,0.0
240847,2025-04-21T01:00:00.000000000,1.1889999999999998,0.29600000000000004,0.0,0.0,0.0,0.0
240847,2025-04-21T02:00:00.000000000,1.07,0.48000000000000004,0.0,0.0,0.0,0.0
240847,2025-04-21T03:00:00.000000000,1.118,0.661,0.0,0.0,0.0,0.0
240847,2025-04-21T04:00:00.000000000,1.2469999999999999,0.7889999999999999,0.0,0.0,0.0,0.0
240847,2025-04-21T05:00:00.000000000,1.3530000000000002,0.892,0.0,0.0,0.0,0.0
240847,2025-04-21T06:00:00.000000000,1.415,0.949,0.0,0.0,0.0,0.0
240847,2025-04-21T07:00:00.000000000,1.4849999999999999,0.8440000000000001,0.0,0.0,0.0,0.0
240847,2025-04-21T08:00:00.000000000,1.404,0.7090000000000001,0.0,0.0,0.0,0.0
240847,2025-04-21T09:00:00.000000000,1.1849999999999998,0.552,0.0,0.0,0.0,0.0
240847,2025-04-21T10:00:00.000000000,0.975,0.284,0.0,0.0,0.0,0.0
240847,2025-04-21T11:00:00.000000000,0.734,0.092,0.0,0.0,0.0,0.0
240847,2025-04-21T12:00:00.000000000,0.471,0.007,0.0,0.0,0.0,0.0
240847,2025-04-21T13:00:00.000000000,0.698,0.0,0.0,0.0,0.0,0.0
240847,2025-04-21T14:00:00.000000000,2.16,0.0,0.0,0.015,0.0,0.0
240847,2025-04-21T15:00:00.000000000,0.81,0.0,0.0,0.028999999999999998,0.0,0.0
240847,2025-04-21T16:00:00.000000000,0.835,0.0,0.0,0.012,0.0,0.0
240847,2025-04-21T17:00:00.000000000,0.893,0.036000000000000004,0.0,0.0,0.0,0.0
240847,2025-04-21T18:00:00.000000000,1.0190000000000001,0.048,0.0,0.0,0.0,0.0
240847,2025-04-21T19:00:00.000000000,1.385,0.126,0.0,0.0,0.0,0.0
240847,2025-04-21T20:00:00.000000000,1.359,0.496,0.0,0.0,0.0,0.0
240847,2025-04-21T21:00:00.000000000,1.412,0.837,0.0,0.0,0.0,0.0
240847,2025-04-21T22:00:00.000000000,1.673,1.1780000000000002,0.0,0.0,0.0,0.0
240847,2025-04-21T23:00:00.000000000,1.78,1.3050000000000002,0.0,0.0,0.0,0.0
240847,2025-04-22T00:00:00.000000000,1.884,1.4169999999999998,0.0,0.0,0.0,0.0
240847,2025-04-22T01:00:00.000000000,2.038,1.5730000000000002,0.0,0.0,0.0,0.0
240847,2025-04-22T02:00:00.000000000,2.135,1.672,0.0,0.0,0.0,0.0
240847,2025-04-22T03:00:00.000000000,2.252,1.788,0.0,0.0,0.0,0.0
240847,2025-04-22T04:00:00.000000000,2.512,2.04,0.0,0.0,0.0,0.0
240847,2025-04-22T05:00:00.000000000,2.4219999999999997,1.9509999999999998,0.0,0.0,0.0,0.0
240847,2025-04-22T06:00:00.000000000,2.168,1.536,0.0,0.0,0.0,0.0
240847,2025-04-22T07:00:00.000000000,1.977,0.9059999999999999,0.0,0.0,0.0,0.0
240847,2025-04-22T08:00:00.000000000,1.748,0.617,0.0,0.0,0.0,0.0
240847,2025-04-22T09:00:00.000000000,1.072,0.34800000000000003,0.0,0.0,0.0,0.0
240847,2025-04-22T10:00:00.000000000,1.633,0.059000000000000004,0.0,0.0,0.0,0.0
240847,2025-04-22T11:00:00.000000000,1.2349999999999999,0.0,0.0,0.0,0.0,0.0
240847,2025-04-22T12:00:00.000000000,1.14,0.0,0.0,0.0,0.0,0.0
240847,2025-04-22T13:00:00.000000000,0.8,0.0,0.0,0.0,0.0,0.0
240847,2025-04-22T14:00:00.000000000,0.648,0.0,0.0,0.0,0.0,0.0
240847,2025-04-22T15:00:00.000000000,0.47,0.0,0.0,0.0,0.0,0.0
240847,2025-04-22T16:00:00.000000000,0.514,0.012,0.0,0.0,0.0,0.0
240847,2025-04-22T17:00:00.000000000,0.794,0.08600000000000001,0.0,0.0,0.0,0.0
240847,2025-04-22T18:00:00.000000000,1.2249999999999999,0.30200000000000005,0.0,0.0,0.0,0.0
240847,2025-04-22T19:00:00.000000000,1.099,0.41300000000000003,0.0,0.0,0.0,0.0
240847,2025-04-22T20:00:00.000000000,1.3929999999999998,0.529,0.0,0.0,0.0,0.0
240847,2025-04-22T21:00:00.000000000,1.396,0.653,0.0,0.0,0.0,0.0
240847,2025-04-22T22:00:00.000000000,1.713,0.865,0.0,0.0,0.0,0.0
240847,2025-04-22T23:00:00.000000000,1.3820000000000001,0.9079999999999999,0.0,0.0,0.0,0.0
240847,2025-04-23T00:00:00.000000000,1.3719999999999999,0.907,0.0,0.0,0.0,0.0
240847,2025-04-23T01:00:00.000000000,1.398,0.937,0.0,0.0,0.0,0.0
240847,2025-04-23T02:00:00.000000000,1.414,0.954,0.0,0.0,0.0,0.0
240847,2025-04-23T03:00:00.000000000,1.5450000000000002,1.088,0.0,0.0,0.0,0.0
240847,2025-04-23T04:00:00.000000000,1.4339999999999997,0.978,0.0,0.0,0.0,0.0
240847,2025-04-23T05:00:00.000000000,1.326,0.866,0.0,0.0,0.0,0.0
240847,2025-04-23T06:00:00.000000000,1.236,0.772,0.0,0.0,0.0,0.0
240847,2025-04-23T07:00:00.000000000,1.141,0.675,0.0,0.0,0.0,0.0
240847,2025-04-23T08:00:00.000000000,0.949,0.482,0.0,0.0,0.0,0.0
240847,2025-04-23T09:00:00.000000000,0.752,0.29,0.0,0.0,0.0,0.0
240847,2025-04-23T10:00:00.000000000,0.935,0.251,0.0,0.0,0.0,0.0
240847,2025-04-23T11:00:00.000000000,1.0010000000000001,0.151,0.0,0.0,0.0,0.0
240847,2025-04-23T12:00:00.000000000,0.538,0.073,0.0,0.0,0.0,0.0
240847,2025-04-23T13:00:00.000000000,0.46799999999999997,0.004,0.0,0.0,0.0,0.0
240847,2025-04-23T14:00:00.000000000,0.464,0.0,0.0,0.0,0.0,0.0
240847,2025-04-23T15:00:00.000000000,0.47,0.0,0.0,0.0,0.0,0.0
240847,2025-04-23T16:00:00.000000000,0.5840000000000001,0.08299999999999999,0.0,0.0,0.0,0.0
240847,2025-04-23T17:00:00.000000000,0.669,0.176,0.0,0.0,0.0,0.0
240847,2025-04-23T18:00:00.000000000,0.896,0.224,0.0,0.0,0.0,0.0
240847,2025-04-23T19:00:00.000000000,1.3780000000000001,0.28800000000000003,0.0,0.0,0.0,0.0
240847,2025-04-23T20:00:00.000000000,1.356,0.33299999999999996,0.0,0.0,0.0,0.0
240847,2025-04-23T21:00:00.000000000,1.038,0.40299999999999997,0.0,0.0,0.0,0.0
240847,2025-04-23T22:00:00.000000000,1.045,0.55,0.0,0.0,0.0,0.0
240847,2025-04-23T23:00:00.000000000,1.056,0.5820000000000001,0.0,0.0,0.0,0.0
240847,2025-04-24T00:00:00.000000000,1.053,0.589,0.0,0.0,0.0,0.0
240847,2025-04-24T01:00:00.000000000,1.374,0.577,0.0,0.0,0.0,0.0
240847,2025-04-24T02:00:00.000000000,1.105,0.576,0.0,0.0,0.0,0.0
240847,2025-04-24T03:00:00.000000000,1.1380000000000001,0.6799999999999999,0.0,0.0,0.0,0.0
240847,2025-04-24T04:00:00.000000000,1.222,0.766,0.0,0.0,0.0,0.0
240847,2025-04-24T05:00:00.000000000,1.263,0.8030000000000002,0.0,0.0,0.0,0.0
240847,2025-04-24T06:00:00.000000000,1.274,0.8109999999999999,0.0,0.0,0.0,0.0
240847,2025-04-24T07:00:00.000000000,1.195,0.7290000000000001,0.0,0.0,0.0,0.0
240847,2025-04-24T08:00:00.000000000,1.117,0.653,0.0,0.0,0.0,0.0
240847,2025-04-24T09:00:00.000000000,1.1019999999999999,0.637,0.0,0.0,0.0,0.0
240847,2025-04-24T10:00:00.000000000,1.049,0.589,0.0,0.0,0.0,0.0
240847,2025-04-24T11:00:00.000000000,0.9319999999999999,0.469,0.0,0.0,0.0,0.0
240847,2025-04-24T12:00:00.000000000,0.847,0.38,0.0,0.0,0.0,0.0
240847,2025-04-24T13:00:00.000000000,0.7929999999999999,0.326,0.0,0.0,0.0,0.0
240847,2025-04-24T14:00:00.000000000,0.617,0.153,0.0,0.0,0.0,0.0
240847,2025-04-24T15:00:00.000000000,0.903,0.02,0.0,0.0,0.0,0.0
240847,2025-04-24T16:00:00.000000000,5.982,0.406,0.0,0.0,0.0,0.0
240847,2025-04-24T17:00:00.000000000,0.8590000000000001,0.138,0.0,0.0,0.0,0.0
240847,2025-04-24T18:00:00.000000000,1.133,0.31800000000000006,0.0,0.0,0.0,0.0
240847,2025-04-24T19:00:00.000000000,2.2479999999999998,0.498,0.0,0.0,0.0,0.0
240847,2025-04-24T20:00:00.000000000,2.156,0.857,0.0,0.0,0.0,0.0
240847,2025-04-24T21:00:00.000000000,1.9289999999999998,1.17,0.0,0.0,0.0,0.0
240847,2025-04-24T22:00:00.000000000,1.886,1.2469999999999999,0.0,0.0,0.0,0.0
240847,2025-04-24T23:00:00.000000000,1.8130000000000002,1.155,0.0,0.0,0.0,0.0
240847,2025-04-25T00:00:00.000000000,2.0540000000000003,1.134,0.0,0.0,0.0,0.0
240847,2025-04-25T01:00:00.000000000,2.138,1.232,0.0,0.0,0.0,0.0
240847,2025-04-25T02:00:00.000000000,1.879,1.3230000000000002,0.0,0.0,0.0,0.0
240847,2025-04-25T03:00:00.000000000,1.6829999999999998,1.224,0.0,0.0,0.0,0.0
240847,2025-04-25T04:00:00.000000000,1.683,1.226,0.0,0.0,0.0,0.0
240847,2025-04-25T05:00:00.000000000,1.655,1.196,0.0,0.0,0.0,0.0
240847,2025-04-25T06:00:00.000000000,1.568,1.103,0.0,0.0,0.0,0.0
240847,2025-04-25T07:00:00.000000000,1.556,1.032,0.0,0.0,0.0,0.0
240847,2025-04-25T08:00:00.000000000,1.5539999999999998,0.858,0.0,0.0,0.0,0.0
240847,2025-04-25T09:00:00.000000000,1.4449999999999998,0.7549999999999999,0.0,0.0,0.0,0.0
240847,2025-04-25T10:00:00.000000000,1.882,0.7449999999999999,0.0,0.0,0.0,0.0
240847,2025-04-25T11:00:00.000000000,1.383,0.581,0.0,0.0,0.0,0.0
240847,2025-04-25T12:00:00.000000000,1.0030000000000001,0.536,0.0,0.0,0.0,0.0
240847,2025-04-25T13:00:00.000000000,1.3090000000000002,0.61,0.0,0.0,0.0,0.0
240847,2025-04-25T14:00:00.000000000,1.298,0.586,0.0,0.0,0.0,0.0
240847,2025-04-25T15:00:00.000000000,1.47,0.508,0.0,0.0,0.0,0.0
240847,2025-04-25T16:00:00.000000000,1.528,0.514,0.0,0.0,0.0,0.0
240847,2025-04-25T17:00:00.000000000,1.177,0.507,0.0,0.0,0.0,0.0
240847,2025-04-25T18:00:00.000000000,1.355,0.59,0.0,0.0,0.0,0.0
240847,2025-04-25T19:00:00.000000000,1.543,0.6759999999999999,0.0,0.0,0.0,0.0
240847,2025-04-25T20:00:00.000000000,1.785,0.7959999999999999,0.0,0.0,0.0,0.0
240847,2025-04-25T21:00:00.000000000,1.702,0.898,0.0,0.0,0.0,0.0
240847,2025-04-25T22:00:00.000000000,1.587,1.0919999999999999,0.0,0.0,0.0,0.0
240847,2025-04-25T23:00:00.000000000,1.626,1.1500000000000001,0.0,0.0,0.0,0.0
240847,2025-04-26T00:00:00.000000000,1.866,1.4,0.0,0.0,0.0,0.0
240847,2025-04-26T01:00:00.000000000,2.099,1.635,0.0,0.0,0.0,0.0
240847,2025-04-26T02:00:00.000000000,2.192,1.7269999999999999,0.0,0.0,0.0,0.0
240847,2025-04-26T03:00:00.000000000,2.319,1.8519999999999999,0.0,0.0,0.0,0.0
240847,2025-04-26T04:00:00.000000000,2.272,1.8090000000000002,0.0,0.0,0.0,0.0
240847,2025-04-26T05:00:00.000000000,2.541,1.709,0.0,0.0,0.0,0.0
240847,2025-04-26T06:00:00.000000000,1.952,1.074,0.0,0.0,0.0,0.0
240847,2025-04-26T07:00:00.000000000,1.279,0.642,0.0,0.0,0.0,0.0
240847,2025-04-26T08:00:00.000000000,0.8340000000000001,0.36900000000000005,0.0,0.0,0.0,0.0
240847,2025-04-26T09:00:00.000000000,0.723,0.155,0.0,0.0,0.0,0.0
240847,2025-04-26T10:00:00.000000000,0.912,0.011,0.0,0.0,0.0,0.0
240847,2025-04-26T11:00:00.000000000,0.8279999999999998,0.0,0.0,0.0,0.0,0.0
240847,2025-04-26T12:00:00.000000000,1.5299999999999998,0.0,0.0,0.0,0.0,0.0
240847,2025-04-26T13:00:00.000000000,1.034,0.0,0.0,0.0,0.0,0.0
240847,2025-04-26T14:00:00.000000000,0.912,0.0,0.0,0.0,0.0,0.0
240847,2025-04-26T15:00:00.000000000,0.512,0.0,0.0,0.0,0.0,0.0
240847,2025-04-26T16:00:00.000000000,0.6699999999999999,0.0,0.0,0.0,0.0,0.0
240847,2025-04-26T17:00:00.000000000,0.7699999999999999,0.0,0.0,0.0,0.0,0.0
240847,2025-04-26T18:00:00.000000000,0.859,0.0,0.0,0.0,0.0,0.0
240847,2025-04-26T19:00:00.000000000,0.866,0.0,0.0,0.0,0.0,0.0
240847,2025-04-26T20:00:00.000000000,0.9530000000000001,0.088,0.0,0.0,0.0,0.0
240847,2025-04-26T21:00:00.000000000,1.95,0.251,0.0,0.0,0.0,0.0
240847,2025-04-26T22:00:00.000000000,1.6309999999999998,0.412,0.0,0.0,0.0,0.0
240847,2025-04-26T23:00:00.000000000,1.2020000000000002,0.46299999999999997,0.0,0.0,0.0,0.0
240847,2025-04-27T00:00:00.000000000,0.969,0.507,0.0,0.0,0.0,0.0
240847,2025-04-27T01:00:00.000000000,1.014,0.551,0.0,0.0,0.0,0.0
240847,2025-04-27T02:00:00.000000000,1.062,0.603,0.0,0.0,0.0,0.0
240847,2025-04-27T03:00:00.000000000,1.102,0.645,0.0,0.0,0.0,0.0
240847,2025-04-27T04:00:00.000000000,1.116,0.66,0.0,0.0,0.0,0.0
240847,2025-04-27T05:00:00.000000000,1.1190000000000002,0.66,0.0,0.0,0.0,0.0
240847,2025-04-27T06:00:00.000000000,5.024,0.8560000000000001,0.0,0.0,0.0,0.0
240847,2025-04-27T07:00:00.000000000,3.1809999999999996,0.6900000000000001,0.0,0.0,0.0,0.0
240847,2025-04-27T08:00:00.000000000,1.4889999999999999,0.6859999999999999,0.0,0.0,0.0,0.0
240847,2025-04-27T09:00:00.000000000,1.8350000000000002,0.7050000000000001,0.0,0.0,0.0,0.0
240847,2025-04-27T10:00:00.000000000,1.397,0.7230000000000001,0.0,0.0,0.0,0.0
240847,2025-04-27T11:00:00.000000000,1.3279999999999998,0.648,0.0,0.0,0.0,0.0
240847,2025-04-27T12:00:00.000000000,1.4060000000000001,0.599,0.0,0.0,0.0,0.0
240847,2025-04-27T13:00:00.000000000,1.0550000000000002,0.59,0.0,0.0,0.0,0.0
240847,2025-04-27T14:00:00.000000000,1.115,0.65,0.0,0.0,0.0,0.0
240847,2025-04-27T15:00:00.000000000,1.0430000000000001,0.5750000000000001,0.0,0.0,0.0,0.0
240847,2025-04-27T16:00:00.000000000,1.113,0.612,0.0,0.0,0.0,0.0
240847,2025-04-27T17:00:00.000000000,1.085,0.5930000000000001,0.0,0.0,0.0,0.0
240847,2025-04-27T18:00:00.000000000,1.203,0.624,0.0,0.0,0.0,0.0
240847,2025-04-27T19:00:00.000000000,1.201,0.622,0.0,0.0,0.0,0.0
240847,2025-04-27T20:00:00.000000000,1.132,0.648,0.0,0.0,0.0,0.0
240847,2025-04-27T21:00:00.000000000,1.156,0.675,0.0,0.0,0.0,0.0
240847,2025-04-27T22:00:00.000000000,1.4769999999999999,0.7609999999999999,0.0,0.0,0.0,0.0
240847,2025-04-27T23:00:00.000000000,1.48,0.7129999999999999,0.0,0.0,0.0,0.0
240847,2025-04-28T00:00:00.000000000,1.167,0.706,0.0,0.0,0.0,0.0
240847,2025-04-28T01:00:00.000000000,1.187,0.7250000000000001,0.0,0.0,0.0,0.0
240847,2025-04-28T02:00:00.000000000,1.178,0.718,0.0,0.0,0.0,0.0
240847,2025-04-28T03:00:00.000000000,1.1909999999999998,0.7329999999999999,0.0,0.0,0.0,0.0
240847,2025-04-28T04:00:00.000000000,1.2409999999999999,0.7839999999999999,0.0,0.0,0.0,0.0
240847,2025-04-28T05:00:00.000000000,1.379,0.9179999999999999,0.0,0.0,0.0,0.0
240847,2025-04-28T06:00:00.000000000,1.387,0.923,0.0,0.0,0.0,0.0
240847,2025-04-28T07:00:00.000000000,1.3,0.833,0.0,0.0,0.0,0.0
240847,2025-04-28T08:00:00.000000000,1.01,0.544,0.0,0.0,0.0,0.0
240847,2025-04-28T09:00:00.000000000,1.172,0.316,0.0,0.0,0.0,0.0
240847,2025-04-28T10:00:00.000000000,1.0959999999999999,0.22499999999999998,0.0,0.0,0.0,0.0
240847,2025-04-28T11:00:00.000000000,2.238,0.032,0.0,0.0,0.0,0.0
240847,2025-04-28T12:00:00.000000000,1.876,0.0,0.0,0.0,0.0,0.0
240847,2025-04-28T13:00:00.000000000,0.698,0.0,0.0,0.0,0.0,0.0
240847,2025-04-28T14:00:00.000000000,0.7110000000000001,0.0,0.0,0.0,0.0,0.0
240847,2025-04-28T15:00:00.000000000,0.74,0.0,0.0,0.0,0.0,0.0
240847,2025-04-28T16:00:00.000000000,1.3689999999999998,0.0,0.0,0.0,0.0,0.0
240847,2025-04-28T17:00:00.000000000,0.854,0.0,0.0,0.0,0.0,0.0
240847,2025-04-28T18:00:00.000000000,0.859,0.0,0.0,0.0,0.0,0.0
240847,2025-04-28T19:00:00.000000000,2.0650000000000004,0.033,0.0,0.0,0.0,0.0
240847,2025-04-28T20:00:00.000000000,1.559,0.30600000000000005,0.0,0.0,0.0,0.0
240847,2025-04-28T21:00:00.000000000,1.2839999999999998,0.525,0.0,0.0,0.0,0.0
240847,2025-04-28T22:00:00.000000000,1.919,0.847,0.0,0.0,0.0,0.0
240847,2025-04-28T23:00:00.000000000,1.596,0.963,0.0,0.0,0.0,0.0
240847,2025-04-29T00:00:00.000000000,1.517,1.053,0.0,0.0,0.0,0.0
240847,2025-04-29T01:00:00.000000000,1.588,1.126,0.0,0.0,0.0,0.0
240847,2025-04-29T02:00:00.000000000,1.623,1.162,0.0,0.0,0.0,0.0
240847,2025-04-29T03:00:00.000000000,1.6689999999999998,1.2089999999999999,0.0,0.0,0.0,0.0
240847,2025-04-29T04:00:00.000000000,1.723,1.264,0.0,0.0,0.0,0.0
240847,2025-04-29T05:00:00.000000000,1.654,1.192,0.0,0.0,0.0,0.0
240847,2025-04-29T06:00:00.000000000,1.4620000000000002,0.944,0.0,0.0,0.0,0.0
240847,2025-04-29T07:00:00.000000000,1.377,0.684,0.0,0.0,0.0,0.0
240847,2025-04-29T08:00:00.000000000,1.188,0.494,0.0,0.0,0.0,0.0
240847,2025-04-29T09:00:00.000000000,0.9089999999999999,0.22,0.0,0.0,0.0,0.0
240847,2025-04-29T10:00:00.000000000,0.7649999999999999,0.073,0.0,0.0,0.0,0.0
240847,2025-04-29T11:00:00.000000000,1.1,0.006,0.0,0.0,0.0,0.0
240847,2025-04-29T12:00:00.000000000,0.517,0.0,0.0,0.0,0.0,0.0
240847,2025-04-29T13:00:00.000000000,4.3759999999999994,0.036,0.0,0.0,0.0,0.0
240847,2025-04-29T14:00:00.000000000,2.714,0.003,0.0,0.0,0.0,0.0
240847,2025-04-29T15:00:00.000000000,1.174,0.0,0.0,0.0,0.0,0.0
240847,2025-04-29T16:00:00.000000000,0.823,0.0,0.0,0.0,0.0,0.0
240847,2025-04-29T17:00:00.000000000,1.068,0.0,0.0,0.0,0.0,0.0
240847,2025-04-29T18:00:00.000000000,1.315,0.032,0.0,0.0,0.0,0.0
240847,2025-04-29T19:00:00.000000000,1.483,0.203,0.0,0.0,0.0,0.0
240847,2025-04-29T20:00:00.000000000,1.466,0.36100000000000004,0.0,0.0,0.0,0.0
240847,2025-04-29T21:00:00.000000000,1.342,0.557,0.0,0.0,0.0,0.0
240847,2025-04-29T22:00:00.000000000,1.262,0.77,0.0,0.0,0.0,0.0
240847,2025-04-29T23:00:00.000000000,1.297,0.823,0.0,0.0,0.0,0.0
240847,2025-04-30T00:00:00.000000000,1.364,0.899,0.0,0.0,0.0,0.0
240847,2025-04-30T01:00:00.000000000,1.3780000000000001,0.917,0.0,0.0,0.0,0.0
240847,2025-04-30T02:00:00.000000000,1.412,0.952,0.0,0.0,0.0,0.0
240847,2025-04-30T03:00:00.000000000,1.4169999999999998,0.96,0.0,0.0,0.0,0.0
240847,2025-04-30T04:00:00.000000000,1.3980000000000001,0.941,0.0,0.0,0.0,0.0
240847,2025-04-30T05:00:00.000000000,1.5150000000000001,0.942,0.0,0.0,0.0,0.0
240847,2025-04-30T06:00:00.000000000,1.73,0.875,0.0,0.0,0.0,0.0
240847,2025-04-30T07:00:00.000000000,1.295,0.829,0.0,0.0,0.0,0.0
240847,2025-04-30T08:00:00.000000000,1.178,0.712,0.0,0.0,0.0,0.0
240847,2025-04-30T09:00:00.000000000,1.106,0.642,0.0,0.0,0.0,0.0
240847,2025-04-30T10:00:00.000000000,1.049,0.586,0.0,0.0,0.0,0.0
240847,2025-04-30T11:00:00.000000000,0.998,0.533,0.0,0.0,0.0,0.0
240847,2025-04-30T12:00:00.000000000,1.018,0.551,0.0,0.0,0.0,0.0
240847,2025-04-30T13:00:00.000000000,1.038,0.571,0.0,0.0,0.0,0.0
240847,2025-04-30T14:00:00.000000000,0.982,0.518,0.0,0.0,0.0,0.0
240847,2025-04-30T15:00:00.000000000,1.234,0.538,0.0,0.0,0.0,0.0
240847,2025-04-30T16:00:00.000000000,1.378,0.5710000000000001,0.0,0.0,0.0,0.0
240847,2025-04-30T17:00:00.000000000,1.4209999999999998,0.5660000000000001,0.0,0.0,0.0,0.0
240847,2025-04-30T18:00:00.000000000,1.2349999999999999,0.656,0.0,0.0,0.0,0.0
240847,2025-04-30T19:00:00.000000000,1.7719999999999998,0.5720000000000001,0.0,0.0,0.0,0.0
240847,2025-04-30T20:00:00.000000000,1.942,0.636,0.0,0.0,0.0,0.0
240847,2025-04-30T21:00:00.000000000,1.944,0.7469999999999999,0.0,0.0,0.0,0.0
240847,2025-04-30T22:00:00.000000000,1.7610000000000001,0.898,0.0,0.0,0.0,0.0
240847,2025-04-30T23:00:00.000000000,1.4849999999999999,1.01,0.0,0.0,0.0,0.0
240847,2025-05-01T00:00:00.000000000,1.492,1.028,0.0,0.0,0.0,0.0
240847,2025-05-01T01:00:00.000000000,1.6059999999999999,1.144,0.0,0.0,0.0,0.0
240847,2025-05-01T02:00:00.000000000,1.915,1.4539999999999997,0.0,0.0,0.0,0.0
240847,2025-05-01T03:00:00.000000000,2.7249999999999996,1.822,0.0,0.0,0.0,0.0
240847,2025-05-01T04:00:00.000000000,2.7840000000000003,2.278,0.0,0.0,0.0,0.0
240847,2025-05-01T05:00:00.000000000,2.6870000000000003,2.208,0.0,0.0,0.0,0.0
240847,2025-05-01T06:00:00.000000000,2.029,1.565,0.0,0.0,0.0,0.0
240847,2025-05-01T07:00:00.000000000,1.7349999999999999,1.267,0.0,0.0,0.0,0.0
240847,2025-05-01T08:00:00.000000000,1.623,1.046,0.0,0.0,0.0,0.0
240847,2025-05-01T09:00:00.000000000,1.119,0.655,0.0,0.0,0.0,0.0
240847,2025-05-01T10:00:00.000000000,0.9149999999999999,0.45299999999999996,0.0,0.0,0.0,0.0
240847,2025-05-01T11:00:00.000000000,0.7770000000000001,0.314,0.0,0.0,0.0,0.0
240847,2025-05-01T12:00:00.000000000,0.888,0.199,0.0,0.0,0.0,0.0
240847,2025-05-01T13:00:00.000000000,0.7170000000000001,0.074,0.0,0.0,0.0,0.0
240847,2025-05-01T14:00:00.000000000,0.493,0.03,0.0,0.0,0.0,0.0
240847,2025-05-01T15:00:00.000000000,0.47,0.0,0.0,0.0,0.0,0.0
240847,2025-05-01T16:00:00.000000000,0.508,0.006,0.0,0.0,0.0,0.0
240847,2025-05-01T17:00:00.000000000,0.609,0.027000000000000003,0.0,0.0,0.0,0.0
240847,2025-05-01T18:00:00.000000000,0.976,0.14100000000000001,0.0,0.0,0.0,0.0
240847,2025-05-01T19:00:00.000000000,1.077,0.239,0.0,0.0,0.0,0.0
240847,2025-05-01T20:00:00.000000000,1.138,0.29300000000000004,0.0,0.0,0.0,0.0
240847,2025-05-01T21:00:00.000000000,0.984,0.415,0.0,0.0,0.0,0.0
240847,2025-05-01T22:00:00.000000000,1.496,0.549,0.0,0.0,0.0,0.0
240847,2025-05-01T23:00:00.000000000,1.117,0.623,0.0,0.0,0.0,0.0
240847,2025-05-02T00:00:00.000000000,1.138,0.6739999999999999,0.0,0.0,0.0,0.0
240847,2025-05-02T01:00:00.000000000,1.2029999999999998,0.74,0.0,0.0,0.0,0.0
240847,2025-05-02T02:00:00.000000000,1.2169999999999999,0.756,0.0,0.0,0.0,0.0
240847,2025-05-02T03:00:00.000000000,1.142,0.684,0.0,0.0,0.0,0.0
240847,2025-05-02T04:00:00.000000000,1.146,0.69,0.0,0.0,0.0,0.0
240847,2025-05-02T05:00:00.000000000,1.554,0.6699999999999999,0.0,0.0,0.0,0.0
240847,2025-05-02T06:00:00.000000000,3.864,0.42499999999999993,0.0,0.0,0.0,0.0
240847,2025-05-02T07:00:00.000000000,3.2689999999999997,0.385,0.0,0.0,0.0,0.0
240847,2025-05-02T08:00:00.000000000,1.3399999999999999,0.51,0.0,0.0,0.0,0.0
240847,2025-05-02T09:00:00.000000000,0.991,0.528,0.0,0.0,0.0,0.0
240847,2025-05-02T10:00:00.000000000,0.988,0.527,0.0,0.0,0.0,0.0
240847,2025-05-02T11:00:00.000000000,1.159,0.478,0.0,0.0,0.0,0.0
240847,2025-05-02T12:00:00.000000000,1.181,0.406,0.0,0.0,0.0,0.0
240847,2025-05-02T13:00:00.000000000,0.794,0.328,0.0,0.0,0.0,0.0
240847,2025-05-02T14:00:00.000000000,0.774,0.249,0.0,0.0,0.0,0.0
240847,2025-05-02T15:00:00.000000000,0.519,0.05,0.0,0.0,0.0,0.0
240847,2025-05-02T16:00:00.000000000,0.502,0.0,0.0,0.0,0.0,0.0
240847,2025-05-02T17:00:00.000000000,0.494,0.0,0.0,0.0,0.0,0.0
240847,2025-05-02T18:00:00.000000000,0.502,0.017,0.0,0.0,0.0,0.0
240847,2025-05-02T19:00:00.000000000,0.6379999999999999,0.154,0.0,0.0,0.0,0.0
240847,2025-05-02T20:00:00.000000000,1.067,0.311,0.0,0.0,0.0,0.0
240847,2025-05-02T21:00:00.000000000,1.311,0.557,0.0,0.0,0.0,0.0
240847,2025-05-02T22:00:00.000000000,1.5259999999999998,0.887,0.0,0.0,0.0,0.0
240847,2025-05-02T23:00:00.000000000,1.6029999999999998,1.051,0.0,0.0,0.0,0.0
240847,2025-05-03T00:00:00.000000000,2.218,1.3739999999999997,0.0,0.0,0.0,0.0
240847,2025-05-03T01:00:00.000000000,2.267,1.579,0.0,0.0,0.0,0.0
240847,2025-05-03T02:00:00.000000000,2.114,1.648,0.0,0.0,0.0,0.0
240847,2025-05-03T03:00:00.000000000,2.608,1.7049999999999998,0.0,0.0,0.0,0.0
240847,2025-05-03T04:00:00.000000000,2.299,1.828,0.0,0.0,0.0,0.0
240847,2025-05-03T05:00:00.000000000,2.116,1.62,0.0,0.0,0.0,0.0
240847,2025-05-03T06:00:00.000000000,1.771,1.108,0.0,0.0,0.0,0.0
240847,2025-05-03T07:00:00.000000000,1.256,0.7350000000000001,0.0,0.0,0.0,0.0
240847,2025-05-03T08:00:00.000000000,0.8699999999999999,0.40399999999999997,0.0,0.0,0.0,0.0
240847,2025-05-03T09:00:00.000000000,0.793,0.22199999999999998,0.0,0.0,0.0,0.0
240847,2025-05-03T10:00:00.000000000,1.014,0.122,0.0,0.0,0.0,0.0
240847,2025-05-03T11:00:00.000000000,0.906,0.007,0.0,0.0,0.0,0.0
240847,2025-05-03T12:00:00.000000000,0.464,0.0,0.0,0.0,0.0,0.0
240847,2025-05-03T13:00:00.000000000,0.464,0.0,0.0,0.0,0.0,0.0
240847,2025-05-03T14:00:00.000000000,0.464,0.0,0.0,0.0,0.0,0.0
240847,2025-05-03T15:00:00.000000000,0.47,0.0,0.0,0.0,0.0,0.0
240847,2025-05-03T16:00:00.000000000,0.502,0.0,0.0,0.0,0.0,0.0
240847,2025-05-03T17:00:00.000000000,0.494,0.0,0.0,0.0,0.0,0.0
240847,2025-05-03T18:00:00.000000000,0.7459999999999999,0.0,0.0,0.0,0.0,0.0
240847,2025-05-03T19:00:00.000000000,0.88,0.04,0.0,0.0,0.0,0.0
240847,2025-05-03T20:00:00.000000000,1.1,0.254,0.0,0.0,0.0,0.0
240847,2025-05-03T21:00:00.000000000,1.194,0.442,0.0,0.0,0.0,0.0
240847,2025-05-03T22:00:00.000000000,1.237,0.6819999999999999,0.0,0.0,0.0,0.0
240847,2025-05-03T23:00:00.000000000,1.22,0.7469999999999999,0.0,0.0,0.0,0.0
240847,2025-05-04T00:00:00.000000000,1.4100000000000001,0.832,0.0,0.0,0.0,0.0
240847,2025-05-04T01:00:00.000000000,1.677,0.964,0.0,0.0,0.0,0.0
240847,2025-05-04T02:00:00.000000000,1.5300000000000002,1.069,0.0,0.0,0.0,0.0
240847,2025-05-04T03:00:00.000000000,1.873,1.4129999999999998,0.0,0.0,0.0,0.0
240847,2025-05-04T04:00:00.000000000,1.955,1.496,0.0,0.0,0.0,0.0
240847,2025-05-04T05:00:00.000000000,1.724,1.263,0.0,0.0,0.0,0.0
240847,2025-05-04T06:00:00.000000000,1.282,0.7100000000000001,0.0,0.0,0.0,0.0
240847,2025-05-04T07:00:00.000000000,0.815,0.34900000000000003,0.0,0.0,0.0,0.0
240847,2025-05-04T08:00:00.000000000,0.599,0.13299999999999998,0.0,0.0,0.0,0.0
240847,2025-05-04T09:00:00.000000000,0.479,0.018,0.0,0.0,0.0,0.0
240847,2025-05-04T10:00:00.000000000,0.799,0.0,0.0,0.0,0.0,0.0
240847,2025-05-04T11:00:00.000000000,0.617,0.0,0.0,0.0,0.0,0.0
240847,2025-05-04T12:00:00.000000000,0.464,0.0,0.0,0.0,0.0,0.0
240847,2025-05-04T13:00:00.000000000,0.464,0.0,0.0,0.0,0.0,0.0
240847,2025-05-04T14:00:00.000000000,0.464,0.0,0.0,0.0,0.0,0.0
240847,2025-05-04T15:00:00.000000000,0.47,0.0,0.0,0.0,0.0,0.0
240847,2025-05-04T16:00:00.000000000,0.502,0.0,0.0,0.0,0.0,0.0
240847,2025-05-04T17:00:00.000000000,0.494,0.0,0.0,0.0,0.0,0.0
240847,2025-05-04T18:00:00.000000000,0.7459999999999999,0.0,0.0,0.0,0.0,0.0
240847,2025-05-04T19:00:00.000000000,0.838,0.0,0.0,0.0,0.0,0.0
240847,2025-05-04T20:00:00.000000000,0.963,0.116,0.0,0.0,0.0,0.0
240847,2025-05-04T21:00:00.000000000,1.0190000000000001,0.266,0.0,0.0,0.0,0.0
240847,2025-05-04T22:00:00.000000000,1.197,0.444,0.0,0.0,0.0,0.0
240847,2025-05-04T23:00:00.000000000,1.4629999999999999,0.475,0.0,0.0,0.0,0.0
240847,2025-05-05T00:00:00.000000000,1.0390000000000001,0.514,0.0,0.0,0.0,0.0
240847,2025-05-05T01:00:00.000000000,1.0310000000000001,0.569,0.0,0.0,0.0,0.0
240847,2025-05-05T02:00:00.000000000,1.0390000000000001,0.58,0.0,0.0,0.0,0.0
240847,2025-05-05T03:00:00.000000000,1.0550000000000002,0.596,0.0,0.0,0.0,0.0
240847,2025-05-05T04:00:00.000000000,1.0710000000000002,0.615,0.0,0.0,0.0,0.0
240847,2025-05-05T05:00:00.000000000,1.053,0.591,0.0,0.0,0.0,0.0
240847,2025-05-05T06:00:00.000000000,0.949,0.485,0.0,0.0,0.0,0.0
240847,2025-05-05T07:00:00.000000000,1.033,0.398,0.0,0.0,0.0,0.0
240847,2025-05-05T08:00:00.000000000,0.957,0.268,0.0,0.0,0.0,0.0
240847,2025-05-05T09:00:00.000000000,0.743,0.06,0.0,0.0,0.0,0.0
240847,2025-05-05T10:00:00.000000000,0.978,0.0,0.0,0.0,0.0,0.0
240847,2025-05-05T11:00:00.000000000,9.204,0.0,0.0,0.0,0.0,0.0
240847,2025-05-05T12:00:00.000000000,10.286,0.0,0.0,0.25,0.0,0.0
240847,2025-05-05T13:00:00.000000000,10.674999999999999,0.0,0.0,0.6459999999999999,0.0,0.0
240847,2025-05-05T14:00:00.000000000,2.615,0.0,0.0,0.6659999999999999,0.0,0.0
240847,2025-05-05T15:00:00.000000000,1.4779999999999998,0.0,0.0,0.744,0.0,0.0
240847,2025-05-05T16:00:00.000000000,1.596,0.0,0.0,0.673,0.0,0.0
240847,2025-05-05T17:00:00.000000000,1.799,0.0,0.0,0.518,0.0,0.0
240847,2025-05-05T18:00:00.000000000,1.511,0.0,0.0,0.37600000000000006,0.0,0.0
240847,2025-05-05T19:00:00.000000000,1.077,0.0,0.0,0.239,0.0,0.0
240847,2025-05-05T20:00:00.000000000,0.979,0.0,0.0,0.135,0.0,0.0
240847,2025-05-05T21:00:00.000000000,0.7480000000000001,0.0,0.0,0.057999999999999996,0.0,0.0
240847,2025-05-05T22:00:00.000000000,0.496,0.0,0.0,0.002,0.0,0.0
240847,2025-05-05T23:00:00.000000000,0.473,0.0,0.0,0.0,0.0,0.0
240847,2025-05-06T00:00:00.000000000,0.464,0.0,0.0,0.0,0.0,0.0
240847,2025-05-06T01:00:00.000000000,0.461,0.0,0.0,0.0,0.0,0.0
240847,2025-05-06T02:00:00.000000000,0.457,0.0,0.0,0.0,0.0,0.0
240847,2025-05-06T03:00:00.000000000,0.456,0.0,0.0,0.0,0.0,0.0
240847,2025-05-06T04:00:00.000000000,0.456,0.0,0.0,0.0,0.0,0.0
240847,2025-05-06T05:00:00.000000000,0.459,0.0,0.0,0.0,0.0,0.0
240847,2025-05-06T06:00:00.000000000,0.8620000000000001,0.0,0.0,0.0,0.0,0.0
240847,2025-05-06T07:00:00.000000000,0.875,0.0,0.0,0.0,0.0,0.0
240847,2025-05-06T08:00:00.000000000,0.7229999999999999,0.0,0.0,0.034,0.0,0.0
240847,2025-05-06T09:00:00.000000000,0.895,0.0,0.0,0.211,0.0,0.0
240847,2025-05-06T10:00:00.000000000,1.01,0.0,0.0,0.32299999999999995,0.0,0.0
240847,2025-05-06T11:00:00.000000000,1.5339999999999998,0.0,0.0,0.39899999999999997,0.0,0.0
240847,2025-05-06T12:00:00.000000000,1.1649999999999998,0.0,0.0,0.465,0.0,0.0
240847,2025-05-06T13:00:00.000000000,1.17,0.0,0.0,0.479,0.0,0.0
240847,2025-05-06T14:00:00.000000000,1.201,0.0,0.0,0.496,0.0,0.0
240847,2025-05-06T15:00:00.000000000,1.138,0.0,0.0,0.4039999999999999,0.0,0.0
240847,2025-05-06T16:00:00.000000000,2.904,0.0,0.0,0.416,0.0,0.0
240847,2025-05-06T17:00:00.000000000,3.606,0.0,0.0,0.388,0.0,0.0
240847,2025-05-06T18:00:00.000000000,2.028,0.0,0.0,0.136,0.0,0.0
240847,2025-05-06T19:00:00.000000000,1.2670000000000001,0.0,0.0,0.0,0.0,0.0
240847,2025-05-06T20:00:00.000000000,0.843,0.0,0.0,0.0,0.0,0.0
240847,2025-05-06T21:00:00.000000000,0.7509999999999999,0.0,0.0,0.0,0.0,0.0
240847,2025-05-06T22:00:00.000000000,1.028,0.027,0.0,0.0,0.0,0.0
240847,2025-05-06T23:00:00.000000000,0.614,0.128,0.0,0.0,0.0,0.0
240847,2025-05-07T00:00:00.000000000,0.688,0.226,0.0,0.0,0.0,0.0
240847,2025-05-07T01:00:00.000000000,0.7609999999999999,0.29900000000000004,0.0,0.0,0.0,0.0
240847,2025-05-07T02:00:00.000000000,0.8089999999999999,0.35,0.0,0.0,0.0,0.0
240847,2025-05-07T03:00:00.000000000,0.847,0.39,0.0,0.0,0.0,0.0
240847,2025-05-07T04:00:00.000000000,0.888,0.432,0.0,0.0,0.0,0.0
240847,2025-05-07T05:00:00.000000000,0.813,0.35500000000000004,0.0,0.0,0.0,0.0
240847,2025-05-07T06:00:00.000000000,1.099,0.248,0.0,0.0,0.0,0.0
240847,2025-05-07T07:00:00.000000000,1.053,0.09000000000000001,0.0,0.0,0.0,0.0
240847,2025-05-07T08:00:00.000000000,0.464,0.0,0.0,0.0,0.0,0.0
240847,2025-05-07T09:00:00.000000000,0.461,0.0,0.0,0.0,0.0,0.0
240847,2025-05-07T10:00:00.000000000,0.46,0.0,0.0,0.0,0.0,0.0
240847,2025-05-07T11:00:00.000000000,0.533,0.0,0.0,0.07,0.0,0.0
240847,2025-05-07T12:00:00.000000000,0.7719999999999999,0.0,0.0,0.307,0.0,0.0
240847,2025-05-07T13:00:00.000000000,1.083,0.0,0.0,0.6180000000000001,0.0,0.0
240847,2025-05-07T14:00:00.000000000,1.2730000000000001,0.0,0.0,0.8089999999999999,0.0,0.0
240847,2025-05-07T15:00:00.000000000,1.39,0.0,0.0,0.92,0.0,0.0
240847,2025-05-07T16:00:00.000000000,1.5079999999999998,0.0,0.0,0.892,0.0,0.0
240847,2025-05-07T17:00:00.000000000,9.202,0.0,0.0,0.9259999999999999,0.0,0.0
240847,2025-05-07T18:00:00.000000000,1.5260000000000002,0.0,0.0,0.624,0.0,0.0
240847,2025-05-07T19:00:00.000000000,1.508,0.0,0.0,0.44999999999999996,0.0,0.0
240847,2025-05-07T20:00:00.000000000,1.558,0.0,0.0,0.31,0.0,0.0
240847,2025-05-07T21:00:00.000000000,1.058,0.0,0.0,0.19299999999999998,0.0,0.0
240847,2025-05-07T22:00:00.000000000,1.1880000000000002,0.0,0.0,0.092,0.0,0.0
240847,2025-05-07T23:00:00.000000000,0.588,0.0,0.0,0.034,0.0,0.0
240847,2025-05-08T00:00:00.000000000,0.476,0.0,0.0,0.012,0.0,0.0
240847,2025-05-08T01:00:00.000000000,0.461,0.0,0.0,0.0,0.0,0.0
240847,2025-05-08T02:00:00.000000000,0.46,0.0,0.0,0.0,0.0,0.0
240847,2025-05-08T03:00:00.000000000,0.457,0.0,0.0,0.0,0.0,0.0
240847,2025-05-08T04:00:00.000000000,0.456,0.0,0.0,0.0,0.0,0.0
240847,2025-05-08T05:00:00.000000000,0.459,0.0,0.0,0.0,0.0,0.0
240847,2025-05-08T06:00:00.000000000,0.911,0.0,0.0,0.06,0.0,0.0
240847,2025-05-08T07:00:00.000000000,1.3960000000000001,0.0,0.0,0.257,0.0,0.0
240847,2025-05-08T08:00:00.000000000,1.663,0.0,0.0,0.515,0.0,0.0
240847,2025-05-08T09:00:00.000000000,1.472,0.0,0.0,0.716,0.0,0.0
240847,2025-05-08T10:00:00.000000000,1.5399999999999998,0.0,0.0,0.802,0.0,0.0
240847,2025-05-08T11:00:00.000000000,1.843,0.0,0.0,0.9239999999999999,0.0,0.0
240847,2025-05-08T12:00:00.000000000,1.656,0.0,0.0,1.101,0.0,0.0
240847,2025-05-08T13:00:00.000000000,1.45,0.0,0.0,0.9829999999999999,0.0,0.0
240847,2025-05-08T14:00:00.000000000,1.2009999999999998,0.0,0.0,0.7370000000000001,0.0,0.0
240847,2025-05-08T15:00:00.000000000,1.074,0.0,0.0,0.605,0.0,0.0
240847,2025-05-08T16:00:00.000000000,0.9189999999999999,0.0,0.0,0.4179999999999999,0.0,0.0
240847,2025-05-08T17:00:00.000000000,1.224,0.0,0.0,0.385,0.0,0.0
240847,2025-05-08T18:00:00.000000000,1.45,0.0,0.0,0.221,0.0,0.0
240847,2025-05-08T19:00:00.000000000,1.463,0.0,0.0,0.09499999999999999,0.0,0.0
240847,2025-05-08T20:00:00.000000000,1.2699999999999998,0.0,0.0,0.011,0.0,0.0
240847,2025-05-08T21:00:00.000000000,0.9139999999999999,0.0,0.0,0.0,0.0,0.0
240847,2025-05-08T22:00:00.000000000,0.948,0.0,0.0,0.0,0.0,0.0
240847,2025-05-08T23:00:00.000000000,0.516,0.0,0.0,0.0,0.0,0.0
240847,2025-05-09T00:00:00.000000000,0.494,0.032,0.0,0.0,0.0,0.0
240847,2025-05-09T01:00:00.000000000,0.5680000000000001,0.107,0.0,0.0,0.0,0.0
240847,2025-05-09T02:00:00.000000000,0.607,0.148,0.0,0.0,0.0,0.0
240847,2025-05-09T03:00:00.000000000,0.618,0.162,0.0,0.0,0.0,0.0
240847,2025-05-09T04:00:00.000000000,0.9840000000000001,0.185,0.0,0.0,0.0,0.0
240847,2025-05-09T05:00:00.000000000,0.628,0.121,0.0,0.0,0.0,0.0
240847,2025-05-09T06:00:00.000000000,0.469,0.006,0.0,0.0,0.0,0.0
240847,2025-05-09T07:00:00.000000000,0.464,0.0,0.0,0.0,0.0,0.0
240847,2025-05-09T08:00:00.000000000,0.46900000000000003,0.0,0.0,0.005,0.0,0.0
240847,2025-05-09T09:00:00.000000000,0.813,0.0,0.0,0.241,0.0,0.0
240847,2025-05-09T10:00:00.000000000,0.963,0.0,0.0,0.445,0.0,0.0
240847,2025-05-09T11:00:00.000000000,1.076,0.0,0.0,0.6110000000000001,0.0,0.0
240847,2025-05-09T12:00:00.000000000,1.229,0.0,0.0,0.764,0.0,0.0
240847,2025-05-09T13:00:00.000000000,1.6980000000000002,0.0,0.0,0.881,0.0,0.0
240847,2025-05-09T14:00:00.000000000,1.476,0.0,0.0,0.987,0.0,0.0
240847,2025-05-09T15:00:00.000000000,1.514,0.0,0.0,1.044,0.0,0.0
240847,2025-05-09T16:00:00.000000000,1.443,0.0,0.0,0.941,0.0,0.0
240847,2025-05-09T17:00:00.000000000,2.318,0.0,0.0,0.837,0.0,0.0
240847,2025-05-09T18:00:00.000000000,1.5590000000000002,0.0,0.0,0.5029999999999999,0.0,0.0
240847,2025-05-09T19:00:00.000000000,1.342,0.0,0.0,0.046,0.0,0.0
240847,2025-05-09T20:00:00.000000000,0.846,0.0,0.0,0.0,0.0,0.0
240847,2025-05-09T21:00:00.000000000,0.752,0.0,0.0,0.0,0.0,0.0
240847,2025-05-09T22:00:00.000000000,0.833,0.139,0.0,0.0,0.0,0.0
240847,2025-05-09T23:00:00.000000000,1.224,0.33,0.0,0.0,0.0,0.0
240847,2025-05-10T00:00:00.000000000,0.913,0.45,0.0,0.0,0.0,0.0
240847,2025-05-10T01:00:00.000000000,1.0,0.539,0.0,0.0,0.0,0.0
240847,2025-05-10T02:00:00.000000000,1.077,0.617,0.0,0.0,0.0,0.0
240847,2025-05-10T03:00:00.000000000,1.184,0.726,0.0,0.0,0.0,0.0
240847,2025-05-10T04:00:00.000000000,2.307,0.724,0.0,0.0,0.0,0.0
240847,2025-05-10T05:00:00.000000000,1.758,0.7569999999999999,0.0,0.0,0.0,0.0
240847,2025-05-10T06:00:00.000000000,1.826,0.718,0.0,0.0,0.0,0.0
240847,2025-05-10T07:00:00.000000000,1.88,0.746,0.0,0.0,0.0,0.0
240847,2025-05-10T08:00:00.000000000,1.6840000000000002,0.656,0.0,0.0,0.0,0.0
240847,2025-05-10T09:00:00.000000000,1.496,0.5760000000000001,0.0,0.0,0.0,0.0
240847,2025-05-10T10:00:00.000000000,1.057,0.505,0.0,0.0,0.0,0.0
240847,2025-05-10T11:00:00.000000000,1.016,0.549,0.0,0.0,0.0,0.0
240847,2025-05-10T12:00:00.000000000,1.0670000000000002,0.599,0.0,0.0,0.0,0.0
240847,2025-05-10T13:00:00.000000000,1.218,0.524,0.0,0.0,0.0,0.0
240847,2025-05-10T14:00:00.000000000,2.231,0.437,0.0,0.0,0.0,0.0
240847,2025-05-10T15:00:00.000000000,1.514,0.5640000000000001,0.0,0.0,0.0,0.0
240847,2025-05-10T16:00:00.000000000,1.2080000000000002,0.7069999999999999,0.0,0.0,0.0,0.0
240847,2025-05-10T17:00:00.000000000,1.133,0.639,0.0,0.0,0.0,0.0
240847,2025-05-10T18:00:00.000000000,1.138,0.652,0.0,0.0,0.0,0.0
240847,2025-05-10T19:00:00.000000000,1.337,0.674,0.0,0.0,0.0,0.0
240847,2025-05-10T20:00:00.000000000,1.509,0.664,0.0,0.0,0.0,0.0
240847,2025-05-10T21:00:00.000000000,1.488,0.734,0.0,0.0,0.0,0.0
240847,2025-05-10T22:00:00.000000000,1.5179999999999998,0.88,0.0,0.0,0.0,0.0
240847,2025-05-10T23:00:00.000000000,1.364,0.86,0.0,0.0,0.0,0.0
240847,2025-05-11T00:00:00.000000000,1.33,0.866,0.0,0.0,0.0,0.0
240847,2025-05-11T01:00:00.000000000,1.3690000000000002,0.907,0.0,0.0,0.0,0.0
240847,2025-05-11T02:00:00.000000000,1.6829999999999998,0.992,0.0,0.0,0.0,0.0
240847,2025-05-11T03:00:00.000000000,1.58,0.994,0.0,0.0,0.0,0.0
240847,2025-05-11T04:00:00.000000000,1.461,1.005,0.0,0.0,0.0,0.0
240847,2025-05-11T05:00:00.000000000,1.705,1.0310000000000001,0.0,0.0,0.0,0.0
240847,2025-05-11T06:00:00.000000000,2.346,0.9299999999999999,0.0,0.0,0.0,0.0
240847,2025-05-11T07:00:00.000000000,2.15,0.853,0.0,0.0,0.0,0.0
240847,2025-05-11T08:00:00.000000000,1.667,0.76,0.0,0.0,0.0,0.0
240847,2025-05-11T09:00:00.000000000,1.6560000000000001,0.522,0.0,0.0,0.0,0.0
240847,2025-05-11T10:00:00.000000000,1.142,0.27599999999999997,0.0,0.0,0.0,0.0
240847,2025-05-11T11:00:00.000000000,0.9179999999999999,0.11299999999999999,0.0,0.0,0.0,0.0
240847,2025-05-11T12:00:00.000000000,2.4829999999999997,0.009000000000000001,0.0,0.0,0.0,0.0
240847,2025-05-11T13:00:00.000000000,9.673,0.221,0.0,0.0,0.0,0.0
240847,2025-05-11T14:00:00.000000000,1.025,0.003,0.0,0.0,0.0,0.0
240847,2025-05-11T15:00:00.000000000,1.155,0.0,0.0,0.0,0.0,0.0
240847,2025-05-11T16:00:00.000000000,1.1,0.0,0.0,0.0,0.0,0.0
240847,2025-05-11T17:00:00.000000000,1.3679999999999999,0.0,0.0,0.0,0.0,0.0
240847,2025-05-11T18:00:00.000000000,0.834,0.0,0.0,0.0,0.0,0.0
240847,2025-05-11T19:00:00.000000000,0.838,0.0,0.0,0.0,0.0,0.0
240847,2025-05-11T20:00:00.000000000,0.868,0.023,0.0,0.0,0.0,0.0
240847,2025-05-11T21:00:00.000000000,1.301,0.22499999999999998,0.0,0.0,0.0,0.0
240847,2025-05-11T22:00:00.000000000,1.4429999999999998,0.43599999999999994,0.0,0.0,0.0,0.0
240847,2025-05-11T23:00:00.000000000,1.105,0.6000000000000001,0.0,0.0,0.0,0.0
240847,2025-05-12T00:00:00.000000000,1.181,0.7169999999999999,0.0,0.0,0.0,0.0
240847,2025-05-12T01:00:00.000000000,1.319,0.856,0.0,0.0,0.0,0.0
240847,2025-05-12T02:00:00.000000000,1.42,0.959,0.0,0.0,0.0,0.0
240847,2025-05-12T03:00:00.000000000,1.4780000000000002,1.02,0.0,0.0,0.0,0.0
240847,2025-05-12T04:00:00.000000000,1.537,1.08,0.0,0.0,0.0,0.0
240847,2025-05-12T05:00:00.000000000,2.028,1.021,0.0,0.0,0.0,0.0
240847,2025-05-12T06:00:00.000000000,1.6360000000000001,0.631,0.0,0.0,0.0,0.0
240847,2025-05-12T07:00:00.000000000,0.95,0.212,0.0,0.0,0.0,0.0
240847,2025-05-12T08:00:00.000000000,1.549,0.0,0.0,0.0,0.0,0.0
240847,2025-05-12T09:00:00.000000000,7.161,0.0,0.0,0.0,0.0,0.0
240847,2025-05-12T10:00:00.000000000,4.87,0.0,0.0,0.0,0.0,0.0
240847,2025-05-12T11:00:00.000000000,0.9239999999999999,0.0,0.0,0.0,0.0,0.0
240847,2025-05-12T12:00:00.000000000,0.7,0.0,0.0,0.0,0.0,0.0
240847,2025-05-12T13:00:00.000000000,1.261,0.0,0.0,0.022,0.0,0.0
240847,2025-05-12T14:00:00.000000000,1.666,0.0,0.0,0.046,0.0,0.0
240847,2025-05-12T15:00:00.000000000,0.9669999999999999,0.0,0.0,0.006,0.0,0.0
240847,2025-05-12T16:00:00.000000000,1.167,0.0,0.0,0.0,0.0,0.0
240847,2025-05-12T17:00:00.000000000,2.434,0.0,0.0,0.032,0.0,0.0
240847,2025-05-12T18:00:00.000000000,2.668,0.0,0.0,0.037,0.0,0.0
240847,2025-05-12T19:00:00.000000000,1.172,0.0,0.0,0.0,0.0,0.0
240847,2025-05-12T20:00:00.000000000,0.953,0.0,0.0,0.0,0.0,0.0
240847,2025-05-12T21:00:00.000000000,0.661,0.032,0.0,0.0,0.0,0.0
240847,2025-05-12T22:00:00.000000000,0.7230000000000001,0.22899999999999998,0.0,0.0,0.0,0.0
240847,2025-05-12T23:00:00.000000000,0.7630000000000001,0.28800000000000003,0.0,0.0,0.0,0.0
240847,2025-05-13T00:00:00.000000000,0.832,0.368,0.0,0.0,0.0,0.0
240847,2025-05-13T01:00:00.000000000,0.916,0.455,0.0,0.0,0.0,0.0
240847,2025-05-13T02:00:00.000000000,0.97,0.511,0.0,0.0,0.0,0.0
240847,2025-05-13T03:00:00.000000000,1.012,0.556,0.0,0.0,0.0,0.0
240847,2025-05-13T04:00:00.000000000,1.057,0.601,0.0,0.0,0.0,0.0
240847,2025-05-13T05:00:00.000000000,1.029,0.5680000000000001,0.0,0.0,0.0,0.0
240847,2025-05-13T06:00:00.000000000,0.96,0.497,0.0,0.0,0.0,0.0
240847,2025-05-13T07:00:00.000000000,1.0959999999999999,0.46099999999999997,0.0,0.0,0.0,0.0
240847,2025-05-13T08:00:00.000000000,1.436,0.399,0.0,0.0,0.0,0.0
240847,2025-05-13T09:00:00.000000000,1.0190000000000001,0.329,0.0,0.0,0.0,0.0
240847,2025-05-13T10:00:00.000000000,0.952,0.265,0.0,0.0,0.0,0.0
240847,2025-05-13T11:00:00.000000000,0.955,0.258,0.0,0.0,0.0,0.0
240847,2025-05-13T12:00:00.000000000,0.899,0.199,0.0,0.0,0.0,0.0
240847,2025-05-13T13:00:00.000000000,0.875,0.183,0.0,0.0,0.0,0.0
240847,2025-05-13T14:00:00.000000000,0.884,0.178,0.0,0.0,0.0,0.0
240847,2025-05-13T15:00:00.000000000,0.956,0.221,0.0,0.0,0.0,0.0
240847,2025-05-13T16:00:00.000000000,1.6059999999999999,0.34199999999999997,0.0,0.0,0.0,0.0
240847,2025-05-13T17:00:00.000000000,1.331,0.296,0.0,0.0,0.0,0.0
240847,2025-05-13T18:00:00.000000000,1.178,0.34199999999999997,0.0,0.0,0.0,0.0
240847,2025-05-13T19:00:00.000000000,1.351,0.403,0.0,0.0,0.0,0.0
240847,2025-05-13T20:00:00.000000000,1.5110000000000001,0.45699999999999996,0.0,0.0,0.0,0.0
240847,2025-05-13T21:00:00.000000000,1.0110000000000001,0.531,0.0,0.0,0.0,0.0
240847,2025-05-13T22:00:00.000000000,1.132,0.638,0.0,0.0,0.0,0.0
240847,2025-05-13T23:00:00.000000000,1.076,0.601,0.0,0.0,0.0,0.0
240847,2025-05-14T00:00:00.000000000,1.0470000000000002,0.583,0.0,0.0,0.0,0.0
240847,2025-05-14T01:00:00.000000000,1.064,0.603,0.0,0.0,0.0,0.0
240847,2025-05-14T02:00:00.000000000,1.053,0.594,0.0,0.0,0.0,0.0
240847,2025-05-14T03:00:00.000000000,1.06,0.602,0.0,0.0,0.0,0.0
240847,2025-05-14T04:00:00.000000000,1.07,0.614,0.0,0.0,0.0,0.0
240847,2025-05-14T05:00:00.000000000,0.987,0.528,0.0,0.0,0.0,0.0
240847,2025-05-14T06:00:00.000000000,1.028,0.402,0.0,0.0,0.0,0.0
240847,2025-05-14T07:00:00.000000000,0.716,0.25,0.0,0.0,0.0,0.0
240847,2025-05-14T08:00:00.000000000,0.502,0.038,0.0,0.0,0.0,0.0
240847,2025-05-14T09:00:00.000000000,0.5770000000000001,0.0,0.0,0.0,0.0,0.0
240847,2025-05-14T10:00:00.000000000,0.919,0.0,0.0,0.0,0.0,0.0
240847,2025-05-14T11:00:00.000000000,0.734,0.0,0.0,0.015,0.0,0.0
240847,2025-05-14T12:00:00.000000000,0.6080000000000001,0.0,0.0,0.143,0.0,0.0
240847,2025-05-14T13:00:00.000000000,0.7969999999999999,0.0,0.0,0.333,0.0,0.0
240847,2025-05-14T14:00:00.000000000,0.961,0.0,0.0,0.498,0.0,0.0
240847,2025-05-14T15:00:00.000000000,1.109,0.0,0.0,0.64,0.0,0.0
240847,2025-05-14T16:00:00.000000000,1.1219999999999999,0.0,0.0,0.62,0.0,0.0
240847,2025-05-14T17:00:00.000000000,2.241,0.0,0.0,0.5940000000000001,0.0,0.0
240847,2025-05-14T18:00:00.000000000,1.347,0.0,0.0,0.39499999999999996,0.0,0.0
240847,2025-05-14T19:00:00.000000000,1.002,0.0,0.0,0.163,0.0,0.0
240847,2025-05-14T20:00:00.000000000,0.867,0.0,0.0,0.020999999999999998,0.0,0.0
240847,2025-05-14T21:00:00.000000000,0.9809999999999999,0.0,0.0,0.0,0.0,0.0
240847,2025-05-14T22:00:00.000000000,0.944,0.0,0.0,0.0,0.0,0.0
240847,2025-05-14T23:00:00.000000000,0.641,0.007,0.0,0.0,0.0,0.0
240847,2025-05-15T00:00:00.000000000,0.6779999999999999,0.215,0.0,0.0,0.0,0.0
240847,2025-05-15T01:00:00.000000000,0.874,0.413,0.0,0.0,0.0,0.0
240847,2025-05-15T02:00:00.000000000,0.951,0.491,0.0,0.0,0.0,0.0
240847,2025-05-15T03:00:00.000000000,2.5170000000000003,0.488,0.0,0.0,0.0,0.0
240847,2025-05-15T04:00:00.000000000,2.283,0.5740000000000001,0.0,0.0,0.0,0.0
240847,2025-05-15T05:00:00.000000000,1.0090000000000001,0.55,0.0,0.0,0.0,0.0
240847,2025-05-15T06:00:00.000000000,0.843,0.325,0.0,0.0,0.0,0.0
240847,2025-05-15T07:00:00.000000000,1.1900000000000002,0.16,0.0,0.0,0.0,0.0
240847,2025-05-15T08:00:00.000000000,1.057,0.019,0.0,0.0,0.0,0.0
240847,2025-05-15T09:00:00.000000000,0.461,0.0,0.0,0.0,0.0,0.0
240847,2025-05-15T10:00:00.000000000,0.46,0.0,0.0,0.0,0.0,0.0
240847,2025-05-15T11:00:00.000000000,0.463,0.0,0.0,0.0,0.0,0.0
240847,2025-05-15T12:00:00.000000000,0.803,0.0,0.0,0.0,0.0,0.0
240847,2025-05-15T13:00:00.000000000,0.5660000000000001,0.0,0.0,0.017,0.0,0.0
240847,2025-05-15T14:00:00.000000000,0.5870000000000001,0.0,0.0,0.123,0.0,0.0
240847,2025-05-15T15:00:00.000000000,0.685,0.0,0.0,0.216,0.0,0.0
240847,2025-05-15T16:00:00.000000000,0.684,0.0,0.0,0.18300000000000002,0.0,0.0
240847,2025-05-15T17:00:00.000000000,0.634,0.0,0.0,0.14100000000000001,0.0,0.0
240847,2025-05-15T18:00:00.000000000,0.7969999999999999,0.0,0.0,0.05,0.0,0.0
240847,2025-05-15T19:00:00.000000000,0.484,0.0,0.0,0.0,0.0,0.0
240847,2025-05-15T20:00:00.000000000,0.846,0.0,0.0,0.0,0.0,0.0
240847,2025-05-15T21:00:00.000000000,0.7919999999999999,0.038,0.0,0.0,0.0,0.0
240847,2025-05-15T22:00:00.000000000,1.0150000000000001,0.376,0.0,0.0,0.0,0.0
240847,2025-05-15T23:00:00.000000000,0.9239999999999999,0.392,0.0,0.0,0.0,0.0
240847,2025-05-16T00:00:00.000000000,1.014,0.437,0.0,0.0,0.0,0.0
240847,2025-05-16T01:00:00.000000000,1.307,0.5970000000000001,0.0,0.0,0.0,0.0
240847,2025-05-16T02:00:00.000000000,1.19,0.732,0.0,0.0,0.0,0.0
240847,2025-05-16T03:00:00.000000000,1.317,0.859,0.0,0.0,0.0,0.0
240847,2025-05-16T04:00:00.000000000,1.434,0.977,0.0,0.0,0.0,0.0
240847,2025-05-16T05:00:00.000000000,1.3619999999999999,0.9019999999999999,0.0,0.0,0.0,0.0
240847,2025-05-16T06:00:00.000000000,0.9470000000000001,0.48500000000000004,0.0,0.0,0.0,0.0
240847,2025-05-16T07:00:00.000000000,2.1479999999999997,0.064,0.0,0.0,0.0,0.0
240847,2025-05-16T08:00:00.000000000,0.5810000000000001,0.0,0.0,0.0,0.0,0.0
240847,2025-05-16T09:00:00.000000000,0.461,0.0,0.0,0.0,0.0,0.0
240847,2025-05-16T10:00:00.000000000,0.46,0.0,0.0,0.0,0.0,0.0
240847,2025-05-16T11:00:00.000000000,0.81,0.0,0.0,0.0,0.0,0.0
240847,2025-05-16T12:00:00.000000000,0.508,0.0,0.0,0.0,0.0,0.0
240847,2025-05-16T13:00:00.000000000,0.535,0.0,0.0,0.071,0.0,0.0
240847,2025-05-16T14:00:00.000000000,0.636,0.0,0.0,0.172,0.0,0.0
240847,2025-05-16T15:00:00.000000000,0.7070000000000001,0.0,0.0,0.238,0.0,0.0
240847,2025-05-16T16:00:00.000000000,0.678,0.0,0.0,0.178,0.0,0.0
240847,2025-05-16T17:00:00.000000000,0.591,0.0,0.0,0.09999999999999999,0.0,0.0
240847,2025-05-16T18:00:00.000000000,0.49,0.0,0.0,0.006,0.0,0.0
240847,2025-05-16T19:00:00.000000000,0.838,0.0,0.0,0.0,0.0,0.0
240847,2025-05-16T20:00:00.000000000,0.846,0.0,0.0,0.0,0.0,0.0
240847,2025-05-16T21:00:00.000000000,0.569,0.0,0.0,0.0,0.0,0.0
240847,2025-05-16T22:00:00.000000000,0.677,0.183,0.0,0.0,0.0,0.0
240847,2025-05-16T23:00:00.000000000,1.073,0.262,0.0,0.0,0.0,0.0
240847,2025-05-17T00:00:00.000000000,0.7710000000000001,0.308,0.0,0.0,0.0,0.0
240847,2025-05-17T01:00:00.000000000,0.84,0.376,0.0,0.0,0.0,0.0
240847,2025-05-17T02:00:00.000000000,0.9,0.441,0.0,0.0,0.0,0.0
240847,2025-05-17T03:00:00.000000000,0.929,0.473,0.0,0.0,0.0,0.0
240847,2025-05-17T04:00:00.000000000,1.1440000000000001,0.5730000000000001,0.0,0.0,0.0,0.0
240847,2025-05-17T05:00:00.000000000,1.469,0.493,0.0,0.0,0.0,0.0
240847,2025-05-17T06:00:00.000000000,1.2449999999999999,0.253,0.0,0.0,0.0,0.0
240847,2025-05-17T07:00:00.000000000,0.8380000000000001,0.085,0.0,0.0,0.0,0.0
240847,2025-05-17T08:00:00.000000000,0.464,0.0,0.0,0.0,0.0,0.0
240847,2025-05-17T09:00:00.000000000,0.461,0.0,0.0,0.0,0.0,0.0
240847,2025-05-17T10:00:00.000000000,0.5690000000000001,0.0,0.0,0.0,0.0,0.0
240847,2025-05-17T11:00:00.000000000,0.9,0.0,0.0,0.0,0.0,0.0
240847,2025-05-17T12:00:00.000000000,0.531,0.0,0.0,0.066,0.0,0.0
240847,2025-05-17T13:00:00.000000000,0.6699999999999999,0.0,0.0,0.205,0.0,0.0
240847,2025-05-17T14:00:00.000000000,0.754,0.0,0.0,0.29000000000000004,0.0,0.0
240847,2025-05-17T15:00:00.000000000,0.832,0.0,0.0,0.363,0.0,0.0
240847,2025-05-17T16:00:00.000000000,0.8380000000000001,0.0,0.0,0.337,0.0,0.0
240847,2025-05-17T17:00:00.000000000,0.7300000000000001,0.0,0.0,0.239,0.0,0.0
240847,2025-05-17T18:00:00.000000000,0.583,0.0,0.0,0.099,0.0,0.0
240847,2025-05-17T19:00:00.000000000,0.848,0.0,0.0,0.009999999999999998,0.0,0.0
240847,2025-05-17T20:00:00.000000000,0.573,0.0,0.0,0.0,0.0,0.0
240847,2025-05-17T21:00:00.000000000,0.478,0.0,0.0,0.0,0.0,0.0
240847,2025-05-17T22:00:00.000000000,0.51,0.016,0.0,0.0,0.0,0.0
240847,2025-05-17T23:00:00.000000000,0.539,0.066,0.0,0.0,0.0,0.0
240847,2025-05-18T00:00:00.000000000,0.9520000000000001,0.139,0.0,0.0,0.0,0.0
240847,2025-05-18T01:00:00.000000000,0.664,0.19499999999999998,0.0,0.0,0.0,0.0
240847,2025-05-18T02:00:00.000000000,0.708,0.248,0.0,0.0,0.0,0.0
240847,2025-05-18T03:00:00.000000000,0.7369999999999999,0.28,0.0,0.0,0.0,0.0
240847,2025-05-18T04:00:00.000000000,0.752,0.296,0.0,0.0,0.0,0.0
240847,2025-05-18T05:00:00.000000000,0.671,0.21199999999999997,0.0,0.0,0.0,0.0
240847,2025-05-18T06:00:00.000000000,1.1320000000000001,0.145,0.0,0.0,0.0,0.0
240847,2025-05-18T07:00:00.000000000,1.0,0.08,0.0,0.0,0.0,0.0
240847,2025-05-18T08:00:00.000000000,0.473,0.008,0.0,0.0,0.0,0.0
240847,2025-05-18T09:00:00.000000000,0.461,0.0,0.0,0.0,0.0,0.0
240847,2025-05-18T10:00:00.000000000,0.46,0.0,0.0,0.0,0.0,0.0
240847,2025-05-18T11:00:00.000000000,0.463,0.0,0.0,0.0,0.0,0.0
240847,2025-05-18T12:00:00.000000000,0.464,0.0,0.0,0.0,0.0,0.0
240847,2025-05-18T13:00:00.000000000,0.464,0.0,0.0,0.0,0.0,0.0
240847,2025-05-18T14:00:00.000000000,0.464,0.0,0.0,0.0,0.0,0.0
240847,2025-05-18T15:00:00.000000000,0.47,0.0,0.0,0.0,0.0,0.0
240847,2025-05-18T16:00:00.000000000,0.502,0.0,0.0,0.0,0.0,0.0
240847,2025-05-18T17:00:00.000000000,0.6970000000000001,0.0,0.0,0.0,0.0,0.0
240847,2025-05-18T18:00:00.000000000,1.056,0.0,0.0,0.0,0.0,0.0
240847,2025-05-18T19:00:00.000000000,0.838,0.0,0.0,0.0,0.0,0.0
240847,2025-05-18T20:00:00.000000000,0.846,0.0,0.0,0.0,0.0,0.0
240847,2025-05-18T21:00:00.000000000,0.752,0.0,0.0,0.0,0.0,0.0
240847,2025-05-18T22:00:00.000000000,0.7329999999999999,0.095,0.0,0.0,0.0,0.0
240847,2025-05-18T23:00:00.000000000,0.623,0.123,0.0,0.0,0.0,0.0
240847,2025-05-19T00:00:00.000000000,0.599,0.135,0.0,0.0,0.0,0.0
240847,2025-05-19T01:00:00.000000000,0.9660000000000001,0.14800000000000002,0.0,0.0,0.0,0.0
240847,2025-05-19T02:00:00.000000000,0.631,0.173,0.0,0.0,0.0,0.0
240847,2025-05-19T03:00:00.000000000,0.6599999999999999,0.20299999999999999,0.0,0.0,0.0,0.0
240847,2025-05-19T04:00:00.000000000,0.754,0.29800000000000004,0.0,0.0,0.0,0.0
240847,2025-05-19T05:00:00.000000000,0.867,0.407,0.0,0.0,0.0,0.0
240847,2025-05-19T06:00:00.000000000,0.992,0.529,0.0,0.0,0.0,0.0
240847,2025-05-19T07:00:00.000000000,1.127,0.6619999999999999,0.0,0.0,0.0,0.0
240847,2025-05-19T08:00:00.000000000,1.1869999999999998,0.7209999999999999,0.0,0.0,0.0,0.0
240847,2025-05-19T09:00:00.000000000,1.3459999999999999,0.7190000000000001,0.0,0.0,0.0,0.0
240847,2025-05-19T10:00:00.000000000,1.3820000000000001,0.694,0.0,0.0,0.0,0.0
240847,2025-05-19T11:00:00.000000000,1.38,0.682,0.0,0.0,0.0,0.0
240847,2025-05-19T12:00:00.000000000,1.287,0.702,0.0,0.0,0.0,0.0
240847,2025-05-19T13:00:00.000000000,1.583,0.774,0.0,0.0,0.0,0.0
240847,2025-05-19T14:00:00.000000000,3.67,0.517,0.0,0.0,0.0,0.0
240847,2025-05-19T15:00:00.000000000,3.5780000000000003,0.5,0.0,0.0,0.0,0.0
240847,2025-05-19T16:00:00.000000000,2.6180000000000003,0.671,0.0,0.0,0.0,0.0
240847,2025-05-19T17:00:00.000000000,1.661,0.819,0.0,0.0,0.0,0.0
240847,2025-05-19T18:00:00.000000000,1.7049999999999998,0.869,0.0,0.0,0.0,0.0
240847,2025-05-19T19:00:00.000000000,1.9219999999999997,1.0819999999999999,0.0,0.0,0.0,0.0
240847,2025-05-19T20:00:00.000000000,2.149,1.192,0.0,0.0,0.0,0.0
240847,2025-05-19T21:00:00.000000000,2.362,1.217,0.0,0.0,0.0,0.0
240847,2025-05-19T22:00:00.000000000,1.78,1.196,0.0,0.0,0.0,0.0
240847,2025-05-19T23:00:00.000000000,1.623,1.1480000000000001,0.0,0.0,0.0,0.0
240847,2025-05-20T00:00:00.000000000,1.574,1.11,0.0,0.0,0.0,0.0
240847,2025-05-20T01:00:00.000000000,1.572,1.108,0.0,0.0,0.0,0.0
240847,2025-05-20T02:00:00.000000000,1.569,1.108,0.0,0.0,0.0,0.0
240847,2025-05-20T03:00:00.000000000,1.56,1.102,0.0,0.0,0.0,0.0
240847,2025-05-20T04:00:00.000000000,1.529,1.072,0.0,0.0,0.0,0.0
240847,2025-05-20T05:00:00.000000000,1.456,0.994,0.0,0.0,0.0,0.0
240847,2025-05-20T06:00:00.000000000,1.33,0.865,0.0,0.0,0.0,0.0
240847,2025-05-20T07:00:00.000000000,2.6519999999999997,0.452,0.0,0.0,0.0,0.0
240847,2025-05-20T08:00:00.000000000,1.143,0.337,0.0,0.0,0.0,0.0
240847,2025-05-20T09:00:00.000000000,0.857,0.174,0.0,0.0,0.0,0.0
240847,2025-05-20T10:00:00.000000000,0.73,0.043000000000000003,0.0,0.0,0.0,0.0
240847,2025-05-20T11:00:00.000000000,0.6970000000000001,0.0,0.0,0.0,0.0,0.0
240847,2025-05-20T12:00:00.000000000,1.078,0.0,0.0,0.0,0.0,0.0
240847,2025-05-20T13:00:00.000000000,0.6909999999999998,0.0,0.0,0.0,0.0,0.0
240847,2025-05-20T14:00:00.000000000,0.7030000000000001,0.0,0.0,0.0,0.0,0.0
240847,2025-05-20T15:00:00.000000000,0.775,0.041,0.0,0.0,0.0,0.0
240847,2025-05-20T16:00:00.000000000,0.915,0.346,0.0,0.0,0.0,0.0
240847,2025-05-20T17:00:00.000000000,1.669,0.40900000000000003,0.0,0.0,0.0,0.0
240847,2025-05-20T18:00:00.000000000,1.8479999999999999,0.42,0.0,0.0,0.0,0.0
240847,2025-05-20T19:00:00.000000000,1.363,0.524,0.0,0.0,0.0,0.0
240847,2025-05-20T20:00:00.000000000,1.2169999999999999,0.643,0.0,0.0,0.0,0.0
240847,2025-05-20T21:00:00.000000000,1.217,0.736,0.0,0.0,0.0,0.0
240847,2025-05-20T22:00:00.000000000,1.325,0.832,0.0,0.0,0.0,0.0
240847,2025-05-20T23:00:00.000000000,1.293,0.8190000000000002,0.0,0.0,0.0,0.0
240847,2025-05-21T00:00:00.000000000,1.276,0.812,0.0,0.0,0.0,0.0
240847,2025-05-21T01:00:00.000000000,1.282,0.82,0.0,0.0,0.0,0.0
240847,2025-05-21T02:00:00.000000000,1.6640000000000001,0.83,0.0,0.0,0.0,0.0
240847,2025-05-21T03:00:00.000000000,1.297,0.838,0.0,0.0,0.0,0.0
240847,2025-05-21T04:00:00.000000000,1.304,0.847,0.0,0.0,0.0,0.0
240847,2025-05-21T05:00:00.000000000,1.355,0.861,0.0,0.0,0.0,0.0
240847,2025-05-21T06:00:00.000000000,1.847,0.862,0.0,0.0,0.0,0.0
240847,2025-05-21T07:00:00.000000000,1.762,0.7890000000000001,0.0,0.0,0.0,0.0
240847,2025-05-21T08:00:00.000000000,1.1480000000000001,0.658,0.0,0.0,0.0,0.0
240847,2025-05-21T09:00:00.000000000,0.98,0.517,0.0,0.0,0.0,0.0
240847,2025-05-21T10:00:00.000000000,0.905,0.444,0.0,0.0,0.0,0.0
240847,2025-05-21T11:00:00.000000000,0.875,0.41,0.0,0.0,0.0,0.0
240847,2025-05-21T12:00:00.000000000,0.8260000000000001,0.36100000000000004,0.0,0.0,0.0,0.0
240847,2025-05-21T13:00:00.000000000,0.746,0.22499999999999998,0.0,0.0,0.0,0.0
240847,2025-05-21T14:00:00.000000000,0.733,0.15200000000000002,0.0,0.0,0.0,0.0
240847,2025-05-21T15:00:00.000000000,1.0290000000000001,0.177,0.0,0.0,0.0,0.0
240847,2025-05-21T16:00:00.000000000,0.7839999999999999,0.28400000000000003,0.0,0.0,0.0,0.0
240847,2025-05-21T17:00:00.000000000,0.816,0.32299999999999995,0.0,0.0,0.0,0.0
240847,2025-05-21T18:00:00.000000000,1.213,0.393,0.0,0.0,0.0,0.0
240847,2025-05-21T19:00:00.000000000,1.454,0.394,0.0,0.0,0.0,0.0
240847,2025-05-21T20:00:00.000000000,1.291,0.445,0.0,0.0,0.0,0.0
240847,2025-05-21T21:00:00.000000000,1.236,0.543,0.0,0.0,0.0,0.0
240847,2025-05-21T22:00:00.000000000,1.166,0.6709999999999999,0.0,0.0,0.0,0.0
240847,2025-05-21T23:00:00.000000000,1.1179999999999999,0.645,0.0,0.0,0.0,0.0
240847,2025-05-22T00:00:00.000000000,1.14,0.676,0.0,0.0,0.0,0.0
240847,2025-05-22T01:00:00.000000000,1.153,0.69,0.0,0.0,0.0,0.0
240847,2025-05-22T02:00:00.000000000,1.212,0.752,0.0,0.0,0.0,0.0
240847,2025-05-22T03:00:00.000000000,1.2690000000000001,0.8110000000000002,0.0,0.0,0.0,0.0
240847,2025-05-22T04:00:00.000000000,1.2770000000000001,0.821,0.0,0.0,0.0,0.0
240847,2025-05-22T05:00:00.000000000,1.544,0.7589999999999999,0.0,0.0,0.0,0.0
240847,2025-05-22T06:00:00.000000000,1.628,0.589,0.0,0.0,0.0,0.0
240847,2025-05-22T07:00:00.000000000,0.942,0.475,0.0,0.0,0.0,0.0
240847,2025-05-22T08:00:00.000000000,0.829,0.36500000000000005,0.0,0.0,0.0,0.0
240847,2025-05-22T09:00:00.000000000,0.877,0.306,0.0,0.0,0.0,0.0
240847,2025-05-22T10:00:00.000000000,1.129,0.22699999999999998,0.0,0.0,0.0,0.0
240847,2025-05-22T11:00:00.000000000,0.8190000000000001,0.201,0.0,0.0,0.0,0.0
240847,2025-05-22T12:00:00.000000000,0.664,0.198,0.0,0.0,0.0,0.0
240847,2025-05-22T13:00:00.000000000,0.661,0.196,0.0,0.0,0.0,0.0
240847,2025-05-22T14:00:00.000000000,0.669,0.205,0.0,0.0,0.0,0.0
240847,2025-05-22T15:00:00.000000000,0.694,0.226,0.0,0.0,0.0,0.0
240847,2025-05-22T16:00:00.000000000,0.826,0.326,0.0,0.0,0.0,0.0
240847,2025-05-22T17:00:00.000000000,0.836,0.342,0.0,0.0,0.0,0.0
240847,2025-05-22T18:00:00.000000000,0.862,0.376,0.0,0.0,0.0,0.0
240847,2025-05-22T19:00:00.000000000,1.088,0.426,0.0,0.0,0.0,0.0
240847,2025-05-22T20:00:00.000000000,2.019,0.45,0.0,0.0,0.0,0.0
240847,2025-05-22T21:00:00.000000000,1.795,0.556,0.0,0.0,0.0,0.0
240847,2025-05-22T22:00:00.000000000,1.336,0.702,0.0,0.0,0.0,0.0
240847,2025-05-22T23:00:00.000000000,1.226,0.75,0.0,0.0,0.0,0.0
240847,2025-05-23T00:00:00.000000000,1.2750000000000001,0.81,0.0,0.0,0.0,0.0
240847,2025-05-23T01:00:00.000000000,1.292,0.829,0.0,0.0,0.0,0.0
240847,2025-05-23T02:00:00.000000000,1.3190000000000002,0.858,0.0,0.0,0.0,0.0
240847,2025-05-23T03:00:00.000000000,1.354,0.894,0.0,0.0,0.0,0.0
240847,2025-05-23T04:00:00.000000000,1.3590000000000002,0.902,0.0,0.0,0.0,0.0
240847,2025-05-23T05:00:00.000000000,1.304,0.8109999999999999,0.0,0.0,0.0,0.0
240847,2025-05-23T06:00:00.000000000,1.396,0.734,0.0,0.0,0.0,0.0
240847,2025-05-23T07:00:00.000000000,1.2810000000000001,0.648,0.0,0.0,0.0,0.0
240847,2025-05-23T08:00:00.000000000,0.962,0.496,0.0,0.0,0.0,0.0
240847,2025-05-23T09:00:00.000000000,1.066,0.37600000000000006,0.0,0.0,0.0,0.0
240847,2025-05-23T10:00:00.000000000,1.168,0.255,0.0,0.0,0.0,0.0
240847,2025-05-23T11:00:00.000000000,0.6920000000000001,0.097,0.0,0.0,0.0,0.0
240847,2025-05-23T12:00:00.000000000,0.469,0.005,0.0,0.0,0.0,0.0
240847,2025-05-23T13:00:00.000000000,0.464,0.0,0.0,0.0,0.0,0.0
240847,2025-05-23T14:00:00.000000000,0.464,0.0,0.0,0.0,0.0,0.0
240847,2025-05-23T15:00:00.000000000,0.47,0.0,0.0,0.0,0.0,0.0
240847,2025-05-23T16:00:00.000000000,0.6639999999999999,0.0,0.0,0.0,0.0,0.0
240847,2025-05-23T17:00:00.000000000,0.839,0.0,0.0,0.0,0.0,0.0
240847,2025-05-23T18:00:00.000000000,0.834,0.0,0.0,0.0,0.0,0.0
240847,2025-05-23T19:00:00.000000000,0.881,0.042,0.0,0.0,0.0,0.0
240847,2025-05-23T20:00:00.000000000,1.374,0.187,0.0,0.0,0.0,0.0
240847,2025-05-23T21:00:00.000000000,1.476,0.33699999999999997,0.0,0.0,0.0,0.0
240847,2025-05-23T22:00:00.000000000,1.2599999999999998,0.492,0.0,0.0,0.0,0.0
240847,2025-05-23T23:00:00.000000000,0.993,0.521,0.0,0.0,0.0,0.0
240847,2025-05-24T00:00:00.000000000,1.016,0.552,0.0,0.0,0.0,0.0
240847,2025-05-24T01:00:00.000000000,1.042,0.58,0.0,0.0,0.0,0.0
240847,2025-05-24T02:00:00.000000000,1.052,0.593,0.0,0.0,0.0,0.0
240847,2025-05-24T03:00:00.000000000,1.066,0.607,0.0,0.0,0.0,0.0
240847,2025-05-24T04:00:00.000000000,1.0550000000000002,0.599,0.0,0.0,0.0,0.0
240847,2025-05-24T05:00:00.000000000,1.0030000000000001,0.544,0.0,0.0,0.0,0.0
240847,2025-05-24T06:00:00.000000000,1.07,0.553,0.0,0.0,0.0,0.0
240847,2025-05-24T07:00:00.000000000,0.977,0.511,0.0,0.0,0.0,0.0
240847,2025-05-24T08:00:00.000000000,0.9279999999999999,0.46399999999999997,0.0,0.0,0.0,0.0
240847,2025-05-24T09:00:00.000000000,1.242,0.405,0.0,0.0,0.0,0.0
240847,2025-05-24T10:00:00.000000000,0.794,0.333,0.0,0.0,0.0,0.0
240847,2025-05-24T11:00:00.000000000,0.687,0.22199999999999998,0.0,0.0,0.0,0.0
240847,2025-05-24T12:00:00.000000000,0.56,0.094,0.0,0.0,0.0,0.0
240847,2025-05-24T13:00:00.000000000,0.46799999999999997,0.003,0.0,0.0,0.0,0.0
240847,2025-05-24T14:00:00.000000000,0.464,0.0,0.0,0.0,0.0,0.0
240847,2025-05-24T15:00:00.000000000,0.5,0.0,0.0,0.030000000000000002,0.0,0.0
240847,2025-05-24T16:00:00.000000000,0.637,0.0,0.0,0.137,0.0,0.0
240847,2025-05-24T17:00:00.000000000,0.6970000000000001,0.0,0.0,0.20500000000000002,0.0,0.0
240847,2025-05-24T18:00:00.000000000,0.585,0.0,0.0,0.101,0.0,0.0
240847,2025-05-24T19:00:00.000000000,0.825,0.0,0.0,0.0,0.0,0.0
240847,2025-05-24T20:00:00.000000000,0.7569999999999999,0.0,0.0,0.0,0.0,0.0
240847,2025-05-24T21:00:00.000000000,0.752,0.0,0.0,0.0,0.0,0.0
240847,2025-05-24T22:00:00.000000000,0.604,0.05,0.0,0.0,0.0,0.0
240847,2025-05-24T23:00:00.000000000,0.5860000000000001,0.113,0.0,0.0,0.0,0.0
240847,2025-05-25T00:00:00.000000000,0.652,0.18899999999999997,0.0,0.0,0.0,0.0
240847,2025-05-25T01:00:00.000000000,0.716,0.255,0.0,0.0,0.0,0.0
240847,2025-05-25T02:00:00.000000000,0.7589999999999999,0.299,0.0,0.0,0.0,0.0
240847,2025-05-25T03:00:00.000000000,0.913,0.34299999999999997,0.0,0.0,0.0,0.0
240847,2025-05-25T04:00:00.000000000,1.069,0.36500000000000005,0.0,0.0,0.0,0.0
240847,2025-05-25T05:00:00.000000000,0.823,0.261,0.0,0.0,0.0,0.0
240847,2025-05-25T06:00:00.000000000,1.174,0.062,0.0,0.0,0.0,0.0
240847,2025-05-25T07:00:00.000000000,0.602,0.0,0.0,0.0,0.0,0.0
240847,2025-05-25T08:00:00.000000000,0.464,0.0,0.0,0.0,0.0,0.0
240847,2025-05-25T09:00:00.000000000,0.461,0.0,0.0,0.0,0.0,0.0
240847,2025-05-25T10:00:00.000000000,0.8,0.0,0.0,0.0,0.0,0.0
240847,2025-05-25T11:00:00.000000000,0.737,0.0,0.0,0.1,0.0,0.0
240847,2025-05-25T12:00:00.000000000,0.687,0.0,0.0,0.222,0.0,0.0
240847,2025-05-25T13:00:00.000000000,0.8029999999999999,0.0,0.0,0.33799999999999997,0.0,0.0
240847,2025-05-25T14:00:00.000000000,0.87,0.0,0.0,0.40599999999999997,0.0,0.0
240847,2025-05-25T15:00:00.000000000,0.908,0.0,0.0,0.44,0.0,0.0
240847,2025-05-25T16:00:00.000000000,0.882,0.0,0.0,0.382,0.0,0.0
240847,2025-05-25T17:00:00.000000000,0.8260000000000001,0.0,0.0,0.333,0.0,0.0
240847,2025-05-25T18:00:00.000000000,0.7230000000000001,0.0,0.0,0.239,0.0,0.0
240847,2025-05-25T19:00:00.000000000,0.548,0.0,0.0,0.064,0.0,0.0
240847,2025-05-25T20:00:00.000000000,0.986,0.0,0.0,0.0,0.0,0.0
240847,2025-05-25T21:00:00.000000000,0.889,0.0,0.0,0.0,0.0,0.0
240847,2025-05-25T22:00:00.000000000,0.611,0.0,0.0,0.0,0.0,0.0
240847,2025-05-25T23:00:00.000000000,0.473,0.0,0.0,0.0,0.0,0.0
240847,2025-05-26T00:00:00.000000000,0.482,0.02,0.0,0.0,0.0,0.0
240847,2025-05-26T01:00:00.000000000,0.5640000000000001,0.103,0.0,0.0,0.0,0.0
240847,2025-05-26T02:00:00.000000000,0.617,0.15700000000000003,0.0,0.0,0.0,0.0
240847,2025-05-26T03:00:00.000000000,0.7109999999999999,0.254,0.0,0.0,0.0,0.0
240847,2025-05-26T04:00:00.000000000,0.756,0.3,0.0,0.0,0.0,0.0
240847,2025-05-26T05:00:00.000000000,1.042,0.15799999999999997,0.0,0.0,0.0,0.0
240847,2025-05-26T06:00:00.000000000,0.8160000000000001,0.0,0.0,0.0,0.0,0.0
240847,2025-05-26T07:00:00.000000000,1.032,0.0,0.0,0.0,0.0,0.0
240847,2025-05-26T08:00:00.000000000,0.6889999999999998,0.0,0.0,0.0,0.0,0.0
240847,2025-05-26T09:00:00.000000000,0.682,0.0,0.0,0.0,0.0,0.0
240847,2025-05-26T10:00:00.000000000,0.728,0.0,0.0,0.041999999999999996,0.0,0.0
240847,2025-05-26T11:00:00.000000000,0.816,0.0,0.0,0.11800000000000001,0.0,0.0
240847,2025-05-26T12:00:00.000000000,0.932,0.0,0.0,0.23199999999999998,0.0,0.0
240847,2025-05-26T13:00:00.000000000,1.029,0.0,0.0,0.33799999999999997,0.0,0.0
240847,2025-05-26T14:00:00.000000000,1.157,0.0,0.0,0.454,0.0,0.0
240847,2025-05-26T15:00:00.000000000,3.523,0.0,0.0,0.639,0.0,0.0
240847,2025-05-26T16:00:00.000000000,1.356,0.0,0.0,0.46499999999999997,0.0,0.0
240847,2025-05-26T17:00:00.000000000,1.369,0.0,0.0,0.41300000000000003,0.0,0.0
240847,2025-05-26T18:00:00.000000000,1.394,0.0,0.0,0.282,0.0,0.0
240847,2025-05-26T19:00:00.000000000,0.953,0.0,0.0,0.11599999999999999,0.0,0.0
240847,2025-05-26T20:00:00.000000000,0.6779999999999999,0.0,0.0,0.014,0.0,0.0
240847,2025-05-26T21:00:00.000000000,0.478,0.0,0.0,0.0,0.0,0.0
240847,2025-05-26T22:00:00.000000000,0.494,0.0,0.0,0.0,0.0,0.0
240847,2025-05-26T23:00:00.000000000,0.9319999999999999,0.0,0.0,0.0,0.0,0.0
240847,2025-05-27T00:00:00.000000000,0.542,0.036,0.0,0.0,0.0,0.0
240847,2025-05-27T01:00:00.000000000,0.623,0.162,0.0,0.0,0.0,0.0
240847,2025-05-27T02:00:00.000000000,0.696,0.237,0.0,0.0,0.0,0.0
240847,2025-05-27T03:00:00.000000000,0.7929999999999999,0.33599999999999997,0.0,0.0,0.0,0.0
240847,2025-05-27T04:00:00.000000000,0.8480000000000001,0.392,0.0,0.0,0.0,0.0
240847,2025-05-27T05:00:00.000000000,0.752,0.257,0.0,0.0,0.0,0.0
240847,2025-05-27T06:00:00.000000000,1.0979999999999999,0.049,0.0,0.0,0.0,0.0
240847,2025-05-27T07:00:00.000000000,0.6890000000000001,0.0,0.0,0.0,0.0,0.0
240847,2025-05-27T08:00:00.000000000,0.6889999999999998,0.0,0.0,0.0,0.0,0.0
240847,2025-05-27T09:00:00.000000000,0.7270000000000001,0.0,0.0,0.045,0.0,0.0
240847,2025-05-27T10:00:00.000000000,0.824,0.0,0.0,0.137,0.0,0.0
240847,2025-05-27T11:00:00.000000000,0.9259999999999999,0.0,0.0,0.22899999999999998,0.0,0.0
240847,2025-05-27T12:00:00.000000000,1.453,0.0,0.0,0.30100000000000005,0.0,0.0
240847,2025-05-27T13:00:00.000000000,1.084,0.0,0.0,0.391,0.0,0.0
240847,2025-05-27T14:00:00.000000000,1.1440000000000001,0.0,0.0,0.44,0.0,0.0
240847,2025-05-27T15:00:00.000000000,9.056000000000001,0.0,0.0,0.333,0.0,0.0
240847,2025-05-27T16:00:00.000000000,9.799999999999999,0.0,0.0,0.244,0.0,0.0
240847,2025-05-27T17:00:00.000000000,1.434,0.0,0.0,0.378,0.0,0.0
240847,2025-05-27T18:00:00.000000000,1.2269999999999999,0.0,0.0,0.281,0.0,0.0
240847,2025-05-27T19:00:00.000000000,1.42,0.0,0.0,0.122,0.0,0.0
240847,2025-05-27T20:00:00.000000000,0.8989999999999999,0.0,0.0,0.008,0.0,0.0
240847,2025-05-27T21:00:00.000000000,0.69,0.0,0.0,0.0,0.0,0.0
240847,2025-05-27T22:00:00.000000000,0.494,0.0,0.0,0.0,0.0,0.0
240847,2025-05-27T23:00:00.000000000,0.473,0.0,0.0,0.0,0.0,0.0
240847,2025-05-28T00:00:00.000000000,0.47700000000000004,0.013000000000000001,0.0,0.0,0.0,0.0
240847,2025-05-28T01:00:00.000000000,0.5970000000000001,0.13599999999999998,0.0,0.0,0.0,0.0
240847,2025-05-28T02:00:00.000000000,0.7250000000000001,0.266,0.0,0.0,0.0,0.0
240847,2025-05-28T03:00:00.000000000,0.8059999999999999,0.35,0.0,0.0,0.0,0.0
240847,2025-05-28T04:00:00.000000000,0.875,0.41900000000000004,0.0,0.0,0.0,0.0
240847,2025-05-28T05:00:00.000000000,0.75,0.291,0.0,0.0,0.0,0.0
240847,2025-05-28T06:00:00.000000000,0.517,0.054000000000000006,0.0,0.0,0.0,0.0
240847,2025-05-28T07:00:00.000000000,0.5790000000000001,0.0,0.0,0.0,0.0,0.0
240847,2025-05-28T08:00:00.000000000,1.1349999999999998,0.0,0.0,0.0,0.0,0.0
240847,2025-05-28T09:00:00.000000000,8.693,0.0,0.0,0.013,0.0,0.0
240847,2025-05-28T10:00:00.000000000,2.5679999999999996,0.0,0.0,0.012,0.0,0.0
240847,2025-05-28T11:00:00.000000000,3.119,0.0,0.0,0.137,0.0,0.0
240847,2025-05-28T12:00:00.000000000,1.1210000000000002,0.0,0.0,0.031,0.0,0.0
240847,2025-05-28T13:00:00.000000000,0.911,0.0,0.0,0.0,0.0,0.0
240847,2025-05-28T14:00:00.000000000,3.164,0.0,0.0,0.115,0.0,0.0
240847,2025-05-28T15:00:00.000000000,2.239,0.0,0.0,0.062,0.0,0.0
240847,2025-05-28T16:00:00.000000000,0.943,0.0,0.0,0.0,0.0,0.0
240847,2025-05-28T17:00:00.000000000,0.839,0.0,0.0,0.0,0.0,0.0
240847,2025-05-28T18:00:00.000000000,1.061,0.0,0.0,0.0,0.0,0.0
240847,2025-05-28T19:00:00.000000000,1.175,0.0,0.0,0.0,0.0,0.0
240847,2025-05-28T20:00:00.000000000,0.846,0.0,0.0,0.0,0.0,0.0
240847,2025-05-28T21:00:00.000000000,0.784,0.032,0.0,0.0,0.0,0.0
240847,2025-05-28T22:00:00.000000000,0.8540000000000001,0.243,0.0,0.0,0.0,0.0
240847,2025-05-28T23:00:00.000000000,0.764,0.29000000000000004,0.0,0.0,0.0,0.0
240847,2025-05-29T00:00:00.000000000,0.878,0.413,0.0,0.0,0.0,0.0
240847,2025-05-29T01:00:00.000000000,1.0550000000000002,0.5930000000000001,0.0,0.0,0.0,0.0
240847,2025-05-29T02:00:00.000000000,1.153,0.694,0.0,0.0,0.0,0.0
240847,2025-05-29T03:00:00.000000000,1.234,0.7759999999999999,0.0,0.0,0.0,0.0
240847,2025-05-29T04:00:00.000000000,1.6949999999999998,0.863,0.0,0.0,0.0,0.0
240847,2025-05-29T05:00:00.000000000,1.355,0.751,0.0,0.0,0.0,0.0
240847,2025-05-29T06:00:00.000000000,1.4849999999999999,0.37,0.0,0.0,0.0,0.0
240847,2025-05-29T07:00:00.000000000,1.042,0.153,0.0,0.0,0.0,0.0
240847,2025-05-29T08:00:00.000000000,0.527,0.063,0.0,0.0,0.0,0.0
240847,2025-05-29T09:00:00.000000000,0.471,0.01,0.0,0.0,0.0,0.0
240847,2025-05-29T10:00:00.000000000,0.476,0.015,0.0,0.0,0.0,0.0
240847,2025-05-29T11:00:00.000000000,0.463,0.0,0.0,0.0,0.0,0.0
240847,2025-05-29T12:00:00.000000000,0.464,0.0,0.0,0.0,0.0,0.0
240847,2025-05-29T13:00:00.000000000,0.464,0.0,0.0,0.0,0.0,0.0
240847,2025-05-29T14:00:00.000000000,1.041,0.0,0.0,0.0,0.0,0.0
240847,2025-05-29T15:00:00.000000000,0.57,0.0,0.0,0.0,0.0,0.0
240847,2025-05-29T16:00:00.000000000,0.502,0.0,0.0,0.0,0.0,0.0
240847,2025-05-29T17:00:00.000000000,0.494,0.0,0.0,0.0,0.0,0.0
240847,2025-05-29T18:00:00.000000000,0.535,0.051,0.0,0.0,0.0,0.0
240847,2025-05-29T19:00:00.000000000,1.1680000000000001,0.195,0.0,0.0,0.0,0.0
240847,2025-05-29T20:00:00.000000000,1.491,0.277,0.0,0.0,0.0,0.0
240847,2025-05-29T21:00:00.000000000,1.147,0.393,0.0,0.0,0.0,0.0
240847,2025-05-29T22:00:00.000000000,1.178,0.5660000000000001,0.0,0.0,0.0,0.0
240847,2025-05-29T23:00:00.000000000,1.14,0.6659999999999999,0.0,0.0,0.0,0.0
240847,2025-05-30T00:00:00.000000000,1.269,0.805,0.0,0.0,0.0,0.0
240847,2025-05-30T01:00:00.000000000,1.322,0.86,0.0,0.0,0.0,0.0
240847,2025-05-30T02:00:00.000000000,1.329,0.869,0.0,0.0,0.0,0.0
240847,2025-05-30T03:00:00.000000000,1.3530000000000002,0.896,0.0,0.0,0.0,0.0
240847,2025-05-30T04:00:00.000000000,1.4369999999999998,0.981,0.0,0.0,0.0,0.0
240847,2025-05-30T05:00:00.000000000,1.3459999999999999,0.8869999999999999,0.0,0.0,0.0,0.0
240847,2025-05-30T06:00:00.000000000,1.703,0.7949999999999999,0.0,0.0,0.0,0.0
240847,2025-05-30T07:00:00.000000000,1.419,0.668,0.0,0.0,0.0,0.0
240847,2025-05-30T08:00:00.000000000,1.0,0.532,0.0,0.0,0.0,0.0
240847,2025-05-30T09:00:00.000000000,0.855,0.39,0.0,0.0,0.0,0.0
240847,2025-05-30T10:00:00.000000000,0.7300000000000001,0.268,0.0,0.0,0.0,0.0
240847,2025-05-30T11:00:00.000000000,0.544,0.08,0.0,0.0,0.0,0.0
240847,2025-05-30T12:00:00.000000000,0.464,0.0,0.0,0.0,0.0,0.0
240847,2025-05-30T13:00:00.000000000,0.464,0.0,0.0,0.0,0.0,0.0
240847,2025-05-30T14:00:00.000000000,0.464,0.0,0.0,0.0,0.0,0.0
240847,2025-05-30T15:00:00.000000000,0.477,0.0,0.0,0.008,0.0,0.0
240847,2025-05-30T16:00:00.000000000,0.507,0.0,0.0,0.005,0.0,0.0
240847,2025-05-30T17:00:00.000000000,1.2269999999999999,0.0,0.0,0.019,0.0,0.0
240847,2025-05-30T18:00:00.000000000,1.097,0.0,0.0,0.005,0.0,0.0
240847,2025-05-30T19:00:00.000000000,0.838,0.0,0.0,0.0,0.0,0.0
240847,2025-05-30T20:00:00.000000000,0.858,0.012,0.0,0.0,0.0,0.0
240847,2025-05-30T21:00:00.000000000,0.9400000000000001,0.186,0.0,0.0,0.0,0.0
240847,2025-05-30T22:00:00.000000000,1.145,0.507,0.0,0.0,0.0,0.0
240847,2025-05-30T23:00:00.000000000,1.1460000000000001,0.5960000000000001,0.0,0.0,0.0,0.0
240847,2025-05-31T00:00:00.000000000,1.1349999999999998,0.647,0.0,0.0,0.0,0.0
240847,2025-05-31T01:00:00.000000000,1.549,0.7289999999999999,0.0,0.0,0.0,0.0
240847,2025-05-31T02:00:00.000000000,1.218,0.758,0.0,0.0,0.0,0.0
240847,2025-05-31T03:00:00.000000000,1.231,0.7730000000000001,0.0,0.0,0.0,0.0
240847,2025-05-31T04:00:00.000000000,1.276,0.819,0.0,0.0,0.0,0.0
240847,2025-05-31T05:00:00.000000000,1.227,0.768,0.0,0.0,0.0,0.0
240847,2025-05-31T06:00:00.000000000,1.1789999999999998,0.714,0.0,0.0,0.0,0.0
240847,2025-05-31T07:00:00.000000000,1.035,0.5700000000000001,0.0,0.0,0.0,0.0
240847,2025-05-31T08:00:00.000000000,1.1429999999999998,0.218,0.0,0.0,0.0,0.0
240847,2025-05-31T09:00:00.000000000,0.503,0.028000000000000004,0.0,0.0,0.0,0.0
240847,2025-05-31T10:00:00.000000000,0.46,0.0,0.0,0.0,0.0,0.0
240847,2025-05-31T11:00:00.000000000,0.463,0.0,0.0,0.0,0.0,0.0
240847,2025-05-31T12:00:00.000000000,0.464,0.0,0.0,0.0,0.0,0.0
240847,2025-05-31T13:00:00.000000000,0.487,0.0,0.0,0.022000000000000002,0.0,0.0
240847,2025-05-31T14:00:00.000000000,0.859,0.0,0.0,0.166,0.0,0.0
240847,2025-05-31T15:00:00.000000000,0.9319999999999999,0.0,0.0,0.323,0.0,0.0
240847,2025-05-31T16:00:00.000000000,0.823,0.0,0.0,0.323,0.0,0.0
240847,2025-05-31T17:00:00.000000000,0.7890000000000001,0.0,0.0,0.295,0.0,0.0
240847,2025-05-31T18:00:00.000000000,0.649,0.0,0.0,0.164,0.0,0.0
240847,2025-05-31T19:00:00.000000000,0.7869999999999999,0.0,0.0,0.036,0.0,0.0
240847,2025-05-31T20:00:00.000000000,0.846,0.0,0.0,0.0,0.0,0.0
240847,2025-05-31T21:00:00.000000000,0.752,0.0,0.0,0.0,0.0,0.0
240847,2025-05-31T22:00:00.000000000,0.583,0.0,0.0,0.0,0.0,0.0
240847,2025-05-31T23:00:00.000000000,0.508,0.036,0.0,0.0,0.0,0.0
240847,2025-06-01T00:00:00.000000000,0.619,0.155,0.0,0.0,0.0,0.0
240847,2025-06-01T01:00:00.000000000,0.708,0.248,0.0,0.0,0.0,0.0
240847,2025-06-01T02:00:00.000000000,0.7790000000000001,0.31999999999999995,0.0,0.0,0.0,0.0
240847,2025-06-01T03:00:00.000000000,0.839,0.382,0.0,0.0,0.0,0.0
240847,2025-06-01T04:00:00.000000000,1.125,0.432,0.0,0.0,0.0,0.0
240847,2025-06-01T05:00:00.000000000,0.987,0.438,0.0,0.0,0.0,0.0
240847,2025-06-01T06:00:00.000000000,1.296,0.27099999999999996,0.0,0.0,0.0,0.0
240847,2025-06-01T07:00:00.000000000,0.905,0.067,0.0,0.0,0.0,0.0
240847,2025-06-01T08:00:00.000000000,0.464,0.0,0.0,0.0,0.0,0.0
240847,2025-06-01T09:00:00.000000000,0.464,0.0,0.0,0.0,0.0,0.0
240847,2025-06-01T10:00:00.000000000,0.461,0.0,0.0,0.0,0.0,0.0
240847,2025-06-01T11:00:00.000000000,0.463,0.0,0.0,0.0,0.0,0.0
240847,2025-06-01T12:00:00.000000000,0.6739999999999999,0.0,0.0,0.20700000000000002,0.0,0.0
240847,2025-06-01T13:00:00.000000000,0.909,0.0,0.0,0.444,0.0,0.0
240847,2025-06-01T14:00:00.000000000,1.105,0.0,0.0,0.6399999999999999,0.0,0.0
240847,2025-06-01T15:00:00.000000000,1.217,0.0,0.0,0.7469999999999999,0.0,0.0
240847,2025-06-01T16:00:00.000000000,1.4040000000000001,0.0,0.0,0.591,0.0,0.0
240847,2025-06-01T17:00:00.000000000,1.7120000000000002,0.0,0.0,0.509,0.0,0.0
240847,2025-06-01T18:00:00.000000000,7.929,0.0,0.0,0.357,0.0,0.0
240847,2025-06-01T19:00:00.000000000,2.46,0.0,0.0,0.322,0.0,0.0
240847,2025-06-01T20:00:00.000000000,1.0,0.0,0.0,0.151,0.0,0.0
240847,2025-06-01T21:00:00.000000000,1.121,0.0,0.0,0.01,0.0,0.0
240847,2025-06-01T22:00:00.000000000,0.8540000000000001,0.0,0.0,0.0,0.0,0.0
240847,2025-06-01T23:00:00.000000000,0.473,0.0,0.0,0.0,0.0,0.0
240847,2025-06-02T00:00:00.000000000,0.464,0.0,0.0,0.0,0.0,0.0
240847,2025-06-02T01:00:00.000000000,0.461,0.0,0.0,0.0,0.0,0.0
240847,2025-06-02T02:00:00.000000000,0.457,0.0,0.0,0.0,0.0,0.0
240847,2025-06-02T03:00:00.000000000,0.456,0.0,0.0,0.0,0.0,0.0
240847,2025-06-02T04:00:00.000000000,0.456,0.0,0.0,0.0,0.0,0.0
240847,2025-06-02T05:00:00.000000000,0.459,0.0,0.0,0.0,0.0,0.0
240847,2025-06-02T06:00:00.000000000,0.463,0.0,0.0,0.0,0.0,0.0
240847,2025-06-02T07:00:00.000000000,0.464,0.0,0.0,0.0,0.0,0.0
240847,2025-06-02T08:00:00.000000000,0.657,0.0,0.0,0.192,0.0,0.0
240847,2025-06-02T09:00:00.000000000,0.916,0.0,0.0,0.418,0.0,0.0
240847,2025-06-02T10:00:00.000000000,1.345,0.0,0.0,0.629,0.0,0.0
240847,2025-06-02T11:00:00.000000000,1.448,0.0,0.0,0.704,0.0,0.0
240847,2025-06-02T12:00:00.000000000,1.202,0.0,0.0,0.7349999999999999,0.0,0.0
240847,2025-06-02T13:00:00.000000000,1.263,0.0,0.0,0.73,0.0,0.0
240847,2025-06-02T14:00:00.000000000,1.252,0.0,0.0,0.638,0.0,0.0
240847,2025-06-02T15:00:00.000000000,1.0659999999999998,0.0,0.0,0.514,0.0,0.0
240847,2025-06-02T16:00:00.000000000,0.897,0.0,0.0,0.396,0.0,0.0
240847,2025-06-02T17:00:00.000000000,0.7590000000000001,0.0,0.0,0.268,0.0,0.0
240847,2025-06-02T18:00:00.000000000,0.9590000000000001,0.0,0.0,0.129,0.0,0.0
240847,2025-06-02T19:00:00.000000000,0.797,0.0,0.0,0.039999999999999994,0.0,0.0
240847,2025-06-02T20:00:00.000000000,0.485,0.0,0.0,0.001,0.0,0.0
240847,2025-06-02T21:00:00.000000000,0.478,0.0,0.0,0.0,0.0,0.0
240847,2025-06-02T22:00:00.000000000,0.491,0.0,0.0,0.0,0.0,0.0
240847,2025-06-02T23:00:00.000000000,0.472,0.0,0.0,0.0,0.0,0.0
240847,2025-06-03T00:00:00.000000000,0.464,0.0,0.0,0.0,0.0,0.0
240847,2025-06-03T01:00:00.000000000,0.461,0.0,0.0,0.0,0.0,0.0
240847,2025-06-03T02:00:00.000000000,0.457,0.0,0.0,0.0,0.0,0.0
240847,2025-06-03T03:00:00.000000000,0.456,0.0,0.0,0.0,0.0,0.0
240847,2025-06-03T04:00:00.000000000,0.464,0.023,0.0,0.0,0.0,0.0
240847,2025-06-03T05:00:00.000000000,0.5630000000000001,0.061,0.0,0.0,0.0,0.0
240847,2025-06-03T06:00:00.000000000,0.652,0.073,0.0,0.0,0.0,0.0
240847,2025-06-03T07:00:00.000000000,0.9959999999999999,0.06399999999999999,0.0,0.0,0.0,0.0
240847,2025-06-03T08:00:00.000000000,0.616,0.013999999999999999,0.0,0.0,0.0,0.0
240847,2025-06-03T09:00:00.000000000,0.498,0.0,0.0,0.0,0.0,0.0
240847,2025-06-03T10:00:00.000000000,0.496,0.0,0.0,0.0,0.0,0.0
240847,2025-06-03T11:00:00.000000000,0.997,0.0,0.0,0.0,0.0,0.0
240847,2025-06-03T12:00:00.000000000,1.8579999999999999,0.0,0.0,0.0,0.0,0.0
240847,2025-06-03T13:00:00.000000000,0.602,0.0,0.0,0.0,0.0,0.0
240847,2025-06-03T14:00:00.000000000,0.612,0.0,0.0,0.0,0.0,0.0
240847,2025-06-03T15:00:00.000000000,0.637,0.0,0.0,0.0,0.0,0.0
240847,2025-06-03T16:00:00.000000000,1.126,0.0,0.0,0.0,0.0,0.0
240847,2025-06-03T17:00:00.000000000,0.7289999999999999,0.0,0.0,0.0,0.0,0.0
240847,2025-06-03T18:00:00.000000000,0.722,0.0,0.0,0.0,0.0,0.0
240847,2025-06-03T19:00:00.000000000,0.726,0.0,0.0,0.0,0.0,0.0
240847,2025-06-03T20:00:00.000000000,1.081,0.0,0.0,0.0,0.0,0.0
240847,2025-06-03T21:00:00.000000000,0.8170000000000002,0.063,0.0,0.0,0.0,0.0
240847,2025-06-03T22:00:00.000000000,0.812,0.278,0.0,0.0,0.0,0.0
240847,2025-06-03T23:00:00.000000000,0.8270000000000001,0.353,0.0,0.0,0.0,0.0
240847,2025-06-04T00:00:00.000000000,0.932,0.46799999999999997,0.0,0.0,0.0,0.0
240847,2025-06-04T01:00:00.000000000,1.0470000000000002,0.5850000000000001,0.0,0.0,0.0,0.0
240847,2025-06-04T02:00:00.000000000,1.1389999999999998,0.6799999999999999,0.0,0.0,0.0,0.0
240847,2025-06-04T03:00:00.000000000,1.1329999999999998,0.6739999999999999,0.0,0.0,0.0,0.0
240847,2025-06-04T04:00:00.000000000,1.1649999999999998,0.7090000000000001,0.0,0.0,0.0,0.0
240847,2025-06-04T05:00:00.000000000,1.271,0.696,0.0,0.0,0.0,0.0
240847,2025-06-04T06:00:00.000000000,1.565,0.577,0.0,0.0,0.0,0.0
240847,2025-06-04T07:00:00.000000000,1.037,0.43299999999999994,0.0,0.0,0.0,0.0
240847,2025-06-04T08:00:00.000000000,0.788,0.322,0.0,0.0,0.0,0.0
240847,2025-06-04T09:00:00.000000000,0.665,0.20099999999999998,0.0,0.0,0.0,0.0
240847,2025-06-04T10:00:00.000000000,0.565,0.10300000000000001,0.0,0.0,0.0,0.0
240847,2025-06-04T11:00:00.000000000,0.473,0.009000000000000001,0.0,0.0,0.0,0.0
240847,2025-06-04T12:00:00.000000000,0.464,0.0,0.0,0.0,0.0,0.0
240847,2025-06-04T13:00:00.000000000,0.518,0.053000000000000005,0.0,0.0,0.0,0.0
240847,2025-06-04T14:00:00.000000000,0.584,0.119,0.0,0.0,0.0,0.0
240847,2025-06-04T15:00:00.000000000,0.675,0.206,0.0,0.0,0.0,0.0
240847,2025-06-04T16:00:00.000000000,0.634,0.133,0.0,0.0,0.0,0.0
240847,2025-06-04T17:00:00.000000000,0.887,0.159,0.0,0.0,0.0,0.0
240847,2025-06-04T18:00:00.000000000,0.807,0.16,0.0,0.0,0.0,0.0
240847,2025-06-04T19:00:00.000000000,0.88,0.155,0.0,0.0,0.0,0.0
240847,2025-06-04T20:00:00.000000000,0.9299999999999999,0.193,0.0,0.0,0.0,0.0
240847,2025-06-04T21:00:00.000000000,0.9249999999999999,0.26,0.0,0.0,0.0,0.0
240847,2025-06-04T22:00:00.000000000,0.967,0.40299999999999997,0.0,0.0,0.0,0.0
240847,2025-06-04T23:00:00.000000000,1.379,0.43899999999999995,0.0,0.0,0.0,0.0
240847,2025-06-05T00:00:00.000000000,1.172,0.444,0.0,0.0,0.0,0.0
240847,2025-06-05T01:00:00.000000000,0.9359999999999999,0.472,0.0,0.0,0.0,0.0
240847,2025-06-05T02:00:00.000000000,1.009,0.548,0.0,0.0,0.0,0.0
240847,2025-06-05T03:00:00.000000000,1.053,0.595,0.0,0.0,0.0,0.0
240847,2025-06-05T04:00:00.000000000,1.0670000000000002,0.611,0.0,0.0,0.0,0.0
240847,2025-06-05T05:00:00.000000000,1.025,0.565,0.0,0.0,0.0,0.0
240847,2025-06-05T06:00:00.000000000,0.9329999999999999,0.469,0.0,0.0,0.0,0.0
240847,2025-06-05T07:00:00.000000000,0.7830000000000001,0.316,0.0,0.0,0.0,0.0
240847,2025-06-05T08:00:00.000000000,0.9630000000000001,0.119,0.0,0.0,0.0,0.0
240847,2025-06-05T09:00:00.000000000,0.888,0.015,0.0,0.0,0.0,0.0
240847,2025-06-05T10:00:00.000000000,0.461,0.0,0.0,0.0,0.0,0.0
240847,2025-06-05T11:00:00.000000000,0.463,0.0,0.0,0.0,0.0,0.0
240847,2025-06-05T12:00:00.000000000,0.464,0.0,0.0,0.0,0.0,0.0
240847,2025-06-05T13:00:00.000000000,0.464,0.0,0.0,0.0,0.0,0.0
240847,2025-06-05T14:00:00.000000000,0.548,0.0,0.0,0.083,0.0,0.0
240847,2025-06-05T15:00:00.000000000,0.848,0.0,0.0,0.14900000000000002,0.0,0.0
240847,2025-06-05T16:00:00.000000000,0.7180000000000001,0.0,0.0,0.063,0.0,0.0
240847,2025-06-05T17:00:00.000000000,0.5,0.0,0.0,0.006,0.0,0.0
240847,2025-06-05T18:00:00.000000000,0.485,0.0,0.0,0.0,0.0,0.0
240847,2025-06-05T19:00:00.000000000,0.667,0.0,0.0,0.0,0.0,0.0
240847,2025-06-05T20:00:00.000000000,0.7370000000000001,0.0,0.0,0.0,0.0,0.0
240847,2025-06-05T21:00:00.000000000,0.665,0.0,0.0,0.0,0.0,0.0
240847,2025-06-05T22:00:00.000000000,0.7190000000000001,0.175,0.0,0.0,0.0,0.0
240847,2025-06-05T23:00:00.000000000,0.7030000000000001,0.229,0.0,0.0,0.0,0.0
240847,2025-06-06T00:00:00.000000000,0.984,0.29300000000000004,0.0,0.0,0.0,0.0
240847,2025-06-06T01:00:00.000000000,1.08,0.352,0.0,0.0,0.0,0.0
240847,2025-06-06T02:00:00.000000000,0.862,0.402,0.0,0.0,0.0,0.0
240847,2025-06-06T03:00:00.000000000,0.884,0.428,0.0,0.0,0.0,0.0
240847,2025-06-06T04:00:00.000000000,0.891,0.435,0.0,0.0,0.0,0.0
240847,2025-06-06T05:00:00.000000000,0.913,0.406,0.0,0.0,0.0,0.0
240847,2025-06-06T06:00:00.000000000,0.974,0.395,0.0,0.0,0.0,0.0
240847,2025-06-06T07:00:00.000000000,1.412,0.386,0.0,0.0,0.0,0.0
240847,2025-06-06T08:00:00.000000000,1.153,0.364,0.0,0.0,0.0,0.0
240847,2025-06-06T09:00:00.000000000,1.1909999999999998,0.374,0.0,0.0,0.0,0.0
240847,2025-06-06T10:00:00.000000000,1.273,0.329,0.0,0.0,0.0,0.0
240847,2025-06-06T11:00:00.000000000,0.7590000000000001,0.295,0.0,0.0,0.0,0.0
240847,2025-06-06T12:00:00.000000000,0.768,0.301,0.0,0.0,0.0,0.0
240847,2025-06-06T13:00:00.000000000,0.7590000000000001,0.293,0.0,0.0,0.0,0.0
240847,2025-06-06T14:00:00.000000000,0.7529999999999999,0.289,0.0,0.0,0.0,0.0
240847,2025-06-06T15:00:00.000000000,0.7669999999999999,0.29700000000000004,0.0,0.0,0.0,0.0
240847,2025-06-06T16:00:00.000000000,0.891,0.389,0.0,0.0,0.0,0.0
240847,2025-06-06T17:00:00.000000000,0.895,0.403,0.0,0.0,0.0,0.0
240847,2025-06-06T18:00:00.000000000,1.065,0.467,0.0,0.0,0.0,0.0
240847,2025-06-06T19:00:00.000000000,1.608,0.524,0.0,0.0,0.0,0.0
240847,2025-06-06T20:00:00.000000000,1.276,0.603,0.0,0.0,0.0,0.0
240847,2025-06-06T21:00:00.000000000,1.278,0.677,0.0,0.0,0.0,0.0
240847,2025-06-06T22:00:00.000000000,1.423,0.857,0.0,0.0,0.0,0.0
240847,2025-06-06T23:00:00.000000000,1.7329999999999999,0.9049999999999999,0.0,0.0,0.0,0.0
240847,2025-06-07T00:00:00.000000000,1.4540000000000002,0.937,0.0,0.0,0.0,0.0
240847,2025-06-07T01:00:00.000000000,1.4929999999999999,1.028,0.0,0.0,0.0,0.0
240847,2025-06-07T02:00:00.000000000,1.5219999999999998,1.062,0.0,0.0,0.0,0.0
240847,2025-06-07T03:00:00.000000000,1.553,1.0950000000000002,0.0,0.0,0.0,0.0
240847,2025-06-07T04:00:00.000000000,1.533,1.077,0.0,0.0,0.0,0.0
240847,2025-06-07T05:00:00.000000000,1.46,1.001,0.0,0.0,0.0,0.0
240847,2025-06-07T06:00:00.000000000,1.4209999999999998,0.957,0.0,0.0,0.0,0.0
240847,2025-06-07T07:00:00.000000000,1.7469999999999999,0.8540000000000001,0.0,0.0,0.0,0.0
240847,2025-06-07T08:00:00.000000000,1.576,0.818,0.0,0.0,0.0,0.0
240847,2025-06-07T09:00:00.000000000,2.788,0.552,0.0,0.0,0.0,0.0
240847,2025-06-07T10:00:00.000000000,1.1179999999999999,0.519,0.0,0.0,0.0,0.0
240847,2025-06-07T11:00:00.000000000,0.948,0.341,0.0,0.0,0.0,0.0
240847,2025-06-07T12:00:00.000000000,1.183,0.176,0.0,0.0,0.0,0.0
240847,2025-06-07T13:00:00.000000000,0.506,0.04,0.0,0.0,0.0,0.0
240847,2025-06-07T14:00:00.000000000,0.464,0.0,0.0,0.0,0.0,0.0
240847,2025-06-07T15:00:00.000000000,0.47,0.0,0.0,0.0,0.0,0.0
240847,2025-06-07T16:00:00.000000000,0.615,0.0,0.0,0.0,0.0,0.0
240847,2025-06-07T17:00:00.000000000,0.96,0.0,0.0,0.019,0.0,0.0
240847,2025-06-07T18:00:00.000000000,0.7409999999999999,0.0,0.0,0.019000000000000003,0.0,0.0
240847,2025-06-07T19:00:00.000000000,0.837,0.0,0.0,0.0,0.0,0.0
240847,2025-06-07T20:00:00.000000000,1.065,0.0,0.0,0.0,0.0,0.0
240847,2025-06-07T21:00:00.000000000,0.665,0.0,0.0,0.0,0.0,0.0
240847,2025-06-07T22:00:00.000000000,0.667,0.132,0.0,0.0,0.0,0.0
240847,2025-06-07T23:00:00.000000000,0.7069999999999999,0.233,0.0,0.0,0.0,0.0
240847,2025-06-08T00:00:00.000000000,0.837,0.373,0.0,0.0,0.0,0.0
240847,2025-06-08T01:00:00.000000000,1.024,0.5630000000000001,0.0,0.0,0.0,0.0
240847,2025-06-08T02:00:00.000000000,1.108,0.647,0.0,0.0,0.0,0.0
240847,2025-06-08T03:00:00.000000000,1.196,0.738,0.0,0.0,0.0,0.0
240847,2025-06-08T04:00:00.000000000,1.212,0.756,0.0,0.0,0.0,0.0
240847,2025-06-08T05:00:00.000000000,1.199,0.626,0.0,0.0,0.0,0.0
240847,2025-06-08T06:00:00.000000000,1.389,0.374,0.0,0.0,0.0,0.0
240847,2025-06-08T07:00:00.000000000,0.865,0.082,0.0,0.0,0.0,0.0
240847,2025-06-08T08:00:00.000000000,0.464,0.0,0.0,0.0,0.0,0.0
240847,2025-06-08T09:00:00.000000000,0.464,0.0,0.0,0.0,0.0,0.0
240847,2025-06-08T10:00:00.000000000,0.461,0.0,0.0,0.0,0.0,0.0
240847,2025-06-08T11:00:00.000000000,0.463,0.0,0.0,0.0,0.0,0.0
240847,2025-06-08T12:00:00.000000000,0.47000000000000003,0.0,0.0,0.005,0.0,0.0
240847,2025-06-08T13:00:00.000000000,0.523,0.0,0.0,0.055999999999999994,0.0,0.0
240847,2025-06-08T14:00:00.000000000,0.547,0.0,0.0,0.082,0.0,0.0
240847,2025-06-08T15:00:00.000000000,0.498,0.0,0.0,0.029,0.0,0.0
240847,2025-06-08T16:00:00.000000000,0.502,0.0,0.0,0.0,0.0,0.0
240847,2025-06-08T17:00:00.000000000,0.554,0.0,0.0,0.0,0.0,0.0
240847,2025-06-08T18:00:00.000000000,1.4569999999999999,0.0,0.0,0.0,0.0,0.0
240847,2025-06-08T19:00:00.000000000,0.883,0.0,0.0,0.0,0.0,0.0
240847,2025-06-08T20:00:00.000000000,0.7370000000000001,0.0,0.0,0.0,0.0,0.0
240847,2025-06-08T21:00:00.000000000,1.122,0.0,0.0,0.0,0.0,0.0
240847,2025-06-08T22:00:00.000000000,0.854,0.068,0.0,0.0,0.0,0.0
240847,2025-06-08T23:00:00.000000000,0.5670000000000001,0.094,0.0,0.0,0.0,0.0
240847,2025-06-09T00:00:00.000000000,0.564,0.1,0.0,0.0,0.0,0.0
240847,2025-06-09T01:00:00.000000000,0.588,0.128,0.0,0.0,0.0,0.0
240847,2025-06-09T02:00:00.000000000,0.617,0.15899999999999997,0.0,0.0,0.0,0.0
240847,2025-06-09T03:00:00.000000000,0.64,0.183,0.0,0.0,0.0,0.0
240847,2025-06-09T04:00:00.000000000,0.654,0.197,0.0,0.0,0.0,0.0
240847,2025-06-09T05:00:00.000000000,0.998,0.142,0.0,0.0,0.0,0.0
240847,2025-06-09T06:00:00.000000000,0.528,0.032,0.0,0.0,0.0,0.0
240847,2025-06-09T07:00:00.000000000,2.308,0.0,0.0,0.0,0.0,0.0
240847,2025-06-09T08:00:00.000000000,1.8079999999999998,0.0,0.0,0.0,0.0,0.0
240847,2025-06-09T09:00:00.000000000,1.012,0.0,0.0,0.07700000000000001,0.0,0.0
240847,2025-06-09T10:00:00.000000000,1.012,0.0,0.0,0.23500000000000001,0.0,0.0
240847,2025-06-09T11:00:00.000000000,0.991,0.0,0.0,0.38299999999999995,0.0,0.0
240847,2025-06-09T12:00:00.000000000,0.985,0.0,0.0,0.376,0.0,0.0
240847,2025-06-09T13:00:00.000000000,1.003,0.0,0.0,0.288,0.0,0.0
240847,2025-06-09T14:00:00.000000000,1.204,0.0,0.0,0.12099999999999998,0.0,0.0
240847,2025-06-09T15:00:00.000000000,0.682,0.0,0.0,0.030000000000000002,0.0,0.0
240847,2025-06-09T16:00:00.000000000,0.71,0.0,0.0,0.0,0.0,0.0
240847,2025-06-09T17:00:00.000000000,0.7289999999999999,0.0,0.0,0.0,0.0,0.0
240847,2025-06-09T18:00:00.000000000,1.0579999999999998,0.0,0.0,0.0,0.0,0.0
240847,2025-06-09T19:00:00.000000000,1.293,0.0,0.0,0.0,0.0,0.0
240847,2025-06-09T20:00:00.000000000,1.192,0.0,0.0,0.0,0.0,0.0
240847,2025-06-09T21:00:00.000000000,1.4000000000000001,0.0,0.0,0.0,0.0,0.0
240847,2025-06-09T22:00:00.000000000,0.648,0.0,0.0,0.0,0.0,0.0
240847,2025-06-09T23:00:00.000000000,0.472,0.0,0.0,0.0,0.0,0.0
240847,2025-06-10T00:00:00.000000000,0.464,0.0,0.0,0.0,0.0,0.0
240847,2025-06-10T01:00:00.000000000,0.461,0.0,0.0,0.0,0.0,0.0
240847,2025-06-10T02:00:00.000000000,0.493,0.034,0.0,0.0,0.0,0.0
240847,2025-06-10T03:00:00.000000000,0.518,0.061,0.0,0.0,0.0,0.0
240847,2025-06-10T04:00:00.000000000,0.553,0.097,0.0,0.0,0.0,0.0
240847,2025-06-10T05:00:00.000000000,0.601,0.027,0.0,0.0,0.0,0.0
240847,2025-06-10T06:00:00.000000000,0.924,0.0,0.0,0.0,0.0,0.0
240847,2025-06-10T07:00:00.000000000,0.605,0.0,0.0,0.0,0.0,0.0
240847,2025-06-10T08:00:00.000000000,0.7539999999999999,0.0,0.0,0.153,0.0,0.0
240847,2025-06-10T09:00:00.000000000,0.993,0.0,0.0,0.39599999999999996,0.0,0.0
240847,2025-06-10T10:00:00.000000000,1.214,0.0,0.0,0.615,0.0,0.0
240847,2025-06-10T11:00:00.000000000,1.3860000000000001,0.0,0.0,0.7790000000000001,0.0,0.0
240847,2025-06-10T12:00:00.000000000,1.7289999999999999,0.0,0.0,0.813,0.0,0.0
240847,2025-06-10T13:00:00.000000000,1.758,0.0,0.0,0.945,0.0,0.0
240847,2025-06-10T14:00:00.000000000,1.53,0.0,0.0,0.9159999999999999,0.0,0.0
240847,2025-06-10T15:00:00.000000000,1.406,0.0,0.0,0.853,0.0,0.0
240847,2025-06-10T16:00:00.000000000,1.3699999999999999,0.0,0.0,0.867,0.0,0.0
240847,2025-06-10T17:00:00.000000000,1.161,0.0,0.0,0.667,0.0,0.0
240847,2025-06-10T18:00:00.000000000,1.142,0.0,0.0,0.42499999999999993,0.0,0.0
240847,2025-06-10T19:00:00.000000000,1.1480000000000001,0.0,0.0,0.319,0.0,0.0
240847,2025-06-10T20:00:00.000000000,0.895,0.0,0.0,0.159,0.0,0.0
240847,2025-06-10T21:00:00.000000000,0.7460000000000001,0.0,0.0,0.083,0.0,0.0
240847,2025-06-10T22:00:00.000000000,1.702,0.0,0.0,0.054,0.0,0.0
240847,2025-06-10T23:00:00.000000000,0.472,0.0,0.0,0.0,0.0,0.0
240847,2025-06-11T00:00:00.000000000,0.464,0.0,0.0,0.0,0.0,0.0
240847,2025-06-11T01:00:00.000000000,0.461,0.0,0.0,0.0,0.0,0.0
240847,2025-06-11T02:00:00.000000000,0.46,0.0,0.0,0.0,0.0,0.0
240847,2025-06-11T03:00:00.000000000,0.543,0.086,0.0,0.0,0.0,0.0
240847,2025-06-11T04:00:00.000000000,0.629,0.173,0.0,0.0,0.0,0.0
240847,2025-06-11T05:00:00.000000000,0.5740000000000001,0.116,0.0,0.0,0.0,0.0
240847,2025-06-11T06:00:00.000000000,0.47,0.007,0.0,0.0,0.0,0.0
240847,2025-06-11T07:00:00.000000000,0.5,0.0,0.0,0.0,0.0,0.0
240847,2025-06-11T08:00:00.000000000,0.6239999999999999,0.0,0.0,0.022,0.0,0.0
240847,2025-06-11T09:00:00.000000000,0.492,0.0,0.0,0.028999999999999998,0.0,0.0
240847,2025-06-11T10:00:00.000000000,0.74,0.0,0.0,0.278,0.0,0.0
240847,2025-06-11T11:00:00.000000000,1.098,0.0,0.0,0.395,0.0,0.0
240847,2025-06-11T12:00:00.000000000,1.3059999999999998,0.0,0.0,0.488,0.0,0.0
240847,2025-06-11T13:00:00.000000000,0.946,0.0,0.0,0.481,0.0,0.0
240847,2025-06-11T14:00:00.000000000,0.857,0.0,0.0,0.392,0.0,0.0
240847,2025-06-11T15:00:00.000000000,0.791,0.0,0.0,0.234,0.0,0.0
240847,2025-06-11T16:00:00.000000000,0.516,0.0,0.0,0.014,0.0,0.0
240847,2025-06-11T17:00:00.000000000,0.494,0.0,0.0,0.0,0.0,0.0
240847,2025-06-11T18:00:00.000000000,0.544,0.0,0.0,0.0,0.0,0.0
240847,2025-06-11T19:00:00.000000000,0.726,0.0,0.0,0.0,0.0,0.0
240847,2025-06-11T20:00:00.000000000,0.6759999999999999,0.0,0.0,0.0,0.0,0.0
240847,2025-06-11T21:00:00.000000000,0.76,0.095,0.0,0.0,0.0,0.0
240847,2025-06-11T22:00:00.000000000,0.829,0.295,0.0,0.0,0.0,0.0
240847,2025-06-11T23:00:00.000000000,0.7969999999999999,0.323,0.0,0.0,0.0,0.0
240847,2025-06-12T00:00:00.000000000,0.794,0.33099999999999996,0.0,0.0,0.0,0.0
240847,2025-06-12T01:00:00.000000000,1.168,0.388,0.0,0.0,0.0,0.0
240847,2025-06-12T02:00:00.000000000,0.894,0.434,0.0,0.0,0.0,0.0
240847,2025-06-12T03:00:00.000000000,0.908,0.452,0.0,0.0,0.0,0.0
240847,2025-06-12T04:00:00.000000000,0.9440000000000001,0.488,0.0,0.0,0.0,0.0
240847,2025-06-12T05:00:00.000000000,0.975,0.516,0.0,0.0,0.0,0.0
240847,2025-06-12T06:00:00.000000000,1.1760000000000002,0.499,0.0,0.0,0.0,0.0
240847,2025-06-12T07:00:00.000000000,1.2930000000000001,0.46699999999999997,0.0,0.0,0.0,0.0
240847,2025-06-12T08:00:00.000000000,0.963,0.496,0.0,0.0,0.0,0.0
240847,2025-06-12T09:00:00.000000000,0.916,0.454,0.0,0.0,0.0,0.0
240847,2025-06-12T10:00:00.000000000,0.887,0.426,0.0,0.0,0.0,0.0
240847,2025-06-12T11:00:00.000000000,0.878,0.41300000000000003,0.0,0.0,0.0,0.0
240847,2025-06-12T12:00:00.000000000,0.837,0.371,0.0,0.0,0.0,0.0
240847,2025-06-12T13:00:00.000000000,0.8069999999999999,0.34,0.0,0.0,0.0,0.0
240847,2025-06-12T14:00:00.000000000,0.786,0.322,0.0,0.0,0.0,0.0
240847,2025-06-12T15:00:00.000000000,0.866,0.39699999999999996,0.0,0.0,0.0,0.0
240847,2025-06-12T16:00:00.000000000,1.166,0.549,0.0,0.0,0.0,0.0
240847,2025-06-12T17:00:00.000000000,1.54,0.457,0.0,0.0,0.0,0.0
240847,2025-06-12T18:00:00.000000000,1.1909999999999998,0.412,0.0,0.0,0.0,0.0
240847,2025-06-12T19:00:00.000000000,1.17,0.443,0.0,0.0,0.0,0.0
240847,2025-06-12T20:00:00.000000000,1.198,0.461,0.0,0.0,0.0,0.0
240847,2025-06-12T21:00:00.000000000,1.318,0.545,0.0,0.0,0.0,0.0
240847,2025-06-12T22:00:00.000000000,1.609,0.679,0.0,0.0,0.0,0.0
240847,2025-06-12T23:00:00.000000000,1.116,0.643,0.0,0.0,0.0,0.0
240847,2025-06-13T00:00:00.000000000,1.086,0.622,0.0,0.0,0.0,0.0
240847,2025-06-13T01:00:00.000000000,1.093,0.631,0.0,0.0,0.0,0.0
240847,2025-06-13T02:00:00.000000000,1.1030000000000002,0.642,0.0,0.0,0.0,0.0
240847,2025-06-13T03:00:00.000000000,1.11,0.654,0.0,0.0,0.0,0.0
240847,2025-06-13T04:00:00.000000000,1.121,0.664,0.0,0.0,0.0,0.0
240847,2025-06-13T05:00:00.000000000,1.077,0.618,0.0,0.0,0.0,0.0
240847,2025-06-13T06:00:00.000000000,0.961,0.498,0.0,0.0,0.0,0.0
240847,2025-06-13T07:00:00.000000000,0.853,0.284,0.0,0.0,0.0,0.0
240847,2025-06-13T08:00:00.000000000,0.676,0.07600000000000001,0.0,0.0,0.0,0.0
240847,2025-06-13T09:00:00.000000000,0.594,0.0,0.0,0.0,0.0,0.0
240847,2025-06-13T10:00:00.000000000,1.672,0.0,0.0,0.0,0.0,0.0
240847,2025-06-13T11:00:00.000000000,0.5760000000000001,0.0,0.0,0.0,0.0,0.0
240847,2025-06-13T12:00:00.000000000,0.5770000000000001,0.0,0.0,0.0,0.0,0.0
240847,2025-06-13T13:00:00.000000000,0.786,0.0,0.0,0.0,0.0,0.0
240847,2025-06-13T14:00:00.000000000,0.464,0.0,0.0,0.0,0.0,0.0
240847,2025-06-13T15:00:00.000000000,0.47,0.0,0.0,0.0,0.0,0.0
240847,2025-06-13T16:00:00.000000000,0.502,0.0,0.0,0.0,0.0,0.0
240847,2025-06-13T17:00:00.000000000,0.494,0.0,0.0,0.0,0.0,0.0
240847,2025-06-13T18:00:00.000000000,1.077,0.0,0.0,0.0,0.0,0.0
240847,2025-06-13T19:00:00.000000000,4.06,0.0,0.0,0.0,0.0,0.0
240847,2025-06-13T20:00:00.000000000,1.02,0.0,0.0,0.0,0.0,0.0
240847,2025-06-13T21:00:00.000000000,0.6729999999999999,0.049,0.0,0.0,0.0,0.0
240847,2025-06-13T22:00:00.000000000,0.7529999999999999,0.26,0.0,0.0,0.0,0.0
240847,2025-06-13T23:00:00.000000000,0.762,0.28800000000000003,0.0,0.0,0.0,0.0
240847,2025-06-14T00:00:00.000000000,0.821,0.358,0.0,0.0,0.0,0.0
240847,2025-06-14T01:00:00.000000000,0.851,0.388,0.0,0.0,0.0,0.0
240847,2025-06-14T02:00:00.000000000,0.9,0.441,0.0,0.0,0.0,0.0
240847,2025-06-14T03:00:00.000000000,0.974,0.518,0.0,0.0,0.0,0.0
240847,2025-06-14T04:00:00.000000000,0.976,0.52,0.0,0.0,0.0,0.0
240847,2025-06-14T05:00:00.000000000,0.953,0.494,0.0,0.0,0.0,0.0
240847,2025-06-14T06:00:00.000000000,0.943,0.48,0.0,0.0,0.0,0.0
240847,2025-06-14T07:00:00.000000000,1.21,0.40900000000000003,0.0,0.0,0.0,0.0
240847,2025-06-14T08:00:00.000000000,0.7190000000000001,0.254,0.0,0.0,0.0,0.0
240847,2025-06-14T09:00:00.000000000,0.5740000000000001,0.109,0.0,0.0,0.0,0.0
240847,2025-06-14T10:00:00.000000000,0.8270000000000001,0.037,0.0,0.0,0.0,0.0
240847,2025-06-14T11:00:00.000000000,1.061,0.0,0.0,0.0,0.0,0.0
240847,2025-06-14T12:00:00.000000000,1.0710000000000002,0.0,0.0,0.0,0.0,0.0
240847,2025-06-14T13:00:00.000000000,0.745,0.0,0.0,0.0,0.0,0.0
240847,2025-06-14T14:00:00.000000000,0.723,0.0,0.0,0.0,0.0,0.0
240847,2025-06-14T15:00:00.000000000,1.149,0.0,0.0,0.051,0.0,0.0
240847,2025-06-14T16:00:00.000000000,0.974,0.0,0.0,0.072,0.0,0.0
240847,2025-06-14T17:00:00.000000000,0.501,0.0,0.0,0.008,0.0,0.0
240847,2025-06-14T18:00:00.000000000,0.6619999999999999,0.0,0.0,0.0,0.0,0.0
240847,2025-06-14T19:00:00.000000000,0.665,0.0,0.0,0.0,0.0,0.0
240847,2025-06-14T20:00:00.000000000,0.6759999999999999,0.0,0.0,0.0,0.0,0.0
240847,2025-06-14T21:00:00.000000000,0.695,0.0,0.0,0.0,0.0,0.0
240847,2025-06-14T22:00:00.000000000,0.905,0.095,0.0,0.0,0.0,0.0
240847,2025-06-14T23:00:00.000000000,0.613,0.141,0.0,0.0,0.0,0.0
240847,2025-06-15T00:00:00.000000000,0.646,0.182,0.0,0.0,0.0,0.0
240847,2025-06-15T01:00:00.000000000,0.698,0.236,0.0,0.0,0.0,0.0
240847,2025-06-15T02:00:00.000000000,0.7269999999999999,0.268,0.0,0.0,0.0,0.0
240847,2025-06-15T03:00:00.000000000,0.73,0.272,0.0,0.0,0.0,0.0
240847,2025-06-15T04:00:00.000000000,0.7489999999999999,0.29300000000000004,0.0,0.0,0.0,0.0
240847,2025-06-15T05:00:00.000000000,1.029,0.29600000000000004,0.0,0.0,0.0,0.0
240847,2025-06-15T06:00:00.000000000,1.28,0.253,0.0,0.0,0.0,0.0
240847,2025-06-15T07:00:00.000000000,0.732,0.198,0.0,0.0,0.0,0.0
240847,2025-06-15T08:00:00.000000000,0.7070000000000001,0.14,0.0,0.0,0.0,0.0
240847,2025-06-15T09:00:00.000000000,0.953,0.11399999999999999,0.0,0.0,0.0,0.0
240847,2025-06-15T10:00:00.000000000,0.641,0.079,0.0,0.0,0.0,0.0
240847,2025-06-15T11:00:00.000000000,0.528,0.062,0.0,0.0,0.0,0.0
240847,2025-06-15T12:00:00.000000000,0.531,0.065,0.0,0.0,0.0,0.0
240847,2025-06-15T13:00:00.000000000,0.502,0.034999999999999996,0.0,0.0,0.0,0.0
240847,2025-06-15T14:00:00.000000000,0.485,0.02,0.0,0.0,0.0,0.0
240847,2025-06-15T15:00:00.000000000,0.6070000000000001,0.008,0.0,0.0,0.0,0.0
240847,2025-06-15T16:00:00.000000000,0.638,0.026,0.0,0.0,0.0,0.0
240847,2025-06-15T17:00:00.000000000,0.683,0.013999999999999999,0.0,0.0,0.0,0.0
240847,2025-06-15T18:00:00.000000000,0.624,0.021,0.0,0.0,0.0,0.0
240847,2025-06-15T19:00:00.000000000,1.1239999999999999,0.049,0.0,0.0,0.0,0.0
240847,2025-06-15T20:00:00.000000000,0.8709999999999999,0.07300000000000001,0.0,0.0,0.0,0.0
240847,2025-06-15T21:00:00.000000000,0.764,0.10099999999999999,0.0,0.0,0.0,0.0
240847,2025-06-15T22:00:00.000000000,0.75,0.186,0.0,0.0,0.0,0.0
240847,2025-06-15T23:00:00.000000000,0.672,0.189,0.0,0.0,0.0,0.0
240847,2025-06-16T00:00:00.000000000,0.652,0.188,0.0,0.0,0.0,0.0
240847,2025-06-16T01:00:00.000000000,0.654,0.194,0.0,0.0,0.0,0.0
240847,2025-06-16T02:00:00.000000000,0.665,0.206,0.0,0.0,0.0,0.0
240847,2025-06-16T03:00:00.000000000,0.661,0.205,0.0,0.0,0.0,0.0
240847,2025-06-16T04:00:00.000000000,1.009,0.201,0.0,0.0,0.0,0.0
240847,2025-06-16T05:00:00.000000000,0.64,0.181,0.0,0.0,0.0,0.0
240847,2025-06-16T06:00:00.000000000,0.655,0.158,0.0,0.0,0.0,0.0
240847,2025-06-16T07:00:00.000000000,1.041,0.045,0.0,0.0,0.0,0.0
240847,2025-06-16T08:00:00.000000000,1.641,0.0,0.0,0.0,0.0,0.0
240847,2025-06-16T09:00:00.000000000,1.331,0.0,0.0,0.0,0.0,0.0
240847,2025-06-16T10:00:00.000000000,1.1300000000000001,0.0,0.0,0.005,0.0,0.0
240847,2025-06-16T11:00:00.000000000,2.0900000000000003,0.0,0.0,0.23299999999999998,0.0,0.0
240847,2025-06-16T12:00:00.000000000,0.893,0.0,0.0,0.28300000000000003,0.0,0.0
240847,2025-06-16T13:00:00.000000000,1.069,0.0,0.0,0.467,0.0,0.0
240847,2025-06-16T14:00:00.000000000,1.224,0.0,0.0,0.61,0.0,0.0
240847,2025-06-16T15:00:00.000000000,1.5270000000000001,0.0,0.0,0.74,0.0,0.0
240847,2025-06-16T16:00:00.000000000,1.212,0.0,0.0,0.7100000000000001,0.0,0.0
240847,2025-06-16T17:00:00.000000000,1.149,0.0,0.0,0.595,0.0,0.0
240847,2025-06-16T18:00:00.000000000,1.194,0.0,0.0,0.471,0.0,0.0
240847,2025-06-16T19:00:00.000000000,1.218,0.0,0.0,0.26699999999999996,0.0,0.0
240847,2025-06-16T20:00:00.000000000,1.22,0.0,0.0,0.151,0.0,0.0
240847,2025-06-16T21:00:00.000000000,0.5609999999999999,0.0,0.0,0.019,0.0,0.0
240847,2025-06-16T22:00:00.000000000,0.491,0.0,0.0,0.0,0.0,0.0
240847,2025-06-16T23:00:00.000000000,0.472,0.0,0.0,0.0,0.0,0.0
240847,2025-06-17T00:00:00.000000000,0.464,0.0,0.0,0.0,0.0,0.0
240847,2025-06-17T01:00:00.000000000,0.461,0.0,0.0,0.0,0.0,0.0
240847,2025-06-17T02:00:00.000000000,0.457,0.0,0.0,0.0,0.0,0.0
240847,2025-06-17T03:00:00.000000000,0.456,0.0,0.0,0.0,0.0,0.0
240847,2025-06-17T04:00:00.000000000,0.456,0.0,0.0,0.0,0.0,0.0
240847,2025-06-17T05:00:00.000000000,0.459,0.0,0.0,0.0,0.0,0.0
240847,2025-06-17T06:00:00.000000000,0.463,0.0,0.0,0.0,0.0,0.0
240847,2025-06-17T07:00:00.000000000,0.48700000000000004,0.0,0.0,0.022,0.0,0.0
240847,2025-06-17T08:00:00.000000000,0.694,0.0,0.0,0.22899999999999998,0.0,0.0
240847,2025-06-17T09:00:00.000000000,1.0110000000000001,0.0,0.0,0.449,0.0,0.0
240847,2025-06-17T10:00:00.000000000,1.193,0.0,0.0,0.5950000000000001,0.0,0.0
240847,2025-06-17T11:00:00.000000000,1.1320000000000001,0.0,0.0,0.6659999999999999,0.0,0.0
240847,2025-06-17T12:00:00.000000000,1.456,0.0,0.0,0.7429999999999999,0.0,0.0
240847,2025-06-17T13:00:00.000000000,1.4460000000000002,0.0,0.0,0.863,0.0,0.0
240847,2025-06-17T14:00:00.000000000,1.629,0.0,0.0,1.0470000000000002,0.0,0.0
240847,2025-06-17T15:00:00.000000000,1.793,0.0,0.0,1.152,0.0,0.0
240847,2025-06-17T16:00:00.000000000,1.7650000000000001,0.0,0.0,1.054,0.0,0.0
240847,2025-06-17T17:00:00.000000000,1.553,0.0,0.0,0.823,0.0,0.0
240847,2025-06-17T18:00:00.000000000,1.3470000000000002,0.0,0.0,0.624,0.0,0.0
240847,2025-06-17T19:00:00.000000000,1.206,0.0,0.0,0.482,0.0,0.0
240847,2025-06-17T20:00:00.000000000,1.08,0.0,0.0,0.343,0.0,0.0
240847,2025-06-17T21:00:00.000000000,1.2480000000000002,0.0,0.0,0.22299999999999998,0.0,0.0
240847,2025-06-17T22:00:00.000000000,0.653,0.0,0.0,0.094,0.0,0.0
240847,2025-06-17T23:00:00.000000000,0.5,0.0,0.0,0.027000000000000003,0.0,0.0
240847,2025-06-18T00:00:00.000000000,0.464,0.0,0.0,0.0,0.0,0.0
240847,2025-06-18T01:00:00.000000000,0.461,0.0,0.0,0.0,0.0,0.0
240847,2025-06-18T02:00:00.000000000,0.46,0.0,0.0,0.0,0.0,0.0
240847,2025-06-18T03:00:00.000000000,0.457,0.0,0.0,0.0,0.0,0.0
240847,2025-06-18T04:00:00.000000000,0.459,0.003,0.0,0.0,0.0,0.0
240847,2025-06-18T05:00:00.000000000,0.46,0.001,0.0,0.0,0.0,0.0
240847,2025-06-18T06:00:00.000000000,0.496,0.0,0.0,0.0,0.0,0.0
240847,2025-06-18T07:00:00.000000000,1.0350000000000001,0.0,0.0,0.0,0.0,0.0
240847,2025-06-18T08:00:00.000000000,1.327,0.0,0.0,0.005,0.0,0.0
240847,2025-06-18T09:00:00.000000000,0.9179999999999999,0.0,0.0,0.142,0.0,0.0
240847,2025-06-18T10:00:00.000000000,1.201,0.0,0.0,0.201,0.0,0.0
240847,2025-06-18T11:00:00.000000000,0.8320000000000001,0.0,0.0,0.169,0.0,0.0
240847,2025-06-18T12:00:00.000000000,0.8220000000000001,0.0,0.0,0.21300000000000002,0.0,0.0
240847,2025-06-18T13:00:00.000000000,7.7989999999999995,0.0,0.0,0.184,0.0,0.0
240847,2025-06-18T14:00:00.000000000,1.335,0.0,0.0,0.258,0.0,0.0
240847,2025-06-18T15:00:00.000000000,0.841,0.0,0.0,0.20400000000000001,0.0,0.0
240847,2025-06-18T16:00:00.000000000,0.597,0.0,0.0,0.095,0.0,0.0
240847,2025-06-18T17:00:00.000000000,0.586,0.0,0.0,0.09500000000000001,0.0,0.0
240847,2025-06-18T18:00:00.000000000,0.598,0.0,0.0,0.0,0.0,0.0
240847,2025-06-18T19:00:00.000000000,1.375,0.0,0.0,0.0,0.0,0.0
240847,2025-06-18T20:00:00.000000000,2.766,0.0,0.0,0.058,0.0,0.0
240847,2025-06-18T21:00:00.000000000,0.8450000000000001,0.0,0.0,0.0,0.0,0.0
240847,2025-06-18T22:00:00.000000000,0.545,0.0,0.0,0.0,0.0,0.0
240847,2025-06-18T23:00:00.000000000,0.473,0.0,0.0,0.0,0.0,0.0
240847,2025-06-19T00:00:00.000000000,0.464,0.0,0.0,0.0,0.0,0.0
240847,2025-06-19T01:00:00.000000000,0.461,0.0,0.0,0.0,0.0,0.0
240847,2025-06-19T02:00:00.000000000,0.472,0.014,0.0,0.0,0.0,0.0
240847,2025-06-19T03:00:00.000000000,0.528,0.07100000000000001,0.0,0.0,0.0,0.0
240847,2025-06-19T04:00:00.000000000,0.576,0.12,0.0,0.0,0.0,0.0
240847,2025-06-19T05:00:00.000000000,0.723,0.15000000000000002,0.0,0.0,0.0,0.0
240847,2025-06-19T06:00:00.000000000,1.1019999999999999,0.11099999999999999,0.0,0.0,0.0,0.0
240847,2025-06-19T07:00:00.000000000,0.533,0.068,0.0,0.0,0.0,0.0
240847,2025-06-19T08:00:00.000000000,0.489,0.022999999999999996,0.0,0.0,0.0,0.0
240847,2025-06-19T09:00:00.000000000,0.464,0.0,0.0,0.0,0.0,0.0
240847,2025-06-19T10:00:00.000000000,0.461,0.0,0.0,0.0,0.0,0.0
240847,2025-06-19T11:00:00.000000000,1.7,0.0,0.0,0.0,0.0,0.0
240847,2025-06-19T12:00:00.000000000,0.608,0.0,0.0,0.0,0.0,0.0
240847,2025-06-19T13:00:00.000000000,0.636,0.0,0.0,0.035,0.0,0.0
240847,2025-06-19T14:00:00.000000000,0.589,0.0,0.0,0.091,0.0,0.0
240847,2025-06-19T15:00:00.000000000,0.6359999999999999,0.0,0.0,0.123,0.0,0.0
240847,2025-06-19T16:00:00.000000000,0.544,0.0,0.0,0.043000000000000003,0.0,0.0
240847,2025-06-19T17:00:00.000000000,0.848,0.0,0.0,0.0,0.0,0.0
240847,2025-06-19T18:00:00.000000000,0.7469999999999999,0.0,0.0,0.0,0.0,0.0
240847,2025-06-19T19:00:00.000000000,0.726,0.0,0.0,0.0,0.0,0.0
240847,2025-06-19T20:00:00.000000000,0.673,0.0,0.0,0.0,0.0,0.0
240847,2025-06-19T21:00:00.000000000,0.478,0.0,0.0,0.0,0.0,0.0
240847,2025-06-19T22:00:00.000000000,0.494,0.0,0.0,0.0,0.0,0.0
240847,2025-06-19T23:00:00.000000000,0.492,0.019,0.0,0.0,0.0,0.0
240847,2025-06-20T00:00:00.000000000,0.561,0.098,0.0,0.0,0.0,0.0
240847,2025-06-20T01:00:00.000000000,0.614,0.153,0.0,0.0,0.0,0.0
240847,2025-06-20T02:00:00.000000000,0.66,0.19899999999999998,0.0,0.0,0.0,0.0
240847,2025-06-20T03:00:00.000000000,0.7209999999999999,0.263,0.0,0.0,0.0,0.0
240847,2025-06-20T04:00:00.000000000,0.7689999999999999,0.313,0.0,0.0,0.0,0.0
240847,2025-06-20T05:00:00.000000000,0.658,0.199,0.0,0.0,0.0,0.0
240847,2025-06-20T06:00:00.000000000,0.472,0.009,0.0,0.0,0.0,0.0
240847,2025-06-20T07:00:00.000000000,0.585,0.0,0.0,0.0,0.0,0.0
240847,2025-06-20T08:00:00.000000000,0.784,0.0,0.0,0.0,0.0,0.0
240847,2025-06-20T09:00:00.000000000,0.594,0.0,0.0,0.0,0.0,0.0
240847,2025-06-20T10:00:00.000000000,1.0550000000000002,0.0,0.0,0.028999999999999998,0.0,0.0
240847,2025-06-20T11:00:00.000000000,0.656,0.0,0.0,0.19,0.0,0.0
240847,2025-06-20T12:00:00.000000000,0.849,0.0,0.0,0.381,0.0,0.0
240847,2025-06-20T13:00:00.000000000,1.001,0.0,0.0,0.534,0.0,0.0
240847,2025-06-20T14:00:00.000000000,1.475,0.0,0.0,0.659,0.0,0.0
240847,2025-06-20T15:00:00.000000000,1.161,0.0,0.0,0.5830000000000001,0.0,0.0
240847,2025-06-20T16:00:00.000000000,1.044,0.0,0.0,0.542,0.0,0.0
240847,2025-06-20T17:00:00.000000000,0.995,0.0,0.0,0.504,0.0,0.0
240847,2025-06-20T18:00:00.000000000,1.073,0.0,0.0,0.41100000000000003,0.0,0.0
240847,2025-06-20T19:00:00.000000000,1.0510000000000002,0.0,0.0,0.326,0.0,0.0
240847,2025-06-20T20:00:00.000000000,0.9299999999999999,0.0,0.0,0.19399999999999998,0.0,0.0
240847,2025-06-20T21:00:00.000000000,0.7160000000000001,0.0,0.0,0.052,0.0,0.0
240847,2025-06-20T22:00:00.000000000,0.535,0.0,0.0,0.0,0.0,0.0
240847,2025-06-20T23:00:00.000000000,0.473,0.0,0.0,0.0,0.0,0.0
240847,2025-06-21T00:00:00.000000000,0.464,0.0,0.0,0.0,0.0,0.0
240847,2025-06-21T01:00:00.000000000,0.461,0.0,0.0,0.0,0.0,0.0
240847,2025-06-21T02:00:00.000000000,0.463,0.004,0.0,0.0,0.0,0.0
240847,2025-06-21T03:00:00.000000000,0.55,0.094,0.0,0.0,0.0,0.0
240847,2025-06-21T04:00:00.000000000,0.624,0.169,0.0,0.0,0.0,0.0
240847,2025-06-21T05:00:00.000000000,0.884,0.08700000000000001,0.0,0.0,0.0,0.0
240847,2025-06-21T06:00:00.000000000,0.5780000000000001,0.0,0.0,0.0,0.0,0.0
240847,2025-06-21T07:00:00.000000000,0.533,0.0,0.0,0.0,0.0,0.0
240847,2025-06-21T08:00:00.000000000,0.48500000000000004,0.0,0.0,0.021,0.0,0.0
240847,2025-06-21T09:00:00.000000000,0.617,0.0,0.0,0.155,0.0,0.0
240847,2025-06-21T10:00:00.000000000,0.722,0.0,0.0,0.26,0.0,0.0
240847,2025-06-21T11:00:00.000000000,1.1860000000000002,0.0,0.0,0.352,0.0,0.0
240847,2025-06-21T12:00:00.000000000,0.878,0.0,0.0,0.412,0.0,0.0
240847,2025-06-21T13:00:00.000000000,0.9430000000000001,0.0,0.0,0.476,0.0,0.0
240847,2025-06-21T14:00:00.000000000,1.017,0.0,0.0,0.552,0.0,0.0
240847,2025-06-21T15:00:00.000000000,1.057,0.0,0.0,0.587,0.0,0.0
240847,2025-06-21T16:00:00.000000000,1.0630000000000002,0.0,0.0,0.5609999999999999,0.0,0.0
240847,2025-06-21T17:00:00.000000000,0.976,0.0,0.0,0.484,0.0,0.0
240847,2025-06-21T18:00:00.000000000,0.889,0.0,0.0,0.34500000000000003,0.0,0.0
240847,2025-06-21T19:00:00.000000000,0.9319999999999999,0.0,0.0,0.206,0.0,0.0
240847,2025-06-21T20:00:00.000000000,0.8400000000000001,0.0,0.0,0.103,0.0,0.0
240847,2025-06-21T21:00:00.000000000,0.6920000000000001,0.0,0.0,0.028,0.0,0.0
240847,2025-06-21T22:00:00.000000000,0.494,0.0,0.0,0.0,0.0,0.0
240847,2025-06-21T23:00:00.000000000,0.473,0.0,0.0,0.0,0.0,0.0
240847,2025-06-22T00:00:00.000000000,0.464,0.0,0.0,0.0,0.0,0.0
240847,2025-06-22T01:00:00.000000000,0.461,0.0,0.0,0.0,0.0,0.0
240847,2025-06-22T02:00:00.000000000,0.46,0.0,0.0,0.0,0.0,0.0
240847,2025-06-22T03:00:00.000000000,0.757,0.0,0.0,0.0,0.0,0.0
240847,2025-06-22T04:00:00.000000000,0.456,0.0,0.0,0.0,0.0,0.0
240847,2025-06-22T05:00:00.000000000,0.459,0.0,0.0,0.0,0.0,0.0
240847,2025-06-22T06:00:00.000000000,0.677,0.0,0.0,0.0,0.0,0.0
240847,2025-06-22T07:00:00.000000000,1.175,0.0,0.0,0.0,0.0,0.0
240847,2025-06-22T08:00:00.000000000,8.657,0.0,0.0,0.0,0.0,0.0
240847,2025-06-22T09:00:00.000000000,2.025,0.0,0.0,0.07100000000000001,0.0,0.0
240847,2025-06-22T10:00:00.000000000,1.117,0.0,0.0,0.208,0.0,0.0
240847,2025-06-22T11:00:00.000000000,1.2890000000000001,0.0,0.0,0.335,0.0,0.0
240847,2025-06-22T12:00:00.000000000,1.267,0.0,0.0,0.471,0.0,0.0
240847,2025-06-22T13:00:00.000000000,1.165,0.0,0.0,0.562,0.0,0.0
240847,2025-06-22T14:00:00.000000000,1.729,0.0,0.0,0.647,0.0,0.0
240847,2025-06-22T15:00:00.000000000,1.7770000000000001,0.0,0.0,0.69,0.0,0.0
240847,2025-06-22T16:00:00.000000000,2.2150000000000003,0.0,0.0,0.7270000000000001,0.0,0.0
240847,2025-06-22T17:00:00.000000000,1.5350000000000001,0.0,0.0,0.649,0.0,0.0
240847,2025-06-22T18:00:00.000000000,1.6689999999999998,0.0,0.0,0.484,0.0,0.0
240847,2025-06-22T19:00:00.000000000,1.1720000000000002,0.0,0.0,0.327,0.0,0.0
240847,2025-06-22T20:00:00.000000000,0.8460000000000001,0.0,0.0,0.17300000000000001,0.0,0.0
240847,2025-06-22T21:00:00.000000000,0.547,0.0,0.0,0.06899999999999999,0.0,0.0
240847,2025-06-22T22:00:00.000000000,0.502,0.0,0.0,0.007,0.0,0.0
240847,2025-06-22T23:00:00.000000000,0.473,0.0,0.0,0.0,0.0,0.0
240847,2025-06-23T00:00:00.000000000,0.464,0.0,0.0,0.0,0.0,0.0
240847,2025-06-23T01:00:00.000000000,0.461,0.0,0.0,0.0,0.0,0.0
240847,2025-06-23T02:00:00.000000000,0.457,0.0,0.0,0.0,0.0,0.0
240847,2025-06-23T03:00:00.000000000,0.456,0.0,0.0,0.0,0.0,0.0
240847,2025-06-23T04:00:00.000000000,0.456,0.0,0.0,0.0,0.0,0.0
240847,2025-06-23T05:00:00.000000000,0.459,0.0,0.0,0.0,0.0,0.0
240847,2025-06-23T06:00:00.000000000,0.463,0.0,0.0,0.0,0.0,0.0
240847,2025-06-23T07:00:00.000000000,0.464,0.0,0.0,0.0,0.0,0.0
240847,2025-06-23T08:00:00.000000000,0.464,0.0,0.0,0.0,0.0,0.0
240847,2025-06-23T09:00:00.000000000,0.9219999999999999,0.0,0.0,0.07,0.0,0.0
240847,2025-06-23T10:00:00.000000000,1.124,0.0,0.0,0.23199999999999998,0.0,0.0
240847,2025-06-23T11:00:00.000000000,1.057,0.0,0.0,0.449,0.0,0.0
240847,2025-06-23T12:00:00.000000000,1.2,0.0,0.0,0.5900000000000001,0.0,0.0
240847,2025-06-23T13:00:00.000000000,1.353,0.0,0.0,0.7489999999999999,0.0,0.0
240847,2025-06-23T14:00:00.000000000,3.003,0.0,0.0,0.9420000000000001,0.0,0.0
240847,2025-06-23T15:00:00.000000000,5.998000000000001,0.0,0.0,1.096,0.0,0.0
240847,2025-06-23T16:00:00.000000000,1.842,0.0,0.0,0.857,0.0,0.0
240847,2025-06-23T17:00:00.000000000,1.4699999999999998,0.0,0.0,0.7409999999999999,0.0,0.0
240847,2025-06-23T18:00:00.000000000,1.326,0.0,0.0,0.603,0.0,0.0
240847,2025-06-23T19:00:00.000000000,1.2879999999999998,0.0,0.0,0.44799999999999995,0.0,0.0
240847,2025-06-23T20:00:00.000000000,1.3559999999999999,0.0,0.0,0.308,0.0,0.0
240847,2025-06-23T21:00:00.000000000,0.685,0.0,0.0,0.143,0.0,0.0
240847,2025-06-23T22:00:00.000000000,0.5,0.0,0.0,0.009,0.0,0.0
240847,2025-06-23T23:00:00.000000000,0.472,0.0,0.0,0.0,0.0,0.0
240847,2025-06-24T00:00:00.000000000,0.464,0.0,0.0,0.0,0.0,0.0
240847,2025-06-24T01:00:00.000000000,0.461,0.0,0.0,0.0,0.0,0.0
240847,2025-06-24T02:00:00.000000000,0.457,0.0,0.0,0.0,0.0,0.0
240847,2025-06-24T03:00:00.000000000,0.456,0.0,0.0,0.0,0.0,0.0
240847,2025-06-24T04:00:00.000000000,0.489,0.033,0.0,0.0,0.0,0.0
240847,2025-06-24T05:00:00.000000000,0.46799999999999997,0.009,0.0,0.0,0.0,0.0
240847,2025-06-24T06:00:00.000000000,0.463,0.0,0.0,0.0,0.0,0.0
240847,2025-06-24T07:00:00.000000000,0.47700000000000004,0.0,0.0,0.013,0.0,0.0
240847,2025-06-24T08:00:00.000000000,0.698,0.0,0.0,0.23299999999999998,0.0,0.0
240847,2025-06-24T09:00:00.000000000,2.201,0.0,0.0,0.543,0.0,0.0
240847,2025-06-24T10:00:00.000000000,1.196,0.0,0.0,0.5980000000000001,0.0,0.0
240847,2025-06-24T11:00:00.000000000,1.28,0.0,0.0,0.6719999999999999,0.0,0.0
240847,2025-06-24T12:00:00.000000000,1.641,0.0,0.0,0.7310000000000001,0.0,0.0
240847,2025-06-24T13:00:00.000000000,1.379,0.0,0.0,0.7750000000000001,0.0,0.0
240847,2025-06-24T14:00:00.000000000,1.424,0.0,0.0,0.782,0.0,0.0
240847,2025-06-24T15:00:00.000000000,2.522,0.0,0.0,0.885,0.0,0.0
240847,2025-06-24T16:00:00.000000000,2.024,0.0,0.0,0.849,0.0,0.0
240847,2025-06-24T17:00:00.000000000,1.471,0.0,0.0,0.7420000000000001,0.0,0.0
240847,2025-06-24T18:00:00.000000000,1.568,0.0,0.0,0.614,0.0,0.0
240847,2025-06-24T19:00:00.000000000,1.4749999999999999,0.0,0.0,0.42399999999999993,0.0,0.0
240847,2025-06-24T20:00:00.000000000,0.976,0.0,0.0,0.241,0.0,0.0
240847,2025-06-24T21:00:00.000000000,0.6930000000000001,0.0,0.0,0.11,0.0,0.0
240847,2025-06-24T22:00:00.000000000,0.498,0.0,0.0,0.007,0.0,0.0
240847,2025-06-24T23:00:00.000000000,0.472,0.0,0.0,0.0,0.0,0.0
240847,2025-06-25T00:00:00.000000000,0.464,0.0,0.0,0.0,0.0,0.0
240847,2025-06-25T01:00:00.000000000,0.461,0.0,0.0,0.0,0.0,0.0
240847,2025-06-25T02:00:00.000000000,0.46,0.0,0.0,0.0,0.0,0.0
240847,2025-06-25T03:00:00.000000000,0.457,0.0,0.0,0.0,0.0,0.0
240847,2025-06-25T04:00:00.000000000,0.456,0.0,0.0,0.0,0.0,0.0
240847,2025-06-25T05:00:00.000000000,0.5730000000000001,0.0,0.0,0.0,0.0,0.0
240847,2025-06-25T06:00:00.000000000,1.038,0.0,0.0,0.0,0.0,0.0
240847,2025-06-25T07:00:00.000000000,0.64,0.0,0.0,0.0,0.0,0.0
240847,2025-06-25T08:00:00.000000000,1.082,0.0,0.0,0.133,0.0,0.0
240847,2025-06-25T09:00:00.000000000,0.9739999999999999,0.0,0.0,0.30500000000000005,0.0,0.0
240847,2025-06-25T10:00:00.000000000,0.902,0.0,0.0,0.438,0.0,0.0
240847,2025-06-25T11:00:00.000000000,1.013,0.0,0.0,0.547,0.0,0.0
240847,2025-06-25T12:00:00.000000000,1.086,0.0,0.0,0.62,0.0,0.0
240847,2025-06-25T13:00:00.000000000,1.162,0.0,0.0,0.696,0.0,0.0
240847,2025-06-25T14:00:00.000000000,1.329,0.0,0.0,0.7859999999999999,0.0,0.0
240847,2025-06-25T15:00:00.000000000,1.506,0.0,0.0,0.868,0.0,0.0
240847,2025-06-25T16:00:00.000000000,6.569999999999999,0.0,0.0,0.902,0.0,0.0
240847,2025-06-25T17:00:00.000000000,1.69,0.0,0.0,0.7809999999999999,0.0,0.0
240847,2025-06-25T18:00:00.000000000,1.345,0.0,0.0,0.621,0.0,0.0
240847,2025-06-25T19:00:00.000000000,1.608,0.0,0.0,0.43299999999999994,0.0,0.0
240847,2025-06-25T20:00:00.000000000,1.4249999999999998,0.0,0.0,0.291,0.0,0.0
240847,2025-06-25T21:00:00.000000000,0.8239999999999998,0.0,0.0,0.159,0.0,0.0
240847,2025-06-25T22:00:00.000000000,0.5680000000000001,0.0,0.0,0.035,0.0,0.0
240847,2025-06-25T23:00:00.000000000,0.473,0.0,0.0,0.0,0.0,0.0
240847,2025-06-26T00:00:00.000000000,0.464,0.0,0.0,0.0,0.0,0.0
240847,2025-06-26T01:00:00.000000000,0.461,0.0,0.0,0.0,0.0,0.0
240847,2025-06-26T02:00:00.000000000,0.46,0.0,0.0,0.0,0.0,0.0
240847,2025-06-26T03:00:00.000000000,0.457,0.0,0.0,0.0,0.0,0.0
240847,2025-06-26T04:00:00.000000000,0.456,0.0,0.0,0.0,0.0,0.0
240847,2025-06-26T05:00:00.000000000,0.7010000000000001,0.0,0.0,0.0,0.0,0.0
240847,2025-06-26T06:00:00.000000000,0.543,0.0,0.0,0.0,0.0,0.0
240847,2025-06-26T07:00:00.000000000,0.464,0.0,0.0,0.0,0.0,0.0
240847,2025-06-26T08:00:00.000000000,0.517,0.0,0.0,0.052000000000000005,0.0,0.0
240847,2025-06-26T09:00:00.000000000,0.73,0.0,0.0,0.265,0.0,0.0
240847,2025-06-26T10:00:00.000000000,0.919,0.0,0.0,0.455,0.0,0.0
240847,2025-06-26T11:00:00.000000000,1.005,0.0,0.0,0.54,0.0,0.0
240847,2025-06-26T12:00:00.000000000,1.07,0.0,0.0,0.605,0.0,0.0
240847,2025-06-26T13:00:00.000000000,1.196,0.0,0.0,0.728,0.0,0.0
240847,2025-06-26T14:00:00.000000000,1.3530000000000002,0.0,0.0,0.887,0.0,0.0
240847,2025-06-26T15:00:00.000000000,1.466,0.0,0.0,0.995,0.0,0.0
240847,2025-06-26T16:00:00.000000000,1.3820000000000001,0.0,0.0,0.8799999999999999,0.0,0.0
240847,2025-06-26T17:00:00.000000000,1.215,0.0,0.0,0.7200000000000001,0.0,0.0
240847,2025-06-26T18:00:00.000000000,1.053,0.0,0.0,0.5680000000000001,0.0,0.0
240847,2025-06-26T19:00:00.000000000,0.8679999999999999,0.0,0.0,0.384,0.0,0.0
240847,2025-06-26T20:00:00.000000000,1.0350000000000001,0.0,0.0,0.298,0.0,0.0
240847,2025-06-26T21:00:00.000000000,0.826,0.0,0.0,0.20199999999999999,0.0,0.0
240847,2025-06-26T22:00:00.000000000,0.8690000000000001,0.0,0.0,0.08600000000000001,0.0,0.0
240847,2025-06-26T23:00:00.000000000,0.516,0.0,0.0,0.041,0.0,0.0
240847,2025-06-27T00:00:00.000000000,0.471,0.0,0.0,0.007,0.0,0.0
240847,2025-06-27T01:00:00.000000000,0.8200000000000001,0.0,0.0,0.0,0.0,0.0
240847,2025-06-27T02:00:00.000000000,0.514,0.0,0.0,0.0,0.0,0.0
240847,2025-06-27T03:00:00.000000000,0.457,0.0,0.0,0.0,0.0,0.0
240847,2025-06-27T04:00:00.000000000,0.441,0.0,0.0,0.0,0.0,0.0
240847,2025-06-27T05:00:00.000000000,1.534,0.0,0.0,0.0,0.0,0.0
240847,2025-06-27T06:00:00.000000000,7.068,0.0,0.0,0.029,0.0,0.0
240847,2025-06-27T07:00:00.000000000,0.784,0.0,0.0,0.181,0.0,0.0
240847,2025-06-27T08:00:00.000000000,1.457,0.0,0.0,0.382,0.0,0.0
240847,2025-06-27T09:00:00.000000000,1.076,0.0,0.0,0.557,0.0,0.0
240847,2025-06-27T10:00:00.000000000,1.153,0.0,0.0,0.6910000000000001,0.0,0.0
240847,2025-06-27T11:00:00.000000000,1.2469999999999999,0.0,0.0,0.7830000000000001,0.0,0.0
240847,2025-06-27T12:00:00.000000000,1.3840000000000001,0.0,0.0,0.88,0.0,0.0
240847,2025-06-27T13:00:00.000000000,1.9779999999999998,0.0,0.0,0.978,0.0,0.0
240847,2025-06-27T14:00:00.000000000,1.512,0.0,0.0,1.0470000000000002,0.0,0.0
240847,2025-06-27T15:00:00.000000000,1.564,0.0,0.0,1.093,0.0,0.0
240847,2025-06-27T16:00:00.000000000,1.3619999999999999,0.0,0.0,0.859,0.0,0.0
240847,2025-06-27T17:00:00.000000000,1.2489999999999999,0.0,0.0,0.635,0.0,0.0
240847,2025-06-27T18:00:00.000000000,1.223,0.0,0.0,0.499,0.0,0.0
240847,2025-06-27T19:00:00.000000000,1.094,0.0,0.0,0.36800000000000005,0.0,0.0
240847,2025-06-27T20:00:00.000000000,1.0070000000000001,0.0,0.0,0.27,0.0,0.0
240847,2025-06-27T21:00:00.000000000,0.837,0.0,0.0,0.17400000000000002,0.0,0.0
240847,2025-06-27T22:00:00.000000000,0.5720000000000001,0.0,0.0,0.039,0.0,0.0
240847,2025-06-27T23:00:00.000000000,0.473,0.0,0.0,0.0,0.0,0.0
240847,2025-06-28T00:00:00.000000000,0.464,0.0,0.0,0.0,0.0,0.0
240847,2025-06-28T01:00:00.000000000,0.461,0.0,0.0,0.0,0.0,0.0
240847,2025-06-28T02:00:00.000000000,0.46,0.0,0.0,0.0,0.0,0.0
240847,2025-06-28T03:00:00.000000000,0.457,0.0,0.0,0.0,0.0,0.0
240847,2025-06-28T04:00:00.000000000,0.456,0.0,0.0,0.0,0.0,0.0
240847,2025-06-28T05:00:00.000000000,0.459,0.0,0.0,0.0,0.0,0.0
240847,2025-06-28T06:00:00.000000000,0.999,0.0,0.0,0.0,0.0,0.0
240847,2025-06-28T07:00:00.000000000,0.605,0.0,0.0,0.0,0.0,0.0
240847,2025-06-28T08:00:00.000000000,0.602,0.0,0.0,0.0,0.0,0.0
240847,2025-06-28T09:00:00.000000000,0.975,0.0,0.0,0.065,0.0,0.0
240847,2025-06-28T10:00:00.000000000,0.6359999999999999,0.0,0.0,0.17500000000000002,0.0,0.0
240847,2025-06-28T11:00:00.000000000,0.829,0.0,0.0,0.36200000000000004,0.0,0.0
240847,2025-06-28T12:00:00.000000000,1.013,0.0,0.0,0.546,0.0,0.0
240847,2025-06-28T13:00:00.000000000,1.536,0.0,0.0,0.681,0.0,0.0
240847,2025-06-28T14:00:00.000000000,1.256,0.0,0.0,0.791,0.0,0.0
240847,2025-06-28T15:00:00.000000000,1.354,0.0,0.0,0.884,0.0,0.0
240847,2025-06-28T16:00:00.000000000,1.29,0.0,0.0,0.788,0.0,0.0
240847,2025-06-28T17:00:00.000000000,1.195,0.0,0.0,0.702,0.0,0.0
240847,2025-06-28T18:00:00.000000000,6.825,0.0,0.0,0.567,0.0,0.0
240847,2025-06-28T19:00:00.000000000,4.693999999999999,0.0,0.0,0.389,0.0,0.0
240847,2025-06-28T20:00:00.000000000,0.983,0.0,0.0,0.246,0.0,0.0
240847,2025-06-28T21:00:00.000000000,0.7689999999999999,0.0,0.0,0.106,0.0,0.0
240847,2025-06-28T22:00:00.000000000,0.499,0.0,0.0,0.005,0.0,0.0
240847,2025-06-28T23:00:00.000000000,0.835,0.0,0.0,0.0,0.0,0.0
240847,2025-06-29T00:00:00.000000000,0.464,0.0,0.0,0.0,0.0,0.0
240847,2025-06-29T01:00:00.000000000,0.461,0.0,0.0,0.0,0.0,0.0
240847,2025-06-29T02:00:00.000000000,0.46,0.0,0.0,0.0,0.0,0.0
240847,2025-06-29T03:00:00.000000000,0.457,0.0,0.0,0.0,0.0,0.0
240847,2025-06-29T04:00:00.000000000,0.456,0.0,0.0,0.0,0.0,0.0
240847,2025-06-29T05:00:00.000000000,0.459,0.0,0.0,0.0,0.0,0.0
240847,2025-06-29T06:00:00.000000000,0.804,0.0,0.0,0.0,0.0,0.0
240847,2025-06-29T07:00:00.000000000,0.588,0.0,0.0,0.0,0.0,0.0
240847,2025-06-29T08:00:00.000000000,0.464,0.0,0.0,0.0,0.0,0.0
240847,2025-06-29T09:00:00.000000000,0.464,0.0,0.0,0.0,0.0,0.0
240847,2025-06-29T10:00:00.000000000,0.461,0.0,0.0,0.0,0.0,0.0
240847,2025-06-29T11:00:00.000000000,0.463,0.0,0.0,0.0,0.0,0.0
240847,2025-06-29T12:00:00.000000000,0.464,0.0,0.0,0.0,0.0,0.0
240847,2025-06-29T13:00:00.000000000,0.492,0.0,0.0,0.026999999999999996,0.0,0.0
240847,2025-06-29T14:00:00.000000000,0.529,0.0,0.0,0.065,0.0,0.0
240847,2025-06-29T15:00:00.000000000,0.553,0.0,0.0,0.083,0.0,0.0
240847,2025-06-29T16:00:00.000000000,0.73,0.0,0.0,0.119,0.0,0.0
240847,2025-06-29T17:00:00.000000000,2.633,0.0,0.0,0.34099999999999997,0.0,0.0
240847,2025-06-29T18:00:00.000000000,3.465,0.0,0.0,0.398,0.0,0.0
240847,2025-06-29T19:00:00.000000000,1.389,0.0,0.0,0.156,0.0,0.0
240847,2025-06-29T20:00:00.000000000,1.115,0.0,0.0,0.003,0.0,0.0
240847,2025-06-29T21:00:00.000000000,0.665,0.0,0.0,0.0,0.0,0.0
240847,2025-06-29T22:00:00.000000000,0.925,0.0,0.0,0.0,0.0,0.0
240847,2025-06-29T23:00:00.000000000,0.493,0.0,0.0,0.0,0.0,0.0
240847,2025-06-30T00:00:00.000000000,0.464,0.0,0.0,0.0,0.0,0.0
240847,2025-06-30T01:00:00.000000000,0.47200000000000003,0.011,0.0,0.0,0.0,0.0
240847,2025-06-30T02:00:00.000000000,0.549,0.091,0.0,0.0,0.0,0.0
240847,2025-06-30T03:00:00.000000000,0.614,0.15700000000000003,0.0,0.0,0.0,0.0
240847,2025-06-30T04:00:00.000000000,0.632,0.17600000000000002,0.0,0.0,0.0,0.0
240847,2025-06-30T05:00:00.000000000,0.532,0.07300000000000001,0.0,0.0,0.0,0.0
240847,2025-06-30T06:00:00.000000000,0.46699999999999997,0.004,0.0,0.0,0.0,0.0
240847,2025-06-30T07:00:00.000000000,1.1179999999999999,0.0,0.0,0.0,0.0,0.0
240847,2025-06-30T08:00:00.000000000,0.602,0.0,0.0,0.0,0.0,0.0
240847,2025-06-30T09:00:00.000000000,0.615,0.0,0.0,0.018,0.0,0.0
240847,2025-06-30T10:00:00.000000000,0.7629999999999999,0.0,0.0,0.16599999999999998,0.0,0.0
240847,2025-06-30T11:00:00.000000000,0.9480000000000001,0.0,0.0,0.341,0.0,0.0
240847,2025-06-30T12:00:00.000000000,1.0110000000000001,0.0,0.0,0.403,0.0,0.0
240847,2025-06-30T13:00:00.000000000,1.3820000000000001,0.0,0.0,0.45699999999999996,0.0,0.0
240847,2025-06-30T14:00:00.000000000,1.4709999999999999,0.0,0.0,0.622,0.0,0.0
240847,2025-06-30T15:00:00.000000000,1.7409999999999999,0.0,0.0,0.751,0.0,0.0
240847,2025-06-30T16:00:00.000000000,2.7489999999999997,0.0,0.0,0.877,0.0,0.0
240847,2025-06-30T17:00:00.000000000,1.529,0.0,0.0,0.8,0.0,0.0
240847,2025-06-30T18:00:00.000000000,1.347,0.0,0.0,0.624,0.0,0.0
240847,2025-06-30T19:00:00.000000000,1.182,0.0,0.0,0.45799999999999996,0.0,0.0
240847,2025-06-30T20:00:00.000000000,0.927,0.0,0.0,0.25499999999999995,0.0,0.0
240847,2025-06-30T21:00:00.000000000,0.536,0.0,0.0,0.056999999999999995,0.0,0.0
240847,2025-06-30T22:00:00.000000000,0.491,0.0,0.0,0.0,0.0,0.0
240847,2025-06-30T23:00:00.000000000,0.472,0.0,0.0,0.0,0.0,0.0
240847,2025-07-01T00:00:00.000000000,0.464,0.0,0.0,0.0,0.0,0.0
240847,2025-07-01T01:00:00.000000000,0.5770000000000001,0.0,0.0,0.0,0.0,0.0
240847,2025-07-01T02:00:00.000000000,0.696,0.0,0.0,0.0,0.0,0.0
240847,2025-07-01T03:00:00.000000000,0.456,0.0,0.0,0.0,0.0,0.0
240847,2025-07-01T04:00:00.000000000,0.456,0.0,0.0,0.0,0.0,0.0
240847,2025-07-01T05:00:00.000000000,0.504,0.0,0.0,0.0,0.0,0.0
240847,2025-07-01T06:00:00.000000000,0.5770000000000001,0.0,0.0,0.0,0.0,0.0
240847,2025-07-01T07:00:00.000000000,0.772,0.0,0.0,0.0,0.0,0.0
240847,2025-07-01T08:00:00.000000000,1.186,0.0,0.0,0.08600000000000001,0.0,0.0
240847,2025-07-01T09:00:00.000000000,1.172,0.0,0.0,0.22599999999999998,0.0,0.0
240847,2025-07-01T10:00:00.000000000,1.151,0.0,0.0,0.382,0.0,0.0
240847,2025-07-01T11:00:00.000000000,1.038,0.0,0.0,0.506,0.0,0.0
240847,2025-07-01T12:00:00.000000000,1.266,0.0,0.0,0.6619999999999999,0.0,0.0
240847,2025-07-01T13:00:00.000000000,1.443,0.0,0.0,0.846,0.0,0.0
240847,2025-07-01T14:00:00.000000000,1.726,0.0,0.0,1.0,0.0,0.0
240847,2025-07-01T15:00:00.000000000,2.003,0.0,0.0,1.128,0.0,0.0
240847,2025-07-01T16:00:00.000000000,1.5890000000000002,0.0,0.0,1.0870000000000002,0.0,0.0
240847,2025-07-01T17:00:00.000000000,1.432,0.0,0.0,0.938,0.0,0.0
240847,2025-07-01T18:00:00.000000000,1.3719999999999999,0.0,0.0,0.7710000000000001,0.0,0.0
240847,2025-07-01T19:00:00.000000000,1.3319999999999999,0.0,0.0,0.611,0.0,0.0
240847,2025-07-01T20:00:00.000000000,0.965,0.0,0.0,0.42199999999999993,0.0,0.0
240847,2025-07-01T21:00:00.000000000,0.766,0.0,0.0,0.28900000000000003,0.0,0.0
240847,2025-07-01T22:00:00.000000000,0.663,0.0,0.0,0.171,0.0,0.0
240847,2025-07-01T23:00:00.000000000,0.58,0.0,0.0,0.10699999999999998,0.0,0.0
240847,2025-07-02T00:00:00.000000000,0.529,0.0,0.0,0.066,0.0,0.0
240847,2025-07-02T01:00:00.000000000,0.49,0.0,0.0,0.029,0.0,0.0
240847,2025-07-02T02:00:00.000000000,0.7030000000000001,0.0,0.0,0.001,0.0,0.0
240847,2025-07-02T03:00:00.000000000,0.539,0.0,0.0,0.0,0.0,0.0
240847,2025-07-02T04:00:00.000000000,0.456,0.0,0.0,0.0,0.0,0.0
240847,2025-07-02T05:00:00.000000000,0.459,0.0,0.0,0.0,0.0,0.0
240847,2025-07-02T06:00:00.000000000,0.5740000000000001,0.0,0.0,0.079,0.0,0.0
240847,2025-07-02T07:00:00.000000000,0.933,0.0,0.0,0.221,0.0,0.0
240847,2025-07-02T08:00:00.000000000,1.611,0.0,0.0,0.537,0.0,0.0
240847,2025-07-02T09:00:00.000000000,1.4220000000000002,0.0,0.0,0.8049999999999999,0.0,0.0
240847,2025-07-02T10:00:00.000000000,1.552,0.0,0.0,0.99,0.0,0.0
240847,2025-07-02T11:00:00.000000000,1.557,0.0,0.0,1.091,0.0,0.0
240847,2025-07-02T12:00:00.000000000,1.6829999999999998,0.0,0.0,1.216,0.0,0.0
240847,2025-07-02T13:00:00.000000000,1.785,0.0,0.0,1.317,0.0,0.0
240847,2025-07-02T14:00:00.000000000,2.2110000000000003,0.0,0.0,1.404,0.0,0.0
240847,2025-07-02T15:00:00.000000000,2.026,0.0,0.0,1.5540000000000003,0.0,0.0
240847,2025-07-02T16:00:00.000000000,2.109,0.0,0.0,1.606,0.0,0.0
240847,2025-07-02T17:00:00.000000000,1.962,0.0,0.0,1.409,0.0,0.0
240847,2025-07-02T18:00:00.000000000,2.4899999999999998,0.0,0.0,1.225,0.0,0.0
240847,2025-07-02T19:00:00.000000000,1.6440000000000001,0.0,0.0,0.9219999999999999,0.0,0.0
240847,2025-07-02T20:00:00.000000000,1.452,0.0,0.0,0.7190000000000001,0.0,0.0
240847,2025-07-02T21:00:00.000000000,1.233,0.0,0.0,0.5720000000000001,0.0,0.0
240847,2025-07-02T22:00:00.000000000,1.01,0.0,0.0,0.44799999999999995,0.0,0.0
240847,2025-07-02T23:00:00.000000000,0.8240000000000001,0.0,0.0,0.34400000000000003,0.0,0.0
240847,2025-07-03T00:00:00.000000000,0.7769999999999999,0.0,0.0,0.314,0.0,0.0
240847,2025-07-03T01:00:00.000000000,0.7470000000000001,0.0,0.0,0.28600000000000003,0.0,0.0
240847,2025-07-03T02:00:00.000000000,1.19,0.0,0.0,0.24,0.0,0.0
240847,2025-07-03T03:00:00.000000000,0.673,0.0,0.0,0.217,0.0,0.0
240847,2025-07-03T04:00:00.000000000,0.657,0.0,0.0,0.2,0.0,0.0
240847,2025-07-03T05:00:00.000000000,1.059,0.0,0.0,0.20800000000000002,0.0,0.0
240847,2025-07-03T06:00:00.000000000,1.21,0.0,0.0,0.425,0.0,0.0
240847,2025-07-03T07:00:00.000000000,1.181,0.0,0.0,0.646,0.0,0.0
240847,2025-07-03T08:00:00.000000000,1.529,0.0,0.0,0.9309999999999999,0.0,0.0
240847,2025-07-03T09:00:00.000000000,1.6150000000000002,0.0,0.0,1.1179999999999999,0.0,0.0
240847,2025-07-03T10:00:00.000000000,1.7089999999999999,0.0,0.0,1.245,0.0,0.0
240847,2025-07-03T11:00:00.000000000,1.843,0.0,0.0,1.3770000000000002,0.0,0.0
240847,2025-07-03T12:00:00.000000000,1.9619999999999997,0.0,0.0,1.4939999999999998,0.0,0.0
240847,2025-07-03T13:00:00.000000000,2.114,0.0,0.0,1.6460000000000001,0.0,0.0
240847,2025-07-03T14:00:00.000000000,2.3649999999999998,0.0,0.0,1.8940000000000001,0.0,0.0
240847,2025-07-03T15:00:00.000000000,7.827,0.0,0.0,2.849,0.0,0.0
240847,2025-07-03T16:00:00.000000000,6.243,0.0,0.0,2.699,0.0,0.0
240847,2025-07-03T17:00:00.000000000,2.283,0.0,0.0,1.785,0.0,0.0
240847,2025-07-03T18:00:00.000000000,2.206,0.0,0.0,1.4869999999999999,0.0,0.0
240847,2025-07-03T19:00:00.000000000,1.893,0.0,0.0,1.169,0.0,0.0
240847,2025-07-03T20:00:00.000000000,1.62,0.0,0.0,0.885,0.0,0.0
240847,2025-07-03T21:00:00.000000000,1.36,0.0,0.0,0.7000000000000001,0.0,0.0
240847,2025-07-03T22:00:00.000000000,1.154,0.0,0.0,0.54,0.0,0.0
240847,2025-07-03T23:00:00.000000000,1.179,0.0,0.0,0.44599999999999995,0.0,0.0
240847,2025-07-04T00:00:00.000000000,0.831,0.0,0.0,0.36900000000000005,0.0,0.0
240847,2025-07-04T01:00:00.000000000,0.754,0.0,0.0,0.292,0.0,0.0
240847,2025-07-04T02:00:00.000000000,0.697,0.0,0.0,0.238,0.0,0.0
240847,2025-07-04T03:00:00.000000000,0.618,0.0,0.0,0.189,0.0,0.0
240847,2025-07-04T04:00:00.000000000,0.615,0.0,0.0,0.15899999999999997,0.0,0.0
240847,2025-07-04T05:00:00.000000000,0.7050000000000001,0.0,0.0,0.246,0.0,0.0
240847,2025-07-04T06:00:00.000000000,1.023,0.0,0.0,0.46099999999999997,0.0,0.0
240847,2025-07-04T07:00:00.000000000,1.3780000000000001,0.0,0.0,0.7769999999999999,0.0,0.0
240847,2025-07-04T08:00:00.000000000,1.6820000000000002,0.0,0.0,1.085,0.0,0.0
240847,2025-07-04T09:00:00.000000000,1.8439999999999999,0.0,0.0,1.252,0.0,0.0
240847,2025-07-04T10:00:00.000000000,2.035,0.0,0.0,1.4409999999999998,0.0,0.0
240847,2025-07-04T11:00:00.000000000,2.195,0.0,0.0,1.591,0.0,0.0
240847,2025-07-04T12:00:00.000000000,2.392,0.0,0.0,1.7839999999999998,0.0,0.0
240847,2025-07-04T13:00:00.000000000,2.807,0.0,0.0,1.928,0.0,0.0
240847,2025-07-04T14:00:00.000000000,2.6050000000000004,0.0,0.0,2.102,0.0,0.0
240847,2025-07-04T15:00:00.000000000,2.8329999999999997,0.0,0.0,2.351,0.0,0.0
240847,2025-07-04T16:00:00.000000000,3.2199999999999998,0.0,0.0,2.2880000000000003,0.0,0.0
240847,2025-07-04T17:00:00.000000000,2.287,0.0,0.0,1.789,0.0,0.0
240847,2025-07-04T18:00:00.000000000,1.9169999999999998,0.0,0.0,1.371,0.0,0.0
240847,2025-07-04T19:00:00.000000000,2.4160000000000004,0.0,0.0,1.088,0.0,0.0
240847,2025-07-04T20:00:00.000000000,2.232,0.0,0.0,0.874,0.0,0.0
240847,2025-07-04T21:00:00.000000000,1.2599999999999998,0.0,0.0,0.717,0.0,0.0
240847,2025-07-04T22:00:00.000000000,1.114,0.0,0.0,0.619,0.0,0.0
240847,2025-07-04T23:00:00.000000000,1.017,0.0,0.0,0.542,0.0,0.0
240847,2025-07-05T00:00:00.000000000,0.9309999999999999,0.0,0.0,0.46599999999999997,0.0,0.0
240847,2025-07-05T01:00:00.000000000,0.864,0.0,0.0,0.402,0.0,0.0
240847,2025-07-05T02:00:00.000000000,0.806,0.0,0.0,0.34800000000000003,0.0,0.0
240847,2025-07-05T03:00:00.000000000,0.728,0.0,0.0,0.271,0.0,0.0
240847,2025-07-05T04:00:00.000000000,0.6859999999999999,0.0,0.0,0.23,0.0,0.0
240847,2025-07-05T05:00:00.000000000,0.7429999999999999,0.0,0.0,0.28400000000000003,0.0,0.0
240847,2025-07-05T06:00:00.000000000,0.872,0.0,0.0,0.409,0.0,0.0
240847,2025-07-05T07:00:00.000000000,1.158,0.0,0.0,0.5900000000000001,0.0,0.0
240847,2025-07-05T08:00:00.000000000,1.241,0.0,0.0,0.773,0.0,0.0
240847,2025-07-05T09:00:00.000000000,1.5750000000000002,0.0,0.0,0.864,0.0,0.0
240847,2025-07-05T10:00:00.000000000,1.397,0.0,0.0,0.873,0.0,0.0
240847,2025-07-05T11:00:00.000000000,1.324,0.0,0.0,0.858,0.0,0.0
240847,2025-07-05T12:00:00.000000000,1.337,0.0,0.0,0.87,0.0,0.0
240847,2025-07-05T13:00:00.000000000,1.3760000000000001,0.0,0.0,0.908,0.0,0.0
240847,2025-07-05T14:00:00.000000000,1.44,0.0,0.0,0.974,0.0,0.0
240847,2025-07-05T15:00:00.000000000,1.4769999999999999,0.0,0.0,1.005,0.0,0.0
240847,2025-07-05T16:00:00.000000000,1.4329999999999998,0.0,0.0,0.9299999999999999,0.0,0.0
240847,2025-07-05T17:00:00.000000000,1.323,0.0,0.0,0.829,0.0,0.0
240847,2025-07-05T18:00:00.000000000,1.1400000000000001,0.0,0.0,0.654,0.0,0.0
240847,2025-07-05T19:00:00.000000000,0.951,0.0,0.0,0.46699999999999997,0.0,0.0
240847,2025-07-05T20:00:00.000000000,1.006,0.0,0.0,0.334,0.0,0.0
240847,2025-07-05T21:00:00.000000000,0.8829999999999999,0.0,0.0,0.22399999999999998,0.0,0.0
240847,2025-07-05T22:00:00.000000000,0.936,0.0,0.0,0.08100000000000002,0.0,0.0
240847,2025-07-05T23:00:00.000000000,0.473,0.0,0.0,0.0,0.0,0.0
240847,2025-07-06T00:00:00.000000000,0.464,0.0,0.0,0.0,0.0,0.0
240847,2025-07-06T01:00:00.000000000,0.461,0.0,0.0,0.0,0.0,0.0
240847,2025-07-06T02:00:00.000000000,0.46,0.0,0.0,0.0,0.0,0.0
240847,2025-07-06T03:00:00.000000000,0.457,0.0,0.0,0.0,0.0,0.0
240847,2025-07-06T04:00:00.000000000,0.456,0.0,0.0,0.0,0.0,0.0
240847,2025-07-06T05:00:00.000000000,0.459,0.0,0.0,0.0,0.0,0.0
240847,2025-07-06T06:00:00.000000000,0.887,0.0,0.0,0.0,0.0,0.0
240847,2025-07-06T07:00:00.000000000,0.583,0.0,0.0,0.0,0.0,0.0
240847,2025-07-06T08:00:00.000000000,0.502,0.0,0.0,0.037000000000000005,0.0,0.0
240847,2025-07-06T09:00:00.000000000,0.7010000000000001,0.0,0.0,0.237,0.0,0.0
240847,2025-07-06T10:00:00.000000000,0.909,0.0,0.0,0.446,0.0,0.0
240847,2025-07-06T11:00:00.000000000,1.078,0.0,0.0,0.612,0.0,0.0
240847,2025-07-06T12:00:00.000000000,1.175,0.0,0.0,0.708,0.0,0.0
240847,2025-07-06T13:00:00.000000000,1.261,0.0,0.0,0.796,0.0,0.0
240847,2025-07-06T14:00:00.000000000,1.277,0.0,0.0,0.812,0.0,0.0
240847,2025-07-06T15:00:00.000000000,1.244,0.0,0.0,0.7729999999999999,0.0,0.0
240847,2025-07-06T16:00:00.000000000,1.13,0.0,0.0,0.628,0.0,0.0
240847,2025-07-06T17:00:00.000000000,1.037,0.0,0.0,0.484,0.0,0.0
240847,2025-07-06T18:00:00.000000000,1.026,0.0,0.0,0.309,0.0,0.0
240847,2025-07-06T19:00:00.000000000,0.884,0.0,0.0,0.163,0.0,0.0
240847,2025-07-06T20:00:00.000000000,0.9410000000000001,0.0,0.0,0.086,0.0,0.0
240847,2025-07-06T21:00:00.000000000,1.075,0.0,0.0,0.018,0.0,0.0
240847,2025-07-06T22:00:00.000000000,0.561,0.0,0.0,0.0,0.0,0.0
240847,2025-07-06T23:00:00.000000000,0.479,0.0,0.0,0.0,0.0,0.0
240847,2025-07-07T00:00:00.000000000,0.463,0.0,0.0,0.0,0.0,0.0
240847,2025-07-07T01:00:00.000000000,0.6950000000000001,0.0,0.0,0.0,0.0,0.0
240847,2025-07-07T02:00:00.000000000,0.726,0.0,0.0,0.0,0.0,0.0
240847,2025-07-07T03:00:00.000000000,0.41700000000000004,0.0,0.0,0.0,0.0,0.0
240847,2025-07-07T04:00:00.000000000,0.425,0.0,0.0,0.0,0.0,0.0
240847,2025-07-07T05:00:00.000000000,1.045,0.0,0.0,0.0,0.0,0.0
240847,2025-07-07T06:00:00.000000000,0.5770000000000001,0.0,0.0,0.0,0.0,0.0
240847,2025-07-07T07:00:00.000000000,0.497,0.0,0.0,0.0,0.0,0.0
240847,2025-07-07T08:00:00.000000000,0.5630000000000001,0.0,0.0,0.0,0.0,0.0
240847,2025-07-07T09:00:00.000000000,0.495,0.0,0.0,0.031,0.0,0.0
240847,2025-07-07T10:00:00.000000000,0.622,0.0,0.0,0.161,0.0,0.0
240847,2025-07-07T11:00:00.000000000,0.7689999999999999,0.0,0.0,0.30500000000000005,0.0,0.0
240847,2025-07-07T12:00:00.000000000,1.303,0.0,0.0,0.456,0.0,0.0
240847,2025-07-07T13:00:00.000000000,1.2979999999999998,0.0,0.0,0.5670000000000001,0.0,0.0
240847,2025-07-07T14:00:00.000000000,1.127,0.0,0.0,0.63,0.0,0.0
240847,2025-07-07T15:00:00.000000000,1.26,0.0,0.0,0.663,0.0,0.0
240847,2025-07-07T16:00:00.000000000,1.116,0.0,0.0,0.5720000000000001,0.0,0.0
240847,2025-07-07T17:00:00.000000000,0.988,0.0,0.0,0.494,0.0,0.0
240847,2025-07-07T18:00:00.000000000,0.863,0.0,0.0,0.37800000000000006,0.0,0.0
240847,2025-07-07T19:00:00.000000000,0.7250000000000001,0.0,0.0,0.241,0.0,0.0
240847,2025-07-07T20:00:00.000000000,0.666,0.0,0.0,0.122,0.0,0.0
240847,2025-07-07T21:00:00.000000000,0.503,0.0,0.0,0.023999999999999997,0.0,0.0
240847,2025-07-07T22:00:00.000000000,0.491,0.0,0.0,0.0,0.0,0.0
240847,2025-07-07T23:00:00.000000000,0.472,0.0,0.0,0.0,0.0,0.0
240847,2025-07-08T00:00:00.000000000,0.464,0.0,0.0,0.0,0.0,0.0
240847,2025-07-08T01:00:00.000000000,0.461,0.0,0.0,0.0,0.0,0.0
240847,2025-07-08T02:00:00.000000000,0.457,0.0,0.0,0.0,0.0,0.0
240847,2025-07-08T03:00:00.000000000,0.456,0.0,0.0,0.0,0.0,0.0
240847,2025-07-08T04:00:00.000000000,0.756,0.005,0.0,0.0,0.0,0.0
240847,2025-07-08T05:00:00.000000000,0.7350000000000001,0.024,0.0,0.0,0.0,0.0
240847,2025-07-08T06:00:00.000000000,1.08,0.0,0.0,0.0,0.0,0.0
240847,2025-07-08T07:00:00.000000000,0.599,0.0,0.0,0.0,0.0,0.0
240847,2025-07-08T08:00:00.000000000,0.597,0.0,0.0,0.0,0.0,0.0
240847,2025-07-08T09:00:00.000000000,0.6719999999999999,0.0,0.0,0.082,0.0,0.0
240847,2025-07-08T10:00:00.000000000,0.942,0.0,0.0,0.35000000000000003,0.0,0.0
240847,2025-07-08T11:00:00.000000000,1.2409999999999999,0.0,0.0,0.6380000000000001,0.0,0.0
240847,2025-07-08T12:00:00.000000000,1.754,0.0,0.0,0.838,0.0,0.0
240847,2025-07-08T13:00:00.000000000,1.561,0.0,0.0,0.962,0.0,0.0
240847,2025-07-08T14:00:00.000000000,1.727,0.0,0.0,1.1179999999999999,0.0,0.0
240847,2025-07-08T15:00:00.000000000,1.8709999999999998,0.0,0.0,1.236,0.0,0.0
240847,2025-07-08T16:00:00.000000000,1.837,0.0,0.0,1.133,0.0,0.0
240847,2025-07-08T17:00:00.000000000,1.706,0.0,0.0,0.982,0.0,0.0
240847,2025-07-08T18:00:00.000000000,1.316,0.0,0.0,0.772,0.0,0.0
240847,2025-07-08T19:00:00.000000000,1.032,0.0,0.0,0.548,0.0,0.0
240847,2025-07-08T20:00:00.000000000,0.877,0.0,0.0,0.395,0.0,0.0
240847,2025-07-08T21:00:00.000000000,0.766,0.0,0.0,0.28600000000000003,0.0,0.0
240847,2025-07-08T22:00:00.000000000,0.9199999999999999,0.0,0.0,0.18000000000000002,0.0,0.0
240847,2025-07-08T23:00:00.000000000,0.654,0.0,0.0,0.119,0.0,0.0
240847,2025-07-09T00:00:00.000000000,0.537,0.0,0.0,0.073,0.0,0.0
240847,2025-07-09T01:00:00.000000000,0.5,0.0,0.0,0.039,0.0,0.0
240847,2025-07-09T02:00:00.000000000,0.46399999999999997,0.0,0.0,0.005,0.0,0.0
240847,2025-07-09T03:00:00.000000000,0.457,0.0,0.0,0.0,0.0,0.0
240847,2025-07-09T04:00:00.000000000,0.456,0.0,0.0,0.0,0.0,0.0
240847,2025-07-09T05:00:00.000000000,0.459,0.0,0.0,0.0,0.0,0.0
240847,2025-07-09T06:00:00.000000000,0.495,0.0,0.0,0.0,0.0,0.0
240847,2025-07-09T07:00:00.000000000,0.9199999999999999,0.0,0.0,0.107,0.0,0.0
240847,2025-07-09T08:00:00.000000000,1.09,0.0,0.0,0.335,0.0,0.0
240847,2025-07-09T09:00:00.000000000,1.123,0.0,0.0,0.532,0.0,0.0
240847,2025-07-09T10:00:00.000000000,1.193,0.0,0.0,0.665,0.0,0.0
240847,2025-07-09T11:00:00.000000000,1.1969999999999998,0.0,0.0,0.73,0.0,0.0
240847,2025-07-09T12:00:00.000000000,1.2489999999999999,0.0,0.0,0.784,0.0,0.0
240847,2025-07-09T13:00:00.000000000,1.335,0.0,0.0,0.868,0.0,0.0
240847,2025-07-09T14:00:00.000000000,1.427,0.0,0.0,0.962,0.0,0.0
240847,2025-07-09T15:00:00.000000000,1.811,0.0,0.0,1.014,0.0,0.0
240847,2025-07-09T16:00:00.000000000,1.442,0.0,0.0,0.94,0.0,0.0
240847,2025-07-09T17:00:00.000000000,1.2890000000000001,0.0,0.0,0.7949999999999999,0.0,0.0
240847,2025-07-09T18:00:00.000000000,1.113,0.0,0.0,0.627,0.0,0.0
240847,2025-07-09T19:00:00.000000000,0.947,0.0,0.0,0.46299999999999997,0.0,0.0
240847,2025-07-09T20:00:00.000000000,0.9580000000000001,0.0,0.0,0.34900000000000003,0.0,0.0
240847,2025-07-09T21:00:00.000000000,0.9099999999999999,0.0,0.0,0.251,0.0,0.0
240847,2025-07-09T22:00:00.000000000,0.679,0.0,0.0,0.147,0.0,0.0
240847,2025-07-09T23:00:00.000000000,0.566,0.0,0.0,0.094,0.0,0.0
240847,2025-07-10T00:00:00.000000000,0.528,0.0,0.0,0.065,0.0,0.0
240847,2025-07-10T01:00:00.000000000,0.493,0.0,0.0,0.032999999999999995,0.0,0.0
240847,2025-07-10T02:00:00.000000000,0.46499999999999997,0.0,0.0,0.005,0.0,0.0
240847,2025-07-10T03:00:00.000000000,0.457,0.0,0.0,0.0,0.0,0.0
240847,2025-07-10T04:00:00.000000000,0.456,0.0,0.0,0.0,0.0,0.0
240847,2025-07-10T05:00:00.000000000,0.74,0.0,0.0,0.0,0.0,0.0
240847,2025-07-10T06:00:00.000000000,1.096,0.0,0.0,0.079,0.0,0.0
240847,2025-07-10T07:00:00.000000000,0.6970000000000001,0.0,0.0,0.199,0.0,0.0
240847,2025-07-10T08:00:00.000000000,0.851,0.0,0.0,0.386,0.0,0.0
240847,2025-07-10T09:00:00.000000000,0.945,0.0,0.0,0.481,0.0,0.0
240847,2025-07-10T10:00:00.000000000,1.4100000000000001,0.0,0.0,0.45899999999999996,0.0,0.0
240847,2025-07-10T11:00:00.000000000,1.0390000000000001,0.0,0.0,0.538,0.0,0.0
240847,2025-07-10T12:00:00.000000000,1.1,0.0,0.0,0.633,0.0,0.0
240847,2025-07-10T13:00:00.000000000,1.196,0.0,0.0,0.7309999999999999,0.0,0.0
240847,2025-07-10T14:00:00.000000000,1.33,0.0,0.0,0.865,0.0,0.0
240847,2025-07-10T15:00:00.000000000,1.4309999999999998,0.0,0.0,0.96,0.0,0.0
240847,2025-07-10T16:00:00.000000000,1.4419999999999997,0.0,0.0,0.938,0.0,0.0
240847,2025-07-10T17:00:00.000000000,1.352,0.0,0.0,0.8049999999999999,0.0,0.0
240847,2025-07-10T18:00:00.000000000,1.226,0.0,0.0,0.624,0.0,0.0
240847,2025-07-10T19:00:00.000000000,1.75,0.0,0.0,0.481,0.0,0.0
240847,2025-07-10T20:00:00.000000000,0.993,0.0,0.0,0.26,0.0,0.0
240847,2025-07-10T21:00:00.000000000,0.741,0.0,0.0,0.119,0.0,0.0
240847,2025-07-10T22:00:00.000000000,0.498,0.0,0.0,0.004,0.0,0.0
240847,2025-07-10T23:00:00.000000000,0.473,0.0,0.0,0.0,0.0,0.0
240847,2025-07-11T00:00:00.000000000,0.455,0.0,0.0,0.0,0.0,0.0
240847,2025-07-11T01:00:00.000000000,0.452,0.0,0.0,0.0,0.0,0.0
240847,2025-07-11T02:00:00.000000000,0.704,0.0,0.0,0.0,0.0,0.0
240847,2025-07-11T03:00:00.000000000,0.569,0.047,0.0,0.0,0.0,0.0
240847,2025-07-11T04:00:00.000000000,0.652,0.19799999999999998,0.0,0.0,0.0,0.0
240847,2025-07-11T05:00:00.000000000,0.608,0.134,0.0,0.0,0.0,0.0
240847,2025-07-11T06:00:00.000000000,0.5760000000000001,0.002,0.0,0.0,0.0,0.0
240847,2025-07-11T07:00:00.000000000,0.496,0.0,0.0,0.0,0.0,0.0
240847,2025-07-11T08:00:00.000000000,0.464,0.0,0.0,0.0,0.0,0.0
240847,2025-07-11T09:00:00.000000000,0.464,0.0,0.0,0.0,0.0,0.0
240847,2025-07-11T10:00:00.000000000,0.581,0.0,0.0,0.0,0.0,0.0
240847,2025-07-11T11:00:00.000000000,0.667,0.0,0.0,0.0,0.0,0.0
240847,2025-07-11T12:00:00.000000000,0.464,0.0,0.0,0.0,0.0,0.0
240847,2025-07-11T13:00:00.000000000,0.476,0.0,0.0,0.009999999999999998,0.0,0.0
240847,2025-07-11T14:00:00.000000000,0.5740000000000001,0.0,0.0,0.11000000000000001,0.0,0.0
240847,2025-07-11T15:00:00.000000000,0.7269999999999999,0.0,0.0,0.259,0.0,0.0
240847,2025-07-11T16:00:00.000000000,0.7789999999999999,0.0,0.0,0.277,0.0,0.0
240847,2025-07-11T17:00:00.000000000,0.7270000000000001,0.0,0.0,0.236,0.0,0.0
240847,2025-07-11T18:00:00.000000000,0.649,0.0,0.0,0.165,0.0,0.0
240847,2025-07-11T19:00:00.000000000,0.55,0.0,0.0,0.066,0.0,0.0
240847,2025-07-11T20:00:00.000000000,0.61,0.0,0.0,0.0,0.0,0.0
240847,2025-07-11T21:00:00.000000000,0.661,0.0,0.0,0.0,0.0,0.0
240847,2025-07-11T22:00:00.000000000,0.534,0.0,0.0,0.0,0.0,0.0
240847,2025-07-11T23:00:00.000000000,0.473,0.0,0.0,0.0,0.0,0.0
240847,2025-07-12T00:00:00.000000000,0.48100000000000004,0.018,0.0,0.0,0.0,0.0
240847,2025-07-12T01:00:00.000000000,0.651,0.19,0.0,0.0,0.0,0.0
240847,2025-07-12T02:00:00.000000000,1.211,0.401,0.0,0.0,0.0,0.0
240847,2025-07-12T03:00:00.000000000,0.9440000000000001,0.488,0.0,0.0,0.0,0.0
240847,2025-07-12T04:00:00.000000000,1.048,0.5970000000000001,0.0,0.0,0.0,0.0
240847,2025-07-12T05:00:00.000000000,1.303,0.46099999999999997,0.0,0.0,0.0,0.0
240847,2025-07-12T06:00:00.000000000,0.639,0.176,0.0,0.0,0.0,0.0
240847,2025-07-12T07:00:00.000000000,0.46599999999999997,0.003,0.0,0.0,0.0,0.0
240847,2025-07-12T08:00:00.000000000,0.464,0.0,0.0,0.0,0.0,0.0
240847,2025-07-12T09:00:00.000000000,0.486,0.0,0.0,0.022,0.0,0.0
240847,2025-07-12T10:00:00.000000000,0.6150000000000001,0.0,0.0,0.153,0.0,0.0
240847,2025-07-12T11:00:00.000000000,0.7429999999999999,0.0,0.0,0.277,0.0,0.0
240847,2025-07-12T12:00:00.000000000,0.861,0.0,0.0,0.39499999999999996,0.0,0.0
240847,2025-07-12T13:00:00.000000000,0.978,0.0,0.0,0.511,0.0,0.0
240847,2025-07-12T14:00:00.000000000,1.082,0.0,0.0,0.617,0.0,0.0
240847,2025-07-12T15:00:00.000000000,1.158,0.0,0.0,0.688,0.0,0.0
240847,2025-07-12T16:00:00.000000000,1.168,0.0,0.0,0.666,0.0,0.0
240847,2025-07-12T17:00:00.000000000,1.187,0.0,0.0,0.577,0.0,0.0
240847,2025-07-12T18:00:00.000000000,1.168,0.0,0.0,0.44999999999999996,0.0,0.0
240847,2025-07-12T19:00:00.000000000,0.94,0.0,0.0,0.27899999999999997,0.0,0.0
240847,2025-07-12T20:00:00.000000000,0.819,0.0,0.0,0.14700000000000002,0.0,0.0
240847,2025-07-12T21:00:00.000000000,0.751,0.0,0.0,0.048,0.0,0.0
240847,2025-07-12T22:00:00.000000000,0.806,0.0,0.0,0.0,0.0,0.0
240847,2025-07-12T23:00:00.000000000,0.473,0.0,0.0,0.0,0.0,0.0
240847,2025-07-13T00:00:00.000000000,0.464,0.0,0.0,0.0,0.0,0.0
240847,2025-07-13T01:00:00.000000000,0.461,0.0,0.0,0.0,0.0,0.0
240847,2025-07-13T02:00:00.000000000,0.46,0.0,0.0,0.0,0.0,0.0
240847,2025-07-13T03:00:00.000000000,0.457,0.0,0.0,0.0,0.0,0.0
240847,2025-07-13T04:00:00.000000000,0.46099999999999997,0.005,0.0,0.0,0.0,0.0
240847,2025-07-13T05:00:00.000000000,0.698,0.0,0.0,0.0,0.0,0.0
240847,2025-07-13T06:00:00.000000000,0.656,0.0,0.0,0.0,0.0,0.0
240847,2025-07-13T07:00:00.000000000,0.712,0.0,0.0,0.0,0.0,0.0
240847,2025-07-13T08:00:00.000000000,0.9219999999999999,0.0,0.0,0.047,0.0,0.0
240847,2025-07-13T09:00:00.000000000,0.663,0.0,0.0,0.19799999999999998,0.0,0.0
240847,2025-07-13T10:00:00.000000000,0.78,0.0,0.0,0.31800000000000006,0.0,0.0
240847,2025-07-13T11:00:00.000000000,0.872,0.0,0.0,0.40700000000000003,0.0,0.0
240847,2025-07-13T12:00:00.000000000,0.975,0.0,0.0,0.509,0.0,0.0
240847,2025-07-13T13:00:00.000000000,1.086,0.0,0.0,0.619,0.0,0.0
240847,2025-07-13T14:00:00.000000000,1.16,0.0,0.0,0.696,0.0,0.0
240847,2025-07-13T15:00:00.000000000,1.1989999999999998,0.0,0.0,0.728,0.0,0.0
240847,2025-07-13T16:00:00.000000000,2.013,0.0,0.0,0.726,0.0,0.0
240847,2025-07-13T17:00:00.000000000,2.62,0.0,0.0,0.649,0.0,0.0
240847,2025-07-13T18:00:00.000000000,1.5859999999999999,0.0,0.0,0.384,0.0,0.0
240847,2025-07-13T19:00:00.000000000,2.1639999999999997,0.0,0.0,0.389,0.0,0.0
240847,2025-07-13T20:00:00.000000000,0.9249999999999999,0.0,0.0,0.19399999999999998,0.0,0.0
240847,2025-07-13T21:00:00.000000000,1.08,0.0,0.0,0.06,0.0,0.0
240847,2025-07-13T22:00:00.000000000,0.646,0.0,0.0,0.007,0.0,0.0
240847,2025-07-13T23:00:00.000000000,0.482,0.0,0.0,0.0,0.0,0.0
240847,2025-07-14T00:00:00.000000000,0.464,0.0,0.0,0.0,0.0,0.0
240847,2025-07-14T01:00:00.000000000,0.461,0.0,0.0,0.0,0.0,0.0
240847,2025-07-14T02:00:00.000000000,0.457,0.0,0.0,0.0,0.0,0.0
240847,2025-07-14T03:00:00.000000000,0.456,0.0,0.0,0.0,0.0,0.0
240847,2025-07-14T04:00:00.000000000,0.456,0.0,0.0,0.0,0.0,0.0
240847,2025-07-14T05:00:00.000000000,0.459,0.0,0.0,0.0,0.0,0.0
240847,2025-07-14T06:00:00.000000000,0.463,0.0,0.0,0.0,0.0,0.0
240847,2025-07-14T07:00:00.000000000,1.0510000000000002,0.0,0.0,0.0,0.0,0.0
240847,2025-07-14T08:00:00.000000000,0.7549999999999999,0.0,0.0,0.128,0.0,0.0
240847,2025-07-14T09:00:00.000000000,0.9259999999999999,0.0,0.0,0.336,0.0,0.0
240847,2025-07-14T10:00:00.000000000,1.4819999999999998,0.0,0.0,0.455,0.0,0.0
240847,2025-07-14T11:00:00.000000000,1.157,0.0,0.0,0.556,0.0,0.0
240847,2025-07-14T12:00:00.000000000,1.502,0.0,0.0,0.666,0.0,0.0
240847,2025-07-14T13:00:00.000000000,1.736,0.0,0.0,0.659,0.0,0.0
240847,2025-07-14T14:00:00.000000000,1.419,0.0,0.0,0.704,0.0,0.0
240847,2025-07-14T15:00:00.000000000,1.416,0.0,0.0,0.7799999999999999,0.0,0.0
240847,2025-07-14T16:00:00.000000000,1.538,0.0,0.0,0.833,0.0,0.0
240847,2025-07-14T17:00:00.000000000,1.4869999999999999,0.0,0.0,0.764,0.0,0.0
240847,2025-07-14T18:00:00.000000000,1.677,0.0,0.0,0.606,0.0,0.0
240847,2025-07-14T19:00:00.000000000,1.3010000000000002,0.0,0.0,0.44399999999999995,0.0,0.0
240847,2025-07-14T20:00:00.000000000,1.016,0.0,0.0,0.28400000000000003,0.0,0.0
240847,2025-07-14T21:00:00.000000000,0.7240000000000001,0.0,0.0,0.18300000000000002,0.0,0.0
240847,2025-07-14T22:00:00.000000000,0.582,0.0,0.0,0.091,0.0,0.0
240847,2025-07-14T23:00:00.000000000,0.523,0.0,0.0,0.049,0.0,0.0
240847,2025-07-15T00:00:00.000000000,0.485,0.0,0.0,0.022,0.0,0.0
240847,2025-07-15T01:00:00.000000000,0.461,0.0,0.0,0.0,0.0,0.0
240847,2025-07-15T02:00:00.000000000,0.457,0.0,0.0,0.0,0.0,0.0
240847,2025-07-15T03:00:00.000000000,0.456,0.0,0.0,0.0,0.0,0.0
240847,2025-07-15T04:00:00.000000000,0.456,0.0,0.0,0.0,0.0,0.0
240847,2025-07-15T05:00:00.000000000,0.459,0.0,0.0,0.0,0.0,0.0
240847,2025-07-15T06:00:00.000000000,0.527,0.0,0.0,0.064,0.0,0.0
240847,2025-07-15T07:00:00.000000000,1.073,0.0,0.0,0.26,0.0,0.0
240847,2025-07-15T08:00:00.000000000,1.167,0.0,0.0,0.497,0.0,0.0
240847,2025-07-15T09:00:00.000000000,1.222,0.0,0.0,0.663,0.0,0.0
240847,2025-07-15T10:00:00.000000000,1.2,0.0,0.0,0.736,0.0,0.0
240847,2025-07-15T11:00:00.000000000,1.238,0.0,0.0,0.772,0.0,0.0
240847,2025-07-15T12:00:00.000000000,1.3090000000000002,0.0,0.0,0.843,0.0,0.0
240847,2025-07-15T13:00:00.000000000,1.264,0.0,0.0,0.7970000000000002,0.0,0.0
240847,2025-07-15T14:00:00.000000000,1.307,0.0,0.0,0.8049999999999999,0.0,0.0
240847,2025-07-15T15:00:00.000000000,1.5970000000000002,0.0,0.0,0.962,0.0,0.0
240847,2025-07-15T16:00:00.000000000,1.605,0.0,0.0,0.9009999999999999,0.0,0.0
240847,2025-07-15T17:00:00.000000000,1.205,0.0,0.0,0.7120000000000001,0.0,0.0
240847,2025-07-15T18:00:00.000000000,1.553,0.0,0.0,0.536,0.0,0.0
240847,2025-07-15T19:00:00.000000000,1.489,0.0,0.0,0.401,0.0,0.0
240847,2025-07-15T20:00:00.000000000,0.98,0.0,0.0,0.312,0.0,0.0
240847,2025-07-15T21:00:00.000000000,0.6940000000000001,0.0,0.0,0.21499999999999997,0.0,0.0
240847,2025-07-15T22:00:00.000000000,0.5680000000000001,0.0,0.0,0.07500000000000001,0.0,0.0
240847,2025-07-15T23:00:00.000000000,0.479,0.0,0.0,0.007,0.0,0.0
240847,2025-07-16T00:00:00.000000000,0.464,0.0,0.0,0.0,0.0,0.0
240847,2025-07-16T01:00:00.000000000,0.8089999999999999,0.0,0.0,0.0,0.0,0.0
240847,2025-07-16T02:00:00.000000000,0.46,0.0,0.0,0.0,0.0,0.0
240847,2025-07-16T03:00:00.000000000,0.457,0.0,0.0,0.0,0.0,0.0
240847,2025-07-16T04:00:00.000000000,0.456,0.0,0.0,0.0,0.0,0.0
240847,2025-07-16T05:00:00.000000000,0.459,0.0,0.0,0.0,0.0,0.0
240847,2025-07-16T06:00:00.000000000,0.495,0.0,0.0,0.0,0.0,0.0
240847,2025-07-16T07:00:00.000000000,0.598,0.0,0.0,0.0,0.0,0.0
240847,2025-07-16T08:00:00.000000000,0.498,0.0,0.0,0.0,0.0,0.0
240847,2025-07-16T09:00:00.000000000,0.6300000000000001,0.0,0.0,0.165,0.0,0.0
240847,2025-07-16T10:00:00.000000000,0.875,0.0,0.0,0.412,0.0,0.0
240847,2025-07-16T11:00:00.000000000,1.204,0.0,0.0,0.499,0.0,0.0
240847,2025-07-16T12:00:00.000000000,1.28,0.0,0.0,0.5680000000000001,0.0,0.0
240847,2025-07-16T13:00:00.000000000,1.113,0.0,0.0,0.646,0.0,0.0
240847,2025-07-16T14:00:00.000000000,1.191,0.0,0.0,0.7269999999999999,0.0,0.0
240847,2025-07-16T15:00:00.000000000,1.258,0.0,0.0,0.788,0.0,0.0
240847,2025-07-16T16:00:00.000000000,1.2890000000000001,0.0,0.0,0.7869999999999999,0.0,0.0
240847,2025-07-16T17:00:00.000000000,1.053,0.0,0.0,0.5589999999999999,0.0,0.0
240847,2025-07-16T18:00:00.000000000,0.9410000000000001,0.0,0.0,0.34,0.0,0.0
240847,2025-07-16T19:00:00.000000000,0.969,0.0,0.0,0.249,0.0,0.0
240847,2025-07-16T20:00:00.000000000,1.5739999999999998,0.0,0.0,0.21600000000000003,0.0,0.0
240847,2025-07-16T21:00:00.000000000,1.23,0.0,0.0,0.10099999999999999,0.0,0.0
240847,2025-07-16T22:00:00.000000000,0.552,0.0,0.0,0.0,0.0,0.0
240847,2025-07-16T23:00:00.000000000,0.473,0.0,0.0,0.0,0.0,0.0
240847,2025-07-17T00:00:00.000000000,0.464,0.0,0.0,0.0,0.0,0.0
240847,2025-07-17T01:00:00.000000000,0.461,0.0,0.0,0.0,0.0,0.0
240847,2025-07-17T02:00:00.000000000,0.46,0.0,0.0,0.0,0.0,0.0
240847,2025-07-17T03:00:00.000000000,0.533,0.077,0.0,0.0,0.0,0.0
240847,2025-07-17T04:00:00.000000000,0.608,0.15300000000000002,0.0,0.0,0.0,0.0
240847,2025-07-17T05:00:00.000000000,0.8430000000000001,0.085,0.0,0.0,0.0,0.0
240847,2025-07-17T06:00:00.000000000,0.561,0.002,0.0,0.0,0.0,0.0
240847,2025-07-17T07:00:00.000000000,0.965,0.0,0.0,0.0,0.0,0.0
240847,2025-07-17T08:00:00.000000000,0.47200000000000003,0.0,0.0,0.008,0.0,0.0
240847,2025-07-17T09:00:00.000000000,0.633,0.0,0.0,0.17099999999999999,0.0,0.0
240847,2025-07-17T10:00:00.000000000,0.8029999999999999,0.0,0.0,0.34099999999999997,0.0,0.0
240847,2025-07-17T11:00:00.000000000,0.952,0.0,0.0,0.486,0.0,0.0
240847,2025-07-17T12:00:00.000000000,1.131,0.0,0.0,0.6299999999999999,0.0,0.0
240847,2025-07-17T13:00:00.000000000,1.32,0.0,0.0,0.754,0.0,0.0
240847,2025-07-17T14:00:00.000000000,1.217,0.0,0.0,0.75,0.0,0.0
240847,2025-07-17T15:00:00.000000000,1.254,0.0,0.0,0.784,0.0,0.0
240847,2025-07-17T16:00:00.000000000,1.172,0.0,0.0,0.67,0.0,0.0
240847,2025-07-17T17:00:00.000000000,1.579,0.0,0.0,0.612,0.0,0.0
240847,2025-07-17T18:00:00.000000000,1.3159999999999998,0.0,0.0,0.515,0.0,0.0
240847,2025-07-17T19:00:00.000000000,1.0870000000000002,0.0,0.0,0.36600000000000005,0.0,0.0
240847,2025-07-17T20:00:00.000000000,0.986,0.0,0.0,0.254,0.0,0.0
240847,2025-07-17T21:00:00.000000000,0.6880000000000001,0.0,0.0,0.147,0.0,0.0
240847,2025-07-17T22:00:00.000000000,0.549,0.0,0.0,0.056,0.0,0.0
240847,2025-07-17T23:00:00.000000000,0.499,0.0,0.0,0.027000000000000003,0.0,0.0
240847,2025-07-18T00:00:00.000000000,0.469,0.0,0.0,0.006,0.0,0.0
240847,2025-07-18T01:00:00.000000000,0.461,0.0,0.0,0.0,0.0,0.0
240847,2025-07-18T02:00:00.000000000,0.46,0.0,0.0,0.0,0.0,0.0
240847,2025-07-18T03:00:00.000000000,0.457,0.0,0.0,0.0,0.0,0.0
240847,2025-07-18T04:00:00.000000000,0.456,0.0,0.0,0.0,0.0,0.0
240847,2025-07-18T05:00:00.000000000,0.459,0.0,0.0,0.0,0.0,0.0
240847,2025-07-18T06:00:00.000000000,0.938,0.0,0.0,0.012,0.0,0.0
240847,2025-07-18T07:00:00.000000000,0.867,0.0,0.0,0.187,0.0,0.0
240847,2025-07-18T08:00:00.000000000,1.046,0.0,0.0,0.515,0.0,0.0
240847,2025-07-18T09:00:00.000000000,1.2610000000000001,0.0,0.0,0.7979999999999999,0.0,0.0
240847,2025-07-18T10:00:00.000000000,1.476,0.0,0.0,1.013,0.0,0.0
240847,2025-07-18T11:00:00.000000000,1.627,0.0,0.0,1.162,0.0,0.0
240847,2025-07-18T12:00:00.000000000,1.69,0.0,0.0,1.222,0.0,0.0
240847,2025-07-18T13:00:00.000000000,1.759,0.0,0.0,1.291,0.0,0.0
240847,2025-07-18T14:00:00.000000000,1.929,0.0,0.0,1.461,0.0,0.0
240847,2025-07-18T15:00:00.000000000,2.044,0.0,0.0,1.574,0.0,0.0
240847,2025-07-18T16:00:00.000000000,2.0490000000000004,0.0,0.0,1.5460000000000003,0.0,0.0
240847,2025-07-18T17:00:00.000000000,1.963,0.0,0.0,1.351,0.0,0.0
240847,2025-07-18T18:00:00.000000000,1.78,0.0,0.0,1.06,0.0,0.0
240847,2025-07-18T19:00:00.000000000,1.576,0.0,0.0,0.853,0.0,0.0
240847,2025-07-18T20:00:00.000000000,1.3989999999999998,0.0,0.0,0.666,0.0,0.0
240847,2025-07-18T21:00:00.000000000,1.25,0.0,0.0,0.472,0.0,0.0
240847,2025-07-18T22:00:00.000000000,1.362,0.0,0.0,0.328,0.0,0.0
240847,2025-07-18T23:00:00.000000000,0.909,0.0,0.0,0.268,0.0,0.0
240847,2025-07-19T00:00:00.000000000,0.652,0.0,0.0,0.19,0.0,0.0
240847,2025-07-19T01:00:00.000000000,0.617,0.0,0.0,0.157,0.0,0.0
240847,2025-07-19T02:00:00.000000000,0.571,0.0,0.0,0.11199999999999999,0.0,0.0
240847,2025-07-19T03:00:00.000000000,0.551,0.0,0.0,0.094,0.0,0.0
240847,2025-07-19T04:00:00.000000000,0.525,0.0,0.0,0.069,0.0,0.0
240847,2025-07-19T05:00:00.000000000,0.911,0.0,0.0,0.042,0.0,0.0
240847,2025-07-19T06:00:00.000000000,0.7160000000000001,0.0,0.0,0.054,0.0,0.0
240847,2025-07-19T07:00:00.000000000,0.718,0.0,0.0,0.119,0.0,0.0
240847,2025-07-19T08:00:00.000000000,0.76,0.0,0.0,0.259,0.0,0.0
240847,2025-07-19T09:00:00.000000000,0.9200000000000002,0.0,0.0,0.33899999999999997,0.0,0.0
240847,2025-07-19T10:00:00.000000000,1.203,0.0,0.0,0.40399999999999997,0.0,0.0
240847,2025-07-19T11:00:00.000000000,0.978,0.0,0.0,0.513,0.0,0.0
240847,2025-07-19T12:00:00.000000000,1.083,0.0,0.0,0.6150000000000001,0.0,0.0
240847,2025-07-19T13:00:00.000000000,1.204,0.0,0.0,0.7370000000000001,0.0,0.0
240847,2025-07-19T14:00:00.000000000,1.276,0.0,0.0,0.8109999999999999,0.0,0.0
240847,2025-07-19T15:00:00.000000000,1.285,0.0,0.0,0.815,0.0,0.0
240847,2025-07-19T16:00:00.000000000,1.214,0.0,0.0,0.7120000000000001,0.0,0.0
240847,2025-07-19T17:00:00.000000000,1.0830000000000002,0.0,0.0,0.59,0.0,0.0
240847,2025-07-19T18:00:00.000000000,0.9329999999999999,0.0,0.0,0.44799999999999995,0.0,0.0
240847,2025-07-19T19:00:00.000000000,0.79,0.0,0.0,0.306,0.0,0.0
240847,2025-07-19T20:00:00.000000000,1.003,0.0,0.0,0.21,0.0,0.0
240847,2025-07-19T21:00:00.000000000,1.032,0.0,0.0,0.148,0.0,0.0
240847,2025-07-19T22:00:00.000000000,0.52,0.0,0.0,0.024999999999999998,0.0,0.0
240847,2025-07-19T23:00:00.000000000,0.473,0.0,0.0,0.0,0.0,0.0
240847,2025-07-20T00:00:00.000000000,0.464,0.0,0.0,0.0,0.0,0.0
240847,2025-07-20T01:00:00.000000000,0.461,0.0,0.0,0.0,0.0,0.0
240847,2025-07-20T02:00:00.000000000,0.46,0.0,0.0,0.0,0.0,0.0
240847,2025-07-20T03:00:00.000000000,0.457,0.0,0.0,0.0,0.0,0.0
240847,2025-07-20T04:00:00.000000000,0.456,0.0,0.0,0.0,0.0,0.0
240847,2025-07-20T05:00:00.000000000,0.459,0.0,0.0,0.0,0.0,0.0
240847,2025-07-20T06:00:00.000000000,0.495,0.0,0.0,0.0,0.0,0.0
240847,2025-07-20T07:00:00.000000000,0.464,0.0,0.0,0.0,0.0,0.0
240847,2025-07-20T08:00:00.000000000,0.464,0.0,0.0,0.0,0.0,0.0
240847,2025-07-20T09:00:00.000000000,0.464,0.0,0.0,0.0,0.0,0.0
240847,2025-07-20T10:00:00.000000000,0.708,0.0,0.0,0.0,0.0,0.0
240847,2025-07-20T11:00:00.000000000,0.557,0.0,0.0,0.0,0.0,0.0
240847,2025-07-20T12:00:00.000000000,0.464,0.0,0.0,0.0,0.0,0.0
240847,2025-07-20T13:00:00.000000000,0.464,0.0,0.0,0.0,0.0,0.0
240847,2025-07-20T14:00:00.000000000,0.464,0.0,0.0,0.0,0.0,0.0
240847,2025-07-20T15:00:00.000000000,0.47,0.0,0.0,0.0,0.0,0.0
240847,2025-07-20T16:00:00.000000000,0.531,0.0,0.0,0.029,0.0,0.0
240847,2025-07-20T17:00:00.000000000,0.494,0.0,0.0,0.0,0.0,0.0
240847,2025-07-20T18:00:00.000000000,0.535,0.0,0.0,0.051,0.0,0.0
240847,2025-07-20T19:00:00.000000000,0.496,0.0,0.0,0.012,0.0,0.0
240847,2025-07-20T20:00:00.000000000,0.673,0.0,0.0,0.0,0.0,0.0
240847,2025-07-20T21:00:00.000000000,0.661,0.0,0.0,0.0,0.0,0.0
240847,2025-07-20T22:00:00.000000000,0.561,0.0,0.0,0.0,0.0,0.0
240847,2025-07-20T23:00:00.000000000,0.482,0.0,0.0,0.0,0.0,0.0
240847,2025-07-21T00:00:00.000000000,0.493,0.03,0.0,0.0,0.0,0.0
240847,2025-07-21T01:00:00.000000000,0.913,0.139,0.0,0.0,0.0,0.0
240847,2025-07-21T02:00:00.000000000,0.704,0.244,0.0,0.0,0.0,0.0
240847,2025-07-21T03:00:00.000000000,0.7709999999999999,0.313,0.0,0.0,0.0,0.0
240847,2025-07-21T04:00:00.000000000,0.817,0.361,0.0,0.0,0.0,0.0
240847,2025-07-21T05:00:00.000000000,0.7889999999999999,0.285,0.0,0.0,0.0,0.0
240847,2025-07-21T06:00:00.000000000,0.645,0.069,0.0,0.0,0.0,0.0
240847,2025-07-21T07:00:00.000000000,0.599,0.0,0.0,0.0,0.0,0.0
240847,2025-07-21T08:00:00.000000000,0.597,0.0,0.0,0.0,0.0,0.0
240847,2025-07-21T09:00:00.000000000,0.64,0.0,0.0,0.112,0.0,0.0
240847,2025-07-21T10:00:00.000000000,1.737,0.0,0.0,0.337,0.0,0.0
240847,2025-07-21T11:00:00.000000000,1.7179999999999997,0.0,0.0,0.481,0.0,0.0
240847,2025-07-21T12:00:00.000000000,1.201,0.0,0.0,0.596,0.0,0.0
240847,2025-07-21T13:00:00.000000000,1.29,0.0,0.0,0.692,0.0,0.0
240847,2025-07-21T14:00:00.000000000,1.3880000000000001,0.0,0.0,0.78,0.0,0.0
240847,2025-07-21T15:00:00.000000000,1.478,0.0,0.0,0.843,0.0,0.0
240847,2025-07-21T16:00:00.000000000,1.475,0.0,0.0,0.77,0.0,0.0
240847,2025-07-21T17:00:00.000000000,1.3849999999999998,0.0,0.0,0.662,0.0,0.0
240847,2025-07-21T18:00:00.000000000,1.812,0.0,0.0,0.547,0.0,0.0
240847,2025-07-21T19:00:00.000000000,1.267,0.0,0.0,0.312,0.0,0.0
240847,2025-07-21T20:00:00.000000000,1.264,0.0,0.0,0.164,0.0,0.0
240847,2025-07-21T21:00:00.000000000,0.6890000000000001,0.0,0.0,0.031000000000000003,0.0,0.0
240847,2025-07-21T22:00:00.000000000,0.55,0.0,0.0,0.0,0.0,0.0
240847,2025-07-21T23:00:00.000000000,0.472,0.0,0.0,0.0,0.0,0.0
240847,2025-07-22T00:00:00.000000000,0.464,0.0,0.0,0.0,0.0,0.0
240847,2025-07-22T01:00:00.000000000,0.461,0.0,0.0,0.0,0.0,0.0
240847,2025-07-22T02:00:00.000000000,0.457,0.0,0.0,0.0,0.0,0.0
240847,2025-07-22T03:00:00.000000000,0.41700000000000004,0.0,0.0,0.0,0.0,0.0
240847,2025-07-22T04:00:00.000000000,0.425,0.0,0.0,0.0,0.0,0.0
240847,2025-07-22T05:00:00.000000000,0.498,0.0,0.0,0.0,0.0,0.0
240847,2025-07-22T06:00:00.000000000,0.6960000000000001,0.0,0.0,0.0,0.0,0.0
240847,2025-07-22T07:00:00.000000000,0.801,0.0,0.0,0.0,0.0,0.0
240847,2025-07-22T08:00:00.000000000,0.677,0.0,0.0,0.08199999999999999,0.0,0.0
240847,2025-07-22T09:00:00.000000000,0.898,0.0,0.0,0.307,0.0,0.0
240847,2025-07-22T10:00:00.000000000,1.018,0.0,0.0,0.45599999999999996,0.0,0.0
240847,2025-07-22T11:00:00.000000000,1.0310000000000001,0.0,0.0,0.5660000000000001,0.0,0.0
240847,2025-07-22T12:00:00.000000000,1.113,0.0,0.0,0.646,0.0,0.0
240847,2025-07-22T13:00:00.000000000,1.224,0.0,0.0,0.7569999999999999,0.0,0.0
240847,2025-07-22T14:00:00.000000000,1.6969999999999998,0.0,0.0,0.879,0.0,0.0
240847,2025-07-22T15:00:00.000000000,1.6550000000000002,0.0,0.0,0.9309999999999999,0.0,0.0
240847,2025-07-22T16:00:00.000000000,2.207,0.0,0.0,0.956,0.0,0.0
240847,2025-07-22T17:00:00.000000000,1.564,0.0,0.0,0.8400000000000001,0.0,0.0
240847,2025-07-22T18:00:00.000000000,1.386,0.0,0.0,0.668,0.0,0.0
240847,2025-07-22T19:00:00.000000000,1.203,0.0,0.0,0.483,0.0,0.0
240847,2025-07-22T20:00:00.000000000,1.0870000000000002,0.0,0.0,0.35400000000000004,0.0,0.0
240847,2025-07-22T21:00:00.000000000,0.779,0.0,0.0,0.237,0.0,0.0
240847,2025-07-22T22:00:00.000000000,0.626,0.0,0.0,0.133,0.0,0.0
240847,2025-07-22T23:00:00.000000000,0.573,0.0,0.0,0.101,0.0,0.0
240847,2025-07-23T00:00:00.000000000,0.536,0.0,0.0,0.07200000000000001,0.0,0.0
240847,2025-07-23T01:00:00.000000000,0.509,0.0,0.0,0.047999999999999994,0.0,0.0
240847,2025-07-23T02:00:00.000000000,0.481,0.0,0.0,0.022000000000000002,0.0,0.0
240847,2025-07-23T03:00:00.000000000,0.469,0.0,0.0,0.013000000000000001,0.0,0.0
240847,2025-07-23T04:00:00.000000000,0.583,0.0,0.0,0.006,0.0,0.0
240847,2025-07-23T05:00:00.000000000,0.65,0.0,0.0,0.015,0.0,0.0
240847,2025-07-23T06:00:00.000000000,0.585,0.0,0.0,0.09,0.0,0.0
240847,2025-07-23T07:00:00.000000000,0.868,0.0,0.0,0.269,0.0,0.0
240847,2025-07-23T08:00:00.000000000,1.444,0.0,0.0,0.505,0.0,0.0
240847,2025-07-23T09:00:00.000000000,1.3,0.0,0.0,0.708,0.0,0.0
240847,2025-07-23T10:00:00.000000000,1.652,0.0,0.0,0.8190000000000001,0.0,0.0
240847,2025-07-23T11:00:00.000000000,1.704,0.0,0.0,0.855,0.0,0.0
240847,2025-07-23T12:00:00.000000000,1.4729999999999999,0.0,0.0,1.006,0.0,0.0
240847,2025-07-23T13:00:00.000000000,1.681,0.0,0.0,1.116,0.0,0.0
240847,2025-07-23T14:00:00.000000000,2.138,0.0,0.0,1.169,0.0,0.0
240847,2025-07-23T15:00:00.000000000,1.938,0.0,0.0,1.228,0.0,0.0
240847,2025-07-23T16:00:00.000000000,1.844,0.0,0.0,1.139,0.0,0.0
240847,2025-07-23T17:00:00.000000000,1.6340000000000001,0.0,0.0,0.9099999999999999,0.0,0.0
240847,2025-07-23T18:00:00.000000000,1.41,0.0,0.0,0.6920000000000001,0.0,0.0
240847,2025-07-23T19:00:00.000000000,1.223,0.0,0.0,0.501,0.0,0.0
240847,2025-07-23T20:00:00.000000000,1.1139999999999999,0.0,0.0,0.381,0.0,0.0
240847,2025-07-23T21:00:00.000000000,0.84,0.0,0.0,0.24200000000000002,0.0,0.0
240847,2025-07-23T22:00:00.000000000,0.8170000000000001,0.0,0.0,0.108,0.0,0.0
240847,2025-07-23T23:00:00.000000000,0.579,0.0,0.0,0.106,0.0,0.0
240847,2025-07-24T00:00:00.000000000,0.551,0.0,0.0,0.08900000000000001,0.0,0.0
240847,2025-07-24T01:00:00.000000000,0.524,0.0,0.0,0.063,0.0,0.0
240847,2025-07-24T02:00:00.000000000,0.469,0.0,0.0,0.009,0.0,0.0
240847,2025-07-24T03:00:00.000000000,0.457,0.0,0.0,0.0,0.0,0.0
240847,2025-07-24T04:00:00.000000000,0.456,0.0,0.0,0.0,0.0,0.0
240847,2025-07-24T05:00:00.000000000,0.459,0.0,0.0,0.0,0.0,0.0
240847,2025-07-24T06:00:00.000000000,0.463,0.0,0.0,0.0,0.0,0.0
240847,2025-07-24T07:00:00.000000000,0.464,0.0,0.0,0.0,0.0,0.0
240847,2025-07-24T08:00:00.000000000,0.464,0.0,0.0,0.0,0.0,0.0
240847,2025-07-24T09:00:00.000000000,0.495,0.0,0.0,0.0,0.0,0.0
240847,2025-07-24T10:00:00.000000000,0.5579999999999999,0.0,0.0,0.0,0.0,0.0
240847,2025-07-24T11:00:00.000000000,0.482,0.0,0.0,0.019,0.0,0.0
240847,2025-07-24T12:00:00.000000000,0.6130000000000001,0.0,0.0,0.147,0.0,0.0
240847,2025-07-24T13:00:00.000000000,0.771,0.0,0.0,0.30500000000000005,0.0,0.0
240847,2025-07-24T14:00:00.000000000,1.264,0.0,0.0,0.425,0.0,0.0
240847,2025-07-24T15:00:00.000000000,1.0510000000000002,0.0,0.0,0.544,0.0,0.0
240847,2025-07-24T16:00:00.000000000,1.024,0.0,0.0,0.523,0.0,0.0
240847,2025-07-24T17:00:00.000000000,0.9359999999999999,0.0,0.0,0.44200000000000006,0.0,0.0
240847,2025-07-24T18:00:00.000000000,0.7669999999999999,0.0,0.0,0.282,0.0,0.0
240847,2025-07-24T19:00:00.000000000,0.772,0.0,0.0,0.108,0.0,0.0
240847,2025-07-24T20:00:00.000000000,0.738,0.0,0.0,0.005,0.0,0.0
240847,2025-07-24T21:00:00.000000000,0.621,0.0,0.0,0.0,0.0,0.0
240847,2025-07-24T22:00:00.000000000,0.494,0.0,0.0,0.0,0.0,0.0
240847,2025-07-24T23:00:00.000000000,0.473,0.0,0.0,0.0,0.0,0.0
240847,2025-07-25T00:00:00.000000000,0.545,0.084,0.0,0.0,0.0,0.0
240847,2025-07-25T01:00:00.000000000,0.667,0.207,0.0,0.0,0.0,0.0
240847,2025-07-25T02:00:00.000000000,0.7629999999999999,0.30200000000000005,0.0,0.0,0.0,0.0
240847,2025-07-25T03:00:00.000000000,0.908,0.451,0.0,0.0,0.0,0.0
240847,2025-07-25T04:00:00.000000000,1.008,0.552,0.0,0.0,0.0,0.0
240847,2025-07-25T05:00:00.000000000,0.895,0.436,0.0,0.0,0.0,0.0
240847,2025-07-25T06:00:00.000000000,0.7969999999999999,0.178,0.0,0.0,0.0,0.0
240847,2025-07-25T07:00:00.000000000,0.8140000000000001,0.0,0.0,0.0,0.0,0.0
240847,2025-07-25T08:00:00.000000000,0.853,0.0,0.0,0.0,0.0,0.0
240847,2025-07-25T09:00:00.000000000,0.65,0.0,0.0,0.0,0.0,0.0
240847,2025-07-25T10:00:00.000000000,0.461,0.0,0.0,0.0,0.0,0.0
240847,2025-07-25T11:00:00.000000000,0.463,0.0,0.0,0.0,0.0,0.0
240847,2025-07-25T12:00:00.000000000,0.681,0.0,0.0,0.10700000000000001,0.0,0.0
240847,2025-07-25T13:00:00.000000000,3.427,0.0,0.0,0.486,0.0,0.0
240847,2025-07-25T14:00:00.000000000,1.409,0.0,0.0,0.44799999999999995,0.0,0.0
240847,2025-07-25T15:00:00.000000000,1.024,0.0,0.0,0.434,0.0,0.0
240847,2025-07-25T16:00:00.000000000,1.7610000000000001,0.0,0.0,0.43300000000000005,0.0,0.0
240847,2025-07-25T17:00:00.000000000,2.511,0.0,0.0,0.428,0.0,0.0
240847,2025-07-25T18:00:00.000000000,0.9209999999999999,0.0,0.0,0.204,0.0,0.0
240847,2025-07-25T19:00:00.000000000,0.752,0.0,0.0,0.031,0.0,0.0
240847,2025-07-25T20:00:00.000000000,0.778,0.0,0.0,0.046,0.0,0.0
240847,2025-07-25T21:00:00.000000000,0.661,0.0,0.0,0.0,0.0,0.0
240847,2025-07-25T22:00:00.000000000,0.534,0.0,0.0,0.0,0.0,0.0
240847,2025-07-25T23:00:00.000000000,0.836,0.0,0.0,0.0,0.0,0.0
240847,2025-07-26T00:00:00.000000000,0.493,0.013,0.0,0.0,0.0,0.0
240847,2025-07-26T01:00:00.000000000,0.6050000000000001,0.145,0.0,0.0,0.0,0.0
240847,2025-07-26T02:00:00.000000000,0.7550000000000001,0.29600000000000004,0.0,0.0,0.0,0.0
240847,2025-07-26T03:00:00.000000000,0.892,0.435,0.0,0.0,0.0,0.0
240847,2025-07-26T04:00:00.000000000,0.987,0.541,0.0,0.0,0.0,0.0
240847,2025-07-26T05:00:00.000000000,0.981,0.483,0.0,0.0,0.0,0.0
240847,2025-07-26T06:00:00.000000000,0.762,0.299,0.0,0.0,0.0,0.0
240847,2025-07-26T07:00:00.000000000,0.583,0.118,0.0,0.0,0.0,0.0
240847,2025-07-26T08:00:00.000000000,0.464,0.0,0.0,0.0,0.0,0.0
240847,2025-07-26T09:00:00.000000000,0.464,0.0,0.0,0.0,0.0,0.0
240847,2025-07-26T10:00:00.000000000,0.461,0.0,0.0,0.0,0.0,0.0
240847,2025-07-26T11:00:00.000000000,0.47400000000000003,0.0,0.0,0.011,0.0,0.0
240847,2025-07-26T12:00:00.000000000,0.5900000000000001,0.0,0.0,0.123,0.0,0.0
240847,2025-07-26T13:00:00.000000000,0.7309999999999999,0.0,0.0,0.265,0.0,0.0
240847,2025-07-26T14:00:00.000000000,0.863,0.0,0.0,0.39899999999999997,0.0,0.0
240847,2025-07-26T15:00:00.000000000,0.922,0.0,0.0,0.453,0.0,0.0
240847,2025-07-26T16:00:00.000000000,0.876,0.0,0.0,0.37500000000000006,0.0,0.0
240847,2025-07-26T17:00:00.000000000,1.259,0.0,0.0,0.298,0.0,0.0
240847,2025-07-26T18:00:00.000000000,0.8969999999999999,0.0,0.0,0.18000000000000002,0.0,0.0
240847,2025-07-26T19:00:00.000000000,0.794,0.0,0.0,0.07300000000000001,0.0,0.0
240847,2025-07-26T20:00:00.000000000,0.7349999999999999,0.0,0.0,0.002,0.0,0.0
240847,2025-07-26T21:00:00.000000000,0.661,0.0,0.0,0.0,0.0,0.0
240847,2025-07-26T22:00:00.000000000,0.561,0.0,0.0,0.0,0.0,0.0
240847,2025-07-26T23:00:00.000000000,0.481,0.0,0.0,0.0,0.0,0.0
240847,2025-07-27T00:00:00.000000000,0.464,0.0,0.0,0.0,0.0,0.0
240847,2025-07-27T01:00:00.000000000,0.461,0.0,0.0,0.0,0.0,0.0
240847,2025-07-27T02:00:00.000000000,0.47000000000000003,0.01,0.0,0.0,0.0,0.0
240847,2025-07-27T03:00:00.000000000,0.785,0.083,0.0,0.0,0.0,0.0
240847,2025-07-27T04:00:00.000000000,0.632,0.11699999999999999,0.0,0.0,0.0,0.0
240847,2025-07-27T05:00:00.000000000,0.613,0.109,0.0,0.0,0.0,0.0
240847,2025-07-27T06:00:00.000000000,0.611,0.035,0.0,0.0,0.0,0.0
240847,2025-07-27T07:00:00.000000000,0.564,0.0,0.0,0.0,0.0,0.0
240847,2025-07-27T08:00:00.000000000,0.464,0.0,0.0,0.0,0.0,0.0
240847,2025-07-27T09:00:00.000000000,0.704,0.0,0.0,0.0,0.0,0.0
240847,2025-07-27T10:00:00.000000000,0.638,0.0,0.0,0.0,0.0,0.0
240847,2025-07-27T11:00:00.000000000,0.463,0.0,0.0,0.0,0.0,0.0
240847,2025-07-27T12:00:00.000000000,0.503,0.0,0.0,0.037,0.0,0.0
240847,2025-07-27T13:00:00.000000000,0.6100000000000001,0.0,0.0,0.113,0.0,0.0
240847,2025-07-27T14:00:00.000000000,0.985,0.0,0.0,0.131,0.0,0.0
240847,2025-07-27T15:00:00.000000000,0.7090000000000001,0.0,0.0,0.11699999999999999,0.0,0.0
240847,2025-07-27T16:00:00.000000000,0.579,0.0,0.0,0.078,0.0,0.0
240847,2025-07-27T17:00:00.000000000,0.555,0.0,0.0,0.062,0.0,0.0
240847,2025-07-27T18:00:00.000000000,2.552,0.0,0.0,0.032,0.0,0.0
240847,2025-07-27T19:00:00.000000000,7.567000000000001,0.0,0.0,0.0,0.0,0.0
240847,2025-07-27T20:00:00.000000000,0.7569999999999999,0.0,0.0,0.024,0.0,0.0
240847,2025-07-27T21:00:00.000000000,0.621,0.0,0.0,0.0,0.0,0.0
240847,2025-07-27T22:00:00.000000000,0.494,0.0,0.0,0.0,0.0,0.0
240847,2025-07-27T23:00:00.000000000,0.473,0.0,0.0,0.0,0.0,0.0
240847,2025-07-28T00:00:00.000000000,0.464,0.0,0.0,0.0,0.0,0.0
240847,2025-07-28T01:00:00.000000000,0.7030000000000001,0.0,0.0,0.0,0.0,0.0
240847,2025-07-28T02:00:00.000000000,0.548,0.0,0.0,0.0,0.0,0.0
240847,2025-07-28T03:00:00.000000000,0.456,0.0,0.0,0.0,0.0,0.0
240847,2025-07-28T04:00:00.000000000,0.456,0.0,0.0,0.0,0.0,0.0
240847,2025-07-28T05:00:00.000000000,0.459,0.0,0.0,0.0,0.0,0.0
240847,2025-07-28T06:00:00.000000000,0.463,0.0,0.0,0.0,0.0,0.0
240847,2025-07-28T07:00:00.000000000,0.5660000000000001,0.0,0.0,0.0,0.0,0.0
240847,2025-07-28T08:00:00.000000000,0.597,0.0,0.0,0.0,0.0,0.0
240847,2025-07-28T09:00:00.000000000,0.497,0.0,0.0,0.0,0.0,0.0
240847,2025-07-28T10:00:00.000000000,0.788,0.0,0.0,0.08399999999999999,0.0,0.0
240847,2025-07-28T11:00:00.000000000,5.509,0.0,0.0,0.244,0.0,0.0
240847,2025-07-28T12:00:00.000000000,1.2319999999999998,0.0,0.0,0.32,0.0,0.0
240847,2025-07-28T13:00:00.000000000,0.96,0.0,0.0,0.361,0.0,0.0
240847,2025-07-28T14:00:00.000000000,0.985,0.0,0.0,0.377,0.0,0.0
240847,2025-07-28T15:00:00.000000000,0.978,0.0,0.0,0.34500000000000003,0.0,0.0
240847,2025-07-28T16:00:00.000000000,0.986,0.0,0.0,0.28200000000000003,0.0,0.0
240847,2025-07-28T17:00:00.000000000,0.98,0.0,0.0,0.256,0.0,0.0
240847,2025-07-28T18:00:00.000000000,1.0499999999999998,0.0,0.0,0.21500000000000002,0.0,0.0
240847,2025-07-28T19:00:00.000000000,1.246,0.0,0.0,0.169,0.0,0.0
240847,2025-07-28T20:00:00.000000000,0.877,0.0,0.0,0.14500000000000002,0.0,0.0
240847,2025-07-28T21:00:00.000000000,0.7629999999999999,0.0,0.0,0.104,0.0,0.0
240847,2025-07-28T22:00:00.000000000,0.511,0.0,0.0,0.019,0.0,0.0
240847,2025-07-28T23:00:00.000000000,0.488,0.0,0.0,0.015,0.0,0.0
240847,2025-07-29T00:00:00.000000000,0.46699999999999997,0.0,0.0,0.003,0.0,0.0
240847,2025-07-29T01:00:00.000000000,0.461,0.0,0.0,0.0,0.0,0.0
240847,2025-07-29T02:00:00.000000000,0.457,0.0,0.0,0.0,0.0,0.0
240847,2025-07-29T03:00:00.000000000,0.456,0.0,0.0,0.0,0.0,0.0
240847,2025-07-29T04:00:00.000000000,0.456,0.0,0.0,0.0,0.0,0.0
240847,2025-07-29T05:00:00.000000000,0.504,0.0,0.0,0.0,0.0,0.0
240847,2025-07-29T06:00:00.000000000,0.5770000000000001,0.0,0.0,0.0,0.0,0.0
240847,2025-07-29T07:00:00.000000000,2.414,0.0,0.0,0.172,0.0,0.0
240847,2025-07-29T08:00:00.000000000,0.819,0.0,0.0,0.22200000000000003,0.0,0.0
240847,2025-07-29T09:00:00.000000000,0.9069999999999999,0.0,0.0,0.411,0.0,0.0
240847,2025-07-29T10:00:00.000000000,1.234,0.0,0.0,0.704,0.0,0.0
240847,2025-07-29T11:00:00.000000000,2.885,0.0,0.0,1.11,0.0,0.0
240847,2025-07-29T12:00:00.000000000,3.942,0.0,0.0,1.44,0.0,0.0
240847,2025-07-29T13:00:00.000000000,2.068,0.0,0.0,1.4689999999999999,0.0,0.0
240847,2025-07-29T14:00:00.000000000,2.188,0.0,0.0,1.5770000000000002,0.0,0.0
240847,2025-07-29T15:00:00.000000000,2.3229999999999995,0.0,0.0,1.686,0.0,0.0
240847,2025-07-29T16:00:00.000000000,2.387,0.0,0.0,1.679,0.0,0.0
240847,2025-07-29T17:00:00.000000000,2.038,0.0,0.0,1.4309999999999998,0.0,0.0
240847,2025-07-29T18:00:00.000000000,1.578,0.0,0.0,1.092,0.0,0.0
240847,2025-07-29T19:00:00.000000000,1.7420000000000002,0.0,0.0,0.7970000000000002,0.0,0.0
240847,2025-07-29T20:00:00.000000000,1.304,0.0,0.0,0.635,0.0,0.0
240847,2025-07-29T21:00:00.000000000,0.9329999999999999,0.0,0.0,0.45399999999999996,0.0,0.0
240847,2025-07-29T22:00:00.000000000,0.794,0.0,0.0,0.3,0.0,0.0
240847,2025-07-29T23:00:00.000000000,0.6940000000000001,0.0,0.0,0.22099999999999997,0.0,0.0
240847,2025-07-30T00:00:00.000000000,0.605,0.0,0.0,0.14300000000000002,0.0,0.0
240847,2025-07-30T01:00:00.000000000,0.541,0.0,0.0,0.08,0.0,0.0
240847,2025-07-30T02:00:00.000000000,0.476,0.0,0.0,0.032,0.0,0.0
240847,2025-07-30T03:00:00.000000000,0.447,0.0,0.0,0.006,0.0,0.0
240847,2025-07-30T04:00:00.000000000,0.456,0.0,0.0,0.0,0.0,0.0
240847,2025-07-30T05:00:00.000000000,0.489,0.0,0.0,0.0,0.0,0.0
240847,2025-07-30T06:00:00.000000000,0.5640000000000001,0.0,0.0,0.101,0.0,0.0
240847,2025-07-30T07:00:00.000000000,0.779,0.0,0.0,0.314,0.0,0.0
240847,2025-07-30T08:00:00.000000000,1.117,0.0,0.0,0.652,0.0,0.0
240847,2025-07-30T09:00:00.000000000,1.7000000000000002,0.0,0.0,0.9339999999999999,0.0,0.0
240847,2025-07-30T10:00:00.000000000,1.6280000000000001,0.0,0.0,1.164,0.0,0.0
240847,2025-07-30T11:00:00.000000000,1.842,0.0,0.0,1.375,0.0,0.0
240847,2025-07-30T12:00:00.000000000,1.94,0.0,0.0,1.472,0.0,0.0
240847,2025-07-30T13:00:00.000000000,2.003,0.0,0.0,1.5350000000000001,0.0,0.0
240847,2025-07-30T14:00:00.000000000,2.046,0.0,0.0,1.58,0.0,0.0
240847,2025-07-30T15:00:00.000000000,2.037,0.0,0.0,1.565,0.0,0.0
240847,2025-07-30T16:00:00.000000000,2.1260000000000003,0.0,0.0,1.6219999999999999,0.0,0.0
240847,2025-07-30T17:00:00.000000000,2.2190000000000003,0.0,0.0,1.494,0.0,0.0
240847,2025-07-30T18:00:00.000000000,1.957,0.0,0.0,1.237,0.0,0.0
240847,2025-07-30T19:00:00.000000000,1.689,0.0,0.0,0.967,0.0,0.0
240847,2025-07-30T20:00:00.000000000,1.421,0.0,0.0,0.751,0.0,0.0
240847,2025-07-30T21:00:00.000000000,1.052,0.0,0.0,0.5720000000000001,0.0,0.0
240847,2025-07-30T22:00:00.000000000,1.26,0.0,0.0,0.45399999999999996,0.0,0.0
240847,2025-07-30T23:00:00.000000000,0.794,0.0,0.0,0.321,0.0,0.0
240847,2025-07-31T00:00:00.000000000,0.6940000000000001,0.0,0.0,0.22999999999999998,0.0,0.0
240847,2025-07-31T01:00:00.000000000,0.579,0.0,0.0,0.11800000000000001,0.0,0.0
240847,2025-07-31T02:00:00.000000000,0.486,0.0,0.0,0.027000000000000003,0.0,0.0
240847,2025-07-31T03:00:00.000000000,0.457,0.0,0.0,0.0,0.0,0.0
240847,2025-07-31T04:00:00.000000000,0.456,0.0,0.0,0.0,0.0,0.0
240847,2025-07-31T05:00:00.000000000,0.504,0.0,0.0,0.0,0.0,0.0
240847,2025-07-31T06:00:00.000000000,2.49,0.0,0.0,0.272,0.0,0.0
240847,2025-07-31T07:00:00.000000000,1.079,0.0,0.0,0.357,0.0,0.0
240847,2025-07-31T08:00:00.000000000,1.385,0.0,0.0,0.6340000000000001,0.0,0.0
240847,2025-07-31T09:00:00.000000000,1.318,0.0,0.0,0.854,0.0,0.0
240847,2025-07-31T10:00:00.000000000,1.4569999999999999,0.0,0.0,0.995,0.0,0.0
240847,2025-07-31T11:00:00.000000000,1.579,0.0,0.0,1.1139999999999999,0.0,0.0
240847,2025-07-31T12:00:00.000000000,1.772,0.0,0.0,1.304,0.0,0.0
240847,2025-07-31T13:00:00.000000000,2.057,0.0,0.0,1.4569999999999999,0.0,0.0
240847,2025-07-31T14:00:00.000000000,1.977,0.0,0.0,1.4739999999999998,0.0,0.0
240847,2025-07-31T15:00:00.000000000,2.0580000000000003,0.0,0.0,1.551,0.0,0.0
240847,2025-07-31T16:00:00.000000000,1.962,0.0,0.0,1.459,0.0,0.0
240847,2025-07-31T17:00:00.000000000,1.9009999999999998,0.0,0.0,1.284,0.0,0.0
240847,2025-07-31T18:00:00.000000000,1.8239999999999998,0.0,0.0,1.046,0.0,0.0
240847,2025-07-31T19:00:00.000000000,1.262,0.0,0.0,0.7770000000000001,0.0,0.0
240847,2025-07-31T20:00:00.000000000,1.3479999999999999,0.0,0.0,0.615,0.0,0.0
240847,2025-07-31T21:00:00.000000000,1.104,0.0,0.0,0.44399999999999995,0.0,0.0
240847,2025-07-31T22:00:00.000000000,0.857,0.0,0.0,0.295,0.0,0.0
240847,2025-07-31T23:00:00.000000000,0.7010000000000001,0.0,0.0,0.21899999999999997,0.0,0.0
240847,2025-08-01T00:00:00.000000000,0.619,0.0,0.0,0.157,0.0,0.0
240847,2025-08-01T01:00:00.000000000,0.56,0.0,0.0,0.099,0.0,0.0
240847,2025-08-01T02:00:00.000000000,0.517,0.0,0.0,0.057999999999999996,0.0,0.0
240847,2025-08-01T03:00:00.000000000,0.475,0.0,0.0,0.018000000000000002,0.0,0.0
240847,2025-08-01T04:00:00.000000000,0.456,0.0,0.0,0.0,0.0,0.0
240847,2025-08-01T05:00:00.000000000,0.635,0.0,0.0,0.054,0.0,0.0
240847,2025-08-01T06:00:00.000000000,1.019,0.0,0.0,0.243,0.0,0.0
240847,2025-08-01T07:00:00.000000000,1.294,0.0,0.0,0.46099999999999997,0.0,0.0
240847,2025-08-01T08:00:00.000000000,1.8159999999999998,0.0,0.0,0.7449999999999999,0.0,0.0
240847,2025-08-01T09:00:00.000000000,1.583,0.0,0.0,0.989,0.0,0.0
240847,2025-08-01T10:00:00.000000000,2.3000000000000003,0.0,0.0,1.19,0.0,0.0
240847,2025-08-01T11:00:00.000000000,1.623,0.0,0.0,1.1569999999999998,0.0,0.0
240847,2025-08-01T12:00:00.000000000,1.751,0.0,0.0,1.248,0.0,0.0
240847,2025-08-01T13:00:00.000000000,1.949,0.0,0.0,1.3809999999999998,0.0,0.0
240847,2025-08-01T14:00:00.000000000,2.133,0.0,0.0,1.423,0.0,0.0
240847,2025-08-01T15:00:00.000000000,2.6209999999999996,0.0,0.0,1.609,0.0,0.0
240847,2025-08-01T16:00:00.000000000,3.7030000000000003,0.0,0.0,1.698,0.0,0.0
240847,2025-08-01T17:00:00.000000000,1.984,0.0,0.0,1.25,0.0,0.0
240847,2025-08-01T18:00:00.000000000,1.74,0.0,0.0,1.0070000000000001,0.0,0.0
240847,2025-08-01T19:00:00.000000000,1.4280000000000002,0.0,0.0,0.687,0.0,0.0
240847,2025-08-01T20:00:00.000000000,1.077,0.0,0.0,0.327,0.0,0.0
240847,2025-08-01T21:00:00.000000000,1.496,0.0,0.0,0.342,0.0,0.0
240847,2025-08-01T22:00:00.000000000,0.82,0.0,0.0,0.234,0.0,0.0
240847,2025-08-01T23:00:00.000000000,0.641,0.0,0.0,0.168,0.0,0.0
240847,2025-08-02T00:00:00.000000000,0.613,0.0,0.0,0.149,0.0,0.0
240847,2025-08-02T01:00:00.000000000,0.572,0.0,0.0,0.11099999999999999,0.0,0.0
240847,2025-08-02T02:00:00.000000000,0.53,0.0,0.0,0.07200000000000001,0.0,0.0
240847,2025-08-02T03:00:00.000000000,0.497,0.0,0.0,0.04,0.0,0.0
240847,2025-08-02T04:00:00.000000000,0.483,0.0,0.0,0.027000000000000003,0.0,0.0
240847,2025-08-02T05:00:00.000000000,0.522,0.0,0.0,0.065,0.0,0.0
240847,2025-08-02T06:00:00.000000000,0.631,0.0,0.0,0.135,0.0,0.0
240847,2025-08-02T07:00:00.000000000,0.6990000000000001,0.0,0.0,0.23199999999999998,0.0,0.0
240847,2025-08-02T08:00:00.000000000,0.935,0.0,0.0,0.47,0.0,0.0
240847,2025-08-02T09:00:00.000000000,1.559,0.0,0.0,0.665,0.0,0.0
240847,2025-08-02T10:00:00.000000000,1.3090000000000002,0.0,0.0,0.817,0.0,0.0
240847,2025-08-02T11:00:00.000000000,1.36,0.0,0.0,0.894,0.0,0.0
240847,2025-08-02T12:00:00.000000000,1.4069999999999998,0.0,0.0,0.94,0.0,0.0
240847,2025-08-02T13:00:00.000000000,1.3940000000000001,0.0,0.0,0.926,0.0,0.0
240847,2025-08-02T14:00:00.000000000,1.4249999999999998,0.0,0.0,0.959,0.0,0.0
240847,2025-08-02T15:00:00.000000000,1.4569999999999999,0.0,0.0,0.987,0.0,0.0
240847,2025-08-02T16:00:00.000000000,1.514,0.0,0.0,0.849,0.0,0.0
240847,2025-08-02T17:00:00.000000000,1.4309999999999998,0.0,0.0,0.699,0.0,0.0
240847,2025-08-02T18:00:00.000000000,1.625,0.0,0.0,0.575,0.0,0.0
240847,2025-08-02T19:00:00.000000000,1.1809999999999998,0.0,0.0,0.43899999999999995,0.0,0.0
240847,2025-08-02T20:00:00.000000000,1.0510000000000002,0.0,0.0,0.301,0.0,0.0
240847,2025-08-02T21:00:00.000000000,0.8849999999999999,0.0,0.0,0.219,0.0,0.0
240847,2025-08-02T22:00:00.000000000,0.776,0.0,0.0,0.12300000000000001,0.0,0.0
240847,2025-08-02T23:00:00.000000000,0.864,0.0,0.0,0.064,0.0,0.0
240847,2025-08-03T00:00:00.000000000,0.492,0.0,0.0,0.03,0.0,0.0
240847,2025-08-03T01:00:00.000000000,0.461,0.0,0.0,0.0,0.0,0.0
240847,2025-08-03T02:00:00.000000000,0.46,0.0,0.0,0.0,0.0,0.0
240847,2025-08-03T03:00:00.000000000,0.457,0.0,0.0,0.0,0.0,0.0
240847,2025-08-03T04:00:00.000000000,0.456,0.0,0.0,0.0,0.0,0.0
240847,2025-08-03T05:00:00.000000000,0.459,0.0,0.0,0.0,0.0,0.0
240847,2025-08-03T06:00:00.000000000,0.562,0.0,0.0,0.0,0.0,0.0
240847,2025-08-03T07:00:00.000000000,0.497,0.0,0.0,0.0,0.0,0.0
240847,2025-08-03T08:00:00.000000000,0.496,0.0,0.0,0.03,0.0,0.0
240847,2025-08-03T09:00:00.000000000,0.606,0.0,0.0,0.14300000000000002,0.0,0.0
240847,2025-08-03T10:00:00.000000000,0.7290000000000001,0.0,0.0,0.268,0.0,0.0
240847,2025-08-03T11:00:00.000000000,0.9149999999999999,0.0,0.0,0.45,0.0,0.0
240847,2025-08-03T12:00:00.000000000,1.094,0.0,0.0,0.627,0.0,0.0
240847,2025-08-03T13:00:00.000000000,1.1749999999999998,0.0,0.0,0.7090000000000001,0.0,0.0
240847,2025-08-03T14:00:00.000000000,1.503,0.0,0.0,0.738,0.0,0.0
240847,2025-08-03T15:00:00.000000000,1.238,0.0,0.0,0.768,0.0,0.0
240847,2025-08-03T16:00:00.000000000,1.487,0.0,0.0,0.82,0.0,0.0
240847,2025-08-03T17:00:00.000000000,1.219,0.0,0.0,0.7249999999999999,0.0,0.0
240847,2025-08-03T18:00:00.000000000,3.035,0.0,0.0,0.7989999999999999,0.0,0.0
240847,2025-08-03T19:00:00.000000000,3.2729999999999997,0.0,0.0,0.734,0.0,0.0
240847,2025-08-03T20:00:00.000000000,1.403,0.0,0.0,0.41500000000000004,0.0,0.0
240847,2025-08-03T21:00:00.000000000,1.113,0.0,0.0,0.327,0.0,0.0
240847,2025-08-03T22:00:00.000000000,0.704,0.0,0.0,0.21199999999999997,0.0,0.0
240847,2025-08-03T23:00:00.000000000,0.617,0.0,0.0,0.14500000000000002,0.0,0.0
240847,2025-08-04T00:00:00.000000000,0.536,0.0,0.0,0.073,0.0,0.0
240847,2025-08-04T01:00:00.000000000,0.501,0.0,0.0,0.04,0.0,0.0
240847,2025-08-04T02:00:00.000000000,0.46199999999999997,0.0,0.0,0.005,0.0,0.0
240847,2025-08-04T03:00:00.000000000,0.456,0.0,0.0,0.0,0.0,0.0
240847,2025-08-04T04:00:00.000000000,0.45,0.0,0.0,0.0,0.0,0.0
240847,2025-08-04T05:00:00.000000000,0.501,0.0,0.0,0.0,0.0,0.0
240847,2025-08-04T06:00:00.000000000,3.0749999999999997,0.0,0.0,0.10400000000000001,0.0,0.0
240847,2025-08-04T07:00:00.000000000,1.003,0.0,0.0,0.043,0.0,0.0
240847,2025-08-04T08:00:00.000000000,0.825,0.0,0.0,0.22699999999999998,0.0,0.0
240847,2025-08-04T09:00:00.000000000,1.4389999999999998,0.0,0.0,0.49,0.0,0.0
240847,2025-08-04T10:00:00.000000000,1.71,0.0,0.0,0.7569999999999999,0.0,0.0
240847,2025-08-04T11:00:00.000000000,1.5970000000000002,0.0,0.0,0.992,0.0,0.0
240847,2025-08-04T12:00:00.000000000,1.673,0.0,0.0,1.066,0.0,0.0
240847,2025-08-04T13:00:00.000000000,1.818,0.0,0.0,1.218,0.0,0.0
240847,2025-08-04T14:00:00.000000000,1.962,0.0,0.0,1.35,0.0,0.0
240847,2025-08-04T15:00:00.000000000,1.976,0.0,0.0,1.3390000000000002,0.0,0.0
240847,2025-08-04T16:00:00.000000000,1.878,0.0,0.0,1.1680000000000001,0.0,0.0
240847,2025-08-04T17:00:00.000000000,1.726,0.0,0.0,0.994,0.0,0.0
240847,2025-08-04T18:00:00.000000000,1.525,0.0,0.0,0.792,0.0,0.0
240847,2025-08-04T19:00:00.000000000,1.344,0.0,0.0,0.603,0.0,0.0
240847,2025-08-04T20:00:00.000000000,1.6749999999999998,0.0,0.0,0.43599999999999994,0.0,0.0
240847,2025-08-04T21:00:00.000000000,1.1809999999999998,0.0,0.0,0.281,0.0,0.0
240847,2025-08-04T22:00:00.000000000,0.857,0.0,0.0,0.20799999999999996,0.0,0.0
240847,2025-08-04T23:00:00.000000000,0.635,0.0,0.0,0.161,0.0,0.0
240847,2025-08-05T00:00:00.000000000,0.599,0.0,0.0,0.135,0.0,0.0
240847,2025-08-05T01:00:00.000000000,0.575,0.0,0.0,0.11399999999999999,0.0,0.0
240847,2025-08-05T02:00:00.000000000,0.56,0.0,0.0,0.101,0.0,0.0
240847,2025-08-05T03:00:00.000000000,0.555,0.0,0.0,0.099,0.0,0.0
240847,2025-08-05T04:00:00.000000000,0.546,0.0,0.0,0.09,0.0,0.0
240847,2025-08-05T05:00:00.000000000,0.6140000000000001,0.0,0.0,0.107,0.0,0.0
240847,2025-08-05T06:00:00.000000000,0.7190000000000001,0.0,0.0,0.14100000000000001,0.0,0.0
240847,2025-08-05T07:00:00.000000000,0.7909999999999999,0.0,0.0,0.189,0.0,0.0
240847,2025-08-05T08:00:00.000000000,0.868,0.0,0.0,0.27,0.0,0.0
240847,2025-08-05T09:00:00.000000000,0.9179999999999999,0.0,0.0,0.357,0.0,0.0
240847,2025-08-05T10:00:00.000000000,0.956,0.0,0.0,0.494,0.0,0.0
240847,2025-08-05T11:00:00.000000000,1.077,0.0,0.0,0.613,0.0,0.0
240847,2025-08-05T12:00:00.000000000,1.1929999999999998,0.0,0.0,0.7249999999999999,0.0,0.0
240847,2025-08-05T13:00:00.000000000,1.506,0.0,0.0,0.942,0.0,0.0
240847,2025-08-05T14:00:00.000000000,2.954,0.0,0.0,1.125,0.0,0.0
240847,2025-08-05T15:00:00.000000000,1.7850000000000001,0.0,0.0,0.976,0.0,0.0
240847,2025-08-05T16:00:00.000000000,1.602,0.0,0.0,0.893,0.0,0.0
240847,2025-08-05T17:00:00.000000000,1.3760000000000001,0.0,0.0,0.766,0.0,0.0
240847,2025-08-05T18:00:00.000000000,1.1059999999999999,0.0,0.0,0.621,0.0,0.0
240847,2025-08-05T19:00:00.000000000,0.977,0.0,0.0,0.494,0.0,0.0
240847,2025-08-05T20:00:00.000000000,0.872,0.0,0.0,0.389,0.0,0.0
240847,2025-08-05T21:00:00.000000000,0.786,0.0,0.0,0.307,0.0,0.0
240847,2025-08-05T22:00:00.000000000,0.73,0.0,0.0,0.237,0.0,0.0
240847,2025-08-05T23:00:00.000000000,0.984,0.0,0.0,0.199,0.0,0.0
240847,2025-08-06T00:00:00.000000000,0.621,0.0,0.0,0.159,0.0,0.0
240847,2025-08-06T01:00:00.000000000,0.598,0.0,0.0,0.137,0.0,0.0
240847,2025-08-06T02:00:00.000000000,0.563,0.0,0.0,0.10399999999999998,0.0,0.0
240847,2025-08-06T03:00:00.000000000,0.526,0.0,0.0,0.069,0.0,0.0
240847,2025-08-06T04:00:00.000000000,0.504,0.0,0.0,0.05,0.0,0.0
240847,2025-08-06T05:00:00.000000000,0.482,0.0,0.0,0.023000000000000003,0.0,0.0
240847,2025-08-06T06:00:00.000000000,0.804,0.0,0.0,0.0,0.0,0.0
240847,2025-08-06T07:00:00.000000000,0.8720000000000001,0.0,0.0,0.02,0.0,0.0
240847,2025-08-06T08:00:00.000000000,0.48,0.0,0.0,0.015,0.0,0.0
240847,2025-08-06T09:00:00.000000000,0.519,0.0,0.0,0.056999999999999995,0.0,0.0
240847,2025-08-06T10:00:00.000000000,0.549,0.0,0.0,0.087,0.0,0.0
240847,2025-08-06T11:00:00.000000000,0.594,0.0,0.0,0.128,0.0,0.0
240847,2025-08-06T12:00:00.000000000,0.6839999999999999,0.0,0.0,0.184,0.0,0.0
240847,2025-08-06T13:00:00.000000000,0.826,0.0,0.0,0.227,0.0,0.0
240847,2025-08-06T14:00:00.000000000,0.823,0.0,0.0,0.21299999999999997,0.0,0.0
240847,2025-08-06T15:00:00.000000000,0.7010000000000001,0.0,0.0,0.15,0.0,0.0
240847,2025-08-06T16:00:00.000000000,0.5569999999999999,0.0,0.0,0.056,0.0,0.0
240847,2025-08-06T17:00:00.000000000,0.496,0.0,0.0,0.002,0.0,0.0
240847,2025-08-06T18:00:00.000000000,0.976,0.0,0.0,0.0,0.0,0.0
240847,2025-08-06T19:00:00.000000000,4.46,0.0,0.0,0.0,0.0,0.0
240847,2025-08-06T20:00:00.000000000,3.861,0.0,0.0,0.0,0.0,0.0
240847,2025-08-06T21:00:00.000000000,0.665,0.0,0.0,0.0,0.0,0.0
240847,2025-08-06T22:00:00.000000000,0.494,0.0,0.0,0.0,0.0,0.0
240847,2025-08-06T23:00:00.000000000,0.473,0.0,0.0,0.0,0.0,0.0
240847,2025-08-07T00:00:00.000000000,0.47000000000000003,0.007,0.0,0.0,0.0,0.0
240847,2025-08-07T01:00:00.000000000,0.547,0.086,0.0,0.0,0.0,0.0
240847,2025-08-07T02:00:00.000000000,0.608,0.148,0.0,0.0,0.0,0.0
240847,2025-08-07T03:00:00.000000000,0.9580000000000001,0.16399999999999998,0.0,0.0,0.0,0.0
240847,2025-08-07T04:00:00.000000000,0.638,0.184,0.0,0.0,0.0,0.0
240847,2025-08-07T05:00:00.000000000,0.625,0.166,0.0,0.0,0.0,0.0
240847,2025-08-07T06:00:00.000000000,0.646,0.08399999999999999,0.0,0.0,0.0,0.0
240847,2025-08-07T07:00:00.000000000,0.9760000000000001,0.019,0.0,0.0,0.0,0.0
240847,2025-08-07T08:00:00.000000000,0.8700000000000001,0.0,0.0,0.0,0.0,0.0
240847,2025-08-07T09:00:00.000000000,0.497,0.0,0.0,0.0,0.0,0.0
240847,2025-08-07T10:00:00.000000000,0.461,0.0,0.0,0.0,0.0,0.0
240847,2025-08-07T11:00:00.000000000,0.495,0.0,0.0,0.032,0.0,0.0
240847,2025-08-07T12:00:00.000000000,0.7040000000000001,0.0,0.0,0.121,0.0,0.0
240847,2025-08-07T13:00:00.000000000,1.049,0.0,0.0,0.30500000000000005,0.0,0.0
240847,2025-08-07T14:00:00.000000000,0.9259999999999999,0.0,0.0,0.46199999999999997,0.0,0.0
240847,2025-08-07T15:00:00.000000000,1.046,0.0,0.0,0.5770000000000001,0.0,0.0
240847,2025-08-07T16:00:00.000000000,1.04,0.0,0.0,0.538,0.0,0.0
240847,2025-08-07T17:00:00.000000000,0.9359999999999999,0.0,0.0,0.44199999999999995,0.0,0.0
240847,2025-08-07T18:00:00.000000000,0.7490000000000001,0.0,0.0,0.26399999999999996,0.0,0.0
240847,2025-08-07T19:00:00.000000000,0.5489999999999999,0.0,0.0,0.065,0.0,0.0
240847,2025-08-07T20:00:00.000000000,0.75,0.0,0.0,0.0,0.0,0.0
240847,2025-08-07T21:00:00.000000000,0.665,0.0,0.0,0.0,0.0,0.0
240847,2025-08-07T22:00:00.000000000,0.534,0.0,0.0,0.0,0.0,0.0
240847,2025-08-07T23:00:00.000000000,0.473,0.0,0.0,0.0,0.0,0.0
240847,2025-08-08T00:00:00.000000000,0.537,0.073,0.0,0.0,0.0,0.0
240847,2025-08-08T01:00:00.000000000,0.6719999999999999,0.211,0.0,0.0,0.0,0.0
240847,2025-08-08T02:00:00.000000000,0.801,0.34199999999999997,0.0,0.0,0.0,0.0
240847,2025-08-08T03:00:00.000000000,0.903,0.446,0.0,0.0,0.0,0.0
240847,2025-08-08T04:00:00.000000000,0.9490000000000001,0.493,0.0,0.0,0.0,0.0
240847,2025-08-08T05:00:00.000000000,1.041,0.45899999999999996,0.0,0.0,0.0,0.0
240847,2025-08-08T06:00:00.000000000,1.049,0.20500000000000002,0.0,0.0,0.0,0.0
240847,2025-08-08T07:00:00.000000000,0.542,0.01,0.0,0.0,0.0,0.0
240847,2025-08-08T08:00:00.000000000,0.464,0.0,0.0,0.0,0.0,0.0
240847,2025-08-08T09:00:00.000000000,0.464,0.0,0.0,0.0,0.0,0.0
240847,2025-08-08T10:00:00.000000000,0.48200000000000004,0.0,0.0,0.021,0.0,0.0
240847,2025-08-08T11:00:00.000000000,1.066,0.0,0.0,0.237,0.0,0.0
240847,2025-08-08T12:00:00.000000000,0.9369999999999999,0.0,0.0,0.455,0.0,0.0
240847,2025-08-08T13:00:00.000000000,1.107,0.0,0.0,0.6399999999999999,0.0,0.0
240847,2025-08-08T14:00:00.000000000,1.391,0.0,0.0,0.813,0.0,0.0
240847,2025-08-08T15:00:00.000000000,1.521,0.0,0.0,0.9269999999999999,0.0,0.0
240847,2025-08-08T16:00:00.000000000,1.396,0.0,0.0,0.894,0.0,0.0
240847,2025-08-08T17:00:00.000000000,1.253,0.0,0.0,0.7590000000000001,0.0,0.0
240847,2025-08-08T18:00:00.000000000,1.03,0.0,0.0,0.429,0.0,0.0
240847,2025-08-08T19:00:00.000000000,1.4010000000000002,0.0,0.0,0.246,0.0,0.0
240847,2025-08-08T20:00:00.000000000,1.188,0.0,0.0,0.169,0.0,0.0
240847,2025-08-08T21:00:00.000000000,0.6970000000000001,0.0,0.0,0.032,0.0,0.0
240847,2025-08-08T22:00:00.000000000,0.561,0.0,0.0,0.0,0.0,0.0
240847,2025-08-08T23:00:00.000000000,0.479,0.0,0.0,0.0,0.0,0.0
240847,2025-08-09T00:00:00.000000000,0.445,0.0,0.0,0.0,0.0,0.0
240847,2025-08-09T01:00:00.000000000,0.461,0.0,0.0,0.0,0.0,0.0
240847,2025-08-09T02:00:00.000000000,0.46,0.0,0.0,0.0,0.0,0.0
240847,2025-08-09T03:00:00.000000000,0.5,0.043,0.0,0.0,0.0,0.0
240847,2025-08-09T04:00:00.000000000,0.612,0.15600000000000003,0.0,0.0,0.0,0.0
240847,2025-08-09T05:00:00.000000000,0.8009999999999999,0.17700000000000002,0.0,0.0,0.0,0.0
240847,2025-08-09T06:00:00.000000000,0.943,0.052000000000000005,0.0,0.0,0.0,0.0
240847,2025-08-09T07:00:00.000000000,0.567,0.0,0.0,0.0,0.0,0.0
240847,2025-08-09T08:00:00.000000000,0.464,0.0,0.0,0.0,0.0,0.0
240847,2025-08-09T09:00:00.000000000,0.597,0.0,0.0,0.133,0.0,0.0
240847,2025-08-09T10:00:00.000000000,0.9,0.0,0.0,0.40299999999999997,0.0,0.0
240847,2025-08-09T11:00:00.000000000,9.837,0.0,0.0,0.886,0.0,0.0
240847,2025-08-09T12:00:00.000000000,2.0660000000000003,0.0,0.0,0.864,0.0,0.0
240847,2025-08-09T13:00:00.000000000,1.478,0.0,0.0,1.01,0.0,0.0
240847,2025-08-09T14:00:00.000000000,1.605,0.0,0.0,1.101,0.0,0.0
240847,2025-08-09T15:00:00.000000000,1.613,0.0,0.0,1.061,0.0,0.0
240847,2025-08-09T16:00:00.000000000,1.516,0.0,0.0,1.013,0.0,0.0
240847,2025-08-09T17:00:00.000000000,1.35,0.0,0.0,0.8560000000000001,0.0,0.0
240847,2025-08-09T18:00:00.000000000,1.121,0.0,0.0,0.636,0.0,0.0
240847,2025-08-09T19:00:00.000000000,2.389,0.0,0.0,0.553,0.0,0.0
240847,2025-08-09T20:00:00.000000000,1.061,0.0,0.0,0.311,0.0,0.0
240847,2025-08-09T21:00:00.000000000,1.074,0.0,0.0,0.166,0.0,0.0
240847,2025-08-09T22:00:00.000000000,0.686,0.0,0.0,0.03,0.0,0.0
240847,2025-08-09T23:00:00.000000000,0.479,0.0,0.0,0.0,0.0,0.0
240847,2025-08-10T00:00:00.000000000,0.463,0.0,0.0,0.0,0.0,0.0
240847,2025-08-10T01:00:00.000000000,0.461,0.0,0.0,0.0,0.0,0.0
240847,2025-08-10T02:00:00.000000000,0.46,0.0,0.0,0.0,0.0,0.0
240847,2025-08-10T03:00:00.000000000,0.457,0.0,0.0,0.0,0.0,0.0
240847,2025-08-10T04:00:00.000000000,0.456,0.0,0.0,0.0,0.0,0.0
240847,2025-08-10T05:00:00.000000000,0.987,0.0,0.0,0.0,0.0,0.0
240847,2025-08-10T06:00:00.000000000,0.6910000000000001,0.0,0.0,0.0,0.0,0.0
240847,2025-08-10T07:00:00.000000000,0.832,0.0,0.0,0.0,0.0,0.0
240847,2025-08-10T08:00:00.000000000,0.753,0.0,0.0,0.0,0.0,0.0
240847,2025-08-10T09:00:00.000000000,0.6910000000000001,0.0,0.0,0.22799999999999998,0.0,0.0
240847,2025-08-10T10:00:00.000000000,0.9369999999999999,0.0,0.0,0.47500000000000003,0.0,0.0
240847,2025-08-10T11:00:00.000000000,1.129,0.0,0.0,0.663,0.0,0.0
240847,2025-08-10T12:00:00.000000000,1.291,0.0,0.0,0.823,0.0,0.0
240847,2025-08-10T13:00:00.000000000,1.41,0.0,0.0,0.942,0.0,0.0
240847,2025-08-10T14:00:00.000000000,1.48,0.0,0.0,1.0150000000000001,0.0,0.0
240847,2025-08-10T15:00:00.000000000,1.5310000000000001,0.0,0.0,1.061,0.0,0.0
240847,2025-08-10T16:00:00.000000000,1.6,0.0,0.0,0.99,0.0,0.0
240847,2025-08-10T17:00:00.000000000,1.297,0.0,0.0,0.8029999999999999,0.0,0.0
240847,2025-08-10T18:00:00.000000000,1.5290000000000001,0.0,0.0,0.613,0.0,0.0
240847,2025-08-10T19:00:00.000000000,1.257,0.0,0.0,0.42599999999999993,0.0,0.0
240847,2025-08-10T20:00:00.000000000,1.018,0.0,0.0,0.268,0.0,0.0
240847,2025-08-10T21:00:00.000000000,0.6940000000000001,0.0,0.0,0.148,0.0,0.0
240847,2025-08-10T22:00:00.000000000,0.524,0.0,0.0,0.03,0.0,0.0
240847,2025-08-10T23:00:00.000000000,0.473,0.0,0.0,0.0,0.0,0.0
240847,2025-08-11T00:00:00.000000000,0.464,0.0,0.0,0.0,0.0,0.0
240847,2025-08-11T01:00:00.000000000,0.461,0.0,0.0,0.0,0.0,0.0
240847,2025-08-11T02:00:00.000000000,0.833,0.0,0.0,0.0,0.0,0.0
240847,2025-08-11T03:00:00.000000000,2.787,0.0,0.0,0.002,0.0,0.0
240847,2025-08-11T04:00:00.000000000,3.139,0.0,0.0,0.014,0.0,0.0
240847,2025-08-11T05:00:00.000000000,2.8949999999999996,0.0,0.0,0.092,0.0,0.0
240847,2025-08-11T06:00:00.000000000,3.0999999999999996,0.0,0.0,0.26,0.0,0.0
240847,2025-08-11T07:00:00.000000000,1.9260000000000002,0.0,0.0,0.34800000000000003,0.0,0.0
240847,2025-08-11T08:00:00.000000000,1.002,0.0,0.0,0.40399999999999997,0.0,0.0
240847,2025-08-11T09:00:00.000000000,1.201,0.0,0.0,0.6070000000000001,0.0,0.0
240847,2025-08-11T10:00:00.000000000,1.4900000000000002,0.0,0.0,0.752,0.0,0.0
240847,2025-08-11T11:00:00.000000000,2.222,0.0,0.0,0.869,0.0,0.0
240847,2025-08-11T12:00:00.000000000,1.5270000000000001,0.0,0.0,0.92,0.0,0.0
240847,2025-08-11T13:00:00.000000000,1.8450000000000002,0.0,0.0,1.001,0.0,0.0
240847,2025-08-11T14:00:00.000000000,1.759,0.0,0.0,1.0750000000000002,0.0,0.0
240847,2025-08-11T15:00:00.000000000,3.451,0.0,0.0,1.25,0.0,0.0
240847,2025-08-11T16:00:00.000000000,3.7409999999999997,0.0,0.0,1.234,0.0,0.0
240847,2025-08-11T17:00:00.000000000,1.684,0.0,0.0,0.951,0.0,0.0
240847,2025-08-11T18:00:00.000000000,1.4689999999999999,0.0,0.0,0.7340000000000001,0.0,0.0
240847,2025-08-11T19:00:00.000000000,1.385,0.0,0.0,0.47000000000000003,0.0,0.0
240847,2025-08-11T20:00:00.000000000,0.9849999999999999,0.0,0.0,0.246,0.0,0.0
240847,2025-08-11T21:00:00.000000000,0.684,0.0,0.0,0.205,0.0,0.0
240847,2025-08-11T22:00:00.000000000,0.582,0.0,0.0,0.089,0.0,0.0
240847,2025-08-11T23:00:00.000000000,0.526,0.0,0.0,0.054,0.0,0.0
240847,2025-08-12T00:00:00.000000000,0.493,0.0,0.0,0.029999999999999995,0.0,0.0
240847,2025-08-12T01:00:00.000000000,0.46399999999999997,0.0,0.0,0.004,0.0,0.0
240847,2025-08-12T02:00:00.000000000,0.457,0.0,0.0,0.0,0.0,0.0
240847,2025-08-12T03:00:00.000000000,0.41700000000000004,0.0,0.0,0.0,0.0,0.0
240847,2025-08-12T04:00:00.000000000,0.425,0.0,0.0,0.0,0.0,0.0
240847,2025-08-12T05:00:00.000000000,0.502,0.0,0.0,0.001,0.0,0.0
240847,2025-08-12T06:00:00.000000000,0.917,0.0,0.0,0.096,0.0,0.0
240847,2025-08-12T07:00:00.000000000,1.193,0.0,0.0,0.259,0.0,0.0
240847,2025-08-12T08:00:00.000000000,0.946,0.0,0.0,0.446,0.0,0.0
240847,2025-08-12T09:00:00.000000000,1.097,0.0,0.0,0.633,0.0,0.0
240847,2025-08-12T10:00:00.000000000,1.3780000000000001,0.0,0.0,0.782,0.0,0.0
240847,2025-08-12T11:00:00.000000000,1.2650000000000001,0.0,0.0,0.7990000000000002,0.0,0.0
240847,2025-08-12T12:00:00.000000000,1.252,0.0,0.0,0.786,0.0,0.0
240847,2025-08-12T13:00:00.000000000,1.2349999999999999,0.0,0.0,0.768,0.0,0.0
240847,2025-08-12T14:00:00.000000000,1.2,0.0,0.0,0.734,0.0,0.0
240847,2025-08-12T15:00:00.000000000,1.3239999999999998,0.0,0.0,0.7249999999999999,0.0,0.0
240847,2025-08-12T16:00:00.000000000,1.383,0.0,0.0,0.674,0.0,0.0
240847,2025-08-12T17:00:00.000000000,1.365,0.0,0.0,0.634,0.0,0.0
240847,2025-08-12T18:00:00.000000000,1.248,0.0,0.0,0.515,0.0,0.0
240847,2025-08-12T19:00:00.000000000,1.5330000000000001,0.0,0.0,0.387,0.0,0.0
240847,2025-08-12T20:00:00.000000000,1.06,0.0,0.0,0.311,0.0,0.0
240847,2025-08-12T21:00:00.000000000,0.669,0.0,0.0,0.192,0.0,0.0
240847,2025-08-12T22:00:00.000000000,0.544,0.0,0.0,0.051,0.0,0.0
240847,2025-08-12T23:00:00.000000000,0.472,0.0,0.0,0.0,0.0,0.0
240847,2025-08-13T00:00:00.000000000,0.464,0.0,0.0,0.0,0.0,0.0
240847,2025-08-13T01:00:00.000000000,0.461,0.0,0.0,0.0,0.0,0.0
240847,2025-08-13T02:00:00.000000000,0.46,0.0,0.0,0.0,0.0,0.0
240847,2025-08-13T03:00:00.000000000,0.457,0.0,0.0,0.0,0.0,0.0
240847,2025-08-13T04:00:00.000000000,0.456,0.0,0.0,0.0,0.0,0.0
240847,2025-08-13T05:00:00.000000000,0.459,0.0,0.0,0.0,0.0,0.0
240847,2025-08-13T06:00:00.000000000,0.463,0.0,0.0,0.0,0.0,0.0
240847,2025-08-13T07:00:00.000000000,0.491,0.0,0.0,0.026000000000000002,0.0,0.0
240847,2025-08-13T08:00:00.000000000,0.556,0.0,0.0,0.091,0.0,0.0
240847,2025-08-13T09:00:00.000000000,0.912,0.0,0.0,0.447,0.0,0.0
240847,2025-08-13T10:00:00.000000000,1.088,0.0,0.0,0.625,0.0,0.0
240847,2025-08-13T11:00:00.000000000,1.2109999999999999,0.0,0.0,0.744,0.0,0.0
240847,2025-08-13T12:00:00.000000000,1.327,0.0,0.0,0.86,0.0,0.0
240847,2025-08-13T13:00:00.000000000,1.448,0.0,0.0,0.982,0.0,0.0
240847,2025-08-13T14:00:00.000000000,1.86,0.0,0.0,1.114,0.0,0.0
240847,2025-08-13T15:00:00.000000000,1.72,0.0,0.0,1.248,0.0,0.0
240847,2025-08-13T16:00:00.000000000,1.736,0.0,0.0,1.232,0.0,0.0
240847,2025-08-13T17:00:00.000000000,1.803,0.0,0.0,1.126,0.0,0.0
240847,2025-08-13T18:00:00.000000000,1.6340000000000001,0.0,0.0,0.8979999999999999,0.0,0.0
240847,2025-08-13T19:00:00.000000000,1.34,0.0,0.0,0.598,0.0,0.0
240847,2025-08-13T20:00:00.000000000,1.146,0.0,0.0,0.396,0.0,0.0
240847,2025-08-13T21:00:00.000000000,0.992,0.0,0.0,0.20500000000000002,0.0,0.0
240847,2025-08-13T22:00:00.000000000,0.83,0.0,0.0,0.044,0.0,0.0
240847,2025-08-13T23:00:00.000000000,0.473,0.0,0.0,0.0,0.0,0.0
240847,2025-08-14T00:00:00.000000000,0.464,0.0,0.0,0.0,0.0,0.0
240847,2025-08-14T01:00:00.000000000,0.461,0.0,0.0,0.0,0.0,0.0
240847,2025-08-14T02:00:00.000000000,0.46,0.0,0.0,0.0,0.0,0.0
240847,2025-08-14T03:00:00.000000000,0.457,0.0,0.0,0.0,0.0,0.0
240847,2025-08-14T04:00:00.000000000,0.805,0.0,0.0,0.0,0.0,0.0
240847,2025-08-14T05:00:00.000000000,0.507,0.0,0.0,0.0,0.0,0.0
240847,2025-08-14T06:00:00.000000000,0.463,0.0,0.0,0.0,0.0,0.0
240847,2025-08-14T07:00:00.000000000,0.5860000000000001,0.0,0.0,0.0,0.0,0.0
240847,2025-08-14T08:00:00.000000000,1.09,0.0,0.0,0.048,0.0,0.0
240847,2025-08-14T09:00:00.000000000,0.753,0.0,0.0,0.29100000000000004,0.0,0.0
240847,2025-08-14T10:00:00.000000000,1.002,0.0,0.0,0.54,0.0,0.0
240847,2025-08-14T11:00:00.000000000,1.1869999999999998,0.0,0.0,0.7230000000000001,0.0,0.0
240847,2025-08-14T12:00:00.000000000,1.315,0.0,0.0,0.847,0.0,0.0
240847,2025-08-14T13:00:00.000000000,1.4749999999999999,0.0,0.0,1.009,0.0,0.0
240847,2025-08-14T14:00:00.000000000,1.8960000000000001,0.0,0.0,1.092,0.0,0.0
240847,2025-08-14T15:00:00.000000000,1.6199999999999999,0.0,0.0,1.149,0.0,0.0
240847,2025-08-14T16:00:00.000000000,1.6100000000000003,0.0,0.0,1.107,0.0,0.0
240847,2025-08-14T17:00:00.000000000,1.444,0.0,0.0,0.949,0.0,0.0
240847,2025-08-14T18:00:00.000000000,1.2189999999999999,0.0,0.0,0.733,0.0,0.0
240847,2025-08-14T19:00:00.000000000,1.159,0.0,0.0,0.544,0.0,0.0
240847,2025-08-14T20:00:00.000000000,1.153,0.0,0.0,0.403,0.0,0.0
240847,2025-08-14T21:00:00.000000000,0.9329999999999999,0.0,0.0,0.266,0.0,0.0
240847,2025-08-14T22:00:00.000000000,0.619,0.0,0.0,0.126,0.0,0.0
240847,2025-08-14T23:00:00.000000000,0.528,0.0,0.0,0.055999999999999994,0.0,0.0
240847,2025-08-15T00:00:00.000000000,0.795,0.0,0.0,0.013000000000000001,0.0,0.0
240847,2025-08-15T01:00:00.000000000,0.461,0.0,0.0,0.0,0.0,0.0
240847,2025-08-15T02:00:00.000000000,0.46,0.0,0.0,0.0,0.0,0.0
240847,2025-08-15T03:00:00.000000000,0.457,0.0,0.0,0.0,0.0,0.0
240847,2025-08-15T04:00:00.000000000,0.456,0.0,0.0,0.0,0.0,0.0
240847,2025-08-15T05:00:00.000000000,0.459,0.0,0.0,0.0,0.0,0.0
240847,2025-08-15T06:00:00.000000000,0.463,0.0,0.0,0.0,0.0,0.0
240847,2025-08-15T07:00:00.000000000,0.511,0.0,0.0,0.046,0.0,0.0
240847,2025-08-15T08:00:00.000000000,0.627,0.0,0.0,0.163,0.0,0.0
240847,2025-08-15T09:00:00.000000000,1.085,0.0,0.0,0.371,0.0,0.0
240847,2025-08-15T10:00:00.000000000,1.38,0.0,0.0,0.509,0.0,0.0
240847,2025-08-15T11:00:00.000000000,1.444,0.0,0.0,0.6040000000000001,0.0,0.0
240847,2025-08-15T12:00:00.000000000,1.48,0.0,0.0,0.722,0.0,0.0
240847,2025-08-15T13:00:00.000000000,1.302,0.0,0.0,0.835,0.0,0.0
240847,2025-08-15T14:00:00.000000000,1.4009999999999998,0.0,0.0,0.936,0.0,0.0
240847,2025-08-15T15:00:00.000000000,1.48,0.0,0.0,1.009,0.0,0.0
240847,2025-08-15T16:00:00.000000000,1.502,0.0,0.0,1.0,0.0,0.0
240847,2025-08-15T17:00:00.000000000,1.524,0.0,0.0,0.9069999999999999,0.0,0.0
240847,2025-08-15T18:00:00.000000000,1.7189999999999999,0.0,0.0,0.743,0.0,0.0
240847,2025-08-15T19:00:00.000000000,1.395,0.0,0.0,0.56,0.0,0.0
240847,2025-08-15T20:00:00.000000000,1.1600000000000001,0.0,0.0,0.41000000000000003,0.0,0.0
240847,2025-08-15T21:00:00.000000000,0.954,0.0,0.0,0.28700000000000003,0.0,0.0
240847,2025-08-15T22:00:00.000000000,0.656,0.0,0.0,0.162,0.0,0.0
240847,2025-08-15T23:00:00.000000000,0.587,0.0,0.0,0.11499999999999999,0.0,0.0
240847,2025-08-16T00:00:00.000000000,0.549,0.0,0.0,0.08800000000000001,0.0,0.0
240847,2025-08-16T01:00:00.000000000,0.516,0.0,0.0,0.055999999999999994,0.0,0.0
240847,2025-08-16T02:00:00.000000000,0.486,0.0,0.0,0.028,0.0,0.0
240847,2025-08-16T03:00:00.000000000,0.46199999999999997,0.0,0.0,0.005,0.0,0.0
240847,2025-08-16T04:00:00.000000000,0.456,0.0,0.0,0.0,0.0,0.0
240847,2025-08-16T05:00:00.000000000,0.459,0.0,0.0,0.0,0.0,0.0
240847,2025-08-16T06:00:00.000000000,0.473,0.0,0.0,0.01,0.0,0.0
240847,2025-08-16T07:00:00.000000000,0.9159999999999999,0.0,0.0,0.047,0.0,0.0
240847,2025-08-16T08:00:00.000000000,0.766,0.0,0.0,0.109,0.0,0.0
240847,2025-08-16T09:00:00.000000000,0.6439999999999999,0.0,0.0,0.17900000000000002,0.0,0.0
240847,2025-08-16T10:00:00.000000000,0.859,0.0,0.0,0.39599999999999996,0.0,0.0
240847,2025-08-16T11:00:00.000000000,1.102,0.0,0.0,0.637,0.0,0.0
240847,2025-08-16T12:00:00.000000000,1.365,0.0,0.0,0.899,0.0,0.0
240847,2025-08-16T13:00:00.000000000,1.6079999999999999,0.0,0.0,1.14,0.0,0.0
240847,2025-08-16T14:00:00.000000000,1.787,0.0,0.0,1.32,0.0,0.0
240847,2025-08-16T15:00:00.000000000,1.853,0.0,0.0,1.3819999999999997,0.0,0.0
240847,2025-08-16T16:00:00.000000000,1.875,0.0,0.0,1.373,0.0,0.0
240847,2025-08-16T17:00:00.000000000,1.709,0.0,0.0,1.215,0.0,0.0
240847,2025-08-16T18:00:00.000000000,1.447,0.0,0.0,0.961,0.0,0.0
240847,2025-08-16T19:00:00.000000000,1.5,0.0,0.0,0.756,0.0,0.0
240847,2025-08-16T20:00:00.000000000,1.3419999999999999,0.0,0.0,0.592,0.0,0.0
240847,2025-08-16T21:00:00.000000000,1.1320000000000001,0.0,0.0,0.46399999999999997,0.0,0.0
240847,2025-08-16T22:00:00.000000000,1.194,0.0,0.0,0.34600000000000003,0.0,0.0
240847,2025-08-16T23:00:00.000000000,0.7450000000000001,0.0,0.0,0.27199999999999996,0.0,0.0
240847,2025-08-17T00:00:00.000000000,0.9219999999999999,0.0,0.0,0.21799999999999997,0.0,0.0
240847,2025-08-17T01:00:00.000000000,0.8280000000000001,0.0,0.0,0.198,0.0,0.0
240847,2025-08-17T02:00:00.000000000,0.629,0.0,0.0,0.17,0.0,0.0
240847,2025-08-17T03:00:00.000000000,0.606,0.0,0.0,0.149,0.0,0.0
240847,2025-08-17T04:00:00.000000000,0.586,0.0,0.0,0.13,0.0,0.0
240847,2025-08-17T05:00:00.000000000,0.58,0.0,0.0,0.121,0.0,0.0
240847,2025-08-17T06:00:00.000000000,0.6120000000000001,0.0,0.0,0.117,0.0,0.0
240847,2025-08-17T07:00:00.000000000,0.7200000000000001,0.0,0.0,0.154,0.0,0.0
240847,2025-08-17T08:00:00.000000000,0.728,0.0,0.0,0.263,0.0,0.0
240847,2025-08-17T09:00:00.000000000,0.9630000000000001,0.0,0.0,0.499,0.0,0.0
240847,2025-08-17T10:00:00.000000000,1.3570000000000002,0.0,0.0,0.652,0.0,0.0
240847,2025-08-17T11:00:00.000000000,1.574,0.0,0.0,0.816,0.0,0.0
240847,2025-08-17T12:00:00.000000000,1.46,0.0,0.0,0.993,0.0,0.0
240847,2025-08-17T13:00:00.000000000,1.6030000000000002,0.0,0.0,1.136,0.0,0.0
240847,2025-08-17T14:00:00.000000000,1.629,0.0,0.0,1.126,0.0,0.0
240847,2025-08-17T15:00:00.000000000,1.621,0.0,0.0,1.064,0.0,0.0
240847,2025-08-17T16:00:00.000000000,2.651,0.0,0.0,1.0630000000000002,0.0,0.0
240847,2025-08-17T17:00:00.000000000,2.367,0.0,0.0,0.9299999999999999,0.0,0.0
240847,2025-08-17T18:00:00.000000000,3.2359999999999998,0.0,0.0,0.8210000000000001,0.0,0.0
240847,2025-08-17T19:00:00.000000000,1.254,0.0,0.0,0.512,0.0,0.0
240847,2025-08-17T20:00:00.000000000,1.104,0.0,0.0,0.35300000000000004,0.0,0.0
240847,2025-08-17T21:00:00.000000000,0.7010000000000001,0.0,0.0,0.22099999999999997,0.0,0.0
240847,2025-08-17T22:00:00.000000000,0.921,0.0,0.0,0.104,0.0,0.0
240847,2025-08-17T23:00:00.000000000,0.533,0.0,0.0,0.059,0.0,0.0
240847,2025-08-18T00:00:00.000000000,0.486,0.0,0.0,0.023,0.0,0.0
240847,2025-08-18T01:00:00.000000000,0.461,0.0,0.0,0.0,0.0,0.0
240847,2025-08-18T02:00:00.000000000,0.457,0.0,0.0,0.0,0.0,0.0
240847,2025-08-18T03:00:00.000000000,0.456,0.0,0.0,0.0,0.0,0.0
240847,2025-08-18T04:00:00.000000000,0.456,0.0,0.0,0.0,0.0,0.0
240847,2025-08-18T05:00:00.000000000,0.459,0.0,0.0,0.0,0.0,0.0
240847,2025-08-18T06:00:00.000000000,0.466,0.0,0.0,0.003,0.0,0.0
240847,2025-08-18T07:00:00.000000000,1.964,0.0,0.0,0.269,0.0,0.0
240847,2025-08-18T08:00:00.000000000,0.93,0.0,0.0,0.332,0.0,0.0
240847,2025-08-18T09:00:00.000000000,1.1099999999999999,0.0,0.0,0.518,0.0,0.0
240847,2025-08-18T10:00:00.000000000,1.2229999999999999,0.0,0.0,0.628,0.0,0.0
240847,2025-08-18T11:00:00.000000000,1.32,0.0,0.0,0.7149999999999999,0.0,0.0
240847,2025-08-18T12:00:00.000000000,1.3889999999999998,0.0,0.0,0.7809999999999999,0.0,0.0
240847,2025-08-18T13:00:00.000000000,1.467,0.0,0.0,0.866,0.0,0.0
240847,2025-08-18T14:00:00.000000000,1.425,0.0,0.0,0.925,0.0,0.0
240847,2025-08-18T15:00:00.000000000,1.666,0.0,0.0,0.947,0.0,0.0
240847,2025-08-18T16:00:00.000000000,1.6460000000000001,0.0,0.0,0.8959999999999999,0.0,0.0
240847,2025-08-18T17:00:00.000000000,1.437,0.0,0.0,0.702,0.0,0.0
240847,2025-08-18T18:00:00.000000000,1.6620000000000001,0.0,0.0,0.5349999999999999,0.0,0.0
240847,2025-08-18T19:00:00.000000000,1.1019999999999999,0.0,0.0,0.36100000000000004,0.0,0.0
240847,2025-08-18T20:00:00.000000000,0.964,0.0,0.0,0.21499999999999997,0.0,0.0
240847,2025-08-18T21:00:00.000000000,0.7290000000000001,0.0,0.0,0.10200000000000001,0.0,0.0
240847,2025-08-18T22:00:00.000000000,0.854,0.0,0.0,0.003,0.0,0.0
240847,2025-08-18T23:00:00.000000000,0.5650000000000001,0.0,0.0,0.0,0.0,0.0
240847,2025-08-19T00:00:00.000000000,0.464,0.0,0.0,0.0,0.0,0.0
240847,2025-08-19T01:00:00.000000000,0.461,0.0,0.0,0.0,0.0,0.0
240847,2025-08-19T02:00:00.000000000,0.457,0.0,0.0,0.0,0.0,0.0
240847,2025-08-19T03:00:00.000000000,0.456,0.0,0.0,0.0,0.0,0.0
240847,2025-08-19T04:00:00.000000000,0.456,0.0,0.0,0.0,0.0,0.0
240847,2025-08-19T05:00:00.000000000,0.459,0.0,0.0,0.0,0.0,0.0
240847,2025-08-19T06:00:00.000000000,0.5780000000000001,0.0,0.0,0.0,0.0,0.0
240847,2025-08-19T07:00:00.000000000,0.602,0.0,0.0,0.0,0.0,0.0
240847,2025-08-19T08:00:00.000000000,0.598,0.0,0.0,0.0,0.0,0.0
240847,2025-08-19T09:00:00.000000000,0.763,0.0,0.0,0.17,0.0,0.0
240847,2025-08-19T10:00:00.000000000,0.909,0.0,0.0,0.314,0.0,0.0
240847,2025-08-19T11:00:00.000000000,1.052,0.0,0.0,0.447,0.0,0.0
240847,2025-08-19T12:00:00.000000000,2.5570000000000004,0.0,0.0,0.549,0.0,0.0
240847,2025-08-19T13:00:00.000000000,6.756,0.0,0.0,0.641,0.0,0.0
240847,2025-08-19T14:00:00.000000000,1.6030000000000002,0.0,0.0,0.7530000000000001,0.0,0.0
240847,2025-08-19T15:00:00.000000000,1.6059999999999999,0.0,0.0,0.7670000000000001,0.0,0.0
240847,2025-08-19T16:00:00.000000000,1.3900000000000001,0.0,0.0,0.681,0.0,0.0
240847,2025-08-19T17:00:00.000000000,1.319,0.0,0.0,0.588,0.0,0.0
240847,2025-08-19T18:00:00.000000000,1.181,0.0,0.0,0.44899999999999995,0.0,0.0
240847,2025-08-19T19:00:00.000000000,1.028,0.0,0.0,0.28700000000000003,0.0,0.0
240847,2025-08-19T20:00:00.000000000,1.017,0.0,0.0,0.149,0.0,0.0
240847,2025-08-19T21:00:00.000000000,1.037,0.0,0.0,0.049,0.0,0.0
240847,2025-08-19T22:00:00.000000000,0.491,0.0,0.0,0.0,0.0,0.0
240847,2025-08-19T23:00:00.000000000,0.472,0.0,0.0,0.0,0.0,0.0
240847,2025-08-20T00:00:00.000000000,0.464,0.0,0.0,0.0,0.0,0.0
240847,2025-08-20T01:00:00.000000000,0.461,0.0,0.0,0.0,0.0,0.0
240847,2025-08-20T02:00:00.000000000,0.46,0.0,0.0,0.0,0.0,0.0
240847,2025-08-20T03:00:00.000000000,0.457,0.0,0.0,0.0,0.0,0.0
240847,2025-08-20T04:00:00.000000000,0.47100000000000003,0.015,0.0,0.0,0.0,0.0
240847,2025-08-20T05:00:00.000000000,0.538,0.08,0.0,0.0,0.0,0.0
240847,2025-08-20T06:00:00.000000000,0.9510000000000001,0.049999999999999996,0.0,0.0,0.0,0.0
240847,2025-08-20T07:00:00.000000000,0.602,0.0,0.0,0.0,0.0,0.0
240847,2025-08-20T08:00:00.000000000,0.598,0.0,0.0,0.0,0.0,0.0
240847,2025-08-20T09:00:00.000000000,0.497,0.0,0.0,0.0,0.0,0.0
240847,2025-08-20T10:00:00.000000000,0.891,0.0,0.0,0.003,0.0,0.0
240847,2025-08-20T11:00:00.000000000,0.558,0.0,0.0,0.094,0.0,0.0
240847,2025-08-20T12:00:00.000000000,0.7050000000000001,0.0,0.0,0.237,0.0,0.0
240847,2025-08-20T13:00:00.000000000,0.9369999999999999,0.0,0.0,0.469,0.0,0.0
240847,2025-08-20T14:00:00.000000000,1.202,0.0,0.0,0.7370000000000001,0.0,0.0
240847,2025-08-20T15:00:00.000000000,1.313,0.0,0.0,0.843,0.0,0.0
240847,2025-08-20T16:00:00.000000000,1.474,0.0,0.0,0.73,0.0,0.0
240847,2025-08-20T17:00:00.000000000,1.222,0.0,0.0,0.63,0.0,0.0
240847,2025-08-20T18:00:00.000000000,1.016,0.0,0.0,0.469,0.0,0.0
240847,2025-08-20T19:00:00.000000000,1.022,0.0,0.0,0.28099999999999997,0.0,0.0
240847,2025-08-20T20:00:00.000000000,0.8520000000000001,0.0,0.0,0.10200000000000001,0.0,0.0
240847,2025-08-20T21:00:00.000000000,0.67,0.0,0.0,0.005,0.0,0.0
240847,2025-08-20T22:00:00.000000000,0.494,0.0,0.0,0.0,0.0,0.0
240847,2025-08-20T23:00:00.000000000,0.473,0.0,0.0,0.0,0.0,0.0
240847,2025-08-21T00:00:00.000000000,0.464,0.0,0.0,0.0,0.0,0.0
240847,2025-08-21T01:00:00.000000000,0.7929999999999999,0.0,0.0,0.0,0.0,0.0
240847,2025-08-21T02:00:00.000000000,0.49,0.031,0.0,0.0,0.0,0.0
240847,2025-08-21T03:00:00.000000000,0.5890000000000001,0.133,0.0,0.0,0.0,0.0
240847,2025-08-21T04:00:00.000000000,0.6679999999999999,0.212,0.0,0.0,0.0,0.0
240847,2025-08-21T05:00:00.000000000,0.665,0.206,0.0,0.0,0.0,0.0
240847,2025-08-21T06:00:00.000000000,0.5549999999999999,0.059,0.0,0.0,0.0,0.0
240847,2025-08-21T07:00:00.000000000,0.719,0.0,0.0,0.0,0.0,0.0
240847,2025-08-21T08:00:00.000000000,0.9870000000000001,0.0,0.0,0.0,0.0,0.0
240847,2025-08-21T09:00:00.000000000,0.656,0.0,0.0,0.192,0.0,0.0
240847,2025-08-21T10:00:00.000000000,0.9179999999999999,0.0,0.0,0.455,0.0,0.0
240847,2025-08-21T11:00:00.000000000,1.1199999999999999,0.0,0.0,0.6539999999999999,0.0,0.0
240847,2025-08-21T12:00:00.000000000,1.319,0.0,0.0,0.851,0.0,0.0
240847,2025-08-21T13:00:00.000000000,1.5270000000000001,0.0,0.0,1.06,0.0,0.0
240847,2025-08-21T14:00:00.000000000,1.689,0.0,0.0,1.224,0.0,0.0
240847,2025-08-21T15:00:00.000000000,1.937,0.0,0.0,1.3479999999999999,0.0,0.0
240847,2025-08-21T16:00:00.000000000,2.0580000000000003,0.0,0.0,1.338,0.0,0.0
240847,2025-08-21T17:00:00.000000000,1.6560000000000001,0.0,0.0,1.162,0.0,0.0
240847,2025-08-21T18:00:00.000000000,1.393,0.0,0.0,0.9059999999999999,0.0,0.0
240847,2025-08-21T19:00:00.000000000,3.067,0.0,0.0,0.824,0.0,0.0
240847,2025-08-21T20:00:00.000000000,3.857,0.0,0.0,0.7610000000000001,0.0,0.0
240847,2025-08-21T21:00:00.000000000,3.574,0.0,0.0,0.641,0.0,0.0
240847,2025-08-21T22:00:00.000000000,0.827,0.0,0.0,0.332,0.0,0.0
240847,2025-08-21T23:00:00.000000000,0.6970000000000001,0.0,0.0,0.22399999999999998,0.0,0.0
240847,2025-08-22T00:00:00.000000000,0.555,0.0,0.0,0.091,0.0,0.0
240847,2025-08-22T01:00:00.000000000,0.461,0.0,0.0,0.0,0.0,0.0
240847,2025-08-22T02:00:00.000000000,0.46,0.0,0.0,0.0,0.0,0.0
240847,2025-08-22T03:00:00.000000000,0.457,0.0,0.0,0.0,0.0,0.0
240847,2025-08-22T04:00:00.000000000,0.456,0.0,0.0,0.0,0.0,0.0
240847,2025-08-22T05:00:00.000000000,0.459,0.0,0.0,0.0,0.0,0.0
240847,2025-08-22T06:00:00.000000000,0.463,0.0,0.0,0.0,0.0,0.0
240847,2025-08-22T07:00:00.000000000,1.1280000000000001,0.0,0.0,0.07400000000000001,0.0,0.0
240847,2025-08-22T08:00:00.000000000,0.7110000000000001,0.0,0.0,0.20099999999999998,0.0,0.0
240847,2025-08-22T09:00:00.000000000,0.7730000000000001,0.0,0.0,0.31000000000000005,0.0,0.0
240847,2025-08-22T10:00:00.000000000,0.9520000000000001,0.0,0.0,0.489,0.0,0.0
240847,2025-08-22T11:00:00.000000000,1.194,0.0,0.0,0.728,0.0,0.0
240847,2025-08-22T12:00:00.000000000,1.3370000000000002,0.0,0.0,0.871,0.0,0.0
240847,2025-08-22T13:00:00.000000000,1.446,0.0,0.0,0.979,0.0,0.0
240847,2025-08-22T14:00:00.000000000,1.627,0.0,0.0,1.053,0.0,0.0
240847,2025-08-22T15:00:00.000000000,1.5339999999999998,0.0,0.0,1.064,0.0,0.0
240847,2025-08-22T16:00:00.000000000,1.6889999999999998,0.0,0.0,1.022,0.0,0.0
240847,2025-08-22T17:00:00.000000000,3.3230000000000004,0.0,0.0,1.025,0.0,0.0
240847,2025-08-22T18:00:00.000000000,2.105,0.0,0.0,0.709,0.0,0.0
240847,2025-08-22T19:00:00.000000000,1.06,0.0,0.0,0.318,0.0,0.0
240847,2025-08-22T20:00:00.000000000,1.1440000000000001,0.0,0.0,0.149,0.0,0.0
240847,2025-08-22T21:00:00.000000000,0.8210000000000001,0.0,0.0,0.036000000000000004,0.0,0.0
240847,2025-08-22T22:00:00.000000000,0.561,0.0,0.0,0.0,0.0,0.0
240847,2025-08-22T23:00:00.000000000,0.48,0.0,0.0,0.0,0.0,0.0
240847,2025-08-23T00:00:00.000000000,0.464,0.0,0.0,0.0,0.0,0.0
240847,2025-08-23T01:00:00.000000000,0.461,0.0,0.0,0.0,0.0,0.0
240847,2025-08-23T02:00:00.000000000,0.46,0.0,0.0,0.0,0.0,0.0
240847,2025-08-23T03:00:00.000000000,0.457,0.0,0.0,0.0,0.0,0.0
240847,2025-08-23T04:00:00.000000000,0.78,0.0,0.0,0.0,0.0,0.0
240847,2025-08-23T05:00:00.000000000,0.459,0.0,0.0,0.0,0.0,0.0
240847,2025-08-23T06:00:00.000000000,0.463,0.0,0.0,0.0,0.0,0.0
240847,2025-08-23T07:00:00.000000000,0.464,0.0,0.0,0.0,0.0,0.0
240847,2025-08-23T08:00:00.000000000,0.5630000000000001,0.0,0.0,0.0,0.0,0.0
240847,2025-08-23T09:00:00.000000000,0.655,0.0,0.0,0.063,0.0,0.0
240847,2025-08-23T10:00:00.000000000,1.0490000000000002,0.0,0.0,0.21200000000000002,0.0,0.0
240847,2025-08-23T11:00:00.000000000,1.0779999999999998,0.0,0.0,0.355,0.0,0.0
240847,2025-08-23T12:00:00.000000000,1.081,0.0,0.0,0.474,0.0,0.0
240847,2025-08-23T13:00:00.000000000,1.135,0.0,0.0,0.602,0.0,0.0
240847,2025-08-23T14:00:00.000000000,1.145,0.0,0.0,0.6799999999999999,0.0,0.0
240847,2025-08-23T15:00:00.000000000,1.194,0.0,0.0,0.724,0.0,0.0
240847,2025-08-23T16:00:00.000000000,1.4889999999999999,0.0,0.0,0.63,0.0,0.0
240847,2025-08-23T17:00:00.000000000,1.327,0.0,0.0,0.542,0.0,0.0
240847,2025-08-23T18:00:00.000000000,1.142,0.0,0.0,0.4089999999999999,0.0,0.0
240847,2025-08-23T19:00:00.000000000,1.016,0.0,0.0,0.275,0.0,0.0
240847,2025-08-23T20:00:00.000000000,0.9189999999999999,0.0,0.0,0.169,0.0,0.0
240847,2025-08-23T21:00:00.000000000,0.723,0.0,0.0,0.057,0.0,0.0
240847,2025-08-23T22:00:00.000000000,0.812,0.0,0.0,0.011,0.0,0.0
240847,2025-08-23T23:00:00.000000000,0.589,0.0,0.0,0.0,0.0,0.0
240847,2025-08-24T00:00:00.000000000,0.464,0.0,0.0,0.0,0.0,0.0
240847,2025-08-24T01:00:00.000000000,0.461,0.0,0.0,0.0,0.0,0.0
240847,2025-08-24T02:00:00.000000000,0.46,0.0,0.0,0.0,0.0,0.0
240847,2025-08-24T03:00:00.000000000,0.457,0.0,0.0,0.0,0.0,0.0
240847,2025-08-24T04:00:00.000000000,0.456,0.0,0.0,0.0,0.0,0.0
240847,2025-08-24T05:00:00.000000000,0.47400000000000003,0.0,0.0,0.0,0.0,0.0
240847,2025-08-24T06:00:00.000000000,0.511,0.0,0.0,0.0,0.0,0.0
240847,2025-08-24T07:00:00.000000000,0.492,0.0,0.0,0.026,0.0,0.0
240847,2025-08-24T08:00:00.000000000,0.6359999999999999,0.0,0.0,0.172,0.0,0.0
240847,2025-08-24T09:00:00.000000000,0.83,0.0,0.0,0.366,0.0,0.0
240847,2025-08-24T10:00:00.000000000,1.378,0.0,0.0,0.531,0.0,0.0
240847,2025-08-24T11:00:00.000000000,1.1409999999999998,0.0,0.0,0.6739999999999999,0.0,0.0
240847,2025-08-24T12:00:00.000000000,1.2770000000000001,0.0,0.0,0.8099999999999999,0.0,0.0
240847,2025-08-24T13:00:00.000000000,1.401,0.0,0.0,0.9349999999999999,0.0,0.0
240847,2025-08-24T14:00:00.000000000,1.4969999999999999,0.0,0.0,1.029,0.0,0.0
240847,2025-08-24T15:00:00.000000000,1.525,0.0,0.0,1.054,0.0,0.0
240847,2025-08-24T16:00:00.000000000,1.519,0.0,0.0,1.0150000000000001,0.0,0.0
240847,2025-08-24T17:00:00.000000000,1.323,0.0,0.0,0.8300000000000001,0.0,0.0
240847,2025-08-24T18:00:00.000000000,1.127,0.0,0.0,0.5169999999999999,0.0,0.0
240847,2025-08-24T19:00:00.000000000,0.661,0.0,0.0,0.177,0.0,0.0
240847,2025-08-24T20:00:00.000000000,0.74,0.0,0.0,0.002,0.0,0.0
240847,2025-08-24T21:00:00.000000000,1.027,0.0,0.0,0.0,0.0,0.0
240847,2025-08-24T22:00:00.000000000,0.494,0.0,0.0,0.0,0.0,0.0
240847,2025-08-24T23:00:00.000000000,0.473,0.0,0.0,0.0,0.0,0.0
240847,2025-08-25T00:00:00.000000000,0.464,0.0,0.0,0.0,0.0,0.0
240847,2025-08-25T01:00:00.000000000,0.461,0.0,0.0,0.0,0.0,0.0
240847,2025-08-25T02:00:00.000000000,0.457,0.0,0.0,0.0,0.0,0.0
240847,2025-08-25T03:00:00.000000000,0.456,0.0,0.0,0.0,0.0,0.0
240847,2025-08-25T04:00:00.000000000,0.477,0.021,0.0,0.0,0.0,0.0
240847,2025-08-25T05:00:00.000000000,0.663,0.086,0.0,0.0,0.0,0.0
240847,2025-08-25T06:00:00.000000000,1.014,0.016,0.0,0.0,0.0,0.0
240847,2025-08-25T07:00:00.000000000,0.602,0.0,0.0,0.0,0.0,0.0
240847,2025-08-25T08:00:00.000000000,0.598,0.0,0.0,0.0,0.0,0.0
240847,2025-08-25T09:00:00.000000000,0.593,0.0,0.0,0.0,0.0,0.0
240847,2025-08-25T10:00:00.000000000,0.606,0.0,0.0,0.012,0.0,0.0
240847,2025-08-25T11:00:00.000000000,0.728,0.0,0.0,0.125,0.0,0.0
240847,2025-08-25T12:00:00.000000000,1.441,0.0,0.0,0.279,0.0,0.0
240847,2025-08-25T13:00:00.000000000,8.021999999999998,0.0,0.0,0.447,0.0,0.0
240847,2025-08-25T14:00:00.000000000,1.519,0.0,0.0,0.552,0.0,0.0
240847,2025-08-25T15:00:00.000000000,1.278,0.0,0.0,0.641,0.0,0.0
240847,2025-08-25T16:00:00.000000000,1.3650000000000002,0.0,0.0,0.655,0.0,0.0
240847,2025-08-25T17:00:00.000000000,1.308,0.0,0.0,0.576,0.0,0.0
240847,2025-08-25T18:00:00.000000000,2.301,0.0,0.0,0.473,0.0,0.0
240847,2025-08-25T19:00:00.000000000,0.959,0.0,0.0,0.219,0.0,0.0
240847,2025-08-25T20:00:00.000000000,0.7989999999999999,0.0,0.0,0.048999999999999995,0.0,0.0
240847,2025-08-25T21:00:00.000000000,1.025,0.0,0.0,0.0,0.0,0.0
240847,2025-08-25T22:00:00.000000000,0.616,0.0,0.0,0.0,0.0,0.0
240847,2025-08-25T23:00:00.000000000,0.472,0.0,0.0,0.0,0.0,0.0
240847,2025-08-26T00:00:00.000000000,0.488,0.025,0.0,0.0,0.0,0.0
240847,2025-08-26T01:00:00.000000000,0.627,0.165,0.0,0.0,0.0,0.0
240847,2025-08-26T02:00:00.000000000,0.7409999999999999,0.28200000000000003,0.0,0.0,0.0,0.0
240847,2025-08-26T03:00:00.000000000,0.836,0.38,0.0,0.0,0.0,0.0
240847,2025-08-26T04:00:00.000000000,0.952,0.496,0.0,0.0,0.0,0.0
240847,2025-08-26T05:00:00.000000000,0.998,0.537,0.0,0.0,0.0,0.0
240847,2025-08-26T06:00:00.000000000,0.798,0.334,0.0,0.0,0.0,0.0
240847,2025-08-26T07:00:00.000000000,0.866,0.056999999999999995,0.0,0.0,0.0,0.0
240847,2025-08-26T08:00:00.000000000,0.7140000000000001,0.0,0.0,0.0,0.0,0.0
240847,2025-08-26T09:00:00.000000000,0.5609999999999999,0.0,0.0,0.0,0.0,0.0
240847,2025-08-26T10:00:00.000000000,0.6559999999999999,0.0,0.0,0.061,0.0,0.0
240847,2025-08-26T11:00:00.000000000,0.643,0.0,0.0,0.17800000000000002,0.0,0.0
240847,2025-08-26T12:00:00.000000000,7.716,0.0,0.0,0.355,0.0,0.0
240847,2025-08-26T13:00:00.000000000,1.0910000000000002,0.0,0.0,0.425,0.0,0.0
240847,2025-08-26T14:00:00.000000000,1.0150000000000001,0.0,0.0,0.406,0.0,0.0
240847,2025-08-26T15:00:00.000000000,1.346,0.0,0.0,0.35300000000000004,0.0,0.0
240847,2025-08-26T16:00:00.000000000,1.2069999999999999,0.0,0.0,0.278,0.0,0.0
240847,2025-08-26T17:00:00.000000000,1.065,0.0,0.0,0.21999999999999997,0.0,0.0
240847,2025-08-26T18:00:00.000000000,1.334,0.0,0.0,0.14200000000000002,0.0,0.0
240847,2025-08-26T19:00:00.000000000,1.239,0.0,0.0,0.068,0.0,0.0
240847,2025-08-26T20:00:00.000000000,0.486,0.0,0.0,0.002,0.0,0.0
240847,2025-08-26T21:00:00.000000000,0.478,0.0,0.0,0.0,0.0,0.0
240847,2025-08-26T22:00:00.000000000,0.491,0.0,0.0,0.0,0.0,0.0
240847,2025-08-26T23:00:00.000000000,0.472,0.0,0.0,0.0,0.0,0.0
240847,2025-08-27T00:00:00.000000000,0.464,0.0,0.0,0.0,0.0,0.0
240847,2025-08-27T01:00:00.000000000,0.461,0.0,0.0,0.0,0.0,0.0
240847,2025-08-27T02:00:00.000000000,0.46,0.0,0.0,0.0,0.0,0.0
240847,2025-08-27T03:00:00.000000000,0.457,0.0,0.0,0.0,0.0,0.0
240847,2025-08-27T04:00:00.000000000,0.456,0.0,0.0,0.0,0.0,0.0
240847,2025-08-27T05:00:00.000000000,0.459,0.0,0.0,0.0,0.0,0.0
240847,2025-08-27T06:00:00.000000000,2.2199999999999998,0.0,0.0,0.0,0.0,0.0
240847,2025-08-27T07:00:00.000000000,8.435,0.0,0.0,0.0,0.0,0.0
240847,2025-08-27T08:00:00.000000000,0.464,0.0,0.0,0.0,0.0,0.0
240847,2025-08-27T09:00:00.000000000,0.464,0.0,0.0,0.0,0.0,0.0
240847,2025-08-27T10:00:00.000000000,0.461,0.0,0.0,0.0,0.0,0.0
240847,2025-08-27T11:00:00.000000000,0.463,0.0,0.0,0.0,0.0,0.0
240847,2025-08-27T12:00:00.000000000,0.492,0.0,0.0,0.026,0.0,0.0
240847,2025-08-27T13:00:00.000000000,0.535,0.0,0.0,0.07,0.0,0.0
240847,2025-08-27T14:00:00.000000000,0.562,0.0,0.0,0.098,0.0,0.0
240847,2025-08-27T15:00:00.000000000,0.822,0.0,0.0,0.18499999999999997,0.0,0.0
240847,2025-08-27T16:00:00.000000000,0.854,0.0,0.0,0.146,0.0,0.0
240847,2025-08-27T17:00:00.000000000,0.862,0.0,0.0,0.13,0.0,0.0
240847,2025-08-27T18:00:00.000000000,0.81,0.0,0.0,0.078,0.0,0.0
240847,2025-08-27T19:00:00.000000000,0.8719999999999999,0.0,0.0,0.011,0.0,0.0
240847,2025-08-27T20:00:00.000000000,1.003,0.0,0.0,0.0,0.0,0.0
240847,2025-08-27T21:00:00.000000000,0.665,0.0,0.0,0.0,0.0,0.0
240847,2025-08-27T22:00:00.000000000,1.272,0.0,0.0,0.0,0.0,0.0
240847,2025-08-27T23:00:00.000000000,0.873,0.0,0.0,0.0,0.0,0.0
240847,2025-08-28T00:00:00.000000000,0.464,0.0,0.0,0.0,0.0,0.0
240847,2025-08-28T01:00:00.000000000,0.461,0.0,0.0,0.0,0.0,0.0
240847,2025-08-28T02:00:00.000000000,0.488,0.027999999999999997,0.0,0.0,0.0,0.0
240847,2025-08-28T03:00:00.000000000,0.559,0.103,0.0,0.0,0.0,0.0
240847,2025-08-28T04:00:00.000000000,0.605,0.14900000000000002,0.0,0.0,0.0,0.0
240847,2025-08-28T05:00:00.000000000,0.619,0.16,0.0,0.0,0.0,0.0
240847,2025-08-28T06:00:00.000000000,0.721,0.047,0.0,0.0,0.0,0.0
240847,2025-08-28T07:00:00.000000000,1.0710000000000002,0.0,0.0,0.0,0.0,0.0
240847,2025-08-28T08:00:00.000000000,0.8920000000000001,0.0,0.0,0.0,0.0,0.0
240847,2025-08-28T09:00:00.000000000,0.604,0.0,0.0,0.011,0.0,0.0
240847,2025-08-28T10:00:00.000000000,1.026,0.0,0.0,0.201,0.0,0.0
240847,2025-08-28T11:00:00.000000000,1.2550000000000001,0.0,0.0,0.391,0.0,0.0
240847,2025-08-28T12:00:00.000000000,1.0110000000000001,0.0,0.0,0.544,0.0,0.0
240847,2025-08-28T13:00:00.000000000,1.1720000000000002,0.0,0.0,0.704,0.0,0.0
240847,2025-08-28T14:00:00.000000000,1.436,0.0,0.0,0.857,0.0,0.0
240847,2025-08-28T15:00:00.000000000,2.981,0.0,0.0,1.0070000000000001,0.0,0.0
240847,2025-08-28T16:00:00.000000000,3.5650000000000004,0.0,0.0,1.0210000000000001,0.0,0.0
240847,2025-08-28T17:00:00.000000000,1.4620000000000002,0.0,0.0,0.7280000000000001,0.0,0.0
240847,2025-08-28T18:00:00.000000000,1.1989999999999998,0.0,0.0,0.46599999999999997,0.0,0.0
240847,2025-08-28T19:00:00.000000000,0.984,0.0,0.0,0.242,0.0,0.0
240847,2025-08-28T20:00:00.000000000,0.821,0.0,0.0,0.07100000000000001,0.0,0.0
240847,2025-08-28T21:00:00.000000000,0.665,0.0,0.0,0.0,0.0,0.0
240847,2025-08-28T22:00:00.000000000,0.552,0.0,0.0,0.0,0.0,0.0
240847,2025-08-28T23:00:00.000000000,0.473,0.0,0.0,0.0,0.0,0.0
240847,2025-08-29T00:00:00.000000000,0.464,0.0,0.0,0.0,0.0,0.0
240847,2025-08-29T01:00:00.000000000,0.461,0.0,0.0,0.0,0.0,0.0
240847,2025-08-29T02:00:00.000000000,0.499,0.04,0.0,0.0,0.0,0.0
240847,2025-08-29T03:00:00.000000000,0.6,0.14200000000000002,0.0,0.0,0.0,0.0
240847,2025-08-29T04:00:00.000000000,0.663,0.207,0.0,0.0,0.0,0.0
240847,2025-08-29T05:00:00.000000000,0.7089999999999999,0.25,0.0,0.0,0.0,0.0
240847,2025-08-29T06:00:00.000000000,0.683,0.21999999999999997,0.0,0.0,0.0,0.0
240847,2025-08-29T07:00:00.000000000,0.887,0.07300000000000001,0.0,0.0,0.0,0.0
240847,2025-08-29T08:00:00.000000000,0.555,0.0,0.0,0.0,0.0,0.0
240847,2025-08-29T09:00:00.000000000,0.464,0.0,0.0,0.0,0.0,0.0
240847,2025-08-29T10:00:00.000000000,0.461,0.0,0.0,0.0,0.0,0.0
240847,2025-08-29T11:00:00.000000000,0.511,0.0,0.0,0.047,0.0,0.0
240847,2025-08-29T12:00:00.000000000,0.7999999999999999,0.0,0.0,0.333,0.0,0.0
240847,2025-08-29T13:00:00.000000000,1.1,0.0,0.0,0.6020000000000001,0.0,0.0
240847,2025-08-29T14:00:00.000000000,1.408,0.0,0.0,0.7959999999999999,0.0,0.0
240847,2025-08-29T15:00:00.000000000,1.372,0.0,0.0,0.864,0.0,0.0
240847,2025-08-29T16:00:00.000000000,1.2950000000000002,0.0,0.0,0.7929999999999999,0.0,0.0
240847,2025-08-29T17:00:00.000000000,1.3559999999999999,0.0,0.0,0.619,0.0,0.0
240847,2025-08-29T18:00:00.000000000,1.413,0.0,0.0,0.52,0.0,0.0
240847,2025-08-29T19:00:00.000000000,1.296,0.0,0.0,0.321,0.0,0.0
240847,2025-08-29T20:00:00.000000000,1.111,0.0,0.0,0.17600000000000002,0.0,0.0
240847,2025-08-29T21:00:00.000000000,0.687,0.0,0.0,0.022,0.0,0.0
240847,2025-08-29T22:00:00.000000000,0.494,0.0,0.0,0.0,0.0,0.0
240847,2025-08-29T23:00:00.000000000,0.473,0.0,0.0,0.0,0.0,0.0
240847,2025-08-30T00:00:00.000000000,0.7010000000000001,0.0,0.0,0.0,0.0,0.0
240847,2025-08-30T01:00:00.000000000,0.58,0.0,0.0,0.0,0.0,0.0
240847,2025-08-30T02:00:00.000000000,0.481,0.023,0.0,0.0,0.0,0.0
240847,2025-08-30T03:00:00.000000000,0.5720000000000001,0.11499999999999999,0.0,0.0,0.0,0.0
240847,2025-08-30T04:00:00.000000000,0.631,0.175,0.0,0.0,0.0,0.0
240847,2025-08-30T05:00:00.000000000,0.665,0.19000000000000003,0.0,0.0,0.0,0.0
240847,2025-08-30T06:00:00.000000000,0.662,0.085,0.0,0.0,0.0,0.0
240847,2025-08-30T07:00:00.000000000,0.602,0.0,0.0,0.0,0.0,0.0
240847,2025-08-30T08:00:00.000000000,0.464,0.0,0.0,0.0,0.0,0.0
240847,2025-08-30T09:00:00.000000000,0.464,0.0,0.0,0.0,0.0,0.0
240847,2025-08-30T10:00:00.000000000,0.47500000000000003,0.0,0.0,0.014,0.0,0.0
240847,2025-08-30T11:00:00.000000000,0.627,0.0,0.0,0.162,0.0,0.0
240847,2025-08-30T12:00:00.000000000,0.829,0.0,0.0,0.363,0.0,0.0
240847,2025-08-30T13:00:00.000000000,1.242,0.0,0.0,0.52,0.0,0.0
240847,2025-08-30T14:00:00.000000000,1.454,0.0,0.0,0.606,0.0,0.0
240847,2025-08-30T15:00:00.000000000,1.119,0.0,0.0,0.649,0.0,0.0
240847,2025-08-30T16:00:00.000000000,1.181,0.0,0.0,0.57,0.0,0.0
240847,2025-08-30T17:00:00.000000000,1.117,0.0,0.0,0.44699999999999995,0.0,0.0
240847,2025-08-30T18:00:00.000000000,1.6,0.0,0.0,0.32,0.0,0.0
240847,2025-08-30T19:00:00.000000000,0.857,0.0,0.0,0.115,0.0,0.0
240847,2025-08-30T20:00:00.000000000,0.7569999999999999,0.0,0.0,0.007,0.0,0.0
240847,2025-08-30T21:00:00.000000000,1.077,0.0,0.0,0.0,0.0,0.0
240847,2025-08-30T22:00:00.000000000,0.552,0.0,0.0,0.0,0.0,0.0
240847,2025-08-30T23:00:00.000000000,0.473,0.0,0.0,0.0,0.0,0.0
240847,2025-08-31T00:00:00.000000000,0.47500000000000003,0.011,0.0,0.0,0.0,0.0
240847,2025-08-31T01:00:00.000000000,0.5810000000000001,0.121,0.0,0.0,0.0,0.0
240847,2025-08-31T02:00:00.000000000,0.668,0.209,0.0,0.0,0.0,0.0
240847,2025-08-31T03:00:00.000000000,0.7050000000000001,0.261,0.0,0.0,0.0,0.0
240847,2025-08-31T04:00:00.000000000,0.8009999999999999,0.346,0.0,0.0,0.0,0.0
240847,2025-08-31T05:00:00.000000000,0.852,0.393,0.0,0.0,0.0,0.0
240847,2025-08-31T06:00:00.000000000,0.8759999999999999,0.34700000000000003,0.0,0.0,0.0,0.0
240847,2025-08-31T07:00:00.000000000,0.7090000000000001,0.24200000000000002,0.0,0.0,0.0,0.0
240847,2025-08-31T08:00:00.000000000,0.522,0.057,0.0,0.0,0.0,0.0
240847,2025-08-31T09:00:00.000000000,0.464,0.0,0.0,0.0,0.0,0.0
240847,2025-08-31T10:00:00.000000000,0.945,0.0,0.0,0.0,0.0,0.0
240847,2025-08-31T11:00:00.000000000,0.5780000000000001,0.0,0.0,0.106,0.0,0.0
240847,2025-08-31T12:00:00.000000000,0.847,0.0,0.0,0.37999999999999995,0.0,0.0
240847,2025-08-31T13:00:00.000000000,0.906,0.0,0.0,0.441,0.0,0.0
240847,2025-08-31T14:00:00.000000000,1.031,0.0,0.0,0.567,0.0,0.0
240847,2025-08-31T15:00:00.000000000,1.227,0.0,0.0,0.756,0.0,0.0
240847,2025-08-31T16:00:00.000000000,1.176,0.0,0.0,0.674,0.0,0.0
240847,2025-08-31T17:00:00.000000000,1.096,0.0,0.0,0.541,0.0,0.0
240847,2025-08-31T18:00:00.000000000,0.9949999999999999,0.0,0.0,0.386,0.0,0.0
240847,2025-08-31T19:00:00.000000000,0.9239999999999999,0.0,0.0,0.244,0.0,0.0
240847,2025-08-31T20:00:00.000000000,0.899,0.0,0.0,0.149,0.0,0.0
240847,2025-08-31T21:00:00.000000000,0.736,0.0,0.0,0.06999999999999999,0.0,0.0
240847,2025-08-31T22:00:00.000000000,0.534,0.0,0.0,0.0,0.0,0.0
240847,2025-08-31T23:00:00.000000000,0.473,0.0,0.0,0.0,0.0,0.0
240847,2025-09-01T00:00:00.000000000,0.7759999999999999,0.0,0.0,0.0,0.0,0.0
240847,2025-09-01T01:00:00.000000000,0.461,0.0,0.0,0.0,0.0,0.0
240847,2025-09-01T02:00:00.000000000,0.457,0.0,0.0,0.0,0.0,0.0
240847,2025-09-01T03:00:00.000000000,0.456,0.0,0.0,0.0,0.0,0.0
240847,2025-09-01T04:00:00.000000000,0.456,0.0,0.0,0.0,0.0,0.0
240847,2025-09-01T05:00:00.000000000,0.459,0.0,0.0,0.0,0.0,0.0
240847,2025-09-01T06:00:00.000000000,4.975,0.0,0.0,0.0,0.0,0.0
240847,2025-09-01T07:00:00.000000000,1.089,0.0,0.0,0.0,0.0,0.0
240847,2025-09-01T08:00:00.000000000,0.7190000000000001,0.0,0.0,0.0,0.0,0.0
240847,2025-09-01T09:00:00.000000000,0.7250000000000001,0.0,0.0,0.12400000000000001,0.0,0.0
240847,2025-09-01T10:00:00.000000000,0.859,0.0,0.0,0.256,0.0,0.0
240847,2025-09-01T11:00:00.000000000,1.2809999999999997,0.0,0.0,0.30000000000000004,0.0,0.0
240847,2025-09-01T12:00:00.000000000,0.967,0.0,0.0,0.353,0.0,0.0
240847,2025-09-01T13:00:00.000000000,0.992,0.0,0.0,0.385,0.0,0.0
240847,2025-09-01T14:00:00.000000000,1.076,0.0,0.0,0.45599999999999996,0.0,0.0
240847,2025-09-01T15:00:00.000000000,1.119,0.0,0.0,0.471,0.0,0.0
240847,2025-09-01T16:00:00.000000000,1.525,0.0,0.0,0.44499999999999995,0.0,0.0
240847,2025-09-01T17:00:00.000000000,1.1469999999999998,0.0,0.0,0.386,0.0,0.0
240847,2025-09-01T18:00:00.000000000,1.06,0.0,0.0,0.28700000000000003,0.0,0.0
240847,2025-09-01T19:00:00.000000000,0.975,0.0,0.0,0.19599999999999998,0.0,0.0
240847,2025-09-01T20:00:00.000000000,0.962,0.0,0.0,0.098,0.0,0.0
240847,2025-09-01T21:00:00.000000000,0.8570000000000001,0.0,0.0,0.053,0.0,0.0
240847,2025-09-01T22:00:00.000000000,0.495,0.0,0.0,0.004,0.0,0.0
240847,2025-09-01T23:00:00.000000000,0.472,0.0,0.0,0.0,0.0,0.0
240847,2025-09-02T00:00:00.000000000,0.464,0.0,0.0,0.0,0.0,0.0
240847,2025-09-02T01:00:00.000000000,0.461,0.0,0.0,0.0,0.0,0.0
240847,2025-09-02T02:00:00.000000000,0.457,0.0,0.0,0.0,0.0,0.0
240847,2025-09-02T03:00:00.000000000,0.456,0.0,0.0,0.0,0.0,0.0
240847,2025-09-02T04:00:00.000000000,0.456,0.0,0.0,0.0,0.0,0.0
240847,2025-09-02T05:00:00.000000000,0.459,0.0,0.0,0.0,0.0,0.0
240847,2025-09-02T06:00:00.000000000,0.497,0.0,0.0,0.0,0.0,0.0
240847,2025-09-02T07:00:00.000000000,0.609,0.0,0.0,0.0,0.0,0.0
240847,2025-09-02T08:00:00.000000000,0.606,0.0,0.0,0.0,0.0,0.0
240847,2025-09-02T09:00:00.000000000,0.646,0.0,0.0,0.044,0.0,0.0
240847,2025-09-02T10:00:00.000000000,0.73,0.0,0.0,0.127,0.0,0.0
240847,2025-09-02T11:00:00.000000000,0.957,0.0,0.0,0.22399999999999998,0.0,0.0
240847,2025-09-02T12:00:00.000000000,1.1869999999999998,0.0,0.0,0.38999999999999996,0.0,0.0
240847,2025-09-02T13:00:00.000000000,1.179,0.0,0.0,0.5700000000000001,0.0,0.0
240847,2025-09-02T14:00:00.000000000,1.326,0.0,0.0,0.7069999999999999,0.0,0.0
240847,2025-09-02T15:00:00.000000000,1.71,0.0,0.0,0.6719999999999999,0.0,0.0
240847,2025-09-02T16:00:00.000000000,3.823,0.0,0.0,0.7529999999999999,0.0,0.0
240847,2025-09-02T17:00:00.000000000,1.33,0.0,0.0,0.491,0.0,0.0
240847,2025-09-02T18:00:00.000000000,1.4740000000000002,0.0,0.0,0.34,0.0,0.0
240847,2025-09-02T19:00:00.000000000,0.8009999999999999,0.0,0.0,0.244,0.0,0.0
240847,2025-09-02T20:00:00.000000000,0.637,0.0,0.0,0.156,0.0,0.0
240847,2025-09-02T21:00:00.000000000,0.594,0.0,0.0,0.11599999999999999,0.0,0.0
240847,2025-09-02T22:00:00.000000000,0.557,0.0,0.0,0.063,0.0,0.0
240847,2025-09-02T23:00:00.000000000,0.524,0.0,0.0,0.051,0.0,0.0
240847,2025-09-03T00:00:00.000000000,0.511,0.0,0.0,0.047,0.0,0.0
240847,2025-09-03T01:00:00.000000000,0.501,0.0,0.0,0.04,0.0,0.0
240847,2025-09-03T02:00:00.000000000,0.483,0.0,0.0,0.024,0.0,0.0
240847,2025-09-03T03:00:00.000000000,0.458,0.0,0.0,0.001,0.0,0.0
240847,2025-09-03T04:00:00.000000000,0.456,0.0,0.0,0.0,0.0,0.0
240847,2025-09-03T05:00:00.000000000,0.459,0.0,0.0,0.0,0.0,0.0
240847,2025-09-03T06:00:00.000000000,0.463,0.0,0.0,0.0,0.0,0.0
240847,2025-09-03T07:00:00.000000000,0.46900000000000003,0.0,0.0,0.005,0.0,0.0
240847,2025-09-03T08:00:00.000000000,0.508,0.0,0.0,0.043,0.0,0.0
240847,2025-09-03T09:00:00.000000000,0.5690000000000001,0.0,0.0,0.036,0.0,0.0
240847,2025-09-03T10:00:00.000000000,0.461,0.0,0.0,0.0,0.0,0.0
240847,2025-09-03T11:00:00.000000000,0.752,0.0,0.0,0.0,0.0,0.0
240847,2025-09-03T12:00:00.000000000,0.464,0.0,0.0,0.0,0.0,0.0
240847,2025-09-03T13:00:00.000000000,0.499,0.0,0.0,0.0,0.0,0.0
240847,2025-09-03T14:00:00.000000000,0.735,0.0,0.0,0.11599999999999999,0.0,0.0
240847,2025-09-03T15:00:00.000000000,1.0230000000000001,0.0,0.0,0.375,0.0,0.0
240847,2025-09-03T16:00:00.000000000,0.948,0.0,0.0,0.341,0.0,0.0
240847,2025-09-03T17:00:00.000000000,0.661,0.0,0.0,0.16899999999999998,0.0,0.0
240847,2025-09-03T18:00:00.000000000,0.505,0.0,0.0,0.02,0.0,0.0
240847,2025-09-03T19:00:00.000000000,0.632,0.0,0.0,0.0,0.0,0.0
240847,2025-09-03T20:00:00.000000000,1.076,0.0,0.0,0.0,0.0,0.0
240847,2025-09-03T21:00:00.000000000,0.548,0.0,0.0,0.0,0.0,0.0
240847,2025-09-03T22:00:00.000000000,0.544,0.05,0.0,0.0,0.0,0.0
240847,2025-09-03T23:00:00.000000000,0.612,0.14,0.0,0.0,0.0,0.0
240847,2025-09-04T00:00:00.000000000,0.663,0.19999999999999998,0.0,0.0,0.0,0.0
240847,2025-09-04T01:00:00.000000000,0.722,0.262,0.0,0.0,0.0,0.0
240847,2025-09-04T02:00:00.000000000,0.774,0.315,0.0,0.0,0.0,0.0
240847,2025-09-04T03:00:00.000000000,0.821,0.364,0.0,0.0,0.0,0.0
240847,2025-09-04T04:00:00.000000000,0.853,0.396,0.0,0.0,0.0,0.0
240847,2025-09-04T05:00:00.000000000,0.867,0.40800000000000003,0.0,0.0,0.0,0.0
240847,2025-09-04T06:00:00.000000000,0.7549999999999999,0.292,0.0,0.0,0.0,0.0
240847,2025-09-04T07:00:00.000000000,0.656,0.19,0.0,0.0,0.0,0.0
240847,2025-09-04T08:00:00.000000000,0.611,0.144,0.0,0.0,0.0,0.0
240847,2025-09-04T09:00:00.000000000,0.515,0.054000000000000006,0.0,0.0,0.0,0.0
240847,2025-09-04T10:00:00.000000000,0.461,0.0,0.0,0.0,0.0,0.0
240847,2025-09-04T11:00:00.000000000,0.463,0.0,0.0,0.0,0.0,0.0
240847,2025-09-04T12:00:00.000000000,0.464,0.0,0.0,0.0,0.0,0.0
240847,2025-09-04T13:00:00.000000000,0.464,0.0,0.0,0.0,0.0,0.0
240847,2025-09-04T14:00:00.000000000,0.544,0.0,0.0,0.0,0.0,0.0
240847,2025-09-04T15:00:00.000000000,0.976,0.0,0.0,0.0,0.0,0.0
240847,2025-09-04T16:00:00.000000000,0.7250000000000001,0.0,0.0,0.0,0.0,0.0
240847,2025-09-04T17:00:00.000000000,0.9019999999999999,0.0,0.0,0.0,0.0,0.0
240847,2025-09-04T18:00:00.000000000,1.533,0.0,0.0,0.0,0.0,0.0
240847,2025-09-04T19:00:00.000000000,0.9120000000000001,0.014,0.0,0.0,0.0,0.0
240847,2025-09-04T20:00:00.000000000,1.113,0.119,0.0,0.0,0.0,0.0
240847,2025-09-04T21:00:00.000000000,0.8779999999999999,0.212,0.0,0.0,0.0,0.0
240847,2025-09-04T22:00:00.000000000,0.877,0.33499999999999996,0.0,0.0,0.0,0.0
240847,2025-09-04T23:00:00.000000000,0.888,0.41500000000000004,0.0,0.0,0.0,0.0
240847,2025-09-05T00:00:00.000000000,1.2389999999999999,0.54,0.0,0.0,0.0,0.0
240847,2025-09-05T01:00:00.000000000,1.313,0.643,0.0,0.0,0.0,0.0
240847,2025-09-05T02:00:00.000000000,1.207,0.748,0.0,0.0,0.0,0.0
240847,2025-09-05T03:00:00.000000000,1.295,0.836,0.0,0.0,0.0,0.0
240847,2025-09-05T04:00:00.000000000,1.33,0.873,0.0,0.0,0.0,0.0
240847,2025-09-05T05:00:00.000000000,1.347,0.871,0.0,0.0,0.0,0.0
240847,2025-09-05T06:00:00.000000000,1.248,0.665,0.0,0.0,0.0,0.0
240847,2025-09-05T07:00:00.000000000,0.9259999999999999,0.354,0.0,0.0,0.0,0.0
240847,2025-09-05T08:00:00.000000000,0.609,0.144,0.0,0.0,0.0,0.0
240847,2025-09-05T09:00:00.000000000,0.475,0.01,0.0,0.0,0.0,0.0
240847,2025-09-05T10:00:00.000000000,0.461,0.0,0.0,0.0,0.0,0.0
240847,2025-09-05T11:00:00.000000000,0.8109999999999999,0.0,0.0,0.0,0.0,0.0
240847,2025-09-05T12:00:00.000000000,0.464,0.0,0.0,0.0,0.0,0.0
240847,2025-09-05T13:00:00.000000000,0.547,0.0,0.0,0.08299999999999999,0.0,0.0
240847,2025-09-05T14:00:00.000000000,0.7049999999999998,0.0,0.0,0.241,0.0,0.0
240847,2025-09-05T15:00:00.000000000,0.7809999999999999,0.0,0.0,0.31100000000000005,0.0,0.0
240847,2025-09-05T16:00:00.000000000,1.4869999999999999,0.0,0.0,0.339,0.0,0.0
240847,2025-09-05T17:00:00.000000000,1.424,0.0,0.0,0.28800000000000003,0.0,0.0
240847,2025-09-05T18:00:00.000000000,0.8859999999999999,0.0,0.0,0.11399999999999999,0.0,0.0
240847,2025-09-05T19:00:00.000000000,2.396,0.0,0.0,0.148,0.0,0.0
240847,2025-09-05T20:00:00.000000000,0.768,0.0,0.0,0.0,0.0,0.0
240847,2025-09-05T21:00:00.000000000,1.025,0.0,0.0,0.0,0.0,0.0
240847,2025-09-05T22:00:00.000000000,0.591,0.0,0.0,0.0,0.0,0.0
240847,2025-09-05T23:00:00.000000000,0.483,0.0,0.0,0.0,0.0,0.0
240847,2025-09-06T00:00:00.000000000,0.5700000000000001,0.10600000000000001,0.0,0.0,0.0,0.0
240847,2025-09-06T01:00:00.000000000,0.7,0.237,0.0,0.0,0.0,0.0
240847,2025-09-06T02:00:00.000000000,0.772,0.313,0.0,0.0,0.0,0.0
240847,2025-09-06T03:00:00.000000000,0.834,0.376,0.0,0.0,0.0,0.0
240847,2025-09-06T04:00:00.000000000,0.871,0.415,0.0,0.0,0.0,0.0
240847,2025-09-06T05:00:00.000000000,1.1340000000000001,0.43799999999999994,0.0,0.0,0.0,0.0
240847,2025-09-06T06:00:00.000000000,0.9140000000000001,0.285,0.0,0.0,0.0,0.0
240847,2025-09-06T07:00:00.000000000,0.5529999999999999,0.08800000000000001,0.0,0.0,0.0,0.0
240847,2025-09-06T08:00:00.000000000,0.464,0.0,0.0,0.0,0.0,0.0
240847,2025-09-06T09:00:00.000000000,0.464,0.0,0.0,0.0,0.0,0.0
240847,2025-09-06T10:00:00.000000000,0.461,0.0,0.0,0.0,0.0,0.0
240847,2025-09-06T11:00:00.000000000,0.6060000000000001,0.0,0.0,0.13899999999999998,0.0,0.0
240847,2025-09-06T12:00:00.000000000,0.7969999999999999,0.0,0.0,0.332,0.0,0.0
240847,2025-09-06T13:00:00.000000000,0.959,0.0,0.0,0.492,0.0,0.0
240847,2025-09-06T14:00:00.000000000,1.076,0.0,0.0,0.61,0.0,0.0
240847,2025-09-06T15:00:00.000000000,1.156,0.0,0.0,0.6859999999999999,0.0,0.0
240847,2025-09-06T16:00:00.000000000,1.105,0.0,0.0,0.603,0.0,0.0
240847,2025-09-06T17:00:00.000000000,0.96,0.0,0.0,0.46599999999999997,0.0,0.0
240847,2025-09-06T18:00:00.000000000,0.8049999999999999,0.0,0.0,0.321,0.0,0.0
240847,2025-09-06T19:00:00.000000000,0.916,0.0,0.0,0.20800000000000002,0.0,0.0
240847,2025-09-06T20:00:00.000000000,0.8899999999999999,0.0,0.0,0.12100000000000001,0.0,0.0
240847,2025-09-06T21:00:00.000000000,0.7010000000000001,0.0,0.0,0.035,0.0,0.0
240847,2025-09-06T22:00:00.000000000,0.791,0.0,0.0,0.0,0.0,0.0
240847,2025-09-06T23:00:00.000000000,0.54,0.0,0.0,0.0,0.0,0.0
240847,2025-09-07T00:00:00.000000000,0.464,0.0,0.0,0.0,0.0,0.0
240847,2025-09-07T01:00:00.000000000,0.461,0.0,0.0,0.0,0.0,0.0
240847,2025-09-07T02:00:00.000000000,0.46,0.0,0.0,0.0,0.0,0.0
240847,2025-09-07T03:00:00.000000000,0.457,0.0,0.0,0.0,0.0,0.0
240847,2025-09-07T04:00:00.000000000,0.456,0.0,0.0,0.0,0.0,0.0
240847,2025-09-07T05:00:00.000000000,0.51,0.0,0.0,0.0,0.0,0.0
240847,2025-09-07T06:00:00.000000000,2.626,0.0,0.0,0.0,0.0,0.0
240847,2025-09-07T07:00:00.000000000,0.535,0.0,0.0,0.0,0.0,0.0
240847,2025-09-07T08:00:00.000000000,0.464,0.0,0.0,0.0,0.0,0.0
240847,2025-09-07T09:00:00.000000000,0.466,0.0,0.0,0.003,0.0,0.0
240847,2025-09-07T10:00:00.000000000,1.046,0.0,0.0,0.232,0.0,0.0
240847,2025-09-07T11:00:00.000000000,0.995,0.0,0.0,0.528,0.0,0.0
240847,2025-09-07T12:00:00.000000000,3.6639999999999997,0.0,0.0,0.899,0.0,0.0
240847,2025-09-07T13:00:00.000000000,1.593,0.0,0.0,0.868,0.0,0.0
240847,2025-09-07T14:00:00.000000000,1.5310000000000001,0.0,0.0,0.91,0.0,0.0
240847,2025-09-07T15:00:00.000000000,2.182,0.0,0.0,0.985,0.0,0.0
240847,2025-09-07T16:00:00.000000000,1.608,0.0,0.0,0.8829999999999999,0.0,0.0
240847,2025-09-07T17:00:00.000000000,1.4889999999999999,0.0,0.0,0.7280000000000001,0.0,0.0
240847,2025-09-07T18:00:00.000000000,1.304,0.0,0.0,0.531,0.0,0.0
240847,2025-09-07T19:00:00.000000000,1.4700000000000002,0.0,0.0,0.343,0.0,0.0
240847,2025-09-07T20:00:00.000000000,7.949,0.0,0.0,0.11299999999999999,0.0,0.0
240847,2025-09-07T21:00:00.000000000,0.8680000000000001,0.0,0.0,0.158,0.0,0.0
240847,2025-09-07T22:00:00.000000000,0.521,0.0,0.0,0.027000000000000003,0.0,0.0
240847,2025-09-07T23:00:00.000000000,0.473,0.0,0.0,0.0,0.0,0.0
240847,2025-09-08T00:00:00.000000000,0.464,0.0,0.0,0.0,0.0,0.0
240847,2025-09-08T01:00:00.000000000,0.461,0.0,0.0,0.0,0.0,0.0
240847,2025-09-08T02:00:00.000000000,0.457,0.0,0.0,0.0,0.0,0.0
240847,2025-09-08T03:00:00.000000000,0.443,0.0,0.0,0.0,0.0,0.0
240847,2025-09-08T04:00:00.000000000,0.456,0.0,0.0,0.0,0.0,0.0
240847,2025-09-08T05:00:00.000000000,0.459,0.0,0.0,0.0,0.0,0.0
240847,2025-09-08T06:00:00.000000000,0.463,0.0,0.0,0.0,0.0,0.0
240847,2025-09-08T07:00:00.000000000,0.501,0.0,0.0,0.0,0.0,0.0
240847,2025-09-08T08:00:00.000000000,0.606,0.0,0.0,0.0,0.0,0.0
240847,2025-09-08T09:00:00.000000000,0.601,0.0,0.0,0.0,0.0,0.0
240847,2025-09-08T10:00:00.000000000,0.603,0.0,0.0,0.0,0.0,0.0
240847,2025-09-08T11:00:00.000000000,0.613,0.0,0.0,0.0,0.0,0.0
240847,2025-09-08T12:00:00.000000000,0.616,0.0,0.0,0.0,0.0,0.0
240847,2025-09-08T13:00:00.000000000,0.8540000000000001,0.0,0.0,0.0,0.0,0.0
240847,2025-09-08T14:00:00.000000000,0.7280000000000001,0.0,0.0,0.0,0.0,0.0
240847,2025-09-08T15:00:00.000000000,0.648,0.0,0.0,0.0,0.0,0.0
240847,2025-09-08T16:00:00.000000000,0.867,0.0,0.0,0.0,0.0,0.0
240847,2025-09-08T17:00:00.000000000,1.34,0.0,0.0,0.0,0.0,0.0
240847,2025-09-08T18:00:00.000000000,1.012,0.0,0.0,0.0,0.0,0.0
240847,2025-09-08T19:00:00.000000000,0.8760000000000001,0.0,0.0,0.0,0.0,0.0
240847,2025-09-08T20:00:00.000000000,0.698,0.0,0.0,0.0,0.0,0.0
240847,2025-09-08T21:00:00.000000000,0.478,0.0,0.0,0.0,0.0,0.0
240847,2025-09-08T22:00:00.000000000,0.533,0.04,0.0,0.0,0.0,0.0
240847,2025-09-08T23:00:00.000000000,0.534,0.062,0.0,0.0,0.0,0.0
240847,2025-09-09T00:00:00.000000000,0.532,0.069,0.0,0.0,0.0,0.0
240847,2025-09-09T01:00:00.000000000,0.545,0.08399999999999999,0.0,0.0,0.0,0.0
240847,2025-09-09T02:00:00.000000000,0.5720000000000001,0.112,0.0,0.0,0.0,0.0
240847,2025-09-09T03:00:00.000000000,0.601,0.14400000000000002,0.0,0.0,0.0,0.0
240847,2025-09-09T04:00:00.000000000,0.614,0.158,0.0,0.0,0.0,0.0
240847,2025-09-09T05:00:00.000000000,0.607,0.148,0.0,0.0,0.0,0.0
240847,2025-09-09T06:00:00.000000000,0.698,0.133,0.0,0.0,0.0,0.0
240847,2025-09-09T07:00:00.000000000,0.7050000000000001,0.09599999999999999,0.0,0.0,0.0,0.0
240847,2025-09-09T08:00:00.000000000,0.644,0.036000000000000004,0.0,0.0,0.0,0.0
240847,2025-09-09T09:00:00.000000000,0.901,0.0,0.0,0.0,0.0,0.0
240847,2025-09-09T10:00:00.000000000,1.151,0.0,0.0,0.0,0.0,0.0
240847,2025-09-09T11:00:00.000000000,6.266,0.0,0.0,0.0,0.0,0.0
240847,2025-09-09T12:00:00.000000000,1.786,0.0,0.0,0.0,0.0,0.0
240847,2025-09-09T13:00:00.000000000,0.8300000000000001,0.0,0.0,0.0,0.0,0.0
240847,2025-09-09T14:00:00.000000000,0.849,0.0,0.0,0.0,0.0,0.0
240847,2025-09-09T15:00:00.000000000,1.1219999999999999,0.0,0.0,0.0,0.0,0.0
240847,2025-09-09T16:00:00.000000000,0.7250000000000001,0.0,0.0,0.0,0.0,0.0
240847,2025-09-09T17:00:00.000000000,0.76,0.0,0.0,0.0,0.0,0.0
240847,2025-09-09T18:00:00.000000000,1.235,0.0,0.0,0.0,0.0,0.0
240847,2025-09-09T19:00:00.000000000,0.9870000000000001,0.0,0.0,0.0,0.0,0.0
240847,2025-09-09T20:00:00.000000000,0.768,0.0,0.0,0.0,0.0,0.0
240847,2025-09-09T21:00:00.000000000,0.668,0.0,0.0,0.0,0.0,0.0
240847,2025-09-09T22:00:00.000000000,0.964,0.0,0.0,0.0,0.0,0.0
240847,2025-09-09T23:00:00.000000000,0.472,0.0,0.0,0.0,0.0,0.0
240847,2025-09-10T00:00:00.000000000,0.464,0.0,0.0,0.0,0.0,0.0
240847,2025-09-10T01:00:00.000000000,0.487,0.026000000000000002,0.0,0.0,0.0,0.0
240847,2025-09-10T02:00:00.000000000,0.52,0.061,0.0,0.0,0.0,0.0
240847,2025-09-10T03:00:00.000000000,0.514,0.093,0.0,0.0,0.0,0.0
240847,2025-09-10T04:00:00.000000000,0.535,0.106,0.0,0.0,0.0,0.0
240847,2025-09-10T05:00:00.000000000,0.5650000000000001,0.111,0.0,0.0,0.0,0.0
240847,2025-09-10T06:00:00.000000000,0.545,0.083,0.0,0.0,0.0,0.0
240847,2025-09-10T07:00:00.000000000,0.527,0.062,0.0,0.0,0.0,0.0
240847,2025-09-10T08:00:00.000000000,0.469,0.005,0.0,0.0,0.0,0.0
240847,2025-09-10T09:00:00.000000000,0.5660000000000001,0.0,0.0,0.0,0.0,0.0
240847,2025-09-10T10:00:00.000000000,0.603,0.0,0.0,0.0,0.0,0.0
240847,2025-09-10T11:00:00.000000000,0.499,0.0,0.0,0.0,0.0,0.0
240847,2025-09-10T12:00:00.000000000,0.783,0.0,0.0,0.0,0.0,0.0
240847,2025-09-10T13:00:00.000000000,0.464,0.0,0.0,0.0,0.0,0.0
240847,2025-09-10T14:00:00.000000000,0.464,0.0,0.0,0.0,0.0,0.0
240847,2025-09-10T15:00:00.000000000,0.47,0.0,0.0,0.0,0.0,0.0
240847,2025-09-10T16:00:00.000000000,0.538,0.0,0.0,0.037,0.0,0.0
240847,2025-09-10T17:00:00.000000000,0.499,0.0,0.0,0.005,0.0,0.0
240847,2025-09-10T18:00:00.000000000,1.09,0.0,0.0,0.0,0.0,0.0
240847,2025-09-10T19:00:00.000000000,0.7790000000000001,0.0,0.0,0.0,0.0,0.0
240847,2025-09-10T20:00:00.000000000,0.768,0.0,0.0,0.0,0.0,0.0
240847,2025-09-10T21:00:00.000000000,0.668,0.0,0.0,0.0,0.0,0.0
240847,2025-09-10T22:00:00.000000000,0.554,0.0,0.0,0.0,0.0,0.0
240847,2025-09-10T23:00:00.000000000,0.473,0.0,0.0,0.0,0.0,0.0
240847,2025-09-11T00:00:00.000000000,0.464,0.0,0.0,0.0,0.0,0.0
240847,2025-09-11T01:00:00.000000000,0.461,0.0,0.0,0.0,0.0,0.0
240847,2025-09-11T02:00:00.000000000,0.46,0.0,0.0,0.0,0.0,0.0
240847,2025-09-11T03:00:00.000000000,0.7919999999999999,0.0,0.0,0.0,0.0,0.0
240847,2025-09-11T04:00:00.000000000,0.456,0.0,0.0,0.0,0.0,0.0
240847,2025-09-11T05:00:00.000000000,0.51,0.034,0.0,0.0,0.0,0.0
240847,2025-09-11T06:00:00.000000000,0.734,0.038,0.0,0.0,0.0,0.0
240847,2025-09-11T07:00:00.000000000,1.026,0.0,0.0,0.0,0.0,0.0
240847,2025-09-11T08:00:00.000000000,0.606,0.0,0.0,0.0,0.0,0.0
240847,2025-09-11T09:00:00.000000000,0.601,0.0,0.0,0.0,0.0,0.0
240847,2025-09-11T10:00:00.000000000,0.603,0.0,0.0,0.0,0.0,0.0
240847,2025-09-11T11:00:00.000000000,0.499,0.0,0.0,0.0,0.0,0.0
240847,2025-09-11T12:00:00.000000000,0.464,0.0,0.0,0.0,0.0,0.0
240847,2025-09-11T13:00:00.000000000,0.733,0.0,0.0,0.027,0.0,0.0
240847,2025-09-11T14:00:00.000000000,0.8519999999999999,0.0,0.0,0.113,0.0,0.0
240847,2025-09-11T15:00:00.000000000,0.7629999999999999,0.0,0.0,0.11499999999999999,0.0,0.0
240847,2025-09-11T16:00:00.000000000,0.569,0.0,0.0,0.021,0.0,0.0
240847,2025-09-11T17:00:00.000000000,0.494,0.0,0.0,0.0,0.0,0.0
240847,2025-09-11T18:00:00.000000000,1.416,0.0,0.0,0.0,0.0,0.0
240847,2025-09-11T19:00:00.000000000,3.294,0.0,0.0,0.16899999999999998,0.0,0.0
240847,2025-09-11T20:00:00.000000000,1.4860000000000002,0.0,0.0,0.052000000000000005,0.0,0.0
240847,2025-09-11T21:00:00.000000000,0.668,0.0,0.0,0.0,0.0,0.0
240847,2025-09-11T22:00:00.000000000,0.5640000000000001,0.0,0.0,0.0,0.0,0.0
240847,2025-09-11T23:00:00.000000000,0.483,0.0,0.0,0.0,0.0,0.0
240847,2025-09-12T00:00:00.000000000,0.464,0.0,0.0,0.0,0.0,0.0
240847,2025-09-12T01:00:00.000000000,0.461,0.0,0.0,0.0,0.0,0.0
240847,2025-09-12T02:00:00.000000000,0.46,0.0,0.0,0.0,0.0,0.0
240847,2025-09-12T03:00:00.000000000,0.457,0.0,0.0,0.0,0.0,0.0
240847,2025-09-12T04:00:00.000000000,0.456,0.0,0.0,0.0,0.0,0.0
240847,2025-09-12T05:00:00.000000000,0.459,0.0,0.0,0.0,0.0,0.0
240847,2025-09-12T06:00:00.000000000,1.021,0.0,0.0,0.0,0.0,0.0
240847,2025-09-12T07:00:00.000000000,0.609,0.0,0.0,0.0,0.0,0.0
240847,2025-09-12T08:00:00.000000000,0.571,0.0,0.0,0.0,0.0,0.0
240847,2025-09-12T09:00:00.000000000,0.464,0.0,0.0,0.0,0.0,0.0
240847,2025-09-12T10:00:00.000000000,0.942,0.0,0.0,0.0,0.0,0.0
240847,2025-09-12T11:00:00.000000000,0.504,0.0,0.0,0.0,0.0,0.0
240847,2025-09-12T12:00:00.000000000,0.55,0.0,0.0,0.08499999999999999,0.0,0.0
240847,2025-09-12T13:00:00.000000000,0.7719999999999999,0.0,0.0,0.30600000000000005,0.0,0.0
240847,2025-09-12T14:00:00.000000000,0.911,0.0,0.0,0.446,0.0,0.0
240847,2025-09-12T15:00:00.000000000,1.002,0.0,0.0,0.532,0.0,0.0
240847,2025-09-12T16:00:00.000000000,1.1900000000000002,0.0,0.0,0.5690000000000001,0.0,0.0
240847,2025-09-12T17:00:00.000000000,1.226,0.0,0.0,0.46599999999999997,0.0,0.0
240847,2025-09-12T18:00:00.000000000,1.439,0.0,0.0,0.315,0.0,0.0
240847,2025-09-12T19:00:00.000000000,0.864,0.0,0.0,0.157,0.0,0.0
240847,2025-09-12T20:00:00.000000000,3.1580000000000004,0.0,0.0,0.24,0.0,0.0
240847,2025-09-12T21:00:00.000000000,0.724,0.0,0.0,0.018,0.0,0.0
240847,2025-09-12T22:00:00.000000000,0.494,0.0,0.0,0.0,0.0,0.0
240847,2025-09-12T23:00:00.000000000,0.473,0.0,0.0,0.0,0.0,0.0
240847,2025-09-13T00:00:00.000000000,0.464,0.0,0.0,0.0,0.0,0.0
240847,2025-09-13T01:00:00.000000000,0.461,0.0,0.0,0.0,0.0,0.0
240847,2025-09-13T02:00:00.000000000,0.46,0.0,0.0,0.0,0.0,0.0
240847,2025-09-13T03:00:00.000000000,0.457,0.0,0.0,0.0,0.0,0.0
240847,2025-09-13T04:00:00.000000000,0.7889999999999999,0.0,0.0,0.0,0.0,0.0
240847,2025-09-13T05:00:00.000000000,0.47600000000000003,0.0,0.0,0.0,0.0,0.0
240847,2025-09-13T06:00:00.000000000,0.48,0.0,0.0,0.0,0.0,0.0
240847,2025-09-13T07:00:00.000000000,0.464,0.0,0.0,0.0,0.0,0.0
240847,2025-09-13T08:00:00.000000000,0.464,0.0,0.0,0.0,0.0,0.0
240847,2025-09-13T09:00:00.000000000,0.5810000000000001,0.0,0.0,0.003,0.0,0.0
240847,2025-09-13T10:00:00.000000000,1.108,0.0,0.0,0.241,0.0,0.0
240847,2025-09-13T11:00:00.000000000,0.9289999999999999,0.0,0.0,0.463,0.0,0.0
240847,2025-09-13T12:00:00.000000000,1.11,0.0,0.0,0.643,0.0,0.0
240847,2025-09-13T13:00:00.000000000,1.216,0.0,0.0,0.7490000000000001,0.0,0.0
240847,2025-09-13T14:00:00.000000000,1.299,0.0,0.0,0.834,0.0,0.0
240847,2025-09-13T15:00:00.000000000,1.4100000000000001,0.0,0.0,0.94,0.0,0.0
240847,2025-09-13T16:00:00.000000000,1.347,0.0,0.0,0.845,0.0,0.0
240847,2025-09-13T17:00:00.000000000,1.1709999999999998,0.0,0.0,0.678,0.0,0.0
240847,2025-09-13T18:00:00.000000000,0.9169999999999999,0.0,0.0,0.43199999999999994,0.0,0.0
240847,2025-09-13T19:00:00.000000000,0.7190000000000001,0.0,0.0,0.23399999999999999,0.0,0.0
240847,2025-09-13T20:00:00.000000000,0.581,0.0,0.0,0.097,0.0,0.0
240847,2025-09-13T21:00:00.000000000,0.483,0.0,0.0,0.005,0.0,0.0
240847,2025-09-13T22:00:00.000000000,0.494,0.0,0.0,0.0,0.0,0.0
240847,2025-09-13T23:00:00.000000000,0.473,0.0,0.0,0.0,0.0,0.0
240847,2025-09-14T00:00:00.000000000,0.464,0.0,0.0,0.0,0.0,0.0
240847,2025-09-14T01:00:00.000000000,0.461,0.0,0.0,0.0,0.0,0.0
240847,2025-09-14T02:00:00.000000000,0.46,0.0,0.0,0.0,0.0,0.0
240847,2025-09-14T03:00:00.000000000,0.476,0.019,0.0,0.0,0.0,0.0
240847,2025-09-14T04:00:00.000000000,0.518,0.062,0.0,0.0,0.0,0.0
240847,2025-09-14T05:00:00.000000000,0.686,0.10400000000000001,0.0,0.0,0.0,0.0
240847,2025-09-14T06:00:00.000000000,0.8780000000000001,0.1,0.0,0.0,0.0,0.0
240847,2025-09-14T07:00:00.000000000,0.711,0.106,0.0,0.0,0.0,0.0
240847,2025-09-14T08:00:00.000000000,7.5,0.236,0.0,0.0,0.0,0.0
240847,2025-09-14T09:00:00.000000000,0.601,0.0,0.0,0.0,0.0,0.0
240847,2025-09-14T10:00:00.000000000,0.931,0.0,0.0,0.0,0.0,0.0
240847,2025-09-14T11:00:00.000000000,0.499,0.0,0.0,0.0,0.0,0.0
240847,2025-09-14T12:00:00.000000000,0.464,0.0,0.0,0.0,0.0,0.0
240847,2025-09-14T13:00:00.000000000,0.464,0.0,0.0,0.0,0.0,0.0
240847,2025-09-14T14:00:00.000000000,0.546,0.0,0.0,0.08199999999999999,0.0,0.0
240847,2025-09-14T15:00:00.000000000,0.835,0.0,0.0,0.365,0.0,0.0
240847,2025-09-14T16:00:00.000000000,0.998,0.0,0.0,0.496,0.0,0.0
240847,2025-09-14T17:00:00.000000000,1.3359999999999999,0.0,0.0,0.41800000000000004,0.0,0.0
240847,2025-09-14T18:00:00.000000000,1.282,0.0,0.0,0.269,0.0,0.0
240847,2025-09-14T19:00:00.000000000,0.9359999999999999,0.0,0.0,0.154,0.0,0.0
240847,2025-09-14T20:00:00.000000000,0.8069999999999999,0.0,0.0,0.037000000000000005,0.0,0.0
240847,2025-09-14T21:00:00.000000000,0.668,0.0,0.0,0.0,0.0,0.0
240847,2025-09-14T22:00:00.000000000,0.554,0.0,0.0,0.0,0.0,0.0
240847,2025-09-14T23:00:00.000000000,0.473,0.0,0.0,0.0,0.0,0.0
240847,2025-09-15T00:00:00.000000000,0.464,0.0,0.0,0.0,0.0,0.0
240847,2025-09-15T01:00:00.000000000,0.461,0.0,0.0,0.0,0.0,0.0
240847,2025-09-15T02:00:00.000000000,0.457,0.0,0.0,0.0,0.0,0.0
240847,2025-09-15T03:00:00.000000000,0.476,0.02,0.0,0.0,0.0,0.0
240847,2025-09-15T04:00:00.000000000,0.522,0.066,0.0,0.0,0.0,0.0
240847,2025-09-15T05:00:00.000000000,0.539,0.08,0.0,0.0,0.0,0.0
240847,2025-09-15T06:00:00.000000000,0.541,0.077,0.0,0.0,0.0,0.0
240847,2025-09-15T07:00:00.000000000,0.6310000000000001,0.056,0.0,0.0,0.0,0.0
240847,2025-09-15T08:00:00.000000000,0.609,0.003,0.0,0.0,0.0,0.0
240847,2025-09-15T09:00:00.000000000,0.601,0.0,0.0,0.0,0.0,0.0
240847,2025-09-15T10:00:00.000000000,1.679,0.0,0.0,0.0,0.0,0.0
240847,2025-09-15T11:00:00.000000000,0.7130000000000001,0.0,0.0,0.09999999999999999,0.0,0.0
240847,2025-09-15T12:00:00.000000000,0.911,0.0,0.0,0.29800000000000004,0.0,0.0
240847,2025-09-15T13:00:00.000000000,1.1239999999999999,0.0,0.0,0.516,0.0,0.0
240847,2025-09-15T14:00:00.000000000,1.308,0.0,0.0,0.6890000000000001,0.0,0.0
240847,2025-09-15T15:00:00.000000000,1.484,0.0,0.0,0.7169999999999999,0.0,0.0
240847,2025-09-15T16:00:00.000000000,1.7080000000000002,0.0,0.0,0.698,0.0,0.0
240847,2025-09-15T17:00:00.000000000,1.75,0.0,0.0,0.599,0.0,0.0
240847,2025-09-15T18:00:00.000000000,1.9420000000000002,0.0,0.0,0.428,0.0,0.0
240847,2025-09-15T19:00:00.000000000,0.94,0.0,0.0,0.16,0.0,0.0
240847,2025-09-15T20:00:00.000000000,0.746,0.0,0.0,0.047,0.0,0.0
240847,2025-09-15T21:00:00.000000000,0.478,0.0,0.0,0.0,0.0,0.0
240847,2025-09-15T22:00:00.000000000,0.848,0.0,0.0,0.0,0.0,0.0
240847,2025-09-15T23:00:00.000000000,0.59,0.0,0.0,0.0,0.0,0.0
240847,2025-09-16T00:00:00.000000000,0.464,0.0,0.0,0.0,0.0,0.0
240847,2025-09-16T01:00:00.000000000,0.461,0.0,0.0,0.0,0.0,0.0
240847,2025-09-16T02:00:00.000000000,0.457,0.0,0.0,0.0,0.0,0.0
240847,2025-09-16T03:00:00.000000000,0.501,0.045,0.0,0.0,0.0,0.0
240847,2025-09-16T04:00:00.000000000,0.576,0.12,0.0,0.0,0.0,0.0
240847,2025-09-16T05:00:00.000000000,0.594,0.135,0.0,0.0,0.0,0.0
240847,2025-09-16T06:00:00.000000000,0.54,0.077,0.0,0.0,0.0,0.0
240847,2025-09-16T07:00:00.000000000,0.555,0.017,0.0,0.0,0.0,0.0
240847,2025-09-16T08:00:00.000000000,0.606,0.0,0.0,0.0,0.0,0.0
240847,2025-09-16T09:00:00.000000000,0.601,0.0,0.0,0.0,0.0,0.0
240847,2025-09-16T10:00:00.000000000,0.7449999999999999,0.0,0.0,0.0,0.0,0.0
240847,2025-09-16T11:00:00.000000000,1.8,0.0,0.0,0.169,0.0,0.0
240847,2025-09-16T12:00:00.000000000,1.395,0.0,0.0,0.33,0.0,0.0
240847,2025-09-16T13:00:00.000000000,1.04,0.0,0.0,0.47,0.0,0.0
240847,2025-09-16T14:00:00.000000000,1.23,0.0,0.0,0.6110000000000001,0.0,0.0
240847,2025-09-16T15:00:00.000000000,1.226,0.0,0.0,0.624,0.0,0.0
240847,2025-09-16T16:00:00.000000000,3.633,0.0,0.0,0.7569999999999999,0.0,0.0
240847,2025-09-16T17:00:00.000000000,1.357,0.0,0.0,0.479,0.0,0.0
240847,2025-09-16T18:00:00.000000000,1.214,0.0,0.0,0.27999999999999997,0.0,0.0
240847,2025-09-16T19:00:00.000000000,1.415,0.0,0.0,0.14100000000000001,0.0,0.0
240847,2025-09-16T20:00:00.000000000,0.484,0.0,0.0,0.0,0.0,0.0
240847,2025-09-16T21:00:00.000000000,0.478,0.0,0.0,0.0,0.0,0.0
240847,2025-09-16T22:00:00.000000000,0.491,0.0,0.0,0.0,0.0,0.0
240847,2025-09-16T23:00:00.000000000,0.472,0.0,0.0,0.0,0.0,0.0
240847,2025-09-17T00:00:00.000000000,0.464,0.0,0.0,0.0,0.0,0.0
240847,2025-09-17T01:00:00.000000000,0.51,0.049,0.0,0.0,0.0,0.0
240847,2025-09-17T02:00:00.000000000,0.631,0.17300000000000001,0.0,0.0,0.0,0.0
240847,2025-09-17T03:00:00.000000000,0.72,0.263,0.0,0.0,0.0,0.0
240847,2025-09-17T04:00:00.000000000,0.793,0.33799999999999997,0.0,0.0,0.0,0.0
240847,2025-09-17T05:00:00.000000000,0.878,0.419,0.0,0.0,0.0,0.0
240847,2025-09-17T06:00:00.000000000,1.13,0.392,0.0,0.0,0.0,0.0
240847,2025-09-17T07:00:00.000000000,0.791,0.216,0.0,0.0,0.0,0.0
240847,2025-09-17T08:00:00.000000000,0.528,0.062,0.0,0.0,0.0,0.0
240847,2025-09-17T09:00:00.000000000,0.464,0.0,0.0,0.0,0.0,0.0
240847,2025-09-17T10:00:00.000000000,0.461,0.0,0.0,0.0,0.0,0.0
240847,2025-09-17T11:00:00.000000000,0.463,0.0,0.0,0.0,0.0,0.0
240847,2025-09-17T12:00:00.000000000,0.464,0.0,0.0,0.0,0.0,0.0
240847,2025-09-17T13:00:00.000000000,0.5650000000000001,0.0,0.0,0.1,0.0,0.0
240847,2025-09-17T14:00:00.000000000,0.7290000000000001,0.0,0.0,0.265,0.0,0.0
240847,2025-09-17T15:00:00.000000000,0.815,0.0,0.0,0.34500000000000003,0.0,0.0
240847,2025-09-17T16:00:00.000000000,0.716,0.0,0.0,0.21500000000000002,0.0,0.0
240847,2025-09-17T17:00:00.000000000,0.6990000000000001,0.0,0.0,0.207,0.0,0.0
240847,2025-09-17T18:00:00.000000000,0.5529999999999999,0.0,0.0,0.069,0.0,0.0
240847,2025-09-17T19:00:00.000000000,1.07,0.0,0.0,0.0,0.0,0.0
240847,2025-09-17T20:00:00.000000000,0.847,0.0,0.0,0.0,0.0,0.0
240847,2025-09-17T21:00:00.000000000,0.628,0.0,0.0,0.0,0.0,0.0
240847,2025-09-17T22:00:00.000000000,0.494,0.0,0.0,0.0,0.0,0.0
240847,2025-09-17T23:00:00.000000000,0.473,0.0,0.0,0.0,0.0,0.0
240847,2025-09-18T00:00:00.000000000,0.464,0.0,0.0,0.0,0.0,0.0
240847,2025-09-18T01:00:00.000000000,0.461,0.0,0.0,0.0,0.0,0.0
240847,2025-09-18T02:00:00.000000000,0.46,0.0,0.0,0.0,0.0,0.0
240847,2025-09-18T03:00:00.000000000,0.457,0.0,0.0,0.0,0.0,0.0
240847,2025-09-18T04:00:00.000000000,0.456,0.0,0.0,0.0,0.0,0.0
240847,2025-09-18T05:00:00.000000000,0.459,0.0,0.0,0.0,0.0,0.0
240847,2025-09-18T06:00:00.000000000,0.463,0.0,0.0,0.0,0.0,0.0
240847,2025-09-18T07:00:00.000000000,0.464,0.0,0.0,0.0,0.0,0.0
240847,2025-09-18T08:00:00.000000000,0.464,0.0,0.0,0.0,0.0,0.0
240847,2025-09-18T09:00:00.000000000,0.464,0.0,0.0,0.0,0.0,0.0
240847,2025-09-18T10:00:00.000000000,0.461,0.0,0.0,0.0,0.0,0.0
240847,2025-09-18T11:00:00.000000000,0.788,0.0,0.0,0.03,0.0,0.0
240847,2025-09-18T12:00:00.000000000,0.5770000000000001,0.0,0.0,0.11099999999999999,0.0,0.0
240847,2025-09-18T13:00:00.000000000,0.738,0.0,0.0,0.238,0.0,0.0
240847,2025-09-18T14:00:00.000000000,0.905,0.0,0.0,0.44,0.0,0.0
240847,2025-09-18T15:00:00.000000000,0.994,0.0,0.0,0.525,0.0,0.0
240847,2025-09-18T16:00:00.000000000,0.983,0.0,0.0,0.481,0.0,0.0
240847,2025-09-18T17:00:00.000000000,0.885,0.0,0.0,0.392,0.0,0.0
240847,2025-09-18T18:00:00.000000000,0.7180000000000001,0.0,0.0,0.233,0.0,0.0
240847,2025-09-18T19:00:00.000000000,0.893,0.0,0.0,0.112,0.0,0.0
240847,2025-09-18T20:00:00.000000000,0.7810000000000001,0.0,0.0,0.012,0.0,0.0
240847,2025-09-18T21:00:00.000000000,0.668,0.0,0.0,0.0,0.0,0.0
240847,2025-09-18T22:00:00.000000000,0.5640000000000001,0.0,0.0,0.0,0.0,0.0
240847,2025-09-18T23:00:00.000000000,0.594,0.0,0.0,0.0,0.0,0.0
240847,2025-09-19T00:00:00.000000000,0.6859999999999999,0.0,0.0,0.0,0.0,0.0
240847,2025-09-19T01:00:00.000000000,0.461,0.0,0.0,0.0,0.0,0.0
240847,2025-09-19T02:00:00.000000000,0.496,0.038000000000000006,0.0,0.0,0.0,0.0
240847,2025-09-19T03:00:00.000000000,0.61,0.15300000000000002,0.0,0.0,0.0,0.0
240847,2025-09-19T04:00:00.000000000,0.6950000000000001,0.23900000000000002,0.0,0.0,0.0,0.0
240847,2025-09-19T05:00:00.000000000,1.1549999999999998,0.29,0.0,0.0,0.0,0.0
240847,2025-09-19T06:00:00.000000000,1.45,0.125,0.0,0.0,0.0,0.0
240847,2025-09-19T07:00:00.000000000,0.889,0.037000000000000005,0.0,0.0,0.0,0.0
240847,2025-09-19T08:00:00.000000000,0.534,0.0,0.0,0.0,0.0,0.0
240847,2025-09-19T09:00:00.000000000,0.464,0.0,0.0,0.0,0.0,0.0
240847,2025-09-19T10:00:00.000000000,0.497,0.0,0.0,0.035,0.0,0.0
240847,2025-09-19T11:00:00.000000000,1.044,0.0,0.0,0.33999999999999997,0.0,0.0
240847,2025-09-19T12:00:00.000000000,1.229,0.0,0.0,0.655,0.0,0.0
240847,2025-09-19T13:00:00.000000000,1.314,0.0,0.0,0.846,0.0,0.0
240847,2025-09-19T14:00:00.000000000,1.2950000000000002,0.0,0.0,0.8300000000000001,0.0,0.0
240847,2025-09-19T15:00:00.000000000,1.159,0.0,0.0,0.6890000000000001,0.0,0.0
240847,2025-09-19T16:00:00.000000000,1.093,0.0,0.0,0.591,0.0,0.0
240847,2025-09-19T17:00:00.000000000,0.9359999999999999,0.0,0.0,0.44299999999999995,0.0,0.0
240847,2025-09-19T18:00:00.000000000,0.8009999999999999,0.0,0.0,0.316,0.0,0.0
240847,2025-09-19T19:00:00.000000000,3.297,0.0,0.0,0.366,0.0,0.0
240847,2025-09-19T20:00:00.000000000,1.003,0.0,0.0,0.116,0.0,0.0
240847,2025-09-19T21:00:00.000000000,0.556,0.0,0.0,0.008,0.0,0.0
240847,2025-09-19T22:00:00.000000000,0.494,0.0,0.0,0.0,0.0,0.0
240847,2025-09-19T23:00:00.000000000,0.473,0.0,0.0,0.0,0.0,0.0
240847,2025-09-20T00:00:00.000000000,0.464,0.0,0.0,0.0,0.0,0.0
240847,2025-09-20T01:00:00.000000000,0.705,0.0,0.0,0.0,0.0,0.0
240847,2025-09-20T02:00:00.000000000,0.526,0.0,0.0,0.0,0.0,0.0
240847,2025-09-20T03:00:00.000000000,0.457,0.0,0.0,0.0,0.0,0.0
240847,2025-09-20T04:00:00.000000000,0.456,0.0,0.0,0.0,0.0,0.0
240847,2025-09-20T05:00:00.000000000,0.626,0.0,0.0,0.0,0.0,0.0
240847,2025-09-20T06:00:00.000000000,0.927,0.0,0.0,0.0,0.0,0.0
240847,2025-09-20T07:00:00.000000000,0.572,0.0,0.0,0.0,0.0,0.0
240847,2025-09-20T08:00:00.000000000,0.464,0.0,0.0,0.0,0.0,0.0
240847,2025-09-20T09:00:00.000000000,0.464,0.0,0.0,0.0,0.0,0.0
240847,2025-09-20T10:00:00.000000000,0.92,0.0,0.0,0.0,0.0,0.0
240847,2025-09-20T11:00:00.000000000,0.5630000000000001,0.0,0.0,0.099,0.0,0.0
240847,2025-09-20T12:00:00.000000000,0.831,0.0,0.0,0.365,0.0,0.0
240847,2025-09-20T13:00:00.000000000,1.065,0.0,0.0,0.5990000000000001,0.0,0.0
240847,2025-09-20T14:00:00.000000000,1.164,0.0,0.0,0.698,0.0,0.0
240847,2025-09-20T15:00:00.000000000,1.0979999999999999,0.0,0.0,0.628,0.0,0.0
240847,2025-09-20T16:00:00.000000000,0.99,0.0,0.0,0.489,0.0,0.0
240847,2025-09-20T17:00:00.000000000,0.8700000000000001,0.0,0.0,0.37800000000000006,0.0,0.0
240847,2025-09-20T18:00:00.000000000,1.0790000000000002,0.0,0.0,0.307,0.0,0.0
240847,2025-09-20T19:00:00.000000000,0.956,0.0,0.0,0.176,0.0,0.0
240847,2025-09-20T20:00:00.000000000,0.78,0.0,0.0,0.011,0.0,0.0
240847,2025-09-20T21:00:00.000000000,0.668,0.0,0.0,0.0,0.0,0.0
240847,2025-09-20T22:00:00.000000000,0.5640000000000001,0.0,0.0,0.0,0.0,0.0
240847,2025-09-20T23:00:00.000000000,0.838,0.011,0.0,0.0,0.0,0.0
240847,2025-09-21T00:00:00.000000000,0.6639999999999999,0.199,0.0,0.0,0.0,0.0
240847,2025-09-21T01:00:00.000000000,0.821,0.359,0.0,0.0,0.0,0.0
240847,2025-09-21T02:00:00.000000000,0.865,0.40599999999999997,0.0,0.0,0.0,0.0
240847,2025-09-21T03:00:00.000000000,1.0030000000000001,0.547,0.0,0.0,0.0,0.0
240847,2025-09-21T04:00:00.000000000,1.111,0.655,0.0,0.0,0.0,0.0
240847,2025-09-21T05:00:00.000000000,1.235,0.758,0.0,0.0,0.0,0.0
240847,2025-09-21T06:00:00.000000000,1.413,0.7130000000000001,0.0,0.0,0.0,0.0
240847,2025-09-21T07:00:00.000000000,1.6099999999999999,0.533,0.0,0.0,0.0,0.0
240847,2025-09-21T08:00:00.000000000,0.968,0.46499999999999997,0.0,0.0,0.0,0.0
240847,2025-09-21T09:00:00.000000000,1.033,0.337,0.0,0.0,0.0,0.0
240847,2025-09-21T10:00:00.000000000,0.916,0.19,0.0,0.0,0.0,0.0
240847,2025-09-21T11:00:00.000000000,0.5,0.034,0.0,0.0,0.0,0.0
240847,2025-09-21T12:00:00.000000000,0.464,0.0,0.0,0.0,0.0,0.0
240847,2025-09-21T13:00:00.000000000,0.464,0.0,0.0,0.0,0.0,0.0
240847,2025-09-21T14:00:00.000000000,0.464,0.0,0.0,0.0,0.0,0.0
240847,2025-09-21T15:00:00.000000000,0.47,0.0,0.0,0.0,0.0,0.0
240847,2025-09-21T16:00:00.000000000,0.502,0.0,0.0,0.0,0.0,0.0
240847,2025-09-21T17:00:00.000000000,0.819,0.0,0.0,0.0,0.0,0.0
240847,2025-09-21T18:00:00.000000000,1.011,0.0,0.0,0.0,0.0,0.0
240847,2025-09-21T19:00:00.000000000,2.979,0.048,0.0,0.0,0.0,0.0
240847,2025-09-21T20:00:00.000000000,1.1700000000000002,0.28400000000000003,0.0,0.0,0.0,0.0
240847,2025-09-21T21:00:00.000000000,1.573,0.551,0.0,0.0,0.0,0.0
240847,2025-09-21T22:00:00.000000000,1.472,0.7569999999999999,0.0,0.0,0.0,0.0
240847,2025-09-21T23:00:00.000000000,1.28,0.7989999999999999,0.0,0.0,0.0,0.0
240847,2025-09-22T00:00:00.000000000,1.343,0.905,0.0,0.0,0.0,0.0
240847,2025-09-22T01:00:00.000000000,1.4709999999999999,1.016,0.0,0.0,0.0,0.0
240847,2025-09-22T02:00:00.000000000,1.8010000000000002,1.34,0.0,0.0,0.0,0.0
240847,2025-09-22T03:00:00.000000000,1.8470000000000002,1.387,0.0,0.0,0.0,0.0
240847,2025-09-22T04:00:00.000000000,2.042,1.468,0.0,0.0,0.0,0.0
240847,2025-09-22T05:00:00.000000000,2.249,1.53,0.0,0.0,0.0,0.0
240847,2025-09-22T06:00:00.000000000,1.7229999999999999,1.257,0.0,0.0,0.0,0.0
240847,2025-09-22T07:00:00.000000000,1.282,0.815,0.0,0.0,0.0,0.0
240847,2025-09-22T08:00:00.000000000,2.016,0.527,0.0,0.0,0.0,0.0
240847,2025-09-22T09:00:00.000000000,5.037,0.474,0.0,0.0,0.0,0.0
240847,2025-09-22T10:00:00.000000000,0.8700000000000001,0.081,0.0,0.0,0.0,0.0
240847,2025-09-22T11:00:00.000000000,0.613,0.0,0.0,0.0,0.0,0.0
240847,2025-09-22T12:00:00.000000000,0.616,0.0,0.0,0.0,0.0,0.0
240847,2025-09-22T13:00:00.000000000,0.736,0.0,0.0,0.013999999999999999,0.0,0.0
240847,2025-09-22T14:00:00.000000000,1.184,0.0,0.0,0.11000000000000001,0.0,0.0
240847,2025-09-22T15:00:00.000000000,0.84,0.0,0.0,0.192,0.0,0.0
240847,2025-09-22T16:00:00.000000000,0.854,0.0,0.0,0.129,0.0,0.0
240847,2025-09-22T17:00:00.000000000,0.792,0.0,0.0,0.031,0.0,0.0
240847,2025-09-22T18:00:00.000000000,0.485,0.0,0.0,0.0,0.0,0.0
240847,2025-09-22T19:00:00.000000000,0.558,0.0,0.0,0.0,0.0,0.0
240847,2025-09-22T20:00:00.000000000,0.883,0.0,0.0,0.0,0.0,0.0
240847,2025-09-22T21:00:00.000000000,1.147,0.092,0.0,0.0,0.0,0.0
240847,2025-09-22T22:00:00.000000000,0.965,0.352,0.0,0.0,0.0,0.0
240847,2025-09-22T23:00:00.000000000,0.9019999999999999,0.42999999999999994,0.0,0.0,0.0,0.0
240847,2025-09-23T00:00:00.000000000,0.858,0.394,0.0,0.0,0.0,0.0
240847,2025-09-23T01:00:00.000000000,0.876,0.415,0.0,0.0,0.0,0.0
240847,2025-09-23T02:00:00.000000000,0.866,0.40800000000000003,0.0,0.0,0.0,0.0
240847,2025-09-23T03:00:00.000000000,0.822,0.366,0.0,0.0,0.0,0.0
240847,2025-09-23T04:00:00.000000000,0.8160000000000001,0.36,0.0,0.0,0.0,0.0
240847,2025-09-23T05:00:00.000000000,0.7949999999999999,0.336,0.0,0.0,0.0,0.0
240847,2025-09-23T06:00:00.000000000,0.756,0.293,0.0,0.0,0.0,0.0
240847,2025-09-23T07:00:00.000000000,0.764,0.19,0.0,0.0,0.0,0.0
240847,2025-09-23T08:00:00.000000000,0.7169999999999999,0.11,0.0,0.0,0.0,0.0
240847,2025-09-23T09:00:00.000000000,0.631,0.030000000000000002,0.0,0.0,0.0,0.0
240847,2025-09-23T10:00:00.000000000,0.903,0.022,0.0,0.0,0.0,0.0
240847,2025-09-23T11:00:00.000000000,0.575,0.0,0.0,0.0,0.0,0.0
240847,2025-09-23T12:00:00.000000000,1.3760000000000001,0.0,0.0,0.0,0.0,0.0
240847,2025-09-23T13:00:00.000000000,1.6400000000000001,0.0,0.0,0.0,0.0,0.0
240847,2025-09-23T14:00:00.000000000,1.054,0.0,0.0,0.0,0.0,0.0
240847,2025-09-23T15:00:00.000000000,0.648,0.0,0.0,0.0,0.0,0.0
240847,2025-09-23T16:00:00.000000000,0.7250000000000001,0.0,0.0,0.0,0.0,0.0
240847,2025-09-23T17:00:00.000000000,0.859,0.0,0.0,0.0,0.0,0.0
240847,2025-09-23T18:00:00.000000000,0.9849999999999999,0.0,0.0,0.0,0.0,0.0
240847,2025-09-23T19:00:00.000000000,0.7790000000000001,0.0,0.0,0.0,0.0,0.0
240847,2025-09-23T20:00:00.000000000,0.768,0.0,0.0,0.0,0.0,0.0
240847,2025-09-23T21:00:00.000000000,0.728,0.061,0.0,0.0,0.0,0.0
240847,2025-09-23T22:00:00.000000000,0.7929999999999999,0.241,0.0,0.0,0.0,0.0
240847,2025-09-23T23:00:00.000000000,0.8059999999999999,0.33299999999999996,0.0,0.0,0.0,0.0
240847,2025-09-24T00:00:00.000000000,0.91,0.446,0.0,0.0,0.0,0.0
240847,2025-09-24T01:00:00.000000000,1.045,0.5820000000000001,0.0,0.0,0.0,0.0
240847,2025-09-24T02:00:00.000000000,1.166,0.706,0.0,0.0,0.0,0.0
240847,2025-09-24T03:00:00.000000000,1.262,0.804,0.0,0.0,0.0,0.0
240847,2025-09-24T04:00:00.000000000,1.33,0.874,0.0,0.0,0.0,0.0
240847,2025-09-24T05:00:00.000000000,1.423,0.963,0.0,0.0,0.0,0.0
240847,2025-09-24T06:00:00.000000000,1.519,0.9019999999999999,0.0,0.0,0.0,0.0
240847,2025-09-24T07:00:00.000000000,1.553,0.756,0.0,0.0,0.0,0.0
240847,2025-09-24T08:00:00.000000000,1.115,0.647,0.0,0.0,0.0,0.0
240847,2025-09-24T09:00:00.000000000,0.952,0.489,0.0,0.0,0.0,0.0
240847,2025-09-24T10:00:00.000000000,0.7170000000000001,0.25499999999999995,0.0,0.0,0.0,0.0
240847,2025-09-24T11:00:00.000000000,0.73,0.048,0.0,0.0,0.0,0.0
240847,2025-09-24T12:00:00.000000000,1.691,0.0,0.0,0.0,0.0,0.0
240847,2025-09-24T13:00:00.000000000,0.5,0.0,0.0,0.0,0.0,0.0
240847,2025-09-24T14:00:00.000000000,0.464,0.0,0.0,0.0,0.0,0.0
240847,2025-09-24T15:00:00.000000000,0.47,0.0,0.0,0.0,0.0,0.0
240847,2025-09-24T16:00:00.000000000,0.502,0.0,0.0,0.0,0.0,0.0
240847,2025-09-24T17:00:00.000000000,0.494,0.0,0.0,0.0,0.0,0.0
240847,2025-09-24T18:00:00.000000000,0.485,0.0,0.0,0.0,0.0,0.0
240847,2025-09-24T19:00:00.000000000,1.2930000000000001,0.198,0.0,0.0,0.0,0.0
240847,2025-09-24T20:00:00.000000000,1.29,0.45,0.0,0.0,0.0,0.0
240847,2025-09-24T21:00:00.000000000,1.309,0.6400000000000001,0.0,0.0,0.0,0.0
240847,2025-09-24T22:00:00.000000000,1.855,0.893,0.0,0.0,0.0,0.0
240847,2025-09-24T23:00:00.000000000,1.4180000000000001,0.944,0.0,0.0,0.0,0.0
240847,2025-09-25T00:00:00.000000000,1.4289999999999998,0.964,0.0,0.0,0.0,0.0
240847,2025-09-25T01:00:00.000000000,1.4540000000000002,0.99,0.0,0.0,0.0,0.0
240847,2025-09-25T02:00:00.000000000,1.47,1.01,0.0,0.0,0.0,0.0
240847,2025-09-25T03:00:00.000000000,1.5460000000000003,1.088,0.0,0.0,0.0,0.0
240847,2025-09-25T04:00:00.000000000,1.754,1.297,0.0,0.0,0.0,0.0
240847,2025-09-25T05:00:00.000000000,1.975,1.512,0.0,0.0,0.0,0.0
240847,2025-09-25T06:00:00.000000000,1.781,1.281,0.0,0.0,0.0,0.0
240847,2025-09-25T07:00:00.000000000,1.3139999999999998,0.8119999999999999,0.0,0.0,0.0,0.0
240847,2025-09-25T08:00:00.000000000,1.347,0.514,0.0,0.0,0.0,0.0
240847,2025-09-25T09:00:00.000000000,0.7890000000000001,0.327,0.0,0.0,0.0,0.0
240847,2025-09-25T10:00:00.000000000,0.5740000000000001,0.11100000000000002,0.0,0.0,0.0,0.0
240847,2025-09-25T11:00:00.000000000,0.463,0.0,0.0,0.0,0.0,0.0
240847,2025-09-25T12:00:00.000000000,0.464,0.0,0.0,0.0,0.0,0.0
240847,2025-09-25T13:00:00.000000000,0.464,0.0,0.0,0.0,0.0,0.0
240847,2025-09-25T14:00:00.000000000,0.464,0.0,0.0,0.0,0.0,0.0
240847,2025-09-25T15:00:00.000000000,0.47,0.0,0.0,0.0,0.0,0.0
240847,2025-09-25T16:00:00.000000000,0.502,0.0,0.0,0.0,0.0,0.0
240847,2025-09-25T17:00:00.000000000,0.494,0.0,0.0,0.0,0.0,0.0
240847,2025-09-25T18:00:00.000000000,0.558,0.0,0.0,0.0,0.0,0.0
240847,2025-09-25T19:00:00.000000000,0.784,0.004,0.0,0.0,0.0,0.0
240847,2025-09-25T20:00:00.000000000,0.845,0.076,0.0,0.0,0.0,0.0
240847,2025-09-25T21:00:00.000000000,0.8200000000000001,0.15200000000000002,0.0,0.0,0.0,0.0
240847,2025-09-25T22:00:00.000000000,1.089,0.29800000000000004,0.0,0.0,0.0,0.0
240847,2025-09-25T23:00:00.000000000,0.9700000000000002,0.318,0.0,0.0,0.0,0.0
240847,2025-09-26T00:00:00.000000000,0.853,0.39,0.0,0.0,0.0,0.0
240847,2025-09-26T01:00:00.000000000,0.896,0.435,0.0,0.0,0.0,0.0
240847,2025-09-26T02:00:00.000000000,1.008,0.548,0.0,0.0,0.0,0.0
240847,2025-09-26T03:00:00.000000000,1.13,0.6739999999999999,0.0,0.0,0.0,0.0
240847,2025-09-26T04:00:00.000000000,1.409,0.7190000000000001,0.0,0.0,0.0,0.0
240847,2025-09-26T05:00:00.000000000,1.38,0.756,0.0,0.0,0.0,0.0
240847,2025-09-26T06:00:00.000000000,1.2000000000000002,0.616,0.0,0.0,0.0,0.0
240847,2025-09-26T07:00:00.000000000,1.4140000000000001,0.46499999999999997,0.0,0.0,0.0,0.0
240847,2025-09-26T08:00:00.000000000,1.082,0.32,0.0,0.0,0.0,0.0
240847,2025-09-26T09:00:00.000000000,0.7230000000000001,0.22299999999999998,0.0,0.0,0.0,0.0
240847,2025-09-26T10:00:00.000000000,0.685,0.082,0.0,0.0,0.0,0.0
240847,2025-09-26T11:00:00.000000000,0.537,0.0,0.0,0.0,0.0,0.0
240847,2025-09-26T12:00:00.000000000,0.5770000000000001,0.0,0.0,0.0,0.0,0.0
240847,2025-09-26T13:00:00.000000000,0.807,0.0,0.0,0.0,0.0,0.0
240847,2025-09-26T14:00:00.000000000,0.464,0.0,0.0,0.0,0.0,0.0
240847,2025-09-26T15:00:00.000000000,0.47,0.0,0.0,0.0,0.0,0.0
240847,2025-09-26T16:00:00.000000000,0.502,0.0,0.0,0.0,0.0,0.0
240847,2025-09-26T17:00:00.000000000,0.494,0.0,0.0,0.0,0.0,0.0
240847,2025-09-26T18:00:00.000000000,1.681,0.0,0.0,0.0,0.0,0.0
240847,2025-09-26T19:00:00.000000000,1.483,0.0,0.0,0.0,0.0,0.0
240847,2025-09-26T20:00:00.000000000,0.833,0.064,0.0,0.0,0.0,0.0
240847,2025-09-26T21:00:00.000000000,0.885,0.218,0.0,0.0,0.0,0.0
240847,2025-09-26T22:00:00.000000000,1.3279999999999998,0.41,0.0,0.0,0.0,0.0
240847,2025-09-26T23:00:00.000000000,0.9159999999999999,0.43,0.0,0.0,0.0,0.0
240847,2025-09-27T00:00:00.000000000,0.957,0.492,0.0,0.0,0.0,0.0
240847,2025-09-27T01:00:00.000000000,1.049,0.5880000000000001,0.0,0.0,0.0,0.0
240847,2025-09-27T02:00:00.000000000,1.157,0.698,0.0,0.0,0.0,0.0
240847,2025-09-27T03:00:00.000000000,1.244,0.7859999999999999,0.0,0.0,0.0,0.0
240847,2025-09-27T04:00:00.000000000,1.553,0.88,0.0,0.0,0.0,0.0
240847,2025-09-27T05:00:00.000000000,1.6320000000000001,0.935,0.0,0.0,0.0,0.0
240847,2025-09-27T06:00:00.000000000,1.9180000000000001,0.788,0.0,0.0,0.0,0.0
240847,2025-09-27T07:00:00.000000000,1.307,0.6980000000000001,0.0,0.0,0.0,0.0
240847,2025-09-27T08:00:00.000000000,1.059,0.556,0.0,0.0,0.0,0.0
240847,2025-09-27T09:00:00.000000000,0.8719999999999999,0.409,0.0,0.0,0.0,0.0
240847,2025-09-27T10:00:00.000000000,0.641,0.18,0.0,0.0,0.0,0.0
240847,2025-09-27T11:00:00.000000000,0.706,0.01,0.0,0.0,0.0,0.0
240847,2025-09-27T12:00:00.000000000,0.6880000000000001,0.0,0.0,0.0,0.0,0.0
240847,2025-09-27T13:00:00.000000000,0.607,0.0,0.0,0.0,0.0,0.0
240847,2025-09-27T14:00:00.000000000,0.619,0.0,0.0,0.0,0.0,0.0
240847,2025-09-27T15:00:00.000000000,1.1949999999999998,0.0,0.0,0.0,0.0,0.0
240847,2025-09-27T16:00:00.000000000,0.7250000000000001,0.0,0.0,0.0,0.0,0.0
240847,2025-09-27T17:00:00.000000000,0.5529999999999999,0.0,0.0,0.0,0.0,0.0
240847,2025-09-27T18:00:00.000000000,2.2670000000000003,0.0,0.0,0.0,0.0,0.0
240847,2025-09-27T19:00:00.000000000,3.1260000000000003,0.0,0.0,0.0,0.0,0.0
240847,2025-09-27T20:00:00.000000000,0.8539999999999999,0.044,0.0,0.0,0.0,0.0
240847,2025-09-27T21:00:00.000000000,1.4259999999999997,0.29400000000000004,0.0,0.0,0.0,0.0
240847,2025-09-27T22:00:00.000000000,1.099,0.605,0.0,0.0,0.0,0.0
240847,2025-09-27T23:00:00.000000000,1.168,0.694,0.0,0.0,0.0,0.0
240847,2025-09-28T00:00:00.000000000,1.27,0.8059999999999999,0.0,0.0,0.0,0.0
240847,2025-09-28T01:00:00.000000000,1.388,0.926,0.0,0.0,0.0,0.0
240847,2025-09-28T02:00:00.000000000,1.559,1.098,0.0,0.0,0.0,0.0
240847,2025-09-28T03:00:00.000000000,1.806,1.348,0.0,0.0,0.0,0.0
240847,2025-09-28T04:00:00.000000000,1.851,1.3929999999999998,0.0,0.0,0.0,0.0
240847,2025-09-28T05:00:00.000000000,1.709,1.232,0.0,0.0,0.0,0.0
240847,2025-09-28T06:00:00.000000000,1.9520000000000002,1.0250000000000001,0.0,0.0,0.0,0.0
240847,2025-09-28T07:00:00.000000000,1.255,0.759,0.0,0.0,0.0,0.0
240847,2025-09-28T08:00:00.000000000,0.992,0.525,0.0,0.0,0.0,0.0
240847,2025-09-28T09:00:00.000000000,0.839,0.37600000000000006,0.0,0.0,0.0,0.0
240847,2025-09-28T10:00:00.000000000,0.6,0.138,0.0,0.0,0.0,0.0
240847,2025-09-28T11:00:00.000000000,0.463,0.0,0.0,0.0,0.0,0.0
240847,2025-09-28T12:00:00.000000000,0.464,0.0,0.0,0.0,0.0,0.0
240847,2025-09-28T13:00:00.000000000,0.464,0.0,0.0,0.0,0.0,0.0
240847,2025-09-28T14:00:00.000000000,0.464,0.0,0.0,0.0,0.0,0.0
240847,2025-09-28T15:00:00.000000000,0.47,0.0,0.0,0.0,0.0,0.0
240847,2025-09-28T16:00:00.000000000,0.502,0.0,0.0,0.0,0.0,0.0
240847,2025-09-28T17:00:00.000000000,0.611,0.0,0.0,0.0,0.0,0.0
240847,2025-09-28T18:00:00.000000000,0.982,0.0,0.0,0.0,0.0,0.0
240847,2025-09-28T19:00:00.000000000,0.7790000000000001,0.0,0.0,0.0,0.0,0.0
240847,2025-09-28T20:00:00.000000000,0.776,0.007,0.0,0.0,0.0,0.0
240847,2025-09-28T21:00:00.000000000,0.768,0.101,0.0,0.0,0.0,0.0
240847,2025-09-28T22:00:00.000000000,1.8279999999999998,0.131,0.0,0.0,0.0,0.0
240847,2025-09-28T23:00:00.000000000,0.839,0.242,0.0,0.0,0.0,0.0
240847,2025-09-29T00:00:00.000000000,1.0919999999999999,0.258,0.0,0.0,0.0,0.0
240847,2025-09-29T01:00:00.000000000,0.672,0.219,0.0,0.0,0.0,0.0
240847,2025-09-29T02:00:00.000000000,0.65,0.193,0.0,0.0,0.0,0.0
240847,2025-09-29T03:00:00.000000000,0.627,0.17,0.0,0.0,0.0,0.0
240847,2025-09-29T04:00:00.000000000,0.618,0.162,0.0,0.0,0.0,0.0
240847,2025-09-29T05:00:00.000000000,0.585,0.126,0.0,0.0,0.0,0.0
240847,2025-09-29T06:00:00.000000000,0.52,0.057,0.0,0.0,0.0,0.0
240847,2025-09-29T07:00:00.000000000,0.472,0.008,0.0,0.0,0.0,0.0
240847,2025-09-29T08:00:00.000000000,0.5690000000000001,0.0,0.0,0.0,0.0,0.0
240847,2025-09-29T09:00:00.000000000,0.992,0.0,0.0,0.0,0.0,0.0
240847,2025-09-29T10:00:00.000000000,2.947,0.0,0.0,0.0,0.0,0.0
240847,2025-09-29T11:00:00.000000000,0.6910000000000001,0.0,0.0,0.0,0.0,0.0
240847,2025-09-29T12:00:00.000000000,0.616,0.0,0.0,0.0,0.0,0.0
240847,2025-09-29T13:00:00.000000000,0.607,0.0,0.0,0.0,0.0,0.0
240847,2025-09-29T14:00:00.000000000,0.623,0.0,0.0,0.004,0.0,0.0
240847,2025-09-29T15:00:00.000000000,0.9879999999999999,0.0,0.0,0.007,0.0,0.0
240847,2025-09-29T16:00:00.000000000,0.7250000000000001,0.0,0.0,0.0,0.0,0.0
240847,2025-09-29T17:00:00.000000000,0.76,0.0,0.0,0.0,0.0,0.0
240847,2025-09-29T18:00:00.000000000,0.7729999999999999,0.0,0.0,0.0,0.0,0.0
240847,2025-09-29T19:00:00.000000000,0.8940000000000001,0.0,0.0,0.0,0.0,0.0
240847,2025-09-29T20:00:00.000000000,1.234,0.0,0.0,0.0,0.0,0.0
240847,2025-09-29T21:00:00.000000000,0.709,0.0,0.0,0.0,0.0,0.0
240847,2025-09-29T22:00:00.000000000,0.5820000000000001,0.089,0.0,0.0,0.0,0.0
240847,2025-09-29T23:00:00.000000000,0.5730000000000001,0.099,0.0,0.0,0.0,0.0
240847,2025-09-30T00:00:00.000000000,0.573,0.109,0.0,0.0,0.0,0.0
240847,2025-09-30T01:00:00.000000000,0.588,0.126,0.0,0.0,0.0,0.0
240847,2025-09-30T02:00:00.000000000,0.607,0.149,0.0,0.0,0.0,0.0
240847,2025-09-30T03:00:00.000000000,0.619,0.162,0.0,0.0,0.0,0.0
240847,2025-09-30T04:00:00.000000000,0.63,0.174,0.0,0.0,0.0,0.0
240847,2025-09-30T05:00:00.000000000,0.653,0.193,0.0,0.0,0.0,0.0
240847,2025-09-30T06:00:00.000000000,0.952,0.16499999999999998,0.0,0.0,0.0,0.0
240847,2025-09-30T07:00:00.000000000,1.152,0.092,0.0,0.0,0.0,0.0
240847,2025-09-30T08:00:00.000000000,1.091,0.022,0.0,0.0,0.0,0.0
240847,2025-09-30T09:00:00.000000000,0.8270000000000001,0.0,0.0,0.0,0.0,0.0
240847,2025-09-30T10:00:00.000000000,0.603,0.0,0.0,0.0,0.0,0.0
240847,2025-09-30T11:00:00.000000000,0.613,0.0,0.0,0.0,0.0,0.0
240847,2025-09-30T12:00:00.000000000,0.63,0.0,0.0,0.014,0.0,0.0
240847,2025-09-30T13:00:00.000000000,0.657,0.0,0.0,0.051000000000000004,0.0,0.0
240847,2025-09-30T14:00:00.000000000,1.6940000000000002,0.0,0.0,0.179,0.0,0.0
240847,2025-09-30T15:00:00.000000000,0.9139999999999999,0.0,0.0,0.194,0.0,0.0
240847,2025-09-30T16:00:00.000000000,0.843,0.0,0.0,0.117,0.0,0.0
240847,2025-09-30T17:00:00.000000000,0.792,0.0,0.0,0.031,0.0,0.0
240847,2025-09-30T18:00:00.000000000,1.002,0.0,0.0,0.0,0.0,0.0
240847,2025-09-30T19:00:00.000000000,0.732,0.0,0.0,0.0,0.0,0.0
240847,2025-09-30T20:00:00.000000000,0.484,0.0,0.0,0.0,0.0,0.0
240847,2025-09-30T21:00:00.000000000,0.478,0.0,0.0,0.0,0.0,0.0
240847,2025-09-30T22:00:00.000000000,0.6000000000000001,0.108,0.0,0.0,0.0,0.0
240847,2025-09-30T23:00:00.000000000,0.667,0.202,0.0,0.0,0.0,0.0
240847,2025-10-01T00:00:00.000000000,0.7469999999999999,0.29600000000000004,0.0,0.0,0.0,0.0
240847,2025-10-01T01:00:00.000000000,0.868,0.418,0.0,0.0,0.0,0.0
240847,2025-10-01T02:00:00.000000000,1.013,0.5640000000000001,0.0,0.0,0.0,0.0
240847,2025-10-01T03:00:00.000000000,1.13,0.6819999999999999,0.0,0.0,0.0,0.0
240847,2025-10-01T04:00:00.000000000,1.224,0.778,0.0,0.0,0.0,0.0
240847,2025-10-01T05:00:00.000000000,1.3130000000000002,0.863,0.0,0.0,0.0,0.0
240847,2025-10-01T06:00:00.000000000,1.485,0.7989999999999999,0.0,0.0,0.0,0.0
240847,2025-10-01T07:00:00.000000000,1.083,0.529,0.0,0.0,0.0,0.0
240847,2025-10-01T08:00:00.000000000,0.9089999999999999,0.283,0.0,0.0,0.0,0.0
240847,2025-10-01T09:00:00.000000000,1.271,0.128,0.0,0.0,0.0,0.0
240847,2025-10-01T10:00:00.000000000,0.585,0.0,0.0,0.0,0.0,0.0
240847,2025-10-01T11:00:00.000000000,0.451,0.0,0.0,0.0,0.0,0.0
240847,2025-10-01T12:00:00.000000000,0.513,0.0,0.0,0.061,0.0,0.0
240847,2025-10-01T13:00:00.000000000,0.923,0.0,0.0,0.247,0.0,0.0
240847,2025-10-01T14:00:00.000000000,1.165,0.0,0.0,0.39399999999999996,0.0,0.0
240847,2025-10-01T15:00:00.000000000,0.884,0.0,0.0,0.429,0.0,0.0
240847,2025-10-01T16:00:00.000000000,0.7729999999999999,0.0,0.0,0.287,0.0,0.0
240847,2025-10-01T17:00:00.000000000,2.122,0.0,0.0,0.209,0.0,0.0
240847,2025-10-01T18:00:00.000000000,7.436,0.0,0.0,0.11299999999999999,0.0,0.0
240847,2025-10-01T19:00:00.000000000,12.791,0.0,0.0,0.0,0.0,0.0
240847,2025-10-01T20:00:00.000000000,7.169,0.065,0.0,0.0,0.0,0.0
240847,2025-10-01T21:00:00.000000000,0.833,0.008,0.0,0.0,0.0,0.0
240847,2025-10-01T22:00:00.000000000,1.2369999999999999,0.21800000000000003,0.0,0.0,0.0,0.0
240847,2025-10-01T23:00:00.000000000,0.87,0.34299999999999997,0.0,0.0,0.0,0.0
240847,2025-10-02T00:00:00.000000000,0.9500000000000001,0.499,0.0,0.0,0.0,0.0
240847,2025-10-02T01:00:00.000000000,1.0390000000000001,0.588,0.0,0.0,0.0,0.0
240847,2025-10-02T02:00:00.000000000,1.0670000000000002,0.6190000000000001,0.0,0.0,0.0,0.0
240847,2025-10-02T03:00:00.000000000,1.153,0.706,0.0,0.0,0.0,0.0
240847,2025-10-02T04:00:00.000000000,1.2309999999999999,0.7839999999999999,0.0,0.0,0.0,0.0
240847,2025-10-02T05:00:00.000000000,1.319,0.871,0.0,0.0,0.0,0.0
240847,2025-10-02T06:00:00.000000000,1.466,0.7830000000000001,0.0,0.0,0.0,0.0
240847,2025-10-02T07:00:00.000000000,1.16,0.564,0.0,0.0,0.0,0.0
240847,2025-10-02T08:00:00.000000000,0.7140000000000001,0.262,0.0,0.0,0.0,0.0
240847,2025-10-02T09:00:00.000000000,0.59,0.083,0.0,0.0,0.0,0.0
240847,2025-10-02T10:00:00.000000000,0.448,0.0,0.0,0.0,0.0,0.0
240847,2025-10-02T11:00:00.000000000,0.451,0.0,0.0,0.0,0.0,0.0
240847,2025-10-02T12:00:00.000000000,0.553,0.0,0.0,0.1,0.0,0.0
240847,2025-10-02T13:00:00.000000000,0.7419999999999999,0.0,0.0,0.28700000000000003,0.0,0.0
240847,2025-10-02T14:00:00.000000000,0.882,0.0,0.0,0.431,0.0,0.0
240847,2025-10-02T15:00:00.000000000,1.132,0.0,0.0,0.45799999999999996,0.0,0.0
240847,2025-10-02T16:00:00.000000000,1.224,0.0,0.0,0.319,0.0,0.0
240847,2025-10-02T17:00:00.000000000,0.9700000000000001,0.0,0.0,0.17500000000000002,0.0,0.0
240847,2025-10-02T18:00:00.000000000,0.946,0.0,0.0,0.048,0.0,0.0
240847,2025-10-02T19:00:00.000000000,0.882,0.0,0.0,0.0,0.0,0.0
240847,2025-10-02T20:00:00.000000000,0.834,0.0,0.0,0.0,0.0,0.0
240847,2025-10-02T21:00:00.000000000,0.7150000000000001,0.0,0.0,0.0,0.0,0.0
240847,2025-10-02T22:00:00.000000000,1.108,0.142,0.0,0.0,0.0,0.0
240847,2025-10-02T23:00:00.000000000,0.825,0.223,0.0,0.0,0.0,0.0
240847,2025-10-03T00:00:00.000000000,0.7269999999999999,0.275,0.0,0.0,0.0,0.0
240847,2025-10-03T01:00:00.000000000,0.688,0.237,0.0,0.0,0.0,0.0
240847,2025-10-03T02:00:00.000000000,0.681,0.23299999999999998,0.0,0.0,0.0,0.0
240847,2025-10-03T03:00:00.000000000,0.683,0.236,0.0,0.0,0.0,0.0
240847,2025-10-03T04:00:00.000000000,0.674,0.23,0.0,0.0,0.0,0.0
240847,2025-10-03T05:00:00.000000000,1.957,0.127,0.0,0.0,0.0,0.0
240847,2025-10-03T06:00:00.000000000,2.439,0.008,0.0,0.0,0.0,0.0
240847,2025-10-03T07:00:00.000000000,0.875,0.0,0.0,0.0,0.0,0.0
240847,2025-10-03T08:00:00.000000000,0.687,0.0,0.0,0.0,0.0,0.0
240847,2025-10-03T09:00:00.000000000,0.449,0.0,0.0,0.0,0.0,0.0
240847,2025-10-03T10:00:00.000000000,0.448,0.0,0.0,0.0,0.0,0.0
240847,2025-10-03T11:00:00.000000000,0.451,0.0,0.0,0.0,0.0,0.0
240847,2025-10-03T12:00:00.000000000,0.552,0.0,0.0,0.09999999999999999,0.0,0.0
240847,2025-10-03T13:00:00.000000000,0.73,0.0,0.0,0.277,0.0,0.0
240847,2025-10-03T14:00:00.000000000,0.846,0.0,0.0,0.39399999999999996,0.0,0.0
240847,2025-10-03T15:00:00.000000000,0.931,0.0,0.0,0.476,0.0,0.0
240847,2025-10-03T16:00:00.000000000,0.8480000000000001,0.0,0.0,0.36000000000000004,0.0,0.0
240847,2025-10-03T17:00:00.000000000,0.796,0.0,0.0,0.19999999999999998,0.0,0.0
240847,2025-10-03T18:00:00.000000000,1.2650000000000001,0.0,0.0,0.105,0.0,0.0
240847,2025-10-03T19:00:00.000000000,0.9029999999999999,0.0,0.0,0.022,0.0,0.0
240847,2025-10-03T20:00:00.000000000,0.834,0.0,0.0,0.0,0.0,0.0
240847,2025-10-03T21:00:00.000000000,0.7150000000000001,0.0,0.0,0.0,0.0,0.0
240847,2025-10-03T22:00:00.000000000,0.563,0.0,0.0,0.0,0.0,0.0
240847,2025-10-03T23:00:00.000000000,0.8079999999999999,0.0,0.0,0.0,0.0,0.0
240847,2025-10-04T00:00:00.000000000,0.62,0.0,0.0,0.0,0.0,0.0
240847,2025-10-04T01:00:00.000000000,0.474,0.025,0.0,0.0,0.0,0.0
240847,2025-10-04T02:00:00.000000000,0.555,0.107,0.0,0.0,0.0,0.0
240847,2025-10-04T03:00:00.000000000,0.622,0.176,0.0,0.0,0.0,0.0
240847,2025-10-04T04:00:00.000000000,0.6819999999999999,0.238,0.0,0.0,0.0,0.0
240847,2025-10-04T05:00:00.000000000,0.9590000000000001,0.29300000000000004,0.0,0.0,0.0,0.0
240847,2025-10-04T06:00:00.000000000,1.412,0.29900000000000004,0.0,0.0,0.0,0.0
240847,2025-10-04T07:00:00.000000000,1.452,0.308,0.0,0.0,0.0,0.0
240847,2025-10-04T08:00:00.000000000,0.9329999999999999,0.244,0.0,0.0,0.0,0.0
240847,2025-10-04T09:00:00.000000000,0.63,0.17900000000000002,0.0,0.0,0.0,0.0
240847,2025-10-04T10:00:00.000000000,0.5680000000000001,0.119,0.0,0.0,0.0,0.0
240847,2025-10-04T11:00:00.000000000,0.505,0.054000000000000006,0.0,0.0,0.0,0.0
240847,2025-10-04T12:00:00.000000000,0.977,0.068,0.0,0.0,0.0,0.0
240847,2025-10-04T13:00:00.000000000,0.5720000000000001,0.065,0.0,0.0,0.0,0.0
240847,2025-10-04T14:00:00.000000000,0.6240000000000001,0.173,0.0,0.0,0.0,0.0
240847,2025-10-04T15:00:00.000000000,0.8069999999999999,0.35,0.0,0.0,0.0,0.0
240847,2025-10-04T16:00:00.000000000,1.04,0.554,0.0,0.0,0.0,0.0
240847,2025-10-04T17:00:00.000000000,1.916,0.536,0.0,0.0,0.0,0.0
240847,2025-10-04T18:00:00.000000000,1.8889999999999998,0.598,0.0,0.0,0.0,0.0
240847,2025-10-04T19:00:00.000000000,3.318,0.483,0.0,0.0,0.0,0.0
240847,2025-10-04T20:00:00.000000000,1.5430000000000001,0.706,0.0,0.0,0.0,0.0
240847,2025-10-04T21:00:00.000000000,1.506,0.789,0.0,0.0,0.0,0.0
240847,2025-10-04T22:00:00.000000000,1.8479999999999999,0.961,0.0,0.0,0.0,0.0
240847,2025-10-04T23:00:00.000000000,1.516,0.945,0.0,0.0,0.0,0.0
240847,2025-10-05T00:00:00.000000000,1.392,0.939,0.0,0.0,0.0,0.0
240847,2025-10-05T01:00:00.000000000,1.404,0.954,0.0,0.0,0.0,0.0
240847,2025-10-05T02:00:00.000000000,1.422,0.973,0.0,0.0,0.0,0.0
240847,2025-10-05T03:00:00.000000000,1.44,0.992,0.0,0.0,0.0,0.0
240847,2025-10-05T04:00:00.000000000,1.4889999999999999,1.0430000000000001,0.0,0.0,0.0,0.0
240847,2025-10-05T05:00:00.000000000,1.515,1.0670000000000002,0.0,0.0,0.0,0.0
240847,2025-10-05T06:00:00.000000000,1.664,1.0470000000000002,0.0,0.0,0.0,0.0
240847,2025-10-05T07:00:00.000000000,1.5479999999999998,1.038,0.0,0.0,0.0,0.0
240847,2025-10-05T08:00:00.000000000,1.475,1.022,0.0,0.0,0.0,0.0
240847,2025-10-05T09:00:00.000000000,1.436,0.985,0.0,0.0,0.0,0.0
240847,2025-10-05T10:00:00.000000000,1.6239999999999999,0.939,0.0,0.0,0.0,0.0
240847,2025-10-05T11:00:00.000000000,1.494,0.883,0.0,0.0,0.0,0.0
240847,2025-10-05T12:00:00.000000000,1.32,0.866,0.0,0.0,0.0,0.0
240847,2025-10-05T13:00:00.000000000,1.2930000000000001,0.841,0.0,0.0,0.0,0.0
240847,2025-10-05T14:00:00.000000000,1.261,0.808,0.0,0.0,0.0,0.0
240847,2025-10-05T15:00:00.000000000,1.272,0.814,0.0,0.0,0.0,0.0
240847,2025-10-05T16:00:00.000000000,1.379,0.892,0.0,0.0,0.0,0.0
240847,2025-10-05T17:00:00.000000000,1.3410000000000002,0.862,0.0,0.0,0.0,0.0
240847,2025-10-05T18:00:00.000000000,1.456,0.878,0.0,0.0,0.0,0.0
240847,2025-10-05T19:00:00.000000000,1.645,0.863,0.0,0.0,0.0,0.0
240847,2025-10-05T20:00:00.000000000,1.623,0.887,0.0,0.0,0.0,0.0
240847,2025-10-05T21:00:00.000000000,1.616,0.897,0.0,0.0,0.0,0.0
240847,2025-10-05T22:00:00.000000000,5.5969999999999995,1.395,0.0,0.0,0.0,0.0
240847,2025-10-05T23:00:00.000000000,5.375,1.4040000000000001,0.0,0.0,0.0,0.0
240847,2025-10-06T00:00:00.000000000,1.567,1.114,0.0,0.0,0.0,0.0
240847,2025-10-06T01:00:00.000000000,1.9169999999999998,1.4649999999999999,0.0,0.0,0.0,0.0
240847,2025-10-06T02:00:00.000000000,2.019,1.568,0.0,0.0,0.0,0.0
240847,2025-10-06T03:00:00.000000000,2.1020000000000003,1.654,0.0,0.0,0.0,0.0
240847,2025-10-06T04:00:00.000000000,2.1770000000000005,1.725,0.0,0.0,0.0,0.0
240847,2025-10-06T05:00:00.000000000,2.307,1.85,0.0,0.0,0.0,0.0
240847,2025-10-06T06:00:00.000000000,2.557,1.656,0.0,0.0,0.0,0.0
240847,2025-10-06T07:00:00.000000000,3.6489999999999996,1.012,0.0,0.0,0.0,0.0
240847,2025-10-06T08:00:00.000000000,1.479,0.796,0.0,0.0,0.0,0.0
240847,2025-10-06T09:00:00.000000000,1.5390000000000001,0.565,0.0,0.0,0.0,0.0
240847,2025-10-06T10:00:00.000000000,1.131,0.28099999999999997,0.0,0.0,0.0,0.0
240847,2025-10-06T11:00:00.000000000,0.728,0.039,0.0,0.0,0.0,0.0
240847,2025-10-06T12:00:00.000000000,0.692,0.0,0.0,0.0,0.0,0.0
240847,2025-10-06T13:00:00.000000000,0.686,0.0,0.0,0.0,0.0,0.0
240847,2025-10-06T14:00:00.000000000,0.702,0.0,0.0,0.0,0.0,0.0
240847,2025-10-06T15:00:00.000000000,1.34,0.0,0.0,0.016,0.0,0.0
240847,2025-10-06T16:00:00.000000000,0.948,0.0,0.0,0.0,0.0,0.0
240847,2025-10-06T17:00:00.000000000,1.165,0.0,0.0,0.0,0.0,0.0
240847,2025-10-06T18:00:00.000000000,0.898,0.0,0.0,0.0,0.0,0.0
240847,2025-10-06T19:00:00.000000000,0.992,0.111,0.0,0.0,0.0,0.0
240847,2025-10-06T20:00:00.000000000,1.609,0.31400000000000006,0.0,0.0,0.0,0.0
240847,2025-10-06T21:00:00.000000000,1.142,0.5770000000000001,0.0,0.0,0.0,0.0
240847,2025-10-06T22:00:00.000000000,1.346,0.866,0.0,0.0,0.0,0.0
240847,2025-10-06T23:00:00.000000000,1.4449999999999998,0.984,0.0,0.0,0.0,0.0
240847,2025-10-07T00:00:00.000000000,1.555,1.103,0.0,0.0,0.0,0.0
240847,2025-10-07T01:00:00.000000000,1.749,1.298,0.0,0.0,0.0,0.0
240847,2025-10-07T02:00:00.000000000,1.8739999999999999,1.424,0.0,0.0,0.0,0.0
240847,2025-10-07T03:00:00.000000000,1.9659999999999997,1.516,0.0,0.0,0.0,0.0
240847,2025-10-07T04:00:00.000000000,2.1,1.651,0.0,0.0,0.0,0.0
240847,2025-10-07T05:00:00.000000000,2.1910000000000003,1.74,0.0,0.0,0.0,0.0
240847,2025-10-07T06:00:00.000000000,2.114,1.6589999999999998,0.0,0.0,0.0,0.0
240847,2025-10-07T07:00:00.000000000,1.929,1.4739999999999998,0.0,0.0,0.0,0.0
240847,2025-10-07T08:00:00.000000000,1.831,1.2040000000000002,0.0,0.0,0.0,0.0
240847,2025-10-07T09:00:00.000000000,1.8519999999999999,1.0030000000000001,0.0,0.0,0.0,0.0
240847,2025-10-07T10:00:00.000000000,1.201,0.7510000000000001,0.0,0.0,0.0,0.0
240847,2025-10-07T11:00:00.000000000,1.045,0.473,0.0,0.0,0.0,0.0
240847,2025-10-07T12:00:00.000000000,0.9249999999999999,0.22999999999999998,0.0,0.0,0.0,0.0
240847,2025-10-07T13:00:00.000000000,1.153,0.009,0.0,0.0,0.0,0.0
240847,2025-10-07T14:00:00.000000000,0.605,0.0,0.0,0.0,0.0,0.0
240847,2025-10-07T15:00:00.000000000,0.455,0.0,0.0,0.0,0.0,0.0
240847,2025-10-07T16:00:00.000000000,0.694,0.024,0.0,0.0,0.0,0.0
240847,2025-10-07T17:00:00.000000000,1.402,0.175,0.0,0.0,0.0,0.0
240847,2025-10-07T18:00:00.000000000,1.5879999999999999,0.5840000000000001,0.0,0.0,0.0,0.0
240847,2025-10-07T19:00:00.000000000,1.8210000000000002,0.9390000000000001,0.0,0.0,0.0,0.0
240847,2025-10-07T20:00:00.000000000,1.756,1.1829999999999998,0.0,0.0,0.0,0.0
240847,2025-10-07T21:00:00.000000000,1.898,1.43,0.0,0.0,0.0,0.0
240847,2025-10-07T22:00:00.000000000,2.26,1.7730000000000001,0.0,0.0,0.0,0.0
240847,2025-10-07T23:00:00.000000000,2.241,1.775,0.0,0.0,0.0,0.0
240847,2025-10-08T00:00:00.000000000,2.233,1.7759999999999998,0.0,0.0,0.0,0.0
240847,2025-10-08T01:00:00.000000000,2.502,2.0380000000000003,0.0,0.0,0.0,0.0
240847,2025-10-08T02:00:00.000000000,2.54,2.0780000000000003,0.0,0.0,0.0,0.0
240847,2025-10-08T03:00:00.000000000,2.611,2.149,0.0,0.0,0.0,0.0
240847,2025-10-08T04:00:00.000000000,2.835,2.2560000000000002,0.0,0.0,0.0,0.0
240847,2025-10-08T05:00:00.000000000,3.2719999999999994,2.388,0.0,0.0,0.0,0.0
240847,2025-10-08T06:00:00.000000000,2.75,2.084,0.0,0.0,0.0,0.0
240847,2025-10-08T07:00:00.000000000,2.3360000000000003,1.65,0.0,0.0,0.0,0.0
240847,2025-10-08T08:00:00.000000000,1.844,1.16,0.0,0.0,0.0,0.0
240847,2025-10-08T09:00:00.000000000,1.436,0.761,0.0,0.0,0.0,0.0
240847,2025-10-08T10:00:00.000000000,1.214,0.457,0.0,0.0,0.0,0.0
240847,2025-10-08T11:00:00.000000000,0.546,0.09399999999999999,0.0,0.0,0.0,0.0
240847,2025-10-08T12:00:00.000000000,0.452,0.0,0.0,0.0,0.0,0.0
240847,2025-10-08T13:00:00.000000000,0.898,0.0,0.0,0.0,0.0,0.0
240847,2025-10-08T14:00:00.000000000,0.561,0.0,0.0,0.0,0.0,0.0
240847,2025-10-08T15:00:00.000000000,0.455,0.0,0.0,0.0,0.0,0.0
240847,2025-10-08T16:00:00.000000000,0.486,0.0,0.0,0.0,0.0,0.0
240847,2025-10-08T17:00:00.000000000,0.478,0.0,0.0,0.0,0.0,0.0
240847,2025-10-08T18:00:00.000000000,0.469,0.0,0.0,0.0,0.0,0.0
240847,2025-10-08T19:00:00.000000000,0.745,0.07200000000000001,0.0,0.0,0.0,0.0
240847,2025-10-08T20:00:00.000000000,2.099,0.192,0.0,0.0,0.0,0.0
240847,2025-10-08T21:00:00.000000000,4.571000000000001,0.374,0.0,0.0,0.0,0.0
240847,2025-10-08T22:00:00.000000000,0.7629999999999999,0.28,0.0,0.0,0.0,0.0
240847,2025-10-08T23:00:00.000000000,1.092,0.28400000000000003,0.0,0.0,0.0,0.0
240847,2025-10-09T00:00:00.000000000,0.776,0.294,0.0,0.0,0.0,0.0
240847,2025-10-09T01:00:00.000000000,0.732,0.28300000000000003,0.0,0.0,0.0,0.0
240847,2025-10-09T02:00:00.000000000,0.738,0.291,0.0,0.0,0.0,0.0
240847,2025-10-09T03:00:00.000000000,0.7490000000000001,0.304,0.0,0.0,0.0,0.0
240847,2025-10-09T04:00:00.000000000,0.7489999999999999,0.304,0.0,0.0,0.0,0.0
240847,2025-10-09T05:00:00.000000000,0.752,0.305,0.0,0.0,0.0,0.0
240847,2025-10-09T06:00:00.000000000,0.9329999999999999,0.28200000000000003,0.0,0.0,0.0,0.0
240847,2025-10-09T07:00:00.000000000,0.82,0.253,0.0,0.0,0.0,0.0
240847,2025-10-09T08:00:00.000000000,0.851,0.169,0.0,0.0,0.0,0.0
240847,2025-10-09T09:00:00.000000000,0.7750000000000001,0.09799999999999999,0.0,0.0,0.0,0.0
240847,2025-10-09T10:00:00.000000000,0.716,0.036000000000000004,0.0,0.0,0.0,0.0
240847,2025-10-09T11:00:00.000000000,0.631,0.004,0.0,0.0,0.0,0.0
240847,2025-10-09T12:00:00.000000000,0.79,0.0,0.0,0.0,0.0,0.0
240847,2025-10-09T13:00:00.000000000,0.686,0.0,0.0,0.0,0.0,0.0
240847,2025-10-09T14:00:00.000000000,0.95,0.0,0.0,0.036,0.0,0.0
240847,2025-10-09T15:00:00.000000000,0.583,0.0,0.0,0.023,0.0,0.0
240847,2025-10-09T16:00:00.000000000,0.486,0.0,0.0,0.0,0.0,0.0
240847,2025-10-09T17:00:00.000000000,0.478,0.0,0.0,0.0,0.0,0.0
240847,2025-10-09T18:00:00.000000000,1.092,0.0,0.0,0.0,0.0,0.0
240847,2025-10-09T19:00:00.000000000,1.41,0.0,0.0,0.0,0.0,0.0
240847,2025-10-09T20:00:00.000000000,1.247,0.0,0.0,0.0,0.0,0.0
240847,2025-10-09T21:00:00.000000000,0.7970000000000002,0.081,0.0,0.0,0.0,0.0
240847,2025-10-09T22:00:00.000000000,0.841,0.251,0.0,0.0,0.0,0.0
240847,2025-10-09T23:00:00.000000000,0.738,0.277,0.0,0.0,0.0,0.0
240847,2025-10-10T00:00:00.000000000,1.119,0.32399999999999995,0.0,0.0,0.0,0.0
240847,2025-10-10T01:00:00.000000000,0.9069999999999999,0.382,0.0,0.0,0.0,0.0
240847,2025-10-10T02:00:00.000000000,0.882,0.434,0.0,0.0,0.0,0.0
240847,2025-10-10T03:00:00.000000000,0.9369999999999999,0.492,0.0,0.0,0.0,0.0
240847,2025-10-10T04:00:00.000000000,0.966,0.521,0.0,0.0,0.0,0.0
240847,2025-10-10T05:00:00.000000000,1.006,0.558,0.0,0.0,0.0,0.0
240847,2025-10-10T06:00:00.000000000,1.174,0.556,0.0,0.0,0.0,0.0
240847,2025-10-10T07:00:00.000000000,0.973,0.52,0.0,0.0,0.0,0.0
240847,2025-10-10T08:00:00.000000000,0.869,0.41500000000000004,0.0,0.0,0.0,0.0
240847,2025-10-10T09:00:00.000000000,0.7250000000000001,0.275,0.0,0.0,0.0,0.0
240847,2025-10-10T10:00:00.000000000,0.622,0.171,0.0,0.0,0.0,0.0
240847,2025-10-10T11:00:00.000000000,0.543,0.09200000000000001,0.0,0.0,0.0,0.0
240847,2025-10-10T12:00:00.000000000,0.634,0.067,0.0,0.0,0.0,0.0
240847,2025-10-10T13:00:00.000000000,0.735,0.054,0.0,0.0,0.0,0.0
240847,2025-10-10T14:00:00.000000000,0.511,0.06,0.0,0.0,0.0,0.0
240847,2025-10-10T15:00:00.000000000,0.533,0.07700000000000001,0.0,0.0,0.0,0.0
240847,2025-10-10T16:00:00.000000000,0.6360000000000001,0.15000000000000002,0.0,0.0,0.0,0.0
240847,2025-10-10T17:00:00.000000000,1.03,0.121,0.0,0.0,0.0,0.0
240847,2025-10-10T18:00:00.000000000,1.297,0.093,0.0,0.0,0.0,0.0
240847,2025-10-10T19:00:00.000000000,1.569,0.068,0.0,0.0,0.0,0.0
240847,2025-10-10T20:00:00.000000000,0.6970000000000001,0.125,0.0,0.0,0.0,0.0
240847,2025-10-10T21:00:00.000000000,0.639,0.171,0.0,0.0,0.0,0.0
240847,2025-10-10T22:00:00.000000000,1.029,0.20199999999999999,0.0,0.0,0.0,0.0
240847,2025-10-10T23:00:00.000000000,0.7150000000000001,0.19,0.0,0.0,0.0,0.0
240847,2025-10-11T00:00:00.000000000,0.621,0.171,0.0,0.0,0.0,0.0
240847,2025-10-11T01:00:00.000000000,0.617,0.168,0.0,0.0,0.0,0.0
240847,2025-10-11T02:00:00.000000000,0.616,0.168,0.0,0.0,0.0,0.0
240847,2025-10-11T03:00:00.000000000,0.617,0.172,0.0,0.0,0.0,0.0
240847,2025-10-11T04:00:00.000000000,0.632,0.188,0.0,0.0,0.0,0.0
240847,2025-10-11T05:00:00.000000000,0.6759999999999999,0.23,0.0,0.0,0.0,0.0
240847,2025-10-11T06:00:00.000000000,0.771,0.20999999999999996,0.0,0.0,0.0,0.0
240847,2025-10-11T07:00:00.000000000,0.607,0.155,0.0,0.0,0.0,0.0
240847,2025-10-11T08:00:00.000000000,0.891,0.09000000000000001,0.0,0.0,0.0,0.0
240847,2025-10-11T09:00:00.000000000,0.535,0.084,0.0,0.0,0.0,0.0
240847,2025-10-11T10:00:00.000000000,0.481,0.032,0.0,0.0,0.0,0.0
240847,2025-10-11T11:00:00.000000000,0.451,0.0,0.0,0.0,0.0,0.0
240847,2025-10-11T12:00:00.000000000,0.452,0.0,0.0,0.0,0.0,0.0
240847,2025-10-11T13:00:00.000000000,1.344,0.0,0.0,0.19,0.0,0.0
240847,2025-10-11T14:00:00.000000000,1.017,0.0,0.0,0.316,0.0,0.0
240847,2025-10-11T15:00:00.000000000,0.8180000000000001,0.0,0.0,0.297,0.0,0.0
240847,2025-10-11T16:00:00.000000000,0.595,0.0,0.0,0.109,0.0,0.0
240847,2025-10-11T17:00:00.000000000,0.592,0.0,0.0,0.0,0.0,0.0
240847,2025-10-11T18:00:00.000000000,0.9420000000000001,0.012,0.0,0.0,0.0,0.0
240847,2025-10-11T19:00:00.000000000,1.008,0.054000000000000006,0.0,0.0,0.0,0.0
240847,2025-10-11T20:00:00.000000000,1.086,0.25,0.0,0.0,0.0,0.0
240847,2025-10-11T21:00:00.000000000,1.158,0.441,0.0,0.0,0.0,0.0
240847,2025-10-11T22:00:00.000000000,1.176,0.639,0.0,0.0,0.0,0.0
240847,2025-10-11T23:00:00.000000000,1.0430000000000001,0.5800000000000001,0.0,0.0,0.0,0.0
240847,2025-10-12T00:00:00.000000000,1.142,0.69,0.0,0.0,0.0,0.0
240847,2025-10-12T01:00:00.000000000,1.219,0.77,0.0,0.0,0.0,0.0
240847,2025-10-12T02:00:00.000000000,1.345,0.896,0.0,0.0,0.0,0.0
240847,2025-10-12T03:00:00.000000000,1.4669999999999999,1.0190000000000001,0.0,0.0,0.0,0.0
240847,2025-10-12T04:00:00.000000000,1.4489999999999998,1.004,0.0,0.0,0.0,0.0
240847,2025-10-12T05:00:00.000000000,2.066,1.052,0.0,0.0,0.0,0.0
240847,2025-10-12T06:00:00.000000000,2.234,0.959,0.0,0.0,0.0,0.0
240847,2025-10-12T07:00:00.000000000,2.2270000000000003,0.762,0.0,0.0,0.0,0.0
240847,2025-10-12T08:00:00.000000000,1.195,0.682,0.0,0.0,0.0,0.0
240847,2025-10-12T09:00:00.000000000,1.49,0.584,0.0,0.0,0.0,0.0
240847,2025-10-12T10:00:00.000000000,0.9279999999999999,0.367,0.0,0.0,0.0,0.0
240847,2025-10-12T11:00:00.000000000,0.852,0.065,0.0,0.0,0.0,0.0
240847,2025-10-12T12:00:00.000000000,0.6890000000000001,0.0,0.0,0.0,0.0,0.0
240847,2025-10-12T13:00:00.000000000,0.452,0.0,0.0,0.0,0.0,0.0
240847,2025-10-12T14:00:00.000000000,0.503,0.0,0.0,0.052,0.0,0.0
240847,2025-10-12T15:00:00.000000000,0.59,0.0,0.0,0.135,0.0,0.0
240847,2025-10-12T16:00:00.000000000,0.529,0.0,0.0,0.043000000000000003,0.0,0.0
240847,2025-10-12T17:00:00.000000000,0.478,0.0,0.0,0.0,0.0,0.0
240847,2025-10-12T18:00:00.000000000,0.495,0.024,0.0,0.0,0.0,0.0
240847,2025-10-12T19:00:00.000000000,0.774,0.10200000000000001,0.0,0.0,0.0,0.0
240847,2025-10-12T20:00:00.000000000,1.143,0.30800000000000005,0.0,0.0,0.0,0.0
240847,2025-10-12T21:00:00.000000000,2.234,0.40199999999999997,0.0,0.0,0.0,0.0
240847,2025-10-12T22:00:00.000000000,1.677,0.728,0.0,0.0,0.0,0.0
240847,2025-10-12T23:00:00.000000000,1.444,0.868,0.0,0.0,0.0,0.0
240847,2025-10-13T00:00:00.000000000,1.674,0.969,0.0,0.0,0.0,0.0
240847,2025-10-13T01:00:00.000000000,1.4689999999999999,1.0190000000000001,0.0,0.0,0.0,0.0
240847,2025-10-13T02:00:00.000000000,1.48,1.03,0.0,0.0,0.0,0.0
240847,2025-10-13T03:00:00.000000000,1.528,1.08,0.0,0.0,0.0,0.0
240847,2025-10-13T04:00:00.000000000,1.5899999999999999,1.144,0.0,0.0,0.0,0.0
240847,2025-10-13T05:00:00.000000000,2.977,0.8590000000000001,0.0,0.0,0.0,0.0
240847,2025-10-13T06:00:00.000000000,2.029,0.5940000000000001,0.0,0.0,0.0,0.0
240847,2025-10-13T07:00:00.000000000,1.2129999999999999,0.53,0.0,0.0,0.0,0.0
240847,2025-10-13T08:00:00.000000000,1.038,0.41100000000000003,0.0,0.0,0.0,0.0
240847,2025-10-13T09:00:00.000000000,0.758,0.307,0.0,0.0,0.0,0.0
240847,2025-10-13T10:00:00.000000000,0.991,0.172,0.0,0.0,0.0,0.0
240847,2025-10-13T11:00:00.000000000,0.516,0.065,0.0,0.0,0.0,0.0
240847,2025-10-13T12:00:00.000000000,0.6319999999999999,0.0,0.0,0.0,0.0,0.0
240847,2025-10-13T13:00:00.000000000,0.686,0.0,0.0,0.0,0.0,0.0
240847,2025-10-13T14:00:00.000000000,0.702,0.0,0.0,0.0,0.0,0.0
240847,2025-10-13T15:00:00.000000000,0.519,0.0,0.0,0.0,0.0,0.0
240847,2025-10-13T16:00:00.000000000,0.486,0.0,0.0,0.0,0.0,0.0
240847,2025-10-13T17:00:00.000000000,0.708,0.0,0.0,0.0,0.0,0.0
240847,2025-10-13T18:00:00.000000000,0.655,0.0,0.0,0.0,0.0,0.0
240847,2025-10-13T19:00:00.000000000,0.672,0.0,0.0,0.0,0.0,0.0
240847,2025-10-13T20:00:00.000000000,0.834,0.0,0.0,0.0,0.0,0.0
240847,2025-10-13T21:00:00.000000000,0.553,0.0,0.0,0.0,0.0,0.0
240847,2025-10-13T22:00:00.000000000,0.506,0.025,0.0,0.0,0.0,0.0
240847,2025-10-13T23:00:00.000000000,0.51,0.049,0.0,0.0,0.0,0.0
240847,2025-10-14T00:00:00.000000000,0.535,0.08499999999999999,0.0,0.0,0.0,0.0
240847,2025-10-14T01:00:00.000000000,0.545,0.095,0.0,0.0,0.0,0.0
240847,2025-10-14T02:00:00.000000000,0.54,0.092,0.0,0.0,0.0,0.0
240847,2025-10-14T03:00:00.000000000,0.548,0.10099999999999999,0.0,0.0,0.0,0.0
240847,2025-10-14T04:00:00.000000000,0.59,0.14500000000000002,0.0,0.0,0.0,0.0
240847,2025-10-14T05:00:00.000000000,0.644,0.197,0.0,0.0,0.0,0.0
240847,2025-10-14T06:00:00.000000000,0.6950000000000001,0.243,0.0,0.0,0.0,0.0
240847,2025-10-14T07:00:00.000000000,0.698,0.246,0.0,0.0,0.0,0.0
240847,2025-10-14T08:00:00.000000000,0.862,0.239,0.0,0.0,0.0,0.0
240847,2025-10-14T09:00:00.000000000,0.914,0.236,0.0,0.0,0.0,0.0
240847,2025-10-14T10:00:00.000000000,1.0819999999999999,0.28200000000000003,0.0,0.0,0.0,0.0
240847,2025-10-14T11:00:00.000000000,1.1219999999999999,0.223,0.0,0.0,0.0,0.0
240847,2025-10-14T12:00:00.000000000,0.7950000000000002,0.102,0.0,0.0,0.0,0.0
240847,2025-10-14T13:00:00.000000000,0.7010000000000001,0.014,0.0,0.0,0.0,0.0
240847,2025-10-14T14:00:00.000000000,0.702,0.0,0.0,0.0,0.0,0.0
240847,2025-10-14T15:00:00.000000000,0.738,0.0,0.0,0.0,0.0,0.0
240847,2025-10-14T16:00:00.000000000,0.869,0.034,0.0,0.0,0.0,0.0
240847,2025-10-14T17:00:00.000000000,1.148,0.261,0.0,0.0,0.0,0.0
240847,2025-10-14T18:00:00.000000000,1.562,0.434,0.0,0.0,0.0,0.0
240847,2025-10-14T19:00:00.000000000,1.8010000000000002,0.6040000000000001,0.0,0.0,0.0,0.0
240847,2025-10-14T20:00:00.000000000,1.646,0.8089999999999999,0.0,0.0,0.0,0.0
240847,2025-10-14T21:00:00.000000000,1.6500000000000001,0.9329999999999999,0.0,0.0,0.0,0.0
240847,2025-10-14T22:00:00.000000000,1.7309999999999999,1.14,0.0,0.0,0.0,0.0
240847,2025-10-14T23:00:00.000000000,1.779,1.316,0.0,0.0,0.0,0.0
240847,2025-10-15T00:00:00.000000000,1.865,1.411,0.0,0.0,0.0,0.0
240847,2025-10-15T01:00:00.000000000,2.044,1.5910000000000002,0.0,0.0,0.0,0.0
240847,2025-10-15T02:00:00.000000000,3.492,1.4779999999999998,0.0,0.0,0.0,0.0
240847,2025-10-15T03:00:00.000000000,4.1850000000000005,1.3929999999999998,0.0,0.0,0.0,0.0
240847,2025-10-15T04:00:00.000000000,2.316,1.6729999999999998,0.0,0.0,0.0,0.0
240847,2025-10-15T05:00:00.000000000,2.308,1.8530000000000002,0.0,0.0,0.0,0.0
240847,2025-10-15T06:00:00.000000000,2.739,1.885,0.0,0.0,0.0,0.0
240847,2025-10-15T07:00:00.000000000,2.5700000000000003,1.489,0.0,0.0,0.0,0.0
240847,2025-10-15T08:00:00.000000000,1.598,1.143,0.0,0.0,0.0,0.0
240847,2025-10-15T09:00:00.000000000,1.3860000000000001,0.9329999999999999,0.0,0.0,0.0,0.0
240847,2025-10-15T10:00:00.000000000,1.115,0.664,0.0,0.0,0.0,0.0
240847,2025-10-15T11:00:00.000000000,0.7130000000000001,0.261,0.0,0.0,0.0,0.0
240847,2025-10-15T12:00:00.000000000,0.469,0.017,0.0,0.0,0.0,0.0
240847,2025-10-15T13:00:00.000000000,0.452,0.0,0.0,0.0,0.0,0.0
240847,2025-10-15T14:00:00.000000000,0.452,0.0,0.0,0.0,0.0,0.0
240847,2025-10-15T15:00:00.000000000,0.455,0.0,0.0,0.0,0.0,0.0
240847,2025-10-15T16:00:00.000000000,0.6679999999999999,0.0,0.0,0.0,0.0,0.0
240847,2025-10-15T17:00:00.000000000,1.6390000000000002,0.012,0.0,0.0,0.0,0.0
240847,2025-10-15T18:00:00.000000000,2.3779999999999997,0.111,0.0,0.0,0.0,0.0
240847,2025-10-15T19:00:00.000000000,1.329,0.447,0.0,0.0,0.0,0.0
240847,2025-10-15T20:00:00.000000000,1.483,0.6479999999999999,0.0,0.0,0.0,0.0
240847,2025-10-15T21:00:00.000000000,1.587,0.9770000000000001,0.0,0.0,0.0,0.0
240847,2025-10-15T22:00:00.000000000,2.258,1.3840000000000001,0.0,0.0,0.0,0.0
240847,2025-10-15T23:00:00.000000000,1.887,1.424,0.0,0.0,0.0,0.0
240847,2025-10-16T00:00:00.000000000,1.94,1.4860000000000002,0.0,0.0,0.0,0.0
240847,2025-10-16T01:00:00.000000000,2.034,1.582,0.0,0.0,0.0,0.0
240847,2025-10-16T02:00:00.000000000,2.1420000000000003,1.689,0.0,0.0,0.0,0.0
240847,2025-10-16T03:00:00.000000000,2.1500000000000004,1.7,0.0,0.0,0.0,0.0
240847,2025-10-16T04:00:00.000000000,2.11,1.662,0.0,0.0,0.0,0.0
240847,2025-10-16T05:00:00.000000000,2.1050000000000004,1.654,0.0,0.0,0.0,0.0
240847,2025-10-16T06:00:00.000000000,2.433,1.36,0.0,0.0,0.0,0.0
240847,2025-10-16T07:00:00.000000000,2.2439999999999998,1.036,0.0,0.0,0.0,0.0
240847,2025-10-16T08:00:00.000000000,1.181,0.7280000000000001,0.0,0.0,0.0,0.0
240847,2025-10-16T09:00:00.000000000,0.9179999999999999,0.46799999999999997,0.0,0.0,0.0,0.0
240847,2025-10-16T10:00:00.000000000,0.668,0.22,0.0,0.0,0.0,0.0
240847,2025-10-16T11:00:00.000000000,0.46499999999999997,0.013,0.0,0.0,0.0,0.0
240847,2025-10-16T12:00:00.000000000,0.452,0.0,0.0,0.0,0.0,0.0
240847,2025-10-16T13:00:00.000000000,0.452,0.0,0.0,0.0,0.0,0.0
240847,2025-10-16T14:00:00.000000000,0.543,0.0,0.0,0.092,0.0,0.0
240847,2025-10-16T15:00:00.000000000,0.603,0.0,0.0,0.14700000000000002,0.0,0.0
240847,2025-10-16T16:00:00.000000000,1.045,0.0,0.0,0.077,0.0,0.0
240847,2025-10-16T17:00:00.000000000,1.095,0.0,0.0,0.012,0.0,0.0
240847,2025-10-16T18:00:00.000000000,0.899,0.0,0.0,0.0,0.0,0.0
240847,2025-10-16T19:00:00.000000000,0.882,0.0,0.0,0.0,0.0,0.0
240847,2025-10-16T20:00:00.000000000,0.95,0.0,0.0,0.0,0.0,0.0
240847,2025-10-16T21:00:00.000000000,0.964,0.016,0.0,0.0,0.0,0.0
240847,2025-10-16T22:00:00.000000000,0.681,0.145,0.0,0.0,0.0,0.0
240847,2025-10-16T23:00:00.000000000,0.7000000000000001,0.127,0.0,0.0,0.0,0.0
240847,2025-10-17T00:00:00.000000000,0.905,0.14200000000000002,0.0,0.0,0.0,0.0
240847,2025-10-17T01:00:00.000000000,0.64,0.18999999999999997,0.0,0.0,0.0,0.0
240847,2025-10-17T02:00:00.000000000,0.716,0.269,0.0,0.0,0.0,0.0
240847,2025-10-17T03:00:00.000000000,0.768,0.321,0.0,0.0,0.0,0.0
240847,2025-10-17T04:00:00.000000000,0.754,0.309,0.0,0.0,0.0,0.0
240847,2025-10-17T05:00:00.000000000,0.7810000000000001,0.33299999999999996,0.0,0.0,0.0,0.0
240847,2025-10-17T06:00:00.000000000,1.006,0.443,0.0,0.0,0.0,0.0
240847,2025-10-17T07:00:00.000000000,1.369,0.402,0.0,0.0,0.0,0.0
240847,2025-10-17T08:00:00.000000000,0.6960000000000001,0.21199999999999997,0.0,0.0,0.0,0.0
240847,2025-10-17T09:00:00.000000000,0.542,0.092,0.0,0.0,0.0,0.0
240847,2025-10-17T10:00:00.000000000,0.448,0.0,0.0,0.0,0.0,0.0
240847,2025-10-17T11:00:00.000000000,0.451,0.0,0.0,0.0,0.0,0.0
240847,2025-10-17T12:00:00.000000000,0.452,0.0,0.0,0.0,0.0,0.0
240847,2025-10-17T13:00:00.000000000,0.479,0.0,0.0,0.027,0.0,0.0
240847,2025-10-17T14:00:00.000000000,0.5,0.0,0.0,0.048999999999999995,0.0,0.0
240847,2025-10-17T15:00:00.000000000,0.616,0.0,0.0,0.017,0.0,0.0
240847,2025-10-17T16:00:00.000000000,0.486,0.0,0.0,0.0,0.0,0.0
240847,2025-10-17T17:00:00.000000000,0.478,0.0,0.0,0.0,0.0,0.0
240847,2025-10-17T18:00:00.000000000,0.469,0.0,0.0,0.0,0.0,0.0
240847,2025-10-17T19:00:00.000000000,0.9200000000000002,0.0,0.0,0.0,0.0,0.0
240847,2025-10-17T20:00:00.000000000,0.9149999999999999,0.0,0.0,0.0,0.0,0.0
240847,2025-10-17T21:00:00.000000000,0.7150000000000001,0.0,0.0,0.0,0.0,0.0
240847,2025-10-17T22:00:00.000000000,0.617,0.0,0.0,0.0,0.0,0.0
240847,2025-10-17T23:00:00.000000000,0.46099999999999997,0.0,0.0,0.0,0.0,0.0
240847,2025-10-18T00:00:00.000000000,0.452,0.0,0.0,0.0,0.0,0.0
240847,2025-10-18T01:00:00.000000000,0.451,0.002,0.0,0.0,0.0,0.0
240847,2025-10-18T02:00:00.000000000,0.49,0.042,0.0,0.0,0.0,0.0
240847,2025-10-18T03:00:00.000000000,0.54,0.094,0.0,0.0,0.0,0.0
240847,2025-10-18T04:00:00.000000000,0.591,0.14700000000000002,0.0,0.0,0.0,0.0
240847,2025-10-18T05:00:00.000000000,1.236,0.133,0.0,0.0,0.0,0.0
240847,2025-10-18T06:00:00.000000000,1.407,0.29400000000000004,0.0,0.0,0.0,0.0
240847,2025-10-18T07:00:00.000000000,1.01,0.39899999999999997,0.0,0.0,0.0,0.0
240847,2025-10-18T08:00:00.000000000,0.9309999999999999,0.479,0.0,0.0,0.0,0.0
240847,2025-10-18T09:00:00.000000000,1.0030000000000001,0.552,0.0,0.0,0.0,0.0
240847,2025-10-18T10:00:00.000000000,1.056,0.605,0.0,0.0,0.0,0.0
240847,2025-10-18T11:00:00.000000000,1.006,0.554,0.0,0.0,0.0,0.0
240847,2025-10-18T12:00:00.000000000,1.0230000000000001,0.5710000000000001,0.0,0.0,0.0,0.0
240847,2025-10-18T13:00:00.000000000,1.107,0.654,0.0,0.0,0.0,0.0
240847,2025-10-18T14:00:00.000000000,1.2469999999999999,0.73,0.0,0.0,0.0,0.0
240847,2025-10-18T15:00:00.000000000,1.7889999999999997,0.7010000000000001,0.0,0.0,0.0,0.0
240847,2025-10-18T16:00:00.000000000,1.3880000000000001,0.8200000000000001,0.0,0.0,0.0,0.0
240847,2025-10-18T17:00:00.000000000,1.2670000000000001,0.787,0.0,0.0,0.0,0.0
240847,2025-10-18T18:00:00.000000000,1.365,0.893,0.0,0.0,0.0,0.0
240847,2025-10-18T19:00:00.000000000,1.8290000000000002,0.9289999999999999,0.0,0.0,0.0,0.0
240847,2025-10-18T20:00:00.000000000,2.0940000000000003,0.96,0.0,0.0,0.0,0.0
240847,2025-10-18T21:00:00.000000000,1.752,1.033,0.0,0.0,0.0,0.0
240847,2025-10-18T22:00:00.000000000,1.8439999999999999,1.224,0.0,0.0,0.0,0.0
240847,2025-10-18T23:00:00.000000000,1.8359999999999999,1.3130000000000002,0.0,0.0,0.0,0.0
240847,2025-10-19T00:00:00.000000000,1.94,1.4859999999999998,0.0,0.0,0.0,0.0
240847,2025-10-19T01:00:00.000000000,1.993,1.5410000000000001,0.0,0.0,0.0,0.0
240847,2025-10-19T02:00:00.000000000,2.045,1.5939999999999999,0.0,0.0,0.0,0.0
240847,2025-10-19T03:00:00.000000000,2.166,1.717,0.0,0.0,0.0,0.0
240847,2025-10-19T04:00:00.000000000,2.284,1.833,0.0,0.0,0.0,0.0
240847,2025-10-19T05:00:00.000000000,2.6029999999999998,2.028,0.0,0.0,0.0,0.0
240847,2025-10-19T06:00:00.000000000,3.041,1.958,0.0,0.0,0.0,0.0
240847,2025-10-19T07:00:00.000000000,2.3369999999999997,1.588,0.0,0.0,0.0,0.0
240847,2025-10-19T08:00:00.000000000,1.9620000000000002,1.277,0.0,0.0,0.0,0.0
240847,2025-10-19T09:00:00.000000000,1.495,0.985,0.0,0.0,0.0,0.0
240847,2025-10-19T10:00:00.000000000,1.141,0.6910000000000001,0.0,0.0,0.0,0.0
240847,2025-10-19T11:00:00.000000000,0.937,0.37300000000000005,0.0,0.0,0.0,0.0
240847,2025-10-19T12:00:00.000000000,1.003,0.208,0.0,0.0,0.0,0.0
240847,2025-10-19T13:00:00.000000000,0.617,0.16499999999999998,0.0,0.0,0.0,0.0
240847,2025-10-19T14:00:00.000000000,0.579,0.127,0.0,0.0,0.0,0.0
240847,2025-10-19T15:00:00.000000000,0.518,0.061,0.0,0.0,0.0,0.0
240847,2025-10-19T16:00:00.000000000,1.091,0.256,0.0,0.0,0.0,0.0
240847,2025-10-19T17:00:00.000000000,0.989,0.42,0.0,0.0,0.0,0.0
240847,2025-10-19T18:00:00.000000000,1.0,0.529,0.0,0.0,0.0,0.0
240847,2025-10-19T19:00:00.000000000,1.3490000000000002,0.665,0.0,0.0,0.0,0.0
240847,2025-10-19T20:00:00.000000000,1.996,0.7089999999999999,0.0,0.0,0.0,0.0
240847,2025-10-19T21:00:00.000000000,1.4400000000000002,0.8049999999999999,0.0,0.0,0.0,0.0
240847,2025-10-19T22:00:00.000000000,1.4460000000000002,0.964,0.0,0.0,0.0,0.0
240847,2025-10-19T23:00:00.000000000,1.352,0.8909999999999999,0.0,0.0,0.0,0.0
240847,2025-10-20T00:00:00.000000000,1.314,0.862,0.0,0.0,0.0,0.0
240847,2025-10-20T01:00:00.000000000,1.338,0.888,0.0,0.0,0.0,0.0
240847,2025-10-20T02:00:00.000000000,1.297,0.8480000000000001,0.0,0.0,0.0,0.0
240847,2025-10-20T03:00:00.000000000,1.232,0.784,0.0,0.0,0.0,0.0
240847,2025-10-20T04:00:00.000000000,1.22,0.774,0.0,0.0,0.0,0.0
240847,2025-10-20T05:00:00.000000000,1.205,0.7549999999999999,0.0,0.0,0.0,0.0
240847,2025-10-20T06:00:00.000000000,1.196,0.7429999999999999,0.0,0.0,0.0,0.0
240847,2025-10-20T07:00:00.000000000,1.44,0.6980000000000001,0.0,0.0,0.0,0.0
240847,2025-10-20T08:00:00.000000000,1.579,0.661,0.0,0.0,0.0,0.0
240847,2025-10-20T09:00:00.000000000,2.705,0.46399999999999997,0.0,0.0,0.0,0.0
240847,2025-10-20T10:00:00.000000000,1.384,0.507,0.0,0.0,0.0,0.0
240847,2025-10-20T11:00:00.000000000,1.202,0.511,0.0,0.0,0.0,0.0
240847,2025-10-20T12:00:00.000000000,1.176,0.482,0.0,0.0,0.0,0.0
240847,2025-10-20T13:00:00.000000000,1.479,0.45399999999999996,0.0,0.0,0.0,0.0
240847,2025-10-20T14:00:00.000000000,1.288,0.444,0.0,0.0,0.0,0.0
240847,2025-10-20T15:00:00.000000000,1.1949999999999998,0.457,0.0,0.0,0.0,0.0
240847,2025-10-20T16:00:00.000000000,1.3739999999999999,0.539,0.0,0.0,0.0,0.0
240847,2025-10-20T17:00:00.000000000,1.911,0.493,0.0,0.0,0.0,0.0
240847,2025-10-20T18:00:00.000000000,1.901,0.516,0.0,0.0,0.0,0.0
240847,2025-10-20T19:00:00.000000000,1.564,0.56,0.0,0.0,0.0,0.0
240847,2025-10-20T20:00:00.000000000,1.6929999999999998,0.641,0.0,0.0,0.0,0.0
240847,2025-10-20T21:00:00.000000000,1.638,0.648,0.0,0.0,0.0,0.0
240847,2025-10-20T22:00:00.000000000,1.25,0.7679999999999999,0.0,0.0,0.0,0.0
240847,2025-10-20T23:00:00.000000000,1.281,0.819,0.0,0.0,0.0,0.0
240847,2025-10-21T00:00:00.000000000,1.3150000000000002,0.862,0.0,0.0,0.0,0.0
240847,2025-10-21T01:00:00.000000000,1.345,0.894,0.0,0.0,0.0,0.0
240847,2025-10-21T02:00:00.000000000,1.367,0.919,0.0,0.0,0.0,0.0
240847,2025-10-21T03:00:00.000000000,1.3949999999999998,0.948,0.0,0.0,0.0,0.0
240847,2025-10-21T04:00:00.000000000,1.473,1.0270000000000001,0.0,0.0,0.0,0.0
240847,2025-10-21T05:00:00.000000000,1.557,1.1070000000000002,0.0,0.0,0.0,0.0
240847,2025-10-21T06:00:00.000000000,1.5550000000000002,1.101,0.0,0.0,0.0,0.0
240847,2025-10-21T07:00:00.000000000,1.602,0.973,0.0,0.0,0.0,0.0
240847,2025-10-21T08:00:00.000000000,1.4749999999999999,0.792,0.0,0.0,0.0,0.0
240847,2025-10-21T09:00:00.000000000,1.279,0.6,0.0,0.0,0.0,0.0
240847,2025-10-21T10:00:00.000000000,1.0539999999999998,0.374,0.0,0.0,0.0,0.0
240847,2025-10-21T11:00:00.000000000,0.768,0.077,0.0,0.0,0.0,0.0
240847,2025-10-21T12:00:00.000000000,1.045,0.0,0.0,0.0,0.0,0.0
240847,2025-10-21T13:00:00.000000000,0.7000000000000001,0.0,0.0,0.0,0.0,0.0
240847,2025-10-21T14:00:00.000000000,4.165,0.002,0.0,0.0,0.0,0.0
240847,2025-10-21T15:00:00.000000000,1.94,0.0,0.0,0.0,0.0,0.0
240847,2025-10-21T16:00:00.000000000,1.2910000000000001,0.0,0.0,0.0,0.0,0.0
240847,2025-10-21T17:00:00.000000000,1.026,0.036000000000000004,0.0,0.0,0.0,0.0
240847,2025-10-21T18:00:00.000000000,1.218,0.21100000000000002,0.0,0.0,0.0,0.0
240847,2025-10-21T19:00:00.000000000,1.8319999999999999,0.504,0.0,0.0,0.0,0.0
240847,2025-10-21T20:00:00.000000000,1.9560000000000002,0.9470000000000001,0.0,0.0,0.0,0.0
240847,2025-10-21T21:00:00.000000000,1.9019999999999997,1.183,0.0,0.0,0.0,0.0
240847,2025-10-21T22:00:00.000000000,1.9260000000000002,1.443,0.0,0.0,0.0,0.0
240847,2025-10-21T23:00:00.000000000,1.966,1.5019999999999998,0.0,0.0,0.0,0.0
240847,2025-10-22T00:00:00.000000000,2.041,1.5860000000000003,0.0,0.0,0.0,0.0
240847,2025-10-22T01:00:00.000000000,2.1390000000000002,1.6829999999999998,0.0,0.0,0.0,0.0
240847,2025-10-22T02:00:00.000000000,2.631,1.749,0.0,0.0,0.0,0.0
240847,2025-10-22T03:00:00.000000000,2.112,1.661,0.0,0.0,0.0,0.0
240847,2025-10-22T04:00:00.000000000,2.121,1.672,0.0,0.0,0.0,0.0
240847,2025-10-22T05:00:00.000000000,1.884,1.3279999999999998,0.0,0.0,0.0,0.0
240847,2025-10-22T06:00:00.000000000,1.597,1.036,0.0,0.0,0.0,0.0
240847,2025-10-22T07:00:00.000000000,1.688,0.8929999999999999,0.0,0.0,0.0,0.0
240847,2025-10-22T08:00:00.000000000,1.538,0.7790000000000001,0.0,0.0,0.0,0.0
240847,2025-10-22T09:00:00.000000000,1.0939999999999999,0.641,0.0,0.0,0.0,0.0
240847,2025-10-22T10:00:00.000000000,0.954,0.503,0.0,0.0,0.0,0.0
240847,2025-10-22T11:00:00.000000000,1.346,0.452,0.0,0.0,0.0,0.0
240847,2025-10-22T12:00:00.000000000,1.03,0.426,0.0,0.0,0.0,0.0
240847,2025-10-22T13:00:00.000000000,0.7869999999999999,0.334,0.0,0.0,0.0,0.0
240847,2025-10-22T14:00:00.000000000,0.607,0.155,0.0,0.0,0.0,0.0
240847,2025-10-22T15:00:00.000000000,0.593,0.139,0.0,0.0,0.0,0.0
240847,2025-10-22T16:00:00.000000000,0.7799999999999999,0.29400000000000004,0.0,0.0,0.0,0.0
240847,2025-10-22T17:00:00.000000000,0.849,0.371,0.0,0.0,0.0,0.0
240847,2025-10-22T18:00:00.000000000,4.733,0.6930000000000001,0.0,0.0,0.0,0.0
240847,2025-10-22T19:00:00.000000000,11.958,1.286,0.0,0.0,0.0,0.0
240847,2025-10-22T20:00:00.000000000,2.076,0.521,0.0,0.0,0.0,0.0
240847,2025-10-22T21:00:00.000000000,1.161,0.498,0.0,0.0,0.0,0.0
240847,2025-10-22T22:00:00.000000000,1.0999999999999999,0.6180000000000001,0.0,0.0,0.0,0.0
240847,2025-10-22T23:00:00.000000000,1.297,0.613,0.0,0.0,0.0,0.0
240847,2025-10-23T00:00:00.000000000,1.2429999999999999,0.582,0.0,0.0,0.0,0.0
240847,2025-10-23T01:00:00.000000000,1.046,0.596,0.0,0.0,0.0,0.0
240847,2025-10-23T02:00:00.000000000,1.0350000000000001,0.586,0.0,0.0,0.0,0.0
240847,2025-10-23T03:00:00.000000000,1.0310000000000001,0.586,0.0,0.0,0.0,0.0
240847,2025-10-23T04:00:00.000000000,1.058,0.613,0.0,0.0,0.0,0.0
240847,2025-10-23T05:00:00.000000000,1.088,0.639,0.0,0.0,0.0,0.0
240847,2025-10-23T06:00:00.000000000,1.393,0.6699999999999999,0.0,0.0,0.0,0.0
240847,2025-10-23T07:00:00.000000000,1.762,0.648,0.0,0.0,0.0,0.0
240847,2025-10-23T08:00:00.000000000,1.777,0.66,0.0,0.0,0.0,0.0
240847,2025-10-23T09:00:00.000000000,1.7309999999999999,0.608,0.0,0.0,0.0,0.0
240847,2025-10-23T10:00:00.000000000,1.5299999999999998,0.586,0.0,0.0,0.0,0.0
240847,2025-10-23T11:00:00.000000000,0.8380000000000001,0.38700000000000007,0.0,0.0,0.0,0.0
240847,2025-10-23T12:00:00.000000000,0.633,0.18,0.0,0.0,0.0,0.0
240847,2025-10-23T13:00:00.000000000,0.676,0.11399999999999999,0.0,0.0,0.0,0.0
240847,2025-10-23T14:00:00.000000000,1.075,0.181,0.0,0.0,0.0,0.0
240847,2025-10-23T15:00:00.000000000,0.908,0.161,0.0,0.0,0.0,0.0
240847,2025-10-23T16:00:00.000000000,0.7619999999999999,0.275,0.0,0.0,0.0,0.0
240847,2025-10-23T17:00:00.000000000,0.854,0.375,0.0,0.0,0.0,0.0
240847,2025-10-23T18:00:00.000000000,1.031,0.45299999999999996,0.0,0.0,0.0,0.0
240847,2025-10-23T19:00:00.000000000,2.9589999999999996,0.319,0.0,0.0,0.0,0.0
240847,2025-10-23T20:00:00.000000000,1.4500000000000002,0.6150000000000001,0.0,0.0,0.0,0.0
240847,2025-10-23T21:00:00.000000000,1.495,0.778,0.0,0.0,0.0,0.0
240847,2025-10-23T22:00:00.000000000,1.714,0.953,0.0,0.0,0.0,0.0
240847,2025-10-23T23:00:00.000000000,1.795,1.005,0.0,0.0,0.0,0.0
240847,2025-10-24T00:00:00.000000000,1.52,1.068,0.0,0.0,0.0,0.0
240847,2025-10-24T01:00:00.000000000,1.54,1.088,0.0,0.0,0.0,0.0
240847,2025-10-24T02:00:00.000000000,1.564,1.116,0.0,0.0,0.0,0.0
240847,2025-10-24T03:00:00.000000000,1.607,1.159,0.0,0.0,0.0,0.0
240847,2025-10-24T04:00:00.000000000,1.6869999999999998,1.242,0.0,0.0,0.0,0.0
240847,2025-10-24T05:00:00.000000000,1.988,1.5380000000000003,0.0,0.0,0.0,0.0
240847,2025-10-24T06:00:00.000000000,2.274,1.432,0.0,0.0,0.0,0.0
240847,2025-10-24T07:00:00.000000000,2.301,1.202,0.0,0.0,0.0,0.0
240847,2025-10-24T08:00:00.000000000,1.826,1.033,0.0,0.0,0.0,0.0
240847,2025-10-24T09:00:00.000000000,1.888,0.767,0.0,0.0,0.0,0.0
240847,2025-10-24T10:00:00.000000000,1.683,0.5630000000000001,0.0,0.0,0.0,0.0
240847,2025-10-24T11:00:00.000000000,1.034,0.271,0.0,0.0,0.0,0.0
240847,2025-10-24T12:00:00.000000000,0.539,0.087,0.0,0.0,0.0,0.0
240847,2025-10-24T13:00:00.000000000,0.452,0.0,0.0,0.0,0.0,0.0
240847,2025-10-24T14:00:00.000000000,0.561,0.0,0.0,0.0,0.0,0.0
240847,2025-10-24T15:00:00.000000000,0.89,0.0,0.0,0.0,0.0,0.0
240847,2025-10-24T16:00:00.000000000,0.501,0.014,0.0,0.0,0.0,0.0
240847,2025-10-24T17:00:00.000000000,0.71,0.127,0.0,0.0,0.0,0.0
240847,2025-10-24T18:00:00.000000000,1.131,0.23199999999999998,0.0,0.0,0.0,0.0
240847,2025-10-24T19:00:00.000000000,1.3090000000000002,0.427,0.0,0.0,0.0,0.0
240847,2025-10-24T20:00:00.000000000,1.439,0.6020000000000001,0.0,0.0,0.0,0.0
240847,2025-10-24T21:00:00.000000000,1.4729999999999999,0.754,0.0,0.0,0.0,0.0
240847,2025-10-24T22:00:00.000000000,1.5390000000000001,0.946,0.0,0.0,0.0,0.0
240847,2025-10-24T23:00:00.000000000,1.505,1.041,0.0,0.0,0.0,0.0
240847,2025-10-25T00:00:00.000000000,1.5530000000000002,1.0990000000000002,0.0,0.0,0.0,0.0
240847,2025-10-25T01:00:00.000000000,1.6150000000000002,1.162,0.0,0.0,0.0,0.0
240847,2025-10-25T02:00:00.000000000,1.72,1.2690000000000001,0.0,0.0,0.0,0.0
240847,2025-10-25T03:00:00.000000000,1.8719999999999999,1.4229999999999998,0.0,0.0,0.0,0.0
240847,2025-10-25T04:00:00.000000000,1.916,1.468,0.0,0.0,0.0,0.0
240847,2025-10-25T05:00:00.000000000,2.375,1.5580000000000003,0.0,0.0,0.0,0.0
240847,2025-10-25T06:00:00.000000000,2.065,1.612,0.0,0.0,0.0,0.0
240847,2025-10-25T07:00:00.000000000,1.854,1.341,0.0,0.0,0.0,0.0
240847,2025-10-25T08:00:00.000000000,1.654,1.2,0.0,0.0,0.0,0.0
240847,2025-10-25T09:00:00.000000000,1.483,1.0310000000000001,0.0,0.0,0.0,0.0
240847,2025-10-25T10:00:00.000000000,1.272,0.821,0.0,0.0,0.0,0.0
240847,2025-10-25T11:00:00.000000000,0.977,0.525,0.0,0.0,0.0,0.0
240847,2025-10-25T12:00:00.000000000,0.665,0.212,0.0,0.0,0.0,0.0
240847,2025-10-25T13:00:00.000000000,1.24,0.028,0.0,0.0,0.0,0.0
240847,2025-10-25T14:00:00.000000000,0.574,0.0,0.0,0.0,0.0,0.0
240847,2025-10-25T15:00:00.000000000,0.802,0.0,0.0,0.0,0.0,0.0
240847,2025-10-25T16:00:00.000000000,0.818,0.038,0.0,0.0,0.0,0.0
240847,2025-10-25T17:00:00.000000000,0.819,0.341,0.0,0.0,0.0,0.0
240847,2025-10-25T18:00:00.000000000,1.795,0.56,0.0,0.0,0.0,0.0
240847,2025-10-25T19:00:00.000000000,2.182,0.9550000000000001,0.0,0.0,0.0,0.0
240847,2025-10-25T20:00:00.000000000,2.028,1.1909999999999998,0.0,0.0,0.0,0.0
240847,2025-10-25T21:00:00.000000000,2.1100000000000003,1.3900000000000001,0.0,0.0,0.0,0.0
240847,2025-10-25T22:00:00.000000000,2.201,1.661,0.0,0.0,0.0,0.0
240847,2025-10-25T23:00:00.000000000,2.5730000000000004,1.6649999999999998,0.0,0.0,0.0,0.0
240847,2025-10-26T00:00:00.000000000,2.2100000000000004,1.712,0.0,0.0,0.0,0.0
240847,2025-10-26T01:00:00.000000000,2.303,1.8450000000000002,0.0,0.0,0.0,0.0
240847,2025-10-26T02:00:00.000000000,2.311,1.8550000000000002,0.0,0.0,0.0,0.0
240847,2025-10-26T03:00:00.000000000,2.358,1.9,0.0,0.0,0.0,0.0
240847,2025-10-26T04:00:00.000000000,2.509,2.037,0.0,0.0,0.0,0.0
240847,2025-10-26T05:00:00.000000000,2.517,1.5190000000000001,0.0,0.0,0.0,0.0
240847,2025-10-26T06:00:00.000000000,2.271,1.1760000000000002,0.0,0.0,0.0,0.0
240847,2025-10-26T07:00:00.000000000,1.825,0.9259999999999999,0.0,0.0,0.0,0.0
240847,2025-10-26T08:00:00.000000000,1.613,0.7140000000000001,0.0,0.0,0.0,0.0
240847,2025-10-26T09:00:00.000000000,1.484,0.54,0.0,0.0,0.0,0.0
240847,2025-10-26T10:00:00.000000000,0.825,0.374,0.0,0.0,0.0,0.0
240847,2025-10-26T11:00:00.000000000,0.562,0.11,0.0,0.0,0.0,0.0
240847,2025-10-26T12:00:00.000000000,0.452,0.0,0.0,0.0,0.0,0.0
240847,2025-10-26T13:00:00.000000000,0.895,0.0,0.0,0.0,0.0,0.0
240847,2025-10-26T14:00:00.000000000,0.483,0.0,0.0,0.0,0.0,0.0
240847,2025-10-26T15:00:00.000000000,0.455,0.0,0.0,0.0,0.0,0.0
240847,2025-10-26T16:00:00.000000000,0.486,0.0,0.0,0.0,0.0,0.0
240847,2025-10-26T17:00:00.000000000,0.478,0.0,0.0,0.0,0.0,0.0
240847,2025-10-26T18:00:00.000000000,1.4089999999999998,0.03,0.0,0.0,0.0,0.0
240847,2025-10-26T19:00:00.000000000,1.0310000000000001,0.14900000000000002,0.0,0.0,0.0,0.0
240847,2025-10-26T20:00:00.000000000,1.04,0.205,0.0,0.0,0.0,0.0
240847,2025-10-26T21:00:00.000000000,0.843,0.29000000000000004,0.0,0.0,0.0,0.0
240847,2025-10-26T22:00:00.000000000,0.905,0.423,0.0,0.0,0.0,0.0
240847,2025-10-26T23:00:00.000000000,0.9299999999999999,0.46799999999999997,0.0,0.0,0.0,0.0
240847,2025-10-27T00:00:00.000000000,0.967,0.515,0.0,0.0,0.0,0.0
240847,2025-10-27T01:00:00.000000000,1.058,0.6080000000000001,0.0,0.0,0.0,0.0
240847,2025-10-27T02:00:00.000000000,1.566,0.7489999999999999,0.0,0.0,0.0,0.0
240847,2025-10-27T03:00:00.000000000,1.298,0.851,0.0,0.0,0.0,0.0
240847,2025-10-27T04:00:00.000000000,1.774,0.9239999999999999,0.0,0.0,0.0,0.0
240847,2025-10-27T05:00:00.000000000,1.776,1.014,0.0,0.0,0.0,0.0
240847,2025-10-27T06:00:00.000000000,1.722,1.069,0.0,0.0,0.0,0.0
240847,2025-10-27T07:00:00.000000000,1.6029999999999998,0.9189999999999999,0.0,0.0,0.0,0.0
240847,2025-10-27T08:00:00.000000000,1.417,0.7330000000000001,0.0,0.0,0.0,0.0
240847,2025-10-27T09:00:00.000000000,1.238,0.56,0.0,0.0,0.0,0.0
240847,2025-10-27T10:00:00.000000000,1.0010000000000001,0.32,0.0,0.0,0.0,0.0
240847,2025-10-27T11:00:00.000000000,0.7610000000000001,0.07100000000000001,0.0,0.0,0.0,0.0
240847,2025-10-27T12:00:00.000000000,0.692,0.0,0.0,0.0,0.0,0.0
240847,2025-10-27T13:00:00.000000000,1.031,0.0,0.0,0.0,0.0,0.0
240847,2025-10-27T14:00:00.000000000,0.746,0.0,0.0,0.0,0.0,0.0
240847,2025-10-27T15:00:00.000000000,0.738,0.0,0.0,0.0,0.0,0.0
240847,2025-10-27T16:00:00.000000000,0.835,0.0,0.0,0.0,0.0,0.0
240847,2025-10-27T17:00:00.000000000,0.995,0.11,0.0,0.0,0.0,0.0
240847,2025-10-27T18:00:00.000000000,10.596,1.224,0.0,0.0,0.0,0.0
240847,2025-10-27T19:00:00.000000000,4.067,0.383,0.0,0.0,0.0,0.0
240847,2025-10-27T20:00:00.000000000,3.1769999999999996,0.39,0.0,0.0,0.0,0.0
240847,2025-10-27T21:00:00.000000000,1.329,0.7739999999999999,0.0,0.0,0.0,0.0
240847,2025-10-27T22:00:00.000000000,1.5100000000000002,1.03,0.0,0.0,0.0,0.0
240847,2025-10-27T23:00:00.000000000,1.538,1.076,0.0,0.0,0.0,0.0
240847,2025-10-28T00:00:00.000000000,1.773,1.32,0.0,0.0,0.0,0.0
240847,2025-10-28T01:00:00.000000000,1.745,1.293,0.0,0.0,0.0,0.0
240847,2025-10-28T02:00:00.000000000,1.6769999999999998,1.226,0.0,0.0,0.0,0.0
240847,2025-10-28T03:00:00.000000000,1.67,1.223,0.0,0.0,0.0,0.0
240847,2025-10-28T04:00:00.000000000,2.015,1.23,0.0,0.0,0.0,0.0
240847,2025-10-28T05:00:00.000000000,1.914,1.4160000000000001,0.0,0.0,0.0,0.0
240847,2025-10-28T06:00:00.000000000,2.073,1.6179999999999999,0.0,0.0,0.0,0.0
240847,2025-10-28T07:00:00.000000000,2.709,1.492,0.0,0.0,0.0,0.0
240847,2025-10-28T08:00:00.000000000,1.918,1.233,0.0,0.0,0.0,0.0
240847,2025-10-28T09:00:00.000000000,2.665,0.915,0.0,0.0,0.0,0.0
240847,2025-10-28T10:00:00.000000000,11.64,1.452,0.0,0.0,0.0,0.0
240847,2025-10-28T11:00:00.000000000,4.595,0.498,0.0,0.0,0.0,0.0
240847,2025-10-28T12:00:00.000000000,0.766,0.0,0.0,0.0,0.0,0.0
240847,2025-10-28T13:00:00.000000000,0.686,0.0,0.0,0.0,0.0,0.0
240847,2025-10-28T14:00:00.000000000,0.702,0.0,0.0,0.0,0.0,0.0
240847,2025-10-28T15:00:00.000000000,1.0699999999999998,0.0,0.0,0.0,0.0,0.0
240847,2025-10-28T16:00:00.000000000,1.0590000000000002,0.062,0.0,0.0,0.0,0.0
240847,2025-10-28T17:00:00.000000000,1.088,0.202,0.0,0.0,0.0,0.0
240847,2025-10-28T18:00:00.000000000,2.348,0.279,0.0,0.0,0.0,0.0
240847,2025-10-28T19:00:00.000000000,1.427,0.545,0.0,0.0,0.0,0.0
240847,2025-10-28T20:00:00.000000000,1.5499999999999998,0.7150000000000001,0.0,0.0,0.0,0.0
240847,2025-10-28T21:00:00.000000000,1.509,0.7909999999999999,0.0,0.0,0.0,0.0
240847,2025-10-28T22:00:00.000000000,1.521,0.928,0.0,0.0,0.0,0.0
240847,2025-10-28T23:00:00.000000000,1.443,0.983,0.0,0.0,0.0,0.0
240847,2025-10-29T00:00:00.000000000,1.702,0.912,0.0,0.0,0.0,0.0
240847,2025-10-29T01:00:00.000000000,1.4489999999999998,0.935,0.0,0.0,0.0,0.0
240847,2025-10-29T02:00:00.000000000,1.386,0.9380000000000001,0.0,0.0,0.0,0.0
240847,2025-10-29T03:00:00.000000000,1.398,0.95,0.0,0.0,0.0,0.0
240847,2025-10-29T04:00:00.000000000,1.409,0.963,0.0,0.0,0.0,0.0
240847,2025-10-29T05:00:00.000000000,1.4219999999999997,0.974,0.0,0.0,0.0,0.0
240847,2025-10-29T06:00:00.000000000,1.912,0.961,0.0,0.0,0.0,0.0
240847,2025-10-29T07:00:00.000000000,1.767,0.849,0.0,0.0,0.0,0.0
240847,2025-10-29T08:00:00.000000000,1.158,0.706,0.0,0.0,0.0,0.0
240847,2025-10-29T09:00:00.000000000,1.065,0.501,0.0,0.0,0.0,0.0
240847,2025-10-29T10:00:00.000000000,1.3760000000000001,0.25599999999999995,0.0,0.0,0.0,0.0
240847,2025-10-29T11:00:00.000000000,0.749,0.028999999999999998,0.0,0.0,0.0,0.0
240847,2025-10-29T12:00:00.000000000,0.452,0.0,0.0,0.0,0.0,0.0
240847,2025-10-29T13:00:00.000000000,0.46900000000000003,0.0,0.0,0.017,0.0,0.0
240847,2025-10-29T14:00:00.000000000,0.533,0.0,0.0,0.081,0.0,0.0
240847,2025-10-29T15:00:00.000000000,0.532,0.0,0.0,0.076,0.0,0.0
240847,2025-10-29T16:00:00.000000000,0.974,0.0,0.0,0.006,0.0,0.0
240847,2025-10-29T17:00:00.000000000,1.083,0.0,0.0,0.0,0.0,0.0
240847,2025-10-29T18:00:00.000000000,0.899,0.0,0.0,0.0,0.0,0.0
240847,2025-10-29T19:00:00.000000000,0.9589999999999999,0.178,0.0,0.0,0.0,0.0
240847,2025-10-29T20:00:00.000000000,1.701,0.418,0.0,0.0,0.0,0.0
240847,2025-10-29T21:00:00.000000000,2.404,0.6499999999999999,0.0,0.0,0.0,0.0
240847,2025-10-29T22:00:00.000000000,2.017,1.052,0.0,0.0,0.0,0.0
240847,2025-10-29T23:00:00.000000000,2.259,1.342,0.0,0.0,0.0,0.0
240847,2025-10-30T00:00:00.000000000,1.911,1.432,0.0,0.0,0.0,0.0
240847,2025-10-30T01:00:00.000000000,1.948,1.496,0.0,0.0,0.0,0.0
240847,2025-10-30T02:00:00.000000000,2.011,1.56,0.0,0.0,0.0,0.0
240847,2025-10-30T03:00:00.000000000,2.0570000000000004,1.608,0.0,0.0,0.0,0.0
240847,2025-10-30T04:00:00.000000000,2.1109999999999998,1.662,0.0,0.0,0.0,0.0
240847,2025-10-30T05:00:00.000000000,2.215,1.7610000000000001,0.0,0.0,0.0,0.0
240847,2025-10-30T06:00:00.000000000,2.305,1.846,0.0,0.0,0.0,0.0
240847,2025-10-30T07:00:00.000000000,2.032,1.5759999999999998,0.0,0.0,0.0,0.0
240847,2025-10-30T08:00:00.000000000,1.4980000000000002,1.044,0.0,0.0,0.0,0.0
240847,2025-10-30T09:00:00.000000000,1.21,0.76,0.0,0.0,0.0,0.0
240847,2025-10-30T10:00:00.000000000,1.046,0.596,0.0,0.0,0.0,0.0
240847,2025-10-30T11:00:00.000000000,0.9139999999999999,0.45999999999999996,0.0,0.0,0.0,0.0
240847,2025-10-30T12:00:00.000000000,0.859,0.407,0.0,0.0,0.0,0.0
240847,2025-10-30T13:00:00.000000000,0.7989999999999999,0.34500000000000003,0.0,0.0,0.0,0.0
240847,2025-10-30T14:00:00.000000000,0.531,0.08,0.0,0.0,0.0,0.0
240847,2025-10-30T15:00:00.000000000,0.85,0.027999999999999997,0.0,0.0,0.0,0.0
240847,2025-10-30T16:00:00.000000000,0.659,0.173,0.0,0.0,0.0,0.0
240847,2025-10-30T17:00:00.000000000,0.71,0.233,0.0,0.0,0.0,0.0
240847,2025-10-30T18:00:00.000000000,1.483,0.269,0.0,0.0,0.0,0.0
240847,2025-10-30T19:00:00.000000000,1.447,0.332,0.0,0.0,0.0,0.0
240847,2025-10-30T20:00:00.000000000,1.262,0.428,0.0,0.0,0.0,0.0
240847,2025-10-30T21:00:00.000000000,1.093,0.537,0.0,0.0,0.0,0.0
240847,2025-10-30T22:00:00.000000000,1.2630000000000001,0.6699999999999999,0.0,0.0,0.0,0.0
240847,2025-10-30T23:00:00.000000000,1.496,0.589,0.0,0.0,0.0,0.0
240847,2025-10-31T00:00:00.000000000,1.3,0.545,0.0,0.0,0.0,0.0
240847,2025-10-31T01:00:00.000000000,0.943,0.492,0.0,0.0,0.0,0.0
240847,2025-10-31T02:00:00.000000000,0.923,0.474,0.0,0.0,0.0,0.0
240847,2025-10-31T03:00:00.000000000,0.921,0.476,0.0,0.0,0.0,0.0
240847,2025-10-31T04:00:00.000000000,0.942,0.497,0.0,0.0,0.0,0.0
240847,2025-10-31T05:00:00.000000000,1.444,0.472,0.0,0.0,0.0,0.0
240847,2025-10-31T06:00:00.000000000,10.688,0.767,0.0,0.0,0.0,0.0
240847,2025-10-31T07:00:00.000000000,1.672,0.388,0.0,0.0,0.0,0.0
240847,2025-10-31T08:00:00.000000000,0.7649999999999999,0.313,0.0,0.0,0.0,0.0
240847,2025-10-31T09:00:00.000000000,0.708,0.257,0.0,0.0,0.0,0.0
240847,2025-10-31T10:00:00.000000000,0.9640000000000001,0.186,0.0,0.0,0.0,0.0
240847,2025-10-31T11:00:00.000000000,0.74,0.07300000000000001,0.0,0.0,0.0,0.0
240847,2025-10-31T12:00:00.000000000,0.452,0.0,0.0,0.0,0.0,0.0
240847,2025-10-31T13:00:00.000000000,0.452,0.0,0.0,0.0,0.0,0.0
240847,2025-10-31T14:00:00.000000000,0.452,0.0,0.0,0.0,0.0,0.0
240847,2025-10-31T15:00:00.000000000,0.455,0.0,0.0,0.0,0.0,0.0
240847,2025-10-31T16:00:00.000000000,0.5950000000000001,0.109,0.0,0.0,0.0,0.0
240847,2025-10-31T17:00:00.000000000,0.6900000000000001,0.121,0.0,0.0,0.0,0.0
240847,2025-10-31T18:00:00.000000000,0.647,0.178,0.0,0.0,0.0,0.0
240847,2025-10-31T19:00:00.000000000,0.688,0.218,0.0,0.0,0.0,0.0
240847,2025-10-31T20:00:00.000000000,0.9520000000000001,0.219,0.0,0.0,0.0,0.0
240847,2025-10-31T21:00:00.000000000,0.956,0.24,0.0,0.0,0.0,0.0
240847,2025-10-31T22:00:00.000000000,0.8859999999999999,0.35,0.0,0.0,0.0,0.0
240847,2025-10-31T23:00:00.000000000,0.837,0.375,0.0,0.0,0.0,0.0
240847,2025-11-01T00:00:00.000000000,1.094,0.41,0.0,0.0,0.0,0.0
240847,2025-11-01T01:00:00.000000000,1.0190000000000001,0.46,0.0,0.0,0.0,0.0
240847,2025-11-01T02:00:00.000000000,0.959,0.51,0.0,0.0,0.0,0.0
240847,2025-11-01T03:00:00.000000000,1.006,0.561,0.0,0.0,0.0,0.0
240847,2025-11-01T04:00:00.000000000,1.094,0.649,0.0,0.0,0.0,0.0
240847,2025-11-01T05:00:00.000000000,1.272,0.823,0.0,0.0,0.0,0.0
240847,2025-11-01T06:00:00.000000000,1.544,0.926,0.0,0.0,0.0,0.0
240847,2025-11-01T07:00:00.000000000,1.9939999999999998,0.8640000000000001,0.0,0.0,0.0,0.0
240847,2025-11-01T08:00:00.000000000,1.762,0.615,0.0,0.0,0.0,0.0
240847,2025-11-01T09:00:00.000000000,1.1110000000000002,0.375,0.0,0.0,0.0,0.0
240847,2025-11-01T10:00:00.000000000,1.171,0.162,0.0,0.0,0.0,0.0
240847,2025-11-01T11:00:00.000000000,0.941,0.0,0.0,0.0,0.0,0.0
240847,2025-11-01T12:00:00.000000000,0.8580000000000001,0.0,0.0,0.0,0.0,0.0
240847,2025-11-01T13:00:00.000000000,0.472,0.0,0.0,0.02,0.0,0.0
240847,2025-11-01T14:00:00.000000000,0.544,0.0,0.0,0.093,0.0,0.0
240847,2025-11-01T15:00:00.000000000,0.535,0.0,0.0,0.08,0.0,0.0
240847,2025-11-01T16:00:00.000000000,0.486,0.0,0.0,0.0,0.0,0.0
240847,2025-11-01T17:00:00.000000000,0.478,0.0,0.0,0.0,0.0,0.0
240847,2025-11-01T18:00:00.000000000,0.55,0.08,0.0,0.0,0.0,0.0
240847,2025-11-01T19:00:00.000000000,1.052,0.323,0.0,0.0,0.0,0.0
240847,2025-11-01T20:00:00.000000000,1.73,0.511,0.0,0.0,0.0,0.0
240847,2025-11-01T21:00:00.000000000,2.0989999999999998,0.727,0.0,0.0,0.0,0.0
240847,2025-11-01T22:00:00.000000000,1.751,1.2690000000000001,0.0,0.0,0.0,0.0
240847,2025-11-01T23:00:00.000000000,1.786,1.3219999999999998,0.0,0.0,0.0,0.0
240847,2025-11-02T00:00:00.000000000,1.8679999999999999,1.413,0.0,0.0,0.0,0.0
240847,2025-11-02T01:00:00.000000000,1.996,1.5430000000000001,0.0,0.0,0.0,0.0
240847,2025-11-02T02:00:00.000000000,2.047,1.5950000000000002,0.0,0.0,0.0,0.0
240847,2025-11-02T03:00:00.000000000,2.075,1.6260000000000001,0.0,0.0,0.0,0.0
240847,2025-11-02T04:00:00.000000000,2.088,1.64,0.0,0.0,0.0,0.0
240847,2025-11-02T05:00:00.000000000,2.088,1.638,0.0,0.0,0.0,0.0
240847,2025-11-02T06:00:00.000000000,2.3280000000000003,1.332,0.0,0.0,0.0,0.0
240847,2025-11-02T07:00:00.000000000,8.378,1.3210000000000002,0.0,0.0,0.0,0.0
240847,2025-11-02T08:00:00.000000000,2.8009999999999997,0.7110000000000001,0.0,0.0,0.0,0.0
240847,2025-11-02T09:00:00.000000000,1.467,0.45299999999999996,0.0,0.0,0.0,0.0
240847,2025-11-02T10:00:00.000000000,1.2409999999999999,0.272,0.0,0.0,0.0,0.0
240847,2025-11-02T11:00:00.000000000,0.592,0.141,0.0,0.0,0.0,0.0
240847,2025-11-02T12:00:00.000000000,0.491,0.039,0.0,0.0,0.0,0.0
240847,2025-11-02T13:00:00.000000000,0.697,0.024,0.0,0.0,0.0,0.0
240847,2025-11-02T14:00:00.000000000,1.1849999999999998,0.015,0.0,0.0,0.0,0.0
240847,2025-11-02T15:00:00.000000000,1.054,0.002,0.0,0.0,0.0,0.0
240847,2025-11-02T16:00:00.000000000,0.5850000000000001,0.099,0.0,0.0,0.0,0.0
240847,2025-11-02T17:00:00.000000000,0.633,0.156,0.0,0.0,0.0,0.0
240847,2025-11-02T18:00:00.000000000,1.3860000000000001,0.154,0.0,0.0,0.0,0.0
240847,2025-11-02T19:00:00.000000000,1.408,0.162,0.0,0.0,0.0,0.0
240847,2025-11-02T20:00:00.000000000,0.955,0.184,0.0,0.0,0.0,0.0
240847,2025-11-02T21:00:00.000000000,1.092,0.179,0.0,0.0,0.0,0.0
240847,2025-11-02T22:00:00.000000000,1.32,0.264,0.0,0.0,0.0,0.0
240847,2025-11-02T23:00:00.000000000,1.103,0.24,0.0,0.0,0.0,0.0
240847,2025-11-03T00:00:00.000000000,0.684,0.23199999999999998,0.0,0.0,0.0,0.0
240847,2025-11-03T01:00:00.000000000,0.6779999999999999,0.229,0.0,0.0,0.0,0.0
240847,2025-11-03T02:00:00.000000000,0.6969999999999998,0.25,0.0,0.0,0.0,0.0
240847,2025-11-03T03:00:00.000000000,0.6859999999999999,0.239,0.0,0.0,0.0,0.0
240847,2025-11-03T04:00:00.000000000,0.6989999999999998,0.255,0.0,0.0,0.0,0.0
240847,2025-11-03T05:00:00.000000000,0.724,0.277,0.0,0.0,0.0,0.0
240847,2025-11-03T06:00:00.000000000,0.8069999999999999,0.301,0.0,0.0,0.0,0.0
240847,2025-11-03T07:00:00.000000000,0.943,0.257,0.0,0.0,0.0,0.0
240847,2025-11-03T08:00:00.000000000,0.885,0.196,0.0,0.0,0.0,0.0
240847,2025-11-03T09:00:00.000000000,0.808,0.124,0.0,0.0,0.0,0.0
240847,2025-11-03T10:00:00.000000000,0.7430000000000001,0.057,0.0,0.0,0.0,0.0
240847,2025-11-03T11:00:00.000000000,1.165,0.01,0.0,0.0,0.0,0.0
240847,2025-11-03T12:00:00.000000000,0.758,0.0,0.0,0.0,0.0,0.0
240847,2025-11-03T13:00:00.000000000,0.694,0.0,0.0,0.0,0.0,0.0
240847,2025-11-03T14:00:00.000000000,0.7249999999999999,0.0,0.0,0.0,0.0,0.0
240847,2025-11-03T15:00:00.000000000,0.79,0.0,0.0,0.0,0.0,0.0
240847,2025-11-03T16:00:00.000000000,1.44,0.198,0.0,0.0,0.0,0.0
240847,2025-11-03T17:00:00.000000000,1.654,0.387,0.0,0.0,0.0,0.0
240847,2025-11-03T18:00:00.000000000,1.7530000000000001,0.521,0.0,0.0,0.0,0.0
240847,2025-11-03T19:00:00.000000000,1.664,0.663,0.0,0.0,0.0,0.0
240847,2025-11-03T20:00:00.000000000,1.5290000000000001,0.83,0.0,0.0,0.0,0.0
240847,2025-11-03T21:00:00.000000000,1.383,0.917,0.0,0.0,0.0,0.0
240847,2025-11-03T22:00:00.000000000,1.522,1.041,0.0,0.0,0.0,0.0
240847,2025-11-03T23:00:00.000000000,1.5030000000000001,1.041,0.0,0.0,0.0,0.0
240847,2025-11-04T00:00:00.000000000,1.528,1.0750000000000002,0.0,0.0,0.0,0.0
240847,2025-11-04T01:00:00.000000000,1.608,1.156,0.0,0.0,0.0,0.0
240847,2025-11-04T02:00:00.000000000,1.673,1.2249999999999999,0.0,0.0,0.0,0.0
240847,2025-11-04T03:00:00.000000000,1.74,1.286,0.0,0.0,0.0,0.0
240847,2025-11-04T04:00:00.000000000,1.8,1.3519999999999999,0.0,0.0,0.0,0.0
240847,2025-11-04T05:00:00.000000000,1.8860000000000001,1.4369999999999998,0.0,0.0,0.0,0.0
240847,2025-11-04T06:00:00.000000000,2.0629999999999997,1.495,0.0,0.0,0.0,0.0
240847,2025-11-04T07:00:00.000000000,2.2369999999999997,1.36,0.0,0.0,0.0,0.0
240847,2025-11-04T08:00:00.000000000,1.889,1.198,0.0,0.0,0.0,0.0
240847,2025-11-04T09:00:00.000000000,1.734,1.049,0.0,0.0,0.0,0.0
240847,2025-11-04T10:00:00.000000000,1.5550000000000002,0.867,0.0,0.0,0.0,0.0
240847,2025-11-04T11:00:00.000000000,1.653,0.564,0.0,0.0,0.0,0.0
240847,2025-11-04T12:00:00.000000000,1.23,0.29700000000000004,0.0,0.0,0.0,0.0
240847,2025-11-04T13:00:00.000000000,0.9279999999999999,0.234,0.0,0.0,0.0,0.0
240847,2025-11-04T14:00:00.000000000,1.228,0.06,0.0,0.0,0.0,0.0
240847,2025-11-04T15:00:00.000000000,1.23,0.155,0.0,0.0,0.0,0.0
240847,2025-11-04T16:00:00.000000000,2.753,0.28,0.0,0.0,0.0,0.0
240847,2025-11-04T17:00:00.000000000,3.549,0.252,0.0,0.0,0.0,0.0
240847,2025-11-04T18:00:00.000000000,3.6020000000000003,0.34400000000000003,0.0,0.0,0.0,0.0
240847,2025-11-04T19:00:00.000000000,3.729,0.545,0.0,0.0,0.0,0.0
240847,2025-11-04T20:00:00.000000000,2.2439999999999998,0.97,0.0,0.0,0.0,0.0
240847,2025-11-04T21:00:00.000000000,2.146,1.069,0.0,0.0,0.0,0.0
240847,2025-11-04T22:00:00.000000000,1.8920000000000001,1.1929999999999998,0.0,0.0,0.0,0.0
240847,2025-11-04T23:00:00.000000000,1.732,1.2690000000000001,0.0,0.0,0.0,0.0
240847,2025-11-05T00:00:00.000000000,1.854,1.4,0.0,0.0,0.0,0.0
240847,2025-11-05T01:00:00.000000000,1.792,1.341,0.0,0.0,0.0,0.0
240847,2025-11-05T02:00:00.000000000,1.7730000000000001,1.324,0.0,0.0,0.0,0.0
240847,2025-11-05T03:00:00.000000000,1.896,1.448,0.0,0.0,0.0,0.0
240847,2025-11-05T04:00:00.000000000,1.972,1.492,0.0,0.0,0.0,0.0
240847,2025-11-05T05:00:00.000000000,2.144,1.5759999999999998,0.0,0.0,0.0,0.0
240847,2025-11-05T06:00:00.000000000,2.451,1.578,0.0,0.0,0.0,0.0
240847,2025-11-05T07:00:00.000000000,2.456,1.329,0.0,0.0,0.0,0.0
240847,2025-11-05T08:00:00.000000000,1.869,1.062,0.0,0.0,0.0,0.0
240847,2025-11-05T09:00:00.000000000,1.251,0.7989999999999999,0.0,0.0,0.0,0.0
240847,2025-11-05T10:00:00.000000000,0.969,0.518,0.0,0.0,0.0,0.0
240847,2025-11-05T11:00:00.000000000,0.6920000000000001,0.241,0.0,0.0,0.0,0.0
240847,2025-11-05T12:00:00.000000000,0.545,0.094,0.0,0.0,0.0,0.0
240847,2025-11-05T13:00:00.000000000,2.218,0.023,0.0,0.0,0.0,0.0
240847,2025-11-05T14:00:00.000000000,1.717,0.015,0.0,0.0,0.0,0.0
240847,2025-11-05T15:00:00.000000000,0.854,0.064,0.0,0.0,0.0,0.0
240847,2025-11-05T16:00:00.000000000,1.1099999999999999,0.2,0.0,0.0,0.0,0.0
240847,2025-11-05T17:00:00.000000000,1.222,0.269,0.0,0.0,0.0,0.0
240847,2025-11-05T18:00:00.000000000,1.58,0.32699999999999996,0.0,0.0,0.0,0.0
240847,2025-11-05T19:00:00.000000000,1.334,0.415,0.0,0.0,0.0,0.0
240847,2025-11-05T20:00:00.000000000,1.238,0.467,0.0,0.0,0.0,0.0
240847,2025-11-05T21:00:00.000000000,1.144,0.501,0.0,0.0,0.0,0.0
240847,2025-11-05T22:00:00.000000000,1.064,0.5830000000000001,0.0,0.0,0.0,0.0
240847,2025-11-05T23:00:00.000000000,1.016,0.556,0.0,0.0,0.0,0.0
240847,2025-11-06T00:00:00.000000000,1.004,0.551,0.0,0.0,0.0,0.0
240847,2025-11-06T01:00:00.000000000,1.013,0.5640000000000001,0.0,0.0,0.0,0.0
240847,2025-11-06T02:00:00.000000000,1.028,0.579,0.0,0.0,0.0,0.0
240847,2025-11-06T03:00:00.000000000,1.036,0.587,0.0,0.0,0.0,0.0
240847,2025-11-06T04:00:00.000000000,1.069,0.624,0.0,0.0,0.0,0.0
240847,2025-11-06T05:00:00.000000000,1.096,0.65,0.0,0.0,0.0,0.0
240847,2025-11-06T06:00:00.000000000,1.494,0.6799999999999999,0.0,0.0,0.0,0.0
240847,2025-11-06T07:00:00.000000000,1.099,0.648,0.0,0.0,0.0,0.0
240847,2025-11-06T08:00:00.000000000,1.016,0.504,0.0,0.0,0.0,0.0
240847,2025-11-06T09:00:00.000000000,2.9130000000000003,0.13499999999999998,0.0,0.0,0.0,0.0
240847,2025-11-06T10:00:00.000000000,1.0010000000000001,0.16,0.0,0.0,0.0,0.0
240847,2025-11-06T11:00:00.000000000,0.477,0.029,0.0,0.0,0.0,0.0
240847,2025-11-06T12:00:00.000000000,0.451,0.0,0.0,0.0,0.0,0.0
240847,2025-11-06T13:00:00.000000000,0.906,0.0,0.0,0.0,0.0,0.0
240847,2025-11-06T14:00:00.000000000,0.46399999999999997,0.0,0.0,0.0,0.0,0.0
240847,2025-11-06T15:00:00.000000000,0.449,0.0,0.0,0.0,0.0,0.0
240847,2025-11-06T16:00:00.000000000,0.454,0.0,0.0,0.0,0.0,0.0
240847,2025-11-06T17:00:00.000000000,0.486,0.0,0.0,0.0,0.0,0.0
240847,2025-11-06T18:00:00.000000000,0.496,0.018,0.0,0.0,0.0,0.0
240847,2025-11-06T19:00:00.000000000,1.016,0.218,0.0,0.0,0.0,0.0
240847,2025-11-06T20:00:00.000000000,1.37,0.28400000000000003,0.0,0.0,0.0,0.0
240847,2025-11-06T21:00:00.000000000,1.163,0.39199999999999996,0.0,0.0,0.0,0.0
240847,2025-11-06T22:00:00.000000000,1.2570000000000001,0.561,0.0,0.0,0.0,0.0
240847,2025-11-06T23:00:00.000000000,1.343,0.8079999999999999,0.0,0.0,0.0,0.0
240847,2025-11-07T00:00:00.000000000,1.3559999999999999,0.894,0.0,0.0,0.0,0.0
240847,2025-11-07T01:00:00.000000000,1.3949999999999998,0.9430000000000001,0.0,0.0,0.0,0.0
240847,2025-11-07T02:00:00.000000000,1.434,0.984,0.0,0.0,0.0,0.0
240847,2025-11-07T03:00:00.000000000,1.467,1.018,0.0,0.0,0.0,0.0
240847,2025-11-07T04:00:00.000000000,1.5030000000000001,1.056,0.0,0.0,0.0,0.0
240847,2025-11-07T05:00:00.000000000,1.899,1.112,0.0,0.0,0.0,0.0
240847,2025-11-07T06:00:00.000000000,1.9560000000000002,1.142,0.0,0.0,0.0,0.0
240847,2025-11-07T07:00:00.000000000,1.847,1.192,0.0,0.0,0.0,0.0
240847,2025-11-07T08:00:00.000000000,2.052,1.148,0.0,0.0,0.0,0.0
240847,2025-11-07T09:00:00.000000000,1.854,1.0510000000000002,0.0,0.0,0.0,0.0
240847,2025-11-07T10:00:00.000000000,1.389,0.939,0.0,0.0,0.0,0.0
240847,2025-11-07T11:00:00.000000000,1.534,0.757,0.0,0.0,0.0,0.0
240847,2025-11-07T12:00:00.000000000,1.342,0.607,0.0,0.0,0.0,0.0
240847,2025-11-07T13:00:00.000000000,0.989,0.535,0.0,0.0,0.0,0.0
240847,2025-11-07T14:00:00.000000000,0.956,0.504,0.0,0.0,0.0,0.0
240847,2025-11-07T15:00:00.000000000,1.02,0.5690000000000001,0.0,0.0,0.0,0.0
240847,2025-11-07T16:00:00.000000000,1.231,0.7739999999999999,0.0,0.0,0.0,0.0
240847,2025-11-07T17:00:00.000000000,1.587,1.0999999999999999,0.0,0.0,0.0,0.0
240847,2025-11-07T18:00:00.000000000,1.76,1.281,0.0,0.0,0.0,0.0
240847,2025-11-07T19:00:00.000000000,2.217,1.3,0.0,0.0,0.0,0.0
240847,2025-11-07T20:00:00.000000000,2.246,1.406,0.0,0.0,0.0,0.0
240847,2025-11-07T21:00:00.000000000,2.323,1.55,0.0,0.0,0.0,0.0
240847,2025-11-07T22:00:00.000000000,2.445,1.6360000000000001,0.0,0.0,0.0,0.0
240847,2025-11-07T23:00:00.000000000,2.936,1.8769999999999998,0.0,0.0,0.0,0.0
240847,2025-11-08T00:00:00.000000000,2.5189999999999997,1.841,0.0,0.0,0.0,0.0
240847,2025-11-08T01:00:00.000000000,2.303,1.847,0.0,0.0,0.0,0.0
240847,2025-11-08T02:00:00.000000000,2.367,1.912,0.0,0.0,0.0,0.0
240847,2025-11-08T03:00:00.000000000,2.487,2.028,0.0,0.0,0.0,0.0
240847,2025-11-08T04:00:00.000000000,2.613,2.152,0.0,0.0,0.0,0.0
240847,2025-11-08T05:00:00.000000000,2.736,2.272,0.0,0.0,0.0,0.0
240847,2025-11-08T06:00:00.000000000,2.771,2.27,0.0,0.0,0.0,0.0
240847,2025-11-08T07:00:00.000000000,2.573,2.1100000000000003,0.0,0.0,0.0,0.0
240847,2025-11-08T08:00:00.000000000,2.26,1.804,0.0,0.0,0.0,0.0
240847,2025-11-08T09:00:00.000000000,2.101,1.6469999999999998,0.0,0.0,0.0,0.0
240847,2025-11-08T10:00:00.000000000,2.1029999999999998,1.427,0.0,0.0,0.0,0.0
240847,2025-11-08T11:00:00.000000000,1.789,1.101,0.0,0.0,0.0,0.0
240847,2025-11-08T12:00:00.000000000,1.226,0.773,0.0,0.0,0.0,0.0
240847,2025-11-08T13:00:00.000000000,1.0430000000000001,0.591,0.0,0.0,0.0,0.0
240847,2025-11-08T14:00:00.000000000,1.006,0.552,0.0,0.0,0.0,0.0
240847,2025-11-08T15:00:00.000000000,1.1680000000000001,0.717,0.0,0.0,0.0,0.0
240847,2025-11-08T16:00:00.000000000,1.447,0.991,0.0,0.0,0.0,0.0
240847,2025-11-08T17:00:00.000000000,1.866,1.3780000000000001,0.0,0.0,0.0,0.0
240847,2025-11-08T18:00:00.000000000,2.1210000000000004,1.64,0.0,0.0,0.0,0.0
240847,2025-11-08T19:00:00.000000000,2.229,1.7570000000000001,0.0,0.0,0.0,0.0
240847,2025-11-08T20:00:00.000000000,2.515,2.035,0.0,0.0,0.0,0.0
240847,2025-11-08T21:00:00.000000000,2.7710000000000004,2.2809999999999997,0.0,0.0,0.0,0.0
240847,2025-11-08T22:00:00.000000000,2.8099999999999996,2.322,0.0,0.0,0.0,0.0
240847,2025-11-08T23:00:00.000000000,3.115,2.6020000000000003,0.0,0.0,0.0,0.0
240847,2025-11-09T00:00:00.000000000,2.9909999999999997,2.501,0.0,0.0,0.0,0.0
240847,2025-11-09T01:00:00.000000000,3.025,2.323,0.0,0.0,0.0,0.0
240847,2025-11-09T02:00:00.000000000,2.891,2.26,0.0,0.0,0.0,0.0
240847,2025-11-09T03:00:00.000000000,2.565,2.1020000000000003,0.0,0.0,0.0,0.0
240847,2025-11-09T04:00:00.000000000,2.446,1.989,0.0,0.0,0.0,0.0
240847,2025-11-09T05:00:00.000000000,2.466,2.009,0.0,0.0,0.0,0.0
240847,2025-11-09T06:00:00.000000000,2.397,1.9060000000000001,0.0,0.0,0.0,0.0
240847,2025-11-09T07:00:00.000000000,2.6229999999999998,1.748,0.0,0.0,0.0,0.0
240847,2025-11-09T08:00:00.000000000,2.535,1.468,0.0,0.0,0.0,0.0
240847,2025-11-09T09:00:00.000000000,1.901,1.2109999999999999,0.0,0.0,0.0,0.0
240847,2025-11-09T10:00:00.000000000,1.798,1.006,0.0,0.0,0.0,0.0
240847,2025-11-09T11:00:00.000000000,1.7319999999999998,0.8049999999999999,0.0,0.0,0.0,0.0
240847,2025-11-09T12:00:00.000000000,1.4449999999999998,0.563,0.0,0.0,0.0,0.0
240847,2025-11-09T13:00:00.000000000,1.02,0.46699999999999997,0.0,0.0,0.0,0.0
240847,2025-11-09T14:00:00.000000000,0.867,0.414,0.0,0.0,0.0,0.0
240847,2025-11-09T15:00:00.000000000,0.888,0.436,0.0,0.0,0.0,0.0
240847,2025-11-09T16:00:00.000000000,0.96,0.505,0.0,0.0,0.0,0.0
240847,2025-11-09T17:00:00.000000000,1.1,0.6130000000000001,0.0,0.0,0.0,0.0
240847,2025-11-09T18:00:00.000000000,1.2970000000000002,0.5850000000000001,0.0,0.0,0.0,0.0
240847,2025-11-09T19:00:00.000000000,1.078,0.609,0.0,0.0,0.0,0.0
240847,2025-11-09T20:00:00.000000000,1.157,0.6,0.0,0.0,0.0,0.0
240847,2025-11-09T21:00:00.000000000,1.354,0.5730000000000001,0.0,0.0,0.0,0.0
240847,2025-11-09T22:00:00.000000000,1.228,0.58,0.0,0.0,0.0,0.0
240847,2025-11-09T23:00:00.000000000,1.111,0.631,0.0,0.0,0.0,0.0
240847,2025-11-10T00:00:00.000000000,1.0710000000000002,0.609,0.0,0.0,0.0,0.0
240847,2025-11-10T01:00:00.000000000,1.0310000000000001,0.572,0.0,0.0,0.0,0.0
240847,2025-11-10T02:00:00.000000000,1.0310000000000001,0.582,0.0,0.0,0.0,0.0
240847,2025-11-10T03:00:00.000000000,1.0310000000000001,0.583,0.0,0.0,0.0,0.0
240847,2025-11-10T04:00:00.000000000,1.012,0.567,0.0,0.0,0.0,0.0
240847,2025-11-10T05:00:00.000000000,1.01,0.5640000000000001,0.0,0.0,0.0,0.0
240847,2025-11-10T06:00:00.000000000,1.017,0.568,0.0,0.0,0.0,0.0
240847,2025-11-10T07:00:00.000000000,0.969,0.517,0.0,0.0,0.0,0.0
240847,2025-11-10T08:00:00.000000000,0.859,0.406,0.0,0.0,0.0,0.0
240847,2025-11-10T09:00:00.000000000,1.1749999999999998,0.27,0.0,0.0,0.0,0.0
240847,2025-11-10T10:00:00.000000000,1.006,0.097,0.0,0.0,0.0,0.0
240847,2025-11-10T11:00:00.000000000,1.456,0.0,0.0,0.0,0.0,0.0
240847,2025-11-10T12:00:00.000000000,1.3960000000000001,0.0,0.0,0.0,0.0,0.0
240847,2025-11-10T13:00:00.000000000,0.7490000000000001,0.0,0.0,0.05,0.0,0.0
240847,2025-11-10T14:00:00.000000000,0.9610000000000001,0.0,0.0,0.05,0.0,0.0
240847,2025-11-10T15:00:00.000000000,1.15,0.0,0.0,0.0,0.0,0.0
240847,2025-11-10T16:00:00.000000000,1.227,0.0,0.0,0.0,0.0,0.0
240847,2025-11-10T17:00:00.000000000,1.354,0.0,0.0,0.0,0.0,0.0
240847,2025-11-10T18:00:00.000000000,1.173,0.0,0.0,0.0,0.0,0.0
240847,2025-11-10T19:00:00.000000000,0.9139999999999999,0.0,0.0,0.0,0.0,0.0
240847,2025-11-10T20:00:00.000000000,0.837,0.0,0.0,0.0,0.0,0.0
240847,2025-11-10T21:00:00.000000000,1.094,0.0,0.0,0.0,0.0,0.0
240847,2025-11-10T22:00:00.000000000,0.8700000000000001,0.01,0.0,0.0,0.0,0.0
240847,2025-11-10T23:00:00.000000000,0.6360000000000001,0.157,0.0,0.0,0.0,0.0
240847,2025-11-11T00:00:00.000000000,0.848,0.388,0.0,0.0,0.0,0.0
240847,2025-11-11T01:00:00.000000000,1.126,0.675,0.0,0.0,0.0,0.0
240847,2025-11-11T02:00:00.000000000,1.2879999999999998,0.837,0.0,0.0,0.0,0.0
240847,2025-11-11T03:00:00.000000000,1.544,1.095,0.0,0.0,0.0,0.0
240847,2025-11-11T04:00:00.000000000,1.656,1.208,0.0,0.0,0.0,0.0
240847,2025-11-11T05:00:00.000000000,1.748,1.302,0.0,0.0,0.0,0.0
240847,2025-11-11T06:00:00.000000000,1.9500000000000002,1.499,0.0,0.0,0.0,0.0
240847,2025-11-11T07:00:00.000000000,1.971,1.5180000000000002,0.0,0.0,0.0,0.0
240847,2025-11-11T08:00:00.000000000,1.914,1.458,0.0,0.0,0.0,0.0
240847,2025-11-11T09:00:00.000000000,2.437,1.386,0.0,0.0,0.0,0.0
240847,2025-11-11T10:00:00.000000000,2.355,1.4,0.0,0.0,0.0,0.0
240847,2025-11-11T11:00:00.000000000,2.244,1.43,0.0,0.0,0.0,0.0
240847,2025-11-11T12:00:00.000000000,2.093,1.395,0.0,0.0,0.0,0.0
240847,2025-11-11T13:00:00.000000000,1.874,1.173,0.0,0.0,0.0,0.0
240847,2025-11-11T14:00:00.000000000,1.629,0.9329999999999999,0.0,0.0,0.0,0.0
240847,2025-11-11T15:00:00.000000000,1.638,0.91,0.0,0.0,0.0,0.0
240847,2025-11-11T16:00:00.000000000,1.809,1.106,0.0,0.0,0.0,0.0
240847,2025-11-11T17:00:00.000000000,3.719,1.221,0.0,0.0,0.0,0.0
240847,2025-11-11T18:00:00.000000000,2.485,1.463,0.0,0.0,0.0,0.0
240847,2025-11-11T19:00:00.000000000,2.88,1.716,0.0,0.0,0.0,0.0
240847,2025-11-11T20:00:00.000000000,11.850999999999999,4.135,0.0,0.0,0.0,0.0
240847,2025-11-11T21:00:00.000000000,8.208,3.463,0.0,0.0,0.0,0.0
240847,2025-11-11T22:00:00.000000000,2.738,2.032,0.0,0.0,0.0,0.0
240847,2025-11-11T23:00:00.000000000,3.0700000000000003,2.457,0.0,0.0,0.0,0.0
240847,2025-11-12T00:00:00.000000000,2.843,2.3609999999999998,0.0,0.0,0.0,0.0
240847,2025-11-12T01:00:00.000000000,2.756,2.2869999999999995,0.0,0.0,0.0,0.0
240847,2025-11-12T02:00:00.000000000,2.832,2.36,0.0,0.0,0.0,0.0
240847,2025-11-12T03:00:00.000000000,3.043,2.463,0.0,0.0,0.0,0.0
240847,2025-11-12T04:00:00.000000000,3.431,2.517,0.0,0.0,0.0,0.0
240847,2025-11-12T05:00:00.000000000,3.1029999999999998,2.412,0.0,0.0,0.0,0.0
240847,2025-11-12T06:00:00.000000000,3.076,2.4829999999999997,0.0,0.0,0.0,0.0
240847,2025-11-12T07:00:00.000000000,3.025,2.512,0.0,0.0,0.0,0.0
240847,2025-11-12T08:00:00.000000000,2.65,2.182,0.0,0.0,0.0,0.0
240847,2025-11-12T09:00:00.000000000,2.628,1.742,0.0,0.0,0.0,0.0
240847,2025-11-12T10:00:00.000000000,2.018,1.479,0.0,0.0,0.0,0.0
240847,2025-11-12T11:00:00.000000000,1.613,1.161,0.0,0.0,0.0,0.0
240847,2025-11-12T12:00:00.000000000,1.253,0.8,0.0,0.0,0.0,0.0
240847,2025-11-12T13:00:00.000000000,1.5310000000000001,0.644,0.0,0.0,0.0,0.0
240847,2025-11-12T14:00:00.000000000,1.178,0.6779999999999999,0.0,0.0,0.0,0.0
240847,2025-11-12T15:00:00.000000000,1.2009999999999998,0.75,0.0,0.0,0.0,0.0
240847,2025-11-12T16:00:00.000000000,1.335,0.879,0.0,0.0,0.0,0.0
240847,2025-11-12T17:00:00.000000000,1.58,1.092,0.0,0.0,0.0,0.0
240847,2025-11-12T18:00:00.000000000,2.3499999999999996,1.003,0.0,0.0,0.0,0.0
240847,2025-11-12T19:00:00.000000000,1.919,1.001,0.0,0.0,0.0,0.0
240847,2025-11-12T20:00:00.000000000,1.868,1.0270000000000001,0.0,0.0,0.0,0.0
240847,2025-11-12T21:00:00.000000000,1.81,1.038,0.0,0.0,0.0,0.0
240847,2025-11-12T22:00:00.000000000,1.766,1.07,0.0,0.0,0.0,0.0
240847,2025-11-12T23:00:00.000000000,1.756,1.221,0.0,0.0,0.0,0.0
240847,2025-11-13T00:00:00.000000000,1.6480000000000001,1.185,0.0,0.0,0.0,0.0
240847,2025-11-13T01:00:00.000000000,1.729,1.165,0.0,0.0,0.0,0.0
240847,2025-11-13T02:00:00.000000000,1.899,1.174,0.0,0.0,0.0,0.0
240847,2025-11-13T03:00:00.000000000,1.63,1.18,0.0,0.0,0.0,0.0
240847,2025-11-13T04:00:00.000000000,1.631,1.184,0.0,0.0,0.0,0.0
240847,2025-11-13T05:00:00.000000000,1.63,1.186,0.0,0.0,0.0,0.0
240847,2025-11-13T06:00:00.000000000,1.617,1.1689999999999998,0.0,0.0,0.0,0.0
240847,2025-11-13T07:00:00.000000000,1.571,1.119,0.0,0.0,0.0,0.0
240847,2025-11-13T08:00:00.000000000,1.5430000000000001,1.03,0.0,0.0,0.0,0.0
240847,2025-11-13T09:00:00.000000000,1.408,0.895,0.0,0.0,0.0,0.0
240847,2025-11-13T10:00:00.000000000,1.115,0.663,0.0,0.0,0.0,0.0
240847,2025-11-13T11:00:00.000000000,0.8479999999999999,0.39999999999999997,0.0,0.0,0.0,0.0
240847,2025-11-13T12:00:00.000000000,0.854,0.186,0.0,0.0,0.0,0.0
240847,2025-11-13T13:00:00.000000000,1.052,0.17200000000000001,0.0,0.0,0.0,0.0
240847,2025-11-13T14:00:00.000000000,0.9609999999999999,0.24,0.0,0.0,0.0,0.0
240847,2025-11-13T15:00:00.000000000,0.738,0.28700000000000003,0.0,0.0,0.0,0.0
240847,2025-11-13T16:00:00.000000000,0.874,0.419,0.0,0.0,0.0,0.0
240847,2025-11-13T17:00:00.000000000,1.183,0.6970000000000001,0.0,0.0,0.0,0.0
240847,2025-11-13T18:00:00.000000000,1.251,0.774,0.0,0.0,0.0,0.0
240847,2025-11-13T19:00:00.000000000,1.278,0.8069999999999999,0.0,0.0,0.0,0.0
240847,2025-11-13T20:00:00.000000000,1.412,0.854,0.0,0.0,0.0,0.0
240847,2025-11-13T21:00:00.000000000,1.666,0.894,0.0,0.0,0.0,0.0
240847,2025-11-13T22:00:00.000000000,1.744,1.046,0.0,0.0,0.0,0.0
240847,2025-11-13T23:00:00.000000000,2.015,1.5310000000000001,0.0,0.0,0.0,0.0
240847,2025-11-14T00:00:00.000000000,2.149,1.5740000000000003,0.0,0.0,0.0,0.0
240847,2025-11-14T01:00:00.000000000,2.425,1.592,0.0,0.0,0.0,0.0
240847,2025-11-14T02:00:00.000000000,2.125,1.673,0.0,0.0,0.0,0.0
240847,2025-11-14T03:00:00.000000000,2.2359999999999998,1.781,0.0,0.0,0.0,0.0
240847,2025-11-14T04:00:00.000000000,2.3139999999999996,1.86,0.0,0.0,0.0,0.0
240847,2025-11-14T05:00:00.000000000,2.3089999999999997,1.856,0.0,0.0,0.0,0.0
240847,2025-11-14T06:00:00.000000000,2.262,1.808,0.0,0.0,0.0,0.0
240847,2025-11-14T07:00:00.000000000,2.015,1.395,0.0,0.0,0.0,0.0
240847,2025-11-14T08:00:00.000000000,1.521,1.069,0.0,0.0,0.0,0.0
240847,2025-11-14T09:00:00.000000000,1.378,0.9239999999999999,0.0,0.0,0.0,0.0
240847,2025-11-14T10:00:00.000000000,1.216,0.7650000000000001,0.0,0.0,0.0,0.0
240847,2025-11-14T11:00:00.000000000,1.54,0.65,0.0,0.0,0.0,0.0
240847,2025-11-14T12:00:00.000000000,1.21,0.497,0.0,0.0,0.0,0.0
240847,2025-11-14T13:00:00.000000000,0.912,0.46,0.0,0.0,0.0,0.0
240847,2025-11-14T14:00:00.000000000,0.916,0.464,0.0,0.0,0.0,0.0
240847,2025-11-14T15:00:00.000000000,0.922,0.47,0.0,0.0,0.0,0.0
240847,2025-11-14T16:00:00.000000000,0.952,0.497,0.0,0.0,0.0,0.0
240847,2025-11-14T17:00:00.000000000,1.0510000000000002,0.5650000000000001,0.0,0.0,0.0,0.0
240847,2025-11-14T18:00:00.000000000,1.2730000000000001,0.531,0.0,0.0,0.0,0.0
240847,2025-11-14T19:00:00.000000000,2.0210000000000004,0.547,0.0,0.0,0.0,0.0
240847,2025-11-14T20:00:00.000000000,1.35,0.7769999999999999,0.0,0.0,0.0,0.0
240847,2025-11-14T21:00:00.000000000,1.396,0.925,0.0,0.0,0.0,0.0
240847,2025-11-14T22:00:00.000000000,1.9240000000000002,0.964,0.0,0.0,0.0,0.0
240847,2025-11-14T23:00:00.000000000,1.86,1.114,0.0,0.0,0.0,0.0
240847,2025-11-15T00:00:00.000000000,1.621,1.158,0.0,0.0,0.0,0.0
240847,2025-11-15T01:00:00.000000000,1.658,1.2049999999999998,0.0,0.0,0.0,0.0
240847,2025-11-15T02:00:00.000000000,1.708,1.2570000000000001,0.0,0.0,0.0,0.0
240847,2025-11-15T03:00:00.000000000,1.847,1.3969999999999998,0.0,0.0,0.0,0.0
240847,2025-11-15T04:00:00.000000000,1.988,1.54,0.0,0.0,0.0,0.0
240847,2025-11-15T05:00:00.000000000,2.002,1.555,0.0,0.0,0.0,0.0
240847,2025-11-15T06:00:00.000000000,2.049,1.598,0.0,0.0,0.0,0.0
240847,2025-11-15T07:00:00.000000000,2.091,1.638,0.0,0.0,0.0,0.0
240847,2025-11-15T08:00:00.000000000,1.98,1.4659999999999997,0.0,0.0,0.0,0.0
240847,2025-11-15T09:00:00.000000000,1.7890000000000001,1.3339999999999999,0.0,0.0,0.0,0.0
240847,2025-11-15T10:00:00.000000000,1.842,1.166,0.0,0.0,0.0,0.0
240847,2025-11-15T11:00:00.000000000,1.583,0.974,0.0,0.0,0.0,0.0
240847,2025-11-15T12:00:00.000000000,1.251,0.798,0.0,0.0,0.0,0.0
240847,2025-11-15T13:00:00.000000000,1.2249999999999999,0.772,0.0,0.0,0.0,0.0
240847,2025-11-15T14:00:00.000000000,1.246,0.7930000000000001,0.0,0.0,0.0,0.0
240847,2025-11-15T15:00:00.000000000,1.34,0.888,0.0,0.0,0.0,0.0
240847,2025-11-15T16:00:00.000000000,1.5310000000000001,1.074,0.0,0.0,0.0,0.0
240847,2025-11-15T17:00:00.000000000,1.8679999999999999,1.38,0.0,0.0,0.0,0.0
240847,2025-11-15T18:00:00.000000000,1.924,1.446,0.0,0.0,0.0,0.0
240847,2025-11-15T19:00:00.000000000,2.376,1.46,0.0,0.0,0.0,0.0
240847,2025-11-15T20:00:00.000000000,2.378,1.536,0.0,0.0,0.0,0.0
240847,2025-11-15T21:00:00.000000000,2.241,1.6099999999999999,0.0,0.0,0.0,0.0
240847,2025-11-15T22:00:00.000000000,2.2479999999999998,1.668,0.0,0.0,0.0,0.0
240847,2025-11-15T23:00:00.000000000,2.768,1.842,0.0,0.0,0.0,0.0
240847,2025-11-16T00:00:00.000000000,2.527,1.8470000000000002,0.0,0.0,0.0,0.0
240847,2025-11-16T01:00:00.000000000,2.2809999999999997,1.828,0.0,0.0,0.0,0.0
240847,2025-11-16T02:00:00.000000000,2.351,1.897,0.0,0.0,0.0,0.0
240847,2025-11-16T03:00:00.000000000,2.501,2.043,0.0,0.0,0.0,0.0
240847,2025-11-16T04:00:00.000000000,2.552,2.095,0.0,0.0,0.0,0.0
240847,2025-11-16T05:00:00.000000000,2.967,2.108,0.0,0.0,0.0,0.0
240847,2025-11-16T06:00:00.000000000,2.896,2.198,0.0,0.0,0.0,0.0
240847,2025-11-16T07:00:00.000000000,3.0540000000000003,2.21,0.0,0.0,0.0,0.0
240847,2025-11-16T08:00:00.000000000,3.1590000000000003,2.0410000000000004,0.0,0.0,0.0,0.0
240847,2025-11-16T09:00:00.000000000,2.875,1.7530000000000001,0.0,0.0,0.0,0.0
240847,2025-11-16T10:00:00.000000000,2.31,1.548,0.0,0.0,0.0,0.0
240847,2025-11-16T11:00:00.000000000,1.867,1.415,0.0,0.0,0.0,0.0
240847,2025-11-16T12:00:00.000000000,1.798,1.343,0.0,0.0,0.0,0.0
240847,2025-11-16T13:00:00.000000000,1.85,1.395,0.0,0.0,0.0,0.0
240847,2025-11-16T14:00:00.000000000,2.0020000000000002,1.4260000000000002,0.0,0.0,0.0,0.0
240847,2025-11-16T15:00:00.000000000,1.9609999999999999,1.508,0.0,0.0,0.0,0.0
240847,2025-11-16T16:00:00.000000000,2.0300000000000002,1.572,0.0,0.0,0.0,0.0
240847,2025-11-16T17:00:00.000000000,2.326,1.7280000000000002,0.0,0.0,0.0,0.0
240847,2025-11-16T18:00:00.000000000,3.4690000000000003,1.6269999999999998,0.0,0.0,0.0,0.0
240847,2025-11-16T19:00:00.000000000,2.569,1.651,0.0,0.0,0.0,0.0
240847,2025-11-16T20:00:00.000000000,2.526,1.685,0.0,0.0,0.0,0.0
240847,2025-11-16T21:00:00.000000000,2.536,1.7610000000000001,0.0,0.0,0.0,0.0
240847,2025-11-16T22:00:00.000000000,2.5010000000000003,1.854,0.0,0.0,0.0,0.0
240847,2025-11-16T23:00:00.000000000,2.676,2.076,0.0,0.0,0.0,0.0
240847,2025-11-17T00:00:00.000000000,2.801,1.9779999999999998,0.0,0.0,0.0,0.0
240847,2025-11-17T01:00:00.000000000,2.372,1.917,0.0,0.0,0.0,0.0
240847,2025-11-17T02:00:00.000000000,2.317,1.864,0.0,0.0,0.0,0.0
240847,2025-11-17T03:00:00.000000000,2.312,1.86,0.0,0.0,0.0,0.0
240847,2025-11-17T04:00:00.000000000,2.393,1.941,0.0,0.0,0.0,0.0
240847,2025-11-17T05:00:00.000000000,2.487,2.032,0.0,0.0,0.0,0.0
240847,2025-11-17T06:00:00.000000000,2.589,2.1290000000000004,0.0,0.0,0.0,0.0
240847,2025-11-17T07:00:00.000000000,7.193,2.9290000000000003,0.0,0.0,0.0,0.0
240847,2025-11-17T08:00:00.000000000,4.897,2.21,0.0,0.0,0.0,0.0
240847,2025-11-17T09:00:00.000000000,2.877,1.759,0.0,0.0,0.0,0.0
240847,2025-11-17T10:00:00.000000000,2.631,1.5190000000000001,0.0,0.0,0.0,0.0
240847,2025-11-17T11:00:00.000000000,1.896,1.208,0.0,0.0,0.0,0.0
240847,2025-11-17T12:00:00.000000000,1.5699999999999998,0.871,0.0,0.0,0.0,0.0
240847,2025-11-17T13:00:00.000000000,1.334,0.634,0.0,0.0,0.0,0.0
240847,2025-11-17T14:00:00.000000000,1.292,0.596,0.0,0.0,0.0,0.0
240847,2025-11-17T15:00:00.000000000,1.424,0.6970000000000001,0.0,0.0,0.0,0.0
240847,2025-11-17T16:00:00.000000000,2.161,0.941,0.0,0.0,0.0,0.0
240847,2025-11-17T17:00:00.000000000,2.2510000000000003,1.279,0.0,0.0,0.0,0.0
240847,2025-11-17T18:00:00.000000000,2.343,1.389,0.0,0.0,0.0,0.0
240847,2025-11-17T19:00:00.000000000,2.4829999999999997,1.565,0.0,0.0,0.0,0.0
240847,2025-11-17T20:00:00.000000000,2.652,1.81,0.0,0.0,0.0,0.0
240847,2025-11-17T21:00:00.000000000,2.584,1.8110000000000002,0.0,0.0,0.0,0.0
240847,2025-11-17T22:00:00.000000000,2.4539999999999997,1.81,0.0,0.0,0.0,0.0
240847,2025-11-17T23:00:00.000000000,2.468,1.9789999999999999,0.0,0.0,0.0,0.0
240847,2025-11-18T00:00:00.000000000,2.4770000000000003,1.904,0.0,0.0,0.0,0.0
240847,2025-11-18T01:00:00.000000000,2.828,1.933,0.0,0.0,0.0,0.0
240847,2025-11-18T02:00:00.000000000,2.699,2.199,0.0,0.0,0.0,0.0
240847,2025-11-18T03:00:00.000000000,2.9010000000000002,2.428,0.0,0.0,0.0,0.0
240847,2025-11-18T04:00:00.000000000,2.84,2.3739999999999997,0.0,0.0,0.0,0.0
240847,2025-11-18T05:00:00.000000000,2.647,2.1870000000000003,0.0,0.0,0.0,0.0
240847,2025-11-18T06:00:00.000000000,2.4050000000000002,1.9499999999999997,0.0,0.0,0.0,0.0
240847,2025-11-18T07:00:00.000000000,2.2849999999999997,1.829,0.0,0.0,0.0,0.0
240847,2025-11-18T08:00:00.000000000,2.272,1.639,0.0,0.0,0.0,0.0
240847,2025-11-18T09:00:00.000000000,2.13,1.44,0.0,0.0,0.0,0.0
240847,2025-11-18T10:00:00.000000000,1.8479999999999999,1.163,0.0,0.0,0.0,0.0
240847,2025-11-18T11:00:00.000000000,1.977,0.869,0.0,0.0,0.0,0.0
240847,2025-11-18T12:00:00.000000000,1.6309999999999998,0.513,0.0,0.0,0.0,0.0
240847,2025-11-18T13:00:00.000000000,1.181,0.272,0.0,0.0,0.0,0.0
240847,2025-11-18T14:00:00.000000000,0.904,0.209,0.0,0.0,0.0,0.0
240847,2025-11-18T15:00:00.000000000,1.039,0.31300000000000006,0.0,0.0,0.0,0.0
240847,2025-11-18T16:00:00.000000000,1.314,0.525,0.0,0.0,0.0,0.0
240847,2025-11-18T17:00:00.000000000,1.7239999999999998,0.813,0.0,0.0,0.0,0.0
240847,2025-11-18T18:00:00.000000000,2.182,1.119,0.0,0.0,0.0,0.0
240847,2025-11-18T19:00:00.000000000,2.747,1.404,0.0,0.0,0.0,0.0
240847,2025-11-18T20:00:00.000000000,2.897,1.6380000000000001,0.0,0.0,0.0,0.0
240847,2025-11-18T21:00:00.000000000,2.859,1.7870000000000001,0.0,0.0,0.0,0.0
240847,2025-11-18T22:00:00.000000000,2.543,1.995,0.0,0.0,0.0,0.0
240847,2025-11-18T23:00:00.000000000,2.877,2.372,0.0,0.0,0.0,0.0
240847,2025-11-19T00:00:00.000000000,2.732,2.2510000000000003,0.0,0.0,0.0,0.0
240847,2025-11-19T01:00:00.000000000,2.677,2.206,0.0,0.0,0.0,0.0
240847,2025-11-19T02:00:00.000000000,2.768,2.296,0.0,0.0,0.0,0.0
240847,2025-11-19T03:00:00.000000000,2.827,2.355,0.0,0.0,0.0,0.0
240847,2025-11-19T04:00:00.000000000,2.786,2.317,0.0,0.0,0.0,0.0
240847,2025-11-19T05:00:00.000000000,2.561,2.1,0.0,0.0,0.0,0.0
240847,2025-11-19T06:00:00.000000000,2.827,2.011,0.0,0.0,0.0,0.0
240847,2025-11-19T07:00:00.000000000,2.9139999999999997,1.834,0.0,0.0,0.0,0.0
240847,2025-11-19T08:00:00.000000000,2.578,1.4709999999999999,0.0,0.0,0.0,0.0
240847,2025-11-19T09:00:00.000000000,2.311,1.205,0.0,0.0,0.0,0.0
240847,2025-11-19T10:00:00.000000000,2.048,0.949,0.0,0.0,0.0,0.0
240847,2025-11-19T11:00:00.000000000,1.674,0.573,0.0,0.0,0.0,0.0
240847,2025-11-19T12:00:00.000000000,1.153,0.282,0.0,0.0,0.0,0.0
240847,2025-11-19T13:00:00.000000000,0.507,0.055,0.0,0.0,0.0,0.0
240847,2025-11-19T14:00:00.000000000,0.512,0.0,0.0,0.0,0.0,0.0
240847,2025-11-19T15:00:00.000000000,0.581,0.0,0.0,0.0,0.0,0.0
240847,2025-11-19T16:00:00.000000000,0.671,0.128,0.0,0.0,0.0,0.0
240847,2025-11-19T17:00:00.000000000,1.605,0.383,0.0,0.0,0.0,0.0
240847,2025-11-19T18:00:00.000000000,1.303,0.5630000000000001,0.0,0.0,0.0,0.0
240847,2025-11-19T19:00:00.000000000,1.256,0.7859999999999999,0.0,0.0,0.0,0.0
240847,2025-11-19T20:00:00.000000000,1.7,0.967,0.0,0.0,0.0,0.0
240847,2025-11-19T21:00:00.000000000,1.799,1.0270000000000001,0.0,0.0,0.0,0.0
240847,2025-11-19T22:00:00.000000000,2.3369999999999997,0.919,0.0,0.0,0.0,0.0
240847,2025-11-19T23:00:00.000000000,1.968,0.836,0.0,0.0,0.0,0.0
240847,2025-11-20T00:00:00.000000000,1.759,0.7910000000000001,0.0,0.0,0.0,0.0
240847,2025-11-20T01:00:00.000000000,1.363,0.716,0.0,0.0,0.0,0.0
240847,2025-11-20T02:00:00.000000000,1.127,0.678,0.0,0.0,0.0,0.0
240847,2025-11-20T03:00:00.000000000,1.1589999999999998,0.712,0.0,0.0,0.0,0.0
240847,2025-11-20T04:00:00.000000000,1.2919999999999998,0.7429999999999999,0.0,0.0,0.0,0.0
240847,2025-11-20T05:00:00.000000000,1.692,0.824,0.0,0.0,0.0,0.0
240847,2025-11-20T06:00:00.000000000,1.581,0.945,0.0,0.0,0.0,0.0
240847,2025-11-20T07:00:00.000000000,1.4529999999999998,0.798,0.0,0.0,0.0,0.0
240847,2025-11-20T08:00:00.000000000,1.248,0.62,0.0,0.0,0.0,0.0
240847,2025-11-20T09:00:00.000000000,0.9099999999999999,0.45699999999999996,0.0,0.0,0.0,0.0
240847,2025-11-20T10:00:00.000000000,0.8030000000000002,0.35200000000000004,0.0,0.0,0.0,0.0
240847,2025-11-20T11:00:00.000000000,1.153,0.275,0.0,0.0,0.0,0.0
240847,2025-11-20T12:00:00.000000000,0.947,0.063,0.0,0.0,0.0,0.0
240847,2025-11-20T13:00:00.000000000,0.623,0.0,0.0,0.0,0.0,0.0
240847,2025-11-20T14:00:00.000000000,0.452,0.0,0.0,0.0,0.0,0.0
240847,2025-11-20T15:00:00.000000000,0.449,0.0,0.0,0.0,0.0,0.0
240847,2025-11-20T16:00:00.000000000,0.482,0.027999999999999997,0.0,0.0,0.0,0.0
240847,2025-11-20T17:00:00.000000000,0.667,0.181,0.0,0.0,0.0,0.0
240847,2025-11-20T18:00:00.000000000,0.698,0.22,0.0,0.0,0.0,0.0
240847,2025-11-20T19:00:00.000000000,0.76,0.29100000000000004,0.0,0.0,0.0,0.0
240847,2025-11-20T20:00:00.000000000,1.0310000000000001,0.3,0.0,0.0,0.0,0.0
240847,2025-11-20T21:00:00.000000000,1.4170000000000003,0.32399999999999995,0.0,0.0,0.0,0.0
240847,2025-11-20T22:00:00.000000000,1.363,0.311,0.0,0.0,0.0,0.0
240847,2025-11-20T23:00:00.000000000,0.979,0.417,0.0,0.0,0.0,0.0
240847,2025-11-21T00:00:00.000000000,0.9329999999999999,0.471,0.0,0.0,0.0,0.0
240847,2025-11-21T01:00:00.000000000,0.918,0.46699999999999997,0.0,0.0,0.0,0.0
240847,2025-11-21T02:00:00.000000000,1.047,0.49,0.0,0.0,0.0,0.0
240847,2025-11-21T03:00:00.000000000,1.291,0.49,0.0,0.0,0.0,0.0
240847,2025-11-21T04:00:00.000000000,0.988,0.543,0.0,0.0,0.0,0.0
240847,2025-11-21T05:00:00.000000000,1.098,0.653,0.0,0.0,0.0,0.0
240847,2025-11-21T06:00:00.000000000,1.2610000000000001,0.8119999999999999,0.0,0.0,0.0,0.0
240847,2025-11-21T07:00:00.000000000,1.45,0.831,0.0,0.0,0.0,0.0
240847,2025-11-21T08:00:00.000000000,1.365,0.677,0.0,0.0,0.0,0.0
240847,2025-11-21T09:00:00.000000000,1.1669999999999998,0.478,0.0,0.0,0.0,0.0
240847,2025-11-21T10:00:00.000000000,0.962,0.27799999999999997,0.0,0.0,0.0,0.0
240847,2025-11-21T11:00:00.000000000,0.722,0.095,0.0,0.0,0.0,0.0
240847,2025-11-21T12:00:00.000000000,0.453,0.001,0.0,0.0,0.0,0.0
240847,2025-11-21T13:00:00.000000000,0.452,0.0,0.0,0.0,0.0,0.0
240847,2025-11-21T14:00:00.000000000,0.8500000000000001,0.0,0.0,0.0,0.0,0.0
240847,2025-11-21T15:00:00.000000000,0.766,0.0,0.0,0.0,0.0,0.0
240847,2025-11-21T16:00:00.000000000,0.79,0.0,0.0,0.0,0.0,0.0
240847,2025-11-21T17:00:00.000000000,1.545,0.01,0.0,0.0,0.0,0.0
240847,2025-11-21T18:00:00.000000000,1.125,0.17200000000000001,0.0,0.0,0.0,0.0
240847,2025-11-21T19:00:00.000000000,1.3,0.384,0.0,0.0,0.0,0.0
240847,2025-11-21T20:00:00.000000000,1.424,0.5850000000000001,0.0,0.0,0.0,0.0
240847,2025-11-21T21:00:00.000000000,1.5010000000000001,0.7309999999999999,0.0,0.0,0.0,0.0
240847,2025-11-21T22:00:00.000000000,1.677,0.87,0.0,0.0,0.0,0.0
240847,2025-11-21T23:00:00.000000000,1.9600000000000002,1.095,0.0,0.0,0.0,0.0
240847,2025-11-22T00:00:00.000000000,1.709,1.246,0.0,0.0,0.0,0.0
240847,2025-11-22T01:00:00.000000000,1.8019999999999998,1.3479999999999999,0.0,0.0,0.0,0.0
240847,2025-11-22T02:00:00.000000000,1.659,1.208,0.0,0.0,0.0,0.0
240847,2025-11-22T03:00:00.000000000,1.6179999999999999,1.169,0.0,0.0,0.0,0.0
240847,2025-11-22T04:00:00.000000000,1.578,1.131,0.0,0.0,0.0,0.0
240847,2025-11-22T05:00:00.000000000,1.548,1.1,0.0,0.0,0.0,0.0
240847,2025-11-22T06:00:00.000000000,1.6420000000000001,1.083,0.0,0.0,0.0,0.0
240847,2025-11-22T07:00:00.000000000,2.1210000000000004,1.076,0.0,0.0,0.0,0.0
240847,2025-11-22T08:00:00.000000000,2.084,0.984,0.0,0.0,0.0,0.0
240847,2025-11-22T09:00:00.000000000,1.863,0.9219999999999999,0.0,0.0,0.0,0.0
240847,2025-11-22T10:00:00.000000000,1.496,0.7440000000000001,0.0,0.0,0.0,0.0
240847,2025-11-22T11:00:00.000000000,1.0150000000000001,0.565,0.0,0.0,0.0,0.0
240847,2025-11-22T12:00:00.000000000,0.9209999999999999,0.47,0.0,0.0,0.0,0.0
240847,2025-11-22T13:00:00.000000000,1.33,0.448,0.0,0.0,0.0,0.0
240847,2025-11-22T14:00:00.000000000,0.929,0.476,0.0,0.0,0.0,0.0
240847,2025-11-22T15:00:00.000000000,0.98,0.529,0.0,0.0,0.0,0.0
240847,2025-11-22T16:00:00.000000000,1.048,0.593,0.0,0.0,0.0,0.0
240847,2025-11-22T17:00:00.000000000,1.1889999999999998,0.702,0.0,0.0,0.0,0.0
240847,2025-11-22T18:00:00.000000000,1.279,0.68,0.0,0.0,0.0,0.0
240847,2025-11-22T19:00:00.000000000,1.54,0.625,0.0,0.0,0.0,0.0
240847,2025-11-22T20:00:00.000000000,1.477,0.638,0.0,0.0,0.0,0.0
240847,2025-11-22T21:00:00.000000000,2.117,0.623,0.0,0.0,0.0,0.0
240847,2025-11-22T22:00:00.000000000,2.22,0.654,0.0,0.0,0.0,0.0
240847,2025-11-22T23:00:00.000000000,2.231,0.736,0.0,0.0,0.0,0.0
240847,2025-11-23T00:00:00.000000000,1.261,0.7249999999999999,0.0,0.0,0.0,0.0
240847,2025-11-23T01:00:00.000000000,1.1809999999999998,0.7129999999999999,0.0,0.0,0.0,0.0
240847,2025-11-23T02:00:00.000000000,1.172,0.722,0.0,0.0,0.0,0.0
240847,2025-11-23T03:00:00.000000000,1.621,0.7370000000000001,0.0,0.0,0.0,0.0
240847,2025-11-23T04:00:00.000000000,1.276,0.7270000000000001,0.0,0.0,0.0,0.0
240847,2025-11-23T05:00:00.000000000,1.179,0.7350000000000001,0.0,0.0,0.0,0.0
240847,2025-11-23T06:00:00.000000000,1.1709999999999998,0.724,0.0,0.0,0.0,0.0
240847,2025-11-23T07:00:00.000000000,1.1529999999999998,0.702,0.0,0.0,0.0,0.0
240847,2025-11-23T08:00:00.000000000,1.1219999999999999,0.67,0.0,0.0,0.0,0.0
240847,2025-11-23T09:00:00.000000000,1.217,0.587,0.0,0.0,0.0,0.0
240847,2025-11-23T10:00:00.000000000,1.04,0.531,0.0,0.0,0.0,0.0
240847,2025-11-23T11:00:00.000000000,0.987,0.4169999999999999,0.0,0.0,0.0,0.0
240847,2025-11-23T12:00:00.000000000,0.95,0.253,0.0,0.0,0.0,0.0
240847,2025-11-23T13:00:00.000000000,0.7020000000000001,0.188,0.0,0.0,0.0,0.0
240847,2025-11-23T14:00:00.000000000,0.726,0.092,0.0,0.0,0.0,0.0
240847,2025-11-23T15:00:00.000000000,0.616,0.052000000000000005,0.0,0.0,0.0,0.0
240847,2025-11-23T16:00:00.000000000,1.048,0.149,0.0,0.0,0.0,0.0
240847,2025-11-23T17:00:00.000000000,0.861,0.374,0.0,0.0,0.0,0.0
240847,2025-11-23T18:00:00.000000000,1.825,0.246,0.0,0.0,0.0,0.0
240847,2025-11-23T19:00:00.000000000,1.26,0.346,0.0,0.0,0.0,0.0
240847,2025-11-23T20:00:00.000000000,1.257,0.417,0.0,0.0,0.0,0.0
240847,2025-11-23T21:00:00.000000000,1.492,0.507,0.0,0.0,0.0,0.0
240847,2025-11-23T22:00:00.000000000,1.7149999999999999,0.5900000000000001,0.0,0.0,0.0,0.0
240847,2025-11-23T23:00:00.000000000,1.722,0.6789999999999998,0.0,0.0,0.0,0.0
240847,2025-11-24T00:00:00.000000000,1.1300000000000001,0.669,0.0,0.0,0.0,0.0
240847,2025-11-24T01:00:00.000000000,1.118,0.648,0.0,0.0,0.0,0.0
240847,2025-11-24T02:00:00.000000000,1.09,0.63,0.0,0.0,0.0,0.0
240847,2025-11-24T03:00:00.000000000,1.081,0.632,0.0,0.0,0.0,0.0
240847,2025-11-24T04:00:00.000000000,1.082,0.636,0.0,0.0,0.0,0.0
240847,2025-11-24T05:00:00.000000000,1.07,0.626,0.0,0.0,0.0,0.0
240847,2025-11-24T06:00:00.000000000,1.049,0.6,0.0,0.0,0.0,0.0
240847,2025-11-24T07:00:00.000000000,3.115,0.589,0.0,0.0,0.0,0.0
240847,2025-11-24T08:00:00.000000000,11.347999999999999,0.855,0.0,0.0,0.0,0.0
240847,2025-11-24T09:00:00.000000000,5.318,0.42500000000000004,0.0,0.0,0.0,0.0
240847,2025-11-24T10:00:00.000000000,0.913,0.22799999999999998,0.0,0.0,0.0,0.0
240847,2025-11-24T11:00:00.000000000,1.209,0.201,0.0,0.0,0.0,0.0
240847,2025-11-24T12:00:00.000000000,1.206,0.168,0.0,0.0,0.0,0.0
240847,2025-11-24T13:00:00.000000000,0.862,0.162,0.0,0.0,0.0,0.0
240847,2025-11-24T14:00:00.000000000,0.787,0.152,0.0,0.0,0.0,0.0
240847,2025-11-24T15:00:00.000000000,1.957,0.041,0.0,0.0,0.0,0.0
240847,2025-11-24T16:00:00.000000000,0.944,0.15500000000000003,0.0,0.0,0.0,0.0
240847,2025-11-24T17:00:00.000000000,1.162,0.252,0.0,0.0,0.0,0.0
240847,2025-11-24T18:00:00.000000000,1.1909999999999998,0.238,0.0,0.0,0.0,0.0
240847,2025-11-24T19:00:00.000000000,1.4979999999999998,0.251,0.0,0.0,0.0,0.0
240847,2025-11-24T20:00:00.000000000,1.238,0.29400000000000004,0.0,0.0,0.0,0.0
240847,2025-11-24T21:00:00.000000000,1.0950000000000002,0.325,0.0,0.0,0.0,0.0
240847,2025-11-24T22:00:00.000000000,0.8939999999999999,0.358,0.0,0.0,0.0,0.0
240847,2025-11-24T23:00:00.000000000,0.973,0.493,0.0,0.0,0.0,0.0
240847,2025-11-25T00:00:00.000000000,0.945,0.485,0.0,0.0,0.0,0.0
240847,2025-11-25T01:00:00.000000000,0.885,0.432,0.0,0.0,0.0,0.0
240847,2025-11-25T02:00:00.000000000,0.908,0.459,0.0,0.0,0.0,0.0
240847,2025-11-25T03:00:00.000000000,0.917,0.47,0.0,0.0,0.0,0.0
240847,2025-11-25T04:00:00.000000000,0.92,0.472,0.0,0.0,0.0,0.0
240847,2025-11-25T05:00:00.000000000,0.934,0.488,0.0,0.0,0.0,0.0
240847,2025-11-25T06:00:00.000000000,0.963,0.516,0.0,0.0,0.0,0.0
240847,2025-11-25T07:00:00.000000000,1.088,0.525,0.0,0.0,0.0,0.0
240847,2025-11-25T08:00:00.000000000,1.512,0.503,0.0,0.0,0.0,0.0
240847,2025-11-25T09:00:00.000000000,1.1969999999999998,0.508,0.0,0.0,0.0,0.0
240847,2025-11-25T10:00:00.000000000,1.208,0.522,0.0,0.0,0.0,0.0
240847,2025-11-25T11:00:00.000000000,1.08,0.5710000000000001,0.0,0.0,0.0,0.0
240847,2025-11-25T12:00:00.000000000,1.081,0.629,0.0,0.0,0.0,0.0
240847,2025-11-25T13:00:00.000000000,1.195,0.7410000000000001,0.0,0.0,0.0,0.0
240847,2025-11-25T14:00:00.000000000,1.462,0.7650000000000001,0.0,0.0,0.0,0.0
240847,2025-11-25T15:00:00.000000000,1.5430000000000001,0.815,0.0,0.0,0.0,0.0
240847,2025-11-25T16:00:00.000000000,3.159,0.6940000000000001,0.0,0.0,0.0,0.0
240847,2025-11-25T17:00:00.000000000,2.484,0.9069999999999999,0.0,0.0,0.0,0.0
240847,2025-11-25T18:00:00.000000000,1.652,0.941,0.0,0.0,0.0,0.0
240847,2025-11-25T19:00:00.000000000,1.7590000000000001,0.96,0.0,0.0,0.0,0.0
240847,2025-11-25T20:00:00.000000000,1.764,0.9229999999999999,0.0,0.0,0.0,0.0
240847,2025-11-25T21:00:00.000000000,1.6649999999999998,0.894,0.0,0.0,0.0,0.0
240847,2025-11-25T22:00:00.000000000,1.468,0.9319999999999999,0.0,0.0,0.0,0.0
240847,2025-11-25T23:00:00.000000000,1.5050000000000001,1.022,0.0,0.0,0.0,0.0
240847,2025-11-26T00:00:00.000000000,1.444,0.984,0.0,0.0,0.0,0.0
240847,2025-11-26T01:00:00.000000000,1.4189999999999998,0.966,0.0,0.0,0.0,0.0
240847,2025-11-26T02:00:00.000000000,1.4299999999999997,0.979,0.0,0.0,0.0,0.0
240847,2025-11-26T03:00:00.000000000,1.423,0.974,0.0,0.0,0.0,0.0
240847,2025-11-26T04:00:00.000000000,1.662,0.993,0.0,0.0,0.0,0.0
240847,2025-11-26T05:00:00.000000000,1.915,0.992,0.0,0.0,0.0,0.0
240847,2025-11-26T06:00:00.000000000,1.9709999999999999,0.941,0.0,0.0,0.0,0.0
240847,2025-11-26T07:00:00.000000000,2.126,0.899,0.0,0.0,0.0,0.0
240847,2025-11-26T08:00:00.000000000,1.296,0.843,0.0,0.0,0.0,0.0
240847,2025-11-26T09:00:00.000000000,1.68,0.7889999999999999,0.0,0.0,0.0,0.0
240847,2025-11-26T10:00:00.000000000,1.218,0.677,0.0,0.0,0.0,0.0
240847,2025-11-26T11:00:00.000000000,1.068,0.5,0.0,0.0,0.0,0.0
240847,2025-11-26T12:00:00.000000000,1.8809999999999998,0.208,0.0,0.0,0.0,0.0
240847,2025-11-26T13:00:00.000000000,1.674,0.038,0.0,0.0,0.0,0.0
240847,2025-11-26T14:00:00.000000000,0.518,0.004,0.0,0.0,0.0,0.0
240847,2025-11-26T15:00:00.000000000,0.5,0.05,0.0,0.0,0.0,0.0
240847,2025-11-26T16:00:00.000000000,0.5880000000000001,0.134,0.0,0.0,0.0,0.0
240847,2025-11-26T17:00:00.000000000,0.7129999999999999,0.226,0.0,0.0,0.0,0.0
240847,2025-11-26T18:00:00.000000000,1.228,0.236,0.0,0.0,0.0,0.0
240847,2025-11-26T19:00:00.000000000,1.1190000000000002,0.205,0.0,0.0,0.0,0.0
240847,2025-11-26T20:00:00.000000000,1.078,0.239,0.0,0.0,0.0,0.0
240847,2025-11-26T21:00:00.000000000,0.937,0.30800000000000005,0.0,0.0,0.0,0.0
240847,2025-11-26T22:00:00.000000000,0.818,0.352,0.0,0.0,0.0,0.0
240847,2025-11-26T23:00:00.000000000,0.882,0.39999999999999997,0.0,0.0,0.0,0.0
240847,2025-11-27T00:00:00.000000000,0.84,0.378,0.0,0.0,0.0,0.0
240847,2025-11-27T01:00:00.000000000,0.81,0.358,0.0,0.0,0.0,0.0
240847,2025-11-27T02:00:00.000000000,0.796,0.346,0.0,0.0,0.0,0.0
240847,2025-11-27T03:00:00.000000000,0.8010000000000002,0.352,0.0,0.0,0.0,0.0
240847,2025-11-27T04:00:00.000000000,0.821,0.376,0.0,0.0,0.0,0.0
240847,2025-11-27T05:00:00.000000000,0.8180000000000001,0.374,0.0,0.0,0.0,0.0
240847,2025-11-27T06:00:00.000000000,0.9299999999999999,0.369,0.0,0.0,0.0,0.0
240847,2025-11-27T07:00:00.000000000,1.4100000000000001,0.337,0.0,0.0,0.0,0.0
240847,2025-11-27T08:00:00.000000000,1.041,0.315,0.0,0.0,0.0,0.0
240847,2025-11-27T09:00:00.000000000,1.3539999999999999,0.28900000000000003,0.0,0.0,0.0,0.0
240847,2025-11-27T10:00:00.000000000,0.877,0.299,0.0,0.0,0.0,0.0
240847,2025-11-27T11:00:00.000000000,0.7630000000000001,0.312,0.0,0.0,0.0,0.0
240847,2025-11-27T12:00:00.000000000,1.046,0.379,0.0,0.0,0.0,0.0
240847,2025-11-27T13:00:00.000000000,1.3090000000000002,0.486,0.0,0.0,0.0,0.0
240847,2025-11-27T14:00:00.000000000,0.963,0.511,0.0,0.0,0.0,0.0
240847,2025-11-27T15:00:00.000000000,1.004,0.552,0.0,0.0,0.0,0.0
240847,2025-11-27T16:00:00.000000000,1.092,0.637,0.0,0.0,0.0,0.0
240847,2025-11-27T17:00:00.000000000,1.3039999999999998,0.816,0.0,0.0,0.0,0.0
240847,2025-11-27T18:00:00.000000000,1.3359999999999999,0.858,0.0,0.0,0.0,0.0
240847,2025-11-27T19:00:00.000000000,1.413,0.944,0.0,0.0,0.0,0.0
240847,2025-11-27T20:00:00.000000000,2.322,0.965,0.0,0.0,0.0,0.0
240847,2025-11-27T21:00:00.000000000,1.96,1.187,0.0,0.0,0.0,0.0
240847,2025-11-27T22:00:00.000000000,2.204,1.5070000000000001,0.0,0.0,0.0,0.0
240847,2025-11-27T23:00:00.000000000,2.338,1.742,0.0,0.0,0.0,0.0
240847,2025-11-28T00:00:00.000000000,2.3840000000000003,1.694,0.0,0.0,0.0,0.0
240847,2025-11-28T01:00:00.000000000,2.399,1.671,0.0,0.0,0.0,0.0
240847,2025-11-28T02:00:00.000000000,1.991,1.538,0.0,0.0,0.0,0.0
240847,2025-11-28T03:00:00.000000000,1.798,1.347,0.0,0.0,0.0,0.0
240847,2025-11-28T04:00:00.000000000,1.784,1.336,0.0,0.0,0.0,0.0
240847,2025-11-28T05:00:00.000000000,1.792,1.346,0.0,0.0,0.0,0.0
240847,2025-11-28T06:00:00.000000000,1.8230000000000002,1.374,0.0,0.0,0.0,0.0
240847,2025-11-28T07:00:00.000000000,2.288,1.304,0.0,0.0,0.0,0.0
240847,2025-11-28T08:00:00.000000000,2.013,1.1889999999999998,0.0,0.0,0.0,0.0
240847,2025-11-28T09:00:00.000000000,1.5470000000000002,1.094,0.0,0.0,0.0,0.0
240847,2025-11-28T10:00:00.000000000,1.341,0.8899999999999999,0.0,0.0,0.0,0.0
240847,2025-11-28T11:00:00.000000000,1.12,0.67,0.0,0.0,0.0,0.0
240847,2025-11-28T12:00:00.000000000,1.0710000000000002,0.433,0.0,0.0,0.0,0.0
240847,2025-11-28T13:00:00.000000000,0.971,0.272,0.0,0.0,0.0,0.0
240847,2025-11-28T14:00:00.000000000,0.93,0.23399999999999999,0.0,0.0,0.0,0.0
240847,2025-11-28T15:00:00.000000000,1.046,0.32100000000000006,0.0,0.0,0.0,0.0
240847,2025-11-28T16:00:00.000000000,1.743,0.502,0.0,0.0,0.0,0.0
240847,2025-11-28T17:00:00.000000000,1.855,0.7449999999999999,0.0,0.0,0.0,0.0
240847,2025-11-28T18:00:00.000000000,1.822,0.869,0.0,0.0,0.0,0.0
240847,2025-11-28T19:00:00.000000000,1.783,0.974,0.0,0.0,0.0,0.0
240847,2025-11-28T20:00:00.000000000,1.8310000000000002,1.147,0.0,0.0,0.0,0.0
240847,2025-11-28T21:00:00.000000000,2.448,1.2469999999999999,0.0,0.0,0.0,0.0
240847,2025-11-28T22:00:00.000000000,2.5490000000000004,1.424,0.0,0.0,0.0,0.0
240847,2025-11-28T23:00:00.000000000,2.582,1.559,0.0,0.0,0.0,0.0
240847,2025-11-29T00:00:00.000000000,2.003,1.5380000000000003,0.0,0.0,0.0,0.0
240847,2025-11-29T01:00:00.000000000,1.9769999999999999,1.524,0.0,0.0,0.0,0.0
240847,2025-11-29T02:00:00.000000000,1.994,1.542,0.0,0.0,0.0,0.0
240847,2025-11-29T03:00:00.000000000,2.037,1.5850000000000002,0.0,0.0,0.0,0.0
240847,2025-11-29T04:00:00.000000000,2.103,1.654,0.0,0.0,0.0,0.0
240847,2025-11-29T05:00:00.000000000,2.124,1.6769999999999998,0.0,0.0,0.0,0.0
240847,2025-11-29T06:00:00.000000000,2.1350000000000002,1.684,0.0,0.0,0.0,0.0
240847,2025-11-29T07:00:00.000000000,2.1260000000000003,1.6709999999999998,0.0,0.0,0.0,0.0
240847,2025-11-29T08:00:00.000000000,2.011,1.556,0.0,0.0,0.0,0.0
240847,2025-11-29T09:00:00.000000000,1.785,1.331,0.0,0.0,0.0,0.0
240847,2025-11-29T10:00:00.000000000,1.544,1.093,0.0,0.0,0.0,0.0
240847,2025-11-29T11:00:00.000000000,1.306,0.8560000000000001,0.0,0.0,0.0,0.0
240847,2025-11-29T12:00:00.000000000,1.183,0.73,0.0,0.0,0.0,0.0
240847,2025-11-29T13:00:00.000000000,1.229,0.55,0.0,0.0,0.0,0.0
240847,2025-11-29T14:00:00.000000000,1.008,0.41500000000000004,0.0,0.0,0.0,0.0
240847,2025-11-29T15:00:00.000000000,0.887,0.435,0.0,0.0,0.0,0.0
240847,2025-11-29T16:00:00.000000000,1.151,0.6930000000000001,0.0,0.0,0.0,0.0
240847,2025-11-29T17:00:00.000000000,1.6139999999999999,1.127,0.0,0.0,0.0,0.0
240847,2025-11-29T18:00:00.000000000,1.74,1.261,0.0,0.0,0.0,0.0
240847,2025-11-29T19:00:00.000000000,1.966,1.4940000000000002,0.0,0.0,0.0,0.0
240847,2025-11-29T20:00:00.000000000,2.1260000000000003,1.653,0.0,0.0,0.0,0.0
240847,2025-11-29T21:00:00.000000000,2.52,1.83,0.0,0.0,0.0,0.0
240847,2025-11-29T22:00:00.000000000,2.939,2.223,0.0,0.0,0.0,0.0
240847,2025-11-29T23:00:00.000000000,3.205,2.5570000000000004,0.0,0.0,0.0,0.0
240847,2025-11-30T00:00:00.000000000,2.882,2.3689999999999998,0.0,0.0,0.0,0.0
240847,2025-11-30T01:00:00.000000000,3.415,2.484,0.0,0.0,0.0,0.0
240847,2025-11-30T02:00:00.000000000,3.116,2.632,0.0,0.0,0.0,0.0
240847,2025-11-30T03:00:00.000000000,3.283,2.7939999999999996,0.0,0.0,0.0,0.0
240847,2025-11-30T04:00:00.000000000,3.2809999999999997,2.795,0.0,0.0,0.0,0.0
240847,2025-11-30T05:00:00.000000000,3.268,2.784,0.0,0.0,0.0,0.0
240847,2025-11-30T06:00:00.000000000,3.7249999999999996,2.876,0.0,0.0,0.0,0.0
240847,2025-11-30T07:00:00.000000000,3.6259999999999994,2.8379999999999996,0.0,0.0,0.0,0.0
240847,2025-11-30T08:00:00.000000000,3.133,2.644,0.0,0.0,0.0,0.0
240847,2025-11-30T09:00:00.000000000,2.904,2.423,0.0,0.0,0.0,0.0
240847,2025-11-30T10:00:00.000000000,2.6790000000000003,2.208,0.0,0.0,0.0,0.0
240847,2025-11-30T11:00:00.000000000,2.428,1.967,0.0,0.0,0.0,0.0
240847,2025-11-30T12:00:00.000000000,2.237,1.782,0.0,0.0,0.0,0.0
240847,2025-11-30T13:00:00.000000000,2.24,1.784,0.0,0.0,0.0,0.0
240847,2025-11-30T14:00:00.000000000,2.587,1.694,0.0,0.0,0.0,0.0
240847,2025-11-30T15:00:00.000000000,2.796,1.635,0.0,0.0,0.0,0.0
240847,2025-11-30T16:00:00.000000000,2.917,1.843,0.0,0.0,0.0,0.0
240847,2025-11-30T17:00:00.000000000,3.223,1.8820000000000001,0.0,0.0,0.0,0.0
240847,2025-11-30T18:00:00.000000000,3.012,1.841,0.0,0.0,0.0,0.0
240847,2025-11-30T19:00:00.000000000,4.071,1.762,0.0,0.0,0.0,0.0
240847,2025-11-30T20:00:00.000000000,3.4540000000000006,1.905,0.0,0.0,0.0,0.0
240847,2025-11-30T21:00:00.000000000,2.767,1.989,0.0,0.0,0.0,0.0
240847,2025-11-30T22:00:00.000000000,2.48,1.7810000000000001,0.0,0.0,0.0,0.0
240847,2025-11-30T23:00:00.000000000,2.594,1.6589999999999998,0.0,0.0,0.0,0.0
240847,2025-12-01T00:00:00.000000000,2.236,1.423,0.0,0.0,0.0,0.0
240847,2025-12-01T01:00:00.000000000,1.7079999999999997,1.218,0.0,0.0,0.0,0.0
240847,2025-12-01T02:00:00.000000000,1.475,1.03,0.0,0.0,0.0,0.0
240847,2025-12-01T03:00:00.000000000,1.2930000000000001,0.8500000000000001,0.0,0.0,0.0,0.0
240847,2025-12-01T04:00:00.000000000,1.154,0.7120000000000001,0.0,0.0,0.0,0.0
240847,2025-12-01T05:00:00.000000000,1.082,0.642,0.0,0.0,0.0,0.0
240847,2025-12-01T06:00:00.000000000,1.042,0.599,0.0,0.0,0.0,0.0
240847,2025-12-01T07:00:00.000000000,1.0070000000000001,0.5609999999999999,0.0,0.0,0.0,0.0
240847,2025-12-01T08:00:00.000000000,0.976,0.529,0.0,0.0,0.0,0.0
240847,2025-12-01T09:00:00.000000000,0.9179999999999999,0.47,0.0,0.0,0.0,0.0
240847,2025-12-01T10:00:00.000000000,1.092,0.43,0.0,0.0,0.0,0.0
240847,2025-12-01T11:00:00.000000000,1.4400000000000002,0.295,0.0,0.0,0.0,0.0
240847,2025-12-01T12:00:00.000000000,1.29,0.026,0.0,0.0,0.0,0.0
240847,2025-12-01T13:00:00.000000000,0.8729999999999999,0.0,0.0,0.0,0.0,0.0
240847,2025-12-01T14:00:00.000000000,0.826,0.0,0.0,0.0,0.0,0.0
240847,2025-12-01T15:00:00.000000000,0.866,0.0,0.0,0.0,0.0,0.0
240847,2025-12-01T16:00:00.000000000,0.94,0.0,0.0,0.0,0.0,0.0
240847,2025-12-01T17:00:00.000000000,1.181,0.0,0.0,0.0,0.0,0.0
240847,2025-12-01T18:00:00.000000000,1.5040000000000002,0.016,0.0,0.0,0.0,0.0
240847,2025-12-01T19:00:00.000000000,1.2550000000000001,0.19,0.0,0.0,0.0,0.0
240847,2025-12-01T20:00:00.000000000,1.326,0.351,0.0,0.0,0.0,0.0
240847,2025-12-01T21:00:00.000000000,1.762,0.429,0.0,0.0,0.0,0.0
240847,2025-12-01T22:00:00.000000000,1.147,0.5940000000000001,0.0,0.0,0.0,0.0
240847,2025-12-01T23:00:00.000000000,1.2590000000000001,0.7839999999999999,0.0,0.0,0.0,0.0
240847,2025-12-02T00:00:00.000000000,1.357,0.9009999999999999,0.0,0.0,0.0,0.0
240847,2025-12-02T01:00:00.000000000,1.338,0.892,0.0,0.0,0.0,0.0
240847,2025-12-02T02:00:00.000000000,1.442,0.996,0.0,0.0,0.0,0.0
240847,2025-12-02T03:00:00.000000000,1.5870000000000002,1.143,0.0,0.0,0.0,0.0
240847,2025-12-02T04:00:00.000000000,1.9340000000000002,1.4899999999999998,0.0,0.0,0.0,0.0
240847,2025-12-02T05:00:00.000000000,2.051,1.607,0.0,0.0,0.0,0.0
240847,2025-12-02T06:00:00.000000000,2.1140000000000003,1.667,0.0,0.0,0.0,0.0
240847,2025-12-02T07:00:00.000000000,2.1750000000000003,1.7249999999999999,0.0,0.0,0.0,0.0
240847,2025-12-02T08:00:00.000000000,2.053,1.326,0.0,0.0,0.0,0.0
240847,2025-12-02T09:00:00.000000000,1.7730000000000001,0.953,0.0,0.0,0.0,0.0
240847,2025-12-02T10:00:00.000000000,2.614,0.875,0.0,0.0,0.0,0.0
240847,2025-12-02T11:00:00.000000000,2.0570000000000004,0.77,0.0,0.0,0.0,0.0
240847,2025-12-02T12:00:00.000000000,1.4300000000000002,0.599,0.0,0.0,0.0,0.0
240847,2025-12-02T13:00:00.000000000,1.4489999999999998,0.615,0.0,0.0,0.0,0.0
240847,2025-12-02T14:00:00.000000000,1.4369999999999998,0.608,0.0,0.0,0.0,0.0
240847,2025-12-02T15:00:00.000000000,8.343,1.145,0.0,0.0,0.0,0.0
240847,2025-12-02T16:00:00.000000000,7.215,1.275,0.0,0.0,0.0,0.0
240847,2025-12-02T17:00:00.000000000,2.26,0.974,0.0,0.0,0.0,0.0
240847,2025-12-02T18:00:00.000000000,2.488,0.95,0.0,0.0,0.0,0.0
240847,2025-12-02T19:00:00.000000000,2.3729999999999998,0.969,0.0,0.0,0.0,0.0
240847,2025-12-02T20:00:00.000000000,1.822,1.212,0.0,0.0,0.0,0.0
240847,2025-12-02T21:00:00.000000000,2.08,1.613,0.0,0.0,0.0,0.0
240847,2025-12-02T22:00:00.000000000,2.2030000000000003,1.7389999999999999,0.0,0.0,0.0,0.0
240847,2025-12-02T23:00:00.000000000,2.4050000000000002,1.9209999999999998,0.0,0.0,0.0,0.0
240847,2025-12-03T00:00:00.000000000,2.255,1.794,0.0,0.0,0.0,0.0
240847,2025-12-03T01:00:00.000000000,2.581,2.1189999999999998,0.0,0.0,0.0,0.0
240847,2025-12-03T02:00:00.000000000,2.784,2.316,0.0,0.0,0.0,0.0
240847,2025-12-03T03:00:00.000000000,2.877,2.407,0.0,0.0,0.0,0.0
240847,2025-12-03T04:00:00.000000000,2.935,2.465,0.0,0.0,0.0,0.0
240847,2025-12-03T05:00:00.000000000,3.1239999999999997,2.545,0.0,0.0,0.0,0.0
240847,2025-12-03T06:00:00.000000000,3.41,2.6420000000000003,0.0,0.0,0.0,0.0
240847,2025-12-03T07:00:00.000000000,3.587,2.6310000000000002,0.0,0.0,0.0,0.0
240847,2025-12-03T08:00:00.000000000,3.176,2.269,0.0,0.0,0.0,0.0
240847,2025-12-03T09:00:00.000000000,2.044,1.593,0.0,0.0,0.0,0.0
240847,2025-12-03T10:00:00.000000000,1.8820000000000001,0.996,0.0,0.0,0.0,0.0
240847,2025-12-03T11:00:00.000000000,2.245,0.586,0.0,0.0,0.0,0.0
240847,2025-12-03T12:00:00.000000000,1.03,0.285,0.0,0.0,0.0,0.0
240847,2025-12-03T13:00:00.000000000,0.482,0.038,0.0,0.0,0.0,0.0
240847,2025-12-03T14:00:00.000000000,0.444,0.0,0.0,0.0,0.0,0.0
240847,2025-12-03T15:00:00.000000000,0.521,0.078,0.0,0.0,0.0,0.0
240847,2025-12-03T16:00:00.000000000,0.818,0.369,0.0,0.0,0.0,0.0
240847,2025-12-03T17:00:00.000000000,1.1320000000000001,0.651,0.0,0.0,0.0,0.0
240847,2025-12-03T18:00:00.000000000,1.329,0.752,0.0,0.0,0.0,0.0
240847,2025-12-03T19:00:00.000000000,1.911,0.8109999999999999,0.0,0.0,0.0,0.0
240847,2025-12-03T20:00:00.000000000,1.803,0.828,0.0,0.0,0.0,0.0
240847,2025-12-03T21:00:00.000000000,1.781,0.879,0.0,0.0,0.0,0.0
240847,2025-12-03T22:00:00.000000000,1.746,0.928,0.0,0.0,0.0,0.0
240847,2025-12-03T23:00:00.000000000,1.768,1.0430000000000001,0.0,0.0,0.0,0.0
240847,2025-12-04T00:00:00.000000000,1.5499999999999998,1.0390000000000001,0.0,0.0,0.0,0.0
240847,2025-12-04T01:00:00.000000000,1.6219999999999999,1.0670000000000002,0.0,0.0,0.0,0.0
240847,2025-12-04T02:00:00.000000000,1.8539999999999999,1.086,0.0,0.0,0.0,0.0
240847,2025-12-04T03:00:00.000000000,1.5810000000000002,1.1360000000000001,0.0,0.0,0.0,0.0
240847,2025-12-04T04:00:00.000000000,1.783,1.3410000000000002,0.0,0.0,0.0,0.0
240847,2025-12-04T05:00:00.000000000,2.209,1.762,0.0,0.0,0.0,0.0
240847,2025-12-04T06:00:00.000000000,2.532,2.073,0.0,0.0,0.0,0.0
240847,2025-12-04T07:00:00.000000000,2.652,2.1870000000000003,0.0,0.0,0.0,0.0
240847,2025-12-04T08:00:00.000000000,2.158,1.7029999999999998,0.0,0.0,0.0,0.0
240847,2025-12-04T09:00:00.000000000,2.0140000000000002,1.0730000000000002,0.0,0.0,0.0,0.0
240847,2025-12-04T10:00:00.000000000,1.5859999999999999,0.675,0.0,0.0,0.0,0.0
240847,2025-12-04T11:00:00.000000000,0.777,0.335,0.0,0.0,0.0,0.0
240847,2025-12-04T12:00:00.000000000,0.479,0.035,0.0,0.0,0.0,0.0
240847,2025-12-04T13:00:00.000000000,0.444,0.0,0.0,0.0,0.0,0.0
240847,2025-12-04T14:00:00.000000000,0.444,0.0,0.0,0.0,0.0,0.0
240847,2025-12-04T15:00:00.000000000,0.771,0.0,0.0,0.0,0.0,0.0
240847,2025-12-04T16:00:00.000000000,1.031,0.0,0.0,0.0,0.0,0.0
240847,2025-12-04T17:00:00.000000000,0.819,0.138,0.0,0.0,0.0,0.0
240847,2025-12-04T18:00:00.000000000,1.337,0.373,0.0,0.0,0.0,0.0
240847,2025-12-04T19:00:00.000000000,1.436,0.662,0.0,0.0,0.0,0.0
240847,2025-12-04T20:00:00.000000000,1.628,1.162,0.0,0.0,0.0,0.0
240847,2025-12-04T21:00:00.000000000,2.196,1.292,0.0,0.0,0.0,0.0
240847,2025-12-04T22:00:00.000000000,2.482,1.232,0.0,0.0,0.0,0.0
240847,2025-12-04T23:00:00.000000000,3.326,1.103,0.0,0.0,0.0,0.0
240847,2025-12-05T00:00:00.000000000,10.634,1.875,0.0,0.0,0.0,0.0
240847,2025-12-05T01:00:00.000000000,9.423,1.525,0.0,0.0,0.0,0.0
240847,2025-12-05T02:00:00.000000000,1.4139999999999997,0.859,0.0,0.0,0.0,0.0
240847,2025-12-05T03:00:00.000000000,1.546,0.84,0.0,0.0,0.0,0.0
240847,2025-12-05T04:00:00.000000000,1.544,0.8109999999999999,0.0,0.0,0.0,0.0
240847,2025-12-05T05:00:00.000000000,1.216,0.776,0.0,0.0,0.0,0.0
240847,2025-12-05T06:00:00.000000000,1.287,0.7809999999999999,0.0,0.0,0.0,0.0
240847,2025-12-05T07:00:00.000000000,1.702,0.7750000000000001,0.0,0.0,0.0,0.0
240847,2025-12-05T08:00:00.000000000,1.502,0.6920000000000001,0.0,0.0,0.0,0.0
240847,2025-12-05T09:00:00.000000000,0.978,0.531,0.0,0.0,0.0,0.0
240847,2025-12-05T10:00:00.000000000,0.7280000000000001,0.284,0.0,0.0,0.0,0.0
240847,2025-12-05T11:00:00.000000000,0.49,0.048,0.0,0.0,0.0,0.0
240847,2025-12-05T12:00:00.000000000,0.443,0.0,0.0,0.0,0.0,0.0
240847,2025-12-05T13:00:00.000000000,0.444,0.0,0.0,0.0,0.0,0.0
240847,2025-12-05T14:00:00.000000000,0.546,0.0,0.0,0.101,0.0,0.0
240847,2025-12-05T15:00:00.000000000,0.568,0.0,0.0,0.124,0.0,0.0
240847,2025-12-05T16:00:00.000000000,0.46299999999999997,0.0,0.0,0.016,0.0,0.0
240847,2025-12-05T17:00:00.000000000,0.478,0.0,0.0,0.0,0.0,0.0
240847,2025-12-05T18:00:00.000000000,0.517,0.047,0.0,0.0,0.0,0.0
240847,2025-12-05T19:00:00.000000000,1.85,0.162,0.0,0.0,0.0,0.0
240847,2025-12-05T20:00:00.000000000,1.363,0.38899999999999996,0.0,0.0,0.0,0.0
240847,2025-12-05T21:00:00.000000000,1.444,0.541,0.0,0.0,0.0,0.0
240847,2025-12-05T22:00:00.000000000,1.8,0.654,0.0,0.0,0.0,0.0
240847,2025-12-05T23:00:00.000000000,1.798,0.804,0.0,0.0,0.0,0.0
240847,2025-12-06T00:00:00.000000000,1.657,0.7609999999999999,0.0,0.0,0.0,0.0
240847,2025-12-06T01:00:00.000000000,1.2269999999999999,0.78,0.0,0.0,0.0,0.0
240847,2025-12-06T02:00:00.000000000,1.224,0.78,0.0,0.0,0.0,0.0
240847,2025-12-06T03:00:00.000000000,1.216,0.7729999999999999,0.0,0.0,0.0,0.0
240847,2025-12-06T04:00:00.000000000,1.153,0.712,0.0,0.0,0.0,0.0
240847,2025-12-06T05:00:00.000000000,1.3059999999999998,0.761,0.0,0.0,0.0,0.0
240847,2025-12-06T06:00:00.000000000,1.806,0.714,0.0,0.0,0.0,0.0
240847,2025-12-06T07:00:00.000000000,1.857,0.6900000000000001,0.0,0.0,0.0,0.0
240847,2025-12-06T08:00:00.000000000,1.6960000000000002,0.5770000000000001,0.0,0.0,0.0,0.0
240847,2025-12-06T09:00:00.000000000,1.543,0.408,0.0,0.0,0.0,0.0
240847,2025-12-06T10:00:00.000000000,2.948,0.105,0.0,0.0,0.0,0.0
240847,2025-12-06T11:00:00.000000000,1.5330000000000001,0.045,0.0,0.0,0.0,0.0
240847,2025-12-06T12:00:00.000000000,0.88,0.0,0.0,0.0,0.0,0.0
240847,2025-12-06T13:00:00.000000000,0.622,0.0,0.0,0.0,0.0,0.0
240847,2025-12-06T14:00:00.000000000,0.444,0.0,0.0,0.0,0.0,0.0
240847,2025-12-06T15:00:00.000000000,0.456,0.012,0.0,0.0,0.0,0.0
240847,2025-12-06T16:00:00.000000000,0.5670000000000001,0.119,0.0,0.0,0.0,0.0
240847,2025-12-06T17:00:00.000000000,0.7490000000000001,0.269,0.0,0.0,0.0,0.0
240847,2025-12-06T18:00:00.000000000,1.213,0.24999999999999997,0.0,0.0,0.0,0.0
240847,2025-12-06T19:00:00.000000000,1.5750000000000002,0.28700000000000003,0.0,0.0,0.0,0.0
240847,2025-12-06T20:00:00.000000000,1.466,0.33,0.0,0.0,0.0,0.0
240847,2025-12-06T21:00:00.000000000,1.24,0.338,0.0,0.0,0.0,0.0
240847,2025-12-06T22:00:00.000000000,1.142,0.327,0.0,0.0,0.0,0.0
240847,2025-12-06T23:00:00.000000000,1.125,0.40199999999999997,0.0,0.0,0.0,0.0
240847,2025-12-07T00:00:00.000000000,1.0619999999999998,0.424,0.0,0.0,0.0,0.0
240847,2025-12-07T01:00:00.000000000,0.9299999999999999,0.442,0.0,0.0,0.0,0.0
240847,2025-12-07T02:00:00.000000000,0.9319999999999999,0.488,0.0,0.0,0.0,0.0
240847,2025-12-07T03:00:00.000000000,0.987,0.544,0.0,0.0,0.0,0.0
240847,2025-12-07T04:00:00.000000000,1.04,0.6,0.0,0.0,0.0,0.0
240847,2025-12-07T05:00:00.000000000,1.136,0.696,0.0,0.0,0.0,0.0
240847,2025-12-07T06:00:00.000000000,1.252,0.8109999999999999,0.0,0.0,0.0,0.0
240847,2025-12-07T07:00:00.000000000,1.6280000000000001,0.841,0.0,0.0,0.0,0.0
240847,2025-12-07T08:00:00.000000000,1.3019999999999998,0.819,0.0,0.0,0.0,0.0
240847,2025-12-07T09:00:00.000000000,1.148,0.7030000000000001,0.0,0.0,0.0,0.0
240847,2025-12-07T10:00:00.000000000,0.938,0.493,0.0,0.0,0.0,0.0
240847,2025-12-07T11:00:00.000000000,0.675,0.233,0.0,0.0,0.0,0.0
240847,2025-12-07T12:00:00.000000000,0.477,0.034,0.0,0.0,0.0,0.0
240847,2025-12-07T13:00:00.000000000,0.444,0.0,0.0,0.0,0.0,0.0
240847,2025-12-07T14:00:00.000000000,0.729,0.0,0.0,0.0,0.0,0.0
240847,2025-12-07T15:00:00.000000000,0.648,0.0,0.0,0.0,0.0,0.0
240847,2025-12-07T16:00:00.000000000,0.447,0.0,0.0,0.0,0.0,0.0
240847,2025-12-07T17:00:00.000000000,0.89,0.256,0.0,0.0,0.0,0.0
240847,2025-12-07T18:00:00.000000000,1.782,0.437,0.0,0.0,0.0,0.0
240847,2025-12-07T19:00:00.000000000,1.9060000000000001,0.5850000000000001,0.0,0.0,0.0,0.0
240847,2025-12-07T20:00:00.000000000,1.7209999999999999,0.7449999999999999,0.0,0.0,0.0,0.0
240847,2025-12-07T21:00:00.000000000,1.609,0.9169999999999999,0.0,0.0,0.0,0.0
240847,2025-12-07T22:00:00.000000000,1.754,0.938,0.0,0.0,0.0,0.0
240847,2025-12-07T23:00:00.000000000,1.825,1.1560000000000001,0.0,0.0,0.0,0.0
240847,2025-12-08T00:00:00.000000000,1.972,1.2990000000000002,0.0,0.0,0.0,0.0
240847,2025-12-08T01:00:00.000000000,1.991,1.266,0.0,0.0,0.0,0.0
240847,2025-12-08T02:00:00.000000000,2.088,1.642,0.0,0.0,0.0,0.0
240847,2025-12-08T03:00:00.000000000,2.316,1.867,0.0,0.0,0.0,0.0
240847,2025-12-08T04:00:00.000000000,2.609,2.152,0.0,0.0,0.0,0.0
240847,2025-12-08T05:00:00.000000000,2.864,2.398,0.0,0.0,0.0,0.0
240847,2025-12-08T06:00:00.000000000,3.89,2.352,0.0,0.0,0.0,0.0
240847,2025-12-08T07:00:00.000000000,9.244,3.875,0.0,0.0,0.0,0.0
240847,2025-12-08T08:00:00.000000000,3.149,1.8929999999999998,0.0,0.0,0.0,0.0
240847,2025-12-08T09:00:00.000000000,2.586,1.463,0.0,0.0,0.0,0.0
240847,2025-12-08T10:00:00.000000000,2.1050000000000004,1.289,0.0,0.0,0.0,0.0
240847,2025-12-08T11:00:00.000000000,2.21,1.0739999999999998,0.0,0.0,0.0,0.0
240847,2025-12-08T12:00:00.000000000,2.23,0.97,0.0,0.0,0.0,0.0
240847,2025-12-08T13:00:00.000000000,2.2330000000000005,0.973,0.0,0.0,0.0,0.0
240847,2025-12-08T14:00:00.000000000,2.2699999999999996,1.009,0.0,0.0,0.0,0.0
240847,2025-12-08T15:00:00.000000000,2.356,1.0630000000000002,0.0,0.0,0.0,0.0
240847,2025-12-08T16:00:00.000000000,2.508,1.135,0.0,0.0,0.0,0.0
240847,2025-12-08T17:00:00.000000000,2.392,1.283,0.0,0.0,0.0,0.0
240847,2025-12-08T18:00:00.000000000,2.4139999999999997,1.292,0.0,0.0,0.0,0.0
240847,2025-12-08T19:00:00.000000000,2.7769999999999997,1.299,0.0,0.0,0.0,0.0
240847,2025-12-08T20:00:00.000000000,2.823,1.423,0.0,0.0,0.0,0.0
240847,2025-12-08T21:00:00.000000000,2.602,1.634,0.0,0.0,0.0,0.0
240847,2025-12-08T22:00:00.000000000,2.439,1.9669999999999999,0.0,0.0,0.0,0.0
240847,2025-12-08T23:00:00.000000000,2.929,2.424,0.0,0.0,0.0,0.0
240847,2025-12-09T00:00:00.000000000,2.81,2.3289999999999997,0.0,0.0,0.0,0.0
240847,2025-12-09T01:00:00.000000000,2.764,2.292,0.0,0.0,0.0,0.0
240847,2025-12-09T02:00:00.000000000,2.8019999999999996,2.331,0.0,0.0,0.0,0.0
240847,2025-12-09T03:00:00.000000000,2.8309999999999995,2.3609999999999998,0.0,0.0,0.0,0.0
240847,2025-12-09T04:00:00.000000000,2.807,2.34,0.0,0.0,0.0,0.0
240847,2025-12-09T05:00:00.000000000,2.8219999999999996,2.3539999999999996,0.0,0.0,0.0,0.0
240847,2025-12-09T06:00:00.000000000,2.859,2.388,0.0,0.0,0.0,0.0
240847,2025-12-09T07:00:00.000000000,3.48,2.4909999999999997,0.0,0.0,0.0,0.0
240847,2025-12-09T08:00:00.000000000,3.325,2.464,0.0,0.0,0.0,0.0
240847,2025-12-09T09:00:00.000000000,3.065,2.225,0.0,0.0,0.0,0.0
240847,2025-12-09T10:00:00.000000000,2.741,1.917,0.0,0.0,0.0,0.0
240847,2025-12-09T11:00:00.000000000,2.6420000000000003,1.8150000000000002,0.0,0.0,0.0,0.0
240847,2025-12-09T12:00:00.000000000,2.543,1.707,0.0,0.0,0.0,0.0
240847,2025-12-09T13:00:00.000000000,2.536,1.697,0.0,0.0,0.0,0.0
240847,2025-12-09T14:00:00.000000000,2.6849999999999996,1.814,0.0,0.0,0.0,0.0
240847,2025-12-09T15:00:00.000000000,3.651,1.702,0.0,0.0,0.0,0.0
240847,2025-12-09T16:00:00.000000000,4.721,1.434,0.0,0.0,0.0,0.0
240847,2025-12-09T17:00:00.000000000,5.06,1.639,0.0,0.0,0.0,0.0
240847,2025-12-09T18:00:00.000000000,5.154,1.6869999999999998,0.0,0.0,0.0,0.0
240847,2025-12-09T19:00:00.000000000,5.1,1.689,0.0,0.0,0.0,0.0
240847,2025-12-09T20:00:00.000000000,5.061999999999999,1.74,0.0,0.0,0.0,0.0
240847,2025-12-09T21:00:00.000000000,5.262,2.001,0.0,0.0,0.0,0.0
240847,2025-12-09T22:00:00.000000000,4.605,2.3810000000000002,0.0,0.0,0.0,0.0
240847,2025-12-09T23:00:00.000000000,3.651,3.123,0.0,0.0,0.0,0.0
240847,2025-12-10T00:00:00.000000000,3.629,3.12,0.0,0.0,0.0,0.0
240847,2025-12-10T01:00:00.000000000,3.726,3.223,0.0,0.0,0.0,0.0
240847,2025-12-10T02:00:00.000000000,3.939,3.4299999999999997,0.0,0.0,0.0,0.0
240847,2025-12-10T03:00:00.000000000,3.963,3.454,0.0,0.0,0.0,0.0
240847,2025-12-10T04:00:00.000000000,4.090999999999999,3.58,0.0,0.0,0.0,0.0
240847,2025-12-10T05:00:00.000000000,4.185,3.672,0.0,0.0,0.0,0.0
240847,2025-12-10T06:00:00.000000000,4.709,3.8040000000000003,0.0,0.0,0.0,0.0
240847,2025-12-10T07:00:00.000000000,4.8069999999999995,3.54,0.0,0.0,0.0,0.0
240847,2025-12-10T08:00:00.000000000,4.01,3.1080000000000005,0.0,0.0,0.0,0.0
240847,2025-12-10T09:00:00.000000000,2.969,2.403,0.0,0.0,0.0,0.0
240847,2025-12-10T10:00:00.000000000,2.0140000000000002,1.5659999999999998,0.0,0.0,0.0,0.0
240847,2025-12-10T11:00:00.000000000,1.773,1.119,0.0,0.0,0.0,0.0
240847,2025-12-10T12:00:00.000000000,1.4749999999999999,0.7200000000000001,0.0,0.0,0.0,0.0
240847,2025-12-10T13:00:00.000000000,0.987,0.543,0.0,0.0,0.0,0.0
240847,2025-12-10T14:00:00.000000000,1.106,0.659,0.0,0.0,0.0,0.0
240847,2025-12-10T15:00:00.000000000,1.186,0.74,0.0,0.0,0.0,0.0
240847,2025-12-10T16:00:00.000000000,1.363,0.912,0.0,0.0,0.0,0.0
240847,2025-12-10T17:00:00.000000000,1.925,1.444,0.0,0.0,0.0,0.0
240847,2025-12-10T18:00:00.000000000,3.016,1.464,0.0,0.0,0.0,0.0
240847,2025-12-10T19:00:00.000000000,4.919,1.317,0.0,0.0,0.0,0.0
240847,2025-12-10T20:00:00.000000000,3.5949999999999998,1.584,0.0,0.0,0.0,0.0
240847,2025-12-10T21:00:00.000000000,2.472,1.437,0.0,0.0,0.0,0.0
240847,2025-12-10T22:00:00.000000000,1.896,1.162,0.0,0.0,0.0,0.0
240847,2025-12-10T23:00:00.000000000,1.702,1.226,0.0,0.0,0.0,0.0
240847,2025-12-11T00:00:00.000000000,1.589,1.133,0.0,0.0,0.0,0.0
240847,2025-12-11T01:00:00.000000000,1.5270000000000001,1.08,0.0,0.0,0.0,0.0
240847,2025-12-11T02:00:00.000000000,1.5030000000000001,1.058,0.0,0.0,0.0,0.0
240847,2025-12-11T03:00:00.000000000,1.488,1.044,0.0,0.0,0.0,0.0
240847,2025-12-11T04:00:00.000000000,1.902,1.034,0.0,0.0,0.0,0.0
240847,2025-12-11T05:00:00.000000000,1.665,1.083,0.0,0.0,0.0,0.0
240847,2025-12-11T06:00:00.000000000,2.231,1.139,0.0,0.0,0.0,0.0
240847,2025-12-11T07:00:00.000000000,2.36,1.158,0.0,0.0,0.0,0.0
240847,2025-12-11T08:00:00.000000000,1.9700000000000002,1.104,0.0,0.0,0.0,0.0
240847,2025-12-11T09:00:00.000000000,1.621,1.081,0.0,0.0,0.0,0.0
240847,2025-12-11T10:00:00.000000000,1.488,1.042,0.0,0.0,0.0,0.0
240847,2025-12-11T11:00:00.000000000,1.373,0.835,0.0,0.0,0.0,0.0
240847,2025-12-11T12:00:00.000000000,1.504,0.651,0.0,0.0,0.0,0.0
240847,2025-12-11T13:00:00.000000000,1.339,0.47200000000000003,0.0,0.0,0.0,0.0
240847,2025-12-11T14:00:00.000000000,0.9019999999999999,0.33699999999999997,0.0,0.0,0.0,0.0
240847,2025-12-11T15:00:00.000000000,1.1549999999999998,0.7109999999999999,0.0,0.0,0.0,0.0
240847,2025-12-11T16:00:00.000000000,1.447,0.998,0.0,0.0,0.0,0.0
240847,2025-12-11T17:00:00.000000000,1.834,1.353,0.0,0.0,0.0,0.0
240847,2025-12-11T18:00:00.000000000,2.154,1.526,0.0,0.0,0.0,0.0
240847,2025-12-11T19:00:00.000000000,2.227,1.759,0.0,0.0,0.0,0.0
240847,2025-12-11T20:00:00.000000000,3.3019999999999996,1.697,0.0,0.0,0.0,0.0
240847,2025-12-11T21:00:00.000000000,2.84,1.928,0.0,0.0,0.0,0.0
240847,2025-12-11T22:00:00.000000000,2.677,2.0940000000000003,0.0,0.0,0.0,0.0
240847,2025-12-11T23:00:00.000000000,2.792,2.292,0.0,0.0,0.0,0.0
240847,2025-12-12T00:00:00.000000000,2.691,2.213,0.0,0.0,0.0,0.0
240847,2025-12-12T01:00:00.000000000,2.648,2.181,0.0,0.0,0.0,0.0
240847,2025-12-12T02:00:00.000000000,2.636,2.172,0.0,0.0,0.0,0.0
240847,2025-12-12T03:00:00.000000000,2.9530000000000003,2.264,0.0,0.0,0.0,0.0
240847,2025-12-12T04:00:00.000000000,3.019,2.3789999999999996,0.0,0.0,0.0,0.0
240847,2025-12-12T05:00:00.000000000,2.991,2.519,0.0,0.0,0.0,0.0
240847,2025-12-12T06:00:00.000000000,3.1530000000000005,2.4859999999999998,0.0,0.0,0.0,0.0
240847,2025-12-12T07:00:00.000000000,3.109,2.3949999999999996,0.0,0.0,0.0,0.0
240847,2025-12-12T08:00:00.000000000,2.271,1.815,0.0,0.0,0.0,0.0
240847,2025-12-12T09:00:00.000000000,1.855,1.407,0.0,0.0,0.0,0.0
240847,2025-12-12T10:00:00.000000000,1.7770000000000001,1.331,0.0,0.0,0.0,0.0
240847,2025-12-12T11:00:00.000000000,2.028,1.256,0.0,0.0,0.0,0.0
240847,2025-12-12T12:00:00.000000000,1.738,1.166,0.0,0.0,0.0,0.0
240847,2025-12-12T13:00:00.000000000,1.5140000000000002,1.066,0.0,0.0,0.0,0.0
240847,2025-12-12T14:00:00.000000000,1.5230000000000001,1.078,0.0,0.0,0.0,0.0
240847,2025-12-12T15:00:00.000000000,1.548,1.102,0.0,0.0,0.0,0.0
240847,2025-12-12T16:00:00.000000000,1.561,1.111,0.0,0.0,0.0,0.0
240847,2025-12-12T17:00:00.000000000,1.704,1.223,0.0,0.0,0.0,0.0
240847,2025-12-12T18:00:00.000000000,3.551,0.9839999999999999,0.0,0.0,0.0,0.0
240847,2025-12-12T19:00:00.000000000,2.455,1.038,0.0,0.0,0.0,0.0
240847,2025-12-12T20:00:00.000000000,2.066,1.09,0.0,0.0,0.0,0.0
240847,2025-12-12T21:00:00.000000000,2.027,1.125,0.0,0.0,0.0,0.0
240847,2025-12-12T22:00:00.000000000,2.291,1.145,0.0,0.0,0.0,0.0
240847,2025-12-12T23:00:00.000000000,2.235,1.2790000000000001,0.0,0.0,0.0,0.0
240847,2025-12-13T00:00:00.000000000,1.8780000000000001,1.239,0.0,0.0,0.0,0.0
240847,2025-12-13T01:00:00.000000000,1.755,1.202,0.0,0.0,0.0,0.0
240847,2025-12-13T02:00:00.000000000,1.628,1.182,0.0,0.0,0.0,0.0
240847,2025-12-13T03:00:00.000000000,1.625,1.182,0.0,0.0,0.0,0.0
240847,2025-12-13T04:00:00.000000000,2.045,1.18,0.0,0.0,0.0,0.0
240847,2025-12-13T05:00:00.000000000,1.6230000000000002,1.1829999999999998,0.0,0.0,0.0,0.0
240847,2025-12-13T06:00:00.000000000,1.638,1.195,0.0,0.0,0.0,0.0
240847,2025-12-13T07:00:00.000000000,1.638,1.192,0.0,0.0,0.0,0.0
240847,2025-12-13T08:00:00.000000000,1.597,1.1489999999999998,0.0,0.0,0.0,0.0
240847,2025-12-13T09:00:00.000000000,1.5379999999999998,1.09,0.0,0.0,0.0,0.0
240847,2025-12-13T10:00:00.000000000,1.6390000000000002,1.101,0.0,0.0,0.0,0.0
240847,2025-12-13T11:00:00.000000000,1.7999999999999998,1.076,0.0,0.0,0.0,0.0
240847,2025-12-13T12:00:00.000000000,1.4579999999999997,1.0110000000000001,0.0,0.0,0.0,0.0
240847,2025-12-13T13:00:00.000000000,1.248,0.8009999999999999,0.0,0.0,0.0,0.0
240847,2025-12-13T14:00:00.000000000,1.127,0.681,0.0,0.0,0.0,0.0
240847,2025-12-13T15:00:00.000000000,1.596,0.7169999999999999,0.0,0.0,0.0,0.0
240847,2025-12-13T16:00:00.000000000,1.377,0.736,0.0,0.0,0.0,0.0
240847,2025-12-13T17:00:00.000000000,1.425,0.7899999999999999,0.0,0.0,0.0,0.0
240847,2025-12-13T18:00:00.000000000,1.5330000000000001,0.7320000000000001,0.0,0.0,0.0,0.0
240847,2025-12-13T19:00:00.000000000,1.728,0.663,0.0,0.0,0.0,0.0
240847,2025-12-13T20:00:00.000000000,1.6460000000000001,0.67,0.0,0.0,0.0,0.0
240847,2025-12-13T21:00:00.000000000,1.38,0.6869999999999998,0.0,0.0,0.0,0.0
240847,2025-12-13T22:00:00.000000000,1.617,0.722,0.0,0.0,0.0,0.0
240847,2025-12-13T23:00:00.000000000,1.563,0.7989999999999999,0.0,0.0,0.0,0.0
240847,2025-12-14T00:00:00.000000000,1.6540000000000001,0.7769999999999999,0.0,0.0,0.0,0.0
240847,2025-12-14T01:00:00.000000000,1.3679999999999999,0.7770000000000001,0.0,0.0,0.0,0.0
240847,2025-12-14T02:00:00.000000000,1.219,0.774,0.0,0.0,0.0,0.0
240847,2025-12-14T03:00:00.000000000,1.228,0.7850000000000001,0.0,0.0,0.0,0.0
240847,2025-12-14T04:00:00.000000000,1.248,0.806,0.0,0.0,0.0,0.0
240847,2025-12-14T05:00:00.000000000,1.32,0.88,0.0,0.0,0.0,0.0
240847,2025-12-14T06:00:00.000000000,1.388,0.9450000000000001,0.0,0.0,0.0,0.0
240847,2025-12-14T07:00:00.000000000,1.436,0.991,0.0,0.0,0.0,0.0
240847,2025-12-14T08:00:00.000000000,1.4100000000000001,0.962,0.0,0.0,0.0,0.0
240847,2025-12-14T09:00:00.000000000,1.304,0.857,0.0,0.0,0.0,0.0
240847,2025-12-14T10:00:00.000000000,1.153,0.708,0.0,0.0,0.0,0.0
240847,2025-12-14T11:00:00.000000000,1.07,0.627,0.0,0.0,0.0,0.0
240847,2025-12-14T12:00:00.000000000,1.046,0.6,0.0,0.0,0.0,0.0
240847,2025-12-14T13:00:00.000000000,1.045,0.599,0.0,0.0,0.0,0.0
240847,2025-12-14T14:00:00.000000000,1.1680000000000001,0.611,0.0,0.0,0.0,0.0
240847,2025-12-14T15:00:00.000000000,1.348,0.639,0.0,0.0,0.0,0.0
240847,2025-12-14T16:00:00.000000000,1.127,0.6779999999999999,0.0,0.0,0.0,0.0
240847,2025-12-14T17:00:00.000000000,1.277,0.7959999999999999,0.0,0.0,0.0,0.0
240847,2025-12-14T18:00:00.000000000,1.426,0.792,0.0,0.0,0.0,0.0
240847,2025-12-14T19:00:00.000000000,1.824,0.7569999999999999,0.0,0.0,0.0,0.0
240847,2025-12-14T20:00:00.000000000,1.784,0.808,0.0,0.0,0.0,0.0
240847,2025-12-14T21:00:00.000000000,1.721,0.819,0.0,0.0,0.0,0.0
240847,2025-12-14T22:00:00.000000000,1.514,0.7809999999999999,0.0,0.0,0.0,0.0
240847,2025-12-14T23:00:00.000000000,1.6889999999999998,0.7810000000000001,0.0,0.0,0.0,0.0
240847,2025-12-15T00:00:00.000000000,1.608,0.714,0.0,0.0,0.0,0.0
240847,2025-12-15T01:00:00.000000000,1.226,0.7689999999999999,0.0,0.0,0.0,0.0
240847,2025-12-15T02:00:00.000000000,1.3010000000000002,0.856,0.0,0.0,0.0,0.0
240847,2025-12-15T03:00:00.000000000,1.3510000000000002,0.908,0.0,0.0,0.0,0.0
240847,2025-12-15T04:00:00.000000000,1.399,0.957,0.0,0.0,0.0,0.0
240847,2025-12-15T05:00:00.000000000,1.479,1.038,0.0,0.0,0.0,0.0
240847,2025-12-15T06:00:00.000000000,1.553,1.109,0.0,0.0,0.0,0.0
240847,2025-12-15T07:00:00.000000000,1.825,1.236,0.0,0.0,0.0,0.0
240847,2025-12-15T08:00:00.000000000,3.122,1.372,0.0,0.0,0.0,0.0
240847,2025-12-15T09:00:00.000000000,2.8619999999999997,1.602,0.0,0.0,0.0,0.0
240847,2025-12-15T10:00:00.000000000,2.442,1.5570000000000002,0.0,0.0,0.0,0.0
240847,2025-12-15T11:00:00.000000000,2.3259999999999996,1.5050000000000001,0.0,0.0,0.0,0.0
240847,2025-12-15T12:00:00.000000000,2.249,1.4160000000000001,0.0,0.0,0.0,0.0
240847,2025-12-15T13:00:00.000000000,2.4050000000000002,1.3559999999999999,0.0,0.0,0.0,0.0
240847,2025-12-15T14:00:00.000000000,2.807,1.5459999999999998,0.0,0.0,0.0,0.0
240847,2025-12-15T15:00:00.000000000,2.742,1.775,0.0,0.0,0.0,0.0
240847,2025-12-15T16:00:00.000000000,3.357,1.787,0.0,0.0,0.0,0.0
240847,2025-12-15T17:00:00.000000000,3.028,1.944,0.0,0.0,0.0,0.0
240847,2025-12-15T18:00:00.000000000,3.412,1.877,0.0,0.0,0.0,0.0
240847,2025-12-15T19:00:00.000000000,3.317,1.823,0.0,0.0,0.0,0.0
240847,2025-12-15T20:00:00.000000000,3.1340000000000003,2.026,0.0,0.0,0.0,0.0
240847,2025-12-15T21:00:00.000000000,3.6260000000000003,2.6900000000000004,0.0,0.0,0.0,0.0
240847,2025-12-15T22:00:00.000000000,3.189,2.433,0.0,0.0,0.0,0.0
240847,2025-12-15T23:00:00.000000000,3.18,2.6740000000000004,0.0,0.0,0.0,0.0
240847,2025-12-16T00:00:00.000000000,2.995,2.512,0.0,0.0,0.0,0.0
240847,2025-12-16T01:00:00.000000000,2.935,2.463,0.0,0.0,0.0,0.0
240847,2025-12-16T02:00:00.000000000,2.9130000000000003,2.444,0.0,0.0,0.0,0.0
240847,2025-12-16T03:00:00.000000000,3.7399999999999998,3.0380000000000003,0.0,0.0,0.0,0.0
240847,2025-12-16T04:00:00.000000000,4.037,3.312,0.0,0.0,0.0,0.0
240847,2025-12-16T05:00:00.000000000,3.7590000000000003,3.2649999999999997,0.0,0.0,0.0,0.0
240847,2025-12-16T06:00:00.000000000,3.324,2.8409999999999993,0.0,0.0,0.0,0.0
240847,2025-12-16T07:00:00.000000000,3.299,2.816,0.0,0.0,0.0,0.0
240847,2025-12-16T08:00:00.000000000,3.213,2.642,0.0,0.0,0.0,0.0
240847,2025-12-16T09:00:00.000000000,2.633,2.1719999999999997,0.0,0.0,0.0,0.0
240847,2025-12-16T10:00:00.000000000,2.166,1.72,0.0,0.0,0.0,0.0
240847,2025-12-16T11:00:00.000000000,2.057,1.329,0.0,0.0,0.0,0.0
240847,2025-12-16T12:00:00.000000000,1.765,0.9339999999999999,0.0,0.0,0.0,0.0
240847,2025-12-16T13:00:00.000000000,1.5070000000000001,0.674,0.0,0.0,0.0,0.0
240847,2025-12-16T14:00:00.000000000,1.405,0.576,0.0,0.0,0.0,0.0
240847,2025-12-16T15:00:00.000000000,1.484,0.619,0.0,0.0,0.0,0.0
240847,2025-12-16T16:00:00.000000000,1.862,0.922,0.0,0.0,0.0,0.0
240847,2025-12-16T17:00:00.000000000,2.846,1.44,0.0,0.0,0.0,0.0
240847,2025-12-16T18:00:00.000000000,4.812,1.4300000000000002,0.0,0.0,0.0,0.0
240847,2025-12-16T19:00:00.000000000,2.8289999999999997,1.762,0.0,0.0,0.0,0.0
240847,2025-12-16T20:00:00.000000000,2.784,1.807,0.0,0.0,0.0,0.0
240847,2025-12-16T21:00:00.000000000,3.262,1.932,0.0,0.0,0.0,0.0
240847,2025-12-16T22:00:00.000000000,3.036,2.1770000000000005,0.0,0.0,0.0,0.0
240847,2025-12-16T23:00:00.000000000,2.976,2.476,0.0,0.0,0.0,0.0
240847,2025-12-17T00:00:00.000000000,2.8689999999999998,2.392,0.0,0.0,0.0,0.0
240847,2025-12-17T01:00:00.000000000,2.8449999999999998,2.377,0.0,0.0,0.0,0.0
240847,2025-12-17T02:00:00.000000000,2.893,2.424,0.0,0.0,0.0,0.0
240847,2025-12-17T03:00:00.000000000,2.9,2.433,0.0,0.0,0.0,0.0
240847,2025-12-17T04:00:00.000000000,2.961,2.493,0.0,0.0,0.0,0.0
240847,2025-12-17T05:00:00.000000000,2.927,2.461,0.0,0.0,0.0,0.0
240847,2025-12-17T06:00:00.000000000,2.865,2.4019999999999997,0.0,0.0,0.0,0.0
240847,2025-12-17T07:00:00.000000000,3.221,2.427,0.0,0.0,0.0,0.0
240847,2025-12-17T08:00:00.000000000,2.903,2.335,0.0,0.0,0.0,0.0
240847,2025-12-17T09:00:00.000000000,2.6660000000000004,2.202,0.0,0.0,0.0,0.0
240847,2025-12-17T10:00:00.000000000,2.6510000000000002,2.189,0.0,0.0,0.0,0.0
240847,2025-12-17T11:00:00.000000000,2.715,2.251,0.0,0.0,0.0,0.0
240847,2025-12-17T12:00:00.000000000,2.6460000000000004,2.1790000000000003,0.0,0.0,0.0,0.0
240847,2025-12-17T13:00:00.000000000,2.579,2.115,0.0,0.0,0.0,0.0
240847,2025-12-17T14:00:00.000000000,2.391,1.9329999999999998,0.0,0.0,0.0,0.0
240847,2025-12-17T15:00:00.000000000,2.352,1.896,0.0,0.0,0.0,0.0
240847,2025-12-17T16:00:00.000000000,2.402,1.94,0.0,0.0,0.0,0.0
240847,2025-12-17T17:00:00.000000000,2.357,1.866,0.0,0.0,0.0,0.0
240847,2025-12-17T18:00:00.000000000,1.9449999999999998,1.471,0.0,0.0,0.0,0.0
240847,2025-12-17T19:00:00.000000000,1.792,1.328,0.0,0.0,0.0,0.0
240847,2025-12-17T20:00:00.000000000,2.1159999999999997,1.186,0.0,0.0,0.0,0.0
240847,2025-12-17T21:00:00.000000000,2.19,1.0910000000000002,0.0,0.0,0.0,0.0
240847,2025-12-17T22:00:00.000000000,1.846,1.03,0.0,0.0,0.0,0.0
240847,2025-12-17T23:00:00.000000000,1.5490000000000002,1.0710000000000002,0.0,0.0,0.0,0.0
240847,2025-12-18T00:00:00.000000000,1.5030000000000001,1.0470000000000002,0.0,0.0,0.0,0.0
240847,2025-12-18T01:00:00.000000000,1.5910000000000002,1.037,0.0,0.0,0.0,0.0
240847,2025-12-18T02:00:00.000000000,1.863,0.998,0.0,0.0,0.0,0.0
240847,2025-12-18T03:00:00.000000000,1.412,0.969,0.0,0.0,0.0,0.0
240847,2025-12-18T04:00:00.000000000,1.458,1.018,0.0,0.0,0.0,0.0
240847,2025-12-18T05:00:00.000000000,1.495,1.0550000000000002,0.0,0.0,0.0,0.0
240847,2025-12-18T06:00:00.000000000,1.552,1.11,0.0,0.0,0.0,0.0
240847,2025-12-18T07:00:00.000000000,1.706,1.259,0.0,0.0,0.0,0.0
240847,2025-12-18T08:00:00.000000000,2.572,1.636,0.0,0.0,0.0,0.0
240847,2025-12-18T09:00:00.000000000,2.8839999999999995,1.642,0.0,0.0,0.0,0.0
240847,2025-12-18T10:00:00.000000000,11.100999999999999,3.118,0.0,0.0,0.0,0.0
240847,2025-12-18T11:00:00.000000000,8.783,2.888,0.0,0.0,0.0,0.0
240847,2025-12-18T12:00:00.000000000,2.37,1.912,0.0,0.0,0.0,0.0
240847,2025-12-18T13:00:00.000000000,2.571,2.1060000000000003,0.0,0.0,0.0,0.0
240847,2025-12-18T14:00:00.000000000,2.7510000000000003,2.082,0.0,0.0,0.0,0.0
240847,2025-12-18T15:00:00.000000000,2.8000000000000003,1.924,0.0,0.0,0.0,0.0
240847,2025-12-18T16:00:00.000000000,2.334,1.79,0.0,0.0,0.0,0.0
240847,2025-12-18T17:00:00.000000000,2.386,1.9,0.0,0.0,0.0,0.0
240847,2025-12-18T18:00:00.000000000,2.3369999999999997,1.8610000000000002,0.0,0.0,0.0,0.0
240847,2025-12-18T19:00:00.000000000,2.803,1.759,0.0,0.0,0.0,0.0
240847,2025-12-18T20:00:00.000000000,3.427,1.59,0.0,0.0,0.0,0.0
240847,2025-12-18T21:00:00.000000000,2.613,1.7089999999999999,0.0,0.0,0.0,0.0
240847,2025-12-18T22:00:00.000000000,2.537,1.718,0.0,0.0,0.0,0.0
240847,2025-12-18T23:00:00.000000000,2.6109999999999998,1.88,0.0,0.0,0.0,0.0
240847,2025-12-19T00:00:00.000000000,2.36,1.802,0.0,0.0,0.0,0.0
240847,2025-12-19T01:00:00.000000000,2.2769999999999997,1.825,0.0,0.0,0.0,0.0
240847,2025-12-19T02:00:00.000000000,2.217,1.77,0.0,0.0,0.0,0.0
240847,2025-12-19T03:00:00.000000000,2.451,1.79,0.0,0.0,0.0,0.0
240847,2025-12-19T04:00:00.000000000,2.567,1.834,0.0,0.0,0.0,0.0
240847,2025-12-19T05:00:00.000000000,2.32,1.8719999999999999,0.0,0.0,0.0,0.0
240847,2025-12-19T06:00:00.000000000,2.24,1.794,0.0,0.0,0.0,0.0
240847,2025-12-19T07:00:00.000000000,2.5540000000000003,1.807,0.0,0.0,0.0,0.0
240847,2025-12-19T08:00:00.000000000,2.7859999999999996,1.553,0.0,0.0,0.0,0.0
240847,2025-12-19T09:00:00.000000000,2.332,1.373,0.0,0.0,0.0,0.0
240847,2025-12-19T10:00:00.000000000,1.673,1.1589999999999998,0.0,0.0,0.0,0.0
240847,2025-12-19T11:00:00.000000000,1.3199999999999998,0.877,0.0,0.0,0.0,0.0
240847,2025-12-19T12:00:00.000000000,1.166,0.617,0.0,0.0,0.0,0.0
240847,2025-12-19T13:00:00.000000000,1.338,0.469,0.0,0.0,0.0,0.0
240847,2025-12-19T14:00:00.000000000,0.954,0.46,0.0,0.0,0.0,0.0
240847,2025-12-19T15:00:00.000000000,1.0230000000000001,0.5790000000000001,0.0,0.0,0.0,0.0
240847,2025-12-19T16:00:00.000000000,1.2309999999999999,0.7839999999999999,0.0,0.0,0.0,0.0
240847,2025-12-19T17:00:00.000000000,1.63,1.149,0.0,0.0,0.0,0.0
240847,2025-12-19T18:00:00.000000000,1.9659999999999997,1.493,0.0,0.0,0.0,0.0
240847,2025-12-19T19:00:00.000000000,2.2560000000000002,1.786,0.0,0.0,0.0,0.0
240847,2025-12-19T20:00:00.000000000,2.843,2.1340000000000003,0.0,0.0,0.0,0.0
240847,2025-12-19T21:00:00.000000000,3.648,2.303,0.0,0.0,0.0,0.0
240847,2025-12-19T22:00:00.000000000,3.608,2.43,0.0,0.0,0.0,0.0
240847,2025-12-19T23:00:00.000000000,3.359,2.7539999999999996,0.0,0.0,0.0,0.0
240847,2025-12-20T00:00:00.000000000,3.143,2.6510000000000002,0.0,0.0,0.0,0.0
240847,2025-12-20T01:00:00.000000000,3.12,2.638,0.0,0.0,0.0,0.0
240847,2025-12-20T02:00:00.000000000,3.2270000000000003,2.742,0.0,0.0,0.0,0.0
240847,2025-12-20T03:00:00.000000000,3.205,2.724,0.0,0.0,0.0,0.0
240847,2025-12-20T04:00:00.000000000,3.1940000000000004,2.714,0.0,0.0,0.0,0.0
240847,2025-12-20T05:00:00.000000000,3.172,2.6940000000000004,0.0,0.0,0.0,0.0
240847,2025-12-20T06:00:00.000000000,3.567,2.543,0.0,0.0,0.0,0.0
240847,2025-12-20T07:00:00.000000000,3.1689999999999996,2.547,0.0,0.0,0.0,0.0
240847,2025-12-20T08:00:00.000000000,2.902,2.424,0.0,0.0,0.0,0.0
240847,2025-12-20T09:00:00.000000000,1.934,1.4849999999999999,0.0,0.0,0.0,0.0
240847,2025-12-20T10:00:00.000000000,1.717,1.272,0.0,0.0,0.0,0.0
240847,2025-12-20T11:00:00.000000000,1.504,1.06,0.0,0.0,0.0,0.0
240847,2025-12-20T12:00:00.000000000,1.524,1.078,0.0,0.0,0.0,0.0
240847,2025-12-20T13:00:00.000000000,1.5790000000000002,1.135,0.0,0.0,0.0,0.0
240847,2025-12-20T14:00:00.000000000,1.5770000000000002,1.131,0.0,0.0,0.0,0.0
240847,2025-12-20T15:00:00.000000000,1.594,1.053,0.0,0.0,0.0,0.0
240847,2025-12-20T16:00:00.000000000,1.608,1.157,0.0,0.0,0.0,0.0
240847,2025-12-20T17:00:00.000000000,2.008,1.312,0.0,0.0,0.0,0.0
240847,2025-12-20T18:00:00.000000000,1.9980000000000002,1.327,0.0,0.0,0.0,0.0
240847,2025-12-20T19:00:00.000000000,2.483,1.3689999999999998,0.0,0.0,0.0,0.0
240847,2025-12-20T20:00:00.000000000,2.842,1.455,0.0,0.0,0.0,0.0
240847,2025-12-20T21:00:00.000000000,2.801,1.475,0.0,0.0,0.0,0.0
240847,2025-12-20T22:00:00.000000000,2.362,1.528,0.0,0.0,0.0,0.0
240847,2025-12-20T23:00:00.000000000,2.211,1.733,0.0,0.0,0.0,0.0
240847,2025-12-21T00:00:00.000000000,2.194,1.736,0.0,0.0,0.0,0.0
240847,2025-12-21T01:00:00.000000000,2.676,1.816,0.0,0.0,0.0,0.0
240847,2025-12-21T02:00:00.000000000,2.708,1.844,0.0,0.0,0.0,0.0
240847,2025-12-21T03:00:00.000000000,2.55,1.871,0.0,0.0,0.0,0.0
240847,2025-12-21T04:00:00.000000000,2.372,1.922,0.0,0.0,0.0,0.0
240847,2025-12-21T05:00:00.000000000,2.4,1.9500000000000002,0.0,0.0,0.0,0.0
240847,2025-12-21T06:00:00.000000000,2.458,2.005,0.0,0.0,0.0,0.0
240847,2025-12-21T07:00:00.000000000,2.585,1.9529999999999998,0.0,0.0,0.0,0.0
240847,2025-12-21T08:00:00.000000000,2.473,1.93,0.0,0.0,0.0,0.0
240847,2025-12-21T09:00:00.000000000,2.255,1.803,0.0,0.0,0.0,0.0
240847,2025-12-21T10:00:00.000000000,1.9609999999999999,1.513,0.0,0.0,0.0,0.0
240847,2025-12-21T11:00:00.000000000,1.9320000000000002,1.282,0.0,0.0,0.0,0.0
240847,2025-12-21T12:00:00.000000000,1.848,0.998,0.0,0.0,0.0,0.0
240847,2025-12-21T13:00:00.000000000,1.776,0.9019999999999999,0.0,0.0,0.0,0.0
240847,2025-12-21T14:00:00.000000000,1.334,0.873,0.0,0.0,0.0,0.0
240847,2025-12-21T15:00:00.000000000,1.4329999999999998,0.987,0.0,0.0,0.0,0.0
240847,2025-12-21T16:00:00.000000000,1.714,1.265,0.0,0.0,0.0,0.0
240847,2025-12-21T17:00:00.000000000,2.05,1.568,0.0,0.0,0.0,0.0
240847,2025-12-21T18:00:00.000000000,2.085,1.613,0.0,0.0,0.0,0.0
240847,2025-12-21T19:00:00.000000000,2.209,1.744,0.0,0.0,0.0,0.0
240847,2025-12-21T20:00:00.000000000,2.7199999999999998,1.8860000000000001,0.0,0.0,0.0,0.0
240847,2025-12-21T21:00:00.000000000,2.9650000000000003,2.052,0.0,0.0,0.0,0.0
240847,2025-12-21T22:00:00.000000000,3.0860000000000003,2.252,0.0,0.0,0.0,0.0
240847,2025-12-21T23:00:00.000000000,3.221,2.63,0.0,0.0,0.0,0.0
240847,2025-12-22T00:00:00.000000000,3.338,2.634,0.0,0.0,0.0,0.0
240847,2025-12-22T01:00:00.000000000,3.5520000000000005,2.6510000000000002,0.0,0.0,0.0,0.0
240847,2025-12-22T02:00:00.000000000,3.281,2.668,0.0,0.0,0.0,0.0
240847,2025-12-22T03:00:00.000000000,3.176,2.701,0.0,0.0,0.0,0.0
240847,2025-12-22T04:00:00.000000000,3.1910000000000003,2.716,0.0,0.0,0.0,0.0
240847,2025-12-22T05:00:00.000000000,3.274,2.796,0.0,0.0,0.0,0.0
240847,2025-12-22T06:00:00.000000000,3.1990000000000003,2.722,0.0,0.0,0.0,0.0
240847,2025-12-22T07:00:00.000000000,3.2120000000000006,2.7300000000000004,0.0,0.0,0.0,0.0
240847,2025-12-22T08:00:00.000000000,3.288,2.536,0.0,0.0,0.0,0.0
240847,2025-12-22T09:00:00.000000000,2.9759999999999995,2.145,0.0,0.0,0.0,0.0
240847,2025-12-22T10:00:00.000000000,2.3320000000000003,1.7910000000000001,0.0,0.0,0.0,0.0
240847,2025-12-22T11:00:00.000000000,1.974,1.5279999999999998,0.0,0.0,0.0,0.0
240847,2025-12-22T12:00:00.000000000,1.608,1.161,0.0,0.0,0.0,0.0
240847,2025-12-22T13:00:00.000000000,2.4290000000000003,0.8399999999999999,0.0,0.0,0.0,0.0
240847,2025-12-22T14:00:00.000000000,2.286,0.7250000000000001,0.0,0.0,0.0,0.0
240847,2025-12-22T15:00:00.000000000,1.8119999999999998,0.752,0.0,0.0,0.0,0.0
240847,2025-12-22T16:00:00.000000000,1.9569999999999999,1.016,0.0,0.0,0.0,0.0
240847,2025-12-22T17:00:00.000000000,2.4850000000000003,1.407,0.0,0.0,0.0,0.0
240847,2025-12-22T18:00:00.000000000,2.942,1.6159999999999999,0.0,0.0,0.0,0.0
240847,2025-12-22T19:00:00.000000000,3.2749999999999995,1.798,0.0,0.0,0.0,0.0
240847,2025-12-22T20:00:00.000000000,3.349,1.9500000000000002,0.0,0.0,0.0,0.0
240847,2025-12-22T21:00:00.000000000,3.072,2.1380000000000003,0.0,0.0,0.0,0.0
240847,2025-12-22T22:00:00.000000000,2.972,2.3850000000000002,0.0,0.0,0.0,0.0
240847,2025-12-22T23:00:00.000000000,3.4490000000000003,2.931,0.0,0.0,0.0,0.0
240847,2025-12-23T00:00:00.000000000,3.617,3.015,0.0,0.0,0.0,0.0
240847,2025-12-23T01:00:00.000000000,4.136,3.219,0.0,0.0,0.0,0.0
240847,2025-12-23T02:00:00.000000000,4.285,3.745,0.0,0.0,0.0,0.0
240847,2025-12-23T03:00:00.000000000,4.383,3.8609999999999998,0.0,0.0,0.0,0.0
240847,2025-12-23T04:00:00.000000000,4.485,3.9579999999999997,0.0,0.0,0.0,0.0
240847,2025-12-23T05:00:00.000000000,4.603,4.071,0.0,0.0,0.0,0.0
240847,2025-12-23T06:00:00.000000000,4.612,4.0169999999999995,0.0,0.0,0.0,0.0
240847,2025-12-23T07:00:00.000000000,4.869,4.006,0.0,0.0,0.0,0.0
240847,2025-12-23T08:00:00.000000000,4.104,3.498,0.0,0.0,0.0,0.0
240847,2025-12-23T09:00:00.000000000,3.144,2.3070000000000004,0.0,0.0,0.0,0.0
240847,2025-12-23T10:00:00.000000000,2.414,1.598,0.0,0.0,0.0,0.0
240847,2025-12-23T11:00:00.000000000,1.955,1.135,0.0,0.0,0.0,0.0
240847,2025-12-23T12:00:00.000000000,1.859,0.7130000000000001,0.0,0.0,0.0,0.0
240847,2025-12-23T13:00:00.000000000,1.682,0.44099999999999995,0.0,0.0,0.0,0.0
240847,2025-12-23T14:00:00.000000000,1.556,0.316,0.0,0.0,0.0,0.0
240847,2025-12-23T15:00:00.000000000,1.436,0.34099999999999997,0.0,0.0,0.0,0.0
240847,2025-12-23T16:00:00.000000000,1.573,0.633,0.0,0.0,0.0,0.0
240847,2025-12-23T17:00:00.000000000,2.254,1.179,0.0,0.0,0.0,0.0
240847,2025-12-23T18:00:00.000000000,7.344,2.322,0.0,0.0,0.0,0.0
240847,2025-12-23T19:00:00.000000000,15.744000000000002,4.824,0.0,0.0,0.0,0.0
240847,2025-12-23T20:00:00.000000000,10.447000000000001,3.5480000000000005,0.0,0.0,0.0,0.0
240847,2025-12-23T21:00:00.000000000,3.013,1.87,0.0,0.0,0.0,0.0
240847,2025-12-23T22:00:00.000000000,2.581,2.104,0.0,0.0,0.0,0.0
240847,2025-12-23T23:00:00.000000000,2.8600000000000003,2.36,0.0,0.0,0.0,0.0
240847,2025-12-24T00:00:00.000000000,2.707,2.231,0.0,0.0,0.0,0.0
240847,2025-12-24T01:00:00.000000000,2.581,2.118,0.0,0.0,0.0,0.0
240847,2025-12-24T02:00:00.000000000,2.078,1.6280000000000001,0.0,0.0,0.0,0.0
240847,2025-12-24T03:00:00.000000000,1.718,1.274,0.0,0.0,0.0,0.0
240847,2025-12-24T04:00:00.000000000,1.656,1.214,0.0,0.0,0.0,0.0
240847,2025-12-24T05:00:00.000000000,1.5220000000000002,1.082,0.0,0.0,0.0,0.0
240847,2025-12-24T06:00:00.000000000,1.476,1.033,0.0,0.0,0.0,0.0
240847,2025-12-24T07:00:00.000000000,5.762,1.326,0.0,0.0,0.0,0.0
240847,2025-12-24T08:00:00.000000000,6.7860000000000005,1.3530000000000002,0.0,0.0,0.0,0.0
240847,2025-12-24T09:00:00.000000000,1.69,1.0150000000000001,0.0,0.0,0.0,0.0
240847,2025-12-24T10:00:00.000000000,1.4339999999999997,0.988,0.0,0.0,0.0,0.0
240847,2025-12-24T11:00:00.000000000,1.4129999999999998,0.969,0.0,0.0,0.0,0.0
240847,2025-12-24T12:00:00.000000000,1.335,0.889,0.0,0.0,0.0,0.0
240847,2025-12-24T13:00:00.000000000,0.9859999999999999,0.5399999999999999,0.0,0.0,0.0,0.0
240847,2025-12-24T14:00:00.000000000,0.928,0.484,0.0,0.0,0.0,0.0
240847,2025-12-24T15:00:00.000000000,1.19,0.534,0.0,0.0,0.0,0.0
240847,2025-12-24T16:00:00.000000000,1.2890000000000001,0.5980000000000001,0.0,0.0,0.0,0.0
240847,2025-12-24T17:00:00.000000000,1.3199999999999998,0.842,0.0,0.0,0.0,0.0
240847,2025-12-24T18:00:00.000000000,1.441,0.97,0.0,0.0,0.0,0.0
240847,2025-12-24T19:00:00.000000000,3.804,0.7869999999999999,0.0,0.0,0.0,0.0
240847,2025-12-24T20:00:00.000000000,2.602,1.083,0.0,0.0,0.0,0.0
240847,2025-12-24T21:00:00.000000000,2.814,1.396,0.0,0.0,0.0,0.0
240847,2025-12-24T22:00:00.000000000,2.424,1.5,0.0,0.0,0.0,0.0
240847,2025-12-24T23:00:00.000000000,2.816,1.7400000000000002,0.0,0.0,0.0,0.0
240847,2025-12-25T00:00:00.000000000,2.414,1.9489999999999998,0.0,0.0,0.0,0.0
240847,2025-12-25T01:00:00.000000000,2.745,2.279,0.0,0.0,0.0,0.0
240847,2025-12-25T02:00:00.000000000,2.917,2.444,0.0,0.0,0.0,0.0
240847,2025-12-25T03:00:00.000000000,2.872,2.404,0.0,0.0,0.0,0.0
240847,2025-12-25T04:00:00.000000000,2.925,2.457,0.0,0.0,0.0,0.0
240847,2025-12-25T05:00:00.000000000,2.9850000000000003,2.5170000000000003,0.0,0.0,0.0,0.0
240847,2025-12-25T06:00:00.000000000,3.586,2.734,0.0,0.0,0.0,0.0
240847,2025-12-25T07:00:00.000000000,4.174,3.045,0.0,0.0,0.0,0.0
240847,2025-12-25T08:00:00.000000000,3.752,2.868,0.0,0.0,0.0,0.0
240847,2025-12-25T09:00:00.000000000,3.016,2.138,0.0,0.0,0.0,0.0
240847,2025-12-25T10:00:00.000000000,2.5180000000000002,1.643,0.0,0.0,0.0,0.0
240847,2025-12-25T11:00:00.000000000,2.2939999999999996,1.252,0.0,0.0,0.0,0.0
240847,2025-12-25T12:00:00.000000000,1.3920000000000001,0.947,0.0,0.0,0.0,0.0
240847,2025-12-25T13:00:00.000000000,1.173,0.7280000000000001,0.0,0.0,0.0,0.0
240847,2025-12-25T14:00:00.000000000,1.09,0.645,0.0,0.0,0.0,0.0
240847,2025-12-25T15:00:00.000000000,1.365,0.7129999999999999,0.0,0.0,0.0,0.0
240847,2025-12-25T16:00:00.000000000,1.832,1.0,0.0,0.0,0.0,0.0
240847,2025-12-25T17:00:00.000000000,2.034,1.552,0.0,0.0,0.0,0.0
240847,2025-12-25T18:00:00.000000000,2.931,1.806,0.0,0.0,0.0,0.0
240847,2025-12-25T19:00:00.000000000,2.991,1.92,0.0,0.0,0.0,0.0
240847,2025-12-25T20:00:00.000000000,3.0980000000000003,2.109,0.0,0.0,0.0,0.0
240847,2025-12-25T21:00:00.000000000,3.2430000000000003,2.319,0.0,0.0,0.0,0.0
240847,2025-12-25T22:00:00.000000000,3.311,2.4659999999999997,0.0,0.0,0.0,0.0
240847,2025-12-25T23:00:00.000000000,3.5149999999999997,2.794,0.0,0.0,0.0,0.0
240847,2025-12-26T00:00:00.000000000,3.5740000000000003,2.667,0.0,0.0,0.0,0.0
240847,2025-12-26T01:00:00.000000000,3.3449999999999998,2.6990000000000003,0.0,0.0,0.0,0.0
240847,2025-12-26T02:00:00.000000000,3.0460000000000003,2.57,0.0,0.0,0.0,0.0
240847,2025-12-26T03:00:00.000000000,3.099,2.6220000000000003,0.0,0.0,0.0,0.0
240847,2025-12-26T04:00:00.000000000,3.196,2.717,0.0,0.0,0.0,0.0
240847,2025-12-26T05:00:00.000000000,3.086,2.612,0.0,0.0,0.0,0.0
240847,2025-12-26T06:00:00.000000000,2.9709999999999996,2.501,0.0,0.0,0.0,0.0
240847,2025-12-26T07:00:00.000000000,3.049,2.5709999999999997,0.0,0.0,0.0,0.0
240847,2025-12-26T08:00:00.000000000,3.028,2.548,0.0,0.0,0.0,0.0
240847,2025-12-26T09:00:00.000000000,2.893,2.4179999999999997,0.0,0.0,0.0,0.0
240847,2025-12-26T10:00:00.000000000,2.639,2.1740000000000004,0.0,0.0,0.0,0.0
240847,2025-12-26T11:00:00.000000000,2.567,2.106,0.0,0.0,0.0,0.0
240847,2025-12-26T12:00:00.000000000,2.668,2.0140000000000002,0.0,0.0,0.0,0.0
240847,2025-12-26T13:00:00.000000000,2.7439999999999998,2.068,0.0,0.0,0.0,0.0
240847,2025-12-26T14:00:00.000000000,2.759,2.09,0.0,0.0,0.0,0.0
240847,2025-12-26T15:00:00.000000000,2.442,1.9849999999999999,0.0,0.0,0.0,0.0
240847,2025-12-26T16:00:00.000000000,2.5460000000000003,2.081,0.0,0.0,0.0,0.0
240847,2025-12-26T17:00:00.000000000,2.881,2.3739999999999997,0.0,0.0,0.0,0.0
240847,2025-12-26T18:00:00.000000000,2.7790000000000004,2.2840000000000003,0.0,0.0,0.0,0.0
240847,2025-12-26T19:00:00.000000000,2.7380000000000004,2.252,0.0,0.0,0.0,0.0
240847,2025-12-26T20:00:00.000000000,3.167,2.313,0.0,0.0,0.0,0.0
240847,2025-12-26T21:00:00.000000000,3.463,2.429,0.0,0.0,0.0,0.0
240847,2025-12-26T22:00:00.000000000,3.776,2.523,0.0,0.0,0.0,0.0
240847,2025-12-26T23:00:00.000000000,4.118,3.0370000000000004,0.0,0.0,0.0,0.0
240847,2025-12-27T00:00:00.000000000,3.676,3.077,0.0,0.0,0.0,0.0
240847,2025-12-27T01:00:00.000000000,3.506,3.013,0.0,0.0,0.0,0.0
240847,2025-12-27T02:00:00.000000000,3.6769999999999996,3.178,0.0,0.0,0.0,0.0
240847,2025-12-27T03:00:00.000000000,3.7110000000000003,3.212,0.0,0.0,0.0,0.0
240847,2025-12-27T04:00:00.000000000,4.333,2.935,0.0,0.0,0.0,0.0
240847,2025-12-27T05:00:00.000000000,4.055,3.1510000000000002,0.0,0.0,0.0,0.0
240847,2025-12-27T06:00:00.000000000,3.948,3.2239999999999998,0.0,0.0,0.0,0.0
240847,2025-12-27T07:00:00.000000000,4.375,3.344,0.0,0.0,0.0,0.0
240847,2025-12-27T08:00:00.000000000,4.41,3.1630000000000003,0.0,0.0,0.0,0.0
240847,2025-12-27T09:00:00.000000000,4.083,2.855,0.0,0.0,0.0,0.0
240847,2025-12-27T10:00:00.000000000,3.2590000000000003,2.398,0.0,0.0,0.0,0.0
240847,2025-12-27T11:00:00.000000000,2.7769999999999997,1.925,0.0,0.0,0.0,0.0
240847,2025-12-27T12:00:00.000000000,2.495,1.629,0.0,0.0,0.0,0.0
240847,2025-12-27T13:00:00.000000000,2.1470000000000002,1.3499999999999999,0.0,0.0,0.0,0.0
240847,2025-12-27T14:00:00.000000000,1.709,1.262,0.0,0.0,0.0,0.0
240847,2025-12-27T15:00:00.000000000,1.702,1.255,0.0,0.0,0.0,0.0
240847,2025-12-27T16:00:00.000000000,1.9580000000000002,1.507,0.0,0.0,0.0,0.0
240847,2025-12-27T17:00:00.000000000,2.402,1.915,0.0,0.0,0.0,0.0
240847,2025-12-27T18:00:00.000000000,2.6109999999999998,2.129,0.0,0.0,0.0,0.0
240847,2025-12-27T19:00:00.000000000,2.8659999999999997,2.381,0.0,0.0,0.0,0.0
240847,2025-12-27T20:00:00.000000000,4.92,2.528,0.0,0.0,0.0,0.0
240847,2025-12-27T21:00:00.000000000,11.932,4.361,0.0,0.0,0.0,0.0
240847,2025-12-27T22:00:00.000000000,3.136,2.302,0.0,0.0,0.0,0.0
240847,2025-12-27T23:00:00.000000000,3.4179999999999997,2.6630000000000003,0.0,0.0,0.0,0.0
240847,2025-12-28T00:00:00.000000000,3.174,2.633,0.0,0.0,0.0,0.0
240847,2025-12-28T01:00:00.000000000,3.447,2.648,0.0,0.0,0.0,0.0
240847,2025-12-28T02:00:00.000000000,3.479,2.835,0.0,0.0,0.0,0.0
240847,2025-12-28T03:00:00.000000000,3.501,3.013,0.0,0.0,0.0,0.0
240847,2025-12-28T04:00:00.000000000,3.635,3.144,0.0,0.0,0.0,0.0
240847,2025-12-28T05:00:00.000000000,3.733,3.239,0.0,0.0,0.0,0.0
240847,2025-12-28T06:00:00.000000000,3.676,3.1830000000000003,0.0,0.0,0.0,0.0
240847,2025-12-28T07:00:00.000000000,4.010999999999999,3.417,0.0,0.0,0.0,0.0
240847,2025-12-28T08:00:00.000000000,3.758,3.2569999999999997,0.0,0.0,0.0,0.0
240847,2025-12-28T09:00:00.000000000,2.99,2.518,0.0,0.0,0.0,0.0
240847,2025-12-28T10:00:00.000000000,2.394,1.943,0.0,0.0,0.0,0.0
240847,2025-12-28T11:00:00.000000000,2.379,1.6139999999999999,0.0,0.0,0.0,0.0
240847,2025-12-28T12:00:00.000000000,2.048,1.444,0.0,0.0,0.0,0.0
240847,2025-12-28T13:00:00.000000000,1.688,1.24,0.0,0.0,0.0,0.0
240847,2025-12-28T14:00:00.000000000,1.496,1.049,0.0,0.0,0.0,0.0
240847,2025-12-28T15:00:00.000000000,1.4700000000000002,1.025,0.0,0.0,0.0,0.0
240847,2025-12-28T16:00:00.000000000,1.654,1.203,0.0,0.0,0.0,0.0
240847,2025-12-28T17:00:00.000000000,2.012,1.53,0.0,0.0,0.0,0.0
240847,2025-12-28T18:00:00.000000000,2.589,1.684,0.0,0.0,0.0,0.0
240847,2025-12-28T19:00:00.000000000,3.687,1.775,0.0,0.0,0.0,0.0
240847,2025-12-28T20:00:00.000000000,5.021000000000001,1.5779999999999998,0.0,0.0,0.0,0.0
240847,2025-12-28T21:00:00.000000000,4.593,1.451,0.0,0.0,0.0,0.0
240847,2025-12-28T22:00:00.000000000,2.4280000000000004,1.704,0.0,0.0,0.0,0.0
240847,2025-12-28T23:00:00.000000000,2.837,1.95,0.0,0.0,0.0,0.0
240847,2025-12-29T00:00:00.000000000,2.7120000000000006,1.9489999999999998,0.0,0.0,0.0,0.0
240847,2025-12-29T01:00:00.000000000,2.4450000000000003,1.992,0.0,0.0,0.0,0.0
240847,2025-12-29T02:00:00.000000000,2.641,2.1820000000000004,0.0,0.0,0.0,0.0
240847,2025-12-29T03:00:00.000000000,2.7819999999999996,2.3209999999999997,0.0,0.0,0.0,0.0
240847,2025-12-29T04:00:00.000000000,2.7909999999999995,2.331,0.0,0.0,0.0,0.0
240847,2025-12-29T05:00:00.000000000,2.816,2.356,0.0,0.0,0.0,0.0
240847,2025-12-29T06:00:00.000000000,2.8579999999999997,2.394,0.0,0.0,0.0,0.0
240847,2025-12-29T07:00:00.000000000,2.9669999999999996,2.496,0.0,0.0,0.0,0.0
240847,2025-12-29T08:00:00.000000000,3.1140000000000003,2.368,0.0,0.0,0.0,0.0
240847,2025-12-29T09:00:00.000000000,3.3000000000000003,2.061,0.0,0.0,0.0,0.0
240847,2025-12-29T10:00:00.000000000,2.891,1.672,0.0,0.0,0.0,0.0
240847,2025-12-29T11:00:00.000000000,2.6630000000000003,1.441,0.0,0.0,0.0,0.0
240847,2025-12-29T12:00:00.000000000,2.693,1.471,0.0,0.0,0.0,0.0
240847,2025-12-29T13:00:00.000000000,2.639,1.436,0.0,0.0,0.0,0.0
240847,2025-12-29T14:00:00.000000000,3.268,1.352,0.0,0.0,0.0,0.0
240847,2025-12-29T15:00:00.000000000,2.9730000000000003,1.4,0.0,0.0,0.0,0.0
240847,2025-12-29T16:00:00.000000000,2.857,1.5310000000000001,0.0,0.0,0.0,0.0
240847,2025-12-29T17:00:00.000000000,3.231,1.759,0.0,0.0,0.0,0.0
240847,2025-12-29T18:00:00.000000000,3.302,1.795,0.0,0.0,0.0,0.0
240847,2025-12-29T19:00:00.000000000,3.2420000000000004,1.7810000000000001,0.0,0.0,0.0,0.0
240847,2025-12-29T20:00:00.000000000,3.228,1.8399999999999999,0.0,0.0,0.0,0.0
240847,2025-12-29T21:00:00.000000000,3.392,2.061,0.0,0.0,0.0,0.0
240847,2025-12-29T22:00:00.000000000,3.25,2.296,0.0,0.0,0.0,0.0
240847,2025-12-29T23:00:00.000000000,3.218,2.708,0.0,0.0,0.0,0.0
240847,2025-12-30T00:00:00.000000000,3.0890000000000004,2.6029999999999998,0.0,0.0,0.0,0.0
240847,2025-12-30T01:00:00.000000000,3.02,2.5460000000000003,0.0,0.0,0.0,0.0
240847,2025-12-30T02:00:00.000000000,3.0770000000000004,2.526,0.0,0.0,0.0,0.0
240847,2025-12-30T03:00:00.000000000,3.1570000000000005,2.634,0.0,0.0,0.0,0.0
240847,2025-12-30T04:00:00.000000000,3.3680000000000003,2.886,0.0,0.0,0.0,0.0
240847,2025-12-30T05:00:00.000000000,3.423,2.94,0.0,0.0,0.0,0.0
240847,2025-12-30T06:00:00.000000000,3.375,2.892,0.0,0.0,0.0,0.0
240847,2025-12-30T07:00:00.000000000,3.3339999999999996,2.851,0.0,0.0,0.0,0.0
240847,2025-12-30T08:00:00.000000000,3.532,2.771,0.0,0.0,0.0,0.0
240847,2025-12-30T09:00:00.000000000,3.6710000000000003,2.609,0.0,0.0,0.0,0.0
240847,2025-12-30T10:00:00.000000000,4.285,1.891,0.0,0.0,0.0,0.0
240847,2025-12-30T11:00:00.000000000,2.552,1.73,0.0,0.0,0.0,0.0
240847,2025-12-30T12:00:00.000000000,3.1180000000000003,1.307,0.0,0.0,0.0,0.0
240847,2025-12-30T13:00:00.000000000,3.3340000000000005,0.857,0.0,0.0,0.0,0.0
240847,2025-12-30T14:00:00.000000000,1.783,0.955,0.0,0.0,0.0,0.0
240847,2025-12-30T15:00:00.000000000,1.853,0.986,0.0,0.0,0.0,0.0
240847,2025-12-30T16:00:00.000000000,2.624,1.263,0.0,0.0,0.0,0.0
240847,2025-12-30T17:00:00.000000000,2.832,1.653,0.0,0.0,0.0,0.0
240847,2025-12-30T18:00:00.000000000,3.5189999999999997,1.767,0.0,0.0,0.0,0.0
240847,2025-12-30T19:00:00.000000000,4.4399999999999995,1.8459999999999999,0.0,0.0,0.0,0.0
240847,2025-12-30T20:00:00.000000000,3.6679999999999997,2.095,0.0,0.0,0.0,0.0
240847,2025-12-30T21:00:00.000000000,3.262,2.3419999999999996,0.0,0.0,0.0,0.0
240847,2025-12-30T22:00:00.000000000,3.272,2.434,0.0,0.0,0.0,0.0
240847,2025-12-30T23:00:00.000000000,3.3850000000000002,2.7910000000000004,0.0,0.0,0.0,0.0
240847,2025-12-31T00:00:00.000000000,3.3579999999999997,2.8649999999999998,0.0,0.0,0.0,0.0
240847,2025-12-31T01:00:00.000000000,3.554,2.8669999999999995,0.0,0.0,0.0,0.0
240847,2025-12-31T02:00:00.000000000,3.936,3.045,0.0,0.0,0.0,0.0
240847,2025-12-31T03:00:00.000000000,3.957,3.213,0.0,0.0,0.0,0.0
240847,2025-12-31T04:00:00.000000000,3.9379999999999997,3.436,0.0,0.0,0.0,0.0
240847,2025-12-31T05:00:00.000000000,3.921,3.422,0.0,0.0,0.0,0.0
240847,2025-12-31T06:00:00.000000000,4.106999999999999,3.596,0.0,0.0,0.0,0.0
240847,2025-12-31T07:00:00.000000000,4.502000000000001,3.697,0.0,0.0,0.0,0.0
240847,2025-12-31T08:00:00.000000000,4.470000000000001,3.477,0.0,0.0,0.0,0.0
240847,2025-12-31T09:00:00.000000000,3.776,2.9579999999999997,0.0,0.0,0.0,0.0
240847,2025-12-31T10:00:00.000000000,3.031,2.558,0.0,0.0,0.0,0.0
240847,2025-12-31T11:00:00.000000000,2.5140000000000002,2.06,0.0,0.0,0.0,0.0
240847,2025-12-31T12:00:00.000000000,2.052,1.605,0.0,0.0,0.0,0.0
240847,2025-12-31T13:00:00.000000000,1.773,1.3250000000000002,0.0,0.0,0.0,0.0
240847,2025-12-31T14:00:00.000000000,1.8960000000000001,1.244,0.0,0.0,0.0,0.0
240847,2025-12-31T15:00:00.000000000,2.0500000000000003,1.268,0.0,0.0,0.0,0.0
240847,2025-12-31T16:00:00.000000000,2.0140000000000002,1.563,0.0,0.0,0.0,0.0
240847,2025-12-31T17:00:00.000000000,2.447,1.96,0.0,0.0,0.0,0.0
240847,2025-12-31T18:00:00.000000000,2.5869999999999997,2.106,0.0,0.0,0.0,0.0
240847,2025-12-31T19:00:00.000000000,2.894,2.269,0.0,0.0,0.0,0.0
240847,2025-12-31T20:00:00.000000000,3.373,2.378,0.0,0.0,0.0,0.0
240847,2025-12-31T21:00:00.000000000,3.4269999999999996,2.5,0.0,0.0,0.0,0.0
240847,2025-12-31T22:00:00.000000000,3.646,2.6719999999999997,0.0,0.0,0.0,0.0
240847,2025-12-31T23:00:00.000000000,3.859,2.9530000000000003,0.0,0.0,0.0,0.0
